800 19933 -18 22
0 296 -2
0 621 -2
0 158 -2
0 470 -2
0 720 -2
0 664 2
0 233 2
0 772 -2
0 47 2
0 655 -2
0 153 2
0 330 -2
0 567 2
0 576 2
0 791 -2
0 514 2
0 556 2
0 473 2
0 65 -2
0 433 2
0 288 -2
0 750 2
0 393 -2
0 253 2
0 205 2
0 162 2
0 384 2
0 179 2
0 52 2
0 199 -2
0 421 -2
0 344 -2
0 624 2
0 169 2
0 657 2
0 429 2
0 69 2
0 404 -2
0 439 -2
0 363 2
1 354 -2
1 28 2
1 52 -2
1 271 -2
1 726 -2
1 564 2
1 732 2
1 776 2
1 150 -2
1 649 -2
1 155 -2
1 59 -2
1 6 -2
1 45 2
1 326 2
1 34 -2
1 83 2
1 466 -2
1 706 2
1 613 -2
1 247 -2
1 380 2
1 434 -2
1 227 -2
1 238 2
1 597 -2
1 36 2
1 32 2
1 439 -2
1 294 -2
1 359 2
1 505 2
1 781 2
1 30 -2
1 304 -2
1 467 2
1 782 -2
1 393 -2
1 662 2
1 550 -2
1 98 2
1 657 -2
1 56 2
1 750 -2
1 557 2
1 501 -2
1 176 -2
1 203 2
1 645 2
1 428 2
1 377 2
2 355 -2
2 733 2
2 384 -2
2 531 -2
2 612 -2
2 138 -2
2 108 -2
2 57 2
2 723 2
2 425 2
2 696 -2
2 238 -2
2 207 2
2 588 -2
2 204 2
2 458 -2
2 784 2
2 685 2
2 153 2
2 443 -2
2 537 -2
2 416 2
2 318 2
2 135 2
2 263 -2
2 281 -2
2 477 -2
2 716 -2
2 76 -2
2 607 -2
2 84 -2
2 502 2
2 552 -2
2 22 -2
2 117 2
2 214 -2
2 60 2
2 193 2
2 97 -2
2 487 -2
2 201 2
2 93 2
2 528 -2
2 54 -2
2 407 2
2 677 2
2 373 -2
2 505 2
2 99 -2
3 489 2
3 243 -2
3 398 -2
3 241 2
3 252 -2
3 53 2
3 586 -2
3 721 -2
3 536 -2
3 671 -2
3 232 2
3 473 -2
3 573 2
3 708 -2
3 668 2
3 747 2
3 122 2
3 260 2
3 530 -2
3 428 -2
3 505 2
3 534 2
3 441 2
3 640 2
3 718 -2
3 354 2
3 724 -2
3 670 2
3 170 -2
3 440 -2
3 739 -2
3 602 -2
3 556 -2
3 360 -2
3 358 -2
3 246 2
3 642 -2
3 108 2
3 603 -2
3 432 -2
3 54 2
3 439 2
3 768 2
3 196 -2
3 46 2
3 295 2
3 545 -2
3 494 2
3 623 2
3 772 2
3 575 -2
3 492 -2
3 579 2
3 528 2
3 576 -2
3 27 -2
3 139 -2
3 271 -2
3 277 -2
3 465 2
3 751 -2
3 126 -2
3 515 -2
3 239 -2
3 611 -2
3 433 2
4 424 -2
4 780 2
4 693 2
4 293 2
4 299 2
4 123 -2
4 622 2
4 200 2
4 653 2
4 539 2
4 355 2
4 541 -2
4 759 -2
4 132 2
4 220 -2
4 190 2
4 707 2
4 17 2
4 454 2
4 24 2
4 542 -2
4 36 2
4 336 -2
4 40 2
4 688 -2
4 509 -2
4 102 2
4 343 -2
4 381 -2
4 286 2
4 295 -2
4 452 -2
4 243 2
4 174 2
4 468 -2
4 518 2
4 457 -2
4 288 2
4 555 2
4 47 2
4 12 -2
4 500 2
4 327 2
4 353 2
4 387 -2
4 162 2
4 377 -2
4 366 2
4 462 2
4 312 -2
5 524 -2
5 410 -2
5 84 -2
5 40 -2
5 745 2
5 617 2
5 509 2
5 726 -2
5 190 2
5 651 2
5 451 2
5 184 -2
5 20 -2
5 716 2
5 679 -2
5 351 -2
5 67 -2
5 297 2
5 421 -2
5 120 2
5 457 -2
5 114 -2
5 486 -2
5 145 2
5 448 2
5 180 2
5 683 -2
5 550 2
5 103 2
5 192 -2
5 537 2
5 768 -2
5 157 -2
5 629 2
5 52 2
5 252 -2
5 96 2
5 255 -2
5 567 -2
5 694 2
5 112 -2
5 95 -2
5 570 2
6 50 2
6 598 2
6 335 2
6 735 2
6 168 -2
6 385 -2
6 106 2
6 235 2
6 24 2
6 425 -2
6 537 -2
6 357 2
6 629 2
6 224 -2
6 455 2
6 478 -2
6 672 -2
6 111 2
6 386 2
6 526 2
6 284 2
6 563 2
6 546 -2
6 295 -2
6 43 -2
6 788 -2
6 362 2
6 431 -2
6 758 2
6 331 2
6 373 2
6 22 2
6 194 2
6 606 -2
6 262 -2
6 588 -2
6 189 -2
6 538 -2
6 626 -2
6 439 -2
6 74 2
6 54 -2
6 221 2
6 543 -2
6 742 2
6 183 -2
6 619 -2
6 134 2
6 170 -2
6 293 -2
6 780 2
6 322 -2
6 279 -2
6 202 2
7 64 2
7 68 -2
7 464 2
7 140 -2
7 393 -2
7 142 2
7 366 2
7 799 2
7 213 -2
7 530 2
7 515 -2
7 346 -2
7 687 -2
7 224 -2
7 329 2
7 748 2
7 508 2
7 449 2
7 418 2
7 364 -2
7 696 2
7 144 2
7 746 -2
7 368 2
7 514 -2
7 794 2
7 216 -2
7 475 2
7 659 2
7 720 2
7 509 2
7 343 2
7 513 -2
7 46 -2
7 359 -2
7 467 2
7 420 -2
7 175 2
7 576 -2
7 252 2
7 591 -2
7 336 2
8 559 -2
8 529 2
8 770 -2
8 156 -2
8 198 2
8 54 2
8 38 2
8 70 2
8 312 2
8 307 -2
8 469 -2
8 173 -2
8 768 -2
8 352 -2
8 423 2
8 630 2
8 418 -2
8 290 2
8 713 -2
8 360 2
8 747 -2
8 654 2
8 650 -2
8 317 -2
8 386 -2
8 90 -2
8 482 -2
8 217 2
8 138 2
8 203 2
8 683 -2
8 39 2
8 215 2
8 467 2
8 549 -2
8 613 -2
8 42 2
8 400 2
8 500 2
8 483 -2
8 30 -2
8 113 2
8 667 2
8 250 -2
8 409 2
8 460 2
9 24 -2
9 239 -2
9 233 2
9 12 2
9 115 -2
9 383 2
9 470 -2
9 212 -2
9 193 2
9 440 2
9 157 2
9 792 2
9 48 2
9 420 2
9 240 -2
9 242 -2
9 431 -2
9 143 2
9 144 2
9 151 -2
9 18 2
9 199 -2
9 529 -2
9 694 2
9 253 -2
9 203 -2
9 687 -2
9 66 2
9 183 2
9 678 2
9 616 2
9 252 -2
9 221 -2
9 104 2
9 391 -2
9 56 2
9 485 2
9 567 -2
9 696 2
10 233 2
10 367 2
10 77 -2
10 96 2
10 549 -2
10 772 2
10 470 -2
10 439 -2
10 48 -2
10 43 2
10 719 -2
10 25 2
10 700 2
10 334 -2
10 181 2
10 575 -2
10 389 -2
10 26 2
10 365 -2
10 415 -2
10 530 2
10 295 2
10 155 -2
10 747 -2
10 485 2
10 405 2
10 776 -2
10 589 -2
10 784 2
10 471 2
10 464 2
10 123 -2
10 578 -2
10 278 -2
10 632 2
10 351 2
10 280 2
10 673 -2
10 259 -2
10 488 2
10 85 -2
10 791 2
10 375 2
11 407 2
11 58 2
11 661 -2
11 492 -2
11 336 -2
11 416 -2
11 742 -2
11 693 2
11 396 2
11 104 -2
11 75 -2
11 395 2
11 753 -2
11 747 -2
11 463 2
11 337 -2
11 144 2
11 250 -2
11 211 -2
11 267 -2
11 206 -2
11 438 -2
11 514 2
11 585 2
11 15 -2
11 261 -2
11 142 2
11 17 2
11 770 -2
11 431 -2
11 490 2
11 100 -2
11 260 -2
11 663 -2
11 780 -2
11 125 -2
11 228 -2
11 705 2
11 600 2
11 791 -2
11 458 -2
11 306 2
11 553 -2
11 282 2
11 63 2
11 356 2
11 348 2
12 792 2
12 692 -2
12 110 2
12 342 -2
12 222 2
12 770 -2
12 573 2
12 391 2
12 175 -2
12 74 2
12 684 2
12 279 -2
12 450 -2
12 197 2
12 688 -2
12 556 2
12 141 -2
12 752 2
12 226 -2
12 439 2
12 201 2
12 764 2
12 422 2
12 158 -2
12 778 -2
12 360 2
12 61 2
12 147 -2
12 225 -2
12 449 -2
12 657 -2
12 605 -2
12 117 2
12 278 -2
12 652 -2
12 498 2
12 427 2
12 784 -2
12 60 2
12 696 2
12 468 -2
12 599 -2
12 576 2
12 395 -2
12 315 2
13 732 -2
13 722 -2
13 345 -2
13 350 2
13 205 2
13 313 2
13 749 -2
13 355 2
13 465 2
13 134 2
13 339 2
13 48 -2
13 395 -2
13 18 2
13 56 -2
13 183 2
13 549 -2
13 302 -2
13 564 2
13 652 -2
13 741 -2
13 657 2
13 365 -2
13 724 2
13 159 2
13 606 2
13 352 -2
13 487 2
13 740 -2
13 594 2
13 363 2
13 224 -2
13 490 -2
13 98 -2
13 206 -2
13 603 -2
13 241 2
13 66 2
13 214 2
13 96 2
13 471 2
13 95 2
13 599 2
13 579 2
13 288 -2
13 41 2
13 443 -2
13 731 -2
13 758 2
13 676 2
13 385 2
14 431 -2
14 155 2
14 602 2
14 314 -2
14 730 -2
14 793 -2
14 97 -2
14 649 -2
14 181 -2
14 284 -2
14 88 -2
14 68 2
14 726 2
14 558 2
14 129 -2
14 80 2
14 110 -2
14 189 -2
14 783 -2
14 575 2
14 647 -2
14 691 -2
14 743 -2
14 736 2
14 512 -2
14 534 -2
14 82 2
14 499 2
14 84 -2
14 370 -2
14 785 -2
14 615 2
14 161 2
14 614 2
14 193 -2
14 153 -2
14 682 -2
14 352 -2
14 510 2
14 108 2
14 467 -2
14 750 2
14 33 -2
14 739 -2
14 206 -2
14 396 -2
14 154 2
14 659 2
14 190 2
15 480 -2
15 227 -2
15 388 2
15 96 2
15 453 2
15 329 2
15 636 -2
15 411 -2
15 703 -2
15 425 2
15 359 2
15 83 2
15 268 2
15 363 2
15 101 -2
15 460 -2
15 783 -2
15 106 2
15 75 2
15 625 2
15 275 2
15 759 -2
15 152 -2
15 233 2
15 379 2
15 234 -2
15 119 2
15 780 -2
15 606 -2
15 72 -2
15 689 -2
15 618 2
15 615 2
15 190 2
15 427 2
15 215 2
15 706 2
15 514 2
15 399 -2
15 117 -2
15 69 -2
15 620 -2
15 612 -2
15 557 -2
15 698 2
16 354 2
16 678 -2
16 553 2
16 664 2
16 247 2
16 318 2
16 138 -2
16 654 -2
16 304 2
16 426 2
16 362 2
16 84 -2
16 634 -2
16 715 -2
16 411 2
16 761 -2
16 212 2
16 666 2
16 29 2
16 276 2
16 28 2
16 484 2
16 32 2
16 785 -2
16 637 -2
16 695 -2
16 737 2
16 490 -2
16 799 -2
16 493 -2
16 335 2
16 53 2
16 224 -2
16 407 -2
16 584 2
16 82 -2
17 426 2
17 493 2
17 231 -2
17 509 2
17 112 2
17 663 2
17 551 2
17 332 -2
17 475 -2
17 799 -2
17 290 -2
17 606 2
17 85 -2
17 120 -2
17 783 2
17 57 2
17 335 2
17 667 2
17 546 -2
17 93 2
17 591 -2
17 572 2
17 634 -2
17 20 -2
17 733 -2
17 714 2
17 237 -2
17 533 2
17 476 2
17 414 -2
17 666 -2
17 77 2
17 792 2
17 29 -2
17 641 -2
17 735 2
17 184 2
17 372 -2
17 362 2
17 619 2
17 640 -2
17 532 2
18 34 -2
18 540 2
18 551 2
18 41 2
18 438 -2
18 95 -2
18 161 -2
18 483 2
18 394 -2
18 444 -2
18 201 -2
18 547 2
18 771 -2
18 509 2
18 555 2
18 38 2
18 654 -2
18 248 -2
18 669 -2
18 350 2
18 521 -2
18 28 -2
18 698 2
18 617 -2
18 341 -2
18 83 2
18 499 2
18 399 -2
18 362 -2
18 537 -2
18 234 -2
18 249 -2
18 280 2
18 653 -2
18 798 -2
18 107 -2
18 348 -2
18 477 -2
18 776 -2
18 323 2
19 708 2
19 585 -2
19 567 2
19 248 -2
19 600 -2
19 454 2
19 593 -2
19 85 2
19 288 -2
19 235 2
19 204 2
19 649 -2
19 269 -2
19 538 2
19 40 2
19 568 2
19 457 2
19 659 -2
19 491 -2
19 762 2
19 652 -2
19 214 2
19 750 2
19 501 -2
19 759 2
19 198 2
19 549 2
19 648 -2
19 711 2
19 127 -2
19 635 -2
19 740 2
19 273 2
20 369 -2
20 241 2
20 219 2
20 548 2
20 543 2
20 138 -2
20 451 2
20 730 -2
20 140 2
20 337 2
20 141 2
20 148 -2
20 396 2
20 471 -2
20 381 -2
20 634 2
20 245 2
20 727 -2
20 447 -2
20 488 -2
20 602 2
20 775 2
20 292 2
20 702 -2
20 682 2
20 81 -2
20 61 -2
20 73 2
20 477 2
20 293 -2
20 401 2
20 195 -2
20 319 -2
20 234 2
20 559 -2
20 262 -2
20 758 -2
20 82 -2
20 75 -2
20 287 -2
20 33 2
20 423 -2
20 375 2
20 493 2
20 420 -2
20 713 2
20 289 -2
21 471 -2
21 110 -2
21 523 -2
21 138 -2
21 446 -2
21 553 2
21 97 2
21 691 2
21 40 2
21 195 2
21 174 2
21 529 -2
21 367 2
21 570 2
21 115 2
21 609 2
21 39 -2
21 316 2
21 580 2
21 62 2
21 420 -2
21 230 2
21 122 2
21 246 2
21 463 2
21 490 2
21 119 -2
21 315 2
21 60 -2
21 632 2
21 135 -2
21 156 -2
21 160 -2
21 484 2
21 610 -2
21 98 2
21 44 -2
21 302 2
21 491 -2
21 443 -2
21 326 2
21 201 -2
21 746 2
21 462 -2
21 464 2
22 336 -2
22 201 2
22 794 -2
22 416 2
22 456 2
22 178 -2
22 621 2
22 535 2
22 681 -2
22 488 2
22 153 -2
22 527 2
22 273 2
22 669 -2
22 382 -2
22 285 2
22 386 2
22 513 2
22 306 -2
22 78 2
22 629 2
22 486 2
22 28 -2
22 775 2
22 566 -2
22 781 2
22 738 -2
22 406 -2
22 343 2
22 297 2
22 524 -2
22 110 2
22 776 2
22 644 2
22 587 -2
22 426 2
22 496 2
22 132 -2
22 747 -2
23 348 -2
23 729 -2
23 347 2
23 173 2
23 284 2
23 675 2
23 121 -2
23 631 2
23 728 2
23 177 2
23 508 -2
23 504 2
23 149 2
23 614 2
23 270 -2
23 94 2
23 549 -2
23 33 -2
23 307 2
23 486 2
23 191 2
23 115 2
23 626 -2
23 245 -2
23 736 -2
23 399 -2
23 411 2
23 753 2
23 170 -2
23 248 2
23 92 2
23 684 2
23 99 -2
23 316 2
23 222 -2
23 489 -2
23 765 2
23 590 -2
23 52 -2
23 705 -2
23 536 -2
23 395 2
23 294 2
24 512 -2
24 305 -2
24 614 2
24 604 2
24 447 2
24 167 -2
24 40 2
24 150 2
24 474 -2
24 338 2
24 246 2
24 151 2
24 657 -2
24 346 2
24 427 -2
24 337 2
24 220 2
24 709 2
24 570 -2
24 778 -2
24 420 -2
24 140 2
24 216 2
24 313 -2
24 688 2
24 484 2
24 727 2
24 795 -2
24 278 2
24 394 2
24 286 2
24 477 -2
24 507 -2
24 467 -2
24 184 -2
24 401 2
24 669 -2
24 571 -2
24 546 2
24 757 -2
24 26 -2
24 160 -2
24 738 -2
24 378 2
24 619 2
24 34 -2
24 97 2
24 297 2
24 754 -2
24 400 -2
24 56 2
24 426 2
25 250 2
25 346 2
25 168 -2
25 620 2
25 482 2
25 407 2
25 694 -2
25 722 2
25 507 -2
25 362 -2
25 447 -2
25 436 2
25 64 -2
25 750 2
25 149 2
25 691 -2
25 731 2
25 333 2
25 110 -2
25 669 2
25 113 -2
25 384 -2
25 201 2
25 72 -2
25 111 2
25 616 2
25 484 -2
25 241 -2
25 561 2
25 216 -2
25 251 2
25 502 2
25 446 2
25 233 2
25 758 -2
25 515 -2
25 761 -2
25 559 -2
25 376 2
25 393 2
25 685 2
25 725 2
25 46 2
25 248 -2
25 341 2
25 104 -2
26 546 2
26 65 -2
26 130 -2
26 606 -2
26 785 -2
26 103 2
26 498 -2
26 466 2
26 623 2
26 505 -2
26 674 -2
26 646 -2
26 421 -2
26 602 -2
26 645 -2
26 683 -2
26 362 -2
26 791 2
26 407 2
26 219 -2
26 457 2
26 625 -2
26 128 2
26 175 -2
26 531 -2
26 442 2
26 228 -2
26 722 -2
26 190 2
26 480 -2
26 396 2
26 527 2
26 684 -2
26 397 -2
26 357 2
26 133 2
26 451 2
26 676 2
26 323 -2
26 570 -2
26 411 -2
26 759 -2
26 205 2
26 582 -2
26 604 2
26 730 -2
26 771 2
26 142 -2
26 61 2
27 734 2
27 538 2
27 91 -2
27 299 -2
27 505 -2
27 540 2
27 613 -2
27 40 -2
27 434 2
27 531 -2
27 378 2
27 469 2
27 736 -2
27 371 -2
27 500 2
27 159 2
27 35 2
27 158 -2
27 57 -2
27 203 2
27 757 -2
27 59 2
27 134 2
27 104 -2
27 152 -2
27 176 -2
27 151 2
27 512 -2
27 34 2
27 484 2
27 530 2
27 283 -2
27 562 2
27 687 -2
27 717 2
27 770 -2
27 392 2
27 209 2
27 33 2
27 436 2
27 615 2
27 245 2
27 586 -2
28 787 -2
28 560 2
28 660 2
28 616 2
28 389 -2
28 639 -2
28 199 2
28 507 2
28 473 -2
28 354 -2
28 51 2
28 111 2
28 628 -2
28 697 2
28 731 -2
28 64 -2
28 466 -2
28 331 -2
28 324 -2
28 458 2
28 248 2
28 312 -2
28 738 -2
28 358 2
28 118 2
28 47 2
28 287 2
28 141 2
28 57 -2
28 436 2
28 350 2
28 77 -2
28 574 -2
28 421 2
28 381 2
28 66 -2
28 236 2
28 272 -2
28 454 -2
28 308 -2
28 396 -2
28 618 2
28 581 -2
28 643 2
28 216 2
28 485 2
28 683 2
28 417 -2
28 321 2
29 52 -2
29 586 2
29 764 2
29 100 2
29 82 -2
29 233 2
29 534 -2
29 342 2
29 151 2
29 145 2
29 414 2
29 224 -2
29 450 -2
29 588 2
29 420 2
29 147 -2
29 300 2
29 361 2
29 146 2
29 347 -2
29 569 2
29 409 -2
29 483 -2
29 204 -2
29 322 2
29 762 -2
29 319 -2
29 580 -2
29 176 2
29 626 2
29 679 -2
29 259 -2
29 385 -2
29 742 -2
29 42 2
29 754 -2
29 230 2
29 730 -2
29 266 2
29 518 -2
29 251 -2
29 287 -2
29 632 2
29 211 2
29 761 2
29 53 -2
29 250 -2
29 254 -2
30 538 2
30 254 2
30 199 -2
30 140 -2
30 178 -2
30 696 -2
30 331 -2
30 145 2
30 307 2
30 202 -2
30 40 -2
30 698 -2
30 396 -2
30 602 2
30 267 2
30 111 -2
30 352 -2
30 157 2
30 718 -2
30 174 -2
30 713 2
30 571 2
30 116 2
30 212 -2
30 758 -2
30 86 -2
30 658 2
30 665 2
30 83 2
30 318 -2
30 793 2
30 452 2
30 365 -2
30 654 2
30 413 2
30 339 -2
30 34 2
30 162 2
30 530 -2
30 383 2
30 739 2
30 469 -2
30 605 -2
30 268 -2
30 426 -2
30 209 -2
30 101 2
31 355 2
31 683 2
31 148 2
31 536 2
31 615 -2
31 687 2
31 506 -2
31 422 2
31 797 -2
31 534 -2
31 233 -2
31 33 -2
31 575 2
31 649 2
31 721 -2
31 761 -2
31 792 2
31 557 2
31 514 2
31 673 -2
31 621 2
31 518 -2
31 342 -2
31 86 -2
31 369 2
31 712 2
31 287 -2
31 703 -2
31 262 -2
31 519 -2
31 425 -2
31 254 2
31 731 -2
31 410 2
31 772 -2
31 782 -2
31 492 2
31 268 2
31 288 -2
31 434 2
31 599 -2
31 135 2
31 629 2
32 482 -2
32 43 2
32 359 2
32 220 2
32 210 -2
32 382 2
32 246 -2
32 120 -2
32 598 -2
32 412 2
32 97 2
32 60 2
32 131 2
32 774 -2
32 161 2
32 367 2
32 188 2
32 455 -2
32 402 2
32 644 2
32 122 -2
32 687 -2
32 129 2
32 174 2
32 280 -2
32 566 2
32 247 -2
32 53 2
32 348 -2
32 150 -2
32 344 -2
32 701 2
32 631 2
32 492 2
32 75 2
32 447 2
32 589 2
32 612 -2
32 218 -2
32 268 2
33 199 2
33 275 2
33 564 2
33 382 2
33 698 2
33 664 -2
33 553 2
33 503 2
33 771 2
33 570 -2
33 92 -2
33 587 2
33 788 2
33 583 2
33 768 2
33 683 2
33 209 -2
33 774 2
33 263 2
33 142 2
33 81 -2
33 68 2
33 196 -2
33 504 2
33 568 2
33 95 2
33 132 2
33 517 -2
33 292 2
33 161 2
33 372 2
33 571 2
33 401 -2
33 599 2
33 761 -2
33 180 -2
33 339 2
33 49 -2
33 592 -2
33 177 -2
33 220 2
33 567 2
33 482 2
33 773 -2
34 698 -2
34 622 -2
34 584 -2
34 332 -2
34 558 -2
34 687 2
34 203 -2
34 387 2
34 236 2
34 119 2
34 597 2
34 115 2
34 464 2
34 469 2
34 441 -2
34 223 -2
34 619 2
34 432 2
34 761 2
34 418 -2
34 413 -2
34 133 2
34 183 -2
34 406 -2
34 174 -2
34 623 -2
34 665 2
34 224 2
34 483 2
34 376 -2
34 582 2
34 38 -2
34 538 2
34 294 2
34 258 -2
34 97 -2
34 296 -2
34 659 -2
34 184 2
34 798 2
34 444 2
34 737 -2
34 452 -2
34 488 2
34 238 -2
34 630 2
34 560 2
34 251 2
34 267 -2
34 220 -2
34 512 -2
34 75 -2
34 170 2
34 546 -2
34 358 -2
34 610 -2
34 549 -2
34 215 2
34 506 -2
35 415 -2
35 334 -2
35 149 2
35 255 2
35 737 -2
35 480 -2
35 191 2
35 331 2
35 196 -2
35 740 2
35 777 -2
35 483 -2
35 757 2
35 63 -2
35 753 -2
35 747 -2
35 320 2
35 422 -2
35 669 2
35 222 -2
35 754 -2
35 211 -2
35 496 2
35 595 -2
35 293 -2
35 49 2
35 322 2
35 112 -2
35 665 2
35 95 2
35 339 -2
35 303 -2
35 427 2
35 780 -2
35 738 -2
35 122 -2
35 259 -2
35 131 2
36 681 2
36 751 -2
36 520 2
36 622 2
36 452 2
36 514 -2
36 510 -2
36 383 -2
36 263 -2
36 522 2
36 396 -2
36 620 -2
36 136 2
36 317 -2
36 688 -2
36 646 -2
36 673 -2
36 532 2
36 747 2
36 178 -2
36 285 2
36 161 2
36 684 -2
36 600 2
36 349 2
36 354 2
36 519 -2
36 381 2
36 480 -2
36 415 2
36 711 -2
36 155 -2
36 131 -2
36 512 2
36 38 2
36 469 -2
36 504 2
36 764 -2
36 78 -2
37 96 2
37 328 -2
37 447 2
37 597 2
37 288 2
37 696 -2
37 282 2
37 191 -2
37 355 -2
37 546 -2
37 410 2
37 525 2
37 202 2
37 395 -2
37 374 -2
37 757 -2
37 273 -2
37 504 -2
37 643 -2
37 449 2
37 332 2
37 710 2
37 364 2
37 644 2
37 189 2
37 433 -2
37 201 2
37 418 2
37 284 -2
37 271 -2
37 427 -2
37 778 2
37 314 2
37 484 -2
37 667 -2
38 643 -2
38 277 2
38 605 -2
38 392 -2
38 639 2
38 452 -2
38 727 2
38 499 2
38 376 2
38 711 2
38 282 2
38 553 2
38 721 2
38 110 2
38 707 2
38 394 2
38 234 2
38 799 2
38 90 -2
38 524 -2
38 202 2
38 750 2
38 796 2
38 230 2
38 513 -2
38 462 -2
38 684 2
38 380 -2
38 797 -2
38 371 2
38 59 -2
38 287 2
38 551 -2
38 445 2
38 419 -2
38 537 2
38 222 2
38 240 2
38 458 -2
38 187 -2
38 369 2
38 302 -2
38 181 -2
38 224 2
38 771 -2
38 777 -2
38 450 2
38 694 -2
39 246 -2
39 131 2
39 86 2
39 532 2
39 450 -2
39 696 -2
39 75 -2
39 590 -2
39 312 2
39 252 2
39 650 2
39 70 -2
39 99 2
39 654 2
39 385 -2
39 778 -2
39 383 -2
39 488 2
39 337 2
39 355 -2
39 331 2
39 389 -2
39 123 -2
39 686 2
39 554 -2
39 495 2
39 449 2
39 494 -2
39 793 2
39 546 -2
39 67 -2
39 422 -2
39 143 -2
39 695 2
39 361 2
39 184 2
39 786 2
39 545 -2
39 120 2
39 519 2
39 118 2
39 238 -2
39 638 -2
39 286 2
39 767 -2
39 460 2
39 587 2
40 491 -2
40 252 2
40 222 2
40 501 2
40 499 -2
40 67 2
40 185 -2
40 354 2
40 618 -2
40 711 -2
40 137 2
40 162 2
40 795 2
40 267 2
40 764 -2
40 691 -2
40 464 -2
40 517 2
40 560 2
40 373 2
40 305 -2
40 596 2
40 72 2
40 401 -2
40 83 -2
40 341 -2
40 509 2
40 391 -2
40 422 -2
40 743 2
40 694 2
40 242 2
40 663 -2
40 93 2
40 577 -2
40 210 -2
40 456 2
40 153 2
40 76 -2
40 331 -2
40 209 2
40 270 -2
40 349 -2
40 664 2
40 525 2
41 239 -2
41 568 2
41 442 -2
41 701 -2
41 754 2
41 179 -2
41 503 -2
41 614 2
41 242 2
41 237 2
41 606 -2
41 163 -2
41 721 2
41 250 2
41 420 -2
41 147 -2
41 437 -2
41 368 -2
41 490 -2
41 243 -2
41 517 -2
41 541 2
41 776 2
41 326 -2
41 251 2
41 605 -2
41 340 2
41 234 -2
41 787 -2
41 785 2
41 642 -2
41 485 2
41 578 -2
41 228 -2
41 405 2
41 466 -2
41 342 -2
41 531 -2
41 455 -2
41 288 2
41 260 -2
41 130 2
41 712 -2
41 275 -2
41 738 2
41 57 -2
41 76 -2
41 523 2
41 441 2
41 475 -2
41 191 2
41 607 2
41 671 2
41 254 -2
41 691 -2
41 788 -2
42 787 2
42 255 -2
42 90 2
42 415 -2
42 532 2
42 530 -2
42 738 -2
42 449 -2
42 497 2
42 132 -2
42 56 -2
42 217 2
42 543 2
42 711 2
42 481 2
42 356 2
42 237 -2
42 267 -2
42 244 2
42 661 -2
42 276 2
42 116 2
42 82 2
42 467 -2
42 127 -2
42 364 -2
42 331 2
42 311 -2
42 472 -2
42 410 -2
42 741 -2
42 229 2
42 538 2
42 691 -2
42 250 -2
42 778 -2
42 496 -2
42 247 2
42 789 2
42 165 2
42 450 -2
42 409 -2
42 735 2
42 209 -2
42 213 -2
42 402 -2
42 325 2
42 580 2
42 343 -2
42 474 2
42 672 2
42 650 -2
42 517 2
42 256 -2
42 656 2
43 285 2
43 93 2
43 236 2
43 68 -2
43 594 -2
43 675 -2
43 57 2
43 159 -2
43 538 2
43 283 2
43 429 -2
43 378 2
43 254 2
43 369 2
43 379 2
43 470 -2
43 169 2
43 799 -2
43 489 2
43 452 2
43 728 -2
43 85 -2
43 666 2
43 95 2
43 375 -2
43 122 -2
43 333 -2
43 278 2
43 605 -2
43 711 2
43 200 2
43 478 -2
43 297 -2
43 228 -2
43 171 -2
43 524 -2
43 335 -2
43 772 -2
43 447 -2
44 197 2
44 138 2
44 150 -2
44 51 -2
44 111 2
44 758 2
44 691 2
44 572 -2
44 588 2
44 201 -2
44 82 -2
44 358 2
44 349 2
44 370 -2
44 617 2
44 667 2
44 688 2
44 678 2
44 784 -2
44 458 -2
44 218 -2
44 774 -2
44 162 2
44 448 2
44 120 -2
44 595 2
44 408 -2
44 638 2
44 246 -2
44 453 2
44 507 -2
44 616 2
44 619 2
44 672 -2
44 323 -2
44 395 2
44 387 -2
44 212 -2
44 199 2
44 703 2
44 548 -2
44 600 2
44 306 -2
44 54 -2
44 492 -2
44 233 2
44 341 2
44 796 2
44 286 2
44 271 -2
44 319 2
44 460 -2
45 441 2
45 506 -2
45 757 2
45 411 2
45 176 -2
45 443 -2
45 376 2
45 708 -2
45 459 -2
45 234 -2
45 76 -2
45 466 -2
45 531 -2
45 778 2
45 194 -2
45 458 2
45 387 -2
45 791 -2
45 357 -2
45 456 2
45 287 2
45 400 -2
45 308 2
45 656 -2
45 249 2
45 169 -2
45 782 2
45 168 -2
45 724 2
45 745 -2
45 705 2
45 84 2
45 437 -2
45 768 2
45 368 2
45 142 -2
45 98 2
45 783 -2
45 568 2
45 88 2
45 549 -2
45 520 -2
45 317 -2
45 385 -2
45 588 -2
45 96 2
45 91 2
45 241 -2
46 516 -2
46 627 -2
46 650 -2
46 239 2
46 640 -2
46 775 -2
46 552 -2
46 140 2
46 746 2
46 503 2
46 60 -2
46 536 2
46 483 2
46 709 -2
46 731 -2
46 733 2
46 356 -2
46 704 2
46 138 2
46 79 -2
46 767 2
46 629 2
46 266 2
46 641 -2
46 276 2
46 170 2
46 269 2
46 389 -2
46 732 -2
46 351 2
46 501 -2
46 585 -2
46 798 2
46 533 -2
46 232 2
46 527 2
46 405 2
46 475 2
46 61 -2
46 167 -2
46 322 -2
46 200 2
46 312 -2
46 602 2
46 680 2
46 565 -2
46 541 -2
46 398 2
46 62 -2
46 378 2
46 699 2
46 407 2
46 310 2
46 59 2
46 340 -2
46 230 2
46 540 2
46 692 2
47 734 2
47 720 2
47 312 -2
47 192 -2
47 401 2
47 364 -2
47 119 2
47 771 -2
47 251 -2
47 719 -2
47 313 2
47 177 2
47 612 2
47 108 2
47 99 -2
47 115 2
47 245 2
47 484 2
47 154 -2
47 106 -2
47 266 -2
47 482 2
47 452 2
47 741 2
47 778 -2
47 700 2
47 400 -2
47 556 -2
47 586 -2
47 776 2
47 85 -2
47 504 -2
47 57 2
47 161 2
47 118 2
47 336 -2
47 167 -2
47 537 -2
47 291 -2
47 420 -2
47 354 -2
47 49 2
48 467 2
48 626 2
48 278 -2
48 587 2
48 511 -2
48 220 2
48 537 2
48 669 2
48 215 2
48 477 2
48 165 -2
48 152 2
48 415 2
48 534 -2
48 706 2
48 480 2
48 598 -2
48 99 -2
48 563 -2
48 664 -2
48 635 2
48 758 -2
48 794 2
48 277 -2
48 370 2
48 444 2
48 208 2
48 412 2
48 612 2
48 181 -2
48 530 -2
48 317 -2
48 789 -2
48 334 2
48 356 2
48 98 -2
48 445 -2
48 229 2
48 233 -2
48 205 2
48 315 -2
49 596 2
49 673 -2
49 792 2
49 749 2
49 595 -2
49 235 2
49 301 -2
49 798 2
49 261 2
49 347 -2
49 556 -2
49 210 2
49 797 2
49 470 -2
49 748 -2
49 425 -2
49 206 2
49 522 -2
49 585 2
49 188 2
49 562 -2
49 705 -2
49 126 -2
49 468 -2
49 632 -2
49 706 2
49 92 -2
49 257 -2
49 586 -2
49 532 2
49 329 2
49 520 2
50 172 2
50 780 -2
50 518 -2
50 583 2
50 788 2
50 462 2
50 57 2
50 636 2
50 377 2
50 170 2
50 519 2
50 336 -2
50 247 2
50 739 2
50 752 2
50 129 2
50 221 -2
50 648 -2
50 631 2
50 80 -2
50 178 2
50 77 -2
50 225 2
50 616 2
50 654 2
50 440 -2
50 774 2
50 483 2
50 565 -2
50 98 -2
50 320 2
50 491 -2
50 447 -2
50 677 2
50 229 2
50 551 2
50 626 2
50 664 -2
50 641 -2
50 473 -2
50 327 2
50 150 2
50 339 -2
50 679 2
50 487 2
50 245 2
50 168 -2
50 489 -2
50 171 -2
50 782 -2
51 414 -2
51 447 2
51 115 2
51 421 -2
51 403 -2
51 735 2
51 799 -2
51 782 2
51 91 -2
51 228 -2
51 134 2
51 695 -2
51 604 -2
51 79 2
51 658 2
51 646 -2
51 454 2
51 732 2
51 775 2
51 323 2
51 484 -2
51 388 -2
51 392 2
51 475 -2
51 103 -2
51 527 2
51 338 -2
51 241 2
51 714 2
51 309 -2
51 790 -2
51 138 2
51 246 2
51 497 2
51 169 2
51 682 -2
51 117 2
51 218 -2
51 70 2
51 705 2
51 791 2
51 353 -2
51 341 2
51 540 -2
51 794 2
51 750 2
51 595 -2
51 406 -2
52 558 2
52 651 -2
52 456 -2
52 716 -2
52 134 2
52 594 -2
52 747 -2
52 261 2
52 707 2
52 277 -2
52 82 2
52 360 2
52 180 2
52 238 -2
52 742 -2
52 676 -2
52 771 -2
52 603 2
52 625 2
52 366 -2
52 207 2
52 671 -2
52 563 2
52 457 -2
52 767 -2
52 60 2
52 124 2
52 451 -2
52 611 2
52 275 -2
52 687 -2
52 604 2
52 529 -2
52 220 2
52 462 2
52 624 2
52 688 -2
52 509 -2
52 591 2
52 266 -2
53 268 -2
53 460 2
53 181 2
53 140 -2
53 453 -2
53 393 2
53 133 -2
53 661 2
53 160 -2
53 346 -2
53 361 2
53 549 -2
53 647 -2
53 331 -2
53 301 2
53 481 2
53 54 -2
53 737 2
53 454 2
53 260 2
53 80 -2
53 81 -2
53 243 2
53 486 2
53 696 2
53 340 -2
53 490 2
53 763 2
53 265 -2
53 84 -2
53 332 2
53 574 -2
53 557 -2
53 779 2
53 529 2
53 191 2
53 244 2
53 669 -2
53 659 2
53 107 -2
53 698 -2
53 686 2
54 630 2
54 781 -2
54 544 -2
54 82 -2
54 682 -2
54 100 -2
54 460 2
54 61 2
54 264 -2
54 245 -2
54 406 -2
54 123 -2
54 634 2
54 603 -2
54 244 2
54 336 2
54 425 2
54 451 -2
54 281 -2
54 551 2
54 180 -2
54 147 2
54 126 -2
54 332 -2
54 663 2
54 470 -2
54 216 -2
54 474 2
54 585 2
54 436 -2
54 675 2
54 568 -2
54 222 2
54 260 -2
54 138 2
54 648 -2
54 150 2
54 356 2
54 67 -2
54 76 -2
54 210 2
54 156 -2
54 746 2
54 225 2
54 707 2
54 572 2
54 607 -2
54 146 2
54 427 2
54 684 -2
54 548 -2
54 640 -2
54 569 -2
54 799 -2
54 205 -2
54 641 2
54 749 -2
54 253 -2
54 176 2
55 708 2
55 580 -2
55 495 -2
55 202 -2
55 775 2
55 210 -2
55 354 -2
55 546 2
55 719 -2
55 734 2
55 539 2
55 284 2
55 585 -2
55 339 2
55 365 -2
55 463 2
55 304 2
55 433 2
55 111 2
55 689 -2
55 490 -2
55 527 -2
55 449 2
55 667 2
55 90 -2
55 271 -2
55 211 2
55 74 -2
55 377 2
55 119 -2
55 517 2
55 434 -2
55 601 2
55 456 -2
55 315 -2
55 250 -2
55 233 2
55 737 2
55 763 -2
55 418 -2
55 346 2
55 295 -2
56 71 2
56 508 -2
56 602 2
56 768 -2
56 667 2
56 787 -2
56 200 2
56 166 -2
56 174 -2
56 502 -2
56 744 -2
56 529 -2
56 465 -2
56 549 -2
56 477 -2
56 57 2
56 591 -2
56 88 -2
56 137 -2
56 573 2
56 560 2
56 285 2
56 313 -2
56 271 2
56 373 -2
56 152 2
56 771 -2
56 173 2
56 401 2
56 516 -2
56 749 -2
56 655 2
56 485 -2
56 408 -2
57 463 -2
57 258 2
57 576 -2
57 212 -2
57 519 2
57 714 2
57 343 -2
57 378 2
57 168 2
57 716 -2
57 152 -2
57 742 2
57 354 -2
57 587 -2
57 611 2
57 687 2
57 144 2
57 207 2
57 706 -2
57 555 2
57 543 2
57 177 -2
57 688 -2
57 139 -2
57 492 -2
57 697 -2
57 755 2
57 308 -2
57 414 2
57 645 -2
57 718 -2
57 589 -2
57 157 2
58 257 2
58 755 -2
58 262 -2
58 595 -2
58 421 -2
58 352 2
58 741 -2
58 298 -2
58 188 2
58 394 -2
58 520 -2
58 145 2
58 108 2
58 789 2
58 245 2
58 284 2
58 632 -2
58 377 2
58 381 -2
58 148 2
58 197 2
58 282 -2
58 604 2
58 729 -2
58 678 2
58 242 -2
58 744 2
58 488 2
58 397 -2
58 294 2
58 594 2
58 642 2
58 455 -2
58 116 -2
58 478 2
58 202 -2
58 540 2
58 187 -2
58 566 2
58 174 -2
58 76 2
58 120 2
58 308 -2
58 405 -2
59 565 2
59 140 -2
59 465 2
59 258 2
59 701 2
59 720 -2
59 128 -2
59 490 -2
59 430 -2
59 174 -2
59 457 -2
59 81 2
59 205 -2
59 494 2
59 393 2
59 60 -2
59 234 -2
59 100 2
59 403 -2
59 438 2
59 616 2
59 560 -2
59 697 2
59 439 2
59 318 2
59 401 2
59 284 -2
59 678 -2
59 379 2
59 784 2
59 358 -2
59 574 2
59 198 2
59 558 2
59 677 2
59 201 2
59 684 -2
60 697 -2
60 701 -2
60 555 -2
60 526 -2
60 766 2
60 195 2
60 518 -2
60 209 -2
60 210 2
60 502 -2
60 634 -2
60 347 -2
60 357 -2
60 133 2
60 524 -2
60 92 -2
60 488 2
60 84 2
60 311 -2
60 62 2
60 326 -2
60 675 2
60 473 -2
60 724 -2
60 782 2
60 774 2
60 706 -2
60 440 2
60 107 -2
60 616 -2
60 611 -2
60 393 -2
60 572 -2
60 182 -2
60 794 2
60 631 -2
60 77 2
60 680 2
60 669 2
60 352 2
60 497 2
61 424 -2
61 377 -2
61 436 2
61 636 -2
61 469 2
61 143 2
61 286 2
61 220 -2
61 194 -2
61 799 2
61 796 2
61 408 -2
61 427 -2
61 788 2
61 88 2
61 71 -2
61 302 2
61 272 -2
61 635 -2
61 517 -2
61 265 -2
61 342 -2
61 640 2
61 432 -2
61 536 2
61 387 2
61 692 -2
61 625 -2
61 611 2
61 683 -2
61 166 -2
61 382 -2
61 716 2
61 198 -2
61 565 -2
61 405 2
61 559 2
62 429 2
62 743 2
62 588 -2
62 610 2
62 540 -2
62 701 2
62 735 2
62 353 -2
62 561 -2
62 586 -2
62 381 -2
62 239 2
62 739 2
62 613 -2
62 595 2
62 649 2
62 661 -2
62 189 -2
62 306 -2
62 126 -2
62 783 2
62 686 2
62 209 2
62 700 -2
62 673 -2
62 180 -2
62 311 2
62 634 -2
62 141 2
62 439 -2
62 340 -2
62 505 2
62 183 -2
62 71 -2
62 670 2
62 345 2
62 579 2
62 576 2
62 626 2
62 285 2
62 612 2
62 208 2
62 616 -2
62 723 -2
62 749 -2
62 334 2
62 632 -2
62 106 2
63 645 2
63 280 -2
63 262 2
63 591 2
63 529 -2
63 399 -2
63 570 -2
63 92 -2
63 418 2
63 628 -2
63 668 -2
63 500 2
63 81 2
63 395 2
63 445 2
63 466 2
63 288 -2
63 257 2
63 473 2
63 778 2
63 363 -2
63 737 2
63 303 2
63 111 2
63 381 2
63 181 -2
63 389 -2
63 683 -2
63 319 -2
63 700 2
63 670 2
63 330 2
63 325 -2
63 774 -2
63 207 -2
63 228 -2
63 336 2
63 239 -2
63 367 2
63 327 2
63 87 2
63 508 2
63 580 2
64 237 -2
64 191 -2
64 798 2
64 454 -2
64 442 2
64 430 2
64 785 -2
64 473 -2
64 76 2
64 307 2
64 363 -2
64 643 2
64 728 2
64 78 -2
64 291 2
64 552 -2
64 790 2
64 543 2
64 377 -2
64 267 -2
64 782 2
64 289 2
64 546 -2
64 71 -2
64 83 2
64 168 2
64 767 -2
64 436 2
64 733 -2
64 478 -2
64 522 -2
64 509 -2
64 705 2
64 198 -2
64 298 -2
64 306 -2
64 445 2
64 697 2
64 101 -2
64 616 -2
64 194 -2
64 632 2
64 596 2
64 576 2
64 193 -2
64 464 2
64 587 -2
64 507 2
64 146 2
64 326 2
64 211 -2
65 322 -2
65 394 -2
65 784 2
65 413 2
65 644 -2
65 734 2
65 520 -2
65 280 -2
65 796 -2
65 554 -2
65 238 2
65 464 -2
65 602 -2
65 308 -2
65 92 -2
65 69 -2
65 686 -2
65 461 -2
65 249 2
65 194 -2
65 759 2
65 140 -2
65 439 2
65 659 2
65 535 2
65 437 2
65 773 -2
65 311 -2
65 126 -2
65 702 2
65 74 2
65 655 -2
65 664 2
65 215 2
65 277 2
65 518 -2
65 284 2
65 421 2
65 381 -2
65 600 2
65 267 2
65 589 -2
65 66 -2
65 383 -2
65 524 2
66 162 2
66 660 -2
66 269 -2
66 331 2
66 371 -2
66 138 -2
66 388 -2
66 391 -2
66 465 2
66 171 -2
66 705 2
66 170 -2
66 440 2
66 378 -2
66 762 2
66 95 2
66 428 2
66 481 -2
66 197 2
66 621 -2
66 734 2
66 256 -2
66 283 -2
66 429 2
66 573 -2
66 778 2
66 722 2
66 478 2
66 602 2
66 433 -2
66 195 2
66 452 2
66 472 -2
66 358 -2
66 692 2
66 417 -2
66 108 -2
66 315 2
66 724 2
66 620 -2
66 98 2
66 780 -2
66 506 2
67 795 -2
67 699 -2
67 454 -2
67 315 -2
67 123 2
67 195 -2
67 518 2
67 443 -2
67 657 2
67 689 2
67 761 2
67 413 -2
67 521 2
67 68 2
67 788 -2
67 338 -2
67 655 2
67 544 -2
67 395 -2
67 738 -2
67 221 2
67 627 -2
67 328 2
67 505 -2
67 163 2
67 347 2
67 441 -2
67 205 -2
67 640 -2
67 753 2
67 133 -2
67 181 2
67 304 2
68 679 2
68 510 2
68 169 2
68 517 -2
68 197 2
68 507 -2
68 560 2
68 431 2
68 593 -2
68 258 -2
68 691 -2
68 405 -2
68 760 -2
68 231 -2
68 87 -2
68 430 -2
68 212 2
68 752 2
68 239 2
68 392 2
68 555 2
68 554 2
68 375 2
68 377 -2
68 624 2
68 618 2
68 382 -2
68 444 -2
68 523 -2
68 85 2
68 347 2
68 597 2
68 287 2
68 378 2
68 548 -2
68 665 -2
68 366 -2
68 625 -2
69 490 2
69 575 2
69 722 -2
69 772 2
69 215 -2
69 645 -2
69 352 2
69 354 2
69 380 2
69 198 -2
69 143 2
69 642 -2
69 733 2
69 400 2
69 489 2
69 138 2
69 271 -2
69 594 -2
69 610 -2
69 103 2
69 718 2
69 476 2
69 188 -2
69 715 -2
69 698 -2
69 325 2
69 96 -2
69 553 2
69 623 2
69 717 -2
69 83 -2
69 560 2
69 747 -2
69 160 2
69 654 2
69 546 -2
69 600 2
69 758 -2
69 343 2
69 390 -2
69 199 2
70 77 2
70 435 2
70 387 -2
70 163 2
70 87 -2
70 355 2
70 618 -2
70 105 2
70 213 -2
70 327 2
70 123 2
70 786 -2
70 385 2
70 223 2
70 418 -2
70 635 2
70 390 2
70 585 -2
70 242 2
70 239 -2
70 612 2
70 582 2
70 388 -2
70 251 2
70 480 2
70 738 -2
70 493 -2
70 102 -2
70 750 2
70 262 -2
70 225 2
70 794 -2
70 756 2
70 663 -2
70 484 2
70 98 -2
70 578 2
70 588 2
70 446 2
70 791 -2
70 463 2
70 230 2
70 775 2
70 789 -2
71 714 -2
71 78 -2
71 274 2
71 215 2
71 391 -2
71 82 -2
71 647 2
71 655 2
71 568 -2
71 614 2
71 295 2
71 531 -2
71 148 2
71 601 2
71 462 -2
71 275 2
71 789 -2
71 513 2
71 491 -2
71 694 -2
71 733 -2
71 105 -2
71 779 -2
71 528 2
71 86 -2
71 251 -2
71 248 2
71 794 2
71 487 -2
71 187 -2
71 632 2
71 473 -2
71 558 2
71 224 -2
71 783 2
71 158 2
71 354 2
71 108 2
71 265 -2
71 459 -2
71 322 2
71 363 2
71 124 2
72 476 -2
72 463 2
72 786 2
72 115 -2
72 244 -2
72 660 2
72 95 -2
72 695 -2
72 624 -2
72 362 -2
72 103 2
72 509 2
72 625 2
72 418 -2
72 248 -2
72 428 -2
72 161 -2
72 499 2
72 147 2
72 229 -2
72 776 2
72 379 2
72 714 -2
72 365 2
72 265 2
72 240 2
72 102 -2
72 674 -2
72 363 -2
72 190 2
72 100 2
72 189 -2
72 290 2
72 142 2
72 251 -2
73 565 2
73 161 -2
73 602 -2
73 397 2
73 299 2
73 368 -2
73 427 2
73 724 2
73 446 2
73 776 2
73 781 2
73 670 -2
73 155 2
73 338 -2
73 462 2
73 219 -2
73 528 -2
73 556 -2
73 503 -2
73 141 2
73 130 -2
73 584 2
73 290 2
73 440 -2
73 250 -2
73 274 -2
73 680 -2
73 233 -2
73 513 -2
73 364 -2
73 343 2
73 292 -2
73 744 2
73 552 -2
73 624 2
73 474 2
73 231 -2
73 206 2
74 446 -2
74 248 -2
74 619 -2
74 391 2
74 144 2
74 166 -2
74 341 -2
74 696 -2
74 642 -2
74 335 -2
74 631 -2
74 285 -2
74 658 2
74 163 -2
74 258 2
74 537 -2
74 185 -2
74 506 2
74 628 2
74 732 2
74 427 2
74 491 -2
74 190 2
74 157 -2
74 226 -2
74 281 -2
74 735 2
74 570 2
74 786 -2
74 454 2
75 707 -2
75 718 -2
75 799 2
75 261 2
75 656 -2
75 566 2
75 576 -2
75 110 -2
75 276 -2
75 205 2
75 142 -2
75 537 -2
75 713 2
75 726 2
75 581 -2
75 274 2
75 155 2
75 180 2
75 149 2
75 639 2
75 455 -2
75 285 -2
75 252 -2
75 611 -2
75 553 -2
75 723 2
75 789 2
75 720 2
75 559 -2
75 333 2
75 586 2
75 624 -2
75 702 2
75 756 -2
75 288 -2
75 475 2
75 583 -2
75 721 2
75 382 -2
75 246 -2
76 123 -2
76 541 2
76 472 2
76 750 -2
76 576 2
76 754 2
76 335 -2
76 118 -2
76 216 2
76 465 -2
76 356 -2
76 612 -2
76 268 -2
76 474 -2
76 793 -2
76 685 -2
76 743 2
76 718 -2
76 321 2
76 545 2
76 248 -2
76 254 -2
76 740 -2
76 566 2
76 221 -2
76 109 2
76 367 -2
76 761 2
76 677 -2
76 285 -2
76 614 -2
76 604 2
76 665 2
76 430 -2
76 501 -2
76 491 2
76 689 2
76 177 -2
76 579 2
76 540 -2
76 200 2
76 692 2
76 375 -2
76 237 2
76 85 2
76 350 -2
76 275 -2
77 306 2
77 232 2
77 481 2
77 229 2
77 143 2
77 97 2
77 196 -2
77 404 2
77 319 2
77 645 -2
77 671 -2
77 476 2
77 134 -2
77 262 2
77 432 -2
77 99 2
77 594 2
77 563 2
77 582 -2
77 625 -2
77 598 -2
77 484 -2
77 681 2
77 146 2
77 424 -2
77 590 2
77 396 2
77 402 -2
77 239 2
77 784 -2
77 231 -2
77 153 2
77 405 2
77 521 2
77 124 2
77 584 2
77 278 2
77 663 -2
77 464 -2
77 586 2
77 560 -2
77 477 2
77 129 -2
77 403 -2
78 216 -2
78 173 -2
78 293 2
78 645 2
78 410 2
78 210 2
78 393 -2
78 765 2
78 280 2
78 631 -2
78 145 -2
78 545 -2
78 733 2
78 134 -2
78 231 -2
78 695 2
78 281 -2
78 492 2
78 505 -2
78 209 -2
78 353 -2
78 389 -2
78 294 2
78 79 -2
78 394 2
78 555 2
78 367 2
78 380 2
78 680 -2
78 169 2
78 702 -2
78 176 2
78 620 -2
78 670 2
78 207 2
78 528 -2
78 118 -2
78 333 2
78 388 2
78 375 -2
78 409 2
78 589 2
78 605 2
79 568 2
79 597 -2
79 177 -2
79 669 -2
79 283 -2
79 258 -2
79 361 2
79 769 -2
79 124 -2
79 310 2
79 706 2
79 782 -2
79 97 2
79 672 -2
79 746 -2
79 420 -2
79 587 -2
79 342 2
79 666 -2
79 144 2
79 125 2
79 758 2
79 364 2
79 693 -2
79 777 -2
79 699 2
79 84 2
79 733 -2
79 628 2
79 448 -2
79 575 2
79 237 2
79 165 -2
79 259 -2
79 432 -2
80 99 -2
80 247 -2
80 795 -2
80 125 2
80 158 2
80 690 2
80 343 2
80 201 -2
80 542 2
80 189 2
80 364 -2
80 482 -2
80 400 -2
80 710 -2
80 211 2
80 81 2
80 277 2
80 568 2
80 678 2
80 272 2
80 393 2
80 769 -2
80 231 -2
80 527 2
80 739 -2
80 645 2
80 752 2
80 300 -2
80 147 -2
80 626 2
80 377 -2
80 376 -2
80 261 -2
80 587 2
80 305 2
80 775 2
80 451 -2
80 368 -2
80 384 -2
80 120 -2
80 631 2
80 121 -2
80 659 -2
80 114 -2
80 107 -2
80 345 -2
80 480 2
80 433 2
80 321 -2
80 192 2
80 603 -2
80 197 -2
80 284 2
80 708 2
80 238 2
80 691 2
80 395 2
80 292 -2
80 530 -2
80 209 2
81 754 -2
81 707 2
81 479 -2
81 471 2
81 572 -2
81 300 -2
81 729 -2
81 232 2
81 286 2
81 443 2
81 316 -2
81 131 2
81 118 2
81 153 2
81 297 2
81 618 2
81 392 2
81 727 2
81 674 2
81 170 2
81 635 2
81 249 -2
81 332 2
81 658 -2
81 562 2
81 775 -2
81 413 -2
81 498 -2
81 681 2
81 203 -2
81 318 -2
81 757 2
81 389 2
81 485 -2
81 99 2
81 117 -2
81 645 -2
81 505 -2
81 609 -2
81 648 -2
81 763 2
81 162 2
81 230 -2
81 214 2
81 358 -2
81 241 -2
81 378 -2
81 566 -2
82 176 2
82 486 2
82 659 -2
82 685 2
82 395 -2
82 421 2
82 390 -2
82 492 -2
82 783 -2
82 609 2
82 751 -2
82 712 2
82 668 -2
82 531 2
82 513 -2
82 424 2
82 285 2
82 738 -2
82 118 2
82 123 2
82 130 2
82 667 -2
82 104 -2
82 210 2
82 342 -2
82 192 -2
82 699 2
82 520 -2
82 540 -2
82 585 2
82 119 2
82 784 -2
82 746 2
82 299 2
82 729 2
82 497 2
82 245 -2
82 98 2
82 529 2
83 564 -2
83 502 -2
83 114 -2
83 212 -2
83 471 -2
83 453 -2
83 296 2
83 358 2
83 357 -2
83 679 2
83 569 -2
83 702 -2
83 404 -2
83 488 2
83 272 -2
83 777 -2
83 414 -2
83 213 2
83 715 -2
83 154 2
83 788 -2
83 518 -2
83 677 2
83 486 2
83 168 -2
83 261 -2
83 568 -2
83 197 -2
83 167 2
83 707 -2
83 454 2
83 362 2
83 380 -2
83 579 -2
83 470 -2
83 626 2
83 87 -2
83 354 2
83 232 -2
83 419 -2
83 763 2
83 276 -2
83 170 -2
83 712 -2
83 263 -2
83 744 2
84 455 2
84 744 2
84 426 -2
84 278 2
84 695 -2
84 457 2
84 748 2
84 730 2
84 157 2
84 246 -2
84 550 2
84 754 -2
84 623 2
84 363 -2
84 388 2
84 366 2
84 751 -2
84 178 2
84 729 2
84 234 2
84 502 -2
84 263 2
84 672 -2
84 508 2
84 573 2
84 634 -2
84 322 2
84 460 -2
84 479 2
84 717 2
84 292 2
84 506 -2
84 641 -2
84 379 2
84 190 2
84 435 2
84 407 2
85 348 -2
85 100 -2
85 718 2
85 495 2
85 299 2
85 159 -2
85 639 2
85 307 -2
85 225 2
85 182 2
85 711 2
85 116 2
85 383 -2
85 592 -2
85 669 -2
85 635 -2
85 169 2
85 650 2
85 423 2
85 443 2
85 323 2
85 410 2
85 275 2
85 509 2
85 152 2
85 743 -2
85 332 -2
85 611 -2
85 454 2
85 99 -2
85 340 2
85 346 2
85 253 2
85 320 -2
85 144 2
85 792 2
85 531 -2
86 181 -2
86 794 2
86 113 2
86 506 -2
86 486 -2
86 619 -2
86 694 2
86 635 -2
86 99 -2
86 560 -2
86 469 -2
86 319 2
86 424 -2
86 166 2
86 737 2
86 309 -2
86 244 2
86 495 2
86 199 -2
86 355 -2
86 734 2
86 565 -2
86 628 2
86 704 2
86 464 2
86 632 2
86 450 -2
86 798 -2
86 556 2
86 378 2
87 701 2
87 698 2
87 578 -2
87 273 2
87 211 2
87 565 -2
87 300 -2
87 202 2
87 635 -2
87 580 2
87 561 -2
87 401 -2
87 799 -2
87 204 -2
87 603 -2
87 706 2
87 388 -2
87 529 2
87 101 -2
87 171 2
87 360 2
87 391 2
87 217 -2
87 474 -2
87 181 2
87 570 -2
87 178 2
87 287 -2
87 228 -2
87 315 2
87 313 -2
87 738 -2
87 376 2
87 567 2
87 653 -2
87 631 2
87 661 2
87 309 -2
87 544 2
87 633 2
87 528 2
87 668 2
87 463 2
87 318 2
88 502 -2
88 688 -2
88 784 -2
88 250 2
88 741 2
88 259 -2
88 304 -2
88 633 2
88 133 -2
88 353 2
88 457 -2
88 551 2
88 629 2
88 781 2
88 709 -2
88 410 2
88 733 -2
88 186 -2
88 212 -2
88 437 -2
88 235 2
88 145 -2
88 209 -2
88 778 2
88 331 -2
88 351 2
88 602 -2
88 756 -2
88 102 -2
88 391 2
88 231 2
88 147 2
88 175 -2
88 203 -2
88 267 2
88 338 2
88 799 -2
88 363 2
88 374 -2
88 509 -2
88 113 -2
88 339 -2
88 495 -2
88 112 -2
88 416 2
88 678 -2
88 234 -2
88 466 -2
88 230 -2
88 770 2
88 664 -2
88 123 2
88 657 2
89 262 -2
89 299 2
89 396 -2
89 363 -2
89 710 2
89 707 -2
89 126 -2
89 711 -2
89 665 -2
89 644 -2
89 530 -2
89 116 2
89 430 -2
89 712 -2
89 281 2
89 625 -2
89 398 -2
89 757 2
89 401 2
89 322 -2
89 663 -2
89 275 2
89 698 -2
89 619 -2
89 229 2
89 317 -2
89 628 -2
89 714 -2
89 592 2
89 623 2
89 373 2
89 355 -2
89 674 -2
89 746 2
89 514 -2
89 176 -2
89 194 -2
89 134 2
89 346 -2
89 512 -2
90 789 2
90 369 -2
90 231 -2
90 173 -2
90 232 2
90 465 2
90 787 -2
90 284 -2
90 182 2
90 244 2
90 224 -2
90 411 2
90 689 2
90 358 -2
90 573 2
90 478 2
90 529 2
90 460 -2
90 170 2
90 206 -2
90 289 -2
90 775 -2
90 591 -2
90 798 2
90 205 2
90 207 -2
90 774 -2
90 484 -2
90 768 2
90 627 2
90 549 2
90 495 -2
90 453 2
90 439 2
90 753 -2
90 145 -2
90 682 2
90 292 2
90 487 -2
90 493 2
90 131 -2
90 440 -2
90 245 2
90 722 2
91 663 -2
91 795 -2
91 774 -2
91 536 2
91 297 2
91 338 -2
91 704 2
91 552 -2
91 559 -2
91 694 2
91 474 2
91 437 2
91 695 2
91 468 2
91 438 -2
91 504 2
91 102 -2
91 366 2
91 398 2
91 129 -2
91 232 -2
91 618 -2
91 575 -2
91 484 2
91 266 2
91 634 2
91 180 2
91 119 -2
91 275 -2
91 309 2
91 462 -2
91 202 -2
91 664 2
91 244 2
91 217 2
91 752 -2
91 605 2
91 475 2
91 706 -2
91 685 -2
91 328 2
91 538 2
91 406 2
91 304 2
91 282 2
91 395 -2
91 316 2
91 410 -2
92 696 2
92 278 -2
92 726 -2
92 677 2
92 209 -2
92 167 -2
92 271 -2
92 615 -2
92 486 2
92 593 2
92 743 -2
92 551 2
92 343 2
92 599 2
92 381 -2
92 651 2
92 648 -2
92 561 -2
92 357 -2
92 426 -2
92 421 2
92 666 -2
92 646 2
92 419 -2
92 749 2
92 225 2
92 582 -2
92 301 -2
92 553 -2
92 707 -2
92 691 2
92 695 2
92 287 -2
92 248 2
92 396 2
92 295 -2
92 774 2
92 682 2
92 548 2
92 636 2
92 335 2
92 304 2
92 318 2
92 259 2
92 621 -2
92 418 -2
92 557 -2
92 747 -2
92 115 -2
93 648 -2
93 635 -2
93 680 -2
93 312 -2
93 474 -2
93 109 -2
93 471 -2
93 570 2
93 379 -2
93 220 2
93 139 -2
93 397 -2
93 266 2
93 245 2
93 278 -2
93 767 -2
93 314 -2
93 493 2
93 362 -2
93 583 2
93 427 -2
93 602 -2
93 159 -2
93 546 -2
93 151 -2
93 116 -2
93 721 2
93 498 2
93 448 -2
93 551 -2
93 763 2
93 154 2
93 511 -2
93 152 2
93 676 -2
93 309 2
93 538 2
93 202 -2
93 571 -2
93 117 2
93 268 -2
93 701 -2
93 562 2
93 270 2
94 682 2
94 197 2
94 149 -2
94 313 -2
94 188 -2
94 319 -2
94 562 -2
94 630 2
94 571 2
94 472 -2
94 763 -2
94 234 -2
94 573 -2
94 99 2
94 128 -2
94 521 2
94 403 -2
94 397 2
94 592 -2
94 379 -2
94 778 2
94 378 -2
94 386 -2
94 375 -2
94 695 -2
94 217 -2
94 699 2
94 369 2
94 328 2
94 190 2
94 363 -2
94 632 2
94 320 2
94 410 -2
94 420 2
94 180 2
94 473 -2
94 446 -2
94 552 -2
94 567 2
94 501 -2
94 588 2
94 252 2
94 267 -2
94 725 2
94 476 2
94 134 -2
94 163 2
94 172 -2
94 275 2
95 343 2
95 685 -2
95 347 -2
95 262 -2
95 761 -2
95 445 2
95 130 2
95 204 -2
95 654 2
95 415 2
95 390 -2
95 618 2
95 537 2
95 238 2
95 235 -2
95 397 -2
95 142 -2
95 581 -2
95 252 -2
95 96 2
95 108 2
95 565 -2
95 165 -2
95 240 2
95 259 -2
95 221 -2
95 422 -2
95 392 2
95 601 2
95 342 -2
95 310 -2
95 627 -2
95 338 2
95 250 2
95 233 -2
95 125 2
96 712 -2
96 499 2
96 528 2
96 752 2
96 650 2
96 630 -2
96 169 -2
96 305 -2
96 129 2
96 174 -2
96 546 -2
96 581 -2
96 358 -2
96 769 2
96 633 -2
96 643 -2
96 460 2
96 135 2
96 586 2
96 231 2
96 663 2
96 390 2
96 715 2
96 388 -2
96 189 2
96 585 -2
96 449 2
96 394 -2
96 104 -2
96 751 -2
96 199 -2
96 143 -2
96 782 -2
96 682 -2
96 519 2
96 106 2
96 197 -2
96 753 -2
96 235 2
96 698 -2
96 443 -2
96 704 2
96 594 -2
96 766 -2
96 539 2
96 509 2
96 368 2
96 351 -2
96 359 -2
96 770 2
96 645 2
96 764 2
96 120 2
96 312 -2
96 108 2
96 356 2
96 792 2
96 288 -2
96 748 2
96 315 2
96 781 2
96 584 2
97 549 -2
97 575 -2
97 415 2
97 555 -2
97 496 -2
97 739 -2
97 671 2
97 309 2
97 497 2
97 524 2
97 200 -2
97 485 2
97 574 2
97 632 2
97 773 -2
97 742 -2
97 647 2
97 478 -2
97 342 -2
97 495 2
97 255 -2
97 114 -2
97 758 2
97 354 2
97 725 -2
97 361 2
97 121 2
97 533 -2
97 210 -2
97 379 -2
97 646 -2
97 665 2
97 613 2
97 631 -2
97 328 2
97 202 -2
97 310 -2
97 248 -2
97 780 2
97 692 2
97 325 2
97 235 2
97 482 -2
97 105 -2
97 662 -2
98 123 -2
98 262 2
98 603 2
98 547 -2
98 796 -2
98 584 -2
98 366 -2
98 615 2
98 669 2
98 611 -2
98 565 -2
98 589 -2
98 649 -2
98 570 2
98 563 2
98 303 2
98 558 -2
98 114 -2
98 183 -2
98 182 -2
98 657 2
98 687 2
98 560 2
98 235 -2
98 445 -2
98 220 -2
98 717 2
98 607 2
98 524 2
98 432 -2
98 582 2
98 347 -2
98 172 -2
98 682 2
98 797 -2
98 144 -2
98 324 2
98 167 2
98 125 2
98 736 2
98 411 2
98 273 2
98 545 2
98 365 2
98 147 2
98 467 -2
98 759 -2
99 313 2
99 156 -2
99 520 -2
99 503 -2
99 332 2
99 258 2
99 478 2
99 362 2
99 790 -2
99 218 2
99 585 -2
99 714 -2
99 448 2
99 433 -2
99 261 -2
99 336 2
99 166 -2
99 308 -2
99 690 2
99 432 -2
99 150 2
99 115 -2
99 665 2
99 718 2
99 255 2
99 343 2
99 765 2
99 604 2
99 521 2
99 519 -2
99 773 -2
99 621 2
99 382 -2
99 547 -2
99 288 2
99 763 2
99 396 2
99 769 -2
99 695 -2
99 468 -2
99 404 2
99 557 -2
99 486 2
99 287 -2
99 484 2
99 471 2
100 191 -2
100 587 -2
100 170 2
100 216 2
100 768 2
100 146 2
100 185 -2
100 470 2
100 207 2
100 705 2
100 530 -2
100 623 -2
100 413 -2
100 297 -2
100 537 -2
100 448 -2
100 330 2
100 546 -2
100 203 2
100 646 2
100 122 2
100 557 -2
100 433 -2
100 172 -2
100 141 2
100 776 -2
100 710 -2
100 202 -2
100 272 2
100 303 -2
100 504 2
100 525 -2
100 231 2
100 608 -2
100 478 2
100 304 -2
100 362 2
100 247 2
100 631 -2
100 257 -2
101 142 2
101 119 2
101 332 2
101 449 -2
101 204 -2
101 218 2
101 472 -2
101 737 -2
101 383 -2
101 770 -2
101 683 -2
101 335 2
101 202 2
101 353 2
101 345 2
101 700 2
101 525 -2
101 292 2
101 413 -2
101 532 2
101 590 -2
101 379 -2
101 575 -2
101 398 -2
101 126 -2
101 699 2
101 512 2
101 314 2
101 695 2
101 362 -2
101 284 -2
101 635 -2
101 217 -2
101 264 2
101 623 -2
101 508 -2
101 610 2
101 201 -2
101 730 2
101 206 -2
101 523 -2
101 227 -2
101 704 2
101 243 -2
101 658 2
101 780 -2
101 113 -2
101 344 2
101 179 2
101 385 2
101 510 -2
102 425 2
102 514 -2
102 769 -2
102 412 2
102 262 2
102 397 2
102 476 -2
102 776 -2
102 742 -2
102 355 2
102 166 -2
102 217 2
102 710 2
102 783 -2
102 464 -2
102 337 2
102 589 2
102 507 2
102 788 2
102 504 -2
102 747 -2
102 760 2
102 610 -2
102 775 -2
102 303 -2
102 503 2
102 421 -2
102 617 2
102 451 -2
102 263 -2
102 257 2
102 440 -2
102 313 -2
102 376 -2
102 277 -2
103 429 2
103 188 2
103 648 -2
103 432 -2
103 195 -2
103 367 -2
103 751 2
103 603 -2
103 361 2
103 669 -2
103 189 -2
103 787 -2
103 279 -2
103 445 -2
103 164 -2
103 350 -2
103 356 2
103 639 -2
103 721 -2
103 298 -2
103 180 -2
103 679 2
103 307 -2
103 475 2
103 441 -2
103 213 -2
103 300 2
103 282 2
103 398 -2
103 448 2
103 567 2
103 333 2
103 345 2
103 701 -2
104 626 -2
104 119 2
104 210 -2
104 513 2
104 339 -2
104 746 -2
104 345 -2
104 620 2
104 604 2
104 621 -2
104 674 2
104 143 2
104 333 -2
104 679 -2
104 308 2
104 156 2
104 252 2
104 387 2
104 702 -2
104 535 -2
104 751 2
104 389 -2
104 106 -2
104 688 -2
104 189 -2
104 558 -2
104 731 2
104 782 -2
104 587 2
104 367 -2
104 409 2
104 453 2
104 524 2
104 683 -2
104 425 -2
104 299 -2
104 489 2
104 791 2
104 152 2
105 382 2
105 768 -2
105 260 2
105 111 -2
105 352 -2
105 677 -2
105 394 2
105 369 2
105 657 -2
105 344 -2
105 293 2
105 636 2
105 270 2
105 720 2
105 508 2
105 380 2
105 189 2
105 692 2
105 597 -2
105 268 -2
105 752 -2
105 132 2
105 299 -2
105 798 2
105 736 2
105 151 -2
105 561 2
105 754 2
105 279 -2
105 143 2
105 397 2
105 338 2
105 138 2
105 548 2
105 507 2
105 613 -2
105 472 -2
105 454 -2
105 188 -2
105 701 2
105 775 2
105 486 -2
105 207 -2
105 388 2
106 391 2
106 175 -2
106 143 2
106 335 2
106 556 2
106 787 2
106 255 -2
106 331 2
106 352 -2
106 515 -2
106 263 2
106 482 2
106 764 -2
106 680 -2
106 279 2
106 581 2
106 591 -2
106 607 2
106 667 2
106 548 2
106 488 -2
106 708 -2
106 160 2
106 411 2
106 540 -2
106 377 -2
106 186 -2
106 219 -2
106 716 -2
106 161 2
106 492 -2
106 691 2
106 709 2
106 665 2
106 342 -2
106 239 -2
106 507 -2
106 315 2
106 232 2
106 362 2
106 637 -2
107 534 -2
107 157 -2
107 422 2
107 413 -2
107 701 2
107 582 -2
107 143 -2
107 656 2
107 788 2
107 276 2
107 678 2
107 702 2
107 524 -2
107 132 -2
107 373 2
107 337 -2
107 742 2
107 274 -2
107 426 -2
107 738 -2
107 221 2
107 716 2
107 302 2
107 459 -2
107 257 -2
107 693 -2
107 177 2
107 763 2
107 160 2
107 352 -2
107 795 -2
107 277 -2
107 598 -2
107 285 -2
107 199 -2
107 618 -2
107 793 -2
107 404 2
107 471 -2
107 197 -2
108 709 -2
108 310 2
108 237 2
108 492 2
108 591 2
108 542 -2
108 216 2
108 675 -2
108 145 2
108 318 2
108 114 2
108 606 2
108 510 -2
108 415 2
108 480 -2
108 396 2
108 588 2
108 654 2
108 524 -2
108 365 -2
108 345 2
108 614 -2
108 198 -2
108 530 -2
108 672 -2
108 408 2
108 486 2
108 780 2
108 149 2
109 282 2
109 308 -2
109 465 2
109 376 -2
109 123 -2
109 130 2
109 715 -2
109 588 -2
109 151 -2
109 492 2
109 214 2
109 584 2
109 450 -2
109 789 2
109 642 -2
109 440 -2
109 420 -2
109 469 2
109 457 2
109 790 -2
109 325 2
109 355 2
109 370 2
109 328 2
109 288 -2
109 479 -2
109 209 -2
109 155 -2
109 399 -2
109 199 2
109 634 2
109 274 2
109 466 2
109 150 2
109 575 2
109 470 2
109 436 2
109 711 -2
110 285 2
110 687 -2
110 459 -2
110 573 2
110 758 2
110 683 -2
110 112 2
110 136 2
110 769 2
110 611 -2
110 686 -2
110 677 -2
110 387 -2
110 269 2
110 474 2
110 342 2
110 377 -2
110 291 -2
110 794 2
110 481 2
110 768 -2
110 203 -2
110 676 2
110 645 -2
110 612 -2
110 376 2
110 149 2
110 144 -2
110 233 -2
110 388 -2
110 786 2
110 771 2
110 214 -2
110 298 2
110 116 2
110 720 2
110 642 -2
110 629 2
110 286 -2
110 665 -2
110 601 2
110 211 2
111 415 2
111 137 -2
111 242 -2
111 368 -2
111 599 -2
111 573 -2
111 633 -2
111 164 2
111 128 -2
111 195 2
111 604 2
111 561 -2
111 577 -2
111 262 2
111 224 -2
111 666 2
111 725 -2
111 521 -2
111 358 -2
111 721 -2
111 486 2
111 784 2
111 677 -2
111 591 2
111 388 2
111 772 -2
111 718 -2
111 220 -2
111 622 -2
111 501 -2
111 667 2
111 705 -2
111 280 2
111 610 2
111 505 -2
111 309 -2
111 632 -2
111 726 -2
111 426 2
111 452 -2
112 383 2
112 763 2
112 795 2
112 560 2
112 448 -2
112 671 2
112 411 2
112 274 2
112 276 2
112 338 -2
112 140 -2
112 283 -2
112 718 2
112 425 -2
112 743 2
112 766 2
112 359 -2
112 685 2
112 619 -2
112 293 2
112 536 -2
112 443 -2
112 551 -2
112 227 2
112 730 2
112 340 2
112 541 2
112 515 -2
112 719 2
112 239 2
112 478 -2
112 286 -2
112 782 -2
112 253 -2
112 764 2
112 644 -2
112 559 2
112 497 2
112 690 -2
112 203 -2
112 124 -2
112 156 2
112 490 -2
113 197 2
113 334 -2
113 171 2
113 372 -2
113 601 2
113 293 2
113 568 -2
113 446 2
113 339 -2
113 363 2
113 218 2
113 436 -2
113 616 2
113 508 -2
113 691 -2
113 135 2
113 699 2
113 121 2
113 712 2
113 762 -2
113 532 -2
113 612 2
113 673 -2
113 740 -2
113 354 2
113 688 -2
113 358 -2
113 684 -2
113 659 -2
113 153 -2
114 402 -2
114 622 2
114 124 -2
114 576 2
114 387 -2
114 610 -2
114 359 -2
114 762 2
114 200 2
114 173 -2
114 732 2
114 159 -2
114 539 -2
114 289 2
114 532 2
114 780 2
114 240 -2
114 684 -2
114 577 -2
114 669 -2
114 695 2
114 238 2
114 390 -2
114 558 2
114 192 -2
114 349 2
114 263 2
114 144 -2
114 587 2
114 768 -2
114 334 -2
114 228 -2
114 601 2
114 204 -2
114 717 2
114 265 2
114 252 2
114 197 -2
114 162 2
114 606 -2
114 771 2
114 676 2
114 242 -2
114 661 2
114 137 -2
114 465 2
114 461 -2
114 350 2
114 157 2
114 650 -2
114 156 2
115 673 2
115 118 2
115 498 2
115 561 2
115 484 -2
115 338 -2
115 573 -2
115 647 -2
115 787 -2
115 116 2
115 287 2
115 273 2
115 750 -2
115 166 -2
115 476 -2
115 256 2
115 637 -2
115 795 -2
115 156 2
115 397 2
115 772 2
115 441 2
115 455 2
115 557 2
115 485 2
115 253 2
115 638 2
115 434 2
115 466 -2
115 773 -2
115 739 -2
115 641 -2
115 314 -2
115 490 -2
115 364 2
115 421 2
116 198 -2
116 374 2
116 124 2
116 740 -2
116 628 -2
116 282 2
116 471 -2
116 782 2
116 284 2
116 413 -2
116 329 -2
116 588 -2
116 292 -2
116 756 2
116 693 2
116 139 2
116 755 2
116 204 2
116 503 2
116 773 -2
116 369 2
116 196 -2
116 715 2
116 689 2
116 611 2
116 718 2
116 780 -2
116 474 2
116 445 2
116 616 2
116 688 2
116 290 2
116 639 -2
116 555 2
116 778 -2
117 150 2
117 384 -2
117 251 -2
117 550 2
117 291 -2
117 684 -2
117 594 2
117 717 -2
117 232 2
117 274 -2
117 783 2
117 452 -2
117 234 2
117 353 -2
117 245 2
117 301 2
117 329 -2
117 535 -2
117 236 2
117 748 -2
117 292 2
117 138 -2
117 337 2
117 495 2
117 321 2
117 529 2
117 437 -2
117 126 -2
117 325 -2
117 127 -2
117 716 -2
117 733 2
117 763 2
117 734 2
117 688 2
117 706 -2
117 472 2
117 264 -2
118 798 2
118 296 2
118 312 -2
118 317 -2
118 619 -2
118 311 2
118 340 2
118 535 2
118 574 -2
118 368 2
118 347 2
118 490 -2
118 315 -2
118 352 2
118 472 2
118 343 -2
118 401 -2
118 221 2
118 173 2
118 263 -2
118 536 -2
118 453 2
118 361 -2
118 267 2
118 776 -2
118 310 2
118 427 2
118 647 -2
118 459 2
118 125 -2
118 325 2
118 658 2
118 533 -2
118 145 -2
118 245 2
118 184 -2
118 572 -2
118 185 -2
118 414 -2
118 530 -2
118 662 -2
118 330 -2
118 251 -2
118 233 -2
118 198 -2
118 643 2
118 286 2
118 129 2
119 755 2
119 304 2
119 449 2
119 287 2
119 248 2
119 291 2
119 537 2
119 683 -2
119 258 2
119 641 -2
119 796 2
119 625 2
119 325 -2
119 678 2
119 465 -2
119 251 2
119 239 2
119 358 2
119 551 2
119 541 -2
119 127 -2
119 375 2
119 500 2
119 769 2
119 605 -2
119 613 -2
119 729 -2
119 286 -2
119 686 2
119 266 -2
119 159 2
119 280 2
119 337 -2
119 369 -2
119 379 2
119 336 2
119 524 2
119 208 -2
120 321 2
120 451 -2
120 163 2
120 144 -2
120 636 2
120 557 -2
120 379 -2
120 300 2
120 177 2
120 734 2
120 262 -2
120 237 2
120 445 -2
120 504 -2
120 425 -2
120 201 -2
120 152 -2
120 132 2
120 486 2
120 490 2
120 574 2
120 227 2
120 724 -2
120 654 2
120 713 -2
120 438 -2
120 190 2
120 487 2
120 459 2
120 690 -2
120 609 -2
120 689 2
120 494 2
120 406 2
120 579 -2
120 377 2
120 606 -2
120 541 -2
120 460 2
120 146 2
121 477 2
121 740 -2
121 246 -2
121 598 -2
121 316 -2
121 317 -2
121 285 2
121 320 -2
121 530 -2
121 269 2
121 342 2
121 287 -2
121 408 -2
121 753 -2
121 456 2
121 469 -2
121 195 -2
121 384 -2
121 765 -2
121 625 2
121 612 -2
121 492 -2
121 552 2
121 216 -2
121 391 2
121 238 -2
121 336 2
121 188 -2
121 448 -2
121 684 -2
121 443 -2
121 424 -2
122 692 2
122 785 -2
122 238 2
122 335 2
122 567 2
122 423 2
122 660 2
122 395 2
122 640 -2
122 189 2
122 568 -2
122 773 -2
122 266 -2
122 285 -2
122 381 -2
122 410 2
122 571 -2
122 539 -2
122 169 -2
122 308 -2
122 313 -2
122 761 -2
122 269 -2
122 253 -2
122 277 -2
122 224 2
122 366 -2
122 757 -2
122 157 -2
122 569 2
122 767 -2
122 731 2
122 669 -2
122 134 -2
122 528 2
122 753 2
122 396 -2
122 327 -2
122 736 2
122 543 -2
122 343 -2
122 250 -2
122 513 2
122 788 2
122 337 2
122 385 2
122 418 2
122 203 2
122 167 -2
122 218 -2
122 387 -2
122 637 -2
123 616 2
123 325 -2
123 766 2
123 761 2
123 690 -2
123 239 2
123 349 2
123 425 2
123 566 -2
123 127 2
123 395 2
123 547 -2
123 330 -2
123 167 -2
123 693 -2
123 541 2
123 677 2
123 430 -2
123 468 2
123 631 -2
123 784 -2
123 421 2
123 757 -2
123 485 -2
123 742 2
123 449 -2
123 564 2
123 273 -2
123 573 -2
123 401 -2
123 168 -2
123 685 -2
123 581 2
123 591 -2
123 596 -2
123 248 -2
123 754 2
123 408 -2
123 137 -2
123 540 2
124 156 -2
124 293 2
124 691 -2
124 152 -2
124 539 2
124 415 -2
124 203 2
124 433 -2
124 403 -2
124 782 -2
124 523 2
124 799 -2
124 773 -2
124 220 2
124 516 2
124 280 2
124 701 2
124 570 2
124 595 2
124 535 -2
124 483 2
124 291 2
124 306 -2
124 681 2
124 356 -2
124 569 -2
124 276 -2
124 362 -2
124 132 2
124 732 2
124 141 -2
124 505 2
124 268 2
124 409 2
124 180 -2
124 529 -2
124 388 -2
124 663 2
124 673 2
124 456 -2
124 442 2
124 241 -2
124 329 -2
124 599 -2
124 366 -2
124 747 -2
124 670 2
124 185 2
124 270 2
124 278 2
124 315 -2
125 583 -2
125 444 2
125 156 2
125 281 2
125 538 -2
125 223 2
125 417 -2
125 663 2
125 463 -2
125 308 -2
125 519 2
125 255 2
125 145 -2
125 384 2
125 760 2
125 317 2
125 779 -2
125 560 2
125 150 -2
125 206 2
125 383 -2
125 213 -2
125 375 2
125 661 -2
125 200 -2
125 709 -2
125 316 -2
125 126 2
125 320 -2
125 264 -2
125 318 -2
125 514 2
125 653 2
125 674 -2
125 718 -2
125 307 2
125 642 -2
125 796 2
126 348 -2
126 665 2
126 153 -2
126 316 -2
126 350 2
126 380 -2
126 168 2
126 135 2
126 325 -2
126 327 -2
126 733 2
126 339 2
126 545 -2
126 631 -2
126 483 -2
126 598 -2
126 560 -2
126 789 2
126 717 -2
126 553 2
126 411 -2
126 210 -2
126 687 -2
126 702 -2
126 131 2
126 301 2
126 469 2
127 616 -2
127 638 -2
127 700 2
127 288 -2
127 183 -2
127 373 -2
127 751 -2
127 231 -2
127 412 -2
127 255 2
127 200 -2
127 768 -2
127 184 -2
127 680 -2
127 588 -2
127 228 2
127 258 2
127 709 2
127 771 -2
127 691 2
127 482 -2
127 192 -2
127 313 2
127 776 2
127 567 2
127 235 2
127 303 2
127 544 2
127 543 2
127 160 2
127 551 -2
128 401 2
128 723 -2
128 748 -2
128 788 -2
128 298 -2
128 168 2
128 654 -2
128 135 -2
128 735 2
128 202 2
128 799 -2
128 151 -2
128 786 2
128 517 -2
128 146 2
128 276 -2
128 762 2
128 420 2
128 316 -2
128 560 -2
128 352 -2
128 413 -2
128 797 2
128 165 -2
128 714 2
128 766 2
128 499 -2
128 323 2
128 691 -2
128 249 -2
128 149 2
128 688 2
128 686 -2
128 263 -2
128 328 -2
128 640 -2
128 451 2
129 750 -2
129 627 -2
129 453 -2
129 557 2
129 564 2
129 584 -2
129 204 -2
129 491 -2
129 520 2
129 182 -2
129 619 2
129 716 2
129 484 2
129 681 2
129 359 2
129 764 -2
129 679 -2
129 702 2
129 135 2
129 180 -2
129 433 2
129 178 -2
129 420 -2
129 617 2
129 773 -2
129 352 -2
129 654 2
129 217 -2
129 574 -2
129 535 -2
129 570 2
129 473 -2
129 308 2
129 786 2
129 538 -2
129 496 -2
129 757 -2
129 587 -2
129 566 -2
129 206 -2
129 669 -2
129 149 -2
129 417 2
129 134 -2
130 170 2
130 191 -2
130 660 -2
130 659 2
130 553 -2
130 610 2
130 432 2
130 438 2
130 753 2
130 292 -2
130 366 -2
130 401 2
130 690 2
130 371 2
130 724 2
130 798 2
130 511 -2
130 367 -2
130 383 -2
130 613 -2
130 217 2
130 411 -2
130 658 -2
130 364 2
130 637 2
130 543 2
130 475 -2
130 451 2
130 144 2
130 339 -2
130 730 2
130 388 2
130 556 2
130 223 -2
130 550 2
130 419 2
130 520 2
130 488 2
130 382 -2
130 137 -2
131 503 -2
131 614 -2
131 761 -2
131 143 2
131 217 2
131 728 2
131 224 2
131 712 -2
131 379 -2
131 284 2
131 462 -2
131 559 2
131 245 -2
131 386 2
131 174 2
131 508 -2
131 555 2
131 551 -2
131 328 -2
131 739 2
131 373 -2
131 297 -2
131 141 2
131 629 -2
131 594 -2
131 767 -2
131 402 -2
131 264 2
131 398 2
131 168 -2
131 346 -2
131 604 -2
131 502 -2
131 647 2
131 634 -2
131 432 2
131 424 -2
131 667 -2
131 781 2
131 176 2
131 437 2
131 389 -2
132 170 2
132 514 2
132 350 2
132 710 2
132 222 -2
132 799 2
132 483 -2
132 280 -2
132 336 2
132 498 -2
132 293 -2
132 737 2
132 288 2
132 215 -2
132 396 -2
132 203 2
132 143 -2
132 708 -2
132 245 -2
132 475 -2
132 646 -2
132 236 -2
132 402 2
132 444 2
132 590 2
132 636 -2
132 226 2
132 703 -2
132 520 2
132 627 2
132 586 -2
132 358 -2
132 305 -2
132 440 -2
133 345 -2
133 685 2
133 465 -2
133 471 -2
133 622 -2
133 337 -2
133 539 2
133 555 2
133 292 -2
133 702 2
133 721 -2
133 430 -2
133 348 -2
133 422 2
133 646 -2
133 526 -2
133 453 -2
133 322 2
133 187 2
133 488 -2
133 458 -2
133 489 -2
133 519 2
133 479 -2
133 450 -2
133 249 -2
133 560 -2
133 528 -2
133 574 -2
133 792 -2
133 547 -2
133 472 -2
133 157 -2
133 616 2
133 360 -2
133 482 -2
133 334 2
133 355 2
133 588 2
133 585 -2
134 304 -2
134 497 -2
134 289 -2
134 243 -2
134 464 -2
134 669 2
134 751 -2
134 244 -2
134 177 2
134 443 -2
134 662 -2
134 631 2
134 588 2
134 323 2
134 219 2
134 633 -2
134 181 -2
134 334 2
134 157 -2
134 538 -2
134 343 -2
134 189 2
134 362 2
134 649 2
134 453 -2
134 707 -2
134 694 -2
134 547 2
134 240 2
134 541 -2
135 518 -2
135 249 2
135 690 2
135 710 2
135 149 2
135 400 2
135 495 2
135 689 2
135 692 2
135 254 -2
135 565 2
135 649 2
135 566 -2
135 791 -2
135 623 -2
135 459 -2
135 226 -2
135 395 2
135 699 2
135 204 -2
135 553 -2
135 271 2
135 269 -2
135 580 -2
135 467 -2
135 294 2
135 509 -2
135 163 -2
135 643 -2
135 627 -2
135 527 -2
135 276 2
135 170 -2
135 228 -2
135 219 2
135 242 2
136 363 -2
136 240 2
136 479 -2
136 682 -2
136 319 2
136 655 2
136 210 -2
136 252 2
136 419 2
136 704 2
136 379 -2
136 289 2
136 299 -2
136 169 -2
136 231 -2
136 208 -2
136 683 -2
136 604 -2
136 771 2
136 149 2
136 327 -2
136 616 2
136 739 2
136 504 2
136 184 2
136 436 -2
136 642 2
136 395 2
136 375 2
136 511 2
136 685 2
136 498 2
136 799 2
136 644 2
136 406 2
136 280 -2
136 141 2
136 381 -2
136 483 -2
136 371 -2
137 561 2
137 465 2
137 279 2
137 204 2
137 773 2
137 691 2
137 686 2
137 699 -2
137 440 2
137 352 2
137 774 2
137 288 2
137 462 2
137 368 -2
137 421 -2
137 786 2
137 148 2
137 430 -2
137 750 2
137 469 -2
137 534 2
137 544 -2
137 676 -2
137 337 2
137 365 -2
137 212 2
137 271 -2
137 728 -2
137 250 -2
137 264 2
137 242 2
137 256 -2
137 439 2
137 322 2
137 497 -2
137 647 2
137 531 2
137 715 2
137 272 2
137 466 2
137 311 -2
138 553 -2
138 409 2
138 521 2
138 483 -2
138 490 -2
138 774 2
138 766 -2
138 657 2
138 535 2
138 320 2
138 156 -2
138 555 -2
138 429 2
138 489 2
138 701 -2
138 763 2
138 499 -2
138 458 2
138 530 2
138 227 2
138 219 -2
138 609 -2
138 645 -2
138 233 -2
138 455 -2
138 414 2
138 337 2
138 427 -2
138 523 2
138 540 2
138 407 -2
138 681 2
138 426 2
138 261 -2
138 387 2
138 266 -2
138 381 -2
138 194 -2
138 542 2
138 171 2
138 404 2
139 183 2
139 305 -2
139 180 -2
139 521 2
139 683 -2
139 674 2
139 476 2
139 238 2
139 796 -2
139 260 -2
139 798 -2
139 487 2
139 770 -2
139 651 2
139 648 2
139 681 -2
139 243 -2
139 206 -2
139 629 -2
139 373 -2
139 630 2
139 282 2
139 582 -2
139 560 2
139 248 2
139 626 -2
139 453 2
139 537 -2
139 230 -2
139 308 -2
139 146 -2
139 482 2
139 226 2
139 550 -2
139 169 2
140 362 2
140 660 -2
140 658 -2
140 404 2
140 421 -2
140 655 -2
140 772 -2
140 736 -2
140 454 2
140 242 2
140 439 -2
140 370 -2
140 438 2
140 673 2
140 198 2
140 399 2
140 293 2
140 191 2
140 348 -2
140 541 -2
140 320 2
140 787 -2
140 281 2
140 273 2
140 697 2
140 449 -2
140 605 -2
140 732 2
140 752 2
140 797 2
140 648 -2
140 475 2
140 466 -2
140 554 2
140 643 2
140 418 2
140 153 2
140 287 -2
140 177 2
140 699 2
140 546 2
140 729 -2
141 790 2
141 572 2
141 210 -2
141 605 -2
141 272 2
141 246 -2
141 432 2
141 701 2
141 559 2
141 343 -2
141 338 2
141 796 2
141 195 2
141 775 -2
141 720 2
141 532 2
141 764 2
141 414 -2
141 399 2
141 510 2
141 464 -2
141 632 2
141 656 -2
141 236 -2
141 323 2
141 251 -2
141 261 2
141 329 -2
141 586 2
141 337 2
141 359 2
141 447 2
141 147 -2
141 226 -2
141 703 2
141 371 2
141 199 -2
141 310 2
141 756 2
141 164 2
141 298 -2
141 151 -2
141 201 2
141 207 2
141 442 -2
141 150 -2
141 413 2
142 479 -2
142 681 2
142 415 2
142 188 -2
142 193 2
142 451 -2
142 235 -2
142 161 -2
142 181 2
142 516 -2
142 430 2
142 625 2
142 765 -2
142 791 2
142 333 -2
142 598 2
142 280 2
142 309 2
142 796 2
142 182 2
142 251 2
142 263 -2
142 369 -2
142 339 2
142 353 -2
142 376 -2
142 184 2
142 386 2
142 758 -2
142 556 -2
142 427 -2
142 727 2
142 178 -2
142 464 -2
142 399 -2
142 596 2
142 260 -2
142 290 2
142 238 2
142 154 2
142 775 -2
142 227 -2
143 219 -2
143 781 -2
143 799 -2
143 613 -2
143 770 2
143 271 -2
143 254 2
143 729 -2
143 280 -2
143 242 -2
143 627 -2
143 389 2
143 189 -2
143 372 2
143 779 2
143 426 -2
143 645 2
143 497 2
143 763 2
143 548 -2
143 523 -2
143 592 -2
143 217 -2
143 755 -2
143 387 2
143 796 2
143 401 -2
143 715 2
143 699 -2
143 744 2
143 707 2
143 534 -2
143 681 -2
143 378 -2
143 429 -2
143 562 -2
143 719 -2
143 349 -2
143 346 -2
143 698 -2
143 321 -2
143 654 -2
143 396 2
144 327 2
144 667 -2
144 350 2
144 493 2
144 490 -2
144 480 -2
144 489 2
144 683 2
144 184 -2
144 229 2
144 674 -2
144 177 -2
144 224 -2
144 766 2
144 639 2
144 360 -2
144 668 -2
144 582 2
144 217 -2
144 372 -2
144 200 2
144 789 2
144 341 -2
144 247 2
144 623 2
144 245 2
144 648 2
144 205 2
144 587 -2
144 702 2
144 467 2
144 532 -2
144 561 2
144 644 -2
144 630 -2
144 180 -2
144 429 -2
144 502 2
144 226 2
144 266 -2
144 535 2
144 637 2
144 481 2
144 707 -2
144 437 2
144 752 2
144 211 -2
144 271 -2
144 175 -2
144 419 2
144 281 -2
145 378 2
145 424 2
145 371 -2
145 453 -2
145 460 -2
145 215 2
145 695 -2
145 331 -2
145 225 -2
145 245 2
145 786 2
145 562 -2
145 761 2
145 743 -2
145 221 2
145 390 -2
145 633 -2
145 519 2
145 440 2
145 502 -2
145 614 -2
145 187 -2
145 156 2
145 624 -2
145 618 2
145 320 2
145 501 -2
145 793 2
145 584 2
145 794 2
145 795 2
145 568 2
145 533 -2
145 188 2
145 629 -2
145 325 2
145 737 2
145 255 2
145 373 2
145 586 -2
145 644 -2
145 327 -2
145 754 -2
145 777 -2
145 315 -2
145 268 2
145 251 2
145 292 -2
145 177 2
145 356 -2
145 352 2
145 468 -2
146 163 -2
146 645 2
146 789 -2
146 387 2
146 479 2
146 185 -2
146 351 2
146 428 2
146 417 2
146 725 2
146 654 -2
146 541 2
146 266 -2
146 175 2
146 783 2
146 334 2
146 213 2
146 727 -2
146 454 -2
146 528 2
146 397 -2
146 147 2
146 545 2
146 352 -2
146 514 -2
146 592 -2
146 193 -2
146 155 -2
146 258 -2
146 234 -2
146 180 2
146 502 2
146 599 -2
146 222 2
146 164 -2
146 588 2
146 712 2
146 670 -2
146 538 2
146 441 -2
146 586 2
146 177 2
146 461 -2
146 488 2
147 665 2
147 509 -2
147 577 2
147 764 -2
147 673 -2
147 278 2
147 653 -2
147 284 2
147 338 -2
147 370 -2
147 633 2
147 257 -2
147 717 -2
147 530 2
147 449 -2
147 175 2
147 395 2
147 610 -2
147 536 -2
147 392 -2
147 663 -2
147 299 2
147 199 2
147 716 2
147 579 -2
147 202 2
147 588 -2
147 214 2
147 514 2
147 482 2
147 447 -2
147 578 -2
147 574 -2
147 222 2
147 751 2
147 256 -2
147 203 2
148 772 2
148 246 2
148 638 -2
148 507 2
148 233 2
148 790 2
148 338 2
148 173 2
148 352 2
148 340 -2
148 358 2
148 509 2
148 484 -2
148 737 2
148 552 -2
148 195 2
148 739 2
148 222 2
148 792 -2
148 359 2
148 255 -2
148 215 2
148 609 -2
148 723 2
148 314 2
148 157 2
148 542 -2
148 665 2
148 640 -2
148 635 2
148 673 2
148 703 2
148 798 -2
148 231 2
148 237 -2
148 596 -2
148 532 2
148 284 2
148 474 -2
148 603 -2
148 345 -2
148 731 2
148 390 2
149 236 2
149 593 2
149 485 2
149 602 2
149 186 2
149 544 -2
149 367 -2
149 470 -2
149 221 2
149 579 2
149 648 2
149 675 2
149 724 -2
149 444 -2
149 310 -2
149 545 2
149 343 -2
149 255 2
149 369 2
149 673 -2
149 395 2
149 166 2
149 683 -2
149 786 2
149 364 -2
149 776 2
149 728 -2
149 182 -2
149 411 -2
149 168 -2
149 521 -2
149 250 -2
149 160 -2
149 598 -2
149 606 2
149 583 -2
150 765 2
150 608 -2
150 388 2
150 371 2
150 658 -2
150 520 -2
150 434 2
150 408 -2
150 176 2
150 232 2
150 399 -2
150 264 -2
150 459 2
150 178 2
150 348 2
150 494 2
150 754 -2
150 687 2
150 192 -2
150 447 -2
150 453 2
150 790 2
150 696 2
150 454 2
150 464 2
150 709 2
150 201 2
150 307 -2
150 328 -2
150 313 2
150 706 -2
150 649 2
150 419 2
150 198 -2
150 707 -2
150 574 -2
150 583 -2
150 270 -2
150 493 2
150 249 2
150 366 -2
150 618 -2
150 448 2
151 437 2
151 190 -2
151 259 -2
151 398 -2
151 513 -2
151 447 2
151 711 2
151 489 2
151 422 2
151 301 2
151 561 -2
151 509 2
151 262 2
151 153 -2
151 337 2
151 615 2
151 314 -2
151 417 -2
151 181 2
151 797 2
151 539 -2
151 789 -2
151 601 2
151 525 -2
151 287 2
151 457 -2
151 743 -2
151 562 2
151 524 2
151 455 2
151 330 2
152 626 -2
152 780 -2
152 711 -2
152 764 -2
152 712 2
152 702 2
152 473 -2
152 239 -2
152 383 -2
152 171 -2
152 691 -2
152 274 -2
152 726 2
152 419 2
152 223 2
152 488 2
152 438 -2
152 727 -2
152 563 2
152 270 2
152 575 -2
152 680 2
152 562 -2
152 772 2
152 206 -2
152 158 2
152 254 2
152 471 2
152 375 -2
152 327 -2
152 289 2
152 167 2
152 435 -2
152 341 -2
152 635 2
152 757 -2
152 692 -2
152 615 -2
152 694 -2
152 480 2
152 160 -2
152 319 2
153 391 -2
153 234 2
153 609 2
153 740 -2
153 159 2
153 423 -2
153 506 2
153 617 -2
153 546 -2
153 281 2
153 362 -2
153 678 -2
153 290 -2
153 297 2
153 500 2
153 720 2
153 604 -2
153 699 -2
153 633 -2
153 176 -2
153 396 2
153 160 -2
153 491 -2
153 686 2
153 494 2
153 567 -2
153 200 2
153 588 -2
153 651 -2
153 271 -2
153 426 -2
153 432 -2
153 684 -2
153 424 -2
153 488 2
153 450 2
154 503 2
154 345 2
154 738 2
154 244 2
154 361 -2
154 242 2
154 564 2
154 444 -2
154 186 2
154 460 -2
154 759 -2
154 253 2
154 292 2
154 509 2
154 216 -2
154 462 2
154 383 -2
154 551 2
154 299 2
154 516 -2
154 209 -2
154 590 -2
154 499 -2
154 212 -2
154 744 -2
154 357 -2
154 650 -2
154 394 2
154 669 -2
154 296 2
154 210 -2
154 797 2
154 353 2
154 621 -2
154 584 -2
154 723 2
154 716 2
154 455 2
154 477 -2
154 268 2
154 692 2
155 613 2
155 366 -2
155 296 -2
155 419 2
155 211 2
155 726 -2
155 275 2
155 646 -2
155 694 2
155 528 -2
155 760 2
155 424 2
155 743 2
155 595 -2
155 325 2
155 795 -2
155 791 2
155 608 2
155 673 2
155 337 2
155 787 2
155 365 -2
155 457 -2
155 566 2
155 242 2
155 765 2
155 609 2
155 345 2
155 583 2
155 614 2
155 533 -2
155 784 2
156 514 2
156 311 -2
156 383 2
156 467 2
156 739 2
156 668 2
156 214 2
156 769 -2
156 571 -2
156 444 -2
156 515 2
156 199 -2
156 213 -2
156 788 -2
156 475 2
156 384 2
156 269 -2
156 577 -2
156 679 2
156 192 -2
156 507 2
156 158 -2
156 693 -2
156 682 -2
156 477 -2
156 566 -2
156 789 2
156 340 2
156 416 2
156 281 2
156 322 2
156 480 -2
156 369 -2
156 425 2
156 705 2
156 623 2
156 592 -2
156 479 2
157 578 -2
157 760 2
157 580 -2
157 352 2
157 295 -2
157 422 2
157 292 2
157 368 2
157 528 2
157 507 2
157 316 -2
157 497 -2
157 527 -2
157 499 2
157 732 2
157 234 -2
157 792 -2
157 586 2
157 391 2
157 504 -2
157 340 2
157 731 2
157 588 -2
157 517 2
157 606 2
157 626 -2
157 510 -2
157 209 2
157 259 -2
157 574 2
157 765 -2
157 558 2
157 410 -2
157 361 -2
157 572 -2
157 699 2
157 614 2
157 795 -2
157 671 -2
157 704 -2
157 568 2
157 554 -2
157 672 2
158 170 2
158 596 -2
158 416 -2
158 513 2
158 398 -2
158 735 2
158 395 -2
158 472 -2
158 650 -2
158 571 -2
158 640 2
158 337 -2
158 396 -2
158 191 2
158 495 -2
158 676 -2
158 356 -2
158 294 2
158 654 2
158 219 -2
158 723 -2
158 796 2
158 379 -2
158 516 2
158 766 -2
158 278 -2
158 427 -2
158 794 -2
158 655 -2
158 718 2
158 771 -2
158 715 -2
158 773 -2
158 245 -2
158 680 2
158 670 2
158 352 2
158 343 2
159 580 -2
159 271 -2
159 248 2
159 494 -2
159 542 2
159 508 -2
159 394 2
159 347 -2
159 668 2
159 215 2
159 697 2
159 623 2
159 461 2
159 287 -2
159 412 -2
159 576 -2
159 775 2
159 239 -2
159 741 2
159 786 2
159 766 2
159 244 -2
159 431 -2
159 733 2
159 441 -2
159 391 2
159 778 2
159 532 2
159 613 2
159 270 2
159 344 2
159 559 -2
159 363 2
159 612 -2
160 405 -2
160 740 2
160 411 2
160 700 -2
160 515 2
160 305 -2
160 645 -2
160 589 2
160 212 2
160 677 -2
160 603 2
160 459 2
160 566 -2
160 744 -2
160 187 -2
160 615 2
160 762 2
160 620 -2
160 622 2
160 196 -2
160 769 -2
160 379 -2
160 742 2
160 590 -2
160 750 -2
160 284 2
160 352 -2
160 777 2
160 252 -2
160 511 -2
160 370 -2
160 343 2
160 586 2
160 572 -2
160 667 2
160 779 2
160 214 2
160 465 -2
160 773 -2
160 538 2
160 527 2
161 360 2
161 595 -2
161 668 2
161 437 2
161 484 -2
161 779 2
161 694 2
161 338 -2
161 515 -2
161 450 -2
161 460 -2
161 170 -2
161 536 2
161 296 2
161 309 -2
161 214 -2
161 532 2
161 535 2
161 594 2
161 220 2
161 278 2
161 718 -2
161 631 2
161 524 2
161 662 -2
161 614 2
161 698 -2
161 796 2
161 312 2
161 328 2
161 439 -2
161 562 -2
161 571 -2
161 519 2
162 438 2
162 594 -2
162 437 2
162 704 -2
162 341 -2
162 775 -2
162 535 -2
162 371 2
162 335 -2
162 390 -2
162 685 2
162 280 2
162 499 -2
162 402 2
162 787 2
162 688 -2
162 627 -2
162 758 2
162 607 2
162 678 -2
162 190 2
162 603 -2
162 444 2
162 453 2
162 362 2
162 213 -2
162 174 -2
162 386 -2
162 260 -2
162 342 2
162 611 -2
162 652 -2
162 290 -2
162 667 -2
162 777 2
162 192 -2
162 420 2
162 732 2
162 602 -2
162 474 2
162 207 2
162 388 2
162 272 2
162 496 -2
162 177 2
162 343 -2
162 294 -2
162 577 2
162 664 -2
162 403 -2
162 645 -2
163 662 -2
163 263 -2
163 303 -2
163 669 -2
163 357 2
163 693 2
163 780 -2
163 622 -2
163 608 -2
163 335 2
163 432 2
163 554 -2
163 242 -2
163 714 2
163 224 -2
163 530 2
163 352 2
163 245 -2
163 469 -2
163 253 2
163 227 2
163 647 2
163 237 2
163 471 2
163 603 -2
163 525 -2
163 729 -2
163 226 2
163 441 -2
163 367 2
163 516 2
163 606 -2
163 702 -2
163 455 2
163 538 2
163 677 2
163 349 -2
163 392 2
163 375 2
163 475 -2
163 329 2
163 624 2
163 481 2
163 593 2
163 619 2
164 218 -2
164 180 -2
164 588 2
164 776 2
164 302 2
164 435 -2
164 678 -2
164 748 2
164 470 -2
164 740 2
164 461 2
164 703 -2
164 318 -2
164 674 -2
164 764 2
164 451 -2
164 401 2
164 783 -2
164 314 -2
164 321 -2
164 338 -2
164 518 -2
164 568 2
164 786 -2
164 751 2
164 546 2
164 772 2
164 680 -2
164 170 2
164 669 -2
164 666 2
164 178 2
165 590 -2
165 605 2
165 683 2
165 176 -2
165 429 -2
165 611 -2
165 484 -2
165 525 2
165 515 2
165 517 -2
165 397 -2
165 279 2
165 179 2
165 255 -2
165 247 2
165 476 2
165 631 2
165 736 -2
165 619 -2
165 377 -2
165 466 2
165 655 2
165 251 -2
165 305 -2
165 544 2
165 290 -2
165 576 2
165 309 2
165 588 -2
165 717 2
165 678 2
165 171 -2
165 789 2
165 228 2
165 186 2
165 447 -2
165 370 -2
165 225 -2
165 609 2
165 446 2
165 603 2
166 514 -2
166 647 2
166 581 2
166 545 2
166 209 -2
166 267 -2
166 186 -2
166 689 2
166 496 2
166 538 -2
166 413 -2
166 698 -2
166 380 2
166 224 -2
166 655 -2
166 705 -2
166 176 -2
166 629 2
166 315 -2
166 476 -2
166 484 2
166 294 2
166 198 -2
166 526 2
166 649 -2
166 606 2
166 509 2
166 552 2
166 626 2
166 408 -2
166 350 2
166 604 -2
166 367 -2
166 257 -2
166 517 2
166 641 -2
166 586 -2
166 693 2
166 210 -2
166 686 -2
166 584 -2
166 733 2
166 645 -2
166 323 -2
166 713 -2
166 246 2
167 285 2
167 612 -2
167 220 2
167 407 -2
167 660 2
167 398 -2
167 598 -2
167 239 -2
167 319 2
167 624 2
167 523 -2
167 217 -2
167 348 -2
167 545 -2
167 799 2
167 510 -2
167 186 2
167 475 -2
167 376 2
167 317 -2
167 396 -2
167 640 2
167 363 2
167 522 2
167 630 -2
167 284 2
167 222 -2
167 469 -2
167 410 2
167 622 -2
167 280 2
167 755 2
167 634 -2
167 427 2
167 614 2
167 693 2
168 749 2
168 371 -2
168 293 2
168 298 -2
168 586 -2
168 324 2
168 469 2
168 419 -2
168 266 -2
168 780 -2
168 219 2
168 268 2
168 248 2
168 680 -2
168 480 2
168 478 -2
168 384 -2
168 520 -2
168 653 -2
168 332 2
168 442 2
168 747 -2
168 690 -2
168 540 -2
168 742 -2
168 732 -2
168 217 -2
168 467 2
168 741 2
168 291 2
168 648 -2
168 454 2
168 417 -2
168 207 -2
168 229 2
168 634 -2
168 277 2
168 597 -2
168 708 -2
168 735 -2
168 608 -2
168 681 -2
168 372 2
168 587 -2
168 453 2
168 432 2
169 579 -2
169 407 2
169 200 -2
169 741 -2
169 545 -2
169 778 -2
169 595 -2
169 402 2
169 332 -2
169 515 2
169 714 -2
169 764 2
169 241 2
169 542 2
169 689 2
169 312 2
169 448 -2
169 600 -2
169 197 2
169 694 2
169 377 -2
169 674 -2
169 380 2
169 660 -2
169 747 -2
169 649 2
169 445 -2
169 432 2
169 243 -2
169 481 -2
169 238 -2
169 295 -2
169 170 2
169 590 -2
169 768 -2
169 529 2
169 535 -2
169 354 2
169 341 -2
169 456 -2
169 473 -2
170 190 -2
170 435 2
170 467 2
170 674 -2
170 766 2
170 509 2
170 189 2
170 347 -2
170 556 2
170 759 -2
170 176 2
170 559 2
170 360 2
170 685 -2
170 292 -2
170 669 2
170 644 -2
170 628 -2
170 705 2
170 296 2
170 630 -2
170 319 2
170 503 -2
170 498 2
170 205 -2
170 388 2
170 174 -2
170 470 -2
170 670 -2
170 257 2
170 547 2
170 497 -2
170 661 2
170 201 -2
170 246 -2
171 375 2
171 775 2
171 353 -2
171 462 -2
171 281 -2
171 310 2
171 235 -2
171 768 2
171 641 -2
171 639 -2
171 609 -2
171 237 2
171 645 -2
171 306 2
171 619 -2
171 793 2
171 550 2
171 218 2
171 543 2
171 706 2
171 545 -2
171 745 2
171 474 2
171 669 2
171 181 2
171 634 -2
171 295 -2
171 434 -2
171 587 2
171 722 2
171 635 2
172 225 2
172 662 -2
172 232 -2
172 414 -2
172 353 -2
172 618 -2
172 790 2
172 376 2
172 714 2
172 668 -2
172 215 2
172 522 2
172 658 2
172 498 -2
172 732 -2
172 272 -2
172 472 2
172 460 -2
172 568 2
172 738 2
172 647 -2
172 515 -2
172 236 2
172 694 -2
172 233 2
172 654 2
172 756 -2
172 688 -2
172 250 -2
172 656 -2
172 787 -2
172 689 2
172 454 2
172 181 -2
173 313 -2
173 690 2
173 232 2
173 315 -2
173 781 -2
173 417 -2
173 421 2
173 321 -2
173 737 2
173 420 -2
173 617 2
173 350 2
173 340 -2
173 710 2
173 585 -2
173 641 -2
173 385 -2
173 745 -2
173 763 -2
173 608 2
173 602 -2
173 535 -2
173 322 2
173 524 -2
173 625 -2
173 474 -2
173 658 2
173 210 2
173 471 -2
173 371 2
173 718 -2
173 430 2
173 709 -2
173 486 2
173 298 2
173 779 -2
173 278 2
173 248 -2
173 734 2
173 461 -2
173 465 -2
173 462 -2
173 671 2
173 387 -2
173 217 2
173 224 -2
173 615 -2
173 548 -2
173 469 2
174 248 -2
174 370 2
174 204 -2
174 770 -2
174 657 2
174 315 -2
174 200 -2
174 785 2
174 328 -2
174 696 2
174 275 2
174 247 -2
174 637 2
174 397 2
174 551 -2
174 558 -2
174 780 -2
174 258 2
174 224 2
174 482 -2
174 192 2
174 471 2
174 702 -2
174 488 2
174 663 -2
174 190 2
174 358 -2
174 357 2
174 577 -2
174 380 -2
174 658 -2
174 690 -2
174 207 2
174 422 2
174 279 2
174 534 -2
174 443 -2
174 242 2
174 734 2
175 495 -2
175 682 2
175 702 -2
175 584 2
175 517 2
175 325 2
175 547 2
175 485 -2
175 535 2
175 385 -2
175 223 -2
175 291 -2
175 343 2
175 601 -2
175 572 -2
175 374 2
175 786 2
175 348 2
175 676 -2
175 678 2
175 271 2
175 187 -2
175 628 2
175 666 2
175 731 -2
175 568 -2
175 594 -2
175 222 2
175 658 2
175 588 -2
175 332 -2
175 680 -2
175 562 -2
175 773 -2
175 503 -2
175 342 -2
175 686 2
175 394 -2
175 509 -2
175 618 -2
175 670 2
175 655 -2
175 180 -2
175 768 2
176 311 -2
176 364 -2
176 396 2
176 484 -2
176 552 -2
176 406 2
176 301 2
176 664 2
176 745 -2
176 755 2
176 515 -2
176 373 -2
176 275 -2
176 546 2
176 582 2
176 194 -2
176 432 -2
176 605 2
176 315 -2
176 241 2
176 503 2
176 202 2
176 204 -2
176 577 -2
176 397 2
176 767 -2
176 599 -2
176 655 2
176 407 -2
176 732 -2
177 507 2
177 768 2
177 654 -2
177 275 2
177 798 -2
177 256 2
177 604 2
177 675 -2
177 228 2
177 608 2
177 179 -2
177 330 2
177 510 -2
177 407 -2
177 405 2
177 451 -2
177 313 2
177 290 2
177 760 2
177 688 -2
177 723 2
177 594 -2
177 626 2
177 189 -2
177 650 -2
177 721 -2
177 378 -2
177 498 -2
177 770 2
177 428 2
177 289 2
177 241 -2
177 759 -2
177 785 -2
177 201 -2
177 718 2
177 546 -2
177 642 -2
177 748 2
177 221 -2
178 403 2
178 516 -2
178 317 2
178 600 -2
178 431 2
178 464 2
178 574 2
178 430 -2
178 242 2
178 532 -2
178 618 -2
178 470 -2
178 456 2
178 294 -2
178 185 2
178 773 2
178 208 -2
178 750 -2
178 263 2
178 545 -2
178 487 -2
178 478 -2
178 739 2
178 236 -2
178 200 2
178 662 2
178 619 -2
178 350 2
178 398 2
178 265 -2
178 561 2
178 425 2
179 321 2
179 189 2
179 759 -2
179 381 -2
179 793 -2
179 491 -2
179 753 2
179 735 -2
179 562 2
179 596 -2
179 215 -2
179 258 -2
179 540 2
179 643 2
179 246 2
179 253 2
179 775 -2
179 538 2
179 697 2
179 798 2
179 239 2
179 547 2
179 307 2
179 772 -2
179 687 -2
180 701 -2
180 605 -2
180 767 2
180 757 -2
180 480 2
180 762 2
180 797 2
180 428 2
180 573 2
180 296 -2
180 729 2
180 216 -2
180 665 -2
180 358 -2
180 453 2
180 303 -2
180 503 2
180 262 2
180 431 2
180 411 -2
180 564 2
180 293 2
180 677 2
180 427 2
180 580 2
180 465 -2
180 419 -2
180 409 -2
180 242 -2
180 377 -2
180 280 -2
180 616 2
180 379 2
180 397 -2
181 770 -2
181 735 -2
181 723 2
181 556 2
181 458 2
181 524 -2
181 372 -2
181 781 2
181 203 2
181 602 -2
181 248 -2
181 617 2
181 590 -2
181 613 -2
181 407 2
181 378 2
181 718 2
181 299 -2
181 595 2
181 692 2
181 264 2
181 231 -2
181 398 2
181 664 -2
181 799 -2
181 461 -2
181 501 -2
181 644 2
181 681 2
181 671 2
181 470 -2
181 410 2
181 551 -2
181 463 2
181 403 -2
181 660 2
181 309 2
181 222 2
181 471 2
181 490 -2
181 375 -2
181 401 2
181 544 2
181 354 2
182 304 -2
182 461 2
182 780 -2
182 442 2
182 291 2
182 339 -2
182 349 -2
182 778 -2
182 317 -2
182 724 -2
182 740 -2
182 568 -2
182 362 -2
182 784 2
182 530 -2
182 346 -2
182 420 2
182 697 -2
182 747 -2
182 204 2
182 529 -2
182 223 -2
182 592 -2
182 776 -2
182 666 2
182 782 -2
182 729 -2
182 795 2
182 184 2
182 793 -2
182 230 -2
182 316 -2
182 514 2
182 350 2
182 418 -2
182 503 -2
182 450 -2
182 602 -2
182 314 2
183 405 2
183 318 -2
183 329 2
183 629 -2
183 333 -2
183 208 -2
183 277 2
183 767 -2
183 456 2
183 534 2
183 264 -2
183 666 2
183 271 2
183 499 2
183 338 -2
183 350 -2
183 642 -2
183 732 -2
183 557 -2
183 579 -2
183 377 2
183 531 2
183 786 2
183 571 -2
183 741 -2
183 568 2
183 448 2
183 680 2
183 423 -2
183 657 2
183 773 2
183 606 2
183 336 -2
183 294 -2
183 361 2
184 593 2
184 426 2
184 221 -2
184 191 2
184 440 2
184 784 -2
184 792 2
184 460 -2
184 544 2
184 318 -2
184 629 2
184 725 2
184 238 -2
184 569 -2
184 474 2
184 442 2
184 716 2
184 514 -2
184 705 -2
184 479 2
184 775 2
184 573 -2
184 336 2
184 774 2
184 219 2
184 466 -2
184 462 2
184 592 -2
184 278 2
184 236 -2
184 519 2
184 383 -2
184 558 -2
184 302 -2
184 533 2
184 581 -2
184 448 2
184 332 2
184 785 2
185 369 -2
185 733 -2
185 509 -2
185 662 -2
185 583 -2
185 463 -2
185 386 -2
185 613 -2
185 748 2
185 496 2
185 217 -2
185 350 -2
185 723 -2
185 309 -2
185 758 2
185 695 2
185 363 2
185 442 2
185 550 2
185 484 2
185 340 -2
185 224 2
185 597 2
185 204 2
185 708 -2
185 545 2
185 720 2
185 711 2
185 492 -2
185 390 -2
185 457 2
185 370 2
185 485 -2
185 531 2
185 515 2
185 355 -2
185 195 -2
185 264 -2
185 526 -2
185 343 -2
185 588 2
185 747 2
186 727 -2
186 295 2
186 775 2
186 621 -2
186 413 2
186 631 -2
186 644 2
186 665 -2
186 415 -2
186 663 2
186 364 -2
186 497 2
186 582 -2
186 587 -2
186 488 2
186 616 -2
186 564 2
186 585 2
186 734 2
186 321 -2
186 651 2
186 370 2
186 483 -2
186 410 2
186 473 2
186 245 2
186 386 -2
186 608 -2
186 575 -2
186 522 -2
186 541 2
187 798 -2
187 206 2
187 741 2
187 479 2
187 699 -2
187 771 2
187 691 -2
187 438 2
187 656 -2
187 701 2
187 353 2
187 463 2
187 737 -2
187 795 2
187 513 -2
187 501 2
187 468 2
187 723 -2
187 682 2
187 569 -2
187 349 -2
187 686 -2
187 199 -2
188 395 -2
188 224 2
188 568 -2
188 654 2
188 402 -2
188 653 2
188 638 2
188 590 2
188 303 -2
188 588 -2
188 524 2
188 452 2
188 422 -2
188 609 2
188 289 2
188 680 -2
188 657 -2
188 534 2
188 260 -2
188 469 2
188 795 -2
188 597 -2
188 199 -2
188 670 2
188 664 2
188 440 2
188 338 2
188 428 -2
188 689 -2
188 679 -2
188 726 2
188 487 -2
189 193 -2
189 622 -2
189 242 -2
189 568 2
189 790 2
189 335 2
189 212 2
189 605 2
189 259 -2
189 758 -2
189 559 2
189 223 -2
189 679 -2
189 446 2
189 779 2
189 202 2
189 785 -2
189 396 -2
189 373 -2
189 390 2
189 201 -2
189 719 2
189 735 -2
189 490 -2
189 736 -2
189 637 -2
189 415 2
189 270 -2
189 759 2
189 518 -2
189 445 2
189 330 2
189 273 -2
189 237 -2
189 495 -2
189 205 -2
190 597 2
190 761 2
190 273 2
190 576 -2
190 621 -2
190 630 -2
190 719 2
190 214 2
190 546 -2
190 202 2
190 702 -2
190 307 -2
190 416 2
190 391 -2
190 606 -2
190 772 -2
190 463 -2
190 329 2
190 633 -2
190 692 2
190 211 -2
190 647 2
190 375 2
190 432 -2
190 685 -2
190 384 -2
190 308 2
190 494 -2
190 507 2
190 566 -2
190 321 -2
190 236 2
190 569 -2
191 391 2
191 716 2
191 798 2
191 364 -2
191 553 2
191 764 -2
191 519 2
191 731 -2
191 607 2
191 253 2
191 208 2
191 245 -2
191 773 -2
191 382 -2
191 290 -2
191 739 2
191 466 2
191 370 -2
191 437 -2
191 412 -2
191 572 2
191 195 2
191 543 2
191 291 -2
191 354 2
191 353 -2
191 684 2
191 403 -2
191 627 2
191 592 2
191 523 2
191 799 2
191 715 2
191 769 2
191 346 2
191 458 -2
191 720 2
191 249 -2
191 528 2
191 204 2
191 222 -2
191 732 2
191 398 -2
191 429 -2
191 197 2
191 355 2
192 224 -2
192 669 2
192 413 -2
192 336 -2
192 511 2
192 612 -2
192 754 -2
192 430 -2
192 200 2
192 530 -2
192 656 2
192 277 2
192 709 2
192 351 2
192 783 -2
192 592 2
192 522 -2
192 559 2
192 338 -2
192 591 -2
192 425 2
192 643 2
192 230 2
192 707 2
192 611 2
192 713 -2
192 799 -2
192 508 -2
192 729 -2
192 494 -2
192 320 -2
192 552 -2
192 714 -2
192 495 2
192 332 -2
192 603 -2
192 726 2
193 379 -2
193 781 -2
193 435 -2
193 476 -2
193 198 -2
193 665 2
193 377 2
193 457 2
193 743 2
193 313 2
193 533 2
193 619 -2
193 567 2
193 429 -2
193 669 -2
193 554 -2
193 754 2
193 264 2
193 557 2
193 730 -2
193 690 -2
193 234 -2
193 505 2
193 393 2
193 600 2
193 790 2
193 782 2
193 527 2
193 337 2
193 443 -2
193 646 2
193 570 -2
193 202 2
193 514 -2
193 641 -2
193 293 -2
193 546 2
194 371 -2
194 544 2
194 286 -2
194 772 2
194 594 -2
194 668 -2
194 633 2
194 462 -2
194 283 2
194 565 2
194 684 -2
194 382 -2
194 203 -2
194 671 -2
194 703 2
194 465 -2
194 661 2
194 549 -2
194 612 2
194 200 2
194 694 2
194 721 -2
194 445 2
194 638 2
194 630 -2
194 235 -2
194 400 2
194 542 -2
194 793 2
194 215 2
194 771 2
194 444 -2
194 195 2
194 464 2
195 574 -2
195 322 -2
195 212 -2
195 604 -2
195 312 -2
195 636 -2
195 305 2
195 491 2
195 236 2
195 261 2
195 493 2
195 347 -2
195 392 2
195 678 -2
195 796 -2
195 575 -2
195 743 2
195 205 -2
195 380 2
195 534 -2
195 430 2
195 246 2
195 218 2
195 739 -2
195 220 2
195 597 2
195 387 2
195 286 2
195 355 -2
195 736 2
195 571 -2
195 425 2
195 680 -2
195 219 -2
196 302 2
196 458 2
196 739 2
196 292 2
196 421 2
196 497 -2
196 662 -2
196 741 -2
196 764 2
196 563 -2
196 260 -2
196 261 2
196 668 -2
196 210 -2
196 772 -2
196 701 2
196 770 2
196 418 -2
196 777 -2
196 403 -2
196 570 2
196 398 2
196 534 -2
196 647 -2
196 205 2
196 477 -2
196 377 2
196 532 -2
196 658 2
196 620 2
196 687 2
196 624 2
196 728 2
196 499 2
196 698 2
196 759 2
196 677 2
196 211 -2
196 593 -2
196 339 -2
196 394 -2
196 396 2
196 389 -2
196 381 2
197 528 2
197 697 2
197 285 2
197 509 -2
197 640 -2
197 795 2
197 674 -2
197 392 2
197 474 2
197 511 2
197 212 2
197 441 2
197 621 2
197 728 2
197 431 2
197 309 2
197 724 2
197 439 2
197 680 -2
197 211 2
197 414 -2
197 518 -2
197 732 2
197 322 -2
197 566 2
197 442 -2
197 748 -2
197 343 2
197 615 2
197 262 2
197 286 2
197 669 2
197 219 -2
197 401 2
197 735 2
197 740 -2
197 741 -2
197 379 -2
197 495 -2
197 335 -2
197 383 2
197 737 2
197 238 -2
197 311 -2
198 747 -2
198 749 -2
198 455 2
198 417 -2
198 783 2
198 627 2
198 238 -2
198 706 2
198 514 -2
198 549 -2
198 474 -2
198 211 -2
198 682 2
198 540 2
198 647 2
198 414 -2
198 256 -2
198 634 -2
198 678 2
198 797 -2
198 421 2
198 274 -2
198 391 2
198 624 -2
198 557 2
198 466 -2
198 428 -2
198 240 2
198 431 2
198 255 2
198 757 -2
198 231 2
198 778 2
198 308 -2
198 349 2
198 441 2
198 583 -2
198 501 -2
198 774 2
198 541 -2
199 526 2
199 435 -2
199 212 -2
199 557 2
199 422 -2
199 330 2
199 294 -2
199 307 2
199 256 -2
199 514 2
199 252 2
199 285 -2
199 359 -2
199 637 2
199 376 2
199 782 2
199 682 2
199 477 -2
199 627 -2
199 510 -2
199 426 -2
199 485 2
199 650 -2
199 599 -2
199 561 2
199 395 2
199 353 -2
199 698 -2
199 326 2
199 769 2
199 509 -2
199 357 2
199 635 -2
199 568 2
200 284 -2
200 398 -2
200 558 -2
200 311 2
200 570 2
200 306 2
200 458 -2
200 417 2
200 421 -2
200 242 2
200 646 2
200 245 2
200 561 2
200 628 -2
200 407 2
200 441 2
200 560 -2
200 686 2
200 401 -2
200 594 -2
200 756 -2
200 423 2
200 496 -2
200 277 -2
200 507 -2
200 760 2
200 487 -2
200 383 -2
200 494 2
200 499 -2
200 426 -2
200 725 2
200 330 2
200 481 -2
200 705 -2
201 690 2
201 662 -2
201 204 2
201 759 -2
201 464 2
201 510 2
201 708 -2
201 252 -2
201 209 -2
201 526 2
201 430 -2
201 674 -2
201 715 -2
201 326 2
201 221 -2
201 424 2
201 514 -2
201 648 2
201 286 2
201 487 2
201 445 -2
201 223 -2
201 375 2
201 263 2
201 762 2
201 493 2
201 256 2
201 544 -2
201 746 2
201 723 2
201 279 -2
201 733 2
201 213 -2
201 426 2
201 396 2
202 406 2
202 319 -2
202 342 2
202 485 2
202 556 -2
202 449 -2
202 549 -2
202 675 2
202 221 -2
202 669 -2
202 544 -2
202 355 2
202 712 -2
202 360 -2
202 343 -2
202 468 2
202 694 2
202 577 2
202 381 -2
202 417 2
202 721 -2
202 410 2
202 561 2
202 597 2
202 552 2
202 610 2
202 605 -2
202 356 -2
202 240 -2
202 657 -2
202 753 2
202 404 -2
202 686 2
202 626 -2
202 496 2
202 465 2
202 645 2
202 520 2
202 500 -2
202 476 2
202 723 2
202 790 -2
202 579 2
203 382 2
203 240 -2
203 629 -2
203 494 2
203 323 2
203 742 -2
203 779 -2
203 405 -2
203 438 -2
203 316 -2
203 496 2
203 368 2
203 642 -2
203 777 2
203 259 2
203 754 2
203 505 -2
203 416 2
203 389 -2
203 467 2
203 293 -2
203 320 2
203 518 -2
203 363 -2
203 300 -2
203 574 2
203 351 2
203 326 -2
203 759 2
203 476 2
203 279 2
203 796 -2
203 437 2
203 666 -2
203 248 -2
203 711 -2
203 690 -2
203 461 2
203 622 2
203 322 2
203 604 -2
204 261 -2
204 450 2
204 560 2
204 355 2
204 585 2
204 486 -2
204 577 2
204 677 -2
204 410 -2
204 594 2
204 531 -2
204 777 -2
204 358 2
204 460 -2
204 490 -2
204 701 -2
204 366 2
204 556 -2
204 568 2
204 582 2
204 508 -2
204 452 2
204 255 2
204 780 -2
204 652 -2
204 527 -2
204 374 2
204 268 -2
204 571 2
204 444 2
204 422 -2
204 315 2
204 746 2
204 683 2
204 584 2
205 660 2
205 606 2
205 369 2
205 400 2
205 294 -2
205 580 2
205 464 2
205 773 -2
205 378 2
205 324 -2
205 738 2
205 310 2
205 740 -2
205 534 2
205 739 2
205 332 2
205 346 2
205 775 2
205 385 2
205 585 2
205 316 2
205 622 2
205 415 -2
205 314 -2
205 567 2
205 624 -2
205 261 2
205 360 2
205 322 -2
205 611 2
205 455 -2
205 673 -2
205 553 -2
205 664 -2
206 256 2
206 276 -2
206 586 2
206 737 2
206 207 2
206 238 2
206 639 -2
206 478 -2
206 339 -2
206 742 2
206 377 2
206 485 -2
206 299 2
206 565 2
206 785 -2
206 754 -2
206 370 -2
206 698 2
206 470 -2
206 296 -2
206 374 -2
206 340 -2
206 502 2
206 678 -2
206 751 2
206 395 -2
206 323 -2
206 455 2
206 406 -2
206 709 -2
206 489 -2
207 750 2
207 656 2
207 650 2
207 793 2
207 326 -2
207 543 -2
207 226 2
207 771 2
207 285 -2
207 310 -2
207 426 -2
207 514 -2
207 592 -2
207 700 -2
207 739 -2
207 359 2
207 594 -2
207 489 2
207 378 2
207 524 2
207 488 -2
207 795 2
207 716 2
207 448 2
207 455 2
207 318 -2
207 601 -2
207 655 -2
207 266 2
207 672 2
207 418 -2
207 474 -2
207 790 2
207 373 2
207 496 2
207 376 2
207 440 -2
207 646 -2
208 551 2
208 686 2
208 393 2
208 567 -2
208 455 2
208 702 -2
208 364 -2
208 627 2
208 357 2
208 742 2
208 774 -2
208 352 -2
208 582 2
208 534 2
208 220 -2
208 477 -2
208 423 -2
208 274 -2
208 770 2
208 651 -2
208 488 -2
208 602 -2
208 388 -2
208 654 -2
208 513 -2
208 606 -2
208 539 2
208 273 2
208 787 2
208 319 -2
208 745 2
208 419 -2
208 365 -2
208 300 2
208 350 2
208 778 -2
208 590 2
209 788 -2
209 249 -2
209 240 2
209 436 -2
209 659 -2
209 285 2
209 762 -2
209 428 2
209 523 -2
209 660 -2
209 303 2
209 585 2
209 478 -2
209 718 2
209 653 2
209 737 2
209 514 -2
209 682 2
209 271 -2
209 488 2
209 639 2
209 409 -2
209 262 2
209 490 -2
209 474 -2
209 557 2
209 651 -2
209 757 2
209 589 2
210 549 2
210 639 -2
210 246 2
210 380 2
210 523 2
210 781 2
210 773 2
210 538 2
210 395 -2
210 291 -2
210 695 2
210 367 -2
210 458 -2
210 766 -2
210 456 -2
210 263 -2
210 414 2
210 780 -2
210 749 -2
210 782 -2
210 420 -2
210 267 2
210 465 2
210 413 -2
210 527 -2
210 352 2
210 546 2
210 582 2
210 530 2
210 354 -2
210 300 -2
210 699 -2
210 564 2
210 230 -2
210 444 2
210 662 -2
210 432 -2
210 323 -2
210 646 -2
210 270 2
211 281 -2
211 507 2
211 363 -2
211 780 2
211 395 -2
211 587 2
211 493 -2
211 525 2
211 412 -2
211 437 -2
211 727 2
211 700 2
211 757 -2
211 332 -2
211 397 -2
211 284 2
211 619 2
211 679 2
211 433 2
211 318 -2
211 572 2
211 435 2
211 411 -2
211 455 -2
211 427 2
211 396 -2
211 554 2
211 644 2
211 767 2
212 600 -2
212 325 -2
212 506 -2
212 599 -2
212 314 -2
212 442 2
212 530 -2
212 386 -2
212 563 2
212 692 -2
212 246 -2
212 492 2
212 360 -2
212 440 -2
212 323 -2
212 376 2
212 543 -2
212 547 2
212 665 2
212 295 -2
212 340 2
212 414 2
212 345 2
212 293 2
212 780 -2
212 789 -2
212 411 2
212 662 -2
212 499 -2
212 309 2
212 225 -2
212 709 2
212 691 -2
212 407 -2
212 478 -2
212 427 -2
212 626 2
213 774 2
213 581 2
213 327 2
213 450 -2
213 324 2
213 584 -2
213 355 -2
213 610 -2
213 253 2
213 291 2
213 782 2
213 329 -2
213 263 2
213 528 2
213 216 2
213 434 2
213 506 -2
213 623 2
213 566 2
213 266 -2
213 717 -2
213 463 -2
213 229 2
213 571 2
213 750 2
213 509 2
213 350 2
213 792 -2
213 444 -2
213 690 2
213 257 -2
213 452 2
213 615 2
214 742 2
214 632 -2
214 438 -2
214 758 -2
214 585 -2
214 760 2
214 654 -2
214 393 2
214 687 -2
214 246 2
214 628 -2
214 575 -2
214 648 -2
214 485 2
214 777 -2
214 225 2
214 578 2
214 762 -2
214 793 -2
214 586 -2
214 286 -2
214 359 -2
214 609 2
214 596 2
214 763 -2
214 289 -2
214 493 2
214 376 2
214 782 -2
214 498 -2
214 320 2
214 509 -2
214 706 2
214 719 2
214 400 -2
214 490 2
214 708 2
214 437 2
214 380 -2
214 441 -2
214 458 2
215 573 -2
215 290 2
215 380 2
215 448 2
215 533 2
215 362 2
215 636 2
215 566 2
215 796 -2
215 351 -2
215 773 -2
215 762 2
215 330 2
215 371 2
215 559 -2
215 525 -2
215 751 2
215 255 -2
215 400 -2
215 407 -2
215 458 -2
215 396 -2
215 333 2
215 310 -2
215 623 -2
215 268 2
215 373 2
215 325 -2
215 720 -2
215 782 -2
215 328 -2
215 531 -2
215 596 -2
215 357 -2
215 486 2
215 740 2
215 264 -2
216 303 -2
216 222 2
216 432 -2
216 477 2
216 355 -2
216 707 -2
216 540 2
216 723 -2
216 482 2
216 752 2
216 346 2
216 418 -2
216 384 2
216 389 2
216 286 -2
216 732 2
216 429 -2
216 402 2
216 405 -2
216 664 2
216 679 2
216 376 -2
216 232 2
216 787 2
216 745 -2
216 538 2
216 792 2
216 646 2
216 504 -2
216 254 2
216 409 -2
216 741 -2
216 617 -2
216 368 -2
216 712 -2
216 554 -2
216 574 2
216 473 -2
216 410 2
216 666 2
216 445 -2
216 468 -2
216 340 -2
216 329 -2
216 738 -2
216 582 2
217 326 -2
217 404 -2
217 241 2
217 274 -2
217 546 2
217 642 2
217 525 -2
217 763 -2
217 748 2
217 588 2
217 387 -2
217 290 -2
217 318 2
217 706 -2
217 405 2
217 509 -2
217 518 2
217 660 2
217 701 2
217 449 -2
217 385 -2
217 581 2
217 422 2
217 721 -2
217 441 2
217 681 2
217 391 2
217 352 -2
217 237 2
217 322 -2
217 248 2
218 360 -2
218 439 2
218 768 -2
218 403 2
218 344 2
218 733 2
218 639 -2
218 370 -2
218 232 -2
218 276 2
218 789 2
218 762 2
218 723 -2
218 765 -2
218 678 2
218 624 -2
218 794 -2
218 246 -2
218 790 2
218 428 -2
218 516 -2
218 670 -2
218 463 2
218 222 2
218 614 2
218 372 -2
218 593 -2
218 634 -2
218 577 -2
218 645 -2
218 576 -2
218 379 2
218 245 -2
218 628 2
218 510 2
218 247 2
218 296 -2
218 560 -2
218 718 -2
219 582 -2
219 308 2
219 518 2
219 663 2
219 551 -2
219 690 -2
219 487 -2
219 379 2
219 232 -2
219 445 2
219 585 -2
219 270 2
219 481 -2
219 480 -2
219 603 -2
219 421 -2
219 284 -2
219 618 -2
219 404 2
219 382 2
219 282 -2
219 678 2
219 593 2
219 629 2
219 722 2
219 734 -2
219 534 2
219 396 2
219 539 2
219 354 -2
219 762 2
219 715 -2
219 713 -2
219 616 -2
219 655 2
219 601 -2
219 729 -2
219 475 2
219 793 -2
219 385 2
220 289 -2
220 580 2
220 751 2
220 299 -2
220 373 2
220 635 -2
220 596 2
220 516 2
220 332 2
220 692 2
220 506 -2
220 257 -2
220 420 2
220 451 -2
220 637 -2
220 296 -2
220 671 -2
220 638 -2
220 293 -2
220 507 -2
220 367 -2
220 687 2
220 238 -2
220 515 -2
220 523 -2
220 745 -2
220 697 -2
220 364 -2
220 234 2
220 470 2
220 240 2
220 798 2
220 239 2
220 379 2
220 392 2
220 651 2
220 430 2
220 244 -2
220 278 -2
221 287 -2
221 492 -2
221 546 -2
221 499 2
221 791 2
221 533 2
221 319 -2
221 599 2
221 588 -2
221 703 2
221 700 -2
221 500 2
221 472 -2
221 648 2
221 440 2
221 382 2
221 420 2
221 796 2
221 253 -2
221 602 -2
221 753 2
221 584 -2
221 451 2
221 282 2
221 308 2
221 508 -2
221 592 2
221 392 -2
221 446 -2
221 371 2
221 682 2
221 418 2
221 653 -2
221 636 2
222 630 2
222 402 2
222 767 -2
222 492 -2
222 491 -2
222 553 -2
222 683 -2
222 486 -2
222 634 2
222 588 2
222 398 -2
222 798 -2
222 497 -2
222 494 -2
222 531 -2
222 729 2
222 309 2
222 574 2
222 750 -2
222 578 -2
222 274 -2
222 685 -2
222 293 2
222 657 -2
222 723 -2
222 339 -2
222 381 -2
222 264 2
222 714 -2
222 251 -2
222 628 -2
222 322 -2
222 444 2
222 721 2
222 536 2
223 694 2
223 243 2
223 329 2
223 556 2
223 483 -2
223 727 -2
223 679 -2
223 746 2
223 477 -2
223 445 -2
223 541 -2
223 587 2
223 726 -2
223 762 2
223 292 2
223 323 2
223 785 2
223 282 2
223 687 -2
223 686 2
223 699 -2
223 350 -2
223 369 2
223 549 -2
223 252 2
223 450 2
223 764 2
223 405 -2
223 570 -2
223 561 2
223 682 -2
223 789 2
223 436 2
223 412 2
223 361 2
223 765 -2
223 271 -2
223 592 2
224 490 2
224 309 -2
224 611 -2
224 240 -2
224 709 2
224 549 2
224 579 -2
224 607 2
224 674 2
224 444 -2
224 710 2
224 496 2
224 753 2
224 647 -2
224 241 2
224 339 -2
224 369 -2
224 700 2
224 699 2
224 384 2
224 593 2
224 343 2
224 792 2
224 631 -2
224 476 2
224 644 -2
224 633 -2
224 773 -2
224 675 -2
224 738 2
224 580 -2
224 522 2
224 363 2
224 555 2
224 518 2
224 438 2
225 761 2
225 290 -2
225 291 -2
225 602 2
225 439 2
225 730 2
225 639 -2
225 665 -2
225 380 -2
225 363 -2
225 433 2
225 703 2
225 557 2
225 579 2
225 767 2
225 792 -2
225 279 2
225 625 -2
225 592 2
225 483 2
225 576 2
225 356 2
225 382 2
225 650 2
225 250 -2
225 531 2
225 583 2
225 457 -2
225 570 2
225 541 -2
225 273 2
225 488 2
225 346 -2
225 624 -2
225 280 -2
225 367 2
225 333 -2
226 630 -2
226 313 -2
226 652 2
226 339 2
226 688 -2
226 431 -2
226 596 -2
226 473 2
226 494 2
226 426 2
226 684 -2
226 353 2
226 386 2
226 697 -2
226 533 2
226 242 2
226 410 2
226 243 -2
226 736 -2
226 622 -2
226 364 2
226 262 -2
226 231 2
226 734 2
226 523 -2
226 453 2
226 742 2
226 507 -2
226 767 2
226 537 -2
226 611 -2
226 784 2
226 513 2
226 452 2
226 233 -2
226 375 2
226 263 -2
226 238 -2
226 677 2
226 430 2
226 355 -2
226 319 -2
226 557 2
226 320 2
226 415 -2
226 402 -2
226 230 2
226 542 -2
226 345 -2
226 745 2
227 672 2
227 441 -2
227 269 -2
227 530 2
227 787 2
227 745 -2
227 736 -2
227 637 2
227 741 2
227 443 2
227 747 2
227 428 2
227 758 -2
227 609 -2
227 372 2
227 449 2
227 246 2
227 439 -2
227 342 2
227 446 -2
227 645 -2
227 389 -2
227 257 2
227 244 -2
227 300 2
227 322 -2
227 763 -2
227 264 -2
227 351 2
227 283 2
227 465 2
227 652 -2
227 756 -2
227 289 2
228 380 -2
228 757 -2
228 503 2
228 593 -2
228 344 2
228 449 2
228 275 2
228 720 2
228 607 2
228 636 -2
228 465 -2
228 435 -2
228 302 2
228 407 2
228 748 2
228 350 2
228 730 2
228 734 -2
228 263 -2
228 265 2
228 624 -2
228 474 2
228 333 -2
228 621 -2
228 378 -2
228 752 -2
228 316 -2
228 571 2
228 425 -2
229 511 2
229 604 -2
229 479 2
229 496 2
229 601 2
229 649 2
229 621 -2
229 619 2
229 304 -2
229 347 -2
229 584 2
229 788 2
229 566 2
229 522 -2
229 512 2
229 408 2
229 659 -2
229 401 -2
229 265 -2
229 744 2
229 468 2
229 500 -2
229 253 2
229 318 -2
229 773 2
229 339 -2
229 400 2
229 767 2
229 603 -2
229 402 -2
229 762 2
229 583 -2
229 450 -2
229 473 -2
229 592 -2
229 598 -2
230 463 2
230 738 2
230 393 2
230 746 -2
230 773 -2
230 473 2
230 342 -2
230 430 2
230 717 -2
230 285 2
230 442 -2
230 412 -2
230 422 2
230 784 2
230 714 2
230 483 2
230 243 2
230 530 -2
230 458 -2
230 715 2
230 684 2
230 776 2
230 334 2
230 793 -2
230 486 2
230 461 2
230 457 -2
230 639 2
231 659 2
231 777 -2
231 670 2
231 432 2
231 701 -2
231 694 -2
231 603 -2
231 306 2
231 613 2
231 450 2
231 549 2
231 602 -2
231 540 -2
231 407 2
231 529 2
231 586 -2
231 785 -2
231 365 -2
231 474 2
231 485 2
231 629 2
231 523 2
231 727 -2
231 473 2
231 633 -2
231 579 -2
231 509 -2
231 776 -2
231 363 2
231 246 2
231 630 2
231 273 2
231 318 2
231 459 2
231 252 2
231 542 2
231 433 -2
231 394 -2
231 771 2
231 376 2
231 444 -2
231 560 2
231 328 -2
231 281 2
231 500 2
231 494 -2
231 795 -2
231 621 2
231 411 -2
231 386 -2
231 751 -2
231 497 2
232 371 -2
232 560 -2
232 415 2
232 692 2
232 681 -2
232 394 2
232 271 -2
232 466 2
232 594 2
232 794 -2
232 496 2
232 334 -2
232 258 2
232 733 -2
232 662 2
232 346 -2
232 491 -2
232 364 -2
232 336 -2
232 766 -2
232 311 -2
232 245 2
232 646 -2
232 424 2
232 323 -2
232 788 -2
232 694 -2
232 499 -2
233 403 2
233 259 2
233 437 -2
233 385 -2
233 687 2
233 725 2
233 739 -2
233 719 2
233 359 -2
233 621 2
233 632 2
233 779 -2
233 674 2
233 681 2
233 613 -2
233 627 -2
233 241 -2
233 736 -2
233 606 2
233 715 -2
233 261 2
233 544 -2
233 408 2
233 332 -2
233 664 2
233 486 2
233 409 -2
233 252 2
233 331 -2
233 315 -2
233 576 2
233 495 -2
234 637 2
234 627 -2
234 759 -2
234 262 -2
234 745 2
234 639 -2
234 735 2
234 738 -2
234 653 2
234 410 -2
234 691 2
234 335 2
234 427 2
234 737 -2
234 253 -2
234 391 -2
234 757 -2
234 747 2
234 414 2
234 665 2
234 786 -2
234 554 2
234 363 -2
234 634 2
234 290 -2
234 357 2
234 548 2
234 265 2
234 284 2
234 684 2
234 519 -2
234 645 -2
234 776 2
235 623 2
235 350 2
235 411 2
235 327 2
235 466 -2
235 704 -2
235 667 -2
235 284 2
235 699 2
235 615 -2
235 310 2
235 691 -2
235 391 2
235 260 -2
235 295 -2
235 422 2
235 610 2
235 671 2
235 324 -2
235 434 -2
235 490 2
235 677 2
235 464 -2
235 573 -2
235 371 -2
235 430 2
235 785 -2
235 668 -2
236 777 -2
236 550 -2
236 294 -2
236 635 -2
236 629 -2
236 682 2
236 799 2
236 616 -2
236 529 -2
236 283 2
236 789 2
236 343 2
236 462 -2
236 344 2
236 684 -2
236 743 -2
236 253 -2
236 300 2
236 652 -2
236 781 2
236 728 2
236 450 2
236 251 -2
236 774 -2
236 471 -2
236 352 -2
236 564 -2
236 427 -2
236 502 2
236 566 -2
236 543 -2
236 371 -2
236 678 -2
236 705 2
236 401 2
236 510 -2
236 383 2
237 396 -2
237 602 -2
237 642 2
237 679 -2
237 414 -2
237 791 -2
237 260 -2
237 758 -2
237 464 -2
237 581 2
237 378 2
237 704 -2
237 449 -2
237 546 2
237 713 2
237 781 -2
237 283 2
237 722 2
237 401 -2
237 762 -2
237 743 2
237 270 -2
237 374 -2
237 680 -2
237 268 -2
237 681 -2
237 792 -2
237 574 2
237 541 -2
237 385 2
237 580 -2
237 512 -2
237 697 -2
238 665 2
238 728 2
238 430 -2
238 295 2
238 517 2
238 737 -2
238 760 2
238 486 2
238 693 2
238 636 2
238 285 -2
238 302 -2
238 503 -2
238 768 -2
238 787 2
238 696 2
238 654 -2
238 375 -2
238 422 -2
238 524 2
238 548 -2
238 758 -2
238 572 2
238 340 -2
239 470 2
239 793 2
239 611 2
239 786 2
239 658 -2
239 268 2
239 507 -2
239 421 2
239 284 2
239 648 2
239 441 -2
239 764 -2
239 417 -2
239 285 2
239 792 2
239 571 2
239 489 -2
239 680 -2
239 487 2
239 598 -2
239 442 -2
239 311 2
239 523 2
239 623 2
239 450 -2
239 638 -2
239 581 2
239 382 2
239 435 -2
239 353 2
239 641 -2
239 448 -2
240 676 2
240 799 2
240 790 2
240 569 2
240 264 2
240 539 2
240 431 2
240 737 2
240 313 -2
240 452 2
240 534 2
240 406 -2
240 745 -2
240 664 2
240 576 2
240 563 2
240 583 -2
240 598 2
240 444 2
240 522 -2
240 629 -2
240 279 2
240 305 -2
240 761 2
240 568 -2
240 591 2
240 754 -2
240 741 -2
240 538 2
240 379 -2
240 245 -2
240 727 -2
240 621 2
241 368 2
241 536 2
241 657 -2
241 338 -2
241 675 -2
241 454 -2
241 462 2
241 587 -2
241 677 2
241 374 2
241 626 2
241 644 2
241 708 2
241 597 2
241 504 2
241 442 2
241 707 -2
241 321 2
241 623 2
241 685 2
241 601 2
241 725 2
241 502 2
241 640 2
241 340 -2
241 354 2
241 737 2
241 312 2
241 622 2
241 647 -2
241 792 -2
241 388 2
241 428 2
241 531 2
241 275 2
241 262 -2
241 539 -2
241 494 -2
241 535 2
241 524 2
242 772 2
242 604 -2
242 567 2
242 698 -2
242 560 2
242 372 2
242 500 -2
242 257 -2
242 600 2
242 774 -2
242 323 -2
242 490 -2
242 724 -2
242 756 2
242 620 -2
242 702 -2
242 317 -2
242 562 2
242 663 2
242 467 2
242 549 2
242 758 2
242 252 2
242 369 -2
242 480 -2
242 270 -2
242 403 2
242 538 -2
242 570 -2
242 337 -2
242 542 2
242 503 -2
242 696 -2
242 754 2
242 419 -2
242 676 2
242 541 2
242 476 -2
242 413 2
242 402 -2
243 516 -2
243 252 -2
243 325 -2
243 558 -2
243 737 -2
243 391 2
243 495 2
243 370 -2
243 698 2
243 421 2
243 610 -2
243 591 2
243 436 2
243 623 2
243 764 -2
243 714 -2
243 476 2
243 651 -2
243 586 2
243 357 -2
243 585 -2
243 720 2
243 632 -2
243 278 -2
243 656 2
243 321 2
243 782 2
243 518 2
243 245 -2
243 419 2
243 661 -2
244 789 2
244 596 -2
244 408 -2
244 751 -2
244 402 2
244 422 2
244 400 -2
244 477 2
244 659 2
244 521 2
244 404 2
244 725 -2
244 784 2
244 715 -2
244 744 -2
244 389 -2
244 345 2
244 686 -2
244 628 2
244 739 2
244 606 2
244 539 -2
244 494 2
244 374 -2
244 506 -2
244 407 2
244 327 -2
244 632 -2
244 791 -2
244 298 2
244 537 2
244 377 2
244 447 2
244 284 2
244 644 -2
244 562 -2
244 587 2
244 656 -2
244 303 2
244 448 -2
245 551 2
245 785 2
245 501 2
245 405 -2
245 306 -2
245 742 -2
245 375 -2
245 473 -2
245 789 -2
245 561 2
245 345 -2
245 581 -2
245 354 -2
245 709 -2
245 555 -2
245 753 2
245 589 -2
245 432 -2
245 722 -2
245 261 2
245 558 -2
245 341 2
245 535 2
245 468 2
245 778 -2
245 356 2
245 665 2
245 286 2
245 698 -2
245 598 2
245 759 2
245 529 2
245 784 -2
246 705 -2
246 702 -2
246 490 2
246 747 -2
246 711 2
246 380 2
246 586 -2
246 313 2
246 515 2
246 548 2
246 657 -2
246 591 -2
246 679 2
246 301 -2
246 661 -2
246 646 2
246 664 -2
246 667 2
246 496 -2
246 349 -2
246 277 2
246 798 2
246 799 -2
246 782 -2
246 283 2
246 700 2
246 346 -2
246 321 -2
246 465 -2
246 416 2
246 546 -2
246 489 -2
246 413 2
246 793 2
247 646 -2
247 565 2
247 581 -2
247 674 2
247 361 2
247 365 -2
247 731 -2
247 744 2
247 437 2
247 536 -2
247 762 -2
247 332 2
247 315 -2
247 689 -2
247 703 2
247 268 -2
247 685 2
247 509 -2
247 317 2
247 270 2
247 693 2
247 787 -2
247 347 -2
247 584 2
247 435 2
247 308 -2
247 287 2
247 386 -2
247 751 2
247 252 -2
247 746 2
247 789 -2
247 686 -2
247 694 -2
247 456 2
248 755 -2
248 637 -2
248 546 2
248 452 -2
248 573 2
248 578 2
248 633 2
248 284 -2
248 788 -2
248 626 2
248 783 -2
248 484 -2
248 683 -2
248 433 2
248 349 2
248 735 -2
248 357 -2
248 306 -2
248 539 2
248 335 -2
248 494 -2
248 763 -2
248 515 2
248 516 2
248 363 -2
248 559 2
248 313 2
248 464 2
248 359 2
248 368 2
248 453 -2
248 534 -2
248 701 2
248 347 2
249 467 -2
249 542 -2
249 696 2
249 713 -2
249 649 -2
249 761 2
249 284 -2
249 731 2
249 598 -2
249 673 -2
249 753 -2
249 393 -2
249 586 -2
249 404 2
249 539 2
249 684 2
249 630 -2
249 262 2
249 698 -2
249 637 -2
249 779 -2
249 282 2
249 726 2
249 304 2
249 420 2
249 429 -2
249 651 -2
249 511 -2
249 264 2
249 622 -2
249 727 2
249 547 2
249 620 -2
249 766 2
249 662 2
250 289 -2
250 603 2
250 550 2
250 780 -2
250 401 2
250 620 2
250 507 2
250 662 -2
250 693 -2
250 296 2
250 570 2
250 373 2
250 362 -2
250 629 2
250 504 2
250 398 2
250 342 2
250 452 2
250 439 -2
250 744 -2
250 719 2
250 757 2
250 536 -2
250 302 2
250 675 2
250 473 -2
250 715 -2
250 797 -2
250 790 -2
250 665 -2
250 385 2
250 738 -2
250 602 -2
250 724 -2
250 608 -2
251 724 -2
251 432 2
251 530 -2
251 560 -2
251 641 -2
251 488 -2
251 734 2
251 618 2
251 518 2
251 353 2
251 269 2
251 566 2
251 312 2
251 463 2
251 454 2
251 579 -2
251 776 2
251 508 -2
251 524 -2
251 265 2
251 329 -2
251 311 -2
251 762 2
251 779 2
251 476 2
251 595 2
251 757 2
251 384 -2
251 610 -2
251 713 -2
251 751 -2
251 526 -2
251 310 -2
251 545 -2
251 381 2
251 280 2
251 451 2
251 292 -2
251 738 2
251 333 -2
251 588 -2
251 388 2
251 425 -2
251 664 2
251 752 2
251 443 2
251 596 -2
251 749 -2
251 703 2
252 520 -2
252 731 2
252 428 2
252 490 -2
252 348 2
252 539 2
252 483 2
252 754 -2
252 425 -2
252 437 -2
252 586 -2
252 740 -2
252 547 2
252 418 2
252 680 -2
252 481 2
252 331 -2
252 282 -2
252 617 -2
252 507 -2
252 780 2
252 627 -2
252 363 -2
252 708 2
252 395 -2
252 326 -2
252 603 2
252 295 -2
252 725 2
252 671 2
253 283 2
253 671 2
253 320 -2
253 469 -2
253 343 -2
253 461 -2
253 392 -2
253 638 -2
253 664 2
253 521 -2
253 454 2
253 309 2
253 381 2
253 352 -2
253 598 2
253 540 2
253 553 2
253 572 -2
253 332 2
253 489 -2
253 374 2
253 515 2
253 684 -2
253 423 -2
253 547 2
253 324 -2
253 798 -2
253 643 2
253 477 2
253 571 -2
253 646 -2
253 654 2
253 735 2
253 556 2
253 262 2
253 545 -2
253 660 2
253 505 -2
253 785 -2
253 329 2
253 525 2
254 582 2
254 718 2
254 799 2
254 795 -2
254 775 -2
254 648 -2
254 656 -2
254 703 -2
254 721 -2
254 638 2
254 282 -2
254 674 2
254 707 2
254 649 2
254 759 -2
254 275 2
254 708 2
254 303 2
254 484 -2
254 328 2
254 366 2
254 722 2
254 720 2
254 461 -2
254 702 2
254 292 2
254 340 2
254 769 2
254 345 2
254 677 -2
254 586 2
254 761 2
254 629 2
254 323 2
254 551 2
254 308 -2
254 607 2
254 724 2
255 796 2
255 470 2
255 296 2
255 752 -2
255 773 2
255 294 2
255 551 2
255 272 -2
255 638 -2
255 558 -2
255 700 2
255 601 2
255 615 -2
255 440 2
255 692 -2
255 368 2
255 770 -2
255 565 2
255 616 -2
255 331 2
255 701 -2
255 577 2
255 557 2
255 703 2
255 751 -2
255 746 2
255 563 2
255 403 2
255 672 -2
255 712 2
255 518 2
255 290 2
255 605 2
255 488 2
255 769 -2
255 344 2
255 421 2
255 797 2
255 602 -2
255 485 -2
255 600 2
255 524 -2
255 559 2
255 425 -2
256 697 -2
256 733 2
256 562 2
256 297 -2
256 506 2
256 530 2
256 462 -2
256 465 -2
256 299 -2
256 736 -2
256 695 2
256 623 -2
256 401 2
256 662 2
256 365 -2
256 422 2
256 300 2
256 747 2
256 344 -2
256 273 -2
256 569 -2
256 624 2
256 412 2
256 687 -2
256 320 2
256 712 -2
256 782 2
256 327 2
256 324 -2
256 261 -2
256 308 2
256 769 2
256 384 -2
256 475 2
256 670 -2
256 340 2
256 283 -2
256 777 -2
256 294 -2
256 399 -2
256 268 -2
257 797 -2
257 468 -2
257 272 -2
257 488 -2
257 501 -2
257 569 -2
257 360 -2
257 401 -2
257 472 -2
257 599 -2
257 537 2
257 404 2
257 694 -2
257 706 -2
257 576 -2
257 475 2
257 438 -2
257 553 -2
257 452 2
257 722 -2
257 642 2
257 773 2
257 278 2
257 504 -2
257 359 2
257 661 -2
257 456 -2
257 481 2
257 318 -2
257 718 2
257 634 2
257 308 -2
258 338 -2
258 791 2
258 571 2
258 485 2
258 588 -2
258 653 2
258 362 -2
258 378 -2
258 601 2
258 476 -2
258 775 -2
258 284 2
258 311 2
258 725 2
258 758 2
258 287 -2
258 626 -2
258 309 -2
258 475 2
258 417 -2
258 334 -2
258 345 -2
258 461 -2
258 364 2
258 790 -2
258 339 2
258 616 2
258 425 -2
258 482 2
258 671 2
258 340 2
258 464 -2
258 641 -2
258 307 2
258 398 -2
258 496 2
258 799 -2
258 515 2
259 358 2
259 752 -2
259 471 -2
259 503 -2
259 261 -2
259 478 2
259 364 -2
259 308 2
259 512 -2
259 494 2
259 268 2
259 355 2
259 361 -2
259 425 2
259 429 -2
259 309 2
259 716 -2
259 289 -2
259 704 -2
259 654 2
259 426 2
259 374 -2
259 434 2
259 463 2
259 625 -2
259 445 -2
259 296 -2
259 326 2
259 345 -2
259 480 -2
259 441 2
259 458 -2
259 737 -2
259 745 -2
259 387 2
259 761 2
259 369 2
259 297 2
259 729 2
260 750 -2
260 468 -2
260 454 -2
260 788 2
260 735 -2
260 420 -2
260 709 -2
260 356 -2
260 647 2
260 586 -2
260 683 2
260 737 -2
260 434 2
260 634 2
260 760 2
260 471 2
260 680 2
260 625 2
260 504 2
260 288 2
260 781 2
260 478 2
260 566 -2
260 365 -2
260 271 -2
261 393 2
261 568 -2
261 643 -2
261 554 -2
261 407 -2
261 779 -2
261 707 2
261 728 2
261 786 2
261 481 -2
261 377 2
261 282 -2
261 303 -2
261 313 -2
261 518 -2
261 616 -2
261 516 2
261 358 2
261 771 2
261 465 2
261 483 -2
261 479 -2
261 735 2
261 657 -2
261 520 -2
261 508 2
261 296 2
261 641 -2
261 513 2
261 695 -2
261 756 -2
261 315 2
261 536 2
262 422 -2
262 569 -2
262 562 2
262 516 -2
262 449 2
262 752 2
262 626 -2
262 588 2
262 674 2
262 387 -2
262 361 2
262 756 -2
262 604 2
262 750 -2
262 559 2
262 579 -2
262 624 -2
262 716 2
262 371 2
262 566 2
262 722 -2
262 662 2
262 666 -2
262 385 -2
262 544 -2
262 694 2
262 446 2
262 295 -2
262 274 2
262 581 2
262 680 -2
262 758 -2
262 290 2
262 792 2
262 735 -2
262 496 -2
262 777 -2
262 782 2
262 605 -2
262 333 2
262 582 2
262 292 -2
262 505 -2
263 381 2
263 745 -2
263 638 2
263 556 2
263 663 -2
263 356 -2
263 508 2
263 305 2
263 574 -2
263 592 -2
263 572 -2
263 427 2
263 353 -2
263 497 -2
263 634 2
263 704 -2
263 282 -2
263 794 -2
263 326 2
263 621 2
263 711 -2
263 563 -2
263 619 2
263 306 -2
263 654 -2
263 388 -2
263 732 -2
263 278 -2
263 522 -2
263 294 -2
263 760 2
263 318 2
263 477 -2
263 602 2
263 267 2
263 496 -2
263 616 2
263 746 2
264 741 2
264 759 -2
264 479 -2
264 438 2
264 683 2
264 557 -2
264 556 -2
264 679 2
264 549 -2
264 785 2
264 534 2
264 378 -2
264 547 2
264 285 -2
264 767 -2
264 331 2
264 265 -2
264 497 -2
264 518 -2
264 439 -2
264 577 2
264 517 -2
264 625 2
264 329 -2
264 441 -2
264 609 -2
264 770 2
264 469 -2
264 737 2
264 482 -2
264 318 2
264 716 -2
264 769 -2
264 642 2
264 399 2
265 758 2
265 622 2
265 576 2
265 372 2
265 673 2
265 366 -2
265 633 2
265 681 -2
265 370 -2
265 589 2
265 512 -2
265 423 -2
265 791 -2
265 743 2
265 607 -2
265 530 2
265 789 -2
265 730 -2
265 768 -2
265 602 -2
265 634 -2
265 711 -2
265 481 -2
265 695 -2
265 677 -2
266 617 2
266 522 -2
266 324 -2
266 682 -2
266 707 -2
266 271 2
266 640 -2
266 658 -2
266 518 2
266 643 -2
266 513 -2
266 330 2
266 470 -2
266 785 -2
266 620 -2
266 278 2
266 482 -2
266 653 2
266 497 2
266 337 2
266 290 -2
266 312 -2
266 755 2
266 447 2
266 731 2
266 601 -2
266 429 2
266 515 -2
266 626 2
266 671 -2
266 503 -2
266 621 2
266 793 2
266 687 -2
267 760 2
267 431 2
267 432 -2
267 470 -2
267 594 -2
267 648 2
267 290 -2
267 375 2
267 794 -2
267 686 -2
267 742 -2
267 575 2
267 452 -2
267 660 -2
267 642 2
267 510 2
267 498 -2
267 746 -2
267 366 2
267 768 2
267 754 2
267 322 -2
267 600 -2
267 764 2
267 682 -2
267 523 2
267 798 2
267 445 -2
267 321 -2
267 294 -2
267 399 -2
267 796 2
267 268 -2
267 599 2
268 355 -2
268 724 -2
268 349 -2
268 753 -2
268 489 2
268 672 2
268 538 -2
268 631 -2
268 325 2
268 358 2
268 382 2
268 763 2
268 721 -2
268 405 2
268 622 -2
268 371 2
268 667 -2
268 341 -2
268 361 -2
268 777 2
268 630 -2
268 761 2
268 585 2
268 476 -2
268 440 2
269 278 -2
269 519 -2
269 408 2
269 341 2
269 282 -2
269 579 2
269 767 -2
269 332 2
269 711 2
269 637 -2
269 705 2
269 302 -2
269 684 -2
269 433 -2
269 345 2
269 674 -2
269 490 -2
269 293 -2
269 777 2
269 366 -2
269 668 -2
269 288 2
269 492 -2
269 495 2
269 291 -2
269 375 2
269 658 2
269 609 -2
269 474 -2
269 557 2
269 304 -2
269 528 -2
269 744 2
270 369 -2
270 423 -2
270 395 2
270 373 -2
270 729 -2
270 550 -2
270 689 2
270 336 2
270 345 -2
270 424 2
270 286 2
270 431 -2
270 716 -2
270 635 2
270 766 2
270 419 -2
270 467 2
270 279 2
270 472 2
270 487 -2
270 334 2
270 558 2
270 584 -2
270 739 2
270 715 2
270 488 -2
270 381 2
270 745 -2
270 694 2
270 335 2
270 541 -2
270 459 2
270 531 -2
270 576 2
270 788 2
270 767 -2
270 454 -2
271 650 -2
271 748 2
271 331 2
271 712 -2
271 522 2
271 454 -2
271 787 -2
271 797 2
271 653 -2
271 532 -2
271 446 2
271 462 -2
271 394 2
271 497 2
271 355 2
271 662 2
271 475 -2
271 490 2
271 459 2
271 534 2
271 564 2
271 360 2
271 392 -2
271 482 2
271 494 -2
271 607 2
271 690 2
271 283 2
271 698 2
271 571 -2
271 521 2
271 295 2
271 673 2
271 284 -2
271 747 -2
271 657 2
272 423 2
272 696 2
272 581 2
272 772 2
272 736 2
272 392 -2
272 326 2
272 401 -2
272 615 2
272 409 -2
272 688 2
272 664 2
272 795 -2
272 317 2
272 602 2
272 660 2
272 690 -2
272 552 2
272 700 -2
272 591 -2
272 642 2
272 456 -2
272 515 -2
272 354 2
272 746 -2
272 665 2
272 343 -2
272 381 -2
272 631 2
272 693 2
272 332 -2
272 289 -2
272 547 -2
272 414 -2
272 748 -2
272 587 -2
272 613 -2
273 768 -2
273 436 2
273 704 -2
273 559 2
273 713 2
273 751 -2
273 534 -2
273 443 -2
273 591 2
273 719 -2
273 612 -2
273 731 -2
273 469 2
273 703 2
273 434 -2
273 589 2
273 388 -2
273 320 -2
273 668 2
273 337 2
273 791 -2
273 601 -2
273 342 2
273 395 2
273 785 -2
273 547 2
273 295 2
273 780 2
273 459 -2
273 501 -2
273 444 -2
273 335 -2
274 742 -2
274 389 -2
274 403 2
274 796 2
274 655 2
274 321 -2
274 387 -2
274 514 -2
274 590 2
274 383 2
274 299 2
274 721 -2
274 619 2
274 288 2
274 495 -2
274 493 2
274 406 2
274 289 2
274 682 -2
274 608 2
274 732 2
274 534 2
274 663 -2
274 285 2
274 777 2
274 303 2
274 719 2
274 791 -2
274 560 2
274 665 -2
274 436 2
274 794 -2
274 365 2
274 386 -2
274 397 2
274 736 2
274 535 2
275 490 2
275 778 2
275 422 -2
275 627 2
275 341 2
275 322 -2
275 551 -2
275 458 -2
275 706 -2
275 303 2
275 286 2
275 575 -2
275 339 2
275 559 -2
275 650 2
275 299 -2
275 649 2
275 444 2
275 670 -2
275 524 -2
275 648 2
275 796 2
275 382 -2
275 748 -2
275 292 2
275 347 -2
275 481 -2
275 418 -2
275 283 2
275 722 -2
275 740 -2
275 729 -2
275 409 2
275 408 -2
276 797 2
276 409 2
276 390 -2
276 449 2
276 543 2
276 374 -2
276 294 2
276 314 2
276 576 -2
276 716 -2
276 447 -2
276 335 -2
276 291 2
276 790 -2
276 759 2
276 285 -2
276 401 2
276 575 2
276 745 -2
276 542 -2
276 724 2
276 453 2
276 494 2
276 309 2
276 521 -2
276 548 -2
276 283 -2
276 545 2
276 635 -2
276 379 -2
276 412 -2
276 752 -2
276 387 -2
276 763 2
276 277 2
276 306 -2
276 307 -2
276 689 2
276 719 2
276 463 -2
276 670 2
276 792 2
276 434 -2
277 339 2
277 382 2
277 320 2
277 295 -2
277 668 2
277 681 -2
277 292 -2
277 584 -2
277 294 2
277 613 -2
277 735 -2
277 410 2
277 778 2
277 686 -2
277 278 -2
277 488 2
277 564 2
277 466 -2
277 737 -2
277 713 -2
277 517 -2
277 532 2
277 470 -2
277 436 2
277 360 2
277 307 2
277 317 -2
277 747 -2
277 605 2
277 536 -2
277 535 2
277 397 -2
277 407 2
277 369 -2
277 419 2
277 752 2
278 315 -2
278 375 2
278 678 -2
278 301 -2
278 306 2
278 362 2
278 307 2
278 617 2
278 447 2
278 346 2
278 683 2
278 652 2
278 643 -2
278 684 2
278 284 2
278 339 -2
278 673 2
278 365 -2
278 352 2
278 489 -2
278 401 2
278 648 -2
278 373 -2
278 353 2
278 583 2
278 503 2
278 521 2
278 594 2
278 310 2
279 559 2
279 381 2
279 431 2
279 754 2
279 308 -2
279 640 -2
279 792 2
279 798 -2
279 348 -2
279 407 -2
279 364 -2
279 558 -2
279 522 2
279 781 2
279 496 2
279 402 -2
279 303 2
279 460 -2
279 358 -2
279 760 2
279 623 2
279 646 2
279 538 -2
279 645 2
279 691 2
279 472 -2
279 411 -2
279 521 2
279 284 -2
279 551 -2
279 285 2
280 690 2
280 542 2
280 368 2
280 300 -2
280 364 -2
280 792 2
280 413 2
280 513 2
280 466 -2
280 569 -2
280 702 2
280 370 -2
280 503 -2
280 643 2
280 676 2
280 286 -2
280 586 -2
280 553 -2
280 350 -2
280 776 -2
280 799 2
280 465 -2
280 423 -2
280 525 -2
280 475 -2
280 683 -2
280 393 -2
280 639 2
280 559 2
280 621 -2
280 568 -2
280 401 2
281 467 2
281 559 2
281 757 2
281 725 2
281 527 -2
281 407 -2
281 382 2
281 575 2
281 348 -2
281 410 -2
281 320 2
281 303 2
281 282 -2
281 293 2
281 409 2
281 524 2
281 331 2
281 412 2
281 793 2
281 688 -2
281 717 2
281 557 2
281 737 -2
281 285 -2
281 532 -2
281 375 -2
281 681 -2
281 537 -2
281 399 2
281 698 -2
281 511 2
281 655 -2
281 749 -2
281 310 -2
281 622 2
281 426 2
282 786 -2
282 374 2
282 549 2
282 770 -2
282 747 2
282 348 2
282 497 2
282 311 -2
282 573 -2
282 482 2
282 314 2
282 440 2
282 718 2
282 462 2
282 329 -2
282 752 -2
282 666 -2
282 742 2
282 498 -2
282 295 -2
282 402 -2
282 794 2
282 397 2
282 628 2
282 595 2
282 657 -2
282 357 2
282 569 -2
282 672 2
282 638 2
282 726 2
282 734 2
283 644 -2
283 340 2
283 426 2
283 716 2
283 601 2
283 383 2
283 403 2
283 639 2
283 315 -2
283 593 -2
283 612 2
283 331 2
283 396 2
283 474 2
283 406 2
283 376 -2
283 641 2
283 472 2
283 375 -2
283 309 -2
283 527 2
283 720 -2
283 671 2
283 629 2
283 463 -2
283 378 -2
283 455 -2
283 393 -2
283 776 2
284 747 2
284 561 2
284 518 2
284 322 2
284 393 -2
284 423 2
284 422 2
284 516 2
284 545 2
284 308 2
284 387 2
284 527 2
284 409 -2
284 523 -2
284 752 -2
284 760 2
284 705 2
284 795 -2
284 758 2
284 537 2
284 609 2
284 754 -2
284 449 2
284 592 -2
284 313 -2
284 571 2
284 519 2
284 717 -2
284 495 2
284 514 -2
284 299 -2
285 727 -2
285 641 2
285 302 2
285 664 2
285 765 2
285 578 -2
285 708 2
285 474 2
285 606 -2
285 499 -2
285 433 2
285 354 -2
285 696 -2
285 421 2
285 376 2
285 335 2
285 393 -2
285 668 2
285 438 2
285 381 -2
285 407 2
285 571 -2
285 420 -2
285 298 2
285 446 -2
285 713 2
285 299 -2
285 677 2
285 506 2
285 396 2
285 714 -2
286 569 -2
286 479 2
286 393 2
286 348 2
286 639 2
286 610 2
286 418 2
286 675 2
286 481 -2
286 710 -2
286 295 -2
286 598 -2
286 559 -2
286 750 2
286 660 -2
286 319 -2
286 743 -2
286 604 2
286 614 -2
286 363 2
286 335 -2
286 358 2
286 489 -2
286 326 2
286 574 2
286 682 -2
287 783 -2
287 768 2
287 599 2
287 334 2
287 560 2
287 668 -2
287 786 -2
287 494 2
287 713 2
287 512 -2
287 624 2
287 340 2
287 462 2
287 514 2
287 659 -2
287 405 -2
287 439 2
287 568 -2
287 762 2
287 350 2
287 364 2
287 636 2
287 573 -2
287 333 -2
287 545 2
287 785 -2
287 500 -2
288 476 2
288 539 -2
288 514 2
288 485 -2
288 467 2
288 563 -2
288 368 -2
288 421 2
288 543 -2
288 575 -2
288 665 -2
288 597 -2
288 358 2
288 797 -2
288 723 -2
288 753 -2
288 578 2
288 365 2
288 294 -2
288 640 -2
288 622 2
288 764 2
288 296 2
288 510 2
288 656 -2
288 345 -2
288 718 2
288 351 2
288 765 -2
288 454 2
289 704 2
289 646 2
289 591 -2
289 697 -2
289 511 2
289 481 2
289 722 -2
289 773 2
289 717 2
289 304 -2
289 399 2
289 651 2
289 442 2
289 535 -2
289 356 2
289 529 2
289 766 -2
289 402 2
289 643 2
289 475 2
289 396 -2
289 491 -2
289 534 -2
289 790 -2
289 379 -2
289 352 -2
289 369 2
290 583 -2
290 645 2
290 400 -2
290 433 2
290 721 2
290 294 -2
290 562 2
290 696 -2
290 619 -2
290 411 2
290 666 -2
290 560 -2
290 731 2
290 537 2
290 793 -2
290 447 -2
290 549 -2
290 355 -2
290 301 -2
290 557 2
290 367 -2
290 626 -2
290 397 2
290 328 2
290 586 2
290 354 2
290 430 2
290 505 2
290 371 -2
290 361 2
290 441 2
290 674 2
290 633 2
291 505 -2
291 463 -2
291 312 2
291 395 -2
291 561 2
291 655 2
291 469 -2
291 630 2
291 352 -2
291 754 -2
291 768 2
291 303 2
291 593 -2
291 720 -2
291 545 -2
291 599 -2
291 695 2
291 769 -2
291 794 -2
291 786 2
291 645 -2
291 544 2
291 309 2
291 409 -2
291 775 2
291 790 -2
292 416 -2
292 420 2
292 741 2
292 481 -2
292 607 2
292 659 -2
292 355 -2
292 652 2
292 622 -2
292 719 2
292 631 2
292 524 2
292 736 2
292 396 -2
292 489 2
292 725 -2
292 609 -2
292 791 2
292 540 -2
292 624 -2
292 793 2
292 611 2
292 471 2
292 467 -2
292 468 -2
292 715 2
293 379 -2
293 745 2
293 385 2
293 378 -2
293 628 2
293 533 2
293 766 -2
293 604 2
293 771 -2
293 431 -2
293 757 2
293 637 -2
293 465 -2
293 765 2
293 481 2
293 494 -2
293 318 2
293 438 -2
293 684 -2
293 685 -2
293 648 2
293 623 2
293 692 -2
293 300 -2
293 591 2
293 498 -2
293 365 -2
293 694 -2
293 343 2
293 369 -2
293 541 -2
293 342 -2
293 681 2
293 490 -2
294 339 -2
294 750 -2
294 693 -2
294 685 -2
294 304 -2
294 613 -2
294 777 2
294 556 -2
294 778 -2
294 681 2
294 508 2
294 405 2
294 418 2
294 602 -2
294 401 -2
294 333 2
294 340 -2
294 620 2
294 326 2
294 533 2
294 690 -2
294 608 2
294 490 -2
295 791 2
295 467 -2
295 600 -2
295 456 2
295 679 2
295 512 2
295 767 -2
295 383 2
295 735 2
295 492 2
295 424 2
295 315 2
295 579 -2
295 555 -2
295 445 -2
295 486 2
295 305 -2
295 318 2
296 405 2
296 502 2
296 705 2
296 575 2
296 546 2
296 702 2
296 608 -2
296 401 -2
296 595 2
296 391 -2
296 398 2
296 625 -2
296 740 -2
296 730 2
296 311 -2
296 735 2
296 570 2
296 525 -2
296 314 2
296 651 -2
296 336 2
296 424 2
296 559 -2
296 409 2
296 379 -2
296 707 -2
297 654 2
297 794 2
297 647 -2
297 415 2
297 448 -2
297 799 -2
297 738 -2
297 645 2
297 490 -2
297 570 2
297 650 -2
297 706 -2
297 776 2
297 326 -2
297 333 -2
297 583 -2
297 782 -2
297 324 -2
297 667 2
297 471 2
297 655 -2
297 719 2
297 621 -2
297 483 -2
297 529 -2
297 531 -2
298 520 2
298 385 2
298 314 2
298 687 -2
298 447 2
298 719 -2
298 442 -2
298 342 -2
298 510 -2
298 420 2
298 386 2
298 661 -2
298 361 2
298 672 2
298 377 2
298 548 -2
298 757 -2
298 591 -2
298 560 2
298 660 -2
298 338 2
298 348 -2
298 460 -2
298 558 -2
298 710 -2
298 590 2
298 522 -2
298 695 2
298 448 -2
298 755 2
298 789 2
298 310 2
298 315 2
298 786 2
298 764 2
298 567 2
298 405 -2
298 467 2
298 692 2
299 359 -2
299 655 2
299 336 2
299 379 -2
299 343 -2
299 515 2
299 673 -2
299 708 -2
299 625 2
299 559 -2
299 445 2
299 470 2
299 745 2
299 665 -2
299 536 -2
299 786 2
299 364 -2
299 500 -2
299 505 -2
299 689 2
299 415 2
299 486 2
299 453 2
299 534 -2
299 527 -2
300 439 2
300 320 -2
300 530 -2
300 326 -2
300 654 2
300 473 -2
300 790 -2
300 768 -2
300 686 2
300 303 2
300 692 -2
300 387 2
300 315 -2
300 597 -2
300 704 2
300 796 2
300 769 2
300 388 2
300 352 2
300 432 -2
300 749 2
300 465 2
300 620 -2
300 759 -2
300 475 -2
300 449 2
300 341 -2
300 368 -2
300 553 -2
300 601 2
300 663 -2
301 694 -2
301 660 2
301 554 2
301 544 -2
301 437 2
301 613 2
301 446 -2
301 699 -2
301 574 -2
301 736 -2
301 515 2
301 655 2
301 643 -2
301 673 -2
301 421 2
301 635 2
301 507 -2
301 726 -2
301 319 2
301 581 2
301 491 -2
301 776 2
301 762 -2
301 669 -2
301 473 2
301 583 -2
301 610 2
301 722 -2
302 317 -2
302 763 2
302 674 -2
302 360 2
302 715 -2
302 515 2
302 397 -2
302 578 -2
302 703 -2
302 496 -2
302 563 -2
302 666 2
302 768 -2
302 352 -2
302 497 -2
302 337 -2
302 576 2
302 404 -2
302 383 -2
302 550 -2
302 718 -2
302 374 -2
302 759 2
302 613 2
302 350 -2
302 547 -2
302 368 -2
302 579 2
302 430 -2
302 740 -2
302 592 -2
303 781 2
303 775 2
303 469 -2
303 394 2
303 342 2
303 683 -2
303 319 2
303 684 -2
303 726 2
303 660 -2
303 545 2
303 559 -2
303 440 -2
303 728 2
303 658 -2
303 774 2
303 494 2
303 560 -2
303 426 2
303 674 -2
303 383 2
303 429 2
303 431 2
303 626 -2
303 374 -2
303 644 -2
303 372 -2
303 493 2
303 327 2
303 745 -2
303 538 -2
303 799 2
303 636 2
303 454 -2
303 336 -2
303 418 2
303 326 -2
304 671 2
304 396 2
304 541 -2
304 381 2
304 369 2
304 761 2
304 491 -2
304 784 -2
304 590 2
304 438 2
304 519 2
304 365 -2
304 711 -2
304 344 -2
304 622 2
304 565 -2
304 620 -2
304 324 2
304 548 2
304 782 2
304 613 -2
304 475 2
304 533 -2
304 607 -2
304 335 2
304 315 -2
304 673 2
304 654 -2
304 462 -2
305 671 -2
305 393 -2
305 736 2
305 798 2
305 667 -2
305 740 -2
305 743 -2
305 459 -2
305 727 -2
305 420 -2
305 439 -2
305 663 -2
305 414 2
305 490 -2
305 567 -2
305 344 -2
305 573 -2
305 600 2
305 481 -2
305 319 -2
305 732 -2
305 682 -2
306 593 -2
306 533 2
306 713 -2
306 516 -2
306 690 -2
306 440 2
306 484 2
306 468 2
306 327 -2
306 518 2
306 467 -2
306 570 2
306 524 2
306 755 2
306 344 -2
306 369 -2
306 540 2
306 387 -2
306 346 2
306 793 -2
306 576 2
306 417 2
306 686 2
306 672 2
306 460 -2
306 359 -2
306 337 2
306 558 -2
306 441 -2
307 782 2
307 506 -2
307 595 -2
307 385 -2
307 641 -2
307 439 -2
307 336 -2
307 520 -2
307 382 -2
307 358 2
307 699 -2
307 499 2
307 545 -2
307 598 -2
307 742 -2
307 670 2
307 707 -2
307 676 -2
307 355 -2
307 525 -2
307 629 2
307 635 2
307 630 -2
307 758 2
307 717 2
307 535 2
307 421 -2
307 732 -2
307 313 -2
307 353 -2
307 773 2
307 610 2
307 680 -2
307 578 2
307 527 -2
307 508 2
308 479 -2
308 316 -2
308 445 -2
308 713 2
308 566 -2
308 704 -2
308 499 2
308 765 -2
308 408 2
308 430 -2
308 534 2
308 535 2
308 549 2
308 631 -2
308 595 -2
308 373 -2
308 525 -2
308 429 2
308 412 -2
308 495 2
308 325 -2
308 644 -2
308 681 -2
308 674 2
308 407 -2
308 329 2
308 576 -2
308 557 -2
308 347 -2
308 554 -2
308 419 -2
308 648 -2
308 646 -2
308 374 -2
309 447 -2
309 502 -2
309 648 -2
309 657 2
309 374 -2
309 721 -2
309 676 2
309 749 2
309 673 -2
309 691 -2
309 738 -2
309 778 -2
309 352 -2
309 339 2
309 571 -2
309 474 2
309 790 -2
309 682 -2
309 667 2
309 457 -2
309 541 2
309 689 -2
309 311 -2
309 381 -2
309 617 2
309 644 2
309 473 -2
309 621 2
309 780 -2
309 547 -2
309 329 -2
309 757 -2
309 342 2
309 590 2
310 757 -2
310 771 -2
310 667 2
310 614 2
310 530 2
310 624 2
310 533 -2
310 387 -2
310 751 -2
310 733 -2
310 342 -2
310 755 2
310 424 -2
310 653 2
310 752 -2
310 741 2
310 575 -2
310 482 -2
310 367 -2
310 544 2
310 549 -2
310 463 2
310 712 -2
310 478 -2
310 628 -2
310 382 -2
310 441 2
310 500 2
310 730 -2
310 642 2
311 460 2
311 735 -2
311 457 -2
311 648 -2
311 604 2
311 590 2
311 740 2
311 570 2
311 542 -2
311 703 2
311 765 -2
311 417 -2
311 331 -2
311 503 2
311 483 -2
311 504 2
311 680 2
311 622 -2
311 518 2
311 411 2
311 638 -2
311 706 2
311 536 -2
311 348 -2
311 717 2
311 693 2
311 429 -2
311 350 -2
311 392 -2
312 627 2
312 671 2
312 369 -2
312 439 -2
312 337 -2
312 777 2
312 460 -2
312 668 2
312 455 -2
312 773 -2
312 790 -2
312 603 -2
312 574 -2
312 791 -2
312 498 2
312 313 -2
312 332 2
312 497 -2
312 468 2
312 666 -2
312 692 2
312 710 -2
313 563 2
313 470 2
313 322 -2
313 691 -2
313 603 -2
313 472 -2
313 391 -2
313 363 2
313 782 -2
313 739 -2
313 489 -2
313 328 2
313 705 -2
313 585 2
313 735 -2
313 647 -2
313 463 2
313 497 2
313 625 2
313 415 2
313 656 -2
313 772 2
313 708 2
313 501 -2
313 749 2
313 578 2
313 672 2
313 348 -2
313 634 2
313 529 2
313 457 2
314 727 2
314 387 -2
314 513 2
314 788 2
314 468 2
314 735 2
314 791 -2
314 491 -2
314 785 -2
314 747 -2
314 682 2
314 707 2
314 458 -2
314 445 2
314 430 2
314 338 -2
314 681 2
314 677 2
314 778 -2
314 753 2
314 486 -2
314 623 -2
314 581 -2
314 719 2
314 655 2
314 628 -2
314 614 -2
314 451 -2
314 617 2
314 601 2
314 441 -2
314 695 2
314 344 -2
314 407 2
314 357 2
314 748 2
314 405 -2
315 356 2
315 570 2
315 628 -2
315 759 -2
315 636 2
315 495 2
315 615 -2
315 453 -2
315 499 2
315 771 2
315 708 2
315 681 -2
315 674 2
315 564 2
315 634 -2
315 608 -2
315 445 -2
315 621 -2
315 527 2
315 737 2
315 349 -2
315 428 2
315 665 2
315 554 2
315 472 2
315 318 -2
315 514 -2
315 366 -2
315 513 2
315 351 2
315 591 2
315 419 -2
315 581 -2
315 549 -2
315 723 2
315 450 2
316 379 -2
316 542 -2
316 715 -2
316 436 2
316 676 2
316 751 2
316 793 -2
316 382 2
316 782 2
316 726 -2
316 437 -2
316 445 -2
316 502 2
316 687 -2
316 769 -2
316 795 -2
316 401 -2
316 576 -2
316 366 2
316 471 2
316 417 2
316 449 -2
316 335 -2
317 580 -2
317 437 -2
317 615 2
317 781 -2
317 431 -2
317 650 2
317 574 -2
317 571 -2
317 501 -2
317 581 2
317 794 -2
317 325 -2
317 695 -2
317 783 -2
317 591 2
317 492 2
317 782 -2
317 637 2
317 521 2
317 785 2
317 488 -2
317 318 2
317 399 2
318 616 -2
318 374 -2
318 332 -2
318 426 2
318 715 -2
318 507 2
318 419 -2
318 325 2
318 406 -2
318 327 2
318 388 -2
318 361 -2
318 524 -2
318 411 -2
318 725 -2
318 569 -2
318 480 -2
318 717 -2
318 609 -2
318 577 -2
318 505 -2
318 768 2
319 401 2
319 398 2
319 408 -2
319 699 2
319 781 2
319 552 -2
319 470 -2
319 431 2
319 619 -2
319 597 -2
319 667 2
319 515 2
319 563 2
319 742 -2
319 785 2
319 402 -2
319 797 2
319 508 2
319 581 -2
319 629 -2
319 419 -2
319 753 -2
319 447 2
319 669 -2
319 643 2
319 591 2
319 790 2
319 556 2
319 511 2
319 745 2
320 436 2
320 772 2
320 400 2
320 604 -2
320 663 -2
320 777 -2
320 556 -2
320 339 -2
320 652 2
320 480 2
320 675 2
320 755 2
320 486 -2
320 322 2
320 754 -2
320 773 -2
320 798 2
320 554 -2
320 379 -2
320 422 -2
320 549 2
320 645 -2
320 459 -2
320 484 -2
320 783 2
320 474 -2
320 605 -2
320 491 -2
320 495 -2
320 646 -2
320 691 2
320 387 -2
321 558 -2
321 413 2
321 619 -2
321 738 2
321 588 2
321 485 2
321 390 2
321 554 2
321 330 2
321 686 -2
321 793 2
321 476 2
321 610 -2
321 533 -2
321 754 2
321 438 -2
321 708 2
321 570 -2
321 516 2
321 700 -2
321 486 2
321 563 2
321 525 -2
321 756 -2
321 653 -2
321 479 -2
321 331 2
321 519 2
321 642 2
322 599 -2
322 794 2
322 773 -2
322 777 2
322 552 2
322 633 -2
322 560 2
322 523 -2
322 745 -2
322 496 2
322 497 2
322 332 2
322 586 2
322 380 -2
322 513 2
322 490 -2
322 722 -2
322 731 2
322 672 2
322 615 2
322 652 2
322 361 2
322 740 2
322 766 2
322 703 -2
323 367 2
323 568 2
323 697 -2
323 766 -2
323 507 2
323 556 2
323 426 2
323 708 2
323 749 -2
323 368 -2
323 612 -2
323 638 2
323 413 -2
323 684 2
323 525 2
323 365 2
323 593 -2
323 509 -2
323 676 -2
323 610 -2
323 719 2
323 522 2
323 645 -2
323 351 2
323 524 -2
323 598 2
323 709 -2
324 538 -2
324 329 2
324 566 2
324 553 -2
324 628 -2
324 415 2
324 535 2
324 652 -2
324 718 -2
324 711 2
324 498 2
324 653 2
324 432 -2
324 747 -2
324 505 2
324 720 -2
324 644 2
324 462 2
324 691 -2
324 364 2
324 465 2
325 563 -2
325 766 2
325 383 -2
325 632 2
325 500 -2
325 331 -2
325 760 -2
325 425 2
325 471 2
325 706 -2
325 591 2
325 782 -2
325 712 -2
325 662 -2
325 480 -2
325 618 2
325 603 2
325 612 2
325 374 -2
325 642 -2
325 553 2
325 461 2
325 675 2
325 729 -2
325 490 2
325 596 2
325 673 2
325 548 2
325 710 -2
325 402 -2
325 792 -2
325 340 -2
325 731 -2
325 571 -2
325 427 -2
325 765 -2
326 690 2
326 422 2
326 643 2
326 716 2
326 593 2
326 747 2
326 431 2
326 417 -2
326 701 -2
326 767 -2
326 718 -2
326 699 -2
326 601 2
326 712 2
326 337 2
326 694 -2
326 650 2
326 624 -2
326 425 2
326 376 -2
326 453 2
326 612 -2
326 395 -2
326 627 2
326 553 -2
326 761 2
326 646 2
326 344 -2
326 597 -2
326 414 2
326 574 2
326 427 2
326 449 -2
326 426 -2
326 390 -2
327 492 -2
327 707 2
327 549 -2
327 396 -2
327 706 2
327 375 2
327 386 -2
327 656 2
327 351 2
327 527 -2
327 626 -2
327 689 -2
327 467 -2
327 329 2
327 588 2
327 762 2
327 506 -2
327 413 2
327 708 2
327 665 2
327 756 2
327 399 -2
327 437 -2
327 796 2
327 685 2
328 553 -2
328 530 -2
328 769 -2
328 659 -2
328 796 -2
328 633 2
328 612 2
328 786 -2
328 654 2
328 455 2
328 706 2
328 469 -2
328 591 2
328 516 2
328 683 2
328 517 -2
328 737 2
328 340 2
328 418 2
328 636 -2
328 686 2
328 338 2
328 684 -2
328 507 -2
328 504 2
328 628 2
328 461 -2
328 453 -2
329 659 -2
329 633 2
329 788 -2
329 443 2
329 685 -2
329 435 2
329 638 2
329 410 2
329 681 2
329 434 -2
329 531 -2
329 467 2
329 474 2
329 799 -2
329 377 2
329 425 -2
329 687 2
329 769 2
329 761 -2
329 792 -2
329 712 -2
329 337 -2
329 380 -2
329 483 -2
329 342 -2
329 470 2
329 668 -2
329 408 -2
329 709 -2
329 717 2
329 575 -2
329 619 -2
329 363 2
329 787 2
330 348 2
330 663 2
330 618 2
330 366 -2
330 762 2
330 499 2
330 581 -2
330 600 -2
330 517 -2
330 617 2
330 778 2
330 388 2
330 425 2
330 744 -2
330 715 -2
330 341 -2
330 469 2
330 745 -2
330 411 -2
330 693 2
330 680 2
330 636 2
330 553 -2
330 659 2
330 396 2
331 708 -2
331 404 2
331 567 2
331 697 2
331 553 2
331 671 2
331 533 -2
331 788 -2
331 745 2
331 418 2
331 429 2
331 568 -2
331 621 2
331 703 2
331 593 2
331 655 -2
331 705 2
331 393 -2
331 395 2
331 742 2
331 510 2
331 455 2
331 337 2
331 785 -2
331 751 -2
332 548 -2
332 728 -2
332 398 -2
332 376 -2
332 419 2
332 495 -2
332 710 2
332 358 -2
332 675 2
332 689 -2
332 372 -2
332 447 -2
332 502 -2
332 764 2
332 795 -2
332 440 2
332 597 -2
332 631 2
332 592 2
332 693 2
332 343 -2
332 531 2
332 375 -2
332 405 -2
332 727 2
332 681 -2
332 563 -2
332 517 -2
332 709 2
332 571 -2
332 499 -2
333 594 2
333 705 -2
333 553 -2
333 689 2
333 642 2
333 501 2
333 781 2
333 666 -2
333 555 2
333 441 -2
333 671 2
333 364 -2
333 389 2
333 526 -2
333 544 2
333 447 2
333 720 2
333 393 -2
333 701 2
333 385 2
333 653 -2
333 750 -2
333 477 2
333 533 -2
333 582 -2
334 406 2
334 567 2
334 562 -2
334 675 -2
334 421 2
334 780 2
334 664 2
334 449 -2
334 390 2
334 519 2
334 607 2
334 755 -2
334 797 2
334 377 2
334 423 -2
334 622 2
334 342 2
334 683 -2
334 398 -2
334 529 2
335 677 2
335 625 2
335 522 -2
335 632 -2
335 799 2
335 485 -2
335 676 2
335 697 2
335 465 2
335 388 2
335 399 2
335 472 2
335 798 2
335 634 2
335 355 -2
335 637 -2
335 506 -2
335 615 -2
335 703 2
335 443 2
335 517 2
335 585 -2
335 417 -2
335 366 -2
335 612 -2
335 636 -2
336 602 -2
336 429 -2
336 461 2
336 683 -2
336 375 2
336 617 -2
336 681 2
336 640 2
336 601 -2
336 613 2
336 575 2
336 646 -2
336 441 2
336 653 2
336 337 2
336 690 -2
336 790 -2
336 339 2
336 482 -2
336 720 -2
336 450 2
336 662 -2
336 618 2
336 771 2
337 417 2
337 558 -2
337 691 -2
337 706 2
337 624 2
337 630 -2
337 614 -2
337 715 2
337 381 -2
337 531 -2
337 734 2
337 798 2
337 680 2
337 413 -2
337 664 2
337 432 2
337 395 2
337 645 -2
337 693 -2
337 769 -2
337 421 -2
337 496 -2
337 687 2
337 341 -2
337 601 2
338 352 -2
338 744 -2
338 745 2
338 654 -2
338 379 2
338 686 -2
338 790 -2
338 503 2
338 491 2
338 372 2
338 493 -2
338 344 -2
338 418 2
338 781 -2
338 574 -2
338 659 -2
338 682 2
338 561 2
338 621 -2
338 765 -2
338 632 -2
338 633 2
338 544 2
338 508 -2
338 622 2
338 537 -2
338 553 2
338 576 -2
339 399 2
339 781 -2
339 585 -2
339 452 2
339 473 -2
339 467 2
339 393 2
339 660 -2
339 779 -2
339 642 2
339 712 -2
339 770 2
339 795 -2
339 395 -2
339 784 -2
339 673 2
339 522 -2
339 344 -2
339 661 2
339 616 -2
339 555 -2
339 601 2
339 743 -2
339 793 2
339 419 2
339 611 -2
339 561 2
339 470 2
339 370 -2
339 653 -2
340 475 -2
340 443 2
340 409 -2
340 550 2
340 483 -2
340 797 2
340 489 2
340 482 2
340 663 2
340 490 2
340 748 2
340 786 2
340 472 -2
340 421 -2
340 755 -2
340 665 2
340 447 -2
340 762 2
340 412 -2
340 664 -2
340 349 -2
340 714 2
340 430 -2
340 629 2
340 428 -2
341 374 -2
341 364 -2
341 784 2
341 634 2
341 547 -2
341 576 -2
341 722 2
341 466 2
341 571 -2
341 372 2
341 361 2
341 365 -2
341 578 2
341 628 -2
341 697 2
341 642 -2
341 639 2
341 468 -2
341 601 -2
341 482 -2
341 477 -2
341 500 -2
341 758 2
342 370 -2
342 746 2
342 383 2
342 700 2
342 581 -2
342 376 2
342 625 2
342 750 2
342 642 -2
342 724 -2
342 373 2
342 443 -2
342 343 2
342 516 2
342 769 -2
342 609 2
342 500 2
342 525 2
342 796 -2
342 648 2
342 699 -2
342 719 -2
342 660 2
342 659 2
342 504 2
342 438 -2
343 361 2
343 427 -2
343 379 2
343 560 2
343 749 2
343 669 2
343 377 2
343 585 -2
343 514 -2
343 672 -2
343 779 -2
343 675 -2
343 389 2
343 566 -2
343 382 -2
343 783 -2
343 608 2
343 556 -2
343 542 2
343 634 -2
344 345 -2
344 669 2
344 565 2
344 374 2
344 594 2
344 387 2
344 743 -2
344 572 -2
344 538 -2
344 487 -2
344 510 2
344 397 -2
344 399 2
344 447 2
344 557 -2
344 655 2
344 520 -2
344 703 -2
344 664 2
344 633 -2
344 376 -2
344 682 -2
344 347 -2
344 612 -2
344 646 2
344 719 2
344 715 -2
344 711 2
344 604 2
344 471 2
344 512 -2
344 727 -2
345 379 2
345 370 -2
345 743 -2
345 409 2
345 378 -2
345 400 2
345 373 2
345 778 -2
345 502 2
345 422 -2
345 722 2
345 726 2
345 575 -2
345 420 2
345 610 2
345 792 -2
345 469 -2
345 356 -2
345 774 2
345 423 2
345 706 2
345 700 2
345 655 -2
345 703 2
345 764 2
345 476 -2
345 504 2
345 432 -2
345 727 2
345 453 -2
345 394 -2
345 795 -2
345 535 2
345 583 -2
345 605 -2
345 647 -2
346 797 -2
346 403 2
346 393 2
346 363 2
346 645 2
346 654 -2
346 514 -2
346 582 2
346 687 2
346 372 -2
346 766 -2
346 595 2
346 414 -2
346 580 2
346 669 -2
346 719 2
346 579 -2
346 422 -2
346 428 -2
346 778 -2
346 452 2
346 605 2
346 705 -2
346 459 2
346 436 2
346 537 2
347 426 -2
347 514 2
347 668 2
347 646 2
347 589 -2
347 798 2
347 727 2
347 700 -2
347 747 -2
347 682 -2
347 558 2
347 688 2
347 709 2
347 415 -2
347 439 -2
347 403 2
347 492 2
347 567 -2
347 416 -2
347 539 2
347 553 -2
347 481 -2
347 604 -2
347 722 2
347 563 2
347 608 -2
347 401 -2
348 465 -2
348 795 -2
348 356 2
348 477 -2
348 766 2
348 490 2
348 510 -2
348 424 2
348 595 -2
348 630 -2
348 780 2
348 415 2
348 449 2
348 526 -2
348 373 2
348 428 -2
348 685 -2
348 718 -2
348 541 2
348 720 -2
348 560 2
348 551 2
348 402 2
348 580 -2
348 443 -2
348 434 -2
348 725 2
349 729 2
349 637 -2
349 579 -2
349 558 2
349 667 2
349 544 -2
349 398 2
349 507 -2
349 418 2
349 707 2
349 445 2
349 614 2
349 515 2
349 671 -2
349 400 2
349 360 2
349 428 -2
349 757 -2
349 381 2
349 547 2
349 616 2
349 619 -2
350 714 2
350 574 2
350 779 2
350 567 -2
350 426 2
350 706 2
350 378 -2
350 441 -2
350 484 -2
350 398 -2
350 701 -2
350 584 2
350 368 2
350 614 -2
350 606 -2
350 522 -2
350 352 2
350 498 2
350 413 2
350 671 2
350 464 2
351 520 2
351 587 -2
351 531 -2
351 597 2
351 353 2
351 609 -2
351 643 2
351 556 2
351 509 2
351 799 -2
351 673 -2
351 456 2
351 614 -2
351 392 2
351 687 -2
351 536 2
351 562 2
351 476 -2
352 727 -2
352 566 -2
352 436 -2
352 512 -2
352 355 2
352 605 -2
352 416 2
352 783 -2
352 611 -2
352 711 -2
352 366 -2
352 652 2
352 560 -2
352 778 2
352 668 2
352 424 2
352 693 2
352 463 -2
352 770 2
352 488 -2
352 765 2
352 671 2
352 545 -2
352 614 2
352 441 -2
352 551 2
352 455 2
352 490 -2
352 759 2
352 623 2
352 492 -2
353 354 -2
353 430 2
353 610 2
353 730 -2
353 511 2
353 447 2
353 423 -2
353 567 -2
353 602 2
353 656 -2
353 473 2
353 371 -2
353 709 -2
353 615 -2
353 698 -2
353 769 -2
353 755 2
353 697 -2
353 522 2
353 658 2
353 545 2
353 625 -2
353 618 2
354 522 -2
354 656 -2
354 618 -2
354 740 -2
354 459 2
354 440 -2
354 678 -2
354 736 2
354 512 -2
354 424 -2
354 390 -2
354 422 2
354 563 2
354 695 -2
354 608 -2
354 409 2
354 537 -2
354 646 2
354 388 2
354 517 -2
354 519 -2
354 702 -2
354 699 -2
354 418 2
354 542 2
354 369 -2
354 698 2
354 514 -2
354 367 -2
354 726 -2
354 781 -2
354 686 2
354 412 -2
355 741 -2
355 478 -2
355 668 2
355 791 -2
355 510 -2
355 430 2
355 655 -2
355 667 2
355 406 -2
355 579 2
355 547 2
355 544 -2
355 671 2
355 576 2
355 775 2
355 386 -2
355 595 -2
355 763 -2
355 417 2
355 459 -2
355 473 2
355 374 2
355 548 2
355 402 -2
355 530 2
355 720 2
356 463 2
356 383 2
356 647 2
356 488 2
356 455 -2
356 697 -2
356 644 2
356 665 2
356 451 -2
356 524 2
356 529 2
356 470 2
356 445 2
356 442 2
356 535 2
356 433 -2
356 502 -2
356 377 2
356 588 -2
356 704 -2
356 440 -2
356 365 2
356 677 2
356 386 2
356 707 -2
356 464 2
357 511 -2
357 425 2
357 660 -2
357 732 -2
357 641 2
357 502 -2
357 545 2
357 699 2
357 555 2
357 475 -2
357 488 2
357 776 -2
357 607 -2
357 449 -2
357 657 -2
357 710 2
357 520 -2
357 496 2
357 679 2
357 436 2
357 526 -2
357 579 2
357 566 -2
357 715 2
357 498 -2
357 653 -2
357 593 -2
357 435 -2
358 409 2
358 489 2
358 632 2
358 410 2
358 452 -2
358 485 -2
358 545 2
358 733 -2
358 687 -2
358 438 2
358 616 2
358 618 2
358 498 2
358 532 -2
358 637 -2
358 714 -2
358 688 -2
358 670 2
358 564 2
358 690 2
358 763 -2
358 421 -2
358 717 2
358 451 2
358 590 -2
358 552 2
358 583 -2
358 712 -2
358 395 2
359 651 2
359 523 2
359 673 2
359 795 2
359 686 2
359 410 -2
359 643 -2
359 530 -2
359 445 2
359 684 2
359 614 2
359 431 -2
359 463 2
359 793 -2
359 595 2
359 710 -2
359 619 -2
360 683 -2
360 547 -2
360 723 2
360 589 2
360 455 2
360 729 -2
360 742 -2
360 365 2
360 679 2
360 395 -2
360 661 2
360 555 -2
360 694 2
360 731 2
360 656 -2
360 519 -2
360 568 2
360 718 2
360 436 -2
360 591 -2
360 791 2
360 654 -2
361 723 -2
361 388 2
361 528 2
361 625 2
361 622 2
361 758 -2
361 382 2
361 393 -2
361 533 -2
361 598 2
361 402 2
361 395 -2
361 711 2
361 576 -2
361 609 -2
361 688 2
361 647 2
361 467 2
361 695 2
361 775 2
361 434 2
362 741 2
362 474 -2
362 719 2
362 462 -2
362 411 2
362 546 2
362 520 2
362 717 -2
362 524 2
362 398 -2
362 403 -2
362 389 -2
362 507 -2
362 501 -2
362 509 -2
362 506 -2
362 472 -2
362 484 -2
362 451 -2
362 749 -2
362 689 -2
362 729 -2
362 790 -2
362 730 -2
362 397 2
362 519 -2
362 371 2
362 378 -2
362 752 -2
362 656 2
362 792 2
362 502 -2
362 429 -2
363 660 2
363 722 -2
363 786 2
363 701 2
363 477 -2
363 401 2
363 381 -2
363 676 2
363 619 -2
363 408 2
363 437 -2
363 756 -2
363 387 2
363 693 2
363 510 2
363 654 -2
363 790 2
363 468 -2
363 388 -2
363 552 2
363 702 -2
363 622 2
363 665 -2
363 474 2
363 763 2
364 540 -2
364 418 -2
364 654 -2
364 651 2
364 633 -2
364 766 -2
364 511 -2
364 550 -2
364 774 2
364 505 2
364 543 2
364 693 2
364 422 -2
364 652 2
364 417 -2
364 717 -2
364 432 2
364 577 2
364 527 -2
365 396 2
365 388 -2
365 609 2
365 400 2
365 626 -2
365 593 2
365 761 -2
365 582 2
365 581 2
365 510 2
365 530 2
365 505 -2
365 717 -2
365 384 2
365 379 -2
365 381 -2
365 438 2
365 455 -2
365 630 -2
365 768 -2
365 748 2
365 413 -2
365 647 2
365 507 2
365 646 2
365 559 2
365 737 -2
366 786 -2
366 422 2
366 519 2
366 371 -2
366 681 -2
366 419 -2
366 790 2
366 649 2
366 662 2
366 757 -2
366 530 -2
366 577 2
366 409 -2
366 517 -2
366 704 -2
366 635 2
366 678 -2
366 733 -2
367 400 -2
367 623 2
367 613 -2
367 390 -2
367 424 -2
367 449 -2
367 508 2
367 605 2
367 549 2
367 715 2
367 461 -2
367 498 2
367 740 2
367 428 -2
367 497 -2
367 372 -2
367 447 -2
367 425 -2
367 608 2
367 606 2
367 626 -2
367 760 -2
367 654 2
367 566 2
367 466 -2
368 527 2
368 749 -2
368 786 2
368 684 2
368 446 -2
368 762 -2
368 374 -2
368 395 -2
368 587 -2
368 599 2
368 633 2
368 629 -2
368 488 -2
368 503 -2
368 458 2
368 756 -2
368 570 2
368 404 -2
368 673 -2
368 455 2
368 682 -2
368 390 2
368 733 -2
368 539 -2
368 732 2
368 577 2
368 632 2
368 705 2
369 589 -2
369 681 2
369 768 -2
369 715 2
369 797 2
369 628 -2
369 709 -2
369 643 -2
369 634 -2
369 759 2
369 436 -2
369 388 -2
369 443 2
369 652 -2
369 543 2
369 421 -2
369 531 2
369 654 2
369 444 -2
369 525 2
369 735 -2
369 747 -2
369 689 2
369 431 2
369 506 -2
370 457 2
370 492 -2
370 682 2
370 790 -2
370 787 -2
370 679 -2
370 396 2
370 412 -2
370 565 -2
370 495 -2
370 770 2
370 436 -2
370 548 -2
370 538 -2
370 620 -2
370 741 2
370 623 2
370 798 -2
370 761 2
370 498 2
370 401 2
370 432 2
370 503 2
371 520 2
371 431 -2
371 666 -2
371 582 -2
371 477 -2
371 495 2
371 634 2
371 770 2
371 464 -2
371 606 -2
371 791 -2
371 420 2
371 541 2
371 511 2
371 489 -2
371 482 -2
371 408 2
371 677 -2
371 639 -2
371 493 -2
371 748 2
371 683 2
371 561 -2
371 375 2
371 425 -2
371 500 2
371 535 -2
371 745 -2
371 623 -2
371 651 -2
372 767 -2
372 477 -2
372 566 2
372 376 2
372 536 2
372 521 -2
372 735 -2
372 643 -2
372 688 -2
372 442 2
372 685 -2
372 404 2
372 398 -2
372 742 2
372 561 2
372 625 2
372 496 -2
372 686 -2
372 707 2
372 781 2
372 400 2
372 482 -2
372 676 -2
372 582 2
372 716 2
373 619 -2
373 638 -2
373 458 2
373 697 -2
373 579 -2
373 452 -2
373 423 -2
373 435 2
373 383 2
373 652 -2
373 705 2
373 561 2
373 540 2
373 601 2
373 502 2
373 445 -2
373 763 2
373 734 -2
373 378 2
373 511 -2
373 700 2
373 538 2
373 506 -2
373 796 -2
373 673 -2
373 522 2
373 537 -2
373 613 -2
373 642 -2
374 519 2
374 441 2
374 555 -2
374 673 -2
374 569 -2
374 549 2
374 412 -2
374 579 -2
374 789 -2
374 449 2
374 488 2
374 757 2
374 750 2
374 427 2
374 509 -2
374 526 -2
374 754 -2
374 796 2
374 537 2
374 707 -2
374 382 -2
374 376 -2
374 463 -2
374 739 -2
374 507 2
374 765 2
374 602 -2
374 756 2
374 719 2
374 613 -2
374 650 -2
374 622 -2
375 546 -2
375 552 2
375 592 -2
375 755 2
375 440 -2
375 439 2
375 599 2
375 704 2
375 763 2
375 386 2
375 487 2
375 524 2
375 582 2
375 629 2
375 458 -2
375 397 -2
375 387 -2
375 695 -2
375 680 -2
375 741 2
375 782 2
375 748 -2
375 739 -2
375 442 2
375 797 2
375 457 -2
375 392 -2
375 557 2
375 590 2
376 391 -2
376 695 2
376 742 2
376 418 -2
376 677 2
376 518 -2
376 757 -2
376 592 -2
376 450 2
376 631 2
376 713 -2
376 484 2
376 687 2
376 562 -2
376 732 -2
376 444 2
376 787 -2
376 384 -2
376 600 -2
376 572 -2
376 740 -2
376 709 -2
376 516 2
377 684 -2
377 384 -2
377 624 2
377 413 2
377 739 2
377 429 -2
377 468 2
377 493 2
377 465 2
377 669 2
377 505 2
377 561 -2
377 680 -2
377 730 -2
377 778 -2
377 762 -2
377 565 2
377 555 -2
378 472 -2
378 425 2
378 465 2
378 547 -2
378 502 2
378 524 -2
378 622 2
378 738 -2
378 698 2
378 660 2
378 590 -2
378 443 2
378 583 2
378 725 2
378 600 -2
378 489 2
378 499 2
378 707 2
378 381 2
378 784 -2
378 416 -2
378 460 2
378 484 2
379 781 2
379 423 -2
379 434 -2
379 788 2
379 550 -2
379 486 -2
379 603 2
379 432 2
379 549 -2
379 657 -2
379 485 -2
379 445 -2
379 577 2
379 382 -2
379 440 -2
379 433 -2
379 752 -2
379 747 -2
379 620 2
379 409 -2
379 525 -2
379 407 -2
379 725 2
379 719 -2
379 442 -2
379 782 -2
379 742 2
380 781 -2
380 389 -2
380 729 -2
380 452 -2
380 417 2
380 522 -2
380 744 -2
380 471 -2
380 575 -2
380 545 -2
380 605 -2
380 478 -2
380 642 -2
380 784 2
380 677 -2
380 401 -2
380 440 2
380 435 2
380 563 -2
380 764 -2
380 643 -2
380 501 -2
380 464 -2
380 603 -2
380 564 2
380 673 2
380 648 -2
381 686 -2
381 475 -2
381 747 2
381 796 -2
381 683 2
381 682 -2
381 390 2
381 458 -2
381 699 2
381 584 -2
381 478 -2
381 649 2
381 781 -2
381 753 -2
381 724 -2
381 542 2
381 428 -2
381 667 2
381 468 2
381 621 2
381 417 2
381 466 2
381 758 2
381 383 2
381 564 2
381 751 2
381 597 2
381 387 -2
381 676 -2
381 411 -2
381 601 2
381 754 2
381 619 -2
381 722 -2
381 625 -2
381 672 2
382 589 2
382 458 -2
382 480 2
382 537 2
382 487 2
382 514 2
382 552 2
382 651 -2
382 686 2
382 426 2
382 666 2
382 714 -2
382 725 -2
382 394 2
382 767 2
382 418 -2
382 448 2
382 653 -2
382 697 2
382 502 2
382 442 2
382 406 -2
382 449 -2
382 534 -2
382 772 2
383 583 -2
383 730 2
383 554 2
383 638 2
383 592 -2
383 457 2
383 759 -2
383 747 -2
383 724 -2
383 522 2
383 665 -2
383 585 -2
383 615 2
383 389 2
383 588 -2
383 538 -2
383 683 2
383 572 2
383 664 2
383 539 2
383 394 2
383 618 -2
384 799 2
384 650 2
384 518 2
384 652 2
384 618 -2
384 718 2
384 699 -2
384 771 -2
384 576 2
384 536 -2
384 605 -2
384 744 2
384 666 2
384 483 2
384 506 -2
384 711 2
384 741 2
384 592 -2
384 467 2
384 453 2
384 623 2
384 500 2
384 687 -2
384 555 2
384 667 -2
384 421 -2
384 678 -2
384 551 -2
384 523 2
384 679 -2
385 469 -2
385 679 -2
385 723 -2
385 559 -2
385 786 2
385 776 -2
385 664 -2
385 613 -2
385 608 2
385 545 2
385 739 -2
385 647 2
385 628 -2
385 650 2
385 424 2
385 757 -2
385 766 2
385 738 2
385 457 2
385 506 -2
385 771 2
385 534 2
385 611 -2
385 688 -2
385 426 -2
386 717 -2
386 568 2
386 728 -2
386 626 -2
386 469 2
386 563 2
386 721 -2
386 743 -2
386 722 -2
386 484 -2
386 466 2
386 411 2
386 748 -2
386 610 2
386 408 2
386 605 2
386 548 2
386 795 2
386 628 -2
386 786 2
386 437 2
386 529 2
387 480 -2
387 711 2
387 676 2
387 433 2
387 541 -2
387 691 -2
387 622 -2
387 563 -2
387 655 2
387 760 -2
387 425 2
387 728 -2
387 787 2
387 751 -2
387 435 2
387 589 -2
387 568 2
387 598 -2
387 614 -2
387 421 2
387 423 2
387 407 -2
387 735 -2
387 798 -2
388 703 -2
388 517 -2
388 750 2
388 701 2
388 707 -2
388 594 -2
388 712 2
388 607 -2
388 532 2
388 729 -2
388 530 2
388 689 -2
388 585 -2
388 525 -2
388 699 2
388 640 -2
388 478 -2
388 674 2
388 626 -2
388 516 -2
388 463 2
388 723 -2
388 780 -2
388 404 -2
388 733 2
388 436 2
388 471 2
388 675 -2
388 727 2
388 794 -2
388 512 -2
389 638 2
389 636 -2
389 432 2
389 645 -2
389 568 2
389 505 2
389 659 -2
389 422 -2
389 700 2
389 396 2
389 456 2
389 747 -2
389 743 2
389 583 -2
389 617 -2
389 685 2
389 542 2
389 414 -2
389 688 -2
389 545 -2
389 705 -2
389 403 -2
389 577 2
389 710 2
390 780 2
390 431 2
390 500 -2
390 522 2
390 496 2
390 423 2
390 712 -2
390 540 -2
390 630 -2
390 457 2
390 479 -2
390 555 -2
390 794 -2
390 646 -2
390 549 2
390 543 2
390 518 -2
390 520 -2
390 720 2
390 715 -2
390 669 2
390 670 2
390 628 2
390 688 -2
390 531 -2
391 436 2
391 454 2
391 794 2
391 775 2
391 464 2
391 763 2
391 435 2
391 662 -2
391 635 -2
391 587 2
391 495 2
391 798 -2
391 620 -2
391 774 2
391 611 2
391 551 2
391 395 2
391 732 2
391 397 -2
391 423 -2
391 484 2
391 625 2
391 528 -2
391 709 2
391 428 -2
391 742 -2
391 421 2
391 422 -2
391 796 2
391 576 2
391 508 -2
391 761 -2
391 637 2
391 622 2
391 393 -2
392 741 2
392 485 -2
392 430 2
392 665 -2
392 419 -2
392 533 -2
392 397 2
392 645 2
392 467 -2
392 607 2
392 510 -2
392 394 2
392 434 -2
392 476 -2
392 538 2
392 609 2
392 487 -2
392 406 2
392 488 -2
392 735 2
392 477 -2
392 709 2
392 412 2
392 393 -2
393 764 2
393 522 -2
393 516 2
393 479 2
393 624 -2
393 437 2
393 741 -2
393 469 -2
393 766 2
393 540 2
393 586 2
393 441 2
393 600 -2
393 410 2
393 458 2
393 686 -2
393 605 2
393 573 -2
393 560 -2
393 553 2
393 646 2
393 434 -2
393 691 -2
393 493 2
394 424 -2
394 618 2
394 420 -2
394 697 2
394 624 -2
394 436 -2
394 614 2
394 542 -2
394 441 2
394 407 -2
394 461 -2
394 653 -2
394 517 2
394 572 -2
394 563 2
394 651 -2
394 418 -2
394 579 2
394 479 -2
394 777 -2
394 435 2
394 467 2
395 718 -2
395 452 -2
395 739 2
395 603 2
395 613 -2
395 717 2
395 551 -2
395 602 -2
395 511 2
395 489 -2
395 655 2
395 762 -2
395 696 -2
395 708 2
395 657 -2
395 726 2
395 633 2
395 700 -2
395 412 -2
395 766 -2
395 676 2
395 639 -2
395 601 2
395 769 -2
395 449 2
395 659 -2
395 399 -2
395 620 2
395 773 2
395 404 2
396 706 2
396 434 2
396 408 2
396 544 2
396 631 2
396 722 2
396 679 2
396 719 2
396 630 2
396 774 2
396 795 2
396 629 2
396 411 2
396 610 2
396 788 -2
396 659 -2
396 724 -2
396 490 2
396 448 2
396 499 2
396 404 -2
396 597 2
396 431 -2
396 727 2
397 685 2
397 565 -2
397 758 2
397 518 2
397 479 -2
397 770 2
397 786 2
397 604 -2
397 435 2
397 612 -2
397 422 -2
397 561 2
397 672 2
397 507 -2
398 645 -2
398 453 2
398 787 2
398 554 -2
398 611 -2
398 433 2
398 727 2
398 754 -2
398 622 -2
398 584 -2
398 580 -2
398 687 -2
398 628 2
398 543 -2
398 601 2
398 698 2
398 523 -2
398 577 -2
398 604 2
398 739 2
399 481 -2
399 748 -2
399 584 2
399 602 -2
399 486 2
399 646 2
399 723 -2
399 462 2
399 762 -2
399 589 2
399 508 2
399 600 2
399 532 -2
399 505 2
399 761 -2
399 777 2
399 587 2
399 563 -2
399 715 -2
399 619 2
399 782 2
399 612 2
400 487 2
400 783 -2
400 702 -2
400 453 2
400 731 -2
400 526 -2
400 514 2
400 656 -2
400 536 -2
400 650 2
400 430 2
400 745 2
400 568 2
400 603 2
400 401 2
400 484 2
400 641 2
400 770 2
400 651 2
400 575 -2
400 508 2
400 541 2
400 635 -2
400 664 -2
400 491 2
400 652 2
400 511 2
400 743 2
400 573 2
400 451 2
400 675 2
400 516 2
400 760 -2
400 423 2
401 771 -2
401 682 -2
401 552 2
401 404 2
401 447 -2
401 656 -2
401 684 2
401 413 2
401 749 -2
401 409 2
401 683 2
401 479 2
401 421 -2
401 462 -2
401 745 2
401 671 -2
401 408 2
401 624 -2
401 565 -2
401 714 -2
401 584 -2
401 442 -2
401 455 -2
401 657 -2
401 772 2
401 667 -2
401 500 -2
401 689 2
401 795 -2
401 760 -2
402 443 -2
402 651 -2
402 638 2
402 644 -2
402 729 2
402 542 2
402 728 2
402 775 2
402 766 2
402 519 -2
402 659 -2
402 488 2
402 795 2
402 625 2
402 604 2
402 613 2
402 520 -2
402 667 -2
402 760 -2
402 420 -2
402 679 -2
402 564 -2
402 427 -2
402 748 -2
402 690 2
402 544 2
402 676 -2
402 618 2
403 433 -2
403 679 -2
403 629 -2
403 447 -2
403 627 -2
403 457 2
403 477 -2
403 537 -2
403 580 -2
403 431 2
403 444 2
403 619 -2
403 703 2
403 534 2
403 635 2
404 707 -2
404 752 2
404 517 2
404 588 -2
404 550 2
404 757 2
404 761 2
404 635 -2
404 540 -2
404 756 2
404 579 -2
404 684 -2
404 440 2
404 462 -2
404 650 2
404 459 2
404 634 -2
404 482 2
404 605 2
404 662 2
404 774 2
405 479 -2
405 720 -2
405 583 -2
405 572 -2
405 489 2
405 483 2
405 784 -2
405 677 2
405 433 2
405 615 -2
405 466 -2
405 481 -2
405 450 -2
405 760 -2
405 575 -2
405 510 2
405 752 -2
405 554 -2
405 794 2
405 730 2
405 678 -2
405 465 -2
405 702 -2
406 696 -2
406 511 -2
406 669 -2
406 494 2
406 421 2
406 475 -2
406 773 -2
406 633 2
406 531 2
406 535 2
406 542 -2
406 592 -2
406 554 2
406 546 2
406 629 -2
406 617 2
406 616 2
406 587 2
406 600 -2
406 551 2
406 410 -2
406 745 -2
406 760 2
406 726 2
406 595 2
406 690 2
406 424 -2
406 704 -2
407 768 2
407 753 2
407 702 -2
407 754 2
407 655 2
407 730 2
407 671 2
407 748 -2
407 643 -2
407 552 -2
407 781 -2
407 718 -2
407 551 -2
407 503 -2
407 576 -2
407 531 2
407 632 2
407 546 -2
407 570 2
407 602 -2
407 550 2
407 422 -2
407 763 2
408 432 -2
408 781 -2
408 536 -2
408 456 2
408 443 -2
408 454 2
408 650 2
408 797 2
408 798 -2
408 694 2
408 449 2
408 567 -2
408 615 2
408 660 2
408 411 -2
408 530 2
408 464 2
408 574 -2
408 529 2
408 517 2
408 540 2
408 523 -2
408 757 -2
408 689 2
408 637 -2
408 659 -2
409 425 2
409 576 -2
409 676 2
409 791 2
409 677 -2
409 680 -2
409 488 2
409 567 -2
409 434 -2
409 755 -2
409 704 2
409 769 -2
409 798 -2
409 499 2
409 573 -2
409 637 2
409 491 2
409 455 -2
409 490 -2
409 725 2
409 542 -2
409 459 -2
409 696 -2
409 687 -2
410 478 -2
410 475 2
410 605 -2
410 619 -2
410 788 -2
410 481 -2
410 474 -2
410 719 2
410 553 -2
410 411 2
410 669 -2
410 590 2
410 776 2
410 570 2
410 527 -2
410 454 2
410 752 2
410 794 -2
410 671 -2
410 784 2
410 653 -2
410 797 2
411 772 -2
411 481 2
411 631 -2
411 532 2
411 521 -2
411 585 2
411 547 -2
411 609 -2
411 458 2
411 641 -2
411 705 -2
411 544 2
411 447 2
411 688 2
411 771 -2
411 443 2
411 754 -2
411 725 -2
411 500 -2
411 637 -2
411 531 2
411 498 2
411 662 2
411 442 -2
411 505 -2
411 515 -2
412 557 2
412 518 -2
412 534 -2
412 783 2
412 463 2
412 725 -2
412 672 2
412 529 2
412 716 -2
412 532 -2
412 606 -2
412 666 2
412 521 -2
412 502 -2
412 454 -2
412 489 -2
412 799 -2
412 664 2
412 642 2
412 466 2
412 798 -2
412 615 -2
413 415 2
413 455 2
413 749 2
413 721 -2
413 518 2
413 502 -2
413 747 2
413 528 2
413 510 -2
413 676 -2
413 714 -2
413 750 -2
413 686 -2
413 476 -2
413 722 -2
413 767 2
414 776 2
414 522 2
414 756 2
414 672 -2
414 740 -2
414 452 -2
414 578 -2
414 551 -2
414 560 -2
414 749 2
414 667 -2
414 685 2
414 689 -2
414 714 -2
414 420 -2
414 531 2
414 679 2
414 647 -2
414 628 2
414 708 -2
414 533 2
414 732 -2
414 792 -2
414 424 -2
414 799 2
414 415 2
414 500 -2
414 681 2
414 768 2
415 420 -2
415 458 2
415 563 -2
415 661 -2
415 418 2
415 513 -2
415 557 -2
415 486 2
415 538 2
415 611 -2
415 686 2
415 485 2
415 537 2
415 506 2
415 609 -2
415 575 2
416 452 2
416 468 2
416 573 2
416 537 2
416 657 2
416 612 -2
416 560 2
416 503 2
416 635 2
416 540 2
416 790 -2
416 484 -2
416 511 2
416 445 2
416 767 2
416 457 -2
416 430 -2
416 757 2
416 499 2
416 702 2
416 706 -2
416 611 2
416 745 2
416 776 2
416 418 -2
416 434 -2
416 462 2
416 567 2
417 555 2
417 500 -2
417 419 2
417 603 2
417 626 2
417 746 -2
417 554 2
417 420 2
417 688 -2
417 605 2
417 431 2
417 557 -2
417 751 -2
417 448 2
417 697 2
417 798 -2
417 702 -2
417 659 -2
417 467 2
417 649 2
417 788 -2
417 541 2
417 518 -2
417 612 2
417 429 -2
417 733 -2
417 708 2
417 458 -2
417 482 2
417 799 2
417 570 2
417 654 2
417 658 2
417 759 2
417 651 2
417 763 2
418 769 -2
418 722 -2
418 758 -2
418 699 2
418 559 2
418 715 2
418 444 2
418 455 2
418 507 -2
418 671 -2
418 669 -2
418 567 2
418 470 -2
418 423 -2
418 594 -2
418 643 2
419 543 -2
419 662 -2
419 729 -2
419 512 -2
419 606 2
419 477 -2
419 483 -2
419 731 -2
419 578 2
419 439 -2
419 661 -2
419 608 -2
419 750 -2
419 663 -2
419 626 2
419 505 2
419 486 2
419 545 2
420 623 2
420 685 2
420 736 2
420 607 2
420 635 2
420 726 2
420 542 -2
420 516 2
420 463 2
420 505 2
420 518 2
420 686 2
420 458 -2
420 687 2
420 540 -2
420 743 2
420 453 -2
420 480 2
420 746 -2
420 545 2
420 619 -2
420 777 -2
420 587 2
420 559 2
420 684 -2
420 754 -2
420 673 -2
420 444 2
420 432 -2
420 467 2
420 548 2
420 441 -2
420 498 2
421 465 -2
421 764 -2
421 639 -2
421 737 -2
421 628 -2
421 771 2
421 491 -2
421 793 2
421 596 -2
421 700 2
421 643 -2
421 769 2
421 540 -2
421 589 2
421 741 2
421 701 2
421 613 2
421 612 2
422 560 -2
422 753 2
422 576 2
422 774 2
422 646 -2
422 775 -2
422 536 -2
422 678 -2
422 694 -2
422 521 2
422 538 -2
422 514 2
422 566 -2
422 776 2
422 598 2
422 656 2
422 498 -2
422 798 -2
422 430 -2
422 671 -2
423 433 -2
423 710 -2
423 557 -2
423 555 2
423 489 -2
423 508 -2
423 455 2
423 732 -2
423 527 -2
423 471 2
423 719 -2
423 463 2
423 453 2
423 788 2
423 623 2
423 608 -2
423 767 2
423 619 -2
423 469 2
424 700 -2
424 799 -2
424 794 2
424 773 -2
424 526 2
424 756 -2
424 516 2
424 641 -2
424 570 -2
424 572 -2
424 782 -2
424 705 -2
424 574 2
424 576 -2
424 584 2
424 529 -2
424 474 -2
424 753 2
424 777 -2
424 508 -2
424 689 -2
424 772 -2
425 774 -2
425 433 2
425 463 -2
425 480 -2
425 745 2
425 665 2
425 769 2
425 771 2
425 454 2
425 696 -2
425 777 2
425 514 2
425 680 2
425 479 2
425 565 2
425 460 2
425 717 2
425 674 2
425 765 -2
425 523 -2
425 476 2
425 613 2
425 757 -2
425 453 -2
425 447 2
426 772 2
426 589 -2
426 471 -2
426 495 2
426 620 -2
426 674 -2
426 565 -2
426 693 2
426 673 2
426 540 2
426 667 2
426 682 2
426 795 2
426 447 2
426 525 2
426 617 2
426 700 -2
426 572 -2
426 702 -2
426 639 -2
426 731 2
426 500 -2
426 762 2
426 609 2
426 590 -2
426 626 2
427 790 2
427 760 -2
427 735 -2
427 644 2
427 750 -2
427 594 -2
427 518 2
427 718 2
427 575 -2
427 655 2
427 549 -2
427 769 2
427 453 -2
427 631 -2
427 466 2
427 478 2
427 722 2
427 499 -2
427 785 2
427 436 2
427 525 -2
427 648 -2
427 610 2
428 474 2
428 781 -2
428 493 2
428 720 2
428 785 -2
428 622 2
428 605 2
428 677 2
428 507 -2
428 678 -2
428 448 -2
428 659 2
428 637 2
428 455 -2
428 722 -2
428 511 -2
428 580 -2
428 761 -2
428 466 2
428 661 -2
429 461 -2
429 690 2
429 482 2
429 573 2
429 525 2
429 528 2
429 610 -2
429 699 2
429 660 -2
429 722 -2
429 476 -2
429 479 2
429 535 -2
429 756 2
429 779 -2
429 644 2
429 567 2
430 692 2
430 522 2
430 787 2
430 683 2
430 739 2
430 538 -2
430 727 2
430 798 2
430 783 -2
430 585 -2
430 457 -2
430 629 -2
430 536 -2
430 442 2
430 712 -2
430 587 2
430 758 -2
430 446 2
430 436 2
430 465 2
430 477 -2
430 630 2
430 448 -2
431 435 2
431 609 -2
431 656 2
431 747 -2
431 432 -2
431 521 2
431 462 -2
431 676 2
431 665 -2
431 574 -2
431 679 2
431 763 2
431 726 2
431 698 -2
431 580 -2
431 600 2
431 703 2
431 700 -2
431 503 -2
432 726 -2
432 739 2
432 447 2
432 744 -2
432 752 -2
432 650 -2
432 558 2
432 626 -2
432 531 -2
432 569 -2
432 433 2
432 746 2
432 534 -2
432 578 -2
432 607 -2
432 663 2
433 461 2
433 546 2
433 733 2
433 522 -2
433 589 2
433 709 2
433 620 -2
433 669 -2
433 654 2
433 642 2
433 792 -2
433 660 -2
433 769 -2
433 690 -2
433 738 2
433 530 2
433 458 -2
433 494 -2
433 675 2
433 606 2
433 655 2
433 726 -2
433 550 -2
433 715 2
434 586 -2
434 541 2
434 556 2
434 765 -2
434 620 -2
434 560 2
434 672 -2
434 793 -2
434 798 2
434 554 2
434 697 2
434 621 -2
434 442 2
434 758 -2
434 476 -2
434 652 -2
434 610 2
434 653 -2
434 649 -2
434 609 2
434 532 -2
435 609 -2
435 494 2
435 667 2
435 648 -2
435 477 -2
435 690 2
435 464 2
435 771 -2
435 533 2
435 544 2
435 680 2
435 767 -2
435 655 2
435 442 2
435 772 2
435 454 2
435 522 -2
435 615 2
435 478 2
435 708 -2
435 649 -2
435 462 2
435 776 -2
435 573 -2
435 575 2
435 562 -2
435 614 -2
436 785 -2
436 440 2
436 689 -2
436 469 2
436 669 2
436 733 -2
436 597 -2
436 589 -2
436 523 -2
436 580 2
436 586 -2
436 537 -2
436 579 -2
436 595 -2
436 516 2
436 445 -2
436 555 2
436 763 -2
436 512 2
436 746 -2
436 495 -2
436 620 -2
436 551 2
436 737 -2
436 758 -2
436 618 -2
437 702 2
437 626 -2
437 560 2
437 624 -2
437 627 2
437 680 -2
437 688 2
437 770 -2
437 777 -2
437 590 -2
437 633 2
437 678 -2
438 442 2
438 454 2
438 447 -2
438 637 2
438 692 2
438 616 -2
438 617 -2
438 639 2
438 768 -2
438 675 -2
438 564 2
438 572 2
438 691 2
438 579 -2
438 463 -2
438 455 -2
439 786 -2
439 504 -2
439 769 -2
439 681 2
439 670 2
439 745 2
439 544 -2
439 564 2
439 798 -2
439 466 -2
439 688 2
439 533 2
439 699 2
439 495 2
439 562 -2
439 731 -2
439 451 2
439 658 -2
439 747 2
439 490 -2
439 543 2
439 649 -2
439 605 2
439 674 -2
439 615 -2
439 656 -2
439 641 2
440 510 2
440 495 -2
440 784 -2
440 458 -2
440 705 2
440 704 -2
440 448 -2
440 749 -2
440 442 2
440 659 2
440 524 2
440 597 -2
440 689 2
440 472 2
440 780 2
440 695 2
440 646 2
441 494 -2
441 717 2
441 546 -2
441 538 -2
441 459 -2
441 660 -2
441 498 2
441 575 -2
441 659 -2
441 712 -2
441 561 -2
441 740 -2
441 527 2
441 777 -2
441 657 2
441 444 2
441 585 2
441 589 -2
441 723 -2
441 691 -2
441 745 -2
441 771 -2
441 600 2
441 743 2
441 755 -2
441 782 2
441 696 2
441 518 -2
442 483 -2
442 717 2
442 719 -2
442 445 2
442 471 -2
442 737 -2
442 643 -2
442 640 -2
442 511 2
442 739 -2
442 684 -2
442 577 -2
442 539 -2
442 519 -2
443 682 2
443 750 -2
443 492 -2
443 693 2
443 742 -2
443 733 -2
443 617 2
443 582 2
443 629 2
443 457 2
443 649 -2
443 489 -2
443 623 -2
443 606 2
443 520 2
443 576 -2
443 745 2
443 768 -2
443 717 -2
443 646 -2
443 726 2
443 526 2
443 551 -2
443 715 -2
443 604 -2
443 787 -2
443 771 2
443 503 2
444 457 2
444 560 2
444 453 -2
444 776 2
444 612 2
444 736 -2
444 580 -2
444 539 -2
444 611 -2
444 738 2
444 756 -2
444 784 -2
444 447 2
444 693 -2
444 608 -2
444 561 2
444 640 2
444 598 2
444 716 -2
444 706 -2
444 709 -2
444 520 2
444 619 2
444 718 -2
444 482 -2
444 587 -2
444 675 -2
444 591 2
444 622 2
444 674 -2
444 486 -2
444 798 2
444 525 2
444 530 2
444 774 2
445 758 2
445 535 2
445 722 -2
445 667 2
445 747 2
445 486 2
445 622 2
445 629 -2
445 699 2
445 751 -2
445 788 2
445 736 -2
445 746 2
445 663 2
445 649 -2
445 548 2
445 780 -2
446 782 2
446 474 -2
446 576 -2
446 551 -2
446 622 2
446 775 -2
446 688 -2
446 562 -2
446 503 2
446 666 2
446 517 -2
446 560 -2
446 505 -2
446 791 -2
446 769 -2
446 796 -2
446 620 -2
446 513 2
446 701 -2
446 516 -2
446 613 -2
446 519 -2
446 473 2
446 539 -2
446 612 2
446 638 2
446 707 2
447 583 2
447 559 -2
447 602 -2
447 468 2
447 655 2
447 594 2
447 650 2
447 785 -2
447 651 -2
447 661 2
447 766 -2
447 491 -2
447 617 2
447 656 -2
447 520 2
447 509 2
447 485 -2
447 663 2
447 544 -2
447 628 2
447 475 2
447 508 2
448 720 2
448 594 -2
448 626 -2
448 617 -2
448 468 2
448 611 -2
448 663 2
448 661 2
448 708 -2
448 574 -2
448 560 2
448 718 2
448 747 2
448 618 -2
448 714 -2
448 797 -2
448 739 -2
448 493 2
448 542 2
448 604 -2
448 678 -2
448 735 -2
448 783 2
448 656 -2
448 681 2
449 478 2
449 507 2
449 519 -2
449 708 -2
449 528 -2
449 675 -2
449 677 2
449 524 -2
449 548 -2
449 792 -2
449 572 2
449 531 2
449 775 -2
449 571 2
449 596 2
449 595 -2
449 523 2
449 680 2
449 645 -2
449 756 -2
449 667 -2
449 594 2
450 593 2
450 595 2
450 647 2
450 498 -2
450 511 -2
450 689 2
450 514 2
450 677 -2
450 751 -2
450 490 2
450 480 -2
450 609 -2
450 650 -2
450 795 2
450 680 -2
450 543 2
450 649 -2
450 464 -2
450 635 2
450 693 2
451 799 -2
451 769 2
451 670 -2
451 506 2
451 650 -2
451 651 2
451 558 2
451 452 2
451 723 -2
451 636 -2
451 561 -2
451 518 2
451 743 2
451 590 2
451 583 -2
451 623 -2
451 462 2
451 797 2
452 778 2
452 636 -2
452 632 -2
452 696 -2
452 757 -2
452 623 -2
452 577 2
452 507 2
452 511 -2
452 708 2
452 628 -2
452 497 -2
452 700 -2
452 726 2
452 493 -2
452 622 -2
452 693 2
452 508 2
452 759 -2
452 649 2
452 788 -2
452 727 2
452 692 2
452 663 2
452 553 -2
452 556 -2
452 783 2
452 740 -2
453 572 -2
453 751 -2
453 683 2
453 490 2
453 566 2
453 599 2
453 472 -2
453 711 2
453 478 2
453 792 -2
453 628 -2
453 771 2
453 644 -2
454 620 -2
454 539 -2
454 685 -2
454 519 -2
454 549 2
454 786 -2
454 773 -2
454 586 -2
454 642 -2
454 780 -2
454 612 -2
454 668 -2
454 458 -2
454 693 -2
454 672 2
454 657 -2
454 499 2
454 796 -2
454 724 -2
455 767 -2
455 570 -2
455 606 2
455 501 2
455 681 2
455 652 -2
455 753 2
455 574 2
455 760 2
455 552 2
455 596 -2
455 798 -2
455 597 2
455 691 2
455 771 2
455 722 2
455 494 2
455 688 -2
455 546 2
455 687 2
455 613 2
455 522 -2
455 668 -2
455 599 2
456 718 2
456 503 -2
456 655 -2
456 586 2
456 620 2
456 547 -2
456 764 2
456 769 2
456 463 2
456 610 -2
456 567 2
456 468 -2
456 495 -2
456 590 -2
456 593 -2
456 663 2
456 508 -2
456 459 2
457 505 -2
457 532 2
457 688 2
457 628 2
457 712 -2
457 459 2
457 674 2
457 528 2
457 547 2
457 661 -2
457 673 -2
457 552 -2
458 781 -2
458 599 -2
458 481 2
458 568 -2
458 460 -2
458 511 -2
458 588 -2
458 518 -2
458 716 -2
458 553 2
458 731 2
459 789 2
459 610 -2
459 552 2
459 646 2
459 489 -2
459 543 -2
459 550 -2
459 680 2
459 772 2
459 754 2
459 461 2
459 490 -2
459 757 2
459 638 2
459 466 -2
459 783 -2
459 670 -2
459 482 -2
459 767 2
459 690 -2
460 506 -2
460 655 -2
460 501 -2
460 719 -2
460 749 -2
460 482 2
460 499 -2
460 533 2
460 740 2
460 588 2
460 745 2
460 552 2
460 481 -2
460 627 -2
460 631 -2
460 597 -2
460 769 2
461 667 -2
461 654 2
461 536 -2
461 512 -2
461 530 2
461 695 -2
461 761 -2
461 763 2
461 585 2
461 612 2
461 686 -2
461 587 2
461 688 2
461 708 -2
461 568 2
461 485 2
461 668 -2
461 544 2
461 603 -2
461 547 -2
461 488 2
461 556 2
461 595 -2
461 704 2
462 685 -2
462 690 -2
462 745 -2
462 794 -2
462 468 2
462 777 -2
462 771 -2
462 587 2
463 570 -2
463 474 2
463 594 2
463 782 -2
463 485 2
463 505 2
463 504 -2
463 742 2
463 726 2
463 539 -2
463 584 2
463 786 2
463 795 -2
463 734 -2
463 516 -2
463 718 2
463 483 -2
463 559 2
464 559 2
464 568 2
464 661 -2
464 625 -2
464 555 2
464 689 -2
464 564 -2
464 600 2
464 576 2
464 609 -2
464 696 -2
464 572 2
464 635 -2
464 782 2
464 468 2
464 486 -2
464 484 2
464 678 -2
464 502 -2
464 787 2
464 489 2
464 550 -2
464 724 2
464 505 -2
464 493 2
465 645 2
465 651 -2
465 595 -2
465 506 2
465 538 2
465 588 -2
465 551 2
465 572 -2
465 779 2
465 679 -2
465 785 -2
465 600 2
465 714 -2
465 514 -2
465 677 -2
465 717 2
465 741 2
465 560 -2
465 755 2
465 739 -2
465 649 2
466 770 2
466 793 -2
466 515 -2
466 738 2
466 629 2
466 786 -2
466 706 -2
466 610 2
466 542 -2
466 779 2
466 604 -2
466 631 -2
466 541 -2
466 771 -2
466 527 -2
466 763 -2
466 745 2
466 788 2
466 729 2
466 789 -2
466 486 2
467 616 2
467 620 2
467 567 -2
467 681 2
467 617 2
467 491 2
467 798 2
467 642 2
467 564 -2
467 533 2
467 723 2
467 669 2
467 694 -2
467 499 2
468 759 -2
468 639 -2
468 628 2
468 623 -2
468 578 2
468 672 -2
468 622 -2
468 670 -2
468 677 -2
468 635 2
468 750 -2
468 532 -2
468 748 -2
468 599 2
468 795 2
468 706 2
468 625 2
468 612 2
468 762 2
468 573 2
468 643 -2
468 486 -2
468 490 -2
468 767 -2
468 544 2
468 687 -2
468 770 -2
468 562 2
468 630 2
469 542 2
469 692 -2
469 679 2
469 787 -2
469 730 2
469 490 2
469 658 -2
469 687 -2
469 519 2
469 492 -2
469 511 -2
469 534 2
469 598 -2
469 564 2
469 738 -2
469 697 2
469 762 -2
469 540 -2
469 481 2
469 497 -2
469 588 -2
470 518 -2
470 789 -2
470 661 2
470 531 -2
470 755 -2
470 757 2
470 680 2
470 506 -2
470 657 2
470 752 2
470 735 2
470 525 -2
470 564 2
470 670 -2
470 720 2
470 649 2
470 790 2
470 678 -2
471 715 -2
471 579 2
471 593 2
471 656 2
471 575 2
471 719 -2
471 476 2
471 675 -2
471 497 2
471 750 2
471 680 -2
471 673 -2
471 694 2
471 536 2
471 580 2
471 503 -2
471 601 2
471 629 -2
471 701 2
471 798 -2
472 594 -2
472 566 2
472 713 2
472 535 -2
472 496 2
472 552 -2
472 686 -2
472 567 -2
472 668 -2
472 688 2
472 700 -2
472 616 -2
472 513 2
472 478 2
473 700 -2
473 584 2
473 527 2
473 706 2
473 623 -2
473 645 2
473 488 -2
473 556 -2
473 498 -2
473 763 2
473 754 2
473 750 -2
473 503 2
473 669 2
473 792 -2
473 582 -2
473 551 2
473 501 2
473 577 2
473 770 2
474 640 2
474 633 2
474 543 -2
474 719 2
474 608 -2
474 769 -2
474 767 -2
474 764 2
474 698 -2
474 520 2
474 758 2
474 620 2
474 731 -2
474 760 -2
474 601 2
474 610 2
474 526 -2
474 653 -2
474 703 -2
474 495 2
474 674 2
474 673 -2
474 539 -2
475 706 -2
475 694 2
475 646 2
475 684 2
475 584 -2
475 730 2
475 689 2
475 568 -2
475 783 -2
475 693 -2
475 537 -2
475 737 -2
475 762 2
475 532 -2
475 692 2
475 521 -2
476 591 -2
476 573 -2
476 511 2
476 657 -2
476 518 -2
476 630 -2
476 497 2
476 793 2
476 611 -2
476 634 2
476 479 2
476 687 2
476 723 2
476 672 -2
476 722 2
476 727 -2
476 725 2
476 686 -2
476 575 2
476 572 -2
476 626 -2
476 788 -2
476 789 2
476 735 -2
477 517 2
477 628 2
477 508 -2
477 606 -2
477 692 -2
477 512 2
477 776 -2
477 501 2
477 604 2
477 546 -2
477 528 2
477 753 2
477 583 -2
477 584 2
477 607 -2
477 591 2
478 579 -2
478 674 2
478 662 2
478 569 2
478 511 -2
478 779 -2
478 567 2
478 590 2
478 687 2
478 483 -2
478 583 2
478 784 2
478 738 -2
478 756 2
478 491 2
478 711 -2
478 485 2
479 573 -2
479 765 2
479 554 -2
479 605 2
479 748 -2
479 565 2
479 545 2
479 687 2
479 707 2
479 735 -2
479 725 2
479 574 -2
479 790 -2
479 586 2
479 568 -2
479 483 -2
479 518 2
479 661 -2
479 558 -2
479 743 2
479 676 -2
479 766 -2
479 749 -2
479 720 -2
479 793 2
479 501 2
479 788 -2
480 767 2
480 596 2
480 595 -2
480 716 2
480 692 -2
480 576 -2
480 745 2
480 758 -2
480 555 -2
480 491 2
480 679 2
480 583 2
480 782 -2
480 686 -2
480 614 -2
480 629 -2
480 794 2
481 773 2
481 626 -2
481 683 2
481 753 2
481 487 2
481 651 2
481 780 -2
481 518 -2
481 718 2
481 663 2
481 740 -2
481 612 -2
481 540 2
481 491 -2
481 502 -2
481 562 -2
481 565 -2
482 517 -2
482 703 -2
482 571 2
482 604 2
482 653 -2
482 530 -2
482 551 -2
482 570 2
482 504 -2
482 591 2
482 516 2
482 655 2
482 794 -2
482 700 -2
482 710 -2
482 734 -2
482 741 2
482 646 -2
482 641 -2
483 633 -2
483 631 2
483 514 2
483 607 -2
483 583 2
483 536 2
483 643 2
483 757 -2
483 766 2
483 619 2
483 687 -2
483 630 -2
483 602 -2
483 570 -2
483 659 2
483 594 -2
483 764 2
483 613 -2
483 574 2
483 722 -2
483 712 -2
484 599 2
484 627 -2
484 502 2
484 552 2
484 585 2
484 524 -2
484 691 2
484 647 2
484 661 -2
484 664 2
484 636 -2
484 761 -2
484 767 2
484 776 2
484 729 2
484 554 2
484 536 -2
484 788 2
484 786 2
484 677 2
484 685 -2
484 774 -2
485 781 2
485 561 -2
485 596 2
485 535 -2
485 506 -2
485 547 -2
485 600 2
485 622 2
485 726 -2
485 557 2
485 732 2
485 532 -2
485 731 2
485 613 -2
485 655 2
485 546 2
485 528 2
485 717 2
485 698 -2
485 537 -2
485 704 -2
485 648 2
485 526 -2
486 710 -2
486 658 -2
486 724 -2
486 704 -2
486 662 2
486 789 2
486 630 -2
486 619 2
486 770 2
486 552 -2
486 665 -2
486 523 2
486 760 -2
486 554 2
486 614 2
486 526 -2
486 538 2
486 579 -2
486 636 -2
486 598 2
486 578 -2
486 736 2
486 679 2
487 569 2
487 639 2
487 591 2
487 493 2
487 650 -2
487 520 -2
487 697 2
487 509 2
487 654 2
487 702 -2
487 501 -2
487 727 -2
487 785 -2
487 679 -2
487 613 -2
487 555 -2
487 682 2
487 676 -2
487 537 -2
487 504 -2
487 752 -2
487 723 -2
487 741 -2
488 682 -2
488 689 -2
488 762 -2
488 652 -2
488 622 2
488 697 2
488 534 2
488 575 -2
488 639 2
488 550 2
488 615 2
488 749 -2
488 720 2
489 645 -2
489 659 -2
489 587 -2
489 680 2
489 787 -2
489 660 -2
489 506 2
489 590 2
489 561 -2
489 686 2
489 597 -2
489 737 2
489 499 2
489 578 2
489 628 2
489 723 2
489 701 2
489 798 2
489 552 2
489 509 -2
489 752 -2
490 499 -2
490 544 2
490 778 -2
490 655 -2
490 552 -2
490 530 2
490 790 2
490 795 -2
490 571 2
490 524 2
490 514 -2
490 646 2
490 635 2
490 640 -2
490 658 2
490 677 -2
490 741 2
490 557 2
490 584 -2
490 647 2
490 793 -2
490 576 -2
491 793 2
491 695 2
491 505 2
491 709 -2
491 606 -2
491 684 -2
491 785 2
491 580 -2
491 764 -2
491 498 -2
491 609 2
491 521 2
491 770 -2
491 543 2
491 566 2
491 520 -2
491 740 -2
491 636 -2
491 672 2
491 725 2
491 729 -2
491 763 2
491 532 -2
491 703 -2
491 581 2
492 667 2
492 540 2
492 735 2
492 704 2
492 729 2
492 719 -2
492 525 -2
492 595 2
492 654 2
492 563 -2
492 624 -2
492 711 2
492 778 -2
492 707 2
492 738 2
492 712 -2
492 733 2
492 784 -2
492 551 -2
492 566 -2
492 748 2
492 607 2
492 684 2
492 757 2
492 645 2
493 536 -2
493 616 2
493 596 2
493 618 -2
493 632 2
493 509 -2
493 736 2
493 645 2
493 595 2
493 730 -2
493 634 2
493 598 -2
493 788 -2
493 529 -2
494 514 -2
494 600 -2
494 617 2
494 604 -2
494 676 2
494 741 -2
494 742 2
494 634 -2
494 553 2
494 744 -2
494 569 2
494 616 2
494 567 -2
494 644 -2
494 781 2
495 555 2
495 774 -2
495 612 -2
495 599 2
495 796 -2
495 625 2
495 620 2
495 793 -2
495 626 2
495 552 -2
495 656 2
495 516 2
495 724 2
496 623 -2
496 690 2
496 724 -2
496 593 2
496 670 2
496 510 2
496 720 2
496 541 2
496 766 -2
496 768 2
496 730 2
496 531 2
496 530 2
496 648 2
496 651 -2
496 535 -2
496 782 2
496 677 2
497 551 -2
497 515 -2
497 734 2
497 779 2
497 723 2
497 668 -2
497 618 -2
497 581 -2
497 662 2
497 561 2
497 771 -2
497 510 2
497 518 2
497 560 2
497 621 2
497 609 -2
497 600 -2
497 661 -2
497 641 -2
497 703 2
497 593 2
498 707 2
498 779 2
498 559 -2
498 513 -2
498 753 2
498 567 -2
498 665 -2
498 757 2
498 686 2
498 623 2
498 787 2
498 689 2
498 659 -2
498 746 -2
498 583 2
498 681 2
498 683 2
498 616 2
499 660 -2
499 774 -2
499 621 -2
499 701 2
499 587 2
499 559 -2
499 750 -2
499 686 2
499 644 -2
499 683 -2
499 567 -2
499 571 2
499 597 -2
499 573 2
499 738 2
499 695 -2
499 760 2
500 718 -2
500 781 -2
500 782 2
500 655 -2
500 539 -2
500 727 2
500 548 -2
500 789 -2
500 692 2
500 768 2
500 690 -2
500 618 -2
500 730 2
500 565 -2
501 579 -2
501 705 2
501 664 2
501 611 2
501 598 -2
501 586 -2
501 542 2
501 613 -2
501 777 2
501 788 2
501 680 -2
501 695 2
501 631 -2
501 522 2
502 656 -2
502 712 -2
502 672 2
502 595 2
502 715 -2
502 586 2
502 719 2
502 602 -2
502 543 2
502 600 -2
502 756 2
502 735 2
502 700 2
502 746 -2
502 562 -2
502 509 -2
502 668 2
502 537 2
502 646 2
503 639 2
503 725 -2
503 706 -2
503 703 -2
503 793 -2
503 788 -2
503 522 2
503 768 -2
503 543 -2
503 718 -2
503 584 2
503 568 -2
503 732 2
503 787 -2
504 665 2
504 716 2
504 586 2
504 512 2
504 595 2
504 540 2
504 567 -2
504 521 2
504 731 -2
504 784 2
504 556 2
504 632 -2
504 743 2
504 760 -2
504 645 2
504 604 2
505 701 2
505 594 2
505 588 -2
505 642 -2
505 626 -2
505 682 -2
505 612 2
505 683 2
505 539 2
505 553 2
505 773 -2
505 707 -2
505 577 2
505 728 -2
505 587 2
505 544 -2
505 678 2
505 719 -2
505 687 2
505 670 -2
505 780 2
506 644 2
506 776 -2
506 548 -2
506 571 2
506 628 2
506 532 -2
506 777 2
506 511 -2
506 723 -2
506 592 -2
506 609 2
506 612 -2
506 730 -2
506 720 -2
506 582 2
506 745 -2
506 741 -2
507 616 -2
507 543 -2
507 666 -2
507 563 2
507 798 -2
507 573 -2
507 609 2
507 769 2
507 733 2
507 592 2
507 534 -2
507 645 -2
507 697 -2
507 535 2
507 754 -2
507 522 -2
507 590 -2
507 679 -2
508 786 -2
508 774 -2
508 670 -2
508 547 -2
508 535 -2
508 658 2
508 615 2
508 770 -2
508 721 2
508 578 2
509 690 2
509 723 2
509 787 2
509 710 -2
509 736 2
509 714 -2
509 750 2
509 709 2
509 520 2
509 519 -2
509 689 2
509 614 2
509 664 -2
509 712 2
509 765 -2
509 685 -2
509 751 2
509 544 2
509 606 -2
510 774 -2
510 731 -2
510 545 2
510 646 -2
510 555 2
510 576 2
510 745 -2
510 653 2
510 549 2
510 794 2
510 529 2
510 757 2
510 701 -2
510 596 2
510 716 2
510 735 -2
510 762 2
511 604 -2
511 678 -2
511 733 2
511 685 -2
511 718 -2
511 564 2
511 557 -2
511 607 -2
511 620 2
511 656 2
512 680 -2
512 645 2
512 719 -2
512 776 -2
512 712 2
512 575 2
512 696 -2
512 624 2
512 673 -2
512 643 2
512 530 2
512 702 2
512 540 -2
512 549 -2
512 636 -2
512 569 2
512 771 -2
512 581 2
512 744 -2
512 627 2
512 605 2
512 775 -2
512 748 -2
512 600 -2
513 693 2
513 550 2
513 517 2
513 654 2
513 680 -2
513 690 -2
513 637 -2
513 614 -2
513 583 2
513 774 -2
513 739 -2
513 603 -2
513 621 -2
513 712 2
513 759 -2
514 798 -2
514 594 2
514 680 -2
514 572 -2
514 620 -2
514 752 -2
514 687 -2
514 748 2
514 709 -2
514 713 2
514 612 -2
514 631 -2
514 784 2
514 670 -2
514 609 -2
514 795 2
514 776 -2
514 754 -2
515 603 2
515 619 -2
515 599 2
515 636 2
515 641 2
515 758 -2
515 719 -2
515 724 2
515 570 -2
515 534 -2
515 682 2
515 701 2
515 632 2
515 757 2
515 788 -2
515 593 -2
515 617 2
515 613 2
515 741 2
515 592 -2
516 550 -2
516 679 -2
516 579 2
516 790 2
516 528 -2
516 572 2
516 557 -2
516 598 -2
516 635 2
516 525 2
516 592 -2
516 698 -2
516 694 2
516 752 2
516 785 2
516 584 2
516 792 2
516 682 -2
516 546 -2
516 533 2
516 713 2
516 586 -2
516 717 -2
516 655 -2
516 699 -2
517 700 -2
517 633 -2
517 622 -2
517 698 2
517 578 -2
517 727 -2
517 670 -2
517 544 2
517 714 2
517 742 2
517 601 -2
518 778 2
518 700 2
518 647 2
518 674 2
518 767 2
518 753 -2
518 768 2
518 528 2
518 761 -2
518 657 2
518 737 2
518 555 -2
518 606 2
518 679 2
518 520 2
518 539 -2
518 741 -2
518 546 -2
518 533 2
519 696 2
519 658 -2
519 568 2
519 627 -2
519 721 -2
519 757 -2
519 747 -2
519 630 -2
519 537 -2
519 693 2
519 672 -2
519 569 -2
519 717 2
519 554 -2
519 799 -2
519 640 -2
519 760 2
519 571 -2
519 766 2
519 520 2
520 526 2
520 613 2
520 785 2
520 623 2
520 547 2
520 795 -2
520 527 -2
520 655 2
520 733 -2
520 555 2
520 798 -2
520 670 -2
520 530 2
520 578 -2
521 658 -2
521 647 -2
521 627 -2
521 736 2
521 597 -2
521 617 -2
521 623 2
521 769 -2
521 733 2
521 788 -2
521 660 2
521 533 -2
521 621 -2
521 585 -2
521 603 2
521 673 2
521 737 2
521 746 2
522 651 -2
522 772 -2
522 564 -2
522 636 2
522 634 2
522 770 -2
522 725 2
522 548 -2
522 581 2
522 798 2
522 576 2
522 761 2
522 587 -2
522 720 -2
522 760 -2
522 540 2
522 524 2
522 666 2
522 748 2
523 540 -2
523 555 -2
523 754 -2
523 716 -2
523 551 2
523 740 -2
523 535 -2
523 793 2
523 599 -2
523 665 2
523 748 2
523 528 2
523 668 -2
524 695 2
524 538 2
524 703 2
524 630 2
524 775 2
524 597 -2
524 587 -2
524 635 -2
524 539 2
524 565 2
524 525 2
524 763 -2
524 614 2
524 778 2
524 792 -2
524 683 -2
524 641 2
524 531 2
524 609 2
525 540 2
525 551 -2
525 594 2
525 696 2
525 769 -2
525 725 -2
525 538 2
525 639 -2
525 569 2
525 742 -2
525 646 2
525 702 -2
525 746 -2
525 579 -2
525 546 2
525 631 2
526 719 2
526 585 2
526 593 -2
526 768 -2
526 657 2
526 566 2
526 594 2
526 713 2
526 667 -2
526 532 2
526 634 -2
526 563 -2
527 744 -2
527 547 -2
527 611 2
527 647 2
527 651 -2
527 618 -2
527 741 -2
527 780 -2
527 591 2
527 709 2
527 782 -2
527 664 -2
527 586 2
527 560 2
527 577 -2
527 720 2
527 692 -2
527 786 -2
528 547 2
528 578 -2
528 677 -2
528 753 2
528 627 2
528 531 2
528 727 2
528 647 2
528 713 -2
528 723 -2
528 765 -2
528 615 2
528 776 2
528 717 2
528 551 2
528 545 2
528 572 -2
528 733 2
528 628 2
529 535 -2
529 757 -2
529 684 2
529 799 -2
529 727 2
529 777 -2
529 555 -2
529 655 2
529 564 -2
529 657 2
529 682 2
529 642 -2
529 679 -2
529 698 2
530 574 2
530 798 -2
530 720 -2
530 565 -2
530 751 2
530 608 2
530 695 -2
530 594 -2
530 553 -2
530 732 2
530 724 2
530 557 -2
530 576 2
530 664 -2
530 796 -2
530 554 2
531 579 2
531 634 -2
531 661 -2
531 561 2
531 555 -2
531 603 2
531 613 2
531 783 -2
531 640 2
531 656 2
531 540 -2
531 762 -2
531 717 2
532 533 -2
532 718 2
532 694 2
532 650 2
532 684 -2
532 583 -2
532 563 2
532 638 2
532 683 2
532 642 -2
532 785 2
532 706 2
532 704 -2
532 595 2
532 606 2
532 627 2
532 608 2
532 686 -2
532 719 -2
532 678 2
533 771 -2
533 744 2
533 695 2
533 694 -2
533 700 2
533 728 2
533 547 2
533 739 2
533 681 2
533 765 2
533 629 -2
533 689 -2
533 549 -2
534 618 -2
534 571 -2
534 784 -2
534 539 -2
534 676 2
534 654 -2
534 722 2
534 720 -2
534 692 -2
534 632 -2
534 540 -2
534 668 -2
535 650 -2
535 559 -2
535 746 -2
535 771 -2
535 623 2
535 602 -2
535 668 -2
535 743 -2
535 586 -2
535 599 -2
535 639 -2
535 750 -2
535 609 2
535 786 2
535 739 2
535 603 2
535 635 -2
535 618 2
535 713 -2
535 770 2
536 642 -2
536 599 2
536 544 -2
536 663 2
536 739 -2
536 541 2
536 692 2
536 658 2
536 761 2
536 795 2
536 618 2
536 580 -2
537 625 -2
537 559 2
537 791 -2
537 582 2
537 682 -2
537 562 -2
537 741 2
537 598 2
537 554 2
537 711 -2
537 740 2
537 789 2
537 699 2
537 775 -2
537 572 -2
537 596 -2
538 652 2
538 637 -2
538 750 -2
538 600 2
538 713 2
538 755 -2
538 585 2
538 792 2
538 662 2
538 777 -2
538 629 -2
538 674 -2
538 775 2
538 789 2
538 645 2
538 556 -2
538 580 2
538 788 -2
538 605 -2
539 613 2
539 605 2
539 660 -2
539 548 -2
539 722 2
539 595 2
539 651 2
539 616 2
539 643 -2
539 745 -2
539 648 2
539 582 2
540 559 -2
540 652 2
540 572 -2
540 654 -2
540 549 2
540 782 2
540 792 2
541 647 2
541 548 -2
541 585 2
541 705 -2
541 738 -2
541 545 -2
541 653 -2
541 569 2
541 615 2
541 632 2
541 543 -2
541 624 2
541 777 -2
541 761 -2
541 676 2
541 750 2
542 635 -2
542 625 -2
542 688 -2
542 630 2
542 787 2
542 660 -2
542 573 -2
542 563 -2
542 603 2
542 648 -2
542 728 -2
542 550 2
542 704 2
542 574 2
542 650 2
542 767 2
542 602 2
543 727 -2
543 606 -2
543 591 -2
543 564 -2
543 673 -2
543 582 -2
543 731 2
543 784 2
543 748 2
543 764 -2
543 728 -2
543 631 2
543 657 2
544 575 -2
544 599 -2
544 780 2
544 701 -2
544 663 -2
544 705 2
544 718 2
544 637 -2
544 748 -2
544 615 -2
544 792 2
544 729 2
545 756 -2
545 660 -2
545 659 2
545 677 2
545 578 -2
545 673 2
545 613 -2
545 599 -2
545 786 2
545 618 2
545 703 2
545 736 2
545 671 2
545 574 2
545 689 2
545 564 2
545 630 -2
545 699 2
545 694 -2
545 787 2
546 771 2
546 554 2
546 790 2
546 791 -2
546 555 -2
546 580 2
546 773 -2
546 788 -2
546 560 2
546 645 2
546 654 2
546 565 2
546 776 2
546 647 -2
546 785 -2
547 702 2
547 597 2
547 577 2
547 617 2
547 567 2
547 607 2
547 599 -2
547 570 -2
547 583 -2
547 797 -2
547 734 2
547 681 2
547 690 -2
547 757 2
547 614 -2
548 682 2
548 728 2
548 616 -2
548 580 -2
548 562 2
548 557 2
548 697 2
548 621 -2
548 692 -2
548 633 2
548 656 -2
548 604 -2
548 764 -2
548 721 2
548 731 2
548 681 2
548 761 2
548 713 -2
548 712 -2
549 701 -2
549 723 2
549 563 -2
549 759 -2
549 742 2
549 772 2
549 571 2
549 578 -2
549 573 2
549 773 2
549 711 2
549 737 -2
549 728 -2
549 609 -2
550 741 -2
550 762 2
550 647 -2
550 611 -2
550 608 2
550 625 -2
550 790 -2
550 690 2
550 646 -2
550 671 -2
550 590 -2
550 564 2
550 580 -2
550 570 2
551 580 -2
551 581 2
551 642 2
551 781 -2
551 561 2
551 787 2
551 758 2
551 632 2
551 670 -2
551 694 -2
551 705 2
551 567 -2
551 640 2
551 571 2
551 719 -2
551 727 -2
552 736 -2
552 685 -2
552 676 2
552 741 2
552 583 2
552 761 -2
552 606 2
552 755 2
552 721 -2
552 653 2
552 792 2
552 739 2
552 795 -2
552 597 2
553 718 -2
553 655 2
553 727 2
553 699 2
553 686 2
553 798 -2
553 668 2
553 589 2
553 775 -2
553 752 -2
553 600 -2
554 641 -2
554 751 -2
554 703 -2
554 741 -2
554 627 2
554 683 -2
554 652 -2
554 771 2
554 765 -2
555 654 2
555 687 2
555 662 -2
555 575 2
555 676 -2
555 799 2
555 578 -2
555 704 -2
555 793 2
555 685 -2
555 557 -2
555 673 -2
555 658 -2
555 615 -2
555 759 -2
555 556 -2
555 733 2
555 720 -2
556 718 -2
556 700 -2
556 712 -2
556 643 -2
556 711 -2
556 628 -2
556 607 2
556 693 2
556 589 2
556 797 2
556 792 2
556 713 2
556 581 2
556 687 2
556 783 2
556 590 2
556 566 2
557 659 2
557 584 2
557 651 -2
557 596 -2
557 798 2
557 784 2
557 615 2
557 772 -2
557 634 -2
557 585 -2
557 734 -2
557 740 -2
557 619 -2
558 682 2
558 738 2
558 649 2
558 608 -2
558 599 -2
558 718 2
558 604 -2
558 772 -2
558 768 -2
558 752 -2
558 564 -2
558 774 2
558 735 2
558 621 2
559 784 -2
559 595 2
559 771 2
559 638 -2
559 792 2
559 795 -2
559 585 -2
559 758 -2
559 635 -2
559 748 -2
559 562 2
559 733 2
559 701 -2
560 600 -2
560 758 -2
560 729 -2
560 585 -2
560 775 2
560 631 2
560 783 -2
560 681 2
560 698 2
560 571 -2
560 703 2
560 761 -2
560 582 -2
560 577 2
560 686 -2
560 750 2
560 680 -2
560 568 -2
561 705 -2
561 666 -2
561 662 2
561 566 2
561 757 2
561 747 2
561 736 2
561 756 -2
561 720 2
561 567 -2
561 788 2
561 793 -2
562 596 2
562 723 -2
562 605 -2
562 799 2
562 637 -2
562 717 -2
562 713 -2
562 585 2
562 590 2
562 781 -2
562 728 -2
562 744 -2
562 599 -2
562 783 2
562 764 -2
562 591 -2
563 768 2
563 649 2
563 634 2
563 671 -2
563 699 2
563 759 -2
563 566 -2
563 786 2
563 617 -2
563 774 -2
563 571 -2
563 716 -2
563 610 -2
563 639 -2
564 765 -2
564 785 2
564 771 2
564 766 2
564 591 2
564 602 2
564 754 -2
564 744 -2
564 741 2
565 715 -2
565 577 -2
565 725 2
565 772 2
565 792 -2
565 738 2
565 629 -2
565 770 -2
565 633 -2
565 730 2
565 774 2
565 572 -2
565 710 -2
566 578 -2
566 669 -2
566 797 -2
566 709 -2
566 693 2
566 594 -2
566 722 -2
566 647 -2
566 755 2
566 628 -2
566 795 2
566 671 -2
566 626 2
566 683 -2
566 698 2
566 670 -2
567 610 2
567 727 -2
567 747 2
567 681 2
567 771 -2
567 580 -2
567 759 -2
567 704 2
567 773 -2
567 767 2
567 589 -2
567 644 2
567 678 2
567 643 -2
567 665 2
568 783 -2
568 599 2
568 643 -2
568 569 -2
568 677 2
568 636 2
568 675 -2
568 576 2
568 670 -2
568 793 -2
568 737 -2
568 725 2
568 632 -2
568 696 2
568 652 2
569 578 -2
569 701 -2
569 666 -2
569 779 -2
569 777 -2
569 575 -2
569 646 2
569 771 -2
569 598 -2
569 594 -2
569 762 2
569 659 -2
569 768 -2
569 697 2
569 576 -2
569 793 2
569 722 -2
569 643 -2
569 596 -2
569 751 2
569 658 -2
569 624 -2
569 763 -2
569 783 -2
570 773 2
570 721 2
570 752 2
570 600 -2
570 795 -2
570 578 2
570 709 -2
570 643 -2
570 599 -2
570 782 -2
570 586 2
571 710 -2
571 768 -2
571 770 -2
571 726 -2
571 690 2
571 613 -2
571 747 2
571 622 -2
571 683 -2
571 767 -2
572 680 2
572 754 -2
572 747 2
572 613 2
572 708 -2
572 582 2
572 770 2
572 715 2
572 643 2
572 725 -2
572 773 -2
573 743 2
573 585 -2
573 727 2
573 725 2
573 623 -2
573 642 2
573 700 2
573 681 -2
573 733 2
573 578 -2
573 673 -2
573 720 -2
573 596 -2
573 797 -2
573 663 -2
573 574 -2
573 696 -2
573 781 -2
573 749 2
573 705 2
573 636 2
574 672 2
574 796 2
574 763 -2
574 646 2
574 795 2
574 648 2
574 697 2
574 783 -2
574 793 -2
574 625 2
574 776 -2
574 663 2
575 587 2
575 611 -2
575 588 -2
575 722 2
575 746 -2
575 756 2
575 779 -2
575 745 -2
575 605 -2
575 794 -2
575 595 2
575 646 2
575 652 2
575 764 2
575 752 2
575 771 -2
576 774 -2
576 593 2
576 710 2
576 671 2
576 634 -2
576 664 2
576 647 -2
576 610 2
576 683 -2
576 656 -2
576 791 -2
576 789 -2
576 777 2
577 614 2
577 731 -2
577 650 -2
577 723 2
577 705 -2
577 593 -2
577 672 2
577 647 2
577 599 2
577 756 -2
578 635 -2
578 795 2
578 774 -2
578 615 -2
578 726 -2
578 721 -2
578 602 2
578 632 2
578 702 -2
578 764 2
578 662 2
578 736 -2
578 613 2
578 723 -2
578 614 2
578 628 2
579 657 -2
579 783 2
579 603 -2
579 705 -2
579 646 2
579 738 2
579 754 2
579 784 -2
579 689 -2
579 653 -2
579 667 2
580 794 2
580 650 2
580 603 2
580 619 2
580 735 -2
580 718 2
580 678 -2
580 583 -2
580 789 -2
580 667 2
580 727 2
580 630 2
580 635 -2
580 710 2
580 627 2
580 687 -2
580 672 -2
581 726 2
581 618 -2
581 795 2
581 759 -2
581 638 -2
581 585 -2
581 649 -2
581 738 2
581 684 2
582 785 -2
582 658 -2
582 615 2
582 746 2
582 690 2
582 757 -2
582 790 -2
582 625 -2
582 633 -2
582 611 2
582 739 -2
582 771 2
582 671 2
582 685 -2
582 638 -2
582 715 -2
583 618 2
583 598 2
583 706 -2
583 710 2
583 716 -2
583 774 -2
583 661 -2
583 585 -2
583 778 2
583 729 -2
583 789 2
583 721 -2
583 632 2
583 671 -2
583 717 -2
583 700 -2
583 719 2
583 761 -2
583 772 -2
584 758 -2
584 771 -2
584 642 -2
584 640 2
584 754 -2
584 587 -2
584 657 -2
584 646 2
584 653 -2
584 628 -2
584 701 2
584 788 2
584 777 -2
584 591 -2
584 783 2
584 614 -2
584 785 -2
584 797 -2
585 674 -2
585 623 2
585 733 -2
585 654 -2
585 760 -2
585 706 2
585 714 -2
585 611 2
585 734 2
585 684 -2
585 776 2
585 650 -2
585 644 2
585 740 -2
585 672 2
585 780 -2
585 711 2
585 597 -2
586 683 -2
586 593 2
586 719 2
586 720 -2
586 628 -2
586 694 -2
586 620 2
586 608 -2
586 629 -2
586 636 -2
587 759 2
587 704 -2
587 588 2
587 600 2
587 791 2
587 624 -2
587 752 2
587 772 2
587 774 2
587 716 2
588 678 -2
588 687 -2
588 771 2
588 691 -2
588 795 2
588 718 -2
588 708 -2
588 759 -2
588 764 2
588 714 2
589 703 -2
589 678 2
589 743 -2
589 689 2
589 617 -2
589 752 -2
589 779 2
589 755 -2
589 787 2
589 620 -2
590 759 2
590 793 2
590 687 2
590 696 2
590 712 -2
590 599 2
590 705 -2
590 676 -2
590 736 2
590 771 2
590 707 2
590 610 -2
591 649 2
591 759 -2
591 595 2
591 780 2
591 740 -2
591 613 -2
591 712 -2
591 634 -2
591 720 2
591 650 -2
591 684 -2
591 651 -2
591 721 2
591 685 2
591 696 -2
591 782 2
591 716 2
592 757 -2
592 764 -2
592 733 2
592 648 2
592 691 -2
592 625 2
592 628 2
593 762 2
593 738 2
593 770 2
593 643 2
593 615 2
593 718 2
593 606 2
593 717 -2
593 753 -2
593 747 -2
593 650 -2
593 724 -2
593 609 2
593 603 -2
593 777 2
593 778 2
593 657 -2
593 784 -2
594 621 -2
594 643 2
594 786 -2
594 762 2
594 699 2
594 738 2
594 630 -2
594 618 -2
594 737 -2
594 635 2
594 773 -2
594 768 2
594 789 2
595 661 2
595 682 2
595 684 -2
595 787 2
595 689 -2
595 791 -2
595 656 -2
595 794 2
595 721 -2
595 630 -2
595 628 2
595 668 -2
595 646 -2
595 745 2
596 625 -2
596 603 -2
596 657 2
596 703 2
596 711 -2
596 737 -2
596 650 -2
596 739 2
596 632 -2
596 599 2
596 772 -2
596 679 2
596 665 2
596 707 -2
596 705 -2
597 768 2
597 622 -2
597 713 2
597 615 -2
597 701 2
597 708 -2
597 790 -2
597 778 -2
597 606 2
597 695 -2
597 783 2
597 681 -2
597 799 2
598 758 -2
598 693 -2
598 661 2
598 694 -2
598 750 -2
598 634 -2
598 663 2
598 755 -2
598 684 2
598 711 2
599 644 -2
599 618 -2
599 603 2
599 746 2
599 655 -2
599 719 2
599 601 -2
599 745 -2
599 687 2
599 614 2
599 684 2
599 740 -2
600 701 -2
600 726 2
600 664 -2
600 770 2
600 742 2
600 776 2
600 765 2
600 653 2
600 675 2
600 680 -2
600 705 2
600 617 -2
600 613 -2
600 756 2
600 624 -2
601 675 -2
601 677 2
601 763 2
601 653 2
601 641 -2
601 620 -2
601 797 2
601 694 2
602 776 2
602 677 -2
602 757 -2
602 633 -2
602 790 -2
602 756 -2
602 608 -2
602 796 2
602 743 2
602 617 -2
603 687 -2
603 648 2
603 656 2
603 762 2
603 782 -2
603 760 2
603 779 2
603 695 -2
603 751 -2
603 705 -2
603 670 -2
603 789 2
603 665 2
603 640 -2
603 641 2
604 776 2
604 749 -2
604 695 -2
604 631 -2
604 784 2
604 797 -2
604 799 -2
604 670 2
604 763 2
604 608 -2
604 720 2
604 730 -2
604 709 2
604 665 -2
605 653 2
605 713 -2
605 742 -2
605 620 2
605 722 2
605 622 -2
605 748 2
605 704 -2
606 672 2
606 730 2
606 671 -2
606 691 -2
606 728 -2
606 629 -2
606 741 2
606 651 2
606 653 2
606 765 2
606 616 -2
607 615 -2
607 679 -2
607 750 -2
607 659 2
607 779 -2
607 760 -2
607 609 2
607 712 -2
608 696 -2
608 623 2
608 720 -2
608 619 2
608 766 2
608 698 2
608 758 -2
608 763 -2
608 749 -2
608 718 2
609 767 -2
609 610 -2
609 658 -2
609 665 -2
609 626 2
609 751 -2
609 744 -2
609 729 -2
609 722 -2
610 694 2
610 725 2
610 636 2
610 632 2
610 741 -2
610 747 2
610 781 -2
610 671 2
610 754 2
611 688 -2
611 661 -2
611 612 -2
611 693 -2
611 725 -2
611 756 2
611 785 2
611 690 2
611 685 -2
611 658 2
611 710 -2
611 729 -2
611 773 -2
612 765 -2
612 683 2
612 755 -2
612 748 -2
612 761 -2
612 638 -2
612 788 2
612 751 -2
612 701 2
612 689 2
612 776 -2
612 795 -2
612 729 -2
612 691 -2
612 643 2
613 787 2
613 684 -2
613 746 -2
613 651 2
613 699 -2
613 663 -2
613 727 -2
613 660 2
614 728 -2
614 655 -2
614 713 -2
614 739 2
614 762 2
614 708 2
614 718 -2
614 672 2
614 645 -2
614 711 2
614 693 -2
614 706 -2
614 650 -2
614 642 2
615 624 -2
615 676 2
615 748 -2
615 683 -2
615 721 2
615 746 -2
615 785 2
615 689 -2
615 690 -2
615 705 2
615 677 2
616 773 -2
616 752 -2
616 681 2
616 706 2
616 654 -2
616 697 -2
616 798 2
616 618 -2
616 705 -2
616 631 -2
617 763 -2
617 769 2
617 756 2
617 678 2
617 782 -2
617 741 2
617 673 2
617 638 -2
617 628 -2
618 651 2
618 727 2
618 792 -2
618 686 -2
618 694 2
618 636 2
618 746 2
618 793 2
618 639 -2
618 681 2
618 682 2
618 689 2
618 696 -2
619 755 2
619 627 -2
619 725 -2
619 733 2
619 684 2
619 694 -2
619 784 -2
619 680 -2
619 717 -2
619 762 -2
619 701 -2
619 781 2
619 699 2
619 686 2
619 656 2
620 690 2
620 680 2
620 745 -2
620 696 2
620 648 -2
620 770 2
620 683 -2
620 711 2
620 640 -2
620 621 2
620 641 2
620 707 2
621 686 -2
621 798 2
621 651 2
621 724 2
621 667 2
621 727 -2
621 641 2
621 796 2
621 743 -2
622 717 2
622 667 -2
622 681 2
622 694 2
622 729 -2
622 657 2
622 796 2
622 755 2
623 777 2
623 701 -2
623 717 2
623 671 -2
623 700 2
623 791 2
623 720 2
623 664 -2
623 696 2
623 731 2
623 745 2
623 666 2
623 743 -2
623 734 2
623 657 -2
623 635 2
624 786 -2
624 700 -2
624 748 -2
624 721 -2
624 790 -2
624 778 2
624 629 -2
624 754 -2
624 698 2
624 792 -2
624 744 -2
624 694 2
624 775 -2
624 791 -2
624 704 2
624 693 2
624 636 -2
625 664 -2
625 650 2
625 679 -2
625 758 -2
625 773 2
625 745 2
625 694 -2
625 794 -2
625 795 2
626 666 2
626 640 2
626 756 -2
626 770 -2
626 751 -2
626 700 -2
626 794 2
626 676 -2
626 735 2
626 789 2
626 689 2
626 644 2
627 657 -2
627 637 -2
627 702 2
627 708 -2
627 703 2
627 761 -2
627 628 -2
627 634 2
627 655 -2
628 774 2
628 653 -2
628 639 -2
628 659 -2
628 720 2
629 679 2
629 793 2
629 689 -2
629 796 2
629 795 2
629 642 2
629 779 -2
629 693 2
629 769 -2
629 709 -2
629 753 2
629 669 2
630 674 2
630 666 2
630 637 2
630 757 2
630 759 2
630 667 -2
631 772 -2
631 684 -2
631 683 2
631 633 2
631 766 2
631 795 2
631 751 -2
631 644 2
631 749 2
631 711 2
631 662 2
631 742 -2
632 688 2
632 731 -2
632 752 -2
632 637 -2
632 774 -2
632 645 2
632 643 -2
632 790 -2
632 735 -2
632 781 2
632 788 2
632 676 2
632 715 -2
632 667 -2
632 665 -2
632 787 2
633 734 -2
633 675 -2
633 766 2
633 756 -2
633 724 -2
633 660 2
633 666 -2
633 729 2
634 638 -2
634 790 -2
634 733 -2
634 668 -2
634 755 -2
634 691 -2
634 643 -2
634 642 2
634 728 2
635 641 -2
635 701 -2
635 661 2
635 643 -2
635 746 2
636 685 -2
636 787 -2
636 763 -2
636 793 -2
636 722 -2
636 641 -2
636 651 2
636 659 2
636 664 -2
636 721 2
636 735 2
636 792 2
636 708 2
636 716 -2
636 798 2
636 691 -2
636 658 -2
637 755 -2
637 737 -2
637 682 2
637 779 -2
637 657 -2
637 688 -2
637 731 -2
637 643 -2
638 670 2
638 747 2
638 685 2
638 797 -2
638 794 2
638 735 2
638 711 -2
638 765 2
638 775 2
638 640 2
638 700 -2
639 714 -2
639 654 2
639 688 -2
639 742 2
639 741 -2
639 668 2
639 680 -2
639 694 2
639 672 -2
639 712 -2
639 699 2
639 799 -2
639 679 -2
640 775 2
640 648 -2
640 656 -2
640 719 2
640 722 2
641 797 2
641 742 -2
641 722 -2
641 758 2
641 761 2
641 767 2
641 667 -2
641 669 2
642 776 2
642 743 2
642 714 2
642 677 2
642 655 -2
642 680 2
642 671 -2
642 725 -2
642 777 2
642 707 -2
643 684 2
643 711 -2
643 666 2
643 674 2
643 798 -2
643 696 2
643 758 -2
643 693 -2
643 734 -2
643 671 -2
643 657 2
643 655 2
644 710 -2
644 748 -2
644 751 -2
644 669 -2
644 742 2
644 671 2
645 713 2
645 668 2
645 743 2
645 682 2
645 796 2
645 692 -2
645 764 2
646 670 -2
646 731 -2
646 650 2
646 722 -2
646 795 2
646 785 -2
646 671 -2
646 648 2
646 708 2
646 782 -2
646 784 2
647 724 2
647 689 2
647 793 -2
647 686 2
647 796 -2
647 697 -2
647 651 2
647 681 2
647 788 -2
648 752 2
648 776 -2
648 770 -2
648 649 -2
649 655 -2
649 656 2
649 753 2
649 751 -2
649 732 -2
649 703 2
649 786 2
649 730 2
650 762 2
650 713 -2
650 708 2
650 723 2
650 699 -2
650 651 2
650 680 2
650 711 -2
650 693 -2
651 729 -2
651 672 -2
651 745 2
651 680 -2
651 691 2
651 664 2
651 771 -2
652 777 2
652 704 -2
652 754 2
652 729 -2
652 767 2
652 700 2
652 707 -2
652 712 2
652 713 -2
652 695 2
652 687 2
653 661 -2
653 674 -2
653 766 2
653 744 2
653 775 -2
653 719 2
654 729 2
654 756 -2
654 792 2
654 794 -2
654 667 2
654 697 -2
654 664 2
654 798 -2
655 704 2
655 787 -2
655 692 2
655 695 -2
655 688 2
655 690 2
655 798 2
655 758 -2
655 781 -2
655 698 2
655 748 -2
655 714 -2
656 701 -2
656 723 -2
656 719 2
656 777 -2
656 674 2
656 716 2
656 755 2
656 744 2
656 714 2
657 709 2
657 716 2
657 664 -2
657 723 2
657 696 -2
657 697 2
657 761 2
657 681 2
657 665 2
657 789 2
658 725 2
658 686 -2
658 685 2
658 743 -2
658 751 2
658 673 2
658 670 2
658 734 -2
658 796 -2
659 674 -2
659 793 -2
659 779 2
659 680 -2
659 711 -2
659 785 2
659 738 2
660 705 -2
660 753 2
660 795 2
660 742 2
660 672 -2
660 702 -2
660 677 2
661 698 -2
661 685 2
661 790 2
661 744 2
661 707 2
661 706 -2
662 795 2
662 723 -2
662 755 -2
662 699 2
662 751 2
662 692 -2
662 732 -2
662 668 2
662 793 -2
663 673 -2
663 698 2
663 756 2
663 702 2
663 668 -2
663 708 2
663 790 2
663 664 2
664 702 -2
664 723 2
664 701 2
664 679 -2
664 798 2
664 705 -2
665 743 -2
665 685 2
665 722 2
665 712 2
665 741 2
665 780 2
665 737 -2
666 724 -2
666 688 2
666 786 -2
666 701 2
666 730 2
666 716 -2
666 686 -2
666 752 2
666 787 -2
666 792 -2
667 752 -2
667 706 2
667 709 2
667 771 -2
667 735 -2
667 770 -2
667 769 2
667 784 2
667 776 -2
667 753 -2
667 779 -2
667 763 2
668 766 -2
668 699 -2
668 789 2
668 736 -2
668 684 2
669 696 2
669 766 2
669 674 -2
669 763 -2
669 672 2
669 692 2
669 745 -2
669 686 2
670 750 -2
670 676 -2
670 705 2
670 772 2
670 778 -2
670 742 2
670 734 2
671 678 -2
671 768 2
671 732 -2
671 715 -2
671 757 -2
672 695 -2
672 763 -2
672 781 2
672 773 -2
672 797 -2
672 794 -2
672 758 -2
672 752 -2
672 766 2
672 726 -2
672 747 -2
673 723 2
673 728 2
673 769 2
673 699 -2
673 682 2
673 787 2
673 720 -2
674 788 -2
674 776 -2
674 797 -2
674 686 2
674 747 -2
675 684 2
675 695 -2
675 707 -2
675 755 -2
675 746 2
675 737 2
675 706 2
676 762 2
676 685 -2
676 778 2
676 679 2
676 726 -2
676 702 -2
677 797 -2
677 691 2
677 754 -2
678 734 2
678 785 2
678 729 -2
678 733 -2
678 722 2
678 783 -2
678 716 2
678 742 2
679 774 -2
679 797 2
679 753 -2
679 724 -2
679 759 2
679 779 -2
680 757 2
680 686 2
680 747 2
680 781 2
680 750 2
680 683 -2
680 694 2
680 758 2
681 735 2
681 732 -2
681 697 -2
681 716 -2
681 770 -2
681 687 2
682 697 2
682 709 -2
682 778 -2
682 783 -2
682 736 -2
682 797 -2
682 739 2
682 710 -2
682 711 -2
683 762 -2
683 728 2
683 797 2
683 697 2
683 691 2
683 743 -2
683 777 -2
683 734 2
684 700 2
684 781 2
684 689 -2
684 717 2
684 716 -2
684 772 -2
685 767 -2
685 744 -2
685 752 2
685 760 2
685 753 2
685 783 -2
685 742 -2
685 715 -2
686 702 2
686 769 -2
686 779 2
686 741 -2
686 758 2
686 795 2
686 747 2
686 783 2
686 756 2
686 796 2
687 739 2
687 730 -2
687 760 2
687 757 -2
687 731 2
687 712 2
687 721 -2
687 741 2
688 732 2
688 706 2
688 698 -2
688 726 2
688 751 -2
689 763 -2
689 739 -2
689 755 -2
689 783 -2
689 729 2
689 770 2
689 708 -2
690 707 2
690 755 2
690 763 -2
691 692 2
691 752 -2
691 694 2
691 695 -2
692 745 2
692 727 -2
692 775 2
692 780 2
693 748 -2
693 779 -2
693 797 2
693 777 -2
694 768 2
694 720 -2
694 772 2
694 785 2
694 774 -2
695 789 -2
695 709 2
695 723 2
695 702 2
695 724 2
695 790 2
695 794 2
696 745 -2
696 706 -2
696 709 -2
696 762 2
696 796 -2
696 703 2
696 705 2
696 716 2
697 726 2
697 770 -2
697 706 -2
697 761 -2
697 712 -2
698 799 2
698 748 -2
698 780 -2
698 779 2
698 786 2
699 786 -2
699 756 2
699 710 2
699 703 2
699 776 -2
699 761 2
699 724 2
699 744 -2
699 770 2
699 705 -2
699 796 2
700 741 -2
700 799 -2
700 767 -2
700 793 -2
700 779 -2
701 727 2
701 773 -2
701 772 2
701 738 -2
701 754 -2
701 751 2
702 723 -2
702 749 -2
702 711 -2
702 725 -2
702 750 2
703 774 2
703 767 -2
703 725 2
703 777 2
703 739 2
703 755 -2
704 735 -2
704 786 2
704 776 2
704 767 -2
704 725 2
704 772 2
704 707 -2
705 725 -2
706 726 -2
706 799 -2
706 717 -2
706 783 2
706 796 2
706 763 -2
706 778 -2
707 764 -2
707 769 -2
707 757 -2
707 768 2
707 766 -2
708 768 2
708 781 2
708 770 -2
708 717 2
708 784 2
709 771 -2
709 750 -2
709 758 2
710 790 2
710 788 2
710 781 -2
710 716 2
710 749 -2
711 786 2
711 799 2
711 719 -2
711 734 -2
711 725 -2
711 768 -2
711 718 -2
711 712 -2
712 772 2
712 737 2
712 751 -2
712 717 -2
712 764 -2
712 776 -2
712 767 -2
713 744 -2
713 783 2
713 717 -2
713 734 -2
713 752 -2
713 741 2
713 754 2
713 720 2
713 775 2
714 728 2
714 735 -2
714 793 2
714 762 2
714 743 -2
715 788 2
715 766 2
716 731 -2
716 786 2
716 728 -2
716 750 -2
717 780 -2
717 774 -2
717 753 -2
717 782 -2
717 757 2
717 735 2
718 791 2
718 772 2
718 747 2
718 784 -2
719 749 2
719 721 2
719 794 -2
719 731 -2
720 765 -2
720 770 -2
720 748 -2
720 793 -2
721 783 2
721 792 2
722 787 -2
722 774 2
722 724 2
722 742 2
722 790 -2
722 799 -2
723 782 -2
723 727 -2
724 737 2
724 787 -2
724 776 2
724 769 -2
724 758 -2
724 782 -2
724 760 -2
725 746 -2
725 768 -2
725 770 -2
725 779 2
725 783 2
726 794 2
726 769 -2
726 741 2
726 792 -2
726 745 -2
727 799 -2
727 754 2
727 757 -2
727 761 2
727 756 2
728 760 2
728 747 2
728 764 -2
728 787 -2
729 767 -2
729 755 -2
729 739 2
730 785 2
730 779 -2
730 789 2
730 763 2
730 797 -2
731 790 2
731 796 2
732 763 -2
732 787 2
733 749 -2
733 799 2
733 796 2
733 775 -2
733 744 -2
733 772 2
735 747 2
735 752 -2
735 740 -2
735 749 2
735 789 2
735 797 -2
736 793 -2
736 763 -2
736 797 2
736 783 2
736 758 -2
736 760 -2
736 789 -2
737 794 2
737 743 -2
738 777 -2
739 793 -2
739 757 -2
739 766 2
739 742 2
740 775 2
740 785 -2
740 742 2
740 794 -2
741 750 2
741 779 2
742 785 2
742 796 -2
743 764 2
743 756 -2
743 748 -2
743 750 -2
743 794 -2
743 754 2
744 752 -2
744 783 2
745 781 2
745 762 -2
745 747 2
745 767 2
745 771 2
746 771 2
746 758 2
747 761 2
747 755 2
747 756 2
748 767 -2
748 792 2
749 758 2
749 776 -2
749 764 2
751 755 -2
751 763 2
751 788 2
751 776 -2
752 753 2
753 791 2
753 754 -2
753 782 2
753 788 2
753 798 2
756 789 -2
757 790 2
758 761 -2
758 782 -2
759 761 2
760 796 -2
760 787 -2
761 799 2
761 788 -2
761 774 2
762 783 2
762 780 -2
762 769 -2
763 771 -2
763 785 2
763 783 2
763 773 2
763 790 2
764 775 2
766 784 -2
766 798 2
767 775 -2
767 799 -2
768 778 -2
769 782 -2
769 795 -2
770 777 -2
770 787 -2
771 797 2
771 775 2
772 797 -2
773 786 -2
774 787 -2
775 794 2
776 799 -2
776 794 -2
777 781 -2
778 785 -2
778 799 -2
779 796 -2
779 785 -2
782 784 2
783 787 -2
784 787 2
785 794 -2
785 792 -2
788 799 2
790 797 -2
790 791 -2
792 795 -2
792 798 -2
795 797 2
797 799 2
0 0 -6
1 1 3
2 2 7
3 3 8
4 4 -12
5 5 3
6 6 1
7 7 -6
8 8 -2
9 9 -3
10 10 -1
11 11 9
12 12 -1
13 13 -7
14 14 11
15 15 -2
16 16 -4
17 17 -6
18 18 10
19 19 -5
20 20 3
21 21 -7
22 22 -7
23 23 -5
24 24 -5
25 25 -7
26 26 9
27 27 -4
28 28 -3
29 29 2
30 30 5
31 31 1
32 32 -10
33 33 -15
34 34 6
35 35 7
36 36 1
37 37 -1
38 38 -10
39 39 -3
40 40 -4
41 41 10
42 42 1
43 43 2
44 44 -3
45 45 5
46 46 -9
47 47 -1
48 48 -4
49 49 1
50 50 -11
51 51 -4
52 52 3
53 53 -4
54 54 9
55 55 2
56 56 7
58 58 -3
59 59 -5
60 60 6
61 61 4
62 62 -3
63 63 -7
64 64 2
65 65 7
66 66 -1
67 67 5
68 68 -3
69 69 -4
70 70 -9
71 71 1
72 72 2
73 73 1
74 74 4
75 75 4
76 76 10
77 77 -8
78 78 -1
79 79 6
80 80 1
82 82 -2
83 83 13
84 84 -11
85 85 -8
86 86 2
87 87 -2
88 88 11
89 89 14
91 91 -5
92 92 5
93 93 8
94 94 3
95 95 2
96 96 -10
97 97 1
98 98 -2
99 99 -1
100 100 4
101 101 7
102 102 8
103 103 5
104 104 5
105 105 -7
106 106 -5
107 107 12
108 108 -12
109 109 -4
110 110 -1
111 111 8
112 112 -2
113 113 3
114 114 3
115 115 -5
116 116 -13
117 117 -2
119 119 -13
120 120 -4
121 121 14
122 122 10
123 123 9
126 126 12
127 127 6
128 128 9
129 129 9
130 130 -10
131 131 3
132 132 2
133 133 16
134 134 5
135 135 -2
136 136 -8
137 137 -9
138 138 -4
139 139 5
140 140 -5
141 141 -16
142 142 -1
143 143 11
144 144 -7
146 146 -10
147 147 1
148 148 -16
149 149 -5
150 150 -6
151 151 -2
152 152 6
153 153 7
154 154 -6
155 155 -10
156 156 -2
157 157 -1
158 158 11
159 159 -6
160 160 3
161 161 -6
162 162 -3
163 163 -5
164 164 2
166 166 12
167 167 3
168 168 12
169 169 6
170 170 -5
171 171 -3
172 172 6
173 173 9
174 174 5
175 175 8
176 176 4
177 177 -2
178 178 -2
179 179 -4
180 180 2
181 181 -6
182 182 16
183 183 1
184 184 -8
185 185 5
186 186 -2
187 187 4
189 189 6
190 190 -5
191 191 -13
192 192 11
193 193 -2
194 194 4
195 195 -3
196 196 2
197 197 -14
198 198 7
199 199 4
200 200 -3
201 201 -4
202 202 -7
203 203 -1
204 204 -2
205 205 -12
206 206 9
207 207 -7
208 208 4
209 209 5
210 210 9
211 211 -3
212 212 12
213 213 -3
215 215 -3
216 216 3
217 217 -1
218 218 7
219 219 5
220 220 -1
221 221 -4
222 222 5
223 223 -3
224 224 -2
225 225 -10
226 226 -3
227 227 -2
228 228 7
229 229 -7
230 230 -10
231 231 -2
232 232 3
233 233 -2
234 234 1
235 235 -2
236 236 5
237 237 10
238 238 2
239 239 -4
240 240 -10
241 241 -18
243 243 4
244 244 -4
247 247 -2
248 248 3
249 249 5
250 250 6
252 252 1
253 253 -5
254 254 -16
255 255 -13
256 256 5
257 257 13
258 258 -3
259 259 7
260 260 6
261 261 2
262 262 1
263 263 10
264 264 5
265 265 8
266 266 8
267 267 3
268 268 1
269 269 7
270 270 -5
271 271 1
272 272 2
273 273 -2
274 274 -8
275 275 -3
276 276 -1
277 277 -1
278 278 -11
279 279 -4
280 280 4
281 281 -3
282 282 -11
283 283 -10
284 284 -17
285 285 -9
286 286 -6
287 287 -2
288 288 2
289 289 -3
290 290 -2
291 291 5
292 292 -4
293 293 2
294 294 5
295 295 3
296 296 -5
297 297 5
298 298 -3
299 299 2
300 300 3
301 301 2
302 302 12
303 303 -5
304 304 1
305 305 20
306 306 2
307 307 7
308 308 19
309 309 6
310 310 3
311 311 8
312 312 8
313 313 1
314 314 -4
315 315 2
316 316 11
317 317 11
318 318 10
319 319 -5
320 320 3
321 321 -3
322 322 -5
323 323 -2
325 325 6
326 326 -4
327 327 -6
328 328 -4
329 329 3
330 330 -12
331 331 -11
332 332 6
333 333 -1
334 334 -8
335 335 -5
336 336 -3
337 337 -8
338 338 9
339 339 9
340 340 -2
341 341 8
342 342 -4
343 343 1
344 344 7
345 345 2
346 346 -2
347 347 9
348 348 7
349 349 -3
350 350 -11
351 351 -10
352 352 7
353 353 2
354 354 6
356 356 -10
357 357 3
358 358 -1
359 359 -3
360 360 -4
361 361 -16
362 362 12
363 363 -5
364 364 13
365 365 6
366 366 10
367 367 6
368 368 1
369 369 5
370 370 11
371 371 7
373 373 1
374 374 11
375 375 -11
376 376 1
377 377 -6
378 378 -7
379 379 18
380 380 14
381 381 4
382 382 -6
383 383 -3
384 384 1
385 385 2
386 386 -1
387 387 10
388 388 5
389 389 9
390 390 4
391 391 -12
392 392 -2
395 395 2
396 396 -18
397 397 -1
398 398 8
399 399 -2
400 400 -16
401 401 3
402 402 3
403 403 5
404 404 -10
405 405 9
406 406 -2
408 408 -1
409 409 5
410 410 -4
411 411 1
412 412 9
413 413 4
414 414 7
415 415 -10
416 416 -15
417 417 -7
418 418 2
419 419 9
420 420 -5
421 421 -2
422 422 6
423 423 5
424 424 12
425 425 -12
426 426 -9
427 427 -3
428 428 4
429 429 2
430 430 -1
431 431 -2
432 432 10
433 433 -6
434 434 7
435 435 -9
437 437 1
439 439 4
440 440 -5
441 441 9
442 442 -2
443 443 8
444 444 -3
445 445 -3
446 446 8
447 447 -7
448 448 4
449 449 1
450 450 4
453 453 -5
454 454 4
455 455 -11
456 456 -4
457 457 -2
458 458 15
459 459 -1
460 460 9
461 461 1
462 462 5
463 463 -11
464 464 -5
465 465 -1
466 466 6
467 467 -18
468 468 -1
469 469 6
470 470 6
471 471 -7
472 472 8
473 473 3
474 474 -3
475 475 1
476 476 1
477 477 11
478 478 -1
479 479 4
480 480 7
481 481 3
482 482 6
483 483 10
484 484 -6
485 485 -5
486 486 -11
487 487 7
488 488 -11
489 489 -2
490 490 9
491 491 12
493 493 -11
494 494 -3
495 495 -5
496 496 -13
497 497 -4
498 498 -6
499 499 -4
500 500 5
501 501 7
502 502 -1
503 503 7
504 504 -10
506 506 16
507 507 6
508 508 4
509 509 -2
510 510 -7
511 511 4
512 512 10
514 514 10
515 515 -4
516 516 -5
517 517 6
518 518 -5
519 519 3
520 520 -3
521 521 -4
522 522 1
523 523 5
524 524 -10
525 525 3
526 526 3
527 527 5
528 528 -16
529 529 -4
531 531 1
532 532 -7
533 533 -5
534 534 10
535 535 3
536 536 2
537 537 4
538 538 -7
539 539 -3
540 540 -4
542 542 -2
544 544 -2
545 545 -9
547 547 -4
548 548 3
549 549 7
550 550 2
551 551 -3
552 552 -3
553 553 4
554 554 2
555 555 4
556 556 -6
557 557 1
558 558 4
559 559 1
560 560 -5
561 561 -13
562 562 9
563 563 2
564 564 -16
565 565 5
566 566 3
567 567 -3
568 568 -4
569 569 22
570 570 -6
571 571 10
572 572 9
573 573 7
574 574 -4
575 575 6
577 577 -4
578 578 8
579 579 7
580 580 5
581 581 -3
582 582 -4
583 583 12
584 584 3
585 585 8
586 586 6
587 587 -8
588 588 9
590 590 -5
591 591 -2
592 592 12
593 593 -3
594 594 3
595 595 -2
596 596 4
597 597 5
598 598 9
599 599 1
600 600 -2
601 601 -16
602 602 17
603 603 2
604 604 2
605 605 2
606 606 -4
607 607 -2
608 608 7
609 609 8
610 610 -7
611 611 11
612 612 10
613 613 14
614 614 -4
615 615 -3
616 616 -2
617 617 -7
619 619 10
620 620 3
621 621 1
622 622 -7
623 623 -18
624 624 13
625 625 -2
626 626 2
627 627 6
628 628 4
629 629 -3
630 630 3
631 631 -2
632 632 -3
633 633 1
634 634 10
635 635 3
636 636 2
637 637 15
638 638 -5
639 639 8
640 640 3
641 641 10
642 642 -1
643 643 7
645 645 -3
646 646 -3
647 647 -5
648 648 6
649 649 -6
650 650 2
651 651 -1
652 652 -2
653 653 4
654 654 -8
655 655 -4
656 656 3
657 657 -3
658 658 1
659 659 8
660 660 1
661 661 5
662 662 1
663 663 -7
664 664 -6
665 665 -11
666 666 -2
667 667 -3
668 668 5
669 669 3
670 670 1
671 671 2
672 672 1
673 673 5
674 674 4
675 675 1
676 676 -4
677 677 -10
678 678 6
679 679 2
680 680 7
681 681 -15
683 683 5
684 684 6
685 685 6
686 686 -9
688 688 7
689 689 -4
690 690 -5
691 691 10
692 692 -10
693 693 -8
694 694 -6
695 695 -3
696 696 1
697 697 -3
698 698 1
699 699 -12
700 700 5
701 701 -4
702 702 10
703 703 -12
704 704 2
705 705 1
706 706 -1
707 707 3
708 708 -5
709 709 4
710 710 1
711 711 2
712 712 18
713 713 1
714 714 6
715 715 8
716 716 -2
717 717 -1
718 718 -3
719 719 -8
720 720 -3
721 721 7
722 722 4
723 723 3
724 724 6
725 725 -7
726 726 -2
727 727 -3
728 728 -2
729 729 15
730 730 -5
731 731 1
732 732 -1
733 733 -5
734 734 -11
735 735 -2
736 736 1
737 737 -1
739 739 -8
740 740 17
741 741 -8
742 742 -7
743 743 3
744 744 7
746 746 -5
748 748 6
749 749 7
750 750 5
751 751 13
752 752 5
753 753 -11
754 754 8
756 756 2
757 757 9
758 758 7
759 759 9
760 760 -2
761 761 -4
762 762 -13
763 763 -7
764 764 -6
765 765 4
766 766 -10
767 767 11
768 768 2
769 769 12
770 770 4
771 771 -1
772 772 -9
773 773 18
775 775 -9
776 776 -4
777 777 11
778 778 6
779 779 5
780 780 9
781 781 -2
782 782 6
783 783 2
784 784 -2
785 785 8
786 786 -14
787 787 1
788 788 1
789 789 -9
790 790 3
791 791 5
792 792 -3
793 793 4
795 795 -1
796 796 -10
797 797 -4
798 798 -4
799 799 5