2000 21990 -38 1
0 342 2
0 138 2
0 543 2
0 1755 2
0 1880 2
0 1457 2
0 377 2
0 1143 2
0 1887 2
0 1270 2
0 61 2
0 1088 2
0 1266 2
0 80 2
0 1340 2
0 1616 2
0 1022 2
0 293 2
0 1390 2
0 889 2
1 422 2
1 1495 2
1 1358 2
1 18 2
1 834 2
1 70 2
1 1162 2
1 38 2
1 772 2
1 69 2
1 96 2
1 673 2
1 1304 2
1 1863 2
1 1962 2
1 1012 2
1 949 2
1 1956 2
1 561 2
1 1901 2
1 1623 2
1 1604 2
1 1339 2
1 884 2
2 958 2
2 825 2
2 1946 2
2 1641 2
2 28 2
2 1745 2
2 1795 2
2 1178 2
2 23 2
2 1373 2
2 1467 2
2 533 2
2 1660 2
2 1880 2
2 993 2
2 392 2
2 400 2
2 483 2
2 1535 2
2 1264 2
2 1555 2
2 343 2
2 33 2
3 888 2
3 1322 2
3 161 2
3 653 2
3 1909 2
3 931 2
3 1512 2
3 1162 2
3 611 2
3 841 2
3 1310 2
3 1112 2
3 1120 2
3 23 2
3 1024 2
3 1435 2
3 1131 2
3 1592 2
4 1281 2
4 300 2
4 1095 2
4 1479 2
4 1914 2
4 946 2
4 1329 2
4 67 2
4 1248 2
4 967 2
4 1047 2
4 1635 2
4 677 2
4 697 2
4 112 2
4 1663 2
4 1594 2
4 1010 2
5 776 2
5 1253 2
5 1558 2
5 432 2
5 629 2
5 1173 2
5 1184 2
5 1911 2
5 1039 2
5 1570 2
5 1319 2
5 466 2
5 930 2
5 571 2
5 1396 2
5 882 2
5 520 2
5 1504 2
6 923 2
6 1708 2
6 1894 2
6 1703 2
6 10 2
6 1246 2
6 317 2
6 740 2
6 86 2
6 1520 2
6 956 2
6 1768 2
6 589 2
6 1464 2
6 1528 2
6 1158 2
6 393 2
6 1281 2
6 805 2
6 1504 2
6 138 2
7 254 2
7 49 2
7 212 2
7 229 2
7 624 2
7 236 2
7 1609 2
7 444 2
7 1492 2
7 317 2
7 1846 2
7 1597 2
7 597 2
7 109 2
7 653 2
7 1572 2
7 1909 2
7 1568 2
7 203 2
7 1382 2
7 1001 2
7 1359 2
7 1797 2
7 1610 2
8 1352 2
8 219 2
8 1293 2
8 853 2
8 1659 2
8 740 2
8 1486 2
8 833 2
8 149 2
8 434 2
8 1215 2
8 1348 2
8 171 2
8 213 2
8 1408 2
8 710 2
8 1494 2
8 642 2
8 681 2
8 1173 2
9 1550 2
9 1081 2
9 1757 2
9 1152 2
9 1315 2
9 691 2
9 784 2
9 692 2
9 122 2
9 1717 2
9 311 2
9 734 2
9 1443 2
9 365 2
9 1604 2
9 1616 2
9 1163 2
9 992 2
9 456 2
9 1483 2
9 1925 2
9 466 2
9 1943 2
9 317 2
9 38 2
9 463 2
10 1004 2
10 1491 2
10 729 2
10 1452 2
10 862 2
10 486 2
10 1019 2
10 1327 2
10 868 2
10 449 2
10 1851 2
10 27 2
10 907 2
10 746 2
10 1565 2
10 1590 2
10 626 2
10 121 2
11 584 2
11 1673 2
11 1515 2
11 1885 2
11 238 2
11 103 2
11 1613 2
11 262 2
11 722 2
11 554 2
11 1789 2
11 1044 2
11 132 2
11 1082 2
11 1577 2
11 1158 2
12 288 2
12 1050 2
12 1763 2
12 963 2
12 765 2
12 665 2
12 1341 2
12 448 2
12 1625 2
12 1171 2
12 1146 2
12 1135 2
12 1440 2
12 1631 2
12 115 2
12 113 2
12 1746 2
12 1121 2
12 911 2
13 401 2
13 549 2
13 338 2
13 1871 2
13 18 2
13 216 2
13 1556 2
13 1476 2
13 276 2
13 461 2
13 1255 2
13 789 2
13 990 2
13 1307 2
14 338 2
14 608 2
14 377 2
14 933 2
14 24 2
14 1461 2
14 1023 2
14 1173 2
14 1652 2
14 1363 2
14 1329 2
14 727 2
14 137 2
14 624 2
14 1295 2
14 1125 2
14 864 2
15 788 2
15 1990 2
15 590 2
15 1284 2
15 1379 2
15 1877 2
15 1331 2
15 1897 2
15 246 2
15 1184 2
15 1779 2
15 121 2
15 1814 2
15 1280 2
15 206 2
15 860 2
15 846 2
15 708 2
15 1938 2
15 651 2
15 547 2
15 990 2
15 1560 2
16 636 2
16 399 2
16 1524 2
16 765 2
16 1117 2
16 371 2
16 660 2
16 364 2
16 581 2
16 1123 2
16 73 2
16 1788 2
17 896 2
17 1391 2
17 326 2
17 201 2
17 1847 2
17 1992 2
17 556 2
17 156 2
17 1728 2
17 1373 2
17 1438 2
17 934 2
17 670 2
17 1964 2
17 1216 2
17 1115 2
17 1498 2
17 364 2
17 507 2
17 1667 2
17 1223 2
17 737 2
17 1496 2
17 1315 2
18 1759 2
18 207 2
18 1749 2
18 921 2
18 1931 2
18 1075 2
18 1416 2
18 1313 2
18 537 2
18 1424 2
18 1222 2
18 1859 2
18 670 2
18 976 2
18 1332 2
18 84 2
18 105 2
18 940 2
18 102 2
18 459 2
19 1479 2
19 1236 2
19 218 2
19 859 2
19 1048 2
19 1332 2
19 1882 2
19 520 2
19 420 2
19 852 2
19 314 2
19 827 2
19 486 2
19 883 2
19 1063 2
19 1540 2
19 952 2
19 1505 2
19 1015 2
19 1796 2
19 842 2
19 343 2
20 514 2
20 161 2
20 508 2
20 70 2
20 549 2
20 321 2
20 481 2
20 583 2
20 1520 2
20 983 2
20 1370 2
20 1499 2
20 652 2
20 613 2
20 682 2
20 1402 2
20 738 2
20 470 2
20 673 2
21 1947 2
21 714 2
21 754 2
21 1567 2
21 1014 2
21 821 2
21 351 2
21 1959 2
21 1968 2
21 726 2
21 1534 2
21 242 2
21 1802 2
21 223 2
21 481 2
21 1130 2
21 358 2
22 1261 2
22 865 2
22 1802 2
22 1325 2
22 138 2
22 61 2
22 1747 2
22 536 2
22 1796 2
22 1753 2
22 1759 2
22 1924 2
22 597 2
22 129 2
22 1718 2
22 1990 2
22 1301 2
22 1998 2
22 930 2
22 296 2
22 123 2
22 1058 2
22 260 2
23 122 2
23 65 2
23 1414 2
23 1893 2
23 1953 2
23 147 2
23 1203 2
23 1127 2
23 1813 2
23 1222 2
23 361 2
23 1847 2
23 1314 2
23 719 2
23 132 2
23 1531 2
23 456 2
24 730 2
24 831 2
24 868 2
24 1283 2
24 1837 2
24 1239 2
24 956 2
24 237 2
24 1986 2
24 133 2
24 92 2
24 623 2
24 71 2
24 1805 2
24 99 2
24 1413 2
24 890 2
24 1548 2
24 1927 2
24 1544 2
24 1286 2
25 1425 2
25 824 2
25 1277 2
25 1444 2
25 969 2
25 1351 2
25 1422 2
25 1484 2
25 1002 2
25 1485 2
25 1212 2
25 850 2
25 1886 2
25 328 2
25 1132 2
25 437 2
25 1531 2
25 572 2
25 615 2
25 822 2
25 1876 2
25 1028 2
25 1261 2
25 1330 2
26 964 2
26 691 2
26 295 2
26 1623 2
26 837 2
26 1128 2
26 916 2
26 1915 2
26 510 2
26 1407 2
26 665 2
26 1102 2
26 1060 2
26 1361 2
26 609 2
26 487 2
26 60 2
26 1011 2
26 645 2
26 179 2
26 1677 2
26 1762 2
27 1904 2
27 864 2
27 1041 2
27 1563 2
27 1508 2
27 1251 2
27 1595 2
27 508 2
27 248 2
27 997 2
27 1263 2
27 337 2
28 772 2
28 1002 2
28 963 2
28 364 2
28 708 2
28 1885 2
28 1640 2
28 998 2
28 1879 2
28 1374 2
28 1656 2
28 1786 2
28 222 2
28 129 2
29 1779 2
29 644 2
29 558 2
29 1904 2
29 1565 2
29 262 2
29 1674 2
29 1231 2
29 1170 2
29 387 2
29 1353 2
29 1017 2
29 1706 2
29 1776 2
29 1385 2
29 895 2
29 1537 2
29 399 2
30 838 2
30 723 2
30 1783 2
30 1835 2
30 56 2
30 1450 2
30 248 2
30 653 2
30 1935 2
30 1950 2
30 868 2
30 1791 2
30 1000 2
30 1477 2
30 1658 2
30 1993 2
30 1149 2
30 1230 2
30 1094 2
30 757 2
30 1926 2
30 302 2
30 850 2
31 1305 2
31 56 2
31 826 2
31 1974 2
31 1694 2
31 1839 2
31 1652 2
31 1910 2
31 1510 2
31 1074 2
31 165 2
31 1450 2
31 1755 2
32 1450 2
32 69 2
32 1447 2
32 1124 2
32 1266 2
32 695 2
32 1484 2
32 1642 2
32 608 2
32 1435 2
32 1427 2
32 1048 2
32 51 2
32 148 2
32 1215 2
32 736 2
32 839 2
32 1634 2
32 1488 2
32 1281 2
32 467 2
32 1490 2
32 1324 2
32 1325 2
32 631 2
32 682 2
32 1200 2
32 1308 2
32 273 2
32 338 2
32 1303 2
33 1762 2
33 1405 2
33 1621 2
33 1560 2
33 1825 2
33 93 2
33 1001 2
33 69 2
33 745 2
33 1690 2
33 1307 2
33 1178 2
33 1159 2
34 1648 2
34 464 2
34 84 2
34 648 2
34 1270 2
34 1466 2
34 1985 2
34 559 2
34 934 2
34 1154 2
34 1077 2
34 334 2
34 1457 2
34 288 2
34 1472 2
34 1965 2
34 1589 2
34 1073 2
34 1477 2
34 844 2
34 544 2
34 834 2
35 318 2
35 1038 2
35 1967 2
35 1144 2
35 181 2
35 265 2
35 625 2
35 1772 2
35 1697 2
35 644 2
35 1683 2
35 706 2
35 1433 2
36 790 2
36 591 2
36 305 2
36 768 2
36 916 2
36 468 2
36 856 2
36 528 2
36 789 2
36 1985 2
36 875 2
36 1561 2
36 502 2
36 47 2
36 180 2
36 1294 2
36 888 2
36 1546 2
36 866 2
36 729 2
36 509 2
36 1620 2
36 1030 2
37 481 2
37 1697 2
37 973 2
37 1975 2
37 87 2
37 132 2
37 114 2
37 125 2
37 808 2
37 1766 2
37 419 2
37 126 2
37 137 2
37 988 2
37 363 2
37 826 2
38 712 2
38 768 2
38 1126 2
38 419 2
38 1778 2
38 1379 2
38 1609 2
38 1182 2
38 118 2
38 1121 2
38 1142 2
38 1791 2
38 1094 2
38 1069 2
38 786 2
38 777 2
38 1627 2
38 931 2
39 446 2
39 507 2
39 1321 2
39 1289 2
39 1199 2
39 1589 2
39 1663 2
39 1016 2
39 1611 2
39 579 2
39 526 2
39 1246 2
39 993 2
39 1294 2
39 1963 2
39 1090 2
39 1822 2
40 967 2
40 1034 2
40 1666 2
40 639 2
40 399 2
40 835 2
40 574 2
40 1845 2
40 1379 2
40 920 2
40 1914 2
40 178 2
40 349 2
40 1735 2
40 1126 2
40 47 2
40 559 2
40 428 2
41 114 2
41 1361 2
41 1822 2
41 997 2
41 1016 2
41 1927 2
41 204 2
41 982 2
41 351 2
41 787 2
41 1445 2
41 1513 2
41 267 2
41 1270 2
41 625 2
41 663 2
41 1617 2
42 1933 2
42 1304 2
42 1966 2
42 140 2
42 461 2
42 873 2
42 588 2
42 1785 2
42 440 2
42 230 2
42 1671 2
42 1072 2
42 1611 2
42 990 2
42 1064 2
42 1510 2
42 1014 2
43 1755 2
43 1879 2
43 335 2
43 937 2
43 689 2
43 1966 2
43 1766 2
43 1965 2
43 248 2
43 599 2
43 303 2
43 932 2
43 1547 2
43 574 2
43 1611 2
43 753 2
43 144 2
43 805 2
43 1737 2
44 1760 2
44 1495 2
44 1930 2
44 350 2
44 1914 2
44 1908 2
44 1638 2
44 1069 2
44 1062 2
44 1341 2
44 440 2
44 907 2
44 1079 2
44 580 2
44 1157 2
44 1020 2
44 688 2
44 1586 2
44 1507 2
44 1590 2
44 204 2
44 915 2
45 52 2
45 286 2
45 1002 2
45 216 2
45 1222 2
45 1048 2
45 362 2
45 1958 2
45 1599 2
45 566 2
45 196 2
45 1308 2
45 1122 2
45 139 2
45 1039 2
45 385 2
45 568 2
45 1499 2
45 1249 2
45 1293 2
45 1662 2
45 91 2
46 1377 2
46 111 2
46 529 2
46 1995 2
46 1617 2
46 1654 2
46 951 2
46 911 2
46 207 2
46 574 2
46 1217 2
46 1941 2
46 354 2
46 1599 2
46 1611 2
46 1472 2
46 307 2
46 753 2
46 500 2
46 1657 2
46 756 2
46 327 2
46 675 2
46 1102 2
46 252 2
47 52 2
47 1324 2
47 389 2
47 840 2
47 737 2
47 1985 2
47 462 2
47 57 2
47 1783 2
47 1898 2
47 1739 2
47 402 2
47 1617 2
47 679 2
47 1757 2
47 1851 2
47 296 2
47 1494 2
47 931 2
47 560 2
47 1264 2
47 196 2
47 879 2
48 1878 2
48 1021 2
48 1159 2
48 886 2
48 1462 2
48 431 2
48 909 2
48 310 2
48 1309 2
48 1381 2
48 1773 2
48 1625 2
48 1045 2
48 253 2
48 1775 2
48 1012 2
48 755 2
48 1734 2
48 919 2
48 1440 2
48 279 2
48 67 2
48 80 2
48 1689 2
48 733 2
48 1409 2
48 1322 2
48 1220 2
48 638 2
49 101 2
49 1641 2
49 478 2
49 293 2
49 255 2
49 270 2
49 472 2
49 87 2
49 1776 2
49 417 2
49 773 2
49 1946 2
49 1927 2
49 1765 2
49 1979 2
49 1234 2
49 1725 2
49 1285 2
49 936 2
49 1977 2
49 243 2
49 1777 2
49 1256 2
49 749 2
49 944 2
49 1923 2
50 1148 2
50 1362 2
50 140 2
50 1963 2
50 351 2
50 1215 2
50 868 2
50 1756 2
50 593 2
50 1095 2
50 155 2
50 1874 2
50 1706 2
50 1268 2
50 864 2
50 1631 2
51 109 2
51 1005 2
51 1326 2
51 1294 2
51 152 2
51 1828 2
51 827 2
51 349 2
51 1691 2
51 182 2
51 1821 2
51 1329 2
51 862 2
51 912 2
51 731 2
51 1895 2
51 1532 2
51 1299 2
51 267 2
51 1767 2
51 1320 2
51 838 2
51 345 2
51 960 2
51 381 2
51 1263 2
51 489 2
52 518 2
52 1035 2
52 1777 2
52 1567 2
52 806 2
52 866 2
52 1353 2
52 781 2
52 1568 2
52 154 2
52 1415 2
52 401 2
52 1348 2
52 1704 2
52 1048 2
53 1869 2
53 1685 2
53 607 2
53 1539 2
53 558 2
53 294 2
53 533 2
53 1491 2
53 1992 2
53 912 2
53 1257 2
53 55 2
53 1229 2
53 659 2
53 498 2
53 1702 2
53 1932 2
53 1057 2
53 541 2
53 758 2
54 1665 2
54 645 2
54 1722 2
54 1487 2
54 1577 2
54 433 2
54 403 2
54 484 2
54 990 2
54 487 2
54 956 2
54 615 2
54 1482 2
54 1313 2
54 1586 2
54 819 2
54 607 2
54 950 2
54 155 2
54 1974 2
54 938 2
54 1006 2
54 206 2
55 434 2
55 788 2
55 446 2
55 266 2
55 784 2
55 443 2
55 1406 2
55 889 2
55 737 2
55 452 2
55 230 2
55 1021 2
55 606 2
55 148 2
55 553 2
55 410 2
55 877 2
55 448 2
55 770 2
55 497 2
56 1235 2
56 191 2
56 1631 2
56 1007 2
56 1329 2
56 225 2
56 1528 2
56 819 2
56 1693 2
56 668 2
56 1323 2
56 867 2
56 872 2
56 817 2
56 345 2
56 1274 2
57 1460 2
57 1187 2
57 1352 2
57 1794 2
57 1084 2
57 1119 2
57 531 2
57 733 2
57 826 2
57 1332 2
57 877 2
57 210 2
57 1135 2
57 1123 2
57 601 2
57 862 2
57 147 2
57 129 2
57 1017 2
57 682 2
57 1038 2
57 302 2
58 1924 2
58 640 2
58 1975 2
58 941 2
58 1972 2
58 1400 2
58 744 2
58 808 2
58 1814 2
58 127 2
58 1969 2
58 658 2
58 1095 2
58 1211 2
58 1148 2
58 1137 2
58 822 2
58 289 2
58 269 2
59 1162 2
59 1593 2
59 737 2
59 781 2
59 465 2
59 831 2
59 1209 2
59 554 2
59 662 2
59 545 2
59 423 2
59 500 2
59 1802 2
59 277 2
59 395 2
59 593 2
60 1163 2
60 1633 2
60 885 2
60 858 2
60 1190 2
60 1888 2
60 780 2
60 948 2
60 554 2
60 1460 2
60 240 2
60 410 2
60 631 2
60 1235 2
61 967 2
61 920 2
61 982 2
61 178 2
61 1922 2
61 574 2
61 73 2
61 1353 2
61 1857 2
61 141 2
61 710 2
61 149 2
61 1595 2
61 1076 2
61 1607 2
61 987 2
61 1145 2
61 452 2
61 161 2
61 1924 2
61 1903 2
61 148 2
61 1029 2
61 1961 2
61 959 2
61 1327 2
62 1670 2
62 1232 2
62 1295 2
62 414 2
62 1964 2
62 81 2
62 1673 2
62 118 2
62 1251 2
62 965 2
62 999 2
62 1136 2
62 129 2
62 1966 2
62 335 2
62 1900 2
62 1043 2
62 1737 2
62 1516 2
62 427 2
62 1389 2
62 1126 2
62 805 2
62 1553 2
62 614 2
62 149 2
62 1409 2
62 1415 2
62 506 2
62 146 2
62 369 2
62 501 2
63 355 2
63 505 2
63 1325 2
63 929 2
63 1754 2
63 1078 2
63 1119 2
63 338 2
63 249 2
63 736 2
63 1557 2
63 233 2
63 751 2
63 1834 2
63 1547 2
63 1533 2
63 366 2
64 1865 2
64 1786 2
64 1099 2
64 441 2
64 901 2
64 1674 2
64 1183 2
64 1066 2
64 235 2
64 1438 2
64 1549 2
64 1949 2
64 1369 2
64 1777 2
64 1260 2
64 320 2
64 1665 2
64 1568 2
64 241 2
64 609 2
64 1010 2
64 1541 2
64 1782 2
64 1097 2
65 580 2
65 121 2
65 833 2
65 1755 2
65 1510 2
65 1894 2
65 936 2
65 77 2
65 1958 2
65 516 2
65 1057 2
65 876 2
65 1344 2
65 967 2
65 616 2
65 1933 2
65 1850 2
65 1521 2
65 115 2
65 195 2
65 1753 2
65 1435 2
65 350 2
66 1706 2
66 1929 2
66 310 2
66 1493 2
66 1539 2
66 70 2
66 1088 2
66 242 2
66 1926 2
66 558 2
66 206 2
66 1646 2
66 1747 2
66 883 2
66 917 2
66 1845 2
66 1171 2
67 447 2
67 212 2
67 1009 2
67 1165 2
67 957 2
67 780 2
67 971 2
67 1099 2
67 997 2
67 173 2
67 913 2
67 1164 2
67 1757 2
67 520 2
67 462 2
67 316 2
67 111 2
67 129 2
67 1123 2
68 1257 2
68 445 2
68 723 2
68 619 2
68 1935 2
68 231 2
68 745 2
68 783 2
68 991 2
68 376 2
68 648 2
68 1994 2
68 249 2
68 207 2
68 1704 2
68 770 2
68 1578 2
68 979 2
68 1312 2
68 102 2
69 724 2
69 1130 2
69 1413 2
69 1732 2
69 883 2
69 1939 2
69 1896 2
69 353 2
69 1686 2
69 791 2
69 625 2
69 1823 2
69 269 2
69 1992 2
69 1021 2
69 1988 2
69 853 2
70 1383 2
70 123 2
70 842 2
70 234 2
70 280 2
70 81 2
70 1289 2
70 437 2
70 1111 2
70 267 2
70 906 2
70 1850 2
70 1112 2
70 1432 2
71 860 2
71 1828 2
71 681 2
71 916 2
71 252 2
71 1147 2
71 1205 2
71 940 2
71 1328 2
71 393 2
71 1227 2
71 992 2
71 749 2
71 128 2
71 167 2
71 1406 2
71 1739 2
71 1860 2
71 600 2
71 1690 2
71 577 2
71 218 2
71 1021 2
71 987 2
71 1729 2
72 1948 2
72 1445 2
72 1811 2
72 1817 2
72 901 2
72 424 2
72 1532 2
72 1178 2
72 381 2
72 427 2
72 1891 2
72 738 2
72 1032 2
72 747 2
72 271 2
72 1226 2
72 962 2
72 1683 2
72 862 2
72 522 2
72 377 2
72 526 2
72 304 2
73 1650 2
73 482 2
73 1658 2
73 937 2
73 316 2
73 1197 2
73 336 2
73 1848 2
73 974 2
73 1742 2
73 524 2
73 1331 2
73 1400 2
73 327 2
73 431 2
73 615 2
73 1626 2
73 733 2
73 1731 2
73 1863 2
73 1503 2
73 1278 2
73 240 2
73 129 2
73 1566 2
74 1526 2
74 1111 2
74 447 2
74 929 2
74 893 2
74 936 2
74 1838 2
74 621 2
74 836 2
74 1725 2
74 101 2
74 1406 2
74 1257 2
74 1860 2
74 1401 2
74 877 2
74 1673 2
74 1046 2
74 765 2
74 1829 2
74 1884 2
74 153 2
75 1922 2
75 1802 2
75 1501 2
75 1395 2
75 1201 2
75 840 2
75 1670 2
75 919 2
75 967 2
75 1669 2
75 1070 2
75 289 2
75 1306 2
75 1538 2
75 473 2
75 1047 2
75 1011 2
75 1758 2
75 349 2
75 157 2
75 1527 2
76 752 2
76 1891 2
76 669 2
76 1854 2
76 336 2
76 876 2
76 1341 2
76 478 2
76 244 2
76 988 2
76 419 2
76 847 2
76 1637 2
76 199 2
76 358 2
76 496 2
76 1281 2
76 1515 2
76 1464 2
76 813 2
76 764 2
77 693 2
77 368 2
77 589 2
77 1974 2
77 470 2
77 650 2
77 649 2
77 1976 2
77 809 2
77 987 2
77 1271 2
77 1006 2
77 1634 2
78 164 2
78 727 2
78 1716 2
78 1448 2
78 1562 2
78 1674 2
78 704 2
78 1254 2
78 907 2
78 375 2
78 1770 2
78 716 2
78 988 2
78 1738 2
78 1730 2
78 1509 2
78 394 2
79 189 2
79 621 2
79 1179 2
79 310 2
79 1030 2
79 305 2
79 307 2
79 530 2
79 1952 2
79 465 2
79 640 2
79 1363 2
79 1423 2
79 957 2
79 1242 2
79 1801 2
80 1030 2
80 1645 2
80 1908 2
80 651 2
80 107 2
80 609 2
80 835 2
80 1241 2
80 1607 2
80 192 2
80 470 2
80 99 2
80 1229 2
80 145 2
80 888 2
80 605 2
80 975 2
80 1398 2
80 1127 2
80 456 2
81 656 2
81 275 2
81 126 2
81 1248 2
81 701 2
81 120 2
81 704 2
81 1057 2
81 1997 2
81 596 2
81 1769 2
81 546 2
81 507 2
81 945 2
81 647 2
81 758 2
81 1752 2
81 512 2
81 216 2
81 1094 2
81 289 2
81 368 2
81 738 2
81 1724 2
82 944 2
82 245 2
82 1242 2
82 1994 2
82 1876 2
82 1637 2
82 432 2
82 301 2
82 265 2
82 673 2
82 225 2
82 1306 2
82 1503 2
82 1157 2
82 1425 2
82 548 2
82 1908 2
82 1904 2
82 496 2
82 527 2
83 390 2
83 1537 2
83 521 2
83 1184 2
83 1542 2
83 859 2
83 886 2
83 1852 2
83 1708 2
83 1677 2
83 826 2
83 772 2
83 1543 2
83 1557 2
84 348 2
84 1720 2
84 413 2
84 475 2
84 1502 2
84 992 2
84 1866 2
84 1553 2
84 1755 2
84 1937 2
84 385 2
84 1038 2
84 273 2
84 323 2
84 658 2
84 116 2
84 1022 2
84 890 2
85 334 2
85 614 2
85 1647 2
85 1777 2
85 254 2
85 271 2
85 1042 2
85 1133 2
85 1014 2
85 806 2
85 145 2
85 303 2
85 488 2
85 1069 2
85 762 2
85 1927 2
85 1837 2
86 1442 2
86 1657 2
86 1902 2
86 454 2
86 185 2
86 1616 2
86 891 2
86 1325 2
86 837 2
86 1884 2
86 481 2
86 1720 2
86 622 2
86 1712 2
86 547 2
86 444 2
87 1440 2
87 364 2
87 957 2
87 1969 2
87 719 2
87 1400 2
87 1359 2
87 480 2
87 979 2
87 151 2
87 520 2
87 1277 2
87 1004 2
87 468 2
87 1474 2
87 1215 2
87 319 2
87 1648 2
87 1477 2
87 1040 2
87 795 2
87 1201 2
87 1720 2
87 763 2
88 1459 2
88 437 2
88 1517 2
88 911 2
88 347 2
88 1284 2
88 754 2
88 1508 2
88 784 2
88 1376 2
88 1949 2
88 250 2
88 239 2
88 462 2
88 523 2
88 373 2
88 281 2
88 542 2
88 444 2
88 380 2
89 605 2
89 710 2
89 347 2
89 730 2
89 107 2
89 687 2
89 540 2
89 142 2
89 297 2
89 138 2
89 309 2
89 549 2
89 1651 2
89 279 2
89 438 2
89 1930 2
89 289 2
89 1479 2
90 373 2
90 1527 2
90 433 2
90 1106 2
90 1748 2
90 1287 2
90 619 2
90 1353 2
90 1967 2
90 1244 2
90 1120 2
90 1305 2
90 566 2
90 1399 2
90 1213 2
90 1548 2
90 1948 2
90 1728 2
90 1404 2
90 691 2
90 1282 2
90 471 2
91 1246 2
91 842 2
91 570 2
91 199 2
91 1177 2
91 1078 2
91 1102 2
91 744 2
91 970 2
91 635 2
91 700 2
91 1517 2
91 556 2
91 1411 2
91 349 2
91 533 2
91 1763 2
91 1229 2
91 332 2
92 770 2
92 1817 2
92 1984 2
92 1583 2
92 818 2
92 662 2
92 1846 2
92 1881 2
92 262 2
92 1277 2
92 761 2
92 1070 2
92 328 2
92 229 2
92 1174 2
93 341 2
93 200 2
93 1428 2
93 129 2
93 1788 2
93 466 2
93 1869 2
93 1626 2
93 1895 2
93 1542 2
93 1328 2
93 1740 2
93 398 2
93 1502 2
93 220 2
93 175 2
93 697 2
93 1492 2
93 867 2
93 116 2
94 1060 2
94 277 2
94 1982 2
94 1216 2
94 515 2
94 393 2
94 1037 2
94 1347 2
94 1283 2
94 528 2
94 632 2
94 1205 2
94 950 2
94 499 2
94 1864 2
94 946 2
94 1285 2
94 1633 2
94 506 2
94 577 2
94 611 2
94 323 2
94 233 2
94 1131 2
94 1362 2
95 1605 2
95 1317 2
95 583 2
95 1500 2
95 1992 2
95 1013 2
95 1201 2
95 1411 2
95 1580 2
95 351 2
95 727 2
95 343 2
95 1907 2
95 796 2
95 1715 2
95 1271 2
95 1956 2
95 885 2
95 1211 2
95 1892 2
95 609 2
95 553 2
95 1561 2
95 1146 2
95 567 2
96 1128 2
96 384 2
96 1186 2
96 1214 2
96 1220 2
96 327 2
96 1007 2
96 872 2
96 124 2
96 886 2
96 1828 2
96 1511 2
96 598 2
96 370 2
96 780 2
96 1484 2
96 330 2
96 1854 2
96 1600 2
96 1154 2
96 1756 2
96 1623 2
96 1960 2
96 1373 2
96 153 2
96 810 2
96 1264 2
96 1470 2
96 1730 2
97 673 2
97 206 2
97 1893 2
97 460 2
97 315 2
97 1561 2
97 690 2
97 115 2
97 397 2
97 301 2
97 1257 2
97 809 2
97 564 2
97 892 2
97 882 2
97 409 2
97 1287 2
97 1810 2
98 509 2
98 181 2
98 1807 2
98 1973 2
98 1051 2
98 1744 2
98 812 2
98 1857 2
98 1668 2
98 456 2
98 967 2
98 244 2
98 576 2
98 1954 2
98 1381 2
98 692 2
98 1063 2
98 549 2
98 898 2
98 489 2
99 1042 2
99 930 2
99 368 2
99 300 2
99 1510 2
99 982 2
99 1836 2
99 1670 2
99 1307 2
99 679 2
99 1535 2
99 1448 2
99 1581 2
99 736 2
99 944 2
99 1282 2
99 1280 2
100 1409 2
100 1836 2
100 163 2
100 722 2
100 507 2
100 1782 2
100 544 2
100 130 2
100 933 2
100 289 2
100 1309 2
100 1970 2
100 1685 2
100 557 2
100 1021 2
101 644 2
101 874 2
101 1306 2
101 1011 2
101 1705 2
101 1574 2
101 1567 2
101 1008 2
101 1541 2
101 948 2
101 1116 2
101 1030 2
101 839 2
101 1392 2
101 1848 2
101 1168 2
102 878 2
102 641 2
102 1834 2
102 1755 2
102 1554 2
102 1075 2
102 1078 2
102 1713 2
102 1385 2
102 402 2
102 1707 2
102 533 2
102 1768 2
102 979 2
102 786 2
102 1026 2
102 1918 2
102 1675 2
103 1118 2
103 124 2
103 1538 2
103 1773 2
103 1682 2
103 1502 2
103 1398 2
103 318 2
103 1205 2
103 726 2
103 519 2
103 267 2
103 1214 2
103 1439 2
103 1970 2
103 707 2
103 1642 2
103 1211 2
103 1124 2
103 1990 2
103 164 2
103 167 2
103 432 2
104 302 2
104 1088 2
104 1645 2
104 1271 2
104 1410 2
104 1992 2
104 1426 2
104 475 2
104 1113 2
104 1453 2
104 309 2
104 1644 2
104 1087 2
104 1881 2
104 821 2
104 420 2
104 1456 2
104 1263 2
104 1635 2
104 404 2
104 1959 2
104 1843 2
105 1561 2
105 1610 2
105 121 2
105 1300 2
105 1860 2
105 1157 2
105 452 2
105 731 2
105 466 2
105 1056 2
105 1557 2
105 666 2
105 781 2
105 1857 2
105 1099 2
105 1791 2
105 677 2
105 723 2
105 1204 2
105 1747 2
105 1620 2
105 236 2
105 816 2
106 1875 2
106 747 2
106 1099 2
106 784 2
106 1840 2
106 1643 2
106 408 2
106 510 2
106 800 2
107 1706 2
107 425 2
107 1396 2
107 1561 2
107 1660 2
107 1866 2
107 363 2
107 1735 2
107 471 2
107 516 2
107 1568 2
107 1575 2
107 649 2
107 608 2
107 196 2
107 1039 2
107 1294 2
107 1095 2
107 1399 2
107 118 2
107 871 2
107 1513 2
107 1640 2
108 1552 2
108 1478 2
108 1336 2
108 1271 2
108 1535 2
108 1991 2
108 1344 2
108 1540 2
108 1465 2
108 1160 2
108 1000 2
108 1096 2
108 1759 2
108 731 2
108 611 2
108 745 2
108 881 2
108 1790 2
108 1901 2
108 792 2
108 212 2
109 1282 2
109 1712 2
109 1322 2
109 1062 2
109 274 2
109 745 2
109 1439 2
109 932 2
109 1695 2
109 355 2
109 1290 2
109 1242 2
109 915 2
109 1829 2
109 1015 2
109 1431 2
109 809 2
109 1332 2
109 463 2
110 286 2
110 1761 2
110 1204 2
110 1937 2
110 205 2
110 846 2
110 914 2
110 1247 2
110 1155 2
110 1197 2
110 809 2
110 575 2
110 499 2
110 1925 2
110 1232 2
110 746 2
110 1709 2
110 1981 2
110 1511 2
110 1421 2
111 922 2
111 261 2
111 1645 2
111 1202 2
111 174 2
111 391 2
111 1543 2
111 1162 2
111 476 2
111 663 2
111 688 2
111 913 2
111 1148 2
111 1716 2
111 1209 2
111 1043 2
111 1135 2
112 648 2
112 1301 2
112 1443 2
112 399 2
112 1253 2
112 985 2
112 1925 2
112 1143 2
112 1082 2
112 888 2
113 452 2
113 524 2
113 1877 2
113 1396 2
113 609 2
113 1508 2
113 985 2
113 1023 2
113 518 2
113 1762 2
113 1260 2
113 680 2
113 800 2
113 805 2
113 781 2
113 427 2
113 457 2
113 274 2
113 220 2
113 935 2
113 1142 2
113 1423 2
113 412 2
114 1989 2
114 1229 2
114 1492 2
114 1250 2
114 313 2
114 1757 2
114 1837 2
114 1941 2
114 1818 2
114 1793 2
114 1115 2
114 518 2
114 1944 2
114 1377 2
114 1779 2
114 871 2
114 928 2
114 1012 2
114 1892 2
114 673 2
114 1796 2
114 690 2
114 768 2
115 1136 2
115 1303 2
115 1846 2
115 1891 2
115 1124 2
115 511 2
115 1570 2
115 1765 2
116 1283 2
116 1861 2
116 1302 2
116 955 2
116 1675 2
116 536 2
116 744 2
116 1914 2
116 653 2
116 1743 2
116 425 2
116 1484 2
116 1719 2
116 1778 2
116 1612 2
116 1594 2
116 199 2
116 1368 2
117 547 2
117 934 2
117 1949 2
117 1560 2
117 412 2
117 989 2
117 287 2
117 961 2
117 1958 2
117 1691 2
117 1689 2
118 680 2
118 1354 2
118 988 2
118 1406 2
118 802 2
118 1773 2
118 1057 2
118 586 2
118 695 2
118 1327 2
118 1581 2
118 1879 2
118 1890 2
118 938 2
118 1164 2
118 1643 2
118 794 2
118 1325 2
118 1002 2
118 1720 2
118 1302 2
119 1774 2
119 148 2
119 158 2
119 927 2
119 140 2
119 1668 2
119 454 2
119 871 2
119 725 2
119 1094 2
119 1954 2
119 826 2
119 890 2
119 1693 2
119 1248 2
119 172 2
120 279 2
120 151 2
120 905 2
120 1077 2
120 1928 2
120 1412 2
120 438 2
120 380 2
120 808 2
120 1447 2
120 757 2
120 1562 2
120 1288 2
120 1355 2
120 219 2
120 805 2
120 1455 2
120 1963 2
120 1531 2
120 1614 2
120 1590 2
120 806 2
120 1858 2
121 1443 2
121 1470 2
121 1370 2
121 318 2
121 997 2
121 1410 2
121 1328 2
121 1506 2
121 1942 2
121 1545 2
121 962 2
121 1733 2
121 1158 2
121 904 2
121 355 2
121 1966 2
121 1353 2
121 414 2
121 1037 2
121 294 2
121 229 2
121 1788 2
121 428 2
121 1767 2
122 362 2
122 635 2
122 611 2
122 1407 2
122 220 2
122 514 2
122 545 2
122 870 2
122 430 2
122 197 2
122 701 2
122 1281 2
122 239 2
122 364 2
122 1368 2
122 1313 2
122 1531 2
123 134 2
123 421 2
123 1114 2
123 1478 2
123 1125 2
123 625 2
123 1347 2
123 1391 2
123 1611 2
123 901 2
123 1035 2
123 669 2
123 1822 2
123 1370 2
123 420 2
123 1076 2
123 895 2
123 777 2
123 1873 2
123 1787 2
123 803 2
124 1121 2
124 852 2
124 231 2
124 312 2
124 1907 2
124 1575 2
124 1981 2
124 703 2
124 1390 2
124 1998 2
124 680 2
124 134 2
124 404 2
124 1489 2
124 1788 2
124 244 2
124 736 2
124 1524 2
124 1148 2
124 747 2
124 1192 2
124 1662 2
125 667 2
125 1264 2
125 853 2
125 1629 2
125 1394 2
125 245 2
125 1459 2
125 338 2
125 1075 2
125 1092 2
125 1230 2
125 1444 2
125 819 2
125 1955 2
125 1722 2
125 1843 2
125 384 2
125 1273 2
125 618 2
125 1621 2
125 214 2
125 1252 2
125 1811 2
125 746 2
125 1073 2
125 1767 2
126 1842 2
126 1825 2
126 1344 2
126 1897 2
126 728 2
126 1051 2
126 1128 2
126 1898 2
126 327 2
126 151 2
126 1632 2
126 834 2
126 1690 2
126 1156 2
126 1158 2
126 1715 2
126 871 2
126 1699 2
126 718 2
126 1745 2
126 254 2
126 913 2
126 617 2
126 660 2
126 1932 2
126 496 2
126 1264 2
126 692 2
126 661 2
127 998 2
127 536 2
127 846 2
127 951 2
127 1433 2
127 156 2
127 742 2
127 1204 2
127 492 2
127 1377 2
127 138 2
127 1102 2
127 308 2
127 1430 2
127 1435 2
127 1279 2
127 768 2
127 500 2
127 1808 2
127 777 2
127 161 2
127 491 2
127 469 2
127 382 2
127 1015 2
127 1195 2
127 201 2
128 474 2
128 363 2
128 147 2
128 408 2
128 349 2
128 264 2
128 1435 2
128 1148 2
128 1411 2
128 810 2
128 1292 2
128 1280 2
128 221 2
128 1632 2
128 1121 2
128 964 2
129 635 2
129 211 2
129 1483 2
129 1620 2
129 729 2
129 131 2
129 1499 2
129 1272 2
129 1516 2
129 1395 2
129 1379 2
129 654 2
129 1293 2
129 1145 2
129 1400 2
129 863 2
129 933 2
130 1186 2
130 997 2
130 1748 2
130 1797 2
130 925 2
130 1899 2
130 1259 2
130 1069 2
130 1255 2
130 342 2
130 842 2
130 549 2
130 1515 2
130 1578 2
130 1824 2
130 1727 2
130 733 2
130 1220 2
130 544 2
131 570 2
131 430 2
131 1756 2
131 765 2
131 1011 2
131 1411 2
131 808 2
131 139 2
131 1593 2
131 1573 2
131 731 2
131 606 2
131 673 2
131 962 2
131 1580 2
131 701 2
131 1784 2
131 684 2
131 654 2
131 1023 2
132 389 2
132 1319 2
132 216 2
132 1944 2
132 1154 2
132 1576 2
132 1934 2
132 1374 2
132 372 2
132 386 2
132 640 2
132 296 2
132 1333 2
132 239 2
132 1568 2
132 1441 2
133 201 2
133 1539 2
133 322 2
133 668 2
133 523 2
133 640 2
133 1862 2
133 711 2
133 1284 2
133 906 2
133 956 2
133 1631 2
133 1783 2
133 615 2
133 1850 2
133 1894 2
133 569 2
133 1265 2
133 1936 2
133 271 2
133 637 2
133 160 2
133 1320 2
134 1051 2
134 447 2
134 915 2
134 1245 2
134 1225 2
134 660 2
134 1885 2
134 733 2
134 1868 2
134 1137 2
134 1783 2
134 1669 2
134 610 2
134 1202 2
134 203 2
134 184 2
134 1732 2
134 964 2
134 1810 2
135 538 2
135 1300 2
135 404 2
135 749 2
135 1715 2
135 507 2
135 904 2
135 1017 2
135 677 2
135 1703 2
135 1074 2
135 595 2
135 1009 2
135 705 2
135 1937 2
135 997 2
135 650 2
135 896 2
136 977 2
136 1959 2
136 245 2
136 690 2
136 365 2
136 1231 2
136 1463 2
136 629 2
136 1769 2
136 937 2
136 704 2
136 1526 2
136 544 2
136 726 2
136 1730 2
136 1664 2
136 1342 2
136 571 2
136 1118 2
136 1791 2
137 529 2
137 1429 2
137 1923 2
137 562 2
137 1671 2
137 1071 2
137 364 2
137 355 2
137 1192 2
137 1010 2
137 1341 2
137 1498 2
137 875 2
137 312 2
137 1963 2
138 259 2
138 1992 2
138 1638 2
138 1933 2
138 212 2
138 1768 2
138 1560 2
138 322 2
138 1761 2
138 1764 2
138 581 2
138 1505 2
138 1686 2
138 1419 2
138 1797 2
138 1314 2
138 330 2
138 624 2
139 330 2
139 1221 2
139 1657 2
139 232 2
139 869 2
139 402 2
139 1302 2
139 824 2
139 1679 2
139 1374 2
139 839 2
139 228 2
139 1337 2
139 1482 2
139 1940 2
139 1095 2
140 335 2
140 1454 2
140 1885 2
140 741 2
140 1653 2
140 1432 2
140 1923 2
140 1400 2
140 1995 2
140 1577 2
140 676 2
140 1388 2
140 1821 2
140 1533 2
140 810 2
140 267 2
140 1240 2
140 1637 2
140 1928 2
141 703 2
141 1219 2
141 1349 2
141 1868 2
141 1688 2
141 1988 2
141 1892 2
141 1044 2
141 1259 2
141 1844 2
141 1127 2
141 582 2
141 792 2
141 483 2
141 510 2
141 471 2
141 1783 2
142 816 2
142 1881 2
142 1687 2
142 1250 2
142 862 2
142 1688 2
142 1192 2
142 1402 2
142 880 2
142 1103 2
142 1984 2
142 1697 2
142 852 2
142 1859 2
142 1176 2
142 385 2
142 763 2
142 523 2
142 1217 2
142 1112 2
142 1375 2
142 1575 2
142 1459 2
142 668 2
142 1116 2
143 1711 2
143 349 2
143 918 2
143 658 2
143 740 2
143 1829 2
143 705 2
143 1917 2
143 1437 2
143 1255 2
143 1940 2
143 1530 2
143 823 2
143 1592 2
143 1242 2
143 1417 2
143 1104 2
144 482 2
144 561 2
144 1358 2
144 275 2
144 951 2
144 295 2
144 507 2
144 607 2
144 634 2
144 778 2
144 1598 2
144 1989 2
144 1955 2
144 1442 2
145 150 2
145 1082 2
145 273 2
145 459 2
145 1926 2
145 683 2
145 605 2
145 348 2
145 174 2
145 890 2
145 1495 2
145 659 2
145 1071 2
145 234 2
145 926 2
146 508 2
146 1058 2
146 1878 2
146 925 2
146 1631 2
146 1714 2
146 1573 2
146 1226 2
146 1634 2
146 1785 2
146 1700 2
146 1000 2
146 286 2
146 1773 2
146 951 2
146 428 2
147 1771 2
147 805 2
147 701 2
147 869 2
147 619 2
147 1381 2
147 452 2
147 1254 2
147 1886 2
147 551 2
147 1475 2
147 1822 2
147 465 2
147 1469 2
147 971 2
148 322 2
148 1872 2
148 714 2
148 901 2
148 1321 2
148 1045 2
148 1152 2
148 843 2
148 1332 2
148 1934 2
148 1937 2
148 176 2
148 1192 2
148 1763 2
148 1395 2
148 286 2
148 595 2
148 1615 2
148 1557 2
148 716 2
148 797 2
149 1902 2
149 473 2
149 733 2
149 935 2
149 768 2
149 199 2
149 863 2
149 1571 2
149 263 2
149 309 2
149 1315 2
149 1066 2
149 727 2
149 861 2
149 1758 2
149 208 2
149 1089 2
149 431 2
150 454 2
150 1012 2
150 533 2
150 181 2
150 1835 2
150 1110 2
150 312 2
150 726 2
150 920 2
150 1326 2
150 820 2
150 1484 2
150 1908 2
150 1579 2
150 361 2
150 1395 2
150 273 2
151 1008 2
151 1787 2
151 158 2
151 539 2
151 1032 2
151 835 2
151 982 2
151 1852 2
151 675 2
151 1272 2
151 1134 2
151 527 2
151 1064 2
151 853 2
151 822 2
151 634 2
151 486 2
151 1553 2
151 532 2
152 157 2
152 1996 2
152 1943 2
152 1793 2
152 1287 2
152 570 2
152 174 2
152 1950 2
152 791 2
152 852 2
152 542 2
152 692 2
152 793 2
152 586 2
152 1861 2
152 813 2
152 1033 2
152 1196 2
152 779 2
152 1867 2
152 637 2
152 1035 2
152 1649 2
152 1799 2
153 1204 2
153 193 2
153 1129 2
153 1010 2
153 329 2
153 331 2
153 1211 2
153 581 2
153 547 2
153 339 2
153 1779 2
153 1467 2
153 377 2
153 1722 2
153 1460 2
153 722 2
153 962 2
153 737 2
154 842 2
154 285 2
154 634 2
154 632 2
154 508 2
154 838 2
154 1063 2
154 1656 2
154 1669 2
154 1124 2
154 173 2
154 777 2
154 476 2
154 1797 2
154 530 2
154 1801 2
154 771 2
154 1809 2
154 1912 2
154 888 2
154 1443 2
154 1730 2
154 525 2
155 1933 2
155 1451 2
155 1996 2
155 1642 2
155 396 2
155 1375 2
155 707 2
155 1584 2
155 1819 2
155 1501 2
155 1728 2
156 833 2
156 1205 2
156 1558 2
156 1567 2
156 1012 2
156 1418 2
156 1591 2
156 1538 2
156 466 2
156 813 2
156 1788 2
156 637 2
156 570 2
156 265 2
156 1891 2
156 1955 2
157 1141 2
157 1977 2
157 1884 2
157 1166 2
157 207 2
157 768 2
157 537 2
157 1353 2
157 1194 2
157 656 2
157 826 2
157 1051 2
157 591 2
157 1963 2
157 1924 2
158 935 2
158 1997 2
158 1367 2
158 1310 2
158 1675 2
158 590 2
158 951 2
158 1651 2
158 399 2
158 1783 2
158 720 2
158 1431 2
158 737 2
158 487 2
159 1382 2
159 1522 2
159 1001 2
159 722 2
159 469 2
159 261 2
159 846 2
159 1685 2
159 518 2
159 224 2
159 1250 2
159 476 2
159 533 2
159 595 2
159 734 2
159 225 2
159 555 2
159 916 2
160 1051 2
160 454 2
160 466 2
160 1782 2
160 1264 2
160 745 2
160 694 2
160 452 2
160 1750 2
160 1791 2
160 874 2
160 1387 2
160 1458 2
160 827 2
160 1395 2
160 497 2
160 1059 2
161 1171 2
161 1394 2
161 814 2
161 762 2
161 1237 2
161 1327 2
161 1266 2
161 1767 2
161 1554 2
161 1373 2
161 877 2
161 694 2
161 378 2
161 219 2
161 368 2
161 1907 2
161 462 2
162 366 2
162 388 2
162 1243 2
162 943 2
162 1309 2
162 1366 2
162 1587 2
162 1028 2
162 1685 2
162 382 2
162 1996 2
163 170 2
163 747 2
163 311 2
163 346 2
163 1505 2
163 422 2
163 770 2
163 226 2
163 328 2
163 188 2
163 867 2
163 1018 2
164 443 2
164 565 2
164 785 2
164 1494 2
164 739 2
164 1121 2
164 1105 2
164 808 2
164 1862 2
164 873 2
164 508 2
164 563 2
164 293 2
164 999 2
164 1156 2
164 636 2
164 1725 2
164 1225 2
164 1914 2
164 1724 2
164 1715 2
164 1226 2
164 572 2
165 1941 2
165 1024 2
165 1756 2
165 774 2
165 1555 2
165 969 2
165 1787 2
165 1997 2
165 455 2
165 1141 2
165 1423 2
165 516 2
165 1667 2
165 970 2
165 1073 2
165 254 2
165 1229 2
165 696 2
165 1571 2
166 1732 2
166 1364 2
166 265 2
166 1093 2
166 1765 2
166 1118 2
166 1298 2
166 954 2
166 1478 2
166 1135 2
166 1722 2
166 1279 2
166 1402 2
166 1066 2
166 1100 2
166 1465 2
166 722 2
166 1822 2
166 1851 2
166 1623 2
166 591 2
167 207 2
167 1263 2
167 1566 2
167 601 2
167 936 2
167 1146 2
167 760 2
167 816 2
167 1929 2
167 1194 2
167 861 2
167 795 2
167 289 2
167 670 2
167 740 2
167 894 2
167 1074 2
167 780 2
167 1546 2
167 948 2
167 1598 2
168 515 2
168 686 2
168 1684 2
168 1784 2
168 1201 2
168 838 2
168 1677 2
168 482 2
168 1151 2
168 1486 2
168 1889 2
168 365 2
168 1076 2
168 1120 2
168 505 2
169 1952 2
169 1608 2
169 1257 2
169 676 2
169 1964 2
169 785 2
169 1615 2
169 1862 2
169 1424 2
169 938 2
169 1942 2
169 1881 2
169 1628 2
170 763 2
170 554 2
170 760 2
170 885 2
170 1833 2
170 1780 2
170 421 2
170 1352 2
170 1562 2
170 925 2
170 1664 2
170 1329 2
170 1481 2
170 1028 2
170 293 2
170 1807 2
170 1728 2
170 1596 2
170 1984 2
170 513 2
170 1485 2
170 1760 2
170 1862 2
170 1268 2
170 571 2
171 1562 2
171 1235 2
171 1026 2
171 1691 2
171 1896 2
171 1954 2
171 952 2
171 861 2
171 1889 2
171 1672 2
171 836 2
171 536 2
171 1958 2
171 1215 2
171 1472 2
171 491 2
171 719 2
171 251 2
171 1630 2
171 687 2
171 823 2
171 1948 2
171 1054 2
171 1507 2
172 352 2
172 614 2
172 1691 2
172 1449 2
172 358 2
172 1213 2
172 911 2
172 578 2
172 890 2
172 747 2
172 1167 2
172 992 2
172 1472 2
172 1123 2
172 1259 2
172 288 2
172 290 2
172 335 2
172 249 2
172 1349 2
172 1037 2
173 1003 2
173 1230 2
173 1707 2
173 376 2
173 648 2
173 1643 2
173 308 2
173 1290 2
173 468 2
173 1041 2
173 1423 2
173 1367 2
173 1904 2
173 1127 2
173 1146 2
174 291 2
174 1628 2
174 1476 2
174 871 2
174 237 2
174 1250 2
174 1380 2
174 307 2
174 1161 2
174 771 2
174 268 2
174 1833 2
174 282 2
174 534 2
174 1642 2
174 348 2
174 515 2
174 1932 2
174 769 2
174 920 2
175 970 2
175 215 2
175 687 2
175 279 2
175 1535 2
175 391 2
175 1213 2
175 1026 2
175 1491 2
175 229 2
175 1373 2
175 877 2
175 1095 2
175 622 2
175 1894 2
175 209 2
175 1508 2
175 399 2
175 1404 2
175 750 2
175 1523 2
176 1098 2
176 458 2
176 1310 2
176 1336 2
176 990 2
176 1368 2
176 869 2
176 210 2
176 417 2
176 1092 2
176 1001 2
176 1765 2
176 1709 2
176 1691 2
176 587 2
176 766 2
177 490 2
177 1125 2
177 1157 2
177 661 2
177 1564 2
177 626 2
177 1349 2
177 235 2
177 241 2
177 1855 2
177 614 2
177 1611 2
177 1328 2
178 1111 2
178 600 2
178 1583 2
178 1610 2
178 1543 2
178 874 2
178 645 2
178 1454 2
178 215 2
178 1815 2
178 355 2
178 1339 2
179 1794 2
179 278 2
179 1479 2
179 820 2
179 621 2
179 617 2
179 856 2
179 1706 2
179 611 2
179 1532 2
179 1770 2
179 1784 2
179 1971 2
179 349 2
179 1407 2
180 1141 2
180 1856 2
180 1131 2
180 299 2
180 952 2
180 1416 2
180 930 2
180 1751 2
180 1724 2
180 350 2
180 1843 2
180 1238 2
181 1666 2
181 337 2
181 1320 2
181 1369 2
181 690 2
181 229 2
181 1648 2
181 771 2
181 1031 2
181 888 2
181 903 2
181 1333 2
181 1427 2
181 851 2
181 356 2
181 1910 2
181 560 2
181 534 2
181 1478 2
182 1260 2
182 1355 2
182 1564 2
182 1415 2
182 508 2
182 1940 2
182 1269 2
182 1668 2
182 295 2
182 1088 2
182 1443 2
182 708 2
182 1345 2
182 921 2
182 1570 2
182 1057 2
182 430 2
182 716 2
183 284 2
183 226 2
183 337 2
183 959 2
183 1590 2
183 983 2
183 747 2
183 783 2
183 989 2
183 230 2
183 1895 2
183 1151 2
183 1398 2
183 617 2
183 679 2
183 828 2
184 1393 2
184 963 2
184 542 2
184 1319 2
184 922 2
184 1919 2
184 1661 2
184 873 2
184 1345 2
184 1092 2
184 1085 2
184 565 2
184 992 2
184 377 2
184 1604 2
184 1599 2
184 828 2
184 1762 2
184 1264 2
184 1830 2
184 1655 2
184 1622 2
184 767 2
184 1464 2
184 1998 2
184 650 2
185 230 2
185 1740 2
185 744 2
185 1590 2
185 1760 2
185 1939 2
185 1907 2
185 1783 2
185 1069 2
185 415 2
185 1355 2
185 1605 2
186 1649 2
186 1795 2
186 1087 2
186 1477 2
186 744 2
186 536 2
186 648 2
186 1600 2
186 1052 2
186 1549 2
186 1221 2
186 1220 2
186 833 2
186 985 2
186 950 2
186 1369 2
186 1137 2
186 1077 2
186 936 2
187 326 2
187 224 2
187 1774 2
187 369 2
187 773 2
187 1108 2
187 1057 2
187 1627 2
187 389 2
187 361 2
187 1752 2
187 517 2
187 1191 2
187 1143 2
187 1678 2
187 1394 2
187 1256 2
187 1844 2
187 255 2
187 1612 2
187 976 2
188 1665 2
188 1928 2
188 1958 2
188 921 2
188 1609 2
188 202 2
188 1732 2
188 1338 2
188 934 2
188 611 2
188 1750 2
188 1619 2
188 1287 2
188 1655 2
188 959 2
188 975 2
189 1562 2
189 958 2
189 1565 2
189 1630 2
189 268 2
189 1718 2
189 1516 2
189 1416 2
189 1096 2
189 939 2
190 563 2
190 1773 2
190 1691 2
190 1582 2
190 1684 2
190 585 2
190 1778 2
190 810 2
190 643 2
190 1375 2
190 480 2
190 1942 2
190 1100 2
190 1509 2
190 1908 2
190 1082 2
190 1103 2
190 684 2
190 627 2
191 567 2
191 713 2
191 794 2
191 902 2
191 1517 2
191 1713 2
191 1735 2
191 931 2
191 425 2
191 610 2
191 1558 2
191 676 2
191 1235 2
191 1143 2
191 798 2
191 1937 2
191 1975 2
191 924 2
191 821 2
191 669 2
191 1694 2
191 1664 2
191 336 2
191 319 2
191 1112 2
191 815 2
192 293 2
192 1647 2
192 1098 2
192 1820 2
192 757 2
192 1323 2
192 1091 2
192 1887 2
192 1718 2
192 1944 2
192 476 2
192 769 2
192 1685 2
192 267 2
192 578 2
192 1956 2
192 1494 2
192 430 2
192 524 2
193 1783 2
193 550 2
193 1185 2
193 375 2
193 1612 2
193 568 2
193 883 2
193 1978 2
193 1286 2
193 249 2
193 923 2
193 1692 2
193 763 2
193 308 2
193 1768 2
193 810 2
193 854 2
193 1897 2
193 853 2
194 1317 2
194 406 2
194 1255 2
194 1416 2
194 854 2
194 654 2
194 610 2
194 805 2
194 961 2
194 1174 2
194 1952 2
194 1718 2
194 1349 2
194 666 2
194 1781 2
194 802 2
194 1377 2
194 927 2
194 1230 2
194 1839 2
194 465 2
194 1877 2
194 1832 2
194 1355 2
195 1599 2
195 1808 2
195 1290 2
195 944 2
195 222 2
195 1693 2
195 1791 2
195 1352 2
195 1556 2
195 1873 2
195 1002 2
195 1417 2
195 552 2
195 653 2
195 573 2
195 1484 2
195 753 2
195 977 2
195 1624 2
195 472 2
195 475 2
196 1592 2
196 626 2
196 911 2
196 936 2
196 954 2
196 354 2
196 1047 2
196 979 2
196 925 2
196 1720 2
196 271 2
196 567 2
197 513 2
197 898 2
197 367 2
197 1252 2
197 1344 2
197 200 2
197 306 2
197 1346 2
197 972 2
197 1947 2
197 1709 2
197 1283 2
197 1041 2
197 543 2
197 881 2
197 1567 2
197 1196 2
197 1820 2
197 1818 2
198 1150 2
198 210 2
198 1037 2
198 1022 2
198 1794 2
198 1671 2
198 410 2
198 640 2
198 1732 2
198 405 2
198 565 2
198 757 2
198 1675 2
198 1016 2
198 1998 2
198 912 2
198 497 2
198 657 2
198 526 2
198 278 2
198 1223 2
199 261 2
199 1929 2
199 1774 2
199 1853 2
199 1959 2
199 818 2
199 1158 2
199 965 2
199 791 2
199 1146 2
199 1080 2
199 1540 2
199 1889 2
199 844 2
199 763 2
199 1953 2
199 1976 2
199 1518 2
199 279 2
199 1147 2
200 328 2
200 372 2
200 1002 2
200 1558 2
200 975 2
200 1561 2
200 736 2
200 561 2
200 1345 2
200 655 2
200 1971 2
200 1935 2
200 517 2
200 453 2
200 912 2
200 339 2
200 775 2
200 634 2
200 1656 2
200 1028 2
201 656 2
201 337 2
201 277 2
201 312 2
201 1595 2
201 428 2
201 835 2
201 1677 2
201 817 2
201 1524 2
201 1872 2
201 271 2
201 1711 2
201 821 2
201 1694 2
202 1076 2
202 636 2
202 1312 2
202 1654 2
202 992 2
202 1142 2
202 659 2
202 881 2
202 1672 2
202 1081 2
202 1779 2
202 926 2
202 260 2
202 1218 2
202 997 2
202 1301 2
203 1731 2
203 845 2
203 417 2
203 793 2
203 241 2
203 1430 2
203 1820 2
203 331 2
203 1891 2
203 1208 2
203 568 2
203 1203 2
203 719 2
203 1787 2
203 1991 2
203 1546 2
203 348 2
204 1720 2
204 1298 2
204 347 2
204 1441 2
204 1042 2
204 447 2
204 570 2
204 441 2
204 1184 2
204 941 2
204 1524 2
204 1982 2
204 1644 2
204 1731 2
204 1538 2
204 1879 2
205 588 2
205 677 2
205 612 2
205 1558 2
205 1108 2
205 823 2
205 1310 2
205 1592 2
205 775 2
205 560 2
205 1856 2
205 1531 2
205 1686 2
205 650 2
205 593 2
205 450 2
205 1559 2
205 1049 2
205 1161 2
205 581 2
205 738 2
205 473 2
205 1097 2
206 1997 2
206 1601 2
206 593 2
206 517 2
206 1870 2
206 797 2
206 1858 2
206 1030 2
206 1178 2
206 778 2
206 1329 2
206 1088 2
206 1196 2
206 844 2
206 544 2
206 1969 2
206 1554 2
206 1682 2
206 809 2
206 1938 2
206 1034 2
207 1426 2
207 1071 2
207 861 2
207 883 2
207 1062 2
207 1623 2
207 1293 2
207 1942 2
207 394 2
207 772 2
207 582 2
208 890 2
208 887 2
208 1395 2
208 1117 2
208 405 2
208 1088 2
208 1937 2
208 1112 2
208 1880 2
208 1749 2
208 452 2
208 516 2
208 697 2
208 813 2
208 1041 2
208 1668 2
208 1285 2
208 1996 2
208 1699 2
208 1059 2
209 1427 2
209 1693 2
209 1098 2
209 901 2
209 281 2
209 1030 2
209 1171 2
209 314 2
209 1005 2
209 1022 2
209 1866 2
209 1562 2
209 1109 2
210 1427 2
210 1347 2
210 1721 2
210 679 2
210 476 2
210 418 2
210 751 2
210 461 2
210 692 2
210 1599 2
210 1176 2
210 1688 2
210 1432 2
210 1914 2
210 836 2
211 1108 2
211 1003 2
211 640 2
211 740 2
211 737 2
211 1045 2
211 1824 2
211 1047 2
211 1995 2
211 1959 2
211 460 2
212 696 2
212 432 2
212 1700 2
212 1889 2
212 906 2
212 422 2
212 1910 2
212 1806 2
212 899 2
212 1359 2
212 687 2
212 1667 2
212 336 2
212 1848 2
212 1334 2
212 812 2
212 1906 2
213 215 2
213 1627 2
213 1543 2
213 1240 2
213 650 2
213 1960 2
213 1840 2
213 1044 2
213 1111 2
213 246 2
213 1955 2
213 379 2
213 392 2
213 1069 2
213 1864 2
213 1125 2
214 1302 2
214 1636 2
214 1764 2
214 1053 2
214 301 2
214 513 2
214 908 2
214 1071 2
214 1911 2
214 1484 2
214 846 2
214 667 2
214 1997 2
214 1008 2
215 1640 2
215 1729 2
215 1705 2
215 599 2
215 1290 2
215 463 2
215 1310 2
215 1757 2
215 1688 2
215 1040 2
215 1002 2
215 831 2
215 403 2
215 405 2
215 509 2
215 519 2
215 982 2
215 1492 2
215 674 2
215 961 2
215 713 2
215 1056 2
215 1058 2
216 367 2
216 1817 2
216 1766 2
216 701 2
216 1804 2
216 1125 2
216 1987 2
216 240 2
216 731 2
216 337 2
216 1373 2
216 926 2
216 1497 2
216 490 2
216 1278 2
216 1247 2
217 902 2
217 1946 2
217 1117 2
217 393 2
217 752 2
217 981 2
217 379 2
217 1383 2
217 351 2
217 685 2
217 543 2
217 1213 2
218 528 2
218 1147 2
218 1598 2
218 866 2
218 900 2
218 524 2
218 1011 2
218 682 2
218 934 2
218 1271 2
218 1976 2
218 1986 2
218 726 2
218 1576 2
219 1360 2
219 568 2
219 1047 2
219 1915 2
219 1458 2
219 1430 2
219 1302 2
219 1976 2
219 470 2
219 974 2
219 1699 2
219 631 2
219 1649 2
219 816 2
219 1556 2
219 1026 2
219 560 2
219 945 2
220 1392 2
220 443 2
220 1344 2
220 780 2
220 736 2
220 282 2
220 1168 2
220 858 2
220 952 2
220 562 2
220 1845 2
220 1311 2
220 1509 2
220 544 2
220 382 2
220 538 2
220 1921 2
220 1964 2
220 805 2
220 1831 2
220 1924 2
220 526 2
220 225 2
220 1512 2
220 587 2
220 961 2
220 1959 2
221 1461 2
221 253 2
221 680 2
221 1932 2
221 435 2
221 909 2
221 1962 2
221 841 2
221 1311 2
221 1569 2
221 1736 2
221 1908 2
221 1472 2
221 782 2
221 1018 2
221 453 2
221 1085 2
221 939 2
221 1705 2
221 546 2
221 1257 2
221 1784 2
221 780 2
221 1474 2
221 1537 2
221 586 2
222 811 2
222 891 2
222 553 2
222 1894 2
222 1126 2
222 1504 2
222 1943 2
222 851 2
222 1761 2
222 667 2
222 1736 2
222 1977 2
222 686 2
222 1326 2
222 818 2
222 963 2
222 868 2
222 681 2
223 893 2
223 1695 2
223 1690 2
223 1517 2
223 1523 2
223 464 2
223 531 2
223 518 2
223 1964 2
223 578 2
223 993 2
223 549 2
223 945 2
223 1337 2
223 1600 2
223 632 2
223 1595 2
223 349 2
223 1815 2
223 851 2
223 389 2
223 689 2
223 494 2
224 729 2
224 585 2
224 553 2
224 370 2
224 1680 2
224 431 2
224 1128 2
224 1952 2
224 341 2
224 584 2
224 1349 2
224 1777 2
224 810 2
224 801 2
224 562 2
224 1363 2
224 505 2
224 1656 2
224 760 2
225 1656 2
225 1792 2
225 636 2
225 832 2
225 1167 2
225 1851 2
225 956 2
225 1590 2
225 1313 2
225 577 2
225 341 2
225 1910 2
226 1545 2
226 375 2
226 1256 2
226 562 2
226 696 2
226 409 2
226 1483 2
226 249 2
226 835 2
226 1657 2
226 1959 2
226 1738 2
226 652 2
226 459 2
226 1294 2
226 362 2
226 1021 2
226 497 2
226 871 2
226 772 2
226 1139 2
227 1976 2
227 794 2
227 1236 2
227 1676 2
227 685 2
227 1263 2
227 1558 2
227 627 2
227 422 2
227 1651 2
227 740 2
227 230 2
227 1766 2
227 234 2
227 1652 2
227 1530 2
227 1595 2
227 724 2
227 1366 2
227 1602 2
227 1645 2
228 1187 2
228 1132 2
228 420 2
228 545 2
228 1176 2
228 1079 2
228 667 2
228 556 2
228 809 2
228 996 2
228 579 2
228 1370 2
228 1260 2
228 1740 2
228 1372 2
228 1265 2
228 1113 2
228 1783 2
228 293 2
228 1296 2
228 1166 2
228 1223 2
228 1904 2
228 1183 2
229 817 2
229 1388 2
229 248 2
229 572 2
229 915 2
229 1649 2
229 1647 2
229 1958 2
229 1756 2
229 1335 2
229 992 2
229 1459 2
229 1069 2
229 245 2
229 1825 2
229 695 2
230 1479 2
230 1462 2
230 1298 2
230 1173 2
230 1648 2
230 1843 2
230 934 2
230 383 2
230 1393 2
230 1009 2
230 377 2
230 1245 2
230 1011 2
230 289 2
230 810 2
230 535 2
230 565 2
230 1470 2
230 490 2
230 555 2
231 405 2
231 1463 2
231 821 2
231 1928 2
231 804 2
231 593 2
231 455 2
231 647 2
231 1121 2
231 1761 2
231 1948 2
231 1186 2
231 996 2
231 1587 2
231 1998 2
231 1482 2
231 1456 2
231 1642 2
231 1284 2
231 1899 2
232 1584 2
232 1539 2
232 1934 2
232 696 2
232 953 2
232 767 2
232 1249 2
232 1739 2
232 1149 2
232 1112 2
232 554 2
232 434 2
232 460 2
232 595 2
232 1115 2
232 1178 2
232 350 2
233 445 2
233 1194 2
233 663 2
233 707 2
233 826 2
233 1400 2
233 657 2
233 1177 2
233 807 2
233 380 2
233 1491 2
233 1108 2
233 1737 2
233 1846 2
233 1123 2
233 368 2
233 263 2
233 372 2
234 1635 2
234 1741 2
234 1359 2
234 1039 2
234 1273 2
234 1657 2
234 795 2
234 1572 2
234 723 2
234 1395 2
234 1634 2
234 922 2
234 437 2
234 1143 2
234 515 2
235 1182 2
235 1067 2
235 1558 2
235 643 2
235 982 2
235 998 2
235 714 2
235 1215 2
235 1742 2
235 1339 2
235 1040 2
235 1406 2
235 1411 2
236 1554 2
236 492 2
236 744 2
236 1621 2
236 1140 2
236 986 2
236 1968 2
236 1203 2
236 767 2
236 399 2
236 1864 2
236 1446 2
236 1752 2
236 1439 2
237 1356 2
237 971 2
237 1811 2
237 1845 2
237 1768 2
237 517 2
237 1478 2
237 623 2
237 316 2
237 671 2
237 1825 2
237 304 2
237 1375 2
237 1051 2
237 936 2
237 313 2
237 601 2
237 583 2
237 1397 2
237 655 2
237 435 2
238 750 2
238 575 2
238 951 2
238 248 2
238 1692 2
238 1153 2
238 860 2
238 782 2
238 1307 2
238 972 2
238 718 2
238 1944 2
238 1473 2
238 1672 2
238 647 2
238 428 2
238 1797 2
238 664 2
239 426 2
239 786 2
239 1171 2
239 850 2
239 348 2
239 1521 2
239 1019 2
239 347 2
239 404 2
239 1614 2
239 411 2
239 1453 2
239 1306 2
239 772 2
239 1478 2
239 1950 2
239 683 2
239 1621 2
239 1008 2
239 1027 2
239 784 2
240 1797 2
240 557 2
240 1981 2
240 698 2
240 840 2
240 966 2
240 974 2
240 1643 2
240 1760 2
240 643 2
240 1411 2
240 346 2
240 577 2
240 1897 2
240 536 2
240 1251 2
240 1875 2
240 1634 2
240 270 2
241 1584 2
241 1531 2
241 1706 2
241 510 2
241 567 2
241 1789 2
241 502 2
241 1005 2
241 805 2
241 764 2
241 1307 2
241 1527 2
242 1218 2
242 1901 2
242 259 2
242 1329 2
242 332 2
242 1185 2
242 1586 2
242 962 2
242 459 2
242 763 2
242 1780 2
242 618 2
242 712 2
242 352 2
242 362 2
242 340 2
242 466 2
242 1680 2
242 406 2
242 1016 2
242 1793 2
242 1982 2
242 1124 2
242 554 2
242 470 2
242 1419 2
242 373 2
243 419 2
243 1635 2
243 1733 2
243 831 2
243 1510 2
243 494 2
243 901 2
243 1853 2
243 1422 2
243 919 2
243 1728 2
243 819 2
243 764 2
243 976 2
243 1783 2
243 1986 2
244 661 2
244 1440 2
244 1984 2
244 1769 2
244 1681 2
244 1220 2
244 1805 2
244 405 2
244 611 2
244 1581 2
244 1250 2
244 578 2
244 730 2
244 293 2
244 422 2
244 1217 2
244 1253 2
244 962 2
244 1509 2
244 913 2
244 1131 2
244 1674 2
245 890 2
245 820 2
245 326 2
245 1971 2
245 822 2
245 919 2
245 892 2
245 1120 2
245 297 2
245 1568 2
245 1302 2
245 1427 2
245 319 2
245 899 2
245 1841 2
245 1920 2
245 985 2
246 290 2
246 1514 2
246 1618 2
246 860 2
246 506 2
246 1861 2
246 378 2
246 1238 2
246 951 2
246 278 2
246 323 2
246 1439 2
247 629 2
247 1977 2
247 838 2
247 1937 2
247 501 2
247 1225 2
247 1299 2
247 1423 2
247 420 2
247 1689 2
247 1442 2
247 822 2
248 376 2
248 1969 2
248 1596 2
248 1860 2
248 1173 2
248 1662 2
248 1952 2
248 1073 2
248 474 2
248 684 2
248 936 2
248 1778 2
248 1609 2
248 746 2
249 334 2
249 854 2
249 1689 2
249 929 2
249 360 2
249 1902 2
249 507 2
249 986 2
249 892 2
249 1085 2
249 1732 2
249 1132 2
249 357 2
249 1838 2
249 1487 2
250 1092 2
250 1870 2
250 757 2
250 1609 2
250 733 2
250 1419 2
250 1367 2
250 1829 2
250 790 2
250 1084 2
250 1307 2
250 1455 2
250 685 2
250 1053 2
251 1172 2
251 1028 2
251 1220 2
251 904 2
251 1632 2
251 483 2
251 1378 2
251 974 2
251 1473 2
251 967 2
251 1232 2
251 1281 2
251 321 2
251 784 2
251 268 2
251 970 2
251 457 2
251 1554 2
251 487 2
251 1850 2
251 1885 2
252 1118 2
252 946 2
252 1582 2
252 1462 2
252 1504 2
252 1060 2
252 1057 2
252 886 2
252 284 2
252 1196 2
252 801 2
252 1657 2
252 1025 2
253 1901 2
253 631 2
253 1095 2
253 460 2
253 646 2
253 797 2
253 303 2
253 1280 2
253 1828 2
253 1535 2
253 820 2
253 1359 2
253 1146 2
253 1295 2
253 836 2
253 987 2
253 1271 2
253 469 2
253 1505 2
253 1047 2
253 1673 2
254 1818 2
254 289 2
254 993 2
254 938 2
254 1089 2
254 588 2
254 1763 2
254 996 2
254 563 2
254 1911 2
254 506 2
254 986 2
254 1129 2
254 301 2
254 465 2
254 909 2
254 652 2
254 272 2
254 1678 2
254 970 2
254 484 2
254 341 2
254 550 2
254 1915 2
254 1841 2
254 1349 2
255 1508 2
255 527 2
255 658 2
255 747 2
255 429 2
255 786 2
255 1505 2
255 698 2
255 836 2
255 1575 2
256 1809 2
256 1202 2
256 1724 2
256 1638 2
256 930 2
256 1845 2
256 917 2
256 791 2
256 1626 2
256 462 2
256 434 2
256 1338 2
256 1014 2
256 1045 2
256 576 2
256 1959 2
256 1898 2
256 773 2
256 1783 2
256 1055 2
256 1730 2
256 272 2
257 1892 2
257 1796 2
257 1607 2
257 908 2
257 1737 2
257 1806 2
257 956 2
257 1231 2
257 1603 2
257 970 2
257 665 2
257 955 2
257 1554 2
257 1802 2
257 1768 2
258 492 2
258 922 2
258 296 2
258 768 2
258 1438 2
258 1840 2
258 1908 2
258 1990 2
258 693 2
258 381 2
258 1978 2
258 1103 2
258 1716 2
258 1961 2
258 898 2
258 905 2
258 309 2
258 1497 2
258 1306 2
259 620 2
259 1070 2
259 1922 2
259 563 2
259 1264 2
259 573 2
259 803 2
259 320 2
259 653 2
259 625 2
259 1022 2
259 260 2
259 955 2
259 1878 2
259 1005 2
259 1170 2
259 1462 2
259 566 2
259 1951 2
259 1357 2
260 1637 2
260 451 2
260 1097 2
260 1618 2
260 1060 2
260 1973 2
260 644 2
260 1980 2
260 957 2
260 891 2
260 1191 2
260 1430 2
260 1581 2
260 1490 2
260 868 2
261 1699 2
261 313 2
261 1469 2
261 842 2
261 297 2
261 1263 2
261 416 2
261 979 2
261 1480 2
261 1436 2
261 288 2
261 466 2
261 1811 2
261 1479 2
261 881 2
261 1800 2
262 1891 2
262 708 2
262 1016 2
262 1194 2
262 1867 2
262 1316 2
262 484 2
262 862 2
262 1270 2
262 1151 2
262 1503 2
262 1714 2
262 925 2
262 1072 2
262 1426 2
262 313 2
262 1654 2
262 1157 2
262 995 2
262 1002 2
262 1656 2
263 1184 2
263 710 2
263 1687 2
263 1031 2
263 440 2
263 368 2
263 1098 2
263 1394 2
263 1351 2
263 1916 2
263 270 2
263 641 2
263 1301 2
263 1616 2
263 638 2
263 1191 2
263 1164 2
263 1825 2
264 1091 2
264 1732 2
264 766 2
264 1034 2
264 1130 2
264 1830 2
264 541 2
264 1483 2
264 1188 2
264 328 2
264 1415 2
264 1179 2
265 1467 2
265 945 2
265 1381 2
265 1615 2
265 833 2
265 1244 2
265 400 2
265 1385 2
265 1418 2
265 1858 2
265 737 2
265 285 2
265 1434 2
265 1706 2
265 1123 2
265 1904 2
265 568 2
265 1304 2
265 1271 2
265 1357 2
266 1719 2
266 771 2
266 1949 2
266 1540 2
266 1548 2
266 1244 2
266 730 2
266 1772 2
266 358 2
266 1454 2
266 834 2
267 1048 2
267 855 2
267 1726 2
267 698 2
267 1200 2
267 739 2
267 1872 2
267 1014 2
267 1801 2
267 1398 2
267 951 2
267 570 2
267 1297 2
267 1375 2
267 1156 2
267 676 2
267 1446 2
267 1838 2
267 1308 2
267 276 2
267 1849 2
267 1084 2
267 489 2
267 290 2
267 1363 2
267 1698 2
267 1898 2
267 1958 2
267 1816 2
268 589 2
268 1872 2
268 1530 2
268 274 2
268 355 2
268 1686 2
268 1276 2
268 312 2
268 1959 2
268 964 2
268 611 2
268 663 2
268 1580 2
268 1683 2
269 271 2
269 913 2
269 962 2
269 958 2
269 481 2
269 1927 2
269 1428 2
269 937 2
269 1082 2
269 1203 2
269 1143 2
269 1661 2
269 880 2
269 579 2
269 1667 2
269 1931 2
270 1541 2
270 966 2
270 1359 2
270 333 2
270 1392 2
270 859 2
270 1179 2
270 590 2
270 1178 2
270 911 2
270 1120 2
270 501 2
270 444 2
270 682 2
271 1690 2
271 1843 2
271 1523 2
271 1386 2
271 1672 2
271 1588 2
271 334 2
271 1619 2
271 1012 2
271 524 2
271 557 2
271 1068 2
271 1128 2
271 1548 2
271 1730 2
271 490 2
271 1149 2
271 454 2
271 1234 2
271 999 2
271 870 2
271 429 2
271 1132 2
272 1722 2
272 862 2
272 449 2
272 1894 2
272 342 2
272 1639 2
272 732 2
272 1110 2
272 1844 2
272 1090 2
272 1805 2
272 742 2
272 1883 2
272 1988 2
272 551 2
272 780 2
272 1266 2
272 1994 2
272 805 2
272 1443 2
273 817 2
273 1365 2
273 384 2
273 1916 2
273 1951 2
273 783 2
273 1600 2
273 1273 2
273 1232 2
273 288 2
273 1838 2
273 1459 2
273 1908 2
273 648 2
273 1895 2
273 1718 2
273 753 2
273 1472 2
273 1473 2
274 665 2
274 1506 2
274 396 2
274 1313 2
274 539 2
274 686 2
274 482 2
274 792 2
274 1399 2
274 421 2
274 1615 2
274 876 2
274 1742 2
274 1035 2
274 1862 2
274 1195 2
274 467 2
274 718 2
274 1305 2
275 1315 2
275 792 2
275 1183 2
275 1769 2
275 801 2
275 1173 2
275 1339 2
275 1564 2
275 1616 2
275 345 2
275 713 2
275 854 2
275 900 2
276 1654 2
276 1029 2
276 770 2
276 856 2
276 1304 2
276 591 2
276 1886 2
276 415 2
276 1097 2
276 1299 2
276 944 2
276 701 2
276 800 2
276 1188 2
276 1962 2
276 1981 2
276 325 2
277 1013 2
277 859 2
277 1849 2
277 642 2
277 317 2
277 1245 2
277 1078 2
277 1819 2
277 1039 2
277 584 2
277 434 2
277 1351 2
278 1634 2
278 1430 2
278 1242 2
278 1917 2
278 1639 2
278 1344 2
278 1111 2
278 1527 2
278 1895 2
278 1983 2
278 884 2
278 1480 2
278 1167 2
278 1903 2
279 1615 2
279 1856 2
279 1160 2
279 1580 2
279 1788 2
279 1515 2
279 1921 2
279 522 2
279 388 2
279 543 2
279 1290 2
279 1436 2
279 1505 2
279 881 2
279 697 2
279 1726 2
279 1377 2
280 1577 2
280 1724 2
280 534 2
280 1961 2
280 817 2
280 1365 2
280 1179 2
280 563 2
280 1416 2
280 1015 2
281 873 2
281 1436 2
281 1077 2
281 1867 2
281 470 2
281 529 2
281 1646 2
281 1725 2
281 1492 2
281 1233 2
281 629 2
281 1936 2
281 290 2
281 592 2
282 291 2
282 580 2
282 1118 2
282 1355 2
282 1980 2
282 434 2
282 1447 2
282 915 2
282 1819 2
282 1554 2
282 1682 2
282 1710 2
282 1236 2
282 1022 2
282 1756 2
282 825 2
282 1941 2
282 1035 2
282 1891 2
282 1922 2
283 1912 2
283 1697 2
283 394 2
283 1609 2
283 1513 2
283 701 2
283 1092 2
283 479 2
283 1859 2
283 1148 2
283 916 2
283 1553 2
283 1146 2
283 1676 2
283 566 2
283 552 2
283 512 2
283 1953 2
283 1375 2
284 1402 2
284 413 2
284 381 2
284 613 2
284 1425 2
284 1269 2
284 1470 2
284 455 2
284 1591 2
284 911 2
284 1897 2
284 522 2
284 305 2
285 773 2
285 1415 2
285 1816 2
285 1598 2
285 582 2
285 842 2
285 1632 2
285 790 2
285 1291 2
285 454 2
285 1202 2
285 725 2
285 642 2
285 1565 2
285 928 2
285 1973 2
285 375 2
285 830 2
285 1627 2
285 1369 2
285 579 2
285 1140 2
286 1780 2
286 1518 2
286 1270 2
286 345 2
286 1085 2
286 1905 2
286 1073 2
286 573 2
286 613 2
286 1878 2
286 1205 2
286 1369 2
286 758 2
286 1828 2
286 1479 2
286 880 2
286 475 2
286 1630 2
286 524 2
287 1265 2
287 473 2
287 1905 2
287 978 2
287 1108 2
287 1214 2
287 427 2
287 999 2
287 661 2
287 1368 2
287 644 2
287 1359 2
287 1864 2
287 1317 2
287 1474 2
287 707 2
287 596 2
287 1754 2
287 1791 2
287 1720 2
287 1681 2
287 1310 2
287 1925 2
287 1441 2
287 1733 2
287 969 2
288 1335 2
288 1898 2
288 555 2
288 1100 2
288 615 2
288 990 2
288 1955 2
288 488 2
288 476 2
289 645 2
289 1335 2
289 384 2
289 1915 2
289 1726 2
289 518 2
289 725 2
289 1274 2
289 1944 2
289 1724 2
289 1463 2
289 1849 2
289 1785 2
289 1315 2
289 1584 2
289 682 2
289 430 2
289 1809 2
289 1953 2
289 1829 2
289 1660 2
289 1091 2
289 1842 2
289 1964 2
290 1276 2
290 980 2
290 1324 2
290 440 2
290 653 2
290 674 2
290 1985 2
290 1168 2
290 956 2
290 1027 2
290 1962 2
290 1226 2
290 658 2
290 1908 2
290 682 2
290 1522 2
290 1021 2
290 1628 2
291 1359 2
291 1833 2
291 1096 2
291 1762 2
291 1342 2
291 578 2
291 999 2
291 652 2
291 1039 2
291 1469 2
291 988 2
292 1063 2
292 789 2
292 1401 2
292 295 2
292 637 2
292 1031 2
292 1858 2
292 332 2
292 1828 2
292 1138 2
292 619 2
292 801 2
292 1694 2
292 1194 2
292 1767 2
293 1912 2
293 1945 2
293 1819 2
293 1075 2
293 1311 2
293 1729 2
293 391 2
293 705 2
293 1481 2
293 1228 2
293 658 2
293 660 2
293 295 2
293 1739 2
293 1973 2
294 1059 2
294 605 2
294 1302 2
294 413 2
294 655 2
294 869 2
294 1825 2
294 1879 2
294 1434 2
294 377 2
294 1697 2
294 366 2
294 577 2
294 424 2
294 1968 2
294 1287 2
294 482 2
294 1108 2
295 1611 2
295 1410 2
295 799 2
295 425 2
295 1337 2
295 931 2
295 1488 2
295 676 2
295 563 2
295 1556 2
295 1843 2
295 1935 2
295 1163 2
295 690 2
295 1971 2
295 645 2
295 497 2
296 1261 2
296 689 2
296 1069 2
296 511 2
296 1260 2
296 1511 2
296 702 2
296 812 2
296 1859 2
296 482 2
296 853 2
296 698 2
296 451 2
296 1234 2
296 1502 2
296 1529 2
296 1846 2
296 1357 2
296 1889 2
296 1563 2
296 1388 2
297 806 2
297 711 2
297 1065 2
297 942 2
297 1046 2
297 1121 2
297 352 2
297 521 2
297 1183 2
297 1135 2
297 1585 2
297 1823 2
297 1237 2
297 422 2
298 682 2
298 992 2
298 1994 2
298 1294 2
298 1159 2
298 1471 2
298 1337 2
298 1292 2
298 1996 2
298 1694 2
298 564 2
298 531 2
298 534 2
298 888 2
298 699 2
298 1678 2
298 861 2
298 593 2
298 1626 2
299 974 2
299 744 2
299 368 2
299 1296 2
299 1926 2
299 606 2
299 1163 2
299 717 2
299 937 2
299 1403 2
299 1815 2
299 1554 2
299 455 2
299 909 2
299 1068 2
299 1667 2
299 1224 2
299 516 2
299 1279 2
299 1748 2
300 382 2
300 765 2
300 866 2
300 1094 2
300 754 2
300 558 2
300 923 2
300 1562 2
300 1524 2
300 1455 2
300 1851 2
300 490 2
300 679 2
300 1195 2
300 910 2
300 473 2
300 1367 2
301 306 2
301 1472 2
301 1073 2
301 1321 2
301 1150 2
301 1361 2
301 1342 2
301 1946 2
301 589 2
301 1694 2
301 644 2
301 1884 2
301 400 2
301 1928 2
301 1565 2
302 1015 2
302 728 2
302 958 2
302 334 2
302 952 2
302 1039 2
302 944 2
302 616 2
302 1717 2
302 318 2
302 1929 2
302 657 2
302 1604 2
302 354 2
302 623 2
302 805 2
303 1823 2
303 745 2
303 1797 2
303 914 2
303 1745 2
303 335 2
303 1442 2
303 466 2
303 1154 2
303 1187 2
303 888 2
303 1413 2
303 852 2
303 529 2
304 1670 2
304 707 2
304 623 2
304 1788 2
304 1684 2
304 1055 2
304 1696 2
304 1127 2
304 687 2
304 1777 2
304 581 2
304 688 2
304 890 2
304 1421 2
304 1691 2
304 1880 2
304 1555 2
304 1011 2
304 1525 2
304 857 2
304 1828 2
305 1444 2
305 347 2
305 1797 2
305 957 2
305 917 2
305 1283 2
305 1010 2
305 460 2
305 971 2
305 442 2
305 656 2
305 796 2
305 1198 2
305 1337 2
305 1267 2
305 1730 2
305 406 2
306 1830 2
306 1416 2
306 593 2
306 1051 2
306 617 2
306 1692 2
306 1481 2
306 1947 2
306 1645 2
306 1936 2
306 926 2
306 771 2
306 425 2
306 1792 2
306 1600 2
306 559 2
307 1765 2
307 1198 2
307 1411 2
307 850 2
307 1204 2
307 1535 2
307 1744 2
307 1796 2
307 1306 2
307 1459 2
307 703 2
307 497 2
307 1015 2
307 855 2
308 1435 2
308 320 2
308 1212 2
308 885 2
308 1656 2
308 1218 2
308 1492 2
308 1477 2
308 545 2
308 633 2
308 1366 2
308 857 2
308 1900 2
308 876 2
308 1505 2
309 878 2
309 768 2
309 772 2
309 740 2
309 1189 2
309 437 2
309 1579 2
309 1909 2
309 1294 2
309 1049 2
309 1696 2
309 753 2
309 1838 2
309 1096 2
309 1846 2
310 537 2
310 1973 2
310 1764 2
310 1968 2
310 1853 2
310 949 2
310 857 2
310 1981 2
310 1749 2
310 891 2
310 1954 2
310 1207 2
310 1121 2
310 1042 2
310 521 2
311 1670 2
311 800 2
311 1838 2
311 1334 2
311 1967 2
311 999 2
311 557 2
311 434 2
311 1879 2
311 1978 2
311 813 2
311 491 2
311 1428 2
311 1703 2
311 1017 2
311 915 2
311 1398 2
311 1067 2
312 1606 2
312 733 2
312 1454 2
312 1937 2
312 1129 2
312 1421 2
312 872 2
312 1372 2
312 836 2
312 792 2
312 1700 2
313 526 2
313 1346 2
313 331 2
313 979 2
313 581 2
313 445 2
313 1069 2
313 1363 2
313 327 2
313 1200 2
313 1633 2
313 1047 2
313 1444 2
314 331 2
314 1271 2
314 1833 2
314 926 2
314 1704 2
314 852 2
314 626 2
314 1189 2
314 1527 2
314 691 2
314 520 2
314 1542 2
314 571 2
314 820 2
314 1501 2
314 1922 2
314 325 2
314 1297 2
315 938 2
315 1796 2
315 1015 2
315 1914 2
315 1379 2
315 1607 2
315 631 2
315 341 2
315 374 2
315 511 2
315 1540 2
315 1251 2
315 776 2
315 1976 2
315 1185 2
315 1788 2
316 322 2
316 574 2
316 1614 2
316 320 2
316 1944 2
316 1449 2
316 1519 2
316 1528 2
316 1431 2
316 816 2
316 1508 2
316 417 2
316 1647 2
316 1456 2
316 1215 2
317 627 2
317 869 2
317 882 2
317 1389 2
317 1569 2
317 721 2
317 1584 2
317 937 2
317 475 2
317 1558 2
317 1237 2
317 1037 2
317 465 2
317 1903 2
317 1033 2
317 1000 2
317 1461 2
318 988 2
318 1406 2
318 671 2
318 1682 2
318 558 2
318 1066 2
318 560 2
318 1958 2
318 599 2
318 566 2
318 838 2
318 1219 2
318 1311 2
318 1384 2
318 418 2
319 1054 2
319 1410 2
319 1412 2
319 668 2
319 1483 2
319 1654 2
319 1921 2
319 842 2
319 1221 2
319 1455 2
319 807 2
319 1971 2
319 1566 2
319 955 2
319 1435 2
319 636 2
319 1887 2
319 545 2
320 1473 2
320 1021 2
320 504 2
320 851 2
320 1821 2
320 1209 2
320 1376 2
320 1592 2
320 1548 2
320 1673 2
320 1356 2
320 1970 2
320 947 2
320 1228 2
321 865 2
321 1989 2
321 691 2
321 531 2
321 1395 2
321 1205 2
321 1464 2
321 1801 2
321 1489 2
321 1825 2
321 465 2
321 514 2
321 598 2
321 359 2
322 1666 2
322 1396 2
322 1374 2
322 722 2
322 392 2
322 482 2
322 1745 2
322 1184 2
322 1773 2
322 915 2
322 1059 2
322 1319 2
322 1094 2
322 1573 2
322 921 2
322 383 2
322 1840 2
323 1095 2
323 806 2
323 1326 2
323 1999 2
323 961 2
323 1427 2
323 849 2
323 1140 2
323 1926 2
323 1722 2
323 805 2
324 1801 2
324 900 2
324 815 2
324 464 2
324 1358 2
324 1637 2
324 1628 2
324 920 2
324 1161 2
324 1517 2
324 1788 2
324 1826 2
324 390 2
324 1130 2
324 1029 2
324 521 2
324 845 2
324 637 2
325 894 2
325 1546 2
325 1867 2
325 1045 2
325 1948 2
325 627 2
325 982 2
325 1956 2
325 1173 2
325 841 2
325 478 2
325 908 2
325 1895 2
325 598 2
325 1059 2
325 370 2
325 1285 2
325 1370 2
326 1945 2
326 339 2
326 1449 2
326 907 2
326 430 2
326 1337 2
326 406 2
326 965 2
326 755 2
326 519 2
326 441 2
326 1807 2
326 1995 2
326 1300 2
326 596 2
327 1763 2
327 360 2
327 924 2
327 1510 2
327 1569 2
327 1112 2
327 732 2
327 1208 2
327 1770 2
327 1869 2
327 1014 2
327 819 2
327 466 2
328 1097 2
328 446 2
328 1684 2
328 763 2
328 1177 2
328 1321 2
328 979 2
328 1695 2
328 1233 2
328 957 2
328 1903 2
328 634 2
328 1266 2
328 1391 2
328 1347 2
328 624 2
328 452 2
328 1657 2
329 1407 2
329 1838 2
329 588 2
329 1694 2
329 1878 2
329 1435 2
329 1014 2
329 1297 2
329 370 2
329 1063 2
329 1319 2
329 708 2
329 1724 2
329 472 2
329 1720 2
329 1739 2
329 1735 2
329 1766 2
330 1491 2
330 1977 2
330 1331 2
330 618 2
330 1651 2
330 1945 2
330 597 2
330 585 2
330 1517 2
330 340 2
330 1259 2
330 1864 2
330 1146 2
330 357 2
330 513 2
330 1425 2
330 1071 2
330 686 2
330 1740 2
330 1028 2
330 1304 2
331 1431 2
331 633 2
331 1305 2
331 1286 2
331 1659 2
331 1852 2
331 1967 2
331 443 2
331 1372 2
331 973 2
331 827 2
331 1729 2
331 485 2
332 1408 2
332 713 2
332 591 2
332 1525 2
332 1059 2
332 678 2
332 634 2
332 1665 2
332 410 2
332 683 2
332 1158 2
332 1622 2
332 489 2
332 827 2
332 1496 2
332 1413 2
332 1685 2
332 1681 2
332 614 2
332 1083 2
332 1938 2
332 1605 2
332 491 2
332 607 2
333 1111 2
333 1292 2
333 1899 2
333 1364 2
333 1517 2
333 771 2
333 1130 2
333 759 2
333 1137 2
333 376 2
333 1952 2
333 1722 2
333 711 2
334 933 2
334 1163 2
334 634 2
334 1749 2
334 1315 2
334 1406 2
334 1268 2
334 1713 2
334 565 2
334 910 2
334 1395 2
334 1601 2
334 1725 2
334 1186 2
334 946 2
334 1810 2
334 1645 2
334 1534 2
334 929 2
334 1299 2
334 1053 2
334 1580 2
334 1668 2
335 798 2
335 1800 2
335 379 2
335 713 2
335 1614 2
335 1993 2
335 394 2
335 1959 2
335 1038 2
335 1381 2
335 1194 2
335 782 2
335 1505 2
335 952 2
335 1590 2
335 1688 2
335 852 2
335 1658 2
335 1826 2
335 728 2
335 642 2
336 1524 2
336 1125 2
336 1480 2
336 421 2
336 1030 2
336 1368 2
336 938 2
336 395 2
336 359 2
336 1780 2
336 1232 2
336 1771 2
336 1101 2
336 1571 2
336 1499 2
336 1557 2
337 543 2
337 376 2
337 1291 2
337 847 2
337 1688 2
337 806 2
337 1227 2
337 791 2
337 357 2
337 1050 2
337 570 2
337 510 2
337 502 2
337 712 2
337 610 2
337 514 2
337 844 2
337 830 2
337 1953 2
337 339 2
337 1331 2
337 592 2
337 1575 2
338 991 2
338 944 2
338 1845 2
338 1266 2
338 1709 2
338 595 2
338 1236 2
338 1671 2
338 642 2
338 339 2
338 1341 2
338 1147 2
338 1258 2
338 482 2
339 1992 2
339 1629 2
339 638 2
339 1764 2
339 841 2
339 1345 2
339 1392 2
339 1254 2
339 568 2
339 1090 2
340 1870 2
340 1517 2
340 616 2
340 1294 2
340 1091 2
340 1652 2
340 1500 2
340 1910 2
340 1494 2
340 1124 2
340 960 2
340 660 2
340 985 2
340 884 2
340 1058 2
340 1434 2
341 524 2
341 1132 2
341 369 2
341 1959 2
341 618 2
341 837 2
341 1460 2
341 1126 2
341 1105 2
341 725 2
341 1882 2
341 770 2
341 655 2
341 357 2
341 1640 2
341 1265 2
341 472 2
341 760 2
341 560 2
341 902 2
342 1362 2
342 678 2
342 1899 2
342 1119 2
342 1091 2
342 1240 2
342 1468 2
342 1433 2
342 1073 2
342 657 2
342 648 2
342 1527 2
342 595 2
342 392 2
342 1550 2
343 516 2
343 621 2
343 540 2
343 1826 2
343 1073 2
343 1646 2
343 530 2
343 984 2
343 946 2
343 1230 2
343 1128 2
343 437 2
343 1192 2
343 713 2
343 486 2
343 1294 2
343 1061 2
344 1520 2
344 555 2
344 915 2
344 435 2
344 1561 2
344 1720 2
344 531 2
344 691 2
344 408 2
344 863 2
344 1493 2
344 695 2
344 658 2
344 1347 2
344 1982 2
344 1116 2
344 1606 2
344 1311 2
345 942 2
345 682 2
345 658 2
345 1688 2
345 970 2
345 434 2
345 1258 2
345 1596 2
345 458 2
345 555 2
345 1645 2
345 999 2
345 1705 2
345 1389 2
345 934 2
345 590 2
346 582 2
346 556 2
346 1152 2
346 1459 2
346 1056 2
346 1305 2
346 1861 2
346 1950 2
346 487 2
346 1097 2
346 1860 2
346 962 2
346 1888 2
346 1766 2
346 1387 2
347 1381 2
347 1362 2
347 1543 2
347 1460 2
347 1897 2
347 601 2
347 878 2
347 1430 2
347 1650 2
347 634 2
347 789 2
347 600 2
347 655 2
347 587 2
347 809 2
348 1581 2
348 1180 2
348 1315 2
348 451 2
348 1540 2
348 1297 2
348 1039 2
348 1229 2
348 453 2
348 1802 2
348 1477 2
348 1573 2
348 1278 2
348 1298 2
348 902 2
348 1575 2
349 1645 2
349 401 2
349 792 2
349 1708 2
349 1631 2
349 1323 2
349 867 2
349 840 2
350 1055 2
350 1204 2
350 1859 2
350 800 2
350 882 2
350 1359 2
350 364 2
350 1381 2
350 1916 2
350 930 2
350 1750 2
350 1620 2
350 1705 2
350 692 2
350 1500 2
350 1221 2
350 1756 2
350 1410 2
350 1646 2
350 878 2
350 892 2
351 1174 2
351 364 2
351 727 2
351 442 2
351 904 2
351 1966 2
351 1868 2
351 1011 2
351 1073 2
351 1577 2
351 591 2
351 1837 2
351 486 2
351 1844 2
351 1433 2
352 814 2
352 1854 2
352 437 2
352 1196 2
352 1508 2
352 371 2
352 420 2
352 1187 2
352 1034 2
352 1499 2
352 419 2
353 388 2
353 1308 2
353 1232 2
353 468 2
353 751 2
353 1408 2
353 1958 2
353 1112 2
353 517 2
353 1614 2
353 1275 2
353 1373 2
353 1251 2
353 484 2
353 1686 2
353 1115 2
353 478 2
353 1223 2
353 1912 2
353 1818 2
353 422 2
353 506 2
353 1961 2
354 1209 2
354 1959 2
354 1032 2
354 830 2
354 375 2
354 1546 2
354 906 2
354 1871 2
354 1578 2
354 1017 2
354 1884 2
354 1192 2
354 1101 2
354 1502 2
355 1748 2
355 1195 2
355 1223 2
355 1282 2
355 723 2
355 715 2
355 828 2
355 1127 2
355 1112 2
355 519 2
355 493 2
355 1164 2
355 1300 2
355 1057 2
355 1882 2
355 747 2
355 1784 2
355 1623 2
355 1302 2
355 862 2
356 1206 2
356 1607 2
356 1389 2
356 975 2
356 1964 2
356 1092 2
356 944 2
356 1508 2
356 593 2
356 1148 2
356 1159 2
356 1108 2
356 429 2
356 1611 2
356 707 2
356 1454 2
357 540 2
357 509 2
357 1103 2
357 933 2
357 394 2
357 1422 2
357 781 2
357 977 2
357 1205 2
357 1974 2
357 464 2
357 997 2
357 1413 2
357 1153 2
358 649 2
358 1286 2
358 1859 2
358 1488 2
358 1520 2
358 1001 2
358 1193 2
358 780 2
358 826 2
358 827 2
359 1588 2
359 398 2
359 952 2
359 1602 2
359 1993 2
359 595 2
359 1627 2
359 1635 2
359 1151 2
359 490 2
359 915 2
359 1269 2
359 525 2
359 671 2
359 677 2
359 696 2
359 1725 2
360 1318 2
360 1177 2
360 1591 2
360 1995 2
360 833 2
360 1618 2
360 1400 2
360 1889 2
360 1817 2
360 1605 2
360 819 2
360 1008 2
360 1951 2
360 458 2
360 1759 2
361 1002 2
361 1311 2
361 1932 2
361 505 2
361 1538 2
361 961 2
361 1430 2
361 1328 2
361 1550 2
361 1721 2
361 1294 2
361 1880 2
361 427 2
361 1011 2
361 832 2
361 501 2
361 1548 2
361 1379 2
362 1024 2
362 557 2
362 1973 2
362 678 2
362 517 2
362 959 2
362 1761 2
362 1755 2
362 1624 2
362 1815 2
362 1283 2
362 703 2
362 1528 2
362 1052 2
362 791 2
362 946 2
363 920 2
363 949 2
363 550 2
363 1779 2
363 932 2
363 717 2
363 1798 2
363 562 2
363 1710 2
363 801 2
363 1458 2
363 1530 2
363 889 2
363 1582 2
364 1798 2
364 1065 2
364 1166 2
364 1770 2
364 1896 2
364 895 2
364 424 2
364 906 2
364 786 2
364 403 2
364 1438 2
364 1240 2
364 1350 2
365 1156 2
365 895 2
365 768 2
365 1124 2
365 1754 2
365 1225 2
365 783 2
365 1576 2
365 1616 2
365 880 2
365 1999 2
365 389 2
365 661 2
365 1714 2
365 1392 2
365 584 2
366 1432 2
366 1716 2
366 1862 2
366 1613 2
366 794 2
366 1632 2
366 1827 2
366 545 2
366 1316 2
366 1645 2
366 381 2
366 387 2
367 601 2
367 389 2
367 1550 2
367 397 2
367 1184 2
367 1369 2
367 387 2
367 1206 2
367 1992 2
367 1440 2
367 731 2
367 950 2
367 1970 2
367 1778 2
367 614 2
367 1280 2
367 1163 2
367 1062 2
368 1258 2
368 1297 2
368 1456 2
368 1139 2
368 1838 2
368 1293 2
368 448 2
368 434 2
368 949 2
368 1348 2
368 663 2
368 406 2
368 861 2
369 1171 2
369 1304 2
369 435 2
369 1428 2
369 900 2
369 525 2
369 805 2
369 1187 2
369 1664 2
369 1847 2
369 1380 2
369 1645 2
369 1303 2
369 517 2
369 1629 2
369 1461 2
369 1443 2
369 545 2
369 527 2
369 1386 2
370 476 2
370 1830 2
370 1479 2
370 1952 2
370 1637 2
370 584 2
370 1336 2
370 1884 2
370 868 2
370 1427 2
370 1460 2
370 409 2
370 1911 2
370 693 2
370 1200 2
370 1543 2
370 402 2
371 470 2
371 560 2
371 1087 2
371 1017 2
371 618 2
371 1845 2
371 436 2
371 1618 2
371 1970 2
371 1163 2
371 1387 2
371 635 2
371 690 2
372 420 2
372 1654 2
372 766 2
372 669 2
372 836 2
372 1968 2
372 430 2
372 637 2
372 1639 2
372 464 2
372 451 2
372 1295 2
372 940 2
372 1502 2
372 1516 2
373 807 2
373 1571 2
373 1685 2
373 1672 2
373 1414 2
373 530 2
373 1116 2
373 1771 2
373 666 2
373 1200 2
373 1506 2
373 949 2
373 1823 2
373 862 2
373 917 2
373 1113 2
373 1502 2
373 464 2
373 1522 2
373 1758 2
373 386 2
373 1397 2
373 430 2
374 1797 2
374 534 2
374 1012 2
374 896 2
374 1742 2
374 1528 2
374 743 2
374 1344 2
374 1430 2
374 1041 2
374 436 2
374 1995 2
374 1973 2
374 1181 2
374 1583 2
374 1454 2
374 1421 2
375 1906 2
375 1383 2
375 845 2
375 379 2
375 1348 2
375 1651 2
375 840 2
375 1255 2
375 788 2
375 599 2
375 929 2
375 1806 2
375 579 2
375 1411 2
375 1379 2
375 1122 2
375 763 2
375 868 2
375 991 2
376 1136 2
376 1324 2
376 1788 2
376 558 2
376 575 2
376 1763 2
376 920 2
376 1518 2
376 1770 2
376 1655 2
376 1588 2
377 808 2
377 1432 2
377 967 2
377 1254 2
377 1694 2
377 1393 2
377 1280 2
377 404 2
377 1244 2
377 1183 2
377 1225 2
377 573 2
377 1531 2
377 1846 2
377 1922 2
378 1292 2
378 708 2
378 386 2
378 1031 2
378 488 2
378 942 2
378 1091 2
378 516 2
378 1927 2
378 1339 2
378 884 2
378 538 2
378 987 2
378 981 2
378 608 2
378 512 2
378 679 2
378 1885 2
378 836 2
378 1355 2
378 530 2
378 1654 2
378 405 2
378 839 2
378 1086 2
379 868 2
379 1567 2
379 1242 2
379 1506 2
379 394 2
379 897 2
379 1825 2
379 1033 2
379 615 2
379 1299 2
379 725 2
379 1858 2
379 1165 2
379 1053 2
379 721 2
379 821 2
379 1852 2
379 1206 2
379 1283 2
379 1685 2
379 1394 2
379 855 2
379 845 2
380 663 2
380 1938 2
380 1254 2
380 839 2
380 1330 2
380 1287 2
380 468 2
380 523 2
380 1513 2
380 842 2
380 1098 2
380 541 2
380 979 2
380 473 2
381 1481 2
381 1278 2
381 753 2
381 1701 2
381 482 2
381 632 2
381 1813 2
381 1735 2
381 1382 2
381 1162 2
381 1976 2
382 1992 2
382 807 2
382 1240 2
382 1970 2
382 1207 2
382 1895 2
382 1586 2
382 574 2
382 1237 2
382 1524 2
382 1225 2
382 1459 2
382 720 2
382 1106 2
382 1747 2
382 1613 2
382 1487 2
382 1357 2
382 1718 2
382 543 2
383 870 2
383 1860 2
383 1659 2
383 393 2
383 1713 2
383 751 2
383 1687 2
383 1528 2
383 1216 2
383 1608 2
383 646 2
383 1120 2
383 988 2
383 821 2
383 787 2
383 566 2
383 1573 2
383 1457 2
383 1795 2
383 1026 2
383 723 2
384 1331 2
384 1883 2
384 1250 2
384 1112 2
384 1432 2
384 1311 2
384 1369 2
384 1498 2
384 506 2
384 1224 2
384 464 2
384 1333 2
384 678 2
385 767 2
385 1755 2
385 670 2
385 1922 2
385 1136 2
385 543 2
385 1815 2
385 1762 2
385 1388 2
385 603 2
385 1718 2
385 868 2
385 723 2
385 1693 2
385 578 2
385 1534 2
385 1623 2
385 1859 2
385 946 2
385 785 2
385 1014 2
385 1849 2
386 936 2
386 1235 2
386 1206 2
386 1805 2
386 406 2
386 1463 2
386 1368 2
386 1969 2
386 1585 2
386 738 2
386 1365 2
386 801 2
386 642 2
386 1099 2
386 1872 2
386 889 2
386 1945 2
386 1877 2
386 1804 2
386 1474 2
386 1641 2
387 1024 2
387 1325 2
387 1036 2
387 1606 2
387 1549 2
387 1000 2
387 954 2
387 692 2
387 521 2
387 562 2
387 677 2
387 433 2
387 1277 2
388 1673 2
388 1091 2
388 1597 2
388 1374 2
388 947 2
388 1518 2
388 1675 2
388 984 2
388 1245 2
388 1966 2
388 1539 2
388 759 2
388 1220 2
388 404 2
388 1780 2
388 580 2
389 1306 2
389 552 2
389 796 2
389 789 2
389 467 2
389 1906 2
389 1825 2
389 1069 2
389 1417 2
389 504 2
389 1564 2
389 1824 2
389 1405 2
389 474 2
389 799 2
389 1238 2
390 1916 2
390 1678 2
390 711 2
390 463 2
390 1031 2
390 792 2
390 451 2
390 1676 2
390 701 2
390 1079 2
390 981 2
390 1571 2
390 768 2
390 1624 2
390 1725 2
390 1766 2
390 1424 2
390 714 2
390 1051 2
390 648 2
391 617 2
391 971 2
391 1451 2
391 937 2
391 1514 2
391 443 2
391 978 2
391 550 2
391 850 2
391 1544 2
391 1489 2
391 658 2
391 996 2
391 557 2
392 1975 2
392 1636 2
392 730 2
392 851 2
392 1432 2
392 1047 2
392 1212 2
392 1254 2
392 1219 2
392 1492 2
392 1574 2
392 1214 2
392 1259 2
392 403 2
392 770 2
392 688 2
392 1713 2
392 768 2
392 558 2
392 584 2
392 1018 2
392 971 2
392 1948 2
392 1933 2
392 921 2
392 1836 2
392 1645 2
392 1848 2
392 1997 2
392 1355 2
392 1729 2
392 1819 2
392 1866 2
393 1414 2
393 1836 2
393 1088 2
393 1225 2
393 1201 2
393 1074 2
393 1955 2
393 503 2
393 1658 2
393 1319 2
393 442 2
393 1842 2
393 1645 2
393 1788 2
393 1020 2
393 478 2
393 528 2
393 1770 2
393 909 2
393 1789 2
393 1182 2
394 642 2
394 622 2
394 860 2
394 955 2
394 1172 2
394 841 2
394 1825 2
394 1469 2
394 590 2
394 398 2
394 1003 2
394 1403 2
394 507 2
394 1778 2
394 674 2
394 1649 2
394 580 2
394 1445 2
394 539 2
394 844 2
394 1521 2
394 1540 2
395 921 2
395 513 2
395 1041 2
395 1608 2
395 971 2
395 1305 2
395 711 2
395 831 2
395 791 2
395 1630 2
395 838 2
395 1481 2
395 1021 2
396 872 2
396 1886 2
396 944 2
396 505 2
396 1572 2
396 1814 2
396 1000 2
396 1535 2
396 1040 2
396 1703 2
396 1646 2
396 444 2
396 1172 2
396 1764 2
396 416 2
397 938 2
397 1879 2
397 1487 2
397 1680 2
397 712 2
397 1702 2
397 1120 2
397 1597 2
397 1334 2
397 1155 2
397 1954 2
397 1037 2
397 825 2
397 486 2
397 1090 2
397 784 2
397 1837 2
397 827 2
398 1024 2
398 1443 2
398 806 2
398 756 2
398 1102 2
398 1361 2
398 1646 2
398 1786 2
398 1859 2
398 1196 2
398 1826 2
398 1461 2
398 997 2
398 1664 2
398 543 2
398 943 2
398 1523 2
398 570 2
399 973 2
399 493 2
399 635 2
399 512 2
399 1454 2
399 1857 2
399 1617 2
399 1381 2
399 1466 2
399 1957 2
399 1425 2
399 1442 2
399 744 2
399 1461 2
399 1825 2
399 1074 2
400 935 2
400 1802 2
400 1998 2
400 1634 2
400 711 2
400 1473 2
400 1924 2
400 1614 2
400 1171 2
400 666 2
400 451 2
401 1672 2
401 1395 2
401 1675 2
401 609 2
401 1022 2
401 1721 2
401 1108 2
401 1978 2
401 433 2
401 1155 2
401 978 2
401 857 2
401 1379 2
401 930 2
402 1703 2
402 1508 2
402 1950 2
402 464 2
402 736 2
402 1655 2
402 650 2
402 1731 2
402 629 2
402 1711 2
403 1857 2
403 1016 2
403 1160 2
403 1346 2
403 1738 2
403 1898 2
403 1256 2
403 1556 2
403 718 2
403 1363 2
403 1708 2
403 567 2
403 1262 2
403 678 2
403 1658 2
403 1529 2
404 1896 2
404 587 2
404 1294 2
404 1088 2
404 1035 2
404 661 2
404 1040 2
404 536 2
404 1826 2
404 678 2
404 1412 2
404 1778 2
404 1337 2
404 1958 2
404 1527 2
404 1803 2
404 1962 2
404 992 2
404 1534 2
404 1005 2
405 780 2
405 866 2
405 1160 2
405 880 2
405 1053 2
405 1319 2
405 1377 2
405 1518 2
405 1931 2
405 1945 2
405 499 2
405 1550 2
405 969 2
405 592 2
405 1998 2
405 1870 2
405 1800 2
406 1122 2
406 1959 2
406 1361 2
406 1091 2
406 635 2
406 740 2
406 1698 2
406 1625 2
406 1472 2
406 448 2
406 1826 2
406 811 2
407 1469 2
407 1996 2
407 886 2
407 617 2
407 1869 2
407 1283 2
407 1239 2
407 1829 2
407 941 2
407 1964 2
407 677 2
407 1848 2
407 443 2
407 1999 2
407 807 2
407 1708 2
407 1420 2
407 1333 2
407 776 2
408 478 2
408 1064 2
408 1743 2
408 1657 2
408 1854 2
408 1608 2
408 612 2
408 1345 2
408 752 2
408 1984 2
408 1428 2
408 428 2
408 1995 2
408 1430 2
408 645 2
408 847 2
408 1713 2
408 1379 2
408 1129 2
408 1945 2
408 1746 2
409 1866 2
409 1908 2
409 949 2
409 1227 2
409 820 2
409 1682 2
409 1874 2
409 1407 2
409 640 2
409 1429 2
409 1758 2
409 475 2
409 1987 2
409 1258 2
409 1275 2
410 540 2
410 960 2
410 1800 2
410 1537 2
410 443 2
410 532 2
410 735 2
410 1591 2
410 740 2
410 1185 2
410 1216 2
410 1603 2
410 785 2
410 1631 2
410 671 2
410 1180 2
411 1303 2
411 1391 2
411 1797 2
411 1023 2
411 1276 2
411 853 2
411 826 2
411 1675 2
411 1021 2
411 1495 2
411 740 2
411 1614 2
411 1720 2
411 1583 2
411 1847 2
411 1822 2
411 1312 2
411 1550 2
412 1832 2
412 1805 2
412 520 2
412 1053 2
412 1183 2
412 1408 2
412 1008 2
412 1505 2
412 1643 2
412 1958 2
412 690 2
412 1901 2
412 491 2
413 615 2
413 1151 2
413 1765 2
413 1259 2
413 579 2
413 820 2
413 1127 2
413 1759 2
413 1428 2
413 1455 2
413 1594 2
413 852 2
413 1213 2
413 427 2
413 1538 2
413 1050 2
414 891 2
414 906 2
414 1149 2
414 1805 2
414 1160 2
414 1905 2
414 1681 2
414 1433 2
414 1834 2
414 1791 2
414 972 2
414 1951 2
414 619 2
414 1769 2
414 1286 2
414 715 2
414 742 2
414 875 2
414 757 2
414 542 2
414 864 2
414 673 2
415 665 2
415 1851 2
415 839 2
415 1060 2
415 1888 2
415 1879 2
415 1927 2
415 1285 2
415 617 2
415 1658 2
415 484 2
416 1810 2
416 787 2
416 1823 2
416 489 2
416 562 2
416 746 2
416 1542 2
416 1739 2
416 1356 2
416 1051 2
416 1880 2
416 527 2
416 509 2
416 672 2
416 1250 2
416 1459 2
417 1737 2
417 859 2
417 841 2
417 419 2
417 1356 2
417 1790 2
417 1217 2
417 1242 2
417 758 2
417 787 2
417 1468 2
417 1838 2
417 955 2
418 1533 2
418 522 2
418 1697 2
418 1217 2
418 1194 2
418 886 2
418 558 2
418 1317 2
418 1846 2
418 1469 2
418 1724 2
418 1993 2
418 1376 2
418 465 2
418 1029 2
418 559 2
418 1957 2
418 1495 2
418 515 2
418 1111 2
418 733 2
419 420 2
419 459 2
419 1775 2
419 1581 2
419 1976 2
419 1119 2
419 1103 2
419 457 2
419 1158 2
419 971 2
419 1431 2
419 660 2
419 550 2
419 1225 2
419 1993 2
419 919 2
419 542 2
420 554 2
420 1665 2
420 1989 2
420 853 2
420 446 2
420 864 2
420 691 2
420 1622 2
420 1088 2
420 1917 2
420 807 2
420 524 2
420 1523 2
420 1272 2
420 867 2
420 1990 2
420 1984 2
420 1887 2
421 1506 2
421 1415 2
421 1321 2
421 1879 2
421 793 2
421 1591 2
421 1577 2
421 1365 2
421 1150 2
421 1254 2
421 1195 2
421 1670 2
421 1404 2
421 1079 2
421 790 2
422 1453 2
422 492 2
422 1893 2
422 793 2
422 673 2
422 487 2
422 757 2
422 1796 2
422 1567 2
422 1878 2
422 1640 2
422 1451 2
422 1529 2
422 860 2
422 1167 2
422 1463 2
422 1834 2
422 720 2
422 803 2
423 596 2
423 723 2
423 1594 2
423 1730 2
423 721 2
423 985 2
423 1398 2
423 1241 2
423 1388 2
423 1101 2
423 1390 2
423 1422 2
423 799 2
423 1591 2
423 1206 2
423 467 2
423 1478 2
423 1837 2
423 1941 2
423 1715 2
424 1325 2
424 1810 2
424 1308 2
424 1665 2
424 1380 2
424 1787 2
424 1039 2
424 1937 2
424 975 2
424 1313 2
424 1517 2
424 1224 2
424 1099 2
424 1769 2
424 1576 2
425 1853 2
425 1953 2
425 542 2
425 1679 2
425 985 2
425 1449 2
425 1224 2
425 1776 2
425 951 2
425 1729 2
425 821 2
425 1914 2
425 1563 2
425 1771 2
425 850 2
425 1709 2
426 1344 2
426 1246 2
426 826 2
426 1299 2
426 705 2
426 1064 2
426 1276 2
426 1930 2
426 1501 2
426 1896 2
426 1695 2
426 1733 2
426 1489 2
426 444 2
426 1002 2
426 990 2
426 1717 2
427 754 2
427 1943 2
427 745 2
427 1149 2
427 1231 2
427 1601 2
427 1131 2
427 619 2
427 487 2
427 1823 2
427 1067 2
427 815 2
427 1041 2
427 645 2
427 1665 2
427 1259 2
427 532 2
428 1102 2
428 1968 2
428 1053 2
428 973 2
428 878 2
428 685 2
428 1330 2
428 1163 2
428 1549 2
428 1842 2
429 629 2
429 1202 2
429 1408 2
429 912 2
429 1467 2
429 1011 2
429 1288 2
429 1523 2
429 522 2
429 697 2
429 694 2
429 950 2
429 618 2
429 1292 2
430 1637 2
430 882 2
430 1708 2
430 1635 2
430 1215 2
430 1998 2
430 1476 2
430 1539 2
430 1650 2
430 1725 2
430 1921 2
430 1023 2
430 1288 2
430 782 2
430 1404 2
430 1776 2
431 863 2
431 860 2
431 1835 2
431 1606 2
431 1214 2
431 1944 2
431 1592 2
431 725 2
431 985 2
431 724 2
431 1884 2
431 1370 2
431 1442 2
431 1278 2
431 1289 2
431 546 2
431 1248 2
431 800 2
432 631 2
432 629 2
432 1731 2
432 1780 2
432 1591 2
432 1991 2
432 820 2
432 1141 2
432 509 2
432 1383 2
432 1413 2
432 1607 2
432 1710 2
432 1551 2
433 1346 2
433 1701 2
433 1168 2
433 484 2
433 720 2
433 1966 2
433 618 2
433 796 2
433 1727 2
433 1281 2
433 1684 2
433 1564 2
433 1220 2
433 1134 2
433 816 2
433 1087 2
433 1903 2
433 1208 2
433 1507 2
434 1341 2
434 604 2
434 1829 2
434 1312 2
434 991 2
434 878 2
434 780 2
434 1566 2
434 1955 2
434 1175 2
434 1420 2
434 1888 2
434 1319 2
434 750 2
434 1859 2
435 1389 2
435 1783 2
435 928 2
435 680 2
435 742 2
435 954 2
435 1140 2
435 504 2
435 1849 2
435 508 2
435 734 2
435 1671 2
435 1361 2
435 1237 2
436 496 2
436 1527 2
436 590 2
436 1066 2
436 1305 2
436 1792 2
436 708 2
436 752 2
436 875 2
436 1659 2
436 1071 2
436 1850 2
436 1677 2
436 646 2
436 1008 2
436 1438 2
436 1843 2
436 1763 2
436 481 2
436 1846 2
437 1337 2
437 818 2
437 1852 2
437 1071 2
437 1646 2
437 1768 2
437 879 2
437 1205 2
437 856 2
437 843 2
437 1462 2
437 973 2
437 1698 2
437 1390 2
437 1206 2
437 1513 2
437 1568 2
437 1677 2
437 789 2
438 1121 2
438 1646 2
438 1540 2
438 520 2
438 906 2
438 1116 2
438 1164 2
438 564 2
438 1659 2
438 1787 2
438 1209 2
438 458 2
438 1154 2
438 1112 2
438 1223 2
438 1676 2
438 471 2
438 1002 2
439 1629 2
439 1867 2
439 1696 2
439 493 2
439 1050 2
439 656 2
439 1570 2
439 1251 2
439 1730 2
439 1282 2
439 768 2
439 1820 2
439 927 2
440 1161 2
440 1111 2
440 626 2
440 737 2
440 652 2
440 1071 2
440 1570 2
440 1710 2
440 812 2
440 855 2
440 1873 2
440 1528 2
440 453 2
440 1445 2
440 1855 2
441 1131 2
441 1059 2
441 1672 2
441 730 2
441 645 2
442 1148 2
442 671 2
442 461 2
442 1128 2
442 1821 2
442 725 2
442 843 2
442 1341 2
442 1747 2
442 1379 2
442 1068 2
442 566 2
442 878 2
442 1772 2
443 1679 2
443 510 2
443 1172 2
443 668 2
443 1723 2
443 971 2
443 1378 2
443 1523 2
443 1898 2
443 1078 2
443 1248 2
443 1958 2
443 450 2
443 1695 2
443 1084 2
443 1885 2
443 1150 2
443 1049 2
443 1658 2
444 1117 2
444 1811 2
444 1132 2
444 1111 2
444 986 2
444 1199 2
444 1722 2
444 1680 2
444 908 2
444 578 2
444 1883 2
444 1362 2
444 1102 2
444 1109 2
444 996 2
444 1986 2
444 1091 2
445 1023 2
445 1581 2
445 1228 2
445 1482 2
445 1058 2
445 625 2
445 1765 2
445 1806 2
445 1945 2
445 1338 2
445 1140 2
445 1438 2
445 1313 2
446 661 2
446 1913 2
446 1757 2
446 980 2
446 1506 2
446 764 2
446 1787 2
446 936 2
446 1539 2
446 524 2
446 1412 2
446 1379 2
446 1976 2
446 1881 2
446 1672 2
446 965 2
446 1271 2
446 548 2
446 1656 2
446 1655 2
446 749 2
446 1753 2
446 1857 2
446 1982 2
447 1970 2
447 1202 2
447 486 2
447 1919 2
447 1266 2
447 1286 2
447 1560 2
447 1619 2
447 1246 2
447 1311 2
447 1748 2
447 1924 2
447 991 2
447 1117 2
447 965 2
447 973 2
448 850 2
448 1856 2
448 1189 2
448 1193 2
448 1890 2
448 669 2
448 1428 2
448 994 2
448 629 2
448 529 2
448 1783 2
448 519 2
449 1162 2
449 1675 2
449 1811 2
449 484 2
449 1639 2
449 1344 2
449 493 2
449 1738 2
449 1045 2
449 1949 2
450 1410 2
450 525 2
450 513 2
450 643 2
450 1625 2
450 1233 2
450 1265 2
450 1867 2
450 663 2
450 1208 2
450 1007 2
450 680 2
450 1219 2
450 751 2
451 580 2
451 1832 2
451 601 2
451 1206 2
451 649 2
451 563 2
451 1606 2
451 1744 2
451 1433 2
451 1293 2
451 665 2
451 1154 2
451 1346 2
451 1600 2
451 733 2
452 993 2
452 1817 2
452 574 2
452 648 2
452 1361 2
452 1038 2
452 1206 2
452 515 2
452 1073 2
452 1689 2
452 924 2
452 1891 2
452 1931 2
452 468 2
452 806 2
452 1721 2
453 626 2
453 1342 2
453 592 2
453 576 2
453 1463 2
453 1142 2
453 915 2
453 619 2
453 1468 2
453 1385 2
453 1575 2
453 1672 2
453 848 2
453 1605 2
453 882 2
453 501 2
454 976 2
454 912 2
454 1384 2
454 1419 2
454 1615 2
454 979 2
454 1798 2
454 918 2
454 1530 2
454 1053 2
454 801 2
454 656 2
454 1786 2
454 576 2
454 929 2
454 1450 2
454 783 2
454 1085 2
454 1770 2
454 756 2
454 1730 2
455 1339 2
455 1838 2
455 1558 2
455 1275 2
455 1961 2
455 554 2
455 1306 2
455 1469 2
455 580 2
455 1199 2
455 1331 2
455 1024 2
455 952 2
455 1582 2
455 942 2
455 1870 2
455 1309 2
455 1253 2
455 1828 2
455 1584 2
456 1646 2
456 591 2
456 1515 2
456 972 2
456 1654 2
456 1808 2
456 1293 2
456 875 2
456 522 2
456 1062 2
456 660 2
456 939 2
456 1647 2
456 1999 2
456 1495 2
456 1611 2
457 527 2
457 1293 2
457 1218 2
457 1602 2
457 667 2
457 1184 2
457 624 2
457 892 2
457 1635 2
457 1523 2
457 1107 2
457 1568 2
457 679 2
457 1277 2
458 1374 2
458 1245 2
458 1135 2
458 846 2
458 878 2
458 929 2
458 1036 2
458 1700 2
458 1179 2
458 1066 2
458 585 2
458 1095 2
458 580 2
459 651 2
459 1648 2
459 1574 2
459 1572 2
459 927 2
459 1105 2
459 996 2
459 595 2
459 875 2
459 1389 2
459 1053 2
460 1720 2
460 1244 2
460 1465 2
460 720 2
460 1277 2
460 1104 2
460 1358 2
460 1950 2
460 1949 2
460 1779 2
460 928 2
460 589 2
460 1377 2
460 1085 2
460 1094 2
460 1630 2
461 572 2
461 521 2
461 1216 2
461 938 2
461 1734 2
461 1781 2
461 1266 2
461 681 2
461 1329 2
461 1437 2
461 518 2
461 1377 2
461 1762 2
461 1821 2
461 1704 2
461 1373 2
461 930 2
462 1738 2
462 1788 2
462 1412 2
462 1192 2
462 1291 2
462 761 2
462 622 2
462 1115 2
462 830 2
462 1947 2
462 728 2
462 1444 2
462 598 2
463 1757 2
463 1177 2
463 1556 2
463 1565 2
463 1434 2
463 1768 2
463 586 2
463 1579 2
463 1488 2
463 1948 2
463 700 2
463 955 2
463 580 2
463 465 2
464 1903 2
464 878 2
464 583 2
464 1349 2
464 1241 2
464 622 2
464 1144 2
464 1557 2
464 1505 2
464 893 2
464 496 2
464 1298 2
464 863 2
464 783 2
464 985 2
464 970 2
464 1873 2
464 1577 2
464 896 2
464 1987 2
464 987 2
465 1063 2
465 617 2
465 604 2
465 1720 2
465 517 2
465 1663 2
465 802 2
465 1466 2
465 739 2
465 938 2
465 1832 2
466 1841 2
466 1640 2
466 613 2
466 1045 2
466 1947 2
466 640 2
466 566 2
466 1276 2
466 1596 2
466 1348 2
466 1608 2
466 480 2
466 1666 2
466 1603 2
466 1408 2
466 1898 2
466 1386 2
466 1728 2
467 1334 2
467 835 2
467 788 2
467 794 2
467 1411 2
467 1339 2
467 1843 2
467 809 2
467 1139 2
467 1315 2
467 1437 2
467 1444 2
467 746 2
467 821 2
467 582 2
467 1015 2
467 1575 2
467 1265 2
467 1783 2
467 849 2
467 1749 2
467 629 2
467 1415 2
468 1099 2
468 722 2
468 1960 2
468 496 2
468 1122 2
468 822 2
468 1303 2
468 1157 2
468 704 2
468 1826 2
468 1876 2
468 918 2
468 866 2
468 1164 2
468 1704 2
469 1317 2
469 1474 2
469 494 2
469 766 2
469 630 2
469 1861 2
469 1539 2
469 780 2
469 1114 2
469 1235 2
469 1012 2
469 1244 2
469 583 2
469 1654 2
469 930 2
469 1307 2
470 699 2
470 1624 2
470 1398 2
470 867 2
470 580 2
470 961 2
470 1163 2
470 979 2
470 1493 2
470 894 2
470 1593 2
470 1476 2
470 1882 2
471 1399 2
471 509 2
471 733 2
471 501 2
471 1923 2
471 1288 2
471 1693 2
471 1112 2
471 1703 2
471 1273 2
471 1150 2
471 499 2
471 667 2
471 597 2
471 1128 2
471 775 2
471 991 2
472 1065 2
472 1921 2
472 1958 2
472 972 2
472 1706 2
472 1276 2
472 1310 2
472 1664 2
472 1723 2
472 1936 2
472 1909 2
472 1818 2
473 1020 2
473 1388 2
473 845 2
473 968 2
473 1999 2
473 1396 2
473 1166 2
473 1908 2
473 1222 2
473 722 2
473 1834 2
473 625 2
473 811 2
473 888 2
473 987 2
473 1712 2
473 1306 2
473 815 2
473 1033 2
473 1803 2
473 1855 2
473 1408 2
473 1590 2
474 1419 2
474 1627 2
474 1885 2
474 920 2
474 831 2
474 755 2
474 1203 2
474 1728 2
474 1453 2
474 1381 2
474 1723 2
474 602 2
474 1650 2
474 614 2
474 1740 2
475 1968 2
475 1550 2
475 942 2
475 606 2
475 1549 2
475 1675 2
475 1895 2
475 692 2
475 1617 2
475 928 2
475 1719 2
475 1875 2
475 1975 2
475 1371 2
475 654 2
475 1126 2
475 1733 2
475 1892 2
475 1883 2
476 612 2
476 1719 2
476 1910 2
476 1022 2
476 1036 2
476 1355 2
476 1907 2
476 527 2
476 1664 2
476 910 2
476 972 2
476 1241 2
476 1999 2
476 1778 2
476 1146 2
476 1526 2
476 513 2
476 844 2
476 1531 2
476 1140 2
476 855 2
476 581 2
477 508 2
477 1898 2
477 998 2
477 1819 2
477 1704 2
477 1209 2
477 1378 2
477 534 2
477 714 2
477 1959 2
477 676 2
477 1498 2
477 1743 2
477 1590 2
477 1421 2
477 1202 2
477 623 2
477 1987 2
477 1493 2
477 1801 2
478 1363 2
478 1605 2
478 1320 2
478 582 2
478 876 2
478 1621 2
478 1756 2
478 939 2
478 767 2
478 1350 2
478 1166 2
478 766 2
478 1054 2
478 578 2
478 622 2
479 1259 2
479 1552 2
479 1255 2
479 1742 2
479 948 2
479 1640 2
479 912 2
479 1780 2
479 747 2
479 669 2
479 1371 2
479 1747 2
480 1398 2
480 1795 2
480 1331 2
480 691 2
480 1054 2
480 625 2
480 654 2
480 1200 2
480 910 2
480 1987 2
480 1232 2
480 1532 2
480 1497 2
480 1482 2
480 1242 2
480 1657 2
480 1653 2
480 1740 2
480 1914 2
480 1758 2
480 1848 2
480 1064 2
480 757 2
481 1028 2
481 887 2
481 1336 2
481 1235 2
481 852 2
481 1962 2
481 720 2
481 535 2
481 891 2
481 1269 2
481 1510 2
481 1458 2
481 1413 2
481 974 2
481 982 2
481 1480 2
481 518 2
481 1824 2
481 1916 2
482 1065 2
482 1785 2
482 1140 2
482 577 2
482 693 2
482 944 2
482 1395 2
482 1056 2
482 1816 2
482 964 2
482 1186 2
482 733 2
482 650 2
482 1704 2
482 656 2
483 1841 2
483 1061 2
483 743 2
483 1723 2
483 1651 2
483 1831 2
483 1184 2
483 1881 2
483 1037 2
483 1643 2
484 788 2
484 1284 2
484 1047 2
484 1057 2
484 751 2
484 613 2
485 1045 2
485 714 2
485 1609 2
485 1154 2
485 1770 2
485 1590 2
485 1423 2
485 1892 2
485 1002 2
485 934 2
485 1962 2
485 958 2
485 1143 2
485 1384 2
485 1959 2
485 550 2
485 1645 2
486 690 2
486 1764 2
486 1804 2
486 1501 2
486 1855 2
486 1247 2
486 792 2
486 741 2
486 1329 2
486 1808 2
486 1434 2
486 528 2
486 1605 2
486 1677 2
486 655 2
486 1731 2
487 1136 2
487 1291 2
487 1854 2
487 949 2
487 1974 2
487 667 2
487 1565 2
487 858 2
487 918 2
487 1537 2
487 1140 2
487 1903 2
487 1442 2
487 1071 2
487 1036 2
487 1531 2
487 1958 2
488 1895 2
488 832 2
488 1690 2
488 1967 2
488 831 2
488 1922 2
488 1865 2
488 1613 2
488 941 2
488 861 2
488 1163 2
488 1719 2
488 848 2
488 1323 2
488 1414 2
489 1479 2
489 1229 2
489 621 2
489 1440 2
489 1438 2
489 1018 2
489 532 2
489 1488 2
489 888 2
489 1326 2
489 1955 2
489 1434 2
489 1565 2
489 1844 2
489 667 2
489 931 2
489 1606 2
490 1164 2
490 827 2
490 493 2
490 1458 2
490 1363 2
490 1853 2
490 1239 2
490 1174 2
490 1243 2
490 938 2
490 600 2
490 910 2
491 1382 2
491 517 2
491 825 2
491 1676 2
491 1219 2
491 527 2
491 727 2
491 1683 2
491 1213 2
491 1701 2
491 1951 2
491 1321 2
491 862 2
491 1346 2
492 688 2
492 1824 2
492 1961 2
492 1614 2
492 1462 2
492 851 2
492 1182 2
492 1323 2
492 1100 2
492 1889 2
492 1403 2
492 680 2
492 1801 2
492 1632 2
493 751 2
493 927 2
493 626 2
493 1593 2
493 1564 2
493 1539 2
493 780 2
493 1619 2
493 1377 2
493 885 2
493 1148 2
493 517 2
493 1527 2
493 1230 2
493 1004 2
493 1658 2
493 1020 2
493 1770 2
494 1453 2
494 1375 2
494 1316 2
494 1654 2
494 848 2
494 699 2
494 563 2
494 1355 2
494 1903 2
494 1468 2
494 1102 2
494 678 2
494 1170 2
494 960 2
494 1595 2
494 660 2
494 1836 2
494 1196 2
494 584 2
494 1069 2
494 1211 2
495 889 2
495 774 2
495 1958 2
495 714 2
495 999 2
495 718 2
495 1644 2
495 1090 2
495 1224 2
495 966 2
495 1517 2
495 583 2
495 789 2
495 1641 2
495 1621 2
496 1329 2
496 1703 2
496 1735 2
496 1379 2
496 1687 2
496 747 2
496 1398 2
496 832 2
496 1315 2
496 989 2
496 1386 2
496 1247 2
497 580 2
497 1746 2
497 1323 2
497 1213 2
497 1580 2
497 1934 2
497 760 2
497 871 2
497 1040 2
497 1944 2
497 1939 2
497 588 2
497 868 2
498 1304 2
498 1385 2
498 1041 2
498 1257 2
498 1225 2
498 1776 2
498 965 2
498 1302 2
498 594 2
498 702 2
498 1501 2
498 1290 2
498 1386 2
498 755 2
499 1912 2
499 552 2
499 1305 2
499 939 2
499 967 2
499 692 2
499 709 2
499 1317 2
499 1800 2
499 883 2
499 682 2
499 973 2
499 1781 2
499 1463 2
499 873 2
500 1171 2
500 1068 2
500 1484 2
500 1011 2
500 1209 2
500 1413 2
500 1761 2
500 1605 2
500 1800 2
500 1520 2
500 853 2
500 866 2
500 888 2
500 999 2
500 1716 2
500 1351 2
500 977 2
500 918 2
501 1202 2
501 759 2
501 1655 2
501 540 2
501 1343 2
501 758 2
501 534 2
501 1213 2
501 1627 2
501 571 2
501 1081 2
501 590 2
501 1005 2
501 1538 2
501 712 2
501 1780 2
501 1096 2
502 511 2
502 578 2
502 1257 2
502 1233 2
502 787 2
502 1553 2
502 1425 2
502 1812 2
502 852 2
502 509 2
502 639 2
502 1355 2
502 1749 2
502 1256 2
502 1532 2
502 627 2
502 1801 2
502 713 2
502 1721 2
503 538 2
503 1207 2
503 1610 2
503 1083 2
503 1367 2
503 1236 2
503 776 2
503 1630 2
503 1378 2
503 1068 2
503 1119 2
503 1415 2
503 1987 2
503 1457 2
504 1899 2
504 1996 2
504 1964 2
504 1764 2
504 1600 2
504 1866 2
504 1234 2
504 928 2
504 1495 2
504 776 2
504 988 2
504 677 2
504 1698 2
504 1874 2
504 1976 2
504 582 2
504 1625 2
504 1533 2
504 1677 2
504 1012 2
504 1855 2
504 1823 2
504 1097 2
505 593 2
505 748 2
505 1362 2
505 511 2
505 1786 2
505 1491 2
505 1879 2
505 1807 2
505 1570 2
505 1397 2
505 1846 2
505 822 2
505 844 2
506 1352 2
506 795 2
506 563 2
506 746 2
506 1786 2
506 536 2
506 1134 2
506 1846 2
506 767 2
506 594 2
506 674 2
506 1461 2
506 1757 2
506 1770 2
506 1420 2
506 701 2
506 881 2
506 969 2
506 1480 2
506 1119 2
506 1372 2
506 1065 2
506 517 2
507 1929 2
507 1698 2
507 1252 2
507 1214 2
507 1474 2
507 632 2
507 1084 2
507 896 2
507 1340 2
507 1842 2
507 791 2
507 1912 2
507 1973 2
507 1954 2
507 1949 2
507 1887 2
507 1873 2
507 788 2
508 1230 2
508 840 2
508 1044 2
508 1007 2
508 1254 2
508 1056 2
508 1452 2
508 1115 2
508 1003 2
508 1076 2
508 1677 2
508 1959 2
508 1131 2
509 1630 2
509 1427 2
509 944 2
509 1938 2
509 546 2
509 1978 2
509 1097 2
509 1709 2
509 1999 2
509 922 2
509 1652 2
510 1485 2
510 1954 2
510 606 2
510 1927 2
510 1960 2
510 1296 2
510 1945 2
510 768 2
510 1878 2
510 634 2
510 1382 2
510 755 2
510 547 2
510 647 2
510 839 2
510 1993 2
511 1317 2
511 1362 2
511 915 2
511 1134 2
511 1922 2
511 1556 2
511 1623 2
511 1496 2
511 1342 2
511 1978 2
511 1300 2
511 1021 2
511 1423 2
511 868 2
511 1183 2
511 813 2
511 1467 2
511 1406 2
511 1824 2
511 792 2
511 1835 2
511 902 2
511 1724 2
512 992 2
512 1708 2
512 842 2
512 798 2
512 1362 2
512 772 2
512 1042 2
512 1314 2
512 1266 2
513 894 2
513 1539 2
513 1729 2
513 1835 2
513 817 2
513 1785 2
513 1362 2
513 1286 2
513 1753 2
513 1172 2
513 527 2
513 566 2
513 1288 2
513 789 2
513 1937 2
513 1708 2
513 1710 2
513 1702 2
513 1149 2
513 1430 2
513 750 2
513 1473 2
513 868 2
514 889 2
514 827 2
514 1202 2
514 1764 2
514 1515 2
514 817 2
514 1540 2
514 937 2
514 1592 2
514 828 2
514 1430 2
514 1345 2
515 646 2
515 1387 2
515 1015 2
515 522 2
515 1976 2
515 1119 2
515 1647 2
515 1451 2
515 660 2
515 1230 2
515 641 2
515 1775 2
515 791 2
515 1357 2
515 1760 2
515 805 2
516 1823 2
516 685 2
516 904 2
516 1287 2
516 1115 2
516 889 2
516 1172 2
516 1951 2
516 1153 2
516 832 2
516 1246 2
516 958 2
517 914 2
517 1647 2
517 1114 2
517 1188 2
517 1905 2
517 1689 2
517 1742 2
517 1232 2
517 700 2
517 1052 2
517 1273 2
517 1858 2
518 1952 2
518 1912 2
518 833 2
518 1415 2
518 1977 2
518 997 2
518 1011 2
518 1397 2
518 1014 2
518 626 2
518 616 2
519 976 2
519 1277 2
519 721 2
519 778 2
519 1003 2
519 1707 2
519 1557 2
519 921 2
519 1948 2
519 1390 2
519 1192 2
520 1429 2
520 1379 2
520 1253 2
520 1294 2
520 1510 2
520 1651 2
520 1054 2
520 1753 2
520 1029 2
520 915 2
521 1667 2
521 696 2
521 1596 2
521 1313 2
521 603 2
521 1280 2
521 658 2
521 1734 2
521 1569 2
521 1298 2
521 1532 2
521 1516 2
521 887 2
521 1135 2
521 598 2
521 1120 2
522 1009 2
522 1629 2
522 1715 2
522 558 2
522 694 2
522 828 2
522 1527 2
522 812 2
522 721 2
522 931 2
522 1090 2
522 1638 2
522 797 2
522 643 2
523 1155 2
523 1157 2
523 665 2
523 1074 2
523 1080 2
523 887 2
523 906 2
523 705 2
523 1933 2
523 1012 2
523 970 2
523 1273 2
523 1680 2
523 993 2
523 1373 2
523 622 2
523 1529 2
523 1396 2
523 1784 2
524 1801 2
524 950 2
524 1698 2
524 969 2
524 585 2
524 1525 2
524 1072 2
524 541 2
524 965 2
524 753 2
524 1572 2
524 933 2
524 962 2
524 967 2
525 1341 2
525 1135 2
525 642 2
525 1424 2
525 1810 2
525 937 2
525 1143 2
525 858 2
525 1147 2
525 1982 2
525 1384 2
526 600 2
526 1540 2
526 819 2
526 702 2
526 1319 2
526 814 2
526 665 2
526 1995 2
526 565 2
526 882 2
526 573 2
527 1209 2
527 766 2
527 584 2
527 710 2
527 530 2
527 1877 2
527 1239 2
527 1135 2
527 1707 2
527 1869 2
527 1182 2
527 726 2
527 1616 2
527 928 2
527 1084 2
527 1059 2
527 1829 2
528 1529 2
528 1157 2
528 1259 2
528 1512 2
528 1374 2
528 1114 2
529 1220 2
529 1497 2
529 1557 2
529 1146 2
529 764 2
529 1640 2
529 710 2
529 1175 2
529 1456 2
529 1619 2
529 1333 2
529 927 2
529 1286 2
529 1634 2
529 1213 2
529 790 2
529 1049 2
530 621 2
530 1225 2
530 1237 2
530 995 2
530 1493 2
530 1465 2
530 1119 2
530 1362 2
530 772 2
530 1826 2
531 885 2
531 1907 2
531 1284 2
531 611 2
531 653 2
531 1727 2
531 656 2
531 668 2
531 1149 2
531 803 2
531 1365 2
531 819 2
531 1826 2
531 1887 2
531 1871 2
531 1625 2
531 538 2
531 1594 2
532 1780 2
532 1645 2
532 1068 2
532 797 2
532 1867 2
532 1429 2
532 1342 2
532 1311 2
532 1855 2
532 993 2
532 1789 2
532 593 2
532 1209 2
532 813 2
532 1109 2
532 981 2
532 689 2
533 801 2
533 1542 2
533 816 2
533 1332 2
533 1195 2
533 1528 2
533 1870 2
533 852 2
533 1100 2
533 1682 2
533 1143 2
533 1200 2
533 1418 2
533 1615 2
533 1435 2
533 1810 2
533 1017 2
534 1369 2
534 1817 2
534 717 2
534 776 2
534 782 2
534 873 2
534 1494 2
534 1529 2
534 1699 2
534 1040 2
534 844 2
534 932 2
534 1141 2
534 1224 2
534 1180 2
534 711 2
534 1966 2
534 1010 2
535 1797 2
535 1389 2
535 1073 2
535 1700 2
535 1822 2
535 1636 2
535 1971 2
535 1964 2
535 1502 2
535 610 2
535 1334 2
535 1603 2
536 1434 2
536 1292 2
536 1503 2
536 1243 2
536 710 2
536 1044 2
536 1488 2
536 1087 2
536 995 2
536 1990 2
536 1701 2
536 1364 2
536 1630 2
536 963 2
536 1758 2
536 1837 2
536 1690 2
536 827 2
536 1477 2
536 1868 2
537 824 2
537 1194 2
537 1389 2
537 1401 2
537 1686 2
537 1917 2
537 1666 2
537 1887 2
537 1673 2
537 845 2
537 1308 2
537 981 2
537 1397 2
537 749 2
538 1100 2
538 1315 2
538 1767 2
538 1609 2
538 745 2
538 1495 2
538 1286 2
538 1874 2
538 1741 2
538 854 2
538 869 2
538 1954 2
538 1958 2
538 837 2
539 700 2
539 952 2
539 1027 2
539 1074 2
539 1421 2
539 1740 2
539 1017 2
539 1833 2
539 1495 2
539 1795 2
539 599 2
539 1561 2
539 1955 2
539 1591 2
540 826 2
540 1645 2
540 705 2
540 785 2
540 1480 2
540 1214 2
540 702 2
540 1582 2
540 1952 2
540 777 2
540 1173 2
540 1773 2
540 1280 2
540 1091 2
540 613 2
541 1867 2
541 768 2
541 878 2
541 1778 2
541 1916 2
541 1533 2
541 658 2
542 796 2
542 588 2
542 1313 2
542 1239 2
542 776 2
542 810 2
542 955 2
542 1112 2
542 1036 2
542 1404 2
542 1415 2
542 1344 2
543 1885 2
543 687 2
543 612 2
543 1893 2
543 1264 2
543 1248 2
543 844 2
543 1234 2
543 942 2
543 924 2
543 622 2
543 1145 2
543 772 2
543 1894 2
543 719 2
543 1381 2
543 1684 2
543 1886 2
544 1112 2
544 736 2
544 1035 2
544 928 2
544 1143 2
544 1321 2
544 995 2
544 1711 2
544 1388 2
544 684 2
544 1752 2
544 1036 2
544 936 2
544 1518 2
545 1758 2
545 731 2
545 1299 2
545 1644 2
545 894 2
545 1677 2
545 1577 2
545 1587 2
545 850 2
545 765 2
545 1136 2
545 1236 2
545 1652 2
545 910 2
546 948 2
546 1593 2
546 766 2
546 1568 2
546 1784 2
546 1899 2
546 1328 2
546 1767 2
546 982 2
546 865 2
546 919 2
546 1726 2
546 1557 2
547 1413 2
547 557 2
547 1053 2
547 1082 2
547 811 2
547 879 2
547 1177 2
547 1720 2
547 1270 2
547 1721 2
547 1090 2
547 690 2
547 909 2
548 1873 2
548 593 2
548 713 2
548 1683 2
548 943 2
548 1429 2
548 1943 2
548 888 2
548 564 2
548 1670 2
548 637 2
548 1345 2
548 709 2
549 606 2
549 916 2
549 685 2
549 1803 2
549 1690 2
549 1911 2
549 816 2
549 874 2
550 1042 2
550 758 2
550 1732 2
550 912 2
550 1779 2
550 863 2
550 1245 2
550 1996 2
550 1947 2
550 1194 2
550 1049 2
550 901 2
550 1342 2
550 1717 2
550 617 2
550 1158 2
550 1767 2
550 748 2
550 1672 2
550 1110 2
550 1168 2
551 1678 2
551 691 2
551 1330 2
551 1133 2
551 1723 2
551 904 2
551 1417 2
551 1344 2
551 1924 2
551 1122 2
551 1880 2
551 1682 2
551 611 2
551 1932 2
551 1428 2
551 785 2
551 862 2
551 1178 2
551 561 2
551 1905 2
551 1044 2
551 1536 2
552 999 2
552 1134 2
552 1185 2
552 1882 2
552 1238 2
552 730 2
552 1922 2
552 1960 2
552 834 2
552 1260 2
552 1571 2
552 1508 2
552 1467 2
552 885 2
553 954 2
553 831 2
553 1058 2
553 1963 2
553 1522 2
553 1581 2
553 739 2
553 1530 2
553 1080 2
553 779 2
553 874 2
553 1262 2
553 1096 2
553 910 2
553 1044 2
553 1264 2
553 1087 2
553 940 2
554 1475 2
554 1227 2
554 1801 2
554 1232 2
554 1788 2
554 1875 2
554 1139 2
554 1188 2
554 1835 2
554 1987 2
554 961 2
554 1929 2
554 1818 2
554 1201 2
554 967 2
554 781 2
554 970 2
555 1631 2
555 795 2
555 850 2
555 1359 2
555 1394 2
555 969 2
555 1051 2
555 1561 2
555 1973 2
555 1657 2
555 1896 2
555 946 2
555 1563 2
555 1964 2
555 1860 2
556 1237 2
556 583 2
556 1758 2
556 1933 2
556 1677 2
556 591 2
556 706 2
556 898 2
556 956 2
556 1407 2
556 1916 2
556 1796 2
556 1182 2
556 1098 2
556 1004 2
556 1588 2
557 819 2
557 1731 2
557 1394 2
557 917 2
557 1672 2
557 662 2
557 607 2
557 936 2
557 780 2
557 849 2
557 1650 2
558 1777 2
558 1211 2
558 764 2
558 1462 2
558 1259 2
558 1509 2
558 1374 2
558 1721 2
558 1929 2
558 581 2
558 1156 2
558 1783 2
558 975 2
558 1883 2
558 1794 2
558 926 2
559 1504 2
559 1822 2
559 742 2
559 1358 2
559 780 2
559 618 2
559 1565 2
559 1357 2
559 691 2
559 1834 2
559 1422 2
559 873 2
559 1610 2
559 1876 2
559 1400 2
559 775 2
559 798 2
559 1724 2
559 1545 2
559 845 2
560 1637 2
560 764 2
560 1929 2
560 643 2
560 1941 2
560 777 2
560 1672 2
560 671 2
560 820 2
560 1958 2
560 1580 2
560 1557 2
560 858 2
560 847 2
560 1703 2
560 1788 2
560 598 2
561 641 2
561 1029 2
561 632 2
561 1013 2
561 1746 2
561 1907 2
561 1760 2
561 962 2
561 1307 2
561 1628 2
561 1269 2
561 1965 2
562 838 2
562 1590 2
562 931 2
562 792 2
562 1347 2
562 1960 2
562 785 2
562 1901 2
563 1791 2
563 909 2
563 637 2
563 1140 2
563 695 2
563 677 2
563 1997 2
563 1277 2
563 587 2
564 1284 2
564 1337 2
564 1352 2
564 912 2
564 1139 2
564 1844 2
564 1078 2
564 596 2
565 889 2
565 819 2
565 1228 2
565 1466 2
565 1398 2
565 843 2
565 1538 2
565 1170 2
565 633 2
565 1628 2
566 577 2
566 1662 2
566 1551 2
566 937 2
566 1187 2
566 1799 2
566 1563 2
566 1210 2
566 1474 2
566 933 2
566 909 2
566 1418 2
566 1851 2
566 681 2
567 602 2
567 840 2
567 1214 2
567 1460 2
567 709 2
567 929 2
567 810 2
567 1306 2
567 1701 2
567 1715 2
567 1645 2
567 1986 2
567 1212 2
567 1290 2
568 1809 2
568 1639 2
568 734 2
568 773 2
568 1620 2
568 1089 2
568 1060 2
568 1743 2
568 1213 2
568 1983 2
568 1055 2
568 1602 2
568 1843 2
568 1163 2
568 1430 2
568 1708 2
568 1332 2
568 1294 2
568 1543 2
568 1630 2
569 1177 2
569 687 2
569 1716 2
569 1387 2
569 585 2
569 1037 2
569 1787 2
569 1973 2
569 1928 2
569 927 2
569 1438 2
569 1127 2
569 1265 2
569 836 2
569 1067 2
569 865 2
570 1034 2
570 991 2
570 1730 2
570 1024 2
570 1629 2
570 960 2
570 1235 2
570 1360 2
570 1909 2
570 750 2
570 1267 2
570 1470 2
570 1859 2
571 1182 2
571 871 2
571 1646 2
571 697 2
571 1528 2
571 1613 2
571 1504 2
571 624 2
571 803 2
571 1322 2
571 1238 2
571 937 2
572 1214 2
572 969 2
572 1014 2
572 978 2
572 1830 2
572 1748 2
572 1117 2
572 767 2
572 1542 2
572 651 2
572 1355 2
572 1717 2
572 983 2
572 1577 2
572 1374 2
572 1025 2
572 1019 2
573 657 2
573 1629 2
573 1498 2
573 1936 2
573 1514 2
573 1879 2
573 915 2
573 1173 2
573 829 2
573 1965 2
573 1773 2
574 853 2
574 1918 2
574 616 2
574 1792 2
574 1375 2
574 1338 2
574 796 2
574 1999 2
574 1236 2
574 665 2
574 757 2
574 656 2
575 1767 2
575 1148 2
575 711 2
575 1582 2
575 1933 2
575 1894 2
575 728 2
575 629 2
575 1191 2
576 1921 2
576 717 2
576 1477 2
576 684 2
576 1257 2
576 1234 2
576 965 2
576 1681 2
576 1498 2
576 583 2
576 1798 2
576 772 2
576 1749 2
576 1343 2
576 1983 2
576 1117 2
576 850 2
576 1910 2
576 1677 2
577 689 2
577 1987 2
577 807 2
577 637 2
577 1423 2
577 1812 2
577 1744 2
577 1455 2
577 1709 2
577 1737 2
577 1653 2
577 1044 2
578 860 2
578 1734 2
578 663 2
578 881 2
578 904 2
578 646 2
578 832 2
578 1127 2
578 1204 2
578 1103 2
578 859 2
578 1966 2
578 1700 2
578 1667 2
578 1300 2
579 805 2
579 1099 2
579 1952 2
579 659 2
579 1199 2
579 861 2
579 1444 2
579 1013 2
579 720 2
579 763 2
579 1693 2
579 1963 2
579 596 2
579 722 2
579 1299 2
579 754 2
579 1402 2
580 830 2
580 693 2
580 1691 2
580 1320 2
580 1218 2
580 1157 2
580 1448 2
580 1307 2
580 1495 2
580 1497 2
580 1432 2
580 1295 2
580 586 2
580 1888 2
580 1435 2
580 1484 2
581 1234 2
581 1376 2
581 1266 2
581 606 2
581 1882 2
581 1731 2
581 1149 2
581 1548 2
581 1311 2
581 1998 2
581 891 2
581 1482 2
581 1947 2
581 976 2
582 1495 2
582 1244 2
582 708 2
582 1465 2
582 705 2
582 655 2
582 1921 2
582 1755 2
582 1890 2
582 1731 2
582 681 2
583 1364 2
583 1714 2
583 709 2
583 1688 2
583 607 2
583 663 2
583 770 2
583 1847 2
583 1233 2
583 1275 2
584 1728 2
584 627 2
584 688 2
584 1504 2
584 1011 2
584 1042 2
584 1418 2
584 770 2
584 1861 2
584 1342 2
584 1795 2
585 1777 2
585 673 2
585 1681 2
585 1081 2
585 1120 2
585 1003 2
585 1135 2
585 698 2
586 1796 2
586 1369 2
586 1212 2
586 1570 2
586 881 2
586 1778 2
586 947 2
586 1204 2
586 1559 2
586 1031 2
587 1988 2
587 1948 2
587 1963 2
587 1465 2
587 1447 2
587 1312 2
587 1620 2
587 1021 2
587 1669 2
588 1604 2
588 1648 2
588 1415 2
588 1510 2
588 1126 2
588 660 2
588 1580 2
588 1216 2
588 895 2
588 1305 2
588 1792 2
588 892 2
588 628 2
588 1453 2
588 1567 2
588 857 2
588 1757 2
588 633 2
588 1290 2
588 1499 2
589 1034 2
589 1335 2
589 764 2
589 736 2
589 772 2
589 867 2
589 1712 2
589 931 2
589 1763 2
589 1924 2
589 961 2
589 853 2
589 1845 2
589 1351 2
590 1308 2
590 1700 2
590 634 2
590 1957 2
590 1530 2
590 1054 2
590 1007 2
590 1622 2
590 1772 2
590 1124 2
590 1419 2
590 1868 2
590 1020 2
590 1331 2
590 794 2
590 1803 2
590 917 2
590 1619 2
590 1987 2
590 763 2
591 1964 2
591 914 2
591 1230 2
591 1199 2
591 1788 2
591 714 2
591 1586 2
591 1709 2
591 1799 2
591 1038 2
591 1610 2
591 897 2
592 987 2
592 1666 2
592 1326 2
592 765 2
592 1255 2
592 716 2
592 1513 2
592 1201 2
592 640 2
592 1101 2
592 738 2
592 962 2
592 1414 2
593 797 2
593 758 2
593 1883 2
593 1421 2
593 904 2
593 1202 2
593 595 2
593 1567 2
593 783 2
593 1146 2
593 1109 2
593 752 2
593 732 2
593 1693 2
593 686 2
593 1835 2
593 1442 2
593 845 2
594 1076 2
594 1226 2
594 1359 2
594 1487 2
594 1225 2
594 1575 2
594 806 2
594 615 2
594 996 2
594 1566 2
594 1022 2
594 1647 2
594 1284 2
594 891 2
594 1719 2
595 1883 2
595 1913 2
595 679 2
595 1441 2
595 836 2
595 847 2
595 1914 2
595 805 2
595 774 2
595 1404 2
595 627 2
595 1550 2
595 1102 2
595 896 2
595 1739 2
596 839 2
596 1902 2
596 1494 2
596 1184 2
596 1014 2
596 725 2
596 904 2
596 1320 2
596 729 2
596 999 2
596 703 2
596 1807 2
596 667 2
597 1626 2
597 1055 2
597 1539 2
597 616 2
597 1018 2
597 947 2
597 1902 2
597 1503 2
597 1038 2
597 1077 2
597 1959 2
597 1651 2
598 1419 2
598 1369 2
598 676 2
598 1250 2
598 1857 2
598 861 2
598 1340 2
598 1987 2
598 1761 2
598 1867 2
598 714 2
598 1726 2
598 1087 2
598 1593 2
598 1864 2
598 713 2
598 600 2
598 1834 2
599 1942 2
599 1354 2
599 1951 2
599 1366 2
599 719 2
599 1456 2
599 1556 2
599 1437 2
599 1048 2
599 1612 2
599 1291 2
600 1245 2
600 1912 2
600 1328 2
600 622 2
600 1042 2
600 1782 2
600 890 2
600 1745 2
600 1527 2
601 1559 2
601 1991 2
601 783 2
601 1473 2
601 1859 2
601 1534 2
601 1181 2
601 968 2
601 1625 2
601 1031 2
601 850 2
601 1191 2
601 893 2
601 1301 2
601 757 2
601 1458 2
602 1883 2
602 1846 2
602 1650 2
602 1302 2
602 865 2
602 1166 2
602 664 2
602 887 2
602 1491 2
602 833 2
602 917 2
602 1061 2
602 1556 2
603 694 2
603 677 2
603 1584 2
603 1335 2
603 1435 2
603 899 2
603 1559 2
603 846 2
603 1750 2
603 630 2
603 888 2
603 855 2
603 1652 2
603 1260 2
604 1789 2
604 1914 2
604 1192 2
604 1640 2
604 1283 2
604 1491 2
604 1466 2
604 1696 2
604 1520 2
604 1745 2
604 1858 2
604 1028 2
604 1817 2
604 1350 2
605 1571 2
605 1932 2
605 991 2
605 1321 2
605 1461 2
605 1772 2
605 725 2
605 1493 2
605 1473 2
605 1710 2
605 1707 2
605 1129 2
605 1495 2
605 719 2
605 1037 2
605 1873 2
605 1150 2
605 969 2
605 1517 2
606 1374 2
606 903 2
606 1617 2
606 745 2
606 1856 2
606 1418 2
606 1338 2
606 948 2
606 795 2
606 1295 2
606 1500 2
606 826 2
606 1909 2
606 1609 2
607 1748 2
607 1507 2
607 1274 2
607 744 2
607 1978 2
607 1638 2
607 1088 2
607 1043 2
607 856 2
608 1688 2
608 1480 2
608 1410 2
608 1165 2
608 1104 2
609 1228 2
609 1995 2
609 1720 2
609 1930 2
609 639 2
609 826 2
609 715 2
609 1368 2
609 1631 2
609 1234 2
609 1411 2
609 1684 2
609 1355 2
609 1965 2
610 1493 2
610 1594 2
610 1398 2
610 1713 2
610 1457 2
610 1629 2
610 688 2
610 1119 2
610 679 2
610 1438 2
610 1253 2
610 1341 2
610 869 2
611 1403 2
611 1882 2
611 1105 2
611 1030 2
611 1904 2
611 1361 2
611 1647 2
611 1574 2
611 1177 2
611 1517 2
611 1524 2
612 1203 2
612 1714 2
612 1550 2
612 1673 2
612 1314 2
612 1700 2
612 1646 2
612 1526 2
612 801 2
612 1569 2
613 1947 2
613 742 2
613 1892 2
613 1521 2
613 1617 2
613 1630 2
613 1859 2
613 903 2
613 975 2
613 1884 2
613 1858 2
613 820 2
613 737 2
613 1640 2
613 1627 2
613 833 2
613 751 2
613 1268 2
614 1726 2
614 1819 2
614 1981 2
614 1711 2
614 1179 2
614 697 2
614 1288 2
614 1937 2
614 1623 2
614 1361 2
614 1638 2
614 1088 2
614 1941 2
615 1332 2
615 923 2
615 1618 2
615 661 2
615 1462 2
615 893 2
615 1690 2
615 1599 2
615 1432 2
615 885 2
615 1288 2
615 784 2
615 1911 2
615 769 2
615 831 2
615 1492 2
616 826 2
616 1631 2
616 1952 2
616 1694 2
616 990 2
616 1907 2
616 921 2
616 1279 2
616 1652 2
616 1614 2
616 1293 2
616 760 2
616 1658 2
616 1895 2
617 1566 2
617 1264 2
617 1888 2
617 872 2
617 1478 2
617 1911 2
617 785 2
617 1184 2
617 738 2
618 1427 2
618 626 2
618 1752 2
618 1889 2
618 1858 2
618 747 2
618 1945 2
618 822 2
618 1247 2
618 1827 2
619 750 2
619 1044 2
619 1389 2
619 1748 2
619 1421 2
619 1182 2
619 1087 2
619 894 2
619 1780 2
619 1407 2
619 1766 2
619 1343 2
619 1119 2
619 1514 2
619 1789 2
619 1898 2
619 660 2
619 1563 2
619 1112 2
620 1213 2
620 1798 2
620 1361 2
620 1342 2
620 1136 2
620 1569 2
620 1754 2
620 1532 2
620 936 2
620 991 2
620 1224 2
621 1947 2
621 1543 2
621 764 2
621 1505 2
621 1536 2
621 845 2
621 780 2
622 1116 2
622 1817 2
622 1544 2
622 1705 2
622 896 2
622 1161 2
622 1718 2
622 998 2
622 1765 2
622 1574 2
622 1349 2
622 768 2
622 1360 2
622 958 2
623 776 2
623 850 2
623 766 2
623 765 2
623 1051 2
623 1020 2
623 1776 2
623 749 2
623 1961 2
623 1237 2
623 1524 2
623 990 2
623 1282 2
623 1160 2
624 948 2
624 1536 2
624 1460 2
624 1761 2
624 667 2
624 1255 2
624 849 2
624 1362 2
624 850 2
625 1745 2
625 1658 2
625 959 2
625 1579 2
625 1844 2
625 770 2
625 1419 2
625 773 2
625 1065 2
625 652 2
625 795 2
625 1703 2
625 808 2
625 1912 2
625 1097 2
625 1082 2
626 1158 2
626 1896 2
626 1959 2
626 1889 2
626 1839 2
626 1680 2
626 1009 2
626 1811 2
626 1186 2
626 652 2
626 1808 2
626 1102 2
626 1467 2
626 1065 2
626 1189 2
627 1764 2
627 1984 2
627 757 2
627 1112 2
627 1572 2
627 1931 2
627 1029 2
627 791 2
627 747 2
627 1644 2
627 1785 2
627 926 2
627 1872 2
628 1725 2
628 1884 2
628 687 2
628 880 2
628 650 2
628 1072 2
628 694 2
628 764 2
629 1318 2
629 1352 2
629 683 2
629 763 2
629 1953 2
629 1074 2
629 903 2
629 1299 2
629 1342 2
629 754 2
629 1044 2
629 1202 2
629 1913 2
630 1183 2
630 1386 2
630 740 2
630 1440 2
630 1053 2
630 1454 2
630 1526 2
630 1876 2
630 1632 2
630 1210 2
630 1775 2
630 1421 2
630 967 2
630 1252 2
630 1057 2
630 820 2
630 1335 2
630 1978 2
630 1105 2
631 686 2
631 1193 2
631 1234 2
631 1782 2
631 1903 2
631 1011 2
631 1857 2
631 764 2
631 1177 2
631 688 2
632 1694 2
632 1365 2
632 895 2
632 1831 2
632 1852 2
632 1408 2
632 1446 2
632 870 2
632 1283 2
632 1879 2
632 1234 2
632 1295 2
633 1755 2
633 1396 2
633 1323 2
633 1440 2
633 1896 2
633 813 2
633 872 2
633 1174 2
633 923 2
633 1656 2
633 1438 2
633 1827 2
633 1980 2
634 1782 2
634 1687 2
634 813 2
634 1092 2
634 1823 2
634 1780 2
634 1248 2
634 1722 2
634 821 2
634 905 2
634 1764 2
635 1481 2
635 1853 2
635 1498 2
635 918 2
635 705 2
635 1701 2
635 1839 2
635 1173 2
635 715 2
635 1318 2
635 1504 2
636 1944 2
636 996 2
636 841 2
636 763 2
636 1063 2
636 1578 2
636 1279 2
636 923 2
636 1636 2
636 1331 2
636 812 2
636 1999 2
636 1487 2
636 1931 2
636 986 2
636 900 2
637 1791 2
637 1024 2
637 659 2
637 1914 2
637 642 2
637 1837 2
637 672 2
637 769 2
637 738 2
637 1857 2
637 1716 2
637 994 2
637 1197 2
637 1938 2
637 1985 2
638 1563 2
638 1793 2
638 1290 2
638 961 2
638 1920 2
638 1626 2
638 1906 2
638 1329 2
638 1317 2
638 1618 2
639 1928 2
639 1327 2
639 1936 2
639 1035 2
639 1354 2
639 799 2
639 963 2
639 1573 2
639 1479 2
639 1403 2
639 1670 2
640 1068 2
640 1539 2
640 1908 2
640 1178 2
640 1186 2
640 720 2
640 1451 2
640 777 2
640 1249 2
640 900 2
640 965 2
640 803 2
640 1593 2
640 1007 2
640 1029 2
640 1424 2
641 1728 2
641 805 2
641 780 2
641 1526 2
641 1819 2
641 1881 2
641 1334 2
641 816 2
641 1759 2
641 1937 2
641 1358 2
641 1045 2
641 1668 2
641 1616 2
641 948 2
642 858 2
642 1117 2
642 1719 2
642 1442 2
642 1657 2
642 1888 2
642 1493 2
642 1649 2
642 1169 2
642 1918 2
642 1789 2
642 1978 2
642 1801 2
642 1946 2
643 1551 2
643 851 2
643 828 2
643 1375 2
643 902 2
643 1931 2
643 1804 2
643 1397 2
643 1807 2
643 655 2
643 945 2
643 1095 2
643 1620 2
643 1413 2
643 755 2
644 1985 2
644 1100 2
644 672 2
644 692 2
644 1035 2
644 1517 2
644 1586 2
644 1809 2
644 837 2
644 1944 2
644 1956 2
644 1223 2
644 1694 2
645 1593 2
645 1665 2
645 775 2
645 1183 2
645 1645 2
645 1691 2
645 1413 2
645 1679 2
645 994 2
645 1942 2
645 1215 2
645 674 2
645 1305 2
645 1729 2
645 1071 2
645 1070 2
645 773 2
645 1496 2
645 1181 2
645 1930 2
645 1421 2
646 1587 2
646 1369 2
646 1973 2
646 1911 2
646 847 2
646 1883 2
646 1654 2
646 980 2
646 1086 2
646 1459 2
646 1688 2
646 1303 2
646 1403 2
647 686 2
647 1014 2
647 1577 2
647 1644 2
647 826 2
647 1680 2
647 1565 2
647 1502 2
647 1579 2
647 1929 2
648 1229 2
648 1479 2
648 1996 2
648 1238 2
648 677 2
648 1762 2
648 1791 2
648 1681 2
648 1836 2
649 940 2
649 815 2
649 1247 2
649 1961 2
649 681 2
649 831 2
649 1418 2
649 689 2
649 1845 2
649 1302 2
649 1681 2
649 1712 2
649 1160 2
649 1888 2
649 1960 2
649 687 2
649 1145 2
649 1250 2
649 704 2
649 1563 2
650 1852 2
650 1035 2
650 1599 2
650 1592 2
650 1392 2
650 1323 2
650 1535 2
650 1052 2
650 1322 2
650 1266 2
650 1087 2
651 1729 2
651 738 2
651 1534 2
651 1880 2
651 967 2
651 982 2
651 924 2
651 1952 2
651 1353 2
651 742 2
651 877 2
651 1982 2
651 1551 2
651 1672 2
652 1077 2
652 1594 2
652 906 2
652 1493 2
652 987 2
652 1596 2
652 1727 2
652 1707 2
652 1543 2
652 1223 2
652 1512 2
652 1209 2
652 1304 2
652 1244 2
652 885 2
652 1996 2
653 1619 2
653 1088 2
653 1705 2
653 1059 2
653 774 2
653 1505 2
653 778 2
653 1050 2
653 1779 2
653 793 2
653 1951 2
653 819 2
653 996 2
654 1645 2
654 845 2
654 862 2
654 942 2
654 1958 2
654 1640 2
654 1790 2
654 1173 2
654 1219 2
654 1042 2
654 918 2
654 879 2
654 1276 2
655 1701 2
655 1381 2
655 1137 2
655 1348 2
655 1112 2
655 678 2
655 1345 2
655 1068 2
655 788 2
655 1374 2
655 1856 2
655 1216 2
655 846 2
656 1348 2
656 1520 2
656 1155 2
656 1558 2
656 1889 2
656 1564 2
656 1786 2
656 1710 2
656 1191 2
656 1192 2
656 1406 2
656 982 2
656 1484 2
656 1115 2
656 1165 2
656 1239 2
656 1450 2
656 1163 2
656 1835 2
656 1415 2
657 1220 2
657 817 2
657 1059 2
657 1680 2
657 1541 2
657 1677 2
657 1117 2
657 1004 2
657 1444 2
657 679 2
657 990 2
657 1017 2
657 666 2
657 1771 2
657 1443 2
657 1379 2
657 887 2
657 1510 2
658 745 2
658 1373 2
658 1498 2
658 1269 2
658 1964 2
658 1343 2
659 1226 2
659 952 2
659 1457 2
659 706 2
659 732 2
659 1868 2
659 1255 2
659 809 2
659 750 2
659 1562 2
659 1392 2
660 949 2
660 1934 2
660 1013 2
660 729 2
660 1658 2
660 1240 2
660 837 2
660 1583 2
660 885 2
661 1771 2
661 1651 2
661 1192 2
661 900 2
661 1640 2
661 1182 2
661 1481 2
661 1079 2
661 1850 2
661 1978 2
661 1617 2
661 1098 2
661 733 2
661 700 2
661 755 2
662 1486 2
662 1602 2
662 1284 2
662 768 2
662 1636 2
662 1145 2
662 1056 2
662 1080 2
662 907 2
662 709 2
662 1646 2
663 1020 2
663 1861 2
663 1257 2
663 1928 2
663 1332 2
663 1143 2
663 1552 2
663 1211 2
663 1633 2
663 1141 2
663 1080 2
663 803 2
663 883 2
663 1024 2
663 1178 2
663 1678 2
663 1499 2
664 1649 2
664 1758 2
664 1177 2
664 1945 2
664 1636 2
664 1109 2
664 1967 2
664 1970 2
665 1896 2
665 800 2
665 857 2
665 1713 2
665 1699 2
665 1761 2
665 1590 2
665 987 2
665 1802 2
665 967 2
665 1183 2
665 1136 2
665 957 2
666 866 2
666 977 2
666 678 2
666 1453 2
666 740 2
666 1339 2
666 1685 2
666 939 2
666 1112 2
666 1116 2
666 1366 2
666 1166 2
666 1159 2
666 1057 2
666 871 2
666 1669 2
666 1761 2
667 1495 2
667 1369 2
667 1131 2
667 1124 2
667 726 2
667 1944 2
667 1000 2
667 1488 2
667 1643 2
667 923 2
667 1069 2
668 1849 2
668 1728 2
668 1895 2
668 1503 2
668 1352 2
668 685 2
668 938 2
668 1351 2
668 1936 2
668 1891 2
668 953 2
668 1487 2
668 1820 2
668 979 2
669 1652 2
669 693 2
669 1679 2
669 1167 2
669 1746 2
669 1961 2
669 1355 2
669 1758 2
669 1963 2
669 1380 2
669 905 2
669 1353 2
669 1011 2
669 1575 2
669 1028 2
670 1077 2
670 1258 2
670 1019 2
670 1383 2
670 1945 2
670 1061 2
670 1404 2
670 925 2
670 1606 2
670 1035 2
670 855 2
670 830 2
671 1006 2
671 1912 2
671 1866 2
671 805 2
671 1514 2
671 1146 2
671 1056 2
671 1965 2
671 1907 2
671 1093 2
671 1061 2
671 1073 2
671 1922 2
671 1993 2
671 1664 2
671 1705 2
671 1976 2
672 1998 2
672 1147 2
672 1641 2
672 1860 2
672 841 2
672 939 2
672 684 2
672 1733 2
672 1505 2
672 1171 2
672 1054 2
672 1042 2
672 824 2
672 1329 2
672 789 2
672 1346 2
672 1934 2
672 1589 2
673 1922 2
673 1346 2
673 864 2
673 1664 2
673 1685 2
673 1422 2
673 1365 2
673 1879 2
673 1948 2
673 1820 2
673 1282 2
673 1218 2
674 1960 2
674 877 2
674 1020 2
674 1679 2
674 1085 2
674 1075 2
674 680 2
674 1277 2
674 1536 2
675 1661 2
675 710 2
675 1387 2
675 1055 2
675 1718 2
675 1887 2
675 879 2
675 1722 2
675 755 2
675 1198 2
675 1569 2
675 1550 2
675 1252 2
675 1141 2
675 693 2
675 1410 2
676 1369 2
676 1496 2
676 1177 2
676 764 2
676 1073 2
676 700 2
677 1026 2
677 1995 2
677 697 2
677 1644 2
677 1701 2
677 1172 2
677 1842 2
677 1159 2
677 1190 2
677 1463 2
677 1186 2
677 1616 2
677 957 2
678 1536 2
678 862 2
678 1065 2
678 741 2
678 1833 2
678 1061 2
678 1088 2
678 1689 2
678 1053 2
678 1826 2
678 1968 2
678 1864 2
679 1737 2
679 914 2
679 919 2
679 1469 2
679 1584 2
679 709 2
679 1541 2
679 1560 2
680 1748 2
680 1255 2
680 1230 2
680 1899 2
680 842 2
680 848 2
680 1576 2
680 716 2
680 1279 2
680 1978 2
680 1772 2
681 1642 2
681 1656 2
681 758 2
681 1762 2
681 1987 2
681 1872 2
681 1088 2
681 699 2
681 958 2
681 1476 2
682 1761 2
682 1982 2
682 1506 2
682 1511 2
682 1394 2
682 889 2
682 744 2
682 1870 2
682 1351 2
682 1868 2
682 1879 2
682 930 2
682 1827 2
683 1340 2
683 1426 2
683 1580 2
683 1623 2
683 1362 2
683 1905 2
683 1909 2
683 779 2
683 960 2
683 1307 2
683 1799 2
683 1860 2
683 1740 2
683 1286 2
684 1160 2
684 1105 2
684 1725 2
684 1107 2
684 1607 2
684 749 2
684 898 2
684 1552 2
684 883 2
684 1901 2
684 686 2
684 1639 2
684 1710 2
685 751 2
685 1905 2
685 998 2
685 1493 2
685 1291 2
685 1191 2
685 1718 2
685 1186 2
685 1481 2
685 1595 2
686 1464 2
686 1800 2
686 1149 2
686 1791 2
686 1279 2
686 842 2
686 700 2
686 1831 2
686 1845 2
686 1944 2
686 885 2
686 835 2
686 1742 2
687 1976 2
687 1558 2
687 956 2
687 865 2
687 1441 2
687 1349 2
687 1529 2
688 1758 2
688 697 2
688 1752 2
688 1428 2
688 1406 2
688 948 2
688 1517 2
688 701 2
688 1003 2
688 1492 2
688 1453 2
689 1315 2
689 1331 2
689 909 2
689 1115 2
689 1912 2
689 1973 2
689 1820 2
689 787 2
689 899 2
689 1132 2
689 1814 2
689 1350 2
689 1392 2
689 1915 2
689 1604 2
689 1329 2
690 1215 2
690 1619 2
690 1945 2
690 1542 2
690 1235 2
690 1777 2
690 827 2
690 1166 2
690 997 2
690 922 2
690 1837 2
690 1481 2
690 1388 2
690 1947 2
690 1256 2
690 1268 2
690 801 2
691 1191 2
691 1516 2
691 1838 2
691 1819 2
691 879 2
691 1697 2
691 1207 2
691 1034 2
691 936 2
691 844 2
691 860 2
691 1557 2
691 1213 2
691 955 2
691 1349 2
691 1271 2
691 1168 2
691 756 2
691 1972 2
691 1643 2
692 1128 2
692 1727 2
692 1390 2
692 1898 2
692 1108 2
692 803 2
692 1381 2
692 1595 2
692 1985 2
692 1406 2
693 1382 2
693 1317 2
693 1173 2
693 1689 2
693 1148 2
693 1314 2
693 1208 2
693 871 2
693 709 2
693 1931 2
693 1419 2
694 1202 2
694 1849 2
694 1857 2
694 868 2
694 1241 2
694 1809 2
694 1545 2
694 1567 2
694 1224 2
694 1123 2
694 1472 2
695 1043 2
695 1065 2
695 1944 2
695 955 2
695 1427 2
695 1349 2
695 1819 2
695 1618 2
695 1682 2
695 1235 2
695 1848 2
695 1073 2
695 1790 2
695 1632 2
695 1396 2
696 743 2
696 730 2
696 965 2
696 971 2
696 1267 2
696 1779 2
696 1827 2
696 1952 2
696 1044 2
696 757 2
696 1141 2
696 1831 2
696 1484 2
696 890 2
696 1503 2
697 739 2
697 1875 2
697 1657 2
697 1569 2
697 1056 2
697 1877 2
697 1626 2
697 933 2
697 957 2
697 1968 2
697 840 2
697 1135 2
697 815 2
697 699 2
697 1380 2
697 1534 2
697 1870 2
697 750 2
697 1874 2
697 969 2
697 1481 2
697 1414 2
698 1476 2
698 1645 2
698 1436 2
698 1563 2
698 1114 2
698 920 2
698 906 2
698 1877 2
698 872 2
698 1519 2
698 1546 2
698 1955 2
699 903 2
699 1552 2
699 1706 2
699 1064 2
699 764 2
699 710 2
699 1371 2
699 1761 2
699 1893 2
699 1347 2
699 1378 2
700 1916 2
700 1828 2
700 828 2
700 1359 2
700 1336 2
700 1173 2
700 1575 2
701 1681 2
701 1914 2
701 1830 2
701 1288 2
701 1459 2
701 1415 2
701 1359 2
701 1961 2
701 1255 2
701 1238 2
701 1075 2
701 1489 2
701 1733 2
701 1477 2
702 1613 2
702 1800 2
702 1804 2
702 1154 2
702 1057 2
702 1355 2
702 1700 2
702 1976 2
702 900 2
702 1381 2
702 1868 2
702 838 2
703 762 2
703 718 2
703 928 2
703 1267 2
703 1747 2
703 1721 2
703 1491 2
703 792 2
703 1687 2
703 1402 2
703 1999 2
704 734 2
704 1900 2
704 1802 2
704 1988 2
704 913 2
704 1092 2
704 1704 2
704 1111 2
704 843 2
704 938 2
704 738 2
704 1444 2
704 844 2
704 1016 2
704 1679 2
705 1684 2
705 1217 2
705 1415 2
705 1821 2
705 866 2
706 1804 2
706 1743 2
706 1625 2
706 1468 2
706 1755 2
706 1334 2
706 1103 2
706 1326 2
706 976 2
706 1936 2
706 899 2
707 1664 2
707 1721 2
707 1650 2
707 1043 2
707 1156 2
707 1182 2
707 1008 2
707 1252 2
707 858 2
707 1016 2
707 807 2
707 1239 2
707 955 2
708 1459 2
708 781 2
708 1915 2
708 1384 2
708 1494 2
708 917 2
708 1584 2
708 1983 2
708 1452 2
708 1951 2
708 1069 2
708 1858 2
708 1312 2
708 1581 2
708 918 2
708 906 2
709 933 2
709 1468 2
709 1541 2
709 1307 2
709 1100 2
709 912 2
709 1597 2
709 1301 2
709 753 2
709 1191 2
709 1363 2
709 888 2
709 1062 2
710 833 2
710 1399 2
710 1334 2
710 1427 2
710 1192 2
710 1249 2
710 1134 2
710 882 2
710 1223 2
710 1988 2
710 1677 2
710 907 2
710 1627 2
711 1909 2
711 861 2
711 727 2
711 752 2
711 1621 2
711 1771 2
711 1281 2
711 759 2
711 1038 2
711 1116 2
711 1930 2
711 813 2
711 1389 2
711 1947 2
712 1726 2
712 1806 2
712 1579 2
712 1514 2
712 1170 2
712 1653 2
712 1039 2
712 1222 2
712 867 2
712 1112 2
712 1285 2
712 1550 2
712 1781 2
712 1449 2
712 1524 2
713 820 2
713 1466 2
713 1525 2
713 1628 2
713 837 2
713 1576 2
713 873 2
713 1429 2
713 1549 2
714 1467 2
714 1898 2
714 832 2
714 1902 2
714 1019 2
714 1696 2
714 1863 2
714 922 2
714 762 2
714 955 2
714 1392 2
714 1954 2
714 1448 2
714 1039 2
715 1504 2
715 1525 2
715 1084 2
715 736 2
715 1466 2
715 881 2
715 1140 2
715 1564 2
715 1970 2
715 981 2
716 1229 2
716 1628 2
716 731 2
716 944 2
716 1626 2
716 1988 2
716 1830 2
716 1976 2
716 1847 2
716 1995 2
716 1517 2
716 1682 2
716 881 2
716 1635 2
716 814 2
716 1336 2
717 860 2
717 1775 2
717 947 2
717 1482 2
717 1752 2
717 1387 2
717 1631 2
717 1095 2
717 1166 2
717 1141 2
717 722 2
717 1219 2
717 1346 2
717 1057 2
717 1215 2
717 1715 2
718 1023 2
718 950 2
718 1937 2
718 1850 2
718 837 2
718 1843 2
718 1824 2
718 946 2
718 1340 2
718 1114 2
718 988 2
718 966 2
718 1626 2
719 1811 2
719 866 2
719 1958 2
719 1566 2
719 1469 2
719 1113 2
719 1431 2
719 1024 2
719 1886 2
719 1782 2
719 750 2
719 1584 2
719 1743 2
719 1951 2
719 1258 2
719 1443 2
720 1455 2
720 1696 2
720 1870 2
720 1738 2
720 1327 2
720 971 2
720 1913 2
720 1745 2
721 1746 2
721 1322 2
721 1457 2
721 1675 2
721 1092 2
721 1835 2
721 1055 2
721 1162 2
721 1932 2
721 1007 2
721 1019 2
721 1319 2
721 1772 2
722 1424 2
722 1594 2
722 1348 2
722 1188 2
722 1354 2
722 1977 2
722 1003 2
722 1787 2
722 1349 2
722 1231 2
722 1916 2
722 1014 2
722 1952 2
722 1469 2
722 1113 2
723 1621 2
723 1783 2
723 1955 2
723 1108 2
723 1609 2
723 1707 2
723 1864 2
723 899 2
723 1888 2
723 1344 2
723 1322 2
723 1191 2
723 864 2
723 1429 2
724 1485 2
724 1355 2
724 1052 2
724 1006 2
724 1467 2
724 1587 2
724 1746 2
724 1369 2
724 1846 2
724 1183 2
724 1930 2
724 1450 2
724 761 2
724 1880 2
724 1999 2
725 1164 2
725 1102 2
725 920 2
725 939 2
725 1414 2
725 1213 2
725 1873 2
725 1198 2
725 1489 2
725 927 2
725 1053 2
726 1656 2
726 1770 2
726 1785 2
726 1023 2
726 1009 2
726 1639 2
726 1970 2
726 1956 2
726 1747 2
726 1635 2
727 989 2
727 740 2
727 994 2
727 839 2
727 1363 2
727 1231 2
727 758 2
727 1660 2
727 1723 2
727 1759 2
727 1781 2
727 1820 2
728 956 2
728 1268 2
728 750 2
728 1749 2
728 1014 2
728 1605 2
729 886 2
729 1118 2
729 1107 2
729 1534 2
729 963 2
729 1643 2
729 1439 2
729 877 2
729 902 2
729 1122 2
729 1624 2
729 1795 2
729 922 2
729 858 2
729 1464 2
730 768 2
730 1872 2
730 1694 2
730 1979 2
730 1270 2
730 1842 2
730 1274 2
730 1290 2
730 833 2
730 1729 2
731 1285 2
731 1870 2
731 1881 2
731 1555 2
731 1476 2
731 1570 2
731 1305 2
731 898 2
731 840 2
731 1741 2
731 1759 2
731 854 2
731 895 2
732 1299 2
732 734 2
732 751 2
732 736 2
732 1869 2
732 1918 2
732 1031 2
732 1383 2
732 896 2
732 1714 2
732 1245 2
732 963 2
733 1147 2
733 1213 2
733 1734 2
733 1018 2
733 1698 2
733 790 2
733 1362 2
733 1466 2
733 1441 2
733 1266 2
734 1671 2
734 1023 2
734 1141 2
734 1373 2
734 1561 2
734 1942 2
734 870 2
734 1013 2
734 1176 2
734 1766 2
734 1806 2
735 1101 2
735 1213 2
735 1072 2
735 811 2
735 1361 2
735 1937 2
735 1744 2
735 1920 2
735 825 2
735 1412 2
735 1094 2
735 1403 2
736 1231 2
736 1703 2
736 1267 2
736 908 2
736 910 2
736 1839 2
736 1759 2
736 1416 2
736 1090 2
736 1612 2
736 781 2
736 1657 2
736 847 2
736 1310 2
736 1110 2
737 1548 2
737 1812 2
737 1911 2
737 1881 2
737 1857 2
737 1443 2
737 1327 2
737 1637 2
737 945 2
738 1649 2
738 1684 2
738 1474 2
738 1727 2
738 795 2
738 950 2
738 1259 2
738 1844 2
738 898 2
738 1377 2
738 1394 2
738 1960 2
738 1821 2
739 1600 2
739 1820 2
739 1557 2
739 1213 2
739 1906 2
739 1939 2
739 788 2
739 899 2
739 910 2
739 741 2
739 1257 2
739 1758 2
739 1093 2
739 1317 2
739 852 2
739 1085 2
739 1819 2
740 1735 2
740 1913 2
740 774 2
740 1772 2
740 1581 2
740 1029 2
740 837 2
740 755 2
740 1217 2
740 742 2
741 1029 2
741 1360 2
741 750 2
741 831 2
741 1151 2
741 1125 2
741 961 2
741 1231 2
741 1404 2
741 910 2
741 1608 2
741 1552 2
741 1891 2
741 1365 2
742 751 2
742 920 2
742 804 2
742 1918 2
742 1711 2
742 1718 2
742 1406 2
742 1611 2
742 1164 2
742 819 2
742 1414 2
742 1477 2
742 825 2
742 1215 2
742 1207 2
742 1384 2
742 1106 2
743 1668 2
743 1123 2
743 1775 2
743 828 2
743 1863 2
743 1434 2
743 748 2
743 1917 2
743 1658 2
743 1875 2
743 1094 2
743 1849 2
743 1617 2
743 1490 2
743 1833 2
744 1079 2
744 847 2
744 959 2
744 921 2
744 774 2
744 1377 2
744 947 2
744 1125 2
744 1307 2
744 1071 2
744 1237 2
744 1207 2
744 849 2
744 1800 2
745 1220 2
745 1910 2
745 1780 2
745 1281 2
745 1038 2
745 788 2
745 1314 2
745 802 2
745 770 2
745 1792 2
745 796 2
745 1973 2
745 785 2
746 1224 2
746 1232 2
746 1773 2
746 987 2
746 1651 2
746 1837 2
746 1257 2
746 1304 2
746 1543 2
746 1795 2
746 1910 2
746 1107 2
746 1764 2
746 1294 2
747 1357 2
747 756 2
747 840 2
747 1978 2
747 1561 2
747 887 2
747 1772 2
747 755 2
747 1930 2
747 1938 2
747 1022 2
748 1403 2
748 1416 2
748 1313 2
748 1473 2
748 1756 2
748 1423 2
748 1406 2
748 1790 2
748 1855 2
749 922 2
749 1675 2
749 913 2
749 1951 2
749 1179 2
749 1762 2
749 971 2
749 1842 2
749 1482 2
749 1816 2
749 1688 2
749 1040 2
750 1800 2
750 1246 2
750 1976 2
750 1563 2
750 777 2
750 1256 2
750 751 2
750 945 2
750 1759 2
750 1296 2
750 1519 2
750 1774 2
750 1161 2
751 1922 2
751 1270 2
751 1199 2
751 1927 2
751 1089 2
751 1332 2
751 1556 2
751 923 2
751 775 2
751 1385 2
751 1329 2
751 1282 2
751 1862 2
751 1710 2
751 1342 2
751 1491 2
751 1786 2
751 1776 2
752 983 2
752 794 2
752 1420 2
752 1161 2
752 1337 2
752 953 2
753 1554 2
753 1507 2
753 1239 2
753 1718 2
753 1094 2
753 1932 2
753 1632 2
753 1130 2
753 1829 2
753 1097 2
753 1506 2
753 1994 2
753 1083 2
753 1922 2
753 1000 2
753 1618 2
754 918 2
754 1035 2
754 1989 2
754 1345 2
754 1623 2
754 1328 2
754 1924 2
754 1237 2
754 1392 2
754 1894 2
754 1805 2
754 1409 2
754 1717 2
754 1684 2
755 1783 2
755 861 2
755 944 2
755 1117 2
755 1235 2
755 846 2
755 835 2
755 864 2
755 1046 2
755 1260 2
755 1098 2
755 1051 2
755 1392 2
755 1565 2
756 948 2
756 1595 2
756 1170 2
756 1450 2
756 1511 2
756 1919 2
756 1200 2
756 1978 2
756 1541 2
756 1536 2
756 1657 2
756 1022 2
756 1455 2
757 1141 2
757 1003 2
757 1268 2
757 1285 2
757 1597 2
757 1588 2
757 1360 2
757 1595 2
757 807 2
757 1995 2
757 758 2
758 1481 2
758 1622 2
758 1647 2
758 912 2
758 1485 2
758 1497 2
758 1136 2
758 1985 2
758 1152 2
758 1956 2
759 1899 2
759 1090 2
759 1795 2
759 1900 2
759 1273 2
759 1689 2
759 853 2
759 1544 2
759 849 2
759 1027 2
759 916 2
759 958 2
760 1574 2
760 1027 2
760 1445 2
760 1619 2
760 1826 2
760 1379 2
760 888 2
760 1538 2
760 1862 2
760 1537 2
760 1646 2
760 1051 2
760 1024 2
760 1437 2
760 1201 2
760 1882 2
761 1220 2
761 1388 2
761 1715 2
761 907 2
761 1801 2
761 1290 2
761 773 2
761 1959 2
762 865 2
762 1928 2
762 1359 2
762 1543 2
762 1755 2
762 777 2
762 1919 2
762 1115 2
762 1145 2
762 1817 2
762 1502 2
762 1430 2
762 1425 2
762 1333 2
762 1265 2
763 1193 2
763 1978 2
763 1425 2
763 1446 2
763 1067 2
763 1453 2
763 1854 2
763 1473 2
763 1199 2
763 1406 2
763 1540 2
763 1972 2
763 828 2
763 1185 2
764 1725 2
764 1795 2
764 1333 2
764 1658 2
764 1201 2
764 866 2
764 1587 2
764 879 2
765 1491 2
765 1031 2
765 1624 2
765 1590 2
765 1287 2
765 1645 2
765 1703 2
765 793 2
765 1523 2
765 1321 2
766 1226 2
766 1838 2
766 1349 2
766 1451 2
766 1422 2
766 1310 2
766 909 2
766 1279 2
766 1042 2
767 841 2
767 1019 2
767 1245 2
767 1590 2
767 1221 2
767 1924 2
767 1214 2
767 1032 2
767 1355 2
767 896 2
767 1745 2
767 1364 2
768 1258 2
768 1520 2
768 1779 2
768 1032 2
768 1398 2
768 1639 2
768 1389 2
768 930 2
768 1306 2
768 1382 2
768 1613 2
768 955 2
768 1850 2
769 1806 2
769 1607 2
769 1728 2
769 1737 2
769 1062 2
769 1502 2
769 1852 2
769 882 2
769 1655 2
769 1700 2
769 1052 2
769 1116 2
769 1667 2
769 1795 2
769 1965 2
769 1064 2
770 1281 2
770 1022 2
770 1490 2
770 1379 2
770 1598 2
770 1202 2
770 1261 2
770 851 2
770 1096 2
770 1030 2
771 1519 2
771 923 2
771 1697 2
771 1122 2
771 1841 2
771 986 2
771 909 2
771 803 2
771 1239 2
772 1261 2
772 1227 2
772 1258 2
772 1239 2
772 1067 2
772 1202 2
772 1632 2
772 1642 2
772 1995 2
772 1912 2
772 1455 2
772 898 2
772 1845 2
773 1994 2
773 1582 2
773 1691 2
773 1400 2
773 1946 2
773 1226 2
773 1936 2
773 1589 2
773 1161 2
773 826 2
773 1032 2
773 1776 2
774 1083 2
774 909 2
774 1201 2
774 1897 2
774 1584 2
774 1516 2
774 1050 2
774 1523 2
774 1775 2
774 837 2
775 1443 2
775 1890 2
775 1708 2
775 1860 2
775 783 2
775 1354 2
775 1985 2
775 833 2
775 1943 2
775 1005 2
775 1291 2
775 1202 2
775 1777 2
775 1069 2
776 1036 2
776 1256 2
776 1713 2
776 1362 2
776 1086 2
776 1570 2
776 1995 2
776 1026 2
776 870 2
776 1346 2
776 833 2
776 1283 2
777 1313 2
777 1947 2
777 1511 2
777 1643 2
777 1564 2
777 852 2
777 1014 2
777 1016 2
777 848 2
777 1133 2
777 889 2
777 1492 2
777 1673 2
777 887 2
777 819 2
777 1876 2
778 1345 2
778 1771 2
778 1136 2
778 1262 2
778 1301 2
778 1489 2
778 1215 2
778 1762 2
779 1183 2
779 1250 2
779 1413 2
779 1958 2
779 1138 2
779 1181 2
779 1784 2
779 1884 2
779 941 2
779 1256 2
779 1791 2
779 929 2
779 1362 2
779 1059 2
779 821 2
780 1252 2
780 1432 2
780 1331 2
780 1219 2
780 1419 2
780 1037 2
780 1108 2
780 981 2
780 1726 2
780 1168 2
780 998 2
780 1227 2
780 822 2
781 1991 2
781 1990 2
781 1629 2
781 1151 2
781 1519 2
781 887 2
781 1015 2
781 1855 2
781 1911 2
781 1908 2
781 1062 2
781 1932 2
781 1624 2
781 1098 2
781 1248 2
782 1574 2
782 1333 2
782 1903 2
782 1244 2
782 1247 2
782 1640 2
782 1409 2
782 1746 2
782 1222 2
783 1270 2
783 1349 2
783 1387 2
783 1877 2
783 1779 2
783 1360 2
783 1881 2
783 1246 2
783 1970 2
783 1890 2
784 1987 2
784 1787 2
784 1093 2
784 1998 2
784 1043 2
784 1314 2
784 862 2
784 1380 2
784 898 2
784 865 2
784 1174 2
784 1238 2
784 1798 2
785 1051 2
785 1910 2
785 1768 2
785 1457 2
785 987 2
785 1534 2
785 1018 2
785 1698 2
785 1619 2
785 1523 2
785 1760 2
785 1664 2
786 1275 2
786 1524 2
786 1961 2
786 1947 2
786 969 2
786 1284 2
787 1510 2
787 1602 2
787 966 2
787 1916 2
787 1381 2
787 1113 2
787 1763 2
788 1093 2
788 1367 2
788 952 2
788 1552 2
788 1490 2
788 1360 2
788 1741 2
788 1447 2
788 1756 2
788 1201 2
788 1000 2
788 1297 2
788 1857 2
789 1637 2
789 1093 2
789 1379 2
789 1147 2
789 1521 2
789 1901 2
789 1704 2
789 1709 2
789 1392 2
789 1615 2
790 1574 2
790 1980 2
790 1329 2
790 818 2
790 1661 2
790 1527 2
790 1108 2
790 951 2
790 982 2
790 813 2
790 1267 2
790 1400 2
790 1074 2
790 1427 2
790 1612 2
790 1248 2
790 1813 2
790 826 2
791 1836 2
791 1063 2
791 1131 2
791 1387 2
791 1936 2
791 1938 2
791 830 2
791 832 2
791 1896 2
791 1271 2
791 1134 2
791 1494 2
792 1868 2
792 1759 2
792 1944 2
792 1417 2
792 1192 2
792 1993 2
792 850 2
792 1475 2
792 1852 2
792 1861 2
792 1738 2
792 1332 2
792 1134 2
792 1919 2
792 1234 2
792 1609 2
792 1268 2
793 1624 2
793 1409 2
793 1000 2
793 1085 2
793 1670 2
793 1891 2
793 1184 2
793 1762 2
793 1293 2
793 1805 2
793 1743 2
793 1436 2
793 845 2
793 1219 2
793 1477 2
794 1292 2
794 1265 2
794 1103 2
794 1572 2
794 1492 2
794 1847 2
794 1564 2
794 1252 2
794 1799 2
794 936 2
794 1566 2
794 1356 2
795 956 2
795 1529 2
795 1843 2
795 1668 2
795 1594 2
795 1772 2
795 1205 2
795 1377 2
795 1019 2
796 1718 2
796 1927 2
796 862 2
796 1085 2
796 1454 2
796 830 2
796 1774 2
796 1154 2
796 1042 2
796 1526 2
796 1827 2
796 1331 2
797 1570 2
797 1120 2
797 1306 2
797 1258 2
797 852 2
797 1389 2
797 1170 2
797 974 2
797 1810 2
797 1414 2
797 1803 2
797 1734 2
798 819 2
798 1051 2
798 1638 2
798 830 2
798 1357 2
798 1185 2
798 1600 2
798 1201 2
798 1641 2
798 813 2
798 1650 2
798 1091 2
798 885 2
799 1518 2
799 846 2
799 975 2
799 1899 2
799 1775 2
799 973 2
799 1822 2
799 1590 2
799 1688 2
799 1669 2
799 1536 2
799 1507 2
799 1639 2
799 855 2
800 1465 2
800 1524 2
800 1014 2
800 1692 2
800 1002 2
800 1829 2
800 1128 2
800 1703 2
800 1481 2
800 1299 2
800 1950 2
800 1919 2
800 1297 2
800 1031 2
801 957 2
801 839 2
801 1829 2
801 1819 2
801 863 2
801 1019 2
801 1275 2
801 1434 2
801 1657 2
801 822 2
801 1802 2
801 1186 2
801 848 2
801 1093 2
802 1269 2
802 1172 2
802 1753 2
802 1197 2
802 926 2
802 1426 2
802 1508 2
802 1135 2
802 1574 2
802 1683 2
802 1061 2
802 1500 2
802 1414 2
802 970 2
803 1489 2
803 1645 2
803 1900 2
803 1843 2
803 1759 2
803 1920 2
803 1638 2
803 1188 2
804 1670 2
804 1502 2
804 1422 2
804 1225 2
804 1919 2
804 1145 2
804 1251 2
805 1390 2
805 1658 2
805 1605 2
805 841 2
805 1068 2
805 1985 2
805 1708 2
805 904 2
805 1716 2
805 1657 2
805 812 2
805 1382 2
806 1251 2
806 1853 2
806 1213 2
806 1909 2
806 818 2
806 1212 2
806 1874 2
806 1291 2
806 1949 2
807 1168 2
807 1369 2
807 1692 2
807 1262 2
807 1486 2
807 1368 2
807 1823 2
807 1312 2
807 1874 2
808 1331 2
808 1000 2
808 1599 2
808 894 2
808 1175 2
808 892 2
808 1734 2
808 1074 2
808 915 2
808 1768 2
808 1937 2
808 878 2
808 1604 2
809 966 2
809 1269 2
809 868 2
809 1867 2
809 1503 2
809 1736 2
810 1708 2
810 1806 2
810 1061 2
810 1533 2
810 1909 2
810 1351 2
810 1140 2
810 1626 2
810 1259 2
810 1325 2
810 1725 2
810 1686 2
810 1234 2
810 1518 2
810 1684 2
810 1755 2
810 1495 2
810 1551 2
811 1107 2
811 1723 2
811 1013 2
811 1993 2
811 1277 2
811 869 2
811 1543 2
811 1815 2
811 867 2
811 1484 2
811 1776 2
811 978 2
811 1535 2
811 1186 2
811 1299 2
812 1369 2
812 1649 2
812 1123 2
812 1887 2
812 1999 2
812 1898 2
812 1306 2
812 1483 2
812 1276 2
812 1782 2
812 1414 2
812 1933 2
812 1911 2
812 918 2
813 1250 2
813 817 2
813 1698 2
813 1961 2
813 1179 2
813 1984 2
813 1470 2
813 1508 2
813 1008 2
813 1430 2
813 1016 2
813 1752 2
813 1183 2
813 1793 2
814 1791 2
814 1626 2
814 1558 2
814 1832 2
814 1916 2
814 1415 2
814 1701 2
814 1113 2
815 1115 2
815 1729 2
815 1177 2
815 1277 2
815 851 2
815 915 2
815 1831 2
816 1358 2
816 1175 2
816 1996 2
816 1478 2
816 1671 2
816 1502 2
816 1496 2
816 1489 2
816 870 2
816 1069 2
816 1938 2
817 1463 2
817 1405 2
817 1816 2
817 992 2
817 867 2
817 1324 2
817 1123 2
817 1294 2
817 1246 2
817 1785 2
817 1032 2
817 1899 2
817 1200 2
817 1402 2
817 1610 2
817 1554 2
817 1837 2
817 1177 2
817 1633 2
818 974 2
818 883 2
818 1860 2
818 831 2
818 1148 2
818 1722 2
818 1458 2
818 1485 2
818 1282 2
818 1763 2
818 1578 2
818 1326 2
818 851 2
818 1885 2
818 1238 2
819 1120 2
819 870 2
819 1275 2
819 1560 2
819 1061 2
819 1495 2
819 1987 2
819 1691 2
819 1181 2
819 1089 2
819 976 2
819 1384 2
819 1953 2
820 1384 2
820 899 2
820 848 2
820 1012 2
820 834 2
820 1922 2
820 1462 2
820 1514 2
820 1656 2
820 1355 2
820 846 2
820 1100 2
821 886 2
821 1735 2
821 1187 2
821 1652 2
821 1313 2
821 1553 2
821 1717 2
821 1088 2
821 1878 2
821 924 2
821 997 2
821 1798 2
822 932 2
822 1413 2
822 1440 2
822 1716 2
822 1247 2
822 1358 2
822 1296 2
822 1120 2
822 1534 2
822 1769 2
823 1788 2
823 1686 2
823 1918 2
823 1612 2
823 1696 2
823 1408 2
823 1517 2
824 1537 2
824 887 2
824 1775 2
824 999 2
824 1555 2
824 1488 2
824 1591 2
824 1025 2
824 1544 2
825 1656 2
825 1036 2
825 1589 2
825 1546 2
825 858 2
825 1396 2
825 1122 2
825 1088 2
825 1989 2
825 1908 2
826 1526 2
826 1780 2
826 1753 2
826 1419 2
826 1786 2
826 915 2
826 1762 2
827 1366 2
827 1929 2
827 1448 2
827 1399 2
827 1676 2
827 1606 2
827 1335 2
828 1482 2
828 1106 2
828 1251 2
828 832 2
828 1301 2
828 1811 2
828 1626 2
829 1924 2
829 1623 2
829 1088 2
829 1089 2
829 1567 2
829 1608 2
829 1214 2
829 1044 2
829 838 2
829 1005 2
829 1848 2
829 1824 2
829 1891 2
829 1357 2
829 1139 2
829 1595 2
829 1488 2
830 1153 2
830 1619 2
830 1039 2
830 1143 2
830 1794 2
830 1068 2
830 1994 2
830 1696 2
830 991 2
830 1079 2
831 1162 2
831 1704 2
831 1087 2
831 999 2
831 853 2
831 1489 2
831 1935 2
831 956 2
831 1552 2
831 1080 2
831 1902 2
831 1973 2
831 1556 2
831 1967 2
831 1034 2
831 978 2
832 879 2
832 1557 2
832 1224 2
832 1574 2
832 1381 2
832 1302 2
832 961 2
832 1496 2
832 1740 2
833 1236 2
833 1015 2
833 990 2
833 1369 2
833 1593 2
833 1115 2
833 1893 2
833 1749 2
833 1215 2
833 987 2
834 1012 2
834 988 2
834 1718 2
834 1522 2
834 1695 2
834 1645 2
834 1319 2
834 1803 2
834 1621 2
834 1271 2
834 1189 2
834 1669 2
834 1760 2
834 1182 2
834 1926 2
834 1077 2
835 1270 2
835 1749 2
835 1554 2
835 1096 2
835 1069 2
835 1565 2
835 1068 2
835 1333 2
835 881 2
835 884 2
835 1733 2
836 1731 2
836 1078 2
836 839 2
836 1416 2
836 1878 2
836 1807 2
836 921 2
836 1905 2
836 1598 2
836 1125 2
836 1651 2
836 1119 2
836 1866 2
836 1600 2
836 1747 2
837 1267 2
837 1302 2
837 876 2
837 880 2
837 843 2
837 1041 2
837 1526 2
837 1059 2
837 1732 2
837 1474 2
837 1757 2
837 1972 2
837 1952 2
837 1758 2
838 1204 2
838 1699 2
838 1905 2
838 1273 2
838 1256 2
838 1711 2
838 1270 2
838 1456 2
838 877 2
838 914 2
838 1696 2
838 1531 2
838 1682 2
838 1732 2
839 1710 2
839 1147 2
839 1394 2
839 1035 2
839 1445 2
839 1958 2
839 1112 2
839 1268 2
839 985 2
839 1290 2
839 1887 2
840 1907 2
840 1868 2
840 1400 2
840 1224 2
840 1151 2
840 1136 2
840 1010 2
840 1033 2
840 1437 2
840 1818 2
840 1990 2
841 1868 2
841 1409 2
841 1162 2
841 901 2
841 883 2
841 872 2
841 1202 2
841 1476 2
841 1423 2
841 1546 2
841 1836 2
842 1072 2
842 1054 2
842 1585 2
842 1195 2
842 1146 2
842 883 2
842 1608 2
842 1837 2
842 1864 2
842 1996 2
842 1119 2
842 917 2
842 1602 2
843 926 2
843 1839 2
843 1483 2
843 1615 2
843 1254 2
843 865 2
843 1867 2
843 1074 2
843 1287 2
844 1508 2
844 1358 2
844 1330 2
844 1049 2
844 1491 2
844 1786 2
844 1138 2
844 993 2
844 1037 2
844 1167 2
844 1498 2
844 1581 2
845 1118 2
845 1743 2
845 1473 2
845 1574 2
845 1763 2
845 1395 2
845 1347 2
845 847 2
845 1410 2
846 1712 2
846 1050 2
846 1023 2
846 1217 2
846 1018 2
846 1867 2
846 1159 2
846 1465 2
846 874 2
846 1236 2
846 1963 2
846 1367 2
846 1777 2
847 1083 2
847 1745 2
847 1751 2
847 1199 2
847 1264 2
847 868 2
847 1702 2
847 1321 2
847 1746 2
847 1117 2
848 897 2
848 1694 2
848 1219 2
848 1524 2
848 1749 2
848 1120 2
849 1539 2
849 1739 2
849 1247 2
849 1316 2
849 1979 2
849 1292 2
849 1499 2
849 1484 2
849 1555 2
849 1070 2
849 1423 2
849 1615 2
850 857 2
850 1808 2
850 943 2
850 1207 2
850 1668 2
850 1298 2
850 1700 2
850 1576 2
851 1688 2
851 1804 2
851 894 2
851 1474 2
851 1568 2
851 1678 2
851 1941 2
851 1829 2
851 982 2
851 1047 2
851 1888 2
851 1036 2
851 1656 2
851 1116 2
851 1491 2
852 1478 2
852 1154 2
852 1974 2
852 1024 2
852 1918 2
852 1062 2
852 1501 2
852 951 2
852 1462 2
852 1678 2
852 1952 2
852 1603 2
852 1508 2
852 1112 2
853 1109 2
853 1166 2
853 1842 2
853 1936 2
853 1385 2
853 1126 2
853 1677 2
853 1041 2
853 1170 2
853 1155 2
853 1815 2
853 1940 2
853 1334 2
853 878 2
853 991 2
854 1547 2
854 1407 2
854 1030 2
854 1676 2
854 1069 2
854 1752 2
854 1418 2
854 1758 2
854 1045 2
855 1072 2
855 1219 2
855 1747 2
855 1374 2
855 1265 2
855 1116 2
855 1781 2
855 919 2
855 1520 2
855 1471 2
855 1040 2
855 1362 2
856 1509 2
856 1542 2
856 1351 2
856 1023 2
856 1134 2
856 1302 2
856 1378 2
856 1479 2
857 1009 2
857 1011 2
857 1309 2
857 1267 2
857 952 2
857 1836 2
857 891 2
857 1573 2
857 1235 2
857 1702 2
857 984 2
857 955 2
857 898 2
858 1033 2
858 1414 2
858 1571 2
858 1411 2
858 1283 2
858 1344 2
858 1962 2
858 1788 2
858 951 2
859 986 2
859 1619 2
859 1009 2
859 1922 2
859 1716 2
859 1586 2
859 900 2
859 1563 2
859 1401 2
859 1794 2
859 1354 2
860 1903 2
860 1130 2
860 1802 2
860 977 2
860 1843 2
860 1832 2
860 920 2
860 883 2
861 952 2
861 943 2
861 1313 2
861 1070 2
861 1933 2
861 1492 2
861 1740 2
861 1280 2
861 1096 2
862 1137 2
862 1325 2
862 1766 2
862 1547 2
862 942 2
862 1006 2
862 1190 2
862 1287 2
862 1895 2
862 1781 2
862 1374 2
862 907 2
862 979 2
862 1582 2
862 1263 2
863 1962 2
863 1999 2
863 1603 2
863 953 2
863 1915 2
863 1097 2
863 1222 2
863 1378 2
863 1828 2
863 1332 2
863 1762 2
863 1220 2
863 1326 2
863 956 2
863 876 2
863 1435 2
864 1163 2
864 1800 2
864 924 2
864 1619 2
864 1317 2
864 1897 2
864 1781 2
864 1340 2
864 1097 2
864 1052 2
865 1670 2
865 1688 2
865 1785 2
865 1501 2
865 1498 2
865 1866 2
865 971 2
865 1875 2
865 873 2
865 1372 2
865 1415 2
865 1556 2
865 1721 2
866 1419 2
866 1484 2
866 1329 2
866 1337 2
866 1680 2
866 1376 2
866 1119 2
866 1288 2
866 1418 2
866 1457 2
866 1197 2
866 1450 2
866 1601 2
866 1087 2
866 925 2
867 875 2
867 1655 2
867 1157 2
867 1241 2
867 1281 2
867 1705 2
867 1987 2
867 1621 2
867 1456 2
867 1736 2
867 1154 2
868 1154 2
868 1677 2
868 1305 2
868 1753 2
868 1030 2
868 1476 2
868 1046 2
869 916 2
869 1374 2
869 1083 2
869 1279 2
869 1861 2
869 1125 2
869 1347 2
869 1690 2
869 1278 2
869 1338 2
869 1047 2
869 1953 2
869 991 2
869 1336 2
870 1729 2
870 1561 2
870 1745 2
870 1401 2
870 1927 2
870 1037 2
870 1688 2
871 1223 2
871 1099 2
871 1447 2
871 919 2
871 1722 2
871 949 2
871 1055 2
871 1294 2
871 1398 2
871 1095 2
871 1687 2
872 1426 2
872 924 2
872 1498 2
872 1727 2
872 1871 2
872 1581 2
872 1835 2
872 1893 2
873 1118 2
873 1378 2
873 1470 2
873 1044 2
873 1848 2
873 1166 2
873 1252 2
873 1719 2
873 1548 2
874 1165 2
874 934 2
874 1788 2
874 1889 2
875 1490 2
875 1462 2
875 1913 2
875 1439 2
875 1483 2
875 1384 2
875 986 2
875 1315 2
875 1129 2
875 1754 2
876 1666 2
876 1398 2
876 1462 2
876 946 2
876 1438 2
876 1335 2
876 1016 2
876 1499 2
876 1816 2
876 1627 2
877 1932 2
877 1149 2
877 1178 2
877 1706 2
877 1152 2
877 953 2
877 1551 2
878 1861 2
878 1274 2
878 1840 2
878 1336 2
878 1333 2
878 1222 2
878 1624 2
878 1145 2
878 965 2
878 1859 2
878 1381 2
878 1696 2
878 1101 2
878 1021 2
878 1461 2
878 1447 2
878 1869 2
879 1620 2
879 1389 2
879 1478 2
879 1192 2
879 1427 2
879 1425 2
879 1189 2
879 1962 2
879 1936 2
879 1460 2
879 1145 2
879 1759 2
879 1110 2
879 1754 2
879 925 2
879 1242 2
880 1223 2
880 1399 2
880 1860 2
880 1306 2
880 913 2
880 1352 2
880 1010 2
880 1152 2
881 1989 2
881 1553 2
881 1145 2
881 1909 2
881 1210 2
881 962 2
881 1063 2
881 1534 2
881 1554 2
881 1258 2
881 1914 2
881 1298 2
882 1524 2
882 1167 2
882 1053 2
882 1017 2
882 1019 2
882 908 2
882 1248 2
882 1963 2
882 1083 2
882 1526 2
882 1585 2
882 1296 2
882 1512 2
882 884 2
883 1688 2
883 1899 2
883 1601 2
883 1375 2
883 1309 2
883 1317 2
883 1777 2
883 892 2
884 1858 2
884 1864 2
885 1778 2
885 1315 2
885 1981 2
885 1149 2
885 924 2
885 1458 2
885 1382 2
886 1796 2
886 1926 2
886 1383 2
886 1577 2
887 1085 2
887 1313 2
887 1585 2
887 1901 2
887 1640 2
887 1699 2
887 1478 2
887 1574 2
887 1153 2
887 1724 2
887 1325 2
888 1668 2
888 1737 2
888 1799 2
888 1774 2
888 1467 2
888 1157 2
888 1752 2
888 1821 2
888 1665 2
888 1404 2
888 1697 2
888 964 2
888 1772 2
889 1436 2
889 1547 2
889 1955 2
889 1022 2
889 1002 2
889 999 2
889 1763 2
889 1539 2
890 1446 2
890 1998 2
890 1939 2
890 962 2
890 1175 2
890 1720 2
890 1635 2
891 1967 2
891 1654 2
891 919 2
891 1217 2
891 1202 2
891 1803 2
891 1047 2
891 1302 2
891 1319 2
891 1065 2
891 1043 2
892 1331 2
892 1739 2
892 1035 2
892 1738 2
892 1869 2
892 1127 2
892 1144 2
892 1598 2
892 1747 2
892 1407 2
892 1630 2
892 1751 2
892 1840 2
893 1964 2
893 1273 2
893 1676 2
893 910 2
893 1924 2
893 1481 2
893 1355 2
893 1227 2
893 1693 2
893 1548 2
893 1377 2
894 1078 2
894 980 2
894 1372 2
894 1662 2
894 1323 2
894 902 2
894 1483 2
894 945 2
894 1341 2
894 1848 2
894 1476 2
894 1593 2
894 1397 2
894 1746 2
894 1220 2
894 1701 2
894 1806 2
894 1290 2
895 985 2
895 1157 2
895 1160 2
895 1389 2
895 1994 2
895 1920 2
896 1838 2
896 1767 2
896 1703 2
896 1082 2
896 1462 2
896 1861 2
896 1538 2
896 1500 2
896 1310 2
896 1914 2
897 1369 2
897 1791 2
897 1724 2
897 974 2
897 1955 2
897 920 2
897 1158 2
897 1881 2
898 1948 2
898 1365 2
898 1659 2
898 1304 2
898 1032 2
898 1065 2
898 921 2
898 1464 2
898 1357 2
898 1723 2
898 1346 2
898 1520 2
899 1873 2
899 1614 2
899 1512 2
899 1094 2
899 1540 2
899 1972 2
899 1050 2
899 1779 2
899 1302 2
899 1590 2
899 1653 2
899 1382 2
899 1651 2
899 1631 2
899 1270 2
900 1287 2
900 1272 2
900 1525 2
900 1310 2
900 1281 2
900 1610 2
900 1510 2
900 1540 2
900 1740 2
900 1490 2
900 1642 2
901 1921 2
901 1452 2
901 1044 2
901 1708 2
901 1894 2
901 1775 2
901 1864 2
901 1757 2
901 1365 2
902 1130 2
902 1239 2
902 1217 2
902 955 2
902 1772 2
902 1469 2
902 1262 2
902 1607 2
902 1381 2
903 1420 2
903 1421 2
903 1575 2
903 1844 2
903 1904 2
903 1564 2
903 1458 2
903 1540 2
903 1825 2
904 1420 2
904 1360 2
904 1241 2
904 1314 2
904 923 2
904 1800 2
904 1449 2
904 1580 2
904 1095 2
905 1363 2
905 1560 2
905 1629 2
905 1797 2
905 1309 2
905 1038 2
906 1276 2
906 1073 2
906 1302 2
906 1130 2
906 1443 2
906 1221 2
906 1678 2
906 1880 2
906 907 2
906 1567 2
906 983 2
906 1519 2
906 1430 2
906 1321 2
906 1674 2
907 1484 2
907 1275 2
907 1442 2
907 1290 2
907 1441 2
907 1717 2
907 1855 2
907 1832 2
907 1628 2
907 1829 2
907 991 2
907 1124 2
907 1139 2
907 1355 2
907 1928 2
907 1308 2
907 1754 2
907 1947 2
908 950 2
908 1308 2
908 1234 2
908 1218 2
908 1247 2
908 1488 2
908 1935 2
908 1283 2
909 1060 2
909 1510 2
909 931 2
909 1984 2
909 1054 2
909 1395 2
909 928 2
909 1236 2
909 1991 2
909 1122 2
909 1239 2
909 1854 2
909 1843 2
909 995 2
909 1768 2
909 1436 2
909 1794 2
910 1967 2
910 1248 2
910 1877 2
910 1767 2
910 1983 2
910 1040 2
910 1287 2
910 978 2
910 1249 2
910 989 2
910 1576 2
910 1216 2
910 1994 2
910 1881 2
910 970 2
910 1747 2
910 1412 2
911 1707 2
911 996 2
911 1215 2
911 1517 2
911 1982 2
911 993 2
911 1022 2
911 1536 2
911 1573 2
911 1910 2
911 1487 2
911 1997 2
911 1305 2
911 1511 2
912 1270 2
912 920 2
912 1703 2
912 970 2
912 1544 2
912 1209 2
912 1327 2
912 995 2
912 1809 2
912 1786 2
912 1878 2
913 1188 2
913 1345 2
913 1053 2
913 1965 2
913 1728 2
913 1782 2
913 1447 2
913 1236 2
913 933 2
913 1867 2
913 1073 2
913 1019 2
913 1310 2
914 1304 2
914 1265 2
914 1192 2
914 1951 2
914 1151 2
914 1704 2
914 1337 2
914 1368 2
914 1611 2
914 1578 2
914 1789 2
914 929 2
914 1411 2
914 1554 2
914 1523 2
914 1040 2
914 1706 2
915 1492 2
915 1295 2
915 1632 2
915 1638 2
915 1029 2
915 1064 2
915 1678 2
915 1515 2
915 1039 2
915 1713 2
915 1049 2
915 944 2
915 1586 2
915 1179 2
915 1372 2
916 1017 2
916 1160 2
916 1788 2
916 1490 2
916 937 2
916 1952 2
916 1291 2
916 1257 2
916 1233 2
916 1394 2
916 1875 2
916 1959 2
916 1575 2
917 1416 2
917 1790 2
917 1103 2
917 1850 2
917 1089 2
917 1959 2
917 1212 2
918 963 2
918 1649 2
918 985 2
918 1799 2
918 1906 2
918 955 2
918 1918 2
918 1411 2
919 1202 2
919 926 2
919 1544 2
919 1213 2
919 1787 2
919 1132 2
919 1457 2
919 1391 2
919 1599 2
919 992 2
919 1851 2
920 1428 2
920 1073 2
920 1474 2
920 1286 2
920 1162 2
920 1601 2
920 1703 2
920 1068 2
920 1435 2
920 1031 2
920 1941 2
920 1124 2
920 1613 2
920 1194 2
921 1059 2
921 1130 2
921 1735 2
921 1753 2
921 1045 2
921 1202 2
921 1394 2
921 1502 2
921 1460 2
921 1139 2
921 1586 2
922 1659 2
922 1582 2
922 1908 2
922 1909 2
922 1418 2
922 1548 2
922 1906 2
922 1502 2
922 1959 2
923 1740 2
923 1787 2
923 1302 2
923 1795 2
923 1559 2
923 1167 2
923 1342 2
923 1158 2
924 1965 2
924 1583 2
924 1130 2
924 1135 2
924 1394 2
924 1423 2
924 1656 2
924 1782 2
924 1807 2
924 1535 2
924 1436 2
925 1941 2
925 1986 2
925 1245 2
925 1296 2
925 1556 2
925 1827 2
925 1623 2
925 969 2
925 1769 2
925 1227 2
926 1449 2
926 1146 2
926 1201 2
926 1644 2
926 1820 2
926 1981 2
927 1482 2
927 1242 2
927 1572 2
927 1051 2
927 1246 2
927 1870 2
927 1836 2
928 1032 2
928 1503 2
928 1262 2
928 1842 2
929 1313 2
929 1544 2
929 1224 2
929 1417 2
929 1540 2
929 1670 2
929 1626 2
930 1691 2
930 1671 2
930 1719 2
930 1299 2
930 1648 2
930 1694 2
930 1567 2
930 1073 2
930 939 2
930 1700 2
930 1835 2
930 1200 2
930 1448 2
930 990 2
930 1912 2
931 1764 2
931 1480 2
931 963 2
931 1368 2
931 1599 2
931 1500 2
931 1055 2
931 1547 2
931 1649 2
931 1420 2
931 1726 2
931 1178 2
931 1877 2
931 1555 2
931 1013 2
931 1577 2
931 1793 2
931 1333 2
931 1455 2
931 1239 2
932 1827 2
932 1033 2
932 1851 2
932 1029 2
932 1646 2
932 1120 2
932 1762 2
932 1076 2
932 1513 2
932 1313 2
932 1321 2
933 1276 2
933 1014 2
933 1484 2
933 1231 2
933 1710 2
933 1593 2
933 1722 2
933 1243 2
933 1333 2
933 1825 2
933 1336 2
933 1314 2
933 1390 2
934 1602 2
934 1254 2
934 1063 2
934 1478 2
934 979 2
934 1800 2
934 1568 2
934 1212 2
934 1067 2
934 1351 2
934 1334 2
934 1389 2
934 1026 2
934 1025 2
934 1150 2
935 1534 2
935 1914 2
935 937 2
935 1757 2
935 1394 2
935 1335 2
935 1178 2
935 1082 2
936 949 2
936 1464 2
936 1377 2
936 1643 2
936 1361 2
936 1373 2
936 1095 2
936 1557 2
936 1086 2
936 1495 2
936 1181 2
936 1174 2
937 1657 2
937 942 2
937 1202 2
937 959 2
937 975 2
937 1207 2
937 1486 2
937 1410 2
937 1542 2
938 1319 2
938 1297 2
938 1521 2
938 1603 2
938 1891 2
938 1409 2
938 1531 2
939 1971 2
939 1773 2
939 1849 2
939 991 2
939 1930 2
939 1058 2
939 996 2
939 1361 2
939 1289 2
939 1836 2
939 953 2
939 1503 2
939 1587 2
939 1992 2
939 1324 2
940 1955 2
940 1528 2
940 952 2
940 1320 2
940 1776 2
940 1248 2
941 960 2
941 1813 2
941 1989 2
941 1954 2
941 1375 2
941 1912 2
941 1753 2
941 1544 2
941 1377 2
941 1766 2
941 1003 2
941 1360 2
942 1527 2
942 1404 2
942 1751 2
942 1565 2
942 1617 2
942 1756 2
942 1716 2
943 1546 2
943 1360 2
943 1601 2
943 1573 2
943 1635 2
943 1517 2
943 1030 2
943 1055 2
943 1394 2
944 1207 2
944 1370 2
944 1712 2
944 1738 2
944 1130 2
944 1511 2
944 1973 2
944 1090 2
944 1003 2
944 1777 2
944 1906 2
944 1679 2
945 1188 2
945 1278 2
945 1704 2
945 1327 2
945 1172 2
945 1387 2
945 1810 2
945 1852 2
945 1164 2
945 1905 2
945 1672 2
946 1076 2
946 1200 2
946 1889 2
946 1936 2
946 1416 2
946 1183 2
946 1486 2
946 1184 2
946 1955 2
947 1728 2
947 1417 2
947 1348 2
947 1307 2
947 1340 2
947 1966 2
947 1711 2
947 1590 2
947 1561 2
947 1485 2
948 1255 2
948 1941 2
948 1514 2
948 1609 2
948 1842 2
948 1410 2
948 1169 2
948 1930 2
948 1787 2
948 1042 2
948 1574 2
948 1539 2
949 1599 2
949 1539 2
949 1737 2
949 1852 2
949 1738 2
949 1335 2
949 1243 2
949 1541 2
949 1902 2
949 1476 2
949 1140 2
949 1102 2
949 1218 2
949 1654 2
949 1457 2
949 1376 2
949 952 2
950 1888 2
950 1790 2
950 1613 2
950 1437 2
950 1510 2
950 1506 2
950 1397 2
950 1845 2
950 1203 2
950 1367 2
950 1155 2
950 1563 2
951 1046 2
951 987 2
951 1302 2
951 966 2
951 1734 2
951 1105 2
951 1921 2
951 1304 2
951 1261 2
952 1113 2
952 1980 2
952 1559 2
952 1261 2
952 1565 2
952 1721 2
952 1465 2
952 1515 2
953 1639 2
953 1911 2
953 1177 2
953 1575 2
953 1027 2
953 1600 2
953 1556 2
953 1945 2
953 1679 2
953 967 2
953 1785 2
953 1952 2
953 1060 2
953 1314 2
954 1499 2
954 1352 2
954 1475 2
954 1133 2
954 1834 2
954 1673 2
954 1472 2
954 1776 2
954 1999 2
954 1271 2
954 1671 2
954 1681 2
955 1870 2
955 1246 2
955 1474 2
955 1994 2
955 1405 2
955 1855 2
955 1921 2
955 1732 2
955 1968 2
955 1146 2
955 1986 2
955 1600 2
955 1840 2
955 1192 2
956 962 2
956 1645 2
956 1631 2
956 1609 2
956 1206 2
956 1925 2
956 1637 2
956 1544 2
956 1633 2
956 1786 2
956 1935 2
956 1722 2
957 1084 2
957 1827 2
957 1782 2
957 1987 2
957 1467 2
957 965 2
957 1532 2
957 1153 2
957 1907 2
957 1736 2
958 1643 2
958 1525 2
958 1509 2
958 1152 2
958 1453 2
958 1567 2
958 1304 2
958 1395 2
958 1358 2
958 1073 2
958 1987 2
958 1366 2
958 1961 2
958 1220 2
958 1730 2
959 1963 2
959 1485 2
959 1140 2
959 1283 2
959 1550 2
959 1974 2
959 1516 2
960 1952 2
960 1320 2
960 998 2
960 1170 2
960 1402 2
960 1408 2
961 1706 2
961 1515 2
961 1173 2
961 970 2
961 1060 2
961 1042 2
961 1344 2
961 1505 2
961 1228 2
961 1659 2
961 1089 2
961 1895 2
962 1194 2
962 1885 2
962 1631 2
962 1320 2
962 1309 2
962 1739 2
962 1555 2
962 1373 2
962 1517 2
962 1230 2
962 1016 2
963 1477 2
963 1599 2
963 1557 2
963 1467 2
963 1978 2
963 1233 2
963 1609 2
963 1450 2
963 1081 2
963 1512 2
963 972 2
963 1992 2
963 1574 2
963 1048 2
963 1203 2
964 1642 2
964 1312 2
964 1187 2
964 1742 2
964 1466 2
964 979 2
964 1488 2
964 1483 2
964 1406 2
964 1813 2
964 1708 2
964 1631 2
964 1628 2
965 1639 2
965 1739 2
965 967 2
965 1114 2
965 1861 2
965 1698 2
965 1633 2
965 1397 2
965 979 2
965 972 2
966 1054 2
966 1851 2
966 1312 2
966 1116 2
966 1618 2
966 1247 2
966 1685 2
966 1020 2
966 1217 2
966 1023 2
967 1065 2
967 1502 2
967 1173 2
967 1739 2
967 1674 2
967 1349 2
967 1565 2
967 1221 2
967 1495 2
967 1096 2
968 1131 2
968 1763 2
968 1244 2
968 1265 2
968 1215 2
968 1839 2
968 980 2
968 1086 2
968 1800 2
968 1440 2
968 1108 2
968 1658 2
968 1866 2
968 1429 2
968 1196 2
969 1120 2
969 1554 2
969 1237 2
969 1726 2
969 1626 2
969 1652 2
969 1758 2
969 1160 2
970 1813 2
970 1922 2
970 1669 2
970 1472 2
970 1162 2
970 1752 2
970 1609 2
970 1477 2
970 1075 2
970 1592 2
970 1283 2
970 1441 2
970 1628 2
971 1996 2
971 1764 2
971 1569 2
971 1538 2
971 1741 2
971 1232 2
971 1805 2
971 1238 2
971 1557 2
971 1014 2
971 1183 2
971 1112 2
971 1766 2
972 1580 2
972 1389 2
972 1634 2
972 1201 2
972 1614 2
972 1507 2
972 1192 2
973 1107 2
973 1675 2
973 1037 2
973 1351 2
973 1646 2
973 995 2
973 1524 2
973 1529 2
973 1517 2
973 1721 2
974 1193 2
974 1773 2
974 1234 2
974 1678 2
974 1792 2
974 1737 2
974 1318 2
974 1416 2
974 1787 2
974 1257 2
975 1167 2
975 1966 2
975 1328 2
975 1164 2
975 1919 2
975 1982 2
975 1628 2
975 1442 2
975 1721 2
975 1043 2
975 1992 2
975 1569 2
976 1183 2
976 1743 2
976 1618 2
976 1718 2
976 1732 2
976 1442 2
976 1169 2
976 1655 2
976 1406 2
976 1639 2
976 1621 2
976 1068 2
976 1364 2
976 1304 2
977 1336 2
977 1023 2
977 1531 2
977 1896 2
977 1233 2
977 1758 2
977 1425 2
977 1868 2
977 1157 2
978 1996 2
978 1414 2
978 1364 2
978 1571 2
978 1822 2
978 1333 2
978 1078 2
978 1607 2
979 988 2
979 1558 2
979 1416 2
979 1922 2
979 1058 2
979 1402 2
980 1450 2
980 1031 2
980 1195 2
980 1054 2
980 1935 2
980 1633 2
980 1116 2
981 1938 2
981 1980 2
981 1812 2
981 1765 2
981 1064 2
981 1288 2
981 1321 2
981 1053 2
981 1107 2
981 1772 2
981 1572 2
981 1381 2
981 1696 2
981 1724 2
981 1226 2
982 1925 2
982 1968 2
982 1302 2
982 1602 2
982 1167 2
982 1667 2
982 1338 2
982 1032 2
982 1722 2
982 1883 2
982 1515 2
982 1477 2
982 1952 2
982 1740 2
982 1774 2
983 1817 2
983 1722 2
983 1891 2
983 1189 2
983 1640 2
983 1170 2
983 1229 2
983 1344 2
983 1099 2
983 1479 2
983 999 2
983 1855 2
983 1838 2
983 1454 2
983 1495 2
983 1927 2
983 1989 2
983 1668 2
983 1314 2
983 1535 2
983 1841 2
984 1553 2
984 1498 2
984 1911 2
984 1013 2
985 1511 2
985 1735 2
985 1444 2
985 1291 2
985 1391 2
985 1244 2
985 1287 2
985 1665 2
985 1254 2
985 1942 2
986 1370 2
986 1675 2
986 1322 2
986 1182 2
986 1758 2
986 1793 2
987 1948 2
987 1892 2
987 1254 2
987 1908 2
987 1485 2
987 1678 2
987 1990 2
987 1184 2
987 1669 2
987 1028 2
987 1114 2
987 1997 2
987 1313 2
987 1287 2
987 1278 2
988 1262 2
988 1482 2
988 1745 2
988 1787 2
988 1480 2
988 1791 2
988 1992 2
988 1207 2
989 1152 2
989 1676 2
989 1717 2
989 1739 2
989 1089 2
989 1773 2
989 1708 2
989 1416 2
990 1900 2
990 1249 2
990 1001 2
990 998 2
990 1484 2
990 1212 2
990 1545 2
990 1718 2
990 1883 2
990 1599 2
990 1331 2
990 1549 2
990 1783 2
990 991 2
991 1188 2
991 1036 2
991 1968 2
991 1788 2
991 1939 2
991 1207 2
991 1195 2
991 1786 2
991 1826 2
992 1958 2
992 1210 2
992 1857 2
992 998 2
992 1253 2
992 1985 2
992 1145 2
992 1753 2
992 1035 2
993 1414 2
993 1930 2
993 1109 2
993 1561 2
993 1996 2
993 1460 2
993 1656 2
993 1432 2
993 1195 2
994 1010 2
994 1190 2
994 1835 2
994 1088 2
994 1465 2
994 1846 2
994 1987 2
994 1438 2
994 1670 2
995 1960 2
995 1877 2
995 1588 2
995 1512 2
995 1573 2
995 1802 2
995 1959 2
996 1505 2
996 1680 2
996 1074 2
996 1038 2
996 1024 2
996 1286 2
996 1383 2
997 1952 2
997 1486 2
997 1287 2
997 1295 2
997 1047 2
997 1197 2
997 1245 2
997 1691 2
997 1860 2
997 1213 2
997 1255 2
997 1943 2
997 1846 2
997 1301 2
997 1788 2
997 1204 2
997 1225 2
998 1470 2
998 1279 2
998 1818 2
998 1746 2
998 1862 2
998 1977 2
998 1307 2
999 1266 2
999 1988 2
999 1552 2
999 1285 2
999 1903 2
999 1561 2
999 1140 2
999 1845 2
999 1734 2
999 1314 2
999 1246 2
999 1808 2
999 1619 2
999 1898 2
999 1788 2
1000 1399 2
1000 1979 2
1000 1496 2
1000 1912 2
1000 1823 2
1000 1531 2
1001 1783 2
1001 1523 2
1001 1955 2
1001 1606 2
1001 1039 2
1001 1919 2
1001 1576 2
1001 1704 2
1001 1085 2
1001 1249 2
1001 1757 2
1001 1981 2
1001 1021 2
1001 1675 2
1001 1901 2
1002 1443 2
1002 1193 2
1002 1332 2
1002 1411 2
1002 1853 2
1002 1788 2
1002 1561 2
1002 1073 2
1002 1127 2
1003 1341 2
1003 1020 2
1003 1722 2
1003 1188 2
1003 1106 2
1003 1039 2
1003 1575 2
1003 1195 2
1003 1917 2
1003 1208 2
1004 1675 2
1004 1200 2
1004 1475 2
1004 1603 2
1004 1887 2
1004 1955 2
1005 1578 2
1005 1851 2
1005 1565 2
1005 1109 2
1005 1453 2
1005 1872 2
1005 1381 2
1005 1217 2
1006 1218 2
1006 1184 2
1006 1462 2
1006 1134 2
1006 1026 2
1006 1057 2
1006 1967 2
1007 1753 2
1007 1963 2
1007 1035 2
1007 1183 2
1007 1328 2
1007 1890 2
1007 1690 2
1007 1638 2
1007 1430 2
1008 1059 2
1008 1240 2
1008 1520 2
1008 1250 2
1008 1244 2
1008 1933 2
1008 1553 2
1008 1991 2
1008 1886 2
1008 1699 2
1008 1117 2
1008 1565 2
1008 1078 2
1008 1884 2
1009 1281 2
1009 1926 2
1009 1830 2
1009 1328 2
1009 1890 2
1009 1804 2
1009 1741 2
1009 1721 2
1009 1455 2
1009 1081 2
1009 1935 2
1009 1582 2
1010 1924 2
1010 1918 2
1010 1676 2
1010 1763 2
1010 1921 2
1010 1699 2
1010 1489 2
1010 1067 2
1010 1220 2
1010 1883 2
1011 1446 2
1011 1033 2
1011 1494 2
1011 1366 2
1011 1140 2
1011 1634 2
1011 1628 2
1011 1155 2
1011 1028 2
1012 1483 2
1012 1802 2
1012 1562 2
1012 1068 2
1012 1173 2
1012 1836 2
1012 1710 2
1012 1036 2
1012 1915 2
1013 1375 2
1013 1968 2
1013 1881 2
1013 1400 2
1013 1725 2
1013 1195 2
1013 1890 2
1013 1482 2
1013 1702 2
1013 1723 2
1013 1343 2
1014 1501 2
1014 1833 2
1014 1712 2
1014 1562 2
1014 1585 2
1014 1841 2
1014 1301 2
1014 1081 2
1014 1498 2
1014 1608 2
1014 1093 2
1014 1666 2
1014 1086 2
1015 1944 2
1015 1715 2
1015 1607 2
1015 1072 2
1015 1656 2
1016 1244 2
1016 1761 2
1016 1737 2
1016 1762 2
1016 1603 2
1016 1828 2
1016 1441 2
1016 1190 2
1016 1376 2
1016 1348 2
1016 1613 2
1016 1105 2
1016 1253 2
1016 1141 2
1017 1384 2
1017 1231 2
1017 1968 2
1017 1584 2
1017 1662 2
1017 1971 2
1017 1301 2
1017 1738 2
1017 1961 2
1018 1863 2
1018 1497 2
1018 1332 2
1018 1583 2
1018 1058 2
1018 1575 2
1018 1925 2
1018 1324 2
1018 1397 2
1018 1475 2
1018 1986 2
1018 1438 2
1019 1766 2
1019 1742 2
1019 1153 2
1019 1805 2
1019 1566 2
1019 1822 2
1019 1079 2
1019 1412 2
1019 1865 2
1019 1286 2
1020 1932 2
1020 1409 2
1020 1063 2
1020 1798 2
1020 1149 2
1020 1429 2
1020 1558 2
1021 1190 2
1021 1970 2
1021 1445 2
1021 1902 2
1021 1050 2
1021 1653 2
1021 1199 2
1021 1126 2
1021 1533 2
1021 1559 2
1021 1485 2
1021 1373 2
1022 1261 2
1022 1249 2
1022 1295 2
1022 1972 2
1022 1665 2
1022 1233 2
1022 1809 2
1023 1143 2
1023 1349 2
1023 1489 2
1023 1722 2
1023 1513 2
1024 1729 2
1024 1245 2
1024 1285 2
1024 1164 2
1024 1380 2
1024 1849 2
1024 1643 2
1024 1878 2
1024 1406 2
1024 1914 2
1024 1441 2
1025 1186 2
1025 1502 2
1025 1777 2
1025 1064 2
1025 1113 2
1025 1594 2
1025 1978 2
1025 1492 2
1025 1144 2
1025 1876 2
1025 1617 2
1026 1393 2
1026 1051 2
1026 1690 2
1026 1909 2
1026 1048 2
1026 1383 2
1026 1332 2
1026 1122 2
1026 1744 2
1026 1436 2
1026 1795 2
1026 1788 2
1026 1484 2
1027 1075 2
1027 1170 2
1027 1706 2
1027 1453 2
1027 1224 2
1027 1985 2
1027 1862 2
1027 1521 2
1028 1759 2
1028 1917 2
1028 1180 2
1028 1548 2
1028 1042 2
1028 1253 2
1028 1908 2
1028 1859 2
1028 1303 2
1028 1212 2
1029 1330 2
1029 1788 2
1029 1860 2
1029 1882 2
1029 1371 2
1029 1030 2
1029 1621 2
1029 1554 2
1029 1537 2
1029 1157 2
1029 1890 2
1029 1390 2
1030 1506 2
1030 1997 2
1030 1851 2
1030 1253 2
1030 1106 2
1030 1804 2
1030 1451 2
1030 1332 2
1030 1987 2
1030 1316 2
1030 1467 2
1031 1429 2
1031 1168 2
1031 1405 2
1031 1705 2
1031 1359 2
1031 1188 2
1032 1319 2
1032 1193 2
1032 1275 2
1032 1315 2
1032 1519 2
1032 1434 2
1032 1812 2
1032 1202 2
1032 1402 2
1032 1524 2
1033 1651 2
1033 1096 2
1033 1217 2
1033 1382 2
1033 1172 2
1033 1423 2
1033 1472 2
1033 1824 2
1033 1185 2
1033 1783 2
1033 1968 2
1033 1264 2
1034 1261 2
1034 1947 2
1034 1625 2
1034 1485 2
1034 1994 2
1035 1699 2
1035 1519 2
1035 1368 2
1035 1257 2
1035 1216 2
1035 1147 2
1035 1971 2
1035 1986 2
1035 1833 2
1035 1099 2
1035 1869 2
1035 1423 2
1036 1712 2
1036 1673 2
1036 1288 2
1036 1704 2
1036 1782 2
1036 1894 2
1036 1432 2
1036 1429 2
1036 1457 2
1036 1409 2
1036 1945 2
1036 1192 2
1037 1224 2
1037 1269 2
1037 1682 2
1037 1774 2
1037 1298 2
1037 1402 2
1037 1851 2
1038 1612 2
1038 1529 2
1038 1542 2
1038 1758 2
1038 1486 2
1038 1969 2
1039 1429 2
1039 1570 2
1039 1435 2
1039 1176 2
1039 1770 2
1039 1216 2
1039 1902 2
1040 1225 2
1040 1049 2
1040 1603 2
1040 1974 2
1040 1044 2
1040 1718 2
1040 1903 2
1040 1905 2
1040 1423 2
1040 1714 2
1040 1846 2
1040 1952 2
1041 1885 2
1041 1422 2
1041 1577 2
1041 1578 2
1041 1979 2
1041 1707 2
1041 1498 2
1041 1753 2
1041 1534 2
1042 1781 2
1042 1456 2
1042 1137 2
1042 1444 2
1042 1760 2
1042 1211 2
1042 1486 2
1042 1063 2
1042 1874 2
1042 1961 2
1043 1598 2
1043 1800 2
1043 1745 2
1043 1582 2
1043 1057 2
1043 1847 2
1043 1552 2
1043 1523 2
1043 1742 2
1043 1529 2
1043 1407 2
1044 1314 2
1044 1956 2
1044 1263 2
1044 1952 2
1044 1870 2
1044 1964 2
1044 1205 2
1044 1813 2
1044 1045 2
1045 1757 2
1045 1299 2
1045 1257 2
1045 1994 2
1045 1741 2
1045 1253 2
1045 1853 2
1045 1127 2
1045 1886 2
1045 1864 2
1045 1865 2
1046 1195 2
1046 1612 2
1046 1163 2
1046 1254 2
1046 1532 2
1046 1855 2
1046 1253 2
1046 1286 2
1047 1205 2
1047 1568 2
1047 1852 2
1047 1747 2
1047 1318 2
1047 1201 2
1047 1294 2
1047 1213 2
1047 1224 2
1048 1380 2
1048 1477 2
1048 1859 2
1048 1673 2
1048 1431 2
1048 1967 2
1048 1689 2
1049 1416 2
1049 1971 2
1049 1325 2
1049 1337 2
1049 1789 2
1049 1367 2
1050 1748 2
1050 1458 2
1050 1392 2
1051 1862 2
1051 1293 2
1051 1499 2
1051 1714 2
1051 1510 2
1052 1359 2
1052 1833 2
1052 1214 2
1052 1431 2
1052 1447 2
1052 1902 2
1052 1602 2
1052 1058 2
1053 1681 2
1053 1718 2
1053 1097 2
1053 1470 2
1053 1569 2
1053 1374 2
1053 1449 2
1053 1797 2
1053 1324 2
1053 1482 2
1054 1089 2
1054 1976 2
1054 1682 2
1054 1368 2
1054 1432 2
1054 1361 2
1054 1173 2
1054 1703 2
1054 1718 2
1054 1886 2
1055 1440 2
1055 1161 2
1055 1211 2
1055 1251 2
1055 1228 2
1055 1656 2
1055 1249 2
1055 1441 2
1055 1568 2
1055 1272 2
1056 1403 2
1056 1322 2
1056 1286 2
1056 1337 2
1056 1199 2
1056 1115 2
1056 1850 2
1056 1486 2
1056 1132 2
1056 1173 2
1056 1105 2
1057 1248 2
1057 1763 2
1057 1941 2
1057 1351 2
1057 1064 2
1057 1684 2
1057 1396 2
1057 1416 2
1057 1213 2
1058 1872 2
1058 1996 2
1058 1414 2
1058 1734 2
1058 1826 2
1058 1315 2
1058 1067 2
1058 1555 2
1058 1547 2
1059 1699 2
1059 1382 2
1059 1727 2
1059 1980 2
1059 1381 2
1059 1782 2
1059 1796 2
1059 1642 2
1059 1106 2
1059 1982 2
1059 1534 2
1060 1165 2
1060 1279 2
1060 1886 2
1061 1563 2
1061 1828 2
1061 1727 2
1061 1917 2
1061 1833 2
1061 1849 2
1061 1748 2
1061 1667 2
1062 1839 2
1062 1863 2
1062 1136 2
1062 1551 2
1062 1763 2
1062 1213 2
1062 1885 2
1062 1289 2
1063 1908 2
1063 1637 2
1063 1734 2
1063 1476 2
1063 1371 2
1063 1357 2
1063 1264 2
1063 1277 2
1063 1318 2
1063 1070 2
1063 1259 2
1063 1200 2
1064 1139 2
1064 1389 2
1064 1813 2
1064 1179 2
1064 1293 2
1064 1142 2
1065 1333 2
1065 1934 2
1065 1988 2
1065 1493 2
1065 1456 2
1066 1856 2
1066 1350 2
1066 1600 2
1066 1260 2
1066 1271 2
1066 1472 2
1066 1356 2
1066 1814 2
1066 1208 2
1066 1676 2
1066 1215 2
1067 1873 2
1067 1780 2
1067 1934 2
1067 1119 2
1067 1458 2
1067 1482 2
1067 1868 2
1067 1883 2
1067 1723 2
1067 1814 2
1067 1243 2
1067 1507 2
1067 1201 2
1067 1230 2
1068 1118 2
1068 1455 2
1068 1676 2
1068 1409 2
1068 1755 2
1068 1672 2
1068 1235 2
1068 1874 2
1068 1521 2
1068 1515 2
1068 1399 2
1069 1997 2
1069 1412 2
1069 1886 2
1069 1442 2
1070 1902 2
1070 1826 2
1070 1306 2
1070 1475 2
1070 1358 2
1070 1639 2
1070 1894 2
1070 1518 2
1071 1887 2
1071 1761 2
1071 1075 2
1071 1518 2
1071 1698 2
1071 1629 2
1071 1486 2
1072 1666 2
1072 1093 2
1072 1388 2
1072 1123 2
1072 1923 2
1072 1522 2
1072 1991 2
1072 1965 2
1072 1121 2
1072 1677 2
1072 1830 2
1072 1437 2
1072 1231 2
1073 1245 2
1073 1414 2
1073 1559 2
1073 1179 2
1073 1887 2
1073 1888 2
1073 1974 2
1074 1466 2
1074 1897 2
1074 1160 2
1074 1706 2
1074 1530 2
1074 1299 2
1074 1629 2
1074 1427 2
1074 1507 2
1074 1345 2
1074 1342 2
1074 1417 2
1075 1654 2
1075 1876 2
1075 1843 2
1075 1864 2
1075 1330 2
1076 1182 2
1076 1215 2
1076 1473 2
1076 1770 2
1076 1601 2
1076 1563 2
1076 1291 2
1077 1854 2
1077 1823 2
1077 1780 2
1077 1081 2
1077 1648 2
1077 1454 2
1077 1095 2
1077 1674 2
1077 1175 2
1077 1689 2
1078 1421 2
1078 1770 2
1078 1497 2
1078 1706 2
1078 1592 2
1078 1817 2
1078 1489 2
1078 1294 2
1078 1546 2
1079 1189 2
1079 1413 2
1079 1733 2
1079 1804 2
1079 1594 2
1079 1214 2
1079 1237 2
1079 1795 2
1079 1258 2
1079 1611 2
1079 1124 2
1079 1336 2
1080 1611 2
1080 1208 2
1080 1242 2
1080 1488 2
1080 1865 2
1080 1411 2
1080 1148 2
1081 1407 2
1081 1512 2
1081 1586 2
1081 1499 2
1081 1469 2
1081 1585 2
1081 1330 2
1081 1402 2
1081 1244 2
1082 1665 2
1082 1113 2
1082 1138 2
1082 1820 2
1082 1149 2
1082 1562 2
1082 1167 2
1082 1905 2
1082 1390 2
1082 1736 2
1082 1751 2
1082 1817 2
1082 1626 2
1082 1750 2
1082 1938 2
1082 1899 2
1082 1145 2
1082 1313 2
1083 1660 2
1083 1683 2
1083 1268 2
1083 1344 2
1083 1464 2
1083 1807 2
1083 1429 2
1083 1205 2
1083 1105 2
1083 1796 2
1083 1937 2
1083 1668 2
1084 1688 2
1084 1384 2
1084 1697 2
1084 1795 2
1084 1665 2
1084 1189 2
1084 1507 2
1084 1793 2
1084 1647 2
1085 1659 2
1085 1150 2
1085 1273 2
1085 1344 2
1085 1876 2
1085 1185 2
1085 1572 2
1086 1813 2
1086 1218 2
1086 1113 2
1086 1927 2
1086 1776 2
1086 1881 2
1086 1792 2
1086 1716 2
1086 1583 2
1086 1538 2
1086 1548 2
1086 1105 2
1086 1346 2
1086 1708 2
1086 1859 2
1086 1302 2
1086 1403 2
1087 1522 2
1087 1657 2
1087 1244 2
1087 1607 2
1087 1495 2
1087 1867 2
1087 1218 2
1087 1367 2
1087 1998 2
1087 1474 2
1087 1426 2
1088 1965 2
1088 1697 2
1088 1578 2
1088 1606 2
1088 1515 2
1088 1540 2
1088 1614 2
1088 1897 2
1088 1794 2
1088 1384 2
1088 1586 2
1089 1437 2
1089 1654 2
1089 1777 2
1089 1565 2
1089 1347 2
1089 1291 2
1089 1294 2
1089 1764 2
1089 1852 2
1089 1999 2
1089 1485 2
1089 1197 2
1089 1572 2
1090 1502 2
1090 1388 2
1090 1143 2
1090 1142 2
1090 1831 2
1090 1358 2
1090 1899 2
1090 1488 2
1090 1965 2
1091 1548 2
1091 1382 2
1091 1211 2
1091 1312 2
1091 1875 2
1091 1820 2
1091 1984 2
1091 1203 2
1091 1693 2
1091 1543 2
1091 1851 2
1092 1439 2
1092 1607 2
1092 1584 2
1092 1427 2
1092 1392 2
1092 1588 2
1092 1760 2
1092 1909 2
1092 1201 2
1092 1965 2
1092 1397 2
1092 1570 2
1092 1847 2
1093 1476 2
1093 1740 2
1093 1542 2
1093 1675 2
1093 1279 2
1093 1183 2
1093 1715 2
1094 1170 2
1094 1927 2
1094 1488 2
1094 1554 2
1094 1410 2
1094 1967 2
1094 1685 2
1094 1308 2
1094 1762 2
1094 1317 2
1094 1118 2
1094 1114 2
1094 1338 2
1094 1150 2
1094 1126 2
1095 1894 2
1095 1787 2
1095 1638 2
1095 1888 2
1095 1669 2
1095 1220 2
1095 1803 2
1096 1226 2
1096 1461 2
1096 1984 2
1096 1775 2
1096 1446 2
1096 1710 2
1096 1343 2
1096 1603 2
1096 1388 2
1096 1323 2
1096 1278 2
1096 1268 2
1097 1252 2
1097 1384 2
1097 1742 2
1097 1793 2
1097 1518 2
1097 1569 2
1097 1159 2
1097 1209 2
1098 1615 2
1098 1412 2
1098 1163 2
1098 1634 2
1098 1952 2
1098 1198 2
1098 1351 2
1098 1786 2
1098 1180 2
1098 1946 2
1098 1584 2
1098 1186 2
1098 1841 2
1099 1746 2
1099 1472 2
1099 1680 2
1099 1265 2
1099 1556 2
1099 1912 2
1099 1622 2
1099 1505 2
1100 1198 2
1100 1363 2
1100 1635 2
1100 1694 2
1100 1890 2
1100 1560 2
1100 1485 2
1101 1110 2
1101 1318 2
1101 1933 2
1101 1378 2
1101 1253 2
1101 1991 2
1101 1532 2
1101 1946 2
1102 1149 2
1102 1189 2
1102 1822 2
1102 1801 2
1102 1695 2
1102 1489 2
1102 1148 2
1102 1752 2
1102 1820 2
1103 1862 2
1103 1325 2
1103 1252 2
1103 1452 2
1103 1282 2
1103 1948 2
1103 1285 2
1103 1288 2
1103 1578 2
1104 1493 2
1104 1839 2
1104 1461 2
1104 1911 2
1104 1821 2
1104 1748 2
1105 1484 2
1105 1412 2
1105 1902 2
1105 1374 2
1105 1605 2
1105 1122 2
1106 1686 2
1106 1235 2
1106 1971 2
1106 1493 2
1106 1516 2
1106 1174 2
1106 1265 2
1106 1967 2
1106 1458 2
1106 1193 2
1106 1316 2
1106 1181 2
1106 1844 2
1107 1153 2
1107 1688 2
1107 1406 2
1107 1864 2
1107 1745 2
1107 1420 2
1108 1337 2
1108 1690 2
1108 1694 2
1108 1298 2
1108 1149 2
1108 1178 2
1108 1386 2
1108 1861 2
1108 1612 2
1108 1763 2
1109 1238 2
1109 1114 2
1109 1490 2
1109 1138 2
1109 1396 2
1109 1710 2
1109 1615 2
1109 1326 2
1109 1225 2
1109 1647 2
1109 1293 2
1109 1613 2
1110 1468 2
1110 1644 2
1110 1210 2
1110 1988 2
1110 1261 2
1110 1598 2
1110 1632 2
1110 1456 2
1111 1200 2
1111 1205 2
1111 1362 2
1111 1381 2
1111 1867 2
1111 1783 2
1111 1994 2
1111 1506 2
1111 1627 2
1111 1682 2
1111 1345 2
1111 1536 2
1112 1571 2
1112 1681 2
1112 1737 2
1112 1616 2
1112 1535 2
1112 1286 2
1113 1298 2
1113 1513 2
1113 1146 2
1113 1453 2
1113 1551 2
1113 1294 2
1113 1284 2
1113 1699 2
1113 1368 2
1114 1197 2
1114 1433 2
1114 1284 2
1114 1312 2
1114 1192 2
1114 1681 2
1114 1828 2
1114 1160 2
1115 1689 2
1115 1464 2
1115 1402 2
1115 1518 2
1115 1803 2
1115 1120 2
1115 1891 2
1115 1849 2
1115 1766 2
1115 1461 2
1115 1573 2
1116 1298 2
1116 1422 2
1116 1533 2
1116 1284 2
1116 1296 2
1116 1324 2
1116 1567 2
1116 1661 2
1116 1199 2
1116 1902 2
1116 1843 2
1116 1260 2
1116 1402 2
1116 1735 2
1116 1655 2
1117 1842 2
1117 1470 2
1117 1658 2
1117 1388 2
1117 1343 2
1117 1446 2
1117 1570 2
1117 1951 2
1117 1551 2
1117 1718 2
1118 1518 2
1118 1577 2
1118 1974 2
1118 1885 2
1118 1454 2
1118 1723 2
1118 1553 2
1118 1911 2
1118 1241 2
1118 1840 2
1119 1452 2
1119 1189 2
1119 1554 2
1119 1993 2
1119 1369 2
1119 1239 2
1119 1638 2
1119 1166 2
1119 1507 2
1119 1648 2
1119 1616 2
1119 1972 2
1119 1483 2
1120 1161 2
1120 1443 2
1120 1249 2
1120 1718 2
1120 1615 2
1120 1792 2
1120 1528 2
1121 1753 2
1121 1555 2
1121 1515 2
1121 1236 2
1121 1155 2
1121 1194 2
1121 1933 2
1121 1484 2
1121 1669 2
1121 1277 2
1121 1783 2
1121 1398 2
1121 1998 2
1122 1517 2
1122 1586 2
1122 1546 2
1122 1813 2
1122 1241 2
1122 1707 2
1122 1623 2
1122 1484 2
1122 1751 2
1122 1164 2
1122 1969 2
1123 1682 2
1123 1794 2
1123 1553 2
1123 1242 2
1123 1653 2
1123 1723 2
1123 1630 2
1123 1220 2
1124 1412 2
1124 1447 2
1124 1855 2
1124 1214 2
1124 1204 2
1124 1600 2
1124 1170 2
1124 1757 2
1124 1759 2
1125 1622 2
1125 1378 2
1125 1145 2
1125 1167 2
1125 1756 2
1125 1902 2
1125 1253 2
1125 1484 2
1125 1143 2
1125 1859 2
1125 1736 2
1125 1357 2
1126 1179 2
1126 1753 2
1126 1484 2
1126 1165 2
1126 1936 2
1126 1641 2
1126 1826 2
1126 1825 2
1126 1578 2
1127 1997 2
1127 1751 2
1127 1468 2
1127 1908 2
1127 1486 2
1127 1764 2
1127 1515 2
1127 1448 2
1127 1819 2
1127 1907 2
1127 1551 2
1128 1131 2
1128 1579 2
1128 1828 2
1128 1492 2
1128 1636 2
1128 1381 2
1128 1307 2
1128 1454 2
1128 1525 2
1128 1409 2
1130 1215 2
1130 1709 2
1130 1768 2
1130 1895 2
1130 1385 2
1130 1645 2
1131 1383 2
1131 1526 2
1131 1470 2
1131 1929 2
1131 1166 2
1131 1736 2
1131 1835 2
1131 1968 2
1131 1989 2
1131 1730 2
1132 1810 2
1132 1449 2
1132 1424 2
1132 1355 2
1132 1229 2
1132 1324 2
1132 1546 2
1132 1484 2
1133 1358 2
1133 1878 2
1133 1254 2
1133 1775 2
1134 1592 2
1134 1643 2
1134 1791 2
1134 1901 2
1134 1344 2
1134 1709 2
1134 1815 2
1134 1852 2
1134 1214 2
1134 1874 2
1135 1853 2
1135 1486 2
1135 1404 2
1135 1602 2
1135 1288 2
1135 1912 2
1135 1849 2
1135 1557 2
1136 1739 2
1136 1524 2
1136 1755 2
1136 1302 2
1136 1842 2
1136 1978 2
1136 1686 2
1136 1368 2
1136 1723 2
1136 1932 2
1137 1442 2
1137 1181 2
1137 1757 2
1137 1571 2
1137 1935 2
1137 1534 2
1137 1715 2
1137 1359 2
1137 1728 2
1137 1908 2
1137 1304 2
1137 1577 2
1137 1487 2
1138 1685 2
1138 1278 2
1138 1452 2
1138 1434 2
1138 1722 2
1138 1874 2
1138 1791 2
1139 1263 2
1139 1683 2
1139 1902 2
1139 1573 2
1139 1619 2
1139 1268 2
1139 1825 2
1139 1519 2
1139 1442 2
1140 1952 2
1140 1759 2
1140 1913 2
1140 1982 2
1140 1592 2
1140 1923 2
1140 1504 2
1140 1405 2
1140 1739 2
1140 1577 2
1141 1572 2
1141 1171 2
1141 1388 2
1141 1840 2
1141 1935 2
1141 1831 2
1141 1359 2
1141 1959 2
1141 1738 2
1141 1828 2
1142 1188 2
1142 1749 2
1142 1562 2
1142 1241 2
1142 1535 2
1142 1194 2
1142 1773 2
1142 1411 2
1142 1962 2
1142 1703 2
1142 1177 2
1142 1272 2
1143 1347 2
1143 1238 2
1143 1500 2
1143 1449 2
1143 1697 2
1143 1285 2
1143 1239 2
1143 1610 2
1144 1251 2
1144 1731 2
1144 1975 2
1144 1509 2
1144 1618 2
1144 1649 2
1144 1322 2
1145 1643 2
1145 1986 2
1145 1907 2
1145 1594 2
1145 1832 2
1145 1627 2
1145 1268 2
1145 1276 2
1145 1395 2
1146 1457 2
1146 1501 2
1146 1427 2
1146 1973 2
1146 1222 2
1146 1663 2
1146 1421 2
1146 1392 2
1146 1846 2
1146 1396 2
1146 1888 2
1146 1279 2
1147 1637 2
1147 1605 2
1147 1344 2
1147 1923 2
1147 1687 2
1147 1857 2
1147 1827 2
1147 1860 2
1147 1876 2
1147 1221 2
1148 1511 2
1148 1225 2
1148 1466 2
1148 1324 2
1148 1929 2
1148 1832 2
1148 1372 2
1148 1653 2
1148 1989 2
1148 1621 2
1148 1223 2
1149 1179 2
1149 1919 2
1149 1195 2
1149 1786 2
1149 1256 2
1149 1705 2
1149 1655 2
1149 1779 2
1149 1671 2
1150 1879 2
1150 1871 2
1150 1658 2
1151 1788 2
1151 1492 2
1151 1718 2
1151 1398 2
1151 1168 2
1151 1832 2
1151 1978 2
1151 1765 2
1151 1587 2
1151 1428 2
1151 1559 2
1152 1300 2
1152 1359 2
1152 1180 2
1152 1549 2
1152 1927 2
1152 1329 2
1152 1460 2
1152 1262 2
1152 1619 2
1152 1277 2
1153 1620 2
1153 1529 2
1153 1986 2
1153 1897 2
1153 1854 2
1153 1952 2
1153 1285 2
1154 1399 2
1154 1758 2
1154 1294 2
1154 1520 2
1154 1646 2
1155 1870 2
1155 1224 2
1155 1272 2
1155 1408 2
1155 1927 2
1155 1862 2
1155 1477 2
1155 1682 2
1155 1782 2
1155 1191 2
1156 1418 2
1156 1800 2
1156 1284 2
1156 1475 2
1156 1324 2
1156 1186 2
1157 1894 2
1157 1821 2
1157 1438 2
1158 1905 2
1158 1311 2
1158 1879 2
1158 1835 2
1158 1217 2
1158 1223 2
1158 1297 2
1158 1409 2
1158 1870 2
1158 1197 2
1159 1675 2
1159 1264 2
1159 1720 2
1159 1936 2
1159 1252 2
1159 1626 2
1159 1629 2
1160 1383 2
1160 1499 2
1160 1453 2
1160 1542 2
1160 1214 2
1160 1801 2
1160 1660 2
1160 1529 2
1161 1943 2
1161 1286 2
1161 1457 2
1161 1622 2
1161 1661 2
1161 1738 2
1161 1671 2
1161 1575 2
1161 1886 2
1161 1727 2
1161 1170 2
1161 1608 2
1162 1592 2
1162 1453 2
1162 1479 2
1162 1296 2
1163 1421 2
1163 1357 2
1163 1791 2
1163 1358 2
1163 1658 2
1163 1457 2
1163 1883 2
1163 1402 2
1163 1314 2
1164 1703 2
1164 1528 2
1164 1900 2
1164 1559 2
1164 1659 2
1164 1209 2
1164 1811 2
1164 1513 2
1164 1802 2
1164 1286 2
1164 1212 2
1164 1573 2
1164 1357 2
1164 1532 2
1165 1737 2
1165 1860 2
1165 1766 2
1165 1254 2
1165 1548 2
1165 1262 2
1165 1904 2
1165 1267 2
1165 1668 2
1166 1305 2
1166 1334 2
1166 1865 2
1166 1430 2
1166 1387 2
1166 1249 2
1166 1707 2
1166 1451 2
1166 1577 2
1167 1929 2
1167 1353 2
1167 1700 2
1167 1417 2
1167 1232 2
1167 1871 2
1167 1385 2
1168 1664 2
1168 1707 2
1168 1686 2
1168 1231 2
1168 1256 2
1169 1975 2
1169 1920 2
1169 1656 2
1169 1757 2
1169 1612 2
1169 1375 2
1169 1180 2
1170 1362 2
1170 1401 2
1170 1912 2
1170 1892 2
1170 1763 2
1170 1598 2
1170 1507 2
1170 1557 2
1171 1773 2
1171 1539 2
1171 1282 2
1171 1584 2
1171 1504 2
1171 1203 2
1171 1995 2
1171 1489 2
1171 1225 2
1172 1393 2
1172 1734 2
1172 1813 2
1172 1344 2
1172 1447 2
1172 1173 2
1172 1468 2
1172 1835 2
1172 1929 2
1172 1902 2
1172 1789 2
1173 1887 2
1173 1901 2
1173 1527 2
1173 1367 2
1173 1573 2
1173 1534 2
1173 1822 2
1173 1614 2
1173 1621 2
1173 1617 2
1173 1657 2
1174 1200 2
1174 1292 2
1174 1347 2
1174 1263 2
1174 1963 2
1174 1194 2
1174 1373 2
1175 1729 2
1175 1971 2
1175 1517 2
1175 1817 2
1175 1311 2
1175 1564 2
1175 1943 2
1176 1555 2
1176 1940 2
1176 1970 2
1176 1378 2
1176 1975 2
1176 1348 2
1176 1403 2
1177 1768 2
1177 1463 2
1177 1560 2
1177 1276 2
1177 1306 2
1177 1432 2
1178 1198 2
1178 1332 2
1178 1947 2
1179 1620 2
1179 1792 2
1179 1709 2
1179 1707 2
1179 1350 2
1179 1765 2
1180 1941 2
1180 1929 2
1180 1835 2
1180 1887 2
1180 1946 2
1180 1678 2
1180 1440 2
1180 1814 2
1181 1941 2
1181 1717 2
1182 1312 2
1182 1819 2
1182 1815 2
1182 1831 2
1182 1944 2
1182 1595 2
1182 1480 2
1182 1938 2
1182 1496 2
1183 1460 2
1183 1566 2
1183 1370 2
1183 1634 2
1183 1197 2
1184 1970 2
1184 1248 2
1184 1327 2
1184 1385 2
1184 1454 2
1184 1794 2
1184 1609 2
1184 1952 2
1184 1945 2
1184 1939 2
1184 1573 2
1184 1487 2
1185 1362 2
1185 1468 2
1185 1332 2
1185 1874 2
1185 1974 2
1185 1647 2
1185 1512 2
1185 1218 2
1185 1472 2
1185 1285 2
1185 1264 2
1185 1854 2
1186 1792 2
1186 1563 2
1186 1214 2
1186 1986 2
1186 1997 2
1186 1813 2
1186 1931 2
1186 1536 2
1187 1440 2
1187 1914 2
1187 1691 2
1187 1282 2
1187 1464 2
1187 1512 2
1187 1258 2
1187 1457 2
1188 1495 2
1188 1281 2
1188 1208 2
1188 1390 2
1188 1397 2
1188 1275 2
1188 1441 2
1188 1714 2
1189 1228 2
1189 1933 2
1189 1904 2
1189 1474 2
1189 1800 2
1189 1513 2
1189 1462 2
1189 1668 2
1190 1251 2
1190 1635 2
1190 1972 2
1190 1566 2
1190 1837 2
1190 1565 2
1190 1463 2
1190 1742 2
1191 1602 2
1191 1948 2
1191 1368 2
1191 1487 2
1191 1584 2
1191 1406 2
1191 1704 2
1191 1890 2
1192 1801 2
1192 1616 2
1192 1782 2
1192 1262 2
1192 1511 2
1192 1830 2
1192 1310 2
1192 1957 2
1192 1806 2
1192 1631 2
1192 1370 2
1192 1704 2
1192 1212 2
1192 1364 2
1192 1391 2
1193 1475 2
1193 1216 2
1193 1765 2
1193 1342 2
1193 1766 2
1193 1996 2
1193 1704 2
1193 1215 2
1193 1313 2
1194 1470 2
1194 1544 2
1194 1543 2
1194 1329 2
1194 1898 2
1194 1768 2
1194 1492 2
1195 1460 2
1195 1774 2
1195 1227 2
1195 1720 2
1196 1564 2
1196 1616 2
1196 1863 2
1196 1408 2
1196 1404 2
1196 1484 2
1196 1295 2
1197 1812 2
1197 1707 2
1197 1554 2
1197 1609 2
1197 1535 2
1197 1775 2
1197 1688 2
1197 1639 2
1198 1238 2
1198 1812 2
1198 1612 2
1199 1270 2
1199 1879 2
1199 1202 2
1199 1569 2
1199 1604 2
1199 1791 2
1199 1868 2
1199 1811 2
1199 1496 2
1200 1817 2
1200 1647 2
1200 1942 2
1200 1966 2
1200 1690 2
1200 1838 2
1200 1370 2
1200 1312 2
1200 1886 2
1200 1898 2
1200 1812 2
1200 1252 2
1200 1767 2
1200 1991 2
1201 1248 2
1201 1902 2
1201 1463 2
1201 1978 2
1201 1703 2
1201 1287 2
1201 1804 2
1201 1468 2
1202 1661 2
1202 1254 2
1202 1357 2
1202 1277 2
1202 1251 2
1202 1348 2
1202 1256 2
1203 1844 2
1203 1329 2
1203 1719 2
1203 1207 2
1203 1348 2
1203 1822 2
1203 1351 2
1203 1700 2
1203 1530 2
1203 1843 2
1203 1217 2
1203 1996 2
1203 1935 2
1203 1352 2
1204 1381 2
1204 1490 2
1204 1272 2
1204 1268 2
1204 1737 2
1204 1663 2
1204 1405 2
1204 1959 2
1204 1386 2
1204 1829 2
1205 1838 2
1205 1493 2
1205 1327 2
1205 1353 2
1205 1486 2
1205 1468 2
1205 1720 2
1205 1355 2
1205 1450 2
1205 1415 2
1205 1803 2
1206 1356 2
1206 1499 2
1206 1371 2
1207 1592 2
1207 1955 2
1207 1976 2
1207 1426 2
1207 1790 2
1207 1259 2
1208 1610 2
1208 1735 2
1208 1514 2
1208 1429 2
1208 1565 2
1208 1728 2
1208 1697 2
1208 1496 2
1208 1596 2
1209 1960 2
1209 1819 2
1209 1373 2
1209 1587 2
1209 1761 2
1209 1956 2
1209 1390 2
1209 1891 2
1210 1429 2
1210 1595 2
1210 1953 2
1210 1856 2
1210 1751 2
1210 1377 2
1210 1663 2
1210 1472 2
1210 1868 2
1211 1668 2
1211 1907 2
1211 1515 2
1211 1212 2
1211 1859 2
1211 1986 2
1212 1411 2
1212 1287 2
1212 1456 2
1212 1359 2
1212 1974 2
1212 1769 2
1212 1414 2
1212 1763 2
1212 1219 2
1212 1323 2
1212 1473 2
1213 1299 2
1213 1880 2
1213 1850 2
1213 1412 2
1213 1610 2
1213 1509 2
1213 1999 2
1213 1923 2
1213 1572 2
1213 1849 2
1213 1456 2
1213 1656 2
1214 1822 2
1214 1898 2
1214 1269 2
1214 1258 2
1214 1754 2
1214 1758 2
1214 1663 2
1214 1719 2
1215 1931 2
1215 1754 2
1215 1769 2
1215 1524 2
1215 1970 2
1215 1264 2
1216 1495 2
1216 1882 2
1216 1577 2
1216 1868 2
1216 1549 2
1216 1403 2
1216 1803 2
1217 1544 2
1217 1807 2
1217 1913 2
1217 1484 2
1217 1850 2
1217 1688 2
1217 1924 2
1217 1523 2
1217 1763 2
1217 1291 2
1217 1723 2
1217 1510 2
1218 1300 2
1218 1838 2
1218 1659 2
1218 1304 2
1218 1692 2
1219 1417 2
1219 1512 2
1219 1365 2
1219 1883 2
1219 1769 2
1219 1308 2
1219 1307 2
1219 1877 2
1219 1906 2
1220 1832 2
1220 1460 2
1220 1817 2
1220 1306 2
1220 1528 2
1220 1517 2
1220 1920 2
1220 1311 2
1220 1518 2
1220 1504 2
1220 1995 2
1220 1805 2
1220 1959 2
1220 1948 2
1220 1859 2
1221 1594 2
1221 1488 2
1221 1601 2
1221 1530 2
1221 1970 2
1221 1840 2
1221 1683 2
1221 1837 2
1221 1649 2
1222 1237 2
1222 1699 2
1222 1492 2
1222 1632 2
1222 1435 2
1222 1659 2
1222 1246 2
1223 1862 2
1223 1771 2
1223 1720 2
1223 1798 2
1223 1230 2
1223 1763 2
1223 1639 2
1223 1433 2
1223 1341 2
1223 1351 2
1224 1658 2
1224 1316 2
1224 1239 2
1224 1764 2
1224 1343 2
1224 1233 2
1224 1580 2
1224 1625 2
1225 1462 2
1225 1664 2
1225 1592 2
1225 1304 2
1225 1430 2
1225 1431 2
1225 1823 2
1225 1926 2
1226 1754 2
1226 1382 2
1226 1340 2
1226 1520 2
1226 1446 2
1226 1649 2
1226 1262 2
1227 1294 2
1227 1515 2
1227 1974 2
1227 1719 2
1227 1396 2
1227 1338 2
1227 1600 2
1228 1884 2
1228 1931 2
1228 1422 2
1229 1325 2
1229 1834 2
1229 1240 2
1229 1722 2
1229 1505 2
1229 1950 2
1229 1675 2
1230 1430 2
1230 1277 2
1230 1640 2
1231 1543 2
1231 1588 2
1231 1540 2
1231 1375 2
1231 1919 2
1231 1552 2
1231 1243 2
1231 1649 2
1231 1505 2
1231 1961 2
1231 1413 2
1232 1387 2
1232 1584 2
1232 1491 2
1232 1587 2
1232 1555 2
1232 1530 2
1232 1945 2
1232 1802 2
1232 1885 2
1232 1442 2
1232 1715 2
1232 1784 2
1232 1809 2
1232 1380 2
1233 1644 2
1233 1853 2
1233 1696 2
1233 1351 2
1233 1373 2
1233 1964 2
1233 1677 2
1233 1276 2
1233 1591 2
1233 1546 2
1233 1759 2
1233 1492 2
1233 1710 2
1234 1695 2
1234 1413 2
1234 1798 2
1234 1419 2
1234 1548 2
1234 1580 2
1234 1397 2
1234 1819 2
1234 1403 2
1235 1601 2
1235 1539 2
1235 1675 2
1235 1772 2
1235 1763 2
1235 1477 2
1235 1608 2
1235 1415 2
1235 1599 2
1236 1888 2
1236 1360 2
1236 1962 2
1236 1800 2
1236 1714 2
1236 1611 2
1237 1385 2
1237 1441 2
1237 1487 2
1237 1952 2
1237 1754 2
1237 1502 2
1237 1422 2
1238 1576 2
1238 1365 2
1238 1339 2
1238 1578 2
1238 1296 2
1238 1298 2
1238 1622 2
1239 1696 2
1239 1460 2
1239 1825 2
1239 1540 2
1239 1693 2
1239 1769 2
1239 1542 2
1239 1425 2
1239 1316 2
1239 1792 2
1239 1449 2
1240 1751 2
1240 1283 2
1240 1973 2
1240 1618 2
1240 1401 2
1240 1745 2
1240 1882 2
1240 1281 2
1241 1467 2
1241 1990 2
1241 1671 2
1241 1381 2
1241 1450 2
1241 1372 2
1241 1908 2
1241 1860 2
1241 1323 2
1241 1316 2
1241 1964 2
1241 1634 2
1242 1448 2
1242 1265 2
1242 1361 2
1242 1619 2
1242 1554 2
1242 1364 2
1242 1965 2
1242 1421 2
1242 1326 2
1242 1731 2
1243 1699 2
1243 1254 2
1243 1325 2
1243 1288 2
1243 1460 2
1243 1757 2
1243 1933 2
1243 1486 2
1243 1476 2
1243 1451 2
1244 1411 2
1244 1779 2
1244 1448 2
1244 1805 2
1244 1753 2
1244 1821 2
1244 1828 2
1244 1671 2
1244 1966 2
1244 1432 2
1244 1334 2
1245 1444 2
1245 1318 2
1245 1955 2
1245 1441 2
1246 1302 2
1246 1950 2
1246 1422 2
1246 1872 2
1246 1386 2
1247 1628 2
1247 1874 2
1247 1462 2
1247 1357 2
1247 1909 2
1247 1956 2
1247 1829 2
1247 1544 2
1247 1646 2
1247 1661 2
1247 1506 2
1248 1817 2
1248 1638 2
1248 1745 2
1249 1383 2
1249 1349 2
1249 1455 2
1249 1481 2
1249 1450 2
1249 1638 2
1249 1529 2
1249 1608 2
1249 1417 2
1249 1859 2
1249 1463 2
1249 1795 2
1250 1288 2
1250 1325 2
1250 1592 2
1250 1967 2
1250 1895 2
1251 1776 2
1251 1414 2
1251 1341 2
1251 1412 2
1251 1691 2
1251 1791 2
1251 1307 2
1252 1556 2
1252 1405 2
1252 1660 2
1252 1960 2
1252 1989 2
1252 1997 2
1252 1487 2
1252 1962 2
1252 1888 2
1252 1335 2
1252 1513 2
1253 1418 2
1253 1392 2
1253 1869 2
1253 1890 2
1253 1733 2
1253 1672 2
1253 1836 2
1253 1703 2
1254 1420 2
1254 1836 2
1254 1340 2
1254 1642 2
1254 1279 2
1254 1522 2
1254 1579 2
1254 1567 2
1254 1833 2
1255 1624 2
1255 1788 2
1255 1442 2
1255 1785 2
1255 1791 2
1256 1832 2
1256 1524 2
1256 1921 2
1256 1689 2
1256 1288 2
1256 1649 2
1256 1488 2
1256 1934 2
1256 1565 2
1256 1335 2
1256 1695 2
1256 1920 2
1257 1318 2
1257 1422 2
1257 1723 2
1257 1351 2
1257 1874 2
1257 1873 2
1257 1770 2
1258 1287 2
1258 1642 2
1258 1671 2
1258 1627 2
1258 1594 2
1258 1755 2
1258 1668 2
1258 1921 2
1258 1706 2
1259 1400 2
1259 1680 2
1259 1913 2
1259 1286 2
1259 1768 2
1259 1815 2
1259 1295 2
1260 1595 2
1260 1651 2
1260 1462 2
1260 1386 2
1260 1749 2
1260 1988 2
1260 1290 2
1260 1916 2
1260 1298 2
1261 1380 2
1261 1679 2
1261 1375 2
1261 1301 2
1261 1987 2
1262 1946 2
1262 1694 2
1262 1976 2
1262 1484 2
1262 1828 2
1262 1473 2
1262 1902 2
1262 1563 2
1262 1562 2
1263 1570 2
1263 1336 2
1263 1793 2
1263 1502 2
1263 1767 2
1263 1992 2
1264 1561 2
1264 1936 2
1264 1692 2
1264 1854 2
1264 1525 2
1264 1717 2
1264 1441 2
1265 1544 2
1265 1851 2
1265 1581 2
1265 1531 2
1265 1939 2
1265 1633 2
1266 1931 2
1266 1702 2
1266 1837 2
1266 1423 2
1266 1458 2
1266 1749 2
1266 1326 2
1266 1345 2
1266 1993 2
1267 1748 2
1267 1393 2
1267 1617 2
1267 1562 2
1267 1726 2
1268 1359 2
1268 1351 2
1268 1548 2
1268 1358 2
1268 1465 2
1268 1814 2
1269 1558 2
1269 1833 2
1269 1819 2
1269 1498 2
1269 1413 2
1269 1940 2
1269 1477 2
1270 1980 2
1270 1406 2
1270 1731 2
1270 1722 2
1270 1448 2
1270 1742 2
1270 1681 2
1270 1983 2
1270 1609 2
1270 1838 2
1271 1906 2
1271 1819 2
1271 1892 2
1271 1359 2
1271 1607 2
1271 1885 2
1271 1740 2
1271 1612 2
1271 1365 2
1271 1690 2
1272 1890 2
1272 1985 2
1272 1814 2
1272 1738 2
1272 1705 2
1272 1604 2
1272 1948 2
1272 1276 2
1272 1710 2
1272 1361 2
1272 1432 2
1273 1854 2
1273 1471 2
1273 1841 2
1273 1411 2
1273 1700 2
1273 1946 2
1273 1342 2
1273 1958 2
1274 1795 2
1274 1884 2
1274 1524 2
1274 1628 2
1274 1800 2
1274 1913 2
1274 1518 2
1274 1882 2
1274 1332 2
1275 1531 2
1275 1836 2
1275 1512 2
1275 1618 2
1275 1747 2
1276 1355 2
1276 1438 2
1276 1617 2
1276 1423 2
1276 1850 2
1277 1647 2
1277 1536 2
1278 1647 2
1278 1937 2
1278 1536 2
1278 1600 2
1279 1731 2
1279 1756 2
1279 1834 2
1279 1833 2
1279 1903 2
1279 1587 2
1279 1954 2
1280 1386 2
1280 1453 2
1280 1395 2
1280 1384 2
1280 1946 2
1280 1817 2
1280 1876 2
1280 1589 2
1280 1905 2
1280 1712 2
1280 1569 2
1280 1961 2
1280 1719 2
1280 1363 2
1280 1998 2
1280 1437 2
1280 1525 2
1281 1452 2
1281 1842 2
1281 1823 2
1281 1607 2
1282 1538 2
1282 1352 2
1282 1714 2
1282 1667 2
1282 1575 2
1282 1613 2
1282 1562 2
1282 1888 2
1282 1950 2
1283 1978 2
1283 1650 2
1283 1676 2
1283 1446 2
1283 1709 2
1283 1500 2
1283 1877 2
1284 1541 2
1284 1403 2
1284 1398 2
1284 1350 2
1284 1658 2
1285 1758 2
1285 1399 2
1285 1502 2
1285 1468 2
1286 1363 2
1286 1371 2
1286 1373 2
1286 1667 2
1286 1833 2
1286 1796 2
1286 1381 2
1286 1799 2
1286 1714 2
1287 1991 2
1287 1558 2
1287 1319 2
1287 1800 2
1287 1605 2
1287 1927 2
1287 1500 2
1287 1304 2
1287 1321 2
1288 1560 2
1288 1434 2
1289 1501 2
1289 1701 2
1289 1850 2
1289 1665 2
1289 1520 2
1289 1842 2
1289 1813 2
1289 1837 2
1290 1412 2
1290 1353 2
1290 1449 2
1290 1561 2
1291 1293 2
1291 1867 2
1291 1774 2
1291 1930 2
1291 1543 2
1291 1837 2
1291 1897 2
1292 1319 2
1292 1852 2
1292 1860 2
1292 1762 2
1292 1960 2
1292 1408 2
1292 1377 2
1293 1488 2
1293 1580 2
1293 1687 2
1293 1660 2
1293 1321 2
1294 1326 2
1294 1806 2
1294 1905 2
1294 1713 2
1294 1709 2
1294 1616 2
1295 1692 2
1295 1835 2
1295 1758 2
1295 1628 2
1295 1752 2
1296 1698 2
1296 1690 2
1296 1636 2
1296 1573 2
1296 1368 2
1296 1564 2
1297 1500 2
1297 1366 2
1297 1326 2
1297 1843 2
1297 1420 2
1297 1341 2
1298 1891 2
1298 1993 2
1298 1621 2
1298 1624 2
1298 1721 2
1299 1943 2
1299 1726 2
1299 1779 2
1299 1319 2
1299 1757 2
1299 1902 2
1299 1357 2
1299 1885 2
1300 1861 2
1300 1790 2
1300 1890 2
1300 1675 2
1300 1412 2
1300 1718 2
1300 1665 2
1300 1732 2
1300 1538 2
1300 1992 2
1300 1954 2
1300 1443 2
1300 1503 2
1301 1398 2
1301 1328 2
1301 1778 2
1301 1988 2
1301 1692 2
1301 1985 2
1301 1623 2
1302 1477 2
1302 1779 2
1302 1345 2
1302 1907 2
1302 1520 2
1302 1451 2
1302 1574 2
1303 1822 2
1303 1898 2
1303 1896 2
1303 1641 2
1303 1740 2
1303 1611 2
1303 1980 2
1303 1838 2
1303 1882 2
1304 1723 2
1304 1424 2
1304 1459 2
1305 1745 2
1305 1849 2
1305 1351 2
1305 1845 2
1305 1310 2
1305 1526 2
1305 1469 2
1305 1898 2
1306 1681 2
1306 1889 2
1306 1886 2
1306 1874 2
1306 1348 2
1306 1462 2
1306 1808 2
1306 1511 2
1307 1885 2
1307 1936 2
1307 1478 2
1307 1697 2
1307 1321 2
1307 1686 2
1307 1496 2
1307 1971 2
1307 1526 2
1308 1638 2
1308 1623 2
1308 1834 2
1309 1488 2
1309 1801 2
1309 1668 2
1309 1646 2
1309 1463 2
1309 1506 2
1309 1878 2
1310 1361 2
1310 1880 2
1310 1694 2
1310 1671 2
1310 1851 2
1310 1536 2
1311 1901 2
1311 1986 2
1311 1598 2
1312 1456 2
1312 1781 2
1312 1855 2
1312 1762 2
1312 1500 2
1312 1548 2
1312 1405 2
1312 1317 2
1312 1735 2
1312 1650 2
1313 1441 2
1313 1551 2
1313 1510 2
1313 1795 2
1313 1409 2
1313 1653 2
1313 1975 2
1314 1677 2
1314 1592 2
1314 1843 2
1314 1880 2
1314 1451 2
1314 1972 2
1314 1533 2
1314 1497 2
1314 1748 2
1315 1602 2
1315 1699 2
1315 1356 2
1315 1827 2
1315 1455 2
1315 1522 2
1316 1394 2
1316 1410 2
1316 1606 2
1316 1484 2
1316 1576 2
1316 1771 2
1316 1844 2
1316 1770 2
1317 1898 2
1317 1964 2
1317 1940 2
1317 1557 2
1317 1489 2
1317 1694 2
1317 1882 2
1317 1638 2
1317 1867 2
1318 1330 2
1318 1608 2
1318 1546 2
1318 1730 2
1318 1892 2
1318 1323 2
1318 1953 2
1319 1522 2
1319 1996 2
1319 1719 2
1319 1641 2
1319 1461 2
1320 1440 2
1320 1583 2
1320 1826 2
1320 1337 2
1320 1897 2
1320 1728 2
1321 1363 2
1321 1693 2
1321 1371 2
1321 1950 2
1321 1679 2
1321 1922 2
1321 1585 2
1322 1890 2
1322 1975 2
1322 1699 2
1322 1607 2
1322 1460 2
1322 1487 2
1322 1991 2
1322 1478 2
1322 1632 2
1323 1860 2
1323 1748 2
1323 1790 2
1323 1649 2
1323 1732 2
1324 1949 2
1324 1895 2
1324 1406 2
1324 1590 2
1324 1496 2
1324 1349 2
1325 1903 2
1325 1668 2
1325 1845 2
1325 1492 2
1326 1894 2
1326 1480 2
1326 1448 2
1326 1332 2
1326 1826 2
1326 1657 2
1326 1366 2
1326 1482 2
1326 1565 2
1326 1436 2
1326 1963 2
1326 1905 2
1326 1592 2
1326 1520 2
1326 1724 2
1327 1669 2
1327 1398 2
1327 1412 2
1327 1591 2
1327 1365 2
1327 1786 2
1328 1779 2
1328 1466 2
1328 1496 2
1328 1578 2
1328 1442 2
1328 1536 2
1329 1868 2
1329 1431 2
1329 1556 2
1329 1367 2
1329 1705 2
1329 1470 2
1329 1846 2
1330 1855 2
1330 1536 2
1330 1750 2
1330 1917 2
1330 1979 2
1330 1493 2
1331 1450 2
1331 1822 2
1331 1452 2
1331 1787 2
1331 1999 2
1332 1345 2
1332 1803 2
1332 1710 2
1332 1953 2
1332 1668 2
1332 1407 2
1332 1885 2
1332 1476 2
1332 1464 2
1333 1935 2
1333 1904 2
1333 1657 2
1333 1430 2
1333 1561 2
1334 1916 2
1334 1362 2
1334 1621 2
1334 1738 2
1334 1630 2
1334 1717 2
1334 1651 2
1335 1504 2
1335 1465 2
1335 1888 2
1335 1665 2
1335 1949 2
1335 1748 2
1336 1880 2
1336 1767 2
1336 1576 2
1336 1590 2
1337 1666 2
1337 1775 2
1337 1757 2
1337 1788 2
1337 1708 2
1337 1690 2
1337 1677 2
1337 1745 2
1337 1683 2
1337 1362 2
1337 1365 2
1337 1972 2
1338 1802 2
1338 1897 2
1338 1732 2
1338 1799 2
1338 1352 2
1339 1537 2
1339 1842 2
1339 1638 2
1339 1759 2
1339 1760 2
1339 1988 2
1339 1940 2
1339 1775 2
1339 1719 2
1339 1424 2
1339 1510 2
1339 1530 2
1339 1676 2
1339 1955 2
1340 1676 2
1340 1880 2
1341 1744 2
1341 1603 2
1341 1345 2
1341 1346 2
1341 1471 2
1341 1672 2
1342 1377 2
1342 1754 2
1342 1621 2
1342 1406 2
1342 1413 2
1342 1693 2
1342 1984 2
1343 1668 2
1343 1366 2
1343 1512 2
1343 1447 2
1343 1469 2
1343 1754 2
1343 1682 2
1343 1602 2
1344 1696 2
1344 1554 2
1344 1421 2
1344 1431 2
1344 1670 2
1344 1964 2
1344 1355 2
1345 1554 2
1345 1500 2
1345 1833 2
1345 1818 2
1345 1915 2
1345 1669 2
1346 1444 2
1346 1864 2
1346 1465 2
1346 1663 2
1346 1362 2
1346 1725 2
1346 1854 2
1346 1369 2
1346 1422 2
1347 1858 2
1347 1399 2
1347 1897 2
1347 1960 2
1347 1810 2
1347 1530 2
1348 1551 2
1348 1390 2
1348 1546 2
1348 1601 2
1349 1394 2
1349 1595 2
1349 1648 2
1349 1795 2
1349 1896 2
1349 1789 2
1349 1423 2
1349 1784 2
1349 1817 2
1349 1412 2
1349 1667 2
1350 1771 2
1350 1734 2
1350 1442 2
1350 1530 2
1351 1449 2
1351 1865 2
1351 1638 2
1351 1528 2
1351 1925 2
1351 1733 2
1351 1363 2
1352 1531 2
1352 1941 2
1352 1506 2
1352 1565 2
1352 1762 2
1352 1922 2
1352 1511 2
1352 1618 2
1352 1897 2
1352 1574 2
1354 1769 2
1354 1799 2
1354 1501 2
1354 1533 2
1354 1414 2
1354 1527 2
1354 1552 2
1355 1917 2
1355 1874 2
1355 1831 2
1355 1708 2
1355 1397 2
1355 1388 2
1355 1710 2
1355 1473 2
1356 1927 2
1356 1902 2
1356 1957 2
1356 1605 2
1356 1450 2
1356 1659 2
1356 1620 2
1356 1650 2
1356 1691 2
1356 1905 2
1357 1778 2
1357 1551 2
1357 1803 2
1358 1698 2
1358 1565 2
1358 1777 2
1358 1793 2
1358 1888 2
1359 1463 2
1359 1653 2
1359 1632 2
1359 1906 2
1359 1784 2
1359 1671 2
1359 1452 2
1359 1370 2
1360 1493 2
1360 1795 2
1360 1771 2
1360 1619 2
1360 1856 2
1360 1947 2
1361 1851 2
1361 1780 2
1361 1916 2
1361 1493 2
1362 1430 2
1362 1825 2
1362 1932 2
1362 1733 2
1362 1640 2
1362 1722 2
1362 1914 2
1362 1864 2
1362 1911 2
1363 1462 2
1363 1810 2
1363 1896 2
1363 1989 2
1363 1614 2
1364 1673 2
1364 1453 2
1364 1514 2
1364 1835 2
1364 1945 2
1364 1803 2
1364 1684 2
1364 1932 2
1364 1992 2
1364 1623 2
1365 1562 2
1365 1609 2
1365 1835 2
1365 1432 2
1365 1773 2
1365 1430 2
1365 1638 2
1366 1640 2
1366 1647 2
1366 1674 2
1366 1476 2
1367 1958 2
1367 1397 2
1367 1458 2
1367 1654 2
1367 1700 2
1367 1751 2
1368 1900 2
1368 1842 2
1368 1940 2
1368 1972 2
1368 1479 2
1368 1721 2
1369 1915 2
1369 1408 2
1369 1959 2
1369 1769 2
1369 1980 2
1370 1856 2
1370 1472 2
1370 1511 2
1370 1903 2
1370 1597 2
1370 1673 2
1371 1859 2
1371 1722 2
1371 1518 2
1371 1437 2
1371 1630 2
1371 1435 2
1371 1610 2
1372 1692 2
1372 1664 2
1372 1536 2
1372 1644 2
1372 1425 2
1373 1706 2
1373 1687 2
1373 1565 2
1373 1393 2
1373 1670 2
1373 1610 2
1373 1827 2
1373 1990 2
1373 1483 2
1373 1853 2
1373 1665 2
1374 1504 2
1374 1777 2
1374 1502 2
1374 1893 2
1374 1552 2
1374 1992 2
1374 1730 2
1375 1969 2
1375 1557 2
1375 1405 2
1375 1920 2
1375 1867 2
1375 1503 2
1375 1922 2
1375 1416 2
1376 1852 2
1376 1594 2
1376 1917 2
1376 1673 2
1377 1908 2
1377 1855 2
1377 1715 2
1377 1495 2
1377 1492 2
1377 1798 2
1377 1733 2
1377 1996 2
1377 1379 2
1377 1791 2
1378 1927 2
1378 1520 2
1378 1534 2
1378 1555 2
1378 1548 2
1378 1585 2
1378 1438 2
1379 1603 2
1379 1683 2
1379 1631 2
1379 1381 2
1379 1609 2
1379 1877 2
1379 1502 2
1380 1447 2
1380 1861 2
1380 1974 2
1380 1862 2
1380 1420 2
1380 1423 2
1380 1436 2
1380 1438 2
1380 1478 2
1380 1481 2
1380 1516 2
1381 1986 2
1381 1781 2
1381 1554 2
1381 1490 2
1381 1679 2
1381 1933 2
1382 1880 2
1382 1675 2
1382 1693 2
1382 1729 2
1382 1917 2
1382 1545 2
1383 1627 2
1383 1632 2
1383 1992 2
1383 1573 2
1383 1549 2
1383 1995 2
1384 1444 2
1384 1643 2
1384 1872 2
1384 1994 2
1385 1470 2
1385 1568 2
1385 1691 2
1385 1846 2
1385 1731 2
1385 1811 2
1385 1534 2
1385 1778 2
1386 1813 2
1386 1500 2
1386 1895 2
1386 1529 2
1386 1578 2
1386 1507 2
1386 1607 2
1387 1839 2
1387 1811 2
1387 1685 2
1387 1771 2
1387 1434 2
1387 1746 2
1387 1461 2
1387 1916 2
1388 1746 2
1388 1504 2
1388 1808 2
1388 1819 2
1388 1889 2
1388 1631 2
1388 1459 2
1389 1952 2
1389 1911 2
1389 1779 2
1389 1701 2
1389 1901 2
1389 1950 2
1390 1403 2
1390 1447 2
1390 1495 2
1390 1778 2
1390 1434 2
1390 1538 2
1390 1871 2
1390 1486 2
1391 1786 2
1391 1959 2
1391 1835 2
1391 1589 2
1391 1669 2
1391 1762 2
1391 1640 2
1392 1901 2
1392 1937 2
1392 1926 2
1392 1975 2
1392 1923 2
1392 1677 2
1392 1728 2
1392 1542 2
1392 1642 2
1393 1475 2
1393 1911 2
1393 1569 2
1393 1406 2
1393 1934 2
1393 1560 2
1393 1725 2
1394 1918 2
1394 1544 2
1394 1833 2
1394 1906 2
1394 1647 2
1394 1507 2
1394 1557 2
1395 1902 2
1395 1823 2
1395 1480 2
1395 1522 2
1395 1708 2
1395 1665 2
1395 1543 2
1395 1937 2
1395 1896 2
1396 1786 2
1396 1666 2
1396 1590 2
1396 1997 2
1396 1467 2
1397 1825 2
1397 1919 2
1397 1669 2
1397 1441 2
1397 1985 2
1397 1894 2
1397 1917 2
1397 1437 2
1398 1826 2
1398 1918 2
1398 1715 2
1398 1710 2
1398 1600 2
1398 1758 2
1398 1508 2
1398 1400 2
1399 1822 2
1399 1951 2
1399 1770 2
1399 1531 2
1399 1458 2
1399 1588 2
1399 1651 2
1399 1447 2
1400 1729 2
1400 1598 2
1400 1746 2
1400 1515 2
1400 1759 2
1401 1908 2
1401 1638 2
1401 1941 2
1402 1784 2
1402 1469 2
1403 1543 2
1403 1726 2
1403 1860 2
1403 1438 2
1404 1616 2
1404 1552 2
1404 1423 2
1404 1768 2
1404 1845 2
1405 1970 2
1405 1977 2
1405 1940 2
1406 1529 2
1406 1502 2
1406 1525 2
1406 1571 2
1406 1460 2
1406 1600 2
1406 1655 2
1406 1521 2
1407 1782 2
1407 1429 2
1407 1533 2
1407 1763 2
1407 1973 2
1407 1653 2
1408 1857 2
1408 1413 2
1408 1817 2
1408 1486 2
1408 1430 2
1409 1650 2
1409 1546 2
1409 1700 2
1409 1669 2
1409 1913 2
1409 1930 2
1409 1959 2
1410 1948 2
1410 1808 2
1410 1665 2
1410 1674 2
1410 1841 2
1410 1867 2
1411 1704 2
1411 1948 2
1411 1807 2
1411 1660 2
1411 1979 2
1411 1945 2
1411 1818 2
1412 1733 2
1412 1937 2
1412 1687 2
1413 1522 2
1413 1847 2
1413 1482 2
1413 1999 2
1413 1759 2
1413 1595 2
1413 1505 2
1414 1487 2
1414 1897 2
1414 1788 2
1415 1649 2
1415 1864 2
1415 1647 2
1415 1641 2
1415 1551 2
1416 1645 2
1416 1492 2
1416 1797 2
1416 1690 2
1416 1788 2
1417 1489 2
1417 1888 2
1417 1483 2
1417 1576 2
1417 1912 2
1417 1457 2
1417 1901 2
1417 1684 2
1417 1870 2
1418 1957 2
1418 1593 2
1418 1865 2
1418 1486 2
1418 1885 2
1418 1758 2
1418 1795 2
1418 1431 2
1419 1898 2
1419 1605 2
1419 1902 2
1419 1957 2
1419 1549 2
1419 1620 2
1419 1682 2
1420 1486 2
1420 1449 2
1420 1992 2
1420 1963 2
1420 1662 2
1420 1633 2
1421 1494 2
1421 1777 2
1421 1578 2
1421 1551 2
1421 1815 2
1422 1530 2
1422 1640 2
1422 1791 2
1422 1705 2
1424 1546 2
1424 1669 2
1424 1660 2
1424 1699 2
1424 1815 2
1425 1509 2
1425 1511 2
1426 1589 2
1426 1697 2
1426 1613 2
1426 1970 2
1426 1933 2
1426 1880 2
1426 1456 2
1426 1566 2
1427 1609 2
1427 1704 2
1427 1917 2
1427 1599 2
1427 1646 2
1428 1483 2
1428 1598 2
1428 1711 2
1428 1651 2
1428 1892 2
1428 1667 2
1429 1537 2
1429 1481 2
1429 1745 2
1429 1886 2
1429 1796 2
1429 1540 2
1430 1591 2
1431 1843 2
1431 1822 2
1431 1951 2
1431 1690 2
1431 1497 2
1431 1695 2
1432 1701 2
1432 1643 2
1432 1681 2
1432 1847 2
1432 1448 2
1432 1492 2
1433 1515 2
1433 1871 2
1433 1872 2
1433 1501 2
1433 1507 2
1433 1522 2
1433 1996 2
1434 1455 2
1434 1436 2
1434 1884 2
1434 1960 2
1435 1450 2
1435 1440 2
1435 1572 2
1436 1802 2
1436 1665 2
1436 1535 2
1436 1968 2
1436 1445 2
1436 1819 2
1436 1491 2
1437 1536 2
1437 1832 2
1437 1939 2
1438 1851 2
1438 1968 2
1438 1610 2
1439 1617 2
1439 1715 2
1439 1548 2
1439 1662 2
1439 1484 2
1439 1926 2
1439 1814 2
1439 1652 2
1439 1579 2
1439 1699 2
1439 1670 2
1439 1710 2
1439 1889 2
1440 1992 2
1440 1834 2
1441 1765 2
1441 1866 2
1441 1540 2
1441 1589 2
1441 1734 2
1441 1790 2
1442 1828 2
1442 1985 2
1442 1456 2
1442 1582 2
1442 1844 2
1442 1947 2
1442 1820 2
1442 1538 2
1442 1840 2
1443 1835 2
1443 1781 2
1443 1509 2
1443 1747 2
1444 1896 2
1444 1670 2
1444 1685 2
1445 1960 2
1445 1521 2
1445 1881 2
1445 1954 2
1445 1505 2
1446 1478 2
1446 1941 2
1446 1569 2
1446 1918 2
1446 1937 2
1446 1897 2
1446 1577 2
1446 1965 2
1447 1608 2
1447 1651 2
1447 1604 2
1447 1797 2
1447 1967 2
1447 1983 2
1447 1853 2
1447 1625 2
1448 1629 2
1448 1772 2
1448 1785 2
1449 1846 2
1449 1940 2
1449 1612 2
1450 1856 2
1450 1627 2
1450 1457 2
1450 1786 2
1450 1809 2
1450 1765 2
1450 1986 2
1450 1827 2
1450 1917 2
1450 1608 2
1451 1791 2
1451 1700 2
1451 1578 2
1451 1670 2
1451 1853 2
1451 1750 2
1452 1931 2
1452 1627 2
1452 1794 2
1452 1642 2
1452 1672 2
1452 1819 2
1452 1552 2
1452 1836 2
1452 1487 2
1453 1906 2
1453 1717 2
1453 1688 2
1453 1667 2
1453 1905 2
1453 1531 2
1453 1580 2
1454 1855 2
1454 1777 2
1455 1826 2
1455 1905 2
1455 1638 2
1456 1503 2
1456 1922 2
1456 1575 2
1456 1609 2
1456 1805 2
1456 1985 2
1457 1753 2
1457 1964 2
1457 1793 2
1457 1487 2
1457 1907 2
1457 1879 2
1457 1843 2
1457 1652 2
1457 1946 2
1458 1947 2
1458 1509 2
1458 1779 2
1458 1542 2
1458 1761 2
1458 1813 2
1459 1463 2
1459 1959 2
1459 1711 2
1460 1964 2
1460 1843 2
1460 1810 2
1460 1968 2
1461 1940 2
1461 1699 2
1461 1897 2
1461 1481 2
1462 1988 2
1462 1794 2
1462 1622 2
1462 1631 2
1462 1563 2
1462 1765 2
1463 1784 2
1463 1759 2
1463 1925 2
1463 1924 2
1463 1615 2
1463 1664 2
1464 1731 2
1464 1778 2
1464 1507 2
1464 1667 2
1464 1850 2
1464 1764 2
1465 1928 2
1465 1556 2
1465 1908 2
1465 1960 2
1465 1581 2
1465 1872 2
1465 1536 2
1466 1952 2
1466 1684 2
1466 1701 2
1466 1874 2
1467 1745 2
1467 1947 2
1467 1950 2
1468 1800 2
1468 1790 2
1468 1754 2
1469 1636 2
1469 1611 2
1469 1570 2
1469 1918 2
1469 1845 2
1469 1584 2
1469 1757 2
1469 1908 2
1470 1515 2
1470 1771 2
1470 1964 2
1471 1647 2
1471 1601 2
1471 1892 2
1471 1972 2
1471 1775 2
1472 1789 2
1472 1537 2
1472 1854 2
1472 1577 2
1472 1741 2
1472 1582 2
1473 1603 2
1473 1551 2
1473 1529 2
1473 1986 2
1474 1713 2
1474 1869 2
1474 1609 2
1474 1777 2
1475 1564 2
1475 1831 2
1475 1908 2
1475 1948 2
1475 1843 2
1475 1886 2
1475 1907 2
1475 1758 2
1476 1500 2
1476 1658 2
1476 1595 2
1476 1673 2
1476 1890 2
1476 1772 2
1476 1960 2
1477 1797 2
1477 1950 2
1477 1922 2
1477 1723 2
1478 1612 2
1478 1724 2
1478 1858 2
1478 1511 2
1478 1546 2
1478 1988 2
1479 1855 2
1480 1656 2
1480 1857 2
1480 1934 2
1481 1801 2
1481 1860 2
1481 1937 2
1482 1581 2
1482 1869 2
1482 1950 2
1482 1597 2
1482 1968 2
1482 1565 2
1482 1751 2
1484 1498 2
1484 1516 2
1484 1570 2
1484 1749 2
1484 1832 2
1484 1952 2
1484 1890 2
1484 1609 2
1485 1698 2
1485 1526 2
1485 1564 2
1485 1778 2
1485 1560 2
1485 1716 2
1486 1984 2
1486 1955 2
1486 1722 2
1486 1509 2
1486 1515 2
1486 1615 2
1486 1778 2
1486 1835 2
1487 1817 2
1487 1593 2
1487 1668 2
1487 1917 2
1487 1518 2
1487 1700 2
1487 1999 2
1487 1759 2
1487 1780 2
1488 1896 2
1488 1491 2
1488 1625 2
1489 1796 2
1489 1765 2
1489 1849 2
1489 1934 2
1489 1639 2
1490 1687 2
1490 1566 2
1491 1722 2
1491 1870 2
1491 1634 2
1491 1993 2
1491 1787 2
1492 1562 2
1492 1500 2
1492 1837 2
1493 1804 2
1493 1503 2
1493 1955 2
1494 1987 2
1494 1526 2
1495 1582 2
1495 1921 2
1495 1538 2
1495 1975 2
1495 1590 2
1496 1723 2
1496 1526 2
1496 1906 2
1496 1701 2
1496 1852 2
1496 1977 2
1496 1535 2
1496 1755 2
1497 1928 2
1497 1566 2
1497 1771 2
1498 1884 2
1498 1894 2
1498 1775 2
1498 1583 2
1498 1813 2
1498 1587 2
1498 1998 2
1498 1921 2
1499 1563 2
1499 1556 2
1499 1886 2
1500 1582 2
1500 1871 2
1500 1610 2
1500 1660 2
1500 1826 2
1500 1885 2
1501 1921 2
1502 1616 2
1502 1750 2
1502 1542 2
1502 1827 2
1502 1577 2
1503 1964 2
1503 1557 2
1503 1784 2
1504 1902 2
1504 1853 2
1504 1679 2
1504 1810 2
1504 1971 2
1504 1647 2
1505 1993 2
1505 1946 2
1505 1707 2
1505 1826 2
1505 1911 2
1506 1609 2
1506 1696 2
1506 1766 2
1506 1754 2
1506 1895 2
1506 1922 2
1506 1868 2
1506 1920 2
1506 1657 2
1506 1979 2
1506 1559 2
1507 1948 2
1507 1956 2
1507 1636 2
1507 1540 2
1507 1654 2
1508 1947 2
1508 1758 2
1509 1946 2
1509 1615 2
1509 1829 2
1509 1688 2
1509 1727 2
1509 1517 2
1509 1599 2
1510 1537 2
1510 1668 2
1510 1692 2
1511 1751 2
1511 1559 2
1511 1750 2
1511 1997 2
1511 1747 2
1511 1966 2
1511 1698 2
1511 1720 2
1512 1839 2
1512 1680 2
1512 1941 2
1512 1620 2
1513 1947 2
1513 1955 2
1513 1776 2
1513 1558 2
1514 1763 2
1514 1703 2
1514 1590 2
1515 1634 2
1515 1903 2
1515 1642 2
1516 1905 2
1516 1790 2
1517 1690 2
1517 1518 2
1517 1533 2
1517 1720 2
1517 1770 2
1517 1587 2
1518 1930 2
1518 1708 2
1518 1613 2
1518 1577 2
1518 1563 2
1519 1958 2
1519 1696 2
1519 1568 2
1519 1823 2
1520 1792 2
1520 1824 2
1520 1745 2
1520 1849 2
1520 1928 2
1520 1845 2
1520 1946 2
1521 1949 2
1521 1714 2
1521 1792 2
1522 1861 2
1522 1567 2
1522 1963 2
1522 1721 2
1522 1968 2
1522 1568 2
1522 1670 2
1523 1740 2
1523 1678 2
1523 1817 2
1523 1569 2
1523 1936 2
1523 1965 2
1524 1941 2
1524 1835 2
1524 1664 2
1524 1859 2
1524 1647 2
1525 1667 2
1525 1908 2
1525 1709 2
1526 1778 2
1526 1755 2
1526 1925 2
1526 1812 2
1527 1977 2
1527 1852 2
1527 1833 2
1527 1826 2
1527 1911 2
1527 1719 2
1527 1707 2
1527 1640 2
1528 1683 2
1528 1922 2
1528 1931 2
1528 1777 2
1528 1898 2
1528 1894 2
1528 1732 2
1528 1788 2
1528 1918 2
1528 1830 2
1528 1680 2
1528 1820 2
1528 1578 2
1529 1797 2
1530 1625 2
1530 1583 2
1530 1774 2
1530 1748 2
1531 1926 2
1531 1898 2
1531 1692 2
1531 1811 2
1532 1777 2
1532 1584 2
1532 1603 2
1532 1716 2
1533 1544 2
1533 1628 2
1533 1727 2
1533 1985 2
1533 1717 2
1533 1539 2
1533 1882 2
1534 1811 2
1534 1640 2
1534 1894 2
1535 1926 2
1535 1974 2
1535 1632 2
1535 1835 2
1535 1657 2
1535 1764 2
1536 1662 2
1536 1955 2
1536 1838 2
1536 1742 2
1536 1566 2
1536 1627 2
1537 1782 2
1537 1541 2
1537 1855 2
1537 1856 2
1538 1964 2
1538 1756 2
1538 1712 2
1538 1811 2
1539 1678 2
1539 1832 2
1539 1950 2
1539 1847 2
1539 1975 2
1539 1994 2
1540 1961 2
1540 1930 2
1540 1665 2
1540 1719 2
1540 1920 2
1541 1662 2
1541 1886 2
1541 1632 2
1541 1654 2
1541 1649 2
1541 1947 2
1541 1761 2
1542 1733 2
1542 1927 2
1542 1550 2
1542 1822 2
1543 1742 2
1543 1971 2
1543 1878 2
1543 1929 2
1543 1865 2
1544 1754 2
1544 1899 2
1544 1571 2
1545 1909 2
1545 1873 2
1545 1574 2
1545 1671 2
1545 1699 2
1546 1938 2
1546 1946 2
1546 1591 2
1546 1732 2
1547 1562 2
1547 1941 2
1547 1906 2
1547 1616 2
1547 1704 2
1547 1666 2
1547 1876 2
1547 1759 2
1548 1598 2
1548 1821 2
1548 1987 2
1549 1732 2
1549 1802 2
1549 1597 2
1549 1846 2
1549 1786 2
1549 1676 2
1549 1661 2
1550 1955 2
1550 1987 2
1551 1655 2
1551 1673 2
1551 1897 2
1551 1727 2
1552 1575 2
1552 1731 2
1552 1948 2
1552 1571 2
1552 1657 2
1552 1662 2
1552 1650 2
1553 1769 2
1554 1622 2
1554 1635 2
1555 1675 2
1555 1639 2
1555 1943 2
1555 1749 2
1555 1994 2
1555 1831 2
1555 1723 2
1556 1780 2
1556 1587 2
1556 1940 2
1556 1722 2
1556 1976 2
1557 1622 2
1557 1821 2
1557 1675 2
1557 1698 2
1557 1949 2
1557 1724 2
1557 1840 2
1558 1806 2
1558 1654 2
1559 1887 2
1559 1963 2
1559 1629 2
1559 1785 2
1560 1963 2
1561 1737 2
1561 1964 2
1562 1937 2
1562 1725 2
1562 1652 2
1562 1919 2
1562 1594 2
1562 1964 2
1563 1851 2
1563 1570 2
1563 1862 2
1564 1734 2
1564 1670 2
1564 1628 2
1564 1697 2
1564 1713 2
1565 1694 2
1565 1866 2
1565 1697 2
1565 1856 2
1566 1946 2
1566 1973 2
1566 1864 2
1566 1591 2
1566 1621 2
1567 1713 2
1567 1676 2
1567 1685 2
1567 1841 2
1567 1930 2
1568 1884 2
1568 1926 2
1568 1924 2
1569 1754 2
1569 1809 2
1569 1987 2
1569 1765 2
1569 1932 2
1569 1716 2
1569 1683 2
1570 1856 2
1570 1956 2
1570 1867 2
1570 1960 2
1570 1659 2
1570 1587 2
1571 1773 2
1571 1604 2
1571 1752 2
1571 1729 2
1571 1741 2
1572 1694 2
1572 1889 2
1573 1778 2
1573 1767 2
1574 1870 2
1574 1664 2
1574 1947 2
1575 1788 2
1575 1950 2
1575 1647 2
1575 1956 2
1575 1982 2
1575 1990 2
1575 1628 2
1576 1645 2
1576 1848 2
1576 1836 2
1576 1662 2
1576 1879 2
1577 1620 2
1577 1920 2
1577 1705 2
1578 1641 2
1578 1694 2
1578 1730 2
1578 1786 2
1578 1870 2
1579 1862 2
1579 1962 2
1579 1723 2
1579 1881 2
1579 1594 2
1580 1853 2
1580 1866 2
1580 1832 2
1580 1983 2
1580 1712 2
1580 1997 2
1580 1593 2
1580 1809 2
1580 1951 2
1581 1634 2
1581 1672 2
1581 1938 2
1581 1877 2
1582 1719 2
1582 1760 2
1583 1736 2
1583 1711 2
1583 1932 2
1584 1985 2
1584 1975 2
1584 1945 2
1584 1661 2
1584 1822 2
1584 1817 2
1584 1912 2
1585 1937 2
1585 1600 2
1585 1831 2
1585 1897 2
1585 1794 2
1586 1739 2
1586 1845 2
1586 1588 2
1586 1763 2
1586 1812 2
1587 1877 2
1587 1947 2
1587 1726 2
1587 1916 2
1587 1688 2
1588 1927 2
1588 1949 2
1588 1635 2
1589 1666 2
1589 1732 2
1589 1621 2
1589 1825 2
1589 1852 2
1590 1933 2
1590 1889 2
1590 1999 2
1591 1997 2
1592 1771 2
1592 1597 2
1592 1916 2
1593 1670 2
1593 1915 2
1593 1977 2
1593 1881 2
1593 1730 2
1593 1742 2
1594 1915 2
1594 1801 2
1595 1863 2
1595 1828 2
1595 1658 2
1595 1934 2
1595 1966 2
1596 1658 2
1596 1811 2
1596 1620 2
1597 1713 2
1597 1933 2
1597 1834 2
1598 1880 2
1598 1766 2
1598 1998 2
1598 1696 2
1598 1641 2
1598 1802 2
1599 1896 2
1599 1840 2
1599 1651 2
1599 1945 2
1599 1765 2
1599 1738 2
1599 1733 2
1600 1962 2
1600 1810 2
1601 1868 2
1601 1854 2
1601 1803 2
1601 1790 2
1601 1827 2
1601 1949 2
1601 1681 2
1601 1800 2
1602 1773 2
1602 1672 2
1602 1909 2
1602 1992 2
1602 1807 2
1602 1824 2
1603 1735 2
1603 1822 2
1603 1695 2
1603 1963 2
1603 1648 2
1604 1652 2
1604 1874 2
1605 1846 2
1605 1871 2
1606 1699 2
1606 1746 2
1606 1608 2
1606 1840 2
1607 1857 2
1607 1743 2
1607 1885 2
1607 1822 2
1608 1770 2
1608 1792 2
1608 1877 2
1608 1998 2
1609 1672 2
1610 1896 2
1610 1843 2
1610 1991 2
1610 1694 2
1611 1631 2
1611 1919 2
1611 1709 2
1611 1776 2
1611 1699 2
1612 1800 2
1612 1979 2
1613 1621 2
1613 1781 2
1613 1870 2
1613 1921 2
1613 1696 2
1613 1846 2
1613 1677 2
1614 1672 2
1614 1936 2
1614 1730 2
1615 1929 2
1616 1875 2
1616 1880 2
1617 1965 2
1617 1685 2
1618 1667 2
1618 1854 2
1618 1966 2
1618 1771 2
1618 1894 2
1619 1671 2
1619 1991 2
1619 1874 2
1619 1876 2
1619 1676 2
1619 1823 2
1619 1652 2
1619 1936 2
1619 1723 2
1620 1915 2
1620 1818 2
1620 1951 2
1620 1893 2
1620 1931 2
1621 1678 2
1621 1675 2
1622 1794 2
1622 1715 2
1622 1887 2
1622 1678 2
1623 1791 2
1623 1667 2
1624 1754 2
1624 1938 2
1624 1696 2
1625 1992 2
1625 1813 2
1626 1733 2
1626 1915 2
1626 1976 2
1626 1669 2
1626 1816 2
1627 1727 2
1627 1879 2
1627 1910 2
1627 1683 2
1627 1998 2
1627 1951 2
1628 1634 2
1628 1949 2
1628 1768 2
1628 1713 2
1629 1868 2
1629 1999 2
1629 1646 2
1629 1874 2
1629 1802 2
1630 1644 2
1630 1700 2
1630 1660 2
1630 1939 2
1631 1832 2
1631 1828 2
1632 1925 2
1632 1921 2
1633 1845 2
1633 1836 2
1633 1904 2
1634 1785 2
1634 1791 2
1634 1776 2
1636 1701 2
1636 1799 2
1636 1990 2
1636 1711 2
1636 1796 2
1637 1730 2
1637 1976 2
1638 1704 2
1638 1979 2
1638 1969 2
1639 1930 2
1640 1732 2
1640 1923 2
1640 1835 2
1640 1963 2
1640 1853 2
1641 1768 2
1641 1864 2
1642 1844 2
1642 1860 2
1642 1998 2
1642 1658 2
1643 1864 2
1644 1962 2
1644 1905 2
1644 1902 2
1646 1761 2
1646 1794 2
1646 1785 2
1646 1850 2
1646 1879 2
1646 1989 2
1647 1966 2
1647 1769 2
1647 1885 2
1648 1738 2
1648 1854 2
1648 1898 2
1649 1701 2
1649 1795 2
1649 1858 2
1649 1967 2
1650 1877 2
1650 1986 2
1651 1954 2
1652 1661 2
1652 1755 2
1653 1858 2
1653 1969 2
1653 1931 2
1654 1772 2
1654 1758 2
1654 1714 2
1654 1962 2
1654 1680 2
1654 1906 2
1655 1838 2
1656 1928 2
1656 1797 2
1656 1867 2
1656 1954 2
1656 1733 2
1656 1985 2
1656 1989 2
1656 1904 2
1657 1935 2
1657 1956 2
1657 1850 2
1657 1829 2
1658 1907 2
1658 1968 2
1658 1947 2
1659 1968 2
1659 1925 2
1659 1752 2
1659 1662 2
1659 1820 2
1660 1738 2
1660 1821 2
1661 1861 2
1662 1664 2
1662 1712 2
1662 1729 2
1662 1859 2
1663 1779 2
1663 1826 2
1664 1822 2
1664 1909 2
1664 1800 2
1664 1729 2
1664 1709 2
1665 1861 2
1665 1757 2
1665 1868 2
1666 1783 2
1666 1827 2
1666 1836 2
1666 1898 2
1667 1824 2
1667 1912 2
1667 1820 2
1667 1950 2
1667 1860 2
1667 1758 2
1667 1916 2
1667 1924 2
1668 1911 2
1668 1680 2
1668 1821 2
1669 1673 2
1669 1841 2
1669 1989 2
1669 1840 2
1669 1737 2
1669 1672 2
1669 1781 2
1670 1794 2
1671 1989 2
1671 1979 2
1671 1914 2
1671 1897 2
1672 1767 2
1673 1967 2
1674 1761 2
1674 1710 2
1674 1933 2
1674 1713 2
1676 1764 2
1677 1796 2
1678 1820 2
1678 1890 2
1679 1836 2
1679 1951 2
1679 1690 2
1679 1919 2
1679 1952 2
1680 1846 2
1680 1825 2
1681 1775 2
1681 1716 2
1681 1776 2
1681 1828 2
1681 1691 2
1682 1840 2
1682 1818 2
1682 1964 2
1682 1798 2
1682 1992 2
1682 1738 2
1682 1820 2
1682 1774 2
1683 1998 2
1683 1776 2
1684 1796 2
1684 1708 2
1684 1727 2
1684 1994 2
1684 1729 2
1684 1807 2
1685 1775 2
1685 1691 2
1686 1755 2
1686 1956 2
1686 1871 2
1687 1697 2
1688 1949 2
1688 1754 2
1689 1854 2
1689 1769 2
1689 1787 2
1689 1816 2
1689 1779 2
1689 1940 2
1689 1867 2
1689 1759 2
1690 1869 2
1690 1732 2
1691 1861 2
1691 1915 2
1692 1887 2
1692 1774 2
1692 1728 2
1692 1828 2
1693 1993 2
1693 1866 2
1693 1823 2
1693 1894 2
1693 1710 2
1693 1996 2
1694 1904 2
1694 1861 2
1694 1702 2
1694 1726 2
1695 1914 2
1695 1734 2
1696 1767 2
1696 1929 2
1696 1884 2
1696 1811 2
1696 1948 2
1696 1864 2
1697 1751 2
1697 1897 2
1697 1715 2
1698 1906 2
1698 1777 2
1699 1880 2
1699 1912 2
1700 1707 2
1700 1795 2
1700 1715 2
1700 1989 2
1701 1801 2
1701 1731 2
1701 1768 2
1702 1874 2
1702 1989 2
1702 1713 2
1703 1911 2
1703 1988 2
1704 1988 2
1704 1728 2
1704 1860 2
1705 1799 2
1705 1817 2
1706 1912 2
1706 1838 2
1706 1824 2
1706 1754 2
1707 1925 2
1708 1771 2
1708 1757 2
1710 1884 2
1710 1797 2
1710 1907 2
1710 1745 2
1711 1968 2
1711 1878 2
1712 1823 2
1712 1985 2
1712 1902 2
1712 1995 2
1713 1971 2
1713 1730 2
1714 1787 2
1714 1948 2
1715 1950 2
1715 1833 2
1716 1985 2
1716 1882 2
1716 1830 2
1717 1788 2
1717 1801 2
1717 1898 2
1718 1990 2
1718 1826 2
1718 1743 2
1718 1951 2
1718 1744 2
1719 1934 2
1719 1826 2
1720 1867 2
1720 1847 2
1720 1762 2
1720 1925 2
1720 1976 2
1721 1904 2
1721 1810 2
1722 1958 2
1722 1902 2
1722 1824 2
1722 1812 2
1723 1926 2
1723 1814 2
1723 1881 2
1723 1898 2
1724 1769 2
1724 1775 2
1724 1918 2
1724 1963 2
1724 1732 2
1725 1979 2
1725 1862 2
1725 1910 2
1725 1731 2
1725 1797 2
1726 1778 2
1727 1929 2
1727 1997 2
1727 1808 2
1729 1948 2
1729 1861 2
1729 1986 2
1729 1855 2
1729 1740 2
1729 1919 2
1730 1971 2
1730 1806 2
1731 1904 2
1731 1773 2
1732 1994 2
1732 1883 2
1732 1907 2
1732 1893 2
1732 1924 2
1733 1966 2
1733 1840 2
1733 1898 2
1733 1792 2
1734 1951 2
1734 1797 2
1734 1738 2
1734 1992 2
1734 1820 2
1735 1946 2
1736 1802 2
1736 1935 2
1736 1984 2
1737 1738 2
1737 1998 2
1737 1946 2
1737 1933 2
1737 1885 2
1738 1944 2
1739 1843 2
1739 1969 2
1739 1886 2
1740 1826 2
1740 1953 2
1740 1991 2
1741 1758 2
1741 1973 2
1741 1959 2
1741 1808 2
1741 1905 2
1742 1777 2
1742 1787 2
1742 1993 2
1743 1836 2
1744 1814 2
1744 1894 2
1744 1747 2
1746 1823 2
1746 1861 2
1746 1954 2
1747 1785 2
1747 1869 2
1748 1908 2
1748 1862 2
1750 1777 2
1750 1916 2
1750 1915 2
1750 1811 2
1750 1985 2
1750 1785 2
1750 1988 2
1750 1884 2
1751 1972 2
1752 1804 2
1753 1780 2
1753 1913 2
1753 1847 2
1753 1848 2
1754 1964 2
1754 1788 2
1755 1988 2
1756 1914 2
1756 1983 2
1757 1916 2
1757 1871 2
1757 1794 2
1758 1793 2
1758 1847 2
1759 1888 2
1759 1928 2
1760 1872 2
1761 1951 2
1761 1879 2
1761 1777 2
1762 1831 2
1762 1810 2
1763 1893 2
1763 1897 2
1764 1794 2
1764 1814 2
1764 1883 2
1764 1876 2
1765 1864 2
1766 1811 2
1766 1781 2
1767 1903 2
1767 1976 2
1767 1991 2
1768 1953 2
1768 1958 2
1768 1869 2
1769 1836 2
1769 1777 2
1770 1812 2
1772 1900 2
1772 1896 2
1772 1873 2
1772 1829 2
1773 1910 2
1774 1850 2
1775 1796 2
1775 1962 2
1777 1888 2
1777 1916 2
1778 1814 2
1778 1903 2
1778 1893 2
1778 1932 2
1779 1859 2
1779 1817 2
1779 1868 2
1780 1883 2
1782 1808 2
1782 1939 2
1782 1914 2
1783 1912 2
1784 1929 2
1784 1910 2
1785 1797 2
1785 1968 2
1785 1787 2
1786 1805 2
1786 1873 2
1787 1916 2
1787 1861 2
1787 1833 2
1788 1802 2
1788 1807 2
1788 1795 2
1789 1893 2
1789 1853 2
1789 1972 2
1790 1799 2
1790 1928 2
1790 1959 2
1791 1898 2
1791 1896 2
1791 1959 2
1791 1811 2
1792 1935 2
1792 1794 2
1792 1821 2
1793 1922 2
1793 1874 2
1793 1844 2
1794 1856 2
1794 1889 2
1795 1978 2
1795 1828 2
1795 1890 2
1795 1901 2
1795 1819 2
1796 1980 2
1796 1958 2
1796 1965 2
1798 1933 2
1799 1971 2
1799 1855 2
1799 1874 2
1799 1911 2
1800 1970 2
1800 1807 2
1800 1931 2
1800 1812 2
1801 1843 2
1803 1838 2
1803 1859 2
1804 1953 2
1806 1874 2
1806 1970 2
1806 1983 2
1806 1930 2
1807 1892 2
1807 1835 2
1808 1993 2
1808 1821 2
1809 1883 2
1809 1911 2
1809 1861 2
1810 1827 2
1811 1962 2
1811 1990 2
1813 1917 2
1814 1916 2
1815 1976 2
1815 1904 2
1816 1903 2
1816 1935 2
1817 1954 2
1817 1879 2
1817 1848 2
1818 1971 2
1819 1853 2
1819 1890 2
1822 1825 2
1822 1868 2
1822 1916 2
1823 1974 2
1823 1840 2
1823 1905 2
1824 1854 2
1825 1871 2
1825 1981 2
1826 1853 2
1826 1879 2
1826 1869 2
1829 1999 2
1831 1900 2
1831 1956 2
1832 1975 2
1832 1904 2
1833 1899 2
1834 1913 2
1834 1865 2
1835 1836 2
1835 1995 2
1838 1862 2
1838 1900 2
1840 1947 2
1842 1945 2
1844 1845 2
1844 1889 2
1845 1929 2
1847 1917 2
1848 1856 2
1849 1924 2
1849 1871 2
1849 1934 2
1850 1906 2
1850 1900 2
1850 1884 2
1852 1923 2
1853 1979 2
1854 1862 2
1855 1910 2
1856 1903 2
1857 1879 2
1857 1875 2
1858 1998 2
1858 1870 2
1859 1884 2
1860 1874 2
1861 1936 2
1861 1896 2
1861 1949 2
1861 1908 2
1861 1956 2
1862 1934 2
1863 1962 2
1864 1987 2
1866 1934 2
1867 1899 2
1868 1999 2
1869 1986 2
1870 1905 2
1871 1988 2
1871 1896 2
1871 1978 2
1872 1894 2
1873 1938 2
1874 1971 2
1876 1935 2
1876 1893 2
1876 1983 2
1876 1942 2
1877 1927 2
1879 1980 2
1879 1965 2
1879 1999 2
1880 1982 2
1882 1975 2
1882 1996 2
1882 1958 2
1883 1975 2
1885 1930 2
1885 1966 2
1886 1891 2
1887 1959 2
1888 1994 2
1889 1970 2
1891 1898 2
1892 1916 2
1892 1938 2
1892 1962 2
1894 1931 2
1894 1951 2
1895 1908 2
1897 1987 2
1898 1932 2
1898 1940 2
1899 1906 2
1899 1949 2
1900 1975 2
1900 1909 2
1901 1953 2
1903 1972 2
1904 1932 2
1906 1945 2
1906 1959 2
1907 1999 2
1908 1940 2
1910 1940 2
1910 1920 2
1911 1936 2
1912 1935 2
1912 1945 2
1913 1999 2
1914 1959 2
1915 1929 2
1919 1966 2
1919 1922 2
1919 1993 2
1921 1946 2
1921 1959 2
1922 1950 2
1928 1954 2
1928 1971 2
1930 1976 2
1939 1982 2
1939 1945 2
1940 1963 2
1940 1979 2
1942 1999 2
1951 1975 2
1952 1960 2
1956 1990 2
1958 1988 2
1959 1975 2
1964 1967 2
1968 1996 2
1969 1978 2
1973 1986 2
1980 1994 2
1985 1997 2
0 0 -20
1 1 -24
2 2 -23
3 3 -18
4 4 -18
5 5 -18
6 6 -21
7 7 -24
8 8 -20
9 9 -26
10 10 -19
11 11 -16
12 12 -19
13 13 -14
14 14 -17
15 15 -23
16 16 -12
17 17 -24
18 18 -22
19 19 -22
20 20 -19
21 21 -17
22 22 -23
23 23 -19
24 24 -22
25 25 -24
26 26 -22
27 27 -13
28 28 -15
29 29 -18
30 30 -23
31 31 -13
32 32 -31
33 33 -14
34 34 -22
35 35 -13
36 36 -23
37 37 -16
38 38 -20
39 39 -17
40 40 -18
41 41 -17
42 42 -17
43 43 -19
44 44 -22
45 45 -22
46 46 -25
47 47 -25
48 48 -29
49 49 -27
50 50 -16
51 51 -28
52 52 -17
53 53 -20
54 54 -23
55 55 -21
56 56 -18
57 57 -23
58 58 -19
59 59 -16
60 60 -15
61 61 -28
62 62 -32
63 63 -17
64 64 -24
65 65 -24
66 66 -17
67 67 -21
68 68 -20
69 69 -20
70 70 -17
71 71 -26
72 72 -23
73 73 -27
74 74 -22
75 75 -21
76 76 -21
77 77 -14
78 78 -17
79 79 -16
80 80 -22
81 81 -26
82 82 -20
83 83 -14
84 84 -20
85 85 -17
86 86 -17
87 87 -26
88 88 -20
89 89 -18
90 90 -22
91 91 -20
92 92 -16
93 93 -21
94 94 -25
95 95 -25
96 96 -30
97 97 -18
98 98 -20
99 99 -19
100 100 -15
101 101 -18
102 102 -20
103 103 -24
104 104 -22
105 105 -24
106 106 -9
107 107 -25
108 108 -21
109 109 -21
110 110 -20
111 111 -19
112 112 -11
113 113 -24
114 114 -25
115 115 -11
116 116 -20
117 117 -11
118 118 -24
119 119 -16
120 120 -24
121 121 -28
122 122 -19
123 123 -23
124 124 -24
125 125 -27
126 126 -31
127 127 -28
128 128 -17
129 129 -24
130 130 -20
131 131 -21
132 132 -19
133 133 -24
134 134 -21
135 135 -18
136 136 -20
137 137 -17
138 138 -23
139 139 -18
140 140 -22
141 141 -18
142 142 -26
143 143 -17
144 144 -15
145 145 -17
146 146 -17
147 147 -18
148 148 -25
149 149 -21
150 150 -18
151 151 -22
152 152 -25
153 153 -20
154 154 -24
155 155 -13
156 156 -18
157 157 -17
158 158 -16
159 159 -18
160 160 -18
161 161 -21
162 162 -11
163 163 -13
164 164 -25
165 165 -20
166 166 -21
167 167 -23
168 168 -15
169 169 -13
170 170 -26
171 171 -25
172 172 -22
173 173 -17
174 174 -23
175 175 -22
176 176 -17
177 177 -13
178 178 -14
179 179 -16
180 180 -13
181 181 -22
182 182 -19
183 183 -16
184 184 -27
185 185 -13
186 186 -19
187 187 -21
188 188 -17
189 189 -11
190 190 -19
191 191 -27
192 192 -20
193 193 -20
194 194 -24
195 195 -22
196 196 -15
197 197 -20
198 198 -21
199 199 -24
200 200 -22
201 201 -18
202 202 -17
203 203 -19
204 204 -18
205 205 -24
206 206 -25
207 207 -16
208 208 -21
209 209 -14
210 210 -18
211 211 -12
212 212 -21
213 213 -17
214 214 -15
215 215 -26
216 216 -20
217 217 -12
218 218 -16
219 219 -21
220 220 -30
221 221 -27
222 222 -20
223 223 -24
224 224 -21
225 225 -16
226 226 -23
227 227 -21
228 228 -25
229 229 -21
230 230 -25
231 231 -22
232 232 -18
233 233 -20
234 234 -18
235 235 -15
236 236 -16
237 237 -23
238 238 -19
239 239 -24
240 240 -22
241 241 -15
242 242 -29
243 243 -17
244 244 -25
245 245 -21
246 246 -14
247 247 -12
248 248 -19
249 249 -20
250 250 -15
251 251 -22
252 252 -15
253 253 -23
254 254 -30
255 255 -12
256 256 -22
257 257 -15
258 258 -19
259 259 -22
260 260 -18
261 261 -19
262 262 -24
263 263 -20
264 264 -13
265 265 -24
266 266 -12
267 267 -35
268 268 -17
269 269 -18
270 270 -17
271 271 -29
272 272 -22
273 273 -23
274 274 -22
275 275 -15
276 276 -19
277 277 -15
278 278 -17
279 279 -22
280 280 -11
281 281 -16
282 282 -22
283 283 -19
284 284 -15
285 285 -24
286 286 -23
287 287 -27
288 288 -14
289 289 -32
290 290 -22
291 291 -13
292 292 -15
293 293 -22
294 294 -20
295 295 -22
296 296 -25
297 297 -17
298 298 -19
299 299 -21
300 300 -19
301 301 -19
302 302 -19
303 303 -17
304 304 -23
305 305 -20
306 306 -18
307 307 -17
308 308 -18
309 309 -19
310 310 -18
311 311 -20
312 312 -16
313 313 -17
314 314 -20
315 315 -17
316 316 -18
317 317 -21
318 318 -19
319 319 -21
320 320 -18
321 321 -16
322 322 -21
323 323 -14
324 324 -18
325 325 -20
326 326 -18
327 327 -18
328 328 -23
329 329 -19
330 330 -24
331 331 -17
332 332 -27
333 333 -14
334 334 -28
335 335 -26
336 336 -20
337 337 -28
338 338 -19
339 339 -15
340 340 -18
341 341 -25
342 342 -18
343 343 -20
344 344 -18
345 345 -20
346 346 -17
347 347 -20
348 348 -21
349 349 -16
350 350 -25
351 351 -20
352 352 -14
353 353 -24
354 354 -17
355 355 -26
356 356 -17
357 357 -18
358 358 -14
359 359 -19
360 360 -17
361 361 -21
362 362 -20
363 363 -17
364 364 -21
365 365 -19
366 366 -15
367 367 -20
368 368 -20
369 369 -23
370 370 -21
371 371 -15
372 372 -18
373 373 -26
374 374 -18
375 375 -24
376 376 -16
377 377 -22
378 378 -27
379 379 -27
380 380 -17
381 381 -16
382 382 -24
383 383 -23
384 384 -17
385 385 -25
386 386 -24
387 387 -16
388 388 -19
389 389 -22
390 390 -22
391 391 -17
392 392 -37
393 393 -26
394 394 -28
395 395 -15
396 396 -17
397 397 -20
398 398 -21
399 399 -23
400 400 -14
401 401 -17
402 402 -14
403 403 -20
404 404 -26
405 405 -23
406 406 -18
407 407 -19
408 408 -24
409 409 -18
410 410 -20
411 411 -19
412 412 -15
413 413 -19
414 414 -24
415 415 -13
416 416 -18
417 417 -17
418 418 -23
419 419 -23
420 420 -26
421 421 -19
422 422 -26
423 423 -21
424 424 -18
425 425 -21
426 426 -18
427 427 -23
428 428 -16
429 429 -17
430 430 -24
431 431 -22
432 432 -18
433 433 -23
434 434 -24
435 435 -18
436 436 -22
437 437 -26
438 438 -20
439 439 -13
440 440 -19
441 441 -8
442 442 -17
443 443 -26
444 444 -23
445 445 -16
446 446 -28
447 447 -20
448 448 -16
449 449 -12
450 450 -16
451 451 -21
452 452 -24
453 453 -20
454 454 -27
455 455 -24
456 456 -20
457 457 -17
458 458 -17
459 459 -16
460 460 -21
461 461 -21
462 462 -18
463 463 -18
464 464 -29
465 465 -20
466 466 -28
467 467 -27
468 468 -21
469 469 -19
470 470 -20
471 471 -21
472 472 -16
473 473 -29
474 474 -18
475 475 -25
476 476 -29
477 477 -20
478 478 -21
479 479 -13
480 480 -26
481 481 -25
482 482 -24
483 483 -13
484 484 -13
485 485 -18
486 486 -23
487 487 -24
488 488 -18
489 489 -22
490 490 -18
491 491 -19
492 492 -18
493 493 -23
494 494 -24
495 495 -15
496 496 -18
497 497 -19
498 498 -15
499 499 -19
500 500 -21
501 501 -23
502 502 -22
503 503 -15
504 504 -26
505 505 -18
506 506 -29
507 507 -26
508 508 -21
509 509 -19
510 510 -22
511 511 -28
512 512 -13
513 513 -30
514 514 -16
515 515 -22
516 516 -19
517 517 -23
518 518 -19
519 519 -16
520 520 -17
521 521 -22
522 522 -21
523 523 -23
524 524 -23
525 525 -15
526 526 -16
527 527 -26
528 528 -11
529 529 -22
530 530 -16
531 531 -23
532 532 -21
533 533 -23
534 534 -25
535 535 -14
536 536 -28
537 537 -17
538 538 -19
539 539 -17
540 540 -20
541 541 -11
542 542 -18
543 543 -26
544 544 -20
545 545 -21
546 546 -17
547 547 -18
548 548 -15
549 549 -14
550 550 -27
551 551 -24
552 552 -18
553 553 -22
554 554 -25
555 555 -20
556 556 -20
557 557 -18
558 558 -25
559 559 -24
560 560 -24
561 561 -16
562 562 -15
563 563 -18
564 564 -12
565 565 -16
566 566 -23
567 567 -19
568 568 -26
569 569 -17
570 570 -21
571 571 -17
572 572 -21
573 573 -16
574 574 -19
575 575 -12
576 576 -23
577 577 -19
578 578 -24
579 579 -23
580 580 -27
581 581 -22
582 582 -18
583 583 -18
584 584 -19
585 585 -14
586 586 -15
587 587 -14
588 588 -26
589 589 -19
590 590 -27
591 591 -20
592 592 -17
593 593 -29
594 594 -17
595 595 -24
596 596 -19
597 597 -16
598 598 -24
599 599 -16
600 600 -15
601 601 -22
602 602 -15
603 603 -16
604 604 -16
605 605 -23
606 606 -21
607 607 -15
608 608 -9
609 609 -20
610 610 -18
611 611 -21
612 612 -14
613 613 -24
614 614 -20
615 615 -24
616 616 -20
617 617 -18
618 618 -18
619 619 -26
620 620 -12
621 621 -13
622 622 -23
623 623 -19
624 624 -15
625 625 -24
626 626 -24
627 627 -20
628 628 -9
629 629 -23
630 630 -21
631 631 -16
632 632 -18
633 633 -17
634 634 -21
635 635 -17
636 636 -21
637 637 -24
638 638 -13
639 639 -14
640 640 -25
641 641 -19
642 642 -23
643 643 -21
644 644 -19
645 645 -29
646 646 -18
647 647 -14
648 648 -18
649 649 -24
650 650 -19
651 651 -18
652 652 -23
653 653 -21
654 654 -18
655 655 -21
656 656 -29
657 657 -23
658 658 -17
659 659 -16
660 660 -20
661 661 -23
662 662 -14
663 663 -26
664 664 -10
665 665 -22
666 666 -22
667 667 -21
668 668 -20
669 669 -21
670 670 -16
671 671 -23
672 672 -21
673 673 -21
674 674 -14
675 675 -18
676 676 -13
677 677 -24
678 678 -21
679 679 -18
680 680 -19
681 681 -17
682 682 -23
683 683 -18
684 684 -19
685 685 -17
686 686 -21
687 687 -16
688 688 -19
689 689 -22
690 690 -26
691 691 -30
692 692 -20
693 693 -18
694 694 -17
695 695 -20
696 696 -21
697 697 -31
698 698 -17
699 699 -16
700 700 -14
701 701 -24
702 702 -16
703 703 -16
704 704 -20
705 705 -13
706 706 -14
707 707 -19
708 708 -24
709 709 -20
710 710 -22
711 711 -22
712 712 -20
713 713 -18
714 714 -23
715 715 -14
716 716 -21
717 717 -20
718 718 -19
719 719 -23
720 720 -16
721 721 -18
722 722 -25
723 723 -22
724 724 -18
725 725 -20
726 726 -17
727 727 -19
728 728 -11
729 729 -21
730 730 -18
731 731 -21
732 732 -16
733 733 -23
734 734 -17
735 735 -13
736 736 -26
737 737 -19
738 738 -23
739 739 -22
740 740 -23
741 741 -18
742 742 -25
743 743 -18
744 744 -24
745 745 -23
746 746 -21
747 747 -23
748 748 -12
749 749 -19
750 750 -24
751 751 -30
752 752 -12
753 753 -24
754 754 -20
755 755 -24
756 756 -18
757 757 -23
758 758 -20
759 759 -16
760 760 -22
761 761 -11
762 762 -19
763 763 -26
764 764 -21
765 765 -18
766 766 -17
767 767 -19
768 768 -30
769 769 -20
770 770 -21
771 771 -15
772 772 -25
773 773 -20
774 774 -16
775 775 -20
776 776 -20
777 777 -25
778 778 -12
779 779 -18
780 780 -29
781 781 -23
782 782 -14
783 783 -19
784 784 -21
785 785 -21
786 786 -11
787 787 -13
788 788 -22
789 789 -19
790 790 -24
791 791 -22
792 792 -28
793 793 -21
794 794 -19
795 795 -17
796 796 -19
797 797 -18
798 798 -17
799 799 -18
800 800 -21
801 801 -24
802 802 -18
803 803 -17
804 804 -9
805 805 -30
806 806 -18
807 807 -18
808 808 -20
809 809 -15
810 810 -27
811 811 -20
812 812 -21
813 813 -26
814 814 -12
815 815 -13
816 816 -20
817 817 -28
818 818 -21
819 819 -27
820 820 -24
821 821 -23
822 822 -20
823 823 -10
824 824 -13
825 825 -16
826 826 -24
827 827 -18
828 828 -16
829 829 -18
830 830 -19
831 831 -28
832 832 -18
833 833 -23
834 834 -22
835 835 -19
836 836 -25
837 837 -24
838 838 -24
839 839 -22
840 840 -21
841 841 -21
842 842 -25
843 843 -15
844 844 -23
845 845 -20
846 846 -24
847 847 -19
848 848 -13
849 849 -18
850 850 -22
851 851 -25
852 852 -28
853 853 -28
854 854 -15
855 855 -20
856 856 -13
857 857 -20
858 858 -18
859 859 -17
860 860 -18
861 861 -20
862 862 -30
863 863 -23
864 864 -18
865 865 -22
866 866 -26
867 867 -21
868 868 -23
869 869 -22
870 870 -15
871 871 -21
872 872 -16
873 873 -18
874 874 -10
875 875 -17
876 876 -17
877 877 -16
878 878 -29
879 879 -24
880 880 -15
881 881 -23
882 882 -23
883 883 -20
884 884 -8
885 885 -19
886 886 -12
887 887 -21
888 888 -28
889 889 -18
890 890 -17
891 891 -20
892 892 -21
893 893 -16
894 894 -26
895 895 -13
896 896 -19
897 897 -11
898 898 -22
899 899 -23
900 900 -20
901 901 -17
902 902 -17
903 903 -14
904 904 -19
905 905 -10
906 906 -26
907 907 -27
908 908 -14
909 909 -29
910 910 -28
911 911 -21
912 912 -22
913 913 -21
914 914 -23
915 915 -31
916 916 -21
917 917 -16
918 918 -18
919 919 -21
920 920 -28
921 921 -22
922 922 -18
923 923 -18
924 924 -20
925 925 -18
926 926 -16
927 927 -15
928 928 -14
929 929 -17
930 930 -26
931 931 -30
932 932 -16
933 933 -23
934 934 -24
935 935 -12
936 936 -27
937 937 -22
938 938 -19
939 939 -24
940 940 -11
941 941 -17
942 942 -16
943 943 -14
944 944 -26
945 945 -19
946 946 -19
947 947 -16
948 948 -22
949 949 -27
950 950 -21
951 951 -21
952 952 -23
953 953 -20
954 954 -17
955 955 -30
956 956 -25
957 957 -20
958 958 -24
959 959 -14
960 960 -13
961 961 -24
962 962 -25
963 963 -25
964 964 -19
965 965 -22
966 966 -17
967 967 -26
968 968 -17
969 969 -20
970 970 -27
971 971 -26
972 972 -15
973 973 -18
974 974 -19
975 975 -21
976 976 -22
977 977 -15
978 978 -15
979 979 -21
980 980 -12
981 981 -22
982 982 -28
983 983 -26
984 984 -7
985 985 -22
986 986 -14
987 987 -29
988 988 -19
989 989 -13
990 990 -26
991 991 -24
992 992 -21
993 993 -18
994 994 -13
995 995 -14
996 996 -18
997 997 -29
998 998 -17
999 999 -30
1000 1000 -17
1001 1001 -21
1002 1002 -23
1003 1003 -21
1004 1004 -11
1005 1005 -16
1006 1006 -12
1007 1007 -16
1008 1008 -23
1009 1009 -20
1010 1010 -19
1011 1011 -25
1012 1012 -21
1013 1013 -20
1014 1014 -31
1015 1015 -16
1016 1016 -26
1017 1017 -20
1018 1018 -20
1019 1019 -21
1020 1020 -17
1021 1021 -26
1022 1022 -21
1023 1023 -18
1024 1024 -24
1025 1025 -15
1026 1026 -22
1027 1027 -14
1028 1028 -21
1029 1029 -24
1030 1030 -24
1031 1031 -18
1032 1032 -20
1033 1033 -20
1034 1034 -13
1035 1035 -28
1036 1036 -23
1037 1037 -20
1038 1038 -17
1039 1039 -22
1040 1040 -23
1041 1041 -19
1042 1042 -25
1043 1043 -19
1044 1044 -24
1045 1045 -23
1046 1046 -13
1047 1047 -22
1048 1048 -15
1049 1049 -14
1050 1050 -12
1051 1051 -22
1052 1052 -15
1053 1053 -26
1054 1054 -21
1055 1055 -20
1056 1056 -19
1057 1057 -24
1058 1058 -19
1059 1059 -25
1060 1060 -12
1061 1061 -17
1062 1062 -17
1063 1063 -24
1064 1064 -17
1065 1065 -17
1066 1066 -17
1067 1067 -23
1068 1068 -25
1069 1069 -21
1070 1070 -15
1071 1071 -18
1072 1072 -21
1073 1073 -27
1074 1074 -24
1075 1075 -14
1076 1076 -15
1077 1077 -18
1078 1078 -19
1079 1079 -20
1080 1080 -13
1081 1081 -17
1082 1082 -27
1083 1083 -19
1084 1084 -17
1085 1085 -19
1086 1086 -23
1087 1087 -22
1088 1088 -29
1089 1089 -23
1090 1090 -19
1091 1091 -22
1092 1092 -22
1093 1093 -16
1094 1094 -26
1095 1095 -22
1096 1096 -23
1097 1097 -21
1098 1098 -22
1099 1099 -19
1100 1100 -16
1101 1101 -14
1102 1102 -21
1103 1103 -18
1104 1104 -9
1105 1105 -17
1106 1106 -20
1107 1107 -13
1108 1108 -23
1109 1109 -20
1110 1110 -14
1111 1111 -22
1112 1112 -28
1113 1113 -20
1114 1114 -18
1115 1115 -24
1116 1116 -28
1117 1117 -22
1118 1118 -20
1119 1119 -27
1120 1120 -23
1121 1121 -23
1122 1122 -22
1123 1123 -19
1124 1124 -21
1125 1125 -22
1126 1126 -19
1127 1127 -23
1128 1128 -20
1129 1129 -6
1130 1130 -18
1131 1131 -21
1132 1132 -17
1133 1133 -8
1134 1134 -20
1135 1135 -21
1136 1136 -22
1137 1137 -20
1138 1138 -12
1139 1139 -18
1140 1140 -25
1141 1141 -22
1142 1142 -18
1143 1143 -23
1144 1144 -11
1145 1145 -22
1146 1146 -28
1147 1147 -20
1148 1148 -25
1149 1149 -24
1150 1150 -12
1151 1151 -20
1152 1152 -18
1153 1153 -15
1154 1154 -17
1155 1155 -19
1156 1156 -12
1157 1157 -17
1158 1158 -21
1159 1159 -15
1160 1160 -21
1161 1161 -22
1162 1162 -15
1163 1163 -24
1164 1164 -27
1165 1165 -16
1166 1166 -22
1167 1167 -19
1168 1168 -15
1169 1169 -10
1170 1170 -22
1171 1171 -19
1172 1172 -21
1173 1173 -30
1174 1174 -15
1175 1175 -13
1176 1176 -12
1177 1177 -21
1178 1178 -16
1179 1179 -19
1180 1180 -15
1181 1181 -10
1182 1182 -22
1183 1183 -23
1184 1184 -27
1185 1185 -21
1186 1186 -22
1187 1187 -16
1188 1188 -20
1189 1189 -19
1190 1190 -14
1191 1191 -19
1192 1192 -34
1193 1193 -17
1194 1194 -21
1195 1195 -18
1196 1196 -15
1197 1197 -18
1198 1198 -10
1199 1199 -20
1200 1200 -29
1201 1201 -25
1202 1202 -29
1203 1203 -24
1204 1204 -21
1205 1205 -24
1206 1206 -12
1207 1207 -18
1208 1208 -18
1209 1209 -21
1210 1210 -14
1211 1211 -16
1212 1212 -24
1213 1213 -34
1214 1214 -25
1215 1215 -26
1216 1216 -18
1217 1217 -27
1218 1218 -17
1219 1219 -21
1220 1220 -33
1221 1221 -17
1222 1222 -16
1223 1223 -23
1224 1224 -24
1225 1225 -25
1226 1226 -17
1227 1227 -16
1228 1228 -11
1229 1229 -18
1230 1230 -16
1231 1231 -23
1232 1232 -26
1233 1233 -23
1234 1234 -23
1235 1235 -23
1236 1236 -18
1237 1237 -20
1238 1238 -20
1239 1239 -27
1240 1240 -16
1241 1241 -22
1242 1242 -22
1243 1243 -17
1244 1244 -26
1245 1245 -17
1246 1246 -18
1247 1247 -22
1248 1248 -18
1249 1249 -23
1250 1250 -17
1251 1251 -20
1252 1252 -24
1253 1253 -22
1254 1254 -26
1255 1255 -18
1256 1256 -25
1257 1257 -23
1258 1258 -22
1259 1259 -21
1260 1260 -19
1261 1261 -15
1262 1262 -20
1263 1263 -16
1264 1264 -24
1265 1265 -21
1266 1266 -22
1267 1267 -14
1268 1268 -20
1269 1269 -17
1270 1270 -24
1271 1271 -24
1272 1272 -19
1273 1273 -18
1274 1274 -14
1275 1275 -15
1276 1276 -19
1277 1277 -18
1278 1278 -14
1279 1279 -21
1280 1280 -26
1281 1281 -19
1282 1282 -21
1283 1283 -23
1284 1284 -19
1285 1285 -18
1286 1286 -28
1287 1287 -27
1288 1288 -18
1289 1289 -13
1290 1290 -19
1291 1291 -20
1292 1292 -16
1293 1293 -19
1294 1294 -28
1295 1295 -17
1296 1296 -16
1297 1297 -15
1298 1298 -19
1299 1299 -24
1300 1300 -21
1301 1301 -19
1302 1302 -30
1303 1303 -16
1304 1304 -21
1305 1305 -22
1306 1306 -25
1307 1307 -26
1308 1308 -14
1309 1309 -15
1310 1310 -20
1311 1311 -16
1312 1312 -23
1313 1313 -26
1314 1314 -23
1315 1315 -21
1316 1316 -17
1317 1317 -23
1318 1318 -16
1319 1319 -22
1320 1320 -15
1321 1321 -23
1322 1322 -19
1323 1323 -18
1324 1324 -18
1325 1325 -19
1326 1326 -29
1327 1327 -17
1328 1328 -18
1329 1329 -26
1330 1330 -15
1331 1331 -20
1332 1332 -29
1333 1333 -19
1334 1334 -19
1335 1335 -18
1336 1336 -16
1337 1337 -28
1338 1338 -14
1339 1339 -23
1340 1340 -11
1341 1341 -20
1342 1342 -22
1343 1343 -16
1344 1344 -27
1345 1345 -23
1346 1346 -22
1347 1347 -18
1348 1348 -18
1349 1349 -29
1350 1350 -11
1351 1351 -26
1352 1352 -23
1353 1353 -11
1354 1354 -13
1355 1355 -31
1356 1356 -18
1357 1357 -20
1358 1358 -20
1359 1359 -30
1360 1360 -17
1361 1361 -21
1362 1362 -31
1363 1363 -21
1364 1364 -19
1365 1365 -22
1366 1366 -15
1367 1367 -18
1368 1368 -22
1369 1369 -25
1370 1370 -18
1371 1371 -15
1372 1372 -14
1373 1373 -29
1374 1374 -23
1375 1375 -23
1376 1376 -11
1377 1377 -28
1378 1378 -18
1379 1379 -25
1380 1380 -21
1381 1381 -32
1382 1382 -20
1383 1383 -18
1384 1384 -18
1385 1385 -19
1386 1386 -18
1387 1387 -20
1388 1388 -22
1389 1389 -23
1390 1390 -21
1391 1391 -14
1392 1392 -25
1393 1393 -14
1394 1394 -24
1395 1395 -25
1396 1396 -18
1397 1397 -23
1398 1398 -27
1399 1399 -20
1400 1400 -19
1401 1401 -10
1402 1402 -17
1403 1403 -19
1404 1404 -17
1405 1405 -13
1406 1406 -31
1407 1407 -18
1408 1408 -19
1409 1409 -21
1410 1410 -19
1411 1411 -26
1412 1412 -21
1413 1413 -26
1414 1414 -22
1415 1415 -23
1416 1416 -22
1417 1417 -20
1418 1418 -20
1419 1419 -20
1420 1420 -17
1421 1421 -21
1422 1422 -19
1423 1423 -20
1424 1424 -14
1425 1425 -14
1426 1426 -16
1427 1427 -21
1428 1428 -17
1429 1429 -22
1430 1430 -24
1431 1431 -18
1432 1432 -23
1433 1433 -15
1434 1434 -18
1435 1435 -19
1436 1436 -19
1437 1437 -15
1438 1438 -21
1439 1439 -20
1440 1440 -17
1441 1441 -23
1442 1442 -28
1443 1443 -20
1444 1444 -17
1445 1445 -13
1446 1446 -18
1447 1447 -23
1448 1448 -15
1449 1449 -17
1450 1450 -26
1451 1451 -17
1452 1452 -19
1453 1453 -24
1454 1454 -16
1455 1455 -18
1456 1456 -22
1457 1457 -27
1458 1458 -21
1459 1459 -17
1460 1460 -23
1461 1461 -18
1462 1462 -26
1463 1463 -22
1464 1464 -18
1465 1465 -20
1466 1466 -16
1467 1467 -18
1468 1468 -16
1469 1469 -23
1470 1470 -17
1471 1471 -9
1472 1472 -23
1473 1473 -19
1474 1474 -18
1475 1475 -18
1476 1476 -23
1477 1477 -23
1478 1478 -23
1479 1479 -16
1480 1480 -15
1481 1481 -20
1482 1482 -23
1483 1483 -15
1484 1484 -37
1485 1485 -19
1486 1486 -27
1487 1487 -26
1488 1488 -21
1489 1489 -22
1490 1490 -13
1491 1491 -21
1492 1492 -26
1493 1493 -20
1494 1494 -13
1495 1495 -28
1496 1496 -22
1497 1497 -13
1498 1498 -24
1499 1499 -17
1500 1500 -22
1501 1501 -14
1502 1502 -29
1503 1503 -17
1504 1504 -21
1505 1505 -25
1506 1506 -25
1507 1507 -21
1508 1508 -17
1509 1509 -20
1510 1510 -21
1511 1511 -24
1512 1512 -18
1513 1513 -16
1514 1514 -13
1515 1515 -23
1516 1516 -13
1517 1517 -30
1518 1518 -23
1519 1519 -13
1520 1520 -24
1521 1521 -13
1522 1522 -20
1523 1523 -21
1524 1524 -25
1525 1525 -14
1526 1526 -20
1527 1527 -23
1528 1528 -27
1529 1529 -18
1530 1530 -19
1531 1531 -22
1532 1532 -15
1533 1533 -19
1534 1534 -21
1535 1535 -22
1536 1536 -24
1537 1537 -16
1538 1538 -21
1539 1539 -25
1540 1540 -26
1541 1541 -17
1542 1542 -20
1543 1543 -23
1544 1544 -19
1545 1545 -11
1546 1546 -22
1547 1547 -15
1548 1548 -23
1549 1549 -18
1550 1550 -15
1551 1551 -20
1552 1552 -22
1553 1553 -12
1554 1554 -24
1555 1555 -20
1556 1556 -24
1557 1557 -29
1558 1558 -19
1559 1559 -16
1560 1560 -14
1561 1561 -21
1562 1562 -24
1563 1563 -22
1564 1564 -21
1565 1565 -30
1566 1566 -20
1567 1567 -22
1568 1568 -19
1569 1569 -24
1570 1570 -23
1571 1571 -19
1572 1572 -16
1573 1573 -19
1574 1574 -20
1575 1575 -27
1576 1576 -18
1577 1577 -25
1578 1578 -22
1579 1579 -14
1580 1580 -24
1581 1581 -19
1582 1582 -17
1583 1583 -14
1584 1584 -26
1585 1585 -14
1586 1586 -17
1587 1587 -20
1588 1588 -13
1589 1589 -14
1590 1590 -25
1591 1591 -15
1592 1592 -21
1593 1593 -20
1594 1594 -19
1595 1595 -22
1596 1596 -10
1597 1597 -12
1598 1598 -20
1599 1599 -23
1600 1600 -21
1601 1601 -20
1602 1602 -20
1603 1603 -20
1604 1604 -13
1605 1605 -17
1606 1606 -15
1607 1607 -21
1608 1608 -20
1609 1609 -26
1610 1610 -19
1611 1611 -21
1612 1612 -17
1613 1613 -21
1614 1614 -17
1615 1615 -17
1616 1616 -19
1617 1617 -17
1618 1618 -19
1619 1619 -27
1620 1620 -20
1621 1621 -22
1622 1622 -16
1623 1623 -19
1624 1624 -14
1625 1625 -15
1626 1626 -21
1627 1627 -23
1628 1628 -23
1629 1629 -20
1630 1630 -18
1631 1631 -22
1632 1632 -20
1633 1633 -13
1634 1634 -20
1635 1635 -15
1636 1636 -15
1637 1637 -15
1638 1638 -24
1639 1639 -18
1640 1640 -27
1641 1641 -14
1642 1642 -19
1643 1643 -18
1644 1644 -15
1645 1645 -26
1646 1646 -26
1647 1647 -26
1648 1648 -14
1649 1649 -23
1650 1650 -15
1651 1651 -20
1652 1652 -18
1653 1653 -14
1654 1654 -25
1655 1655 -14
1656 1656 -29
1657 1657 -28
1658 1658 -27
1659 1659 -19
1660 1660 -14
1661 1661 -12
1662 1662 -17
1663 1663 -10
1664 1664 -23
1665 1665 -24
1666 1666 -17
1667 1667 -27
1668 1668 -25
1669 1669 -25
1670 1670 -22
1671 1671 -22
1672 1672 -24
1673 1673 -19
1674 1674 -13
1675 1675 -24
1676 1676 -19
1677 1677 -23
1678 1678 -19
1679 1679 -18
1680 1680 -18
1681 1681 -22
1682 1682 -25
1683 1683 -16
1684 1684 -21
1685 1685 -19
1686 1686 -15
1687 1687 -13
1688 1688 -25
1689 1689 -21
1690 1690 -23
1691 1691 -21
1692 1692 -16
1693 1693 -20
1694 1694 -27
1695 1695 -13
1696 1696 -25
1697 1697 -21
1698 1698 -18
1699 1699 -25
1700 1700 -24
1701 1701 -20
1702 1702 -11
1703 1703 -23
1704 1704 -24
1705 1705 -17
1706 1706 -21
1707 1707 -18
1708 1708 -23
1709 1709 -17
1710 1710 -26
1711 1711 -14
1712 1712 -17
1713 1713 -20
1714 1714 -16
1715 1715 -21
1716 1716 -19
1717 1717 -17
1718 1718 -28
1719 1719 -20
1720 1720 -26
1721 1721 -19
1722 1722 -30
1723 1723 -25
1724 1724 -21
1725 1725 -21
1726 1726 -16
1727 1727 -18
1728 1728 -19
1729 1729 -26
1730 1730 -22
1731 1731 -21
1732 1732 -27
1733 1733 -22
1734 1734 -21
1735 1735 -15
1736 1736 -12
1737 1737 -22
1738 1738 -22
1739 1739 -19
1740 1740 -21
1741 1741 -14
1742 1742 -19
1743 1743 -12
1744 1744 -11
1745 1745 -22
1746 1746 -19
1747 1747 -19
1748 1748 -19
1749 1749 -16
1750 1750 -17
1751 1751 -14
1752 1752 -16
1753 1753 -21
1754 1754 -22
1755 1755 -21
1756 1756 -16
1757 1757 -26
1758 1758 -31
1759 1759 -26
1760 1760 -13
1761 1761 -22
1762 1762 -24
1763 1763 -27
1764 1764 -23
1765 1765 -19
1766 1766 -20
1767 1767 -20
1768 1768 -22
1769 1769 -20
1770 1770 -20
1771 1771 -18
1772 1772 -21
1773 1773 -19
1774 1774 -14
1775 1775 -22
1776 1776 -18
1777 1777 -29
1778 1778 -25
1779 1779 -25
1780 1780 -20
1781 1781 -15
1782 1782 -20
1783 1783 -24
1784 1784 -16
1785 1785 -20
1786 1786 -23
1787 1787 -25
1788 1788 -37
1789 1789 -15
1790 1790 -17
1791 1791 -31
1792 1792 -19
1793 1793 -16
1794 1794 -21
1795 1795 -29
1796 1796 -22
1797 1797 -22
1798 1798 -13
1799 1799 -17
1800 1800 -28
1801 1801 -21
1802 1802 -22
1803 1803 -17
1804 1804 -14
1805 1805 -14
1806 1806 -17
1807 1807 -17
1808 1808 -15
1809 1809 -15
1810 1810 -18
1811 1811 -23
1812 1812 -13
1813 1813 -18
1814 1814 -15
1815 1815 -14
1816 1816 -10
1817 1817 -27
1818 1818 -13
1819 1819 -24
1820 1820 -20
1821 1821 -17
1822 1822 -27
1823 1823 -23
1824 1824 -15
1825 1825 -23
1826 1826 -29
1827 1827 -17
1828 1828 -23
1829 1829 -19
1830 1830 -12
1831 1831 -16
1832 1832 -19
1833 1833 -21
1834 1834 -15
1835 1835 -28
1836 1836 -23
1837 1837 -18
1838 1838 -25
1839 1839 -11
1840 1840 -19
1841 1841 -12
1842 1842 -18
1843 1843 -26
1844 1844 -17
1845 1845 -22
1846 1846 -24
1847 1847 -16
1848 1848 -14
1849 1849 -20
1850 1850 -21
1851 1851 -19
1852 1852 -20
1853 1853 -21
1854 1854 -20
1855 1855 -22
1856 1856 -17
1857 1857 -19
1858 1858 -17
1859 1859 -26
1860 1860 -25
1861 1861 -29
1862 1862 -22
1863 1863 -9
1864 1864 -23
1865 1865 -10
1866 1866 -15
1867 1867 -24
1868 1868 -24
1869 1869 -17
1870 1870 -22
1871 1871 -17
1872 1872 -16
1873 1873 -15
1874 1874 -26
1875 1875 -11
1876 1876 -18
1877 1877 -19
1878 1878 -15
1879 1879 -28
1880 1880 -21
1881 1881 -18
1882 1882 -19
1883 1883 -20
1884 1884 -21
1885 1885 -26
1886 1886 -20
1887 1887 -19
1888 1888 -23
1889 1889 -20
1890 1890 -20
1891 1891 -19
1892 1892 -17
1893 1893 -14
1894 1894 -25
1895 1895 -19
1896 1896 -23
1897 1897 -25
1898 1898 -32
1899 1899 -18
1900 1900 -14
1901 1901 -18
1902 1902 -27
1903 1903 -22
1904 1904 -19
1905 1905 -24
1906 1906 -21
1907 1907 -21
1908 1908 -31
1909 1909 -19
1910 1910 -18
1911 1911 -25
1912 1912 -26
1913 1913 -14
1914 1914 -24
1915 1915 -17
1916 1916 -25
1917 1917 -18
1918 1918 -15
1919 1919 -19
1920 1920 -13
1921 1921 -20
1922 1922 -28
1923 1923 -11
1924 1924 -20
1925 1925 -14
1926 1926 -15
1927 1927 -22
1928 1928 -18
1929 1929 -22
1930 1930 -20
1931 1931 -18
1932 1932 -20
1933 1933 -22
1934 1934 -17
1935 1935 -19
1936 1936 -22
1937 1937 -24
1938 1938 -17
1939 1939 -13
1940 1940 -19
1941 1941 -20
1942 1942 -11
1943 1943 -11
1944 1944 -17
1945 1945 -24
1946 1946 -21
1947 1947 -27
1948 1948 -24
1949 1949 -18
1950 1950 -20
1951 1951 -24
1952 1952 -33
1953 1953 -16
1954 1954 -18
1955 1955 -25
1956 1956 -18
1957 1957 -7
1958 1958 -30
1959 1959 -38
1960 1960 -20
1961 1961 -18
1962 1962 -21
1963 1963 -23
1964 1964 -29
1965 1965 -19
1966 1966 -20
1967 1967 -18
1968 1968 -26
1969 1969 -12
1970 1970 -21
1971 1971 -21
1972 1972 -15
1973 1973 -21
1974 1974 -16
1975 1975 -20
1976 1976 -26
1977 1977 -12
1978 1978 -23
1979 1979 -14
1980 1980 -13
1981 1981 -10
1982 1982 -15
1983 1983 -11
1984 1984 -14
1985 1985 -24
1986 1986 -21
1987 1987 -25
1988 1988 -21
1989 1989 -19
1990 1990 -16
1991 1991 -16
1992 1992 -24
1993 1993 -18
1994 1994 -20
1995 1995 -19
1996 1996 -24
1997 1997 -20
1998 1998 -23
1999 1999 -27