2000 21801 -14 17
0 1896 -2
0 692 -2
0 1731 2
0 558 -2
0 276 -2
0 1119 -2
0 44 2
0 1482 2
0 1530 2
0 1922 2
0 392 -2
0 618 2
0 39 2
0 1976 2
0 502 -2
0 916 2
0 103 -2
0 1891 2
0 1958 -2
0 1852 -2
1 279 -2
1 1645 2
1 609 -2
1 1143 2
1 416 2
1 160 2
1 1569 -2
1 1576 -2
1 217 -2
1 31 -2
1 203 2
1 396 -2
1 72 -2
1 1110 -2
1 770 -2
1 1527 -2
1 1245 -2
1 451 -2
1 1606 2
1 1079 2
1 1155 2
1 149 -2
1 1558 -2
1 1429 2
1 75 2
2 1778 2
2 850 2
2 175 2
2 823 -2
2 1280 -2
2 360 2
2 669 2
2 469 -2
2 355 2
2 525 2
2 1690 -2
2 37 2
2 413 -2
2 1668 2
2 409 2
2 936 2
2 796 2
2 1325 2
2 546 2
2 987 -2
3 1512 -2
3 1436 2
3 1013 2
3 804 -2
3 684 -2
3 1402 2
3 1863 -2
3 584 2
3 1579 2
3 374 -2
3 145 -2
3 1872 -2
3 1919 -2
3 775 -2
3 1650 -2
3 1841 2
3 814 2
3 64 2
3 745 2
4 60 2
4 388 -2
4 54 -2
4 1274 -2
4 1015 2
4 766 -2
4 1729 -2
4 188 -2
4 1103 2
4 533 -2
4 286 -2
4 633 -2
4 456 -2
4 170 2
4 1748 -2
4 405 -2
4 105 2
4 693 -2
4 496 2
4 670 2
5 1035 -2
5 963 2
5 1916 2
5 914 2
5 347 2
5 1101 -2
5 1816 -2
5 1633 2
5 1927 -2
5 1480 2
5 78 2
5 1211 2
5 602 -2
5 1519 2
5 1024 -2
5 1699 2
5 1129 2
5 1150 -2
5 960 -2
5 1099 -2
5 266 2
5 1854 -2
6 1323 -2
6 1814 2
6 879 2
6 1922 2
6 651 -2
6 1718 2
6 1342 2
6 34 2
6 1661 -2
6 1096 -2
6 1549 -2
6 412 -2
6 1909 -2
6 1178 -2
6 1853 2
6 379 -2
6 1696 2
6 1722 2
6 836 2
6 1513 2
7 676 2
7 1548 -2
7 1834 2
7 574 2
7 1331 -2
7 936 -2
7 347 -2
7 1203 2
7 100 -2
7 1392 2
7 35 2
7 413 2
7 911 -2
7 1967 2
7 431 2
7 1641 2
7 1665 2
7 53 2
7 351 -2
7 919 2
8 683 2
8 1530 -2
8 668 -2
8 1031 2
8 538 2
8 1714 2
8 612 2
8 1215 -2
8 1748 -2
8 572 2
8 912 -2
8 376 -2
9 27 -2
9 1429 2
9 736 2
9 970 2
9 962 -2
9 443 2
9 840 -2
9 1822 -2
9 1051 2
9 1447 -2
9 294 -2
9 95 2
9 1023 -2
9 1175 -2
9 1079 2
9 1686 -2
9 1426 -2
10 1348 2
10 1227 -2
10 1730 -2
10 904 2
10 463 -2
10 119 -2
10 128 -2
10 420 -2
10 675 -2
10 1106 2
10 1248 2
10 1940 2
10 773 -2
10 1949 2
10 977 -2
10 1867 -2
10 78 2
10 1491 2
10 1387 2
10 1801 -2
11 1711 -2
11 759 2
11 38 -2
11 1005 -2
11 1158 -2
11 1354 2
11 1261 -2
11 1857 -2
11 1390 -2
11 1716 -2
11 1916 2
11 1504 -2
11 1041 -2
11 94 2
11 422 2
11 541 2
11 1954 2
11 128 2
11 1223 2
11 1045 -2
11 671 -2
11 1987 -2
11 419 -2
11 333 2
11 1597 2
11 343 -2
11 1606 -2
11 803 -2
11 1589 -2
12 1873 -2
12 1960 2
12 225 -2
12 1511 -2
12 1223 2
12 836 -2
12 102 2
12 676 2
12 804 2
12 1664 2
12 1315 -2
12 269 2
12 371 2
12 426 2
12 1695 2
12 1016 2
12 583 2
12 1744 -2
12 119 -2
12 1557 2
12 1240 -2
13 565 2
13 32 -2
13 314 -2
13 1271 2
13 1047 2
13 316 -2
13 1592 2
13 597 2
13 213 -2
13 34 -2
13 885 -2
13 572 2
13 441 2
13 451 2
13 1783 -2
13 727 2
13 1169 2
13 1875 -2
13 861 -2
13 962 -2
13 1555 2
13 1795 -2
13 698 2
13 1062 -2
13 1164 2
13 261 -2
13 1300 -2
13 1438 2
13 1324 -2
13 1466 2
13 1467 2
14 1663 2
14 403 -2
14 312 -2
14 598 2
14 1073 2
14 1390 2
14 1811 2
14 1402 -2
14 410 -2
14 1468 2
14 98 -2
14 380 2
14 1496 2
14 42 -2
14 948 2
14 469 -2
14 21 2
14 1180 2
14 1340 -2
15 500 -2
15 1706 2
15 778 2
15 1616 -2
15 249 2
15 1147 2
15 717 -2
15 304 -2
15 1331 2
15 32 -2
15 1223 2
15 663 2
15 1541 2
15 179 -2
15 472 -2
15 1215 2
15 416 -2
15 369 -2
15 344 -2
15 281 -2
15 1684 2
15 1735 -2
15 1879 -2
16 1120 -2
16 1375 -2
16 123 -2
16 693 2
16 1414 -2
16 1228 -2
16 1074 -2
16 103 -2
16 1850 -2
16 871 2
16 26 2
16 951 -2
16 1871 -2
16 1265 2
16 1481 -2
16 1163 -2
16 1324 2
16 1758 2
16 174 2
16 821 2
16 264 -2
16 482 -2
17 167 2
17 1482 -2
17 41 -2
17 625 -2
17 309 2
17 1251 2
17 240 2
17 1718 -2
17 1639 2
17 1743 -2
17 1400 -2
17 1368 -2
17 371 2
17 489 2
17 379 2
17 1824 -2
17 805 -2
18 1884 -2
18 1732 -2
18 1969 -2
18 879 -2
18 1940 -2
18 555 -2
18 1338 -2
18 1088 -2
18 191 2
18 1090 -2
18 916 2
18 1710 2
18 1902 2
18 500 2
18 174 2
18 1625 2
18 1311 -2
18 755 -2
18 849 2
18 1808 -2
18 744 -2
18 1057 -2
18 1618 2
18 556 -2
18 57 -2
18 19 2
18 627 2
18 1549 2
18 218 2
18 490 2
19 241 -2
19 695 -2
19 1350 -2
19 579 -2
19 1185 2
19 1316 2
19 1689 2
19 1309 -2
19 1080 2
19 42 2
19 120 -2
19 1305 -2
19 1192 2
19 1203 2
19 1585 -2
19 1098 -2
19 1175 2
19 1413 -2
19 1597 -2
19 858 -2
19 1691 -2
20 807 2
20 89 2
20 1785 -2
20 1293 -2
20 1259 -2
20 798 2
20 1329 2
20 402 -2
20 671 -2
20 610 2
20 252 -2
20 1633 -2
20 1275 2
20 1784 -2
20 953 2
20 455 2
20 639 -2
20 853 2
20 1790 -2
21 34 2
21 1333 -2
21 1116 2
21 1018 2
21 745 -2
21 758 2
21 318 2
21 1361 2
21 1650 -2
21 1050 -2
21 1483 -2
21 96 2
21 441 -2
21 1242 -2
21 1750 -2
21 1959 -2
21 194 -2
21 908 -2
21 251 -2
21 683 -2
21 57 -2
21 1980 2
22 102 -2
22 407 2
22 312 -2
22 1619 -2
22 104 2
22 1430 -2
22 798 -2
22 1986 2
22 196 2
22 52 -2
22 758 -2
22 61 -2
22 774 2
22 301 -2
22 108 2
22 1968 2
23 1524 2
23 1174 -2
23 886 -2
23 660 -2
23 1013 -2
23 1912 2
23 1486 2
23 1773 -2
23 156 -2
23 1365 -2
23 1260 2
23 1040 2
23 648 -2
23 1609 -2
23 790 2
23 1485 2
23 630 2
23 473 -2
23 1290 -2
23 369 2
23 283 -2
23 597 -2
23 1911 2
23 813 -2
24 1133 -2
24 1485 -2
24 853 2
24 560 -2
24 1027 2
24 834 -2
24 450 -2
24 1531 -2
24 1893 -2
24 1448 -2
24 220 -2
24 1270 2
24 1264 2
24 1685 2
24 595 2
24 40 -2
24 1102 2
25 1484 2
25 715 -2
25 507 -2
25 998 2
25 1638 -2
25 1267 -2
25 1807 2
25 1572 2
25 1728 -2
25 275 2
25 1608 -2
25 938 -2
25 1502 -2
25 1025 -2
25 1696 -2
25 1570 -2
25 58 -2
25 1741 -2
25 199 2
25 1287 2
25 513 2
25 1280 -2
25 362 -2
25 1756 2
25 476 2
26 1193 -2
26 609 -2
26 1929 -2
26 48 -2
26 113 2
26 1560 -2
26 1828 -2
26 1665 2
26 1806 2
26 1756 2
26 1002 2
26 1952 -2
26 1116 -2
26 522 2
26 1156 -2
26 1598 2
26 1839 -2
26 504 2
26 1384 2
26 1257 -2
26 1596 -2
26 1841 -2
26 344 2
27 671 -2
27 635 2
27 1330 -2
27 1837 -2
27 216 2
27 647 -2
27 440 2
27 32 -2
27 662 2
27 1808 -2
27 979 2
27 1738 2
27 881 2
27 258 -2
27 528 2
27 1412 -2
27 1585 -2
27 1773 -2
27 336 -2
27 1973 2
27 159 -2
27 1629 -2
27 1725 -2
27 452 2
27 36 -2
27 243 -2
28 248 2
28 1391 2
28 754 -2
28 525 -2
28 413 -2
28 151 2
28 1325 -2
28 674 -2
28 1658 2
28 1544 2
28 730 2
28 63 -2
28 864 2
28 667 -2
28 109 2
28 745 -2
28 854 -2
28 1071 -2
28 1507 -2
28 913 -2
28 1401 2
28 1412 -2
28 779 2
28 1779 -2
28 479 -2
28 1431 -2
28 545 2
28 1143 -2
28 115 2
29 467 -2
29 1931 -2
29 1915 -2
29 1852 2
29 1189 2
29 64 -2
29 1564 -2
29 1731 2
29 1818 2
29 1646 -2
29 1954 2
29 1497 2
29 437 -2
29 1375 -2
29 1195 2
29 304 2
29 649 2
29 1535 2
29 69 2
29 1160 2
29 1425 -2
29 136 2
29 404 -2
29 199 -2
29 705 -2
30 928 2
30 1712 -2
30 1358 2
30 1031 -2
30 202 -2
30 180 2
30 1429 -2
30 522 2
30 184 -2
30 1560 2
30 1417 2
30 404 2
30 1430 -2
30 642 2
31 1575 2
31 163 2
31 1606 -2
31 244 -2
31 1271 2
31 459 -2
31 342 -2
31 490 -2
31 989 -2
31 836 -2
31 951 2
31 1288 2
31 470 -2
31 1000 -2
31 1416 2
31 1111 2
31 1016 2
31 1814 2
31 679 -2
31 707 -2
31 1940 -2
32 332 -2
32 1091 -2
32 1565 -2
32 1407 2
32 755 -2
32 1438 -2
32 1386 -2
32 1405 2
32 115 -2
32 41 -2
32 1510 2
32 188 -2
32 1709 2
32 1298 2
32 1650 2
33 106 -2
33 1287 2
33 1677 2
33 1160 -2
33 1816 2
33 407 2
33 652 -2
33 354 2
33 63 2
33 872 -2
33 869 -2
33 1404 -2
33 818 -2
33 935 2
33 713 -2
33 1975 -2
33 278 -2
33 940 2
33 664 2
33 54 2
33 982 2
34 500 2
34 1507 2
34 760 2
34 1650 -2
34 286 2
34 1077 -2
34 243 2
34 346 2
34 1251 -2
34 927 2
34 289 -2
34 787 2
34 553 -2
34 1731 2
34 1382 -2
34 1522 2
34 533 2
34 821 2
34 974 2
34 1799 2
34 1460 2
35 535 -2
35 1000 -2
35 1558 -2
35 460 2
35 867 2
35 474 -2
35 1104 -2
35 1627 2
35 1765 -2
35 1630 2
35 1840 2
35 1637 2
35 1791 -2
35 520 -2
35 1400 2
35 1977 2
35 1306 -2
35 802 2
35 1615 -2
35 42 2
35 1085 2
35 1240 2
35 385 2
35 1663 -2
35 1798 -2
35 1179 2
35 1304 -2
36 1786 -2
36 1883 2
36 1073 -2
36 574 -2
36 1170 2
36 1412 2
36 283 -2
36 1909 -2
36 927 -2
36 1724 2
36 188 2
36 606 2
36 205 2
36 658 2
36 747 2
36 151 -2
36 1819 -2
36 611 -2
36 1358 2
36 1788 2
36 921 -2
37 140 -2
37 722 2
37 876 2
37 289 -2
37 815 2
37 1416 -2
37 1773 2
37 1685 -2
37 80 -2
37 93 2
37 1427 2
37 391 2
37 712 -2
37 1898 2
37 681 -2
37 397 2
37 886 -2
37 1170 -2
37 1110 -2
37 860 2
37 1107 -2
37 1541 -2
37 1368 2
38 1222 2
38 1907 -2
38 1853 -2
38 357 -2
38 1833 2
38 798 -2
38 1423 2
38 1212 -2
38 379 2
38 999 -2
38 189 2
38 220 2
38 1394 2
38 965 -2
38 60 2
38 1343 2
38 1741 -2
38 174 2
38 348 2
38 1649 -2
38 1786 2
38 1888 -2
39 1412 -2
39 1961 2
39 94 2
39 1792 2
39 1159 -2
39 1913 -2
39 1243 2
39 1841 -2
39 1121 2
39 1309 -2
39 55 2
39 1689 2
39 1808 2
39 1017 2
39 453 -2
39 366 -2
39 1788 2
39 340 -2
39 1095 2
39 744 2
39 1314 2
39 244 -2
39 387 -2
39 1372 2
40 1501 2
40 1524 -2
40 1612 -2
40 643 -2
40 583 -2
40 401 -2
40 1359 2
40 1382 2
40 1438 -2
40 1103 -2
40 1360 2
40 1030 -2
40 777 -2
40 1162 2
40 1286 2
40 368 -2
40 809 2
41 1801 -2
41 1296 2
41 1018 -2
41 888 -2
41 1097 -2
41 296 2
41 1094 -2
41 724 -2
41 1723 2
41 735 2
41 915 2
41 1807 2
41 1068 2
41 1096 -2
41 1974 -2
41 233 2
41 773 -2
41 444 -2
41 1514 -2
41 785 2
42 961 -2
42 124 2
42 845 -2
42 1599 2
42 1229 2
42 1885 2
42 1213 2
42 1456 2
42 552 2
42 1061 2
42 140 2
42 1674 2
42 740 2
42 1613 -2
42 952 -2
42 1251 2
42 995 -2
42 1942 -2
42 1349 -2
43 424 -2
43 754 2
43 659 2
43 1751 -2
43 1367 2
43 1130 2
43 1937 2
43 938 2
43 392 2
43 1506 -2
43 1869 -2
43 399 -2
43 165 -2
43 313 2
43 1450 2
43 1535 2
44 864 2
44 1822 -2
44 468 -2
44 1867 2
44 918 2
44 316 2
44 1502 -2
44 1973 2
44 449 2
44 303 2
44 498 2
44 181 -2
44 1768 -2
44 482 -2
44 1829 -2
44 1533 -2
44 440 -2
45 1995 -2
45 428 2
45 94 2
45 1880 2
45 616 -2
45 1478 -2
45 300 -2
45 1935 2
45 1613 2
45 1181 -2
45 369 2
45 739 2
45 291 -2
45 1078 -2
45 1071 2
45 241 -2
45 1620 -2
45 701 -2
45 1503 2
45 1152 2
45 820 -2
45 907 -2
45 495 2
45 72 -2
45 888 -2
46 1269 2
46 1339 -2
46 1095 2
46 1512 2
46 674 -2
46 1740 2
46 745 -2
46 1948 -2
46 402 2
46 396 -2
46 427 -2
46 204 2
46 381 -2
46 1719 -2
46 1901 -2
46 200 -2
46 546 2
46 1961 -2
47 1306 -2
47 1682 2
47 753 2
47 1671 2
47 1258 2
47 1084 -2
47 1675 -2
47 1858 -2
47 82 -2
47 585 2
47 193 -2
47 317 2
47 447 2
47 627 -2
47 55 2
47 761 -2
47 772 2
47 881 -2
47 238 2
47 320 2
47 1111 -2
48 678 -2
48 904 -2
48 1186 2
48 884 2
48 754 2
48 1761 -2
48 1113 -2
48 1317 -2
48 563 2
48 1072 -2
48 1638 -2
48 219 -2
48 1767 2
48 354 -2
48 546 2
48 565 2
48 379 2
48 893 -2
48 583 2
48 51 2
49 843 -2
49 438 2
49 256 -2
49 1419 2
49 1819 -2
49 1267 2
49 213 -2
49 1720 2
49 1530 2
49 356 -2
49 1259 2
49 1786 2
49 940 -2
49 1055 -2
49 1567 -2
50 388 -2
50 1005 2
50 133 2
50 1650 2
50 414 -2
50 1540 -2
50 1058 -2
50 495 2
50 1374 2
50 1415 2
50 1038 2
50 1562 -2
50 808 2
50 1485 2
50 1863 2
50 578 2
50 780 -2
51 411 2
51 1643 -2
51 1021 2
51 1022 2
51 136 2
51 584 -2
51 668 -2
51 123 2
51 1399 -2
51 1221 -2
51 1074 -2
51 128 -2
51 1193 -2
51 218 -2
51 1085 2
51 1075 -2
51 89 2
51 1321 -2
51 757 2
51 1661 2
52 1170 -2
52 808 2
52 1144 -2
52 642 -2
52 897 -2
52 1291 2
52 242 2
52 1525 2
52 1447 2
52 1823 2
52 868 2
52 1981 2
52 729 2
52 1154 -2
52 1175 -2
52 554 2
53 1370 -2
53 673 2
53 1599 -2
53 1641 2
53 974 -2
53 1799 -2
53 1715 -2
53 1221 -2
53 271 -2
53 1424 -2
53 442 -2
53 1827 2
53 1639 -2
53 1624 2
53 514 -2
53 1716 2
53 689 2
53 921 -2
53 1854 2
53 520 -2
53 398 2
53 192 2
53 1618 2
53 776 2
53 1404 -2
53 190 2
53 1157 -2
53 809 -2
54 83 2
54 682 2
54 1990 -2
54 1078 -2
54 461 -2
54 1868 2
54 1752 2
54 1833 -2
54 1176 2
54 1530 2
54 1544 2
54 695 -2
54 248 -2
54 945 2
54 154 2
54 1207 2
54 669 2
54 1859 -2
54 411 -2
54 1906 -2
54 1597 -2
55 626 2
55 464 -2
55 475 -2
55 810 2
55 1589 -2
55 1015 2
55 683 -2
55 88 -2
55 1486 2
55 1243 -2
55 896 2
55 263 2
55 203 2
55 1006 -2
56 952 2
56 1387 2
56 1413 -2
56 1737 2
56 256 2
56 1363 -2
56 117 2
56 631 2
56 1514 2
56 95 2
56 1919 2
56 1744 2
56 673 2
56 107 2
56 1590 -2
56 1641 -2
56 1454 -2
56 1055 2
56 1980 2
56 1241 2
56 288 2
56 821 2
56 1106 2
56 1098 -2
57 1624 2
57 889 2
57 1098 -2
57 1477 -2
57 1772 2
57 966 2
57 1549 2
57 658 -2
57 1297 -2
57 748 2
57 116 -2
57 1833 2
57 858 -2
57 1426 -2
57 723 2
57 1521 2
57 1739 -2
57 1364 -2
58 1448 2
58 189 2
58 1772 2
58 172 -2
58 1835 2
58 528 2
58 1627 -2
58 620 -2
58 972 2
58 303 2
58 1492 -2
58 1850 2
58 1910 -2
58 846 -2
58 842 2
58 572 -2
58 1338 -2
58 1770 2
58 195 -2
58 856 -2
58 1110 -2
58 1486 -2
58 1594 -2
58 1254 -2
59 1829 2
59 841 2
59 398 -2
59 528 -2
59 256 -2
59 1404 2
59 606 -2
59 1922 2
59 176 2
59 482 -2
59 1630 2
59 1544 -2
59 1520 -2
59 703 2
59 1363 -2
59 1442 -2
59 690 2
59 1936 -2
59 1867 -2
59 750 2
59 629 2
59 1647 2
59 656 2
59 718 2
59 1504 -2
59 1305 -2
59 835 2
59 764 -2
59 410 -2
59 1446 2
59 687 2
60 1104 2
60 140 -2
60 1632 -2
60 1309 -2
60 1939 2
60 1418 2
60 1639 2
60 844 -2
60 1637 2
60 1298 -2
60 1039 2
60 837 -2
60 1130 2
60 316 2
61 1889 2
61 727 2
61 1220 -2
61 167 2
61 225 2
61 796 2
61 1665 2
61 1971 -2
61 1484 2
61 531 2
61 522 -2
61 1501 2
61 861 2
61 148 -2
61 1039 -2
61 1851 -2
61 548 2
61 1715 -2
61 444 -2
61 1042 2
61 885 2
61 993 2
61 471 2
62 588 2
62 1384 -2
62 1856 2
62 1504 -2
62 115 -2
62 954 2
62 1602 2
62 1524 2
62 1353 -2
62 611 2
62 1423 2
62 1797 2
62 210 -2
62 627 2
62 1633 -2
62 414 -2
62 298 2
62 1077 2
62 265 2
62 1059 -2
62 394 2
63 1698 2
63 1817 2
63 92 2
63 565 -2
63 1732 2
63 74 2
63 1153 2
63 1740 -2
63 1062 -2
63 729 2
63 1894 2
63 1411 2
63 925 2
63 1031 -2
63 1926 -2
63 215 -2
63 1308 2
64 838 2
64 1033 2
64 217 2
64 112 -2
64 994 -2
64 1100 -2
64 1872 2
64 1564 2
64 1627 -2
64 418 -2
64 373 2
64 1172 2
64 286 -2
64 303 2
64 953 2
64 336 -2
64 252 -2
64 1847 -2
65 94 -2
65 1282 -2
65 1833 -2
65 972 2
65 1152 2
65 367 -2
65 1954 -2
65 1091 2
65 1078 -2
65 469 2
65 1212 -2
65 285 2
65 1348 -2
65 1835 2
65 1524 -2
65 196 -2
65 871 -2
65 266 2
65 293 2
65 1690 2
65 659 -2
66 392 -2
66 1943 -2
66 945 2
66 888 2
66 933 2
66 1489 2
66 1261 -2
66 1718 2
66 448 -2
66 1035 2
66 143 -2
66 1152 -2
66 1619 2
66 990 2
66 1190 2
66 1276 -2
66 293 -2
66 1541 2
66 786 -2
66 835 2
66 1454 -2
67 1769 2
67 1218 -2
67 997 2
67 423 2
67 1448 2
67 345 2
67 95 -2
67 1463 -2
67 148 -2
67 162 -2
67 153 2
67 1795 2
67 342 -2
67 1084 2
67 225 2
67 665 2
67 954 2
67 1305 2
67 604 2
68 1403 2
68 1416 -2
68 447 2
68 1484 2
68 1068 -2
68 1976 2
68 1000 2
68 1680 -2
68 639 2
68 1894 2
68 972 -2
68 300 -2
68 819 -2
68 158 -2
68 1315 2
68 441 2
68 595 -2
68 738 2
68 1281 -2
68 1210 -2
68 486 -2
68 1691 -2
68 1235 -2
68 1595 2
69 1345 -2
69 1218 -2
69 1767 -2
69 1478 2
69 1678 -2
69 571 2
69 832 2
69 469 -2
69 491 2
69 536 2
69 1799 2
69 1298 2
69 737 2
69 1590 2
69 1957 2
69 1781 2
69 375 -2
69 1608 -2
69 196 2
69 970 2
70 849 2
70 1473 -2
70 942 2
70 1014 2
70 1086 2
70 1887 -2
70 741 -2
70 951 -2
70 1579 2
70 1769 -2
70 1253 2
70 611 -2
70 1992 -2
70 1950 2
70 1118 -2
70 1009 2
70 1896 -2
70 1304 2
70 1736 -2
70 1404 -2
71 965 2
71 427 2
71 1356 -2
71 201 -2
71 1827 2
71 670 -2
71 253 2
71 1127 -2
71 1914 2
71 1095 2
71 1959 2
71 548 2
71 1166 2
71 1139 -2
71 1378 -2
71 1645 -2
71 928 -2
71 1608 -2
71 1111 2
71 917 2
71 1950 2
71 657 2
71 877 -2
71 380 2
71 374 -2
71 721 -2
71 985 -2
71 1641 -2
71 1568 2
72 783 2
72 459 -2
72 261 -2
72 460 -2
72 746 2
72 1327 2
72 1096 2
72 1471 2
72 794 -2
72 552 2
72 1503 -2
72 1651 -2
72 1576 -2
72 105 -2
72 1450 2
73 1988 -2
73 498 -2
73 1188 -2
73 1687 -2
73 387 2
73 572 2
73 584 2
73 137 2
73 1429 -2
73 986 -2
73 194 2
73 853 -2
73 1168 -2
73 777 -2
73 1077 -2
73 512 2
73 1110 2
73 1449 2
73 548 -2
73 1629 2
73 892 -2
74 1111 -2
74 469 2
74 1685 -2
74 552 2
74 789 2
74 607 2
74 1727 2
74 1850 2
74 1212 -2
74 1184 2
74 416 2
74 1098 2
74 1639 -2
74 408 2
74 1659 2
74 817 -2
74 776 -2
74 398 -2
75 1028 -2
75 546 2
75 1322 -2
75 724 -2
75 1572 -2
75 457 2
75 595 2
75 1222 -2
75 500 2
75 208 2
75 1997 2
75 494 2
75 527 2
75 353 2
75 1874 2
76 138 -2
76 1323 -2
76 779 -2
76 1470 -2
76 1744 -2
76 1251 2
76 1583 -2
76 133 -2
76 1296 -2
76 1314 2
76 540 -2
76 1586 -2
76 568 -2
76 1605 -2
76 838 2
76 709 2
76 1132 2
76 1768 -2
76 850 -2
76 262 2
76 1555 2
77 1352 2
77 382 2
77 182 -2
77 1147 -2
77 1227 2
77 954 -2
77 1589 2
77 388 -2
77 1612 -2
77 1682 -2
77 927 2
77 165 -2
77 1470 -2
77 1960 2
77 941 -2
77 1780 2
77 570 -2
77 267 2
78 400 2
78 258 -2
78 935 2
78 920 2
78 255 2
78 1634 -2
78 310 2
78 772 2
78 647 2
78 809 -2
78 1676 -2
78 1272 2
78 1171 -2
78 1531 2
78 1982 2
78 1867 -2
78 1858 -2
78 1948 2
78 1056 2
78 1235 2
78 1209 2
78 355 -2
79 1142 -2
79 347 2
79 1077 2
79 1672 -2
79 878 -2
79 1946 2
79 1296 2
79 1637 -2
79 497 -2
79 1487 2
79 1082 2
79 943 -2
79 1375 -2
79 508 -2
79 1818 2
79 1072 2
79 1123 2
79 759 -2
79 321 -2
80 422 2
80 479 -2
80 244 -2
80 1396 -2
80 149 -2
80 1256 -2
80 851 2
80 87 -2
80 1913 2
80 1273 2
80 1580 2
80 1631 2
80 973 -2
80 322 2
80 1529 -2
80 1818 -2
80 525 -2
80 535 -2
80 344 2
80 424 -2
81 839 -2
81 389 -2
81 546 -2
81 1259 -2
81 247 -2
81 114 -2
81 1548 2
81 888 -2
81 1630 -2
81 1930 -2
81 1444 -2
81 1836 -2
81 956 2
81 486 -2
81 1127 2
81 1148 -2
82 213 -2
82 1754 -2
82 1777 2
82 1868 -2
82 1016 2
82 771 2
82 1681 -2
82 1144 -2
82 165 -2
82 1085 -2
82 1418 -2
82 1010 -2
82 1072 -2
82 999 -2
82 307 2
82 503 2
82 831 -2
82 1110 2
82 1968 -2
82 393 2
82 1673 -2
82 476 -2
82 169 2
82 1390 2
82 310 -2
83 1850 2
83 1889 2
83 687 -2
83 358 2
83 247 -2
83 1272 2
83 162 -2
83 1435 -2
83 1208 2
83 1679 2
83 476 -2
83 1636 -2
83 1468 -2
83 1141 -2
83 549 -2
83 1221 2
83 240 2
84 1175 -2
84 860 -2
84 733 -2
84 334 -2
84 717 2
84 1875 2
84 782 -2
84 95 -2
84 1009 2
84 1986 2
84 882 -2
84 593 2
84 1146 -2
84 406 -2
84 1944 2
84 894 2
84 1882 2
84 1308 -2
84 1290 -2
84 993 2
85 1709 -2
85 1673 -2
85 1375 2
85 227 -2
85 990 2
85 614 -2
85 1884 -2
85 539 2
85 1770 2
85 1643 2
85 294 -2
85 1463 -2
85 239 2
85 1331 -2
85 1081 2
85 1783 2
85 1495 -2
85 1891 2
85 118 2
85 605 2
85 1632 2
85 345 2
86 674 -2
86 1612 -2
86 628 -2
86 1250 -2
86 1876 2
86 275 -2
86 172 2
86 1577 -2
86 152 -2
86 1461 -2
86 237 -2
86 1339 2
86 562 2
86 1383 -2
86 616 -2
86 1146 -2
86 1023 2
87 843 -2
87 1640 2
87 1868 2
87 935 -2
87 147 -2
87 981 2
87 1243 -2
87 150 -2
87 1188 2
87 718 -2
87 488 -2
87 157 -2
87 193 2
87 275 2
87 708 -2
87 738 -2
87 1136 -2
88 940 2
88 1860 2
88 852 -2
88 828 -2
88 827 -2
88 845 -2
88 1505 2
88 1707 2
88 874 2
88 1438 2
88 177 2
88 1068 2
88 257 -2
88 948 2
88 896 -2
88 619 -2
88 96 -2
88 1609 2
88 795 -2
88 1062 -2
89 1649 -2
89 380 2
89 1211 2
89 832 2
89 721 2
89 1568 -2
89 1692 -2
89 699 2
89 1520 -2
89 132 -2
89 1315 -2
89 1916 -2
89 1758 -2
89 1236 2
89 927 2
90 346 -2
90 1690 -2
90 855 -2
90 1839 2
90 404 -2
90 1566 2
90 1735 -2
90 1835 2
90 1722 2
90 1769 2
90 387 2
90 550 2
90 1089 2
90 895 2
90 311 2
90 1086 -2
90 1756 -2
90 1916 -2
90 791 -2
90 1789 -2
90 695 -2
90 1856 -2
91 1962 -2
91 420 2
91 719 2
91 578 2
91 1971 -2
91 481 -2
91 1314 -2
91 1459 -2
91 1401 -2
91 892 2
91 455 -2
91 1525 -2
91 1244 -2
91 991 2
91 1524 -2
91 1961 -2
91 1462 -2
91 1633 2
92 644 -2
92 1968 -2
92 1974 -2
92 323 -2
92 370 2
92 1856 2
92 1413 -2
92 839 2
92 1141 2
92 1718 2
92 1175 2
92 1387 2
93 1260 2
93 221 2
93 718 2
93 1190 -2
93 1655 -2
93 1394 2
93 826 -2
93 443 2
93 1429 -2
93 1569 2
93 1157 -2
93 1484 2
93 1242 -2
93 1155 2
93 1710 2
93 191 2
93 434 -2
93 1745 2
93 1306 -2
93 1364 -2
94 787 2
94 259 2
94 1659 2
94 928 2
94 1065 -2
94 1270 2
94 1057 -2
94 1575 2
94 1156 2
94 1476 -2
94 827 2
94 655 2
94 174 2
95 194 -2
95 1713 -2
95 950 2
95 1834 2
95 1640 -2
95 642 -2
95 609 -2
95 274 2
95 1468 2
95 1584 -2
95 1077 -2
95 604 2
95 1418 -2
95 327 2
95 1282 2
95 1721 -2
95 989 2
95 508 2
96 123 -2
96 1125 -2
96 1392 -2
96 1027 2
96 1834 2
96 473 2
96 1133 -2
96 1237 2
96 1809 2
96 199 2
96 1196 -2
96 1786 2
96 1109 -2
96 203 2
96 1070 2
96 1479 2
96 309 -2
96 1298 2
96 1362 -2
96 1764 2
96 1024 -2
96 1740 2
96 1732 2
96 1858 -2
96 946 2
96 1816 2
96 1648 2
96 616 2
97 1775 -2
97 1754 2
97 1428 2
97 1573 2
97 1382 -2
97 916 -2
97 1238 2
97 337 -2
97 1307 2
97 730 -2
97 1217 -2
97 422 2
97 1018 -2
97 838 2
97 136 -2
97 467 2
97 1644 -2
97 905 -2
97 1479 -2
98 152 2
98 650 -2
98 1564 -2
98 1040 -2
98 1113 -2
98 1478 -2
98 1497 -2
98 1376 2
98 158 -2
98 967 2
98 872 -2
98 480 -2
98 1797 2
98 1193 -2
98 984 -2
98 1712 -2
98 714 -2
98 208 2
98 1909 2
98 1767 -2
98 1610 2
99 1008 2
99 224 2
99 1624 -2
99 569 2
99 991 2
99 118 -2
99 343 2
99 1376 2
99 1666 -2
99 1257 2
99 504 -2
99 1717 -2
99 1607 2
99 212 -2
99 1042 -2
99 1139 -2
99 1141 -2
100 411 2
100 1036 2
100 1322 -2
100 1541 -2
100 1613 -2
100 738 2
100 1853 -2
100 1411 2
100 1199 2
100 1426 2
100 872 2
100 1317 2
100 706 -2
100 1858 2
100 1810 2
100 380 2
100 1539 2
100 1707 -2
100 404 -2
101 626 -2
101 1005 -2
101 1647 2
101 1507 -2
101 1978 2
101 1865 -2
101 807 -2
101 1639 -2
101 1075 -2
101 147 2
101 637 2
101 294 2
102 1502 2
102 310 2
102 1961 -2
102 1894 2
102 1710 -2
102 1643 -2
102 968 -2
102 179 2
102 1510 2
102 1489 2
102 1756 2
102 1704 -2
102 1687 -2
102 536 -2
102 1491 2
102 1279 -2
103 1422 2
103 700 2
103 116 -2
103 1139 2
103 1899 -2
103 942 2
103 1743 2
103 497 2
103 926 -2
103 1531 2
103 505 2
103 1147 -2
103 1366 2
103 1035 -2
103 1464 2
103 1171 2
104 571 2
104 1814 2
104 865 -2
104 784 2
104 1275 2
104 680 2
104 1238 2
104 1970 2
104 1305 2
104 1787 -2
104 994 2
104 135 -2
104 1318 2
104 306 2
104 1880 2
104 1872 2
104 177 2
104 741 -2
104 929 2
104 1167 -2
104 1240 2
105 762 2
105 1975 2
105 146 -2
105 515 -2
105 1352 -2
105 171 2
105 438 -2
105 1454 2
105 1316 -2
105 1877 -2
105 544 -2
105 1928 -2
105 1875 -2
105 1313 2
105 1139 -2
105 106 2
105 495 -2
106 887 2
106 495 -2
106 1006 2
106 1301 -2
106 1220 2
106 482 -2
106 1023 2
106 1590 -2
106 799 2
106 117 -2
106 459 -2
106 107 2
106 1770 2
107 707 2
107 1189 -2
107 952 2
107 723 2
107 1909 -2
107 1273 -2
107 665 2
107 713 -2
107 1919 -2
107 1315 -2
107 461 -2
107 1162 -2
107 1959 -2
107 155 -2
107 722 2
107 525 2
107 401 2
108 495 -2
108 1677 2
108 1526 -2
108 1656 -2
108 465 2
108 1986 -2
108 521 2
108 1909 -2
108 1899 -2
108 874 -2
108 1148 -2
108 1437 2
108 290 2
108 1543 2
108 1418 2
108 985 2
108 880 2
108 1927 2
108 1473 2
108 382 2
108 1443 -2
109 295 -2
109 1854 2
109 978 -2
109 1552 2
109 506 -2
109 1206 2
109 1558 2
109 829 2
109 956 2
109 1733 2
109 631 -2
109 521 2
109 1433 -2
109 1303 2
110 241 2
110 476 2
110 431 -2
110 648 -2
110 981 -2
110 924 -2
110 245 2
110 750 2
110 1374 -2
110 1300 2
110 1383 -2
110 367 2
110 839 -2
110 438 -2
110 599 2
110 519 2
111 1021 2
111 1923 2
111 1898 -2
111 1253 2
111 960 2
111 688 2
111 967 2
111 241 2
111 912 2
111 576 -2
111 561 2
111 1888 2
111 311 -2
111 177 2
111 1051 -2
111 975 2
112 771 -2
112 659 -2
112 1995 -2
112 629 2
112 1587 -2
112 1205 -2
112 1629 2
112 1734 2
112 1049 2
112 633 -2
112 275 2
112 598 -2
112 1003 2
112 1558 -2
112 971 2
112 209 2
112 1019 -2
112 1737 -2
112 390 -2
113 1840 -2
113 1806 2
113 1692 2
113 1719 -2
113 381 2
113 1659 2
113 348 -2
113 1458 2
113 993 2
113 935 2
113 234 -2
113 642 2
113 469 2
113 981 2
114 175 -2
114 950 -2
114 1237 -2
114 538 2
114 1833 2
114 1257 -2
114 619 2
114 1659 2
114 1610 -2
114 1609 2
114 261 -2
114 1167 -2
114 969 2
114 1311 2
114 436 -2
114 653 -2
114 743 -2
115 171 2
115 1712 2
115 558 2
115 556 2
115 751 -2
115 459 2
115 1116 -2
115 1667 -2
115 1714 2
115 1234 -2
115 1793 2
115 964 -2
115 1345 2
115 1739 -2
115 326 -2
115 1092 -2
115 1727 -2
115 1855 2
115 1504 2
115 211 -2
116 1705 -2
116 589 2
116 713 -2
116 588 2
116 392 -2
116 1232 2
116 1599 -2
116 442 -2
116 1459 2
116 839 2
116 689 -2
116 842 -2
116 1713 2
116 380 2
116 999 2
116 1226 -2
116 1633 2
116 1185 2
116 1838 2
116 507 -2
116 1865 2
116 1345 -2
116 1621 -2
116 1370 -2
116 669 -2
117 1697 2
117 1976 -2
117 681 2
117 357 -2
117 1416 -2
117 612 2
117 708 -2
117 782 -2
117 362 -2
117 832 -2
117 197 2
117 1716 -2
117 1583 -2
117 1015 2
117 1832 2
117 157 -2
118 1909 -2
118 1578 2
118 143 -2
118 1510 2
118 977 2
118 1454 2
118 644 -2
118 1413 2
118 745 -2
118 1533 -2
118 1352 -2
118 1979 -2
118 845 -2
118 1506 -2
118 532 2
118 1540 -2
118 616 -2
118 1885 -2
118 1542 -2
118 198 2
118 339 2
118 1750 2
118 1608 -2
119 1522 2
119 579 2
119 700 2
119 1441 -2
119 1007 2
119 220 -2
119 1395 -2
119 688 -2
119 1540 2
119 433 -2
119 550 2
119 1727 2
119 635 -2
119 972 2
119 578 2
120 1432 -2
120 1186 -2
120 1150 -2
120 1014 -2
120 1406 -2
120 1042 -2
120 1386 2
120 1416 2
120 1417 2
120 533 -2
120 1760 2
120 603 2
120 223 2
120 1499 -2
120 1701 2
120 601 -2
120 317 2
120 1749 -2
120 1285 2
120 162 2
121 570 -2
121 493 -2
121 426 2
121 1819 2
121 836 -2
121 1680 2
121 446 -2
121 134 2
121 1563 -2
121 249 -2
121 665 -2
121 1106 2
121 1081 2
121 874 -2
121 972 2
121 1727 -2
121 1995 -2
121 1898 2
121 1028 2
121 1567 -2
121 1417 2
121 1966 2
122 649 -2
122 364 -2
122 193 -2
122 1429 -2
122 571 -2
122 1338 -2
122 1014 -2
122 813 -2
122 1127 -2
122 1203 -2
122 1290 -2
122 1751 -2
122 1531 -2
122 644 2
123 1641 2
123 1874 2
123 308 -2
123 233 -2
123 586 2
123 1889 -2
123 268 -2
123 525 -2
123 1419 -2
123 873 -2
123 391 2
123 1689 -2
123 1795 2
123 1232 -2
123 897 -2
123 987 -2
123 1765 2
123 808 -2
123 1732 2
123 1018 2
123 1161 -2
123 764 2
123 1606 2
123 396 2
123 1334 2
123 1989 2
124 1104 -2
124 835 -2
124 1648 2
124 1824 2
124 1674 2
124 1883 2
124 1425 -2
124 1429 2
124 1397 -2
124 1200 -2
124 1308 -2
124 646 2
124 949 -2
124 730 -2
124 661 -2
124 1641 2
124 1496 -2
125 799 -2
125 455 2
125 1972 -2
125 1135 2
125 1717 -2
125 462 -2
125 1882 2
125 1118 2
125 748 -2
125 1637 2
125 218 2
125 914 -2
125 1296 -2
125 1571 -2
125 1756 -2
125 1614 -2
125 674 -2
125 1788 2
125 981 -2
125 328 -2
125 1841 2
125 596 2
125 1610 2
126 465 -2
126 1975 -2
126 618 2
126 1772 -2
126 635 2
126 596 -2
126 447 -2
126 1169 2
126 1992 2
126 843 -2
126 1200 2
126 710 2
126 678 2
126 1987 2
127 1384 2
127 290 -2
127 1142 -2
127 1282 2
127 1486 2
127 1600 -2
127 1284 -2
127 1121 2
127 456 2
127 1511 -2
127 1223 -2
127 1022 2
127 1875 2
127 1955 -2
127 1242 -2
127 599 -2
127 1260 -2
127 1660 -2
127 1443 -2
127 1287 2
127 1481 -2
128 424 -2
128 1221 -2
128 1280 2
128 211 -2
128 1368 -2
128 1147 2
128 1062 -2
128 1776 2
128 1145 2
128 1755 2
128 1343 -2
128 143 2
128 1787 -2
128 1947 -2
128 951 2
128 1942 -2
128 931 -2
128 484 -2
128 989 -2
129 802 2
129 1764 -2
129 1841 -2
129 622 -2
129 1782 -2
129 1259 2
129 827 -2
129 1638 2
129 1295 2
129 1929 2
129 476 2
129 559 2
129 1956 -2
129 1898 2
129 520 2
129 498 -2
129 1278 2
129 775 -2
129 362 -2
129 1586 -2
129 270 -2
130 731 -2
130 1787 2
130 1559 2
130 872 2
130 1904 -2
130 479 2
130 1084 -2
130 626 2
130 1142 2
130 443 -2
130 1614 2
130 1460 -2
130 1104 2
130 356 -2
130 1672 -2
130 494 2
130 966 -2
130 385 -2
130 592 2
130 538 2
130 544 2
130 316 2
130 618 2
130 537 -2
130 1946 2
130 547 -2
130 744 -2
131 633 2
131 1181 -2
131 766 -2
131 612 2
131 886 2
131 1365 2
131 1228 -2
131 1799 2
131 572 -2
131 668 2
131 723 2
131 1544 -2
131 295 2
131 1896 -2
131 1098 2
131 334 2
131 1292 2
131 1582 -2
131 1320 2
131 1018 -2
132 395 2
132 1964 -2
132 1211 -2
132 1880 2
132 1440 2
132 1032 -2
132 339 2
132 1805 2
132 887 2
132 711 2
132 1931 -2
132 939 -2
132 1138 2
132 581 2
132 232 -2
132 372 -2
132 596 2
133 1917 -2
133 173 2
133 380 -2
133 725 2
133 1147 2
133 784 2
133 874 2
133 1982 -2
133 1298 -2
133 783 -2
133 1862 2
133 1359 2
133 657 -2
133 1450 -2
133 1848 2
133 569 2
133 1717 2
133 410 -2
133 280 2
133 826 2
134 395 -2
134 261 -2
134 968 2
134 1162 -2
134 1138 -2
134 215 -2
134 1749 -2
134 599 -2
134 342 2
134 1585 2
134 848 -2
134 1997 -2
134 1755 -2
134 370 2
134 1648 -2
135 1650 -2
135 621 2
135 708 2
135 1965 2
135 1827 -2
135 1691 2
135 570 -2
135 401 -2
135 164 2
135 450 -2
135 337 2
135 1601 -2
135 1252 2
135 1836 -2
135 1198 -2
135 163 2
135 1376 2
135 1583 -2
136 1775 -2
136 401 2
136 495 -2
136 1764 2
136 953 2
136 1359 -2
136 1446 -2
136 1954 -2
136 1174 -2
136 1055 -2
136 1808 2
136 476 2
136 1413 -2
136 745 -2
136 328 -2
136 899 -2
136 850 -2
136 1966 2
137 261 -2
137 1394 2
137 1663 -2
137 508 -2
137 1356 -2
137 301 -2
137 1880 -2
137 671 -2
137 945 -2
137 1025 -2
137 433 2
137 807 2
137 306 2
137 1386 2
137 568 2
137 241 -2
137 243 2
137 1624 2
138 1042 2
138 178 2
138 299 -2
138 296 -2
138 1916 2
138 307 -2
138 1489 2
138 1784 2
138 1510 2
138 1717 2
138 1562 -2
138 150 -2
138 1257 2
138 345 -2
138 1014 -2
138 1157 2
139 396 -2
139 886 2
139 1612 -2
139 612 -2
139 862 2
139 737 2
139 939 2
139 1734 2
139 883 -2
139 243 2
139 303 2
139 1354 -2
139 1397 -2
139 412 2
139 691 2
139 789 2
139 999 2
139 770 -2
140 774 -2
140 1964 2
140 656 -2
140 522 -2
140 840 -2
140 1436 2
140 1517 2
140 260 -2
140 1881 -2
140 1768 -2
140 1821 -2
140 1270 2
140 1707 -2
140 1940 -2
140 1977 -2
140 1998 2
140 1786 2
140 629 -2
140 515 -2
140 186 -2
140 1560 -2
140 1119 2
140 893 2
141 663 -2
141 523 -2
141 495 2
141 1418 2
141 851 -2
141 761 2
141 1311 2
141 1642 2
141 469 -2
141 581 -2
141 1449 -2
141 453 -2
141 1216 2
141 693 -2
141 653 -2
141 1354 2
141 987 2
141 1704 -2
141 824 2
141 1122 2
141 1293 -2
141 302 2
141 494 2
142 923 -2
142 1884 -2
142 556 2
142 857 2
142 505 -2
142 1543 -2
142 1173 -2
142 1622 2
142 1036 2
142 662 -2
142 248 -2
142 395 -2
142 1671 2
142 1474 -2
142 205 2
142 1947 -2
142 1634 -2
142 450 2
142 590 -2
142 1610 -2
143 1569 -2
143 1824 2
143 1974 -2
143 511 2
143 1339 2
143 565 2
143 160 2
143 1136 2
143 1629 2
143 1365 2
143 1426 2
143 1590 -2
143 684 2
143 1103 -2
143 370 2
143 768 -2
143 1466 2
143 1913 -2
143 1810 -2
143 622 2
144 1688 -2
144 1672 2
144 944 -2
144 901 -2
144 335 2
144 1970 -2
144 677 -2
144 1577 2
144 238 2
144 1467 -2
144 1267 -2
144 1144 -2
144 1958 2
144 1728 2
144 1486 2
144 1659 -2
145 455 2
145 1752 2
145 1112 2
145 1163 2
145 733 -2
145 1478 -2
145 1611 2
145 1108 -2
145 1723 2
145 1256 -2
145 541 -2
145 1520 -2
145 1381 -2
145 228 -2
145 970 -2
145 1192 -2
145 1568 -2
145 388 -2
145 300 2
145 756 2
145 1526 2
145 1977 -2
145 522 -2
145 1565 -2
145 1352 2
145 1259 -2
145 1936 -2
146 510 2
146 263 -2
146 173 -2
146 245 -2
146 1489 2
146 1093 2
146 513 -2
146 1565 -2
146 557 2
146 1328 -2
146 1140 2
146 389 -2
146 1059 -2
146 1159 2
146 1025 -2
146 1134 2
146 1238 2
146 693 -2
146 1090 -2
146 576 -2
147 854 -2
147 855 -2
147 1026 -2
147 1005 -2
147 1052 -2
147 1919 2
147 338 -2
147 1086 2
147 826 -2
147 223 2
147 1000 2
147 1576 2
147 331 2
147 1032 2
147 893 2
147 1820 -2
147 313 2
148 925 2
148 1719 2
148 762 2
148 769 -2
148 696 -2
148 1933 -2
148 1922 2
148 1412 2
148 1625 -2
148 1399 -2
148 1602 -2
148 806 2
148 510 -2
148 1611 2
148 1144 2
149 1184 2
149 1994 -2
149 1532 -2
149 260 -2
149 887 2
149 598 2
149 879 -2
149 764 -2
149 1296 -2
149 1422 2
149 833 2
149 1890 2
149 1343 -2
149 273 -2
149 495 -2
149 920 2
149 494 2
149 1380 -2
149 531 2
149 1887 2
149 1817 2
149 300 -2
149 1724 2
149 796 2
150 967 2
150 1215 -2
150 1886 2
150 793 2
150 1628 2
150 1109 2
150 1371 -2
150 1344 2
150 478 2
150 803 2
150 961 2
150 1736 2
151 1925 -2
151 1506 -2
151 1995 -2
151 1511 -2
151 1257 2
151 1018 2
151 237 2
151 1501 2
151 1606 2
151 1010 -2
151 1890 2
151 193 2
151 461 2
151 442 -2
151 246 2
151 1803 2
151 1558 -2
151 1201 2
151 478 2
151 918 2
151 1914 -2
151 245 -2
151 878 -2
151 385 -2
151 1403 2
152 255 2
152 960 -2
152 1208 2
152 936 -2
152 1396 -2
152 161 -2
152 1222 2
152 1352 2
152 1693 -2
152 1012 -2
152 628 -2
152 706 2
152 155 -2
152 1428 2
152 1121 2
152 1060 -2
152 876 -2
152 1961 2
152 1603 -2
152 1230 2
152 503 -2
152 553 2
152 371 2
152 658 2
152 441 -2
153 321 2
153 1010 2
153 1661 -2
153 1166 -2
153 1423 -2
153 1752 -2
153 457 2
153 1450 2
153 246 -2
153 304 -2
153 1767 -2
153 1385 -2
153 378 -2
153 1308 -2
153 1092 -2
153 758 2
153 1228 -2
153 1319 2
153 1795 2
153 918 2
153 536 -2
153 740 -2
153 844 -2
153 554 -2
153 1762 -2
154 357 -2
154 1536 2
154 1932 2
154 186 2
154 759 -2
154 874 2
154 1457 2
154 1660 -2
154 1914 2
154 333 2
154 259 2
154 1072 2
154 786 2
154 1748 -2
154 1781 -2
154 1390 2
154 905 -2
154 404 2
154 1632 -2
154 1462 2
154 1282 2
154 640 2
154 1911 -2
155 1381 2
155 374 2
155 484 2
155 590 -2
155 1352 2
155 1603 2
155 320 2
155 1193 2
155 1544 -2
155 206 2
155 1121 -2
155 790 -2
155 569 2
155 513 -2
155 1108 2
155 1445 2
155 1293 2
155 1698 2
155 174 2
155 1569 2
155 1222 -2
155 472 2
156 1409 2
156 241 2
156 1058 2
156 313 -2
156 703 2
156 1027 2
156 1617 -2
156 489 -2
156 475 2
156 750 -2
156 636 2
156 231 2
156 501 -2
156 1443 -2
156 364 2
156 1267 2
156 752 -2
156 1605 2
157 1051 2
157 401 2
157 1849 2
157 834 2
157 621 -2
157 292 2
157 306 -2
157 676 2
157 1781 -2
157 1549 2
157 1670 -2
157 866 2
157 1507 -2
157 594 2
158 487 2
158 664 2
158 240 2
158 294 2
158 1860 -2
158 1782 -2
158 1135 -2
158 901 -2
158 519 -2
158 1310 -2
158 1275 2
158 1940 -2
158 797 2
158 463 2
158 1661 -2
158 1514 -2
158 1932 -2
159 315 2
159 449 -2
159 1790 -2
159 872 2
159 745 -2
159 1721 2
159 803 -2
159 749 2
159 320 -2
159 771 -2
159 511 -2
159 1984 -2
159 177 2
159 1311 2
160 480 2
160 1788 2
160 467 -2
160 909 -2
160 1556 -2
160 1456 2
160 305 -2
160 606 -2
160 1994 2
160 1416 2
160 1223 -2
160 1730 2
160 384 2
160 465 -2
160 361 -2
160 1221 -2
160 1763 2
160 719 -2
160 765 2
161 808 -2
161 377 2
161 1018 2
161 1616 2
161 505 -2
161 1146 2
161 606 -2
161 1001 2
161 1247 2
161 1609 2
161 1637 2
162 747 -2
162 401 -2
162 1808 -2
162 958 2
162 1934 -2
162 1482 -2
162 563 -2
162 1411 2
162 239 -2
162 1014 2
162 356 2
162 578 -2
162 1181 2
162 1483 -2
162 703 -2
162 853 -2
163 994 2
163 1292 2
163 466 -2
163 1940 2
163 847 -2
163 536 -2
163 379 2
163 170 2
163 1222 -2
163 1915 -2
163 1765 -2
163 1242 2
163 864 2
163 932 -2
163 474 2
163 1772 -2
163 1074 -2
163 500 2
163 1123 2
163 271 2
163 980 2
163 1629 -2
163 1948 2
163 254 -2
163 1983 -2
163 1245 2
163 436 2
164 1418 2
164 1425 -2
164 430 -2
164 1887 2
164 1016 2
164 899 2
164 1557 -2
164 594 2
164 432 2
164 977 2
164 1948 2
164 492 2
164 1343 -2
164 200 2
164 1776 -2
164 319 2
164 220 -2
164 822 2
164 1658 -2
164 1320 2
165 339 -2
165 978 -2
165 1584 2
165 1265 2
165 502 -2
165 985 -2
165 1916 -2
165 796 -2
165 1766 -2
165 757 2
165 948 2
165 556 2
165 734 -2
165 179 -2
165 1066 -2
165 1488 -2
165 990 -2
165 1891 2
165 1144 -2
166 844 -2
166 848 -2
166 1185 2
166 1192 -2
166 1168 -2
166 676 -2
166 443 2
166 723 -2
166 1240 2
166 1833 2
166 1021 -2
166 318 -2
166 1878 -2
166 832 2
166 1188 -2
166 203 2
166 261 -2
166 1081 -2
167 1923 -2
167 916 2
167 1028 -2
167 713 2
167 1947 2
167 838 -2
167 1603 2
167 751 2
167 1074 -2
167 1107 -2
167 1784 2
167 281 -2
167 388 2
167 1170 -2
167 1244 2
167 1233 2
167 538 2
167 673 2
167 1188 2
168 487 2
168 441 -2
168 1409 -2
168 590 -2
168 1358 -2
168 1778 2
168 569 -2
168 1663 2
168 1818 -2
168 685 2
168 1698 2
168 221 -2
168 1432 -2
168 1882 2
169 922 2
169 1661 2
169 1402 2
169 382 2
169 1078 2
169 1566 2
169 1092 -2
169 443 2
169 562 -2
169 1307 2
169 1173 2
169 1771 2
169 1398 2
169 226 -2
169 1784 -2
169 1785 2
169 656 -2
169 1841 2
169 1819 2
169 1781 -2
169 863 -2
169 393 -2
169 286 -2
169 1820 -2
170 1269 2
170 1745 -2
170 752 -2
170 736 2
170 1175 2
170 1892 -2
170 1389 -2
170 1616 2
170 953 2
170 1502 -2
170 1513 -2
170 1255 -2
170 1384 2
170 1546 2
170 929 -2
170 683 -2
170 1033 -2
170 323 2
170 1476 2
170 353 -2
170 275 2
170 711 2
171 1421 2
171 509 2
171 745 2
171 315 2
171 1397 2
171 1943 2
171 433 -2
171 255 2
171 1505 -2
171 1096 2
171 1700 -2
171 1857 -2
171 232 2
171 1710 -2
171 175 -2
171 1065 -2
171 877 2
171 1475 2
171 782 2
171 1215 -2
171 1949 2
171 1414 -2
171 848 2
171 1839 2
172 299 -2
172 1731 2
172 457 -2
172 337 2
172 1057 -2
172 391 -2
172 370 -2
172 1049 2
172 959 -2
172 1347 2
172 860 2
172 1711 2
172 188 2
172 1149 -2
172 380 2
172 1425 -2
172 1201 2
172 837 2
172 1269 -2
173 1035 -2
173 1704 2
173 1891 2
173 1541 2
173 1676 -2
173 456 -2
173 1166 2
173 680 2
173 1542 -2
173 220 2
173 608 2
173 582 -2
173 1481 2
173 551 -2
173 1970 -2
173 1506 2
173 1036 2
173 503 -2
174 1075 2
174 1950 2
174 1931 -2
174 774 -2
174 1596 -2
174 870 -2
174 1174 -2
174 1787 2
174 669 -2
174 604 -2
174 1080 -2
174 1125 -2
174 1128 2
174 586 -2
174 1569 2
174 689 2
174 1046 -2
174 1917 2
175 1041 -2
175 442 2
175 927 2
175 1313 -2
175 1245 -2
175 1823 2
175 422 2
175 1781 -2
175 1390 -2
175 343 2
175 1817 -2
175 1974 2
175 620 2
176 441 -2
176 1849 2
176 342 -2
176 1666 -2
176 1702 -2
176 526 2
176 1525 2
176 1568 -2
176 1477 -2
176 1783 2
176 1950 2
176 448 2
176 1655 -2
176 1391 2
177 455 -2
177 869 2
177 1173 -2
177 674 2
177 322 2
177 299 -2
177 737 -2
177 568 2
177 698 -2
177 1917 -2
177 1935 -2
177 1579 -2
177 1968 -2
177 1533 2
177 980 2
177 805 2
178 985 2
178 664 2
178 1013 2
178 1669 -2
178 585 2
178 381 2
178 1372 2
178 1200 -2
178 1248 -2
178 321 -2
178 1415 2
178 622 2
178 1112 -2
178 1223 -2
179 1391 -2
179 1193 -2
179 1908 2
179 1881 -2
179 1012 2
179 1251 2
179 1082 -2
179 1024 -2
179 992 2
180 1749 2
180 820 2
180 1443 -2
180 1864 2
180 578 -2
180 1424 -2
180 1316 2
180 1379 2
180 1983 2
180 221 2
180 1505 -2
180 1553 2
180 1352 -2
180 1274 -2
180 1646 -2
180 505 -2
180 274 -2
180 529 2
180 553 -2
180 1730 2
180 1673 -2
180 566 -2
180 940 2
180 904 2
180 497 -2
180 1956 -2
180 1129 -2
180 779 -2
181 801 -2
181 191 -2
181 489 2
181 1575 -2
181 1850 -2
181 630 2
181 362 -2
181 387 -2
181 1408 2
181 991 2
181 213 -2
181 1502 2
181 277 -2
181 322 -2
181 1564 -2
181 1847 -2
182 1451 2
182 738 -2
182 1095 2
182 1425 -2
182 1914 -2
182 417 -2
182 1572 -2
182 1793 -2
182 746 -2
182 1544 -2
182 491 -2
182 301 -2
182 1616 2
182 364 2
182 1915 2
182 1680 -2
182 894 -2
182 584 2
182 558 -2
183 1749 -2
183 1233 -2
183 1194 2
183 201 2
183 1380 2
183 385 -2
183 834 2
183 1400 -2
183 984 2
183 1171 2
183 1505 2
183 638 2
183 1353 2
183 1733 -2
183 941 -2
183 902 2
183 885 2
183 338 -2
183 254 2
184 1225 -2
184 1834 -2
184 1885 -2
184 981 -2
184 838 2
184 1996 2
184 1362 2
184 1641 2
184 1211 -2
184 735 2
184 791 -2
184 1563 2
184 1270 -2
184 1913 2
184 1866 -2
184 1939 2
184 539 -2
184 1621 2
184 247 -2
184 1041 2
185 1961 -2
185 270 2
185 572 -2
185 211 2
185 1287 -2
185 776 2
185 1315 2
185 1221 -2
185 1699 2
185 538 -2
185 1827 -2
185 991 -2
185 1346 -2
186 1026 -2
186 244 2
186 1998 2
186 918 -2
186 1400 -2
186 1949 2
186 1974 2
186 1881 -2
186 588 2
186 1722 -2
186 1606 -2
186 669 -2
186 939 -2
186 1497 2
186 1886 -2
186 1765 -2
186 1426 2
186 1055 2
186 1062 -2
186 1569 2
186 547 2
186 769 2
186 1740 2
186 857 -2
186 1624 -2
186 552 -2
186 1457 2
186 519 -2
186 1048 -2
186 550 -2
186 1253 -2
186 1846 2
186 1178 2
187 643 2
187 1919 -2
187 682 2
187 1560 2
187 791 -2
187 1712 2
187 1444 2
187 1290 2
187 1781 2
187 271 2
187 1407 -2
187 1087 2
187 468 -2
187 331 2
187 1276 2
187 689 2
187 1522 2
187 1320 -2
187 1936 2
188 820 2
188 1866 -2
188 1493 2
188 748 2
188 1589 2
188 1841 2
188 758 -2
188 568 -2
188 1816 2
188 1702 2
188 1295 2
188 1372 2
188 1290 -2
188 714 -2
189 210 2
189 1218 -2
189 363 -2
189 813 2
189 1150 -2
189 1325 -2
189 1609 -2
189 1228 2
189 1795 2
189 1338 2
189 887 2
189 1654 -2
189 571 2
189 1464 2
189 541 -2
189 1180 -2
189 1203 -2
189 786 -2
189 1414 -2
189 1075 -2
189 798 2
190 1849 -2
190 1431 -2
190 1196 -2
190 1913 2
190 1113 -2
190 195 2
190 1286 2
190 858 -2
190 286 2
190 1600 2
190 924 2
190 833 -2
190 515 -2
190 440 -2
190 1208 2
190 223 -2
191 1320 -2
191 426 -2
191 1095 2
191 678 -2
191 1462 2
191 768 2
191 781 2
191 980 2
191 1401 -2
191 1083 2
191 1316 2
191 1096 2
191 823 2
191 663 -2
191 459 2
191 737 -2
191 1611 2
191 1632 -2
191 1528 -2
191 1087 2
191 206 -2
192 445 2
192 299 2
192 1453 2
192 1696 2
192 446 2
192 1170 2
192 926 2
192 477 -2
192 768 2
192 1923 -2
192 1628 -2
192 972 2
192 1181 -2
192 1840 2
192 1468 2
192 536 -2
192 1525 2
193 1921 -2
193 1134 2
193 1401 2
193 1483 -2
193 1053 2
193 704 2
193 1740 -2
193 605 -2
193 1526 2
193 851 2
193 938 2
193 1714 -2
193 297 -2
193 1402 -2
193 940 2
193 668 2
193 1076 2
193 1198 -2
193 1896 2
194 1081 2
194 1946 2
194 547 2
194 1142 -2
194 928 2
194 1649 2
194 1839 2
194 1138 -2
194 467 -2
194 1176 2
194 1484 -2
194 1041 -2
194 422 -2
194 1724 2
195 416 2
195 454 2
195 312 -2
195 438 2
195 1044 -2
195 335 -2
195 1395 -2
195 868 2
195 1251 -2
195 1783 2
195 1944 -2
195 1003 2
195 1962 -2
195 286 2
195 719 -2
195 1235 -2
195 1747 2
195 838 2
195 515 2
195 1039 -2
195 1983 2
195 916 -2
195 746 2
195 1255 2
196 1625 -2
196 972 2
196 1534 -2
196 835 -2
196 552 -2
196 1737 2
196 1485 2
196 488 -2
196 775 2
196 682 -2
196 1767 2
196 210 -2
196 1040 -2
196 1477 -2
196 717 2
197 1131 -2
197 264 -2
197 532 2
197 1594 -2
197 431 2
197 837 2
197 1021 -2
197 1533 2
197 1656 2
197 387 -2
197 1606 -2
197 594 -2
197 1963 2
198 1035 2
198 1358 -2
198 1629 2
198 1825 2
198 1270 -2
198 351 2
198 415 2
198 954 -2
198 1091 2
198 1618 -2
198 1587 -2
198 1097 -2
198 1910 2
198 1633 -2
198 301 2
198 699 -2
198 1536 2
198 897 2
199 1645 -2
199 1460 -2
199 597 -2
199 230 -2
199 487 2
199 1075 2
199 988 2
199 1990 -2
199 916 -2
199 996 -2
199 1476 2
199 941 2
199 844 -2
199 332 -2
199 1630 2
199 278 -2
199 1936 2
199 1501 -2
199 1746 -2
199 671 -2
199 1194 -2
199 1748 -2
199 1870 -2
199 229 2
199 1680 -2
200 1481 -2
200 645 -2
200 380 2
200 791 -2
200 433 -2
200 922 -2
200 886 2
200 826 2
200 997 2
200 993 -2
200 1424 -2
200 391 2
200 331 -2
200 1177 2
200 371 -2
200 1680 2
200 667 2
200 658 -2
200 1582 -2
201 575 2
201 647 -2
201 1986 2
201 1103 -2
201 1844 -2
201 351 -2
201 931 2
201 384 2
201 1895 2
201 745 2
201 856 -2
201 981 -2
201 511 -2
201 207 2
201 1394 -2
201 901 -2
201 581 -2
201 335 2
201 465 2
201 362 2
201 1469 -2
201 664 2
201 268 2
201 1758 2
201 1914 2
201 1616 2
201 741 2
201 1430 -2
201 1217 -2
202 681 2
202 795 2
202 281 -2
202 887 2
202 1629 -2
202 1293 -2
202 495 2
202 1904 2
202 1784 -2
202 481 2
202 1795 -2
202 1540 -2
202 446 2
202 1128 2
202 1889 2
202 1188 -2
203 1848 2
203 1783 -2
203 1249 2
203 1417 2
203 1874 2
203 1177 -2
203 1510 -2
203 1718 -2
203 1380 2
203 1348 -2
203 1082 -2
203 472 -2
203 792 -2
203 1790 2
203 1153 2
203 1606 2
203 696 -2
203 1228 -2
203 999 -2
203 532 -2
203 1321 2
203 989 -2
203 1693 -2
204 468 2
204 1843 2
204 282 -2
204 214 -2
204 984 2
204 518 -2
204 913 -2
204 932 2
204 858 2
204 1910 2
204 905 -2
204 772 2
204 1659 -2
204 826 2
205 1250 2
205 1345 2
205 332 2
205 852 2
205 1571 2
205 1339 2
205 1531 2
205 816 -2
205 1603 2
205 1317 -2
205 1041 2
205 558 -2
205 211 2
205 1107 2
205 1537 -2
205 1955 -2
205 1673 -2
205 656 2
205 1840 2
205 1208 -2
206 336 2
206 1163 2
206 856 -2
206 1883 2
206 472 2
206 1729 -2
206 1122 -2
206 438 2
206 1848 -2
206 727 2
206 961 2
206 1757 -2
206 1545 -2
206 1156 2
206 987 2
207 1386 2
207 1896 2
207 1588 2
207 244 2
207 346 2
207 363 2
207 368 2
207 1564 -2
207 1164 -2
207 1375 -2
207 1888 -2
207 1614 2
207 498 2
208 1600 2
208 1376 -2
208 710 2
208 1746 2
208 714 -2
208 278 2
208 1845 2
208 1054 2
208 1880 2
208 1905 -2
208 1120 2
208 1455 2
208 1446 2
208 1848 2
208 1535 -2
208 274 -2
208 279 2
208 830 -2
208 464 -2
208 1203 -2
208 1873 -2
209 1966 2
209 1876 -2
209 1337 2
209 1748 2
209 824 2
209 314 2
209 253 -2
209 1449 2
209 908 2
209 641 -2
209 646 2
209 1384 2
209 1950 2
210 1777 2
210 258 2
210 1965 -2
210 1084 2
210 1649 -2
210 368 2
210 1675 2
210 1110 2
210 340 -2
210 294 2
210 397 2
210 1683 2
210 1765 -2
210 760 2
210 1693 -2
210 468 -2
210 653 2
210 1684 2
210 1011 -2
211 1433 2
211 619 2
211 708 -2
211 836 2
211 1820 2
211 744 -2
211 1904 2
211 606 2
211 495 -2
211 1488 -2
211 1371 2
211 413 -2
211 1170 -2
211 1044 2
211 1020 -2
211 1508 -2
211 1516 2
212 919 2
212 1364 2
212 881 -2
212 1911 -2
212 1944 2
212 769 -2
212 1061 -2
212 732 -2
212 1469 2
212 1945 2
212 1489 2
212 1230 -2
212 1113 2
212 1516 -2
212 1754 -2
212 1978 -2
213 566 -2
213 1283 2
213 1454 2
213 1968 2
213 1052 2
213 615 -2
213 1079 2
213 444 2
213 1874 2
213 1954 -2
213 374 -2
213 1176 -2
213 1536 2
213 1226 -2
213 963 2
213 1135 -2
213 1452 -2
213 924 -2
213 428 -2
213 1168 2
213 1067 2
213 1441 2
213 1237 2
213 1575 -2
213 483 2
214 1041 -2
214 1504 -2
214 1859 -2
214 1351 -2
214 732 -2
214 1887 -2
214 1756 2
214 267 -2
214 998 2
214 1130 2
214 1873 -2
214 561 -2
214 390 2
214 1042 2
214 1443 2
214 576 2
214 685 -2
215 1379 2
215 336 -2
215 544 -2
215 1306 -2
215 1961 2
215 330 -2
215 1392 2
215 1152 2
215 1527 -2
215 833 -2
215 750 2
215 1810 2
215 1884 2
215 632 -2
215 249 -2
215 394 2
215 235 -2
215 376 2
216 1132 -2
216 1100 2
216 760 -2
216 748 -2
216 982 -2
216 1659 -2
216 1418 2
216 569 2
216 317 -2
216 1118 -2
216 1841 2
216 1212 2
216 311 -2
216 892 -2
216 843 -2
216 781 2
216 918 2
216 1161 2
217 673 2
217 1469 -2
217 1937 2
217 728 -2
217 1691 2
217 584 -2
217 816 -2
217 714 -2
217 348 2
217 1025 2
217 1226 -2
217 1255 -2
217 1989 2
217 1347 -2
218 1364 -2
218 1887 -2
218 1710 -2
218 698 -2
218 1061 -2
218 1561 -2
218 1863 2
218 1630 2
218 767 2
218 381 2
218 750 -2
218 949 2
218 569 -2
218 1048 -2
218 575 2
218 1051 -2
218 1815 2
218 414 -2
218 728 2
219 863 -2
219 1034 2
219 1707 2
219 351 -2
219 1369 2
219 687 -2
219 1254 2
219 1137 2
219 1282 2
219 1615 -2
219 656 2
219 1466 2
219 1050 2
219 357 2
219 1017 -2
219 1055 -2
219 793 -2
219 1508 2
219 1368 -2
219 1234 2
220 597 2
220 651 -2
220 1249 2
220 1184 2
220 632 -2
220 1471 -2
220 795 2
220 1667 2
220 1469 2
220 813 2
220 1673 2
220 1772 2
220 1919 2
220 383 -2
220 1518 -2
220 1984 -2
220 514 2
221 242 2
221 1369 -2
221 895 2
221 955 2
221 590 2
221 245 2
221 1790 2
221 288 -2
221 338 2
221 349 -2
221 262 2
221 1177 2
221 246 2
221 591 2
221 883 -2
221 1731 -2
222 834 2
222 793 2
222 620 -2
222 954 2
222 1366 2
222 1124 2
222 469 2
222 501 2
222 1892 2
222 363 -2
222 1311 2
222 1282 2
222 274 2
222 422 -2
222 1977 -2
222 1225 2
222 411 -2
222 959 -2
222 333 -2
222 1041 2
222 1930 2
222 262 -2
222 1708 -2
222 1085 2
222 1121 2
222 625 -2
222 364 -2
222 1873 -2
223 1324 -2
223 389 2
223 650 -2
223 564 2
223 414 -2
223 1106 2
223 1556 -2
223 402 2
223 1112 -2
223 243 2
223 1492 2
223 925 2
223 742 2
223 1315 2
223 1341 -2
223 1583 2
223 444 2
223 1254 2
223 1486 -2
223 1614 2
223 1667 2
223 600 -2
224 1457 2
224 449 2
224 1081 -2
224 1591 -2
224 1151 -2
224 446 -2
224 1042 -2
224 419 2
224 1278 -2
224 884 -2
224 271 -2
224 1261 2
224 610 2
224 1851 -2
224 470 2
224 1530 -2
224 1670 2
224 981 -2
224 1369 -2
225 1734 -2
225 1295 -2
225 1337 -2
225 1217 2
225 1608 2
225 488 -2
225 876 -2
225 1640 2
225 427 -2
225 547 -2
225 1413 2
225 803 2
225 1991 2
226 796 2
226 381 2
226 1940 2
226 1950 -2
226 1444 -2
226 1545 2
226 288 2
226 571 2
226 1547 -2
226 347 2
226 686 -2
226 1762 -2
226 1870 -2
226 1628 -2
226 244 -2
226 1080 2
226 971 -2
227 1748 -2
227 779 -2
227 582 2
227 580 -2
227 1745 2
227 917 2
227 1228 -2
227 855 -2
227 1879 -2
227 268 -2
227 1541 2
227 653 -2
227 1900 2
227 1767 2
227 1842 -2
227 1844 2
227 1969 2
227 1206 2
227 1629 2
228 917 2
228 1619 2
228 1683 2
228 1214 2
228 830 2
228 1789 2
228 825 2
228 548 2
228 947 2
228 841 -2
228 495 2
228 1614 2
228 1849 2
228 1221 -2
228 831 -2
228 1150 2
228 1959 -2
228 339 2
229 1315 -2
229 1711 -2
229 1506 2
229 1687 2
229 292 -2
229 745 -2
229 1801 2
229 1986 -2
229 311 2
229 943 -2
229 1302 2
229 354 2
229 418 2
229 1120 2
229 425 -2
229 791 -2
229 1701 2
229 1543 2
229 1798 2
229 287 2
229 1032 -2
229 1941 2
229 772 2
229 1628 2
229 1858 2
229 399 2
229 1240 -2
229 711 2
230 1922 -2
230 1285 2
230 1819 2
230 1146 2
230 865 -2
230 895 -2
230 1017 -2
230 1185 -2
230 1741 2
230 663 2
230 408 -2
230 476 -2
230 1605 -2
230 1272 2
230 785 2
230 623 2
231 743 2
231 420 2
231 454 -2
231 1681 -2
231 1253 2
231 1111 2
231 1905 -2
231 962 2
231 560 2
231 1131 2
231 727 -2
231 1309 -2
231 334 -2
231 1252 2
231 1243 2
231 1029 2
231 1109 -2
231 1599 -2
231 1603 2
231 1514 2
231 1390 2
232 741 -2
232 1666 -2
232 1545 -2
232 772 2
232 1174 -2
232 1105 2
232 1211 -2
232 313 -2
232 1978 -2
232 1578 2
232 1170 -2
232 663 -2
232 629 2
232 1019 -2
232 890 2
232 1182 2
232 575 2
233 1824 -2
233 1329 -2
233 412 2
233 1277 -2
233 397 -2
233 415 2
233 637 2
233 1920 -2
233 1820 2
233 1005 -2
233 1148 -2
233 1264 -2
233 654 2
233 1978 2
233 925 2
233 1521 2
233 1501 -2
233 1376 -2
233 1038 2
233 533 -2
233 1831 2
233 974 -2
234 1818 -2
234 1319 2
234 1982 2
234 850 -2
234 514 -2
234 911 2
234 1823 2
234 1247 2
234 819 2
234 751 -2
234 1238 2
234 590 2
234 861 2
234 936 -2
234 769 2
234 1880 2
234 1612 -2
235 926 -2
235 588 2
235 381 -2
235 609 -2
235 1453 -2
235 1061 2
235 1858 2
235 481 -2
235 542 -2
235 1887 2
235 1838 2
235 736 -2
235 1097 2
235 1397 2
235 943 2
235 1055 2
235 1931 2
235 626 -2
235 1784 -2
236 1685 2
236 1488 -2
236 1792 2
236 1341 2
236 449 -2
236 1591 -2
236 976 -2
236 709 2
236 1418 -2
236 851 2
236 1760 2
236 997 2
236 354 -2
236 862 2
236 956 2
236 1696 2
236 612 2
236 280 2
237 1842 -2
237 1517 -2
237 1068 -2
237 764 2
237 1779 -2
237 1776 2
237 1447 2
237 1644 -2
237 1291 -2
237 1123 -2
237 1730 -2
237 1323 2
237 1627 -2
237 1127 2
237 1506 -2
238 1811 -2
238 1096 -2
238 654 -2
238 1274 2
238 620 2
238 962 2
238 1262 -2
238 942 -2
238 364 2
238 1192 -2
238 1712 2
238 408 -2
238 1196 -2
238 819 -2
238 1386 2
238 959 2
239 1656 -2
239 1295 2
239 1745 2
239 1967 2
239 406 2
239 388 2
239 775 2
239 766 2
239 392 -2
239 1993 -2
239 1618 2
239 918 2
239 585 -2
239 333 2
239 800 -2
240 1012 -2
240 1224 -2
240 1713 2
240 420 2
240 482 -2
240 410 2
240 1768 2
240 486 2
240 1518 -2
240 313 2
240 924 -2
240 679 -2
240 923 -2
240 1968 2
240 992 2
240 1840 -2
240 1806 2
240 492 2
240 1275 2
240 1449 2
240 262 2
241 1547 -2
241 621 -2
241 995 -2
241 1742 2
241 802 2
241 1682 -2
241 1513 2
241 741 2
241 514 2
241 1143 2
241 1670 2
241 366 -2
241 1743 -2
241 1990 -2
241 513 2
241 1149 -2
241 1054 2
241 1204 -2
241 910 -2
241 1750 2
241 301 -2
241 939 2
241 1342 2
241 1286 -2
242 1296 2
242 1887 -2
242 1284 -2
242 1203 -2
242 1517 -2
242 537 2
242 373 2
242 293 2
242 304 -2
242 1893 2
242 1849 2
242 356 2
242 273 -2
242 569 2
242 591 2
242 796 -2
243 436 2
243 1892 2
243 1803 2
243 1433 2
243 534 2
243 969 -2
243 830 -2
243 518 2
243 538 -2
243 589 2
243 1374 2
243 1870 -2
243 1763 -2
243 1544 -2
243 1662 -2
243 808 2
243 1071 2
243 706 2
244 1252 2
244 284 2
244 262 2
244 816 -2
244 482 2
244 1403 -2
244 970 2
244 636 2
244 377 -2
244 380 -2
244 981 -2
244 389 -2
244 1874 2
244 609 2
244 400 -2
245 418 2
245 809 -2
245 400 2
245 480 -2
245 983 2
245 1730 -2
245 581 2
245 1194 2
245 1237 -2
245 1872 -2
245 626 2
245 1684 -2
245 653 2
245 677 2
245 513 2
245 1423 -2
245 958 -2
245 730 -2
245 1217 -2
245 1992 -2
245 960 2
245 548 2
245 1435 -2
245 928 -2
246 1496 2
246 463 2
246 1476 2
246 1395 2
246 1374 -2
246 1746 -2
246 1761 -2
246 1013 2
246 1546 -2
246 1561 -2
246 548 2
246 969 2
247 1087 -2
247 1239 -2
247 1626 2
247 1724 2
247 1466 2
247 1514 2
247 1666 -2
247 1264 2
247 1693 -2
247 1504 2
247 722 -2
247 1144 -2
247 1263 -2
247 1317 -2
247 578 -2
247 1916 -2
247 1450 -2
247 1068 -2
248 1420 2
248 1544 -2
248 1847 2
248 1058 -2
248 1366 2
248 1483 -2
248 272 2
248 1040 2
248 1261 2
248 1726 -2
248 1797 2
249 940 -2
249 1629 -2
249 342 2
249 782 -2
249 1217 2
249 1913 2
249 432 2
249 1620 -2
249 1258 -2
249 908 -2
249 645 -2
249 759 2
249 1540 2
249 1005 2
249 866 2
249 1198 2
249 549 2
249 1038 2
249 1481 2
249 1707 2
249 1266 -2
249 1529 -2
250 774 -2
250 983 2
250 908 2
250 1845 -2
250 1404 -2
250 1540 2
250 1625 -2
250 1292 2
250 443 2
250 1488 -2
250 371 -2
250 1869 -2
250 1883 2
250 1886 2
250 459 -2
250 951 2
250 1577 -2
250 1176 -2
250 1711 2
250 1505 2
250 901 -2
250 495 2
250 964 -2
251 1769 2
251 1042 -2
251 884 2
251 1055 -2
251 304 2
251 522 -2
251 495 -2
251 1585 2
251 1636 2
251 606 -2
251 1957 -2
251 567 -2
251 1017 -2
251 1934 -2
251 782 -2
251 912 -2
251 1159 2
252 1841 -2
252 1758 -2
252 1053 2
252 513 2
252 582 -2
252 1638 2
252 1867 2
252 647 2
252 779 2
252 826 2
252 1413 2
252 1620 2
252 440 2
252 1250 2
253 527 -2
253 1867 2
253 514 2
253 1700 -2
253 1421 -2
253 805 2
253 1183 -2
253 553 2
253 419 2
253 711 -2
253 1923 -2
253 1190 -2
253 1159 2
253 1820 2
253 837 2
253 1925 -2
253 779 -2
254 1253 -2
254 1553 -2
254 856 2
254 834 2
254 1474 2
254 1217 -2
254 1699 -2
254 396 -2
254 1940 2
254 1589 2
254 1844 -2
254 408 -2
254 1456 -2
254 363 2
254 395 -2
254 1670 -2
254 1662 -2
254 1466 -2
254 1893 2
255 1397 2
255 884 -2
255 1973 -2
255 739 -2
255 1366 2
255 1980 -2
255 1458 -2
255 1898 -2
255 1256 -2
255 1392 2
255 361 2
255 1179 -2
255 1290 2
256 1928 2
256 625 -2
256 1455 -2
256 657 2
256 1788 -2
256 1428 2
256 1237 2
256 1077 2
256 583 -2
256 692 -2
256 278 2
256 1353 2
256 568 -2
257 1428 -2
257 322 -2
257 1278 -2
257 1331 -2
257 785 -2
257 826 2
257 356 2
257 1710 2
257 1916 -2
257 1850 2
257 1504 -2
257 1291 2
257 898 2
257 1617 -2
257 1903 2
258 414 2
258 1220 -2
258 1795 2
258 319 -2
258 1468 -2
258 581 2
258 1363 -2
258 1269 -2
258 1764 -2
258 1381 2
258 1922 -2
258 1493 2
258 1927 -2
258 1827 -2
258 1240 -2
259 1249 2
259 364 -2
259 962 -2
259 557 2
259 823 -2
259 1948 2
259 527 -2
259 1891 2
259 526 -2
259 1133 2
259 595 -2
259 1053 2
259 1232 2
259 481 2
259 1078 2
259 1122 -2
260 1508 -2
260 1642 2
260 1088 2
260 819 -2
260 1834 2
260 1547 -2
260 1233 2
260 1324 2
260 1769 2
260 1345 -2
260 1002 -2
260 1404 -2
260 1326 -2
260 435 2
260 1892 -2
260 466 2
260 827 -2
260 1111 -2
260 1532 2
260 1637 -2
260 1993 2
260 1092 2
260 264 2
260 1174 -2
261 461 -2
261 1436 2
261 1147 -2
261 1698 -2
261 589 -2
261 1513 -2
261 1090 2
261 1739 2
261 1152 2
261 1821 2
261 1467 -2
261 1293 -2
262 1591 2
262 1085 2
262 815 2
262 1532 -2
262 615 2
262 377 -2
262 1117 -2
262 604 -2
262 934 -2
262 391 -2
262 585 2
262 988 2
262 810 2
262 1239 2
263 1807 2
263 1423 -2
263 390 -2
263 1193 2
263 336 2
263 1111 2
263 1269 2
263 1471 -2
263 1790 -2
263 1124 2
264 1312 2
264 1635 2
264 1708 2
264 1270 2
264 332 2
264 533 -2
264 427 2
264 310 -2
264 909 2
264 1062 -2
264 1350 -2
264 312 2
264 1406 -2
264 279 -2
264 687 2
264 733 2
264 624 -2
264 1093 -2
264 1786 2
264 1854 2
264 1445 2
264 1364 2
264 619 2
265 887 2
265 1329 -2
265 305 -2
265 502 -2
265 1778 2
265 1112 2
265 1161 -2
265 1435 2
265 1073 -2
265 435 2
265 689 2
265 870 -2
265 298 2
265 525 -2
265 581 2
265 1439 2
265 1993 -2
265 1324 2
265 1816 2
266 1963 2
266 706 2
266 1977 -2
266 1793 2
266 492 2
266 1822 2
266 739 -2
266 893 2
266 1687 2
266 1711 -2
266 459 -2
266 835 -2
266 276 2
267 1356 2
267 1684 -2
267 1575 -2
267 1813 -2
267 1641 -2
267 302 -2
267 806 2
267 1340 2
267 631 -2
267 1494 2
267 971 -2
267 1837 2
267 700 -2
267 423 2
267 666 2
267 824 -2
267 1924 2
267 1804 2
267 1227 2
267 1699 -2
267 1574 2
267 915 2
267 887 2
267 1383 -2
268 1840 -2
268 418 -2
268 1001 -2
268 1465 -2
268 842 -2
268 1080 2
268 1958 2
268 1771 2
268 1747 2
268 1586 2
268 1904 2
268 613 -2
268 1972 -2
268 511 2
268 630 -2
269 363 2
269 864 2
269 807 2
269 1915 -2
269 565 2
269 1541 -2
269 1417 -2
269 513 -2
269 342 2
269 352 -2
269 1289 -2
269 1387 -2
269 1406 2
269 771 2
269 1352 2
269 609 -2
270 1154 2
270 1164 -2
270 1199 -2
270 478 2
270 867 2
270 1118 -2
270 1126 -2
270 471 2
270 413 2
270 1411 -2
270 899 -2
270 1639 -2
270 367 2
270 906 2
270 408 2
270 1400 2
270 1423 2
270 379 2
270 1501 -2
270 640 2
270 1566 -2
270 1524 -2
270 1609 2
270 853 -2
270 967 2
271 1603 2
271 1767 -2
271 1798 -2
271 491 -2
271 1499 2
271 303 2
271 319 -2
271 1771 2
271 487 2
271 1412 -2
272 1234 2
272 572 2
272 975 -2
272 701 -2
272 1098 2
272 1073 -2
272 344 -2
272 863 2
272 1345 2
272 1013 2
272 1630 2
272 1332 -2
272 407 -2
272 1289 2
272 766 2
272 597 -2
272 426 -2
272 1323 -2
273 591 -2
273 775 -2
273 379 2
273 1341 -2
273 1795 -2
273 439 2
273 1119 2
273 889 2
273 1497 2
273 500 -2
273 278 -2
273 1294 2
273 869 2
273 430 -2
273 1267 -2
273 1241 2
273 1461 2
273 505 2
274 1279 2
274 1640 -2
274 367 2
274 1392 2
274 452 -2
274 1495 -2
274 1473 -2
274 816 2
274 1292 2
274 376 -2
274 1801 2
274 453 -2
274 1056 -2
274 1453 -2
274 1048 2
274 454 -2
274 1278 -2
274 500 2
274 601 2
275 1568 -2
275 411 2
275 716 -2
275 1583 -2
275 1608 -2
275 1519 -2
275 745 2
275 334 2
275 1837 -2
275 1801 -2
275 1373 -2
275 953 2
275 739 2
275 484 -2
275 1130 2
275 808 2
275 854 -2
275 1350 -2
275 658 2
275 430 -2
275 362 -2
275 1886 2
275 1096 -2
275 1217 2
275 643 2
276 693 -2
276 1120 -2
276 1075 -2
276 1735 2
276 1576 -2
276 392 2
276 1417 2
276 1361 2
276 1050 -2
276 591 2
276 1398 -2
276 1121 -2
276 1564 2
276 1703 -2
276 1736 2
276 885 2
276 1034 2
276 577 -2
277 1048 2
277 1066 2
277 1563 -2
277 1644 2
277 1884 -2
277 1169 -2
277 934 2
277 1336 -2
278 1020 2
278 765 2
278 1719 -2
278 527 -2
278 1932 2
278 1366 2
278 1758 2
278 1703 -2
278 1236 2
278 1977 2
278 1493 2
278 462 2
278 1868 -2
278 318 2
278 706 2
278 1269 -2
278 633 -2
278 850 -2
278 454 -2
279 385 -2
279 1960 -2
279 395 -2
279 1938 2
279 1965 2
279 909 2
279 1424 2
279 1939 2
279 632 2
279 1799 2
279 1323 -2
279 610 2
279 812 -2
279 1261 2
280 1770 2
280 454 -2
280 1669 2
280 746 2
280 444 -2
280 1871 -2
280 452 2
280 663 -2
280 1553 -2
280 967 -2
280 1843 -2
280 1504 -2
280 1204 2
280 1119 -2
280 1596 2
280 665 -2
280 1727 -2
280 494 -2
280 503 2
281 475 2
281 1305 -2
281 1118 -2
281 920 2
281 1905 -2
281 1340 -2
281 690 2
281 514 -2
281 922 -2
281 1211 -2
281 1139 2
281 1688 2
281 437 -2
281 579 2
281 1922 -2
281 1339 2
281 1474 2
281 1622 -2
282 1972 -2
282 1371 -2
282 392 2
282 1653 -2
282 1224 2
282 950 2
282 770 2
282 1043 2
282 1107 -2
282 1776 -2
282 700 2
282 1531 -2
282 660 2
282 756 2
282 1213 2
283 520 2
283 1745 2
283 1814 -2
283 1805 2
283 731 -2
283 996 2
283 1197 -2
283 630 2
283 732 2
284 1604 -2
284 708 2
284 1782 -2
284 290 2
284 772 -2
284 1687 2
284 869 2
284 1472 2
284 1754 2
284 1873 2
284 1968 -2
284 1693 2
284 1141 -2
285 1715 2
285 1441 2
285 1292 2
285 1585 2
285 1305 2
285 617 -2
285 781 2
285 703 -2
285 521 2
285 681 2
285 602 2
286 1569 2
286 1128 2
286 1852 -2
286 1010 2
286 1218 -2
286 302 2
286 746 -2
286 1558 2
286 1597 -2
286 1300 2
286 1217 -2
286 1977 2
286 334 2
286 597 -2
286 656 2
286 1194 2
286 1595 -2
286 1549 2
287 1521 -2
287 436 -2
287 1660 -2
287 355 2
287 1343 2
287 651 -2
287 572 -2
287 1701 2
287 1737 2
287 674 -2
287 1776 2
287 1796 -2
287 1146 2
287 1927 -2
287 1402 2
287 1103 -2
287 1041 2
287 1991 -2
287 1618 2
287 1017 -2
287 954 -2
287 343 -2
288 1661 -2
288 1959 2
288 633 -2
288 538 -2
288 1751 -2
288 1756 2
288 1569 2
288 1158 -2
288 1237 -2
288 914 2
288 1127 2
288 1276 2
288 503 2
288 936 2
288 736 -2
288 1841 -2
288 1211 -2
288 449 -2
288 317 -2
288 1256 -2
288 1516 -2
289 1505 2
289 1042 2
289 924 2
289 1138 2
289 1939 2
289 1872 2
289 1321 -2
289 1074 2
289 360 -2
289 1953 -2
289 1805 2
289 1458 2
289 1020 2
289 293 -2
289 1797 2
289 320 -2
289 1120 -2
289 1029 2
290 956 2
290 1134 2
290 1724 -2
290 1805 -2
290 1741 2
290 339 -2
290 1075 -2
290 687 2
290 821 2
290 1166 2
290 1941 2
290 1130 2
290 901 2
290 1629 -2
290 661 2
291 1969 -2
291 1024 2
291 1495 2
291 589 2
291 561 2
291 1215 2
291 1784 2
291 777 2
291 1196 2
291 650 -2
291 1627 -2
291 1836 2
291 989 -2
291 840 -2
291 1544 -2
291 1231 2
292 1837 2
292 600 -2
292 1860 2
292 1069 -2
292 329 2
292 317 -2
292 505 -2
292 1643 2
292 716 -2
292 1278 2
293 820 -2
293 345 2
293 1536 2
293 1791 2
293 374 -2
293 318 -2
293 514 2
293 550 -2
293 665 2
293 379 -2
293 964 2
293 1686 2
293 517 2
294 1772 2
294 1839 2
294 1495 -2
294 1193 2
294 1401 -2
294 1647 2
294 1517 -2
294 1096 2
294 1724 2
294 1552 2
294 621 -2
294 329 2
294 302 2
294 593 2
294 964 -2
294 478 2
294 1857 2
294 1322 2
294 760 -2
295 1478 2
295 1333 2
295 762 -2
295 1142 -2
295 1571 2
295 1195 2
295 821 2
295 1267 -2
295 693 -2
295 1931 -2
296 558 -2
296 1282 -2
296 657 2
296 654 -2
296 504 -2
296 489 2
296 1555 -2
296 506 -2
296 1471 -2
296 1234 -2
296 1528 -2
296 780 2
296 1141 -2
296 1119 2
296 1195 -2
296 1522 -2
296 484 2
296 698 2
297 362 -2
297 1584 -2
297 1466 2
297 664 -2
297 1568 2
297 1802 -2
297 1195 -2
297 342 -2
297 327 -2
297 1652 2
297 1829 -2
297 760 -2
297 523 -2
297 1221 2
297 1950 2
297 1068 2
297 1743 2
297 1234 2
297 1042 2
297 1911 2
298 1775 -2
298 1229 2
298 778 2
298 1850 -2
298 1703 2
298 1386 2
298 1410 -2
298 1966 -2
298 1022 -2
298 1597 2
299 765 -2
299 1830 -2
299 1125 -2
299 627 -2
299 1627 2
299 1673 -2
299 1026 -2
299 1267 -2
299 364 2
299 1019 -2
299 767 -2
299 559 -2
299 1622 2
299 828 -2
299 302 2
299 1049 -2
300 1527 2
300 382 2
300 1824 -2
300 998 -2
300 1363 -2
300 1479 2
300 1319 2
300 1134 2
300 1483 -2
300 301 2
300 972 2
300 1337 2
300 1365 2
300 427 -2
300 1460 -2
300 1440 -2
300 526 2
301 1503 2
301 418 -2
301 950 -2
301 1697 -2
301 1064 2
301 1898 2
301 480 2
301 1449 -2
301 594 2
301 963 -2
301 1356 -2
301 906 2
301 321 -2
301 1766 -2
301 1701 2
301 1820 -2
301 928 -2
301 1786 -2
301 1565 2
301 1607 2
301 1614 -2
301 634 2
301 557 -2
302 1632 -2
302 433 -2
302 1787 2
302 793 -2
302 1458 -2
302 732 2
302 1308 -2
302 1919 -2
302 1823 2
302 1699 -2
302 1439 2
302 660 2
302 316 -2
302 380 -2
302 550 2
303 1908 -2
303 491 -2
303 1192 2
303 395 2
303 1149 2
303 953 2
303 357 -2
303 1002 -2
303 1182 -2
303 490 -2
303 1253 -2
303 1653 2
303 830 2
303 1447 -2
303 1528 2
303 1444 -2
303 389 2
303 1398 2
303 1565 -2
304 649 2
304 1985 -2
304 1121 -2
304 316 2
304 1383 -2
304 1855 -2
304 761 -2
304 1283 -2
304 470 2
304 1325 -2
304 1937 2
304 1235 -2
304 1845 2
304 1649 2
304 1631 2
305 648 2
305 1828 2
305 647 -2
305 767 -2
305 577 -2
305 1691 -2
305 493 -2
305 930 -2
305 599 2
305 1760 -2
305 999 -2
305 1508 2
305 463 -2
305 1438 2
305 1426 -2
306 551 2
306 905 -2
306 706 2
306 421 2
306 535 2
306 1187 -2
306 1692 -2
306 887 2
306 611 2
306 631 2
306 1917 -2
306 1274 2
306 1041 -2
306 752 2
306 1059 -2
306 1313 -2
306 1811 -2
307 1092 -2
307 813 -2
307 850 -2
307 801 -2
307 1084 -2
307 1166 2
307 753 2
307 1045 2
307 1094 2
307 1090 -2
307 1995 2
307 655 2
307 1770 -2
308 1194 2
308 1091 2
308 1978 2
308 1852 -2
308 1913 2
308 398 2
308 1617 -2
308 1453 2
308 473 -2
308 411 -2
308 1850 2
308 1376 2
308 1527 -2
308 1959 -2
308 1135 -2
308 1231 2
308 1651 2
308 1232 2
308 1012 -2
309 1596 -2
309 1804 -2
309 831 2
309 1338 -2
309 1893 -2
309 791 2
309 644 2
309 526 2
309 1759 2
309 407 2
309 1739 -2
309 1113 -2
309 1497 -2
309 751 2
309 1045 2
309 506 -2
309 377 -2
310 1797 -2
310 593 -2
310 1450 -2
310 1040 2
310 430 2
310 1463 2
310 1286 2
310 1822 -2
310 333 -2
310 1764 -2
310 1079 -2
310 841 2
310 1394 2
310 847 -2
310 1708 2
311 1667 -2
311 1406 -2
311 1299 -2
311 426 -2
311 1227 -2
311 606 -2
311 600 2
311 343 2
311 676 2
311 721 -2
311 523 -2
311 1739 -2
311 1102 -2
311 1594 -2
311 1398 2
311 1019 -2
311 993 2
311 1917 -2
311 1918 2
311 588 -2
311 1638 -2
311 1645 2
312 471 -2
312 1298 -2
312 623 -2
312 1852 2
312 653 2
312 1473 -2
312 1583 2
312 1138 2
312 1307 -2
312 732 2
312 1581 -2
312 1000 2
312 1284 -2
312 1207 2
312 1656 -2
312 497 -2
312 1275 -2
312 1662 2
312 1366 2
312 464 -2
312 319 2
312 557 2
312 1805 2
312 1338 -2
312 411 -2
313 355 -2
313 1394 -2
313 1163 -2
313 819 2
313 1926 -2
313 1743 -2
313 360 -2
313 1501 2
313 1130 -2
313 948 -2
313 946 -2
313 1023 -2
313 1358 -2
313 1029 2
313 331 -2
313 495 -2
313 1718 2
313 1512 2
313 1965 -2
313 522 2
313 664 -2
313 1170 2
313 322 -2
313 1231 -2
314 342 -2
314 1384 -2
314 731 -2
314 1822 2
314 649 2
314 1189 -2
314 1205 -2
314 1396 2
314 1379 -2
314 989 -2
314 1573 -2
314 343 -2
314 1419 -2
314 1539 2
314 468 2
314 1921 2
314 1438 -2
314 710 2
314 1345 -2
314 1020 2
315 658 -2
315 1660 2
315 359 2
315 415 -2
315 735 2
315 910 -2
315 1671 2
315 767 2
315 1434 2
315 756 2
315 1532 -2
315 669 2
315 933 -2
315 419 2
315 1946 2
315 483 -2
315 1441 2
316 1262 -2
316 672 2
316 1878 -2
316 1882 2
316 1238 -2
316 1879 2
316 1067 2
316 663 -2
316 1246 2
316 798 2
316 640 2
316 1040 -2
316 1820 -2
316 929 -2
316 700 2
317 435 -2
317 828 2
317 515 2
317 1289 -2
317 1591 -2
317 951 -2
317 1709 -2
317 614 2
317 395 2
317 772 -2
317 1157 -2
317 1800 -2
317 800 2
318 409 -2
318 390 2
318 1837 2
318 450 2
318 1177 2
319 1277 2
319 1687 -2
319 1144 2
319 688 -2
319 806 2
319 1414 2
319 1185 2
319 430 2
319 856 2
319 777 -2
319 1566 -2
319 818 -2
319 1037 2
319 1012 -2
319 1307 2
319 1449 -2
319 878 2
319 1296 -2
320 1000 2
320 851 -2
320 884 2
320 618 2
320 921 -2
320 1178 -2
320 1874 -2
320 1728 2
320 1884 -2
320 652 -2
320 828 -2
320 584 2
320 426 -2
320 1288 -2
320 917 -2
320 1949 2
320 1192 2
320 766 -2
320 1544 -2
321 1719 -2
321 434 2
321 777 2
321 1268 -2
321 504 -2
321 815 -2
321 976 -2
321 1565 2
321 1696 2
321 1440 2
321 1377 2
321 324 -2
322 1845 -2
322 886 -2
322 941 2
322 1489 2
322 841 2
322 1898 2
322 1963 2
322 1273 2
322 804 2
322 1951 2
322 1111 -2
322 715 2
322 835 -2
322 840 -2
322 1332 -2
322 357 -2
322 969 -2
322 566 -2
322 1734 -2
322 1232 -2
322 1042 -2
323 1223 2
323 685 2
323 1366 -2
323 832 2
323 476 -2
323 1346 -2
323 1832 -2
323 452 -2
323 1179 -2
323 1431 -2
323 1091 -2
323 1680 -2
323 1675 -2
323 493 -2
323 557 2
323 1150 -2
324 1321 2
324 889 -2
324 698 -2
324 542 -2
324 1938 -2
324 1956 -2
324 1520 -2
324 1342 2
324 882 2
324 1450 2
324 1243 2
324 1515 -2
324 1694 -2
324 468 2
324 1838 -2
325 1443 2
325 1992 -2
325 856 -2
325 1645 2
325 546 -2
325 353 -2
325 1619 -2
325 1755 -2
325 1617 -2
325 1476 2
325 619 -2
325 962 2
325 1794 2
325 1029 -2
325 1493 -2
326 1404 -2
326 1496 -2
326 1125 -2
326 1608 2
326 1776 2
326 1640 -2
326 434 -2
326 555 -2
326 1334 2
326 493 -2
326 419 2
326 1244 -2
326 610 2
327 668 -2
327 804 2
327 679 2
327 1805 2
327 1299 2
327 657 -2
327 1360 -2
327 918 -2
327 1012 -2
327 1046 2
327 1074 2
327 1469 2
327 632 -2
327 465 -2
327 1158 2
327 681 2
327 1249 -2
327 1803 2
328 783 -2
328 1650 -2
328 1079 2
328 1951 -2
328 405 -2
328 1433 -2
328 823 -2
328 1523 2
328 1334 -2
328 1103 -2
328 1956 -2
328 571 2
328 693 -2
328 1490 -2
329 1309 -2
329 670 2
329 568 -2
329 1786 2
329 1141 2
329 1861 -2
329 1074 2
329 1223 2
329 1166 -2
329 1603 2
329 503 -2
329 1056 2
330 1992 -2
330 371 2
330 1524 2
330 578 -2
330 1246 -2
330 339 -2
330 1921 -2
330 1049 2
330 757 -2
330 512 2
330 1812 2
330 1513 -2
330 415 -2
331 583 2
331 475 -2
331 1341 2
331 1619 -2
331 837 2
331 1651 -2
331 520 2
331 1378 2
331 1784 2
331 1380 2
331 457 -2
331 1560 -2
331 1061 -2
331 1983 -2
331 1629 2
331 401 2
331 386 2
331 1872 2
332 527 2
332 1361 -2
332 373 -2
332 825 -2
332 1572 2
332 668 2
332 482 -2
332 1682 -2
332 768 -2
332 1508 -2
332 1209 2
332 1588 -2
332 990 2
332 1959 -2
332 1112 -2
332 1766 -2
332 1314 -2
332 880 -2
332 638 2
332 912 2
332 1189 2
333 540 -2
333 551 2
333 941 2
333 1600 -2
333 1255 -2
333 690 -2
333 1492 -2
333 1283 2
333 1797 -2
333 910 -2
333 1295 -2
334 1247 -2
334 1249 2
334 1876 2
334 1738 -2
334 1477 2
334 1580 2
334 1997 -2
334 1543 2
334 831 2
334 481 2
334 591 2
334 1016 -2
334 1154 -2
334 968 2
334 949 -2
335 1159 2
335 1093 2
335 769 2
335 461 -2
335 1874 2
335 875 -2
335 1842 2
335 1485 -2
335 1906 2
335 1165 -2
335 339 -2
335 495 2
335 951 2
335 473 -2
335 799 2
335 1981 2
335 1999 -2
335 1022 2
335 1546 -2
336 1241 2
336 1684 2
336 905 2
336 1169 -2
336 1829 2
336 926 2
336 453 2
336 1995 2
336 1080 -2
336 425 -2
336 579 2
336 1212 -2
336 1234 2
336 1433 -2
336 1101 -2
336 1985 -2
336 535 2
337 513 -2
337 969 2
337 1314 2
337 1423 2
337 1027 -2
337 951 2
337 1443 2
337 1364 2
337 443 -2
337 1223 2
337 1233 -2
337 970 2
337 1032 2
337 1232 2
337 1449 -2
337 1545 2
337 387 2
337 1797 -2
338 1700 -2
338 404 -2
338 844 2
338 1801 2
338 869 -2
338 770 2
338 1320 -2
338 1307 2
338 536 -2
338 1862 -2
338 1126 2
338 459 -2
338 480 2
338 1309 2
339 821 -2
339 1709 -2
339 944 2
339 598 -2
339 471 -2
339 1657 -2
339 728 2
339 1311 2
339 1911 2
339 685 2
339 502 -2
339 525 2
339 384 -2
339 741 -2
340 1937 -2
340 1061 -2
340 1681 -2
340 1432 -2
340 450 -2
340 1416 2
340 1003 2
340 1430 -2
340 1665 -2
340 1232 -2
340 1421 -2
340 1835 2
340 1966 -2
340 1885 -2
340 1369 2
340 1366 -2
340 1598 -2
340 987 -2
340 709 -2
340 965 2
340 685 2
340 971 -2
340 1566 -2
340 1572 -2
340 648 -2
340 1336 -2
341 1073 2
341 370 2
341 731 2
341 1169 -2
341 982 2
341 1283 2
341 1155 -2
341 1869 -2
341 1549 2
341 1986 -2
341 1768 -2
341 735 2
341 796 -2
341 1456 -2
341 1380 2
341 1384 2
341 1506 2
341 1193 2
341 600 2
341 1312 2
341 1571 2
341 559 -2
341 662 2
341 865 2
341 1048 2
341 1303 2
342 1888 2
342 624 2
342 1424 -2
342 1728 2
342 1601 2
342 1796 -2
342 1310 -2
342 1529 -2
342 552 -2
342 468 -2
342 880 -2
342 1041 2
342 373 -2
343 376 2
343 1728 2
343 441 -2
343 1060 2
343 1589 2
343 1212 2
343 974 2
343 1863 -2
343 766 -2
343 691 -2
343 1729 2
343 1698 -2
343 696 -2
343 1420 -2
343 1422 -2
343 1854 -2
343 1195 2
344 1137 -2
344 370 2
344 823 2
344 1303 2
344 1861 -2
344 1069 2
344 783 2
344 1741 -2
344 346 2
344 1214 -2
344 1917 -2
344 1180 2
344 362 2
344 1911 2
344 423 2
344 1053 -2
344 1524 2
344 772 2
345 751 -2
345 1486 -2
345 1188 -2
345 730 -2
345 1275 -2
345 1409 -2
345 1348 2
345 516 -2
345 615 2
345 788 -2
345 1048 2
345 1054 2
345 912 2
345 1203 2
345 1019 2
346 1712 -2
346 1576 2
346 1588 2
346 901 2
346 532 -2
346 815 -2
346 1252 2
346 1004 -2
346 1375 -2
346 866 2
346 913 2
346 1000 -2
346 1899 2
346 1368 2
346 1735 2
346 371 -2
346 993 2
346 1302 -2
346 647 2
346 1531 -2
346 1728 2
347 858 2
347 1746 -2
347 877 -2
347 1453 -2
347 1219 2
347 599 2
347 1825 -2
347 1736 2
347 1302 2
347 494 2
347 594 2
347 445 -2
347 1904 -2
347 1287 2
347 1812 -2
347 782 2
347 1772 -2
348 529 2
348 1319 2
348 1318 -2
348 1425 -2
348 482 2
348 433 -2
348 975 2
348 899 -2
348 536 -2
348 1822 2
348 1509 2
348 461 -2
348 683 2
348 753 2
348 1401 -2
349 935 2
349 1591 -2
349 1855 2
349 406 -2
349 941 2
349 667 -2
349 1328 2
349 1671 -2
349 837 -2
349 1361 -2
349 379 -2
349 1426 -2
349 1449 -2
349 636 2
349 890 -2
349 1690 2
349 559 -2
349 426 2
349 1993 2
349 984 2
350 719 2
350 1416 2
350 1841 2
350 837 -2
350 1797 -2
350 1564 -2
350 471 2
350 836 -2
350 1296 -2
350 1282 -2
350 1009 -2
350 1380 -2
350 351 2
350 1744 -2
350 895 2
350 768 -2
350 1668 2
351 1069 -2
351 710 -2
351 394 2
351 489 -2
351 1616 2
351 1288 -2
351 383 2
351 1830 -2
351 1818 2
351 395 -2
351 1220 2
351 1332 -2
351 1350 -2
351 875 2
352 1404 2
352 1966 2
352 982 -2
352 1838 2
352 1912 2
352 1636 -2
352 760 2
352 1557 2
352 1085 -2
352 1994 -2
352 1522 -2
352 1014 2
352 946 2
352 1654 2
352 1826 -2
352 1376 -2
352 1285 2
352 1900 2
352 1608 2
352 401 2
352 626 2
352 1072 -2
352 899 2
352 1520 -2
352 1206 -2
353 607 2
353 1779 2
353 1349 -2
353 430 2
353 1467 2
353 1554 2
353 1821 -2
353 1363 -2
353 1494 2
353 444 2
353 466 2
353 428 2
353 1456 -2
353 572 -2
353 1675 -2
353 1938 2
353 1211 -2
354 1476 2
354 1164 2
354 1839 2
354 1466 -2
354 1551 -2
354 455 2
354 655 2
354 1168 -2
354 550 -2
354 1922 -2
354 424 2
354 1611 2
354 1566 -2
354 904 -2
354 1753 -2
355 1131 2
355 473 2
355 1789 2
355 466 -2
355 1544 -2
355 1978 2
355 534 -2
355 1002 -2
355 667 -2
355 1959 2
355 1744 -2
355 1729 2
355 1233 2
355 946 -2
355 1831 -2
355 1434 2
355 476 2
355 1201 -2
355 840 2
355 1636 2
356 1162 2
356 443 -2
356 1863 -2
356 599 2
356 768 -2
356 601 -2
356 1950 2
356 933 2
356 418 2
356 1554 -2
356 549 2
356 807 2
356 1745 -2
356 1924 2
356 571 -2
356 1876 2
356 450 2
356 1505 -2
356 1139 -2
357 1693 2
357 864 2
357 1591 -2
357 1632 -2
357 614 2
357 571 -2
357 1477 -2
357 1860 -2
357 1652 -2
357 1685 2
357 1901 -2
357 1759 -2
357 1200 -2
357 456 -2
357 825 -2
357 1527 2
357 360 -2
358 1001 2
358 1533 -2
358 1189 2
358 426 2
358 611 2
358 360 -2
358 1469 2
358 985 2
358 1331 -2
358 607 2
358 923 2
358 1155 2
358 1348 -2
358 1358 2
358 655 2
358 1347 -2
358 1785 2
359 1591 -2
359 1604 2
359 1158 2
359 704 2
359 954 -2
359 676 -2
359 1494 -2
359 1425 -2
359 547 2
359 647 -2
359 1008 2
359 1490 -2
359 766 2
359 1479 2
359 1829 2
359 1559 -2
360 1757 -2
360 421 2
360 601 -2
360 670 2
360 1551 -2
360 1506 -2
360 1974 -2
360 445 2
360 1913 -2
360 1092 2
360 432 -2
360 1805 2
360 386 -2
360 1189 2
360 431 -2
360 1713 -2
360 1082 -2
360 657 2
361 1164 -2
361 1793 -2
361 1088 -2
361 1368 -2
361 634 2
361 783 2
361 512 -2
361 400 -2
361 1412 2
361 1202 2
361 1787 -2
361 1797 2
361 1551 2
361 465 2
361 1703 -2
362 1574 -2
362 1462 -2
362 1855 2
362 1906 -2
362 588 2
362 1207 2
362 1683 -2
362 655 -2
362 1234 2
362 1997 2
362 1008 -2
362 786 -2
362 1789 -2
362 800 -2
362 1277 -2
363 539 -2
363 1836 -2
363 1612 -2
363 691 2
363 1361 2
363 1606 -2
363 1948 -2
363 443 -2
363 395 -2
363 1445 2
363 1943 2
364 515 2
364 1865 -2
364 1340 2
364 1253 -2
364 447 2
364 1199 2
364 1448 2
364 661 -2
364 1383 -2
364 745 -2
364 613 -2
364 480 -2
364 1881 2
364 1196 -2
364 1535 2
364 1266 -2
364 1878 -2
364 1571 -2
364 676 2
364 1040 -2
364 1700 -2
365 1513 2
365 1121 2
365 523 -2
365 465 2
365 678 -2
365 464 2
365 1363 2
365 1906 2
365 1190 -2
365 555 2
365 1124 2
365 701 -2
365 1813 2
365 1641 -2
365 486 -2
366 1191 2
366 713 2
366 1159 2
366 391 -2
366 819 -2
366 1482 -2
366 1874 2
366 1197 2
366 533 -2
366 1537 -2
366 1558 -2
366 783 2
366 1107 2
366 1631 2
366 1464 -2
366 1431 -2
366 1614 2
367 479 -2
367 852 -2
367 570 2
367 1965 -2
367 636 -2
367 387 2
367 720 -2
367 1951 -2
367 1086 2
367 374 -2
367 759 -2
367 809 -2
367 1425 -2
367 397 2
367 1985 2
367 565 -2
367 1186 -2
367 968 -2
367 424 -2
367 1365 -2
367 1862 2
367 1903 -2
367 1737 -2
368 1998 2
368 824 2
368 1447 2
368 1695 -2
368 1423 -2
368 1129 2
368 1150 2
368 1785 2
368 463 2
368 837 -2
368 669 -2
368 1737 -2
368 955 -2
368 491 -2
368 1996 2
368 1831 -2
368 794 -2
368 1650 -2
369 1946 -2
369 1725 -2
369 1216 2
369 1034 2
369 580 -2
369 1439 2
369 1141 2
369 1556 -2
369 902 2
369 1612 2
369 1378 2
369 1221 2
369 1575 -2
369 1205 -2
369 1816 2
369 938 -2
369 831 -2
369 1843 2
369 1172 2
369 1941 -2
369 1943 -2
369 1972 2
370 1027 2
370 1547 2
370 1242 -2
370 1093 -2
370 1869 2
370 1573 -2
370 1762 2
370 1325 2
370 1885 2
370 451 -2
371 1087 -2
371 1332 -2
371 1927 -2
371 1839 2
371 865 -2
371 879 2
371 665 2
371 1973 -2
371 499 2
371 427 2
371 731 2
371 1573 2
371 490 -2
371 1490 2
371 887 -2
371 1345 2
371 1621 -2
371 1918 -2
371 1831 2
371 1416 2
372 660 -2
372 644 2
372 1656 -2
372 1519 2
372 819 2
372 1029 2
372 1341 -2
372 998 -2
372 890 -2
372 755 -2
372 1692 -2
372 1714 2
372 486 -2
372 1143 -2
372 1180 -2
373 498 2
373 1050 -2
373 1826 -2
373 1588 2
373 1550 -2
373 1420 2
373 1201 2
373 1355 2
373 1606 -2
373 1568 2
373 1922 2
374 681 -2
374 1279 2
374 1773 2
374 1692 -2
374 744 2
374 1250 -2
374 1848 2
374 1977 2
374 1884 -2
374 1419 -2
374 795 2
374 810 2
374 1019 2
375 827 2
375 1646 -2
375 584 2
375 1546 2
375 432 -2
375 1461 -2
375 1628 -2
375 376 2
375 891 -2
375 1448 -2
375 484 -2
375 1213 2
375 1401 2
375 1882 2
375 466 2
375 678 2
375 414 2
375 580 -2
376 1733 2
376 1213 -2
376 1110 -2
376 1396 2
376 481 -2
376 1758 -2
376 1043 -2
376 1302 2
376 1689 2
376 828 -2
376 1125 -2
376 1905 2
377 1941 2
377 1946 -2
377 1378 -2
377 1200 2
377 967 2
377 901 -2
377 468 2
377 1970 2
377 563 2
377 1132 -2
378 1220 2
378 1007 -2
378 644 2
378 604 2
378 738 2
378 1994 -2
378 420 -2
378 450 -2
378 1503 -2
378 573 2
378 1697 2
378 1523 2
378 1029 -2
378 1952 2
378 1044 2
378 1565 2
378 794 -2
379 731 2
379 1400 -2
379 1367 -2
379 816 -2
379 1874 -2
379 502 -2
379 1556 -2
379 666 -2
379 1484 2
379 609 2
379 1194 -2
379 1356 -2
379 842 -2
379 1201 2
380 804 -2
380 1002 2
380 1772 2
380 829 -2
380 1340 -2
380 756 -2
380 1863 2
380 1939 2
380 1006 2
380 582 2
380 1852 -2
380 1139 2
380 1016 2
380 1358 -2
380 1817 -2
380 932 2
381 1391 2
381 1738 2
381 1179 2
381 1298 -2
381 1222 -2
381 1485 -2
381 1123 2
381 1536 -2
381 978 -2
381 1413 -2
381 515 -2
381 731 -2
381 1064 -2
382 996 2
382 924 2
382 1897 2
382 1659 2
382 1017 -2
382 1183 2
382 1199 2
382 927 2
382 1453 2
382 1121 2
382 396 2
382 1372 2
382 1352 -2
383 1568 -2
383 645 -2
383 716 2
383 655 2
383 861 -2
383 1294 -2
383 1944 2
383 1326 -2
383 1688 2
383 598 2
383 400 2
383 1796 2
383 508 2
384 1249 2
384 1260 2
384 655 -2
384 1061 2
384 1362 2
384 1154 2
384 1477 2
384 880 2
384 1450 2
384 1333 -2
384 1263 2
384 1324 -2
384 1012 -2
384 1479 -2
384 985 -2
384 1031 2
384 619 2
384 1599 2
385 758 -2
385 1074 2
385 1180 2
385 1665 2
385 1658 -2
385 1148 2
385 480 -2
385 1473 2
385 586 2
385 1269 2
385 595 2
385 766 2
385 1960 -2
385 1588 -2
385 391 -2
386 1854 2
386 762 2
386 1213 2
386 1384 2
386 757 -2
386 1460 -2
386 1339 -2
386 873 -2
386 1330 -2
386 1245 2
386 839 2
386 1587 2
386 863 2
386 1710 2
386 1801 2
386 1351 -2
387 1338 2
387 890 2
387 903 2
387 1707 2
387 1098 -2
387 400 2
387 1054 2
387 1660 2
387 1448 2
387 1639 -2
387 700 -2
387 763 -2
387 561 2
387 907 -2
387 450 2
387 628 2
387 1951 2
387 975 -2
387 1995 -2
387 1510 2
388 738 2
388 1560 -2
388 1050 2
388 568 -2
388 487 2
388 1319 -2
388 1320 -2
388 1812 -2
388 1323 -2
388 1639 2
388 936 2
388 1057 -2
388 1126 2
388 1182 2
388 1771 2
388 714 2
388 1656 -2
388 1478 2
389 1001 -2
389 1653 2
389 1936 -2
389 1956 -2
389 1015 -2
389 1675 2
389 1980 2
389 397 2
389 1729 -2
390 1041 2
390 1584 2
390 679 2
390 1823 2
390 1811 2
390 1857 -2
390 731 -2
390 1941 2
390 1012 2
390 1504 -2
390 514 -2
390 825 -2
390 734 -2
390 1384 -2
390 1238 2
390 1101 -2
391 1995 -2
391 953 2
391 1036 2
391 1189 2
391 912 -2
391 791 2
391 1140 2
391 1700 2
391 1650 2
391 1089 -2
391 713 -2
391 1693 2
391 1973 -2
391 1574 -2
392 1754 -2
392 567 -2
392 1359 -2
392 1079 2
392 490 -2
392 810 -2
392 1084 -2
392 1372 -2
392 943 -2
392 776 -2
392 625 2
392 426 2
392 1850 2
392 1813 2
392 1292 2
392 796 2
392 937 -2
392 610 -2
392 1639 -2
392 420 -2
392 1843 -2
392 1270 -2
393 1457 2
393 1143 -2
393 1107 2
393 667 -2
393 1203 2
393 808 2
393 1667 -2
393 1846 -2
393 1117 -2
393 1677 2
393 485 2
393 1635 -2
393 905 -2
393 1186 -2
393 663 -2
394 1932 -2
394 1625 2
394 1938 -2
394 772 -2
394 1800 -2
394 1450 -2
394 823 -2
394 1426 -2
394 771 -2
394 1749 -2
394 592 2
394 1044 2
394 1978 -2
394 961 2
394 960 2
394 1985 2
394 1005 -2
394 1926 2
394 1123 -2
394 1119 2
394 556 2
395 406 -2
395 1775 2
395 945 -2
395 1130 -2
395 397 2
395 412 2
395 558 -2
395 1355 -2
395 636 2
395 938 2
395 1282 2
395 615 -2
395 1345 2
395 1949 -2
395 823 -2
395 1452 2
395 1563 2
396 1618 2
396 944 -2
396 772 -2
396 1442 2
396 667 -2
396 1287 2
396 896 2
396 980 2
396 1787 2
396 878 -2
396 956 -2
396 1804 2
396 1838 2
396 1164 -2
397 1032 2
397 520 -2
397 1603 -2
397 1674 -2
397 1747 2
397 1499 -2
397 1025 -2
397 1430 2
397 1038 -2
397 1715 2
397 1825 2
397 1465 -2
397 1235 -2
397 867 2
398 1859 2
398 1650 2
398 1128 -2
398 1620 -2
398 847 2
398 737 -2
398 515 2
398 514 2
398 1737 -2
398 490 2
398 1379 -2
398 1235 2
398 1949 -2
398 1291 2
398 731 -2
399 1485 2
399 1410 2
399 986 2
399 1190 -2
399 770 2
399 474 2
399 1389 -2
399 1640 -2
399 1160 -2
399 1473 -2
399 1704 2
399 1841 2
399 707 2
399 1053 -2
400 750 -2
400 1333 -2
400 554 2
400 1756 2
400 1456 -2
400 962 -2
400 1966 -2
400 761 -2
400 412 2
400 608 2
400 1103 -2
400 583 2
400 1175 2
400 1538 2
400 1974 -2
400 875 -2
400 1035 -2
400 459 2
400 1613 -2
401 1059 2
401 1983 -2
401 860 -2
401 1955 2
401 1320 -2
401 518 -2
401 1921 -2
401 724 -2
401 484 -2
401 1505 -2
401 926 -2
402 1073 2
402 1186 -2
402 509 -2
402 524 2
402 559 -2
402 764 2
402 873 -2
402 1111 -2
402 1742 -2
402 1129 2
402 570 -2
402 1602 2
402 1153 2
403 706 -2
403 657 -2
403 1665 2
403 521 -2
403 1314 -2
403 1421 -2
403 1321 2
403 805 2
403 1523 2
403 1068 -2
403 1398 -2
403 1999 -2
403 443 -2
403 1708 2
403 732 -2
403 737 -2
403 618 -2
404 1462 -2
404 1302 2
404 551 -2
404 1324 -2
404 1158 -2
404 966 -2
404 1893 -2
404 1074 2
404 502 -2
404 1484 -2
404 607 2
404 636 -2
404 1693 -2
404 1307 2
404 1498 -2
404 1580 -2
404 1619 2
404 1903 2
404 407 -2
405 1552 2
405 1938 2
405 894 -2
405 1373 2
405 1695 -2
405 1011 2
405 1112 2
405 1872 -2
405 1413 2
405 1155 2
405 1034 -2
405 1035 2
405 861 -2
405 1725 -2
405 468 -2
406 1210 2
406 1749 2
406 1122 2
406 1290 -2
406 1532 2
406 1807 -2
406 578 2
406 1449 -2
406 1444 -2
406 1303 2
406 1441 2
406 1789 -2
407 1303 2
407 1420 -2
407 1689 2
407 496 -2
407 1910 -2
407 1716 2
407 1966 -2
407 430 -2
407 911 -2
407 1310 -2
407 1061 -2
407 732 -2
407 1471 -2
407 1394 2
407 1097 -2
407 709 2
407 433 2
407 535 -2
407 1456 -2
408 1243 -2
408 605 -2
408 1071 2
408 1469 -2
408 941 -2
408 497 -2
408 1146 -2
408 1581 -2
408 804 2
408 512 -2
408 416 -2
408 1043 -2
408 1950 -2
408 1246 2
408 1722 2
408 1023 2
408 1628 2
408 1317 2
408 758 2
408 1105 2
409 991 2
409 886 2
409 1378 2
409 1238 -2
409 1537 -2
409 1309 2
409 802 2
409 1246 -2
409 1481 -2
409 413 -2
409 1819 2
409 1656 2
409 1130 2
409 474 2
409 899 2
409 1837 -2
409 555 2
409 1415 2
410 1895 -2
410 1966 -2
410 1970 2
410 620 -2
410 1829 -2
410 985 2
410 1085 -2
410 1166 2
410 1215 2
410 1697 -2
410 1101 2
410 1364 -2
410 1236 -2
410 1521 -2
411 651 2
411 569 -2
411 1999 -2
411 1446 2
411 1326 2
411 897 -2
411 638 -2
411 1239 -2
411 1053 2
411 629 2
411 1208 -2
411 1373 -2
411 636 -2
411 802 2
411 1124 -2
411 1498 2
412 1931 -2
412 1386 2
412 1334 -2
412 771 -2
412 1026 2
412 1117 2
412 1988 -2
412 1872 -2
412 1567 2
412 682 2
412 1455 2
412 1100 -2
412 1126 -2
412 1469 -2
412 1342 2
412 1483 -2
412 413 2
412 1753 2
412 596 -2
412 1729 2
413 1598 -2
413 1232 2
413 1951 -2
413 757 2
413 904 2
413 1148 -2
413 1778 2
413 1566 2
413 1129 -2
413 1189 -2
413 828 2
413 775 2
413 1790 -2
413 1236 -2
413 1925 2
413 1217 -2
413 818 2
413 1706 2
413 475 2
413 764 -2
414 1931 2
414 1429 -2
414 1174 2
414 1497 -2
414 1933 2
414 1552 -2
414 863 2
414 1719 -2
414 734 2
414 1542 2
414 430 2
414 1446 2
415 1057 2
415 616 -2
415 1478 2
415 1227 -2
415 626 2
415 1550 2
415 1781 2
415 1921 -2
415 444 2
415 472 -2
415 1321 2
415 1690 -2
415 1876 2
416 1151 -2
416 1452 2
416 1810 -2
416 597 2
416 1389 -2
416 607 2
416 752 2
416 1116 -2
416 1498 2
416 1739 2
417 1244 2
417 1615 -2
417 1975 -2
417 722 -2
417 1687 -2
417 799 -2
417 1911 2
417 684 2
417 1714 2
417 1151 -2
417 718 -2
417 1242 2
417 989 2
417 892 -2
417 1453 2
418 1535 2
418 1966 -2
418 1616 2
418 1704 2
418 1818 2
418 587 -2
418 1993 2
418 1110 2
418 1624 -2
418 1225 2
418 1747 2
418 649 2
418 1005 -2
418 1427 -2
418 1146 -2
418 1750 -2
418 1349 -2
418 1953 -2
418 1682 2
418 472 2
419 1874 2
419 1130 -2
419 1802 2
419 1669 2
419 1129 -2
419 1567 2
419 1060 2
419 819 -2
419 1202 -2
419 520 -2
419 539 -2
419 1743 -2
419 811 2
419 508 -2
419 1214 -2
419 1307 -2
419 1749 -2
420 1760 2
420 965 2
420 851 2
420 676 2
420 927 2
420 1575 2
420 777 -2
420 852 2
420 1159 2
420 1049 -2
420 478 -2
420 1630 -2
420 1289 -2
420 633 2
420 1100 2
420 622 -2
421 1179 2
421 823 -2
421 578 2
421 1407 2
421 1837 2
421 560 -2
421 1310 2
421 568 2
421 1652 2
422 819 -2
422 1327 -2
422 1641 -2
422 1364 2
422 759 -2
422 1623 2
422 1649 -2
422 1983 2
422 708 -2
422 747 2
422 788 -2
422 532 2
422 1252 2
422 609 -2
422 1699 2
422 1529 2
422 573 2
422 679 -2
423 883 -2
423 1762 2
423 1384 -2
423 1700 -2
423 836 -2
423 692 2
423 1938 2
423 1421 2
423 1010 -2
423 1416 -2
423 1952 2
423 819 2
423 1802 -2
423 1220 2
423 1327 -2
423 1339 2
423 913 -2
423 627 -2
423 546 -2
423 1646 2
423 1236 2
424 1113 -2
424 1490 -2
424 1194 -2
424 904 2
424 948 -2
424 1674 -2
424 1139 -2
424 1951 -2
424 1225 2
424 1937 2
424 1182 -2
424 1900 -2
424 1367 -2
424 1530 2
425 648 2
425 946 2
425 1887 -2
425 542 2
425 1878 -2
425 1524 2
425 1471 -2
425 1055 2
425 1866 -2
425 788 2
425 1793 -2
425 481 -2
425 924 2
425 1440 2
425 1033 -2
425 500 2
425 810 2
425 1456 2
425 429 -2
425 1385 -2
426 943 -2
426 1585 -2
426 1258 -2
426 985 2
426 736 2
426 1978 2
426 1263 -2
426 1572 2
426 1838 2
426 839 -2
426 1801 -2
426 1778 -2
426 1938 -2
426 1074 -2
426 1267 -2
426 1321 2
427 785 2
427 1853 -2
427 767 2
427 1511 2
427 1757 -2
427 1131 -2
427 520 2
427 1794 -2
427 799 -2
427 869 2
427 619 -2
427 1429 2
427 1286 2
427 924 -2
427 1184 2
428 518 -2
428 1898 2
428 1040 -2
428 727 2
428 965 2
428 638 -2
428 1489 2
428 1891 -2
428 1161 -2
428 1783 2
428 1107 -2
428 796 2
428 1816 2
428 1767 -2
428 1837 2
429 1803 -2
429 724 2
429 1125 2
429 1538 -2
429 786 -2
429 1418 -2
429 1989 2
429 1481 2
429 1731 2
429 1655 2
429 1901 2
429 735 2
429 830 2
429 1973 2
429 1187 2
429 1715 2
429 1434 2
429 1013 -2
429 1443 -2
430 1839 -2
430 1737 -2
430 904 2
430 1887 2
430 1696 2
430 877 -2
430 1640 -2
430 693 -2
430 600 -2
430 568 2
430 885 2
430 441 -2
431 873 2
431 854 2
431 942 2
431 477 2
431 1661 2
431 684 -2
431 1985 -2
431 1606 -2
431 1686 2
431 1717 -2
431 1079 2
431 898 -2
431 742 -2
431 1635 -2
431 639 2
431 1491 2
432 1339 2
432 1835 2
432 604 2
432 1708 2
432 1838 -2
432 792 -2
432 1549 2
432 1363 -2
432 1322 2
432 1004 -2
432 1801 2
433 1020 2
433 1418 -2
433 1940 2
433 573 -2
433 1969 -2
433 540 2
433 1303 2
433 1735 -2
433 1094 -2
433 1377 2
433 1680 -2
433 1329 -2
433 1648 2
433 1972 -2
433 1825 -2
434 1317 2
434 1734 2
434 1035 2
434 1287 2
434 1169 2
434 882 2
434 1890 2
434 1573 2
434 1746 -2
434 1999 2
434 590 -2
434 1248 2
434 1575 2
434 626 2
435 1361 -2
435 1122 -2
435 943 2
435 1720 2
435 468 -2
435 1812 2
435 1106 2
435 1045 -2
435 474 2
435 1844 -2
435 1415 2
435 672 2
435 833 2
435 796 -2
436 1226 -2
436 1653 -2
436 1100 2
436 1865 2
436 1215 -2
436 787 -2
436 1159 2
436 911 2
436 1096 2
436 622 2
436 1520 2
436 1682 -2
436 1465 -2
436 940 -2
436 471 2
436 957 2
437 1973 -2
437 1252 2
437 493 -2
437 1298 -2
437 640 2
437 736 -2
437 442 2
437 1429 2
437 1763 -2
437 777 -2
437 1357 -2
437 1836 -2
437 1082 2
437 839 -2
437 745 2
437 1795 -2
437 1142 2
437 1829 -2
438 1178 2
438 1478 2
438 1135 2
438 1754 -2
438 702 -2
438 1429 2
438 1584 -2
438 680 -2
438 1450 2
438 1353 -2
438 779 2
439 1053 2
439 1149 2
439 880 2
439 1783 2
439 1639 -2
439 1173 -2
439 1580 2
439 533 -2
439 1374 2
439 627 -2
439 1466 2
439 1868 -2
439 980 2
439 1599 -2
439 1431 2
439 1821 -2
439 1750 2
439 1288 -2
439 494 -2
439 1728 -2
439 1886 -2
440 1430 2
440 744 2
440 1428 2
440 1600 -2
440 1582 2
440 994 2
440 1723 -2
440 510 2
440 1753 -2
440 1740 -2
440 654 -2
440 1585 2
441 712 -2
441 1924 -2
441 832 -2
441 1954 -2
441 1281 -2
441 931 2
441 674 -2
441 1144 -2
441 758 2
441 861 2
441 1345 2
441 1844 2
442 1410 2
442 688 2
442 1648 2
442 1582 2
442 1787 -2
442 478 2
442 1301 2
442 700 2
442 1110 -2
442 1247 2
442 1034 -2
442 1769 -2
442 1489 2
442 458 -2
442 1782 -2
442 1139 -2
442 1238 -2
443 1695 -2
443 1159 -2
443 1160 2
443 1953 2
443 1951 -2
443 1662 2
443 1354 -2
443 636 -2
443 1349 2
443 1235 -2
443 1913 -2
443 1628 2
443 669 -2
444 881 2
444 813 2
444 650 -2
444 1140 2
444 1225 2
445 1795 2
445 1085 -2
445 1620 2
445 866 2
445 1931 2
445 940 -2
445 1422 -2
445 1423 -2
445 1586 -2
445 654 -2
445 955 2
445 946 -2
445 1149 -2
445 883 2
445 1088 2
445 1494 2
445 1227 -2
445 791 2
445 508 -2
445 499 2
445 1959 -2
445 1410 2
446 1461 -2
446 1214 2
446 932 -2
446 518 2
446 1907 2
446 1979 -2
446 1810 2
446 1427 -2
446 889 -2
446 1198 2
447 1438 -2
447 859 -2
447 725 2
447 489 -2
447 1103 -2
447 1327 -2
447 1047 2
447 755 2
447 829 2
448 1024 -2
448 827 2
448 1774 -2
448 1654 2
448 980 2
448 1246 -2
448 1957 2
448 1063 2
448 1900 2
448 1304 -2
448 1035 2
448 1766 -2
448 1636 2
448 1185 -2
448 1646 -2
448 927 2
448 1412 2
449 1811 -2
449 662 -2
449 1481 2
449 1536 2
449 1237 -2
449 1154 -2
449 1867 2
449 1358 2
449 1350 2
449 853 -2
449 809 2
449 759 -2
449 1065 -2
449 582 2
449 971 -2
450 1117 2
450 1292 2
450 620 -2
450 1115 -2
450 1380 -2
450 1474 2
450 1507 2
450 1486 2
450 1797 -2
450 483 2
450 718 2
451 1993 2
451 1770 2
451 512 -2
451 498 -2
451 942 2
451 1386 -2
451 1941 2
451 1032 -2
451 1899 -2
451 849 2
451 1827 2
451 915 2
451 1312 2
451 862 2
451 1250 -2
451 717 2
452 1193 -2
452 1300 2
452 1378 -2
452 1604 2
452 1684 -2
452 1288 2
452 1940 -2
452 985 2
452 741 2
452 896 -2
452 1656 -2
453 979 2
453 1220 2
453 1187 -2
453 823 2
453 691 2
453 1334 -2
453 1253 -2
453 1600 2
453 1157 2
453 1983 2
453 1224 -2
453 1556 2
453 623 -2
453 1082 2
453 1821 2
454 601 2
454 933 -2
454 1604 2
454 1297 2
454 803 2
454 1383 2
454 1154 -2
454 1871 -2
454 639 -2
454 1962 -2
454 1942 -2
454 1339 -2
454 1075 2
454 1485 -2
454 992 2
454 465 -2
454 609 2
454 1126 -2
455 738 -2
455 1815 2
455 1867 2
455 722 2
455 1773 2
455 481 2
455 1009 -2
455 1071 -2
455 977 -2
455 1214 -2
455 530 -2
455 1074 -2
456 1317 -2
456 1377 -2
456 1820 -2
456 957 2
456 1626 2
456 707 -2
456 513 -2
456 919 -2
456 1552 -2
456 1725 2
456 1844 2
456 915 -2
456 639 -2
456 1180 2
456 891 -2
456 531 2
456 657 -2
456 538 2
456 1759 -2
457 473 2
457 1521 -2
457 1901 2
457 1898 2
457 789 -2
457 589 2
457 842 -2
457 1652 2
457 1056 2
457 1215 -2
457 1182 -2
457 1625 2
457 642 2
457 1912 -2
457 1359 2
457 1112 -2
458 1419 2
458 779 -2
458 1721 -2
458 1096 2
458 695 2
458 898 -2
458 652 -2
458 516 2
458 1545 -2
458 1313 -2
458 1982 -2
458 1121 2
458 1536 2
458 1491 -2
459 1824 2
459 1820 2
459 920 -2
459 1090 2
459 1441 2
459 1555 2
459 1096 -2
459 1693 2
459 1175 2
459 1186 -2
459 1329 2
459 582 -2
459 574 2
459 1965 2
459 1905 -2
459 1724 -2
459 1381 -2
459 540 -2
459 1977 -2
460 1126 2
460 941 2
460 1212 -2
460 760 2
460 1903 -2
460 1638 2
460 767 2
460 643 2
460 656 2
460 1430 2
460 1667 2
460 1679 -2
460 484 2
460 1541 2
460 1476 2
461 1309 -2
461 1249 -2
461 1591 2
461 774 2
461 948 -2
461 506 2
461 1161 2
461 1799 -2
461 1018 -2
461 1650 -2
461 1925 2
462 1414 2
462 1943 2
462 1693 2
462 1469 2
462 1308 -2
462 665 2
462 832 -2
462 1563 -2
462 1572 2
462 1702 2
462 1839 2
462 1504 -2
462 667 -2
462 707 -2
462 1181 -2
462 1821 -2
462 1145 2
463 1039 -2
463 599 2
463 1212 -2
463 1472 -2
463 1030 2
463 1021 2
463 1418 -2
463 1844 2
463 1621 -2
463 614 2
463 1397 2
463 1294 -2
463 1686 -2
463 555 2
463 1092 2
464 926 -2
464 1487 2
464 1436 -2
464 1657 2
464 1410 2
464 1079 -2
464 1784 2
464 1701 2
464 687 2
464 1427 2
464 806 -2
464 1341 -2
464 1618 2
464 1593 2
464 1959 -2
464 1942 2
464 1624 2
464 1820 -2
464 1759 2
464 930 2
465 871 -2
465 1553 2
465 755 -2
465 1796 2
465 1978 2
465 1148 2
465 478 2
465 956 -2
465 983 -2
465 1890 2
465 709 -2
465 850 -2
465 1591 2
465 505 -2
466 938 2
466 812 2
466 1765 2
466 962 -2
466 1170 2
466 615 -2
466 1441 2
466 921 2
466 1229 -2
466 1110 -2
466 1620 -2
466 1805 2
466 1261 -2
466 1431 -2
466 999 2
467 468 -2
467 1548 -2
467 1561 2
467 1250 -2
467 500 2
467 1438 2
467 1074 2
467 692 2
467 1598 -2
467 1100 2
467 711 2
467 1700 -2
467 1247 -2
467 568 2
467 1149 2
467 493 2
467 550 -2
467 1075 -2
468 1164 -2
468 572 2
468 1222 -2
468 1187 -2
468 1725 2
468 1658 2
468 1562 2
468 1953 2
468 671 2
468 1511 -2
468 507 -2
468 1280 -2
468 1287 2
468 1046 -2
468 517 -2
468 1824 -2
468 1942 -2
468 1884 -2
468 961 2
468 1379 -2
468 1956 -2
468 1248 -2
469 613 -2
469 1505 -2
469 702 2
469 1987 -2
469 635 2
469 969 -2
469 1794 -2
469 1787 -2
470 1589 2
470 1959 2
470 989 2
470 721 -2
470 1365 -2
470 1548 -2
470 1063 2
470 1968 2
470 727 2
470 735 -2
470 579 2
470 1795 2
470 1783 2
470 894 2
470 1585 2
470 852 -2
470 1943 -2
470 1764 2
471 562 2
471 1255 -2
471 1218 -2
471 854 -2
471 1433 2
471 1915 2
471 629 2
471 652 2
471 1156 2
471 715 2
471 1576 -2
471 633 -2
471 910 -2
471 660 2
471 897 2
472 587 2
472 822 2
472 1665 -2
472 1204 -2
472 1246 -2
472 1813 -2
472 1268 -2
473 1389 2
473 725 -2
473 983 2
473 771 -2
473 939 2
473 1562 2
473 1444 -2
473 1233 2
473 870 2
473 553 2
473 477 2
473 1366 2
473 1438 -2
473 1421 2
473 522 -2
473 1108 -2
473 1133 -2
473 818 -2
474 1857 -2
474 566 -2
474 1845 -2
474 1983 2
474 729 2
474 1387 2
474 1381 -2
474 1615 -2
474 1908 2
474 1954 2
474 1529 -2
474 516 -2
474 611 2
474 1886 2
474 1258 -2
475 1648 2
475 1270 2
475 1991 -2
475 775 -2
475 1076 2
475 1035 -2
475 1211 2
475 746 2
475 1595 2
476 509 -2
476 1185 -2
476 1416 -2
476 1278 -2
476 1729 -2
476 925 -2
476 1229 -2
476 720 2
476 959 -2
476 792 -2
476 1283 2
476 944 2
476 1939 2
476 917 2
476 1757 2
477 904 -2
477 1606 2
477 898 -2
477 578 -2
477 1294 -2
477 1008 2
477 1503 -2
477 1534 -2
477 518 -2
477 1621 2
477 1299 -2
477 1158 2
478 793 -2
478 637 2
478 1354 -2
478 582 -2
478 1178 2
478 1041 -2
478 1531 2
478 1370 2
478 1725 2
478 900 2
478 502 -2
478 640 2
478 1038 2
478 1335 2
478 1107 -2
478 1481 -2
478 1713 2
478 721 -2
478 967 2
478 1663 -2
479 522 2
479 681 -2
479 992 -2
479 857 -2
479 1591 -2
479 1713 2
479 1464 -2
479 1190 -2
479 1069 2
479 685 -2
479 790 2
479 1466 -2
479 1253 -2
479 1564 -2
480 1558 -2
480 772 2
480 788 -2
480 1744 -2
480 531 -2
480 1472 -2
480 1411 -2
480 1167 2
480 777 2
480 821 2
481 1220 -2
481 1255 -2
481 1256 -2
481 624 2
481 1777 -2
481 1185 -2
482 1903 2
482 1723 -2
482 1734 2
482 1604 -2
482 1526 2
482 1689 -2
482 1151 2
482 1735 2
482 1224 -2
482 1882 2
482 1492 -2
482 1665 2
482 1255 2
482 1885 -2
482 1171 2
482 1863 -2
482 1104 2
483 884 2
483 1514 -2
483 1235 2
483 782 2
483 1837 -2
483 994 2
483 626 2
483 808 -2
483 1812 -2
483 1697 -2
483 1081 -2
483 1686 -2
483 1622 -2
484 1562 -2
484 1780 2
484 702 -2
484 1703 -2
484 996 -2
484 896 -2
484 1155 -2
484 837 2
484 1366 -2
484 809 -2
484 1738 -2
484 1519 -2
484 1880 2
485 1939 2
485 487 2
485 1238 2
485 1703 2
485 1671 -2
485 752 -2
485 1787 2
485 1842 -2
485 1585 -2
485 1054 -2
485 639 -2
486 511 2
486 1211 2
486 1982 2
486 881 -2
486 879 2
486 1933 2
486 1047 2
486 1197 2
486 770 2
486 917 -2
487 1469 -2
487 532 -2
487 1245 -2
487 649 2
487 640 -2
487 1396 -2
487 1813 -2
487 1716 -2
487 1014 2
487 1900 -2
487 1388 2
487 887 -2
487 1990 -2
487 1686 -2
487 1158 -2
487 1151 2
488 843 2
488 1767 2
488 1330 2
488 1052 -2
488 829 2
488 1047 -2
488 1077 -2
488 825 -2
488 1702 2
488 1628 -2
488 1216 2
488 932 -2
488 790 -2
488 596 2
488 1831 -2
488 1740 2
488 1356 -2
488 1395 -2
488 1172 -2
489 1457 2
489 1537 -2
489 974 2
489 876 2
489 1112 2
489 1945 2
489 525 2
489 643 2
489 1985 -2
489 923 2
489 712 -2
489 860 2
489 501 2
489 992 2
489 567 2
489 545 2
489 1806 2
489 1607 2
489 931 2
490 740 2
490 1519 2
490 1438 2
490 1936 -2
490 1358 -2
490 654 2
490 1948 -2
490 674 -2
490 1201 2
490 1235 2
490 1133 -2
490 1013 -2
490 1515 2
490 1093 -2
490 1913 2
490 1185 2
490 1449 2
491 1741 -2
491 1122 2
491 973 -2
491 1253 -2
491 1840 -2
491 1855 -2
491 1715 -2
491 1568 2
492 1774 2
492 1086 2
492 1200 -2
492 1559 2
492 1855 2
492 697 -2
492 832 -2
492 1064 2
492 1789 -2
492 1014 -2
492 1037 2
492 847 2
492 1716 -2
492 1516 2
493 930 2
493 1263 -2
493 1357 2
493 1355 -2
493 1698 2
493 849 -2
493 1756 2
493 595 -2
493 1538 -2
493 1167 -2
493 1781 -2
493 1297 2
493 659 2
494 949 2
494 1244 -2
494 1879 -2
494 1381 2
494 1736 2
494 922 2
494 539 2
494 1306 -2
494 1993 2
494 672 2
494 1967 2
495 1003 2
495 1327 -2
495 1423 -2
495 1995 2
495 860 2
495 1328 -2
495 1542 -2
495 1884 2
495 1848 -2
495 971 2
495 990 2
495 1206 -2
495 1088 -2
495 1158 -2
495 898 2
495 1261 2
495 1245 -2
496 1557 -2
496 1491 -2
496 1162 2
496 1710 -2
496 1518 -2
496 1470 2
496 1801 2
496 1398 -2
496 776 2
496 910 -2
496 867 2
496 1702 -2
496 1359 -2
496 1303 2
497 1337 -2
497 1918 2
497 983 2
497 995 -2
497 1764 -2
497 540 -2
497 1088 -2
497 822 2
497 1925 2
497 1981 -2
497 1649 -2
498 1303 -2
498 1635 2
498 1198 2
498 676 2
498 1177 -2
498 1060 2
498 1234 2
498 1484 -2
498 797 2
498 769 2
498 799 2
498 1976 -2
498 512 2
498 975 -2
499 989 -2
499 979 2
499 759 -2
499 1326 -2
499 1383 2
499 1488 -2
499 733 -2
499 526 2
499 571 -2
499 1517 -2
499 1230 2
499 951 -2
499 924 -2
499 1755 2
499 1667 -2
499 614 -2
499 1565 -2
499 1822 2
499 1801 -2
499 641 2
500 1378 -2
500 1923 2
500 713 -2
500 1467 2
500 1536 -2
500 1679 2
500 1511 2
500 574 2
500 1461 2
500 1189 -2
500 1090 2
500 951 2
500 1672 2
500 1503 2
500 1638 2
500 1130 -2
501 1764 -2
501 567 -2
501 554 2
501 1544 -2
501 1220 2
501 1813 -2
501 1609 -2
501 1109 2
501 824 -2
501 576 -2
501 705 2
502 843 2
502 1059 2
502 1201 -2
502 1300 2
502 1271 -2
502 1305 2
502 1417 -2
502 1619 -2
502 1731 -2
502 1655 2
502 581 -2
502 1366 -2
502 504 -2
502 1382 2
502 719 2
503 1055 -2
503 798 -2
503 956 2
503 896 -2
503 1817 2
503 1717 -2
503 684 2
503 1582 -2
503 1839 -2
503 574 -2
503 1466 2
504 1898 2
504 526 -2
504 793 2
504 1938 2
504 1717 2
504 638 -2
504 1832 -2
504 1740 -2
504 751 -2
504 1804 -2
504 1342 2
504 1341 2
504 525 2
504 1680 2
504 1863 -2
504 567 2
504 948 2
504 1238 2
504 1715 -2
505 811 -2
505 1132 -2
505 953 2
505 921 2
505 1686 2
505 664 -2
505 688 -2
505 836 -2
505 603 -2
505 611 2
505 1986 -2
505 715 -2
505 874 2
505 572 -2
505 1876 2
506 1535 -2
506 1049 -2
506 1118 2
506 1480 2
506 1451 2
506 694 2
506 1095 -2
506 1661 -2
506 1163 -2
506 715 -2
506 945 2
506 1766 2
506 1341 -2
507 935 2
507 1645 -2
507 1747 2
507 1075 -2
507 845 -2
507 1529 -2
507 1469 2
507 791 2
507 711 2
507 844 2
507 896 2
507 594 2
508 568 -2
508 1431 2
508 800 2
508 844 -2
508 1235 2
508 578 -2
508 736 -2
508 1491 2
508 627 2
508 636 2
508 1425 2
508 1680 2
509 1140 2
509 1914 2
509 1742 2
509 1031 2
509 924 -2
509 775 -2
509 1655 2
509 1173 2
509 1301 2
509 1386 -2
509 1262 2
509 1937 2
510 1240 -2
510 1912 -2
510 1913 -2
510 882 -2
510 1763 2
510 1973 -2
510 1793 2
510 817 2
510 1223 -2
510 621 -2
510 1629 -2
510 1398 -2
510 1355 2
511 1492 -2
511 1522 2
511 891 -2
511 1534 2
511 988 2
511 1521 -2
511 1097 -2
511 1515 2
511 579 -2
511 823 2
511 1407 2
511 838 2
511 968 -2
511 888 -2
512 1254 2
512 882 2
512 728 2
512 1797 2
512 1818 2
512 1174 2
512 1824 2
512 1055 2
512 1593 2
512 1102 2
512 1111 -2
512 615 2
512 1109 -2
512 1449 -2
512 1373 -2
512 1432 -2
512 1806 2
513 1104 2
513 1202 2
513 1318 2
513 1598 2
513 1026 2
513 878 2
514 771 2
514 913 2
514 1231 -2
514 995 2
514 639 -2
514 657 2
514 1385 2
514 1380 2
514 893 -2
514 1862 -2
514 1052 -2
514 604 2
514 1445 -2
514 1043 2
514 945 2
514 1870 2
514 1020 -2
514 955 -2
514 1286 2
514 1260 2
514 1296 -2
514 1282 2
514 1250 2
514 1468 -2
515 660 -2
515 1531 -2
515 957 -2
515 540 -2
515 1497 2
515 1510 2
515 976 2
515 588 2
515 1065 -2
515 978 2
515 1702 -2
515 1881 -2
515 762 2
515 1067 2
515 1328 2
515 1012 2
516 1240 -2
516 1838 2
516 639 2
516 1604 -2
516 771 -2
516 1986 -2
516 1647 -2
516 948 -2
516 700 -2
516 1548 2
516 1214 -2
516 1154 2
516 874 -2
516 1716 2
516 1782 2
516 767 2
516 1302 2
517 1244 2
517 1479 -2
517 1492 -2
517 753 2
517 1940 2
517 614 2
517 1364 2
517 1043 2
517 1337 2
517 1812 2
517 1161 -2
517 591 2
517 1008 2
517 1846 -2
517 1443 -2
518 895 2
518 810 2
518 1702 2
518 911 2
518 711 -2
518 1634 -2
518 1161 -2
518 939 -2
518 1196 -2
518 814 2
518 673 2
518 1419 -2
518 1806 -2
518 579 -2
518 1508 -2
518 1979 2
519 1360 2
519 807 2
519 732 -2
519 1448 -2
519 1083 -2
519 700 -2
519 1307 2
519 1651 -2
519 1161 2
519 1399 -2
519 1535 -2
519 1269 2
519 1325 2
519 736 2
519 1409 -2
519 973 -2
520 1924 -2
520 872 2
520 998 2
520 1852 2
520 582 -2
520 1219 2
520 1517 -2
521 1484 -2
521 1397 -2
521 1706 2
521 1896 2
521 1443 -2
521 705 -2
521 1620 -2
521 1766 2
521 1806 2
522 1762 -2
522 1194 2
522 1228 2
522 1523 -2
522 640 -2
522 1134 -2
522 846 2
522 1685 2
522 899 -2
522 983 2
522 1192 2
522 1430 -2
522 1159 2
522 1718 -2
522 1267 2
522 1784 2
523 810 2
523 1531 2
523 723 2
523 537 2
523 786 2
523 604 2
523 1155 -2
523 1023 -2
523 1441 2
523 992 -2
523 1355 2
523 1630 2
523 955 2
523 1446 -2
524 1965 2
524 659 -2
524 1211 2
524 901 -2
524 1073 -2
524 706 -2
524 1005 2
524 1149 -2
524 1588 2
524 1635 2
524 1077 -2
524 538 -2
524 1693 2
524 1312 -2
524 734 -2
524 716 2
524 1318 -2
524 1438 -2
525 1940 2
525 1121 2
525 1104 2
525 815 -2
525 1005 2
525 1676 2
525 1405 2
525 787 -2
525 639 -2
525 1478 -2
525 1607 2
526 1809 2
526 1552 2
526 1995 2
526 1715 2
526 1786 -2
526 1191 -2
526 780 2
526 1557 -2
526 989 -2
526 617 2
526 1586 2
526 1558 -2
526 573 -2
526 1473 -2
526 1114 -2
526 1518 2
527 667 -2
527 688 2
527 1602 -2
527 1047 -2
527 1505 -2
527 1889 2
527 1801 2
527 1769 2
527 1754 2
527 1774 2
527 1499 -2
527 1598 -2
527 655 -2
527 1990 2
527 1229 -2
527 979 -2
527 1396 2
527 1301 2
527 1343 -2
528 569 2
528 1236 2
528 973 2
528 1865 2
528 1729 -2
528 1350 2
528 651 2
528 783 2
528 1995 2
528 991 2
528 1501 -2
528 1854 -2
528 747 -2
528 1029 2
528 789 2
528 1306 2
528 1715 2
528 588 -2
528 1216 -2
528 1173 -2
528 1933 2
529 741 2
529 666 -2
529 1460 2
529 1152 -2
529 1438 2
529 1903 -2
529 840 2
529 647 -2
529 816 2
529 1668 -2
529 1537 2
529 817 2
529 1876 -2
529 968 2
529 1563 2
529 1143 -2
529 981 -2
529 1049 -2
529 1580 -2
530 1053 2
530 1668 -2
530 828 -2
530 1334 2
530 1661 -2
530 1293 -2
530 1751 2
530 1375 -2
530 1883 -2
530 1239 2
530 656 2
531 1328 2
531 1613 -2
531 1070 -2
531 1148 2
531 1210 2
531 971 2
531 1002 -2
531 1823 2
531 843 2
531 1368 -2
531 1185 2
532 984 2
532 695 -2
532 781 2
532 815 2
532 1394 2
532 775 2
532 1276 -2
532 1877 -2
532 703 -2
532 958 2
532 762 -2
532 1066 -2
532 629 2
532 546 -2
532 1871 -2
532 616 -2
533 1569 -2
533 907 -2
533 1759 -2
533 1257 2
533 933 2
533 599 2
533 1580 2
533 1941 -2
533 789 -2
533 794 2
533 1908 -2
533 1517 2
533 1252 2
533 1414 2
533 1872 2
533 856 2
533 1135 2
534 1167 -2
534 1305 -2
534 1678 -2
534 1553 2
534 1568 2
534 1691 2
534 971 -2
534 600 2
534 1912 -2
534 594 2
534 709 2
535 1087 -2
535 668 2
535 1462 -2
535 1899 -2
535 899 2
535 1246 -2
535 727 -2
535 964 -2
535 695 2
535 710 2
535 1981 2
535 1079 -2
535 621 2
535 1633 -2
535 1630 2
535 1203 2
535 629 -2
536 1583 -2
536 1362 -2
536 1611 2
536 1096 -2
536 1162 2
536 1641 2
536 1574 2
536 1633 2
536 1365 2
537 1271 -2
537 1836 -2
537 926 -2
537 1492 2
537 1337 2
537 774 2
537 1190 -2
537 741 2
537 840 -2
537 1955 2
537 548 2
537 1308 2
537 862 -2
537 651 -2
537 1644 2
538 1595 -2
538 1303 -2
538 1924 2
538 1688 2
538 1734 2
538 1496 2
538 757 -2
538 672 2
538 1995 2
538 947 -2
539 1227 -2
539 727 -2
539 1155 2
539 705 -2
539 1347 -2
539 1710 2
539 1305 -2
539 1699 -2
539 1207 2
539 1764 -2
540 791 2
540 1069 2
540 1003 2
540 1397 -2
540 1333 2
540 1115 -2
540 1669 2
540 618 2
540 1702 2
540 1535 -2
540 962 -2
540 1172 2
540 1374 -2
540 837 2
540 1882 2
541 1040 2
541 607 2
541 1253 2
541 1455 -2
541 1110 -2
541 1838 2
541 1442 -2
541 1926 2
541 998 2
541 1553 -2
541 830 -2
541 1351 -2
541 1793 2
541 1797 -2
541 787 -2
541 1996 -2
541 783 2
542 641 -2
542 1454 2
542 1167 -2
542 1717 2
542 1239 -2
542 1155 -2
542 1235 2
542 1572 -2
542 1795 -2
542 1778 -2
542 834 2
542 543 2
542 628 2
542 912 -2
542 1923 2
542 1570 -2
542 735 2
542 1782 2
543 624 -2
543 1198 -2
543 1254 -2
543 1264 2
543 857 2
543 1506 -2
543 889 -2
543 1367 2
543 1795 -2
543 1069 2
543 1844 -2
544 1323 2
544 1897 -2
544 1690 2
544 1027 -2
544 988 -2
544 1407 2
544 1280 -2
544 1024 -2
544 1955 2
544 1435 -2
544 1115 2
544 1945 2
544 904 -2
544 1305 2
544 551 2
544 1461 2
544 616 2
544 1774 -2
544 1103 -2
544 894 2
544 1642 -2
544 1008 -2
544 574 -2
545 1108 -2
545 1043 -2
545 1386 2
545 1487 -2
545 1505 -2
545 1121 -2
545 1326 -2
545 1653 -2
545 748 2
545 1423 -2
546 1140 2
546 991 -2
546 1831 -2
546 1361 -2
546 1235 2
546 1125 -2
546 1491 2
546 916 -2
546 876 2
546 901 -2
546 1888 2
546 1278 -2
547 1969 2
547 824 -2
547 1326 -2
547 1954 -2
547 802 -2
547 1672 -2
548 1331 -2
548 553 -2
548 1609 -2
548 1739 2
548 1442 2
548 1529 2
548 676 -2
548 1451 2
548 1493 -2
548 1763 -2
548 1852 -2
548 867 -2
548 1130 2
548 1839 -2
549 761 2
549 1854 2
549 1966 2
549 1471 -2
549 816 2
549 1399 2
549 1071 2
549 1560 -2
549 1223 2
549 928 -2
549 799 2
549 1816 -2
549 1043 2
550 1220 2
550 1582 -2
550 1691 2
550 1139 2
550 743 2
550 1517 -2
550 645 2
550 954 -2
550 1410 -2
550 868 -2
550 796 -2
550 650 -2
550 1185 -2
550 594 2
550 1114 2
550 975 -2
550 928 -2
551 770 -2
551 950 -2
551 1933 2
551 1037 2
551 853 2
551 1038 -2
551 750 2
551 616 2
551 1885 -2
551 1426 -2
551 1236 2
551 580 -2
551 1761 2
551 1402 2
552 1902 -2
552 810 2
552 1682 2
552 1800 -2
552 1876 -2
552 1990 -2
552 1210 2
552 1281 2
552 1881 2
552 1165 -2
552 1966 -2
552 1014 -2
552 1536 2
552 1201 -2
552 1879 2
552 1885 2
552 1046 -2
552 1817 2
552 853 2
552 1963 2
553 1668 -2
553 1981 -2
553 1455 2
553 1852 2
553 792 2
553 1379 -2
553 984 -2
553 1732 -2
553 1306 2
553 1322 -2
553 1417 2
553 788 2
553 1512 2
553 1922 2
553 1598 -2
554 758 2
554 824 -2
554 945 2
554 1754 2
554 1468 -2
554 1702 2
554 1485 -2
554 1280 2
554 759 -2
554 870 -2
554 812 2
554 1393 2
554 1588 -2
554 1385 -2
554 1609 -2
554 750 2
554 1204 2
554 1768 -2
555 1640 -2
555 724 -2
555 1488 -2
555 1439 -2
555 1560 2
555 1155 2
555 1303 2
555 1106 2
555 1688 2
555 956 -2
555 1308 2
555 1092 -2
555 1817 -2
555 813 2
555 1786 2
555 1547 -2
555 1929 2
556 1203 -2
556 869 2
556 1959 2
556 1363 -2
556 707 -2
556 1860 -2
556 1581 -2
556 1694 2
556 898 2
556 800 -2
556 1155 2
556 1392 -2
556 977 2
556 1747 2
556 1117 2
557 1424 -2
557 1581 2
557 1462 -2
557 1164 -2
557 1554 -2
557 1365 2
557 1018 -2
557 1725 -2
557 1199 -2
557 1798 2
557 1021 2
557 1695 -2
558 1760 2
558 1602 2
558 623 -2
558 608 -2
558 1125 -2
558 810 -2
558 1438 2
558 1596 2
558 1890 -2
558 1922 2
558 1506 2
558 1755 2
558 1422 -2
558 1087 -2
558 1889 -2
558 1810 2
559 1035 2
559 571 -2
559 872 -2
559 1093 2
559 1134 2
559 1279 2
559 796 2
559 1379 2
559 1929 2
559 914 -2
559 1190 2
559 1938 2
559 1197 -2
559 1656 -2
559 673 2
560 1467 -2
560 1030 -2
560 776 -2
560 1421 2
560 1850 2
560 585 -2
560 757 -2
560 1097 -2
560 583 -2
560 1651 -2
560 1505 2
560 735 2
560 1021 -2
561 813 2
561 1254 -2
561 1461 2
561 632 2
561 1538 -2
561 1642 2
561 1453 2
561 1092 -2
561 1867 -2
561 1657 2
561 1627 -2
561 1579 -2
562 1143 -2
562 1140 -2
562 1263 2
562 1788 -2
562 1409 2
562 1157 -2
562 930 2
562 1056 -2
562 1003 2
562 1823 -2
562 726 -2
562 1316 2
562 876 2
562 727 2
562 944 2
562 588 -2
563 1232 -2
563 1237 -2
563 1577 2
563 1598 -2
563 959 2
563 1326 2
563 812 2
563 1499 2
563 1817 2
563 1294 2
563 953 -2
563 1051 2
564 1343 -2
564 627 -2
564 1315 2
564 1135 -2
564 947 2
564 1257 2
564 1104 2
564 1192 2
564 1545 2
564 1819 2
564 1391 -2
564 1641 2
564 1489 -2
564 903 -2
564 655 -2
564 1056 2
564 1825 -2
565 1121 -2
565 1385 -2
565 1079 -2
565 1569 2
565 1601 -2
565 894 2
565 1282 2
565 1819 -2
565 596 2
566 1495 2
566 1902 -2
566 1672 2
566 674 -2
566 625 -2
566 1410 2
566 1214 2
566 898 2
566 839 -2
567 829 2
567 1148 2
567 1481 -2
567 1675 2
567 1761 2
567 1096 -2
567 1095 2
567 1279 2
567 830 -2
567 1143 -2
567 650 -2
567 1799 -2
567 889 -2
568 1810 -2
568 1161 2
568 1724 2
568 794 -2
568 1868 -2
568 1901 2
568 1176 2
568 1375 2
568 1722 -2
568 1717 2
568 1676 2
568 1644 2
568 813 2
569 1557 -2
569 1371 -2
569 1567 -2
569 806 2
569 940 -2
569 1573 2
569 1689 -2
569 1610 -2
569 1487 2
569 728 -2
569 1380 2
569 1229 2
569 1179 -2
569 672 -2
569 724 2
569 1334 2
569 1963 2
569 973 -2
570 1690 2
570 1385 -2
570 1928 -2
570 717 2
570 741 -2
570 1586 -2
570 1622 2
570 1773 2
570 631 2
570 575 -2
570 1910 -2
570 1380 -2
570 1925 2
570 749 -2
570 1808 2
570 1876 -2
570 1701 -2
571 1736 -2
571 1881 2
571 1823 2
571 1933 -2
571 640 -2
571 893 2
571 647 2
571 1539 -2
571 1203 -2
571 816 2
572 1648 2
572 1935 2
572 1791 -2
572 788 2
572 1828 -2
572 1343 2
572 1123 -2
572 1868 -2
572 1538 2
572 690 -2
572 1725 -2
572 1875 -2
572 750 2
572 991 -2
572 1788 2
573 817 -2
573 881 2
573 1136 -2
573 1331 -2
573 812 2
573 1829 2
573 755 -2
573 1607 2
573 721 -2
573 1420 2
573 637 2
573 899 2
573 1862 -2
573 581 2
573 1975 2
574 773 2
574 1085 2
574 1597 -2
574 1903 2
574 972 -2
574 1824 -2
574 1932 2
574 1752 2
574 723 2
574 1726 2
574 576 -2
574 1730 2
574 1583 2
574 701 2
574 880 2
574 766 -2
575 1637 2
575 932 2
575 1427 -2
575 1891 2
575 1403 -2
575 728 -2
575 595 -2
575 944 -2
575 852 -2
575 1335 -2
575 1346 -2
576 1068 -2
576 1761 -2
576 1553 2
576 1752 -2
576 1624 -2
576 625 -2
576 1854 -2
576 1188 2
576 731 2
576 615 -2
576 1671 2
576 1810 2
576 1458 -2
576 1911 -2
576 1203 -2
577 773 -2
577 1219 2
577 995 2
577 728 2
577 897 -2
577 1119 -2
577 1132 2
577 892 2
577 1191 2
577 865 -2
577 1787 2
577 1541 2
577 1736 2
577 617 -2
577 1058 -2
577 1213 2
578 1254 2
578 944 2
578 837 -2
578 1353 -2
578 1048 2
578 1805 2
578 1095 -2
578 1456 -2
578 1415 2
578 1571 -2
578 1872 -2
578 872 2
578 1106 2
579 1022 2
579 1715 2
579 1829 2
579 691 2
579 667 -2
579 1220 -2
579 1232 -2
579 1184 2
579 1892 -2
579 1217 2
579 1100 -2
579 1215 -2
579 1975 2
579 1496 -2
579 1718 2
580 1594 -2
580 1683 -2
580 1769 2
580 1382 -2
580 1191 -2
580 1140 2
580 1040 2
580 1559 -2
580 980 2
580 1813 -2
580 1630 -2
580 1732 2
580 1241 -2
580 1866 -2
580 1960 -2
580 1468 -2
580 1089 2
580 654 -2
580 1017 2
581 1721 -2
581 1592 -2
581 965 2
581 798 2
581 1191 2
581 1372 -2
581 1802 -2
581 1898 2
581 1539 2
581 598 2
581 1350 2
582 1661 -2
582 1067 2
582 1792 2
582 1298 -2
582 652 2
582 1395 2
582 1323 -2
582 1272 -2
582 1048 -2
582 812 2
583 1674 -2
583 1564 2
583 1366 2
583 973 2
583 1956 -2
583 1985 2
583 650 2
583 1699 2
583 660 2
583 623 2
583 1590 2
583 1539 -2
583 1417 -2
583 1562 2
583 1383 2
583 1767 -2
583 1514 2
584 929 -2
584 800 2
584 1664 -2
584 1278 -2
584 1904 -2
584 603 2
584 1692 -2
584 792 2
584 1606 -2
584 1956 -2
584 679 -2
584 1812 -2
584 1457 2
584 934 2
584 1617 -2
584 947 2
584 1281 -2
584 1174 2
584 913 -2
584 950 2
585 1314 2
585 1617 -2
585 761 -2
585 1901 2
585 1656 2
585 803 2
585 1484 -2
585 1894 2
585 830 2
585 1841 2
585 1813 2
585 1211 2
585 1161 2
585 1219 2
585 1741 -2
585 1486 -2
585 1849 -2
585 1859 2
585 1757 -2
585 1607 -2
586 1217 -2
586 982 2
586 1662 -2
586 1030 -2
586 1130 2
586 1070 2
586 635 2
586 888 -2
586 1168 2
586 1251 -2
586 717 -2
587 1072 2
587 1711 -2
587 1580 2
587 824 2
587 662 -2
587 897 -2
587 1436 -2
587 1836 -2
587 1740 -2
587 1001 -2
587 1532 -2
587 1290 -2
587 1326 2
587 612 2
587 1826 -2
587 1015 -2
587 1022 2
587 1516 -2
587 1948 -2
587 1380 -2
588 1503 2
588 831 -2
588 1726 -2
588 1930 -2
588 1279 -2
588 1679 2
588 733 2
588 1085 -2
588 1413 -2
588 1172 2
588 751 -2
588 766 -2
588 1407 -2
588 825 2
589 1222 -2
589 780 2
589 1834 -2
589 1214 2
589 835 2
589 933 -2
589 1935 -2
589 1216 -2
589 872 2
589 1473 -2
589 1344 -2
589 663 2
590 621 -2
590 1222 2
590 1612 -2
590 854 2
590 1042 2
590 1271 2
590 1745 -2
590 1656 -2
590 1949 -2
590 1085 -2
590 1477 -2
590 1440 2
590 676 2
590 1666 2
590 805 2
591 1221 -2
591 983 2
591 1797 -2
591 1243 -2
591 1222 2
591 1089 2
591 700 -2
591 791 -2
591 1819 -2
591 976 -2
591 675 2
591 1704 2
591 1502 -2
591 1517 -2
591 906 2
591 644 2
591 1120 -2
592 1102 -2
592 1106 2
592 1476 -2
592 1253 -2
592 1444 -2
592 1890 2
592 1223 2
592 1451 -2
592 950 2
592 1562 -2
592 1269 -2
592 776 2
592 1964 2
592 876 -2
592 1006 2
592 1389 2
592 1821 -2
592 1165 2
592 1777 2
593 1394 -2
593 1792 -2
593 1917 2
593 1808 -2
593 656 -2
593 1576 -2
593 1070 2
593 892 -2
593 1095 2
593 770 -2
593 982 -2
594 1243 -2
594 1000 2
594 902 2
594 1828 2
594 787 -2
594 1524 -2
594 1298 -2
594 1945 -2
594 645 -2
594 1790 -2
594 701 -2
594 1939 2
594 1457 2
594 934 2
594 1529 -2
595 1873 2
595 1373 2
595 1994 -2
595 958 2
595 755 2
595 975 2
595 1950 -2
595 1299 2
595 1285 -2
596 1181 -2
596 1728 2
596 1906 2
596 670 2
596 694 2
596 1469 2
596 1540 2
596 1445 2
596 889 -2
596 775 2
596 741 -2
597 1436 2
597 1590 -2
597 1582 -2
597 1756 2
597 873 -2
597 913 2
597 1220 2
597 874 2
597 1973 -2
597 1075 2
598 1754 -2
598 689 2
598 1112 -2
598 1843 -2
598 1078 -2
598 1410 2
598 1044 2
598 1150 2
598 1914 -2
598 1027 -2
598 1042 -2
598 1398 -2
598 1488 2
598 1264 -2
598 1769 -2
598 685 2
598 696 2
598 1713 2
598 796 2
598 1020 -2
598 1443 2
598 1358 -2
599 1501 2
599 1477 2
599 899 -2
599 771 -2
599 1484 -2
599 620 -2
599 1974 -2
599 1126 -2
599 681 2
599 1612 -2
599 1738 -2
599 971 -2
600 1092 -2
600 1921 2
600 1380 -2
600 1969 2
600 683 -2
600 1616 2
600 628 2
600 760 2
600 1282 2
600 1200 -2
600 1439 2
600 1304 2
600 1238 -2
600 1247 -2
600 1208 2
600 1705 -2
600 1656 -2
600 1537 2
600 1432 -2
601 677 -2
601 739 2
601 1326 2
601 796 2
601 1158 2
601 1195 2
601 768 2
601 951 2
601 1760 2
601 1446 2
601 1178 2
601 1863 -2
601 836 -2
601 956 2
602 1772 -2
602 1223 -2
602 1377 2
602 1017 -2
602 1827 -2
602 1683 -2
602 1400 -2
602 1170 2
602 1733 -2
602 1631 2
602 954 -2
602 1483 -2
602 903 2
603 1506 -2
603 1348 2
603 1143 2
603 1626 2
603 1786 -2
603 1812 -2
603 1617 -2
603 1248 2
603 1473 -2
603 732 -2
603 1171 2
603 1990 2
603 1094 -2
603 883 2
604 935 2
604 1417 2
604 990 2
604 613 2
604 1262 2
604 1641 2
604 919 2
604 967 2
604 869 2
604 1438 -2
604 653 -2
605 964 -2
605 1757 -2
605 929 2
605 926 2
605 945 -2
605 1610 2
605 931 2
605 1748 -2
605 1343 2
605 1374 -2
605 669 2
605 1654 -2
605 621 -2
605 1964 2
606 675 2
606 1525 2
606 1726 2
606 1061 -2
606 754 2
606 1320 2
606 1161 -2
606 967 2
606 1806 2
606 1799 -2
606 690 -2
606 650 2
607 1812 2
607 1288 2
607 1476 2
607 1846 -2
607 1722 -2
607 1993 2
607 1902 -2
607 1312 2
607 1724 -2
607 1375 2
607 1774 2
607 1710 -2
607 1745 2
608 820 2
608 1534 -2
608 1234 -2
608 1805 2
608 853 -2
608 854 -2
608 1415 2
608 1176 2
608 1280 -2
608 1754 2
609 640 2
609 977 -2
609 1265 2
609 689 2
609 690 2
609 1777 2
609 644 2
609 1424 2
609 742 2
609 810 2
609 1377 2
609 764 2
609 1820 2
609 1190 2
610 1328 2
610 1803 -2
610 677 -2
610 1675 2
610 1661 -2
610 795 -2
610 1523 -2
610 1722 2
610 1569 2
610 853 2
610 1446 -2
610 1274 2
610 1164 2
610 1822 2
610 820 2
610 1837 2
610 856 2
610 1142 2
611 1354 -2
611 1359 -2
611 1930 2
611 967 -2
611 737 -2
611 1431 2
611 1345 -2
611 958 -2
611 1832 2
611 1762 2
611 1856 -2
611 1640 2
611 1863 2
611 1398 -2
611 1749 -2
611 1564 2
611 1869 2
611 1443 -2
611 1947 2
611 1781 -2
611 1542 -2
612 1610 2
612 1362 2
612 1032 -2
612 1312 2
612 1062 2
612 718 -2
612 764 2
612 1534 -2
612 1713 -2
612 1467 -2
612 998 2
612 1067 2
612 1035 2
612 779 -2
612 1577 -2
612 1878 2
613 620 -2
613 1151 2
613 1744 -2
613 1562 2
613 1296 2
613 1143 -2
613 1890 -2
613 716 -2
613 1027 2
613 1556 -2
613 1735 -2
613 1955 2
613 1904 -2
613 645 2
613 768 -2
613 1480 2
613 619 2
613 1366 2
614 879 -2
614 865 -2
614 1772 -2
614 678 2
614 1774 2
614 621 -2
614 1671 2
614 955 2
614 1353 -2
614 1876 -2
614 867 2
614 1233 -2
614 1795 -2
614 1055 2
614 778 -2
614 1705 2
615 1643 -2
615 1549 -2
615 904 2
615 741 -2
615 894 2
615 1884 -2
615 1633 -2
615 1231 -2
615 951 -2
615 739 -2
615 964 2
615 1058 -2
615 1801 -2
615 633 2
615 1928 2
615 1210 -2
615 1248 2
615 699 2
615 1006 -2
616 1445 2
616 1276 2
616 1771 2
616 1204 2
616 1856 2
616 1651 -2
616 1529 -2
616 1045 -2
616 642 2
616 1333 2
616 1380 -2
616 777 2
616 990 2
617 1772 -2
617 1065 2
617 1154 2
617 1771 2
617 1335 -2
617 1284 2
617 1430 2
617 902 2
617 928 -2
617 956 -2
617 1273 -2
617 1983 2
617 798 -2
617 670 2
617 1862 -2
618 1970 2
618 955 2
618 1506 2
618 784 -2
618 832 2
618 1052 2
618 925 2
618 1206 2
618 1746 2
618 1122 2
618 1606 2
618 1670 -2
618 1840 2
618 868 2
619 1396 -2
619 1240 -2
619 1222 2
619 1873 -2
619 1677 -2
619 1659 2
619 939 2
619 1161 2
619 1715 2
619 664 -2
619 967 -2
619 1321 -2
619 1946 -2
619 1933 -2
619 1956 -2
619 1695 2
619 1632 2
620 1325 2
620 1999 -2
620 645 2
620 1425 2
620 1324 2
620 1032 2
620 1465 -2
620 1181 2
620 1535 -2
620 1765 2
620 1614 -2
620 626 -2
620 1303 2
620 786 2
621 1327 -2
621 1760 -2
621 1591 -2
621 720 2
621 1956 2
621 913 -2
621 724 2
621 952 2
621 860 -2
621 1154 -2
621 1690 -2
621 1334 -2
621 1249 2
621 789 2
622 829 -2
622 1424 -2
622 1665 -2
622 908 -2
622 1573 2
622 1992 2
622 1011 2
622 903 2
622 1115 -2
622 793 2
622 1032 2
622 1267 2
622 1043 2
623 994 2
623 1473 2
623 888 2
623 1971 2
623 875 2
623 1549 -2
623 877 -2
623 1433 -2
623 1980 -2
623 1949 2
623 1975 -2
623 1468 -2
623 759 -2
623 1868 2
623 1285 2
623 811 -2
624 1728 -2
624 1215 -2
624 936 2
624 1864 -2
624 1747 2
624 1606 -2
624 796 2
624 1066 2
624 1035 -2
624 1543 -2
625 1445 -2
625 1002 -2
625 1446 -2
625 1218 2
625 1953 -2
625 1580 -2
625 1625 -2
625 1917 2
625 1134 -2
626 1146 -2
626 1245 2
626 1945 -2
626 1269 -2
626 911 -2
626 679 2
626 712 2
626 841 -2
626 1907 2
626 1809 2
626 1655 2
626 1129 2
626 1817 -2
626 1670 -2
626 788 -2
626 755 2
627 1850 2
627 1068 -2
627 777 2
627 1216 -2
627 1618 2
627 1477 2
627 1266 -2
627 1877 2
627 826 2
628 979 2
628 982 2
628 1217 2
628 1075 2
628 976 2
628 1326 2
628 1939 2
628 1681 2
628 1218 2
628 1458 2
628 1456 -2
629 1384 -2
629 915 2
629 1893 2
629 759 2
629 1187 2
629 1908 -2
629 1741 -2
629 874 2
629 1373 -2
629 723 2
629 1043 2
629 1214 -2
629 1088 -2
629 1508 2
629 1055 2
629 1006 2
629 1144 2
629 825 -2
629 1941 2
629 1731 2
629 1683 2
629 1595 -2
630 1859 -2
630 1146 -2
630 1792 -2
630 1706 2
630 1188 -2
630 1904 2
630 653 -2
630 1503 -2
630 998 2
630 1615 -2
630 1289 -2
630 856 2
630 971 2
630 1349 -2
630 922 -2
631 1890 -2
631 1165 2
631 1085 2
631 1293 2
631 1565 2
631 960 -2
631 1440 2
631 1866 -2
631 1849 -2
631 1431 2
631 1062 -2
631 1773 2
631 1502 2
631 1120 2
631 1762 2
631 1637 -2
631 861 -2
631 1544 2
632 772 2
632 1972 2
632 1311 -2
632 1287 2
632 1466 -2
632 1180 2
632 1969 2
632 1558 2
632 1462 2
632 1284 2
632 725 2
632 857 2
632 1324 -2
632 865 2
632 1503 2
632 1151 -2
632 954 2
632 1014 -2
632 1938 -2
632 1674 -2
633 1720 -2
633 696 2
633 1584 2
633 1328 2
633 1645 2
633 1858 -2
633 737 2
633 1382 -2
633 1022 2
633 1122 2
633 1579 2
633 1517 -2
633 1406 2
634 1732 -2
634 1456 -2
634 1250 2
634 1288 -2
634 968 -2
634 1981 -2
634 1949 2
634 1014 -2
634 778 2
634 888 -2
634 1644 -2
634 727 -2
634 1430 -2
634 1636 2
634 1600 -2
634 1368 -2
635 1338 2
635 711 -2
635 1782 2
635 1706 2
635 1553 -2
635 1711 -2
635 750 2
635 920 -2
635 754 -2
635 1600 -2
635 1003 2
635 1057 -2
636 1863 2
636 812 -2
636 1646 2
636 1979 2
636 1260 -2
636 740 -2
636 1141 2
636 1714 -2
636 1876 -2
636 1675 -2
636 1851 -2
636 1855 2
636 1501 -2
636 1690 2
636 1613 -2
636 1435 2
636 744 -2
636 1175 2
637 1950 -2
637 1892 2
637 995 -2
637 1874 2
637 855 2
637 731 2
637 661 -2
637 1051 2
637 726 -2
637 727 -2
637 1093 2
637 1999 2
637 735 2
638 723 2
638 848 2
638 1623 -2
638 1059 2
638 1223 -2
638 1107 -2
638 1567 -2
638 776 -2
638 1901 2
638 724 -2
638 1138 -2
639 1410 -2
639 818 2
639 652 2
639 929 2
639 1501 -2
639 1152 2
639 1066 2
639 1365 2
639 1968 -2
639 1151 -2
639 1904 -2
640 1900 2
640 1154 2
640 674 2
640 1028 -2
640 1450 2
640 1918 2
640 1350 2
640 1756 -2
640 1784 -2
640 1393 -2
640 803 2
641 1172 2
641 1196 -2
641 1801 -2
641 1255 -2
641 946 2
641 1527 -2
641 1728 2
641 1294 2
641 1725 2
641 733 -2
641 1296 -2
641 701 -2
641 1774 -2
641 1036 -2
642 1656 2
642 1536 -2
642 1096 -2
642 1420 -2
642 910 -2
642 956 2
642 1718 -2
642 1415 2
642 1324 -2
642 1441 2
642 696 2
642 899 -2
642 1034 -2
643 1572 2
643 686 -2
643 1431 2
643 682 2
643 1528 2
643 1160 2
643 780 -2
643 1394 2
644 790 -2
644 1204 2
644 906 -2
644 1185 -2
644 1910 -2
644 1027 2
644 759 2
644 1837 2
644 1701 2
644 1568 2
644 1895 2
644 691 -2
644 1600 2
644 1308 2
644 1691 2
644 795 -2
644 985 2
645 1742 -2
645 844 2
645 1455 -2
645 1460 2
645 957 2
645 887 -2
645 775 -2
645 1505 2
645 1621 -2
645 1160 -2
645 1037 2
645 1626 2
645 1567 -2
645 683 2
645 1018 2
645 1513 2
646 1781 -2
646 846 -2
646 1481 2
646 1150 2
646 1291 -2
646 1326 -2
646 680 2
646 1033 2
646 775 -2
646 1173 2
646 1782 2
646 731 -2
646 1098 2
646 1561 -2
647 863 -2
647 1993 2
647 839 2
647 1827 2
647 1837 2
647 1943 -2
647 902 -2
647 1187 -2
647 1570 2
647 1606 -2
647 1610 2
647 1573 -2
647 1876 -2
647 1558 2
647 1862 2
647 1594 -2
648 855 2
648 809 2
648 1322 2
648 1227 2
648 1661 2
648 894 -2
648 1093 -2
648 897 -2
648 1065 2
648 1036 2
648 1257 -2
648 1027 -2
649 1953 -2
649 775 2
649 1027 -2
649 1993 2
649 1092 2
649 1721 2
649 899 2
649 1276 -2
649 1416 -2
649 1361 -2
649 1845 -2
649 1553 2
649 1322 -2
649 940 -2
650 1506 -2
650 1660 2
650 1514 -2
650 1071 2
650 948 2
650 830 -2
650 1107 -2
650 1798 2
650 1247 2
650 886 -2
650 1363 2
650 1883 -2
650 1867 2
650 995 -2
650 1950 -2
650 1644 2
650 1395 -2
650 1679 -2
651 1289 2
651 1325 -2
651 1882 2
651 835 2
651 1198 -2
651 966 2
651 759 2
651 1055 -2
651 959 2
651 1627 2
651 1952 -2
651 1324 2
652 1193 -2
652 751 2
652 1771 -2
652 1635 -2
652 835 -2
652 1384 2
652 1161 2
652 931 -2
652 1375 2
652 1662 -2
652 1726 2
652 1260 2
653 1331 2
653 1259 -2
653 709 2
653 1915 -2
653 1683 -2
653 1175 -2
653 1171 2
653 1152 -2
653 1072 -2
653 1733 -2
653 1200 -2
653 1944 -2
653 1164 2
654 1883 -2
654 1392 2
654 1290 2
654 951 -2
654 760 2
654 762 2
654 785 2
654 1917 -2
654 1841 -2
654 1352 2
654 1836 2
654 1068 -2
654 1656 -2
654 1911 2
654 1502 -2
655 1100 2
655 1252 -2
655 1109 -2
655 1440 2
655 1003 2
655 1103 -2
655 883 2
655 875 2
655 1081 2
655 1865 -2
656 1412 2
656 1426 2
656 1367 -2
656 1875 2
656 1214 2
656 1774 -2
656 1597 -2
656 943 2
656 1163 -2
656 1525 2
656 1711 -2
656 1119 2
657 1865 2
657 941 -2
657 1127 -2
657 1661 -2
657 1362 -2
657 1424 -2
657 913 2
657 1807 2
657 1629 -2
657 996 2
657 1187 -2
657 868 2
657 717 2
657 1602 -2
657 1944 2
657 1156 2
657 735 -2
657 1740 -2
657 1119 2
657 1329 2
658 1439 -2
658 1223 2
658 1628 2
658 705 -2
658 686 2
658 1162 2
658 1825 -2
658 1739 2
658 1829 2
658 1319 2
658 1278 -2
658 1921 2
658 1715 2
658 688 -2
658 1233 2
659 1667 -2
659 950 -2
659 1438 -2
659 1497 -2
659 1598 2
659 1851 2
659 1020 2
659 1171 2
659 1803 2
659 1089 -2
659 1864 2
660 734 2
660 1302 -2
660 1629 2
660 1065 2
660 1231 2
660 1670 2
660 1317 -2
660 1427 -2
660 1149 -2
660 1105 -2
660 816 2
660 1460 2
660 830 2
660 1320 -2
660 1973 2
661 832 2
661 1554 -2
661 1443 -2
661 692 -2
661 1586 -2
661 748 2
661 688 -2
661 1929 2
661 759 2
661 1993 -2
661 1413 2
661 1286 2
661 686 2
661 701 -2
662 968 2
662 727 2
662 1995 -2
662 1309 2
662 1304 2
662 1110 2
662 703 2
662 1823 2
662 1293 -2
662 987 2
662 706 2
662 1435 2
662 1598 -2
662 984 2
662 1425 -2
663 1200 -2
663 1916 -2
663 1997 2
663 1139 2
663 951 -2
663 1995 2
663 1834 -2
664 1017 -2
664 1513 2
664 1905 2
664 1451 -2
664 1859 -2
664 1783 -2
664 732 2
664 1248 2
664 1607 -2
664 1349 -2
664 1824 -2
664 1753 2
664 1337 2
664 1185 -2
664 718 2
664 1454 2
664 1585 2
664 1212 -2
664 1887 -2
664 1024 2
665 1757 2
665 1237 2
665 1782 -2
665 707 2
665 1546 2
665 920 -2
665 1214 2
665 1953 2
665 1461 2
665 1842 -2
665 1956 -2
665 1401 -2
665 1937 2
665 1850 2
666 867 -2
666 1789 2
666 1399 2
666 1879 -2
666 804 -2
666 1816 -2
666 1338 -2
666 1400 -2
666 1002 2
666 1919 2
667 1020 -2
667 1955 -2
667 1974 -2
667 1350 2
667 1990 -2
667 691 -2
667 1375 2
667 1452 2
667 1209 2
667 1080 -2
668 1742 2
668 1631 2
668 1731 2
668 1746 2
668 1858 -2
668 1404 2
668 1501 2
668 1522 2
668 1285 2
668 1309 -2
669 1619 -2
669 1548 -2
669 1791 -2
669 1514 -2
669 1015 2
669 1250 -2
669 744 2
669 720 2
669 1729 -2
669 1778 -2
669 1719 -2
669 746 -2
669 1640 2
669 1477 2
669 969 2
669 1446 2
670 1684 -2
670 1281 -2
670 724 -2
670 935 2
670 706 2
670 1862 -2
670 1671 -2
670 1368 -2
670 765 -2
670 1994 -2
670 1565 2
670 1992 2
670 1808 2
670 1899 2
670 1727 -2
670 855 -2
670 943 -2
670 1586 -2
670 816 2
671 685 2
671 1892 -2
671 832 2
671 1232 -2
671 1439 -2
671 1566 -2
671 1794 -2
671 1750 2
671 890 -2
671 1020 2
671 1637 2
671 942 -2
671 984 2
671 1326 -2
672 1651 2
672 953 2
672 1091 -2
672 1213 -2
672 1869 -2
672 1998 2
672 841 2
672 797 -2
672 1386 -2
672 1963 -2
673 932 2
673 1375 -2
673 1956 2
673 1146 2
673 1070 -2
673 1773 -2
673 1567 2
673 1242 -2
673 843 2
673 1452 2
673 1090 -2
674 1250 2
674 1945 -2
674 1466 2
674 1188 2
674 1845 -2
674 1804 2
674 1921 2
674 1860 2
674 1284 2
674 1031 2
674 1591 -2
674 1676 -2
674 1230 -2
674 1170 -2
674 879 -2
674 1324 -2
674 1442 -2
674 769 -2
674 707 -2
675 1256 2
675 1878 -2
675 1185 -2
675 1844 2
675 777 -2
675 1166 -2
675 1542 -2
675 1028 -2
675 1651 -2
675 1708 2
675 1987 2
675 1294 2
675 1090 2
676 1726 2
676 1498 2
676 1015 2
676 1292 2
676 1898 -2
676 841 -2
676 826 2
676 1345 2
676 1264 -2
676 699 2
676 988 2
677 1876 -2
677 800 2
677 1448 -2
677 1752 -2
677 1359 -2
677 1499 -2
677 1554 -2
677 887 -2
677 1907 2
677 969 2
677 1187 -2
677 1883 -2
677 1679 2
678 1915 -2
678 739 2
678 1553 -2
678 1541 -2
678 1899 -2
678 1436 -2
678 1993 2
678 1027 -2
678 1277 2
678 1636 2
678 1868 2
678 1020 -2
678 1168 -2
679 944 -2
679 873 2
679 1799 2
679 782 -2
679 726 -2
679 1817 2
679 1774 2
679 1649 2
679 1770 2
679 1881 2
679 1425 2
679 906 2
679 1592 2
679 1530 2
679 1005 -2
679 791 -2
679 854 2
679 1895 -2
680 1976 2
680 1614 -2
680 1611 2
680 1955 -2
680 1851 2
680 1078 2
680 1376 2
680 713 -2
680 1680 -2
680 686 2
680 973 2
681 1045 -2
681 1217 2
681 1878 2
681 1378 -2
681 1485 2
681 1647 2
681 1790 2
681 1455 2
681 1017 2
681 741 2
681 1601 2
681 860 -2
681 1839 2
682 1802 -2
682 1512 2
682 1940 -2
682 1191 2
682 1843 2
682 771 2
682 1419 -2
682 1544 2
682 1612 -2
682 1589 -2
682 1102 -2
682 1340 -2
682 1574 -2
682 954 2
683 818 -2
683 1427 2
683 1225 2
683 1267 2
683 1362 -2
683 1736 2
683 1032 -2
683 743 2
683 1732 2
683 1860 -2
683 1116 -2
683 1369 2
683 946 2
683 1044 -2
683 966 -2
683 1309 -2
683 976 -2
683 1386 -2
683 1946 -2
683 1384 -2
684 1358 2
684 948 -2
684 1910 2
684 727 2
684 688 -2
684 1747 -2
684 807 -2
684 1157 2
684 1838 2
684 950 -2
684 1176 2
684 1366 -2
684 1842 -2
684 1172 2
684 1446 2
685 959 -2
685 1654 -2
685 1220 -2
685 1568 -2
685 1998 2
685 1058 -2
685 1640 2
685 1123 -2
685 1895 2
685 1896 2
686 747 2
686 1358 -2
686 733 -2
686 1346 -2
686 1074 -2
686 1738 2
686 875 -2
686 1370 2
686 1040 2
686 983 -2
686 1535 -2
686 1775 2
686 1812 -2
686 1037 -2
686 995 -2
686 1318 2
686 1681 -2
686 1978 2
687 1068 -2
687 799 2
687 1672 -2
687 1926 2
687 1632 -2
687 1700 -2
687 1836 2
687 1910 -2
687 1871 -2
687 1665 2
687 1575 2
688 1814 -2
688 1963 -2
688 756 2
688 725 2
688 1334 2
688 938 -2
688 752 -2
689 1854 2
689 1415 -2
689 853 -2
689 827 -2
689 1700 -2
689 1470 -2
689 736 2
689 924 2
689 1704 -2
689 773 -2
689 1672 2
689 704 -2
689 940 2
689 735 -2
689 1084 -2
690 831 2
690 954 2
690 1306 -2
690 1692 2
690 1949 2
690 1476 -2
690 1997 -2
690 854 -2
690 1655 -2
690 1970 2
690 1153 2
690 1264 2
690 1758 -2
691 937 2
691 1808 -2
691 1182 2
691 1547 -2
691 693 2
691 1580 -2
691 737 -2
691 1443 -2
691 1793 2
691 1657 -2
691 810 2
691 1198 2
691 1685 2
691 760 -2
692 1594 -2
692 1454 2
692 1478 -2
692 1721 2
692 1516 -2
692 1987 2
692 1307 -2
692 873 2
692 1491 2
692 978 2
692 1793 2
692 1776 2
692 1195 2
692 1642 -2
692 1318 2
693 1841 -2
693 719 2
693 733 -2
693 1205 -2
693 1356 -2
693 1362 -2
693 1939 2
693 1234 -2
693 859 -2
693 1661 -2
694 1140 -2
694 918 -2
694 1031 2
694 939 2
694 714 -2
694 1788 -2
694 1687 2
694 1281 -2
694 1920 -2
694 1227 -2
694 1663 2
694 1900 2
694 1773 2
695 1407 2
695 1636 -2
695 1154 2
695 1618 -2
695 1242 -2
695 1257 2
695 1580 2
695 710 2
695 1549 2
695 1368 2
695 1934 2
696 1824 -2
696 1073 -2
696 1496 -2
696 1623 -2
696 1287 2
696 868 -2
696 1273 -2
696 1437 -2
696 1732 -2
696 1514 2
696 1818 -2
696 1763 -2
696 1740 -2
697 726 -2
697 1385 -2
697 1355 2
697 914 -2
697 1400 -2
697 801 2
697 1412 2
697 792 2
697 1191 2
697 864 2
697 1659 2
697 1027 2
697 1393 -2
697 1488 2
697 1011 2
697 1260 -2
697 1617 -2
697 1525 -2
698 1759 2
698 1664 -2
698 1085 -2
698 1267 -2
698 1193 2
698 1447 -2
698 1151 2
698 1926 2
698 1561 -2
698 1074 2
698 1008 2
698 1814 -2
698 1978 2
698 1366 -2
698 1630 2
698 1839 -2
699 1010 2
699 1601 2
699 1128 -2
699 1172 2
699 711 -2
699 1933 2
699 1276 2
699 1618 2
699 958 -2
699 1363 2
699 1187 2
699 865 -2
699 1459 -2
699 1472 2
699 1410 2
699 1981 2
700 1502 -2
700 860 2
700 1710 -2
700 762 -2
700 1841 -2
700 1483 2
700 1785 2
700 1196 2
700 1421 -2
700 1667 2
700 1419 2
700 1580 -2
700 1150 2
700 1538 -2
700 1977 -2
700 1811 -2
700 1780 -2
700 721 2
700 1019 2
701 1878 -2
701 984 2
701 1470 2
701 1669 2
701 1109 2
701 1770 -2
701 1343 -2
701 1326 -2
701 1282 -2
701 885 -2
701 1438 2
701 831 2
701 1464 -2
702 1696 -2
702 1702 2
702 1738 -2
702 1714 2
702 971 -2
702 1318 2
702 1210 2
702 1935 2
702 1939 2
702 1771 2
702 1132 -2
702 775 2
702 1753 2
702 731 2
702 1418 -2
702 1540 -2
702 1646 -2
702 1835 -2
703 971 -2
703 1737 -2
703 1571 2
703 1977 2
703 717 -2
703 1528 2
703 1504 -2
703 798 -2
703 1913 -2
703 1631 2
703 1457 2
703 872 2
703 1429 2
703 1847 2
703 1933 -2
704 1992 2
704 888 2
704 741 -2
704 1773 -2
704 1691 -2
704 809 2
704 1282 -2
704 1265 2
704 1249 2
704 1805 -2
704 819 -2
705 1332 -2
705 1953 -2
705 1813 2
705 1005 2
705 1513 2
705 1287 -2
705 1188 -2
705 1169 2
705 1225 -2
705 838 -2
705 899 -2
705 778 2
705 1581 2
706 1390 -2
706 1038 2
706 710 2
706 1717 -2
706 1909 -2
706 1472 2
706 909 -2
706 1128 -2
706 1020 -2
706 963 -2
706 1850 -2
706 806 -2
706 1275 2
706 1054 -2
706 848 -2
706 1614 -2
706 1795 -2
706 1375 2
706 1281 -2
707 1622 2
707 1235 2
707 1619 -2
707 1733 2
707 1636 -2
707 1808 -2
707 782 2
707 968 -2
707 1958 2
707 1403 -2
707 1853 -2
707 1994 2
707 1708 2
707 1642 2
707 1029 -2
707 753 2
707 1652 2
708 1228 2
708 922 -2
708 1856 -2
708 1378 -2
708 1205 -2
708 732 2
708 1110 2
708 770 -2
708 1945 2
708 1005 2
708 1372 2
708 1338 -2
708 1902 -2
708 1109 -2
708 1061 2
708 1892 -2
708 1124 2
708 899 2
709 1225 2
709 1633 -2
709 1934 -2
709 944 -2
709 1797 2
709 1048 2
709 804 -2
709 1660 -2
709 1263 2
709 1619 2
709 1813 -2
710 1242 2
710 1595 -2
710 1904 -2
710 818 2
710 1556 -2
710 1521 -2
710 1177 -2
710 1410 -2
710 809 2
710 1464 -2
710 1490 -2
711 1113 2
711 1044 -2
711 1066 -2
711 985 2
711 1218 2
711 820 -2
711 1386 -2
711 1887 2
712 781 -2
712 1085 -2
712 1036 2
712 1449 -2
712 1247 -2
712 1988 2
712 1235 -2
712 1690 2
712 899 2
712 1646 -2
712 715 -2
712 1062 -2
712 725 2
713 1874 2
713 1182 2
713 1124 2
713 1472 2
713 726 2
713 1645 -2
713 1388 2
713 1696 -2
713 1409 -2
713 1840 2
713 1608 2
713 1447 -2
713 807 2
713 1131 -2
713 1000 2
713 1589 -2
713 1262 -2
713 1475 2
714 1754 -2
714 1620 2
714 1065 -2
714 1971 -2
714 819 -2
714 847 -2
714 763 -2
714 745 2
715 1333 2
715 1639 2
715 1060 -2
715 1117 -2
715 1053 -2
715 1264 -2
715 1397 2
715 1311 -2
715 1288 -2
715 807 2
715 1994 -2
715 1365 -2
716 763 -2
716 1231 -2
716 1897 2
716 920 2
716 1330 -2
716 1929 2
716 1535 -2
716 1033 -2
716 1481 -2
716 1283 2
716 829 -2
716 967 2
717 1630 -2
717 1216 2
717 1633 -2
717 1553 -2
717 1501 -2
717 1117 2
717 1452 2
717 812 -2
717 1720 2
717 1414 2
717 1583 -2
718 1844 2
718 1188 2
718 1990 -2
718 1027 2
718 800 -2
718 1426 -2
718 1354 2
718 747 2
718 1319 -2
718 1493 -2
718 1227 -2
718 770 -2
718 1716 -2
718 1524 2
718 1318 2
719 1597 -2
719 1600 -2
719 1746 -2
719 1200 2
719 1238 -2
719 1309 2
719 1266 2
719 816 -2
719 889 -2
719 981 -2
720 1570 2
720 1512 2
720 1740 2
720 1633 -2
720 1115 -2
720 933 -2
720 1820 2
720 1211 2
720 1872 2
720 857 -2
721 1470 2
721 1046 2
721 1051 -2
721 1911 2
721 1603 -2
721 1881 -2
721 1031 -2
721 1008 2
721 893 2
722 983 -2
722 1359 -2
722 1151 -2
722 1110 -2
722 934 -2
722 1906 2
722 1795 -2
722 1982 2
722 942 -2
722 1885 2
722 1412 -2
723 1686 2
723 1557 2
723 1201 2
723 832 2
723 1324 -2
723 1920 2
723 798 2
723 1307 2
723 1190 -2
723 1737 -2
723 1012 2
723 1308 2
723 1360 -2
723 1965 -2
723 1339 2
723 1081 -2
723 1169 -2
723 1342 2
723 1304 -2
724 1793 -2
724 745 2
724 832 2
724 1898 -2
724 1683 -2
724 1579 -2
724 788 2
724 953 2
724 787 2
724 728 2
724 790 2
724 1123 -2
725 1136 -2
725 852 2
725 743 2
725 1434 -2
725 1242 2
725 1518 -2
725 1040 2
725 1852 2
725 805 2
725 1372 2
725 1298 2
725 1468 2
725 1182 -2
725 1249 -2
726 1429 -2
726 1524 -2
726 1722 -2
726 1846 -2
726 1621 -2
726 792 -2
726 1289 -2
726 1193 2
726 1059 2
726 1869 -2
727 1243 2
727 1478 -2
727 1529 -2
727 1043 -2
727 1067 -2
727 1059 2
727 1327 2
727 1742 -2
727 1961 2
728 1573 2
728 1966 2
728 1873 -2
728 1447 2
728 1433 -2
728 1656 -2
728 1416 -2
728 1619 -2
728 1862 2
728 926 -2
728 1061 2
728 1513 -2
729 1107 -2
729 1636 2
729 1172 2
729 1340 2
729 1814 2
729 1283 2
729 1162 -2
729 1296 2
729 1232 -2
729 1226 -2
730 837 2
730 1810 -2
730 842 -2
730 950 2
730 860 -2
730 901 -2
730 1021 -2
730 1607 2
730 1262 2
730 863 2
730 1354 -2
730 1684 -2
730 1975 2
730 1270 2
730 1907 2
730 929 2
730 848 2
730 832 2
730 1602 -2
730 1700 -2
730 1320 2
730 1075 -2
730 1964 2
730 735 -2
731 1499 2
731 1537 2
731 1716 2
731 1244 2
731 796 2
731 1681 -2
731 1381 2
731 1165 -2
731 1866 -2
731 1845 -2
732 1692 2
732 834 2
732 1502 2
732 1492 2
732 1768 2
732 1397 2
732 811 2
732 1183 2
732 1391 2
732 1884 2
732 1481 -2
732 1449 2
733 1586 -2
733 1022 -2
733 1841 2
733 1295 2
733 1629 -2
733 1513 2
733 1814 2
733 1457 -2
733 1344 2
733 845 2
733 914 -2
733 1461 -2
733 1905 -2
733 1730 -2
734 1076 -2
734 1955 2
734 1494 -2
734 1888 2
734 1951 2
734 1865 -2
734 1728 2
734 1280 -2
734 1653 -2
735 1852 2
735 1011 2
735 1382 2
735 1450 -2
735 1537 -2
736 1606 2
736 1721 2
736 1411 -2
736 1195 -2
736 1300 2
736 1462 -2
736 835 -2
736 1926 -2
736 1654 2
736 1748 -2
736 1209 -2
736 1460 2
736 1920 2
736 1381 -2
736 1850 -2
737 1992 -2
737 1741 2
737 1523 2
737 1231 2
737 1612 -2
737 957 -2
737 1005 -2
737 846 2
737 1754 2
737 762 -2
737 1663 -2
737 866 -2
737 1224 -2
738 1149 -2
738 1923 -2
738 1435 -2
738 1308 -2
738 1200 -2
738 1085 -2
738 819 -2
738 789 -2
738 1967 -2
738 1864 2
738 1215 -2
739 759 -2
739 771 2
739 1032 -2
739 798 2
739 744 -2
739 1946 2
739 1319 2
739 1818 -2
739 949 -2
739 1034 2
739 1765 -2
740 1456 2
740 754 -2
740 1327 -2
740 1661 2
740 1880 2
740 1738 -2
741 1673 2
741 1707 2
741 1316 -2
741 1534 2
741 1339 2
741 1497 2
741 1724 -2
741 791 -2
741 1036 2
741 756 -2
741 1511 -2
741 1164 -2
741 1189 -2
741 1751 -2
742 1037 -2
742 1247 2
742 757 2
742 984 -2
742 1065 -2
742 1998 2
742 939 2
742 1986 2
742 1916 2
742 1408 -2
742 1957 2
742 1271 2
743 1469 -2
743 921 -2
743 1775 -2
743 1399 -2
743 903 -2
743 1377 2
743 1934 2
743 1040 -2
743 1173 2
743 1426 2
744 1837 -2
744 1077 -2
744 1479 -2
744 1958 -2
744 839 -2
744 1219 2
744 1877 -2
744 1580 -2
744 1398 2
744 1886 -2
744 1249 -2
745 1118 -2
745 1761 2
745 889 2
745 1773 -2
745 1041 -2
745 1038 -2
745 949 -2
745 1519 -2
745 1313 2
745 1158 2
745 1273 -2
745 1439 2
745 1364 2
746 1228 2
746 1990 -2
746 1353 -2
746 782 2
746 1858 -2
747 1001 -2
747 1714 -2
747 1782 2
747 1377 -2
747 1563 -2
747 1070 -2
747 1797 2
747 1628 2
747 788 -2
748 1926 -2
748 1491 -2
748 1964 2
748 985 2
748 1245 2
748 1806 -2
748 924 -2
748 1871 -2
748 1629 2
748 1116 2
749 1327 2
749 1748 -2
749 1864 2
749 880 2
749 832 -2
749 1827 -2
749 1668 -2
750 1682 2
750 1677 -2
750 1358 2
750 1365 -2
750 1470 -2
750 1101 -2
750 1835 2
750 1707 2
750 1637 2
751 896 -2
751 794 -2
751 1913 2
751 1787 2
751 1796 2
751 1428 -2
751 1526 2
751 819 2
751 1414 2
751 1761 -2
751 1064 -2
751 1467 -2
751 981 -2
751 1450 2
751 1656 2
752 1628 2
752 1174 -2
752 1478 2
752 1526 -2
752 1668 -2
752 1916 2
752 1539 2
752 1333 2
752 1269 -2
753 1266 -2
753 1879 -2
753 1624 2
753 1968 -2
753 1458 -2
753 1550 -2
753 1264 2
753 1672 -2
753 1545 2
753 1574 2
753 1857 2
753 1592 -2
753 1584 2
754 1003 -2
754 1595 2
754 1566 2
754 1715 2
754 1817 2
754 957 2
754 1303 -2
754 1345 -2
754 1983 -2
754 884 2
755 901 -2
755 1826 2
755 1904 2
755 1814 -2
755 1069 2
755 1044 -2
755 873 2
755 1765 2
755 1426 2
755 1882 -2
755 1869 -2
755 1195 2
755 1970 -2
755 1506 2
755 1245 2
755 821 -2
755 857 -2
755 1112 2
755 1874 -2
755 797 -2
755 1017 -2
756 1045 -2
756 1494 -2
756 914 -2
756 896 -2
756 949 -2
756 1110 2
756 1536 -2
756 1564 2
756 1228 2
756 1935 -2
756 1727 -2
756 1898 2
756 862 -2
756 1112 2
756 1614 -2
756 1273 2
756 1678 2
757 1814 -2
757 1745 2
757 949 -2
757 1956 -2
757 1060 2
757 824 2
757 794 -2
757 1057 -2
757 1725 2
757 1297 -2
757 1029 2
757 1169 -2
758 1268 2
758 1762 2
758 780 -2
758 997 2
758 1984 -2
758 1386 2
758 1772 -2
758 1602 2
758 1434 -2
758 1882 -2
758 1980 2
758 1284 -2
758 1360 2
758 1547 2
758 947 2
759 978 2
759 917 -2
759 1146 2
759 1144 2
759 1711 -2
759 831 -2
759 1883 2
759 1287 -2
759 1344 2
759 1790 -2
759 1176 2
759 1028 -2
759 1332 2
759 1112 2
759 1386 2
759 1057 2
759 1857 -2
759 1888 -2
759 1615 2
759 1538 2
760 1307 2
760 1852 -2
760 1226 -2
760 1823 2
760 1484 2
760 1524 2
760 1157 2
760 1698 -2
760 1471 2
760 1821 -2
760 1209 2
761 1480 -2
761 1749 -2
761 1004 -2
761 1966 2
761 1524 -2
761 1780 -2
761 1823 2
761 1920 2
761 1649 -2
761 1135 -2
761 899 -2
761 1737 -2
761 856 2
762 1051 2
762 1431 2
762 1183 2
762 1734 -2
762 1597 2
762 1149 2
762 1087 2
762 1058 2
762 824 -2
762 1995 2
762 1637 2
763 1820 -2
763 1464 2
763 1826 2
763 1742 2
763 1238 -2
763 1440 2
764 1904 2
764 1950 -2
764 1556 -2
764 1503 2
764 1850 2
764 1346 -2
764 830 -2
765 1449 2
765 1253 -2
765 985 2
765 785 2
765 1591 2
765 1961 2
765 803 -2
765 1581 2
765 779 2
765 1999 -2
765 1772 -2
765 1641 2
765 838 2
765 874 -2
765 1631 -2
765 1557 -2
765 1818 -2
765 1171 -2
766 1197 -2
766 1034 2
766 1166 -2
766 1151 2
766 995 -2
766 1125 2
766 1808 2
766 994 2
766 1292 -2
766 1632 2
767 1608 -2
767 1411 -2
767 1406 2
767 836 2
767 1858 -2
767 1376 -2
767 1223 2
767 1128 -2
767 1563 -2
767 1404 -2
767 1701 2
768 1090 -2
768 1963 -2
768 1427 2
768 1087 -2
768 1040 2
768 967 -2
768 1661 -2
768 796 -2
768 1645 2
768 1041 -2
769 1474 -2
769 1385 -2
769 1859 2
769 1263 -2
769 816 -2
769 888 -2
769 1345 -2
769 1895 2
769 1258 2
770 953 2
770 1500 2
770 1433 2
770 1639 2
770 1396 -2
770 1548 -2
770 1144 2
770 1595 -2
770 1061 -2
770 946 -2
770 1898 2
770 1868 2
770 1194 -2
770 1663 2
771 1498 -2
771 867 -2
771 1369 -2
771 1189 2
771 1901 2
771 1119 -2
771 1523 -2
771 1867 2
771 1663 2
771 1997 2
771 998 -2
771 843 2
771 850 -2
771 1343 -2
771 1031 -2
771 1066 -2
771 1620 2
772 1392 2
772 1976 2
772 1385 2
772 1133 -2
772 1372 -2
772 1400 -2
772 1002 2
772 1562 -2
772 1014 -2
772 1199 2
772 906 2
772 1040 -2
772 835 -2
773 1830 2
773 840 -2
773 1573 -2
773 1096 2
773 1766 2
773 1183 2
773 1564 -2
773 1634 2
773 1954 2
773 1975 -2
773 1905 2
773 1014 -2
773 1344 2
773 1324 2
773 1912 -2
773 1127 2
773 1118 -2
773 776 2
774 911 2
774 1806 -2
774 970 -2
774 1094 2
774 1826 -2
774 1519 -2
774 1390 -2
774 1282 -2
774 1415 2
774 1587 -2
774 1343 2
775 1754 2
775 1491 -2
775 895 -2
775 1501 2
775 1656 2
775 1222 -2
775 987 -2
775 1044 2
775 776 -2
775 946 2
775 1560 -2
775 1750 2
775 1122 2
775 1263 2
775 1944 2
776 1391 -2
776 1736 -2
776 1668 2
776 1542 -2
776 1610 2
776 1083 -2
776 1907 2
777 935 -2
777 1152 -2
777 1731 -2
777 1248 -2
777 1805 -2
777 1464 -2
777 1825 -2
777 1131 2
777 781 -2
777 817 -2
777 1777 -2
777 1293 2
777 980 -2
778 1481 2
778 1389 -2
778 787 -2
778 922 -2
778 1768 2
778 938 -2
778 827 2
778 1099 -2
778 1723 -2
778 1501 -2
778 1922 2
778 1631 2
778 979 2
778 779 -2
778 1776 -2
778 1003 -2
778 1303 2
779 861 -2
779 1479 2
779 1884 -2
779 1324 -2
779 1792 -2
779 1659 -2
779 1770 2
779 1593 -2
779 1752 2
779 1704 2
779 1368 -2
779 1461 -2
779 1526 -2
779 899 2
779 1079 2
779 1331 2
780 1688 2
780 1641 -2
780 1771 2
780 1289 2
780 1643 -2
780 1872 2
780 1921 -2
780 1019 2
780 1255 2
780 1550 2
780 853 2
780 1456 2
780 1660 -2
781 1453 -2
781 797 -2
781 1879 2
781 1734 2
781 1211 2
781 1155 2
781 933 -2
781 1182 2
781 969 2
781 1215 -2
781 1437 -2
781 1924 -2
781 937 2
782 1621 2
782 1407 2
782 842 2
782 1913 2
782 1729 2
782 850 2
782 1105 -2
782 1955 2
782 1710 2
783 1064 2
783 1971 -2
783 1982 -2
783 1544 -2
783 922 2
783 1978 -2
783 1759 2
783 1918 -2
783 1993 2
783 1736 -2
783 1625 -2
784 1364 2
784 1654 2
784 1953 -2
784 1378 2
784 1010 -2
784 1483 2
784 1967 2
784 1829 2
784 918 -2
784 1846 -2
784 1686 2
784 1592 -2
784 1299 -2
784 1565 -2
785 1366 2
785 1773 -2
785 1291 2
785 841 2
785 1549 2
785 1943 2
785 1787 -2
785 1593 2
785 1775 -2
785 1126 2
785 1725 2
786 1953 -2
786 1161 2
786 1549 2
786 1365 -2
786 1077 2
786 1097 -2
786 1870 -2
787 1905 2
787 1883 2
787 1842 2
787 1769 2
787 1511 2
787 874 -2
787 1316 -2
787 1201 -2
787 1657 -2
787 1744 -2
787 1431 -2
787 885 -2
787 984 2
787 1619 2
787 1157 -2
787 1954 2
787 1072 2
788 849 2
788 1207 -2
788 1949 2
788 1449 -2
788 1326 -2
788 1632 2
788 1274 2
788 836 2
788 1937 -2
788 1092 -2
788 853 2
788 1357 -2
788 1721 2
788 1712 -2
789 1368 -2
789 1961 2
789 1449 2
789 1916 2
789 1630 -2
789 1013 2
790 1769 -2
790 1126 -2
790 1983 2
790 1549 -2
790 1397 2
790 983 2
790 810 2
790 954 2
790 878 -2
790 1559 2
790 1966 -2
790 1617 -2
790 831 -2
790 944 2
790 848 2
790 877 2
791 1722 -2
791 1762 2
791 1918 -2
791 1062 2
791 1354 -2
791 838 2
791 1217 -2
791 1544 2
791 1926 2
791 1662 -2
791 1198 -2
791 1656 2
791 820 -2
791 1301 -2
791 1892 2
791 1230 -2
791 1495 -2
791 1149 2
791 1223 2
792 1467 2
792 1024 2
792 1450 -2
792 1715 2
792 1099 -2
792 1935 2
792 1594 -2
792 1345 -2
792 1545 -2
792 1032 -2
792 1527 -2
793 1340 2
793 1377 -2
793 858 -2
793 1598 2
793 885 -2
793 1927 2
793 1470 2
793 1603 -2
793 1153 2
793 1473 2
794 1544 -2
794 1190 -2
794 872 -2
794 1556 -2
794 1592 2
794 1092 2
794 1251 2
794 904 -2
794 965 -2
794 1930 2
794 848 2
794 1003 -2
794 1443 -2
794 1559 2
794 1812 2
794 1994 2
794 1869 -2
795 1758 2
795 1086 2
795 1115 -2
795 1773 -2
795 1762 -2
795 1691 -2
795 829 2
795 1729 -2
795 1526 2
796 1156 -2
796 1200 2
796 1872 -2
796 1511 -2
796 1600 -2
796 1056 2
796 1690 -2
796 1087 -2
796 1862 2
796 1019 -2
796 856 -2
796 1577 2
796 877 -2
796 1763 -2
797 1353 -2
797 1780 -2
797 1207 2
797 1377 -2
797 1030 -2
797 1180 -2
797 1348 -2
797 1361 -2
797 1508 -2
797 921 2
797 848 2
797 1588 2
797 1806 2
797 1898 2
797 1197 -2
798 1217 2
798 1063 2
798 1359 2
798 1956 -2
798 1147 2
798 1421 -2
798 1204 -2
798 1834 -2
798 817 2
798 1702 -2
798 1766 -2
798 1493 2
798 1785 -2
798 1629 -2
798 1081 2
799 803 -2
799 924 -2
799 1468 2
799 1689 2
799 1138 -2
799 1704 -2
799 1873 2
799 1491 -2
799 1414 2
799 1776 2
799 1872 2
799 810 2
799 1921 -2
799 1456 -2
799 1159 2
799 1662 2
799 1450 2
800 1284 2
800 1389 2
800 1970 -2
800 1869 -2
800 1797 -2
800 1501 -2
800 1761 2
800 1086 2
800 847 -2
801 1047 2
801 1933 -2
801 1585 -2
801 1071 2
801 1790 2
801 890 -2
801 1319 -2
801 1264 2
801 1019 2
801 1879 2
801 1224 2
801 1739 -2
801 856 2
802 1375 2
802 1565 -2
802 1978 2
802 1275 2
802 922 2
802 1032 -2
802 1389 -2
802 981 2
802 1789 2
802 1320 2
802 814 -2
803 1216 2
803 1605 2
803 877 -2
803 1072 2
803 825 2
803 1750 -2
803 1400 -2
803 1998 2
803 1623 -2
803 1863 -2
803 1974 -2
803 872 2
803 1465 -2
804 1662 2
804 884 2
804 1780 -2
804 1323 -2
804 890 2
804 1638 2
805 850 -2
805 1049 2
805 1010 2
805 1540 2
805 1013 2
805 933 2
805 896 2
805 1279 2
805 1835 2
805 1533 2
805 943 2
805 1965 2
805 1495 -2
806 859 2
806 1285 -2
806 1256 -2
806 1617 2
806 1713 2
806 1674 -2
806 1185 2
806 866 2
806 1296 2
806 1827 -2
806 827 -2
806 1032 2
806 1880 -2
806 1242 -2
807 979 -2
807 1789 -2
807 1817 2
807 1527 2
807 1522 2
807 1834 2
807 1099 -2
807 1543 -2
808 813 2
808 1340 2
808 943 2
808 1843 -2
808 1492 2
808 1320 -2
808 1733 2
808 916 -2
808 1283 -2
808 1258 -2
808 1187 -2
808 1049 2
808 1756 -2
808 1361 -2
809 1818 2
809 1956 -2
809 1806 2
809 1871 2
809 1300 -2
809 895 2
809 1569 2
809 1928 -2
809 871 -2
809 1551 2
809 1723 2
809 966 -2
809 1124 2
809 1100 -2
810 1684 -2
810 1256 -2
810 1780 -2
810 1282 2
810 1278 -2
810 841 2
810 1687 2
810 1552 -2
810 1495 -2
810 1953 2
810 846 2
810 995 2
810 1111 -2
810 982 2
810 911 2
810 1733 2
810 1426 -2
810 1945 2
811 1871 2
811 1830 -2
811 1633 -2
811 1625 2
811 835 -2
811 1303 2
811 1368 2
811 1484 2
811 1772 2
812 1678 -2
812 1219 -2
812 1391 -2
812 1338 2
812 1863 -2
812 1946 2
812 1468 -2
812 1233 2
812 1915 -2
812 1543 2
812 1634 -2
812 961 2
812 1323 2
812 1852 2
812 1230 2
813 1961 2
813 1539 -2
813 1195 -2
813 880 -2
813 1929 2
813 1524 -2
813 1630 -2
813 1156 2
813 1980 2
813 1982 -2
813 1265 -2
813 1127 2
814 1049 2
814 1819 -2
814 1009 2
814 1429 -2
814 1543 -2
814 1400 -2
814 891 -2
814 1126 -2
814 1589 -2
814 1759 2
814 855 2
814 1230 2
814 1200 2
814 978 -2
814 1021 -2
814 1517 -2
814 1287 -2
814 1730 -2
814 1402 2
815 1642 2
815 1396 -2
815 950 2
815 1078 -2
815 1021 -2
815 1696 2
815 1609 -2
815 1480 2
815 1690 -2
816 1424 2
816 1227 -2
816 965 2
816 1311 2
816 1129 -2
816 1888 2
816 1918 -2
816 1630 -2
816 1526 -2
816 1969 -2
816 1009 2
816 1451 2
816 1584 2
816 1862 -2
816 943 -2
817 1969 -2
817 1337 -2
817 1447 2
817 848 2
817 991 -2
817 1009 -2
817 1114 2
817 1365 2
817 1566 2
818 1436 -2
818 1834 2
818 1085 2
818 1234 -2
818 954 -2
818 1274 2
818 1394 2
819 911 2
819 1026 -2
819 1080 -2
819 1360 -2
819 1667 -2
819 1333 2
819 1170 2
819 1723 2
819 1747 2
820 1404 -2
820 889 2
820 1894 2
820 1431 -2
820 1522 2
820 1912 -2
820 1179 -2
820 1930 -2
820 1222 -2
820 1425 2
820 1763 -2
820 1555 2
820 966 -2
820 1475 -2
820 873 2
820 1812 2
821 1893 -2
821 1017 -2
821 1833 -2
821 1953 -2
821 1635 -2
821 898 -2
821 1461 -2
821 1499 -2
821 1612 -2
822 1654 2
822 1593 2
822 1684 -2
822 931 2
822 1047 2
822 1403 2
822 1764 -2
822 1457 2
822 1731 2
822 1472 -2
823 1908 -2
823 1093 -2
823 1708 2
823 906 2
823 1650 -2
823 1198 -2
823 1506 2
823 1984 -2
823 1016 -2
823 1760 -2
824 1788 2
824 1355 -2
824 1176 2
824 891 2
824 1237 -2
824 1048 -2
824 1984 -2
824 1165 -2
824 1698 -2
824 1572 2
825 1399 -2
825 1805 -2
825 932 -2
825 1629 2
825 1010 2
825 1307 -2
825 1132 -2
826 1599 -2
826 1593 -2
826 1939 2
826 1048 -2
826 1664 -2
826 1365 -2
826 975 2
826 1709 -2
826 1258 2
826 1984 2
827 1521 2
827 1250 -2
827 1750 -2
827 1022 2
827 1080 2
827 1386 2
827 1740 -2
827 1283 -2
828 1207 2
828 1047 2
828 1061 2
828 1721 -2
828 984 -2
828 1064 -2
828 1673 -2
828 1994 -2
828 1485 -2
828 1043 -2
828 1263 2
829 871 -2
829 1939 -2
829 1982 2
829 1034 -2
829 965 2
829 1886 -2
829 1399 -2
829 1185 -2
830 1318 -2
830 1077 -2
830 1074 2
830 1730 -2
830 1515 2
830 831 -2
830 1267 -2
830 849 2
830 1181 -2
830 1613 2
830 1120 -2
830 1495 2
830 1168 2
830 1917 2
830 1890 -2
830 1862 2
830 1089 -2
830 1065 2
831 1102 -2
831 1705 -2
831 1932 2
831 836 2
831 1860 -2
831 1023 -2
831 953 -2
831 1362 2
831 1307 2
832 1743 2
832 1632 -2
832 1285 -2
832 1700 -2
832 1268 2
832 1569 -2
832 986 2
832 1303 2
832 1884 2
832 1300 2
832 873 2
832 1313 2
832 1418 -2
832 1584 -2
832 1837 2
832 1873 -2
832 1090 -2
832 1933 -2
832 956 2
833 1344 -2
833 1634 -2
833 1483 -2
833 1606 -2
833 1951 2
833 1989 2
834 1813 -2
834 863 2
834 1870 -2
834 1931 -2
834 1500 -2
834 1420 -2
834 1174 -2
835 1138 2
835 864 -2
835 1364 -2
835 1938 -2
835 1797 -2
835 1149 2
835 1140 2
835 1752 2
835 1288 -2
836 1851 -2
836 1996 -2
836 1192 2
836 1558 2
836 942 -2
836 917 2
836 1937 2
836 1315 -2
836 1399 -2
836 1736 2
837 1896 -2
837 1444 -2
837 1399 -2
837 1648 2
837 1922 -2
837 1190 -2
837 1400 -2
838 1703 -2
838 1447 2
838 856 -2
838 1130 -2
838 1866 2
838 1361 -2
838 1708 2
838 1086 2
838 1229 -2
838 1810 -2
839 1559 2
839 1604 2
839 1348 2
839 1543 2
839 1292 2
839 1614 2
839 1786 2
839 1163 -2
840 1702 -2
840 1873 2
840 1774 2
840 1480 -2
840 1065 2
840 1079 -2
841 1192 2
841 1779 -2
841 1756 -2
841 930 -2
841 1962 2
841 1993 2
841 1766 2
841 1529 -2
841 1247 2
841 891 -2
841 1523 2
842 1284 -2
842 1283 -2
842 1143 2
842 1486 2
842 1222 -2
842 1952 2
842 1138 2
842 1732 -2
842 1932 2
842 1958 -2
842 1005 2
843 1060 2
843 1216 2
843 1426 2
843 1560 -2
843 1896 -2
843 1214 -2
843 1316 2
843 844 -2
843 1639 2
843 1641 -2
843 1611 2
843 1150 -2
843 1769 -2
843 1168 2
843 1033 2
843 1403 2
844 1123 2
844 1409 -2
844 1037 -2
844 1035 -2
844 869 -2
844 858 -2
844 1845 2
844 897 2
844 1958 2
845 1397 -2
845 1462 2
845 1271 -2
845 1723 -2
845 1969 2
846 1925 2
846 1894 2
846 1127 -2
846 1548 -2
846 1253 -2
846 1624 2
846 1765 2
846 1736 -2
846 1326 -2
846 867 -2
846 1217 2
847 1564 -2
847 1759 -2
847 1900 2
847 1524 -2
847 1641 -2
847 1534 2
847 1366 -2
847 1312 2
847 1601 2
847 1716 -2
847 1994 -2
848 1323 2
848 1834 -2
848 1695 2
848 1390 -2
848 921 -2
848 1943 2
848 1322 -2
848 1136 2
848 1861 2
848 1137 2
848 1764 2
848 1604 2
848 1817 2
849 1141 2
849 1372 -2
849 1431 -2
849 1125 -2
849 1275 -2
849 1848 -2
849 1756 2
849 1131 2
849 1751 -2
849 1788 2
849 1649 -2
849 1898 -2
849 1366 -2
849 1539 -2
850 893 2
850 1563 2
850 1559 -2
850 1398 -2
850 1384 2
850 1002 -2
850 1511 -2
850 1359 2
850 1331 -2
850 1445 2
850 1626 -2
850 1693 -2
850 1085 2
850 1643 -2
851 1733 -2
851 1167 2
851 1904 -2
851 1400 2
851 1604 2
851 1785 -2
851 1239 -2
851 1618 -2
851 1920 2
851 1484 -2
852 1171 -2
852 942 2
852 1628 -2
852 970 -2
852 1673 2
852 957 2
852 1384 2
852 1202 -2
852 1970 -2
852 1676 2
852 1342 -2
852 1873 2
852 1041 -2
853 1020 -2
853 1186 -2
853 1682 2
853 1450 2
853 899 2
853 1488 2
854 1040 2
854 1865 -2
854 1609 -2
854 1404 -2
854 1096 -2
854 1892 2
854 1435 -2
854 1928 -2
854 1777 -2
855 1721 -2
855 1386 2
855 1092 -2
855 1292 -2
855 1963 -2
855 1765 -2
855 1685 -2
855 979 -2
855 1977 2
855 1123 2
855 1992 2
855 1049 2
855 1989 -2
855 1034 -2
855 1548 -2
855 918 2
856 1205 -2
856 1572 2
856 1108 -2
856 1068 -2
856 1774 -2
856 1968 -2
856 865 -2
856 1440 -2
856 1250 -2
857 1532 -2
857 1007 -2
857 1504 -2
857 894 -2
857 1213 -2
857 1716 -2
857 1946 2
857 1369 2
857 1476 2
857 1483 -2
857 1407 2
857 1823 2
858 1777 -2
858 1904 -2
858 1486 -2
858 1326 -2
858 878 2
858 1120 2
858 1334 -2
858 1542 2
859 1711 2
859 1065 -2
859 1472 -2
859 1646 -2
859 1819 2
859 1740 -2
859 1254 -2
859 1686 2
859 1929 -2
859 1703 -2
859 1887 -2
859 1103 -2
859 1769 -2
859 1021 -2
860 1479 2
860 1377 -2
860 1586 -2
860 1339 2
860 1048 -2
860 1490 -2
860 1985 2
860 1676 2
860 1324 2
860 1180 -2
860 1013 -2
860 1091 -2
860 893 2
860 931 2
861 1839 -2
861 1471 -2
861 1877 2
861 1199 2
861 1318 2
861 1647 -2
861 1316 2
861 1999 2
861 1066 -2
861 1247 -2
861 1528 2
861 1306 -2
862 1640 -2
862 1040 2
862 1490 2
862 1993 2
862 1085 -2
862 1957 -2
862 1297 2
862 1906 -2
862 1952 -2
863 1905 2
863 1869 2
863 1216 -2
863 1611 -2
863 1737 -2
863 1942 2
863 1910 2
863 1896 2
863 1319 -2
863 1911 2
863 1024 2
864 1915 -2
864 956 -2
864 1612 2
864 1775 -2
864 1619 -2
864 1854 -2
864 868 -2
864 951 -2
864 1832 -2
864 1406 2
864 1261 -2
865 1390 -2
865 1403 2
865 1946 -2
865 1187 2
865 1948 2
865 1727 2
865 1739 -2
865 1174 -2
865 1530 2
865 1394 2
865 878 -2
865 884 -2
866 1615 2
866 1223 2
866 1874 -2
866 1041 -2
866 1929 -2
866 1916 2
866 901 2
866 987 -2
866 1432 -2
866 1240 2
867 1343 2
867 1073 2
867 1700 -2
867 988 -2
867 1656 -2
867 1938 2
867 1137 -2
867 1664 -2
867 1590 2
867 1601 -2
867 1087 2
867 1800 2
867 1474 2
867 1481 2
868 1776 2
868 1488 2
868 1503 2
868 932 2
868 1315 2
868 1042 2
868 1514 -2
868 1436 2
869 1440 -2
869 922 2
869 1688 -2
869 1022 2
869 905 -2
869 1123 2
870 1585 2
870 1880 -2
870 1696 -2
870 1919 -2
870 1688 -2
870 1569 2
870 1513 2
870 1316 2
871 1878 -2
871 999 -2
871 1503 -2
871 1107 -2
871 1736 -2
871 1328 2
871 981 -2
871 1429 -2
871 1825 -2
871 1749 2
871 1188 -2
871 1364 2
872 1545 -2
872 1273 -2
872 914 -2
872 1663 2
872 1477 -2
872 1717 2
872 1419 -2
872 1712 2
872 1633 -2
872 1113 2
872 1682 -2
873 1080 2
873 1085 2
873 1042 2
873 1404 2
873 1629 -2
873 1083 -2
873 1052 -2
873 1386 2
873 1678 -2
873 1431 -2
873 1662 -2
873 920 2
873 1887 2
873 1802 -2
873 1056 -2
873 1971 2
874 1939 -2
874 1245 -2
874 1139 2
874 1036 2
874 1976 -2
874 1092 2
874 1645 2
874 1727 -2
874 1679 2
874 953 -2
874 1299 2
874 1710 2
874 1207 2
875 1546 2
875 1590 -2
875 1414 2
875 1638 -2
875 1903 -2
875 1249 2
875 1118 2
875 950 2
875 887 -2
875 1053 -2
876 1979 -2
876 1193 -2
876 1756 2
876 1728 2
876 1403 -2
876 1862 2
876 1058 -2
876 1554 2
876 1278 2
876 1130 2
876 1273 -2
876 1688 -2
876 1500 2
876 1390 2
877 1908 -2
877 1836 2
877 1250 -2
877 1029 -2
877 1805 -2
877 1704 2
877 1988 2
877 1117 2
878 881 2
878 1260 -2
878 1153 -2
878 1528 -2
878 1178 -2
878 1531 2
878 922 2
878 1920 2
878 1491 -2
878 1935 2
878 1328 -2
878 1910 2
879 977 2
879 880 -2
879 1564 -2
879 1494 2
879 1983 2
879 891 2
879 1166 2
879 1795 2
879 1493 2
879 1334 -2
879 1552 2
879 1892 2
879 979 2
879 1976 2
879 1778 2
880 1558 2
880 1730 2
880 1778 -2
880 946 2
880 1500 2
880 1814 2
880 1381 -2
880 1071 -2
880 1885 -2
880 1907 2
881 1231 -2
881 1949 -2
881 1229 -2
881 1226 -2
881 1307 2
881 1747 2
881 1143 -2
881 1529 -2
881 1547 -2
881 1361 -2
881 1082 -2
881 1841 2
881 1239 -2
881 1917 2
882 1251 2
882 1174 -2
882 1378 2
882 1343 -2
882 1222 2
882 1364 2
882 1900 -2
882 1801 -2
882 1676 2
882 1329 -2
882 1563 -2
883 1890 2
883 1343 -2
883 1344 2
883 1614 -2
883 1022 -2
883 1008 -2
883 1560 -2
883 951 2
883 1632 2
883 1558 -2
883 984 -2
883 1021 -2
883 1953 2
883 947 2
883 1929 2
883 1645 -2
884 1126 2
884 1747 2
884 912 -2
884 1729 2
884 1226 2
884 1155 -2
884 1037 2
884 1888 -2
884 1287 2
884 1715 2
884 1105 2
884 1039 2
885 1369 -2
885 1692 2
885 1838 2
885 1720 -2
885 1463 2
885 1197 2
885 1294 2
885 1757 2
885 1837 2
885 1880 -2
885 1503 2
885 1219 2
885 1157 -2
885 1224 -2
886 1787 2
886 1255 -2
886 1917 -2
886 1548 2
886 974 2
886 1213 2
886 1374 -2
886 1072 -2
886 1536 2
886 1246 2
886 1104 -2
886 1844 -2
887 1589 2
887 1755 -2
887 1154 2
887 1284 2
887 1924 -2
887 923 -2
887 1194 2
887 1266 -2
887 1866 2
887 956 2
887 1770 -2
888 1653 2
888 1388 2
888 1061 2
888 1178 2
888 1199 2
888 1017 -2
888 1173 -2
888 1092 2
888 1818 2
888 1599 2
888 1829 -2
889 1064 2
889 1841 2
889 1500 -2
889 1881 -2
889 1624 2
889 1023 2
889 1122 2
889 1820 -2
889 1807 -2
890 1277 -2
890 1598 2
890 1822 2
890 1711 2
890 1698 -2
890 1670 2
890 969 2
890 970 2
890 1292 -2
891 1834 2
891 1953 2
891 1081 -2
891 1812 2
891 1110 -2
891 1760 2
891 1204 2
891 1728 -2
891 1403 -2
891 1719 2
891 1418 -2
891 1929 -2
891 1362 -2
891 1426 -2
891 1722 2
892 1520 2
892 906 2
892 1182 -2
892 1766 -2
892 1590 2
892 1478 -2
892 1710 -2
892 1203 2
892 1793 2
892 911 -2
892 1364 2
893 1543 -2
893 1855 -2
893 1346 -2
893 942 2
893 1466 -2
893 1497 2
893 1277 2
893 1952 2
893 1045 2
893 925 -2
893 1461 2
893 1821 -2
894 1044 2
894 1255 -2
894 1923 -2
894 1353 -2
894 1973 -2
894 1924 2
894 1920 2
894 1320 -2
894 1053 2
894 1443 -2
894 1684 -2
894 1690 -2
894 1811 -2
894 1027 2
894 1761 2
894 1751 -2
894 1631 -2
895 1064 -2
895 1435 2
895 898 -2
895 1713 -2
895 944 2
895 1478 2
895 1440 2
895 1417 -2
896 1731 -2
896 1030 -2
896 1609 2
896 1869 2
896 1339 -2
896 1441 2
896 1406 -2
896 972 2
897 1396 2
897 1680 2
897 1876 2
897 1667 -2
897 1457 -2
897 1532 -2
897 1834 2
897 1927 -2
897 1860 2
897 1359 -2
898 1228 -2
898 980 2
898 1645 2
898 1383 -2
898 1348 -2
898 914 -2
898 1742 -2
898 1293 2
898 1303 2
898 903 2
899 1832 -2
899 1798 2
899 1150 2
899 1789 2
899 1132 2
899 1467 -2
899 1795 2
899 1480 -2
899 1273 -2
899 1401 2
899 1610 -2
899 1056 2
900 1464 2
900 1453 2
900 1714 2
900 945 -2
900 1513 2
900 1633 -2
900 1087 -2
900 1918 2
900 1532 2
900 1637 -2
900 926 -2
900 1112 2
900 1415 2
900 1062 2
901 1297 -2
901 1443 2
901 1154 2
901 1397 -2
901 1767 2
901 1959 2
901 1106 2
901 1143 2
901 1279 2
902 1749 2
902 904 2
902 1221 2
902 1874 2
902 1854 2
902 1648 -2
902 1323 -2
902 1662 -2
902 1640 2
902 1957 -2
902 952 -2
902 1841 -2
903 1344 -2
903 1564 -2
903 992 -2
903 1364 -2
903 1053 -2
903 1369 -2
903 1006 2
904 1788 2
904 1730 2
904 1671 -2
904 1304 -2
905 1114 -2
905 1790 2
905 968 2
905 960 2
905 1211 2
905 1914 -2
905 1029 2
905 1249 -2
905 1756 2
905 1915 -2
905 1735 2
905 1315 -2
905 1505 2
905 1977 -2
906 1538 -2
906 1260 2
906 1347 2
906 1432 -2
906 1204 2
906 1653 -2
906 1747 -2
906 1552 2
906 1641 2
906 1405 2
907 1798 2
907 1131 -2
907 1540 2
907 1379 -2
907 1414 2
907 1407 -2
907 1689 -2
907 1729 -2
907 1484 -2
907 1901 2
907 1369 -2
907 1076 2
907 1507 2
907 1580 2
907 1743 -2
907 1705 2
908 1397 -2
908 1503 2
908 1009 2
908 1694 -2
908 1131 2
908 1762 -2
908 1495 -2
908 1546 2
908 1189 -2
908 1433 -2
908 1810 -2
908 1540 -2
908 1205 -2
909 1640 -2
909 1710 2
909 1868 2
909 1966 2
909 1794 2
909 1986 -2
909 1877 2
909 1975 -2
909 1027 2
909 985 -2
910 1134 -2
910 1997 -2
910 1087 -2
910 1832 -2
910 1068 -2
910 1786 -2
910 1448 -2
910 1022 2
911 1399 2
911 1019 -2
911 1212 -2
911 1782 2
911 1190 2
911 1334 2
911 1431 -2
911 1719 2
911 1329 2
911 1639 -2
911 1588 -2
911 1130 2
911 1415 -2
911 1690 -2
912 1312 -2
912 1573 -2
912 1687 2
912 1058 -2
912 1303 2
912 1501 -2
912 1519 2
912 1662 -2
912 1727 -2
912 1452 -2
912 1124 -2
912 1285 -2
912 1348 2
912 1338 2
913 1556 2
913 1981 -2
913 918 2
913 1451 -2
913 1239 -2
913 1186 2
913 1190 -2
913 960 -2
914 1576 2
914 1896 -2
914 1467 2
914 1866 -2
914 1483 2
914 1326 2
914 1769 2
914 1160 2
915 962 -2
915 1129 -2
915 1992 2
915 1630 -2
915 1786 2
915 1488 2
915 1555 2
915 1785 2
915 1545 2
915 1440 -2
915 1854 2
915 1539 2
915 1269 -2
916 1303 2
916 1526 -2
916 1365 -2
916 1312 2
916 1042 -2
916 1192 -2
917 1803 2
917 1654 -2
917 1786 -2
917 1956 2
917 1235 -2
917 1708 -2
917 1728 2
918 1168 2
918 1399 -2
918 1667 2
918 1650 2
918 1979 2
918 1232 2
918 1098 2
918 1418 -2
918 1026 -2
919 1576 -2
919 1287 -2
919 1731 2
919 1129 2
919 1294 2
919 1024 -2
920 1878 -2
920 1398 2
920 1659 2
920 1389 -2
920 1992 -2
920 1582 -2
920 1586 -2
920 1932 2
920 1471 2
920 1233 2
921 1574 -2
921 1207 2
921 1513 -2
921 1564 -2
921 1597 -2
921 960 -2
921 1244 -2
921 1173 2
921 1935 2
921 1209 2
921 1054 2
921 1691 -2
922 1801 -2
922 1877 2
922 1682 2
922 1907 -2
922 1265 2
922 1387 2
922 1660 -2
922 1734 -2
922 1214 2
922 1815 2
922 1686 -2
922 1935 2
922 1194 2
922 1261 -2
922 1472 2
922 1174 2
923 1342 -2
923 1807 -2
923 1002 2
923 1165 2
923 1017 -2
923 1926 -2
923 1687 -2
924 1150 2
924 1321 2
924 1445 2
924 1542 -2
925 1607 2
925 1011 2
925 1056 -2
925 1818 -2
925 1524 -2
925 1977 -2
925 1283 2
925 1778 -2
925 1270 -2
925 1314 -2
926 1420 -2
926 1411 -2
926 1795 -2
926 1706 -2
926 1890 2
926 1029 2
926 1394 2
926 1526 2
927 1838 2
927 1041 2
927 1731 2
927 1294 2
927 1771 -2
927 1951 -2
927 1228 -2
927 1679 2
927 1009 2
927 1844 2
927 1175 2
928 1594 -2
928 940 -2
928 1454 -2
928 1554 2
928 1273 -2
928 1254 -2
928 1346 -2
928 938 -2
928 1802 2
928 1629 -2
928 1181 -2
929 1490 2
929 1975 -2
929 1664 2
929 1455 2
929 1314 2
929 1846 2
929 1136 -2
929 1659 2
929 1494 2
929 1291 -2
929 1583 -2
929 1046 2
929 1075 2
929 1774 2
929 1472 2
930 1181 -2
930 1618 -2
930 1249 2
930 1668 -2
930 1893 -2
930 1103 2
930 1911 -2
931 1370 -2
931 1528 -2
931 1870 -2
931 1544 2
931 1756 2
931 1447 2
931 1566 2
931 1812 2
931 1996 2
931 1117 -2
932 1364 2
932 1638 -2
932 1730 -2
932 1762 -2
932 1909 2
932 1109 2
932 1614 -2
932 1592 -2
932 1599 -2
932 1398 -2
932 1158 2
932 958 2
932 1539 2
932 1652 2
932 1426 -2
932 1368 -2
932 1088 -2
932 1498 2
933 1616 2
933 1949 2
933 1069 2
933 1389 -2
933 1313 -2
933 1948 2
933 1714 -2
934 1400 2
934 1229 2
934 1807 2
934 1406 -2
934 1425 2
934 1638 -2
934 1708 -2
934 1483 2
934 1360 2
935 1328 -2
935 1475 -2
935 1287 2
935 1814 2
935 987 -2
935 1628 2
935 1761 -2
935 1839 2
935 1380 2
936 1757 2
936 1612 -2
936 1100 -2
936 1014 2
936 1911 -2
936 1179 -2
936 1012 -2
937 1067 -2
937 1245 2
937 1917 2
937 1890 2
937 1180 2
937 1671 -2
937 1702 -2
937 1810 -2
937 1760 -2
937 1404 -2
938 1209 2
938 1218 -2
938 1046 2
938 1233 2
938 1538 2
938 1989 2
938 1464 -2
938 1239 2
938 1227 -2
938 1104 -2
939 1675 2
939 1591 -2
939 1049 2
939 1242 2
939 1843 2
939 1259 -2
939 1598 -2
939 1548 -2
939 1859 2
939 1396 2
939 1112 -2
939 1903 -2
939 1498 -2
939 1755 2
940 942 -2
940 1501 -2
940 1514 2
940 1532 2
941 1796 2
941 1802 -2
941 1665 2
941 1277 -2
941 1544 2
941 1345 -2
941 1059 2
941 1621 -2
941 1519 -2
941 1448 -2
941 1486 -2
941 1361 2
941 1841 -2
941 1061 -2
941 1932 2
941 1481 -2
942 1483 2
942 1806 -2
942 1139 -2
942 1969 2
942 1470 -2
942 1027 -2
942 1129 2
942 1083 -2
942 1063 -2
942 1453 2
943 1150 -2
943 971 -2
943 1433 2
943 1140 -2
943 1878 -2
943 1614 -2
943 1766 2
943 1807 2
943 1692 -2
943 1327 2
943 1599 2
943 1464 2
943 1699 2
943 1715 -2
943 1276 2
943 993 -2
944 1983 2
944 1256 -2
944 1195 2
944 1123 2
944 1888 2
944 1215 -2
944 958 -2
944 1843 2
945 1345 -2
945 1250 2
945 1404 2
945 1791 2
945 1827 2
945 1370 2
945 1961 -2
945 1115 2
945 1757 2
945 1686 2
945 1459 2
945 1332 -2
946 1969 2
946 1883 2
946 1488 -2
946 1471 2
946 964 2
946 1652 -2
946 1959 2
946 1011 2
946 1493 -2
946 1172 2
946 1594 2
946 1764 2
947 1509 -2
947 983 2
947 1390 -2
947 1983 -2
947 1369 2
947 1580 -2
947 1521 -2
947 956 2
947 1835 2
947 1080 -2
948 1683 -2
948 1819 2
948 1306 2
948 1055 -2
948 1741 -2
948 1682 2
948 1856 2
948 981 -2
948 1296 2
948 1028 -2
949 1605 -2
949 1260 -2
949 1324 2
949 1760 2
949 1131 2
949 1036 2
949 1619 -2
949 1976 2
949 1025 2
949 1725 -2
949 1728 2
949 1641 2
950 1916 2
950 1383 2
950 1950 -2
950 1702 2
950 1269 2
950 1900 2
950 1610 2
950 1137 2
950 1953 -2
950 1987 2
950 1913 -2
950 1754 2
950 1285 -2
950 1187 2
951 1499 2
951 1087 -2
951 1963 2
951 1446 2
951 1221 2
951 1160 -2
951 1047 -2
951 1745 -2
951 1392 2
951 1740 -2
951 979 2
951 984 2
951 1377 2
951 1593 2
951 1688 2
951 1021 -2
952 1877 -2
952 1598 2
952 1444 2
952 981 -2
952 969 2
952 1693 -2
952 1199 2
952 1862 -2
952 1377 2
952 1290 2
952 1046 2
952 1415 -2
953 1049 -2
953 1198 -2
953 1180 2
953 1319 2
953 1744 -2
953 1609 -2
953 1472 -2
953 1920 2
954 984 2
954 1936 -2
954 1779 2
954 1863 -2
954 1767 2
955 1943 -2
955 1792 2
955 1296 -2
955 1352 -2
955 1368 2
955 1280 2
955 1009 -2
955 1468 -2
955 979 -2
955 1075 2
955 1631 2
955 1232 -2
955 1329 -2
955 1679 2
955 1031 -2
955 1783 2
956 1546 2
956 1897 2
956 1761 2
956 1609 2
956 1057 -2
956 1352 -2
956 1258 2
956 1928 -2
956 1569 -2
956 1904 2
956 1133 -2
956 1110 2
956 1283 -2
956 1683 2
957 1633 2
957 1830 -2
957 959 2
957 1013 2
957 1029 -2
957 1448 -2
957 1228 -2
957 1988 -2
957 1754 -2
957 1341 -2
957 1315 -2
958 1980 -2
958 1535 -2
958 1391 2
958 1011 -2
958 1782 -2
958 1139 -2
958 1568 -2
958 1007 2
958 1247 -2
958 1586 2
958 1999 -2
958 1004 2
958 1663 2
959 1775 2
959 1879 2
959 1014 -2
959 1098 2
959 1513 2
959 1736 -2
959 1834 2
959 1293 -2
960 1093 2
960 1399 2
960 1658 2
960 1879 -2
960 1613 -2
960 1047 2
960 1057 2
960 1889 2
960 1345 -2
960 1277 -2
961 1539 2
961 1363 2
961 1304 2
961 1248 2
961 1396 2
961 1291 2
961 1720 -2
961 1073 -2
961 1822 -2
961 1932 -2
961 1605 2
961 1944 2
961 1797 2
962 1385 -2
962 1934 2
962 1667 -2
962 1567 -2
962 1236 -2
962 1029 -2
962 1917 -2
963 1806 2
963 1021 2
963 1220 -2
963 1724 -2
963 1793 -2
963 1189 -2
963 1717 -2
963 1098 2
963 1222 2
963 1698 -2
963 1323 -2
963 1647 -2
963 1890 2
963 1636 -2
963 1884 -2
964 1976 2
964 1835 -2
964 1361 2
964 1173 2
964 1839 2
964 1807 2
964 1785 -2
964 1531 -2
964 1579 -2
964 1925 2
964 1337 2
964 1470 -2
964 1546 -2
964 1344 -2
965 1198 -2
965 1339 2
965 1735 2
965 1842 2
965 1016 -2
965 1076 -2
965 1091 2
965 1856 2
965 1120 -2
965 1544 -2
965 1310 -2
965 1886 2
965 1758 -2
966 1831 2
966 1991 -2
966 1195 2
966 1126 -2
966 1947 2
966 1043 -2
966 1563 2
966 997 -2
967 1279 2
967 1953 2
967 1198 2
967 1143 2
967 1760 2
967 1165 -2
967 1009 2
967 1931 -2
967 1085 -2
968 1044 -2
968 1886 -2
968 1251 2
968 1213 2
968 1345 2
968 1992 -2
968 1718 -2
968 1134 2
968 1162 -2
968 1360 2
969 1506 2
969 1718 -2
969 1096 2
970 1686 2
970 1317 2
970 1453 2
970 1866 2
970 1856 2
970 1929 2
970 1300 2
970 1939 2
970 1663 -2
970 1575 -2
970 1289 -2
970 1703 -2
970 1131 -2
970 1060 2
971 1963 -2
971 1836 -2
971 1494 -2
971 1585 -2
971 1665 -2
972 1452 -2
972 1695 2
972 981 2
972 1001 -2
973 1511 2
973 1391 -2
973 1631 2
973 1694 2
973 1953 -2
973 1897 2
973 1908 2
973 1238 -2
973 1061 -2
974 1216 -2
974 1198 -2
974 1337 2
974 1396 -2
974 1444 2
974 1512 -2
974 1330 -2
974 1004 2
974 1220 2
974 1247 2
975 1860 2
975 1408 2
975 1299 2
975 1424 2
975 1970 -2
975 1632 -2
975 1219 -2
975 1747 -2
975 1078 2
976 1584 2
976 985 2
976 1101 -2
976 1385 -2
976 1049 2
977 1724 -2
977 1691 2
977 1748 -2
977 1370 2
977 1292 -2
977 1006 2
977 1984 -2
977 1690 -2
977 1561 2
977 1472 2
977 992 2
977 1667 2
977 1307 -2
978 990 -2
978 1389 2
978 1526 -2
978 1034 -2
978 1904 -2
978 1334 2
978 1174 -2
979 1012 -2
979 1374 -2
979 1922 -2
979 1157 2
979 1104 2
979 1975 -2
979 1700 -2
979 1868 2
979 1724 2
979 1576 2
979 1111 2
979 1966 2
979 1784 -2
979 1965 2
980 1419 -2
980 1219 -2
980 1405 2
980 1442 -2
980 1242 2
980 1413 -2
980 1130 2
980 1286 -2
980 1670 2
980 1999 2
981 1883 2
981 1170 -2
981 1385 2
981 1836 2
981 1077 -2
981 1599 2
982 1163 -2
982 1712 -2
982 1321 -2
982 1539 2
982 1447 2
982 1071 2
982 1067 -2
982 1027 -2
982 1094 -2
982 1135 2
983 1837 2
983 1370 -2
983 1958 -2
983 1568 2
983 1060 -2
983 1175 2
983 1281 -2
983 1589 -2
984 1215 -2
984 1183 -2
984 1800 2
984 1285 2
984 1444 2
984 1112 -2
984 1133 -2
984 991 2
984 1029 2
984 1176 -2
984 1783 -2
984 1852 2
985 1038 -2
985 1689 -2
985 1546 2
985 1370 2
985 1710 -2
985 1143 2
985 1882 2
985 1708 -2
985 1916 2
985 1839 2
985 1746 -2
985 1393 2
985 1907 2
985 1586 -2
985 1616 2
986 1400 -2
986 1757 2
986 1159 2
986 1157 -2
986 1853 2
986 1684 2
986 1323 -2
987 1591 2
987 1342 -2
987 1603 -2
987 1529 -2
987 1343 -2
987 1839 -2
987 1393 2
987 1120 -2
987 1931 -2
987 1715 -2
988 1477 -2
988 1108 2
988 1392 -2
988 1292 -2
988 1923 2
988 1956 2
988 1302 2
988 1463 2
988 1818 2
989 1485 -2
989 1046 2
989 1122 -2
989 1071 2
989 1734 2
989 1755 -2
989 1409 -2
989 1201 2
989 1466 -2
989 1374 2
989 1012 2
989 1118 -2
989 1588 2
990 1616 -2
990 1618 -2
990 1550 -2
990 1936 -2
990 1480 -2
991 1737 2
991 1823 2
991 1894 -2
991 1998 -2
991 1571 2
991 1502 2
991 1791 2
991 1193 2
991 1125 2
991 1671 -2
991 1076 -2
992 1222 -2
992 1312 2
992 1275 2
992 1279 -2
992 1966 -2
992 1593 -2
992 1249 -2
992 1363 2
992 1820 2
993 1474 -2
993 1635 -2
993 1093 2
993 1960 2
993 1923 2
993 1462 -2
993 1806 2
993 1966 -2
993 1895 -2
993 1970 -2
993 1393 2
993 1627 -2
993 1622 -2
994 1848 -2
994 1756 2
994 1722 -2
994 1929 -2
994 1413 -2
994 1459 -2
994 1588 2
994 1776 2
994 1749 -2
994 1384 -2
994 1991 -2
994 1336 2
995 1598 2
995 1474 2
995 1444 -2
996 1054 -2
996 1395 -2
996 1350 2
996 1539 2
996 1713 -2
996 1608 -2
996 1810 -2
997 1844 -2
997 1031 -2
997 1214 2
997 1059 -2
997 1627 2
997 1950 2
997 1645 -2
998 1622 -2
998 1772 -2
998 1664 -2
998 1543 2
998 1811 2
998 1903 -2
998 1592 -2
998 1216 2
998 1719 -2
998 1978 2
998 1345 -2
999 1171 2
999 1216 2
999 1256 2
999 1015 -2
999 1218 -2
999 1724 -2
999 1857 2
999 1192 2
999 1628 2
999 1726 -2
999 1893 -2
999 1979 -2
1000 1027 2
1000 1829 2
1000 1740 2
1000 1600 -2
1000 1707 2
1000 1526 2
1000 1706 2
1000 1266 2
1000 1493 2
1000 1019 -2
1000 1781 2
1000 1261 -2
1000 1237 -2
1000 1977 -2
1000 1273 -2
1001 1740 2
1001 1300 2
1001 1358 -2
1001 1910 2
1001 1068 -2
1001 1777 -2
1001 1935 2
1001 1529 2
1001 1912 2
1001 1123 -2
1001 1535 2
1002 1374 2
1002 1330 2
1002 1393 2
1002 1894 2
1002 1059 2
1002 1125 2
1002 1272 2
1002 1664 2
1002 1563 2
1002 1715 -2
1002 1383 2
1002 1985 -2
1002 1386 2
1003 1881 -2
1003 1042 -2
1003 1401 -2
1003 1947 2
1003 1085 -2
1003 1371 2
1003 1378 -2
1003 1781 2
1003 1451 2
1003 1948 -2
1003 1332 2
1004 1884 2
1004 1671 -2
1004 1878 2
1004 1801 -2
1004 1620 -2
1004 1894 2
1004 1110 2
1004 1171 2
1004 1929 2
1004 1585 2
1005 1490 -2
1005 1070 -2
1005 1798 2
1005 1116 2
1005 1388 -2
1005 1335 2
1006 1627 2
1006 1824 2
1006 1610 2
1006 1235 2
1006 1698 2
1006 1636 -2
1006 1308 -2
1006 1938 2
1006 1511 -2
1006 1875 2
1007 1367 2
1007 1767 2
1007 1717 2
1007 1654 -2
1007 1229 2
1007 1157 -2
1007 1884 2
1007 1996 2
1008 1449 -2
1008 1631 -2
1008 1375 -2
1008 1024 2
1008 1142 2
1008 1753 2
1008 1678 -2
1008 1181 -2
1008 1735 2
1008 1381 2
1008 1037 -2
1008 1180 2
1008 1458 -2
1009 1346 -2
1009 1055 -2
1009 1670 2
1009 1630 -2
1009 1403 -2
1009 1023 -2
1009 1386 -2
1009 1816 -2
1009 1507 2
1009 1267 -2
1010 1278 -2
1010 1729 2
1010 1328 2
1010 1972 2
1010 1358 -2
1010 1250 -2
1010 1028 -2
1010 1387 -2
1010 1209 2
1010 1768 2
1010 1155 -2
1010 1645 -2
1010 1178 2
1010 1954 -2
1010 1517 2
1011 1042 -2
1011 1194 2
1011 1495 -2
1011 1897 -2
1011 1640 2
1011 1290 2
1011 1690 -2
1011 1119 -2
1011 1957 2
1011 1170 -2
1011 1743 -2
1011 1575 2
1012 1449 -2
1012 1596 -2
1012 1362 2
1012 1250 -2
1012 1305 -2
1012 1173 -2
1013 1604 -2
1013 1852 2
1013 1103 -2
1013 1334 2
1013 1208 -2
1013 1229 2
1013 1716 2
1013 1278 -2
1013 1669 2
1013 1263 2
1013 1637 2
1013 1225 2
1013 1862 2
1013 1768 -2
1014 1453 -2
1014 1809 2
1014 1217 2
1014 1252 -2
1014 1677 -2
1015 1120 2
1015 1827 2
1015 1044 2
1015 1202 2
1015 1764 -2
1015 1875 -2
1015 1300 2
1016 1470 2
1016 1842 -2
1016 1685 2
1016 1750 2
1016 1195 2
1016 1120 2
1016 1199 -2
1016 1949 2
1016 1194 -2
1016 1110 2
1016 1665 2
1016 1867 -2
1016 1698 -2
1016 1126 -2
1017 1992 -2
1017 1989 2
1017 1388 2
1017 1374 2
1017 1642 2
1017 1472 -2
1017 1045 2
1018 1055 2
1018 1266 -2
1018 1090 2
1018 1420 2
1018 1935 -2
1018 1257 -2
1018 1868 2
1018 1040 -2
1018 1410 2
1018 1651 -2
1018 1574 2
1018 1759 -2
1019 1326 2
1019 1206 -2
1019 1294 -2
1019 1386 2
1019 1201 -2
1019 1852 -2
1019 1598 -2
1020 1460 -2
1020 1287 2
1020 1224 2
1020 1467 2
1020 1131 2
1020 1043 2
1020 1402 2
1020 1950 2
1021 1286 2
1021 1046 2
1021 1215 -2
1021 1132 2
1021 1384 -2
1021 1484 2
1021 1645 2
1021 1931 2
1021 1588 2
1022 1968 2
1022 1823 2
1022 1980 2
1022 1572 2
1022 1912 2
1022 1808 2
1023 1077 2
1023 1560 2
1023 1630 -2
1023 1129 2
1023 1192 2
1023 1139 2
1023 1467 -2
1023 1854 -2
1023 1487 2
1023 1283 -2
1024 1716 2
1024 1502 2
1024 1497 -2
1024 1181 -2
1024 1817 -2
1024 1889 2
1024 1498 2
1024 1134 -2
1024 1645 -2
1024 1766 2
1024 1763 2
1024 1686 -2
1024 1145 -2
1025 1803 2
1025 1227 2
1025 1588 -2
1025 1104 -2
1025 1842 2
1025 1096 2
1025 1188 2
1025 1482 -2
1025 1423 2
1025 1929 -2
1025 1193 2
1025 1472 -2
1026 1128 2
1026 1821 2
1026 1074 2
1026 1521 -2
1026 1429 -2
1026 1680 -2
1026 1158 -2
1027 1320 -2
1027 1106 -2
1027 1868 2
1027 1464 2
1027 1293 -2
1027 1857 -2
1027 1479 2
1027 1288 2
1027 1217 -2
1027 1847 2
1027 1722 -2
1028 1825 2
1028 1062 -2
1028 1116 2
1028 1522 -2
1028 1106 -2
1028 1235 2
1028 1433 -2
1028 1663 2
1028 1398 2
1028 1576 2
1028 1967 2
1028 1379 2
1029 1423 2
1029 1813 2
1029 1741 -2
1029 1191 2
1029 1147 -2
1029 1143 -2
1029 1678 2
1030 1087 2
1030 1541 2
1030 1855 2
1030 1976 -2
1030 1273 2
1030 1709 2
1030 1751 -2
1030 1075 -2
1030 1067 2
1030 1552 2
1031 1675 2
1031 1759 2
1031 1781 -2
1031 1111 2
1031 1931 2
1031 1389 -2
1031 1345 2
1031 1688 -2
1032 1445 -2
1032 1172 -2
1032 1218 2
1032 1702 -2
1032 1960 2
1032 1883 -2
1032 1858 2
1032 1573 2
1032 1923 -2
1032 1493 2
1033 1738 2
1033 1320 2
1033 1514 2
1033 1157 2
1033 1045 2
1033 1280 2
1033 1448 -2
1033 1795 -2
1033 1654 2
1033 1470 2
1033 1964 -2
1034 1428 -2
1034 1319 -2
1034 1997 -2
1034 1700 -2
1034 1220 2
1034 1688 2
1034 1316 -2
1034 1443 -2
1034 1802 2
1034 1267 -2
1034 1897 2
1034 1934 2
1035 1565 2
1035 1283 2
1035 1355 -2
1035 1337 -2
1035 1472 2
1035 1228 2
1035 1510 2
1035 1951 -2
1035 1929 -2
1035 1803 -2
1036 1511 -2
1036 1410 -2
1036 1810 2
1037 1366 2
1037 1694 2
1037 1087 -2
1037 1277 -2
1037 1444 -2
1037 1829 2
1037 1966 2
1037 1311 -2
1037 1101 2
1037 1313 -2
1037 1182 2
1037 1125 -2
1037 1666 2
1037 1130 -2
1037 1055 2
1037 1421 -2
1037 1106 -2
1037 1572 -2
1037 1332 -2
1038 1838 2
1038 1886 2
1038 1837 -2
1038 1938 -2
1038 1046 -2
1038 1347 -2
1038 1251 -2
1038 1131 2
1038 1654 -2
1038 1822 2
1038 1684 -2
1038 1488 2
1038 1827 2
1039 1819 2
1039 1271 2
1039 1926 2
1039 1729 -2
1040 1665 2
1040 1227 2
1040 1699 2
1040 1649 2
1040 1361 2
1040 1654 2
1040 1909 -2
1040 1402 -2
1040 1118 -2
1040 1366 -2
1041 1466 2
1041 1086 -2
1041 1149 -2
1041 1940 2
1041 1465 -2
1041 1508 2
1041 1268 -2
1041 1586 2
1041 1237 -2
1041 1464 -2
1041 1413 2
1041 1069 2
1041 1243 -2
1041 1076 2
1042 1629 2
1042 1439 2
1042 1190 -2
1042 1248 2
1042 1463 -2
1042 1368 -2
1042 1998 2
1043 1427 2
1043 1743 -2
1043 1100 -2
1043 1559 -2
1043 1614 2
1043 1903 2
1043 1310 2
1043 1248 -2
1043 1259 2
1043 1876 -2
1043 1072 2
1044 1412 2
1044 1277 2
1044 1305 -2
1044 1357 2
1044 1714 -2
1044 1499 2
1044 1962 -2
1044 1953 -2
1044 1443 -2
1044 1181 -2
1044 1800 2
1044 1495 -2
1045 1799 -2
1045 1529 2
1045 1163 -2
1045 1771 2
1045 1784 2
1045 1193 -2
1045 1554 -2
1045 1899 2
1045 1451 -2
1045 1168 2
1045 1862 2
1045 1173 -2
1046 1199 -2
1046 1532 -2
1046 1397 -2
1046 1697 -2
1046 1742 -2
1046 1606 -2
1046 1379 2
1046 1633 2
1046 1051 2
1046 1751 -2
1046 1902 -2
1046 1882 2
1046 1228 -2
1047 1775 -2
1047 1049 2
1048 1935 -2
1048 1769 -2
1048 1877 2
1048 1643 2
1048 1913 2
1048 1189 -2
1048 1432 2
1048 1616 2
1048 1457 2
1048 1268 -2
1048 1757 -2
1048 1907 2
1048 1611 -2
1049 1487 2
1049 1956 -2
1049 1993 -2
1049 1784 2
1049 1711 2
1049 1190 2
1049 1632 2
1049 1430 2
1049 1634 2
1049 1862 2
1049 1499 -2
1049 1785 -2
1049 1406 2
1049 1139 -2
1049 1636 -2
1049 1900 2
1050 1661 2
1050 1753 -2
1050 1242 -2
1050 1301 -2
1050 1056 -2
1050 1155 2
1050 1750 -2
1051 1513 2
1051 1304 -2
1051 1135 2
1051 1833 -2
1051 1580 -2
1051 1579 -2
1051 1206 -2
1051 1138 -2
1051 1636 -2
1052 1943 2
1052 1649 2
1052 1547 -2
1052 1417 -2
1052 1947 2
1052 1320 2
1052 1659 -2
1052 1598 2
1052 1931 -2
1053 1151 -2
1053 1624 2
1053 1538 2
1053 1113 -2
1053 1457 2
1053 1129 2
1054 1442 2
1054 1074 2
1054 1186 -2
1054 1155 -2
1054 1310 -2
1054 1326 -2
1054 1782 -2
1054 1088 -2
1055 1489 -2
1055 1764 2
1055 1456 -2
1055 1416 2
1055 1095 2
1055 1959 2
1055 1870 2
1055 1311 2
1055 1974 2
1055 1454 -2
1055 1678 2
1056 1712 2
1056 1682 2
1056 1309 -2
1056 1832 2
1056 1630 -2
1056 1634 -2
1056 1575 2
1056 1232 -2
1056 1060 2
1056 1944 -2
1056 1571 -2
1057 1945 -2
1057 1112 2
1057 1965 2
1057 1789 2
1057 1746 -2
1057 1836 -2
1058 1213 2
1058 1703 -2
1058 1467 2
1058 1073 -2
1058 1713 2
1059 1875 2
1059 1365 2
1059 1218 2
1059 1939 -2
1059 1276 -2
1059 1319 2
1059 1918 2
1059 1298 2
1060 1366 2
1060 1114 -2
1060 1753 2
1060 1267 -2
1060 1086 2
1060 1546 -2
1060 1235 -2
1060 1939 2
1061 1446 -2
1061 1306 -2
1061 1330 -2
1061 1624 2
1061 1897 -2
1062 1390 2
1062 1076 -2
1062 1239 -2
1062 1779 -2
1062 1912 2
1062 1761 2
1062 1345 2
1062 1596 2
1062 1801 2
1062 1638 -2
1063 1403 2
1063 1983 2
1063 1336 2
1063 1732 -2
1063 1698 -2
1063 1283 2
1063 1415 -2
1063 1469 2
1063 1481 -2
1064 1588 -2
1064 1664 -2
1064 1660 -2
1064 1662 -2
1064 1432 -2
1064 1335 2
1064 1676 2
1064 1258 2
1065 1870 2
1065 1789 -2
1065 1331 -2
1065 1845 -2
1065 1474 2
1066 1846 2
1066 1815 -2
1066 1942 2
1066 1204 -2
1066 1613 2
1066 1166 2
1067 1134 -2
1067 1616 -2
1067 1840 -2
1067 1165 2
1067 1782 2
1067 1400 -2
1068 1990 2
1068 1441 -2
1068 1842 -2
1068 1469 -2
1068 1075 -2
1068 1651 -2
1068 1517 -2
1068 1490 2
1068 1724 -2
1068 1967 2
1069 1473 -2
1069 1528 -2
1069 1272 2
1069 1876 2
1069 1532 -2
1069 1509 2
1069 1846 -2
1069 1699 2
1069 1508 -2
1069 1284 2
1069 1774 2
1069 1971 -2
1069 1491 -2
1070 1118 -2
1070 1277 -2
1070 1906 2
1070 1174 2
1070 1074 2
1070 1159 2
1070 1720 2
1071 1612 2
1071 1430 -2
1071 1107 -2
1071 1140 2
1071 1833 -2
1071 1131 -2
1071 1116 2
1071 1082 2
1072 1289 -2
1072 1823 -2
1072 1980 2
1072 1406 -2
1072 1961 -2
1072 1363 2
1072 1792 -2
1072 1871 -2
1073 1420 2
1073 1289 2
1073 1212 -2
1073 1256 2
1073 1265 -2
1073 1093 2
1073 1652 -2
1073 1286 2
1073 1423 2
1073 1108 -2
1073 1077 -2
1073 1736 2
1073 1275 -2
1073 1207 2
1073 1856 -2
1073 1710 -2
1073 1563 2
1073 1964 -2
1073 1967 2
1074 1723 -2
1074 1937 2
1074 1426 -2
1074 1283 -2
1074 1200 2
1074 1787 2
1074 1544 -2
1074 1714 2
1075 1997 2
1075 1479 -2
1075 1129 2
1075 1146 2
1075 1694 -2
1075 1458 2
1075 1395 2
1076 1582 2
1076 1221 -2
1076 1362 2
1076 1450 -2
1076 1518 2
1076 1793 -2
1076 1646 2
1077 1787 2
1077 1615 2
1077 1486 2
1077 1882 -2
1077 1518 -2
1077 1686 -2
1077 1675 2
1077 1880 -2
1077 1827 2
1078 1320 -2
1078 1366 2
1078 1315 -2
1078 1530 2
1078 1792 2
1078 1604 -2
1078 1508 -2
1078 1577 2
1078 1312 -2
1078 1270 2
1079 1322 -2
1079 1372 2
1079 1932 -2
1079 1989 2
1079 1827 2
1079 1782 2
1079 1316 -2
1079 1452 2
1079 1865 -2
1079 1145 2
1079 1272 2
1079 1696 2
1080 1306 -2
1080 1283 -2
1080 1613 -2
1080 1241 2
1080 1836 2
1080 1444 2
1080 1850 2
1080 1219 2
1080 1778 2
1080 1808 2
1080 1738 2
1081 1926 2
1081 1470 2
1081 1108 2
1081 1654 2
1081 1411 -2
1081 1819 2
1082 1554 2
1082 1484 -2
1082 1818 2
1082 1240 2
1082 1954 -2
1082 1311 2
1082 1945 -2
1082 1901 2
1082 1093 2
1082 1796 2
1083 1835 -2
1083 1296 -2
1083 1119 2
1083 1262 2
1083 1345 2
1083 1435 -2
1083 1392 2
1083 1501 -2
1083 1841 2
1083 1879 -2
1083 1184 2
1084 1633 2
1084 1844 -2
1084 1936 -2
1084 1710 -2
1084 1175 -2
1084 1767 -2
1085 1878 2
1085 1257 2
1085 1558 2
1085 1645 2
1085 1329 -2
1085 1808 -2
1085 1411 -2
1085 1913 -2
1085 1135 -2
1086 1715 2
1086 1203 -2
1086 1725 2
1086 1495 2
1086 1916 2
1086 1087 2
1087 1280 2
1087 1779 2
1087 1244 -2
1087 1541 2
1087 1904 -2
1087 1276 2
1087 1796 -2
1087 1635 2
1087 1764 -2
1087 1713 -2
1087 1595 2
1087 1957 -2
1087 1387 -2
1088 1589 2
1088 1091 -2
1088 1532 2
1088 1715 2
1088 1730 2
1088 1948 -2
1088 1668 2
1089 1731 -2
1089 1912 2
1089 1705 -2
1089 1394 2
1089 1774 -2
1089 1182 2
1089 1665 2
1089 1188 2
1089 1785 -2
1090 1482 2
1090 1150 2
1090 1154 -2
1090 1718 -2
1090 1800 -2
1090 1776 2
1090 1801 -2
1091 1818 -2
1091 1657 -2
1091 1156 -2
1091 1886 -2
1091 1724 -2
1091 1664 2
1092 1958 2
1092 1904 2
1092 1947 2
1092 1451 -2
1092 1383 2
1092 1930 2
1092 1614 -2
1092 1952 -2
1092 1954 -2
1093 1608 -2
1093 1211 -2
1093 1243 -2
1093 1626 2
1093 1185 2
1093 1722 -2
1093 1116 2
1093 1892 -2
1094 1129 -2
1094 1681 -2
1094 1770 -2
1094 1241 -2
1094 1327 -2
1094 1536 2
1094 1809 -2
1094 1871 -2
1094 1516 -2
1094 1621 -2
1094 1869 -2
1094 1853 2
1095 1437 -2
1095 1296 2
1095 1499 2
1095 1224 -2
1095 1306 -2
1095 1709 2
1095 1178 -2
1095 1721 2
1095 1997 2
1095 1910 2
1096 1327 -2
1096 1538 2
1096 1519 2
1096 1670 2
1096 1292 2
1096 1743 2
1096 1315 2
1096 1643 -2
1096 1398 -2
1096 1627 -2
1096 1189 2
1096 1220 2
1096 1631 -2
1096 1503 -2
1096 1952 2
1097 1313 -2
1097 1517 2
1097 1259 2
1097 1833 -2
1097 1775 -2
1097 1918 -2
1097 1628 -2
1097 1582 2
1097 1198 -2
1097 1546 2
1098 1235 -2
1098 1346 2
1098 1999 -2
1098 1150 -2
1098 1460 2
1098 1592 2
1098 1799 -2
1098 1107 2
1098 1714 -2
1098 1497 2
1098 1718 2
1098 1582 -2
1098 1479 -2
1098 1143 2
1099 1825 2
1099 1424 -2
1099 1906 -2
1099 1840 2
1099 1915 2
1099 1200 -2
1099 1788 -2
1099 1437 -2
1099 1579 -2
1100 1665 -2
1100 1760 -2
1100 1162 2
1100 1911 2
1100 1178 2
1100 1410 2
1101 1447 -2
1101 1115 2
1101 1935 2
1101 1219 2
1101 1965 2
1102 1506 -2
1102 1901 2
1102 1262 2
1102 1579 -2
1102 1392 -2
1102 1260 2
1102 1656 2
1103 1516 2
1103 1457 2
1103 1488 2
1103 1886 -2
1103 1565 2
1103 1600 2
1103 1833 -2
1103 1673 -2
1103 1151 -2
1104 1360 2
1104 1960 -2
1104 1181 -2
1104 1856 2
1104 1251 2
1104 1381 -2
1104 1996 -2
1105 1680 -2
1105 1498 2
1105 1279 -2
1105 1902 -2
1105 1922 -2
1105 1329 -2
1105 1523 2
1106 1750 -2
1106 1669 -2
1106 1193 2
1106 1258 2
1106 1813 2
1106 1598 2
1106 1597 -2
1106 1738 2
1106 1868 -2
1107 1183 -2
1107 1504 2
1107 1643 2
1107 1213 -2
1107 1220 -2
1107 1833 -2
1107 1514 2
1108 1182 -2
1108 1919 -2
1108 1757 2
1108 1851 2
1108 1753 2
1108 1639 -2
1108 1299 2
1108 1910 -2
1108 1217 -2
1108 1674 -2
1109 1256 -2
1109 1859 2
1109 1407 2
1109 1588 2
1109 1421 2
1110 1208 -2
1110 1666 2
1110 1490 2
1110 1289 2
1110 1318 2
1110 1690 -2
1110 1386 -2
1110 1265 -2
1111 1223 2
1111 1781 2
1111 1517 2
1111 1644 -2
1111 1498 -2
1111 1390 2
1111 1691 2
1111 1341 -2
1111 1217 2
1111 1357 2
1111 1433 -2
1111 1966 2
1111 1987 -2
1112 1925 2
1112 1631 2
1112 1543 -2
1112 1696 2
1112 1613 -2
1112 1681 -2
1112 1267 -2
1112 1545 2
1112 1308 2
1113 1832 2
1113 1231 -2
1113 1755 2
1113 1357 2
1113 1242 2
1113 1407 -2
1113 1571 -2
1113 1777 -2
1113 1675 -2
1113 1729 -2
1113 1360 2
1114 1133 -2
1114 1516 -2
1114 1883 2
1114 1752 -2
1114 1162 2
1114 1324 -2
1114 1303 2
1114 1729 2
1114 1250 2
1114 1482 -2
1114 1325 -2
1114 1670 -2
1114 1404 2
1115 1302 2
1115 1253 2
1115 1554 2
1115 1818 2
1115 1686 -2
1115 1378 2
1115 1164 -2
1115 1479 -2
1115 1136 -2
1115 1713 2
1116 1117 2
1116 1651 -2
1116 1925 2
1116 1518 -2
1116 1776 2
1116 1645 2
1116 1630 2
1116 1501 2
1116 1635 2
1116 1788 2
1117 1602 -2
1117 1365 2
1117 1525 2
1117 1310 -2
1117 1340 -2
1118 1194 2
1118 1455 -2
1118 1515 -2
1118 1213 2
1118 1571 -2
1118 1843 -2
1118 1485 -2
1118 1233 -2
1119 1785 2
1119 1589 -2
1119 1153 -2
1119 1904 2
1119 1932 2
1119 1864 2
1119 1836 2
1120 1974 -2
1120 1413 2
1120 1805 2
1120 1192 2
1120 1910 2
1120 1387 2
1120 1811 -2
1121 1463 2
1121 1925 2
1121 1651 -2
1121 1988 -2
1121 1252 2
1121 1607 2
1121 1548 -2
1121 1410 2
1122 1746 -2
1122 1719 2
1122 1413 -2
1122 1954 2
1122 1748 2
1122 1247 2
1123 1161 2
1123 1606 2
1123 1750 2
1123 1910 -2
1123 1802 -2
1124 1669 2
1124 1891 2
1124 1281 -2
1124 1790 2
1124 1838 2
1125 1527 2
1125 1583 -2
1125 1480 2
1125 1740 2
1125 1741 2
1125 1140 2
1125 1414 -2
1125 1584 -2
1125 1506 2
1125 1671 -2
1126 1897 2
1126 1243 -2
1126 1338 2
1127 1239 -2
1127 1325 2
1127 1155 2
1127 1926 2
1127 1553 -2
1127 1307 -2
1127 1180 2
1127 1892 -2
1128 1751 -2
1128 1449 2
1128 1347 -2
1128 1297 2
1128 1974 2
1128 1970 -2
1128 1814 2
1129 1603 -2
1129 1805 2
1129 1462 -2
1129 1201 -2
1129 1180 -2
1130 1236 -2
1130 1650 -2
1130 1364 2
1130 1481 2
1130 1288 -2
1130 1622 -2
1130 1862 -2
1130 1677 2
1130 1628 2
1130 1939 -2
1130 1578 2
1130 1472 2
1130 1510 2
1130 1995 -2
1130 1359 2
1130 1476 2
1130 1147 -2
1131 1918 2
1131 1579 -2
1131 1526 2
1131 1344 -2
1131 1619 -2
1131 1727 2
1131 1488 2
1131 1675 -2
1131 1335 -2
1131 1998 -2
1131 1146 -2
1131 1434 -2
1131 1421 2
1131 1343 -2
1132 1845 -2
1132 1188 2
1132 1538 2
1132 1510 -2
1132 1452 -2
1132 1542 -2
1132 1470 2
1132 1475 -2
1132 1836 -2
1133 1936 -2
1133 1579 2
1133 1905 2
1133 1991 2
1133 1871 -2
1133 1381 -2
1133 1538 -2
1134 1870 2
1134 1374 -2
1134 1357 2
1134 1236 2
1134 1553 -2
1134 1831 -2
1134 1953 -2
1134 1577 -2
1135 1955 -2
1135 1429 2
1135 1419 2
1135 1683 -2
1135 1881 -2
1135 1533 2
1135 1399 -2
1135 1352 2
1135 1614 -2
1135 1209 -2
1135 1644 -2
1135 1275 2
1135 1733 2
1135 1437 2
1135 1314 -2
1135 1778 2
1136 1291 -2
1136 1962 -2
1136 1815 -2
1136 1992 2
1136 1966 2
1136 1226 -2
1136 1739 -2
1136 1432 -2
1136 1974 -2
1136 1459 2
1137 1917 -2
1137 1980 2
1137 1320 -2
1137 1572 2
1137 1483 -2
1137 1698 -2
1137 1667 2
1137 1477 -2
1137 1961 2
1137 1977 -2
1138 1599 -2
1138 1955 2
1138 1938 2
1138 1580 -2
1138 1507 2
1138 1728 -2
1138 1170 -2
1139 1471 2
1139 1283 -2
1139 1852 -2
1139 1666 2
1139 1144 2
1139 1282 2
1139 1932 -2
1139 1642 2
1139 1546 2
1139 1339 -2
1139 1317 -2
1140 1541 2
1140 1825 -2
1140 1961 2
1140 1564 -2
1140 1506 2
1140 1866 -2
1141 1471 -2
1141 1675 -2
1141 1349 2
1141 1361 -2
1141 1937 2
1141 1575 2
1141 1192 2
1141 1417 -2
1141 1466 -2
1141 1211 -2
1141 1414 2
1142 1889 -2
1142 1949 2
1142 1557 2
1142 1618 -2
1142 1216 2
1142 1508 -2
1142 1930 -2
1143 1332 2
1143 1878 -2
1143 1324 -2
1143 1319 2
1143 1443 2
1143 1545 -2
1143 1350 2
1143 1453 -2
1143 1515 -2
1143 1532 -2
1143 1654 2
1143 1292 2
1144 1851 -2
1144 1912 2
1144 1369 2
1144 1496 -2
1144 1728 2
1144 1628 2
1144 1600 2
1145 1717 2
1145 1243 -2
1145 1750 2
1145 1538 2
1145 1842 -2
1145 1549 -2
1145 1956 -2
1146 1806 2
1146 1916 -2
1146 1394 -2
1146 1429 -2
1146 1968 2
1146 1325 2
1146 1520 2
1146 1389 2
1147 1886 -2
1147 1752 2
1147 1340 -2
1147 1906 2
1147 1953 2
1147 1954 2
1147 1554 2
1147 1624 -2
1148 1697 2
1148 1423 2
1148 1586 2
1148 1376 2
1148 1500 2
1148 1253 2
1148 1970 2
1148 1532 2
1148 1427 2
1148 1892 2
1148 1853 2
1148 1242 -2
1148 1944 2
1149 1471 -2
1149 1255 2
1149 1858 -2
1149 1511 -2
1149 1827 -2
1149 1228 -2
1149 1334 2
1150 1714 2
1150 1649 -2
1150 1160 2
1150 1880 2
1150 1249 -2
1150 1299 -2
1150 1301 2
1150 1973 2
1150 1242 2
1150 1384 -2
1151 1660 -2
1151 1414 2
1151 1792 -2
1151 1442 2
1151 1467 -2
1151 1706 -2
1151 1571 -2
1151 1844 -2
1151 1388 -2
1151 1651 2
1151 1787 2
1151 1929 -2
1152 1968 2
1152 1258 -2
1152 1912 2
1152 1379 -2
1152 1599 -2
1152 1200 -2
1153 1392 2
1153 1726 -2
1153 1438 2
1153 1321 2
1153 1795 -2
1153 1543 2
1153 1590 2
1153 1632 -2
1153 1515 2
1154 1159 2
1154 1471 2
1154 1466 2
1154 1432 -2
1154 1988 -2
1154 1777 -2
1155 1319 -2
1155 1418 2
1155 1863 -2
1155 1902 2
1156 1382 2
1156 1901 -2
1156 1207 2
1156 1618 2
1156 1609 -2
1156 1873 -2
1156 1798 -2
1156 1333 -2
1156 1439 -2
1156 1683 2
1157 1852 -2
1157 1291 2
1157 1437 2
1157 1481 -2
1157 1693 -2
1157 1419 -2
1157 1851 -2
1158 1237 2
1158 1877 -2
1158 1927 2
1158 1316 2
1158 1230 2
1158 1677 -2
1158 1928 2
1158 1906 -2
1158 1924 -2
1158 1368 2
1159 1543 2
1159 1218 2
1159 1883 -2
1159 1286 -2
1159 1863 2
1159 1918 2
1159 1294 2
1159 1773 -2
1159 1427 2
1159 1460 2
1160 1186 2
1160 1701 2
1160 1471 -2
1160 1452 2
1160 1851 2
1160 1411 -2
1160 1376 -2
1160 1354 2
1160 1222 -2
1160 1715 -2
1160 1323 2
1161 1456 -2
1161 1538 -2
1161 1545 2
1161 1985 -2
1161 1217 -2
1162 1964 -2
1162 1538 2
1162 1835 2
1162 1475 -2
1162 1857 2
1162 1512 -2
1162 1875 2
1162 1961 -2
1162 1408 2
1162 1271 -2
1162 1768 2
1163 1535 2
1163 1292 -2
1163 1590 2
1163 1279 -2
1163 1969 -2
1163 1646 2
1163 1278 2
1163 1442 -2
1163 1863 -2
1163 1910 -2
1163 1837 -2
1163 1658 2
1164 1477 2
1164 1310 2
1164 1171 2
1164 1332 2
1164 1379 -2
1164 1168 2
1164 1401 -2
1164 1988 -2
1164 1711 -2
1164 1992 -2
1165 1934 -2
1165 1373 2
1165 1267 2
1165 1858 2
1165 1570 2
1165 1861 2
1165 1448 -2
1165 1204 -2
1165 1654 -2
1165 1290 2
1165 1651 2
1166 1447 -2
1166 1905 2
1166 1183 -2
1166 1593 -2
1166 1580 2
1166 1449 -2
1166 1495 2
1166 1441 -2
1166 1889 -2
1167 1319 2
1167 1848 2
1167 1351 -2
1167 1520 -2
1167 1782 2
1167 1320 -2
1167 1378 -2
1167 1754 2
1168 1956 -2
1168 1320 -2
1168 1971 2
1168 1349 2
1168 1265 -2
1168 1594 -2
1168 1196 -2
1168 1584 -2
1169 1644 2
1169 1507 2
1169 1928 -2
1169 1664 2
1169 1332 2
1169 1725 -2
1169 1856 2
1169 1430 2
1170 1896 -2
1170 1719 2
1170 1690 2
1170 1302 2
1170 1464 -2
1170 1873 -2
1170 1816 2
1170 1264 -2
1170 1563 -2
1170 1805 2
1170 1748 2
1170 1292 -2
1170 1287 2
1171 1227 -2
1171 1891 -2
1171 1926 2
1171 1559 2
1171 1998 2
1171 1826 2
1171 1441 2
1171 1275 -2
1171 1636 -2
1171 1747 2
1171 1792 2
1171 1406 2
1171 1373 -2
1171 1664 -2
1172 1233 -2
1172 1977 2
1172 1278 -2
1172 1400 -2
1172 1407 -2
1172 1602 -2
1172 1346 2
1173 1905 2
1173 1602 -2
1173 1803 -2
1173 1956 2
1173 1403 2
1173 1883 -2
1173 1614 -2
1173 1339 2
1174 1463 2
1174 1208 2
1174 1413 2
1174 1288 2
1174 1534 2
1175 1581 -2
1175 1332 2
1175 1936 -2
1175 1817 2
1175 1377 -2
1175 1655 2
1175 1766 -2
1175 1321 2
1175 1646 2
1175 1975 -2
1176 1937 2
1176 1828 2
1176 1862 2
1176 1908 2
1177 1524 -2
1177 1319 -2
1177 1426 2
1177 1416 2
1177 1347 2
1178 1633 -2
1178 1600 2
1178 1724 -2
1178 1401 2
1178 1458 2
1178 1558 -2
1178 1922 2
1179 1868 -2
1179 1411 2
1179 1373 2
1179 1588 2
1180 1472 2
1180 1193 -2
1180 1879 2
1180 1887 2
1180 1621 -2
1180 1603 -2
1180 1443 2
1180 1855 2
1181 1648 2
1181 1727 -2
1181 1255 2
1181 1597 -2
1181 1685 -2
1181 1679 -2
1181 1244 -2
1181 1219 -2
1181 1610 2
1182 1737 -2
1182 1925 2
1182 1944 -2
1182 1911 2
1182 1249 -2
1182 1962 2
1182 1417 2
1182 1552 -2
1182 1963 2
1182 1954 -2
1183 1800 2
1183 1874 -2
1183 1561 -2
1183 1564 -2
1183 1217 -2
1183 1392 -2
1183 1753 2
1183 1312 -2
1183 1761 -2
1183 1321 -2
1184 1501 2
1184 1931 -2
1184 1626 -2
1184 1459 2
1184 1921 -2
1184 1246 -2
1184 1759 -2
1184 1483 2
1184 1962 -2
1185 1360 -2
1185 1620 -2
1185 1993 -2
1185 1375 -2
1185 1705 -2
1185 1823 2
1186 1475 -2
1186 1289 -2
1186 1235 2
1186 1698 -2
1186 1399 2
1186 1818 -2
1186 1732 -2
1187 1591 2
1187 1370 2
1187 1615 -2
1187 1878 2
1187 1675 -2
1187 1926 2
1187 1293 2
1187 1524 2
1187 1300 2
1188 1637 2
1188 1767 2
1188 1722 -2
1188 1987 2
1188 1939 2
1188 1202 -2
1189 1502 2
1189 1565 2
1189 1667 2
1189 1822 2
1189 1933 -2
1189 1351 2
1189 1261 2
1190 1243 2
1190 1915 2
1190 1809 2
1190 1278 2
1190 1530 2
1190 1959 2
1190 1645 -2
1190 1678 -2
1190 1412 -2
1191 1237 -2
1191 1427 -2
1191 1462 2
1191 1733 2
1191 1659 -2
1191 1738 2
1191 1506 2
1191 1790 2
1191 1446 2
1192 1473 2
1192 1536 2
1192 1800 -2
1192 1814 -2
1192 1897 2
1192 1832 -2
1192 1659 2
1192 1905 2
1192 1686 2
1193 1982 2
1193 1290 2
1193 1561 2
1193 1630 -2
1193 1250 2
1193 1622 -2
1193 1242 -2
1193 1758 -2
1193 1841 -2
1193 1654 2
1194 1612 -2
1194 1580 -2
1194 1879 2
1194 1996 2
1194 1423 2
1194 1599 -2
1194 1331 2
1194 1358 -2
1194 1531 -2
1195 1409 2
1195 1657 -2
1195 1937 2
1195 1241 -2
1195 1844 2
1195 1446 2
1195 1476 -2
1195 1297 2
1195 1410 2
1195 1231 2
1196 1659 -2
1196 1931 2
1196 1307 2
1196 1446 -2
1196 1298 -2
1196 1673 2
1196 1578 2
1196 1853 2
1197 1840 -2
1197 1785 -2
1197 1897 -2
1197 1446 2
1197 1353 -2
1197 1743 2
1197 1770 -2
1197 1482 -2
1197 1604 -2
1198 1597 -2
1198 1421 2
1198 1806 -2
1198 1584 2
1198 1733 2
1198 1488 2
1198 1680 2
1198 1262 -2
1199 1270 2
1199 1544 -2
1199 1430 2
1199 1731 2
1199 1476 2
1200 1902 2
1200 1691 2
1200 1981 -2
1200 1548 -2
1200 1837 2
1200 1439 -2
1200 1449 -2
1200 1245 -2
1200 1599 2
1200 1677 2
1201 1438 2
1201 1604 2
1201 1681 -2
1201 1702 -2
1201 1813 2
1201 1833 -2
1201 1699 2
1202 1831 -2
1202 1645 2
1202 1847 -2
1202 1761 2
1202 1914 -2
1202 1787 -2
1202 1735 2
1202 1246 -2
1202 1824 2
1202 1428 -2
1202 1427 -2
1202 1316 -2
1203 1794 -2
1203 1231 -2
1203 1335 2
1204 1231 2
1204 1717 2
1204 1473 -2
1204 1883 2
1204 1632 2
1204 1352 2
1204 1548 -2
1204 1880 -2
1205 1459 2
1205 1790 2
1205 1629 2
1205 1225 -2
1205 1352 -2
1205 1840 2
1205 1419 2
1206 1497 -2
1206 1731 2
1206 1728 2
1207 1662 -2
1207 1724 2
1207 1273 -2
1207 1629 -2
1207 1969 2
1207 1671 -2
1207 1547 -2
1208 1783 2
1208 1550 -2
1208 1730 2
1208 1511 -2
1209 1787 2
1209 1357 2
1209 1288 -2
1209 1244 2
1209 1870 2
1210 1896 2
1210 1998 2
1210 1514 -2
1210 1750 -2
1210 1576 -2
1210 1215 2
1210 1966 -2
1210 1323 2
1210 1529 2
1211 1575 2
1211 1488 2
1211 1256 2
1211 1414 -2
1211 1430 2
1211 1807 2
1211 1903 2
1211 1463 -2
1212 1571 -2
1212 1692 -2
1212 1741 2
1212 1753 2
1212 1354 2
1212 1587 2
1213 1653 2
1213 1280 -2
1213 1297 2
1213 1238 -2
1213 1735 -2
1213 1217 2
1213 1809 2
1214 1384 -2
1214 1970 2
1214 1886 -2
1214 1335 2
1214 1424 2
1214 1363 2
1215 1814 -2
1215 1751 -2
1215 1536 2
1215 1954 2
1215 1308 -2
1215 1957 -2
1215 1636 -2
1215 1757 2
1216 1410 -2
1216 1998 -2
1216 1677 -2
1216 1706 2
1216 1370 2
1216 1522 -2
1216 1438 2
1216 1501 -2
1216 1900 2
1216 1733 -2
1217 1631 2
1217 1291 -2
1217 1228 -2
1217 1466 2
1217 1551 -2
1217 1590 -2
1218 1937 -2
1218 1257 2
1218 1790 -2
1218 1569 2
1218 1930 2
1218 1832 -2
1218 1805 -2
1218 1662 -2
1218 1586 -2
1218 1725 -2
1218 1972 2
1219 1394 2
1219 1247 2
1219 1867 2
1219 1325 -2
1219 1336 2
1219 1887 -2
1219 1425 2
1219 1996 2
1219 1839 2
1220 1867 2
1220 1747 -2
1220 1972 2
1220 1403 2
1220 1286 -2
1220 1338 -2
1220 1668 2
1220 1673 2
1220 1843 -2
1221 1628 2
1221 1828 -2
1221 1575 2
1221 1678 2
1221 1726 -2
1221 1362 -2
1221 1939 -2
1221 1523 2
1222 1532 2
1222 1758 2
1222 1942 -2
1222 1626 2
1222 1483 -2
1222 1767 -2
1222 1970 2
1222 1478 -2
1222 1718 -2
1222 1555 2
1222 1949 -2
1222 1998 2
1222 1893 -2
1223 1326 -2
1223 1963 2
1223 1934 2
1223 1468 -2
1223 1904 2
1223 1957 2
1223 1297 2
1224 1779 2
1224 1750 2
1224 1613 -2
1224 1290 2
1224 1747 2
1224 1712 -2
1224 1330 -2
1224 1549 2
1224 1454 -2
1225 1369 2
1225 1784 -2
1225 1613 2
1225 1783 -2
1225 1270 -2
1226 1573 -2
1226 1926 2
1226 1719 -2
1226 1353 2
1227 1741 -2
1227 1228 -2
1227 1794 2
1227 1536 2
1227 1903 -2
1227 1942 2
1227 1638 -2
1227 1468 2
1227 1843 2
1227 1707 -2
1227 1554 -2
1227 1773 -2
1227 1657 -2
1228 1852 -2
1228 1675 -2
1228 1608 -2
1228 1394 2
1228 1367 -2
1228 1854 -2
1228 1521 2
1228 1943 -2
1228 1645 -2
1228 1533 2
1228 1475 -2
1228 1741 2
1228 1734 -2
1228 1276 -2
1229 1640 -2
1229 1422 -2
1229 1970 2
1229 1826 2
1230 1640 -2
1230 1738 2
1230 1916 2
1230 1973 -2
1230 1463 2
1231 1491 2
1231 1762 -2
1231 1806 -2
1231 1889 -2
1231 1665 -2
1231 1744 2
1232 1706 2
1232 1262 2
1232 1402 2
1232 1738 -2
1232 1829 2
1232 1498 2
1232 1648 -2
1232 1240 2
1232 1387 -2
1233 1567 2
1233 1573 2
1233 1933 -2
1233 1960 2
1233 1893 -2
1233 1306 -2
1233 1707 2
1233 1870 2
1234 1667 2
1234 1576 -2
1234 1823 -2
1234 1575 2
1234 1263 -2
1234 1757 -2
1234 1503 2
1234 1943 2
1235 1766 -2
1235 1484 -2
1235 1556 2
1236 1401 2
1236 1827 2
1236 1350 2
1236 1804 2
1236 1382 -2
1236 1544 2
1236 1966 -2
1236 1909 -2
1237 1349 -2
1237 1257 -2
1237 1731 -2
1237 1328 -2
1238 1857 -2
1238 1605 2
1238 1619 2
1238 1253 -2
1238 1676 -2
1238 1622 2
1238 1361 -2
1238 1880 2
1238 1989 2
1239 1595 -2
1239 1970 -2
1239 1687 2
1239 1328 2
1239 1515 -2
1239 1699 2
1239 1341 2
1239 1801 2
1239 1752 2
1240 1951 -2
1240 1329 2
1240 1841 -2
1240 1256 2
1240 1757 -2
1240 1621 2
1241 1324 2
1241 1790 -2
1241 1260 -2
1241 1289 -2
1241 1775 -2
1241 1303 2
1241 1407 2
1241 1821 -2
1241 1643 2
1242 1992 2
1242 1543 2
1242 1516 2
1242 1811 2
1242 1279 2
1243 1315 2
1243 1947 2
1243 1314 -2
1243 1431 -2
1243 1892 2
1243 1611 -2
1244 1800 2
1244 1557 2
1244 1415 2
1244 1321 2
1244 1471 -2
1244 1258 2
1244 1410 -2
1244 1602 2
1245 1818 -2
1245 1558 2
1245 1996 -2
1245 1390 2
1245 1978 -2
1246 1640 2
1246 1384 2
1246 1642 -2
1246 1564 2
1246 1851 2
1246 1562 -2
1246 1407 -2
1247 1308 -2
1247 1359 -2
1247 1647 -2
1247 1567 2
1247 1785 -2
1247 1898 -2
1247 1309 -2
1247 1549 2
1247 1443 2
1247 1704 2
1247 1465 -2
1247 1300 -2
1248 1360 2
1248 1961 -2
1248 1444 2
1248 1310 -2
1248 1438 2
1248 1680 -2
1249 1253 2
1249 1867 2
1249 1941 -2
1249 1465 -2
1249 1685 -2
1249 1785 2
1249 1914 -2
1249 1975 -2
1249 1283 2
1249 1792 2
1249 1573 2
1249 1902 2
1249 1332 -2
1250 1962 2
1250 1469 2
1250 1319 -2
1250 1330 -2
1250 1743 -2
1251 1928 -2
1251 1407 -2
1251 1734 -2
1251 1555 2
1251 1287 2
1251 1894 -2
1251 1634 2
1251 1787 2
1251 1768 2
1251 1859 2
1251 1755 -2
1251 1741 -2
1252 1745 2
1252 1328 2
1252 1262 -2
1252 1405 -2
1252 1542 -2
1252 1281 -2
1253 1699 2
1253 1983 2
1253 1417 2
1253 1561 2
1253 1608 -2
1253 1993 2
1253 1494 2
1254 1918 2
1254 1309 2
1254 1871 2
1254 1532 -2
1254 1915 -2
1254 1301 -2
1254 1949 2
1255 1541 2
1255 1949 2
1255 1984 2
1255 1703 -2
1255 1510 -2
1255 1534 -2
1255 1628 2
1255 1309 2
1256 1631 -2
1256 1578 -2
1256 1638 -2
1256 1708 2
1256 1500 -2
1256 1447 -2
1256 1964 2
1256 1864 2
1256 1431 2
1256 1333 -2
1256 1916 -2
1257 1520 -2
1257 1876 -2
1257 1969 2
1257 1674 -2
1257 1879 -2
1257 1850 2
1257 1445 -2
1257 1317 2
1257 1287 2
1257 1438 -2
1258 1717 2
1258 1326 -2
1258 1755 2
1258 1644 -2
1258 1346 -2
1259 1479 2
1259 1385 2
1259 1738 -2
1259 1941 2
1259 1815 -2
1259 1530 -2
1259 1763 -2
1259 1605 -2
1259 1516 2
1259 1379 2
1260 1565 -2
1260 1534 2
1260 1324 -2
1260 1525 -2
1260 1644 2
1260 1335 -2
1261 1800 -2
1261 1815 -2
1261 1489 -2
1261 1388 2
1261 1922 -2
1261 1714 2
1261 1862 2
1262 1731 -2
1262 1810 2
1262 1687 2
1262 1484 2
1262 1734 -2
1262 1461 2
1263 1393 2
1263 1774 2
1263 1637 2
1263 1857 -2
1263 1391 -2
1263 1968 -2
1263 1587 -2
1263 1829 2
1263 1660 2
1263 1409 -2
1263 1571 -2
1264 1389 2
1264 1650 -2
1264 1569 2
1264 1732 2
1264 1872 2
1264 1739 -2
1264 1291 -2
1264 1464 2
1265 1889 2
1265 1762 2
1265 1611 2
1265 1525 2
1265 1907 -2
1265 1588 2
1265 1362 2
1265 1609 2
1265 1512 2
1265 1317 -2
1265 1834 -2
1266 1885 2
1266 1686 -2
1266 1753 -2
1266 1412 -2
1266 1794 -2
1266 1663 2
1266 1444 -2
1266 1410 -2
1266 1691 2
1267 1288 2
1267 1536 2
1267 1874 -2
1267 1315 -2
1268 1741 -2
1268 1421 2
1268 1998 -2
1268 1358 2
1268 1313 -2
1268 1495 2
1269 1421 -2
1269 1415 -2
1269 1882 -2
1269 1965 2
1269 1870 2
1269 1966 -2
1270 1505 2
1270 1462 -2
1270 1646 2
1270 1766 -2
1270 1508 2
1270 1486 -2
1270 1724 -2
1271 1407 -2
1271 1792 -2
1271 1878 2
1271 1950 -2
1271 1859 -2
1271 1847 -2
1272 1621 2
1272 1375 2
1272 1559 2
1272 1942 2
1272 1476 -2
1272 1893 -2
1272 1284 2
1273 1425 2
1273 1652 -2
1273 1489 2
1273 1668 2
1273 1640 -2
1274 1776 2
1274 1601 -2
1275 1450 -2
1275 1834 2
1275 1478 -2
1275 1665 -2
1275 1335 2
1275 1697 2
1275 1654 2
1275 1909 -2
1276 1964 2
1276 1802 -2
1276 1418 -2
1276 1326 -2
1276 1784 -2
1276 1616 2
1276 1678 -2
1276 1857 2
1276 1465 -2
1276 1709 -2
1276 1913 2
1277 1443 -2
1277 1829 2
1277 1856 2
1277 1614 2
1277 1555 2
1277 1703 -2
1278 1989 2
1278 1912 2
1279 1806 2
1279 1784 -2
1279 1443 2
1279 1797 2
1279 1782 -2
1280 1342 2
1280 1506 2
1280 1565 -2
1280 1763 -2
1280 1771 2
1280 1398 2
1280 1975 -2
1280 1765 -2
1280 1476 -2
1280 1732 2
1281 1400 2
1281 1470 2
1281 1601 2
1281 1422 -2
1281 1900 2
1281 1285 2
1282 1924 -2
1282 1378 -2
1282 1567 -2
1282 1852 2
1282 1906 2
1283 1397 2
1283 1441 -2
1283 1654 -2
1283 1893 -2
1284 1447 2
1284 1685 -2
1284 1943 -2
1284 1342 2
1284 1367 -2
1284 1698 -2
1285 1380 -2
1285 1991 -2
1285 1634 -2
1285 1695 -2
1285 1574 -2
1285 1699 -2
1285 1922 -2
1285 1867 2
1285 1368 -2
1285 1326 2
1285 1623 -2
1286 1441 -2
1286 1578 2
1286 1990 2
1286 1365 2
1286 1521 -2
1286 1396 -2
1286 1477 -2
1286 1298 2
1286 1480 2
1287 1419 -2
1287 1895 2
1287 1560 -2
1287 1508 -2
1287 1527 -2
1287 1330 2
1288 1424 2
1288 1360 -2
1288 1770 2
1288 1292 -2
1288 1311 -2
1288 1999 2
1288 1659 2
1288 1779 2
1288 1429 2
1288 1309 -2
1288 1564 -2
1288 1706 -2
1288 1920 -2
1289 1916 2
1289 1829 -2
1289 1335 2
1289 1968 -2
1289 1486 -2
1289 1862 -2
1290 1902 -2
1290 1707 2
1290 1372 -2
1290 1905 2
1290 1581 -2
1290 1459 2
1290 1526 -2
1290 1541 -2
1290 1949 2
1290 1367 -2
1290 1723 2
1290 1984 2
1291 1816 -2
1291 1649 -2
1291 1937 2
1291 1970 2
1291 1818 -2
1291 1712 2
1291 1826 -2
1292 1822 -2
1292 1650 2
1292 1611 -2
1292 1306 -2
1292 1972 2
1292 1962 2
1292 1969 -2
1292 1542 2
1292 1498 2
1293 1595 2
1293 1306 -2
1293 1597 2
1293 1464 -2
1293 1865 2
1293 1796 -2
1293 1620 2
1293 1808 -2
1294 1979 2
1294 1459 -2
1294 1606 -2
1294 1540 2
1294 1645 -2
1294 1343 -2
1295 1780 2
1295 1645 -2
1295 1960 2
1295 1686 -2
1295 1804 2
1295 1405 -2
1295 1469 -2
1295 1341 -2
1295 1539 2
1296 1633 2
1296 1933 -2
1296 1892 2
1296 1331 2
1296 1302 2
1296 1497 2
1296 1689 -2
1296 1474 2
1296 1621 2
1296 1347 -2
1296 1421 -2
1296 1315 2
1296 1669 2
1296 1469 -2
1296 1500 2
1297 1521 -2
1297 1558 2
1297 1300 -2
1298 1884 -2
1298 1570 2
1298 1594 -2
1298 1339 -2
1298 1809 2
1299 1672 2
1299 1375 -2
1299 1856 -2
1299 1673 2
1299 1869 2
1299 1588 2
1300 1613 -2
1300 1894 2
1300 1369 2
1300 1328 2
1300 1788 2
1300 1346 2
1300 1641 -2
1300 1803 -2
1300 1332 2
1301 1961 2
1301 1380 -2
1301 1634 2
1302 1727 2
1302 1451 2
1302 1356 2
1302 1685 -2
1302 1502 -2
1302 1951 2
1302 1704 -2
1302 1455 2
1302 1331 -2
1302 1364 2
1303 1443 -2
1303 1475 -2
1303 1887 -2
1303 1996 -2
1303 1902 -2
1303 1727 -2
1303 1412 2
1303 1915 -2
1303 1960 -2
1303 1705 2
1303 1500 2
1304 1927 -2
1304 1706 -2
1304 1695 -2
1304 1496 2
1304 1328 2
1304 1483 -2
1305 1902 -2
1305 1727 -2
1305 1572 -2
1305 1608 -2
1305 1369 -2
1305 1538 -2
1305 1483 -2
1306 1555 -2
1306 1776 -2
1306 1912 -2
1306 1448 2
1306 1860 -2
1306 1541 2
1307 1735 2
1307 1860 2
1307 1866 2
1307 1310 2
1308 1803 -2
1308 1442 2
1308 1361 2
1308 1706 2
1308 1514 -2
1309 1962 2
1309 1682 2
1309 1762 2
1309 1667 -2
1309 1604 2
1309 1651 -2
1309 1503 2
1309 1469 -2
1309 1500 2
1309 1323 2
1309 1985 2
1309 1609 2
1310 1415 2
1310 1956 -2
1310 1561 2
1310 1394 -2
1310 1369 -2
1311 1599 -2
1311 1769 2
1312 1352 2
1312 1347 -2
1312 1808 -2
1312 1660 -2
1313 1653 2
1313 1504 2
1313 1515 2
1313 1824 -2
1313 1957 2
1313 1766 2
1314 1364 2
1314 1625 -2
1314 1994 2
1314 1944 -2
1314 1370 2
1314 1584 2
1315 1322 -2
1315 1717 2
1315 1935 2
1316 1556 2
1316 1982 2
1316 1886 -2
1316 1578 -2
1316 1890 2
1316 1401 2
1317 1771 -2
1317 1330 2
1317 1343 2
1318 1754 -2
1319 1675 -2
1319 1492 -2
1319 1814 2
1319 1646 2
1319 1481 -2
1319 1844 -2
1319 1868 -2
1320 1848 2
1320 1822 2
1320 1817 2
1320 1385 -2
1320 1398 2
1321 1352 -2
1321 1468 2
1321 1572 -2
1321 1781 -2
1321 1640 2
1321 1832 -2
1321 1568 -2
1321 1656 -2
1321 1560 -2
1322 1953 -2
1322 1610 -2
1322 1340 2
1323 1855 2
1323 1495 2
1323 1400 2
1323 1972 -2
1323 1381 2
1323 1695 2
1323 1518 -2
1324 1727 -2
1324 1706 -2
1324 1722 -2
1324 1836 -2
1324 1536 -2
1324 1408 -2
1324 1709 -2
1324 1779 -2
1324 1550 2
1324 1458 -2
1324 1719 2
1325 1531 2
1325 1414 2
1325 1418 -2
1325 1565 2
1325 1870 -2
1325 1591 2
1326 1823 2
1326 1489 -2
1326 1743 -2
1326 1842 2
1326 1509 -2
1326 1902 2
1327 1540 2
1327 1740 -2
1327 1756 2
1328 1665 -2
1328 1569 2
1328 1373 -2
1328 1640 -2
1328 1724 -2
1328 1928 2
1328 1588 2
1329 1743 -2
1329 1528 2
1329 1783 2
1329 1508 -2
1329 1339 2
1329 1960 2
1330 1338 -2
1330 1701 -2
1330 1909 2
1330 1977 -2
1330 1795 2
1330 1608 2
1331 1873 2
1331 1990 -2
1331 1669 2
1331 1726 -2
1331 1857 2
1331 1543 2
1331 1556 -2
1331 1634 -2
1332 1996 -2
1332 1354 -2
1332 1505 -2
1332 1766 -2
1332 1647 2
1332 1997 2
1332 1933 -2
1332 1556 -2
1332 1613 -2
1332 1745 2
1332 1412 -2
1332 1836 2
1332 1847 2
1332 1685 -2
1333 1579 2
1333 1512 2
1333 1535 2
1333 1951 -2
1333 1851 -2
1333 1717 2
1334 1717 -2
1334 1794 -2
1334 1665 -2
1334 1813 2
1334 1549 2
1334 1476 -2
1334 1370 -2
1334 1400 -2
1334 1955 -2
1334 1932 -2
1334 1696 -2
1335 1650 2
1335 1626 2
1335 1745 2
1335 1833 -2
1335 1381 2
1335 1593 2
1335 1820 2
1336 1479 -2
1336 1751 2
1336 1908 2
1336 1815 2
1336 1475 2
1337 1574 2
1337 1601 2
1337 1860 -2
1337 1586 2
1337 1564 2
1337 1669 -2
1337 1636 2
1337 1746 -2
1338 1476 2
1338 1898 -2
1338 1353 2
1339 1405 -2
1339 1892 2
1339 1373 2
1339 1753 -2
1339 1834 2
1339 1473 2
1339 1658 -2
1340 1990 -2
1340 1740 -2
1340 1616 -2
1340 1470 -2
1340 1959 2
1340 1422 2
1340 1796 -2
1340 1820 2
1340 1592 2
1340 1957 -2
1340 1595 -2
1340 1684 -2
1340 1985 -2
1341 1364 -2
1341 1588 -2
1341 1371 2
1341 1441 -2
1341 1390 2
1341 1690 -2
1341 1404 -2
1341 1815 2
1342 1581 -2
1342 1893 2
1342 1443 2
1342 1849 2
1342 1841 2
1342 1591 -2
1342 1585 2
1343 1918 2
1343 1583 -2
1344 1959 2
1344 1941 2
1344 1626 2
1344 1839 -2
1344 1888 -2
1345 1410 -2
1345 1619 2
1345 1772 -2
1345 1697 2
1345 1451 2
1345 1614 -2
1345 1928 -2
1345 1776 2
1345 1625 -2
1345 1855 2
1345 1937 -2
1345 1590 2
1345 1412 2
1345 1996 2
1345 1864 -2
1345 1618 2
1346 1577 -2
1346 1651 2
1346 1741 2
1346 1552 -2
1346 1381 -2
1346 1517 2
1346 1743 2
1346 1701 2
1347 1398 2
1347 1723 -2
1347 1855 2
1347 1495 -2
1348 1470 2
1348 1581 2
1348 1566 2
1348 1684 2
1348 1439 2
1348 1853 2
1348 1769 2
1350 1921 2
1350 1950 2
1350 1676 -2
1350 1997 -2
1350 1555 -2
1350 1375 2
1351 1579 -2
1351 1996 -2
1351 1687 -2
1351 1358 2
1352 1763 2
1352 1806 2
1352 1499 -2
1352 1702 -2
1352 1639 -2
1352 1604 -2
1352 1967 -2
1352 1956 2
1352 1691 2
1352 1905 -2
1352 1450 -2
1353 1906 2
1353 1991 -2
1353 1975 -2
1353 1540 2
1354 1716 2
1354 1800 2
1354 1862 -2
1354 1664 -2
1354 1381 -2
1354 1931 -2
1355 1747 2
1355 1994 2
1355 1427 -2
1355 1748 -2
1355 1753 2
1356 1582 2
1356 1604 2
1356 1843 -2
1356 1430 2
1356 1890 2
1357 1891 -2
1357 1671 2
1357 1460 -2
1357 1667 -2
1357 1841 -2
1357 1757 -2
1357 1982 2
1357 1428 -2
1358 1814 2
1358 1540 2
1358 1958 2
1358 1395 -2
1358 1899 2
1358 1795 -2
1359 1630 -2
1359 1561 -2
1359 1361 -2
1359 1397 2
1360 1884 2
1360 1894 -2
1360 1463 -2
1360 1594 -2
1360 1508 -2
1360 1504 2
1361 1896 2
1361 1477 -2
1361 1651 -2
1361 1451 2
1361 1840 -2
1361 1808 2
1361 1809 -2
1361 1611 -2
1361 1798 2
1362 1712 -2
1362 1691 -2
1362 1846 2
1362 1916 -2
1362 1734 2
1363 1837 -2
1363 1686 2
1363 1525 -2
1363 1457 2
1363 1509 2
1363 1404 2
1363 1615 -2
1363 1649 -2
1364 1979 -2
1364 1507 -2
1364 1544 -2
1364 1984 2
1364 1826 -2
1364 1366 2
1364 1910 -2
1364 1769 2
1365 1479 -2
1365 1708 2
1365 1773 -2
1365 1876 -2
1365 1926 -2
1365 1816 -2
1365 1654 -2
1365 1966 2
1365 1839 2
1366 1896 -2
1366 1937 2
1366 1631 2
1366 1739 2
1366 1784 2
1366 1889 -2
1366 1458 2
1366 1898 -2
1367 1399 2
1367 1888 2
1367 1901 -2
1367 1965 -2
1367 1906 2
1368 1802 2
1368 1551 -2
1368 1740 2
1369 1964 -2
1369 1859 -2
1369 1526 -2
1370 1735 -2
1370 1584 -2
1370 1425 -2
1370 1513 2
1370 1604 -2
1370 1647 2
1370 1399 -2
1370 1986 2
1371 1985 2
1371 1414 2
1371 1486 -2
1372 1394 2
1372 1514 -2
1373 1696 2
1373 1693 -2
1373 1648 2
1373 1640 -2
1373 1788 2
1373 1935 2
1373 1623 -2
1374 1496 -2
1374 1770 2
1374 1486 -2
1374 1677 -2
1375 1745 2
1375 1794 -2
1375 1385 2
1375 1946 2
1376 1666 -2
1376 1783 -2
1376 1941 -2
1376 1900 2
1376 1646 -2
1376 1530 2
1377 1616 2
1377 1384 2
1377 1706 2
1377 1782 2
1377 1577 2
1378 1844 -2
1378 1942 2
1378 1855 2
1379 1492 2
1379 1771 -2
1379 1497 2
1379 1525 2
1379 1446 -2
1379 1901 -2
1380 1838 2
1380 1990 -2
1380 1621 -2
1380 1787 -2
1380 1667 -2
1380 1437 -2
1380 1886 -2
1380 1795 -2
1381 1408 2
1381 1743 2
1381 1627 2
1381 1860 -2
1381 1454 2
1381 1653 -2
1381 1821 -2
1381 1929 2
1381 1646 -2
1381 1876 -2
1382 1899 -2
1382 1483 -2
1383 1578 -2
1383 1714 -2
1383 1896 -2
1383 1967 -2
1383 1737 -2
1383 1785 2
1384 1426 -2
1384 1775 2
1384 1789 -2
1384 1483 -2
1384 1909 -2
1384 1493 -2
1385 1741 2
1385 1801 2
1385 1720 -2
1385 1646 -2
1385 1948 -2
1386 1826 -2
1386 1960 2
1386 1516 -2
1386 1578 2
1386 1898 -2
1386 1963 2
1386 1486 -2
1386 1450 2
1387 1504 -2
1387 1714 2
1387 1517 -2
1387 1722 2
1387 1779 -2
1387 1606 2
1387 1980 -2
1387 1579 2
1387 1805 -2
1387 1461 -2
1388 1679 -2
1388 1750 2
1388 1507 -2
1388 1586 -2
1388 1589 2
1388 1419 -2
1388 1706 -2
1389 1687 2
1389 1772 -2
1389 1758 -2
1389 1954 2
1390 1896 -2
1390 1615 2
1390 1516 -2
1390 1775 2
1390 1906 -2
1391 1917 -2
1391 1642 2
1391 1506 2
1391 1945 2
1391 1470 2
1392 1714 -2
1392 1795 -2
1392 1898 -2
1392 1963 2
1392 1663 2
1392 1399 -2
1392 1920 -2
1393 1576 2
1393 1452 -2
1393 1853 -2
1393 1555 2
1393 1611 2
1393 1637 2
1393 1729 -2
1394 1962 -2
1394 1443 -2
1394 1778 -2
1394 1666 2
1394 1943 2
1394 1922 -2
1394 1920 2
1394 1901 2
1395 1906 2
1395 1586 2
1395 1786 -2
1396 1490 -2
1396 1595 -2
1396 1712 2
1396 1838 -2
1396 1892 -2
1396 1432 -2
1396 1774 -2
1396 1416 -2
1396 1618 -2
1396 1926 2
1397 1502 2
1397 1877 2
1397 1993 -2
1397 1642 2
1398 1723 -2
1398 1713 -2
1398 1664 -2
1398 1399 -2
1398 1497 2
1398 1756 2
1398 1961 2
1398 1634 2
1398 1825 -2
1399 1844 2
1399 1655 2
1399 1751 -2
1399 1594 2
1399 1547 -2
1399 1878 2
1399 1470 -2
1399 1770 2
1399 1494 -2
1400 1478 -2
1400 1512 2
1400 1697 -2
1400 1495 2
1400 1676 -2
1401 1623 -2
1401 1842 -2
1401 1802 -2
1401 1859 2
1401 1918 -2
1401 1889 2
1401 1476 -2
1401 1729 2
1402 1520 -2
1402 1436 -2
1402 1710 -2
1402 1501 2
1402 1988 -2
1403 1461 -2
1403 1791 2
1403 1654 -2
1403 1724 2
1403 1867 2
1403 1726 -2
1403 1881 -2
1404 1908 -2
1404 1805 2
1404 1909 -2
1404 1938 2
1404 1889 2
1405 1847 2
1405 1924 -2
1405 1713 2
1405 1570 -2
1405 1767 -2
1405 1956 -2
1405 1905 2
1406 1538 -2
1406 1545 -2
1406 1875 -2
1406 1677 2
1406 1990 2
1407 1777 2
1407 1716 2
1407 1891 2
1407 1883 -2
1407 1945 2
1407 1546 -2
1408 1810 2
1408 1439 -2
1408 1416 -2
1408 1539 -2
1409 1945 2
1409 1470 2
1409 1786 2
1409 1713 -2
1409 1425 -2
1409 1449 2
1410 1917 2
1410 1607 -2
1410 1703 -2
1410 1545 -2
1411 1912 -2
1411 1659 -2
1411 1968 2
1411 1433 -2
1411 1412 -2
1411 1437 -2
1411 1995 -2
1412 1816 -2
1412 1784 -2
1412 1597 2
1413 1967 2
1413 1599 2
1413 1682 -2
1413 1881 2
1413 1758 2
1413 1745 -2
1413 1639 2
1413 1792 -2
1413 1892 2
1413 1844 2
1414 1524 -2
1414 1630 2
1414 1463 2
1414 1890 2
1414 1496 2
1414 1742 -2
1414 1946 -2
1414 1698 2
1414 1761 2
1414 1798 -2
1414 1661 2
1414 1775 -2
1415 1563 2
1415 1975 -2
1415 1730 2
1415 1624 2
1415 1471 -2
1416 1518 2
1416 1874 -2
1416 1695 2
1416 1443 -2
1416 1698 2
1417 1713 -2
1417 1940 2
1417 1750 -2
1417 1492 -2
1417 1721 -2
1417 1539 -2
1418 1636 2
1418 1454 2
1418 1736 -2
1419 1896 2
1419 1881 2
1419 1780 2
1419 1788 2
1419 1611 -2
1420 1532 2
1420 1551 2
1421 1645 -2
1421 1852 -2
1421 1951 2
1421 1967 -2
1421 1522 -2
1421 1986 -2
1421 1799 -2
1422 1817 -2
1422 1458 -2
1422 1771 2
1422 1436 -2
1422 1609 2
1423 1522 2
1423 1760 2
1423 1904 2
1423 1627 2
1424 1531 2
1424 1594 2
1424 1796 -2
1424 1724 2
1424 1705 -2
1424 1855 -2
1424 1702 -2
1424 1791 -2
1425 1938 -2
1425 1515 2
1425 1761 -2
1425 1706 2
1426 1716 2
1426 1908 -2
1426 1839 2
1426 1700 -2
1426 1782 -2
1426 1834 2
1426 1695 -2
1426 1972 -2
1427 1936 -2
1427 1849 -2
1427 1607 -2
1427 1517 2
1427 1551 -2
1427 1474 2
1427 1569 2
1427 1472 -2
1427 1516 2
1427 1519 2
1428 1943 -2
1428 1733 -2
1428 1654 2
1428 1843 -2
1429 1637 -2
1429 1866 -2
1429 1639 2
1429 1603 2
1430 1893 2
1430 1511 2
1430 1492 2
1430 1980 2
1430 1536 2
1430 1711 -2
1431 1837 2
1431 1550 -2
1431 1821 2
1432 1670 2
1432 1525 2
1432 1545 2
1432 1975 2
1432 1663 -2
1433 1529 2
1433 1711 -2
1433 1938 2
1433 1995 -2
1433 1867 2
1433 1797 -2
1433 1485 2
1434 1913 -2
1434 1702 2
1434 1830 -2
1434 1721 -2
1434 1683 -2
1434 1899 2
1434 1491 2
1434 1745 2
1435 1822 -2
1435 1924 2
1435 1906 -2
1435 1666 2
1435 1491 -2
1436 1512 -2
1436 1909 -2
1437 1919 2
1437 1586 2
1437 1677 2
1437 1838 2
1437 1855 -2
1437 1640 -2
1437 1607 -2
1438 1697 -2
1438 1784 -2
1438 1799 -2
1438 1866 2
1439 1624 -2
1439 1989 -2
1439 1898 -2
1439 1687 -2
1439 1679 2
1439 1772 -2
1440 1556 2
1440 1587 2
1440 1544 2
1440 1772 2
1440 1978 -2
1440 1969 2
1441 1655 -2
1441 1578 2
1441 1609 2
1441 1893 2
1442 1926 2
1442 1727 2
1442 1519 -2
1442 1616 2
1442 1945 2
1442 1889 -2
1442 1668 2
1442 1736 -2
1442 1598 -2
1443 1599 -2
1443 1522 -2
1443 1966 -2
1444 1973 -2
1444 1682 -2
1444 1556 2
1445 1733 -2
1445 1975 -2
1445 1700 2
1445 1557 2
1445 1645 2
1445 1684 2
1445 1723 -2
1445 1474 -2
1446 1488 2
1446 1863 -2
1446 1955 2
1446 1926 -2
1447 1825 2
1447 1612 -2
1447 1701 2
1448 1715 -2
1448 1824 2
1448 1598 2
1448 1555 -2
1448 1595 2
1448 1852 -2
1449 1798 2
1449 1921 -2
1450 1457 -2
1450 1631 -2
1450 1750 -2
1451 1825 2
1451 1997 -2
1451 1902 -2
1451 1819 -2
1451 1533 -2
1451 1921 2
1451 1815 2
1451 1911 2
1452 1680 2
1452 1543 -2
1452 1700 2
1453 1637 2
1453 1791 -2
1453 1742 2
1453 1558 -2
1453 1784 2
1453 1711 -2
1453 1754 2
1454 1477 -2
1454 1697 2
1454 1856 -2
1454 1900 2
1454 1574 -2
1455 1690 -2
1455 1999 2
1455 1889 -2
1455 1765 2
1455 1726 -2
1455 1993 2
1455 1817 2
1456 1962 -2
1456 1534 -2
1456 1908 2
1456 1979 2
1456 1805 2
1456 1459 2
1456 1481 2
1457 1963 -2
1457 1933 -2
1457 1571 2
1457 1536 2
1457 1801 2
1458 1949 2
1458 1717 2
1458 1618 -2
1459 1596 2
1459 1536 2
1459 1878 -2
1459 1538 2
1459 1568 -2
1460 1950 2
1460 1929 -2
1460 1760 -2
1461 1671 2
1461 1645 -2
1461 1697 2
1461 1857 -2
1461 1639 -2
1461 1579 -2
1461 1731 2
1461 1715 2
1462 1850 2
1462 1648 -2
1462 1479 -2
1462 1736 2
1462 1570 -2
1462 1931 2
1462 1555 -2
1462 1751 -2
1463 1489 -2
1463 1811 -2
1463 1728 -2
1463 1696 -2
1463 1750 -2
1463 1873 -2
1463 1878 -2
1464 1776 -2
1464 1544 2
1464 1555 -2
1464 1610 2
1464 1701 2
1464 1604 2
1464 1741 -2
1464 1895 -2
1464 1642 -2
1465 1649 -2
1465 1684 -2
1466 1790 2
1466 1615 -2
1466 1682 2
1467 1556 2
1467 1608 2
1467 1850 2
1467 1978 -2
1467 1618 -2
1467 1856 2
1468 1624 -2
1468 1761 2
1468 1844 -2
1468 1539 -2
1469 1538 2
1469 1530 -2
1469 1690 2
1469 1749 -2
1469 1917 2
1470 1949 -2
1470 1678 -2
1470 1956 2
1470 1828 2
1470 1485 -2
1471 1706 -2
1471 1653 -2
1471 1887 2
1471 1686 -2
1471 1571 -2
1471 1833 -2
1472 1523 2
1472 1669 -2
1472 1851 2
1472 1721 -2
1473 1650 2
1473 1692 -2
1473 1693 2
1473 1997 -2
1473 1639 -2
1474 1674 2
1474 1601 2
1474 1634 2
1474 1597 2
1474 1828 2
1474 1805 -2
1474 1930 2
1474 1891 -2
1475 1700 -2
1475 1759 -2
1475 1709 -2
1475 1609 -2
1475 1659 -2
1475 1477 2
1476 1846 2
1476 1648 2
1476 1711 2
1476 1915 -2
1476 1793 -2
1477 1767 2
1477 1996 2
1477 1984 2
1477 1573 -2
1477 1792 -2
1478 1767 -2
1478 1872 2
1478 1598 -2
1478 1506 -2
1478 1944 -2
1478 1682 2
1478 1894 2
1478 1543 2
1479 1698 2
1479 1921 2
1479 1614 2
1479 1522 2
1480 1515 -2
1480 1642 2
1480 1844 2
1480 1601 2
1480 1697 2
1480 1799 2
1481 1776 -2
1481 1964 -2
1482 1973 -2
1482 1902 -2
1482 1858 2
1482 1635 -2
1482 1659 -2
1483 1883 -2
1483 1706 -2
1483 1794 2
1483 1629 -2
1483 1952 2
1483 1803 -2
1483 1596 2
1483 1679 -2
1483 1797 2
1484 1875 -2
1484 1904 2
1484 1821 -2
1484 1556 -2
1484 1574 -2
1484 1829 2
1484 1581 -2
1485 1840 2
1485 1806 -2
1485 1517 2
1485 1533 2
1485 1734 2
1486 1755 -2
1486 1660 -2
1486 1790 2
1486 1817 -2
1487 1525 2
1487 1664 -2
1487 1967 -2
1488 1628 -2
1488 1941 2
1488 1643 -2
1489 1834 2
1489 1940 2
1489 1757 -2
1489 1774 2
1489 1632 -2
1489 1580 2
1489 1999 -2
1490 1674 -2
1490 1731 -2
1490 1861 2
1490 1882 -2
1490 1860 2
1490 1957 -2
1490 1715 -2
1491 1920 2
1491 1805 2
1491 1939 2
1491 1798 -2
1491 1693 -2
1491 1754 2
1491 1761 2
1492 1915 -2
1492 1839 2
1492 1522 -2
1492 1808 -2
1492 1699 2
1492 1629 -2
1492 1841 2
1492 1775 2
1493 1845 -2
1493 1600 2
1494 1704 2
1494 1545 2
1494 1703 -2
1494 1532 2
1494 1713 2
1495 1550 2
1495 1586 2
1495 1571 -2
1495 1591 -2
1496 1919 -2
1496 1981 -2
1496 1838 2
1496 1596 2
1496 1961 -2
1497 1810 2
1497 1650 2
1497 1604 2
1497 1765 -2
1497 1866 -2
1497 1583 -2
1498 1828 -2
1498 1860 -2
1498 1714 -2
1498 1584 2
1499 1686 2
1499 1527 2
1499 1979 -2
1499 1655 -2
1499 1765 2
1500 1632 -2
1500 1533 2
1500 1563 -2
1500 1572 -2
1501 1922 2
1501 1517 -2
1501 1502 -2
1501 1825 -2
1501 1725 2
1502 1590 2
1502 1906 2
1503 1637 -2
1503 1822 -2
1503 1888 2
1503 1970 -2
1503 1660 -2
1504 1946 -2
1504 1571 2
1504 1642 2
1504 1850 -2
1505 1759 -2
1505 1943 -2
1505 1893 2
1505 1659 2
1505 1651 2
1505 1962 2
1506 1585 -2
1506 1586 -2
1506 1618 -2
1506 1517 -2
1506 1581 2
1506 1881 -2
1507 1705 2
1507 1680 -2
1507 1952 2
1507 1635 2
1507 1707 -2
1508 1906 2
1508 1512 2
1509 1749 2
1509 1799 -2
1509 1646 -2
1509 1952 2
1510 1690 -2
1510 1703 -2
1510 1643 2
1510 1886 -2
1510 1608 2
1510 1815 -2
1511 1708 2
1511 1567 2
1511 1533 2
1512 1797 -2
1512 1981 2
1513 1778 -2
1513 1611 2
1513 1677 2
1514 1669 2
1514 1719 2
1514 1544 2
1514 1635 -2
1515 1794 -2
1515 1583 -2
1516 1817 2
1516 1702 2
1516 1846 2
1516 1974 -2
1516 1908 -2
1517 1853 -2
1517 1592 2
1517 1826 -2
1518 1520 2
1518 1984 -2
1518 1632 -2
1518 1718 -2
1518 1912 -2
1519 1881 -2
1519 1828 2
1520 1929 2
1520 1621 2
1520 1591 -2
1520 1931 2
1521 1905 2
1521 1544 -2
1521 1660 -2
1521 1757 -2
1522 1781 -2
1522 1979 -2
1522 1554 -2
1522 1843 -2
1522 1704 -2
1522 1664 2
1522 1854 2
1522 1789 -2
1523 1844 2
1523 1683 -2
1523 1843 -2
1523 1686 -2
1523 1621 -2
1523 1994 2
1524 1992 2
1524 1555 2
1524 1600 -2
1524 1831 -2
1524 1694 -2
1524 1814 2
1524 1575 2
1524 1873 2
1524 1883 -2
1525 1758 -2
1525 1532 -2
1525 1946 -2
1525 1912 2
1525 1565 2
1525 1878 2
1526 1680 2
1526 1745 -2
1526 1890 2
1527 1818 -2
1527 1915 -2
1527 1530 -2
1527 1775 2
1527 1590 -2
1527 1922 2
1527 1807 -2
1527 1559 2
1527 1816 2
1528 1682 -2
1528 1659 2
1528 1683 -2
1528 1588 -2
1528 1807 2
1528 1800 2
1529 1653 -2
1529 1570 2
1529 1837 2
1529 1629 -2
1529 1981 -2
1529 1924 -2
1529 1855 2
1530 1968 -2
1530 1744 2
1530 1967 2
1530 1637 2
1531 1973 -2
1531 1911 -2
1531 1693 2
1531 1958 2
1532 1562 -2
1533 1699 -2
1533 1758 -2
1533 1891 -2
1533 1882 2
1534 1962 2
1534 1772 2
1534 1875 2
1534 1552 2
1534 1979 2
1535 1690 -2
1535 1638 2
1535 1718 2
1535 1799 -2
1535 1843 2
1536 1540 -2
1536 1691 -2
1536 1694 2
1536 1766 2
1536 1686 -2
1536 1787 -2
1536 1975 -2
1536 1616 -2
1537 1575 -2
1537 1862 -2
1537 1984 2
1537 1888 -2
1537 1721 -2
1537 1665 2
1538 1736 2
1538 1838 -2
1538 1933 -2
1538 1914 -2
1538 1962 2
1538 1948 -2
1538 1649 2
1539 1818 -2
1539 1924 2
1539 1663 -2
1539 1798 -2
1540 1613 -2
1540 1929 2
1540 1716 2
1540 1986 2
1541 1876 2
1542 1572 2
1542 1826 2
1542 1948 -2
1543 1923 2
1543 1696 2
1543 1880 -2
1543 1695 2
1543 1877 -2
1544 1632 -2
1544 1785 2
1544 1760 -2
1545 1576 2
1545 1766 -2
1545 1591 -2
1546 1987 -2
1546 1577 2
1546 1949 -2
1546 1717 2
1547 1842 2
1547 1929 -2
1547 1550 -2
1547 1880 2
1547 1663 -2
1548 1771 -2
1548 1793 -2
1548 1596 2
1548 1937 2
1549 1689 -2
1549 1989 2
1549 1914 -2
1549 1751 2
1550 1696 -2
1550 1661 2
1550 1601 -2
1551 1806 -2
1551 1657 2
1551 1746 -2
1552 1999 -2
1552 1740 2
1552 1683 -2
1552 1702 2
1552 1949 -2
1553 1614 -2
1553 1803 2
1553 1680 -2
1554 1590 -2
1554 1995 2
1554 1851 -2
1554 1908 2
1554 1598 2
1555 1645 2
1555 1643 2
1555 1866 -2
1555 1941 -2
1556 1939 2
1556 1573 -2
1556 1779 2
1556 1601 -2
1557 1816 -2
1557 1657 -2
1557 1595 -2
1558 1565 2
1558 1653 -2
1558 1946 2
1559 1788 -2
1559 1644 -2
1559 1834 2
1559 1653 -2
1559 1669 2
1560 1760 2
1560 1728 2
1560 1563 -2
1560 1584 2
1560 1598 -2
1560 1576 2
1561 1704 -2
1561 1634 2
1561 1642 -2
1561 1993 -2
1561 1579 -2
1561 1705 2
1561 1908 -2
1562 1764 2
1562 1805 -2
1562 1722 -2
1562 1792 -2
1562 1945 -2
1563 1979 2
1563 1964 2
1563 1705 -2
1563 1567 -2
1563 1889 -2
1563 1575 2
1563 1583 2
1563 1595 -2
1564 1667 -2
1564 1653 -2
1564 1964 2
1564 1773 2
1565 1670 -2
1565 1690 -2
1565 1657 -2
1565 1619 -2
1565 1864 -2
1566 1964 -2
1566 1610 2
1566 1707 2
1567 1937 2
1567 1919 -2
1567 1705 2
1567 1672 -2
1568 1775 -2
1568 1602 2
1568 1946 -2
1569 1818 2
1569 1696 -2
1569 1817 -2
1569 1822 -2
1569 1938 2
1570 1598 -2
1570 1757 2
1570 1640 -2
1571 1933 -2
1572 1866 2
1572 1806 -2
1572 1582 -2
1572 1651 -2
1572 1647 2
1573 1769 -2
1573 1915 -2
1573 1853 2
1574 1869 -2
1574 1762 2
1574 1711 -2
1574 1652 2
1574 1698 2
1575 1820 -2
1575 1715 -2
1575 1657 -2
1576 1905 -2
1576 1666 2
1576 1951 -2
1576 1578 -2
1576 1984 -2
1576 1844 2
1577 1604 2
1577 1610 -2
1578 1785 -2
1578 1841 2
1578 1957 2
1578 1636 -2
1578 1622 -2
1578 1805 -2
1579 1777 2
1580 1963 2
1580 1943 2
1580 1967 2
1580 1584 -2
1580 1743 2
1581 1772 -2
1581 1974 -2
1581 1956 2
1581 1883 -2
1581 1787 -2
1582 1655 2
1582 1955 -2
1582 1741 2
1582 1695 2
1583 1662 2
1583 1677 2
1583 1951 -2
1584 1743 -2
1584 1613 2
1584 1619 2
1584 1931 2
1584 1986 2
1584 1860 -2
1584 1983 -2
1584 1822 2
1584 1630 2
1585 1705 -2
1585 1835 -2
1585 1744 -2
1585 1781 -2
1585 1847 2
1586 1743 2
1586 1987 2
1586 1974 -2
1586 1607 -2
1586 1838 2
1586 1709 2
1586 1904 -2
1586 1779 -2
1586 1633 -2
1587 1712 2
1587 1673 -2
1588 1782 2
1588 1920 -2
1588 1984 2
1588 1716 -2
1589 1763 -2
1589 1671 -2
1590 1923 -2
1590 1647 2
1590 1607 -2
1591 1951 -2
1591 1694 2
1592 1832 -2
1592 1787 2
1592 1854 -2
1593 1846 2
1593 1963 2
1594 1930 -2
1594 1801 -2
1594 1816 -2
1594 1790 -2
1595 1858 -2
1595 1767 -2
1595 1940 2
1596 1925 2
1596 1993 2
1596 1965 -2
1596 1933 2
1596 1613 2
1597 1740 2
1597 1824 -2
1597 1835 2
1598 1642 -2
1598 1627 -2
1598 1639 2
1598 1605 -2
1598 1802 2
1598 1603 2
1599 1915 2
1599 1988 2
1599 1999 2
1599 1991 2
1599 1800 -2
1599 1720 -2
1600 1717 -2
1600 1893 -2
1601 1744 2
1601 1880 2
1601 1813 -2
1601 1729 2
1601 1945 2
1602 1761 2
1602 1814 2
1602 1693 2
1602 1659 -2
1602 1941 2
1602 1858 2
1603 1655 2
1603 1700 -2
1603 1625 2
1603 1931 2
1603 1985 2
1603 1740 -2
1603 1873 -2
1603 1771 2
1604 1883 2
1604 1715 -2
1604 1743 -2
1605 1816 2
1605 1998 2
1605 1641 -2
1605 1613 2
1605 1868 -2
1605 1736 -2
1606 1886 -2
1606 1666 2
1606 1664 2
1607 1771 2
1607 1699 2
1608 1635 2
1608 1724 -2
1608 1901 2
1608 1651 2
1608 1690 2
1609 1770 2
1609 1801 2
1609 1775 2
1610 1750 -2
1610 1630 2
1610 1794 2
1611 1838 2
1611 1781 -2
1612 1957 2
1613 1910 -2
1613 1704 2
1614 1805 -2
1615 1732 2
1615 1753 -2
1615 1999 2
1616 1930 -2
1616 1684 -2
1616 1747 -2
1616 1891 2
1616 1966 2
1617 1858 2
1617 1886 2
1617 1913 -2
1618 1993 -2
1618 1886 2
1618 1624 -2
1618 1824 -2
1618 1768 -2
1618 1619 2
1618 1628 -2
1618 1764 2
1618 1877 2
1619 1864 -2
1619 1932 2
1619 1744 -2
1619 1799 2
1620 1885 -2
1620 1681 -2
1620 1741 2
1620 1992 -2
1621 1871 -2
1621 1982 2
1621 1730 -2
1621 1935 2
1621 1950 -2
1621 1785 -2
1621 1789 2
1622 1638 2
1622 1945 -2
1622 1725 -2
1622 1688 2
1622 1723 2
1623 1752 -2
1623 1807 -2
1623 1961 -2
1623 1871 -2
1623 1681 2
1624 1983 2
1624 1866 -2
1624 1688 2
1625 1626 2
1625 1810 -2
1626 1738 -2
1626 1928 -2
1626 1736 -2
1626 1978 2
1627 1852 -2
1627 1991 -2
1627 1653 2
1627 1973 -2
1627 1686 2
1627 1742 -2
1628 1869 -2
1628 1788 2
1628 1961 2
1628 1702 2
1629 1893 -2
1629 1904 2
1629 1856 2
1629 1665 2
1629 1757 2
1629 1804 -2
1630 1890 -2
1630 1669 -2
1630 1678 -2
1630 1840 2
1631 1798 -2
1631 1892 2
1631 1958 -2
1632 1840 -2
1632 1953 -2
1632 1861 2
1632 1933 2
1633 1887 2
1633 1754 2
1635 1818 -2
1635 1816 -2
1635 1832 -2
1635 1782 -2
1636 1856 -2
1637 1887 2
1637 1864 2
1637 1673 2
1637 1649 -2
1637 1934 2
1639 1911 -2
1639 1785 -2
1639 1709 2
1639 1783 -2
1639 1642 -2
1639 1816 2
1639 1696 2
1640 1665 -2
1641 1974 2
1641 1684 -2
1641 1887 -2
1641 1831 -2
1641 1670 -2
1641 1824 2
1642 1888 2
1642 1783 2
1642 1687 2
1642 1974 -2
1642 1735 -2
1642 1870 2
1642 1859 -2
1643 1652 -2
1643 1767 2
1643 1831 2
1643 1813 2
1644 1705 -2
1644 1949 2
1644 1885 2
1645 1745 -2
1645 1707 2
1645 1826 2
1646 1995 2
1646 1729 2
1646 1743 2
1646 1657 2
1647 1766 -2
1647 1901 -2
1647 1701 2
1647 1981 2
1647 1961 -2
1648 1673 2
1648 1771 -2
1648 1823 2
1648 1716 2
1648 1846 2
1648 1893 -2
1649 1727 2
1649 1936 -2
1649 1995 -2
1649 1907 2
1649 1988 2
1649 1838 -2
1649 1684 2
1649 1896 -2
1649 1883 -2
1650 1849 2
1650 1987 2
1650 1888 2
1650 1896 2
1650 1707 2
1650 1791 -2
1650 1777 -2
1650 1923 2
1650 1740 2
1651 1981 2
1651 1721 2
1651 1898 2
1651 1970 2
1651 1758 2
1651 1839 -2
1651 1941 -2
1651 1832 -2
1652 1805 -2
1652 1728 2
1653 1824 -2
1654 1984 -2
1654 1988 2
1654 1894 2
1654 1711 -2
1654 1990 2
1654 1812 2
1655 1956 2
1655 1979 2
1655 1868 2
1655 1750 -2
1655 1668 -2
1655 1888 2
1655 1812 -2
1656 1913 2
1656 1936 2
1656 1816 2
1656 1828 2
1657 1709 -2
1657 1753 2
1657 1977 2
1657 1740 2
1658 1803 -2
1659 1928 2
1659 1765 2
1659 1817 -2
1659 1730 2
1659 1951 -2
1659 1980 2
1659 1924 -2
1660 1736 2
1660 1893 -2
1660 1766 -2
1661 1748 2
1661 1998 2
1662 1730 2
1662 1871 -2
1662 1710 2
1662 1784 -2
1662 1762 -2
1662 1922 2
1662 1882 2
1662 1981 2
1663 1710 2
1663 1891 2
1663 1689 2
1663 1699 2
1664 1810 -2
1664 1749 2
1664 1705 -2
1664 1928 -2
1664 1969 -2
1664 1690 -2
1664 1759 2
1665 1882 2
1665 1810 -2
1665 1845 2
1665 1697 -2
1666 1689 2
1666 1752 2
1666 1778 2
1666 1703 2
1666 1842 2
1666 1764 2
1667 1793 2
1668 1909 -2
1668 1694 2
1669 1945 -2
1669 1889 -2
1669 1846 -2
1670 1925 -2
1670 1849 2
1670 1692 -2
1670 1970 2
1670 1919 -2
1670 1772 -2
1670 1779 -2
1671 1836 2
1671 1841 -2
1671 1810 -2
1671 1681 2
1672 1756 2
1672 1761 -2
1672 1864 2
1672 1816 -2
1672 1793 -2
1672 1957 -2
1672 1838 -2
1673 1845 -2
1673 1855 -2
1673 1742 2
1673 1932 2
1673 1898 -2
1673 1825 2
1673 1830 2
1673 1741 -2
1675 1940 2
1675 1720 2
1675 1816 2
1676 1757 -2
1676 1844 2
1676 1921 2
1677 1924 -2
1677 1784 -2
1678 1968 2
1678 1839 2
1678 1830 2
1679 1807 2
1679 1845 2
1681 1744 2
1681 1994 2
1681 1942 -2
1682 1934 2
1682 1967 2
1682 1892 -2
1682 1744 -2
1682 1687 -2
1682 1783 2
1683 1874 -2
1683 1959 2
1683 1751 2
1684 1969 2
1685 1833 -2
1685 1748 2
1685 1968 -2
1686 1977 -2
1686 1906 -2
1686 1781 2
1686 1863 2
1687 1892 2
1687 1749 2
1688 1874 2
1688 1940 -2
1688 1972 -2
1688 1839 2
1689 1880 2
1689 1697 2
1690 1949 -2
1690 1918 2
1690 1721 2
1690 1848 2
1691 1905 -2
1692 1853 2
1692 1850 -2
1692 1972 2
1692 1996 -2
1693 1876 -2
1694 1829 2
1694 1967 -2
1694 1743 -2
1695 1722 2
1695 1876 2
1695 1843 -2
1696 1942 2
1696 1870 -2
1697 1853 -2
1698 1878 2
1698 1811 -2
1698 1933 2
1698 1788 2
1698 1852 2
1698 1723 -2
1699 1810 2
1699 1752 -2
1699 1988 2
1699 1960 -2
1699 1982 -2
1699 1850 2
1700 1718 -2
1700 1933 -2
1700 1852 -2
1700 1887 -2
1701 1792 -2
1701 1872 2
1701 1808 -2
1701 1805 2
1701 1754 2
1701 1931 -2
1702 1775 -2
1702 1855 2
1702 1720 -2
1702 1868 -2
1702 1951 2
1703 1979 -2
1703 1733 -2
1703 1881 2
1703 1991 -2
1705 1755 2
1705 1981 -2
1705 1929 2
1705 1723 -2
1706 1846 -2
1706 1812 2
1706 1735 -2
1707 1708 -2
1707 1730 -2
1708 1937 2
1708 1749 2
1708 1887 2
1708 1712 -2
1709 1893 -2
1709 1997 -2
1709 1928 2
1710 1802 2
1710 1780 -2
1711 1731 -2
1711 1720 -2
1711 1987 2
1712 1964 2
1712 1783 2
1712 1899 -2
1713 1723 -2
1713 1756 -2
1713 1739 2
1714 1773 2
1714 1760 -2
1714 1778 2
1715 1867 2
1715 1833 -2
1715 1817 2
1715 1762 -2
1715 1986 2
1716 1747 -2
1716 1815 2
1716 1852 2
1716 1928 -2
1717 1873 2
1717 1970 2
1717 1760 -2
1718 1790 -2
1718 1909 2
1718 1916 2
1718 1939 -2
1718 1933 2
1719 1783 -2
1719 1903 2
1719 1885 -2
1721 1916 -2
1721 1810 -2
1721 1738 2
1722 1886 2
1722 1913 -2
1722 1866 -2
1722 1824 -2
1723 1825 -2
1723 1862 2
1723 1985 2
1723 1824 2
1723 1910 2
1725 1755 -2
1725 1901 2
1725 1864 2
1726 1839 2
1727 1862 -2
1727 1744 -2
1727 1951 -2
1727 1836 -2
1728 1865 2
1728 1763 2
1728 1890 2
1728 1795 -2
1729 1774 2
1729 1856 -2
1729 1826 2
1730 1885 -2
1730 1876 -2
1731 1809 -2
1731 1963 -2
1731 1930 2
1731 1803 -2
1731 1738 -2
1732 1946 2
1733 1848 2
1734 1955 -2
1734 1911 2
1735 1751 2
1736 1999 2
1736 1773 2
1736 1965 2
1737 1999 2
1737 1925 -2
1738 1781 2
1739 1782 -2
1739 1884 -2
1739 1839 -2
1739 1834 -2
1739 1970 -2
1740 1943 -2
1740 1919 2
1741 1826 -2
1741 1857 -2
1741 1916 -2
1742 1895 -2
1742 1991 2
1742 1842 -2
1742 1747 -2
1743 1914 -2
1743 1873 -2
1744 1897 -2
1744 1779 2
1744 1749 -2
1744 1827 2
1745 1914 -2
1745 1837 -2
1745 1776 -2
1746 1785 -2
1746 1798 2
1746 1843 -2
1747 1779 -2
1747 1905 2
1747 1880 2
1747 1863 -2
1747 1885 -2
1747 1854 -2
1748 1847 2
1749 1799 -2
1749 1760 -2
1749 1938 2
1749 1873 2
1750 1985 -2
1750 1996 -2
1750 1952 2
1750 1902 -2
1750 1869 2
1750 1827 -2
1751 1984 2
1751 1763 2
1751 1923 2
1751 1860 -2
1752 1768 2
1753 1847 2
1753 1985 2
1753 1793 -2
1753 1817 -2
1754 1897 -2
1755 1777 -2
1755 1763 -2
1755 1905 -2
1756 1937 2
1756 1898 2
1756 1881 -2
1757 1880 -2
1757 1845 -2
1758 1807 -2
1758 1916 -2
1758 1894 2
1758 1767 -2
1759 1978 -2
1761 1809 -2
1761 1984 2
1762 1935 -2
1762 1781 -2
1763 1815 -2
1763 1959 -2
1763 1806 -2
1764 1979 -2
1764 1769 2
1764 1867 2
1765 1766 2
1765 1886 -2
1766 1854 2
1766 1798 -2
1767 1982 2
1767 1923 2
1768 1999 -2
1768 1908 -2
1768 1850 -2
1769 1836 2
1769 1790 -2
1769 1988 2
1770 1900 -2
1770 1875 -2
1771 1854 2
1772 1798 2
1772 1887 2
1772 1917 -2
1773 1957 -2
1773 1809 2
1773 1894 2
1773 1979 2
1774 1793 2
1774 1956 2
1775 1985 2
1775 1915 2
1775 1874 2
1775 1954 -2
1776 1790 2
1776 1944 -2
1776 1901 -2
1777 1929 -2
1778 1933 -2
1778 1793 -2
1779 1911 2
1779 1949 2
1779 1861 -2
1780 1784 -2
1780 1883 -2
1780 1833 -2
1781 1804 2
1781 1985 -2
1781 1886 2
1782 1990 2
1783 1818 -2
1783 1849 2
1783 1814 -2
1783 1900 -2
1784 1930 -2
1784 1820 2
1785 1791 -2
1786 1882 2
1787 1936 -2
1788 1933 -2
1789 1835 -2
1789 1902 -2
1790 1804 -2
1790 1843 -2
1791 1943 2
1791 1853 -2
1791 1895 2
1791 1973 -2
1793 1995 -2
1793 1818 -2
1795 1893 2
1795 1930 -2
1796 1976 -2
1796 1947 2
1797 1911 -2
1797 1888 2
1797 1914 2
1797 1865 2
1797 1899 2
1799 1874 -2
1800 1992 2
1800 1989 2
1800 1882 2
1801 1860 -2
1801 1891 -2
1802 1905 2
1803 1916 -2
1804 1827 -2
1804 1893 -2
1805 1945 -2
1805 1895 2
1805 1909 2
1806 1922 2
1807 1882 2
1808 1831 2
1808 1962 -2
1809 1956 -2
1809 1858 2
1809 1899 -2
1810 1972 -2
1810 1945 -2
1811 1952 -2
1811 1853 2
1811 1906 -2
1812 1886 -2
1813 1907 -2
1813 1886 -2
1813 1977 2
1813 1837 2
1813 1903 -2
1814 1958 2
1814 1832 2
1814 1968 -2
1814 1925 2
1814 1837 2
1815 1987 2
1815 1852 2
1816 1944 2
1816 1859 2
1819 1956 2
1820 1915 2
1820 1942 2
1822 1911 -2
1822 1936 -2
1822 1839 -2
1823 1912 2
1824 1906 2
1825 1869 2
1825 1878 2
1825 1907 -2
1825 1964 2
1825 1967 -2
1826 1971 2
1827 1903 2
1827 1973 2
1827 1870 2
1828 1909 2
1828 1916 -2
1829 1904 -2
1829 1952 -2
1831 1907 -2
1832 1894 2
1833 1848 -2
1834 1857 2
1838 1917 -2
1839 1867 -2
1839 1980 -2
1840 1958 2
1841 1992 -2
1841 1961 -2
1841 1996 2
1843 1949 2
1844 1982 2
1845 1909 2
1846 1857 2
1846 1948 2
1846 1933 -2
1847 1904 -2
1848 1964 2
1848 1897 -2
1848 1908 -2
1850 1900 2
1852 1956 -2
1852 1969 -2
1853 1894 2
1854 1883 2
1854 1869 -2
1854 1969 2
1854 1898 -2
1855 1977 2
1856 1969 2
1856 1915 -2
1856 1963 2
1856 1974 2
1857 1918 2
1857 1879 2
1858 1867 -2
1859 1963 2
1859 1967 2
1861 1888 2
1862 1977 -2
1863 1890 2
1864 1988 2
1865 1901 -2
1865 1923 -2
1866 1890 2
1866 1935 -2
1867 1997 2
1868 1918 2
1870 1947 -2
1871 1930 -2
1872 1947 -2
1873 1999 2
1873 1968 -2
1873 1955 2
1874 1954 -2
1875 1977 2
1875 1969 2
1876 1958 2
1876 1906 -2
1876 1939 2
1877 1912 2
1881 1954 2
1883 1913 -2
1887 1935 2
1888 1963 2
1890 1961 -2
1891 1923 2
1891 1978 -2
1892 1914 2
1894 1928 -2
1896 1902 -2
1897 1973 -2
1897 1974 2
1897 1950 2
1899 1997 2
1900 1965 2
1900 1984 -2
1902 1960 2
1902 1999 -2
1903 1913 -2
1903 1920 2
1904 1960 -2
1905 1914 -2
1907 1987 2
1907 1998 2
1908 1968 -2
1909 1931 -2
1910 1939 2
1910 1927 -2
1911 1929 2
1911 1982 -2
1912 1991 2
1913 1970 -2
1913 1931 2
1914 1959 -2
1915 1996 -2
1916 1971 -2
1918 1989 2
1922 1992 2
1923 1943 -2
1923 1978 2
1928 1939 -2
1929 1943 -2
1930 1955 2
1931 1937 2
1931 1943 -2
1932 1965 2
1934 1975 -2
1935 1959 2
1935 1963 2
1938 1970 2
1938 1968 -2
1938 1962 2
1951 1964 2
1951 1979 -2
1951 1955 2
1953 1978 2
1956 1968 2
1957 1985 2
1960 1995 -2
1961 1979 2
1964 1970 -2
1970 1982 -2
1970 1990 -2
1982 1996 2
1991 1998 2
1 1 5
2 2 -8
3 3 1
4 4 6
5 5 -2
6 6 -2
7 7 -6
9 9 3
10 10 2
11 11 7
12 12 -5
13 13 -1
14 14 -3
15 15 3
16 16 6
17 17 1
18 18 2
19 19 4
20 20 1
21 21 5
22 22 2
23 23 4
24 24 3
25 25 5
26 26 2
27 27 7
28 28 5
29 29 -1
30 30 -2
31 31 4
32 32 6
33 33 -1
34 34 -10
35 35 -2
38 38 -1
39 39 -5
40 40 4
41 41 4
42 42 -6
43 43 -4
45 45 3
46 46 4
47 47 -1
48 48 1
49 49 1
50 50 -5
51 51 1
52 52 -3
53 53 3
54 54 -1
55 55 -2
56 56 -12
57 57 2
58 58 5
59 59 -1
60 60 -4
61 61 -6
62 62 -5
63 63 -5
65 65 3
66 66 -1
67 67 -7
68 68 2
69 69 -7
70 70 2
71 71 -1
72 72 3
73 73 3
74 74 -5
75 75 -6
76 76 7
77 77 2
78 78 -8
79 79 1
80 80 5
81 81 10
82 82 8
84 84 2
85 85 -4
86 86 7
87 87 6
88 88 1
89 89 -1
90 90 2
91 91 6
92 92 -3
93 93 -3
94 94 -9
96 96 -8
97 97 3
98 98 8
99 99 1
100 100 -4
101 101 2
103 103 -4
104 104 -12
105 105 5
106 106 -1
107 107 1
108 108 -4
109 109 -5
111 111 -8
112 112 4
113 113 -7
114 114 4
115 115 1
116 116 3
117 117 4
118 118 5
119 119 -1
120 120 1
122 122 12
123 123 1
124 124 2
125 125 3
126 126 -2
127 127 5
128 128 6
129 129 1
130 130 -3
131 131 -4
132 132 -2
133 133 -4
134 134 6
135 135 1
136 136 5
137 137 1
138 138 -1
139 139 -4
140 140 8
141 141 -1
142 142 6
143 143 -5
144 144 2
145 145 8
146 146 5
147 147 -1
148 148 1
150 150 -6
151 151 -3
152 152 1
153 153 8
154 154 -8
155 155 -8
156 156 -3
157 157 -2
158 158 5
159 159 3
160 160 -1
161 161 -4
162 162 7
163 163 -5
164 164 -7
165 165 10
166 166 6
167 167 -7
168 168 2
169 169 -5
170 170 -2
171 171 -8
172 172 -1
173 173 -2
174 174 -1
176 176 -1
177 177 -2
178 178 -3
179 179 2
180 180 3
181 181 7
182 182 8
183 183 -5
184 184 1
185 185 3
186 186 3
187 187 -9
188 188 -4
189 189 1
190 190 1
191 191 -4
192 192 -8
193 193 -3
194 194 -1
195 195 -2
196 196 2
198 198 -3
199 199 8
200 200 3
201 201 -3
202 202 -1
203 203 1
204 204 -3
205 205 -8
206 206 -3
207 207 -6
208 208 -5
209 209 -8
210 210 -4
211 211 -1
212 212 3
213 213 1
214 214 4
215 215 2
216 216 1
217 217 2
218 218 2
219 219 -3
220 220 -4
221 221 -7
222 222 -4
223 223 -7
224 224 4
226 226 2
228 228 -9
229 229 -9
230 230 1
231 231 -6
232 232 3
233 233 2
234 234 -4
236 236 -6
237 237 5
239 239 -5
240 240 -8
242 242 -4
243 243 -7
244 244 1
245 245 2
246 246 -3
247 247 9
248 248 -2
249 249 -3
250 250 1
251 251 6
252 252 -6
253 253 1
254 254 5
257 257 2
258 258 6
259 259 -4
260 260 2
261 261 8
262 262 -5
263 263 -2
264 264 -6
265 265 -4
266 266 -5
267 267 -2
268 268 2
269 269 -1
270 270 -3
272 272 -1
274 274 1
277 277 1
278 278 -2
279 279 -3
280 280 3
281 281 5
282 282 -2
283 283 -1
284 284 -4
285 285 -8
286 286 -4
287 287 3
288 288 4
289 289 -4
290 290 -6
291 291 -3
293 293 -3
294 294 -8
296 296 6
297 297 1
298 298 -2
299 299 10
300 300 -1
301 301 5
303 303 -4
304 304 2
305 305 7
306 306 -2
307 307 1
308 308 -2
309 309 1
310 310 1
311 311 8
312 312 3
313 313 9
314 314 4
315 315 -7
316 316 -3
317 317 4
318 318 -3
319 319 -2
320 320 5
321 321 2
322 322 4
323 323 8
324 324 4
325 325 5
326 326 4
327 327 -2
328 328 10
329 329 -4
330 330 4
331 331 -4
332 332 5
333 333 4
334 334 -4
335 335 -4
336 336 -2
337 337 -7
338 338 1
339 339 3
340 340 16
341 341 -10
342 342 5
343 343 1
344 344 -6
345 345 -1
346 346 -5
347 347 -3
348 348 -2
349 349 3
350 350 3
351 351 3
352 352 -4
353 353 -2
354 354 1
355 355 -2
356 356 -2
357 357 11
358 358 -8
359 359 -1
360 360 7
361 361 1
362 362 9
363 363 2
364 364 4
365 365 -3
366 366 1
367 367 9
368 368 1
369 369 -3
370 370 -6
371 371 -3
372 372 6
373 373 -3
374 374 1
375 375 -1
376 376 1
378 378 -2
379 379 3
380 380 -6
381 381 3
382 382 -13
383 383 -3
384 384 -7
386 386 -4
387 387 -7
389 389 2
391 391 -1
392 392 9
393 393 3
395 395 2
397 397 -2
398 398 -1
399 399 -2
400 400 1
401 401 5
403 403 8
404 404 9
405 405 1
407 407 6
408 408 3
409 409 -6
410 410 6
411 411 3
412 412 -3
413 413 -1
414 414 -2
415 415 -3
416 416 -3
417 417 2
418 418 -2
419 419 2
420 420 -4
421 421 -7
422 422 -2
423 423 -2
424 424 9
426 426 3
427 427 -1
428 428 -2
429 429 -6
430 430 2
431 431 -2
432 432 -3
433 433 6
434 434 -9
435 435 -3
436 436 -2
437 437 6
438 438 -2
440 440 -2
441 441 6
443 443 3
444 444 -4
445 445 -1
447 447 -1
448 448 -3
449 449 2
450 450 -3
451 451 -3
452 452 1
453 453 -3
454 454 5
456 456 7
457 457 -2
458 458 3
459 459 2
460 460 -9
461 461 5
462 462 -1
463 463 -2
464 464 -4
466 466 -2
468 468 9
469 469 4
470 470 -7
471 471 -5
472 472 3
473 473 -2
474 474 -2
475 475 -4
476 476 2
477 477 3
478 478 -7
479 479 8
480 480 3
481 481 4
482 482 1
483 483 2
484 484 8
486 486 -3
487 487 2
488 488 6
489 489 -13
490 490 -1
491 491 7
492 492 -5
493 493 5
494 494 -8
495 495 2
496 496 2
497 497 6
498 498 -4
499 499 4
500 500 -11
501 501 2
502 502 8
503 503 3
505 505 6
506 506 3
507 507 -1
508 508 -2
509 509 -5
510 510 4
511 511 -1
512 512 -7
513 513 -5
514 514 -5
515 515 -2
516 516 2
517 517 -5
518 518 4
519 519 3
520 520 -1
521 521 -1
522 522 -1
523 523 -2
524 524 3
525 525 -4
526 526 -2
527 527 2
528 528 -8
529 529 -1
530 530 2
531 531 -5
532 532 2
534 534 -1
535 535 2
536 536 2
537 537 -2
538 538 -3
539 539 5
540 540 -1
541 541 2
542 542 1
543 543 2
544 544 2
545 545 4
546 546 2
547 547 3
548 548 -1
549 549 -6
550 550 4
551 551 -3
552 552 -2
553 553 -1
554 554 -2
555 555 -2
556 556 -4
557 557 1
558 558 4
559 559 -2
560 560 6
561 561 -2
562 562 -1
563 563 -5
564 564 -2
565 565 -1
566 566 3
567 567 2
568 568 -4
569 569 -1
570 570 6
572 572 2
573 573 -3
574 574 -6
575 575 3
576 576 8
577 577 -2
579 579 -2
580 580 9
581 581 -5
582 582 2
583 583 -8
584 584 1
585 585 -5
587 587 8
588 588 1
589 589 -1
590 590 1
591 591 -1
592 592 -3
593 593 4
594 594 -3
595 595 -2
596 596 -7
597 597 -1
599 599 2
600 600 -1
601 601 -7
602 602 5
603 603 -1
604 604 -11
605 605 1
606 606 -1
607 607 -9
608 608 -1
609 609 -9
610 610 -9
612 612 -6
613 613 2
615 615 6
616 616 -3
618 618 -14
619 619 1
621 621 7
622 622 -4
623 623 1
624 624 2
625 625 9
626 626 -4
627 627 -1
628 628 -10
629 629 -10
630 630 3
631 631 -5
632 632 -5
633 633 -3
634 634 6
635 635 -1
636 636 1
637 637 -7
638 638 4
639 639 2
640 640 -6
641 641 5
642 642 1
643 643 -7
644 644 -9
645 645 -1
646 646 -2
647 647 1
648 648 -1
649 649 -2
650 650 6
651 651 -2
653 653 7
654 654 2
655 655 -3
656 656 -5
657 657 -1
658 658 -5
660 660 -4
661 661 2
662 662 -6
663 663 4
665 665 -7
666 666 3
667 667 9
668 668 -7
669 669 3
670 670 1
671 671 6
672 672 -1
673 673 -7
674 674 9
676 676 -10
677 677 7
678 678 3
679 679 -5
680 680 -5
681 681 -9
682 682 -1
683 683 5
684 684 -2
685 685 -2
686 686 3
687 687 -1
688 688 4
690 690 -1
691 691 -1
692 692 -4
693 693 11
694 694 -1
695 695 -3
696 696 9
697 697 -1
698 698 1
699 699 -8
700 700 1
701 701 6
702 702 -1
703 703 -1
705 705 4
706 706 5
707 707 -1
708 708 2
709 709 -2
711 711 -1
712 712 5
714 714 8
715 715 6
716 716 3
717 717 -1
719 719 2
720 720 -4
721 721 2
722 722 4
723 723 -9
724 724 1
725 725 -8
726 726 9
727 727 -2
729 729 -5
730 730 1
731 731 -1
732 732 -9
733 733 6
734 734 2
735 735 -5
736 736 2
737 737 6
738 738 8
741 741 4
742 742 -5
743 743 -1
744 744 8
745 745 2
747 747 1
748 748 -2
749 749 1
750 750 -5
751 751 1
752 752 1
753 753 -4
754 754 -2
755 755 3
756 756 1
757 757 2
758 758 -5
759 759 -1
760 760 -5
761 761 7
762 762 -8
763 763 1
764 764 -1
768 768 6
769 769 2
771 771 5
772 772 -3
773 773 -1
774 774 3
775 775 -3
776 776 1
777 777 10
779 779 5
780 780 -5
781 781 -3
782 782 -7
783 783 -1
784 784 -1
785 785 -9
786 786 2
787 787 1
788 788 1
789 789 -3
790 790 -2
791 791 4
792 792 4
793 793 -3
794 794 6
795 795 1
796 796 1
797 797 4
799 799 -5
800 800 1
801 801 -2
802 802 -7
804 804 -2
805 805 -13
806 806 -2
807 807 -5
809 809 -2
810 810 -11
811 811 -3
812 812 -3
813 813 -2
814 814 4
815 815 1
816 816 1
817 817 -1
819 819 3
820 820 2
821 821 5
822 822 -7
823 823 6
824 824 2
825 825 5
826 826 -3
827 827 1
828 828 6
829 829 2
830 830 1
831 831 4
832 832 -6
833 833 2
835 835 5
836 836 2
837 837 3
838 838 -4
839 839 -4
840 840 4
841 841 -4
842 842 2
843 843 -3
844 844 4
845 845 4
847 847 5
848 848 -9
849 849 2
850 850 8
852 852 2
853 853 -3
854 854 8
855 855 5
856 856 6
857 857 3
858 858 5
859 859 9
861 861 2
863 863 -5
864 864 2
865 865 5
866 866 -4
867 867 -3
868 868 -7
869 869 -3
870 870 2
871 871 9
872 872 -1
873 873 -2
874 874 -4
876 876 -3
877 877 4
878 878 2
879 879 -8
880 880 -3
881 881 5
883 883 2
884 884 -9
885 885 -4
887 887 -4
888 888 -1
889 889 1
890 890 -2
891 891 4
892 892 1
893 893 -5
894 894 4
895 895 -3
896 896 2
897 897 3
898 898 1
899 899 -4
900 900 -5
901 901 1
902 902 -3
903 903 3
904 904 -2
905 905 3
906 906 -8
907 907 3
908 908 6
909 909 -2
910 910 12
911 911 -2
912 912 6
913 913 3
914 914 1
915 915 -6
916 916 4
917 917 -1
918 918 -6
919 919 -2
920 920 -2
921 921 4
922 922 -5
923 923 4
924 924 1
925 925 1
926 926 4
927 927 -11
928 928 10
929 929 -8
930 930 2
931 931 -6
932 932 1
934 934 -4
935 935 -6
936 936 2
937 937 1
938 938 -1
939 939 -3
940 940 2
941 941 3
942 942 1
943 943 1
944 944 -3
945 945 -7
946 946 -9
947 947 -2
950 950 -8
951 951 -4
952 952 -3
953 953 -6
954 954 -1
955 955 -1
956 956 -7
957 957 2
958 958 3
959 959 -2
960 960 -1
961 961 -9
962 962 9
963 963 5
964 964 2
965 965 -4
966 966 3
967 967 -8
969 969 -6
970 970 -6
971 971 10
972 972 -6
974 974 -2
975 975 -1
976 976 1
977 977 -2
978 978 4
979 979 -5
980 980 -7
981 981 6
983 983 -3
984 984 -5
985 985 -10
986 986 -2
987 987 9
988 988 -5
989 989 3
990 990 1
991 991 -5
992 992 -1
994 994 -1
995 995 3
996 996 2
997 997 -2
999 999 2
1000 1000 -6
1002 1002 -8
1003 1003 -4
1004 1004 -3
1005 1005 1
1006 1006 -8
1007 1007 -4
1008 1008 -2
1009 1009 3
1011 1011 -2
1012 1012 7
1013 1013 -7
1014 1014 6
1015 1015 -5
1016 1016 -4
1017 1017 5
1019 1019 5
1020 1020 -5
1021 1021 -1
1022 1022 -12
1023 1023 -1
1024 1024 2
1026 1026 4
1027 1027 -2
1028 1028 2
1029 1029 -4
1031 1031 -1
1032 1032 2
1033 1033 -5
1034 1034 3
1036 1036 -7
1037 1037 2
1039 1039 -1
1040 1040 -4
1041 1041 3
1043 1043 -2
1046 1046 2
1047 1047 -4
1048 1048 -1
1049 1049 -9
1050 1050 4
1051 1051 2
1052 1052 1
1053 1053 -4
1054 1054 2
1055 1055 -6
1057 1057 4
1058 1058 4
1059 1059 -7
1060 1060 -4
1061 1061 5
1062 1062 4
1063 1063 -3
1064 1064 2
1065 1065 3
1067 1067 -1
1068 1068 12
1069 1069 -4
1070 1070 -2
1071 1071 -5
1072 1072 3
1073 1073 2
1074 1074 -4
1076 1076 -1
1077 1077 3
1078 1078 1
1079 1079 -6
1080 1080 -5
1081 1081 -4
1082 1082 -4
1083 1083 2
1084 1084 7
1085 1085 4
1086 1086 -10
1087 1087 5
1088 1088 2
1089 1089 -1
1090 1090 2
1091 1091 5
1092 1092 1
1093 1093 -1
1094 1094 10
1095 1095 -8
1096 1096 -3
1097 1097 7
1098 1098 -3
1099 1099 7
1100 1100 -1
1102 1102 1
1103 1103 8
1104 1104 -1
1105 1105 2
1106 1106 -7
1107 1107 7
1108 1108 4
1109 1109 -2
1110 1110 -1
1111 1111 -2
1112 1112 -3
1113 1113 4
1114 1114 2
1116 1116 -8
1117 1117 -1
1118 1118 10
1119 1119 -5
1120 1120 -2
1121 1121 -5
1122 1122 -5
1123 1123 -2
1124 1124 -7
1125 1125 3
1126 1126 2
1127 1127 -1
1128 1128 -1
1130 1130 -6
1131 1131 2
1132 1132 4
1133 1133 8
1134 1134 1
1135 1135 1
1136 1136 7
1137 1137 1
1138 1138 1
1139 1139 1
1140 1140 -6
1142 1142 1
1143 1143 1
1144 1144 -3
1145 1145 -1
1146 1146 -1
1147 1147 -1
1148 1148 -11
1149 1149 4
1150 1150 -3
1151 1151 7
1152 1152 1
1153 1153 -6
1154 1154 -2
1155 1155 -3
1157 1157 5
1158 1158 -2
1159 1159 -14
1160 1160 -2
1162 1162 -4
1163 1163 7
1164 1164 4
1165 1165 -2
1167 1167 3
1168 1168 1
1169 1169 -3
1170 1170 2
1171 1171 -8
1172 1172 -4
1173 1173 1
1175 1175 -3
1176 1176 -8
1177 1177 -1
1178 1178 -4
1180 1180 -6
1181 1181 13
1182 1182 -1
1183 1183 6
1184 1184 -3
1185 1185 5
1186 1186 7
1187 1187 -3
1188 1188 -3
1189 1189 -4
1190 1190 3
1191 1191 -7
1192 1192 -10
1194 1194 -3
1195 1195 -9
1196 1196 3
1197 1197 6
1198 1198 3
1199 1199 -6
1200 1200 4
1201 1201 -2
1202 1202 4
1203 1203 3
1204 1204 -3
1205 1205 4
1207 1207 -6
1208 1208 -1
1209 1209 -8
1210 1210 -3
1211 1211 -5
1212 1212 5
1213 1213 -6
1214 1214 -4
1215 1215 10
1216 1216 -2
1217 1217 3
1218 1218 4
1219 1219 -9
1220 1220 -5
1221 1221 3
1222 1222 5
1223 1223 -10
1224 1224 2
1225 1225 -3
1226 1226 7
1227 1227 8
1228 1228 12
1229 1229 -1
1230 1230 -3
1231 1231 3
1233 1233 -5
1234 1234 -1
1235 1235 -1
1236 1236 -4
1237 1237 8
1239 1239 2
1242 1242 -3
1243 1243 4
1244 1244 -3
1245 1245 1
1246 1246 3
1247 1247 1
1248 1248 -3
1249 1249 -2
1250 1250 3
1251 1251 -4
1252 1252 -4
1253 1253 -1
1255 1255 1
1256 1256 7
1257 1257 -1
1258 1258 -1
1259 1259 1
1260 1260 1
1261 1261 2
1262 1262 -3
1264 1264 -3
1265 1265 -6
1266 1266 7
1267 1267 6
1268 1268 2
1269 1269 3
1270 1270 -2
1271 1271 3
1272 1272 -8
1273 1273 5
1274 1274 -3
1275 1275 -3
1276 1276 2
1277 1277 1
1278 1278 4
1279 1279 -4
1280 1280 2
1281 1281 4
1282 1282 -4
1283 1283 1
1285 1285 5
1286 1286 -5
1287 1287 -8
1288 1288 3
1289 1289 6
1290 1290 -2
1291 1291 1
1292 1292 -4
1293 1293 3
1294 1294 -2
1295 1295 -1
1296 1296 -4
1297 1297 -3
1298 1298 3
1299 1299 -3
1300 1300 -9
1301 1301 -1
1302 1302 -9
1303 1303 -9
1304 1304 3
1305 1305 9
1306 1306 12
1307 1307 -9
1308 1308 2
1309 1309 -1
1310 1310 4
1311 1311 -3
1312 1312 -2
1314 1314 -1
1316 1316 -4
1317 1317 1
1318 1318 -4
1319 1319 1
1320 1320 3
1321 1321 1
1322 1322 5
1324 1324 10
1325 1325 -2
1326 1326 7
1327 1327 3
1328 1328 -5
1330 1330 3
1331 1331 4
1332 1332 5
1333 1333 -3
1334 1334 4
1335 1335 -8
1336 1336 -4
1337 1337 -5
1338 1338 2
1339 1339 -7
1340 1340 5
1341 1341 6
1342 1342 -8
1343 1343 5
1344 1344 -1
1345 1345 -1
1346 1346 4
1347 1347 4
1348 1348 -7
1349 1349 3
1350 1350 -4
1351 1351 5
1352 1352 2
1353 1353 4
1354 1354 4
1355 1355 -1
1356 1356 1
1359 1359 4
1360 1360 -1
1361 1361 6
1362 1362 1
1364 1364 -5
1365 1365 1
1366 1366 -7
1367 1367 2
1368 1368 5
1369 1369 3
1370 1370 -1
1371 1371 -1
1372 1372 -2
1374 1374 3
1375 1375 -1
1376 1376 1
1377 1377 -6
1378 1378 2
1379 1379 1
1380 1380 8
1381 1381 2
1382 1382 3
1383 1383 4
1384 1384 3
1385 1385 6
1386 1386 -6
1389 1389 2
1390 1390 -1
1391 1391 -2
1392 1392 -1
1393 1393 -5
1394 1394 -9
1395 1395 2
1396 1396 8
1397 1397 -3
1398 1398 1
1399 1399 6
1400 1400 10
1401 1401 2
1402 1402 -1
1403 1403 -1
1404 1404 3
1406 1406 1
1407 1407 -3
1409 1409 2
1411 1411 9
1412 1412 1
1413 1413 -3
1414 1414 -9
1415 1415 -7
1417 1417 1
1418 1418 5
1419 1419 2
1420 1420 -2
1421 1421 5
1422 1422 3
1423 1423 -6
1424 1424 4
1425 1425 4
1426 1426 6
1428 1428 3
1429 1429 1
1430 1430 -6
1431 1431 3
1432 1432 7
1433 1433 3
1435 1435 3
1436 1436 3
1437 1437 2
1438 1438 -1
1439 1439 3
1440 1440 -8
1441 1441 -6
1442 1442 -1
1443 1443 11
1444 1444 5
1445 1445 -3
1446 1446 -4
1447 1447 -3
1448 1448 4
1449 1449 4
1450 1450 1
1451 1451 -3
1452 1452 -3
1453 1453 -3
1454 1454 -2
1455 1455 -3
1456 1456 3
1457 1457 -11
1459 1459 -4
1461 1461 1
1462 1462 6
1463 1463 5
1464 1464 3
1465 1465 11
1466 1466 -5
1467 1467 -1
1468 1468 4
1470 1470 -3
1471 1471 10
1472 1472 -2
1473 1473 4
1474 1474 -8
1475 1475 8
1476 1476 -4
1477 1477 3
1478 1478 3
1479 1479 -1
1480 1480 -6
1481 1481 5
1482 1482 7
1483 1483 10
1484 1484 4
1486 1486 6
1487 1487 -3
1488 1488 -3
1489 1489 -5
1490 1490 5
1491 1491 -3
1492 1492 1
1493 1493 -2
1494 1494 -4
1495 1495 2
1496 1496 2
1497 1497 -4
1498 1498 -2
1500 1500 -2
1501 1501 4
1502 1502 -2
1503 1503 -2
1504 1504 6
1505 1505 -2
1506 1506 1
1507 1507 -2
1508 1508 4
1509 1509 -1
1510 1510 -3
1511 1511 3
1512 1512 -5
1513 1513 -8
1514 1514 -1
1515 1515 1
1516 1516 1
1517 1517 6
1518 1518 7
1520 1520 2
1521 1521 7
1522 1522 2
1523 1523 -3
1524 1524 3
1525 1525 -6
1526 1526 -1
1527 1527 2
1529 1529 6
1530 1530 -6
1531 1531 -1
1532 1532 3
1533 1533 -2
1534 1534 -4
1536 1536 -7
1537 1537 4
1538 1538 -1
1539 1539 -1
1540 1540 -6
1541 1541 -7
1542 1542 5
1543 1543 -5
1544 1544 7
1546 1546 -4
1547 1547 8
1548 1548 8
1549 1549 -7
1550 1550 3
1551 1551 3
1552 1552 -2
1553 1553 4
1555 1555 -4
1556 1556 4
1557 1557 2
1559 1559 -3
1560 1560 4
1561 1561 4
1562 1562 6
1563 1563 1
1564 1564 7
1565 1565 3
1566 1566 -3
1567 1567 2
1568 1568 3
1569 1569 -8
1571 1571 5
1572 1572 -1
1574 1574 1
1575 1575 -4
1576 1576 2
1577 1577 -1
1578 1578 -1
1579 1579 4
1580 1580 -2
1581 1581 5
1582 1582 1
1583 1583 6
1584 1584 -5
1585 1585 1
1586 1586 5
1587 1587 1
1588 1588 -5
1589 1589 1
1590 1590 1
1591 1591 7
1593 1593 -4
1594 1594 12
1595 1595 5
1596 1596 -6
1597 1597 3
1598 1598 2
1599 1599 2
1600 1600 3
1601 1601 -5
1602 1602 -3
1603 1603 -3
1604 1604 -3
1605 1605 1
1606 1606 3
1607 1607 -3
1608 1608 1
1609 1609 -3
1610 1610 -6
1611 1611 -4
1612 1612 10
1613 1613 5
1614 1614 6
1615 1615 3
1616 1616 -7
1617 1617 7
1618 1618 1
1619 1619 2
1620 1620 4
1621 1621 4
1622 1622 1
1623 1623 8
1624 1624 -3
1625 1625 2
1626 1626 -5
1627 1627 3
1628 1628 -7
1629 1629 2
1630 1630 3
1631 1631 -5
1632 1632 6
1633 1633 3
1634 1634 1
1635 1635 4
1636 1636 4
1637 1637 -11
1638 1638 2
1639 1639 4
1640 1640 7
1641 1641 1
1642 1642 -5
1643 1643 -2
1647 1647 -3
1648 1648 -8
1649 1649 7
1650 1650 -4
1651 1651 4
1652 1652 -1
1653 1653 6
1654 1654 -4
1655 1655 -4
1656 1656 1
1657 1657 3
1659 1659 -3
1660 1660 9
1661 1661 1
1662 1662 4
1663 1663 -6
1664 1664 6
1665 1665 -3
1666 1666 -9
1667 1667 2
1669 1669 -2
1670 1670 2
1671 1671 3
1672 1672 4
1674 1674 5
1676 1676 -1
1677 1677 -1
1678 1678 2
1679 1679 -5
1680 1680 3
1681 1681 5
1682 1682 -3
1683 1683 5
1684 1684 5
1685 1685 3
1686 1686 1
1687 1687 -4
1688 1688 -4
1689 1689 -2
1690 1690 6
1691 1691 -1
1692 1692 5
1693 1693 2
1694 1694 -1
1695 1695 -2
1696 1696 -3
1697 1697 -1
1699 1699 -7
1700 1700 17
1701 1701 -10
1702 1702 -1
1703 1703 12
1704 1704 -2
1705 1705 4
1706 1706 -2
1707 1707 -6
1708 1708 -8
1709 1709 4
1710 1710 1
1711 1711 8
1712 1712 -1
1714 1714 -2
1715 1715 -3
1716 1716 -3
1717 1717 -7
1718 1718 2
1719 1719 2
1720 1720 2
1721 1721 2
1722 1722 6
1723 1723 2
1724 1724 3
1726 1726 3
1727 1727 8
1728 1728 -11
1730 1730 1
1731 1731 -1
1732 1732 -2
1733 1733 -1
1734 1734 -2
1735 1735 -1
1736 1736 -3
1737 1737 7
1738 1738 -1
1739 1739 7
1741 1741 6
1742 1742 3
1743 1743 5
1744 1744 7
1745 1745 -1
1746 1746 8
1747 1747 -4
1748 1748 4
1749 1749 2
1750 1750 4
1751 1751 5
1752 1752 -3
1753 1753 -4
1754 1754 -4
1755 1755 3
1756 1756 -11
1757 1757 4
1758 1758 4
1759 1759 2
1761 1761 -4
1762 1762 2
1763 1763 7
1764 1764 -1
1766 1766 4
1768 1768 3
1769 1769 -5
1770 1770 -4
1771 1771 -8
1772 1772 5
1773 1773 -1
1774 1774 -6
1775 1775 2
1776 1776 -4
1777 1777 4
1779 1779 1
1780 1780 5
1781 1781 4
1782 1782 -1
1783 1783 -2
1784 1784 4
1785 1785 4
1786 1786 -4
1787 1787 -3
1788 1788 -8
1789 1789 3
1790 1790 2
1791 1791 3
1792 1792 3
1793 1793 4
1794 1794 3
1795 1795 6
1796 1796 1
1797 1797 -3
1798 1798 -2
1799 1799 5
1800 1800 -3
1801 1801 2
1802 1802 2
1803 1803 3
1805 1805 -5
1806 1806 -5
1807 1807 -5
1808 1808 3
1809 1809 -3
1810 1810 5
1811 1811 5
1812 1812 -2
1814 1814 -7
1815 1815 -3
1816 1816 -3
1817 1817 -4
1818 1818 5
1819 1819 -4
1820 1820 -3
1821 1821 6
1822 1822 1
1823 1823 -14
1824 1824 2
1825 1825 2
1826 1826 1
1827 1827 -5
1828 1828 -3
1829 1829 -6
1830 1830 2
1831 1831 4
1832 1832 5
1833 1833 11
1834 1834 -8
1835 1835 -5
1836 1836 1
1837 1837 -7
1838 1838 -10
1839 1839 -5
1840 1840 -2
1842 1842 3
1843 1843 5
1844 1844 -4
1845 1845 5
1846 1846 -1
1847 1847 -3
1848 1848 -2
1849 1849 -4
1850 1850 -8
1851 1851 2
1852 1852 3
1853 1853 -2
1854 1854 -2
1855 1855 -8
1856 1856 -5
1858 1858 1
1859 1859 -3
1860 1860 5
1861 1861 -2
1863 1863 5
1864 1864 -6
1865 1865 1
1866 1866 7
1867 1867 -9
1868 1868 -1
1869 1869 5
1871 1871 10
1872 1872 -4
1873 1873 2
1874 1874 -3
1875 1875 -2
1876 1876 4
1877 1877 -2
1878 1878 2
1880 1880 -5
1881 1881 4
1882 1882 -11
1883 1883 2
1884 1884 5
1885 1885 4
1886 1886 6
1887 1887 -2
1888 1888 -8
1889 1889 1
1890 1890 -10
1891 1891 -4
1892 1892 -5
1893 1893 8
1894 1894 -11
1895 1895 -2
1896 1896 3
1897 1897 -1
1898 1898 -1
1899 1899 1
1900 1900 -8
1901 1901 -4
1902 1902 9
1904 1904 1
1905 1905 -4
1906 1906 -3
1907 1907 -5
1908 1908 5
1909 1909 7
1910 1910 1
1911 1911 -4
1912 1912 -5
1913 1913 2
1914 1914 6
1915 1915 9
1916 1916 2
1917 1917 4
1918 1918 -7
1919 1919 3
1920 1920 -5
1922 1922 -4
1923 1923 -2
1924 1924 4
1925 1925 -8
1926 1926 -6
1927 1927 4
1928 1928 7
1929 1929 -2
1930 1930 1
1931 1931 2
1932 1932 -5
1933 1933 8
1934 1934 -2
1935 1935 -8
1936 1936 10
1937 1937 -14
1938 1938 -7
1939 1939 -12
1940 1940 -5
1941 1941 -4
1942 1942 -2
1943 1943 3
1944 1944 -1
1946 1946 -1
1947 1947 -4
1948 1948 2
1949 1949 -9
1950 1950 -3
1951 1951 6
1952 1952 -3
1953 1953 5
1954 1954 1
1955 1955 -3
1956 1956 8
1958 1958 -5
1959 1959 -4
1960 1960 -1
1963 1963 -9
1964 1964 -5
1965 1965 -6
1967 1967 -5
1968 1968 5
1969 1969 -5
1970 1970 1
1971 1971 2
1972 1972 1
1973 1973 8
1974 1974 7
1975 1975 11
1976 1976 -2
1977 1977 2
1978 1978 -4
1980 1980 -5
1982 1982 -5
1983 1983 -6
1984 1984 1
1985 1985 -2
1986 1986 -1
1987 1987 -6
1988 1988 -1
1989 1989 -10
1990 1990 5
1991 1991 2
1993 1993 -7
1994 1994 1
1995 1995 3
1998 1998 -11