2000 13461 -16 22
0 16 2
0 23 2
0 25 2
0 30 -2
0 49 -2
0 50 2
0 52 2
0 87 -2
0 101 2
0 144 -2
0 188 2
0 248 2
0 265 2
0 296 2
0 336 2
0 341 2
0 364 2
0 365 2
0 451 2
0 575 2
0 587 -2
0 633 2
0 646 -2
0 668 2
0 686 -2
0 692 2
0 790 -2
0 840 2
0 995 2
0 1053 2
0 1196 2
0 1210 -2
0 1238 -2
0 1239 -2
0 1262 2
0 1344 2
0 1472 2
0 1526 2
0 1595 2
0 1606 -2
0 1625 2
0 1638 2
0 1657 -2
0 1821 -2
0 1891 2
0 1942 2
0 1 2
0 2 2
0 3 2
0 4 -2
0 5 2
0 6 -2
0 7 -2
0 10 2
0 11 2
0 13 2
0 26 2
0 38 2
0 53 2
0 66 -2
0 68 2
0 74 -2
0 84 2
0 103 -2
0 106 2
0 109 -2
0 141 -2
0 153 2
0 162 2
0 163 -2
0 169 -2
0 207 -2
0 254 2
0 276 -2
0 290 -2
0 351 -2
0 377 2
0 382 -2
0 443 2
0 449 -2
0 484 -2
0 486 -2
0 588 2
0 670 -2
0 708 -2
0 724 2
0 752 2
0 764 2
0 829 2
0 854 2
0 864 2
0 978 -2
0 981 -2
0 989 2
0 1031 2
0 1981 2
0 1102 -2
0 1112 2
0 1140 2
0 1159 -2
0 1165 -2
0 1243 -2
0 1267 -2
0 1294 -2
0 1328 2
0 1378 -2
0 1411 -2
0 1478 2
0 1502 2
0 1518 -2
0 1719 -2
0 1723 -2
0 1787 2
0 1864 -2
0 1868 -2
0 1909 -2
0 1951 -2
1 4 2
1 6 -2
1 7 2
1 8 -2
1 9 2
1 12 -2
1 34 2
1 36 -2
1 49 2
1 51 -2
1 57 2
1 58 2
1 60 -2
1 64 2
1 67 2
1 91 -2
1 96 2
1 97 2
1 129 2
1 140 -2
1 143 2
1 148 -2
1 152 2
1 155 -2
1 156 -2
1 194 -2
1 202 -2
1 213 -2
1 234 2
1 242 2
1 249 -2
1 265 -2
1 281 2
1 285 -2
1 288 -2
1 309 2
1 322 -2
1 330 2
1 350 -2
1 377 -2
1 399 -2
1 411 2
1 465 2
1 504 -2
1 505 -2
1 556 -2
1 586 2
1 633 2
1 647 2
1 678 2
1 696 2
1 728 -2
1 731 2
1 829 -2
1 847 -2
1 941 2
1 955 -2
1 956 -2
1 975 -2
1 984 -2
1 996 2
1 1123 2
1 1174 2
1 1201 -2
1 1218 2
1 1221 2
1 1287 2
1 1291 -2
1 1327 2
1 1332 2
1 1361 2
1 1389 2
1 1403 2
1 1451 2
1 1493 -2
1 1522 -2
1 1534 2
1 1614 -2
1 1681 -2
1 1702 -2
1 1718 -2
1 1850 2
1 2 -2
1 3 2
1 13 2
1 26 -2
1 35 2
1 50 2
1 61 2
1 68 -2
1 71 -2
1 74 -2
1 114 -2
1 157 -2
1 173 2
1 179 -2
1 204 -2
1 245 -2
1 254 -2
1 314 2
1 381 2
1 416 2
1 445 2
1 459 2
1 501 2
1 543 2
1 599 -2
1 640 -2
1 714 -2
1 792 2
1 795 -2
1 813 2
1 845 -2
1 849 -2
1 853 -2
1 860 -2
1 925 2
1 1057 2
1 1065 2
1 1067 -2
1 1242 2
1 1452 2
1 1535 2
1 1616 -2
1 1725 -2
1 1835 -2
1 1860 -2
1 1959 -2
2 162 -2
2 194 -2
2 233 -2
2 369 2
2 1110 -2
2 1209 2
2 1469 2
2 1512 2
2 3 -2
2 4 -2
2 6 -2
2 7 2
2 8 -2
2 9 -2
2 15 2
2 17 2
2 19 -2
2 20 -2
2 22 2
2 23 2
2 25 2
2 27 2
2 29 2
2 31 2
2 32 2
2 37 -2
2 43 -2
2 44 -2
2 45 -2
2 47 -2
2 51 2
2 54 2
2 56 -2
2 59 -2
2 60 2
2 62 -2
2 63 2
2 76 -2
2 82 2
2 86 2
2 90 -2
2 107 -2
2 110 2
2 114 -2
2 117 2
2 119 2
2 121 2
2 124 2
2 125 2
2 137 -2
2 143 -2
2 145 -2
2 149 -2
2 165 2
2 168 -2
2 171 -2
2 188 2
2 189 -2
2 190 2
2 191 -2
2 202 -2
2 214 -2
2 217 -2
2 229 2
2 231 -2
2 251 -2
2 252 2
2 263 2
2 264 -2
2 269 -2
2 273 2
2 287 -2
2 288 -2
2 325 2
2 327 -2
2 328 -2
2 329 -2
2 333 2
2 347 -2
2 353 -2
2 354 2
2 356 -2
2 362 -2
2 365 -2
2 366 2
2 384 -2
2 385 -2
2 394 -2
2 399 -2
2 418 -2
2 423 -2
2 431 2
2 436 2
2 440 -2
2 458 -2
2 471 -2
2 473 2
2 482 -2
2 489 -2
2 506 2
2 508 -2
2 538 2
2 550 2
2 577 2
2 584 -2
2 597 -2
2 621 2
2 627 2
2 632 2
2 635 2
2 681 2
2 735 -2
2 751 -2
2 757 2
2 770 -2
2 790 -2
2 797 2
2 818 2
2 819 2
2 834 -2
2 837 2
2 887 2
2 908 -2
2 912 -2
2 924 2
2 928 -2
2 945 -2
2 969 -2
2 1026 -2
2 1052 -2
2 1064 2
2 1070 2
2 1084 -2
2 1108 2
2 1118 2
2 1122 2
2 1145 -2
2 1149 -2
2 1166 -2
2 1185 2
2 1187 2
2 1192 2
2 1196 2
2 1217 -2
2 1241 -2
2 1256 2
2 1286 -2
2 1992 -2
2 1329 2
2 1334 2
2 1343 -2
2 1346 -2
2 1422 2
2 1429 2
2 1442 -2
2 1449 2
2 1453 2
2 1498 2
2 1504 -2
2 1508 -2
2 1509 -2
2 1530 2
2 1568 -2
2 1656 -2
2 1704 2
2 1755 2
2 1760 2
2 1809 -2
2 1814 -2
2 1856 2
2 1869 2
2 1881 2
2 1903 2
2 1952 2
3 7 -2
3 9 2
3 11 2
3 19 2
3 21 2
3 25 2
3 28 -2
3 29 -2
3 33 2
3 35 -2
3 40 -2
3 45 -2
3 47 2
3 51 2
3 53 -2
3 60 -2
3 62 2
3 63 -2
3 68 2
3 73 2
3 76 2
3 81 2
3 85 -2
3 88 2
3 98 -2
3 100 -2
3 108 2
3 110 -2
3 112 -2
3 113 2
3 116 2
3 120 -2
3 122 2
3 153 2
3 160 -2
3 168 2
3 190 2
3 203 -2
3 225 2
3 243 2
3 255 2
3 267 2
3 280 2
3 282 -2
3 288 -2
3 295 -2
3 298 2
3 304 -2
3 308 -2
3 315 -2
3 317 -2
3 319 -2
3 342 -2
3 349 -2
3 358 -2
3 384 -2
3 387 2
3 390 -2
3 403 2
3 408 2
3 411 -2
3 1991 2
3 414 -2
3 420 2
3 423 2
3 445 2
3 448 -2
3 452 -2
3 457 -2
3 468 2
3 477 -2
3 483 2
3 490 -2
3 498 -2
3 524 2
3 535 2
3 548 2
3 550 -2
3 561 2
3 578 2
3 579 2
3 590 -2
3 595 2
3 599 2
3 612 2
3 614 -2
3 617 -2
3 618 -2
3 623 -2
3 624 2
3 625 -2
3 628 -2
3 636 -2
3 645 2
3 653 2
3 680 2
3 695 -2
3 702 -2
3 727 2
3 729 -2
3 749 -2
3 759 -2
3 774 -2
3 778 2
3 798 2
3 815 2
3 816 2
3 822 2
3 879 -2
3 889 2
3 910 -2
3 918 2
3 921 2
3 922 2
3 942 2
3 959 2
3 965 -2
3 977 -2
3 983 -2
3 1022 -2
3 1049 2
3 1066 2
3 1082 2
3 1083 -2
3 1090 -2
3 1981 2
3 1128 -2
3 1137 2
3 1157 2
3 1161 2
3 1166 2
3 1172 -2
3 1176 -2
3 1244 -2
3 1255 2
3 1260 2
3 1294 2
3 1311 2
3 1319 2
3 1335 2
3 1339 -2
3 1367 2
3 1391 -2
3 1392 2
3 1396 2
3 1410 -2
3 1413 -2
3 1419 -2
3 1446 2
3 1459 2
3 1476 2
3 1490 -2
3 1495 2
3 1514 -2
3 1554 -2
3 1564 2
3 1584 -2
3 1587 2
3 1604 -2
3 1643 -2
3 1671 2
3 1673 -2
3 1684 -2
3 1758 -2
3 1764 -2
3 1789 2
3 1790 -2
3 1793 2
3 1797 -2
3 1805 -2
3 1824 -2
3 1825 -2
3 1830 -2
3 1838 -2
3 1871 -2
3 1920 -2
3 1923 2
3 1948 2
3 1979 -2
3 4 2
3 5 -2
3 10 2
3 13 2
3 14 2
3 16 -2
3 17 2
3 20 2
3 24 2
3 31 2
3 32 -2
3 36 2
3 52 -2
3 61 -2
3 71 2
3 75 2
3 77 -2
3 80 2
3 94 2
3 104 2
3 114 -2
3 137 2
3 138 2
3 139 -2
3 140 -2
3 142 2
3 149 -2
3 179 2
3 185 -2
3 187 2
3 205 -2
3 210 2
3 222 2
3 240 2
3 241 2
3 261 -2
3 284 2
3 314 2
3 326 -2
3 352 -2
3 359 -2
3 363 -2
3 366 2
3 367 -2
3 382 2
3 392 2
3 402 2
3 412 -2
3 421 2
3 428 -2
3 434 2
3 437 2
3 447 2
3 462 2
3 467 -2
3 495 -2
3 499 2
3 505 -2
3 534 2
3 641 -2
3 672 -2
3 676 2
3 685 -2
3 747 -2
3 779 -2
3 838 2
3 927 2
3 948 -2
3 1003 -2
3 1035 -2
3 1037 -2
3 1069 2
3 1074 2
3 1085 2
3 1116 2
3 1119 2
3 1151 2
3 1159 2
3 1184 -2
3 1205 -2
3 1212 -2
3 1213 -2
3 1316 -2
3 1398 -2
3 1411 2
3 1475 -2
3 1644 2
3 1706 2
3 1730 2
3 1747 2
3 1770 -2
3 1795 -2
3 1816 -2
3 1843 2
3 1845 2
3 1931 2
3 1959 -2
4 9 -2
4 10 -2
4 13 2
4 14 -2
4 15 -2
4 18 -2
4 20 -2
4 21 2
4 23 -2
4 24 2
4 27 -2
4 32 -2
4 44 -2
4 50 -2
4 56 -2
4 57 -2
4 59 -2
4 70 -2
4 71 2
4 84 2
4 95 2
4 97 2
4 105 2
4 118 -2
4 127 2
4 134 -2
4 142 2
4 150 2
4 156 2
4 158 -2
4 169 -2
4 185 -2
4 195 2
4 197 -2
4 200 2
4 234 2
4 238 2
4 246 2
4 247 -2
4 254 2
4 260 -2
4 317 2
4 322 -2
4 326 -2
4 350 2
4 351 2
4 364 2
4 379 2
4 396 -2
4 403 -2
4 431 2
4 437 2
4 438 2
4 440 2
4 450 2
4 458 2
4 471 -2
4 478 2
4 501 -2
4 509 -2
4 512 2
4 542 2
4 544 -2
4 545 2
4 567 -2
4 570 2
4 585 2
4 597 -2
4 613 -2
4 660 -2
4 665 -2
4 693 -2
4 743 -2
4 753 -2
4 754 -2
4 771 2
4 794 -2
4 804 2
4 806 2
4 821 -2
4 870 -2
4 875 2
4 905 2
4 923 2
4 969 -2
4 981 2
4 992 -2
4 1000 2
4 1009 -2
4 1013 -2
4 1031 -2
4 1056 -2
4 1059 -2
4 1075 -2
4 1103 2
4 1139 -2
4 1186 2
4 1198 -2
4 1234 2
4 1273 -2
4 1292 2
4 1361 -2
4 1363 2
4 1365 2
4 1377 -2
4 1395 -2
4 1485 -2
4 1506 -2
4 1538 -2
4 1542 2
4 1571 -2
4 1579 -2
4 1603 -2
4 1623 2
4 1642 2
4 1666 2
4 1669 2
4 1735 -2
4 1746 -2
4 1752 -2
4 1787 -2
4 1834 -2
4 1848 2
4 1858 2
4 1887 -2
4 1907 2
4 1936 -2
4 1938 2
4 1943 -2
4 5 -2
4 6 -2
4 11 2
4 16 2
4 17 -2
4 29 2
4 30 -2
4 34 2
4 36 -2
4 38 2
4 43 2
4 45 2
4 49 -2
4 53 2
4 55 2
4 64 -2
4 69 -2
4 76 2
4 78 -2
4 83 -2
4 86 -2
4 98 -2
4 99 2
4 100 -2
4 148 -2
4 153 2
4 175 2
4 180 -2
4 192 2
4 208 2
4 216 -2
4 224 -2
4 258 2
4 271 -2
4 279 2
4 325 -2
4 331 -2
4 345 -2
4 354 2
4 360 -2
4 368 -2
4 370 2
4 371 -2
4 372 -2
4 428 2
4 449 -2
4 453 -2
4 520 -2
4 526 2
4 530 2
4 531 -2
4 586 -2
4 653 -2
4 667 -2
4 674 -2
4 729 -2
4 755 -2
4 760 -2
4 778 2
4 780 2
4 816 2
4 851 -2
4 880 2
4 937 2
4 1003 -2
4 1054 2
4 1107 2
4 1116 2
4 1124 2
4 1165 2
4 1173 -2
4 1178 2
4 1185 2
4 1195 2
4 1252 -2
4 1298 -2
4 1338 2
4 1397 2
4 1419 -2
4 1436 -2
4 1496 -2
4 1505 2
4 1512 -2
4 1554 2
4 1564 -2
4 1612 -2
4 1632 -2
4 1680 2
4 1799 2
4 1804 -2
4 1847 -2
4 1891 2
4 1977 -2
5 19 -2
5 23 -2
5 45 2
5 48 -2
5 62 2
5 86 -2
5 88 -2
5 111 2
5 132 -2
5 144 -2
5 185 -2
5 197 2
5 217 -2
5 224 -2
5 236 -2
5 240 2
5 247 -2
5 320 2
5 382 -2
5 423 2
5 486 2
5 519 2
5 568 2
5 600 -2
5 617 2
5 693 -2
5 697 2
5 781 -2
5 788 -2
5 872 2
5 916 2
5 920 -2
5 1021 2
5 1163 -2
5 1234 -2
5 1268 2
5 1323 2
5 1335 2
5 1437 2
5 1457 2
5 1485 2
5 1615 2
5 10 -2
5 11 2
5 14 -2
5 16 -2
5 21 -2
5 28 -2
5 69 -2
5 78 2
5 84 2
5 94 2
5 95 2
5 104 -2
5 138 -2
5 151 2
5 158 2
5 162 2
5 169 2
5 205 -2
5 220 2
5 223 2
5 228 -2
5 272 -2
5 302 2
5 303 2
5 338 -2
5 341 -2
5 351 -2
5 376 2
5 454 -2
5 475 -2
5 514 2
5 588 2
5 609 2
5 626 -2
5 686 2
5 704 -2
5 807 2
5 824 -2
5 829 2
5 832 2
5 942 -2
5 1995 -2
5 1014 -2
5 1034 2
5 1060 -2
5 1105 -2
5 1113 -2
5 1134 2
5 1143 2
5 1186 2
5 1190 2
5 1243 2
5 1244 -2
5 1356 -2
5 1380 -2
5 1399 2
5 1444 -2
5 1458 2
5 1464 -2
5 1503 2
5 1507 2
5 1519 2
5 1521 2
5 1606 -2
5 1668 -2
5 1739 -2
5 1752 2
5 1764 -2
5 1873 -2
5 1879 2
5 1976 -2
6 49 2
6 57 -2
6 58 -2
6 96 -2
6 127 -2
6 251 2
6 364 2
6 399 2
6 460 2
6 481 2
6 717 2
6 984 -2
6 1035 2
6 1174 2
6 1390 2
6 1550 -2
6 1577 2
6 1586 2
6 1657 -2
6 1852 -2
6 1859 2
6 1899 -2
6 7 2
6 8 -2
6 15 -2
6 23 2
6 30 2
6 53 -2
6 99 -2
6 124 -2
6 141 2
6 197 -2
6 312 2
6 323 2
6 343 -2
6 356 2
6 409 2
6 450 2
6 518 -2
6 548 2
6 699 -2
6 854 2
6 940 2
6 992 -2
6 1066 -2
6 1189 -2
6 1209 -2
6 1347 2
6 1429 -2
6 1540 2
6 1543 2
6 1704 2
6 1756 -2
6 1804 -2
7 29 2
7 33 2
7 34 -2
7 35 -2
7 36 2
7 51 -2
7 63 2
7 129 2
7 137 -2
7 148 -2
7 152 -2
7 160 -2
7 162 2
7 233 2
7 330 2
7 376 2
7 393 -2
7 447 -2
7 452 -2
7 513 2
7 569 -2
7 609 2
7 661 2
7 752 2
7 778 -2
7 919 2
7 937 -2
7 993 -2
7 1242 -2
7 1279 -2
7 1404 2
7 1512 -2
7 1596 2
7 1614 -2
7 1693 -2
7 1772 2
7 1794 2
7 1808 -2
7 1850 2
7 8 -2
7 9 -2
7 12 2
7 18 2
7 48 2
7 58 -2
7 89 -2
7 141 2
7 154 -2
7 190 -2
7 197 2
7 203 2
7 213 2
7 298 -2
7 308 -2
7 312 2
7 337 2
7 343 2
7 374 2
7 384 2
7 419 2
7 425 -2
7 448 2
7 490 -2
7 528 -2
7 548 2
7 587 2
7 668 -2
7 699 -2
7 737 -2
7 883 -2
7 940 -2
7 941 2
7 968 -2
7 1042 -2
7 1075 2
7 1282 -2
7 1335 -2
7 1442 2
7 1673 2
7 1689 -2
7 1777 -2
7 1807 -2
7 1895 2
7 1961 2
8 34 2
8 143 2
8 194 2
8 829 2
8 1512 2
8 12 2
8 15 -2
8 19 2
8 22 -2
8 27 2
8 39 2
8 41 2
8 47 -2
8 57 -2
8 65 -2
8 70 -2
8 91 2
8 101 -2
8 111 -2
8 123 -2
8 132 2
8 136 -2
8 177 2
8 181 2
8 193 2
8 197 -2
8 225 2
8 231 -2
8 232 2
8 242 2
8 243 2
8 253 -2
8 266 -2
8 278 -2
8 294 2
8 318 2
8 334 2
8 357 2
8 365 2
8 388 -2
8 406 2
8 407 2
8 410 -2
8 427 -2
8 444 2
8 450 2
8 477 -2
8 561 2
8 579 2
8 633 -2
8 663 -2
8 689 2
8 690 2
8 696 -2
8 722 -2
8 738 2
8 800 -2
8 805 -2
8 817 2
8 875 -2
8 890 2
8 921 -2
8 958 -2
8 974 2
8 1010 -2
8 1094 2
8 1141 2
8 1156 -2
8 1999 2
8 1258 -2
8 1303 -2
8 1314 2
8 1327 -2
8 1347 2
8 1360 -2
8 1375 2
8 1391 2
8 1988 2
8 1555 2
8 1582 -2
8 1648 2
8 1672 2
8 1687 -2
8 1827 2
8 1829 -2
8 1949 -2
9 10 2
9 14 2
9 17 2
9 22 -2
9 24 -2
9 26 -2
9 32 2
9 39 -2
9 43 -2
9 44 -2
9 46 2
9 47 2
9 60 2
9 65 2
9 75 2
9 77 2
9 82 -2
9 116 -2
9 121 2
9 154 -2
9 178 2
9 179 2
9 226 2
9 227 -2
9 249 -2
9 256 2
9 264 2
9 266 -2
9 281 -2
9 289 2
9 299 -2
9 301 -2
9 314 -2
9 338 2
9 357 -2
9 367 2
9 368 2
9 373 -2
9 391 -2
9 406 2
9 422 2
9 439 2
9 450 2
9 473 -2
9 479 -2
9 482 -2
9 493 2
9 495 -2
9 508 2
9 520 2
9 560 2
9 596 2
9 632 -2
9 669 -2
9 683 -2
9 690 -2
9 691 2
9 712 2
9 751 2
9 758 -2
9 760 2
9 814 2
9 826 -2
9 834 2
9 858 -2
9 861 -2
9 941 -2
9 974 -2
9 1010 -2
9 1032 2
9 1078 2
9 1130 -2
9 1142 -2
9 1184 2
9 1193 2
9 1267 -2
9 1310 -2
9 1350 2
9 1375 -2
9 1382 2
9 1394 2
9 1414 -2
9 1434 -2
9 1511 2
9 1515 -2
9 1530 -2
9 1539 -2
9 1580 -2
9 1588 2
9 1594 2
9 1597 2
9 1618 2
9 1653 2
9 1712 -2
9 1780 -2
9 1802 -2
9 1818 -2
9 1954 -2
9 1967 2
9 12 2
9 18 2
9 27 -2
9 33 -2
9 48 2
9 57 -2
9 89 2
9 126 -2
9 159 2
9 171 2
9 177 -2
9 181 -2
9 190 -2
9 194 -2
9 251 2
9 270 -2
9 308 -2
9 310 2
9 317 -2
9 355 2
9 362 2
9 386 -2
9 393 -2
9 407 2
9 429 -2
9 525 2
9 612 -2
9 655 -2
9 657 -2
9 662 2
9 663 -2
9 666 2
9 696 -2
9 820 -2
9 895 -2
9 936 -2
9 947 -2
9 977 -2
9 1022 -2
9 1049 -2
9 1233 -2
9 1241 -2
9 1340 2
9 1364 2
9 1456 2
9 1457 -2
9 1536 -2
9 1542 2
9 1602 -2
9 1672 -2
9 1691 2
9 1765 -2
10 12 -2
10 13 -2
10 15 2
10 17 2
10 18 -2
10 27 2
10 39 -2
10 41 2
10 42 2
10 46 -2
10 55 -2
10 66 2
10 67 -2
10 72 -2
10 74 2
10 107 2
10 114 -2
10 121 2
10 125 2
10 126 -2
10 130 2
10 147 -2
10 171 2
10 205 -2
10 219 2
10 235 2
10 266 -2
10 326 2
10 335 -2
10 339 2
10 345 2
10 372 -2
10 392 2
10 394 -2
10 404 -2
10 415 2
10 458 2
10 504 -2
10 506 2
10 515 -2
10 591 -2
10 601 2
10 662 2
10 685 -2
10 737 -2
10 744 -2
10 814 -2
10 893 2
10 939 2
10 1072 2
10 1094 2
10 1103 2
10 1164 2
10 1228 2
10 1315 2
10 1355 -2
10 1366 -2
10 1376 -2
10 1389 2
10 1394 2
10 1451 2
10 1468 -2
10 1534 2
10 1542 -2
10 1553 -2
10 1613 2
10 1660 2
10 1665 -2
10 1753 -2
10 1829 2
10 14 2
10 21 -2
10 24 2
10 84 2
10 103 -2
10 106 2
10 108 2
10 113 -2
10 156 2
10 163 -2
10 167 -2
10 195 2
10 342 2
10 377 -2
10 382 -2
10 413 -2
10 424 2
10 441 -2
10 447 -2
10 466 -2
10 622 -2
10 658 2
10 712 2
10 852 -2
10 1014 2
10 1031 -2
10 1056 -2
10 1331 2
10 1478 2
10 1506 -2
10 1677 -2
10 1712 2
10 1740 2
10 1883 2
10 1885 2
10 1933 2
10 1978 -2
11 19 -2
11 21 2
11 28 2
11 40 2
11 53 2
11 61 -2
11 1985 -2
11 86 2
11 113 -2
11 167 2
11 183 2
11 185 2
11 228 -2
11 237 2
11 240 -2
11 260 2
11 267 -2
11 315 -2
11 331 2
11 333 -2
11 381 -2
11 407 -2
11 413 -2
11 434 2
11 456 2
11 525 -2
11 564 -2
11 707 2
11 745 -2
11 787 2
11 874 -2
11 891 2
11 909 -2
11 927 -2
11 948 -2
11 1021 2
11 1022 2
11 1052 2
11 1062 2
11 1070 2
11 1323 -2
11 1410 -2
11 1546 -2
11 1575 -2
11 1629 2
11 1644 2
11 1647 2
11 1745 2
11 1763 -2
11 1879 2
11 1913 2
11 1918 2
11 38 -2
11 66 -2
11 78 2
11 95 2
11 105 -2
11 162 -2
11 216 2
11 223 2
11 276 2
11 426 2
11 443 2
11 469 -2
11 625 2
11 706 -2
11 786 2
11 917 -2
11 942 2
11 1105 -2
11 1113 -2
11 1186 2
11 1399 -2
11 1507 -2
11 1750 -2
11 1764 -2
11 1769 2
11 1815 2
11 1847 2
12 17 2
12 22 2
12 249 2
12 373 2
12 392 -2
12 482 2
12 690 2
12 826 2
12 861 -2
12 1078 -2
12 1094 -2
12 1142 -2
12 1193 2
12 1389 -2
12 1398 2
12 1417 2
12 1660 2
12 1700 -2
12 1817 -2
12 1864 2
12 18 2
12 33 -2
12 40 -2
12 57 -2
12 65 -2
12 67 2
12 93 2
12 126 -2
12 159 -2
12 166 -2
12 182 2
12 237 -2
12 242 -2
12 270 -2
12 298 -2
12 324 2
12 386 -2
12 396 2
12 401 -2
12 442 -2
12 456 2
12 613 -2
12 666 -2
12 669 2
12 910 -2
12 936 2
12 949 2
12 1025 2
12 1045 -2
12 1059 -2
12 1099 -2
12 1258 2
12 1300 -2
12 1381 -2
12 1460 -2
12 1486 2
12 1497 -2
12 1500 -2
12 1575 2
12 1690 -2
12 1832 2
12 1948 -2
12 1972 -2
13 27 2
13 67 2
13 72 2
13 74 2
13 119 -2
13 126 -2
13 156 -2
13 213 2
13 239 -2
13 246 -2
13 374 -2
13 437 2
13 441 2
13 444 -2
13 459 -2
13 514 -2
13 563 -2
13 665 2
13 684 -2
13 685 -2
13 1123 -2
13 1150 -2
13 1178 2
13 1201 2
13 1281 2
13 1297 2
13 1305 2
13 1599 2
13 1626 2
13 1924 -2
13 26 2
13 35 -2
13 61 2
13 87 -2
13 96 -2
13 102 -2
13 157 -2
13 164 -2
13 173 -2
13 207 -2
13 275 -2
13 335 -2
13 416 2
13 470 -2
13 484 -2
13 500 -2
13 510 -2
13 599 2
13 643 2
13 646 2
13 656 -2
13 749 -2
13 756 2
13 801 2
13 925 -2
13 953 -2
13 1119 2
13 1225 2
13 1371 -2
13 1411 -2
13 1437 -2
13 1526 2
13 1623 -2
13 1864 -2
13 1888 2
13 1967 2
14 15 2
14 20 2
14 32 -2
14 121 2
14 289 -2
14 310 -2
14 314 2
14 410 -2
14 571 2
14 632 -2
14 811 -2
14 1085 2
14 1164 -2
14 1347 2
14 1370 -2
14 1478 -2
14 1609 2
14 1653 -2
14 21 -2
14 24 2
14 28 2
14 75 -2
14 88 2
14 113 2
14 1984 -2
14 156 -2
14 170 -2
14 185 2
14 198 -2
14 210 -2
14 342 -2
14 411 -2
14 462 2
14 496 -2
14 498 -2
14 537 -2
14 559 2
14 598 -2
14 620 2
14 622 2
14 661 -2
14 686 -2
14 828 -2
14 896 2
14 961 -2
14 1029 -2
14 1132 2
14 1171 2
14 1224 2
14 1320 2
14 1323 -2
14 1468 2
14 1519 2
14 1534 2
14 1758 -2
14 1810 2
14 1906 2
14 1965 2
15 18 -2
15 20 -2
15 205 2
15 219 -2
15 238 2
15 277 2
15 383 -2
15 542 2
15 571 2
15 592 2
15 844 -2
15 865 2
15 1154 -2
15 1164 2
15 1347 2
15 1373 2
15 1544 2
15 1761 2
15 1842 2
15 1857 -2
15 19 2
15 23 -2
15 41 -2
15 46 2
15 54 2
15 73 -2
15 85 2
15 132 2
15 269 2
15 311 -2
15 313 -2
15 332 2
15 380 -2
15 400 2
15 432 2
15 439 2
15 518 2
15 546 2
15 589 -2
15 615 2
15 623 -2
15 652 2
15 678 2
15 721 -2
15 774 -2
15 834 -2
15 1052 -2
15 1053 -2
15 1093 -2
15 1155 -2
15 1246 -2
15 1363 -2
15 1376 -2
15 1527 -2
15 1577 -2
15 1660 -2
15 1699 2
15 1818 2
15 1877 2
15 1957 2
16 25 -2
16 31 2
16 37 -2
16 73 2
16 88 2
16 94 2
16 117 2
16 224 2
16 243 2
16 248 2
16 356 2
16 528 -2
16 541 2
16 695 2
16 882 2
16 995 -2
16 1025 2
16 1041 2
16 1073 2
16 1194 -2
16 1223 2
16 1233 -2
16 1244 2
16 1328 -2
16 1543 2
16 1598 2
16 1683 2
16 1782 -2
16 1791 -2
16 1985 2
16 36 -2
16 55 -2
16 69 2
16 80 2
16 104 2
16 158 -2
16 192 -2
16 349 2
16 535 -2
16 609 -2
16 807 2
16 926 -2
16 976 -2
16 1072 -2
16 1127 -2
16 1143 2
16 1316 -2
16 1997 2
16 1840 2
17 22 2
17 26 -2
17 39 -2
17 42 2
17 55 -2
17 66 2
17 75 2
17 104 -2
17 106 2
17 109 -2
17 138 -2
17 141 2
17 157 -2
17 164 -2
17 226 -2
17 270 2
17 272 -2
17 273 -2
17 299 -2
17 368 -2
17 375 2
17 392 -2
17 395 2
17 418 2
17 463 2
17 467 -2
17 517 2
17 583 -2
17 615 2
17 676 -2
17 688 2
17 713 2
17 725 2
17 827 2
17 838 2
17 913 -2
17 949 2
17 952 2
17 1034 2
17 1036 2
17 1107 -2
17 1109 -2
17 1237 2
17 1280 2
17 1299 -2
17 1980 2
17 1364 2
17 1398 2
17 1414 -2
17 1432 -2
17 1494 2
17 1528 -2
17 1532 -2
17 1692 2
17 1839 -2
17 20 -2
17 29 -2
17 34 2
17 51 -2
17 56 2
17 62 -2
17 72 2
17 83 -2
17 119 -2
17 121 2
17 140 -2
17 172 2
17 258 -2
17 263 -2
17 267 2
17 295 -2
17 307 2
17 428 -2
17 476 -2
17 545 2
17 641 2
17 703 -2
17 707 -2
17 717 2
17 731 2
17 772 -2
17 826 2
17 833 2
17 839 2
17 851 2
17 960 -2
17 1009 -2
17 1154 2
17 1177 2
17 1205 -2
17 1339 -2
17 1353 -2
17 1445 -2
17 1561 2
17 1586 -2
17 1788 2
17 1871 -2
18 41 2
18 326 2
18 335 2
18 542 2
18 544 -2
18 592 -2
18 714 -2
18 824 2
18 865 2
18 923 2
18 1162 2
18 1232 -2
18 1488 -2
18 33 2
18 40 -2
18 42 2
18 48 2
18 58 -2
18 122 -2
18 203 2
18 213 -2
18 297 2
18 298 2
18 299 -2
18 306 -2
18 494 -2
18 522 2
18 648 -2
18 669 2
18 894 2
18 910 -2
18 964 2
18 1080 -2
18 1282 2
18 1311 2
18 1357 2
18 1392 -2
18 1615 2
18 1691 -2
18 1709 -2
18 1724 2
18 1824 2
19 40 -2
19 45 -2
19 48 -2
19 69 2
19 86 -2
19 111 -2
19 173 2
19 217 -2
19 228 2
19 332 -2
19 333 -2
19 384 2
19 486 2
19 518 -2
19 581 2
19 599 -2
19 611 -2
19 791 2
19 1039 -2
19 1105 -2
19 1161 2
19 1247 -2
19 1443 2
19 1449 2
19 1565 2
19 1615 -2
19 1757 -2
19 1873 2
19 1879 -2
19 1904 2
19 1933 -2
19 1957 -2
19 22 2
19 25 2
19 37 -2
19 39 -2
19 46 2
19 70 2
19 79 -2
19 81 2
19 85 2
19 97 2
19 115 -2
19 150 -2
19 230 -2
19 235 2
19 246 -2
19 268 -2
19 327 2
19 388 -2
19 414 2
19 446 2
19 546 2
19 550 -2
19 572 -2
19 600 -2
19 602 -2
19 623 2
19 644 2
19 677 2
19 694 2
19 697 2
19 705 -2
19 788 -2
19 793 -2
19 874 -2
19 923 -2
19 954 -2
19 972 -2
19 979 2
19 994 -2
19 1104 2
19 1215 -2
19 1325 2
19 1354 2
19 1403 2
19 1414 -2
19 1559 2
19 1567 2
19 1607 2
19 1654 -2
19 1665 2
19 1682 2
19 1733 2
19 1818 -2
19 1875 2
19 1905 2
19 1963 2
20 238 -2
20 571 -2
20 1116 2
20 1154 2
20 1395 -2
20 1478 -2
20 1761 -2
20 31 2
20 44 2
20 52 2
20 60 2
20 118 -2
20 121 -2
20 140 -2
20 236 -2
20 267 -2
20 293 -2
20 359 2
20 375 -2
20 420 2
20 455 2
20 513 2
20 515 2
20 551 -2
20 574 2
20 580 -2
20 757 2
20 772 -2
20 776 2
20 812 -2
20 843 2
20 935 -2
20 960 2
20 1085 2
20 1130 2
20 1234 -2
20 1296 -2
20 1473 -2
20 1588 -2
20 1674 2
20 1679 -2
21 28 -2
21 38 2
21 68 2
21 79 2
21 81 -2
21 84 2
21 135 2
21 145 2
21 167 -2
21 183 -2
21 190 -2
21 193 2
21 210 2
21 222 2
21 237 -2
21 253 2
21 293 2
21 305 2
21 313 -2
21 403 2
21 429 -2
21 430 2
21 491 2
21 1985 2
21 525 2
21 649 -2
21 666 2
21 689 -2
21 769 2
21 776 -2
21 786 2
21 787 -2
21 821 2
21 852 2
21 946 -2
21 1092 -2
21 1131 -2
21 1137 -2
21 1309 -2
21 1487 2
21 1789 -2
21 1845 -2
21 1928 -2
21 113 2
21 198 2
21 441 2
21 686 2
21 830 -2
21 1132 -2
22 26 2
22 43 2
22 65 2
22 104 2
22 159 2
22 214 -2
22 245 -2
22 533 2
22 546 -2
22 593 2
22 751 2
22 766 -2
22 911 -2
22 982 2
22 1078 -2
22 1352 -2
22 1356 2
22 1572 2
22 1817 -2
22 1860 -2
22 25 2
22 39 -2
22 79 2
22 91 2
22 111 2
22 133 2
22 221 2
22 230 2
22 231 -2
22 232 -2
22 243 -2
22 256 -2
22 294 2
22 301 -2
22 350 2
22 364 2
22 532 2
22 536 -2
22 554 -2
22 575 -2
22 590 2
22 618 -2
22 638 2
22 758 2
22 783 2
22 865 2
22 875 -2
22 916 -2
22 921 2
22 970 -2
22 1012 -2
22 1073 -2
22 1115 -2
22 1216 2
22 1271 -2
22 1404 -2
22 1408 -2
22 1424 2
22 1613 2
22 1640 -2
22 1796 -2
23 30 -2
23 95 -2
23 134 -2
23 144 -2
23 204 2
23 325 -2
23 336 2
23 446 2
23 529 2
23 1344 -2
23 1606 2
23 1963 -2
23 54 2
23 82 2
23 117 2
23 146 2
23 161 2
23 184 -2
23 255 2
23 285 2
23 313 -2
23 321 -2
23 356 2
23 409 -2
23 463 -2
23 506 2
23 518 -2
23 570 2
23 859 -2
23 861 -2
23 913 2
23 930 -2
23 1033 2
23 1039 -2
23 1980 -2
23 1147 2
23 1285 2
23 1307 2
23 1379 -2
23 1552 2
23 1684 -2
23 1701 2
23 1831 -2
24 44 -2
24 47 2
24 70 -2
24 71 2
24 78 -2
24 82 -2
24 250 2
24 349 -2
24 358 2
24 360 2
24 397 2
24 439 2
24 471 -2
24 492 2
24 547 -2
24 549 -2
24 605 -2
24 644 -2
24 961 -2
24 1102 2
24 1119 -2
24 1378 -2
24 1458 2
24 1687 -2
24 1688 -2
24 1920 2
24 139 -2
24 156 2
24 167 2
24 170 -2
24 174 2
24 187 -2
24 447 -2
24 464 -2
24 496 2
24 747 2
24 767 -2
24 896 2
24 1029 -2
24 1055 -2
24 1056 2
24 1323 -2
25 31 2
25 52 -2
25 54 2
25 83 -2
25 87 -2
25 100 -2
25 103 2
25 122 -2
25 136 2
25 161 -2
25 192 -2
25 229 -2
25 248 -2
25 252 2
25 255 -2
25 342 -2
25 386 -2
25 401 2
25 464 2
25 521 -2
25 541 2
25 553 -2
25 557 2
25 573 2
25 576 -2
25 587 -2
25 635 2
25 639 -2
25 680 2
25 694 -2
25 756 2
25 773 -2
25 810 2
25 820 -2
25 836 -2
25 903 2
25 932 -2
25 935 2
25 966 2
25 1015 -2
25 1030 2
25 1053 2
25 1061 2
25 1063 2
25 1171 2
25 1182 2
25 1210 -2
25 1217 -2
25 1220 2
25 1254 -2
25 1380 -2
25 1486 -2
25 1674 2
25 1677 -2
25 1728 2
25 1755 -2
25 1999 -2
25 1953 -2
25 1956 -2
25 37 -2
25 97 -2
25 165 2
25 264 -2
25 538 -2
25 1149 -2
25 1215 -2
25 1317 2
25 1372 -2
25 1415 2
25 1649 2
25 1713 2
25 1911 2
26 43 -2
26 75 -2
26 77 2
26 104 -2
26 138 2
26 141 2
26 159 2
26 177 -2
26 182 2
26 196 2
26 209 2
26 232 -2
26 292 2
26 302 2
26 395 -2
26 479 2
26 540 2
26 768 -2
26 998 -2
26 1109 -2
26 1118 2
26 1152 2
26 1192 2
26 1226 2
26 1348 2
26 1401 2
26 1441 2
26 1471 2
26 1532 2
26 1692 -2
26 1767 -2
26 1903 -2
26 1906 2
26 35 -2
26 50 2
26 68 2
26 87 2
26 127 -2
26 160 -2
26 207 -2
26 239 2
26 245 -2
26 330 2
26 348 -2
26 405 -2
26 470 -2
26 501 2
26 553 -2
26 634 -2
26 664 -2
26 670 -2
26 728 -2
26 756 -2
26 804 -2
26 806 2
26 813 2
26 846 2
26 953 -2
26 1047 -2
26 1223 2
26 1319 -2
26 1681 -2
26 1694 -2
27 246 -2
27 458 -2
27 685 -2
27 981 -2
27 1072 2
27 1125 -2
27 47 -2
27 90 -2
27 171 2
27 249 2
27 471 2
27 578 2
27 601 -2
27 1491 2
27 1672 2
28 68 -2
28 79 2
28 175 2
28 253 2
28 267 -2
28 428 -2
28 674 2
28 785 2
28 787 -2
28 892 2
28 953 2
28 1241 2
28 1725 -2
28 1824 -2
28 75 2
28 88 -2
28 94 2
28 326 -2
28 495 2
28 559 2
28 661 2
28 779 2
28 831 -2
28 1035 -2
28 1212 2
28 1427 -2
28 1488 -2
28 1669 -2
29 33 2
29 85 2
29 90 2
29 115 2
29 124 2
29 149 2
29 162 -2
29 166 2
29 170 2
29 172 2
29 186 -2
29 300 2
29 369 -2
29 604 2
29 640 2
29 661 2
29 832 2
29 842 2
29 890 -2
29 906 2
29 937 2
29 968 -2
29 988 -2
29 1007 2
29 1076 2
29 1114 2
29 1133 2
29 1140 -2
29 1169 -2
29 1209 -2
29 1425 -2
29 1469 2
29 1581 -2
29 1600 2
29 1631 -2
29 1684 2
29 1948 -2
29 1970 2
29 34 2
29 43 2
29 49 -2
29 59 2
29 64 -2
29 178 2
29 189 -2
29 191 2
29 200 2
29 217 -2
29 289 2
29 307 -2
29 371 -2
29 497 -2
29 511 2
29 545 2
29 632 2
29 718 2
29 870 -2
29 880 2
29 982 -2
29 1084 -2
29 1245 -2
29 1261 -2
29 1262 -2
29 1263 -2
29 1264 2
29 1297 2
29 1369 2
29 1481 2
29 1991 -2
29 1609 2
29 1641 2
29 1658 -2
29 1754 -2
30 50 2
30 56 -2
30 59 -2
30 95 -2
30 101 -2
30 118 -2
30 158 2
30 163 2
30 191 -2
30 195 2
30 212 2
30 269 2
30 296 -2
30 325 2
30 336 2
30 398 -2
30 453 2
30 526 -2
30 529 2
30 537 2
30 622 -2
30 646 -2
30 668 2
30 831 2
30 914 2
30 970 2
30 986 2
30 1127 -2
30 1139 -2
30 1177 2
30 1188 -2
30 1262 -2
30 1351 2
30 1372 2
30 1439 2
30 1470 2
30 1501 -2
30 1555 -2
30 1595 -2
30 1885 -2
30 99 -2
30 124 -2
30 1987 -2
30 202 -2
30 238 -2
30 354 2
30 379 -2
30 887 -2
30 944 2
30 1066 -2
30 1096 2
30 1195 2
30 1330 2
31 37 -2
31 54 -2
31 73 2
31 83 -2
31 92 2
31 117 2
31 168 2
31 184 2
31 255 2
31 283 -2
31 356 2
31 366 -2
31 400 -2
31 408 -2
31 435 -2
31 523 -2
31 565 2
31 606 2
31 677 2
31 756 -2
31 815 2
31 1006 2
31 1211 -2
31 1223 -2
31 1233 -2
31 1265 -2
31 1283 -2
31 1429 -2
31 1430 2
31 1545 2
31 1561 2
31 1721 2
31 1749 -2
31 1768 2
31 1791 2
31 1883 2
31 1953 2
31 32 2
31 44 -2
31 52 2
31 77 -2
31 186 -2
31 300 -2
31 304 -2
31 316 -2
31 390 2
31 420 -2
31 431 -2
31 508 2
31 515 2
31 1286 2
31 1588 2
31 1715 -2
31 1865 2
31 1884 -2
31 1940 -2
31 1947 -2
32 314 -2
32 450 -2
32 560 2
32 811 2
32 1365 2
32 1377 -2
32 1978 2
32 431 -2
33 35 -2
33 85 -2
33 90 -2
33 108 -2
33 166 2
33 261 -2
33 295 2
33 304 2
33 334 2
33 363 -2
33 405 2
33 589 2
33 675 -2
33 681 2
33 734 -2
33 741 -2
33 752 2
33 850 -2
33 890 -2
33 934 -2
33 937 -2
33 958 2
33 963 -2
33 993 -2
33 1133 2
33 1224 -2
33 1431 -2
33 1521 -2
33 40 2
33 42 -2
33 122 -2
33 126 2
33 131 2
33 237 2
33 299 2
33 393 2
33 396 2
33 1182 2
33 1204 -2
33 1295 -2
33 1520 2
33 1633 -2
33 1691 -2
34 36 2
34 143 2
34 309 2
34 866 2
34 1854 -2
34 64 2
34 83 2
34 172 -2
34 175 2
34 271 2
34 289 2
34 296 -2
34 331 2
34 360 2
34 586 2
34 608 2
34 710 -2
34 731 2
34 996 2
34 1230 2
34 1264 2
34 1279 -2
34 1524 2
34 1871 -2
35 261 -2
35 363 2
35 720 2
35 752 2
35 778 -2
35 1408 2
35 1446 -2
35 1794 2
35 1797 -2
35 50 2
35 87 -2
35 127 -2
35 129 2
35 157 2
35 204 2
35 215 2
35 275 2
35 281 2
35 283 -2
35 395 -2
35 405 -2
35 417 2
35 480 -2
35 500 2
35 512 -2
35 552 -2
35 649 -2
35 664 -2
35 745 -2
35 749 -2
35 801 2
35 804 -2
35 846 2
35 1078 -2
35 1289 -2
35 1401 2
35 1402 -2
35 1601 2
35 1681 -2
35 1792 -2
35 1839 2
35 1841 -2
35 1842 -2
35 1888 2
36 148 2
36 285 -2
36 454 2
36 896 -2
36 1369 2
36 1726 2
36 1796 -2
36 55 -2
36 80 2
36 224 -2
36 257 2
36 349 2
36 531 -2
36 976 2
36 1377 2
36 1985 2
36 1994 2
37 54 -2
37 356 -2
37 435 2
37 474 -2
37 1999 2
37 541 -2
37 606 -2
37 677 -2
37 694 2
37 882 -2
37 932 -2
37 999 -2
37 1041 2
37 1171 2
37 1257 -2
37 1307 -2
37 1499 2
37 1536 -2
37 1543 2
37 1619 2
37 1732 -2
37 97 -2
37 165 -2
37 327 -2
37 399 2
37 549 2
37 627 2
37 1104 2
37 1175 2
37 1187 -2
37 1414 2
37 1963 -2
38 84 -2
38 145 -2
38 151 2
38 167 2
38 260 2
38 293 2
38 388 -2
38 430 2
38 835 2
38 945 2
38 987 2
38 1056 2
38 1129 -2
38 1243 -2
38 1249 -2
38 1290 -2
38 1464 -2
38 1531 2
38 1644 -2
38 1647 2
38 66 2
38 105 2
38 109 2
38 153 2
38 180 -2
38 226 -2
38 491 -2
38 530 2
38 667 2
38 706 -2
38 827 2
38 869 2
38 886 -2
38 1120 2
38 1394 -2
38 1499 2
38 1548 2
38 1592 2
38 1801 -2
38 1828 -2
38 1847 2
38 1848 2
39 42 2
39 46 2
39 114 -2
39 125 -2
39 154 2
39 157 2
39 207 2
39 256 -2
39 273 -2
39 299 -2
39 301 2
39 394 -2
39 418 -2
39 436 2
39 596 2
39 643 -2
39 670 2
39 676 -2
39 688 -2
39 737 2
39 777 -2
39 846 2
39 926 2
39 1060 -2
39 1095 -2
39 1132 2
39 1296 -2
39 1324 -2
39 1341 2
39 1364 -2
39 1440 -2
39 1613 2
39 1636 2
39 1656 2
39 1762 2
39 1780 2
39 1855 -2
39 1874 2
39 1888 2
39 1905 2
39 1965 -2
39 70 2
39 79 2
39 81 2
39 91 2
39 101 -2
39 136 -2
39 235 2
39 265 2
39 318 -2
39 472 2
39 536 -2
39 602 -2
39 614 -2
39 923 2
39 970 -2
39 1004 2
39 1146 2
39 1375 -2
39 1607 -2
39 1851 -2
40 53 -2
40 61 -2
40 76 -2
40 259 2
40 311 -2
40 348 -2
40 384 2
40 477 2
40 715 -2
40 862 2
40 1048 2
40 1062 -2
40 1098 2
40 1502 -2
40 1651 -2
40 1713 -2
40 1757 2
40 1805 -2
40 1856 2
40 1879 -2
40 1957 2
40 42 -2
40 396 2
40 442 2
40 669 2
40 766 -2
41 205 -2
41 277 2
41 335 2
41 345 -2
41 353 2
41 404 -2
41 417 2
41 487 2
41 592 -2
41 642 -2
41 714 2
41 735 2
41 767 -2
41 824 2
41 844 -2
41 876 -2
41 1040 2
41 1112 -2
41 1162 2
41 1282 2
41 1286 2
41 1544 -2
41 1672 -2
41 1697 -2
41 46 2
41 73 2
41 132 -2
41 150 2
41 320 2
41 380 -2
41 388 -2
41 400 2
41 438 2
41 569 2
41 678 -2
41 721 -2
41 805 2
41 814 2
41 836 -2
41 848 -2
41 1110 -2
41 1141 -2
41 1157 -2
41 1232 2
41 1260 2
41 1580 -2
42 55 2
42 107 -2
42 157 -2
42 207 -2
42 270 -2
42 394 2
42 1121 2
42 122 -2
42 131 -2
42 297 2
42 1520 -2
43 65 2
43 245 -2
43 533 2
43 603 -2
43 766 2
43 1004 2
43 1608 2
43 1730 -2
43 1867 2
43 45 -2
43 49 2
43 59 2
43 92 2
43 98 2
43 100 -2
43 148 2
43 178 2
43 219 -2
43 286 -2
43 345 2
43 361 -2
43 529 2
43 619 2
43 691 -2
43 782 2
43 902 2
43 924 -2
43 943 -2
43 1038 -2
43 1051 2
43 1188 -2
43 1226 -2
43 1293 2
43 1343 -2
43 1483 2
43 1489 -2
43 1652 -2
43 1653 -2
43 1718 2
43 1748 2
43 1771 -2
43 1772 2
43 1855 2
44 70 2
44 82 -2
44 99 2
44 227 -2
44 250 2
44 258 2
44 329 -2
44 338 2
44 360 -2
44 367 -2
44 378 -2
44 547 2
44 584 2
44 588 2
44 627 -2
44 644 -2
44 750 2
44 875 -2
44 960 -2
44 1012 2
44 1055 2
44 1185 -2
44 1435 -2
44 1610 -2
44 60 2
44 63 2
44 118 -2
44 120 -2
44 130 2
44 168 -2
44 280 2
44 420 2
44 452 2
44 479 -2
44 485 -2
44 508 -2
44 513 -2
44 523 2
44 727 -2
44 866 -2
44 914 2
44 1021 -2
44 1103 2
44 1121 -2
44 1332 2
44 1465 -2
44 1568 2
44 1674 2
44 1715 2
44 1755 -2
44 1785 -2
44 1797 2
44 1819 -2
44 1884 -2
44 1954 2
45 48 -2
45 62 2
45 69 2
45 332 2
45 354 -2
45 432 2
45 468 -2
45 476 -2
45 507 -2
45 516 2
45 781 2
45 863 2
45 897 -2
45 1003 -2
45 1024 -2
45 1068 -2
45 1161 2
45 1301 2
45 1785 -2
45 76 2
45 92 -2
45 100 -2
45 110 2
45 112 -2
45 116 2
45 134 2
45 147 2
45 176 -2
45 188 2
45 219 -2
45 233 2
45 248 2
45 260 2
45 358 2
45 361 2
45 387 2
45 398 2
45 451 -2
45 566 2
45 594 2
45 596 -2
45 674 2
45 691 -2
45 740 -2
45 760 -2
45 778 -2
45 787 2
45 867 2
45 891 -2
45 929 2
45 938 2
45 950 -2
45 1018 -2
45 1026 -2
45 1038 -2
45 1082 -2
45 1152 -2
45 1219 2
45 1222 2
45 1226 2
45 1299 2
45 1370 2
45 1397 2
45 1501 2
45 1522 2
45 1547 2
45 1576 2
45 1626 -2
45 1645 2
45 1666 -2
45 1698 -2
45 1748 -2
45 1834 2
45 1914 2
46 114 2
46 154 2
46 318 -2
46 352 -2
46 712 2
46 843 -2
46 1394 2
46 1515 2
46 1676 2
46 73 2
46 85 2
46 150 2
46 320 2
46 414 2
46 432 2
46 502 -2
46 569 2
46 589 -2
46 698 -2
46 965 2
46 1083 2
46 1100 -2
46 1207 2
46 1239 -2
46 1266 2
46 1354 2
46 1363 2
46 1494 -2
46 1605 2
46 1707 -2
46 1858 -2
46 1970 -2
47 116 2
47 349 -2
47 414 2
47 439 -2
47 473 -2
47 535 -2
47 739 -2
47 961 2
47 1151 -2
47 1199 2
47 1391 -2
47 1564 -2
47 1634 -2
47 1723 -2
47 1764 -2
47 90 -2
47 107 2
47 128 2
47 214 2
47 249 2
47 282 -2
47 365 -2
47 477 2
47 578 2
47 876 2
47 911 -2
47 946 2
47 1024 -2
47 1161 -2
47 1194 -2
47 1425 2
47 1854 -2
47 1974 -2
48 69 2
48 897 -2
48 1003 2
48 1565 2
48 1615 -2
48 58 -2
48 89 -2
48 154 -2
48 337 2
48 429 -2
48 490 -2
48 494 2
48 528 2
48 648 2
48 673 -2
48 791 -2
48 842 2
48 856 -2
48 920 2
48 971 2
48 1315 2
48 1350 -2
48 1484 2
48 1525 2
48 1536 -2
48 1557 2
48 1849 -2
49 58 -2
49 93 2
49 140 -2
49 208 2
49 265 -2
49 312 2
49 370 2
49 575 2
49 667 2
49 747 -2
49 1101 2
49 1621 2
49 1891 2
49 98 -2
49 178 -2
49 200 -2
49 368 2
49 383 2
49 880 -2
49 1051 -2
49 1168 2
49 1252 2
49 1416 2
49 1489 -2
49 1496 -2
49 1643 2
49 1652 2
50 56 2
50 101 -2
50 163 2
50 271 -2
50 316 -2
50 469 -2
50 663 -2
50 1013 2
50 1127 2
50 1188 -2
50 1627 -2
50 127 -2
50 160 -2
50 201 2
50 204 -2
50 215 2
50 245 -2
50 369 2
50 381 -2
50 395 -2
50 422 2
50 433 2
50 480 -2
50 552 2
50 553 2
50 759 2
50 810 2
50 845 2
50 1020 2
50 1067 -2
50 1135 -2
50 1287 2
50 1312 2
50 1322 2
50 1395 -2
50 1407 -2
50 1532 2
50 1784 -2
51 63 2
51 112 2
51 129 -2
51 137 -2
51 165 -2
51 327 2
51 376 -2
51 402 -2
51 411 -2
51 448 -2
51 1990 -2
51 524 2
51 556 -2
51 645 2
51 822 2
51 851 -2
51 996 -2
51 1044 2
51 1145 -2
51 1159 -2
51 1404 2
51 1480 2
51 1582 2
51 1662 2
51 1807 2
51 1892 -2
51 1929 -2
51 56 -2
51 72 -2
51 191 2
51 227 2
51 234 -2
51 262 2
51 307 -2
51 476 2
51 489 -2
51 497 2
51 504 -2
51 688 2
51 750 2
51 794 2
51 825 -2
51 863 -2
51 918 2
51 998 2
51 1013 2
51 1043 2
51 1280 2
51 1622 -2
51 1658 2
51 1946 -2
52 87 -2
52 100 -2
52 120 2
52 188 -2
52 223 -2
52 252 -2
52 290 -2
52 638 -2
52 652 -2
52 784 2
52 790 2
52 849 -2
52 886 2
52 1240 -2
52 1331 2
52 1720 2
52 1875 -2
52 1946 -2
52 77 -2
52 186 2
52 300 2
52 359 2
52 499 2
52 1588 -2
52 1679 -2
53 61 2
53 76 -2
53 110 -2
53 113 -2
53 187 2
53 225 -2
53 259 2
53 311 2
53 343 2
53 348 -2
53 641 2
53 715 2
53 862 -2
53 874 2
53 877 -2
53 909 2
53 1048 -2
53 1089 2
53 1098 2
53 1170 2
53 1379 -2
53 1547 2
53 1898 -2
53 449 2
53 978 -2
53 1804 2
54 83 2
54 92 2
54 133 2
54 136 -2
54 139 2
54 294 2
54 386 -2
54 412 2
54 474 2
54 654 -2
54 694 -2
54 867 -2
54 1096 -2
54 1307 -2
54 1486 -2
54 1721 -2
54 82 -2
54 143 -2
54 146 -2
54 184 2
54 229 2
54 255 -2
54 269 2
54 311 2
54 332 -2
54 353 -2
54 394 2
54 524 -2
54 539 2
54 565 2
54 645 -2
54 733 -2
54 799 -2
54 861 2
54 1636 -2
54 1831 -2
54 1866 2
54 1908 2
55 66 2
55 89 -2
55 107 -2
55 109 -2
55 128 -2
55 164 2
55 324 -2
55 372 -2
55 536 -2
55 551 -2
55 704 2
55 939 2
55 1121 -2
55 192 -2
55 224 2
55 257 -2
55 976 -2
55 1054 -2
55 1840 -2
56 59 -2
56 105 -2
56 142 2
56 215 -2
56 316 -2
56 794 2
56 1014 2
56 1188 2
56 1571 -2
56 1627 2
56 1694 2
56 1775 2
56 62 -2
56 72 2
56 144 2
56 196 -2
56 227 2
56 403 2
56 474 -2
56 577 -2
56 635 -2
56 679 -2
56 709 2
56 748 -2
56 753 2
56 903 -2
56 1982 -2
56 1283 2
56 1445 2
56 1610 -2
57 97 -2
57 127 -2
57 169 -2
57 202 -2
57 251 -2
57 431 2
57 802 -2
57 984 2
57 1028 -2
57 1227 -2
57 1403 2
57 65 2
57 67 -2
57 159 2
57 177 2
57 182 2
57 194 2
57 225 -2
57 266 -2
57 317 -2
57 410 2
57 457 -2
57 460 2
57 655 -2
57 700 -2
57 858 2
57 980 -2
57 1059 -2
57 1094 2
57 1233 -2
57 1300 2
57 1497 2
57 1611 -2
57 1648 -2
57 1999 2
57 1862 -2
57 1886 -2
57 1893 2
58 64 2
58 93 2
58 96 -2
58 465 2
58 466 -2
58 696 -2
58 847 -2
58 902 -2
58 955 -2
58 1043 -2
58 1453 -2
58 1743 -2
58 203 -2
58 337 -2
58 374 -2
58 419 -2
58 494 2
58 522 -2
58 540 -2
58 879 -2
58 894 -2
58 964 -2
58 1278 -2
58 1400 2
59 105 -2
59 158 -2
59 191 -2
59 199 -2
59 440 2
59 537 2
59 543 -2
59 994 2
59 1031 -2
59 1067 2
59 1099 -2
59 1208 2
59 1363 -2
59 1481 -2
59 1541 2
59 1623 2
59 1819 2
59 1926 -2
59 189 -2
59 924 -2
59 1656 -2
59 1814 -2
60 80 2
60 91 2
60 123 2
60 257 -2
60 281 -2
60 297 2
60 377 -2
60 566 2
60 673 2
60 807 -2
60 894 2
60 930 -2
60 956 -2
60 967 2
60 1342 -2
60 1409 2
60 1705 2
60 1778 2
60 1870 2
60 1949 -2
60 1954 2
60 63 2
60 118 2
60 120 2
60 125 2
60 236 -2
60 293 -2
60 479 -2
60 551 -2
60 555 -2
60 568 -2
60 616 2
60 797 2
60 912 2
60 1064 -2
60 1198 -2
60 1203 2
60 1237 2
60 1405 -2
60 1473 -2
60 1631 2
60 1736 2
60 1785 2
60 1786 -2
60 1958 2
61 874 2
61 1052 2
61 1062 2
61 1070 2
61 1089 2
61 1206 -2
61 1651 -2
61 71 -2
61 416 -2
61 459 -2
61 610 2
61 656 -2
61 746 2
61 1119 -2
61 1759 -2
62 468 2
62 516 -2
62 558 2
62 719 -2
62 763 -2
62 781 2
62 1335 -2
62 1505 -2
62 1785 -2
62 1862 2
62 1878 2
62 119 -2
62 144 2
62 196 -2
62 247 2
62 295 2
62 322 2
62 577 2
62 679 2
62 753 2
62 855 -2
62 893 -2
62 903 2
62 1070 2
62 1169 2
62 1177 2
62 1283 2
62 1310 2
62 1313 -2
62 1533 -2
63 112 -2
63 160 -2
63 165 2
63 280 -2
63 376 2
63 387 -2
63 447 -2
63 513 2
63 559 2
63 650 -2
63 706 -2
63 971 -2
63 1990 -2
63 1069 -2
63 1294 -2
63 1524 -2
63 1529 2
63 1632 2
63 1961 2
63 125 2
63 145 -2
63 168 -2
63 244 2
63 408 -2
63 423 -2
63 479 2
63 555 -2
63 904 -2
63 995 2
63 1021 2
63 1032 2
63 1203 -2
63 1237 2
63 1620 2
63 1742 2
63 1953 2
64 93 2
64 140 -2
64 208 2
64 370 2
64 424 2
64 465 -2
64 466 2
64 795 -2
64 1101 -2
64 1252 -2
64 1287 2
64 1453 2
64 1718 2
64 1743 2
64 289 2
64 296 -2
64 331 2
64 371 2
64 453 2
64 511 2
64 608 -2
64 870 -2
64 996 2
64 1366 2
64 1396 2
65 245 2
65 546 2
65 603 -2
65 751 -2
65 760 2
65 859 -2
65 1352 2
65 1447 2
65 1530 -2
65 1624 2
65 67 -2
65 93 -2
65 166 -2
65 242 -2
65 266 2
65 274 -2
65 689 2
65 1341 2
65 1349 2
65 1460 -2
66 89 2
66 106 2
66 128 -2
66 263 2
66 268 2
66 272 -2
66 323 2
66 372 -2
66 536 2
66 551 -2
66 621 2
66 704 2
66 725 2
66 868 -2
66 1017 2
66 1023 2
66 1165 -2
66 1343 2
66 1416 2
66 1528 2
66 1971 2
66 105 -2
66 109 2
66 276 -2
66 426 2
66 469 2
66 521 2
66 715 2
66 764 2
66 864 2
66 885 2
66 1111 -2
66 1120 -2
66 1197 -2
66 1459 2
66 1801 2
66 1848 -2
67 72 2
67 102 -2
67 171 2
67 235 2
67 355 2
67 415 2
67 459 2
67 504 -2
67 555 2
67 731 -2
67 744 2
67 855 -2
67 957 2
67 1201 -2
67 1281 -2
67 1318 -2
67 1325 -2
67 1448 2
67 1496 -2
67 93 2
67 274 2
67 401 -2
67 900 -2
67 1300 2
67 1500 2
67 1690 -2
67 1862 -2
67 1972 2
68 79 -2
68 81 2
68 1983 2
68 135 2
68 175 2
68 203 -2
68 210 -2
68 211 2
68 218 2
68 231 2
68 274 2
68 276 -2
68 282 -2
68 303 2
68 344 -2
68 511 2
68 574 -2
68 614 -2
68 637 2
68 674 -2
68 724 -2
68 848 2
68 852 -2
68 869 -2
68 917 -2
68 978 -2
68 1166 -2
68 1487 2
68 1711 -2
68 1741 2
68 1824 -2
68 1959 -2
68 74 -2
68 486 -2
68 501 -2
68 670 -2
68 989 2
68 1102 2
68 1502 2
68 1955 -2
69 332 2
69 354 2
69 443 -2
69 611 2
69 772 2
69 897 2
69 1068 -2
69 1565 -2
69 1690 2
69 158 2
69 926 -2
70 99 -2
70 258 -2
70 471 -2
70 547 2
70 567 2
70 627 2
70 870 2
70 976 -2
70 1198 -2
70 1435 2
70 1709 2
70 1735 -2
70 101 -2
70 115 -2
70 235 -2
70 253 2
70 427 2
70 444 -2
70 705 -2
70 722 -2
70 788 -2
70 1036 -2
70 1088 2
70 1418 2
70 1559 -2
70 1822 -2
71 78 2
71 98 -2
71 153 2
71 180 -2
71 306 -2
71 351 2
71 660 2
71 730 2
71 973 2
71 1216 2
71 1336 2
71 1523 2
71 1648 2
71 1654 2
71 1691 2
71 1710 2
71 1716 -2
71 1731 2
71 179 -2
71 284 -2
71 352 -2
71 557 2
71 1535 -2
71 1714 2
71 1890 2
72 74 -2
72 102 2
72 119 -2
72 130 -2
72 131 -2
72 146 2
72 147 -2
72 171 2
72 176 2
72 181 -2
72 206 -2
72 279 2
72 307 -2
72 339 2
72 374 2
72 470 2
72 555 -2
72 577 -2
72 648 2
72 708 -2
72 1071 2
72 1074 -2
72 1104 -2
72 1156 2
72 1178 -2
72 1442 -2
72 1527 -2
72 1563 2
72 1924 -2
72 227 2
72 234 -2
72 292 -2
72 476 -2
72 504 2
72 703 2
72 750 2
73 94 -2
73 117 -2
73 168 -2
73 184 2
73 400 -2
73 522 -2
73 523 2
73 528 2
73 565 -2
73 607 -2
73 623 -2
73 761 2
73 808 -2
73 900 -2
73 1073 2
73 1176 -2
73 1211 -2
73 1405 2
73 1495 2
73 1545 -2
73 1558 2
73 1601 2
73 1768 2
73 1835 -2
73 1960 2
73 380 2
73 432 2
73 439 -2
73 569 -2
73 734 2
73 774 -2
73 965 -2
73 1157 -2
73 1240 -2
73 1266 -2
73 1514 -2
73 1527 -2
73 1605 2
73 1767 2
73 1930 -2
74 126 2
74 130 2
74 131 -2
74 181 -2
74 374 2
74 563 2
74 708 -2
74 1315 -2
74 1354 -2
74 1442 -2
74 1491 -2
74 254 2
74 486 -2
74 1955 2
75 77 2
75 141 -2
75 177 2
75 178 2
75 179 2
75 226 -2
75 406 -2
75 433 -2
75 467 2
75 540 2
75 580 2
75 583 2
75 888 2
75 1081 -2
75 1134 2
75 1181 2
75 1192 2
75 1236 -2
75 1368 2
75 1382 -2
75 1424 -2
75 1804 2
75 1814 2
75 1895 -2
75 88 -2
75 185 -2
75 261 2
75 326 2
75 402 -2
75 516 -2
75 927 -2
75 1125 2
75 1427 -2
75 1657 -2
76 110 -2
76 187 -2
76 311 -2
76 343 2
76 346 2
76 449 -2
76 651 2
76 877 -2
76 1502 -2
76 1923 2
76 86 -2
76 674 2
76 908 2
76 1026 2
76 1107 2
76 1708 -2
77 178 -2
77 264 -2
77 433 2
77 479 -2
77 540 2
77 683 2
77 726 -2
77 813 -2
77 878 -2
77 998 -2
77 1236 -2
77 1802 2
77 1851 -2
77 1903 2
77 1967 2
77 186 2
77 499 2
77 685 2
78 1993 -2
78 351 -2
78 379 -2
78 438 2
78 730 2
78 1497 -2
78 95 -2
78 151 -2
78 216 -2
78 303 -2
78 415 -2
78 507 -2
78 556 -2
78 625 2
78 1326 2
78 1815 2
78 1823 2
78 1876 -2
79 135 2
79 175 -2
79 211 2
79 253 2
79 274 -2
79 574 -2
79 637 -2
79 757 -2
79 1357 2
79 1384 -2
79 1540 2
79 81 2
79 230 -2
79 246 2
79 268 -2
79 301 2
79 536 2
79 575 -2
79 638 -2
79 644 2
79 647 -2
79 865 -2
79 957 2
79 979 -2
79 1000 -2
79 1068 -2
79 1216 2
79 1640 2
80 91 -2
80 123 -2
80 155 2
80 174 2
80 257 2
80 288 2
80 361 2
80 578 2
80 678 2
80 830 2
80 944 2
80 967 -2
80 1342 -2
80 1367 2
80 1840 -2
80 349 2
80 535 -2
80 743 2
81 190 2
81 193 2
81 203 2
81 210 -2
81 491 2
81 1995 2
81 1554 -2
81 1711 -2
81 602 -2
81 614 -2
81 644 -2
81 694 -2
81 697 2
81 725 -2
81 972 2
81 1004 2
81 1146 -2
81 1410 -2
81 1428 -2
81 1853 2
81 1979 -2
82 227 2
82 250 -2
82 329 2
82 562 -2
82 584 2
82 960 -2
82 1533 2
82 117 -2
82 143 2
82 146 2
82 161 2
82 397 -2
82 539 2
82 645 -2
82 799 2
82 802 -2
82 1285 -2
82 1306 2
82 1476 2
82 1551 -2
82 1683 2
82 1806 -2
83 92 -2
83 133 2
83 136 2
83 139 2
83 161 2
83 275 2
83 283 -2
83 362 -2
83 412 2
83 421 2
83 553 2
83 864 2
83 867 -2
83 940 -2
83 1724 2
83 1809 -2
83 172 -2
83 175 2
83 258 -2
83 279 2
83 707 2
83 1154 -2
83 1230 2
83 1440 2
83 1549 2
83 1564 2
83 1751 -2
84 145 -2
84 151 -2
84 189 2
84 313 -2
84 429 -2
84 532 2
84 817 2
84 821 -2
84 946 -2
84 992 2
84 1077 2
84 1397 2
84 1783 -2
84 1950 -2
84 1958 -2
84 103 2
84 108 2
84 169 2
84 220 -2
84 341 2
84 741 2
84 997 -2
84 1677 2
84 1766 2
84 1885 2
84 1933 -2
84 1941 2
85 90 -2
85 108 2
85 115 2
85 172 -2
85 186 -2
85 427 2
85 480 2
85 734 -2
85 799 2
85 934 2
85 958 -2
85 1246 2
85 1684 -2
85 546 -2
85 600 2
85 615 2
85 631 2
85 698 -2
85 872 -2
85 994 2
85 1083 2
85 1248 -2
85 1577 -2
85 1637 2
85 1682 -2
86 111 2
86 173 -2
86 228 -2
86 287 -2
86 321 -2
86 489 2
86 581 2
86 594 -2
86 682 2
86 800 2
86 801 -2
86 873 2
86 1021 2
86 1207 2
86 1247 -2
86 1437 -2
86 1457 2
86 1680 2
86 1823 2
86 325 -2
86 770 2
86 908 -2
86 1107 -2
86 1708 2
87 103 -2
87 188 2
87 223 -2
87 341 -2
87 451 -2
87 602 -2
87 687 2
87 748 -2
87 797 -2
87 840 -2
87 1998 -2
87 1736 2
87 1811 -2
87 96 -2
87 102 2
87 129 -2
87 183 2
87 250 2
87 283 -2
87 319 2
87 630 -2
87 654 -2
87 756 2
87 804 -2
87 963 -2
87 1008 -2
87 1319 2
87 1344 -2
87 1402 -2
87 1474 -2
87 1792 -2
87 1846 -2
88 132 -2
88 423 2
88 519 -2
88 695 -2
88 1194 -2
88 1827 -2
88 559 2
88 831 2
89 109 2
89 128 -2
89 324 -2
89 517 -2
89 868 -2
89 1272 2
89 1528 2
89 1839 2
89 154 -2
89 308 -2
89 429 -2
89 448 -2
89 657 -2
89 856 2
89 895 -2
89 947 2
89 977 -2
89 1335 2
89 1336 -2
89 1482 -2
89 1484 2
89 1591 2
89 1688 2
89 1821 -2
90 115 -2
90 124 -2
90 166 2
90 170 2
90 201 2
90 262 2
90 300 2
90 426 -2
90 604 2
90 710 2
90 799 -2
90 934 2
90 1224 -2
90 1246 2
90 1431 2
90 1578 2
90 1719 2
90 107 2
90 128 2
90 135 2
90 249 2
90 282 -2
90 601 -2
90 790 2
90 798 2
90 1158 -2
90 1161 -2
90 1194 2
90 1199 2
90 1346 -2
90 1854 2
90 1929 -2
91 174 -2
91 297 2
91 839 2
91 930 2
91 956 2
91 1218 2
91 1840 -2
91 111 2
91 123 2
91 133 -2
91 152 2
91 155 2
91 221 2
91 278 -2
91 318 -2
91 364 2
91 472 -2
91 488 -2
91 606 -2
91 628 2
91 720 2
91 758 2
91 762 -2
91 878 2
91 906 -2
91 932 2
91 1028 2
91 1275 2
91 1511 -2
91 1692 -2
91 1837 2
92 133 2
92 283 2
92 294 -2
92 421 2
92 462 2
92 864 -2
92 940 -2
92 1721 2
92 110 2
92 112 -2
92 211 -2
92 218 -2
92 219 2
92 233 -2
92 286 -2
92 329 -2
92 339 -2
92 344 2
92 404 2
92 781 2
92 943 -2
92 1160 2
92 1219 -2
92 1268 -2
92 1276 -2
92 1490 -2
92 1698 2
92 1805 2
92 1859 2
92 1964 -2
93 208 2
93 312 -2
93 466 2
93 1252 2
93 166 2
93 274 2
93 401 -2
93 900 -2
93 949 -2
93 1025 2
93 1099 2
94 243 2
94 319 2
94 420 -2
94 528 2
94 579 2
94 700 2
94 904 -2
94 1025 -2
94 1136 2
94 1176 -2
94 1260 -2
94 1319 -2
94 1643 2
94 495 2
94 1669 2
95 118 -2
95 134 2
95 150 -2
95 200 -2
95 204 2
95 212 -2
95 325 -2
95 340 -2
95 409 2
95 446 -2
95 453 -2
95 655 -2
95 753 2
95 887 -2
95 915 -2
95 1009 2
95 1982 -2
95 1470 -2
95 1566 -2
95 1620 2
95 1746 -2
95 1843 2
95 1934 -2
95 151 2
95 223 -2
95 228 -2
95 415 2
95 454 -2
95 481 2
95 483 -2
95 625 2
95 704 2
95 773 2
95 786 -2
95 824 -2
95 873 2
95 966 2
95 1076 -2
95 1089 -2
95 1098 2
95 1769 2
95 1917 2
96 399 2
96 460 2
96 505 2
96 696 2
96 717 -2
96 857 2
96 902 -2
96 1064 2
96 1213 -2
96 1708 2
96 1714 2
96 1759 2
96 1813 2
96 1899 -2
96 102 -2
96 129 2
96 164 2
96 183 2
96 250 2
96 277 -2
96 509 2
96 630 -2
96 654 -2
96 749 2
96 1078 2
96 1384 2
96 1623 2
96 1642 -2
96 1779 2
97 202 2
97 234 2
97 1059 2
97 1327 2
97 1474 2
97 1538 -2
97 1104 2
97 1215 -2
97 1317 -2
97 1372 2
97 1649 -2
98 153 2
98 180 2
98 284 2
98 306 2
98 317 2
98 498 2
98 512 -2
98 550 2
98 973 2
98 1216 -2
98 1277 2
98 1506 -2
98 1519 -2
98 1568 2
98 1648 2
98 148 2
98 208 -2
98 368 2
98 585 2
98 1051 2
98 1168 2
98 1419 -2
98 1512 2
98 1583 2
98 1632 2
98 1768 -2
99 258 2
99 378 -2
99 567 -2
99 588 -2
99 620 -2
99 875 2
99 885 -2
99 1066 2
99 1195 2
99 1543 -2
100 120 -2
100 122 -2
100 192 -2
100 216 2
100 229 2
100 252 -2
100 298 2
100 521 2
100 557 -2
100 590 2
100 625 2
100 635 -2
100 652 2
100 702 2
100 784 2
100 792 -2
100 796 2
100 918 2
100 1182 -2
100 1284 2
100 1396 2
100 1421 2
100 1645 2
100 1771 2
100 1868 -2
100 778 -2
101 163 2
101 269 -2
101 271 -2
101 291 2
101 365 2
101 398 -2
101 608 2
101 663 -2
101 692 -2
101 705 2
101 783 -2
101 819 2
101 831 -2
101 914 -2
101 1177 2
101 1196 -2
101 1987 -2
101 1259 -2
101 1317 -2
101 1346 -2
101 1555 -2
101 1638 -2
101 1640 2
101 1703 -2
101 1727 -2
101 1942 2
101 136 -2
101 253 -2
101 265 2
101 690 -2
101 841 -2
101 1181 -2
101 1469 2
101 1775 -2
101 1838 -2
102 119 -2
102 459 2
102 514 2
102 684 2
102 855 -2
102 1050 -2
102 1058 2
102 1138 2
102 1212 -2
102 1549 -2
102 1863 2
102 164 -2
102 654 -2
102 1437 -2
103 451 -2
103 464 -2
103 602 2
103 686 -2
103 1026 -2
103 106 -2
103 290 -2
103 658 -2
103 852 2
103 981 -2
103 1677 2
103 1787 -2
104 159 2
104 182 -2
104 196 2
104 198 -2
104 214 -2
104 220 -2
104 221 2
104 232 -2
104 241 -2
104 278 2
104 292 -2
104 425 2
104 475 2
104 510 2
104 770 -2
104 775 2
104 1051 -2
104 1248 -2
104 1271 2
104 1432 -2
104 1593 2
104 1798 2
104 1906 -2
104 138 -2
104 437 -2
104 609 2
104 1316 2
105 142 -2
105 215 -2
105 1292 2
105 1694 2
105 1881 -2
105 1955 2
105 426 -2
105 521 -2
105 706 2
105 827 2
105 886 -2
105 1750 2
106 263 -2
106 268 2
106 1165 -2
106 1197 -2
106 163 -2
106 290 2
106 658 2
106 708 -2
106 724 -2
106 1331 -2
106 1506 2
106 1883 -2
107 1121 -2
107 128 -2
107 135 2
107 214 -2
107 273 2
107 385 -2
107 391 -2
107 790 -2
107 835 -2
107 876 -2
107 946 -2
107 1019 2
107 1199 2
107 1386 2
108 295 -2
108 334 -2
108 589 -2
108 681 2
108 734 -2
108 951 -2
108 1338 -2
108 1452 -2
108 1837 2
108 1014 -2
108 1885 2
108 1941 -2
109 164 -2
109 463 2
109 517 -2
109 1880 2
109 1941 2
109 1120 -2
110 187 2
110 225 -2
110 641 2
110 1923 2
110 112 -2
110 116 2
110 147 -2
110 188 2
110 211 -2
110 260 2
110 329 -2
110 387 -2
110 458 -2
110 465 -2
110 473 2
110 478 2
110 558 -2
110 594 -2
110 711 -2
110 862 2
110 1030 -2
110 1290 -2
110 1479 -2
110 1585 -2
110 1593 2
110 1599 2
110 1603 -2
110 1813 2
110 1859 2
111 173 2
111 217 -2
111 230 -2
111 287 2
111 328 2
111 416 2
111 455 -2
111 489 2
111 594 -2
111 682 2
111 723 2
111 755 2
111 782 2
111 1020 -2
111 1087 2
111 1111 -2
111 1437 2
111 1500 -2
111 1516 -2
111 1646 2
111 1698 -2
111 1984 2
111 1823 -2
111 1916 2
111 123 -2
111 133 -2
111 152 2
111 155 2
111 232 -2
111 256 -2
111 309 -2
111 357 2
111 493 -2
111 532 -2
111 571 2
111 582 2
111 606 -2
111 628 -2
111 665 -2
111 719 -2
111 901 2
111 906 -2
111 932 -2
111 1180 2
111 1988 -2
111 1324 -2
111 1408 -2
111 1424 -2
111 1431 2
111 1624 -2
111 1897 -2
112 165 2
112 327 2
112 484 2
112 524 -2
112 559 -2
112 626 -2
112 854 2
112 1044 2
112 1524 -2
112 1892 -2
112 116 -2
112 134 -2
112 211 -2
112 218 -2
112 259 2
112 451 -2
112 492 2
112 636 -2
112 891 2
112 986 -2
112 1082 -2
112 1126 2
112 1219 -2
112 1269 2
112 1288 -2
112 1342 -2
112 1387 -2
112 1490 -2
112 1594 -2
112 1802 -2
113 1410 2
113 198 -2
113 441 -2
113 466 2
113 498 2
113 622 2
113 828 -2
113 830 -2
113 1131 2
113 1139 2
113 1176 -2
113 1224 -2
113 1740 2
113 1836 -2
113 1978 2
114 125 -2
114 436 2
114 137 -2
114 142 -2
114 206 2
114 287 -2
114 314 2
114 640 -2
114 681 -2
114 702 -2
114 808 2
114 860 -2
114 1122 2
114 1129 2
114 1172 -2
114 1365 -2
114 1463 -2
114 1867 -2
115 124 -2
115 149 -2
115 172 -2
115 799 2
115 1076 -2
115 1114 -2
115 1169 -2
115 1578 2
115 427 2
115 633 -2
115 705 2
115 987 -2
115 1036 2
115 1418 2
115 1990 -2
116 308 -2
116 473 -2
116 495 2
116 535 -2
116 618 2
116 631 2
116 841 2
116 858 2
116 889 2
116 1157 -2
116 1350 -2
116 1399 -2
116 1723 2
116 134 -2
116 147 2
116 176 2
116 248 2
116 259 2
116 465 2
116 503 2
116 562 -2
116 787 2
116 1214 2
116 1273 2
116 1290 2
117 523 -2
117 1073 2
117 1265 -2
117 1960 2
117 161 2
117 397 2
117 930 -2
117 1033 2
117 1551 -2
118 200 2
118 212 2
118 509 -2
118 986 -2
118 1139 2
118 1566 -2
118 1620 -2
118 1885 2
118 120 2
118 130 -2
118 199 -2
118 236 -2
118 280 2
118 452 -2
118 533 2
118 542 -2
118 580 -2
118 616 -2
118 812 -2
118 914 2
118 967 2
118 1041 -2
118 1130 -2
118 1133 2
118 1206 -2
118 1348 2
118 1405 -2
118 1487 -2
118 1674 -2
118 1899 -2
118 1956 2
118 1958 2
119 514 -2
119 1178 -2
119 1297 2
119 1322 2
119 295 -2
119 322 2
120 298 -2
120 784 -2
120 1771 -2
120 1838 -2
120 1868 -2
120 1946 2
120 130 -2
120 305 2
120 485 2
120 616 -2
120 727 -2
120 984 -2
120 1736 2
120 1892 2
121 266 2
121 289 2
121 310 2
121 422 2
121 508 -2
121 1370 2
121 263 2
121 267 -2
121 455 2
121 757 -2
121 833 2
121 837 2
121 843 2
121 1353 -2
121 1664 2
121 1894 -2
122 192 2
122 216 -2
122 534 2
122 796 2
122 828 -2
122 966 2
122 1065 -2
122 1122 -2
122 1349 2
122 1489 -2
122 131 -2
122 297 -2
122 299 -2
122 1080 -2
122 1357 2
123 174 2
123 257 -2
123 297 2
123 361 -2
123 839 2
123 894 2
123 944 -2
123 997 2
123 1018 2
123 1278 -2
123 1314 -2
123 1655 2
123 155 2
123 278 2
123 309 -2
123 357 2
123 561 -2
123 582 2
123 592 -2
123 680 2
123 762 -2
123 958 2
123 1438 -2
123 1717 2
124 149 2
124 170 -2
124 201 -2
124 262 2
124 610 2
124 640 2
124 979 2
124 1002 -2
124 1203 2
124 1467 2
124 1589 -2
124 202 2
124 238 2
124 252 2
124 379 -2
124 576 -2
124 847 -2
124 1138 -2
124 1256 2
125 737 2
125 1324 -2
125 1901 2
125 145 2
125 244 -2
125 408 -2
125 436 2
125 639 2
125 797 2
125 1011 -2
125 1062 -2
125 1108 -2
125 1227 2
125 1236 2
125 1531 2
125 1675 2
126 441 -2
126 444 -2
126 591 -2
126 601 -2
126 950 -2
126 1315 -2
126 1626 -2
126 237 2
126 386 2
126 393 -2
126 456 2
126 675 -2
126 922 -2
126 1182 2
126 1204 -2
126 1295 2
126 1457 2
127 169 -2
127 251 -2
127 501 2
127 802 -2
127 1028 2
127 1550 -2
127 1852 2
127 160 2
127 201 2
127 215 -2
127 239 2
127 281 2
127 330 -2
127 336 -2
127 369 -2
127 405 -2
127 544 2
127 567 2
127 605 2
127 629 -2
127 701 -2
127 713 -2
127 759 -2
127 784 2
127 931 2
127 1006 -2
127 1020 -2
127 1050 2
127 1077 2
127 1135 2
127 1393 2
127 1401 -2
127 1434 -2
127 1694 2
127 1900 2
128 324 2
128 536 -2
128 868 2
128 1272 2
128 1416 2
128 135 -2
128 391 -2
128 798 -2
128 876 2
128 884 2
128 990 2
128 1002 2
128 1024 2
128 1091 -2
128 1158 2
128 1194 -2
128 1373 2
128 1425 2
128 1565 -2
128 1943 -2
129 137 -2
129 152 -2
129 393 2
129 698 -2
129 919 -2
129 1242 2
129 1685 -2
129 183 2
129 283 2
129 319 -2
129 509 -2
129 650 -2
129 963 2
129 1078 2
129 1092 -2
129 1164 -2
129 1274 2
129 1277 2
129 1344 2
129 1384 -2
129 1700 -2
129 1878 2
130 131 2
130 146 2
130 147 -2
130 206 -2
130 279 -2
130 347 -2
130 389 2
130 461 2
130 470 2
130 531 -2
130 657 2
130 679 -2
130 740 -2
130 1027 2
130 1088 -2
130 1189 -2
130 1202 -2
130 1253 -2
130 1288 2
130 1353 2
130 1354 2
130 1492 -2
130 1509 2
130 1844 -2
130 1861 -2
130 199 -2
130 280 2
130 305 -2
130 485 2
130 533 -2
130 542 2
130 866 -2
130 1956 -2
131 146 -2
131 176 2
131 181 2
131 347 2
131 494 -2
131 496 -2
131 1088 2
131 1183 2
131 1354 2
131 1491 2
131 1517 2
131 1696 2
131 1977 2
131 1520 -2
131 1633 2
132 224 2
132 236 2
132 519 2
132 634 2
132 697 2
132 920 2
132 985 -2
132 1080 -2
132 1194 -2
132 1268 -2
132 1360 2
132 1598 -2
132 1652 2
132 1827 -2
132 1872 2
132 678 2
132 805 2
132 814 2
132 848 -2
132 1093 -2
132 1376 -2
132 1406 2
132 1537 -2
133 139 2
133 275 -2
133 294 -2
133 337 -2
133 421 2
133 462 2
133 654 2
133 1293 2
133 152 2
133 221 -2
133 488 2
133 720 -2
133 723 -2
133 1079 -2
133 1408 2
133 1472 -2
133 1897 -2
134 150 2
134 204 -2
134 340 -2
134 500 -2
134 655 2
134 248 2
134 259 -2
134 451 2
134 492 -2
134 503 2
134 562 2
134 564 -2
134 637 2
134 744 -2
134 821 2
134 871 2
134 915 -2
134 986 -2
134 1048 -2
134 1150 2
134 1152 -2
134 1200 -2
134 1214 -2
134 1254 -2
134 1269 2
134 1273 2
134 1435 2
134 1773 2
134 1901 2
135 574 -2
135 757 2
135 869 -2
135 1487 -2
135 1915 2
135 391 2
135 798 2
135 884 2
135 990 2
135 1199 2
136 161 2
136 386 2
136 401 2
136 573 2
136 709 2
136 836 2
136 898 2
136 989 -2
136 265 -2
136 690 2
136 841 2
136 1181 -2
136 1469 2
136 1775 -2
137 393 2
137 569 -2
137 698 2
137 1230 2
137 1404 2
137 142 2
137 149 2
137 206 -2
137 287 2
137 288 -2
137 440 2
137 517 2
137 702 2
137 732 -2
137 735 -2
137 1292 -2
137 1463 -2
137 1937 2
138 182 -2
138 198 -2
138 385 2
138 395 -2
138 475 2
138 768 2
138 827 2
138 1149 -2
138 1280 -2
138 1337 2
138 1432 2
138 1585 2
138 205 -2
138 241 -2
138 291 2
138 302 -2
138 373 2
138 389 2
138 412 -2
138 437 -2
138 519 2
138 659 2
138 838 2
138 1229 -2
138 1333 2
138 1676 2
138 1770 -2
139 275 -2
139 337 -2
139 362 -2
139 412 -2
139 187 2
139 462 -2
139 1029 2
139 1055 2
139 1462 2
139 1730 -2
140 1287 -2
140 772 -2
140 1085 -2
141 177 2
141 467 -2
141 1109 2
141 1115 2
141 1118 -2
141 1134 -2
141 1226 -2
141 1299 2
141 1424 -2
141 1471 -2
141 1814 2
141 312 2
141 323 2
141 854 2
142 215 -2
142 1014 2
142 1482 2
142 1571 -2
142 1881 2
142 1955 -2
142 206 -2
142 517 2
142 732 -2
142 1163 2
142 1292 -2
143 309 2
143 229 -2
143 1903 -2
144 1344 2
144 1526 -2
144 196 2
144 247 2
144 403 2
144 607 -2
144 882 2
144 1221 2
144 1445 -2
145 151 2
145 189 -2
145 293 -2
145 313 2
145 388 2
145 689 -2
145 776 -2
145 817 -2
145 835 -2
145 945 2
145 987 -2
145 1092 2
145 1205 -2
145 1270 2
145 1285 -2
145 1418 2
145 1845 2
145 244 2
145 436 -2
145 639 -2
145 995 -2
146 176 2
146 279 -2
146 307 2
146 347 -2
146 494 -2
146 496 2
146 503 -2
146 531 2
146 664 -2
146 672 -2
146 679 -2
146 722 -2
146 780 -2
146 936 -2
146 1079 -2
146 1104 2
146 1189 -2
146 1427 -2
146 1463 2
146 1504 2
146 1559 2
146 1583 2
146 1695 -2
146 1806 2
146 1909 -2
146 1972 2
146 184 2
146 285 2
146 524 2
146 539 2
147 206 -2
147 339 -2
147 389 -2
147 657 2
147 962 -2
147 1253 2
147 1288 -2
147 1668 2
147 1861 2
147 1908 2
147 176 -2
147 260 2
147 358 -2
147 465 2
147 566 2
147 711 -2
147 1109 2
147 1210 2
147 1305 -2
147 1479 -2
147 1547 2
147 1574 -2
147 1576 -2
147 1590 -2
147 1716 -2
147 1896 2
148 285 2
148 454 2
148 728 2
148 896 2
148 912 -2
148 1681 -2
148 1931 -2
148 208 2
148 345 -2
148 370 2
148 372 -2
148 529 -2
148 585 2
148 642 2
148 729 2
148 1188 -2
148 1583 -2
148 1703 2
149 640 -2
149 979 2
149 1076 -2
149 1203 -2
149 288 -2
149 328 -2
149 366 -2
149 505 2
149 597 2
149 621 2
149 682 -2
149 1573 2
149 1881 2
150 340 -2
150 500 2
150 753 -2
150 1273 2
150 1936 2
150 320 2
150 502 2
150 547 -2
150 836 2
150 1110 -2
150 1148 2
150 1374 2
150 1580 2
150 1634 -2
150 1635 2
150 1932 2
151 189 2
151 388 2
151 532 -2
151 1290 -2
151 303 -2
151 415 2
151 481 2
151 507 2
151 604 -2
151 730 -2
151 824 -2
151 873 -2
151 892 2
151 966 -2
151 1249 -2
151 1281 2
151 1284 2
151 1326 2
151 1430 2
151 1454 -2
151 1455 -2
151 1503 -2
151 1695 -2
151 1876 -2
152 330 2
152 1596 2
152 1772 2
152 606 -2
152 720 -2
152 723 2
152 1028 2
152 1837 -2
152 1897 2
153 306 2
153 498 -2
153 180 2
153 226 2
153 315 -2
153 1548 2
154 256 -2
154 318 -2
154 352 2
154 643 -2
154 669 -2
154 712 -2
154 843 -2
154 1032 2
154 1054 2
154 1158 2
154 448 2
154 528 -2
154 791 -2
154 856 2
154 1137 2
154 1849 -2
155 678 -2
155 309 2
155 628 -2
155 762 2
155 878 -2
155 1275 2
155 1511 2
156 213 -2
156 239 -2
156 322 2
156 396 2
156 437 2
156 1305 2
156 1831 2
156 167 2
156 170 2
156 174 -2
156 195 2
156 212 -2
156 342 2
156 424 2
156 537 2
156 573 -2
156 598 2
156 617 2
156 684 -2
156 761 -2
156 803 2
156 1171 -2
156 1420 -2
156 1516 -2
156 1696 2
156 1731 2
156 1800 2
156 1825 -2
156 1935 -2
157 207 2
157 270 2
157 273 -2
157 375 2
157 552 -2
157 812 -2
157 947 -2
157 1093 -2
157 1095 2
157 1173 -2
157 1494 -2
157 1636 2
157 1893 2
157 173 2
157 275 2
157 335 2
157 430 -2
157 510 -2
157 543 -2
157 646 -2
157 651 -2
157 695 -2
157 1087 -2
157 1526 2
157 1874 -2
158 191 2
158 195 2
158 199 2
158 286 -2
158 440 2
158 543 -2
158 743 -2
158 754 2
158 991 -2
158 1067 2
158 1099 -2
158 1320 -2
158 1351 -2
158 1372 2
158 1481 2
158 1769 2
158 1897 2
158 926 -2
158 1072 -2
158 1143 2
158 1356 -2
158 1358 2
158 1790 2
159 214 2
159 232 -2
159 241 2
159 425 2
159 711 -2
159 770 -2
159 1306 -2
159 1556 -2
159 182 -2
159 194 -2
159 270 2
159 1998 2
159 310 2
159 324 -2
159 525 2
159 612 2
159 613 -2
159 736 -2
159 822 2
159 1993 2
159 1022 2
159 1023 -2
159 1027 2
159 1201 2
159 1486 2
159 1563 2
159 1597 2
159 1646 -2
160 280 2
160 447 -2
160 452 -2
160 490 2
160 609 2
160 823 -2
160 1083 -2
160 1263 2
160 1339 2
160 1590 -2
160 1841 2
160 201 -2
160 239 -2
160 422 -2
160 553 -2
160 629 -2
160 701 -2
160 713 2
160 796 -2
160 1061 2
160 1077 2
160 1393 2
160 1395 2
160 1413 -2
160 1532 2
160 1578 -2
160 1625 2
160 1693 2
160 1727 -2
161 553 2
161 576 -2
161 764 -2
161 805 2
161 836 -2
161 898 2
161 935 -2
161 1724 -2
161 1809 -2
161 397 -2
161 802 -2
161 930 -2
161 1285 -2
162 233 2
162 369 -2
162 661 2
162 1110 -2
162 1279 -2
162 1445 2
162 351 -2
162 832 -2
162 955 -2
162 1105 -2
162 1117 2
163 271 2
163 291 2
163 398 -2
163 469 2
163 608 -2
163 783 2
163 789 -2
163 901 -2
163 1127 2
163 1266 2
163 1340 2
163 1346 -2
163 1812 2
163 377 -2
163 1331 -2
164 463 2
164 913 2
164 1107 2
164 1880 -2
164 1437 -2
165 327 2
165 402 2
165 484 2
165 559 -2
165 938 -2
165 1029 2
165 1529 2
165 264 2
165 627 -2
165 751 -2
165 818 2
165 1166 -2
165 1175 2
165 1570 2
165 1667 2
166 890 -2
166 1224 -2
166 1025 -2
166 1460 2
167 183 2
167 305 2
167 381 -2
167 434 -2
167 527 -2
167 825 2
167 1275 -2
167 1309 -2
167 1647 2
167 1756 2
167 1877 2
167 174 -2
167 195 -2
167 212 2
167 413 -2
167 464 2
167 617 2
167 684 2
167 712 2
167 761 -2
167 785 -2
167 803 2
167 934 -2
167 1056 2
167 1162 2
167 1259 2
167 1749 -2
167 1793 -2
167 1825 -2
168 184 -2
168 522 -2
168 623 2
168 808 2
168 900 2
168 1392 -2
168 1749 -2
168 423 -2
168 660 2
168 809 -2
168 1021 -2
168 1568 -2
169 431 -2
169 478 2
169 501 2
169 802 -2
169 220 -2
169 588 -2
169 626 2
169 752 2
169 997 2
169 1782 -2
169 1873 2
169 1902 2
170 201 2
170 300 -2
170 426 2
170 610 2
170 710 2
170 842 -2
170 1140 -2
170 1425 2
170 496 2
171 235 -2
171 355 2
171 577 -2
171 1366 2
171 1829 -2
171 471 2
171 1491 -2
172 186 -2
172 427 -2
172 554 -2
172 988 -2
172 1229 -2
172 1300 2
172 731 2
172 1154 2
172 1230 2
172 1440 2
172 1751 -2
173 230 -2
173 287 2
173 321 -2
173 328 -2
173 416 -2
173 488 2
173 581 -2
173 755 -2
173 800 2
173 972 -2
173 1019 -2
173 1087 2
173 1105 2
173 1175 -2
173 1289 2
173 1302 2
173 1406 2
173 1426 2
173 1500 2
173 1513 2
173 1622 -2
173 1799 2
173 335 -2
173 430 2
173 543 -2
173 591 2
173 599 2
173 643 -2
173 853 2
173 1225 2
173 1371 -2
173 1616 -2
173 1942 -2
174 361 2
174 839 2
174 997 -2
174 1018 -2
174 1278 2
174 1314 -2
174 1833 -2
174 1840 2
174 1974 -2
174 212 2
174 464 -2
174 1259 -2
174 1470 -2
175 211 2
175 218 -2
175 244 2
175 276 2
175 344 -2
175 674 2
175 785 -2
175 848 2
175 892 2
175 1241 2
175 1661 2
175 1922 2
175 1976 2
175 271 2
175 279 2
175 520 2
175 710 2
175 1436 -2
175 1799 -2
176 494 -2
176 503 -2
176 780 -2
176 899 -2
176 1104 -2
176 1427 2
176 1707 -2
176 1977 2
176 787 -2
176 1547 2
176 1574 -2
177 1134 2
177 1226 -2
177 181 -2
177 193 -2
177 209 2
177 225 -2
177 460 2
177 716 -2
177 858 2
177 973 -2
177 991 2
177 1071 -2
177 1233 2
177 1461 -2
177 1614 -2
177 1893 -2
178 179 -2
178 264 2
178 357 -2
178 433 -2
178 580 2
178 656 2
178 738 -2
178 1081 2
178 1181 -2
178 1368 -2
178 1498 2
178 1962 -2
178 200 -2
178 383 2
178 1652 2
179 406 2
179 580 -2
179 656 -2
179 691 2
179 738 -2
179 888 -2
179 1738 2
179 1895 -2
179 284 -2
179 557 2
179 1535 2
179 1714 -2
179 1959 2
180 284 2
180 512 -2
180 771 -2
180 1336 2
180 226 -2
180 315 2
180 491 2
180 530 2
180 595 2
180 1451 2
181 708 -2
181 1527 2
181 193 2
181 209 -2
181 407 -2
181 1010 2
181 1303 -2
181 1391 2
181 1485 -2
181 1746 -2
181 1887 -2
182 196 -2
182 198 2
182 209 2
182 220 -2
182 302 -2
182 385 2
182 538 2
182 883 2
182 1149 -2
182 1153 -2
182 1248 -2
182 1441 2
182 1535 -2
182 1593 -2
182 1798 2
182 1993 2
182 1059 -2
182 1486 -2
182 1597 -2
183 237 -2
183 305 -2
183 381 -2
183 527 2
183 927 -2
183 250 2
183 277 2
183 319 -2
183 509 -2
183 650 -2
183 1092 2
183 1274 2
183 1774 -2
184 400 -2
184 522 -2
184 761 2
184 1749 -2
184 255 -2
184 285 2
184 321 2
184 463 2
184 524 2
184 733 -2
184 1039 -2
184 1040 2
184 1090 2
184 1097 2
184 1147 2
185 197 2
185 240 -2
185 331 -2
185 371 2
185 407 -2
185 1575 -2
185 210 2
185 222 -2
185 261 2
185 367 2
185 411 2
185 516 2
185 560 -2
185 603 -2
185 671 -2
185 777 2
185 961 2
185 1816 2
186 427 2
186 480 2
186 554 2
186 699 -2
186 742 2
186 988 -2
186 1229 2
186 1930 -2
186 300 2
186 304 2
186 316 2
186 378 -2
186 390 2
186 487 -2
186 850 2
187 343 -2
187 346 -2
187 1997 2
187 1055 -2
187 1462 2
188 223 2
188 290 -2
188 341 2
188 499 2
188 638 2
188 687 -2
188 762 2
188 790 -2
188 797 -2
188 849 2
188 1046 2
188 1630 -2
188 1811 2
188 1932 2
188 387 2
188 398 -2
188 458 -2
188 558 -2
188 584 2
188 692 2
188 1114 -2
188 1760 -2
188 1936 2
189 217 -2
189 718 2
189 982 -2
189 1144 2
189 1262 -2
189 1308 -2
189 1441 -2
189 1621 -2
189 1656 2
189 1745 -2
190 193 2
190 222 2
190 497 2
190 746 2
190 1144 -2
190 1554 -2
190 1650 -2
190 251 -2
190 333 2
190 347 2
190 384 2
190 662 2
190 820 -2
190 1685 2
190 1783 2
191 199 2
191 286 2
191 537 -2
191 716 2
191 733 2
191 991 -2
191 1320 -2
191 1372 2
191 489 2
191 632 -2
191 688 -2
191 918 -2
192 216 -2
192 229 2
192 534 -2
192 659 2
192 966 -2
192 1349 -2
192 1489 2
192 1674 -2
192 1956 -2
192 1964 2
192 1054 2
192 1840 -2
193 222 -2
193 497 -2
193 649 2
193 746 2
193 209 2
193 973 2
193 1485 2
193 1614 -2
194 242 -2
194 310 -2
194 317 2
194 355 2
194 457 2
194 468 -2
194 700 2
194 1471 2
195 526 -2
195 530 2
195 743 2
195 1351 2
195 1897 2
195 413 2
195 617 2
195 1696 2
196 209 -2
196 292 2
196 1153 -2
196 1248 2
196 247 2
196 403 -2
196 474 2
196 607 2
196 748 -2
196 877 2
196 1283 2
196 1697 2
197 247 2
197 371 -2
197 382 -2
197 442 2
197 568 2
197 570 -2
197 597 -2
197 779 -2
197 1200 2
197 1810 2
197 343 2
197 450 2
197 1756 2
198 220 -2
198 221 2
198 475 -2
198 510 2
198 538 2
198 630 -2
198 1051 -2
198 1374 -2
198 1717 2
198 498 2
198 620 -2
198 830 2
198 1836 2
199 286 2
199 716 -2
199 1067 -2
199 305 2
199 984 2
199 1956 2
200 509 2
200 1009 2
200 1566 -2
200 383 2
200 1643 -2
200 1705 -2
201 262 -2
201 426 -2
201 1589 2
201 369 2
201 422 -2
201 605 -2
201 701 -2
201 796 -2
201 1044 -2
201 1407 2
201 1625 -2
202 1403 -2
202 238 2
202 252 -2
202 482 -2
202 527 -2
202 576 -2
202 847 -2
202 887 2
202 1123 -2
202 1330 2
203 282 2
203 1959 2
203 213 2
203 419 2
203 425 2
203 522 -2
203 540 -2
203 879 2
203 1789 -2
203 1824 2
204 409 -2
204 655 2
204 381 -2
204 395 -2
204 433 2
204 445 -2
204 810 2
204 1322 2
204 1546 -2
204 1753 -2
204 1784 -2
205 219 -2
205 277 -2
205 383 -2
205 404 2
205 598 -2
205 642 2
205 662 -2
205 1057 2
205 1388 -2
205 1750 2
205 1857 -2
205 1919 -2
205 241 -2
205 291 -2
205 302 -2
205 338 -2
205 373 2
205 519 -2
205 659 -2
205 742 2
205 919 -2
205 1495 2
205 1676 -2
205 1795 2
205 1850 2
205 1879 2
205 1920 -2
206 389 2
206 461 2
206 470 -2
206 701 2
206 740 -2
206 962 2
206 1156 2
206 1428 2
206 1668 -2
206 1803 -2
206 1973 -2
206 517 -2
206 1463 2
207 1095 -2
207 1965 -2
207 470 -2
207 484 2
207 634 -2
207 1719 2
208 312 2
208 370 2
208 424 2
208 747 -2
208 1016 2
208 1621 2
208 1773 -2
208 585 2
208 729 2
208 1419 -2
208 1768 2
209 1153 2
209 1441 2
209 973 2
209 1485 2
209 1746 2
210 491 2
210 852 2
210 1995 -2
210 1711 -2
210 222 -2
210 240 2
210 411 -2
210 603 2
210 672 2
210 881 -2
210 909 -2
210 1086 -2
210 1265 -2
210 1398 -2
210 1492 -2
210 1810 2
210 1945 2
211 231 -2
211 244 2
211 274 2
211 303 -2
211 511 2
211 1983 -2
211 629 2
211 724 -2
211 845 2
211 1147 2
211 1250 -2
211 1357 -2
211 1402 2
211 1454 -2
211 1552 2
211 1729 2
211 218 2
211 781 -2
212 453 -2
212 986 2
212 1439 -2
212 1620 2
212 684 2
212 785 -2
213 239 2
213 1123 -2
213 425 2
213 587 2
213 815 -2
213 1673 -2
213 1824 -2
213 1961 2
214 241 -2
214 1271 2
214 273 -2
214 835 -2
214 1019 -2
214 1386 2
214 1432 2
214 1541 2
214 1659 -2
215 1014 2
215 1482 2
215 1694 2
215 281 2
215 336 2
215 417 2
215 480 2
215 544 -2
215 567 -2
215 581 -2
215 649 -2
215 889 -2
215 1016 2
215 1020 2
215 1581 2
215 1791 2
215 1839 -2
215 1841 2
216 534 2
216 659 2
216 796 -2
216 828 -2
216 1065 -2
216 1308 -2
217 486 2
217 518 2
217 572 -2
217 837 2
217 1989 -2
217 718 -2
217 1144 2
217 1417 -2
217 1446 -2
217 1538 -2
218 231 -2
218 244 -2
218 276 -2
218 629 -2
218 781 2
218 1490 2
219 383 -2
219 598 -2
219 1388 2
219 1750 -2
219 1842 -2
219 1853 2
219 233 2
219 286 -2
219 339 -2
219 361 2
219 404 2
219 596 2
219 619 -2
219 740 2
219 769 2
219 867 -2
219 897 -2
219 1018 2
219 1228 2
219 1231 -2
219 1250 -2
219 1255 -2
219 1571 2
219 1666 2
219 1738 2
219 1910 2
219 1918 2
220 221 -2
220 278 -2
220 380 -2
220 538 2
220 539 2
220 630 -2
220 718 2
220 732 2
220 775 -2
220 883 2
220 895 -2
220 1097 2
220 1535 2
220 1986 2
220 1798 -2
220 341 -2
220 741 2
220 997 2
220 1244 2
220 1739 2
220 1976 2
221 278 2
221 380 2
221 630 2
221 364 2
221 488 2
221 618 2
221 1073 2
221 1079 2
221 1472 2
221 1545 2
222 497 2
222 649 2
222 1650 2
222 240 2
222 367 2
222 421 -2
222 560 2
222 603 -2
222 676 2
222 1213 -2
223 290 -2
223 359 -2
223 485 2
223 1331 -2
223 1560 -2
223 1932 -2
223 228 2
223 272 -2
223 461 -2
223 624 -2
223 683 -2
223 775 2
223 786 2
223 844 -2
223 942 2
223 1179 2
223 1711 -2
223 1995 -2
223 1927 2
224 236 -2
224 320 -2
224 634 2
224 872 -2
224 1080 -2
224 1195 2
224 1225 2
224 1274 2
224 1598 -2
224 1766 2
224 1776 2
224 1782 2
224 1792 -2
224 1935 -2
224 257 2
224 531 2
224 1377 -2
224 1510 -2
225 641 2
225 1898 2
225 460 2
225 716 -2
225 991 -2
225 1412 -2
226 315 -2
226 491 2
226 595 2
226 869 2
226 1451 2
226 1548 -2
227 338 2
227 391 2
227 584 -2
227 1185 -2
227 1588 -2
227 234 2
227 262 -2
227 292 -2
227 435 -2
227 1106 2
227 1566 2
227 1662 -2
227 1898 -2
228 333 -2
228 948 -2
228 1247 -2
228 1443 2
228 272 2
228 454 2
228 461 -2
228 475 -2
228 514 -2
228 1444 -2
229 635 2
229 1956 -2
229 353 2
229 819 2
229 1118 -2
229 1992 2
229 1903 2
230 328 -2
230 488 -2
230 972 2
230 1105 2
230 246 2
230 446 -2
230 647 2
230 1325 -2
230 1388 -2
230 1556 -2
231 303 2
231 978 -2
231 875 -2
231 1453 -2
232 770 2
232 1215 2
232 243 -2
232 256 2
232 350 -2
232 493 2
233 1279 2
233 1808 -2
233 339 -2
233 344 2
233 563 2
233 823 2
233 840 -2
233 897 -2
233 983 2
233 1018 -2
233 1160 2
233 1250 -2
233 1647 2
233 1698 -2
234 254 -2
234 1059 -2
234 1075 -2
234 1327 -2
234 1332 -2
234 1474 -2
234 1639 -2
234 1642 2
234 1702 -2
234 1849 2
234 262 -2
234 292 2
234 340 2
234 435 -2
234 750 2
234 1106 -2
234 1925 2
235 415 -2
235 1355 2
235 1366 -2
235 1448 -2
235 1496 -2
235 923 2
235 1559 -2
235 1905 2
236 320 2
236 634 -2
236 916 -2
236 1195 -2
236 1295 -2
236 293 -2
236 375 -2
236 580 2
236 935 -2
236 1234 -2
236 1405 2
236 1913 2
237 525 -2
237 769 -2
237 1928 2
237 1182 -2
238 1116 2
238 1154 -2
238 1373 -2
238 379 2
238 944 2
238 1096 2
238 1330 -2
238 1987 2
238 1589 -2
239 330 -2
239 348 -2
239 629 2
239 771 2
239 1006 -2
239 1413 2
239 1433 -2
239 1515 -2
239 1523 2
239 1938 -2
240 407 2
240 1323 -2
240 1629 2
240 1763 2
240 1890 2
240 421 -2
240 672 -2
240 881 -2
240 909 -2
240 1069 -2
240 1086 -2
240 1728 -2
240 1944 2
241 425 2
241 711 -2
241 1271 2
241 1306 2
241 1556 -2
241 291 -2
241 389 2
241 412 -2
241 434 -2
241 467 2
241 583 -2
241 687 2
241 1170 -2
241 1229 -2
241 1333 2
241 1383 -2
241 1539 -2
241 1628 2
241 1747 2
241 1795 -2
241 1850 -2
241 1922 2
241 1928 2
242 829 -2
242 1258 2
242 1381 -2
243 319 2
243 390 2
243 561 -2
243 582 -2
243 612 2
243 700 2
243 1001 -2
243 1025 -2
243 1136 2
243 1244 -2
243 1269 -2
243 1420 2
243 1455 -2
243 294 -2
243 334 -2
243 350 2
243 406 2
243 1352 -2
243 1544 -2
244 629 -2
244 408 2
244 904 2
244 995 2
244 1011 -2
244 1032 -2
244 1620 -2
244 1678 2
244 1742 -2
244 1912 -2
244 1953 2
245 533 -2
245 546 -2
245 593 -2
245 603 2
245 616 -2
245 911 -2
245 933 -2
245 1004 -2
245 1345 2
245 1356 2
245 1393 -2
245 1572 -2
245 1592 2
245 1608 2
245 1624 -2
245 1730 2
245 813 2
245 845 -2
245 1007 -2
245 1202 -2
246 665 -2
246 981 -2
246 1000 -2
246 1125 -2
246 1150 2
246 268 2
246 446 2
246 647 -2
246 1388 2
246 1556 2
247 382 2
247 442 -2
247 570 2
247 693 -2
247 1641 2
247 607 -2
247 882 -2
247 1221 2
248 995 -2
248 1053 2
248 1328 2
248 1992 2
248 1683 -2
248 503 -2
248 564 2
248 1152 2
248 1200 -2
248 1882 2
249 373 2
249 941 -2
249 975 -2
249 1493 -2
249 282 2
249 578 -2
249 601 -2
249 1974 -2
250 329 2
250 360 2
250 397 2
250 492 -2
250 549 2
250 562 2
250 750 -2
250 928 2
250 1011 -2
250 1012 -2
250 1102 -2
250 1219 -2
250 1900 2
250 1952 -2
250 277 2
250 630 -2
250 1008 2
250 1642 -2
250 1779 -2
250 1846 2
250 1889 2
251 1550 -2
251 333 -2
251 362 -2
251 662 2
251 1685 2
251 1783 -2
251 1856 -2
252 521 2
252 652 2
252 1240 2
252 1720 2
252 482 -2
252 527 -2
252 576 2
252 1256 -2
252 1504 2
252 1915 -2
253 1360 2
254 1361 2
254 1642 -2
255 342 -2
255 366 -2
255 756 2
255 942 2
255 1015 -2
255 1128 -2
255 1587 2
255 321 -2
255 570 -2
255 733 -2
255 913 2
255 1040 -2
255 1090 -2
255 1097 2
255 1477 -2
255 1636 -2
255 1684 2
255 1831 2
256 596 -2
256 643 -2
256 669 -2
256 670 -2
256 777 -2
256 926 2
256 1132 -2
256 1143 -2
256 1167 -2
256 1310 -2
256 1422 -2
256 1525 2
256 1876 -2
256 493 -2
256 532 -2
256 554 2
256 571 -2
256 665 2
256 719 -2
256 868 2
256 916 2
256 1115 2
256 1844 2
257 967 -2
257 1705 2
258 378 2
258 627 -2
258 976 -2
258 1610 2
258 707 2
258 717 -2
258 1564 2
259 348 -2
259 1089 2
259 492 -2
259 636 2
259 1214 2
259 1435 2
259 1594 -2
260 1056 -2
260 1644 2
260 358 2
260 711 -2
260 929 2
260 1030 -2
260 1109 -2
260 1590 2
260 1896 -2
261 363 -2
261 720 -2
261 1446 2
261 1521 2
261 516 2
261 671 2
261 777 2
261 1816 2
262 340 2
262 1925 2
263 268 2
263 272 -2
263 323 2
263 419 2
263 619 -2
263 621 2
263 671 -2
263 1017 2
263 1091 -2
263 1187 -2
263 1734 -2
263 1832 2
263 837 -2
263 1894 -2
264 357 2
264 683 2
264 726 2
264 834 -2
264 878 2
264 538 2
264 818 -2
265 575 -2
265 633 2
265 667 -2
265 1304 -2
265 1472 2
265 1469 2
266 508 2
266 814 2
266 410 -2
266 689 -2
266 890 2
266 980 -2
266 1341 2
267 315 -2
267 428 2
267 445 2
267 457 -2
267 483 -2
267 564 2
267 628 -2
267 745 2
267 774 -2
267 953 -2
267 1037 -2
267 1790 2
267 455 -2
267 574 -2
267 833 -2
268 323 -2
268 419 -2
268 658 2
268 671 -2
268 1165 -2
268 1197 2
268 1473 2
268 1744 2
268 979 -2
269 296 2
269 365 2
269 622 2
269 831 2
269 1238 2
269 1239 2
269 1433 2
269 1821 2
269 1911 -2
269 834 -2
269 1053 2
269 1155 2
270 324 2
270 525 2
270 666 -2
270 736 -2
270 1201 2
270 1575 -2
270 1602 -2
270 1832 -2
271 291 2
271 469 -2
271 663 -2
271 705 -2
271 789 -2
271 1317 2
271 1703 2
271 1812 2
271 1921 -2
271 586 -2
271 710 -2
271 1505 -2
271 1524 2
271 1966 -2
272 621 2
272 725 -2
272 949 -2
272 952 -2
272 1091 -2
272 1204 2
272 1251 -2
272 1321 -2
272 1343 -2
272 1971 2
272 461 2
272 475 -2
272 624 2
272 844 2
272 985 2
272 1235 -2
272 1253 2
272 1726 2
273 375 2
273 418 -2
273 552 2
273 615 -2
273 1980 -2
273 1893 2
273 385 2
273 835 -2
273 1432 2
273 1449 -2
273 1809 2
274 724 -2
274 1357 -2
274 900 -2
275 337 2
275 362 -2
275 1293 2
275 1679 2
275 500 2
275 512 2
275 541 2
275 1318 2
276 344 -2
276 1661 2
276 443 -2
276 469 2
276 764 -2
276 917 2
276 939 2
276 1112 -2
276 1197 2
277 642 2
277 1040 -2
277 1697 2
277 1642 -2
278 380 -2
278 539 -2
278 718 2
278 775 -2
278 1180 2
278 958 -2
278 1438 2
279 307 2
279 531 -2
279 672 2
279 1353 2
279 1463 -2
279 1559 -2
279 1583 -2
279 520 2
279 653 -2
279 1178 2
280 387 -2
280 706 2
280 823 -2
280 879 2
280 910 -2
280 1049 2
280 1069 -2
280 1313 2
280 1961 -2
280 452 -2
280 533 -2
280 866 2
280 967 -2
280 1121 2
280 1133 -2
280 1487 -2
281 377 -2
281 566 -2
281 736 -2
281 1954 -2
281 336 2
281 417 -2
281 889 2
281 931 -2
281 1016 2
281 1191 -2
281 1401 -2
281 1434 2
281 1529 2
282 614 2
282 816 2
282 959 -2
282 965 2
282 1066 -2
282 1741 -2
282 1758 2
282 1815 -2
282 1910 2
282 1959 -2
282 1161 -2
282 1974 -2
283 940 2
283 963 -2
283 1402 2
283 1474 -2
283 1842 2
284 1336 -2
284 1731 2
284 352 -2
284 363 -2
284 392 2
284 557 2
284 1890 -2
284 1968 2
285 454 -2
285 728 2
285 912 2
285 1931 2
285 463 2
285 1379 2
286 716 2
286 733 2
286 991 -2
286 404 -2
286 769 2
286 943 2
286 1293 2
287 321 2
287 489 2
287 755 -2
287 782 2
287 801 2
287 1020 -2
287 1175 -2
287 1516 -2
287 1680 2
287 1722 2
287 440 2
287 681 2
287 702 2
287 1145 -2
287 1304 2
287 1334 2
287 1345 2
287 1937 2
288 578 2
288 328 -2
288 682 -2
288 735 2
289 310 -2
289 410 2
289 422 -2
289 632 2
289 758 -2
289 818 2
289 964 2
289 1010 -2
289 1609 -2
289 296 -2
289 511 -2
289 1264 2
289 1279 -2
289 1396 2
289 1857 -2
290 359 -2
290 485 2
290 499 -2
290 929 -2
290 1503 -2
290 1781 -2
290 1932 -2
290 708 2
290 981 2
290 1518 -2
290 1723 -2
291 705 -2
291 789 -2
291 819 -2
291 901 2
291 1340 2
291 1346 2
291 1727 -2
291 373 2
291 389 -2
291 583 -2
291 1850 2
291 1928 -2
292 1906 2
293 430 2
293 776 2
293 786 -2
293 1131 -2
293 375 -2
293 551 2
293 568 2
294 654 -2
294 334 -2
295 304 -2
295 334 -2
295 741 -2
295 1338 -2
295 1479 2
295 322 2
295 855 2
295 893 2
295 1177 -2
296 622 2
296 1238 -2
296 1595 -2
296 608 -2
296 1279 2
296 1366 2
296 1396 2
296 1857 2
297 894 2
297 930 2
297 1870 2
297 1896 -2
297 1080 -2
298 590 -2
298 1419 2
298 1771 2
298 1838 2
298 306 2
298 968 2
298 1075 2
298 1450 2
298 1895 -2
299 301 2
299 368 2
299 520 2
299 676 2
299 713 -2
299 765 2
299 793 -2
299 860 2
299 1060 2
299 1130 2
299 1296 2
299 1573 2
299 1602 2
299 1357 -2
300 604 -2
300 842 2
300 906 -2
300 968 -2
300 1258 2
300 1581 -2
300 304 2
300 850 -2
300 1865 2
301 1060 -2
301 1130 2
301 1573 2
301 1594 2
301 1780 -2
301 575 2
301 590 -2
301 1012 2
301 1385 -2
302 385 2
302 1337 -2
302 338 2
302 346 2
302 376 -2
302 611 -2
302 659 2
302 742 -2
302 888 2
302 905 -2
302 907 2
302 952 -2
302 999 -2
302 1128 2
302 1208 2
302 1448 -2
302 1464 2
302 1495 2
302 1761 2
303 511 -2
303 845 -2
303 978 2
303 1250 -2
303 1385 2
303 1729 2
303 507 2
303 556 2
303 604 2
303 1503 -2
303 1904 2
303 1921 -2
304 316 2
304 378 -2
304 487 2
304 850 -2
304 1776 2
304 1865 -2
305 527 2
305 825 2
305 1309 2
305 1756 -2
305 1877 2
305 984 2
306 973 2
306 968 2
307 672 2
307 497 -2
307 545 -2
307 1013 2
307 1043 -2
307 1220 2
307 1245 2
307 1390 -2
307 1493 2
307 1598 -2
308 631 2
308 841 -2
308 889 -2
308 1584 2
308 1788 -2
308 947 -2
308 1336 2
308 1456 -2
308 1821 2
309 586 -2
309 866 -2
309 1221 2
309 1461 -2
309 1854 2
310 410 -2
310 818 -2
310 1085 2
310 1370 -2
310 355 2
310 1022 2
310 1027 -2
310 1049 -2
310 1340 -2
310 1471 -2
310 1563 -2
310 1735 -2
311 715 2
311 1502 -2
311 313 -2
311 332 -2
311 859 -2
311 861 -2
311 1908 -2
312 323 -2
313 429 -2
313 666 2
313 689 2
313 817 -2
313 1077 -2
313 1397 -2
313 1800 -2
313 859 2
313 1552 2
313 1701 2
314 560 2
314 1653 -2
314 1978 2
314 640 2
314 714 -2
314 792 -2
314 808 2
314 849 -2
314 1057 2
314 1065 2
314 1706 -2
314 1725 -2
315 457 -2
315 564 -2
315 729 -2
315 891 -2
315 1022 2
315 1037 2
315 1329 2
315 1546 2
315 1745 -2
315 595 -2
316 794 -2
316 1013 -2
316 1627 -2
316 1775 2
316 378 2
316 390 2
316 1940 2
317 550 -2
317 759 -2
317 1459 2
317 1506 2
317 1519 -2
317 457 -2
317 468 2
317 655 -2
318 352 -2
318 1676 2
318 472 -2
318 1375 2
318 1555 -2
319 390 2
319 420 -2
319 700 -2
319 1269 2
319 1420 -2
319 1344 -2
319 1700 2
320 872 -2
320 916 2
320 1225 -2
320 1274 2
320 1295 -2
320 1701 -2
320 1766 2
320 1894 2
320 502 -2
320 547 -2
320 765 -2
320 811 2
320 836 -2
320 1374 -2
320 1635 -2
320 1794 -2
320 1858 2
321 1175 2
321 1722 -2
321 570 2
321 1147 2
321 1477 2
321 1562 2
322 350 2
322 396 -2
322 806 2
322 1831 -2
322 855 -2
323 419 2
323 619 2
323 658 -2
324 1272 2
324 613 2
324 736 2
324 822 -2
324 1575 2
325 446 2
325 529 -2
325 887 2
325 1963 2
325 770 2
326 544 2
326 969 -2
326 980 2
326 1542 2
326 1579 2
326 1848 -2
326 402 -2
326 1035 2
326 1125 -2
326 1184 -2
326 1427 2
326 1488 -2
326 1657 2
326 1781 2
327 402 -2
327 484 -2
327 626 2
327 854 -2
327 938 2
327 943 2
327 1029 -2
327 1371 -2
327 1387 -2
327 1400 2
327 1507 2
327 1846 -2
327 399 2
327 549 2
327 550 -2
327 954 2
327 1217 -2
327 1414 -2
327 1654 2
328 416 -2
328 455 -2
328 488 -2
328 723 2
328 990 -2
328 1622 -2
328 597 2
328 682 2
328 1573 2
328 1655 2
328 1811 2
329 1012 2
329 1219 2
329 1859 -2
330 1596 2
330 1614 2
330 348 2
330 771 2
330 1153 2
330 1433 -2
330 1523 2
330 1694 2
331 413 2
331 545 2
331 1510 2
331 1575 2
331 1666 2
331 360 -2
331 526 2
331 755 -2
331 996 -2
332 354 2
332 432 2
332 443 2
332 476 2
332 507 -2
332 611 -2
332 772 -2
332 833 2
332 853 -2
332 931 -2
332 1005 2
332 1146 -2
332 1256 2
332 1412 -2
332 1649 2
333 948 -2
333 1443 -2
333 1904 2
333 347 -2
333 1685 -2
334 405 -2
334 589 -2
334 675 -2
334 850 -2
334 951 -2
334 1338 -2
334 406 2
334 579 -2
334 1352 2
334 1544 -2
335 345 -2
335 353 -2
335 714 -2
335 735 2
335 884 -2
335 430 -2
335 510 2
335 591 -2
335 695 -2
335 1095 2
335 1225 -2
336 646 -2
336 970 2
336 1606 -2
336 1625 2
336 544 -2
336 581 -2
336 889 2
336 931 -2
336 1191 -2
336 1581 2
336 1604 2
336 1763 2
337 1293 -2
337 1679 2
337 374 2
337 490 2
337 668 2
337 737 -2
337 768 -2
337 857 -2
337 1350 2
338 367 -2
338 391 2
338 346 -2
338 742 -2
338 888 -2
338 905 -2
338 907 -2
338 999 -2
338 1128 2
338 1134 -2
338 1879 -2
339 344 2
339 563 2
339 763 2
339 897 2
339 975 -2
339 1231 2
339 1268 2
339 1276 -2
340 435 -2
340 1566 2
340 1898 -2
340 1925 -2
341 687 2
341 840 2
341 741 2
341 1244 -2
341 1766 2
342 680 -2
342 810 2
342 942 -2
342 1015 2
342 1030 2
342 1038 -2
342 1168 2
342 1456 2
342 1678 2
342 424 2
342 537 2
342 573 -2
342 593 2
342 899 2
342 1984 -2
342 1758 2
342 1965 2
343 1997 2
343 346 -2
343 449 2
343 651 2
343 877 -2
343 548 2
343 883 2
343 1063 -2
343 1627 -2
343 1689 -2
343 1756 2
343 1777 2
344 848 2
344 917 2
344 1661 -2
344 563 2
344 763 2
344 823 2
344 840 2
344 975 -2
344 983 2
344 1160 -2
344 1268 -2
344 1480 -2
344 1805 -2
344 1820 2
344 1964 -2
345 353 -2
345 417 2
345 487 -2
345 876 2
345 884 -2
345 1282 -2
345 1477 2
345 370 2
345 529 -2
345 642 2
345 782 2
345 1630 -2
345 1772 2
346 449 2
346 1997 2
346 376 -2
346 611 -2
346 905 2
346 1034 2
346 1134 2
346 1380 2
347 496 2
347 664 2
347 679 2
347 1088 2
347 1183 2
347 1202 -2
347 1504 -2
347 1972 -2
348 1048 -2
348 1170 -2
348 771 -2
348 1153 -2
348 1651 2
349 358 -2
349 414 -2
349 739 2
349 1151 2
349 1991 -2
349 1458 2
349 1889 2
349 535 2
349 743 -2
349 1989 -2
350 806 -2
351 379 2
351 660 -2
351 730 2
351 804 2
351 905 2
351 1214 -2
351 1312 -2
351 1358 -2
351 1497 2
351 1523 2
351 1654 -2
351 829 -2
351 832 -2
351 955 2
351 1521 -2
352 843 2
352 1054 2
352 1676 2
352 363 -2
352 1890 -2
352 1968 -2
353 417 -2
353 884 2
353 1286 2
353 1326 -2
353 1670 2
353 394 2
353 418 -2
353 565 2
353 819 -2
353 1422 -2
354 432 -2
354 443 -2
354 931 2
354 1068 -2
354 1146 2
354 1690 -2
354 1185 -2
355 555 -2
355 577 2
355 648 -2
355 957 -2
355 1359 -2
355 1340 2
355 1471 2
356 606 -2
356 1041 -2
356 1223 2
356 409 2
356 506 2
356 969 -2
356 1189 2
356 1429 -2
356 1540 -2
357 561 -2
357 582 2
357 592 -2
357 1988 2
357 680 -2
357 901 -2
357 974 -2
357 1101 -2
357 1156 2
357 1180 2
357 1270 2
357 1421 2
357 1587 -2
357 1687 -2
357 1717 2
358 1991 -2
358 1458 2
358 1688 -2
358 1889 2
358 1920 -2
358 566 2
358 929 -2
358 1109 -2
358 1210 -2
358 1370 -2
359 485 -2
359 929 -2
359 1331 -2
359 1503 2
359 1560 2
359 1822 -2
359 1875 -2
359 1679 2
360 644 -2
360 750 -2
360 928 2
360 1055 -2
360 1102 -2
360 1119 -2
360 1179 -2
360 1900 -2
360 526 2
361 830 -2
361 944 -2
361 997 2
361 1655 -2
361 596 2
361 619 -2
361 691 2
361 902 2
361 951 2
361 1645 -2
361 1738 -2
361 1914 -2
362 1241 -2
362 1856 2
362 1952 -2
363 720 2
363 1408 2
363 1521 -2
363 392 2
363 1968 -2
364 1657 -2
364 618 2
364 758 2
364 1404 -2
364 1692 -2
365 692 -2
365 1239 -2
365 1433 2
365 1911 2
365 477 -2
365 911 -2
366 408 -2
366 595 -2
366 624 -2
366 1106 2
366 1128 -2
366 1261 -2
366 1673 2
366 505 2
366 534 2
366 1142 -2
366 1644 -2
366 1663 2
366 1843 -2
366 1881 -2
367 560 -2
367 1213 -2
368 520 2
368 713 2
368 765 -2
368 793 -2
368 974 -2
368 1414 2
368 1774 2
368 1168 -2
369 832 2
369 1110 2
369 1209 2
369 1445 2
369 1631 -2
369 605 -2
369 759 2
369 1044 -2
369 1136 2
369 1407 2
369 1900 2
370 424 2
370 747 -2
370 795 2
370 1016 -2
370 1033 2
370 1101 2
370 1483 -2
370 1616 -2
370 1715 -2
370 1773 2
370 372 2
370 642 -2
370 1612 -2
370 1630 2
370 1703 2
371 453 -2
371 870 2
372 939 2
372 1612 -2
372 1703 -2
373 482 2
373 493 -2
373 519 2
373 919 2
374 563 2
374 1924 -2
375 552 -2
375 812 -2
375 1173 -2
375 1316 -2
375 1494 -2
375 935 2
375 1913 -2
376 611 2
376 1034 -2
376 1464 2
376 1761 -2
377 566 2
377 673 2
377 736 -2
377 1460 -2
377 1031 -2
378 588 -2
378 620 -2
378 487 2
378 1776 2
379 438 2
379 1993 2
379 1497 -2
379 1887 -2
379 944 2
379 1589 2
380 539 -2
380 400 2
380 438 2
380 439 -2
380 652 -2
380 734 -2
380 962 -2
380 1157 -2
380 1232 -2
380 1240 2
380 1260 -2
380 1302 -2
380 1579 2
381 434 2
381 456 -2
381 472 2
381 703 -2
381 927 -2
381 1475 -2
381 1611 -2
381 433 -2
381 445 -2
381 795 -2
381 1067 2
381 1287 2
381 1584 -2
382 442 -2
382 568 2
382 1163 -2
382 1641 2
382 1810 -2
382 1981 2
382 1159 2
383 598 2
383 1057 -2
383 1842 -2
383 1857 -2
383 1919 -2
383 1643 -2
383 1705 2
384 477 2
384 599 2
384 749 -2
384 1190 2
384 1311 2
384 1757 -2
384 1933 -2
384 1442 -2
385 1149 -2
385 1337 2
385 1449 2
386 401 -2
386 639 -2
386 709 -2
386 721 -2
386 880 -2
386 1617 -2
386 1801 -2
386 456 2
386 675 -2
386 693 -2
386 936 2
386 1457 2
387 706 -2
387 1294 2
387 1413 -2
387 398 -2
387 558 2
387 594 2
387 692 -2
387 950 -2
387 1114 -2
387 1299 2
387 1337 -2
387 1447 -2
387 1585 -2
387 1603 -2
387 1872 2
387 1969 2
388 835 -2
388 1290 2
388 572 2
388 1141 2
388 1327 -2
389 461 -2
389 657 2
389 701 2
389 962 -2
389 1428 -2
389 1754 -2
389 1803 -2
389 1844 -2
389 1973 -2
389 583 -2
389 687 2
389 1170 -2
389 1333 2
390 561 -2
390 582 -2
390 1001 -2
390 1269 -2
390 1979 2
390 1940 -2
391 1588 -2
391 990 2
391 1002 -2
392 1094 2
392 1228 -2
392 1398 -2
392 1417 2
392 1914 -2
393 569 -2
393 698 -2
393 919 -2
393 1230 -2
393 1685 -2
393 1693 -2
394 1613 -2
394 418 -2
394 565 2
394 1192 2
395 768 -2
395 827 2
395 1237 -2
395 1348 2
395 1438 2
395 1585 2
395 552 -2
395 745 -2
395 789 2
395 1322 2
396 1831 -2
396 442 -2
396 766 2
396 1045 -2
396 1058 -2
397 492 -2
397 562 2
397 1008 -2
397 802 -2
397 1306 2
397 1551 2
397 1683 -2
398 608 -2
398 1555 2
398 1640 -2
398 692 -2
398 950 2
398 1337 2
398 1447 2
398 1936 2
399 460 2
399 481 -2
399 502 2
399 505 2
399 809 -2
399 1035 2
399 1064 -2
399 1174 -2
399 1298 2
399 1386 2
399 1465 2
399 1520 2
399 1522 -2
399 1586 2
399 1689 -2
399 1714 2
399 1740 -2
399 549 -2
400 1211 -2
400 1601 -2
400 438 -2
400 1579 2
401 573 -2
401 639 2
401 709 -2
401 721 -2
401 803 2
401 820 2
401 880 -2
401 903 -2
401 989 2
401 1254 -2
401 1462 -2
401 1518 2
401 1537 -2
401 1617 2
401 1755 -2
401 949 -2
401 1500 -2
402 1029 2
402 927 -2
402 1125 -2
402 1475 -2
402 1781 -2
402 1845 -2
403 1137 2
403 474 -2
403 877 -2
403 1362 2
403 1661 -2
404 662 -2
404 1553 2
404 769 2
405 675 2
405 741 -2
405 1479 -2
405 1847 -2
405 664 -2
405 728 2
405 806 2
406 691 -2
406 888 2
406 1382 -2
406 1352 2
407 1629 2
407 1890 2
407 663 2
407 738 -2
407 1010 2
407 1827 -2
408 595 2
408 815 2
408 1261 2
408 1362 2
408 904 -2
408 1011 2
408 1531 -2
409 1189 2
410 818 2
410 964 2
410 1085 -2
410 1094 2
410 1886 -2
411 448 -2
411 556 2
411 647 -2
411 908 -2
411 961 -2
412 867 -2
412 1096 -2
412 434 -2
412 1229 -2
412 1383 -2
412 1628 -2
412 1770 -2
412 1962 2
413 545 2
413 1510 2
413 712 -2
414 739 2
414 1564 2
414 872 2
414 898 -2
414 994 2
414 1354 -2
414 1567 -2
414 1733 2
415 506 -2
415 515 2
415 893 2
415 1448 -2
415 1468 -2
415 1665 2
415 1869 -2
415 1945 2
415 481 -2
415 483 -2
416 455 2
416 1087 2
416 1111 2
416 1426 2
416 1622 -2
416 1646 2
416 1698 2
416 1751 -2
416 1799 -2
416 459 2
416 610 2
416 656 2
416 1247 -2
417 487 2
417 767 2
417 1286 2
417 1326 -2
417 1670 2
417 1672 2
417 1882 2
417 1016 -2
417 1791 -2
417 1841 2
418 615 -2
418 1034 2
418 1364 -2
418 1192 -2
418 1422 -2
419 619 2
419 658 2
419 671 -2
419 1473 -2
419 1832 2
419 540 -2
419 1789 -2
420 579 -2
420 636 -2
420 904 -2
420 1760 2
420 513 -2
420 515 2
420 523 -2
420 776 2
420 959 -2
420 1103 -2
420 1721 -2
421 462 -2
421 864 -2
421 676 2
421 948 -2
421 993 -2
422 1395 -2
422 1578 2
423 617 2
423 1172 -2
423 660 -2
423 809 -2
423 1081 -2
423 1907 2
424 795 -2
424 1016 -2
424 1033 2
424 1483 2
424 1616 -2
424 1715 -2
424 1966 -2
424 573 2
424 593 2
425 711 -2
425 587 -2
425 815 2
425 1174 -2
426 710 -2
426 521 2
426 715 2
426 739 2
426 933 2
427 480 -2
427 554 -2
427 699 2
427 742 2
427 444 2
427 633 -2
427 800 -2
427 1036 2
427 1314 -2
427 1582 2
428 445 -2
428 548 2
428 953 2
428 641 -2
428 839 2
428 851 2
428 1003 2
428 1124 -2
428 1298 -2
428 1409 2
428 1788 -2
429 666 -2
429 946 2
429 1800 2
429 657 2
429 1364 -2
429 1482 -2
429 1536 2
429 1542 2
429 1950 -2
430 1131 2
430 591 -2
430 695 -2
430 1087 2
430 1095 2
430 1942 2
431 478 -2
432 833 -2
432 863 2
432 931 2
432 1155 -2
432 1301 -2
432 1836 2
432 1968 -2
432 589 2
432 774 -2
432 1100 -2
432 1207 -2
432 1238 2
432 1266 -2
432 1707 2
432 1767 -2
432 1930 -2
433 1081 -2
433 1236 -2
433 1498 -2
433 810 -2
433 1546 2
433 1753 2
434 456 2
434 472 2
434 707 -2
434 1415 2
434 467 -2
434 1628 2
435 474 -2
435 677 2
435 999 -2
435 1006 -2
435 1619 2
435 1106 -2
435 1566 -2
435 1662 -2
436 639 -2
436 1062 2
436 1236 2
436 1675 2
437 1305 2
437 838 2
438 1993 -2
438 1887 -2
438 1579 -2
439 961 -2
439 1687 -2
439 652 2
439 734 -2
439 962 -2
439 1246 -2
439 1877 2
440 543 -2
440 754 -2
440 994 -2
440 1031 -2
440 1603 -2
440 1819 2
440 1926 -2
440 1334 2
441 444 2
441 591 -2
441 950 2
441 1047 -2
441 1235 2
441 466 -2
441 1176 2
442 1641 2
442 766 -2
442 1045 -2
442 1058 2
443 772 2
443 917 2
443 939 2
443 1112 -2
443 1140 -2
443 1294 2
443 1732 2
444 1626 -2
444 722 -2
444 800 2
444 817 -2
445 548 -2
445 774 2
445 1255 -2
445 1411 -2
445 795 -2
445 1242 -2
446 1963 2
446 1325 -2
446 1388 -2
447 513 2
447 609 2
447 650 -2
447 971 2
447 1569 2
447 747 2
447 767 2
448 645 -2
448 1145 2
448 1159 -2
448 1662 -2
448 1335 2
449 651 -2
449 978 -2
449 1165 -2
449 1267 -2
449 1554 2
450 1365 -2
450 1347 -2
451 602 2
451 686 -2
451 748 2
451 1026 2
451 1736 -2
451 891 2
451 986 -2
451 1126 2
451 1150 -2
451 1288 2
451 1342 -2
451 1558 -2
451 1773 2
452 490 2
452 914 2
452 1487 -2
453 1439 2
453 1470 -2
453 1982 2
454 896 2
454 912 2
454 1369 2
454 1726 -2
454 1796 -2
454 704 2
454 1190 -2
454 1917 -2
455 723 2
455 990 2
455 1646 -2
455 1751 -2
455 1916 -2
455 574 -2
455 843 -2
456 472 -2
456 703 2
456 707 -2
456 1415 2
456 1475 2
456 675 2
456 693 -2
456 922 2
457 483 -2
457 729 2
457 1037 2
457 1329 -2
457 1490 2
457 468 -2
457 700 2
458 1072 2
458 1103 -2
458 473 2
458 478 2
458 584 2
458 754 2
458 862 2
458 1509 -2
458 1599 -2
459 684 -2
459 855 -2
459 1050 2
459 1058 -2
459 1549 -2
459 610 -2
459 746 -2
459 1247 2
459 1359 2
459 1443 -2
459 1759 -2
460 481 2
460 717 2
460 857 -2
460 1064 2
460 1213 2
460 1298 2
460 1520 2
460 1577 -2
460 1635 2
460 1740 2
460 1912 -2
460 716 -2
460 858 2
460 1412 2
460 1461 -2
461 701 -2
461 624 -2
461 683 2
461 775 -2
461 1253 2
461 1321 2
462 1730 2
463 913 2
463 1880 2
463 1941 -2
463 1039 2
463 1379 2
464 587 2
464 1259 -2
464 1470 -2
464 1793 -2
465 847 2
465 1453 2
465 1718 2
465 1290 2
466 1252 -2
466 1743 2
466 1176 -2
466 1978 2
467 583 -2
467 1036 2
467 1115 2
467 1804 2
467 1747 2
467 1922 -2
468 516 2
468 558 -2
468 719 2
468 1505 -2
469 1812 -2
470 740 2
470 1027 -2
470 1156 -2
470 1563 -2
470 634 2
471 1735 2
471 1491 -2
472 703 2
473 495 2
473 478 -2
473 754 2
473 1813 2
474 1619 -2
474 748 2
474 877 -2
474 1362 -2
474 1697 2
475 510 2
475 1374 -2
475 1717 2
475 514 2
476 507 2
476 833 -2
476 853 -2
476 863 2
476 924 2
476 925 2
476 1005 -2
476 1024 2
476 1117 -2
476 1135 2
476 1141 2
476 1155 -2
476 1303 2
476 1330 -2
476 1412 -2
476 1444 -2
476 1886 -2
476 504 2
476 703 -2
476 794 2
476 826 -2
476 1339 -2
476 1368 -2
476 1439 2
476 1722 2
477 922 -2
477 1190 2
477 1793 2
477 1856 -2
478 754 2
478 862 2
478 1813 2
479 998 2
479 555 2
479 1785 2
480 699 2
480 649 -2
481 502 -2
481 809 2
481 1298 2
481 1465 2
481 1577 2
481 483 2
481 773 2
481 966 2
481 1098 -2
482 493 2
482 690 2
482 1996 -2
482 1375 2
482 1434 -2
482 1664 -2
482 1864 -2
482 527 -2
482 1504 2
482 1915 -2
483 628 2
483 977 2
483 1222 -2
483 1574 2
483 773 -2
483 1089 -2
484 626 -2
484 938 -2
484 943 2
484 1371 -2
484 1387 -2
484 1699 2
484 1846 -2
484 1719 2
485 929 2
485 1560 -2
485 1781 -2
485 727 2
485 1465 2
485 1833 2
486 1989 -2
486 518 2
486 572 2
486 600 -2
486 791 2
486 907 2
486 1039 2
486 1449 -2
486 1873 2
486 1955 2
487 767 -2
487 876 -2
487 1477 2
487 1776 -2
488 972 -2
488 1019 2
488 1406 2
488 1079 -2
489 594 -2
489 801 2
489 688 -2
489 825 -2
490 727 -2
490 668 2
490 1042 -2
490 1350 2
491 869 -2
491 1451 2
492 549 2
492 605 -2
492 871 -2
492 636 -2
492 1269 -2
492 1387 -2
492 1650 2
492 1919 2
493 1434 -2
493 1539 2
493 571 2
493 868 2
493 1528 2
494 503 2
494 722 2
494 1231 -2
494 1508 2
494 1612 2
494 1633 2
494 1739 -2
494 1977 -2
494 648 -2
494 673 2
494 842 2
494 894 -2
494 956 -2
494 1392 -2
494 1724 -2
495 1350 -2
495 1511 2
495 1818 -2
495 779 -2
495 1669 2
496 664 -2
496 936 -2
496 896 -2
496 1468 -2
497 746 2
497 1144 -2
497 1148 -2
497 1650 -2
497 1013 2
497 1220 2
497 1245 2
497 1261 2
497 1493 2
497 1598 -2
497 1608 2
497 1609 2
497 1658 -2
498 620 -2
498 1534 -2
499 638 2
499 762 -2
499 886 -2
499 1086 2
499 685 -2
500 512 2
500 541 -2
500 801 2
500 1289 2
500 1318 2
500 1601 -2
500 1967 2
502 809 -2
502 1035 2
502 1386 -2
502 1390 -2
502 1689 2
502 1777 2
502 547 2
502 765 2
502 811 2
502 1148 -2
502 1167 2
502 1291 -2
502 1858 -2
502 1932 -2
503 722 2
503 780 -2
503 899 -2
503 1079 2
503 1108 2
503 1231 -2
503 1612 2
503 1633 -2
503 1707 -2
503 562 2
503 564 -2
503 637 -2
503 744 2
503 871 -2
503 1254 -2
503 1629 -2
503 1901 -2
504 731 -2
504 744 -2
504 1325 2
504 1534 2
504 794 2
504 1439 -2
505 534 2
505 1037 -2
505 1142 2
505 1663 2
506 1355 -2
506 969 2
507 853 -2
507 924 -2
507 954 -2
507 1024 -2
507 1084 -2
507 1135 -2
507 1444 -2
507 556 2
507 604 -2
507 730 2
507 892 -2
507 1281 -2
507 1284 -2
507 1326 2
507 1762 -2
507 1823 -2
507 1904 -2
508 1286 2
508 1715 2
508 1755 2
508 1797 -2
508 1947 2
509 650 -2
510 1051 2
510 1374 2
510 646 -2
510 651 -2
510 1874 2
511 845 -2
511 1147 2
511 1402 -2
511 1591 2
511 1786 -2
511 1951 -2
511 1263 -2
512 585 -2
512 613 2
512 771 2
512 1186 -2
512 1277 2
512 1669 2
512 541 -2
512 1289 2
513 650 -2
513 523 2
513 776 -2
513 959 2
513 1332 2
514 1444 2
514 1606 -2
515 893 2
515 1945 2
516 558 2
516 763 2
516 1785 2
516 1878 2
516 671 2
517 1839 -2
517 732 -2
517 1163 2
517 1355 2
517 1812 2
518 572 2
518 837 2
518 1039 2
518 1264 -2
518 1779 2
519 697 -2
519 788 2
519 1360 2
519 1827 -2
519 919 -2
520 793 2
520 860 2
520 974 2
520 1126 -2
520 1774 -2
520 653 2
520 1436 -2
521 557 2
521 1063 2
521 715 -2
521 739 -2
521 1111 2
521 1459 2
521 1619 -2
522 761 -2
522 808 -2
522 1405 2
522 1558 2
523 565 2
523 607 -2
523 1265 -2
523 1561 -2
523 1883 -2
523 1960 -2
523 1332 -2
524 822 -2
524 851 2
524 856 2
524 1044 2
524 1582 -2
524 1929 -2
525 769 -2
525 612 -2
525 1765 -2
526 530 -2
526 755 2
527 825 2
527 1275 -2
527 1915 2
528 791 -2
528 1137 2
528 1743 2
529 782 2
529 1188 2
529 1718 2
530 667 -2
530 780 2
530 816 2
530 1389 -2
530 1394 2
530 1592 2
530 1891 -2
531 1189 2
531 1353 2
531 1463 2
531 1377 2
531 1510 -2
531 1994 2
532 554 2
532 665 -2
532 783 -2
532 1624 2
533 766 -2
533 911 2
533 982 2
533 1113 2
533 1608 -2
533 1860 -2
533 1940 2
533 542 2
533 967 2
533 1041 2
534 659 2
534 828 2
534 1122 -2
534 1308 2
534 1349 -2
534 1037 2
534 1142 -2
534 1644 2
535 618 -2
535 798 -2
535 1100 2
535 1391 -2
535 1723 2
535 1989 2
535 743 2
536 551 -2
536 865 -2
536 970 -2
536 1271 -2
537 598 2
537 1758 2
538 883 2
538 895 2
538 1149 -2
538 1415 -2
538 1713 -2
538 1924 -2
539 718 2
539 732 -2
539 1988 2
539 1180 -2
539 645 2
539 1476 -2
540 1192 2
540 1401 -2
540 1937 2
540 879 2
540 1278 2
540 1400 2
540 1789 -2
541 882 -2
541 1257 -2
541 1318 2
542 865 -2
542 1232 2
542 1917 -2
542 1041 2
542 1899 2
543 994 2
543 1099 2
543 1208 2
544 923 -2
544 969 2
544 980 2
544 1488 -2
544 567 -2
544 581 -2
545 1510 -2
545 1666 2
546 593 2
546 616 2
546 1345 2
546 600 2
546 615 2
546 623 2
546 631 -2
546 677 2
546 726 2
546 874 -2
546 1426 2
546 1560 -2
546 1637 -2
547 1435 2
547 765 2
547 1148 -2
547 1794 2
548 1411 -2
548 699 -2
548 883 2
548 941 2
548 1063 2
548 1466 -2
548 1807 -2
549 605 2
549 871 -2
550 759 2
550 1671 -2
550 1733 2
550 1820 2
550 954 2
550 1217 2
550 1869 -2
551 704 2
551 1023 -2
551 568 -2
551 1198 -2
551 1473 2
551 1786 2
552 812 2
552 947 -2
552 1093 2
552 1276 2
552 1316 2
552 1893 2
552 745 2
552 789 -2
552 988 2
552 1001 2
553 576 -2
553 764 -2
553 773 2
553 805 2
553 1061 -2
553 1245 2
553 1724 2
553 1312 -2
554 1300 -2
554 1484 2
554 783 -2
554 916 -2
555 957 -2
555 1203 2
556 647 -2
556 908 -2
556 996 -2
556 1042 2
556 1480 2
557 1063 -2
557 1182 2
557 1714 -2
558 719 2
558 763 -2
558 1862 2
558 1114 -2
558 1969 2
559 1529 2
559 1632 -2
559 661 -2
559 831 -2
561 582 2
561 612 2
561 653 -2
561 1455 2
561 1830 2
561 1979 -2
561 974 -2
561 1101 2
561 1949 -2
562 1008 2
562 1011 2
562 1124 2
562 1450 2
562 1254 -2
562 1273 -2
563 763 -2
563 823 -2
563 1647 2
563 1820 2
564 745 -2
564 891 -2
564 1913 -2
564 637 -2
564 821 2
564 1200 2
564 1882 -2
565 607 -2
565 1545 2
565 1883 -2
566 673 -2
566 736 -2
566 807 2
566 1460 2
566 1748 -2
566 1778 -2
566 1370 2
566 1501 2
566 1576 -2
567 870 2
567 1858 -2
568 1163 -2
568 1810 -2
568 1198 -2
569 1230 2
569 965 -2
570 597 -2
570 779 2
570 1200 -2
570 1747 2
570 1980 -2
570 913 2
570 1477 -2
570 1562 -2
570 1638 2
571 1347 2
571 1478 2
571 868 2
571 1528 2
571 1844 -2
572 837 2
572 1264 2
572 1779 2
572 1989 2
573 903 -2
573 593 -2
573 899 2
574 637 2
574 757 2
574 869 2
574 1384 -2
574 1540 -2
574 1915 -2
575 667 -2
575 1891 -2
575 590 -2
575 638 2
575 957 -2
576 764 2
576 773 2
576 847 -2
576 1123 -2
576 1138 -2
577 648 -2
577 1071 -2
577 1160 2
577 1359 -2
577 635 2
577 679 -2
577 709 2
577 1070 2
577 1169 -2
577 1313 -2
577 1960 2
578 1367 2
579 636 2
579 904 -2
579 1319 2
579 1760 -2
580 656 2
580 1962 2
580 812 2
580 1206 2
580 1234 -2
580 1251 2
580 1741 -2
581 800 -2
581 1207 2
581 1302 -2
582 1001 2
582 592 -2
582 901 -2
582 1270 2
582 1587 2
582 1595 2
583 1804 2
583 687 2
583 1539 2
584 960 -2
584 1185 2
584 1533 -2
584 1884 2
584 1509 -2
584 1760 -2
585 613 2
585 1277 2
585 1583 -2
585 1768 -2
586 866 -2
586 1461 -2
586 1605 2
586 1505 2
587 1210 -2
587 815 2
587 1174 2
587 1673 -2
588 620 -2
588 885 -2
588 626 2
588 752 2
588 1782 2
589 681 2
589 963 2
589 1452 2
589 1837 -2
589 1100 -2
589 1363 2
589 1970 -2
590 625 -2
590 792 -2
590 881 -2
590 983 2
590 1284 2
590 1419 -2
590 1421 2
590 1927 2
590 1012 2
590 1385 -2
590 1600 -2
590 1613 -2
591 601 -2
591 950 -2
591 1047 2
591 1235 2
591 1095 -2
591 1778 2
591 1942 -2
592 844 2
592 1162 2
592 680 2
592 1270 2
592 1421 -2
593 616 2
593 933 2
593 1592 2
593 1628 2
593 1947 -2
593 899 -2
594 682 -2
594 873 -2
594 1607 -2
594 1299 2
594 1585 -2
595 624 2
595 1082 -2
595 1106 -2
595 1120 -2
595 1261 2
595 1362 -2
596 670 -2
596 1310 -2
596 1422 -2
596 1525 2
596 1659 2
596 1706 -2
596 740 -2
596 1738 2
596 1914 2
597 779 -2
597 621 2
597 945 -2
597 1573 2
597 1655 2
598 1057 -2
598 1388 -2
598 1171 -2
598 1516 -2
599 749 2
599 1933 2
599 643 2
599 853 2
599 925 2
599 1860 2
600 791 2
600 907 -2
600 631 -2
600 1426 2
600 1617 -2
600 1826 2
602 1998 2
602 748 -2
602 1026 -2
602 614 2
602 694 2
602 725 -2
602 1607 -2
602 1851 2
603 1004 -2
603 1624 -2
604 906 -2
604 1007 2
604 730 -2
604 1762 2
604 1904 -2
604 1921 -2
605 871 -2
605 1044 2
605 1136 2
606 1429 -2
606 906 -2
606 1431 2
606 1837 2
607 882 -2
608 783 -2
608 1259 -2
608 1266 2
608 1366 2
609 807 -2
609 1060 2
610 1589 -2
610 746 2
610 1247 2
610 1359 2
610 1443 2
611 1761 2
612 653 2
612 1455 2
612 1765 -2
613 1186 2
614 816 2
614 1166 -2
614 1741 -2
614 725 2
614 1004 2
614 1410 -2
614 1851 2
614 1979 2
615 1980 -2
615 1034 -2
615 1577 2
615 1637 2
615 1660 2
615 1939 -2
616 933 -2
616 1345 2
616 1393 -2
616 1628 -2
616 1736 2
616 1892 -2
617 1172 2
617 803 -2
617 1696 2
618 798 2
618 921 2
618 1100 -2
618 1399 -2
618 1073 -2
618 1404 -2
620 885 2
620 1534 -2
620 1906 -2
621 1017 2
621 1091 2
621 1251 2
621 1734 2
621 1826 -2
621 945 -2
622 828 2
622 1131 2
622 1139 2
622 1740 -2
622 1830 -2
622 1880 2
622 1916 -2
623 1392 -2
623 677 -2
623 726 2
623 1818 -2
623 1861 2
624 1082 2
624 1106 2
624 1120 2
624 683 -2
624 844 2
624 985 2
624 1179 2
624 1253 2
624 1321 -2
624 1757 -2
624 1926 2
624 1927 -2
625 702 -2
625 792 2
625 881 2
625 983 2
625 1548 2
625 1927 2
625 1769 2
625 1815 -2
626 854 2
626 1371 -2
626 1400 2
626 1782 -2
626 1873 -2
626 1902 -2
627 976 -2
627 1610 -2
627 751 -2
627 1175 -2
627 1187 2
627 1329 2
627 1570 2
628 977 2
628 1574 2
628 1790 2
629 713 2
629 784 2
629 1006 2
629 1413 -2
629 1515 -2
629 1553 -2
629 1693 2
629 1938 -2
630 1008 -2
631 841 -2
631 858 2
631 1788 2
631 1426 2
631 1560 -2
631 1617 -2
632 758 -2
632 1267 -2
632 1609 2
632 1084 2
633 1472 -2
634 1080 2
634 1195 2
634 1652 -2
634 1776 -2
634 1935 2
636 1760 2
636 1594 2
637 744 -2
637 821 -2
637 915 -2
637 1048 -2
637 1629 -2
637 1671 2
637 1971 2
637 1975 2
638 762 2
638 849 -2
638 886 -2
638 1046 -2
638 1086 -2
638 1630 2
638 957 2
638 1000 -2
638 1216 2
638 1639 -2
639 721 -2
639 803 -2
639 820 2
639 1537 -2
639 1062 -2
640 979 -2
640 1002 -2
640 792 -2
640 808 2
640 860 -2
640 1129 -2
640 1172 -2
640 1867 -2
641 1898 -2
641 839 -2
641 1205 2
642 1040 2
642 1630 -2
643 777 -2
643 846 -2
643 1143 -2
643 1407 -2
643 1371 -2
644 1119 2
644 1179 -2
644 1994 -2
644 1378 2
644 1663 2
644 1944 -2
644 697 -2
645 1145 2
645 799 2
645 1476 -2
645 1806 2
645 1866 -2
646 668 -2
646 970 2
646 651 2
646 1526 2
647 908 2
647 1042 -2
647 1902 2
648 1071 -2
648 1074 -2
648 1160 2
648 1359 2
648 673 2
648 920 2
648 956 -2
648 1724 -2
649 1839 2
650 971 -2
650 1569 2
650 1092 -2
650 1164 -2
650 1277 -2
650 1780 -2
651 1874 2
652 1240 2
652 1246 2
652 1699 -2
653 1830 2
653 1178 2
655 915 2
655 1934 -2
656 738 2
656 1738 2
656 1962 2
657 1253 -2
657 1844 -2
657 895 2
657 1364 2
657 1482 -2
657 1591 2
658 1473 -2
658 852 -2
658 1506 -2
658 1712 2
659 1676 2
659 1920 2
660 804 -2
660 1654 -2
660 809 2
660 1081 2
660 1907 -2
662 1553 -2
662 820 2
663 1703 -2
663 696 2
663 738 -2
664 936 2
664 728 2
664 1223 2
665 1150 2
665 719 -2
665 1624 2
666 1800 -2
666 1602 2
667 1304 -2
667 780 -2
667 1173 -2
667 1394 2
668 1262 -2
668 1501 2
668 737 -2
668 768 2
668 1015 -2
668 1042 2
669 1032 -2
669 1580 2
669 910 -2
669 1615 -2
670 926 -2
670 1341 -2
670 1422 2
670 989 -2
671 1187 -2
671 1832 -2
671 777 2
672 1559 2
672 881 2
672 1069 2
672 1074 -2
672 1398 2
672 1728 2
673 807 -2
673 1409 2
673 1460 2
673 1748 -2
673 1949 2
673 842 -2
673 920 -2
673 956 -2
673 971 2
673 1315 2
674 785 2
674 1976 2
674 760 2
674 937 -2
674 938 2
674 1193 -2
674 1222 -2
674 1367 -2
675 850 2
675 693 2
675 922 2
676 688 2
676 838 2
676 1296 -2
676 1762 2
676 948 2
676 993 2
676 1151 2
677 999 2
677 1006 -2
677 1283 -2
677 1499 2
677 1637 -2
677 726 -2
677 874 2
677 1861 2
678 721 -2
678 814 2
678 1093 2
678 1537 -2
678 1957 2
679 1504 -2
679 709 -2
679 753 2
679 1169 -2
679 1310 -2
679 1610 -2
679 1702 2
680 810 2
680 1038 -2
680 1456 2
680 1551 -2
680 1567 2
680 1421 -2
680 1717 -2
681 963 -2
681 1837 -2
681 1122 2
681 1145 -2
681 1304 -2
681 1345 2
681 1365 -2
682 873 -2
682 1607 -2
682 1823 2
683 726 -2
683 813 2
683 834 2
683 1802 2
683 1851 -2
683 775 2
683 1179 -2
683 1321 2
683 1711 -2
683 1757 2
683 1803 2
684 761 -2
684 785 2
684 934 2
684 1420 -2
684 1731 -2
684 1935 2
686 1132 -2
686 1519 2
687 797 2
687 1170 -2
687 1539 -2
688 838 2
688 1762 -2
688 825 2
688 863 -2
688 918 -2
688 998 2
689 1845 2
689 890 2
689 1341 -2
689 1349 2
689 1829 2
690 826 -2
690 1375 -2
690 1996 2
690 1664 -2
690 1700 2
690 1864 2
690 841 2
691 902 -2
691 951 2
691 1038 -2
691 1301 2
691 1483 -2
691 1645 2
691 1798 2
692 1196 -2
692 1337 -2
692 1936 2
693 1234 -2
694 932 2
694 1307 2
694 1486 -2
694 1536 -2
694 1728 2
694 972 2
695 1087 -2
696 902 -2
696 955 2
696 1043 -2
696 1291 2
696 1423 -2
697 788 -2
697 920 -2
697 985 -2
697 1360 2
698 872 -2
698 898 -2
698 1083 -2
698 1239 2
698 1248 -2
699 742 -2
699 1930 2
699 940 2
700 1136 2
701 1803 2
701 796 -2
701 1973 2
702 918 2
702 1937 -2
703 1475 2
703 1611 2
703 826 2
703 1368 2
704 1023 2
704 1190 2
704 1917 -2
705 819 2
705 1317 2
705 1921 2
705 788 2
705 793 2
705 987 -2
705 1088 2
705 1403 2
705 1423 -2
705 1665 -2
705 1720 -2
705 1822 2
706 1069 2
706 827 2
706 1499 2
706 1750 -2
707 1415 2
707 717 2
707 1561 2
708 1442 2
708 1527 -2
708 724 -2
708 1518 -2
709 880 -2
709 989 2
709 1518 -2
710 1524 2
710 1966 2
711 1306 -2
711 1030 -2
711 1479 2
711 1593 2
711 1896 2
712 1515 2
713 765 2
713 784 -2
713 1050 -2
713 1077 -2
713 1553 2
714 735 -2
714 824 -2
714 1112 2
714 1191 -2
714 1570 -2
714 1065 -2
714 1706 -2
714 1931 2
715 862 2
715 1379 2
715 1713 -2
715 1737 -2
715 739 2
715 933 2
715 1111 -2
715 1619 2
716 733 2
716 991 2
716 1071 -2
716 1461 2
717 857 -2
717 1759 -2
717 1813 2
717 1899 2
717 1561 -2
718 732 2
718 1097 -2
718 1180 2
718 1988 2
718 982 -2
718 1144 2
718 1417 2
718 1446 2
718 1538 2
719 1505 -2
720 1408 -2
720 723 -2
720 1028 -2
721 803 2
721 1957 -2
722 1079 2
722 1108 2
722 1231 -2
722 1508 -2
722 1806 2
722 1909 -2
723 990 -2
724 1983 2
725 949 -2
725 1204 -2
725 1321 2
725 1343 -2
725 1979 -2
726 813 -2
726 878 2
726 1861 2
727 1465 -2
727 1833 -2
728 1681 2
728 806 2
728 1223 -2
729 1329 -2
729 1490 2
730 1523 -2
730 892 -2
730 1249 2
730 1762 2
731 1325 2
731 1871 2
732 1097 -2
732 1163 2
732 1292 -2
732 1355 2
732 1618 2
733 1040 -2
733 1636 -2
734 962 -2
734 1257 -2
735 1112 -2
735 1191 2
735 1570 -2
736 822 2
736 1998 2
736 1023 2
736 1201 -2
737 1324 -2
737 1901 2
737 768 2
737 857 2
737 1015 -2
737 1046 -2
737 1183 -2
738 1738 2
738 1827 2
739 1151 2
739 1199 -2
739 1634 -2
739 1675 2
739 933 2
740 1027 -2
740 867 2
740 1228 2
740 1255 -2
741 1479 -2
741 1847 2
741 1766 2
742 1930 2
742 888 -2
742 1448 -2
742 1495 -2
743 1897 -2
743 1989 -2
744 871 -2
744 1629 -2
745 789 -2
745 988 -2
745 1001 2
745 1005 -2
745 1017 2
745 1272 2
746 1144 2
746 1148 2
746 1759 2
747 1621 2
747 767 2
748 1998 2
748 1736 2
748 1697 -2
749 1311 2
749 1623 -2
749 1888 2
750 928 -2
750 1055 -2
751 760 2
751 859 2
751 1045 -2
751 1352 -2
751 1383 2
751 1447 2
751 1597 -2
752 993 2
753 1936 -2
753 1982 -2
753 903 -2
753 1310 -2
753 1533 2
753 1610 -2
753 1702 2
754 1603 -2
754 1907 2
755 1984 -2
755 782 2
755 1289 -2
756 1953 -2
756 953 -2
756 1047 2
756 1319 2
757 1384 2
757 1915 -2
758 1010 2
758 1267 -2
758 1692 -2
759 1459 2
759 1671 2
759 1733 2
759 1820 2
760 859 2
760 1045 2
760 1530 -2
760 1597 2
760 937 -2
760 938 -2
760 1193 2
760 1367 -2
760 1397 -2
760 1834 2
761 1420 2
761 1800 2
761 1825 -2
762 1046 -2
762 878 -2
763 1862 2
763 1878 -2
763 975 -2
763 1480 2
763 1550 2
763 1820 2
764 805 2
764 1245 2
764 864 2
764 885 2
764 1197 2
765 811 -2
765 1167 2
765 1291 -2
765 1351 2
765 1794 -2
766 982 2
766 1113 -2
766 1940 -2
767 1672 -2
768 1348 2
768 1438 2
768 1585 2
768 857 2
768 1015 -2
768 1046 -2
768 1183 -2
768 1218 2
768 1467 2
768 1517 2
769 1928 -2
770 1215 -2
771 1153 2
771 1433 2
771 1651 2
772 960 2
772 1009 2
773 1061 2
773 1089 2
774 1255 -2
774 1514 2
774 1527 -2
776 786 -2
776 1092 2
776 1418 2
776 959 -2
776 1721 2
776 1737 -2
777 846 -2
777 1143 2
777 1407 -2
777 1440 2
778 1794 2
779 1200 -2
779 1747 2
780 899 2
780 1427 2
780 1695 -2
780 816 2
780 1173 2
780 1389 -2
780 1680 -2
782 1020 -2
782 1772 2
783 1259 -2
783 1266 2
784 1868 -2
784 1946 -2
784 1050 2
784 1553 -2
785 892 -2
785 1725 2
785 1922 -2
785 1976 2
785 934 -2
785 1162 -2
785 1749 -2
785 1923 -2
787 1985 -2
788 1088 -2
788 1403 2
788 1720 -2
789 901 2
789 988 2
789 1005 -2
789 1272 -2
790 1346 2
790 1498 -2
791 907 2
791 1137 2
791 1743 2
791 1849 -2
792 881 2
792 1284 2
792 1548 -2
792 1645 -2
792 849 -2
793 860 2
793 1126 -2
793 1436 2
793 1990 2
793 987 2
793 1423 2
793 1665 -2
794 1775 2
794 1439 -2
794 1722 -2
795 1715 -2
795 1966 2
795 1242 -2
795 1569 2
795 1835 2
796 1061 -2
796 1727 -2
796 1973 -2
797 1811 2
797 912 -2
797 928 -2
797 1108 -2
797 1227 2
797 1508 -2
797 1631 2
798 921 2
798 1100 -2
798 884 2
798 1158 -2
798 1929 2
799 1578 2
799 1719 -2
799 1866 2
800 1207 -2
800 1302 2
800 1513 2
800 817 -2
800 1314 -2
801 1680 2
801 1967 -2
802 1028 2
802 1227 2
802 1306 2
803 1537 -2
804 905 -2
804 1214 -2
804 1312 2
804 1358 -2
804 1576 -2
804 1752 2
804 846 2
804 1792 -2
805 1245 -2
805 848 -2
805 1406 2
807 1748 2
807 1778 2
807 1060 -2
808 900 2
808 1405 2
808 1835 -2
808 1172 -2
809 1386 -2
809 1465 -2
809 1777 -2
809 1081 -2
810 1038 2
810 1551 -2
810 1546 2
811 1978 -2
811 1167 -2
812 947 2
812 1173 2
812 1276 2
812 1316 -2
812 1130 2
812 1206 -2
812 1251 -2
812 1296 2
812 1348 -2
812 1382 2
814 1537 2
815 1174 -2
816 965 -2
816 1090 -2
816 1815 2
816 1389 2
816 1891 -2
817 1077 -2
817 1783 -2
817 1950 -2
818 964 2
818 1166 2
818 1667 2
819 1118 2
820 1254 2
820 1462 -2
821 992 2
821 915 -2
821 1671 2
821 1971 2
821 1975 2
822 851 -2
822 856 -2
822 1023 2
823 879 2
823 1083 2
823 1263 -2
823 1981 2
823 1969 -2
823 840 2
823 1647 2
824 873 -2
824 1076 2
824 1458 2
825 1275 2
825 1756 2
825 863 -2
825 1280 2
826 861 -2
826 1700 2
826 1339 -2
826 1368 -2
826 1586 2
827 1237 2
827 1280 -2
827 886 -2
827 1499 -2
827 1828 -2
828 1065 -2
828 1122 2
828 1308 -2
828 1131 2
828 1224 2
828 1830 -2
828 1880 -2
828 1916 -2
829 1983 -2
829 1243 2
829 1328 2
829 1378 -2
830 1836 -2
831 1987 -2
831 914 2
832 955 -2
832 1117 2
832 1521 -2
833 1005 2
833 1353 -2
833 1664 -2
834 1053 2
835 945 2
835 1129 2
835 1205 2
835 1333 2
835 1019 2
835 1432 -2
836 898 2
836 935 -2
836 1217 -2
836 1770 2
836 1110 2
836 1374 2
836 1634 2
837 1264 2
837 1894 2
839 1018 -2
839 1788 2
840 983 -2
841 1788 2
841 1181 2
841 1838 -2
841 1934 2
842 968 2
842 1140 -2
842 1258 2
842 1682 -2
842 971 2
843 1054 -2
843 1158 -2
844 1544 2
844 985 2
844 1235 -2
844 1309 2
844 1744 -2
844 1926 -2
844 1927 2
845 1147 -2
845 1250 2
845 1385 -2
845 1454 2
845 1552 2
845 1591 2
845 1007 -2
845 1202 -2
845 1452 2
845 1808 2
846 1407 2
846 1440 -2
846 1905 -2
846 1681 2
847 1123 -2
847 1138 2
848 917 2
848 1406 2
849 1057 -2
851 856 -2
851 1582 -2
851 1298 -2
853 924 -2
853 925 2
853 954 2
853 1084 2
853 1117 2
853 1141 -2
853 1412 -2
853 1686 -2
853 1975 2
853 1616 2
854 1400 2
855 1050 2
855 1138 2
855 893 2
856 1484 -2
856 1525 -2
857 1213 -2
857 1708 -2
857 1759 2
857 1912 2
859 1045 2
859 1383 2
859 1667 2
859 1552 2
860 1126 2
860 1334 -2
860 1436 2
860 1129 -2
861 1142 2
861 1184 -2
861 1908 2
862 1379 2
862 1547 -2
862 1704 -2
862 1713 -2
862 1737 -2
862 1925 2
862 1599 -2
863 1155 -2
863 1301 -2
863 1836 -2
863 1968 2
863 1280 2
863 1622 2
864 885 2
865 1232 -2
865 1917 2
865 1271 -2
865 1640 -2
865 1796 2
865 1986 2
866 1461 2
866 1605 2
866 1854 -2
866 1121 2
866 1819 -2
867 1096 -2
867 1228 2
868 1416 2
868 1528 -2
868 1844 -2
870 1198 2
870 1709 2
870 1858 -2
872 1225 -2
872 1792 -2
872 898 -2
872 1248 -2
873 1607 2
874 909 -2
874 1052 -2
874 1918 -2
875 921 2
876 1282 -2
876 1477 -2
876 946 2
876 1024 2
876 1373 -2
876 1565 2
877 1362 -2
877 1661 2
878 1275 -2
879 910 -2
879 1278 2
880 1518 -2
880 1617 2
880 1801 2
880 1252 2
880 1338 2
880 1416 2
880 1734 2
881 1548 2
881 1927 -2
881 909 -2
881 1265 2
882 1257 -2
882 1732 2
882 1795 -2
882 1221 -2
883 895 2
883 1986 2
883 1535 2
883 941 -2
883 1063 -2
883 1466 -2
883 1627 -2
883 1689 2
886 1828 -2
888 1895 2
888 907 -2
888 952 -2
888 1448 -2
889 1157 -2
889 1584 -2
889 1191 -2
889 1529 -2
889 1581 2
889 1604 -2
889 1763 2
890 1133 -2
890 1829 -2
891 1913 2
891 1082 2
891 1126 -2
892 1241 2
892 1725 -2
892 1922 -2
892 1249 -2
892 1281 2
893 1468 2
893 1869 -2
893 1945 2
894 1870 2
894 1896 2
894 964 -2
894 1311 -2
894 1392 2
895 1986 2
895 977 -2
896 1369 -2
896 1468 -2
897 1003 2
897 1231 2
897 1250 -2
897 1571 -2
897 1910 2
897 1918 2
899 1707 2
901 1340 2
901 1180 2
901 1587 -2
901 1595 2
902 1043 -2
902 1423 -2
902 951 2
902 1301 2
902 1686 -2
903 1982 -2
904 1678 2
904 1742 2
904 1912 2
905 1214 -2
905 1752 -2
905 1128 2
906 1007 2
906 1581 -2
906 932 -2
906 1324 2
906 1431 -2
907 952 -2
907 999 2
907 1208 2
908 1042 2
908 1902 -2
908 1708 -2
909 1918 -2
909 1086 -2
909 1265 -2
909 1492 -2
909 1945 -2
910 1049 2
910 1313 -2
910 1825 2
910 1615 2
911 1356 2
912 1931 2
912 928 -2
912 1064 -2
912 1196 2
912 1631 -2
913 1107 -2
913 1980 2
913 1684 -2
914 1987 -2
914 1177 2
915 1934 -2
915 1048 2
915 1671 2
916 1295 -2
916 1701 -2
916 1115 2
917 939 2
918 1396 -2
918 998 2
918 1946 -2
919 1242 2
919 1685 2
919 1693 2
920 985 -2
920 1268 -2
922 1793 2
922 1805 -2
922 1856 -2
923 1905 2
924 925 -2
924 954 -2
924 1135 -2
924 1686 2
924 1886 2
924 1343 -2
924 1530 2
924 1653 2
924 1771 2
924 1814 -2
925 1117 -2
925 1975 2
925 1860 -2
926 1132 -2
926 1167 2
926 1341 2
926 1658 -2
926 1855 2
926 1072 -2
926 1127 2
926 1790 -2
926 1852 -2
927 1475 -2
928 1508 -2
929 1503 2
929 1781 2
929 1822 -2
930 1033 2
930 1307 -2
931 1146 2
931 1256 2
931 1434 2
932 1171 -2
932 1677 -2
932 1324 -2
933 1592 -2
933 1628 2
933 1947 2
934 958 2
934 1246 2
934 1431 -2
934 1162 2
935 1217 -2
935 1220 2
935 1380 -2
935 1381 2
935 1770 -2
935 1913 2
937 1367 2
938 943 2
938 1193 -2
938 1222 2
938 1834 -2
940 992 2
940 1209 -2
941 975 -2
941 1807 2
942 1995 -2
943 1293 2
944 1096 2
944 1589 2
945 987 2
945 1129 -2
945 1205 2
945 1243 -2
945 1249 2
945 1270 -2
945 1333 2
945 1464 -2
945 1531 2
945 1562 2
947 1093 -2
947 1276 -2
947 1336 2
947 1456 -2
947 1688 -2
948 993 -2
948 1151 2
949 952 2
949 1204 -2
950 1047 2
950 1447 -2
950 1872 -2
951 1452 -2
951 1301 2
951 1686 -2
953 1047 2
954 1084 -2
954 1686 -2
955 1291 2
955 1117 2
956 1218 2
957 1000 -2
957 1068 -2
957 1211 -2
957 1639 -2
958 1438 2
959 1758 2
959 1721 2
959 1737 -2
960 1533 -2
960 1009 -2
961 1687 2
961 1320 2
962 1428 2
962 1668 -2
962 1754 2
962 1908 2
962 1257 -2
964 1311 -2
964 1709 2
965 1066 2
965 1090 -2
965 1815 -2
965 1910 2
966 1674 2
966 1098 2
967 1342 2
967 1705 -2
967 1133 -2
968 1258 2
968 1682 -2
968 1075 2
968 1450 2
969 1579 2
971 1569 -2
971 1315 -2
971 1557 -2
972 1019 -2
973 1216 -2
973 1568 -2
973 1691 2
973 1710 2
973 1614 -2
974 1101 2
974 1156 -2
974 1949 -2
975 1493 2
975 1480 -2
975 1550 -2
976 1985 -2
977 1222 2
977 1574 2
978 1267 -2
979 1002 -2
979 1203 -2
979 1467 -2
980 1488 2
981 1000 -2
981 1765 2
981 1723 -2
981 1787 -2
982 1113 2
982 1860 -2
982 1262 -2
982 1308 -2
982 1361 2
982 1369 2
982 1481 -2
982 1621 -2
982 1991 2
985 1235 -2
985 1309 -2
985 1726 2
985 1744 2
985 1926 2
986 1885 -2
986 1150 -2
986 1558 -2
987 1249 -2
987 1270 2
987 1285 2
987 1466 2
987 1990 -2
987 1423 -2
988 1001 2
988 1005 2
988 1017 -2
988 1729 2
989 1102 -2
989 1909 2
990 1002 -2
990 1091 2
990 1670 2
991 1320 2
991 1784 2
991 1071 2
992 1209 2
994 1567 2
994 1682 -2
994 1875 2
995 1328 -2
995 1032 -2
996 1480 2
996 1807 -2
996 1828 -2
996 1866 -2
997 1314 -2
997 1655 -2
998 1903 -2
998 1946 2
999 1499 2
999 1208 -2
1000 1765 2
1000 1068 2
1000 1211 -2
1000 1639 2
1002 1467 2
1002 1091 2
1002 1670 2
1003 1116 -2
1003 1124 2
1003 1409 2
1003 1710 2
1003 1870 2
1004 1146 2
1004 1410 2
1004 1428 2
1004 1596 2
1005 1017 2
1005 1272 2
1005 1729 2
1006 1637 2
1006 1515 -2
1007 1202 2
1007 1452 -2
1007 1808 -2
1008 1011 -2
1008 1124 -2
1008 1846 -2
1009 1746 2
1009 1843 -2
1010 1303 -2
1011 1124 -2
1011 1450 -2
1011 1531 -2
1012 1219 -2
1012 1952 2
1012 1385 2
1012 1600 -2
1012 1613 2
1013 1043 2
1013 1220 -2
1013 1390 -2
1014 1482 -2
1015 1030 2
1015 1168 2
1015 1557 -2
1015 1046 2
1015 1218 2
1015 1517 2
1016 1033 2
1016 1773 -2
1016 1791 -2
1017 1734 -2
1017 1729 2
1018 1278 -2
1018 1833 2
1018 1666 -2
1019 1406 2
1019 1386 -2
1019 1541 -2
1019 1659 -2
1020 1516 2
1020 1135 -2
1021 1457 -2
1022 1546 -2
1022 1027 2
1022 1049 2
1022 1646 -2
1024 1373 -2
1024 1425 -2
1024 1943 -2
1025 1099 -2
1027 1563 -2
1027 1646 -2
1027 1735 2
1028 1227 2
1029 1323 2
1030 1168 2
1030 1557 -2
1030 1593 -2
1031 1363 -2
1031 1541 2
1031 1819 2
1031 1834 2
1031 1478 -2
1032 1580 -2
1032 1620 2
1033 1483 -2
1033 1307 2
1034 1380 -2
1035 1390 -2
1035 1586 2
1035 1859 2
1035 1184 2
1035 1212 2
1036 1115 2
1036 1418 2
1038 1456 2
1038 1551 -2
1038 1567 -2
1038 1678 2
1038 1226 -2
1038 1483 -2
1038 1798 -2
1039 1449 -2
1040 1697 2
1040 1090 2
1041 1543 -2
1041 1899 -2
1042 1902 -2
1043 1423 2
1043 1390 -2
1044 1892 2
1044 1929 -2
1045 1383 2
1045 1667 -2
1045 1058 2
1046 1630 -2
1046 1183 -2
1046 1218 2
1046 1467 -2
1047 1235 2
1048 1170 2
1049 1313 -2
1049 1825 -2
1050 1058 2
1050 1138 2
1050 1212 -2
1051 1489 -2
1051 1855 2
1052 1070 2
1052 1206 -2
1053 1155 2
1054 1158 -2
1055 1462 -2
1057 1919 -2
1058 1212 2
1058 1549 2
1058 1863 -2
1059 1075 2
1059 1474 -2
1059 1538 -2
1059 1639 -2
1059 1938 2
1059 1497 2
1059 1611 -2
1060 1573 2
1061 1625 -2
1062 1651 -2
1062 1236 2
1063 1466 2
1063 1627 -2
1064 1714 -2
1064 1196 -2
1065 1725 -2
1066 1910 2
1066 1543 -2
1067 1481 -2
1067 1769 -2
1067 1287 -2
1067 1584 -2
1068 1690 -2
1068 1211 2
1069 1961 2
1069 1074 -2
1069 1728 2
1069 1944 -2
1070 1206 -2
1071 1074 2
1071 1160 -2
1072 1997 -2
1072 1127 2
1072 1513 2
1072 1790 -2
1072 1852 2
1075 1450 2
1075 1895 2
1076 1114 2
1076 1458 2
1077 1397 2
1077 1783 -2
1077 1393 2
1078 1817 -2
1078 1384 2
1079 1108 -2
1079 1909 2
1079 1472 2
1079 1545 -2
1080 1652 2
1080 1872 -2
1080 1935 -2
1081 1181 -2
1081 1498 -2
1081 1907 2
1082 1120 2
1083 1263 -2
1083 1339 2
1083 1590 -2
1083 1981 -2
1083 1969 2
1083 1239 -2
1083 1494 -2
1086 1945 2
1087 1111 2
1087 1426 2
1088 1183 -2
1088 1202 -2
1088 1509 2
1088 1517 2
1088 1696 -2
1088 1822 2
1090 1097 2
1091 1251 2
1091 1670 -2
1092 1418 -2
1092 1164 2
1092 1274 2
1092 1774 2
1092 1780 -2
1093 1376 -2
1094 1228 2
1094 1376 -2
1094 1648 2
1094 1886 -2
1095 1636 -2
1095 1656 2
1095 1874 2
1095 1965 2
1095 1778 -2
1099 1208 -2
1100 1207 -2
1100 1238 -2
1100 1970 2
1102 1900 2
1102 1502 -2
1102 1868 2
1102 1909 -2
1103 1996 2
1103 1884 2
1103 1954 -2
1105 1113 -2
1106 1662 2
1108 1227 2
1109 1118 2
1109 1152 -2
1109 1299 2
1109 1532 2
1109 1767 -2
1109 1305 2
1109 1590 2
1109 1716 2
1110 1445 -2
1110 1580 -2
1111 1459 2
1111 1619 2
1112 1191 2
1112 1140 -2
1112 1732 -2
1113 1940 2
1113 1186 2
1114 1169 2
1114 1969 2
1116 1395 -2
1117 1141 -2
1117 1303 2
1117 1330 -2
1117 1975 2
1118 1152 -2
1118 1992 -2
1119 1179 2
1119 1378 2
1119 1994 -2
1119 1663 -2
1120 1801 -2
1121 1819 2
1122 1365 2
1124 1450 -2
1124 1409 2
1124 1710 -2
1124 1870 2
1125 1781 -2
1126 1334 2
1126 1288 -2
1126 1802 2
1127 1513 2
1127 1852 2
1128 1587 2
1128 1673 -2
1129 1243 2
1129 1867 2
1130 1594 -2
1130 1602 2
1130 1296 -2
1131 1139 2
1131 1830 2
1132 1167 -2
1132 1658 2
1134 1424 2
1134 1752 2
1135 1444 2
1135 1886 2
1137 1789 -2
1137 1743 -2
1140 1425 -2
1140 1600 -2
1140 1742 2
1140 1294 2
1140 1732 2
1141 1303 2
1141 1327 2
1142 1184 2
1142 1193 2
1142 1663 -2
1143 1356 2
1143 1358 2
1143 1863 2
1144 1148 2
1144 1417 -2
1145 1159 2
1145 1304 -2
1146 1256 -2
1146 1649 -2
1147 1402 -2
1147 1454 2
1147 1591 -2
1147 1786 2
1147 1951 -2
1148 1932 2
1149 1415 2
1150 1558 -2
1150 1773 2
1151 1199 2
1152 1767 -2
1153 1651 -2
1154 1373 -2
1154 1761 2
1155 1968 -2
1156 1563 -2
1156 1687 -2
1157 1232 -2
1157 1240 -2
1157 1302 -2
1157 1514 -2
1158 1929 -2
1159 1662 2
1159 1981 -2
1160 1805 2
1162 1749 -2
1162 1923 -2
1163 1355 -2
1163 1618 2
1163 1812 -2
1164 1277 2
1164 1780 -2
1165 1197 -2
1165 1744 -2
1165 1554 -2
1166 1667 -2
1167 1658 -2
1167 1291 -2
1167 1351 -2
1168 1557 2
1169 1313 2
1169 1960 2
1171 1999 2
1171 1677 2
1171 1516 -2
1173 1680 2
1174 1522 -2
1175 1722 -2
1175 1570 -2
1176 1260 -2
1176 1476 2
1176 1495 2
1178 1297 2
1178 1322 2
1178 1599 -2
1179 1663 2
1179 1944 2
1179 1711 2
1180 1988 -2
1181 1368 -2
1181 1775 -2
1181 1838 -2
1181 1934 2
1183 1517 -2
1183 1467 -2
1185 1884 -2
1186 1669 -2
1186 1399 -2
1187 1329 2
1188 1718 2
1191 1570 2
1191 1529 2
1192 1401 2
1192 1937 2
1194 1854 2
1195 1776 2
1196 1638 -2
1197 1744 2
1198 1709 -2
1199 1634 2
1199 1675 -2
1200 1747 2
1200 1882 2
1201 1281 -2
1201 1318 -2
1201 1998 2
1202 1509 -2
1202 1808 2
1203 1237 2
1204 1321 -2
1204 1295 2
1205 1333 -2
1205 1562 2
1206 1251 2
1206 1348 2
1206 1382 2
1206 1741 2
1207 1238 2
1207 1707 2
1209 1469 2
1209 1631 -2
1210 1305 -2
1211 1601 -2
1213 1708 -2
1213 1912 -2
1214 1312 2
1214 1576 2
1214 1435 2
1215 1317 -2
1216 1568 -2
1216 1648 -2
1216 1691 2
1217 1220 2
1217 1770 -2
1218 1517 2
1219 1952 -2
1220 1380 2
1220 1493 2
1222 1522 -2
1222 1626 -2
1223 1233 -2
1223 1430 -2
1225 1274 -2
1225 1792 2
1226 1471 2
1226 1748 -2
1228 1376 2
1228 1255 -2
1229 1300 2
1229 1484 -2
1229 1383 -2
1229 1962 -2
1230 1440 -2
1231 1508 2
1231 1612 -2
1231 1739 2
1231 1865 2
1231 1571 2
1232 1917 2
1232 1260 2
1233 1791 2
1233 1893 2
1234 1485 -2
1235 1309 2
1235 1726 2
1236 1675 -2
1238 1821 -2
1239 1433 2
1239 1494 -2
1240 1720 -2
1240 1302 -2
1240 1514 2
1241 1952 -2
1242 1569 2
1242 1835 2
1243 1531 -2
1243 1328 2
1243 1951 2
1244 1739 2
1245 1261 2
1245 1297 -2
1245 1598 -2
1245 1608 2
1245 1817 2
1246 1699 -2
1246 1877 2
1247 1359 2
1248 1593 -2
1249 1464 2
1250 1729 2
1250 1918 -2
1251 1826 -2
1251 1741 2
1252 1338 2
1252 1416 2
1252 1496 -2
1252 1734 2
1252 1977 -2
1253 1288 -2
1253 1492 -2
1254 1462 2
1254 1755 2
1254 1901 -2
1255 1514 -2
1256 1649 2
1257 1732 -2
1257 1795 -2
1258 1682 -2
1258 1381 2
1259 1470 2
1259 1793 2
1260 1476 2
1261 1362 2
1261 1297 -2
1261 1608 -2
1261 1609 -2
1261 1817 -2
1262 1501 -2
1262 1308 -2
1262 1361 2
1262 1369 -2
1262 1441 2
1262 1572 -2
1262 1745 -2
1263 1969 2
1264 1779 -2
1265 1561 -2
1265 1492 2
1266 1605 2
1266 1767 -2
1268 1276 -2
1268 1964 -2
1269 1420 -2
1269 1387 2
1269 1650 -2
1270 1285 -2
1270 1466 -2
1274 1766 2
1274 1774 2
1275 1511 2
1278 1833 2
1278 1974 -2
1278 1400 2
1279 1808 -2
1279 1857 -2
1280 1622 2
1281 1318 2
1281 1284 -2
1281 1430 2
1281 1454 -2
1281 1455 2
1281 1695 2
1282 1961 -2
1283 1637 2
1284 1421 -2
1284 1645 2
1284 1430 2
1285 1466 -2
1286 1326 -2
1286 1947 2
1287 1584 2
1288 1492 -2
1288 1861 -2
1288 1342 -2
1288 1802 -2
1289 1984 2
1289 1500 -2
1289 1601 2
1291 1351 2
1292 1881 2
1293 1679 -2
1294 1413 -2
1294 1604 2
1294 1939 -2
1295 1701 -2
1295 1894 -2
1297 1322 -2
1297 1599 2
1298 1520 -2
1298 1635 -2
1300 1484 -2
1300 1690 -2
1300 1862 -2
1301 1836 -2
1301 1686 2
1302 1513 -2
1303 1391 -2
1304 1345 2
1305 1716 2
1306 1556 -2
1306 1683 2
1307 1536 -2
1308 1361 2
1308 1441 2
1308 1572 -2
1308 1621 -2
1309 1877 2
1309 1744 -2
1311 1709 2
1312 1358 -2
1312 1576 2
1313 1960 2
1314 1582 -2
1315 1557 2
1317 1921 -2
1317 1372 -2
1317 1911 2
1319 1643 2
1320 1784 2
1321 1757 -2
1321 1803 -2
1322 1784 2
1323 1763 -2
1324 1901 2
1326 1670 -2
1326 1882 -2
1326 1823 -2
1326 1876 -2
1327 1332 -2
1328 1992 2
1328 1683 2
1328 1983 -2
1328 1378 -2
1328 1951 -2
1330 1987 -2
1331 1875 -2
1331 1883 -2
1332 1702 2
1332 1849 -2
1333 1562 -2
1334 1436 2
1336 1731 -2
1336 1688 -2
1336 1821 -2
1339 1590 -2
1339 1841 -2
1339 1586 -2
1341 1855 2
1341 1349 2
1343 1971 2
1343 1530 -2
1343 1653 -2
1344 1526 -2
1344 1700 2
1344 1878 -2
1345 1393 -2
1346 1727 2
1348 1438 2
1348 1382 2
1349 1489 -2
1349 1964 -2
1350 1511 -2
1350 1618 -2
1352 1447 -2
1352 1544 2
1353 1664 -2
1354 1491 2
1355 1618 -2
1355 1812 -2
1356 1572 -2
1356 1358 -2
1356 1863 2
1358 1863 2
1359 1443 -2
1362 1661 -2
1363 1541 -2
1363 1623 2
1363 1834 -2
1365 1377 -2
1366 1829 -2
1369 1726 2
1369 1481 -2
1369 1641 -2
1370 1501 2
1371 1387 -2
1371 1507 -2
1371 1699 -2
1372 1649 2
1372 1911 2
1373 1565 2
1373 1943 -2
1374 1717 2
1374 1634 -2
1374 1635 -2
1375 1664 -2
1375 1555 -2
1377 1994 -2
1377 1510 2
1378 1994 -2
1378 1983 2
1379 1547 -2
1379 1704 -2
1383 1667 2
1383 1962 -2
1384 1540 2
1385 1600 -2
1386 1689 -2
1386 1777 2
1386 1541 2
1387 1507 2
1387 1699 -2
1387 1846 2
1387 1650 2
1387 1919 2
1388 1750 -2
1388 1853 2
1388 1556 2
1389 1451 -2
1389 1660 -2
1391 1764 2
1394 1712 -2
1394 1753 2
1394 1592 -2
1395 1578 2
1398 1417 -2
1398 1914 -2
1399 1507 -2
1401 1937 2
1402 1951 -2
1402 1474 -2
1403 1720 -2
1405 1558 2
1405 1835 -2
1405 1958 2
1408 1424 2
1409 1949 2
1409 1710 -2
1410 1428 2
1410 1596 2
1410 1853 2
1411 1864 2
1413 1604 -2
1413 1871 2
1413 1939 -2
1413 1693 -2
1414 1654 2
1414 1963 -2
1415 1713 2
1415 1924 -2
1416 1734 2
1417 1914 -2
1417 1446 2
1419 1512 -2
1420 1731 2
1420 1800 -2
1422 1525 -2
1422 1659 -2
1422 1706 2
1422 1876 2
1424 1814 -2
1425 1600 -2
1425 1742 2
1426 1799 -2
1426 1560 2
1426 1617 2
1426 1826 -2
1427 1695 -2
1427 1488 2
1427 1657 2
1428 1754 2
1428 1973 2
1428 1596 2
1428 1853 -2
1429 1540 2
1429 1704 -2
1430 1454 2
1433 1911 2
1433 1523 2
1434 1539 2
1436 1799 -2
1439 1722 -2
1440 1905 -2
1440 1549 2
1441 1572 2
1441 1745 -2
1443 1904 2
1444 1606 2
1444 1668 2
1446 1797 -2
1446 1816 -2
1446 1538 -2
1447 1872 2
1448 1496 2
1449 1873 -2
1449 1809 -2
1454 1552 2
1454 1455 2
1455 1695 -2
1456 1567 2
1456 1678 -2
1458 1688 2
1458 1889 -2
1461 1605 2
1463 1583 -2
1465 1833 2
1468 1665 -2
1468 1869 -2
1470 1982 -2
1472 1545 -2
1473 1786 -2
1474 1639 -2
1475 1611 2
1475 1845 2
1476 1806 2
1477 1562 2
1477 1638 2
1479 1847 -2
1480 1807 2
1480 1828 2
1480 1866 -2
1480 1550 2
1481 1769 2
1481 1641 2
1481 1754 -2
1481 1991 -2
1482 1591 -2
1483 1798 -2
1484 1525 -2
1485 1746 -2
1485 1887 -2
1486 1728 2
1486 1597 -2
1489 1964 2
1489 1855 -2
1496 1977 -2
1497 1611 2
1500 1972 -2
1502 1868 -2
1503 1822 2
1504 1972 2
1506 1519 2
1506 1712 2
1507 1764 -2
1508 1739 2
1508 1865 2
1511 1618 -2
1511 1818 2
1512 1632 -2
1513 1997 -2
1515 1938 -2
1517 1696 2
1520 1635 -2
1520 1740 2
1520 1633 2
1522 1626 2
1524 1632 2
1524 1966 -2
1525 1659 -2
1525 1876 2
1532 1692 2
1534 1906 2
1536 1542 2
1536 1950 2
1538 1938 2
1538 1943 2
1541 1659 -2
1542 1950 2
1545 1768 2
1546 1745 2
1546 1753 -2
1547 1704 -2
1547 1925 2
1547 1574 -2
1549 1863 -2
1550 1852 -2
1552 1701 2
1555 1640 2
1562 1638 -2
1563 1735 2
1566 1898 -2
1567 1733 -2
1571 1910 2
1573 1655 2
1573 1811 -2
1575 1832 2
1575 1948 2
1577 1660 2
1577 1939 2
1578 1719 2
1579 1848 -2
1581 1604 -2
1585 1603 -2
1586 1859 -2
1587 1595 2
1590 1841 2
1591 1786 2
1592 1947 -2
1596 1772 -2
1597 1993 2
1598 1782 2
1600 1742 -2
1603 1907 2
1604 1871 2
1604 1939 2
1604 1763 -2
1606 1625 -2
1606 1668 -2
1608 1730 -2
1608 1867 -2
1608 1817 -2
1610 1702 2
1612 1633 -2
1614 1850 -2
1617 1801 -2
1617 1826 -2
1629 1890 2
1634 1675 2
1636 1656 2
1638 1942 -2
1640 1986 -2
1640 1796 2
1641 1754 -2
1642 1779 -2
1642 1889 -2
1643 1705 -2
1644 1843 -2
1646 1698 2
1646 1751 2
1646 1916 -2
1648 1999 2
1650 1919 -2
1652 1872 2
1653 1771 2
1655 1811 2
1656 1874 -2
1656 1888 -2
1659 1706 -2
1660 1939 2
1663 1944 2
1668 1908 -2
1670 1882 -2
1671 1733 -2
1671 1971 2
1676 1920 2
1677 1933 2
1678 1912 2
1682 1875 2
1683 1992 2
1684 1948 -2
1684 1970 -2
1685 1783 -2
1689 1777 -2
1691 1710 2
1691 1716 2
1700 1878 2
1701 1894 2
1702 1849 2
1704 1925 -2
1706 1931 -2
1710 1716 -2
1711 1995 -2
1712 1753 2
1713 1737 2
1713 1924 -2
1715 1966 -2
1721 1737 -2
1724 1809 -2
1726 1796 -2
1727 1973 2
1728 1944 2
1730 1867 2
1731 1935 2
1732 1795 -2
1733 1820 2
1736 1892 2
1739 1865 -2
1739 1976 2
1742 1953 -2
1746 1787 -2
1746 1843 2
1746 1887 -2
1747 1922 2
1749 1923 2
1750 1853 -2
1755 1797 -2
1757 1957 2
1757 1803 2
1758 1965 -2
1759 1813 -2
1767 1930 2
1779 1889 -2
1782 1902 -2
1783 1950 2
1783 1958 2
1796 1986 -2
1801 1848 -2
1802 1851 2
1802 1967 2
1807 1828 2
1819 1926 2
1828 1866 2
1830 1880 -2
1832 1948 -2
1833 1974 2
1838 1934 -2
1850 1928 -2
1864 1996 -2
1870 1896 -2
1874 1888 -2
1880 1941 -2
1880 1916 2
1881 1955 -2
1884 1996 -2
1884 1954 2
1885 1941 2
1904 1921 2
1938 1943 2
1948 1970 2
1950 1958 2
1954 1996 -2
1965 1984 2
1971 1975 -2
0 0 -15
1 1 1
2 2 10
3 3 -11
4 4 22
7 7 1
8 8 -6
9 9 16
10 10 -8
11 11 -9
12 12 8
13 13 7
14 14 1
15 15 -4
16 16 -9
17 17 -3
18 18 -6
20 20 5
21 21 -5
22 22 -3
23 23 -1
24 24 3
25 25 4
26 26 1
27 27 -1
28 28 -1
29 29 -14
30 30 3
31 31 -4
33 33 3
34 34 -16
35 35 8
36 36 -5
37 37 9
38 38 -10
39 39 1
40 40 4
41 41 -2
42 42 1
43 43 -5
44 44 7
45 45 -8
46 46 -12
47 47 7
48 48 -1
49 49 -5
50 50 -4
52 52 4
53 53 -4
54 54 2
55 55 11
56 56 2
57 57 10
58 58 18
59 59 8
60 60 -9
61 61 1
62 62 -6
63 63 -2
64 64 -10
65 65 -2
66 66 -15
67 67 -2
68 68 4
69 69 -5
70 70 6
71 71 -10
72 72 2
73 73 4
74 74 4
75 75 -4
78 78 5
80 80 -10
81 81 -1
83 83 -5
84 84 -7
85 85 -3
87 87 18
88 88 2
89 89 5
90 90 -6
91 91 -9
92 92 1
93 93 -7
94 94 -6
95 95 6
96 96 -8
97 97 -3
98 98 -9
99 99 3
101 101 17
102 102 3
103 103 7
104 104 1
105 105 2
106 106 1
107 107 4
108 108 3
110 110 3
111 111 5
112 112 14
113 113 -1
114 114 10
115 115 4
116 116 -11
117 117 -3
118 118 10
119 119 4
120 120 4
121 121 -10
122 122 7
123 123 -3
124 124 -1
125 125 -6
126 126 7
127 127 3
128 128 -2
130 130 5
131 131 -5
132 132 -2
133 133 -1
134 134 1
135 135 -8
136 136 -4
138 138 -2
139 139 1
140 140 9
141 141 -4
142 142 -1
143 143 -1
144 144 -2
145 145 5
146 146 -2
147 147 4
148 148 -2
149 149 1
150 150 -8
151 151 2
152 152 -5
153 153 -8
154 154 4
155 155 -4
156 156 -5
157 157 7
158 158 -3
159 159 -8
160 160 5
161 161 3
162 162 3
163 163 -1
164 164 1
165 165 -7
167 167 -3
168 168 6
170 170 -3
171 171 -3
172 172 3
173 173 -3
174 174 3
175 175 -13
176 176 3
177 177 2
178 178 -1
179 179 1
180 180 -3
181 181 5
182 182 3
183 183 -1
184 184 -5
186 186 -3
187 187 -1
188 188 -7
189 189 6
190 190 -5
192 192 4
193 193 -6
195 195 -10
196 196 -4
197 197 -3
198 198 1
199 199 -1
201 201 3
202 202 6
203 203 -4
204 204 3
205 205 11
206 206 3
207 207 4
208 208 -9
209 209 -7
210 210 3
211 211 -2
212 212 -2
214 214 3
215 215 -4
216 216 4
217 217 8
218 218 3
219 219 -1
220 220 -1
221 221 -12
222 222 -4
223 223 5
225 225 2
227 227 1
228 228 6
229 229 -5
230 230 5
231 231 6
232 232 2
233 233 -2
234 234 3
236 236 8
237 237 2
238 238 -3
239 239 2
240 240 1
241 241 3
242 242 2
243 243 1
244 244 -1
245 245 10
247 247 -2
248 248 -6
249 249 2
250 250 -5
251 251 5
252 252 -2
253 253 -3
254 254 -1
255 255 4
256 256 9
258 258 -1
259 259 -4
260 260 -3
261 261 -3
262 262 -2
263 263 1
264 264 -3
266 266 1
267 267 7
268 268 -1
269 269 -9
270 270 2
271 271 4
272 272 4
273 273 1
274 274 1
275 275 -6
276 276 1
277 277 -2
278 278 1
279 279 -2
281 281 1
282 282 4
283 283 1
284 284 -1
285 285 -6
286 286 -1
287 287 -8
288 288 4
289 289 -1
290 290 9
292 292 -1
293 293 1
294 294 2
295 295 3
297 297 -5
298 298 -5
299 299 -4
300 300 -1
301 301 -2
302 302 -2
303 303 -2
305 305 -6
306 306 -3
308 308 6
309 309 -1
310 310 6
311 311 6
312 312 -3
313 313 4
314 314 -2
315 315 6
317 317 2
318 318 4
319 319 1
320 320 1
321 321 -2
322 322 -1
323 323 -3
324 324 -3
325 325 -1
326 326 -2
327 327 -1
328 328 3
329 329 1
330 330 -8
331 331 -4
332 332 -1
333 333 5
334 334 8
335 335 5
336 336 -4
337 337 -1
338 338 5
339 339 -2
340 340 3
341 341 -3
342 342 -5
343 343 -4
344 344 -1
345 345 1
346 346 -3
348 348 7
350 350 -1
351 351 3
352 352 4
353 353 2
354 354 -1
355 355 -4
356 356 -1
357 357 -1
358 358 4
359 359 3
360 360 5
362 362 5
363 363 3
364 364 -5
366 366 5
367 367 2
368 368 -2
369 369 -5
370 370 -7
371 371 1
372 372 5
373 373 -6
374 374 -2
375 375 5
377 377 5
378 378 2
379 379 -2
380 380 7
381 381 9
382 382 1
383 383 3
384 384 -2
385 385 -3
386 386 8
387 387 4
388 388 1
389 389 3
391 391 1
392 392 -1
393 393 6
395 395 2
396 396 1
398 398 2
399 399 -4
400 400 2
401 401 7
402 402 6
403 403 -1
404 404 -1
405 405 4
406 406 -4
407 407 -2
408 408 -1
409 409 -2
410 410 1
411 411 5
412 412 8
414 414 -3
416 416 -5
417 417 -6
418 418 7
419 419 -1
420 420 5
421 421 1
423 423 2
424 424 -5
425 425 -2
426 426 -3
427 427 -2
429 429 5
430 430 -4
431 431 1
433 433 2
434 434 -2
435 435 7
436 436 -5
437 437 -4
438 438 -1
439 439 3
442 442 2
443 443 -3
444 444 2
445 445 4
446 446 -1
447 447 -1
448 448 3
449 449 3
450 450 -2
451 451 1
452 452 3
453 453 1
455 455 3
456 456 -6
457 457 3
458 458 -1
459 459 3
460 460 -11
462 462 -3
463 463 -7
464 464 3
465 465 -6
469 469 1
470 470 3
471 471 2
472 472 -1
473 473 -2
474 474 3
476 476 2
478 478 -5
479 479 -1
481 481 -7
482 482 4
483 483 2
484 484 2
485 485 -4
486 486 -4
491 491 -4
492 492 4
493 493 -3
494 494 3
495 495 -1
496 496 2
497 497 -3
498 498 2
499 499 -2
500 500 -4
501 501 -2
502 502 1
503 503 5
504 504 2
505 505 -4
506 506 -3
507 507 11
508 508 -3
509 509 3
510 510 -3
511 511 1
512 512 -2
513 513 -3
515 515 -5
516 516 -7
517 517 -1
518 518 -3
519 519 -1
520 520 -5
521 521 -3
522 522 4
523 523 5
524 524 -2
525 525 1
526 526 -1
527 527 1
528 528 -1
529 529 -3
530 530 -4
531 531 -2
532 532 1
533 533 -4
534 534 -6
535 535 1
536 536 6
537 537 -4
538 538 -2
539 539 -2
540 540 -3
541 541 1
542 542 -5
543 543 1
544 544 4
545 545 -4
546 546 -5
547 547 -2
548 548 -3
549 549 -2
550 550 -1
551 551 4
552 552 -4
554 554 2
555 555 2
556 556 1
557 557 -3
558 558 -1
560 560 -2
561 561 1
562 562 -4
563 563 -4
564 564 5
565 565 -3
566 566 -3
567 567 2
568 568 1
569 569 2
570 570 -1
571 571 -5
572 572 -5
573 573 1
574 574 4
575 575 3
576 576 5
577 577 1
578 578 -5
579 579 -1
580 580 -3
581 581 3
582 582 -4
583 583 1
585 585 -3
586 586 1
588 588 -1
589 589 1
590 590 4
591 591 5
592 592 1
593 593 -4
594 594 5
596 596 -1
597 597 1
598 598 4
599 599 -8
600 600 1
601 601 4
602 602 2
603 603 4
604 604 2
605 605 1
606 606 4
607 607 5
608 608 2
609 609 -4
610 610 -6
611 611 1
612 612 -3
613 613 -1
615 615 -2
616 616 2
617 617 -5
618 618 2
620 620 5
621 621 -8
622 622 -3
623 623 1
624 624 -4
625 625 -6
626 626 2
627 627 1
628 628 -1
629 629 2
630 630 5
631 631 -1
633 633 1
634 634 -1
635 635 -2
637 637 2
639 639 5
640 640 6
641 641 -1
642 642 -2
643 643 7
644 644 3
645 645 -1
646 646 2
647 647 1
648 648 2
649 649 1
650 650 10
651 651 -1
652 652 -3
653 653 -2
654 654 4
655 655 2
656 656 -3
657 657 -2
659 659 -6
660 660 2
661 661 -2
662 662 -2
663 663 5
664 664 1
665 665 1
667 667 4
668 668 -2
669 669 2
670 670 6
671 671 3
672 672 -4
673 673 -2
674 674 -2
675 675 -1
676 676 -7
677 677 -2
678 678 -3
679 679 5
680 680 -1
681 681 -1
682 682 1
683 683 -3
685 685 4
686 686 2
687 687 -3
689 689 -3
690 690 -3
691 691 -1
692 692 3
693 693 5
694 694 -2
695 695 5
696 696 1
698 698 6
699 699 1
700 700 -3
701 701 1
703 703 -4
704 704 -5
705 705 -2
707 707 -3
708 708 6
709 709 1
710 710 -2
711 711 5
712 712 -3
713 713 -1
714 714 7
715 715 -4
717 717 -1
718 718 -9
719 719 3
720 720 3
721 721 6
722 722 2
723 723 -1
724 724 3
725 725 3
726 726 -1
727 727 3
728 728 -3
730 730 -2
731 731 -4
732 732 1
733 733 2
734 734 6
735 735 1
736 736 2
737 737 3
739 739 -3
740 740 2
741 741 -1
742 742 2
743 743 2
744 744 4
745 745 2
746 746 -7
748 748 1
749 749 1
751 751 1
752 752 -7
753 753 1
754 754 -2
755 755 3
756 756 -2
757 757 -2
758 758 1
759 759 -4
760 760 -2
761 761 1
762 762 2
763 763 -2
764 764 -5
765 765 -1
766 766 3
767 767 1
768 768 -4
769 769 -1
770 770 1
771 771 -5
773 773 -4
774 774 5
778 778 1
779 779 2
780 780 1
781 781 -2
782 782 -6
783 783 2
785 785 4
787 787 1
788 788 3
789 789 4
790 790 2
791 791 -2
792 792 3
793 793 -2
794 794 -1
795 795 3
796 796 5
797 797 -1
798 798 -3
799 799 -3
800 800 1
801 801 -4
802 802 3
803 803 -1
804 804 4
805 805 -3
806 806 -4
807 807 -1
808 808 -2
809 809 6
810 810 -5
811 811 1
813 813 -2
814 814 -5
815 815 -3
816 816 -5
817 817 5
818 818 -5
819 819 -3
821 821 -3
822 822 -1
823 823 -2
824 824 1
825 825 -4
826 826 1
827 827 -3
828 828 4
830 830 2
833 833 1
834 834 1
836 836 -1
837 837 -6
838 838 -6
839 839 -4
840 840 -1
841 841 -2
842 842 -3
843 843 2
844 844 -1
846 846 -2
847 847 4
848 848 -2
849 849 5
850 850 2
851 851 3
854 854 -5
855 855 1
856 856 2
858 858 -4
859 859 -4
861 861 3
862 862 -1
864 864 -3
866 866 1
867 867 2
868 868 -1
870 870 -1
871 871 4
872 872 6
873 873 1
874 874 3
875 875 1
877 877 4
878 878 1
879 879 -2
880 880 -3
882 882 4
883 883 -4
884 884 -2
885 885 -2
886 886 5
887 887 -1
888 888 2
889 889 1
890 890 2
891 891 -1
892 892 1
893 893 -5
894 894 -3
899 899 -1
900 900 2
901 901 -2
902 902 3
903 903 3
904 904 1
905 905 1
906 906 5
907 907 -1
908 908 3
909 909 9
910 910 4
911 911 2
912 912 1
913 913 -3
914 914 -4
915 915 2
916 916 1
917 917 -3
918 918 -1
919 919 -1
920 920 2
921 921 -4
923 923 -3
924 924 2
925 925 -1
926 926 3
927 927 5
928 928 3
929 929 -1
930 930 2
931 931 -3
932 932 5
933 933 -3
934 934 -2
935 935 2
937 937 1
939 939 -6
942 942 -1
943 943 -3
944 944 -4
945 945 -2
947 947 5
948 948 4
949 949 2
950 950 3
952 952 2
953 953 1
954 954 2
956 956 3
957 957 4
958 958 -1
960 960 4
962 962 3
963 963 2
964 964 -2
965 965 2
966 966 -4
967 967 1
968 968 -2
969 969 1
971 971 1
972 972 1
973 973 -3
974 974 3
975 975 7
976 976 5
978 978 5
979 979 3
980 980 -1
981 981 4
982 982 1
983 983 -2
985 985 -1
986 986 5
989 989 -2
990 990 -3
991 991 -1
992 992 -2
993 993 2
994 994 -3
995 995 2
996 996 2
998 998 -2
999 999 2
1000 1000 2
1001 1001 -2
1002 1002 1
1003 1003 -3
1004 1004 -6
1005 1005 -3
1006 1006 2
1008 1008 4
1010 1010 1
1011 1011 5
1012 1012 -3
1013 1013 -1
1014 1014 -1
1016 1016 1
1017 1017 -4
1018 1018 3
1019 1019 2
1020 1020 2
1021 1021 -1
1022 1022 -2
1023 1023 -2
1024 1024 3
1025 1025 1
1026 1026 2
1027 1027 1
1028 1028 -3
1029 1029 -1
1030 1030 1
1031 1031 3
1033 1033 -6
1034 1034 -1
1035 1035 -5
1036 1036 -5
1038 1038 7
1039 1039 1
1040 1040 -2
1042 1042 1
1043 1043 2
1044 1044 -2
1045 1045 1
1046 1046 4
1047 1047 -3
1048 1048 1
1050 1050 -3
1052 1052 1
1053 1053 -5
1054 1054 -1
1055 1055 3
1057 1057 1
1058 1058 -3
1059 1059 5
1060 1060 1
1064 1064 2
1065 1065 3
1067 1067 4
1068 1068 4
1070 1070 -5
1071 1071 2
1072 1072 -1
1073 1073 -2
1074 1074 2
1075 1075 -4
1076 1076 -1
1077 1077 -1
1080 1080 5
1081 1081 3
1082 1082 -1
1083 1083 3
1084 1084 2
1085 1085 -2
1086 1086 2
1087 1087 -4
1088 1088 -2
1089 1089 -2
1090 1090 1
1092 1092 -1
1093 1093 3
1094 1094 -4
1095 1095 -1
1097 1097 -2
1098 1098 -3
1099 1099 3
1100 1100 5
1101 1101 -2
1102 1102 2
1103 1103 -2
1104 1104 -2
1105 1105 3
1106 1106 -1
1108 1108 -1
1109 1109 -2
1110 1110 4
1111 1111 -2
1112 1112 3
1115 1115 -4
1116 1116 -2
1117 1117 -2
1120 1120 1
1121 1121 -1
1122 1122 -3
1123 1123 4
1125 1125 4
1126 1126 -1
1127 1127 -4
1130 1130 -1
1131 1131 -4
1132 1132 2
1134 1134 -4
1136 1136 -5
1137 1137 -2
1138 1138 -2
1139 1139 -2
1140 1140 3
1141 1141 -2
1142 1142 1
1143 1143 -5
1144 1144 -2
1145 1145 2
1147 1147 -3
1148 1148 -1
1149 1149 5
1151 1151 -5
1152 1152 3
1153 1153 1
1155 1155 3
1156 1156 2
1157 1157 8
1158 1158 3
1160 1160 -3
1162 1162 -2
1163 1163 1
1165 1165 7
1166 1166 3
1167 1167 3
1168 1168 -5
1170 1170 2
1171 1171 -1
1172 1172 4
1173 1173 1
1174 1174 1
1175 1175 2
1176 1176 3
1177 1177 -4
1178 1178 -3
1179 1179 -3
1180 1180 -3
1181 1181 4
1182 1182 -2
1183 1183 4
1185 1185 1
1186 1186 -2
1188 1188 1
1190 1190 -3
1192 1192 -6
1193 1193 -2
1194 1194 3
1195 1195 -5
1196 1196 1
1197 1197 -1
1198 1198 5
1199 1199 -4
1201 1201 1
1202 1202 4
1203 1203 -1
1204 1204 3
1207 1207 -2
1208 1208 -2
1210 1210 4
1211 1211 5
1213 1213 6
1214 1214 -1
1215 1215 4
1216 1216 -1
1217 1217 4
1218 1218 -7
1219 1219 3
1220 1220 -6
1221 1221 -3
1222 1222 1
1224 1224 2
1226 1226 2
1227 1227 -4
1228 1228 -4
1229 1229 5
1230 1230 -3
1231 1231 -1
1233 1233 2
1234 1234 5
1235 1235 -2
1236 1236 1
1237 1237 -4
1238 1238 1
1239 1239 2
1240 1240 1
1241 1241 1
1242 1242 -2
1243 1243 -1
1244 1244 1
1245 1245 -3
1246 1246 -2
1247 1247 1
1248 1248 5
1249 1249 1
1250 1250 4
1251 1251 -2
1252 1252 -1
1254 1254 3
1255 1255 5
1256 1256 -3
1257 1257 7
1258 1258 -4
1259 1259 2
1260 1260 -1
1261 1261 1
1262 1262 7
1263 1263 2
1264 1264 -3
1265 1265 4
1266 1266 -2
1267 1267 6
1268 1268 4
1269 1269 1
1270 1270 -2
1272 1272 -4
1273 1273 -1
1274 1274 -6
1275 1275 -1
1276 1276 2
1277 1277 -4
1278 1278 -1
1279 1279 4
1280 1280 -3
1281 1281 -2
1282 1282 2
1283 1283 -2
1284 1284 -3
1285 1285 3
1286 1286 -4
1287 1287 -3
1288 1288 6
1289 1289 -2
1291 1291 1
1293 1293 -3
1294 1294 -1
1295 1295 4
1296 1296 2
1297 1297 -2
1298 1298 2
1299 1299 -4
1300 1300 1
1301 1301 -2
1302 1302 3
1303 1303 1
1304 1304 2
1305 1305 -3
1306 1306 -2
1307 1307 1
1308 1308 4
1310 1310 4
1311 1311 -3
1312 1312 -1
1313 1313 1
1314 1314 5
1315 1315 -1
1316 1316 2
1317 1317 1
1318 1318 -2
1319 1319 -3
1320 1320 -2
1321 1321 2
1322 1322 -5
1323 1323 3
1324 1324 3
1326 1326 4
1327 1327 1
1328 1328 -1
1329 1329 -2
1330 1330 2
1331 1331 4
1333 1333 -3
1334 1334 -4
1335 1335 -2
1336 1336 1
1339 1339 5
1340 1340 -4
1341 1341 -4
1342 1342 4
1343 1343 5
1344 1344 1
1345 1345 -5
1346 1346 1
1347 1347 -4
1348 1348 -6
1350 1350 2
1351 1351 -2
1353 1353 1
1354 1354 -3
1355 1355 2
1356 1356 -1
1358 1358 1
1359 1359 -1
1360 1360 -3
1361 1361 -4
1362 1362 1
1363 1363 1
1365 1365 1
1366 1366 -1
1367 1367 -2
1368 1368 2
1369 1369 -1
1370 1370 -1
1371 1371 9
1372 1372 -4
1373 1373 2
1374 1374 1
1375 1375 2
1376 1376 4
1377 1377 2
1378 1378 2
1380 1380 2
1382 1382 -2
1384 1384 -1
1385 1385 2
1386 1386 -1
1387 1387 1
1388 1388 1
1389 1389 2
1390 1390 4
1391 1391 1
1392 1392 2
1394 1394 -3
1395 1395 3
1396 1396 -4
1397 1397 -2
1398 1398 2
1399 1399 4
1400 1400 -6
1401 1401 -1
1402 1402 4
1403 1403 -3
1405 1405 -3
1406 1406 -6
1408 1408 -1
1409 1409 -5
1410 1410 -1
1411 1411 2
1412 1412 3
1413 1413 6
1414 1414 2
1415 1415 -4
1416 1416 -7
1418 1418 -4
1419 1419 5
1420 1420 2
1422 1422 2
1423 1423 2
1424 1424 1
1426 1426 -6
1427 1427 -1
1428 1428 -4
1429 1429 3
1430 1430 -4
1433 1433 -4
1434 1434 1
1435 1435 -4
1436 1436 1
1437 1437 2
1438 1438 -4
1439 1439 1
1441 1441 -4
1442 1442 2
1443 1443 -1
1446 1446 1
1447 1447 -1
1448 1448 3
1449 1449 2
1450 1450 -2
1451 1451 -4
1453 1453 -1
1454 1454 -2
1455 1455 -1
1456 1456 -2
1457 1457 -2
1458 1458 -6
1459 1459 -6
1461 1461 1
1463 1463 1
1465 1465 -1
1466 1466 2
1468 1468 4
1469 1469 -6
1470 1470 3
1471 1471 -2
1472 1472 -1
1473 1473 3
1474 1474 5
1476 1476 -3
1477 1477 -2
1479 1479 3
1480 1480 -4
1481 1481 2
1482 1482 3
1483 1483 3
1484 1484 1
1485 1485 2
1486 1486 2
1487 1487 2
1488 1488 2
1489 1489 4
1492 1492 4
1493 1493 -2
1494 1494 4
1495 1495 -4
1496 1496 5
1497 1497 -1
1498 1498 1
1499 1499 -4
1500 1500 3
1501 1501 -2
1502 1502 3
1503 1503 -1
1504 1504 -1
1505 1505 2
1507 1507 1
1509 1509 2
1511 1511 -2
1512 1512 1
1513 1513 -2
1514 1514 2
1515 1515 3
1516 1516 4
1517 1517 -5
1518 1518 4
1519 1519 -2
1520 1520 -1
1521 1521 2
1522 1522 2
1523 1523 -4
1524 1524 -1
1526 1526 -2
1527 1527 4
1528 1528 -2
1529 1529 -4
1530 1530 2
1532 1532 -4
1533 1533 1
1534 1534 -3
1535 1535 -2
1536 1536 2
1537 1537 4
1538 1538 2
1540 1540 -2
1541 1541 -1
1542 1542 -5
1545 1545 -1
1547 1547 -1
1548 1548 -2
1550 1550 3
1551 1551 4
1552 1552 -7
1553 1553 2
1554 1554 2
1555 1555 1
1556 1556 2
1560 1560 2
1562 1562 -1
1563 1563 1
1564 1564 -2
1565 1565 -2
1566 1566 3
1567 1567 -1
1568 1568 2
1569 1569 -3
1571 1571 1
1572 1572 2
1573 1573 -6
1575 1575 -2
1577 1577 -2
1578 1578 -5
1579 1579 -1
1580 1580 2
1581 1581 1
1582 1582 2
1583 1583 2
1584 1584 2
1585 1585 1
1586 1586 -1
1587 1587 -3
1588 1588 2
1590 1590 1
1591 1591 -3
1592 1592 -1
1595 1595 -2
1596 1596 -5
1597 1597 -1
1598 1598 3
1600 1600 5
1602 1602 -1
1603 1603 5
1604 1604 1
1605 1605 -6
1606 1606 4
1607 1607 2
1608 1608 1
1609 1609 -2
1610 1610 3
1612 1612 3
1613 1613 -2
1614 1614 5
1616 1616 3
1617 1617 2
1619 1619 -2
1620 1620 -2
1622 1622 2
1623 1623 -2
1626 1626 2
1627 1627 4
1628 1628 -2
1629 1629 -1
1630 1630 2
1631 1631 2
1634 1634 1
1635 1635 2
1636 1636 1
1637 1637 -2
1638 1638 1
1639 1639 4
1641 1641 -3
1642 1642 4
1643 1643 1
1644 1644 -1
1645 1645 -2
1646 1646 1
1647 1647 -6
1648 1648 -3
1649 1649 -2
1650 1650 1
1651 1651 2
1652 1652 -3
1653 1653 1
1655 1655 -3
1657 1657 2
1658 1658 2
1659 1659 5
1660 1660 -3
1663 1663 -3
1664 1664 4
1665 1665 2
1666 1666 -2
1667 1667 -2
1668 1668 3
1669 1669 -2
1670 1670 -1
1671 1671 -4
1673 1673 2
1674 1674 -2
1675 1675 -2
1676 1676 -5
1677 1677 -1
1678 1678 -4
1680 1680 -4
1681 1681 2
1682 1682 3
1683 1683 -3
1684 1684 4
1685 1685 1
1686 1686 2
1687 1687 4
1688 1688 2
1689 1689 3
1690 1690 4
1691 1691 -4
1692 1692 2
1694 1694 -4
1695 1695 4
1696 1696 -4
1697 1697 -2
1699 1699 2
1700 1700 -3
1701 1701 -1
1702 1702 -3
1704 1704 3
1706 1706 3
1708 1708 2
1709 1709 -2
1710 1710 -1
1711 1711 5
1712 1712 -2
1713 1713 2
1715 1715 3
1717 1717 -4
1718 1718 -4
1719 1719 -2
1720 1720 2
1721 1721 -1
1722 1722 2
1723 1723 2
1724 1724 1
1725 1725 4
1726 1726 -3
1727 1727 2
1728 1728 -5
1729 1729 -6
1730 1730 -1
1731 1731 -3
1732 1732 1
1733 1733 -3
1734 1734 -2
1736 1736 -5
1737 1737 4
1738 1738 -4
1739 1739 -2
1740 1740 -2
1742 1742 -1
1743 1743 -2
1745 1745 2
1746 1746 3
1747 1747 -7
1748 1748 2
1749 1749 5
1750 1750 3
1751 1751 3
1752 1752 -1
1754 1754 2
1755 1755 1
1756 1756 -2
1758 1758 -1
1759 1759 1
1761 1761 -2
1762 1762 -2
1764 1764 4
1765 1765 1
1766 1766 -6
1767 1767 3
1768 1768 -2
1769 1769 -4
1770 1770 4
1771 1771 -2
1772 1772 -4
1773 1773 -2
1774 1774 -1
1776 1776 -2
1778 1778 -1
1779 1779 1
1780 1780 4
1781 1781 2
1782 1782 1
1783 1783 2
1784 1784 -1
1787 1787 3
1788 1788 -2
1789 1789 4
1792 1792 4
1793 1793 -2
1794 1794 -2
1795 1795 4
1796 1796 3
1797 1797 4
1799 1799 2
1801 1801 3
1802 1802 -2
1804 1804 -2
1805 1805 2
1806 1806 -3
1807 1807 -1
1808 1808 2
1809 1809 4
1810 1810 -1
1811 1811 -2
1813 1813 -4
1814 1814 2
1817 1817 4
1818 1818 2
1819 1819 -3
1820 1820 -6
1821 1821 2
1824 1824 2
1825 1825 4
1826 1826 3
1827 1827 2
1828 1828 1
1829 1829 2
1830 1830 1
1831 1831 2
1832 1832 -1
1833 1833 -3
1835 1835 2
1836 1836 2
1838 1838 5
1840 1840 2
1841 1841 -2
1842 1842 1
1844 1844 4
1845 1845 -2
1846 1846 2
1848 1848 2
1849 1849 2
1850 1850 -1
1853 1853 -2
1855 1855 -2
1857 1857 4
1858 1858 2
1859 1859 -2
1860 1860 4
1861 1861 -2
1863 1863 -2
1864 1864 1
1865 1865 -2
1868 1868 4
1869 1869 3
1870 1870 -4
1872 1872 -2
1874 1874 -1
1876 1876 2
1877 1877 -6
1878 1878 -2
1881 1881 -1
1883 1883 2
1884 1884 1
1885 1885 -3
1886 1886 2
1887 1887 6
1888 1888 -2
1890 1890 -2
1893 1893 -4
1898 1898 4
1899 1899 2
1900 1900 -3
1901 1901 -2
1902 1902 2
1904 1904 -3
1905 1905 -2
1906 1906 -2
1907 1907 -4
1908 1908 -2
1909 1909 2
1910 1910 -6
1911 1911 -4
1913 1913 -2
1914 1914 2
1915 1915 2
1916 1916 2
1919 1919 2
1921 1921 2
1923 1923 -2
1924 1924 6
1925 1925 -2
1927 1927 -2
1928 1928 2
1929 1929 4
1931 1931 -2
1934 1934 2
1936 1936 -2
1937 1937 -4
1938 1938 -1
1943 1943 2
1944 1944 -2
1945 1945 -4
1946 1946 2
1948 1948 1
1949 1949 2
1950 1950 -1
1951 1951 4
1952 1952 2
1954 1954 1
1956 1956 2
1957 1957 -2
1958 1958 -4
1959 1959 2
1960 1960 -4
1961 1961 -2
1964 1964 2
1965 1965 -1
1966 1966 2
1967 1967 -4
1968 1968 2
1969 1969 -4
1971 1971 -5
1974 1974 4
1975 1975 -4
1976 1976 -4
1977 1977 2
1978 1978 -2
1979 1979 2
1980 1980 2
1981 1981 -2
1982 1982 4
1986 1986 -2
1987 1987 4
1988 1988 -2
1989 1989 2
1990 1990 3
1991 1991 2
1992 1992 -2
1993 1993 -2
1994 1994 2
1995 1995 4
1996 1996 2
1997 1997 -2
1998 1998 -4
1999 1999 -4