2000 13464 -16 43
0 20 -2
0 99 -2
0 177 2
0 186 -2
0 304 -2
0 322 -2
0 660 2
0 717 2
0 722 2
0 836 2
0 858 -2
0 993 2
0 1273 2
0 1291 2
0 1468 -2
0 1748 2
0 1 -2
0 2 2
0 3 -2
0 4 -2
0 6 -2
0 7 2
0 19 -2
0 40 2
0 74 2
0 94 2
0 122 -2
0 200 -2
0 536 -2
0 663 -2
0 881 2
0 939 -2
0 1091 -2
0 1147 -2
0 1193 -2
0 1824 -2
0 1962 -2
1 6 -2
1 7 2
1 13 2
1 27 2
1 29 -2
1 40 -2
1 45 2
1 54 2
1 59 2
1 63 2
1 65 2
1 68 -2
1 93 -2
1 98 2
1 126 2
1 132 -2
1 134 2
1 166 2
1 170 -2
1 184 2
1 217 -2
1 228 2
1 305 2
1 440 2
1 463 2
1 481 2
1 489 2
1 512 -2
1 517 -2
1 531 2
1 570 2
1 595 -2
1 620 -2
1 691 2
1 698 -2
1 750 2
1 785 2
1 844 -2
1 853 -2
1 895 -2
1 1007 -2
1 1019 -2
1 1089 -2
1 1106 2
1 1116 2
1 1125 2
1 1132 2
1 1163 2
1 1206 -2
1 1219 -2
1 1232 -2
1 1233 2
1 1998 -2
1 1473 -2
1 1483 -2
1 1492 2
1 1568 -2
1 1608 -2
1 1660 -2
1 1720 -2
1 1746 2
1 1758 -2
1 1802 -2
1 1813 2
1 1815 -2
1 1889 2
1 1928 2
1 2 -2
1 3 2
1 4 2
1 5 2
1 8 2
1 9 -2
1 10 -2
1 15 2
1 16 -2
1 23 2
1 24 2
1 26 2
1 30 -2
1 31 2
1 33 -2
1 36 2
1 37 2
1 38 -2
1 42 -2
1 48 -2
1 53 2
1 58 -2
1 60 -2
1 62 2
1 67 2
1 71 2
1 72 -2
1 78 2
1 88 2
1 90 2
1 92 -2
1 100 -2
1 103 -2
1 131 -2
1 147 -2
1 161 -2
1 169 2
1 183 -2
1 203 2
1 213 2
1 216 2
1 222 2
1 253 2
1 298 -2
1 307 2
1 316 2
1 321 -2
1 326 -2
1 337 -2
1 344 2
1 359 -2
1 366 2
1 370 2
1 392 2
1 396 -2
1 424 2
1 442 2
1 455 2
1 478 2
1 491 2
1 515 -2
1 553 2
1 559 2
1 569 -2
1 572 -2
1 575 2
1 587 2
1 589 2
1 607 2
1 640 -2
1 656 -2
1 689 2
1 690 -2
1 693 -2
1 734 -2
1 737 2
1 740 2
1 743 2
1 757 -2
1 823 2
1 829 -2
1 877 -2
1 908 2
1 919 -2
1 926 -2
1 929 2
1 957 -2
1 966 -2
1 1012 2
1 1023 -2
1 1039 -2
1 1045 2
1 1095 -2
1 1140 -2
1 1146 2
1 1148 -2
1 1154 -2
1 1267 -2
1 1269 -2
1 1285 -2
1 1297 2
1 1303 2
1 1354 2
1 1389 -2
1 1408 2
1 1428 -2
1 1430 -2
1 1449 2
1 1453 2
1 1460 2
1 1482 -2
1 1567 -2
1 1582 2
1 1585 -2
1 1629 -2
1 1651 -2
1 1693 2
1 1698 -2
1 1807 -2
1 1824 -2
1 1847 -2
1 1854 2
1 1873 -2
1 1874 -2
1 1897 2
1 1899 2
1 1949 2
1 1963 2
1 1969 2
2 5 2
2 6 -2
2 10 -2
2 11 -2
2 12 -2
2 15 2
2 18 2
2 19 -2
2 25 -2
2 42 -2
2 55 -2
2 56 -2
2 61 2
2 66 -2
2 67 -2
2 73 2
2 76 -2
2 82 2
2 83 2
2 95 2
2 110 2
2 128 -2
2 138 2
2 149 2
2 163 2
2 189 2
2 205 2
2 206 2
2 233 -2
2 241 -2
2 253 2
2 260 -2
2 269 2
2 273 -2
2 281 -2
2 315 2
2 325 2
2 328 -2
2 345 2
2 377 2
2 378 -2
2 379 -2
2 394 -2
2 416 2
2 475 2
2 476 2
2 483 -2
2 498 2
2 547 2
2 596 -2
2 606 -2
2 609 -2
2 625 2
2 645 -2
2 702 2
2 742 -2
2 760 2
2 800 -2
2 829 -2
2 871 2
2 890 -2
2 893 2
2 917 2
2 939 2
2 959 -2
2 995 -2
2 998 2
2 1036 2
2 1048 2
2 1050 2
2 1056 -2
2 1095 -2
2 1096 2
2 1127 -2
2 1145 2
2 1160 2
2 1207 -2
2 1336 2
2 1404 -2
2 1437 2
2 1486 2
2 1533 -2
2 1560 -2
2 1579 2
2 1592 2
2 1658 -2
2 1686 2
2 1687 2
2 1707 -2
2 1732 -2
2 1748 2
2 1807 -2
2 1855 2
2 1896 2
2 1918 2
2 1922 -2
2 1934 -2
2 1968 2
2 1977 -2
2 3 -2
2 8 -2
2 9 -2
2 30 2
2 34 -2
2 81 -2
2 94 -2
2 105 -2
2 112 -2
2 119 2
2 122 -2
2 162 -2
2 169 -2
2 190 -2
2 230 -2
2 246 2
2 335 2
2 338 -2
2 344 -2
2 352 2
2 355 -2
2 362 -2
2 364 2
2 431 2
2 459 2
2 464 2
2 512 -2
2 538 -2
2 561 2
2 567 -2
2 570 -2
2 576 -2
2 614 2
2 618 2
2 745 2
2 787 -2
2 876 2
2 896 -2
2 915 -2
2 920 -2
2 947 2
2 985 2
2 1023 2
2 1063 -2
2 1067 -2
2 1209 -2
2 1308 -2
2 1338 -2
2 1358 -2
2 1366 -2
2 1510 -2
2 1544 -2
2 1549 -2
2 1552 2
2 1586 -2
2 1604 2
2 1607 2
2 1692 2
2 1780 2
2 1786 2
2 1851 2
3 7 -2
3 9 -2
3 16 2
3 17 -2
3 20 -2
3 21 -2
3 24 2
3 25 -2
3 26 -2
3 43 2
3 47 2
3 48 2
3 49 2
3 50 2
3 51 -2
3 53 -2
3 58 -2
3 71 -2
3 72 2
3 84 2
3 92 2
3 97 -2
3 106 2
3 123 2
3 131 -2
3 142 -2
3 146 2
3 148 2
3 151 -2
3 181 -2
3 186 2
3 192 -2
3 196 -2
3 212 -2
3 213 -2
3 214 2
3 216 2
3 227 -2
3 230 -2
3 254 -2
3 263 2
3 275 2
3 288 -2
3 366 -2
3 375 2
3 376 -2
3 434 -2
3 453 2
3 506 -2
3 514 2
3 534 2
3 541 -2
3 553 2
3 619 -2
3 630 2
3 633 -2
3 657 2
3 744 2
3 776 -2
3 796 2
3 809 2
3 818 2
3 844 -2
3 847 -2
3 854 -2
3 859 2
3 1988 -2
3 923 -2
3 962 -2
3 975 -2
3 1065 -2
3 1071 -2
3 1085 -2
3 1098 -2
3 1159 -2
3 1166 2
3 1199 -2
3 1203 2
3 1218 -2
3 1222 -2
3 1228 2
3 1251 -2
3 1262 -2
3 1284 2
3 1298 2
3 1302 -2
3 1339 -2
3 1351 -2
3 1359 2
3 1395 -2
3 1423 2
3 1429 2
3 1433 2
3 1434 -2
3 1450 -2
3 1461 -2
3 1467 -2
3 1495 2
3 1502 2
3 1537 -2
3 1557 -2
3 1586 -2
3 1612 2
3 1708 2
3 1727 -2
3 1734 -2
3 1748 2
3 1789 2
3 1804 2
3 1819 -2
3 1893 -2
3 1922 2
3 4 -2
3 5 -2
3 6 2
3 8 -2
3 10 -2
3 11 -2
3 12 2
3 13 -2
3 14 2
3 18 -2
3 22 -2
3 23 -2
3 27 -2
3 39 -2
3 40 -2
3 45 2
3 63 2
3 64 2
3 68 2
3 70 -2
3 81 2
3 85 2
3 94 -2
3 105 -2
3 107 2
3 112 -2
3 115 -2
3 116 2
3 119 2
3 124 -2
3 125 2
3 127 -2
3 130 -2
3 136 -2
3 139 -2
3 145 -2
3 150 -2
3 152 -2
3 153 -2
3 159 2
3 177 2
3 185 2
3 189 -2
3 222 -2
3 241 2
3 257 2
3 273 -2
3 305 -2
3 310 -2
3 318 -2
3 326 2
3 336 -2
3 342 -2
3 345 2
3 346 2
3 352 2
3 354 2
3 356 -2
3 369 -2
3 377 2
3 397 -2
3 400 2
3 416 -2
3 426 2
3 427 2
3 428 -2
3 437 -2
3 469 -2
3 477 2
3 529 -2
3 536 2
3 538 -2
3 557 -2
3 586 2
3 682 -2
3 709 2
3 711 -2
3 723 2
3 746 -2
3 750 2
3 759 2
3 768 2
3 816 -2
3 828 2
3 839 -2
3 864 -2
3 872 -2
3 898 -2
3 910 2
3 934 -2
3 938 -2
3 939 -2
3 1053 2
3 1066 -2
3 1080 -2
3 1092 2
3 1104 2
3 1112 -2
3 1140 -2
3 1147 -2
3 1171 2
3 1205 -2
3 1212 -2
3 1232 2
3 1248 2
3 1288 2
3 1289 -2
3 1294 2
3 1321 -2
3 1328 2
3 1403 -2
3 1413 -2
3 1426 -2
3 1483 -2
3 1511 -2
3 1515 2
3 1525 -2
3 1531 2
3 1539 -2
3 1572 -2
3 1584 -2
3 1649 2
3 1655 -2
3 1686 2
3 1780 -2
3 1791 -2
3 1793 -2
3 1808 2
3 1809 2
3 1830 -2
3 1899 -2
3 1906 2
3 1936 2
3 1937 -2
4 8 2
4 20 2
4 22 -2
4 24 -2
4 33 2
4 50 2
4 53 2
4 60 2
4 90 2
4 99 2
4 1984 -2
4 101 2
4 136 -2
4 153 -2
4 156 -2
4 302 2
4 304 -2
4 347 2
4 401 -2
4 484 -2
4 487 2
4 500 -2
4 563 2
4 570 -2
4 615 2
4 627 2
4 653 2
4 698 -2
4 717 2
4 751 2
4 769 2
4 784 -2
4 921 -2
4 987 2
4 1080 -2
4 1116 -2
4 1169 -2
4 1269 -2
4 1298 -2
4 1411 2
4 1412 2
4 1443 -2
4 1483 -2
4 1569 2
4 1606 2
4 1646 2
4 1670 2
4 1703 -2
4 1738 -2
4 1835 -2
4 1978 -2
4 5 -2
4 6 -2
4 7 2
4 11 -2
4 14 -2
4 17 -2
4 19 2
4 27 -2
4 28 -2
4 29 2
4 32 -2
4 39 2
4 41 2
4 44 2
4 46 -2
4 47 2
4 49 2
4 54 -2
4 62 2
4 65 2
4 66 -2
4 73 2
4 74 2
4 76 -2
4 77 -2
4 80 -2
4 89 -2
4 96 2
4 97 -2
4 98 -2
4 110 -2
4 118 2
4 120 2
4 121 2
4 128 2
4 141 2
4 157 2
4 163 2
4 165 -2
4 166 2
4 167 -2
4 180 2
4 187 2
4 204 -2
4 207 2
4 212 -2
4 215 2
4 223 -2
4 238 2
4 254 -2
4 295 2
4 363 2
4 365 2
4 367 2
4 378 2
4 419 2
4 427 -2
4 435 -2
4 460 -2
4 461 2
4 475 2
4 476 -2
4 489 -2
4 502 2
4 526 -2
4 551 2
4 560 2
4 571 2
4 581 -2
4 583 -2
4 593 2
4 599 2
4 605 -2
4 616 2
4 664 -2
4 666 2
4 667 2
4 681 2
4 695 2
4 696 -2
4 719 -2
4 721 2
4 736 -2
4 767 -2
4 781 2
4 805 -2
4 844 -2
4 850 2
4 863 2
4 865 -2
4 881 -2
4 998 -2
4 999 2
4 1006 2
4 1009 2
4 1016 2
4 1017 2
4 1026 2
4 1059 -2
4 1060 -2
4 1110 -2
4 1159 2
4 1218 2
4 1244 -2
4 1254 -2
4 1266 2
4 1283 2
4 1295 -2
4 1296 2
4 1316 -2
4 1332 2
4 1352 -2
4 1407 -2
4 1415 2
4 1427 2
4 1429 2
4 1441 -2
4 1446 2
4 1450 -2
4 1458 2
4 1503 -2
4 1554 -2
4 1557 -2
4 1570 2
4 1657 -2
4 1669 -2
4 1682 2
4 1748 2
4 1766 -2
4 1775 -2
4 1816 -2
4 1824 2
4 1841 -2
4 1860 2
4 1892 -2
4 1913 2
4 1966 -2
4 1977 2
5 6 2
5 7 2
5 9 -2
5 10 2
5 11 2
5 12 -2
5 31 2
5 38 2
5 41 -2
5 61 2
5 79 -2
5 82 -2
5 85 2
5 93 2
5 98 2
5 100 -2
5 102 -2
5 111 2
5 112 -2
5 116 2
5 117 -2
5 134 2
5 145 2
5 166 2
5 172 2
5 179 -2
5 181 -2
5 182 2
5 184 -2
5 204 2
5 248 2
5 251 2
5 273 -2
5 283 -2
5 317 2
5 320 2
5 357 -2
5 362 -2
5 435 -2
5 439 -2
5 454 -2
5 470 2
5 496 2
5 539 -2
5 561 -2
5 594 2
5 595 -2
5 606 -2
5 608 2
5 692 2
5 694 -2
5 773 2
5 791 -2
5 792 2
5 812 -2
5 964 -2
5 968 -2
5 1165 2
5 1180 -2
5 1182 -2
5 1286 2
5 1305 2
5 1360 2
5 1361 2
5 1580 2
5 1663 -2
5 1668 -2
5 1722 2
5 1745 -2
5 1793 -2
5 1845 -2
5 1940 2
5 14 -2
5 22 2
5 25 -2
5 35 2
5 44 2
5 51 2
5 62 2
5 64 2
5 65 2
5 68 2
5 75 2
5 86 2
5 88 2
5 91 -2
5 123 -2
5 136 2
5 140 -2
5 160 -2
5 173 -2
5 193 -2
5 236 2
5 276 2
5 288 -2
5 304 2
5 348 2
5 386 2
5 400 2
5 468 2
5 500 -2
5 503 -2
5 507 -2
5 509 -2
5 523 2
5 525 2
5 529 2
5 607 2
5 644 -2
5 833 -2
5 935 2
5 1077 2
5 1116 2
5 1154 -2
5 1157 2
5 1163 2
5 1167 2
5 1183 2
5 1268 -2
5 1301 -2
5 1367 -2
5 1395 -2
5 1396 -2
5 1398 -2
5 1508 -2
5 1553 2
5 1572 2
5 1680 2
5 1758 -2
5 1846 -2
6 10 -2
6 30 2
6 31 2
6 45 -2
6 65 2
6 109 2
6 111 -2
6 158 -2
6 167 2
6 188 -2
6 198 -2
6 209 -2
6 221 2
6 229 2
6 239 -2
6 261 -2
6 293 2
6 324 -2
6 405 -2
6 406 2
6 420 -2
6 443 2
6 471 2
6 473 -2
6 528 2
6 638 -2
6 715 -2
6 839 2
6 961 -2
6 1002 -2
6 1060 2
6 1095 -2
6 1212 -2
6 1334 -2
6 1466 -2
6 1488 2
6 1572 -2
6 1604 -2
6 1626 2
6 1636 2
6 1784 2
6 7 2
6 11 -2
6 17 -2
6 21 -2
6 40 -2
6 41 2
6 43 -2
6 46 2
6 69 2
6 80 -2
6 107 2
6 114 -2
6 118 2
6 137 -2
6 139 2
6 174 2
6 180 -2
6 200 -2
6 217 -2
6 240 2
6 260 2
6 297 2
6 308 -2
6 383 -2
6 422 -2
6 445 2
6 454 -2
6 457 -2
6 460 -2
6 504 2
6 506 -2
6 513 2
6 545 2
6 581 2
6 609 -2
6 623 2
6 671 2
6 708 -2
6 720 2
6 735 -2
6 744 2
6 774 -2
6 776 2
6 817 -2
6 832 2
6 864 2
6 870 -2
6 949 2
6 1022 2
6 1069 -2
6 1130 -2
6 1184 -2
6 1188 -2
6 1191 2
6 1216 2
6 1234 2
6 1317 -2
6 1360 -2
6 1992 -2
6 1461 2
6 1469 2
6 1533 2
6 1619 2
6 1667 -2
6 1672 2
6 1755 2
6 1810 2
6 1821 2
6 1853 -2
6 1906 2
7 13 -2
7 17 2
7 27 2
7 29 2
7 32 -2
7 36 -2
7 48 2
7 57 -2
7 69 -2
7 70 -2
7 80 -2
7 93 -2
7 117 -2
7 122 2
7 126 -2
7 145 2
7 168 -2
7 172 2
7 193 2
7 215 -2
7 222 2
7 232 -2
7 243 -2
7 248 -2
7 262 2
7 279 2
7 292 2
7 313 2
7 363 2
7 364 2
7 380 2
7 411 2
7 414 -2
7 419 -2
7 424 2
7 461 -2
7 508 2
7 511 -2
7 512 2
7 518 -2
7 550 -2
7 560 -2
7 564 -2
7 565 -2
7 585 -2
7 591 -2
7 598 2
7 600 -2
7 622 2
7 643 -2
7 646 2
7 647 2
7 681 -2
7 704 2
7 716 -2
7 720 2
7 729 2
7 730 2
7 773 2
7 814 -2
7 847 2
7 895 -2
7 906 -2
7 1138 2
7 1168 2
7 1170 -2
7 1190 -2
7 1219 -2
7 1229 2
7 1231 2
7 1290 -2
7 1349 2
7 1426 2
7 1485 2
7 1515 -2
7 1527 -2
7 1580 2
7 1706 2
7 1713 2
7 1715 2
7 1787 -2
7 1792 -2
7 1808 -2
7 1847 -2
7 1849 2
7 1857 -2
7 1891 -2
7 1951 2
7 19 -2
7 28 2
7 77 -2
7 113 -2
7 148 2
7 200 -2
7 227 2
7 402 2
7 460 2
7 527 -2
7 636 2
7 663 2
7 699 -2
7 795 2
7 820 2
7 991 -2
7 1193 2
7 1492 2
7 1500 2
8 16 2
8 24 2
8 51 2
8 68 2
8 101 2
8 140 -2
8 277 -2
8 401 -2
8 450 2
8 549 2
8 921 2
8 9 2
8 10 2
8 12 2
8 15 -2
8 18 2
8 26 2
8 33 -2
8 34 -2
8 38 2
8 52 2
8 56 2
8 57 -2
8 59 -2
8 61 2
8 81 -2
8 84 2
8 87 -2
8 92 -2
8 109 2
8 116 2
8 132 -2
8 143 -2
8 156 2
8 162 2
8 182 2
8 195 -2
8 246 2
8 249 2
8 271 -2
8 300 -2
8 310 2
8 312 2
8 315 -2
8 316 2
8 338 -2
8 408 -2
8 413 2
8 452 -2
8 524 -2
8 539 2
8 622 -2
8 625 -2
8 679 -2
8 686 -2
8 755 -2
8 758 -2
8 769 2
8 790 2
8 819 -2
8 857 -2
8 880 -2
8 908 2
8 923 -2
8 925 2
8 964 2
8 1045 -2
8 1101 2
8 1146 -2
8 1207 -2
8 1256 2
8 1269 -2
8 1275 -2
8 1279 2
8 1347 -2
8 1348 -2
8 1355 2
8 1364 2
8 1400 2
8 1411 2
8 1995 2
8 1468 -2
8 1479 -2
8 1481 2
8 1523 -2
8 1539 -2
8 1546 2
8 1564 2
8 1592 2
8 1598 -2
8 1604 -2
8 1608 -2
8 1611 2
8 1616 2
8 1641 2
8 1664 -2
8 1689 2
8 1727 -2
8 1985 2
8 1760 -2
8 1788 2
8 1834 2
8 1843 2
8 1856 2
8 1875 -2
8 1882 2
8 1890 2
8 1900 2
8 1903 2
8 1961 -2
8 1972 2
9 11 2
9 14 -2
9 15 2
9 18 2
9 21 -2
9 23 -2
9 55 -2
9 79 2
9 85 -2
9 149 -2
9 237 2
9 244 2
9 299 2
9 402 2
9 442 2
9 455 -2
9 559 2
9 561 -2
9 759 -2
9 1024 2
9 1192 2
9 1222 2
9 1270 -2
9 1304 2
9 1331 2
9 1361 2
9 1423 -2
9 1539 2
9 1562 -2
9 1623 -2
9 1982 2
9 1959 2
9 26 2
9 30 -2
9 31 2
9 34 2
9 42 2
9 60 2
9 90 -2
9 143 2
9 168 2
9 171 2
9 181 -2
9 184 -2
9 190 2
9 203 2
9 205 2
9 213 2
9 221 -2
9 228 -2
9 230 -2
9 232 2
9 252 2
9 256 2
9 265 2
9 270 -2
9 287 -2
9 321 -2
9 333 2
9 351 2
9 358 -2
9 361 -2
9 372 2
9 380 2
9 409 -2
9 464 2
9 465 2
9 524 -2
9 540 -2
9 549 -2
9 564 -2
9 602 -2
9 610 -2
9 639 2
9 670 2
9 697 -2
9 715 -2
9 779 2
9 782 -2
9 785 2
9 843 -2
9 856 2
9 875 -2
9 904 2
9 989 -2
9 1054 -2
9 1062 -2
9 1073 2
9 1082 2
9 1095 2
9 1164 -2
9 1181 -2
9 1213 -2
9 1274 2
9 1302 2
9 1306 2
9 1334 2
9 1366 -2
9 1399 2
9 1406 -2
9 1416 2
9 1473 -2
9 1479 -2
9 1507 2
9 1569 2
9 1643 2
9 1660 -2
9 1882 -2
9 1929 2
10 30 -2
10 42 2
10 76 -2
10 82 2
10 102 -2
10 109 2
10 115 2
10 116 2
10 128 2
10 155 -2
10 169 -2
10 190 -2
10 204 -2
10 218 2
10 239 2
10 259 -2
10 270 2
10 315 2
10 471 2
10 556 2
10 795 2
10 826 2
10 956 2
10 961 -2
10 1033 2
10 1087 2
10 1271 -2
10 1425 2
10 1493 2
10 1575 -2
10 1769 2
10 1803 2
10 1911 -2
10 12 -2
10 13 -2
10 15 -2
10 16 2
10 20 2
10 23 -2
10 24 2
10 52 -2
10 56 -2
10 72 -2
10 78 -2
10 83 -2
10 84 2
10 95 -2
10 108 -2
10 111 -2
10 125 2
10 134 -2
10 145 2
10 159 2
10 183 -2
10 192 2
10 194 2
10 195 2
10 199 2
10 211 2
10 225 2
10 255 2
10 257 2
10 258 -2
10 262 -2
10 267 2
10 275 2
10 283 2
10 291 -2
10 294 2
10 1989 2
10 323 2
10 327 -2
10 343 -2
10 395 -2
10 447 2
10 467 -2
10 487 2
10 515 -2
10 554 -2
10 577 2
10 580 -2
10 597 2
10 620 -2
10 710 2
10 753 -2
10 761 -2
10 775 2
10 1983 2
10 827 -2
10 842 -2
10 879 2
10 917 -2
10 922 2
10 1027 -2
10 1058 2
10 1129 2
10 1133 2
10 1144 2
10 1250 2
10 1272 -2
10 1388 -2
10 1394 -2
10 1417 -2
10 1476 -2
10 1501 2
10 1664 2
10 1690 2
10 1744 2
10 1984 -2
10 1818 2
10 1968 -2
11 12 -2
11 14 -2
11 15 -2
11 19 2
11 28 2
11 34 -2
11 35 -2
11 66 -2
11 74 2
11 114 2
11 159 2
11 161 2
11 163 -2
11 330 2
11 455 -2
11 659 -2
11 696 -2
11 737 -2
11 791 2
11 911 -2
11 1256 -2
11 1265 -2
11 1325 -2
11 1717 2
11 1825 2
11 1905 2
11 1909 2
11 17 -2
11 21 -2
11 27 2
11 32 -2
11 45 -2
11 50 -2
11 69 -2
11 106 2
11 121 2
11 139 2
11 238 -2
11 339 2
11 394 -2
11 440 -2
11 603 2
11 865 -2
11 1151 2
11 1159 2
11 1188 2
11 1259 2
11 1314 2
11 1335 -2
11 1450 2
11 1494 2
11 1630 2
11 1675 -2
11 1736 2
12 61 2
12 163 -2
12 498 -2
12 548 -2
12 659 -2
12 913 2
12 955 -2
12 1783 -2
12 13 -2
12 18 2
12 83 2
12 84 -2
12 85 2
12 95 2
12 108 2
12 111 2
12 127 2
12 130 2
12 132 2
12 135 -2
12 209 -2
12 241 -2
12 312 -2
12 315 -2
12 343 2
12 399 -2
12 423 -2
12 539 -2
12 662 2
12 669 -2
12 723 -2
12 754 -2
12 780 -2
12 804 2
12 922 2
12 925 2
12 928 -2
12 938 -2
12 1007 2
12 1030 2
12 1076 2
12 1149 2
12 1271 -2
12 1343 -2
12 1371 2
12 1455 -2
12 1568 2
12 1622 -2
12 1695 -2
12 1717 -2
12 1861 2
12 1957 -2
13 17 -2
13 26 2
13 27 -2
13 32 2
13 36 -2
13 37 2
13 39 2
13 57 -2
13 58 2
13 63 2
13 69 2
13 88 -2
13 89 2
13 96 2
13 104 2
13 105 -2
13 131 -2
13 200 2
13 211 -2
13 232 2
13 266 2
13 267 -2
13 280 -2
13 291 2
13 297 2
13 298 2
13 371 2
13 381 -2
13 410 -2
13 419 2
13 457 2
13 460 -2
13 494 -2
13 569 2
13 572 2
13 629 -2
13 679 -2
13 734 2
13 778 2
13 804 -2
13 805 -2
13 819 -2
13 840 2
13 845 2
13 884 2
13 992 -2
13 1065 -2
13 1073 2
13 1079 -2
13 1104 -2
13 1125 -2
13 1173 -2
13 1201 -2
13 1241 2
13 1243 -2
13 1248 2
13 1351 2
13 1381 2
13 1427 2
13 1490 -2
13 1500 2
13 1513 -2
13 1614 -2
13 1624 -2
13 1625 -2
13 1713 2
13 1904 -2
13 1932 -2
13 83 -2
13 85 -2
13 124 -2
13 125 -2
13 135 -2
13 153 2
13 158 -2
13 170 -2
13 192 -2
13 198 -2
13 226 -2
13 258 2
13 264 -2
13 285 2
13 327 -2
13 446 -2
13 648 -2
13 658 2
13 659 -2
13 780 2
13 828 2
13 852 -2
13 894 -2
13 913 -2
13 1020 -2
13 1030 -2
13 1053 -2
13 1076 -2
13 1087 -2
13 1222 2
13 1361 2
13 1463 -2
13 1472 2
13 1478 -2
13 1704 2
13 1980 -2
13 1870 -2
14 35 2
14 79 2
14 244 -2
14 317 2
14 318 2
14 532 -2
14 737 2
14 1825 -2
14 22 2
14 25 -2
14 39 -2
14 44 2
14 51 2
14 63 -2
14 75 -2
14 76 -2
14 104 -2
14 140 -2
14 178 2
14 193 2
14 218 -2
14 235 -2
14 273 -2
14 305 -2
14 330 2
14 377 2
14 463 -2
14 508 -2
14 523 2
14 651 2
14 694 -2
14 778 2
14 789 -2
14 822 -2
14 837 2
14 885 2
14 942 2
14 984 -2
14 999 -2
14 1024 2
14 1083 -2
14 1131 -2
14 1153 2
14 1156 -2
14 1157 2
14 1167 -2
14 1186 -2
14 1230 2
14 1435 2
14 1487 2
14 1495 -2
14 1496 -2
14 1637 2
14 1671 -2
14 1718 2
14 1768 2
14 1781 -2
14 1804 2
14 1978 2
15 19 2
15 28 2
15 34 2
15 73 -2
15 149 -2
15 189 -2
15 234 -2
15 237 2
15 245 -2
15 258 2
15 260 -2
15 265 -2
15 309 -2
15 316 -2
15 358 2
15 359 2
15 378 -2
15 441 -2
15 455 -2
15 459 2
15 513 -2
15 554 2
15 625 2
15 682 -2
15 736 -2
15 862 2
15 866 -2
15 916 -2
15 929 2
15 1410 -2
15 1497 -2
15 1542 -2
15 1694 2
15 1840 2
15 1844 -2
15 1886 -2
15 1945 -2
15 16 2
15 20 2
15 37 -2
15 38 -2
15 52 -2
15 59 -2
15 67 2
15 93 2
15 154 2
15 1988 2
15 188 2
15 269 2
15 271 -2
15 274 2
15 286 -2
15 322 -2
15 329 -2
15 370 2
15 375 -2
15 385 -2
15 391 -2
15 413 2
15 425 2
15 505 2
15 630 2
15 683 -2
15 740 -2
15 758 2
15 762 -2
15 790 -2
15 847 -2
15 966 -2
15 1079 -2
15 1093 2
15 1144 2
15 1204 -2
15 1215 -2
15 1252 -2
15 1262 2
15 1337 -2
15 1369 2
15 1377 -2
15 1419 2
15 1432 2
15 1481 2
15 1550 2
15 1551 2
15 1597 2
15 1765 2
15 1911 2
15 1940 -2
16 51 -2
16 59 -2
16 140 -2
16 254 -2
16 534 -2
16 844 -2
16 880 -2
16 1007 2
16 1089 2
16 1457 2
16 1928 -2
16 20 -2
16 24 -2
16 37 -2
16 48 -2
16 154 2
16 225 -2
16 262 -2
16 269 -2
16 274 2
16 391 -2
16 488 -2
16 532 -2
16 654 2
16 867 -2
16 945 -2
16 980 -2
16 1041 -2
16 1075 2
16 1202 2
16 1419 -2
16 1421 2
16 1501 2
16 1732 2
16 1862 2
17 26 2
17 36 2
17 37 2
17 39 2
17 44 -2
17 48 -2
17 49 2
17 52 -2
17 62 2
17 71 -2
17 75 2
17 78 -2
17 81 2
17 86 -2
17 87 2
17 91 2
17 119 2
17 125 -2
17 143 2
17 144 -2
17 150 -2
17 151 2
17 154 2
17 174 2
17 176 2
17 194 -2
17 196 2
17 200 -2
17 202 2
17 207 2
17 222 -2
17 225 2
17 231 2
17 291 2
17 307 -2
17 314 -2
17 355 2
17 364 2
17 368 -2
17 380 -2
17 381 -2
17 397 2
17 404 2
17 1981 -2
17 429 -2
17 432 2
17 437 -2
17 462 2
17 465 2
17 491 -2
17 502 2
17 504 2
17 529 -2
17 533 -2
17 577 -2
17 585 2
17 641 2
17 644 2
17 652 -2
17 657 2
17 746 2
17 788 2
17 809 -2
17 834 2
17 846 -2
17 864 2
17 869 2
17 884 2
17 896 -2
17 931 2
17 952 -2
17 970 2
17 1000 -2
17 1001 2
17 1176 2
17 1185 -2
17 1235 2
17 1237 2
17 1259 2
17 1261 2
17 1317 -2
17 1326 2
17 1363 2
17 1376 2
17 1406 -2
17 1418 -2
17 1452 2
17 1531 -2
17 1536 2
17 1546 -2
17 1548 -2
17 1553 2
17 1577 -2
17 1629 2
17 1630 -2
17 1665 2
17 1667 -2
17 1730 -2
17 1799 -2
17 1836 2
17 1848 -2
17 1985 -2
17 1869 -2
17 21 -2
17 32 -2
17 41 -2
17 43 2
17 66 -2
17 73 2
17 101 -2
17 102 -2
17 110 2
17 137 -2
17 163 -2
17 201 -2
17 292 -2
17 472 2
17 492 2
17 725 -2
17 959 2
17 993 2
17 1031 2
17 1139 -2
17 1217 2
17 1233 2
17 1316 -2
17 1595 2
17 1754 2
18 21 -2
18 25 2
18 55 -2
18 56 -2
18 123 2
18 127 -2
18 129 -2
18 138 -2
18 175 -2
18 312 2
18 392 2
18 402 -2
18 458 -2
18 482 -2
18 537 2
18 559 -2
18 609 2
18 632 2
18 813 2
18 925 2
18 981 2
18 1009 -2
18 1021 2
18 1048 2
18 1304 2
18 1342 2
18 1419 -2
18 1434 -2
18 1472 -2
18 1484 -2
18 1567 2
18 1585 -2
18 1622 2
18 1648 -2
18 1666 -2
18 130 -2
18 209 -2
18 244 2
18 332 2
18 390 2
18 517 2
18 804 2
18 825 -2
18 851 2
18 928 -2
18 1098 -2
18 1102 -2
18 1150 2
18 1177 2
18 1227 2
18 1313 2
18 1541 -2
18 1650 -2
18 1717 -2
19 66 2
19 73 -2
19 83 2
19 114 2
19 133 -2
19 161 2
19 185 -2
19 234 2
19 241 2
19 265 2
19 330 -2
19 393 2
19 413 2
19 499 -2
19 538 2
19 540 -2
19 711 2
19 712 2
19 733 2
19 753 2
19 770 -2
19 799 2
19 841 2
19 867 2
19 890 2
19 963 2
19 983 2
19 990 -2
19 1020 2
19 1090 -2
19 1207 2
19 1247 2
19 1386 2
19 1705 2
19 1832 2
19 1839 -2
19 1840 2
19 1914 -2
19 28 2
19 74 2
19 663 2
19 699 -2
19 795 -2
19 1492 -2
19 1503 2
19 1730 -2
20 22 2
20 84 -2
20 99 -2
20 136 -2
20 164 -2
20 177 -2
20 186 2
20 331 -2
20 335 2
20 337 -2
20 500 2
20 579 -2
20 660 2
20 674 -2
20 722 2
20 756 -2
20 858 2
20 885 -2
20 1144 2
20 1181 -2
20 1330 -2
20 1357 2
20 1382 2
20 1471 2
20 1586 -2
20 1609 2
20 1655 2
20 1898 -2
20 775 -2
20 1388 2
20 1419 -2
20 1421 -2
20 1444 -2
20 1464 -2
20 1501 -2
20 1732 -2
20 1911 -2
21 23 2
21 123 2
21 127 2
21 392 -2
21 537 2
21 559 -2
21 632 -2
21 818 2
21 1025 -2
21 1270 2
21 1302 -2
21 1915 -2
21 1966 -2
21 69 -2
21 137 2
21 339 2
21 394 2
21 445 2
21 454 2
21 472 2
21 1992 2
21 603 2
21 708 2
21 783 -2
21 793 -2
21 1001 2
21 1022 -2
21 1085 2
21 1180 -2
21 1191 2
21 1242 2
21 1335 2
21 1747 2
21 1839 2
21 1901 -2
22 47 2
22 60 -2
22 84 2
22 97 2
22 121 2
22 153 -2
22 156 -2
22 157 -2
22 220 -2
22 235 2
22 250 2
22 256 -2
22 257 2
22 271 -2
22 335 2
22 376 -2
22 544 -2
22 579 2
22 593 2
22 626 2
22 741 2
22 783 -2
22 784 2
22 881 2
22 920 2
22 1121 2
22 1152 2
22 1154 2
22 1159 -2
22 1172 2
22 1459 2
22 1550 -2
22 1552 2
22 1859 -2
22 25 2
22 35 -2
22 64 -2
22 70 -2
22 82 2
22 104 -2
22 176 -2
22 177 2
22 273 2
22 281 2
22 330 -2
22 443 2
22 444 -2
22 645 2
22 655 -2
22 702 2
22 717 2
22 756 -2
22 789 -2
22 806 -2
22 808 -2
22 885 2
22 1189 2
22 1383 -2
23 818 2
23 1025 2
23 1222 -2
23 1270 2
23 1284 2
23 1331 2
23 1915 -2
23 72 2
23 222 2
23 257 2
23 396 -2
23 829 -2
24 101 -2
24 987 2
24 1298 2
24 183 -2
24 194 2
24 225 2
24 294 -2
24 307 2
24 490 -2
24 862 -2
24 930 2
24 1040 2
24 1272 -2
24 1536 -2
24 1567 -2
24 1621 2
24 1826 2
25 138 2
25 175 2
25 195 -2
25 312 2
25 395 -2
25 636 -2
25 702 2
25 764 -2
25 794 2
25 1013 -2
25 1323 2
25 1585 -2
25 1919 -2
25 1922 -2
25 35 -2
25 51 2
25 91 2
25 104 -2
25 218 -2
25 276 2
25 444 -2
25 463 2
25 471 -2
25 778 2
25 1243 -2
25 1309 -2
25 1688 2
26 37 2
26 43 -2
26 52 -2
26 58 2
26 62 2
26 96 2
26 141 -2
26 238 2
26 247 2
26 297 2
26 360 -2
26 398 2
26 399 -2
26 504 -2
26 529 -2
26 542 -2
26 546 2
26 599 -2
26 689 2
26 738 -2
26 779 -2
26 805 2
26 865 -2
26 934 -2
26 946 -2
26 1010 -2
26 1017 2
26 1022 -2
26 1030 -2
26 1070 2
26 1110 2
26 1124 -2
26 1210 -2
26 1211 2
26 1292 -2
26 1353 2
26 1409 2
26 1494 2
26 1500 -2
26 1624 2
26 1637 -2
26 1656 -2
26 1731 -2
26 1819 -2
26 1900 -2
26 1920 -2
26 1941 2
26 31 -2
26 33 -2
26 36 -2
26 53 -2
26 57 2
26 61 2
26 103 2
26 143 -2
26 155 2
26 156 2
26 168 2
26 171 -2
26 252 2
26 296 -2
26 333 -2
26 351 -2
26 361 2
26 521 -2
26 562 2
26 569 2
26 572 -2
26 642 2
26 739 2
26 797 -2
26 809 -2
26 873 -2
26 890 -2
26 955 -2
26 1986 -2
26 1054 2
26 1239 2
26 1241 2
26 1355 -2
26 1373 2
26 1507 2
26 1514 2
26 1585 -2
26 1608 2
26 1763 -2
27 32 2
27 80 -2
27 88 2
27 105 2
27 108 -2
27 135 -2
27 162 2
27 168 2
27 173 -2
27 217 2
27 351 -2
27 372 2
27 464 -2
27 515 -2
27 550 -2
27 688 2
27 807 2
27 840 -2
27 932 2
27 947 -2
27 1032 -2
27 1054 2
27 1105 2
27 1115 -2
27 1132 2
27 1141 2
27 1153 -2
27 1173 -2
27 1187 -2
27 1206 -2
27 1215 -2
27 1216 -2
27 1230 -2
27 1306 -2
27 1322 -2
27 1383 -2
27 1431 -2
27 1492 -2
27 1654 -2
27 1669 2
27 1693 2
27 1810 2
27 1975 -2
27 29 -2
27 45 2
27 47 -2
27 49 -2
27 50 -2
27 106 -2
27 121 -2
27 126 2
27 144 -2
27 206 2
27 215 -2
27 234 -2
27 266 -2
27 277 2
27 295 -2
27 306 2
27 356 2
27 405 -2
27 410 2
27 440 2
27 596 2
27 638 2
27 641 2
27 674 -2
27 675 -2
27 712 2
27 722 2
27 982 2
27 1048 2
27 1199 -2
27 1339 2
27 1368 -2
27 1489 -2
27 1737 -2
27 1770 2
27 1858 -2
27 1950 -2
28 34 -2
28 74 2
28 159 -2
28 245 -2
28 258 2
28 316 -2
28 359 2
28 396 -2
28 696 -2
28 712 2
28 728 2
28 938 -2
28 990 2
28 1072 2
28 1362 -2
28 1448 -2
28 1995 -2
28 1681 -2
28 1944 -2
28 77 -2
28 89 2
28 113 -2
28 166 -2
28 172 2
28 179 2
28 207 2
28 242 -2
28 368 -2
28 388 2
28 531 -2
28 593 2
28 699 -2
28 714 -2
28 844 2
28 991 2
28 1047 -2
28 1162 2
28 1500 2
28 1503 2
28 1581 2
28 1658 2
28 1708 -2
28 1709 -2
28 1715 2
28 1730 2
28 1860 -2
28 1926 -2
29 126 2
29 217 2
29 531 -2
29 576 -2
29 646 2
29 688 2
29 790 -2
29 1032 -2
29 1566 -2
29 1781 -2
29 1864 -2
29 1885 -2
29 47 2
29 96 -2
29 117 -2
29 144 -2
29 223 2
29 229 -2
29 234 -2
29 272 2
29 303 -2
29 356 2
29 722 2
29 771 2
29 963 -2
29 1413 2
29 1872 -2
30 42 -2
30 67 2
30 109 -2
30 158 -2
30 219 -2
30 253 -2
30 269 2
30 282 -2
30 327 -2
30 370 -2
30 382 -2
30 418 2
30 535 -2
30 637 2
30 686 2
30 707 2
30 795 2
30 797 2
30 1015 -2
30 1296 2
30 1329 2
30 1358 -2
30 1370 2
30 1572 -2
30 1910 -2
30 1963 -2
30 90 -2
30 169 -2
30 181 2
30 190 2
30 205 2
30 335 -2
30 549 2
30 689 -2
30 693 2
30 770 2
30 895 -2
30 896 2
30 915 -2
30 967 2
30 1073 -2
30 1235 -2
30 1416 2
30 1512 -2
30 1878 -2
31 38 2
31 40 2
31 41 2
31 45 2
31 46 2
31 118 -2
31 198 2
31 290 -2
31 439 -2
31 715 2
31 856 -2
31 1063 -2
31 1088 2
31 1136 2
31 1519 2
31 1608 -2
31 1704 2
31 1720 -2
31 1802 2
31 42 2
31 53 -2
31 147 2
31 155 -2
31 208 2
31 220 2
31 253 2
31 324 -2
31 351 2
31 424 -2
31 451 2
31 573 -2
31 606 -2
31 739 2
31 858 2
31 878 -2
31 906 2
31 954 2
31 1679 2
31 1838 2
32 80 -2
32 105 -2
32 108 2
32 113 2
32 120 -2
32 135 -2
32 173 2
32 232 -2
32 280 2
32 313 -2
32 424 2
32 430 2
32 460 2
32 469 2
32 490 -2
32 515 -2
32 575 -2
32 668 2
32 695 2
32 932 -2
32 947 -2
32 1011 2
32 1016 2
32 1082 2
32 1151 -2
32 1175 2
32 1187 2
32 1240 -2
32 1282 -2
32 1690 2
32 1759 -2
32 1811 -2
32 163 -2
32 1159 -2
32 1314 -2
33 68 2
33 90 2
33 401 -2
33 450 -2
33 487 -2
33 1209 2
33 36 -2
33 57 -2
33 87 2
33 92 2
33 100 2
33 109 -2
33 161 2
33 164 -2
33 214 -2
33 296 2
33 393 -2
33 403 2
33 640 -2
33 921 2
33 1014 -2
33 1042 -2
33 1061 2
33 1119 2
33 1166 -2
33 1239 -2
33 1647 2
33 1651 -2
34 245 2
34 696 2
34 911 -2
34 1995 -2
34 1909 -2
34 1944 -2
34 162 -2
34 431 2
34 466 2
34 524 -2
34 622 -2
34 755 -2
34 782 -2
34 821 -2
34 857 2
34 931 -2
34 1088 2
34 1334 -2
34 1366 -2
34 1467 -2
34 1546 -2
34 1569 -2
34 1613 -2
34 1616 -2
34 1774 -2
35 317 2
35 737 2
35 791 2
35 1165 2
35 1663 2
35 1905 -2
35 91 2
35 471 2
35 935 2
35 1309 2
35 1721 -2
35 1846 -2
35 1942 2
36 57 -2
36 70 2
36 122 2
36 193 2
36 267 2
36 291 -2
36 333 -2
36 364 2
36 368 -2
36 371 -2
36 387 2
36 467 -2
36 511 2
36 571 -2
36 598 -2
36 651 2
36 679 2
36 683 2
36 701 2
36 743 -2
36 877 2
36 1041 2
36 1366 -2
36 1458 -2
36 1515 2
36 100 2
36 164 2
36 296 2
36 420 -2
36 478 -2
36 569 2
36 587 -2
36 919 -2
36 1014 -2
36 1042 2
36 1152 2
36 1190 -2
36 1920 -2
37 39 -2
37 44 -2
37 62 2
37 87 -2
37 104 -2
37 1985 -2
37 141 2
37 143 2
37 165 -2
37 171 -2
37 178 -2
37 197 -2
37 207 2
37 310 2
37 385 -2
37 408 -2
37 433 2
37 452 2
37 457 -2
37 478 2
37 621 2
37 623 2
37 684 -2
37 685 -2
37 725 -2
37 734 -2
37 778 2
37 817 -2
37 846 -2
37 865 2
37 946 2
37 1028 -2
37 1102 2
37 1204 2
37 1436 -2
37 1463 2
37 1469 2
37 1494 -2
37 1619 -2
37 1698 2
37 1779 2
37 1794 -2
37 1842 -2
37 1956 -2
37 48 2
37 55 2
37 58 -2
37 154 -2
37 322 -2
37 337 2
37 370 -2
37 375 2
37 442 -2
37 556 -2
37 575 2
37 847 -2
37 893 -2
37 965 -2
37 1046 2
37 1079 -2
37 1215 2
37 1245 2
37 1447 2
37 1490 2
37 1710 2
37 1969 2
38 40 2
38 46 2
38 54 -2
38 77 2
38 103 -2
38 124 2
38 132 -2
38 166 2
38 179 -2
38 183 -2
38 246 2
38 249 -2
38 264 2
38 276 -2
38 365 -2
38 383 2
38 439 -2
38 449 -2
38 480 2
38 481 2
38 501 -2
38 510 -2
38 524 -2
38 526 2
38 567 2
38 583 2
38 672 -2
38 673 2
38 690 2
38 902 2
38 919 2
38 926 -2
38 958 -2
38 1039 2
38 1059 -2
38 1088 2
38 1139 -2
38 1186 -2
38 1288 -2
38 1455 -2
38 1521 -2
38 1570 -2
38 1571 -2
38 1618 -2
38 1650 -2
38 1721 2
38 1724 2
38 1745 2
38 1762 -2
38 1845 -2
38 1942 -2
38 1954 2
38 59 -2
38 67 -2
38 93 2
38 188 -2
38 316 -2
38 384 -2
38 404 2
38 626 2
38 656 -2
38 1207 -2
38 1276 2
38 1408 -2
38 1432 2
38 1641 -2
38 1897 -2
39 44 2
39 104 -2
39 200 2
39 211 2
39 298 -2
39 452 -2
39 494 -2
39 629 -2
39 802 -2
39 817 -2
39 1130 -2
39 1261 -2
39 1518 2
39 63 -2
39 427 2
39 822 -2
39 999 2
39 1156 2
39 1435 2
39 1535 2
39 1646 2
39 1808 2
39 1849 -2
39 1916 2
40 46 2
40 54 2
40 77 2
40 103 -2
40 183 -2
40 252 -2
40 290 2
40 449 2
40 501 -2
40 524 -2
40 672 -2
40 857 2
40 861 -2
40 875 2
40 928 2
40 979 2
40 984 -2
40 1189 -2
40 1333 -2
40 1340 2
40 1397 2
40 1501 -2
40 1620 -2
40 1720 -2
40 1933 2
40 107 2
40 114 2
40 233 -2
40 297 -2
40 308 -2
40 514 2
40 536 2
40 872 -2
40 960 2
40 1033 2
40 1286 2
40 1300 -2
40 1573 2
40 1644 2
41 111 2
41 198 -2
41 324 2
41 356 2
41 361 2
41 362 2
41 420 -2
41 580 2
41 605 2
41 638 2
41 665 2
41 831 2
41 922 -2
41 1023 -2
41 1109 -2
41 1373 -2
41 1488 2
41 1793 2
41 43 2
41 46 2
41 54 2
41 66 -2
41 79 2
41 98 2
41 101 2
41 138 -2
41 151 2
41 157 2
41 187 -2
41 201 2
41 217 2
41 240 2
41 247 -2
41 250 -2
41 261 -2
41 278 -2
41 279 2
41 292 2
41 293 -2
41 302 2
41 311 -2
41 328 -2
41 367 -2
41 474 2
41 530 2
41 560 -2
41 568 -2
41 623 -2
41 692 2
41 747 -2
41 861 2
41 886 2
41 995 -2
41 1010 -2
41 1026 2
41 1096 -2
41 1123 2
41 1165 -2
41 1192 2
41 1345 2
41 1397 2
41 1412 -2
41 1520 2
41 1533 2
41 1595 -2
41 1626 -2
41 1735 -2
41 1831 -2
41 1909 2
41 1918 2
42 67 -2
42 76 -2
42 94 -2
42 219 -2
42 284 -2
42 328 -2
42 382 -2
42 468 2
42 523 -2
42 590 2
42 667 2
42 703 2
42 748 -2
42 766 -2
42 795 -2
42 800 -2
42 912 -2
42 914 -2
42 937 2
42 998 2
42 1036 2
42 1066 -2
42 1069 2
42 1329 2
42 1644 -2
42 1732 2
42 1821 2
42 1968 2
42 60 2
42 147 2
43 52 -2
43 71 -2
43 75 2
43 106 -2
43 119 2
43 150 -2
43 203 2
43 231 2
43 343 2
43 366 -2
43 465 2
43 628 2
43 719 2
43 738 -2
43 999 2
43 1053 2
43 1258 2
43 1297 2
43 1452 -2
43 1462 2
43 201 -2
43 217 -2
43 247 2
43 250 -2
43 279 2
43 950 2
43 978 2
43 1139 2
43 1165 2
43 1433 2
43 1439 -2
43 1777 2
44 143 2
44 197 2
44 354 2
44 1001 -2
44 1028 2
44 65 2
44 76 -2
44 120 -2
44 123 2
44 146 -2
44 448 2
44 475 2
44 520 -2
44 523 -2
44 552 2
44 685 2
44 742 -2
44 772 2
44 952 2
44 1329 2
44 1602 2
44 1642 2
44 1757 -2
44 1790 2
44 1934 -2
45 65 2
45 118 -2
45 167 2
45 170 -2
45 188 2
45 191 -2
45 228 2
45 229 2
45 268 2
45 308 2
45 650 2
45 675 -2
45 713 -2
45 1334 -2
45 1371 -2
45 1608 -2
45 1704 -2
45 1777 2
45 1890 -2
45 50 2
45 126 2
45 405 -2
45 1151 -2
45 1208 -2
46 77 2
46 290 -2
46 875 -2
46 1088 2
46 1136 -2
46 1139 2
46 1275 -2
46 1519 2
46 1620 -2
46 54 -2
46 79 -2
46 80 -2
46 99 2
46 129 2
46 133 2
46 142 2
46 151 -2
46 167 -2
46 174 -2
46 240 2
46 243 -2
46 302 -2
46 340 2
46 363 2
46 383 -2
46 387 2
46 457 2
46 489 -2
46 535 -2
46 609 -2
46 624 2
46 869 -2
46 887 2
46 888 -2
46 969 2
46 1015 2
46 1237 2
46 1277 -2
46 1304 2
46 1311 -2
46 1325 2
46 1356 2
46 1379 2
46 1990 2
46 1502 -2
46 1656 -2
46 1812 -2
47 50 2
47 64 -2
47 156 -2
47 157 -2
47 285 2
47 302 -2
47 321 2
47 348 2
47 349 -2
47 376 2
47 453 -2
47 506 -2
47 544 -2
47 563 2
47 626 2
47 655 -2
47 664 2
47 699 -2
47 762 -2
47 905 2
47 948 2
47 997 -2
47 1058 -2
47 1062 -2
47 1117 2
47 1983 2
47 1164 -2
47 1289 2
47 1344 -2
47 1387 -2
47 1395 2
47 1412 2
47 1516 2
47 1582 2
47 1751 -2
47 1830 2
47 1858 -2
47 1903 -2
47 49 2
47 96 2
47 117 2
47 144 -2
47 206 -2
47 210 2
47 289 2
47 303 2
47 306 -2
47 319 2
47 373 2
47 481 2
47 596 2
47 666 2
47 674 -2
47 771 2
47 810 -2
47 850 2
47 943 -2
47 963 2
47 1021 -2
47 1225 2
47 1341 -2
47 1445 -2
47 1513 2
47 1639 2
47 1930 -2
48 49 -2
48 78 -2
48 86 -2
48 107 -2
48 130 2
48 144 2
48 174 2
48 222 -2
48 242 -2
48 300 -2
48 307 -2
48 311 -2
48 319 2
48 332 -2
48 342 -2
48 1986 -2
48 415 2
48 421 -2
48 1992 -2
48 640 -2
48 656 2
48 788 -2
48 847 2
48 1111 2
48 1255 -2
48 1326 -2
48 1363 -2
48 1508 2
48 1523 -2
48 1524 2
48 1534 -2
48 1629 -2
48 1659 -2
48 1786 2
48 1923 -2
48 55 2
48 216 2
48 556 -2
48 1012 2
48 1490 2
49 78 -2
49 81 -2
49 107 2
49 130 -2
49 139 2
49 1988 -2
49 286 2
49 329 2
49 342 2
49 415 2
49 426 2
49 479 2
49 514 -2
49 545 -2
49 774 -2
49 908 -2
49 1098 2
49 1123 -2
49 1508 2
49 1534 -2
49 1541 2
49 1557 2
49 1584 -2
49 1588 -2
49 1639 2
49 1665 2
49 1676 2
49 1740 2
49 1939 2
49 1973 2
49 206 2
49 210 -2
49 277 2
49 854 -2
50 53 2
50 64 2
50 72 2
50 146 2
50 302 -2
50 321 -2
50 751 2
50 1071 -2
50 1203 2
50 1506 2
50 1516 -2
50 1734 -2
50 106 -2
50 126 -2
50 1151 -2
50 1208 2
50 1382 -2
50 1489 -2
50 1630 2
51 140 2
51 254 -2
51 277 -2
51 278 2
51 522 2
51 700 -2
51 880 -2
51 1097 -2
51 1200 2
51 1414 2
51 1457 -2
51 1495 -2
51 1587 -2
51 1953 2
51 75 2
51 218 -2
51 235 2
51 288 2
51 301 2
51 313 2
51 456 2
51 694 2
51 984 2
51 1131 2
51 1357 -2
51 1804 2
52 150 -2
52 203 2
52 247 -2
52 398 -2
52 432 2
52 472 -2
52 504 -2
52 628 -2
52 749 2
52 1124 2
52 1211 2
52 1237 -2
52 1531 2
52 1946 -2
52 56 2
52 408 2
52 413 -2
52 1394 2
52 1476 -2
52 1993 2
52 1609 -2
52 1611 -2
52 1834 -2
53 72 2
53 92 -2
53 275 2
53 344 2
53 615 2
53 677 2
53 1646 -2
53 103 2
53 131 -2
53 155 2
53 208 2
53 220 -2
53 245 -2
53 253 2
53 268 2
53 324 2
53 412 -2
53 441 -2
53 521 2
53 573 2
53 606 -2
53 617 2
53 687 2
53 730 -2
53 760 2
53 764 -2
53 765 -2
53 773 2
53 792 2
53 818 -2
53 873 2
53 897 2
53 1036 -2
53 1049 -2
53 1056 -2
53 1200 -2
53 1284 -2
53 1312 2
53 1392 -2
53 1673 -2
53 1719 -2
53 1726 -2
53 1943 2
54 132 -2
54 183 2
54 1758 2
54 79 -2
54 98 2
54 99 -2
54 129 2
54 138 2
54 175 -2
54 278 -2
54 436 2
54 439 2
54 449 -2
54 489 -2
54 718 2
54 1237 -2
54 1304 2
54 1356 2
54 1379 -2
54 1499 2
54 1517 -2
54 1614 -2
54 1682 -2
54 1766 2
55 56 2
55 394 -2
55 402 -2
55 412 2
55 442 2
55 759 2
55 925 -2
55 1352 2
55 1484 -2
55 1560 2
55 1673 -2
55 58 2
55 216 2
55 298 -2
55 491 -2
55 556 2
55 559 -2
55 690 -2
55 841 -2
55 1370 -2
55 1556 -2
55 1710 2
55 1782 2
55 1842 2
55 1865 2
55 1885 2
56 394 2
56 412 -2
56 609 2
56 925 2
56 1009 2
56 1021 -2
56 1673 -2
56 1798 -2
56 195 2
56 267 2
56 284 -2
56 408 -2
56 688 -2
56 1394 -2
57 69 2
57 70 -2
57 89 2
57 243 2
57 267 -2
57 279 -2
57 292 2
57 384 2
57 600 2
57 635 -2
57 643 2
57 648 -2
57 739 -2
57 1074 2
57 1149 2
57 1191 2
57 61 2
57 87 -2
57 249 2
57 393 -2
57 562 -2
57 819 -2
57 1004 -2
57 1239 -2
57 1893 2
58 297 -2
58 1010 2
58 1210 -2
58 1243 -2
58 1292 2
58 1440 2
58 1761 -2
58 1819 -2
58 1900 -2
58 298 -2
58 337 -2
58 893 -2
58 1148 2
58 1253 -2
58 1565 -2
58 1700 2
58 1710 -2
58 1842 -2
59 1928 2
59 188 2
59 271 -2
59 385 2
59 497 -2
59 769 -2
59 1093 -2
59 1641 -2
59 1689 2
59 1856 -2
59 1952 2
60 121 -2
60 136 -2
60 153 -2
60 164 -2
60 235 -2
60 331 -2
60 347 -2
60 438 -2
60 484 -2
60 589 2
60 974 2
60 1276 2
60 1315 -2
60 1611 -2
60 1859 2
60 203 -2
60 228 -2
60 270 -2
60 1722 2
61 273 2
61 476 2
61 939 -2
61 1668 2
61 156 -2
61 300 2
61 452 2
61 516 2
61 562 2
61 563 2
61 809 -2
61 819 -2
61 1182 2
61 1564 2
62 87 -2
62 171 2
62 178 -2
62 385 -2
62 399 -2
62 408 -2
62 623 2
62 786 2
62 821 2
62 1436 2
62 1594 -2
62 1603 2
62 1741 -2
62 1926 2
62 607 -2
63 131 2
63 227 -2
63 572 2
63 687 -2
63 975 2
63 1248 -2
63 305 2
63 586 -2
63 822 2
63 987 -2
63 1024 2
63 1808 -2
64 146 2
64 213 2
64 214 -2
64 223 2
64 274 -2
64 321 -2
64 348 -2
64 349 -2
64 453 -2
64 493 2
64 602 2
64 706 -2
64 842 -2
64 850 2
64 855 2
64 930 -2
64 971 2
64 1029 -2
64 1047 -2
64 1062 -2
64 1140 -2
64 1164 2
64 1506 -2
64 1838 -2
64 68 2
64 70 2
64 82 -2
64 86 2
64 115 2
64 160 2
64 173 2
64 304 -2
64 382 -2
64 417 -2
64 644 2
64 653 -2
64 724 -2
64 727 -2
64 777 -2
64 803 2
64 882 2
64 1212 2
64 1319 -2
64 1324 2
64 1402 2
64 1491 -2
64 1632 2
64 1779 2
64 1800 2
64 1877 2
64 1953 2
65 167 -2
65 170 2
65 268 -2
65 308 2
65 650 2
65 675 2
65 767 2
65 1777 -2
65 1890 2
65 123 2
65 146 -2
65 475 2
65 552 2
65 600 2
65 742 2
65 1446 -2
65 1485 -2
65 1570 2
65 1757 2
65 1841 2
66 73 2
66 101 -2
66 102 -2
66 157 2
66 357 -2
66 492 -2
66 582 2
66 595 -2
66 692 -2
66 824 -2
66 993 2
66 1000 2
66 1010 2
66 1031 2
66 1059 -2
66 1136 2
66 1258 2
66 1270 -2
66 1292 -2
66 1375 -2
66 1437 -2
66 1665 -2
66 1778 -2
66 1817 2
66 1833 -2
66 1845 -2
67 219 -2
67 253 2
67 282 -2
67 284 2
67 328 2
67 389 -2
67 468 2
67 654 2
67 667 2
67 680 -2
67 705 -2
67 710 -2
67 758 2
67 873 -2
67 1015 -2
67 1066 -2
67 1205 2
67 1252 -2
67 1829 2
67 1965 2
67 71 2
67 93 2
67 404 -2
67 626 2
67 630 2
67 707 2
67 740 2
67 929 -2
67 1043 2
67 1376 -2
67 1377 2
67 1698 -2
68 86 -2
68 136 2
68 185 -2
68 348 2
68 386 2
68 417 2
68 882 2
68 883 2
68 1044 2
68 1158 2
68 1448 -2
68 1694 2
68 1796 -2
69 89 -2
69 243 2
69 262 -2
69 384 2
69 410 2
69 508 -2
69 560 2
69 591 -2
69 648 2
69 843 2
69 901 -2
69 966 2
69 1040 2
69 1283 -2
69 1465 -2
69 1713 2
69 1883 2
69 339 2
69 445 -2
69 793 -2
69 1317 -2
70 122 2
70 215 2
70 279 2
70 333 -2
70 334 2
70 716 2
70 1120 2
70 1264 2
70 1293 -2
70 1374 2
70 1590 2
70 1860 2
70 82 -2
70 115 -2
70 176 2
70 177 -2
70 281 -2
70 382 -2
70 443 2
70 611 2
70 634 2
70 645 -2
70 647 2
70 655 -2
70 733 -2
70 756 -2
70 759 2
70 803 -2
70 958 2
70 961 -2
70 1261 2
70 1431 -2
70 1454 2
70 1964 -2
70 1979 -2
71 75 2
71 106 2
71 196 2
71 225 -2
71 343 2
71 1994 -2
71 719 2
71 952 2
71 999 -2
71 1085 2
71 1217 -2
71 1514 -2
71 1529 -2
71 1749 2
71 1841 2
71 929 -2
71 1897 2
72 92 -2
72 142 2
72 148 -2
72 152 -2
72 216 -2
72 551 2
72 555 -2
72 610 -2
72 909 2
72 1071 -2
72 1177 2
72 1394 2
72 1737 -2
72 78 2
72 827 2
72 1285 -2
72 1690 -2
73 83 -2
73 133 2
73 180 2
73 206 -2
73 234 2
73 260 2
73 309 -2
73 350 2
73 513 2
73 519 -2
73 568 2
73 596 -2
73 735 -2
73 736 -2
73 745 2
73 757 -2
73 770 2
73 799 -2
73 820 2
73 893 2
73 1208 -2
73 1424 -2
73 1486 -2
73 1498 -2
73 1522 2
73 1542 2
73 1555 2
73 1578 -2
73 1631 -2
73 1632 -2
73 1934 2
73 102 2
73 110 -2
73 204 -2
73 212 2
73 334 -2
73 357 2
73 703 -2
73 1009 -2
73 1059 -2
73 1071 -2
73 1759 -2
73 1840 -2
74 114 2
74 159 -2
74 712 -2
74 938 -2
74 1256 2
74 1325 -2
74 1681 -2
74 881 -2
74 1091 2
74 1427 2
74 1905 2
75 119 -2
75 154 -2
75 225 2
75 295 -2
75 343 2
75 533 -2
75 597 2
75 746 2
75 869 -2
75 1341 -2
75 1529 2
75 140 -2
75 178 2
75 288 -2
75 301 -2
75 468 -2
75 503 2
75 507 2
75 833 2
75 1183 2
75 1230 -2
75 1287 -2
75 1298 -2
75 1301 2
75 1380 -2
75 1395 -2
75 1652 -2
75 1805 2
75 1907 2
76 94 2
76 128 -2
76 416 2
76 483 2
76 523 2
76 547 2
76 771 2
76 912 2
76 1069 -2
76 1143 -2
76 1227 2
76 1378 2
76 1765 -2
76 1977 2
76 120 -2
77 103 -2
77 124 2
77 246 2
77 252 -2
77 276 2
77 979 -2
77 1139 -2
77 1239 2
77 1318 2
77 1475 2
77 1616 -2
77 1954 2
77 89 -2
77 97 2
77 113 2
77 148 2
77 172 -2
77 219 -2
77 227 -2
77 290 2
77 320 -2
77 453 -2
77 499 -2
77 601 -2
77 714 2
77 820 2
77 941 2
77 1089 -2
77 1097 -2
77 1545 -2
77 1640 -2
77 1928 2
78 86 -2
78 91 -2
78 107 2
78 139 2
78 202 -2
78 226 -2
78 300 2
78 341 -2
78 346 -2
78 486 2
78 552 2
78 581 2
78 588 -2
78 1992 2
78 640 -2
78 642 2
78 670 2
78 754 2
78 803 2
78 832 2
78 969 2
78 1035 2
78 1118 2
78 1255 -2
78 1354 2
78 1369 -2
78 1597 2
78 1652 -2
78 1757 2
78 1851 2
78 1923 -2
78 827 -2
78 1285 -2
79 244 2
79 318 2
79 532 -2
79 561 2
79 907 2
79 1180 -2
79 1679 2
79 1691 2
79 99 -2
79 133 -2
79 149 2
79 151 -2
79 175 2
79 197 2
79 202 -2
79 243 -2
79 263 2
79 278 2
79 325 2
79 340 2
79 349 2
79 360 2
79 374 2
79 418 2
79 430 2
79 438 -2
79 535 -2
79 568 -2
79 860 -2
79 1397 2
79 1502 2
79 1734 2
79 1973 -2
80 108 2
80 113 2
80 120 -2
80 168 2
80 201 2
80 208 2
80 306 2
80 323 -2
80 339 2
80 407 2
80 430 2
80 564 2
80 949 -2
80 1054 -2
80 1075 2
80 1215 -2
80 1249 -2
80 1308 -2
80 1389 -2
80 1820 2
80 118 -2
80 141 2
80 167 2
80 174 2
80 254 2
80 260 -2
80 341 2
80 406 2
80 470 -2
80 506 2
80 583 2
80 624 2
80 667 2
80 676 2
80 728 -2
80 766 2
80 800 -2
80 838 2
80 853 2
80 887 2
80 901 -2
80 1013 2
80 1141 2
80 1145 2
80 1197 -2
80 1236 2
80 1255 -2
80 1264 -2
80 1387 2
80 1524 2
80 1620 -2
80 1656 2
80 1738 2
80 1749 -2
80 1753 2
80 1876 2
80 1982 -2
81 151 2
81 355 2
81 652 -2
81 776 -2
81 789 2
81 827 -2
81 1098 -2
81 1367 2
81 1446 -2
81 1450 -2
81 1489 2
81 1665 2
81 105 2
81 116 -2
81 246 -2
81 280 2
81 342 -2
81 345 -2
81 369 -2
81 494 2
81 584 2
81 745 2
81 923 -2
81 936 2
81 1080 -2
81 1092 -2
81 1209 -2
81 1265 -2
81 1372 2
81 1426 2
81 1511 2
81 1544 2
81 1712 -2
81 1731 2
81 1794 2
81 1820 2
81 1829 -2
81 1888 -2
82 95 -2
82 102 2
82 115 -2
82 155 2
82 169 -2
82 199 -2
82 251 -2
82 427 -2
82 444 2
82 446 2
82 606 2
82 787 2
82 956 -2
82 996 2
82 1005 -2
82 1084 -2
82 1198 -2
82 1345 -2
82 1470 -2
82 1493 -2
82 1503 2
82 1509 -2
82 1662 2
82 1674 2
82 1911 -2
82 176 -2
82 702 2
82 803 2
82 940 2
82 1632 2
83 110 -2
83 133 2
83 180 -2
83 185 -2
83 241 -2
83 281 2
83 345 -2
83 413 2
83 495 2
83 499 -2
83 503 -2
83 516 2
83 568 2
83 607 2
83 753 -2
83 848 -2
83 1004 2
83 1092 -2
83 1113 2
83 1336 -2
83 1343 2
83 1574 -2
83 1578 -2
83 1601 -2
83 1705 -2
83 1996 2
83 1785 2
83 1925 -2
83 108 -2
83 192 2
83 199 2
83 275 -2
83 874 -2
83 894 -2
83 1030 2
83 1057 2
83 1068 2
83 1124 2
83 1260 -2
83 1610 2
83 1702 -2
83 1870 2
84 97 -2
84 212 -2
84 256 -2
84 294 2
84 326 2
84 375 -2
84 428 -2
84 488 2
84 723 -2
84 849 -2
84 881 -2
84 953 -2
84 985 -2
84 1006 -2
84 1121 -2
84 1172 2
84 1416 2
84 1589 2
84 1655 2
84 1823 -2
84 1898 2
84 1964 -2
84 95 -2
84 134 2
84 414 -2
84 539 2
84 741 -2
84 1622 2
85 100 -2
85 283 2
85 541 2
85 1423 -2
85 1540 2
85 124 -2
85 127 2
85 135 2
85 170 2
85 189 -2
85 198 2
85 285 2
85 318 2
85 398 2
85 898 -2
85 910 -2
85 1087 -2
85 1205 2
85 1568 -2
85 1861 2
85 1937 2
85 1965 -2
86 91 2
86 125 2
86 137 -2
86 144 -2
86 194 2
86 242 2
86 272 2
86 311 2
86 332 2
86 374 2
86 562 2
86 1000 -2
86 1103 -2
86 1406 -2
86 1836 2
86 160 2
86 386 -2
86 417 2
86 653 2
86 724 2
86 1008 2
86 1158 2
86 1877 -2
87 178 2
87 207 -2
87 310 2
87 397 2
87 433 2
87 527 2
87 725 -2
87 821 -2
87 988 2
87 1093 2
87 1100 -2
87 1313 2
87 1577 2
87 1603 2
87 249 2
87 393 2
87 1004 2
87 1893 -2
88 162 2
88 1125 2
88 1132 2
88 1216 -2
88 1401 -2
88 400 2
88 437 -2
88 621 -2
88 734 -2
88 823 2
88 1163 2
89 384 -2
89 410 -2
89 901 2
89 966 2
89 1614 -2
89 97 -2
89 128 -2
89 165 -2
89 166 2
89 172 -2
89 179 2
89 191 -2
89 219 2
89 242 -2
89 251 2
89 290 -2
89 331 2
89 350 2
89 365 2
89 407 2
89 421 2
89 501 -2
89 542 2
89 601 2
89 619 2
89 660 -2
89 933 2
89 1006 2
89 1047 -2
89 1187 2
89 1220 2
89 1456 -2
89 1683 -2
89 1748 -2
89 1836 -2
89 1895 -2
90 570 2
90 181 -2
90 184 -2
90 213 -2
90 256 2
90 287 2
90 689 -2
90 895 2
90 967 -2
90 977 2
90 1178 -2
90 1538 -2
90 1631 -2
90 1635 -2
90 1681 -2
90 1713 2
90 1976 2
91 125 -2
91 202 -2
91 437 2
91 1851 -2
91 276 -2
91 471 2
91 935 2
91 1243 2
92 142 2
92 192 2
92 275 2
92 289 -2
92 344 -2
92 369 2
92 555 2
92 624 2
92 633 -2
92 677 2
92 954 -2
92 1134 -2
92 1246 -2
92 1451 -2
92 1543 -2
92 1962 2
92 109 -2
92 161 -2
92 182 -2
92 214 2
92 403 -2
92 553 2
92 566 2
92 1995 -2
92 846 -2
92 902 -2
92 908 -2
92 981 2
92 1297 -2
92 1354 2
92 1647 2
93 98 -2
93 117 2
93 147 2
93 160 2
93 182 2
93 210 2
93 224 2
93 340 2
93 411 2
93 414 2
93 691 2
93 853 2
93 906 2
93 976 2
93 1055 -2
93 1168 2
93 1405 2
93 1430 2
93 1699 -2
93 1813 -2
93 1831 2
93 404 -2
93 565 2
93 630 -2
93 707 -2
93 1988 2
93 1043 2
93 1094 -2
93 1432 -2
93 1940 2
94 416 -2
94 523 2
94 748 -2
94 1036 2
94 112 2
94 122 2
94 355 2
94 362 -2
94 429 -2
94 482 2
94 706 2
94 939 2
94 1169 2
94 1374 -2
94 1746 2
94 1962 2
95 155 2
95 218 2
95 259 2
95 338 -2
95 1250 2
95 111 -2
95 134 2
95 211 2
95 395 2
95 414 -2
95 612 -2
95 752 -2
95 753 -2
95 859 2
95 899 2
95 1011 -2
95 1914 -2
96 141 -2
96 165 2
96 238 2
96 360 2
96 400 2
96 509 2
96 586 -2
96 697 -2
96 805 2
96 811 2
96 1030 -2
96 1409 2
96 1649 2
96 1782 2
96 1788 -2
96 1875 -2
96 1961 -2
96 117 2
96 223 2
96 229 2
96 289 -2
96 461 -2
96 481 2
96 543 2
96 666 2
96 986 -2
96 1070 -2
96 1445 -2
96 1557 2
96 1623 -2
96 1772 2
97 212 -2
97 256 -2
97 294 -2
97 428 2
97 1159 -2
97 1537 -2
97 1589 2
97 128 -2
97 191 2
97 219 2
97 248 2
97 251 -2
97 350 -2
97 499 2
97 519 -2
97 544 -2
97 616 2
97 855 2
97 1081 -2
97 1185 2
97 1429 -2
97 1547 -2
97 1723 -2
97 1725 2
97 1871 2
97 1895 2
97 1970 2
98 134 -2
98 147 -2
98 160 2
98 620 -2
98 886 2
98 1576 -2
98 1746 -2
98 138 2
98 187 2
98 293 -2
98 493 -2
98 530 2
98 736 2
98 802 2
98 932 2
98 1266 -2
98 1412 2
98 1682 2
99 177 2
99 304 -2
99 322 2
99 500 2
99 653 -2
99 755 -2
99 836 2
99 1269 -2
99 1321 -2
99 1606 -2
99 1775 2
99 129 2
99 133 -2
99 142 -2
99 149 2
99 175 2
99 196 -2
99 197 2
99 231 2
99 239 2
99 374 2
99 432 2
99 436 -2
99 439 -2
99 449 2
99 555 -2
99 574 2
99 590 2
99 604 -2
99 680 -2
99 718 -2
99 751 2
99 798 -2
99 1117 2
99 1251 2
99 1410 2
99 1618 -2
99 1633 2
99 1691 2
99 1728 2
99 1880 2
99 1938 2
100 112 -2
100 283 -2
100 288 -2
100 434 2
100 539 -2
100 541 2
100 543 2
100 781 -2
100 822 -2
100 854 -2
100 964 -2
100 968 2
100 1199 -2
100 1360 2
100 1390 -2
100 1491 -2
100 1540 -2
100 1605 -2
100 1615 2
100 1930 2
100 164 2
100 420 -2
100 478 -2
100 640 2
100 737 -2
100 812 2
100 1061 -2
100 1152 -2
100 1351 -2
100 1460 2
100 1920 2
101 921 -2
101 987 2
101 692 2
101 1031 2
101 1258 2
101 1292 2
101 1437 2
101 1665 2
102 115 -2
102 116 -2
102 236 2
102 251 2
102 444 -2
102 446 2
102 910 -2
102 1084 -2
102 1198 -2
102 1236 2
102 1725 2
102 357 -2
102 492 2
102 582 2
102 595 2
102 703 -2
102 824 2
103 124 -2
103 252 -2
103 449 -2
103 861 2
103 984 2
103 1039 -2
103 1239 2
103 1318 2
103 1397 2
103 1399 2
103 1455 2
103 1474 -2
103 1475 -2
103 1721 -2
103 1933 2
103 131 2
103 412 -2
103 615 2
103 687 2
103 730 2
103 1585 2
103 1956 2
104 211 -2
104 452 -2
104 457 -2
104 478 2
104 569 -2
104 802 2
104 845 -2
104 992 -2
104 1381 2
104 444 -2
104 463 2
104 789 2
104 837 -2
104 1189 2
104 1688 -2
105 135 -2
105 187 -2
105 367 -2
105 460 2
105 1173 2
105 1383 2
105 1427 -2
105 1692 2
105 1824 2
105 1846 2
105 119 -2
105 336 2
105 345 2
105 346 -2
105 745 2
105 1228 2
105 1294 2
105 1549 2
105 1586 2
105 1741 -2
105 1820 -2
105 1919 2
106 366 -2
106 619 2
106 1085 2
106 1258 -2
106 1547 -2
106 1893 -2
106 1489 -2
106 1494 2
107 130 2
107 139 2
107 226 2
107 255 2
107 286 2
107 300 -2
107 329 2
107 346 -2
107 426 2
107 431 2
107 448 -2
107 479 -2
107 486 -2
107 581 -2
107 649 2
107 777 2
107 782 -2
107 830 2
107 832 -2
107 943 2
107 1987 -2
107 1051 2
107 1195 -2
107 1997 2
107 1316 2
107 1435 -2
107 1584 -2
107 114 2
107 233 -2
107 282 2
107 379 2
107 462 2
107 495 -2
107 504 -2
107 657 -2
107 776 -2
107 864 -2
107 872 2
107 960 2
107 1104 -2
107 1130 -2
107 1234 2
107 1286 2
107 1327 2
107 1350 2
107 1363 -2
107 1619 -2
108 173 -2
108 351 2
108 490 -2
108 1146 -2
108 1215 2
108 1306 2
108 1364 -2
108 1496 -2
108 199 2
108 554 2
108 874 2
108 1057 2
108 1084 -2
108 1179 2
108 1260 -2
108 1638 2
109 158 -2
109 209 -2
109 239 -2
109 270 -2
109 327 -2
109 336 -2
109 405 -2
109 535 -2
109 676 2
109 707 -2
109 708 2
109 826 -2
109 1042 2
109 1077 -2
109 1285 2
109 1774 2
109 1850 2
109 1853 -2
109 182 2
109 403 -2
109 1999 -2
109 566 2
109 679 -2
109 902 2
109 1166 2
109 1661 2
109 1803 -2
109 1835 -2
109 1879 -2
109 1921 -2
110 180 2
110 206 2
110 233 2
110 345 2
110 377 2
110 495 2
110 503 2
110 935 2
110 1096 2
110 1368 -2
110 1445 -2
110 1447 -2
110 1785 2
110 1871 2
110 204 -2
110 695 -2
110 1316 2
110 1733 -2
111 261 2
111 362 2
111 507 -2
111 580 -2
111 665 -2
111 922 2
111 1012 2
111 1391 -2
111 1826 2
111 211 -2
111 283 -2
111 343 2
111 353 2
111 411 -2
111 423 2
111 467 -2
111 558 2
111 1132 -2
111 1172 2
111 1381 -2
111 1422 2
111 1998 -2
112 288 -2
112 543 2
112 781 2
112 1309 -2
112 1390 -2
112 355 -2
112 482 -2
112 567 -2
112 706 -2
113 120 -2
113 201 2
113 208 -2
113 313 -2
113 407 2
113 518 2
113 564 -2
113 806 2
113 876 2
113 1138 2
113 1231 2
113 1947 2
113 1976 2
113 148 2
113 402 2
113 522 2
113 714 -2
113 786 2
113 941 2
113 1035 -2
113 1196 -2
113 1500 2
114 161 -2
114 393 2
114 574 2
114 1790 -2
114 233 -2
114 282 -2
114 297 2
114 379 2
114 422 2
114 462 -2
114 495 -2
114 504 -2
114 514 -2
114 649 2
114 650 2
114 671 2
114 673 -2
114 704 -2
114 799 -2
114 918 2
114 1125 2
114 1175 -2
114 1327 -2
114 1573 -2
115 1084 2
115 1236 -2
115 1493 -2
115 1725 -2
115 382 -2
115 759 2
115 958 2
115 1212 -2
115 1289 -2
115 1491 -2
116 204 2
116 236 -2
116 1182 -2
116 1271 -2
116 1647 -2
116 310 2
116 342 2
116 557 -2
116 625 2
116 686 2
116 923 -2
116 1248 -2
116 1400 2
117 172 -2
117 182 2
117 320 2
117 357 2
117 373 -2
117 414 -2
117 470 2
117 976 2
117 1094 -2
117 1286 -2
117 1929 -2
117 289 -2
117 303 -2
117 319 -2
117 810 2
117 1409 2
117 1772 2
117 1872 -2
117 1902 2
118 188 -2
118 191 2
118 240 2
118 390 -2
118 715 2
118 856 2
118 1063 -2
118 1213 2
118 1991 -2
118 1626 -2
118 1784 2
118 1861 -2
118 141 -2
118 180 -2
118 378 2
118 502 -2
118 513 2
118 545 -2
118 551 -2
118 635 -2
118 664 2
118 800 -2
118 968 -2
118 975 2
118 1069 -2
118 1751 2
118 1823 -2
119 154 2
119 231 -2
119 295 2
119 644 -2
119 765 2
119 891 2
119 931 2
119 991 2
119 1376 -2
119 1380 -2
119 1817 2
119 1837 2
119 1931 -2
119 1948 2
119 336 -2
119 352 2
119 364 2
119 1063 2
119 1321 -2
120 201 -2
120 339 -2
120 430 -2
120 469 2
120 612 -2
120 763 2
120 806 -2
120 949 -2
120 1067 2
120 1075 -2
120 1174 2
120 1253 2
120 1938 2
120 1976 -2
120 435 -2
120 448 2
120 685 -2
120 907 -2
120 952 -2
120 983 -2
120 1195 2
120 1423 2
120 1440 2
120 1558 2
120 1578 -2
120 1602 -2
120 1642 2
120 1773 2
121 335 2
121 337 -2
121 1859 2
121 215 -2
121 238 -2
121 440 -2
121 571 -2
121 598 -2
121 1199 2
121 1254 2
121 1736 2
121 1858 2
122 193 2
122 215 -2
122 333 -2
122 334 2
122 387 2
122 388 2
122 492 2
122 622 -2
122 743 -2
122 941 2
122 1037 2
122 1112 2
122 1120 2
122 1264 2
122 1962 2
123 127 -2
123 129 2
123 1434 -2
123 146 2
123 520 -2
123 600 -2
124 246 2
124 583 -2
124 1061 -2
124 1239 2
124 1288 2
124 1616 -2
124 1721 -2
124 153 2
124 158 2
124 170 2
124 186 2
124 226 2
124 237 2
124 264 -2
124 381 -2
124 397 -2
124 473 2
124 898 2
124 956 -2
124 1072 2
124 1365 -2
124 1459 2
124 1463 2
124 1590 -2
125 137 2
125 176 -2
125 314 2
125 374 2
125 436 -2
125 474 2
125 693 2
125 1119 2
125 1438 2
125 1487 -2
125 145 2
125 150 2
125 258 2
125 323 -2
125 1997 2
125 577 2
125 620 -2
125 682 -2
125 828 -2
125 970 2
125 1027 2
125 1525 -2
126 646 -2
126 405 -2
126 712 -2
126 1019 -2
127 129 2
127 392 2
127 1666 -2
127 189 2
127 938 -2
127 1066 2
127 1232 -2
127 1509 2
127 1568 2
128 190 -2
128 205 2
128 477 2
128 483 2
128 771 -2
128 829 2
128 887 2
128 1137 2
128 1147 -2
128 1234 -2
128 1379 -2
128 1949 -2
128 165 -2
128 248 -2
128 616 2
128 855 2
128 973 2
128 1970 2
129 439 2
129 1304 2
129 1614 -2
130 286 -2
130 448 2
130 649 -2
130 782 2
130 1277 2
130 1303 2
130 1534 -2
130 1973 2
130 209 -2
130 241 -2
130 244 -2
130 314 2
130 332 -2
130 496 -2
130 498 -2
130 517 2
130 662 2
130 768 2
130 788 -2
130 814 2
130 1149 -2
130 1210 -2
130 1224 2
130 1257 2
130 1470 -2
130 1580 -2
130 1764 2
130 1785 2
131 227 -2
131 572 -2
131 687 -2
131 796 2
131 878 2
131 1065 2
131 1314 2
131 1789 2
131 412 2
131 615 -2
131 749 2
131 1956 -2
132 1758 -2
132 312 2
132 399 -2
132 928 2
132 1098 2
132 1313 -2
132 1347 -2
132 1414 -2
132 1598 2
133 185 2
133 770 -2
133 1578 2
133 142 2
133 149 -2
133 196 2
133 239 2
133 243 -2
133 387 -2
133 438 2
133 1981 -2
133 888 -2
133 912 2
133 969 2
133 1280 2
133 1707 2
134 184 -2
134 305 -2
134 440 2
134 454 2
134 496 -2
134 694 -2
134 740 -2
134 1233 -2
134 1889 -2
134 395 2
134 414 -2
134 612 -2
134 741 2
134 842 2
134 899 2
134 1424 2
134 1617 -2
135 187 -2
135 367 2
135 947 2
135 1016 -2
135 1153 -2
135 1322 2
135 1714 2
135 198 2
135 658 2
135 659 -2
135 780 2
135 1478 2
136 164 -2
136 484 -2
136 589 -2
136 974 2
136 1382 2
136 1520 -2
136 1611 2
136 185 -2
136 348 -2
136 529 -2
136 883 2
136 1116 -2
136 1448 -2
136 1796 2
137 176 2
137 374 -2
137 436 2
137 462 -2
137 474 -2
137 693 -2
137 1000 -2
137 1103 2
137 1185 2
137 1235 -2
137 1438 -2
137 1711 -2
137 472 2
137 708 2
137 725 -2
137 783 2
137 1217 2
137 1670 -2
138 175 -2
138 195 2
138 395 -2
138 458 -2
138 482 2
138 521 -2
138 592 2
138 601 2
138 611 -2
138 618 -2
138 636 -2
138 702 2
138 764 -2
138 981 2
138 1048 2
138 1145 2
138 1263 -2
138 1472 2
138 1476 -2
138 1482 -2
138 1549 2
138 1640 -2
138 1707 2
138 1752 2
138 1950 2
138 293 -2
138 493 2
138 698 2
138 811 -2
138 914 2
138 1123 -2
139 226 -2
139 255 2
139 341 -2
139 479 2
139 552 2
139 588 -2
139 1027 -2
139 1441 2
139 1736 2
139 1772 2
139 1873 -2
139 1939 2
139 1188 2
139 1906 2
140 277 2
140 278 -2
140 296 2
140 301 2
140 880 -2
140 193 -2
140 236 -2
140 503 -2
140 508 -2
140 509 -2
140 651 -2
140 678 2
140 684 2
140 848 2
140 1153 2
140 1230 2
140 1367 2
141 165 2
141 238 -2
141 400 2
141 403 -2
141 509 2
141 697 2
141 811 -2
141 865 2
141 934 2
141 936 -2
141 1355 -2
141 1731 2
141 1894 -2
141 1956 -2
141 1961 -2
141 254 -2
141 406 -2
141 470 2
141 502 -2
141 635 2
141 766 -2
141 800 -2
141 853 -2
141 968 2
141 1819 2
142 148 -2
142 192 -2
142 230 2
142 263 -2
142 287 -2
142 289 2
142 1999 -2
142 456 -2
142 466 -2
142 555 2
142 630 2
142 666 -2
142 721 2
142 904 -2
142 909 2
142 980 2
142 986 -2
142 1044 -2
142 1177 -2
142 1221 2
142 1266 -2
142 1272 2
142 1294 2
142 1727 2
142 1773 2
142 1924 -2
142 1970 -2
142 1972 2
142 239 -2
142 387 2
142 432 2
143 197 2
143 354 2
143 846 2
143 1001 -2
143 1619 2
143 168 -2
143 955 2
144 174 -2
144 194 2
144 242 2
144 272 -2
144 404 2
144 421 -2
144 445 2
144 520 -2
144 562 2
144 614 2
144 872 2
144 1111 2
144 1317 2
144 1523 -2
144 1548 2
144 1583 -2
144 234 2
144 266 2
144 596 2
144 638 2
144 641 2
144 963 -2
144 1336 2
144 1368 -2
144 1600 2
145 181 2
145 773 2
145 150 2
145 152 2
145 159 -2
145 224 2
145 255 -2
145 480 2
145 643 -2
145 889 2
145 992 -2
145 1330 2
145 1386 -2
145 1420 2
145 1936 2
146 213 -2
146 223 2
146 863 2
146 1203 -2
146 1218 2
146 1461 -2
146 1506 -2
146 1897 -2
146 520 2
146 600 2
146 742 -2
147 160 -2
147 210 2
147 616 2
147 620 -2
147 886 2
147 1008 -2
147 1019 2
147 1055 -2
147 1281 2
147 1558 -2
147 1576 2
147 1699 -2
147 424 2
147 455 -2
147 547 -2
147 589 -2
147 591 -2
147 672 2
147 691 -2
147 866 -2
147 937 -2
147 948 2
147 1038 2
147 1198 -2
147 1203 -2
147 1484 2
148 152 2
148 230 2
148 610 2
148 666 2
148 859 -2
148 898 -2
148 904 -2
148 1177 -2
148 1262 -2
148 1299 -2
148 1870 -2
148 1902 2
148 227 2
148 320 2
148 453 2
148 522 2
148 527 2
148 631 -2
148 892 2
148 941 -2
148 1196 -2
148 1326 2
148 1863 2
149 189 2
149 237 -2
149 299 2
149 358 -2
149 682 -2
149 1437 2
149 1623 2
149 1854 2
149 1959 -2
149 1981 -2
149 196 2
149 231 -2
149 374 -2
149 438 2
149 555 2
149 680 2
149 860 2
149 912 2
149 1113 2
149 1618 -2
149 1668 2
149 1898 -2
150 203 2
150 432 2
150 1452 2
150 152 2
150 224 2
150 416 2
150 485 2
150 486 2
150 548 -2
150 682 -2
150 796 2
150 889 -2
150 1112 -2
150 1955 -2
151 355 2
151 641 2
151 657 -2
151 776 2
151 1156 -2
151 1251 2
151 1489 -2
151 1630 -2
151 1730 2
151 568 -2
152 216 2
152 551 -2
152 610 2
152 859 2
152 1299 2
152 1394 -2
152 1444 -2
152 1456 2
152 1737 -2
152 1870 2
152 224 -2
152 416 2
152 485 2
152 746 2
152 750 2
152 1386 2
152 1425 -2
152 1791 2
153 235 -2
153 250 2
153 347 -2
153 438 2
153 447 2
153 485 2
153 557 -2
153 566 2
153 741 2
153 784 2
153 1080 -2
153 1276 2
153 1459 2
153 1544 2
153 1550 -2
153 1641 2
153 1874 2
153 158 -2
153 186 -2
153 237 2
153 259 2
153 397 2
153 446 -2
153 705 -2
153 807 -2
153 934 -2
153 956 -2
153 1378 2
154 295 -2
154 597 -2
154 823 2
154 869 -2
154 1341 -2
154 1376 -2
154 1869 -2
154 269 -2
154 286 2
154 322 -2
154 425 2
154 479 -2
154 488 -2
154 1075 2
154 1109 2
154 1337 -2
154 1369 -2
154 1591 2
154 1684 -2
154 1685 2
154 1697 -2
154 1699 -2
154 1933 -2
155 169 -2
155 199 2
155 218 -2
155 658 -2
155 1003 -2
155 1005 2
155 1345 2
155 1913 2
155 1987 2
155 208 2
155 245 2
155 518 2
155 521 -2
155 617 2
155 642 2
155 739 -2
155 858 2
155 878 2
155 890 -2
155 954 -2
155 1134 -2
155 1135 2
155 1284 -2
155 1392 -2
156 157 -2
156 220 -2
156 257 2
156 285 -2
156 422 -2
156 563 -2
156 582 2
156 593 -2
156 699 -2
156 769 -2
156 905 2
156 1131 -2
156 1442 2
156 1532 -2
156 1561 2
156 1645 2
156 1733 -2
156 1778 -2
156 1978 -2
156 300 2
156 809 2
156 1355 2
157 220 -2
157 285 2
157 544 2
157 783 2
157 997 2
157 1387 -2
157 1552 -2
157 560 -2
157 719 2
157 1010 2
157 1270 -2
157 1626 -2
157 1848 -2
157 1954 2
158 209 2
158 221 2
158 327 -2
158 708 2
158 761 -2
158 797 -2
158 801 2
158 1042 -2
158 1155 -2
158 1358 2
158 1556 -2
158 1572 -2
158 1636 -2
158 1716 2
158 1850 2
158 1910 -2
158 1927 2
158 186 -2
158 259 -2
158 264 -2
158 446 2
158 1365 -2
158 1522 -2
159 1256 2
159 255 -2
159 480 -2
159 487 2
159 643 -2
159 1290 2
159 1936 2
160 210 -2
160 224 -2
160 340 2
160 386 -2
160 616 -2
160 173 2
160 525 2
160 724 2
160 777 2
160 1008 -2
160 1055 -2
160 1077 -2
160 1319 -2
160 1384 -2
160 1542 2
160 1800 2
161 330 -2
161 393 2
161 574 -2
161 841 2
161 1386 2
161 1684 -2
161 214 2
161 553 -2
161 1430 -2
161 1651 2
162 266 -2
162 464 -2
162 732 -2
162 804 -2
162 1216 2
162 1401 -2
162 1669 2
162 338 -2
162 431 2
162 466 2
162 576 2
162 622 2
162 821 2
162 1173 -2
162 1607 -2
162 1613 -2
163 498 -2
163 548 -2
163 659 -2
163 742 2
163 913 -2
163 955 -2
163 1171 2
163 1265 -2
163 1955 2
164 331 -2
164 974 2
164 1357 -2
164 1382 2
164 1520 2
164 420 2
164 921 -2
164 1351 -2
164 1530 2
165 400 2
165 403 2
165 685 -2
165 936 2
165 1355 -2
165 1894 2
165 365 -2
165 407 -2
165 585 -2
165 972 -2
165 998 -2
165 1060 -2
165 1498 -2
165 1583 -2
165 1784 2
165 1795 2
166 179 2
166 249 2
166 264 -2
166 435 2
166 481 2
166 567 -2
166 595 2
166 750 2
166 1989 2
166 833 -2
166 1473 2
166 1565 2
166 207 -2
166 368 2
166 388 -2
166 476 -2
166 526 2
166 605 2
166 696 -2
166 1006 -2
166 1047 -2
166 1099 2
166 1187 2
166 1220 2
166 1359 -2
166 1708 -2
166 1761 -2
166 1798 2
167 675 -2
167 767 -2
167 1238 2
167 1334 2
167 363 2
167 583 2
167 624 2
167 869 -2
167 916 -2
167 1015 -2
167 1325 2
167 1405 2
167 1548 -2
167 1659 -2
168 550 -2
168 565 -2
168 720 -2
168 1054 2
168 1105 2
168 1114 2
168 1115 2
168 1184 -2
168 1862 -2
168 1951 -2
168 171 -2
168 358 2
168 484 2
168 955 -2
168 1929 2
169 199 -2
169 427 -2
169 617 -2
169 658 -2
169 661 -2
169 727 -2
169 874 2
169 892 2
169 956 2
169 996 -2
169 1049 -2
169 1470 -2
169 1503 -2
169 1795 -2
169 1866 2
169 335 -2
169 344 2
169 459 -2
169 1235 2
170 228 -2
170 268 -2
170 489 2
170 713 -2
170 1328 -2
170 226 -2
170 285 2
170 381 2
170 398 -2
170 483 2
170 648 2
170 1002 -2
170 1072 2
170 1361 -2
170 1459 2
171 385 -2
171 399 2
171 946 -2
171 1017 -2
171 252 -2
171 358 2
171 372 2
171 409 -2
171 484 2
171 540 2
171 550 2
171 594 -2
171 668 -2
171 813 -2
171 989 -2
171 994 -2
171 1194 2
171 1534 -2
171 1571 -2
171 1606 -2
171 1939 2
172 248 -2
172 363 -2
172 558 -2
172 942 -2
172 1107 -2
172 1279 2
172 179 -2
172 331 -2
172 433 2
172 601 2
172 1162 -2
172 1282 2
172 1291 -2
173 351 2
173 372 -2
173 490 -2
173 515 -2
173 575 -2
173 668 -2
173 724 2
173 1011 2
173 1068 -2
173 1141 -2
173 1146 2
173 1167 -2
173 1274 -2
173 1421 -2
173 1634 -2
173 1690 -2
173 1756 2
173 1806 2
173 1810 2
173 1833 -2
173 1868 2
173 304 -2
173 500 2
173 525 -2
173 777 2
173 1542 2
173 1553 -2
174 307 2
174 319 -2
174 404 2
174 445 2
174 491 2
174 536 2
174 1108 -2
174 1111 2
174 1583 -2
174 1801 2
174 260 2
174 341 -2
174 383 2
174 579 -2
174 720 2
174 1461 -2
175 195 2
175 312 -2
175 458 2
175 611 2
175 1013 -2
175 1549 2
175 1559 2
175 197 2
175 202 -2
175 263 -2
175 299 -2
175 349 2
175 430 -2
175 436 2
175 511 2
175 534 -2
175 574 -2
175 613 -2
175 791 -2
175 962 2
175 1155 2
175 1436 -2
176 314 -2
176 436 -2
176 462 2
176 577 -2
176 1119 2
176 281 2
176 702 2
176 717 2
176 940 2
176 961 -2
176 1090 2
176 1431 -2
177 858 2
177 655 2
178 408 2
178 725 2
178 821 2
178 1100 -2
178 1313 -2
178 1469 -2
178 1741 2
178 235 -2
178 301 2
178 313 -2
178 456 2
178 738 -2
178 942 2
178 1050 -2
178 1627 2
178 1978 2
179 249 -2
179 833 -2
179 1059 -2
179 1571 2
179 242 -2
179 331 -2
179 433 -2
179 619 2
179 1162 -2
179 1658 -2
179 1683 -2
179 1715 2
179 1836 2
180 495 -2
180 519 -2
180 607 -2
180 631 2
180 662 2
180 935 -2
180 1220 -2
180 1311 -2
180 1445 -2
180 1632 2
180 378 2
180 513 2
180 581 2
180 721 -2
180 1016 -2
180 1110 -2
180 1216 2
180 1913 2
181 184 2
181 205 2
181 221 2
181 232 2
181 265 2
181 309 2
181 371 -2
181 967 2
181 1062 -2
181 1160 -2
181 1178 -2
181 1512 -2
181 1538 -2
181 1631 -2
181 1643 -2
181 1705 -2
181 1767 -2
181 1976 2
182 320 2
182 679 -2
182 846 2
182 902 -2
182 981 -2
182 1661 -2
182 1803 -2
182 1843 -2
182 1879 -2
183 524 -2
183 194 -2
183 307 -2
183 359 -2
183 490 2
183 515 -2
183 726 2
183 930 -2
183 1133 -2
183 1143 -2
183 1307 -2
183 1536 -2
183 1621 -2
183 1666 2
183 1847 2
184 305 2
184 454 2
184 463 -2
184 608 -2
184 792 2
184 256 -2
184 265 2
184 843 -2
184 1178 -2
184 1681 2
184 1713 -2
185 753 -2
185 1343 -2
185 1448 -2
186 660 -2
186 756 2
186 1330 -2
186 1586 2
186 1609 2
186 237 -2
186 259 -2
186 705 -2
186 807 -2
186 1365 -2
186 1522 2
186 1881 2
187 1016 -2
187 1692 -2
187 367 -2
187 530 2
187 592 -2
187 599 2
187 736 -2
187 784 2
187 802 -2
187 840 2
187 932 2
187 1005 2
187 1017 2
187 1192 -2
187 1211 -2
187 1458 -2
187 1560 -2
187 1922 2
188 191 2
188 229 2
188 240 -2
188 390 -2
188 406 2
188 473 2
188 1014 -2
188 1212 2
188 1685 -2
188 1884 -2
188 384 2
188 385 -2
188 497 -2
188 1551 -2
188 1743 -2
188 1765 2
189 682 -2
189 1437 -2
189 1854 -2
189 318 2
189 354 -2
189 376 -2
189 826 -2
189 1066 2
189 1509 -2
189 1584 2
189 1868 2
190 205 -2
190 315 2
190 477 2
190 230 -2
190 389 2
190 549 -2
190 770 2
190 779 -2
190 787 2
190 915 2
190 1164 -2
190 1692 -2
190 1776 -2
191 390 -2
191 1213 2
191 1432 -2
191 248 2
191 251 2
191 501 -2
191 660 -2
191 905 2
191 973 -2
191 1480 2
191 1504 -2
191 1615 2
191 1628 -2
191 1725 2
191 1871 2
192 263 2
192 287 2
192 289 -2
192 303 -2
192 369 -2
192 391 -2
192 423 2
192 466 2
192 553 2
192 573 2
192 578 2
192 798 -2
192 944 -2
192 1044 -2
192 1332 2
192 1338 2
192 1477 -2
192 1543 -2
192 1972 -2
192 327 -2
192 510 2
192 637 -2
192 894 2
192 913 -2
192 976 -2
192 1124 -2
192 1802 -2
192 1968 -2
193 387 2
193 388 2
193 467 2
193 492 -2
193 511 2
193 525 2
193 613 -2
193 730 -2
193 1162 -2
193 1527 -2
193 1598 2
193 1808 -2
193 236 -2
194 272 -2
194 520 -2
194 614 2
194 1406 2
194 1548 -2
194 1272 2
194 1621 2
194 1666 -2
194 1826 2
195 395 2
195 521 2
195 611 2
195 618 -2
195 794 -2
195 851 2
195 1337 -2
195 267 2
195 284 2
195 317 2
195 401 -2
195 447 2
195 911 -2
195 1058 2
195 1664 -2
196 231 2
196 912 -2
196 1410 -2
197 354 2
197 1028 2
197 1619 -2
197 1698 2
197 202 2
197 299 -2
197 325 2
197 360 -2
197 1155 2
197 1653 2
197 1654 2
198 293 -2
198 361 2
198 528 2
198 658 2
198 1087 2
199 427 -2
199 617 -2
199 661 2
199 727 -2
199 892 2
199 1003 -2
199 1005 -2
199 1320 -2
199 1449 2
199 1633 -2
199 1971 2
199 275 2
199 554 2
199 710 -2
199 874 2
199 1068 2
199 1179 2
199 1521 -2
199 1610 2
199 1638 -2
199 1676 2
199 1702 2
199 1745 2
200 494 -2
200 884 2
200 1079 2
200 1130 -2
200 1201 -2
200 1261 -2
201 208 2
201 306 2
201 323 -2
201 339 2
201 353 -2
201 417 2
201 806 -2
201 835 -2
201 876 2
201 1253 -2
201 1308 2
201 1510 2
201 247 -2
201 292 -2
201 311 2
201 347 -2
201 415 -2
201 450 -2
201 652 2
201 831 2
201 861 2
201 886 2
201 950 -2
201 959 2
201 979 -2
201 1078 -2
201 1139 -2
201 1246 -2
201 1315 -2
201 1345 -2
201 1349 -2
201 1353 2
201 1439 2
201 1520 -2
201 1777 -2
201 1797 -2
201 1886 -2
202 437 2
202 1851 -2
202 263 -2
202 299 2
202 325 -2
202 418 -2
202 534 -2
202 1223 -2
202 1436 2
202 1653 2
203 228 -2
203 670 -2
203 1213 -2
203 1389 -2
203 1693 -2
203 1762 2
204 1271 2
204 212 2
204 334 -2
204 695 2
204 863 2
204 1733 -2
205 477 -2
205 829 2
205 995 -2
205 1137 -2
205 1234 2
205 1379 -2
205 221 -2
205 309 2
205 701 2
205 1416 2
205 1512 2
206 233 2
206 596 2
206 1555 2
206 210 -2
206 277 2
206 306 2
206 373 2
206 410 2
206 854 2
206 943 2
206 1025 -2
206 1339 2
207 310 2
207 397 -2
207 1985 -2
207 1093 -2
207 1463 -2
207 368 -2
207 476 -2
207 531 2
207 593 -2
207 805 2
207 849 2
207 1099 -2
207 1283 2
207 1310 2
207 1896 2
208 306 2
208 407 -2
208 876 -2
208 1389 -2
208 220 2
208 245 -2
208 268 -2
208 518 -2
208 858 -2
208 1036 -2
208 1673 2
208 1838 -2
209 221 2
209 443 2
209 1716 2
209 1850 -2
209 244 2
209 496 2
209 662 -2
209 754 2
209 788 -2
209 804 -2
209 814 2
209 851 2
209 927 2
209 1271 2
209 1340 -2
209 1343 2
209 1771 2
209 1957 -2
210 224 -2
210 386 -2
210 616 -2
210 1055 -2
210 1281 -2
210 373 2
210 854 -2
211 298 2
211 819 -2
211 882 2
211 1628 2
211 283 2
211 353 2
211 411 2
211 541 -2
211 665 2
211 1471 2
212 294 2
212 326 -2
212 352 -2
212 923 2
212 953 -2
212 1537 -2
212 1823 2
212 334 2
212 1009 -2
212 1071 2
212 1296 2
213 214 2
213 223 -2
213 274 2
213 493 -2
213 639 2
213 669 -2
213 815 2
213 825 2
213 863 -2
213 927 -2
213 967 -2
213 1218 2
213 1223 2
213 1228 -2
213 1319 2
213 1335 2
213 1339 2
213 1530 2
213 1554 -2
213 1602 -2
213 1642 2
213 1838 -2
213 1879 2
214 274 -2
214 639 2
214 855 2
214 927 -2
214 1398 -2
214 1596 2
214 1967 -2
214 1647 2
215 622 -2
215 647 -2
215 1112 2
215 1120 2
215 1126 -2
215 1293 2
215 1324 2
215 1413 -2
215 295 2
215 419 -2
215 571 2
215 598 -2
215 713 2
215 974 -2
215 1034 2
215 1127 -2
215 1174 -2
216 551 -2
216 1456 -2
216 1504 -2
216 491 -2
216 1012 2
216 1370 -2
216 1865 2
217 531 -2
217 576 2
217 688 2
217 790 2
217 1230 2
217 1295 2
217 1385 2
217 1392 -2
217 1492 -2
217 1566 -2
217 250 2
217 261 -2
217 328 -2
217 474 -2
217 528 -2
217 533 -2
217 924 2
217 1526 -2
217 1912 2
217 1947 -2
218 259 2
218 338 -2
218 556 -2
218 960 2
218 778 -2
218 984 2
219 284 -2
219 382 2
219 389 -2
219 654 2
219 703 -2
219 290 2
219 499 -2
219 544 -2
219 933 2
219 1089 2
220 257 2
220 422 -2
220 1442 2
220 1552 2
220 1561 -2
220 573 2
221 443 2
221 1060 -2
221 1466 -2
221 1716 -2
221 1927 2
221 232 2
221 309 2
221 371 -2
221 701 -2
221 716 2
221 732 2
221 763 2
221 1160 2
221 1404 2
221 1705 -2
222 380 2
222 834 -2
222 1363 -2
222 326 2
222 366 2
222 392 -2
222 396 2
222 971 2
222 1039 2
222 1065 -2
222 1106 -2
222 1238 2
223 493 2
223 815 2
223 863 2
223 1047 -2
223 1657 -2
223 229 -2
223 272 2
223 458 -2
223 461 2
223 1415 2
223 1867 2
224 340 -2
224 386 -2
224 1430 2
224 1511 2
224 1770 -2
224 889 -2
224 1386 -2
225 533 2
225 952 2
225 1259 -2
225 1388 -2
225 1514 -2
225 1529 2
225 1617 2
225 262 2
225 291 -2
225 294 -2
225 761 2
225 794 -2
225 862 -2
225 1040 -2
225 1273 2
226 255 -2
226 341 2
226 486 2
226 1035 -2
226 1441 -2
226 1772 2
226 1873 2
226 381 -2
226 473 2
226 648 2
226 1002 2
227 687 -2
227 796 -2
227 878 2
227 975 -2
227 1166 -2
227 320 2
227 820 2
227 892 2
227 1097 -2
227 1240 2
227 1545 2
227 1863 -2
228 489 2
228 517 -2
228 713 2
228 900 2
228 1328 -2
228 270 -2
228 639 2
228 670 2
228 1722 -2
228 1813 -2
229 406 2
229 1685 -2
229 1901 -2
229 272 -2
229 458 -2
229 629 2
230 630 -2
230 666 -2
230 980 -2
230 1262 -2
230 1294 -2
230 389 2
230 512 -2
230 570 2
230 602 -2
230 909 2
230 1593 2
230 1945 2
231 465 -2
231 644 2
231 765 2
231 780 -2
231 891 2
231 991 2
231 1038 2
231 1380 -2
231 1462 2
231 1667 2
231 1767 -2
231 1931 2
231 1410 -2
231 1633 2
232 280 2
232 419 2
232 1625 -2
232 1705 -2
233 282 -2
233 514 -2
233 673 2
234 309 -2
234 350 2
234 266 -2
234 1048 2
234 1587 2
234 1600 2
235 250 -2
235 271 -2
235 747 2
235 1133 -2
235 1154 2
235 1276 -2
235 1912 -2
235 456 -2
235 694 2
235 738 -2
235 942 2
235 1357 -2
235 1495 2
236 1182 -2
236 1647 2
236 1722 -2
236 1814 -2
237 299 -2
237 358 2
237 409 -2
237 1844 -2
237 705 -2
238 360 -2
238 509 2
238 542 2
238 586 -2
238 634 -2
238 689 2
238 824 2
238 865 -2
238 1736 2
239 270 2
239 336 2
239 405 -2
239 471 -2
239 839 -2
239 1285 2
239 1347 -2
239 1664 2
239 432 2
239 751 -2
240 1626 -2
240 302 2
240 609 2
240 623 -2
241 281 -2
241 325 -2
241 413 -2
241 890 -2
241 1004 -2
241 1020 -2
241 1764 -2
241 314 2
241 723 2
241 768 -2
241 1257 -2
241 1470 -2
241 1663 -2
242 311 2
242 421 2
242 562 2
242 603 -2
242 656 2
242 972 -2
242 1193 2
242 1372 2
242 1593 2
242 1952 -2
243 262 -2
243 292 -2
243 648 -2
243 704 -2
243 1170 2
243 1396 -2
243 1465 2
243 1883 -2
243 1891 -2
243 340 -2
243 969 2
244 318 -2
244 1024 -2
244 1192 2
244 332 2
244 390 -2
244 496 2
244 498 -2
244 825 2
244 927 2
244 997 2
244 1032 -2
244 1210 2
244 1231 2
244 1322 -2
244 1825 2
245 258 -2
245 396 -2
245 459 2
245 1944 2
245 268 2
245 518 -2
245 773 -2
245 834 -2
245 944 2
245 1029 2
245 1111 -2
245 1135 -2
245 1284 -2
245 1555 2
246 276 2
246 365 2
246 526 -2
246 583 -2
246 919 2
246 1061 -2
246 1183 -2
246 280 2
246 1985 -2
246 936 -2
246 1209 2
246 1265 -2
246 1308 -2
246 1372 2
246 1468 -2
246 1575 -2
246 1604 -2
247 398 -2
247 472 2
247 546 2
247 599 -2
247 628 -2
247 738 -2
247 810 -2
247 965 -2
247 1053 2
247 1297 -2
247 1353 -2
247 1946 2
247 279 2
247 950 2
247 978 -2
247 1345 -2
247 1797 2
248 363 2
248 558 2
248 814 2
248 837 -2
248 1107 -2
248 1580 -2
248 1715 -2
248 1771 -2
248 855 2
248 973 -2
248 1185 -2
248 1725 -2
249 264 -2
249 383 -2
249 1059 2
249 1618 2
249 1893 -2
250 271 2
250 741 2
250 747 -2
250 1874 2
250 261 2
250 528 2
250 1165 2
250 1323 -2
250 1579 -2
251 444 2
251 1674 -2
251 1700 -2
251 350 2
251 421 2
251 501 -2
251 519 -2
251 537 2
251 542 2
251 815 2
251 905 -2
251 1318 -2
251 1462 2
251 1532 -2
251 1857 2
252 861 2
252 979 2
252 1340 -2
252 333 -2
252 540 -2
252 1181 -2
253 269 2
253 282 -2
253 418 2
253 475 2
253 587 -2
253 1026 2
253 324 2
253 441 2
253 451 2
253 1056 -2
253 1122 2
253 1391 -2
254 534 2
254 744 -2
254 989 -2
254 1400 2
254 1495 2
254 1612 -2
254 1766 2
254 406 -2
254 838 2
254 1013 2
255 1441 2
255 1736 -2
255 480 -2
255 487 -2
255 597 -2
255 729 -2
255 1129 2
256 428 -2
256 488 -2
256 881 -2
256 897 2
256 985 -2
256 1006 -2
256 1224 2
256 287 -2
256 380 2
256 977 2
256 1681 2
257 422 -2
257 582 2
257 593 2
257 828 -2
257 903 2
257 1244 2
257 1621 -2
257 1887 2
258 316 -2
258 396 2
258 459 2
258 728 -2
258 929 -2
258 1072 2
258 1448 2
258 323 2
258 1997 2
258 1818 -2
259 338 2
259 556 2
259 960 -2
259 1033 -2
259 1087 -2
259 1250 2
259 1769 -2
259 807 -2
259 1522 -2
259 1881 2
260 378 2
260 379 2
260 736 2
260 760 2
260 866 2
260 871 -2
260 893 2
260 1415 -2
260 1498 -2
260 1694 2
260 341 -2
260 1991 -2
260 506 -2
260 579 2
260 728 2
260 735 -2
260 774 -2
260 1221 2
260 1543 2
260 1753 -2
260 1828 -2
260 1925 2
260 1935 2
261 420 -2
261 328 2
261 528 2
261 1323 2
261 1579 -2
262 508 2
262 843 -2
262 1883 2
262 291 2
262 580 2
262 794 -2
263 287 -2
263 303 -2
263 456 -2
263 530 2
263 709 2
263 721 2
263 889 -2
263 1194 2
263 1266 2
263 1346 2
263 1478 -2
263 1535 2
263 1727 -2
263 1744 -2
263 1834 -2
263 349 -2
263 511 -2
263 534 -2
263 613 -2
263 871 2
263 1223 2
263 1941 -2
264 383 -2
264 480 -2
264 567 2
264 902 -2
264 1989 2
264 1565 2
264 1463 -2
265 359 -2
265 441 -2
265 604 2
265 990 2
265 1710 2
265 1840 2
265 843 -2
265 1062 2
265 1082 2
265 1891 -2
266 464 -2
266 732 2
266 804 2
266 840 2
266 1241 2
266 641 -2
266 675 -2
266 982 -2
266 1048 2
266 1176 -2
266 1336 -2
266 1475 -2
266 1566 -2
266 1587 -2
266 1600 -2
266 1811 2
267 284 2
267 317 2
267 401 2
267 447 -2
267 688 2
268 308 2
268 1371 2
268 773 2
268 834 2
268 1036 2
268 1111 2
268 1200 -2
268 1312 -2
268 1516 -2
269 370 2
269 475 2
269 587 -2
269 775 -2
269 883 2
269 1026 -2
269 1091 2
269 1278 2
269 1918 2
269 274 2
269 286 2
269 329 2
269 479 2
269 488 -2
269 505 2
269 632 2
269 654 2
269 700 2
269 762 2
269 867 2
269 996 -2
269 1051 2
269 1109 -2
269 1137 -2
269 1202 -2
269 1299 -2
269 1465 2
269 1591 2
269 1612 2
269 1815 -2
269 1822 2
269 1883 2
269 1948 2
270 336 -2
270 826 2
270 1034 -2
270 1575 2
270 639 2
270 1722 2
270 1813 2
271 747 2
271 1133 -2
271 758 -2
271 769 -2
271 880 2
271 964 2
271 1101 2
271 1256 2
271 1279 -2
271 1364 -2
272 520 -2
272 458 -2
272 629 -2
272 1867 2
273 476 2
273 1668 2
273 330 2
273 1186 2
273 1383 2
273 1637 -2
274 639 2
274 669 2
274 855 2
274 967 2
274 1530 -2
274 1838 2
274 1967 2
274 391 2
274 532 2
274 654 -2
274 884 -2
274 980 -2
274 1041 2
274 1724 -2
275 344 2
275 624 2
275 663 2
275 1134 -2
275 1245 -2
275 710 2
275 1521 2
275 1610 -2
275 1745 2
276 365 -2
276 1650 2
276 1867 -2
277 278 -2
277 296 -2
277 425 -2
277 700 2
277 1414 2
277 1969 -2
277 410 2
278 296 2
278 301 2
278 425 2
278 522 -2
278 584 2
278 671 -2
278 700 2
278 793 -2
278 852 -2
278 860 -2
278 994 2
278 1122 2
278 1135 2
278 1200 -2
278 1564 2
278 1682 2
278 1969 2
278 1397 2
278 1973 2
279 643 -2
279 716 -2
279 1590 2
279 1979 2
279 978 -2
279 1433 -2
280 1625 -2
280 936 -2
280 1468 -2
280 1712 2
281 325 -2
281 645 -2
281 1579 2
281 1592 2
281 1764 2
281 1908 -2
281 1917 2
281 443 2
281 611 2
281 634 2
281 961 -2
281 1214 -2
282 418 2
282 1015 -2
282 379 -2
282 673 -2
282 918 -2
283 539 -2
283 822 2
283 899 -2
283 1930 -2
283 1940 -2
283 1998 -2
283 353 -2
283 541 -2
283 1028 2
284 389 2
284 680 2
284 703 2
284 766 2
284 937 2
284 1821 -2
284 317 -2
284 688 -2
284 911 -2
285 398 -2
285 483 -2
285 588 2
285 1278 -2
285 1361 2
285 1789 -2
285 1904 2
286 431 2
286 448 -2
286 505 -2
286 768 -2
286 973 2
286 1277 2
286 1303 -2
286 1316 -2
286 1863 -2
286 329 -2
286 479 -2
286 632 2
286 700 -2
286 1337 -2
286 1612 -2
286 1815 -2
287 303 -2
287 456 -2
287 530 -2
287 573 -2
287 944 2
287 1044 2
287 1346 -2
287 380 2
287 465 2
287 977 2
287 1399 -2
288 434 2
288 543 -2
288 1491 2
288 1605 2
288 468 -2
288 1287 2
289 369 -2
289 391 -2
289 423 2
289 451 2
289 466 -2
289 798 -2
289 940 2
289 1246 2
289 1338 2
289 1375 -2
289 1970 2
289 481 -2
289 543 -2
289 1021 2
289 1740 2
289 1772 2
289 1930 -2
290 875 -2
290 928 2
290 1136 -2
290 1254 2
290 1275 2
290 933 2
290 1089 2
291 371 -2
291 381 -2
291 429 2
291 502 2
291 701 -2
291 726 2
291 864 -2
291 877 -2
291 879 -2
291 1128 2
291 1366 -2
291 1880 -2
291 1881 2
291 580 -2
291 794 2
291 1417 2
292 600 -2
292 635 -2
292 704 2
292 729 2
292 950 2
292 1074 -2
292 1083 -2
292 1129 2
292 1190 -2
292 1197 2
292 1229 2
292 1287 -2
292 1728 2
292 311 -2
292 347 2
292 415 -2
292 434 2
292 959 -2
292 995 2
292 1442 2
292 1595 2
292 1735 -2
292 1754 2
292 1909 2
293 324 -2
293 356 -2
293 361 -2
293 528 -2
293 1109 2
293 1672 2
293 493 2
293 698 -2
293 811 -2
293 1293 -2
294 953 2
294 761 2
294 862 -2
294 1250 -2
294 1273 -2
294 1281 -2
295 597 2
295 823 2
295 419 -2
295 713 2
295 1201 2
295 1554 2
295 1816 -2
296 425 -2
296 793 -2
296 1014 2
296 1190 -2
297 1010 2
297 1110 -2
297 1243 -2
297 1500 2
297 308 -2
297 422 -2
297 744 -2
297 817 -2
298 819 -2
298 882 -2
298 1628 -2
298 1148 2
298 1842 -2
299 409 -2
299 1623 2
299 1155 -2
299 1653 2
299 1654 -2
300 346 -2
300 640 -2
300 642 2
300 670 -2
300 1051 2
300 1057 2
300 1195 -2
300 1196 -2
300 1369 2
300 1760 -2
300 452 -2
300 516 -2
300 563 2
300 1518 2
300 1900 2
301 522 -2
301 584 -2
301 671 -2
301 860 -2
301 313 2
301 1050 -2
301 1263 -2
302 751 -2
302 1412 -2
302 1582 2
303 530 -2
303 573 -2
303 709 -2
303 889 -2
303 1194 -2
303 1332 2
303 1675 -2
303 1768 -2
303 1877 2
303 319 -2
303 771 -2
303 1225 2
303 1872 -2
303 1902 -2
304 322 2
304 653 2
304 717 -2
304 755 2
304 1273 2
304 1703 -2
304 1775 2
304 500 -2
304 644 2
304 727 2
304 1398 -2
304 1562 2
304 1680 2
305 440 -2
305 463 2
305 1232 -2
305 1906 -2
305 377 -2
305 586 2
305 987 2
305 1024 2
305 1052 -2
306 323 2
306 353 -2
306 1389 2
306 1339 -2
306 1737 -2
307 319 2
307 491 2
307 788 -2
307 1108 2
307 1659 -2
307 1856 2
307 359 -2
307 490 -2
307 726 2
307 926 -2
307 1143 -2
307 1307 -2
307 1567 -2
308 650 -2
308 1371 -2
308 817 -2
309 350 2
309 513 -2
309 735 2
309 916 2
309 1208 -2
309 1701 -2
309 371 -2
309 701 -2
309 716 2
309 748 -2
309 763 -2
309 1404 -2
309 1767 -2
310 433 -2
310 527 2
310 621 -2
310 988 -2
310 1148 -2
310 1463 -2
310 625 2
310 1248 2
310 1288 2
310 1539 2
310 1592 2
310 1686 2
310 1760 2
310 1793 2
311 332 2
311 656 2
311 1193 -2
311 1661 -2
311 1688 2
311 1723 2
311 1786 -2
311 347 -2
311 831 -2
311 861 2
311 979 2
311 995 2
311 1096 2
311 1466 2
312 1585 -2
312 315 2
312 399 2
312 1347 -2
312 1414 -2
313 424 2
313 461 -2
313 497 -2
313 518 2
313 1485 -2
313 1947 2
313 1050 2
313 1263 -2
313 1344 2
313 1627 -2
314 577 -2
314 1470 -2
315 917 2
315 1686 -2
315 1803 -2
316 728 2
316 929 2
316 656 -2
316 1045 -2
316 1207 -2
316 1275 2
317 401 2
317 911 -2
318 532 -2
318 907 -2
318 1679 2
318 354 -2
318 376 2
318 426 -2
318 477 2
318 578 -2
318 709 -2
318 826 2
318 1170 2
318 1515 -2
318 1636 -2
319 1108 2
319 1659 2
319 1856 2
319 810 -2
319 1225 -2
319 1341 -2
319 1409 2
320 357 -2
320 373 2
320 894 2
320 924 -2
320 982 2
320 1929 -2
320 453 2
320 892 -2
320 1097 2
320 1240 2
321 348 -2
321 1516 2
321 1095 2
321 1213 -2
321 1274 -2
321 1389 2
321 1762 2
322 755 -2
322 836 -2
322 993 2
322 1273 -2
322 1321 2
322 375 2
322 425 2
322 683 -2
322 1684 2
322 1685 -2
322 1699 2
323 353 -2
323 417 2
323 835 -2
323 1031 2
323 1308 -2
323 1997 2
323 1983 2
323 577 2
323 879 2
323 1818 2
324 356 -2
324 441 2
324 451 -2
324 606 2
324 765 2
324 1064 2
324 1122 -2
324 1726 2
324 1752 -2
325 645 2
325 1764 -2
325 1908 2
325 360 -2
325 418 2
325 1734 -2
326 352 2
326 375 -2
326 723 2
326 849 2
326 1348 -2
326 1433 2
326 1600 2
326 1804 2
326 1822 -2
326 366 -2
326 957 -2
326 1140 -2
326 1482 -2
327 535 2
327 708 2
327 761 2
327 797 -2
327 1077 -2
327 1155 2
327 1296 2
327 1481 -2
327 1774 2
327 510 2
327 637 -2
327 1802 2
328 468 2
328 800 2
328 1050 -2
328 1607 2
328 474 2
328 533 -2
328 1526 2
329 431 2
329 545 2
329 774 -2
329 951 -2
329 1076 -2
329 1676 -2
329 1702 -2
329 1960 -2
329 505 2
329 700 2
329 1204 2
330 1386 -2
330 1684 2
330 1914 2
330 1186 -2
330 1383 2
331 1357 2
331 433 -2
331 619 -2
331 1291 -2
332 1786 -2
332 390 -2
332 498 2
332 517 -2
332 1032 -2
332 1102 -2
332 1103 -2
332 1580 2
333 334 2
333 743 2
333 1037 2
333 1797 2
333 1181 2
334 1037 -2
334 1797 2
335 337 2
335 579 -2
335 674 -2
335 920 -2
335 1081 -2
335 1152 2
335 1300 2
335 1843 -2
335 896 2
335 947 -2
335 1235 2
335 1878 2
336 676 2
336 1034 -2
336 346 2
336 1228 2
337 442 2
337 893 -2
337 1245 -2
337 1253 -2
337 1565 2
337 1884 -2
338 960 2
338 1250 -2
338 576 2
338 614 -2
338 628 2
339 949 -2
339 1174 2
339 1253 2
339 1820 -2
339 394 2
339 1180 2
339 1259 2
340 1430 -2
340 1511 -2
340 1831 2
340 535 -2
341 552 -2
341 1035 -2
341 1652 2
341 1772 2
341 579 2
341 1991 -2
341 1221 -2
341 1331 2
341 1925 2
342 415 -2
342 514 2
342 1639 -2
342 1763 2
342 557 -2
342 1080 -2
342 1328 -2
343 719 2
343 1749 2
343 423 -2
343 467 -2
343 558 -2
343 669 2
343 922 -2
343 1007 -2
343 1172 -2
344 624 -2
344 663 2
344 677 2
344 459 -2
344 561 -2
344 1023 -2
344 1552 2
344 1678 2
345 377 2
345 503 -2
345 848 2
345 1150 -2
345 1925 2
345 369 -2
345 494 2
345 711 -2
345 1108 2
345 1142 -2
345 1294 -2
345 1434 2
345 1649 2
345 1820 -2
345 1829 2
346 581 2
346 670 2
346 777 -2
346 803 -2
346 830 -2
346 969 -2
346 1051 -2
346 1228 2
347 438 2
347 447 2
347 485 -2
347 557 2
347 1315 2
347 415 -2
347 434 -2
347 450 -2
347 661 -2
347 831 -2
347 1078 -2
347 1442 2
348 349 2
348 602 -2
348 706 2
348 842 2
348 933 -2
348 1157 -2
348 1408 2
348 1454 -2
348 1809 -2
348 1828 2
348 883 -2
348 1044 2
348 1694 2
349 602 -2
349 1140 2
349 1164 -2
349 1408 2
349 430 -2
349 511 2
349 962 2
350 735 -2
350 757 2
350 1018 -2
350 1178 -2
350 1179 2
350 1573 -2
350 1701 2
350 1796 2
350 421 -2
350 519 2
350 537 -2
350 1318 2
350 1346 2
350 1456 -2
350 1462 -2
350 1588 -2
350 1895 2
351 372 2
351 724 2
351 807 2
351 1384 2
351 361 2
351 797 2
351 1506 2
351 1624 2
351 1827 2
351 1889 2
352 923 -2
352 364 -2
352 538 -2
352 618 -2
352 646 2
352 920 2
352 1321 2
353 417 -2
353 411 -2
353 541 -2
353 665 -2
353 1028 2
353 1471 2
353 1998 -2
353 1924 2
354 376 2
354 426 2
354 428 2
354 469 2
354 578 -2
354 1170 -2
354 1806 -2
354 1832 2
355 641 -2
355 652 2
355 789 -2
355 827 -2
355 1156 -2
355 1158 2
355 1439 2
355 1489 2
355 1697 2
355 362 2
355 429 2
355 482 -2
355 567 -2
355 1169 2
355 1358 -2
355 1374 2
355 1596 -2
356 1109 2
356 1373 2
356 1672 -2
356 722 2
356 1413 -2
357 373 -2
357 470 2
357 894 2
357 924 -2
357 978 -2
357 1935 2
357 582 -2
357 703 -2
357 1375 2
357 1759 -2
358 1844 -2
358 372 2
358 484 2
358 550 2
358 594 2
358 608 2
358 668 2
358 697 2
358 1534 2
358 1929 -2
358 1939 2
359 441 -2
359 554 2
359 604 2
359 1064 2
359 926 -2
359 1449 -2
359 1847 2
360 542 2
360 634 -2
360 824 2
360 1637 2
360 1656 -2
360 1734 2
361 797 -2
361 1054 2
361 1506 2
361 1624 2
361 1827 -2
362 507 -2
362 580 -2
362 594 2
362 605 2
362 678 -2
362 692 -2
362 1012 2
362 1268 2
362 429 2
362 1596 2
362 1746 2
362 1932 -2
363 558 -2
363 814 -2
363 837 2
363 942 2
363 1464 -2
363 1753 2
363 869 -2
363 916 -2
363 1277 2
363 1311 -2
363 1696 2
364 368 2
364 571 -2
364 598 -2
364 1041 -2
364 1349 -2
364 618 2
364 646 -2
364 876 2
364 1063 -2
364 1067 2
365 526 -2
365 1183 2
365 1650 2
365 1867 2
365 407 -2
365 585 -2
365 627 2
365 731 -2
365 972 -2
365 998 2
365 1086 -2
365 1206 2
365 1218 2
365 1352 2
365 1583 2
365 1720 2
365 1748 -2
365 1783 -2
365 1959 2
365 1977 -2
366 619 2
366 1258 -2
366 1359 2
366 1547 -2
366 392 2
366 957 -2
366 971 2
366 1065 -2
366 1927 2
367 1692 -2
367 599 -2
367 840 -2
367 1026 -2
367 1192 2
368 571 2
368 683 2
368 752 -2
368 945 2
368 1142 2
368 1402 -2
368 1458 2
368 388 -2
368 531 -2
368 849 -2
368 1099 2
368 1709 -2
369 391 -2
369 451 -2
369 816 -2
369 1246 -2
369 1451 2
369 1477 -2
369 494 -2
369 584 2
369 711 2
369 839 2
369 1018 2
369 1108 2
369 1426 2
369 1483 2
369 1531 2
369 1703 -2
369 1731 2
370 775 2
370 575 2
370 966 -2
370 1215 2
370 1262 -2
370 1267 -2
370 1303 2
370 1550 -2
370 1597 -2
370 1874 -2
371 679 -2
371 701 -2
371 879 -2
371 1099 2
371 716 2
371 732 -2
371 748 2
371 1105 -2
371 1128 -2
371 1160 2
371 1249 -2
371 1767 -2
372 724 2
372 807 -2
372 1141 2
372 1167 2
372 1257 -2
372 1274 2
372 1384 2
372 409 2
372 550 -2
372 564 2
372 608 2
372 697 2
372 994 -2
372 1194 -2
372 1606 -2
372 1887 -2
373 894 -2
373 982 2
373 1929 -2
373 943 -2
373 1025 2
374 1438 2
374 1487 2
374 555 -2
374 590 2
374 798 -2
374 1113 2
375 723 -2
375 1348 2
375 1433 -2
375 1600 2
375 1822 -2
375 847 2
375 965 2
375 1046 -2
375 1447 2
376 1395 -2
376 826 -2
377 1096 2
377 1368 -2
378 379 -2
378 625 2
378 866 -2
378 1545 -2
378 1718 -2
378 1886 2
378 551 2
378 1110 2
379 760 -2
379 1127 2
379 1415 -2
379 462 2
379 657 2
379 704 -2
379 918 2
379 1125 2
379 1175 2
379 1333 -2
380 585 2
380 681 -2
380 834 2
380 970 -2
380 1553 -2
380 465 2
381 429 2
381 726 -2
381 1128 -2
381 1428 2
381 1453 2
381 1528 -2
381 1695 -2
381 1799 2
381 473 2
381 1072 2
382 590 -2
382 686 2
382 1644 -2
382 958 -2
382 1454 2
382 1491 -2
383 480 2
383 1186 2
383 1618 -2
383 1724 -2
383 1942 -2
383 457 2
383 720 2
383 1469 2
383 1672 -2
383 1706 2
384 966 2
384 1283 2
384 1301 2
385 623 -2
385 786 -2
385 1204 2
385 1958 -2
385 497 2
385 1093 -2
385 1551 -2
385 1743 2
385 1952 2
387 388 2
387 467 2
387 525 2
387 651 -2
387 941 2
387 1162 -2
387 1598 2
387 1671 -2
387 1683 2
387 1865 -2
387 888 2
387 1280 -2
388 492 2
388 525 2
388 613 -2
388 941 -2
388 1045 2
388 1671 2
388 1708 -2
388 1761 2
388 1798 2
389 654 -2
389 680 -2
389 705 2
389 758 2
389 1078 2
389 1829 -2
389 512 2
389 985 -2
389 1510 2
390 1213 2
390 1432 2
390 825 -2
390 1032 2
390 1102 2
390 1103 2
390 1150 2
390 1227 -2
390 1322 -2
391 423 -2
391 451 -2
391 816 -2
391 940 -2
391 1375 2
391 1477 -2
391 1729 2
391 532 -2
391 546 2
391 884 -2
391 945 -2
392 537 2
392 813 2
392 1666 2
392 1966 2
392 971 2
392 1106 -2
392 1238 -2
392 1927 -2
393 574 -2
393 841 -2
393 1247 -2
393 1790 -2
393 1004 -2
394 412 -2
394 1560 2
394 1687 2
394 1798 -2
394 603 -2
394 1180 -2
394 1259 -2
394 1839 2
395 521 2
395 636 -2
395 794 -2
395 851 2
395 1356 -2
395 1482 2
395 1512 -2
395 1640 2
395 1752 -2
395 753 2
395 842 -2
395 859 2
395 899 2
396 1448 -2
396 829 2
396 1039 -2
396 1807 2
397 1093 2
397 1577 -2
397 934 -2
397 956 2
397 1378 2
398 1990 -2
398 472 2
398 546 -2
398 749 2
398 810 -2
398 838 -2
398 965 2
398 1046 2
398 1124 -2
398 1653 -2
398 483 2
398 588 -2
399 1017 -2
399 1022 -2
399 1070 2
399 1594 2
399 1926 -2
399 1414 2
400 697 2
400 437 -2
400 621 2
400 1572 2
401 450 2
401 487 -2
401 549 2
401 627 2
401 1209 -2
402 442 2
402 1304 -2
402 1352 2
402 1484 2
402 522 -2
402 527 -2
402 631 -2
402 636 -2
402 786 -2
402 988 2
402 1486 2
403 685 -2
403 936 2
403 1794 -2
403 566 2
403 1166 2
404 445 2
404 536 2
404 1317 2
404 1801 2
404 1996 -2
404 565 2
404 626 2
404 1043 2
404 1276 -2
404 1376 -2
405 839 2
405 1002 2
405 1285 -2
405 1347 2
405 1664 2
405 1726 -2
405 712 -2
405 1019 -2
406 473 2
406 1014 2
406 1685 2
406 1884 2
406 1901 2
406 470 -2
406 676 2
406 677 -2
406 838 -2
406 845 2
406 891 2
406 1145 2
406 1563 -2
406 1742 -2
406 1946 -2
406 1971 -2
407 585 -2
407 627 2
407 731 -2
407 1206 2
407 1783 -2
408 1469 -2
408 1834 2
409 564 2
409 875 -2
409 1606 2
410 901 -2
410 1614 2
411 512 2
411 691 -2
411 906 -2
411 1405 2
411 1706 2
411 1849 -2
411 665 2
412 1798 -2
412 615 2
412 687 2
412 749 -2
412 1943 2
413 499 2
413 516 2
413 538 2
413 540 -2
413 711 -2
413 731 2
413 733 2
413 867 -2
413 1004 2
413 1113 2
413 1267 -2
413 1280 2
413 1595 2
413 1610 -2
413 1719 2
413 1481 -2
413 1523 2
413 1611 2
413 1972 2
414 976 2
414 1168 -2
414 612 -2
414 741 2
414 752 -2
414 1011 -2
414 1424 2
414 1537 -2
415 1508 2
415 1763 2
415 450 2
415 652 -2
415 661 2
415 951 -2
415 1349 2
415 1353 2
416 1977 -2
416 485 -2
416 486 -2
416 548 2
416 746 -2
416 801 -2
416 835 2
416 1112 -2
416 1168 -2
416 1390 2
416 1561 -2
416 1830 2
416 1837 2
417 835 2
417 1031 2
417 1510 -2
417 653 2
417 882 2
417 1158 -2
417 1324 -2
417 1402 2
419 713 2
419 1201 2
419 1554 -2
419 1701 -2
420 638 -2
420 831 2
420 1351 -2
420 1530 -2
420 1920 2
421 603 2
421 972 2
421 1372 2
421 1523 2
421 1456 -2
422 582 -2
422 828 -2
422 903 2
422 1442 -2
422 1645 -2
422 744 -2
423 578 -2
423 940 -2
423 1729 2
423 669 -2
423 1172 -2
423 1422 -2
424 461 -2
424 497 -2
424 455 2
424 547 -2
425 793 2
425 683 -2
425 1252 -2
425 1599 -2
425 1684 2
426 545 2
426 908 2
426 1123 -2
426 1584 -2
426 1740 -2
426 428 2
426 477 2
426 816 2
427 661 -2
427 996 2
427 1049 2
428 488 2
428 897 2
428 977 2
428 1224 -2
428 1589 -2
428 1964 2
428 469 2
428 633 -2
428 1451 -2
428 1806 -2
428 1832 2
429 502 2
429 726 2
429 1799 2
429 1848 2
429 1169 2
429 1596 -2
429 1932 -2
430 469 -2
430 612 2
430 763 2
430 1067 2
430 1075 2
430 1082 -2
431 505 -2
431 768 -2
431 868 -2
431 951 -2
431 973 2
431 1316 -2
431 1987 2
431 1863 -2
431 1960 2
431 466 2
431 1607 -2
432 1237 2
432 1536 2
432 1551 2
432 1591 2
432 751 2
432 1728 -2
433 527 2
433 621 -2
433 684 -2
433 1148 -2
433 1842 -2
433 1291 -2
434 854 -2
434 1605 -2
434 1442 2
435 833 2
435 448 2
435 1773 -2
436 474 -2
436 1119 2
436 1711 2
436 574 -2
436 718 -2
436 1499 2
437 621 2
438 447 -2
438 1315 2
438 860 2
438 1668 -2
439 1745 -2
439 449 2
439 1117 -2
439 1517 2
439 1614 2
440 1232 2
440 1233 -2
440 1906 -2
440 1199 -2
441 554 -2
441 604 -2
441 1710 -2
441 765 -2
441 792 2
441 818 -2
441 1056 -2
441 1064 2
441 1391 2
442 1352 2
442 1539 2
443 1060 2
443 611 -2
443 645 2
443 647 -2
443 806 -2
443 1214 -2
444 446 2
444 787 -2
444 910 -2
444 1403 -2
444 1674 2
444 1700 -2
444 1688 2
445 536 -2
445 454 2
445 793 -2
445 1085 -2
445 1317 2
446 787 -2
446 910 2
446 1403 2
447 485 2
447 566 2
447 1544 -2
447 1058 2
448 649 2
448 1277 2
448 1435 -2
448 685 -2
448 772 2
448 836 -2
448 868 2
448 907 -2
448 1423 2
448 1773 -2
448 1934 -2
449 501 -2
449 510 -2
449 857 2
449 1039 -2
449 1161 -2
449 1397 2
449 1399 -2
449 1117 2
449 1517 -2
449 1691 -2
450 549 -2
450 652 -2
450 661 2
450 951 -2
451 816 -2
451 1375 -2
451 1122 -2
452 802 -2
452 817 2
452 1102 2
452 1202 2
452 1226 -2
452 1779 -2
452 516 -2
452 1182 2
452 1564 -2
452 1900 -2
453 506 2
453 655 -2
453 718 2
453 850 -2
453 930 2
453 1117 -2
453 1429 2
454 496 2
454 608 -2
454 740 2
454 1191 -2
454 1901 2
455 547 2
455 589 -2
455 591 2
455 672 -2
455 691 2
455 866 2
455 937 -2
455 948 2
455 1198 2
455 1750 -2
456 721 2
456 986 2
456 1993 -2
456 1272 -2
456 1535 -2
456 1678 -2
456 1812 -2
456 738 -2
456 1357 -2
457 478 2
457 569 -2
457 734 -2
457 1469 -2
458 482 -2
458 592 -2
458 808 2
458 1263 -2
458 1549 -2
458 1559 -2
458 1581 -2
458 1622 2
458 1805 2
458 1818 2
458 629 2
458 1867 2
459 561 -2
461 497 -2
461 1415 2
462 1185 -2
462 1418 -2
462 495 -2
462 649 -2
462 650 2
462 657 2
462 704 2
462 830 -2
462 900 2
462 1100 2
462 1115 2
462 1333 2
462 1589 2
462 1801 -2
464 732 -2
464 602 -2
464 610 -2
464 715 2
464 1302 -2
464 1593 -2
465 1462 -2
465 1399 -2
466 798 2
466 1970 -2
466 821 2
466 931 -2
466 1173 -2
466 1477 -2
467 651 -2
467 1162 2
467 558 2
467 1132 2
467 1381 2
468 667 -2
468 914 2
468 1043 -2
468 507 -2
468 1287 -2
468 1907 2
468 1967 -2
469 612 2
469 1082 -2
469 633 -2
469 1451 2
469 1806 -2
469 1809 2
470 1286 -2
470 676 -2
470 677 -2
470 766 2
470 891 -2
470 1141 2
470 1255 2
471 961 2
471 1604 2
471 1243 2
471 1309 2
471 1721 -2
472 749 2
472 725 -2
472 1670 2
473 1014 2
473 1212 2
474 693 2
474 1711 2
474 533 2
474 924 2
475 587 2
475 883 2
475 1091 2
475 1918 2
475 552 -2
475 1446 -2
475 1485 2
476 939 -2
476 1404 -2
476 1563 2
476 526 2
476 805 -2
476 1359 -2
476 1896 2
477 1137 -2
477 709 2
477 816 2
477 1636 2
478 919 -2
478 1152 2
478 1428 -2
478 1460 -2
478 1949 -2
479 1939 -2
479 632 -2
479 1109 2
479 1697 2
479 1933 2
479 1974 -2
480 902 2
480 1186 2
480 643 -2
480 992 -2
480 1290 2
481 750 -2
481 785 -2
481 543 2
481 986 2
481 1021 -2
481 1445 2
481 1513 2
481 1623 -2
481 1740 2
482 592 -2
482 601 2
482 808 -2
482 981 2
482 1342 -2
482 1581 -2
482 1622 -2
482 1648 -2
482 706 2
483 547 2
483 771 2
483 887 -2
483 1143 -2
483 1147 2
483 1260 2
483 1658 2
483 588 2
483 1278 -2
483 1574 2
483 1904 2
484 589 2
484 813 2
484 1527 -2
484 1603 -2
485 557 2
485 566 2
485 1709 -2
485 486 -2
485 796 2
485 835 -2
485 1114 2
485 1390 2
485 1577 -2
485 1814 -2
485 1975 -2
486 548 2
486 796 2
486 801 -2
486 835 -2
486 1114 -2
486 1168 2
486 1561 -2
486 1577 -2
486 1955 2
487 627 2
487 1209 -2
487 597 2
487 729 -2
487 1744 2
488 897 -2
488 977 -2
488 985 2
488 1075 -2
489 517 2
489 900 2
489 918 -2
489 1892 -2
489 1237 -2
490 668 -2
490 695 2
490 714 2
490 870 -2
490 1146 -2
490 1833 -2
490 726 2
490 930 2
491 559 2
491 841 -2
491 1370 2
491 1488 2
491 1556 -2
491 1782 2
492 613 2
492 1045 2
492 595 -2
492 993 2
492 1000 -2
492 1136 -2
492 1229 2
493 815 -2
493 825 -2
493 1047 2
493 1657 -2
493 698 -2
493 1293 2
494 629 -2
494 1073 -2
494 1130 2
494 1518 -2
494 1739 -2
494 584 2
494 1018 -2
494 1108 -2
494 1142 -2
494 1829 2
495 935 -2
495 649 2
495 799 -2
495 830 2
495 900 -2
495 1003 2
496 694 -2
496 740 2
496 812 2
496 814 2
496 927 2
496 997 -2
496 1210 2
496 1224 2
496 1231 2
496 1340 2
496 1910 2
497 1743 -2
498 548 -2
498 742 -2
498 959 2
499 516 -2
499 538 2
499 731 -2
499 983 -2
499 1267 2
499 1776 -2
499 544 -2
499 1081 2
499 1723 2
501 510 2
501 672 -2
501 690 2
501 857 -2
501 1161 2
501 1333 -2
501 1501 -2
501 1521 -2
501 1957 2
501 542 -2
501 660 -2
501 815 -2
501 905 2
501 1480 2
502 864 -2
502 1848 -2
502 1880 2
502 635 -2
502 664 2
502 975 -2
503 1150 2
503 1601 -2
503 1785 -2
503 509 -2
503 848 2
503 1121 2
503 1395 -2
503 1396 2
504 529 2
504 1531 2
504 1920 -2
504 671 -2
504 776 -2
504 1327 -2
504 1994 -2
504 1810 2
505 768 2
505 868 2
505 951 2
505 762 -2
505 996 2
505 1204 2
505 1299 2
505 1401 -2
505 1756 -2
506 655 -2
506 718 2
506 1058 2
506 1344 2
506 1429 -2
506 728 -2
506 735 -2
506 1543 -2
506 1755 2
506 1828 -2
506 1935 -2
507 594 2
507 678 -2
507 1012 2
507 1305 -2
507 1680 -2
507 833 2
507 1380 2
507 1652 2
507 1907 2
507 1967 -2
508 560 -2
508 843 -2
508 1040 -2
508 1426 2
508 651 2
508 678 -2
508 684 2
508 1083 -2
509 586 2
509 811 -2
509 1649 -2
509 848 -2
509 1121 2
509 1226 2
509 1367 2
509 1396 2
510 1161 2
510 1521 2
510 1957 -2
510 637 2
510 976 2
510 1968 -2
511 730 2
511 1290 -2
511 1515 -2
511 962 2
512 895 2
512 1849 2
512 570 2
512 909 2
512 1362 2
513 916 2
513 1208 2
513 1410 2
513 1542 -2
513 545 -2
513 832 2
514 1988 2
514 1639 2
514 1573 -2
515 575 2
515 932 2
515 1068 -2
515 1282 -2
515 1350 -2
515 1759 -2
515 1806 2
515 1811 -2
515 1133 2
516 731 2
516 1113 -2
516 563 -2
516 1182 -2
516 1518 -2
517 900 2
517 918 -2
517 1580 2
518 1485 -2
518 1947 2
518 1135 2
518 1555 -2
518 1677 -2
519 568 2
519 607 -2
519 631 2
519 662 2
519 820 2
519 1092 -2
519 1479 -2
519 1574 2
519 1632 2
519 537 2
519 1588 2
520 614 2
520 872 2
521 851 2
521 1337 2
521 1356 2
521 1482 2
521 1512 -2
521 1526 2
521 1800 -2
521 617 -2
521 642 -2
521 760 -2
521 873 2
521 1107 2
521 1134 2
521 1373 2
522 584 2
522 1097 2
522 786 2
522 1035 2
523 748 2
523 912 -2
523 1378 2
523 1157 -2
523 1268 2
523 1529 2
524 782 2
524 857 -2
524 1479 -2
525 1598 -2
525 1077 2
525 1553 -2
525 1758 2
526 1183 2
526 605 2
526 1359 -2
526 1657 -2
526 1662 2
527 631 2
527 636 -2
527 988 2
527 1120 2
527 1326 -2
527 1486 -2
528 1323 -2
529 1920 -2
529 1116 -2
530 709 2
530 1346 2
530 1478 2
530 1675 2
530 592 -2
530 784 2
530 1412 -2
530 1917 -2
531 576 2
531 849 2
531 1310 2
531 1709 2
532 907 -2
532 546 2
532 945 2
532 980 -2
533 746 -2
533 1259 -2
533 1388 -2
533 1617 -2
533 924 -2
533 1526 2
533 1912 -2
534 744 2
534 989 -2
534 1101 2
534 1400 2
534 1696 2
534 613 2
534 791 2
534 871 -2
534 946 -2
534 1219 2
534 1223 2
534 1436 2
534 1852 2
534 1941 2
535 637 2
535 707 2
535 1502 -2
536 1801 2
536 1147 2
537 632 -2
537 813 -2
537 1567 2
537 1966 2
537 1318 2
537 1346 2
537 1588 -2
538 540 -2
538 963 -2
538 983 -2
538 1595 -2
538 1613 2
538 1839 2
538 1937 -2
538 920 -2
538 1338 -2
538 1674 -2
538 1780 2
538 1869 2
539 822 2
539 899 -2
539 964 -2
539 1940 -2
539 925 -2
539 1371 2
539 1622 -2
540 711 2
540 963 -2
540 1090 -2
540 1595 2
540 1610 2
540 1613 2
540 1832 -2
540 989 -2
541 1199 -2
541 1540 2
541 1615 2
541 1028 2
541 1471 -2
541 1924 2
542 634 -2
542 689 -2
542 1637 -2
542 815 2
542 1532 2
543 781 -2
543 1309 -2
543 1491 -2
543 986 2
543 1070 2
543 1740 -2
544 626 2
544 783 2
544 997 -2
544 1830 -2
544 1903 -2
544 1081 2
545 774 2
545 908 -2
545 1076 2
545 1541 2
545 1588 -2
545 832 2
545 870 -2
545 1069 2
545 1751 2
546 599 2
546 779 2
546 838 2
546 1046 2
546 1407 2
546 884 2
546 1724 -2
547 1658 -2
547 591 2
547 1038 -2
548 913 2
548 801 2
548 1955 2
549 770 -2
549 779 2
549 1073 -2
549 1776 2
550 565 -2
550 1105 -2
550 1114 -2
550 608 2
550 668 -2
550 994 2
550 1787 2
551 1456 -2
551 1504 -2
552 588 2
552 1027 -2
552 1354 -2
552 1597 2
552 1757 -2
552 1790 -2
553 633 2
553 954 2
553 962 2
553 1543 -2
553 1747 2
553 1888 2
553 1962 2
553 1354 -2
553 1430 -2
554 1179 -2
555 909 2
555 1221 2
555 590 2
555 604 2
555 680 2
555 1113 -2
555 1687 -2
555 1898 2
556 1033 -2
556 1425 -2
556 1599 2
556 1936 2
556 1490 -2
557 1328 -2
558 942 -2
558 1107 -2
558 1279 2
558 1753 -2
558 1771 2
558 1132 -2
559 690 -2
559 743 -2
559 841 2
559 1488 2
559 1885 2
560 591 2
560 1426 2
560 719 -2
560 1775 -2
561 1180 -2
561 1361 2
561 1982 -2
561 1691 -2
561 1552 2
561 1678 2
563 664 -2
563 699 2
563 762 2
563 769 2
563 1411 2
563 1532 -2
563 1569 2
563 1835 2
563 1518 2
564 1138 2
564 875 2
564 904 -2
564 1320 -2
565 720 -2
566 1544 2
566 1709 2
567 1565 2
567 1358 2
568 820 -2
569 845 -2
569 572 -2
569 1241 2
569 1247 2
569 1963 -2
570 698 2
570 1106 -2
570 1660 2
570 909 -2
570 1362 2
570 1945 -2
571 683 2
571 752 -2
571 1041 2
571 1816 2
571 598 -2
571 974 2
571 1127 2
571 1254 -2
571 1729 -2
571 1739 -2
572 1248 -2
572 1241 2
572 1247 -2
572 1931 -2
573 944 2
573 1332 -2
573 1768 -2
574 1790 2
575 1011 -2
575 1068 -2
575 1151 2
575 1350 2
575 1876 2
575 1874 -2
575 1969 -2
576 790 2
576 1295 2
576 1627 2
576 1781 -2
576 614 2
576 628 2
577 1989 -2
577 620 2
577 879 2
577 917 -2
577 970 2
577 1984 2
577 1958 2
578 1729 2
578 1170 -2
579 674 -2
579 920 -2
579 1081 2
579 1144 -2
579 1181 -2
579 1300 2
579 1843 -2
579 1221 -2
579 1331 -2
580 605 -2
580 665 -2
580 1023 -2
580 1391 2
580 1417 2
581 777 2
581 832 2
581 969 -2
581 1118 -2
581 721 2
581 1216 -2
582 828 2
582 1244 2
582 1621 2
582 1645 2
582 1852 2
582 1887 2
582 1375 -2
583 919 -2
583 1061 -2
583 1288 2
583 1982 2
583 667 2
583 681 -2
583 767 2
583 781 -2
583 953 2
583 1037 2
583 1264 -2
583 1892 2
584 671 -2
584 852 -2
584 994 2
584 1135 -2
584 1018 -2
585 681 -2
585 970 2
585 1176 2
585 627 2
585 972 -2
585 1086 2
585 1498 -2
585 1792 2
585 1844 2
586 987 -2
586 1052 -2
587 883 -2
587 1026 2
587 1278 -2
587 1963 2
588 1027 2
588 1354 2
588 1278 2
589 866 2
590 686 -2
590 1329 -2
590 1370 -2
590 1644 2
590 604 2
590 798 2
590 1251 -2
590 1687 2
591 672 -2
591 1038 2
592 601 2
592 808 2
592 1263 -2
592 784 -2
592 932 2
592 1211 -2
592 1560 -2
592 1917 2
593 844 2
593 1283 2
593 1441 2
593 1581 -2
594 678 2
594 1305 2
594 1680 -2
594 813 -2
594 1527 -2
594 1534 2
594 1571 -2
594 1603 -2
594 1799 2
595 824 -2
596 745 -2
596 1555 2
596 638 -2
596 674 2
597 823 2
597 729 2
597 1129 -2
597 1744 2
598 1349 -2
598 974 2
598 1034 2
598 1944 2
599 779 -2
599 840 -2
599 1005 2
599 1458 -2
600 635 2
600 739 2
600 950 2
600 1287 2
601 1640 2
602 706 -2
602 933 -2
602 1029 2
602 1140 -2
602 1307 2
602 1408 2
602 1921 -2
602 610 -2
602 785 -2
602 856 2
602 1306 -2
602 1593 -2
602 1660 -2
602 1716 2
602 1850 -2
603 972 2
603 1335 -2
603 1839 2
604 1064 -2
604 1710 -2
604 1251 2
604 1687 -2
605 696 -2
605 1657 -2
605 1662 2
607 1092 2
607 1479 2
608 792 -2
609 1009 2
610 1299 -2
610 1394 2
610 1444 2
610 715 -2
610 785 -2
611 618 -2
611 1476 2
611 634 2
611 1214 -2
611 1261 -2
611 1866 2
612 763 -2
612 752 2
612 1424 -2
612 1617 2
612 1908 -2
613 1045 2
613 791 -2
613 871 -2
613 946 2
613 1219 -2
613 1864 -2
614 872 2
614 628 -2
615 1646 2
615 749 2
615 1956 -2
616 1429 2
616 1970 2
617 658 2
617 727 2
617 1003 -2
617 1320 -2
617 1795 2
617 760 -2
617 764 -2
617 1107 -2
617 1134 -2
617 1161 -2
618 1476 2
618 646 -2
618 876 -2
619 1359 -2
619 1708 -2
619 1683 -2
620 886 2
620 1008 -2
620 1019 2
620 1052 -2
620 1638 -2
620 1746 -2
620 970 2
620 1027 -2
620 1984 2
620 1958 -2
621 684 2
621 1148 -2
622 1112 2
622 1324 -2
622 755 2
622 1088 -2
622 1613 -2
623 786 -2
623 1204 -2
623 1436 -2
623 1958 -2
623 747 -2
623 1533 -2
624 663 2
624 1134 2
624 1245 2
624 887 -2
624 901 2
625 862 -2
625 1545 -2
625 1718 -2
625 1945 -2
625 686 2
625 1592 -2
626 1830 2
626 1858 2
626 1276 2
627 731 -2
628 1946 2
629 1073 2
630 707 2
630 1094 -2
630 1377 2
630 1474 -2
630 1601 2
630 1988 -2
631 662 2
631 988 2
631 1120 -2
631 1326 2
632 1612 2
633 954 2
633 962 -2
633 1747 2
633 1888 -2
633 1451 -2
633 1809 -2
634 824 -2
634 1261 -2
634 1866 -2
634 1964 2
635 739 2
635 950 -2
635 1074 -2
635 1083 -2
635 1149 -2
635 1365 2
635 968 2
636 764 2
636 1323 -2
636 1640 2
636 1950 2
637 976 -2
637 1802 -2
638 831 2
638 1488 -2
638 1368 2
638 1770 2
638 1950 -2
639 669 2
639 927 2
639 1223 -2
639 1319 -2
639 1398 -2
639 1507 2
639 1967 2
639 1813 2
640 642 -2
640 754 -2
640 1255 -2
640 1524 2
640 1757 -2
640 1760 2
640 1780 2
640 737 -2
640 757 2
640 812 2
640 1061 2
640 1119 -2
641 1156 -2
641 1439 2
641 1630 2
641 675 2
641 1176 -2
641 1336 -2
641 1475 -2
641 1566 2
641 1594 -2
641 1645 2
641 1714 2
642 754 2
642 1057 2
642 1369 -2
643 992 2
643 1290 -2
643 1330 2
643 1420 2
644 765 -2
644 780 2
644 931 -2
644 1667 2
644 1767 -2
644 1817 -2
644 727 2
644 1398 2
644 1562 -2
644 1779 -2
645 1908 -2
645 647 2
645 733 2
645 756 -2
645 808 -2
646 1787 -2
647 733 -2
648 1465 -2
648 1002 2
649 782 2
649 943 2
649 1435 2
649 650 2
649 799 -2
649 830 2
649 1003 -2
649 1100 -2
649 1589 2
650 1777 2
650 1100 -2
650 1115 2
650 1118 -2
651 678 2
651 1083 2
651 1153 -2
652 789 -2
652 957 -2
652 1882 -2
652 1349 2
653 1984 2
653 1269 -2
653 1703 2
653 1324 -2
653 1877 2
654 705 2
654 710 2
654 772 -2
654 888 2
654 915 -2
654 867 -2
655 718 -2
655 1058 2
655 1117 -2
656 1193 -2
656 1661 -2
656 1688 2
656 1723 2
656 1408 -2
657 809 2
657 896 2
657 1251 -2
657 1467 -2
658 1795 -2
658 659 -2
658 852 2
658 903 2
658 990 -2
659 955 2
659 1171 2
659 1265 2
659 1783 -2
659 1955 -2
659 852 -2
659 903 2
659 990 2
659 1020 -2
659 1704 -2
660 722 2
660 885 2
660 1468 2
660 1471 2
661 874 2
661 1049 2
661 1449 -2
661 1971 2
661 951 2
662 1220 -2
662 1311 -2
662 754 2
662 788 -2
662 1149 -2
662 1695 -2
662 1764 2
662 1785 2
663 1245 -2
663 1193 -2
663 1492 -2
664 1569 -2
664 975 -2
665 922 2
665 1023 2
665 1391 -2
665 1826 2
666 904 -2
666 980 2
666 1902 2
666 1924 -2
666 850 2
666 1557 2
667 914 -2
667 1043 -2
667 1066 2
667 1252 -2
667 1965 -2
667 681 -2
667 1264 -2
667 1407 2
668 695 -2
668 714 2
668 870 -2
668 1175 2
668 1643 -2
668 1690 2
668 1756 -2
669 967 -2
669 1223 2
669 1507 2
670 803 2
671 852 2
671 860 -2
671 1122 -2
672 673 -2
672 690 2
672 926 -2
672 958 2
672 1189 2
672 1214 2
672 1333 2
672 1651 2
672 691 2
673 926 -2
673 1189 2
673 1651 -2
674 1144 -2
674 1843 2
675 767 -2
675 1238 2
675 1890 2
675 982 2
675 1176 2
675 1645 2
676 1034 2
676 677 -2
676 845 2
676 1141 -2
676 1145 -2
676 1563 -2
676 1971 2
677 845 -2
677 891 -2
677 1742 -2
678 1680 -2
678 684 2
679 1661 -2
679 1921 2
680 1829 2
680 1618 -2
681 767 2
681 953 2
681 1126 -2
681 1407 2
682 1525 -2
683 752 -2
683 945 2
683 1402 2
683 1458 2
683 1505 -2
683 1816 2
683 1252 2
683 1599 -2
684 1842 2
685 1794 2
685 772 -2
685 836 2
685 868 2
685 907 -2
685 952 -2
685 983 -2
685 1329 -2
685 1443 -2
685 1558 -2
685 1915 2
686 1370 2
686 1400 -2
687 730 -2
687 1943 2
688 1032 2
688 1230 2
688 1385 -2
688 1864 2
689 693 2
689 895 2
689 1635 2
690 958 -2
690 1214 -2
690 743 -2
691 853 2
691 1225 -2
691 948 2
691 1203 -2
691 1750 -2
692 1268 2
692 1793 -2
692 1258 2
692 1778 2
694 812 -2
694 1495 -2
694 1804 2
695 714 2
695 1175 2
695 863 -2
695 1733 2
696 1995 -2
696 911 -2
696 1717 2
697 1961 -2
698 1106 -2
698 1116 2
698 1169 2
698 1188 2
698 1568 -2
698 1815 -2
698 811 -2
698 914 2
698 1293 -2
699 762 2
699 905 -2
699 948 -2
699 1131 -2
699 1289 2
699 795 2
699 991 -2
700 1200 -2
700 1414 2
700 1953 2
700 1969 -2
700 1815 -2
701 877 2
701 879 2
701 1099 2
701 1310 -2
701 1422 2
701 763 -2
702 1145 2
702 717 -2
702 940 -2
702 1090 2
703 766 -2
703 1759 -2
704 729 -2
704 1170 2
704 1396 -2
704 1712 2
704 1847 -2
704 1125 2
704 1333 -2
705 710 -2
705 758 2
705 772 2
705 873 -2
705 888 2
705 1078 -2
705 1205 2
705 1525 2
705 1689 2
705 1899 -2
706 842 2
706 933 2
706 1029 2
706 1157 2
706 1307 -2
706 1809 2
706 1828 -2
706 1921 -2
707 1094 2
707 1474 2
708 761 2
708 801 2
708 1042 -2
708 1077 2
708 1517 2
708 1556 2
708 783 2
708 1001 -2
708 1022 2
708 1184 2
708 1360 -2
708 1625 2
708 1747 -2
709 889 -2
709 1478 -2
709 1675 -2
709 1744 -2
709 1515 -2
709 1636 -2
710 772 -2
710 1205 -2
710 1689 2
710 1521 -2
711 733 -2
711 1280 -2
711 1610 -2
711 839 2
711 1649 2
712 938 -2
712 1019 2
713 1328 2
713 1201 -2
713 1701 -2
714 870 -2
714 1643 -2
715 856 2
715 1302 2
716 1979 2
716 732 -2
716 748 -2
716 1105 2
718 1499 2
719 999 2
719 1749 -2
719 1841 2
719 1775 2
720 1951 2
720 1672 -2
720 1706 -2
721 1993 2
721 1999 2
721 986 2
721 1266 -2
721 1535 -2
721 1678 2
721 1773 2
721 1812 -2
721 1834 -2
721 1016 2
722 1468 -2
723 849 -2
723 1348 2
724 1167 2
724 1257 2
724 1634 2
724 1008 2
724 1055 2
724 1384 -2
724 1393 -2
724 1800 -2
725 1217 2
725 1233 -2
725 1670 2
726 1128 -2
726 1428 -2
726 1453 2
726 1943 -2
726 1143 2
727 1320 -2
727 1633 -2
727 1562 2
727 1779 -2
727 1953 -2
728 1072 2
728 1543 2
728 1753 -2
729 1190 2
729 1847 -2
730 1290 -2
730 1527 2
730 1792 -2
731 1267 -2
731 1776 -2
731 1206 -2
732 1105 2
732 1128 -2
732 1249 2
732 1634 -2
733 867 -2
733 1280 2
733 1719 2
734 778 2
734 823 -2
734 877 -2
734 1154 2
734 1163 2
735 757 2
735 1018 2
735 1522 -2
735 1701 2
735 1796 2
735 1895 -2
735 774 2
735 949 2
735 1074 -2
735 1755 -2
735 1828 -2
736 1498 2
736 802 -2
736 1017 2
736 1266 2
736 1922 2
737 1825 -2
737 757 2
737 812 2
738 1053 2
738 1353 2
739 878 2
739 890 2
739 906 -2
739 1342 -2
739 1514 2
739 1763 2
741 1459 -2
741 1874 2
742 959 -2
744 989 2
744 1101 -2
744 1417 -2
744 1538 -2
744 1612 2
745 1486 -2
745 1549 2
745 1741 -2
746 750 -2
746 1425 -2
746 1528 -2
747 1133 2
747 1912 2
750 785 -2
750 1473 2
750 1425 -2
750 1528 2
750 1791 -2
751 1728 2
751 1880 2
751 1938 -2
752 945 -2
752 1142 2
752 1505 2
752 1816 2
752 1011 -2
752 1537 2
752 1923 2
753 1996 2
753 1343 2
753 1705 2
753 859 2
753 1914 2
754 1757 -2
754 1343 -2
754 1455 -2
755 1321 2
755 1775 -2
755 1088 -2
755 1546 -2
756 885 2
756 1330 -2
757 1018 -2
757 1178 2
757 1179 2
757 1327 2
757 1522 -2
757 1573 2
758 873 -2
758 1078 -2
758 790 2
758 964 -2
759 1539 2
759 1562 2
759 1289 -2
760 871 -2
760 1127 -2
760 1160 -2
760 1415 -2
760 1420 -2
760 764 -2
760 897 -2
760 1107 2
760 1161 2
760 1385 -2
760 1960 -2
761 801 2
761 1155 -2
761 1517 -2
761 1250 -2
761 1273 2
761 1281 -2
762 996 -2
762 1051 -2
762 1137 -2
762 1401 2
762 1418 2
762 1576 -2
763 1067 -2
763 1938 2
763 1404 -2
764 1323 -2
764 1919 -2
764 897 2
764 1049 -2
764 1385 2
765 780 -2
765 891 2
765 1817 2
765 1948 -2
765 792 -2
765 1064 -2
765 1726 2
765 1752 -2
766 937 -2
766 853 2
766 1255 -2
766 1819 2
767 1238 -2
767 781 2
767 953 2
767 1037 2
767 1126 -2
767 1138 -2
767 1244 -2
767 1305 -2
767 1438 -2
767 1859 2
767 1894 2
768 868 2
768 973 2
768 1257 -2
768 1663 2
769 1411 -2
769 1532 -2
769 1733 2
769 1978 2
769 880 -2
769 1788 -2
770 799 -2
770 1424 -2
771 887 2
771 1143 2
771 1227 -2
771 1260 -2
771 1742 2
772 888 2
772 915 -2
772 1525 -2
772 1689 2
772 836 -2
772 1329 -2
772 1443 -2
772 1934 2
773 834 2
773 944 -2
773 1029 2
773 1200 -2
774 1076 -2
774 1676 2
774 1702 2
774 949 -2
774 1074 2
775 1533 2
775 1144 -2
775 1388 2
775 1911 2
776 1450 -2
776 1234 -2
776 1363 2
776 1994 -2
776 1810 -2
777 830 -2
777 1319 2
777 1542 -2
779 1164 2
779 1473 -2
779 1776 -2
780 1767 -2
780 1478 2
781 1309 2
781 1390 2
781 1244 -2
781 1295 -2
781 1438 -2
781 1540 -2
781 1892 -2
782 1997 -2
782 943 -2
782 1334 2
782 1406 2
783 1001 2
783 1625 -2
784 1080 2
784 1641 2
784 1211 -2
784 1917 2
785 856 2
785 1716 2
786 1958 -2
786 1035 2
787 1403 -2
787 985 -2
788 1326 2
788 1764 2
789 827 2
789 957 2
789 1158 2
789 1367 2
789 1446 2
789 1882 -2
789 837 2
789 885 -2
789 1189 2
789 1487 -2
789 1671 -2
790 1295 2
790 1392 -2
790 1566 2
790 1627 2
790 1781 2
790 1885 -2
791 1165 2
791 1905 -2
791 946 2
791 1852 -2
791 1864 -2
792 818 -2
793 1085 2
793 1242 2
796 878 2
796 1166 -2
796 1314 -2
796 1114 -2
797 1296 -2
797 1358 2
797 1481 -2
797 1635 -2
797 1963 2
797 1506 2
798 1338 2
799 1424 2
799 1631 -2
800 998 2
800 1050 -2
800 1056 2
801 1517 2
801 1556 -2
801 1168 -2
803 1632 -2
804 851 -2
804 1177 -2
804 1271 -2
804 1541 2
804 1717 -2
805 1030 -2
805 1896 -2
806 1976 -2
806 808 2
807 1384 -2
807 1881 2
808 1581 -2
808 1805 2
809 896 2
809 1467 2
810 838 2
810 965 -2
810 1407 2
810 1653 2
810 1341 -2
810 1409 -2
810 1639 2
811 1649 -2
811 1782 -2
811 1791 2
811 914 -2
813 1567 -2
813 1527 2
813 1571 2
813 1799 2
814 837 2
814 1464 2
815 825 2
815 1554 2
815 1532 2
817 1102 2
817 1202 2
817 1226 -2
817 1377 -2
817 1872 2
818 1025 -2
818 1284 -2
818 1302 2
819 882 -2
820 1545 -2
820 1928 -2
821 1100 -2
821 1603 2
821 1741 -2
821 931 2
821 1173 -2
821 1467 -2
821 1477 2
822 899 -2
822 1930 2
823 877 2
825 1554 2
825 1322 -2
825 1825 -2
826 1575 -2
827 1158 2
827 1367 -2
827 1697 -2
827 1690 2
828 903 2
828 1244 -2
828 1852 2
828 1053 2
828 1171 2
828 1457 2
828 1497 2
829 995 2
829 1807 2
830 900 2
830 1003 2
830 1589 2
831 1078 -2
832 870 -2
833 1183 -2
833 1298 -2
833 1380 2
833 1559 2
833 1805 -2
834 944 2
834 1111 2
835 1031 -2
835 1510 2
835 1390 -2
835 1561 2
835 1975 -2
836 993 -2
836 1291 2
836 868 2
836 1443 2
837 1464 2
837 1671 -2
838 1046 2
838 1990 2
838 1407 -2
838 1653 2
838 1013 2
838 1620 -2
838 1738 -2
839 1002 2
839 1664 2
839 1483 2
839 1505 2
839 1703 -2
839 1711 -2
840 1241 2
840 1904 -2
840 1932 2
840 1005 -2
841 1247 2
841 1488 2
841 1885 -2
842 1828 2
843 1040 2
844 1007 -2
844 1163 -2
844 1441 2
844 1581 -2
844 1926 -2
845 992 2
845 1104 2
846 1843 -2
847 965 2
847 1079 2
848 1150 -2
848 1601 2
848 1925 2
848 1121 2
848 1226 2
849 1310 2
850 930 2
850 971 2
850 1062 2
851 1337 2
851 1356 2
851 1177 2
852 994 2
852 1122 2
852 1564 -2
852 903 -2
852 1020 2
852 1472 -2
853 1225 -2
853 1813 -2
853 1819 2
855 1185 2
855 1547 2
856 1063 -2
856 1991 2
856 1861 2
856 1306 2
856 1716 2
858 954 2
858 1679 2
858 1838 2
859 898 -2
859 1914 -2
860 1668 2
861 984 -2
861 1340 -2
861 886 2
861 979 -2
861 1246 -2
861 1466 2
862 1545 2
862 1945 -2
862 1040 2
864 1880 2
864 1130 -2
864 1853 -2
865 934 2
865 1494 2
865 1956 -2
866 1694 2
866 1886 -2
866 937 -2
867 1202 2
867 1948 2
869 1981 -2
869 1341 2
869 1869 2
869 1990 -2
869 916 2
869 1015 -2
869 1277 -2
869 1548 -2
869 1659 2
870 1643 2
871 1160 2
871 1420 -2
871 1941 -2
872 960 2
872 1033 -2
872 1104 2
872 1350 -2
872 1644 2
873 1373 2
874 892 -2
874 1449 -2
874 1057 -2
874 1068 2
874 1084 -2
874 1452 -2
874 1519 2
875 928 -2
875 1620 2
875 904 -2
875 1320 2
876 1067 2
877 1366 2
877 1881 -2
878 1314 -2
878 906 -2
878 1342 2
879 1099 2
879 1310 -2
879 1422 2
879 917 2
880 1457 -2
880 1587 -2
880 1101 2
880 1348 -2
881 1006 -2
881 1121 2
881 1416 -2
881 1091 2
881 1427 -2
881 1905 -2
882 1628 2
883 1091 -2
883 1044 2
883 1796 -2
884 1079 -2
884 1724 -2
885 1471 -2
885 1487 -2
885 1496 2
885 1718 -2
886 1008 -2
886 1052 2
886 1312 2
886 1576 -2
886 1246 2
886 1315 2
886 1855 -2
886 1886 2
887 1147 2
887 1260 2
887 1742 2
887 901 2
887 1197 -2
887 1524 -2
887 1656 -2
887 1749 2
887 1769 2
887 1812 -2
888 915 2
888 1525 2
888 1899 -2
888 1280 2
888 1707 2
889 1194 2
889 1877 -2
890 1020 2
890 1207 2
890 1514 2
891 991 -2
891 1038 -2
891 1742 -2
891 1946 2
892 1240 -2
892 1863 2
893 1855 -2
893 1245 2
893 1253 2
893 1700 2
894 924 -2
894 978 2
894 982 2
894 1086 2
894 1242 2
894 1499 2
894 913 2
894 1124 2
894 1870 -2
895 1219 2
895 1635 2
896 947 -2
897 977 -2
897 1224 2
897 1049 -2
897 1385 -2
897 1960 2
898 910 2
898 1965 2
900 918 2
900 1892 -2
901 1197 -2
901 1387 -2
902 981 -2
903 990 -2
904 1902 -2
904 1924 2
904 1320 2
905 948 2
905 1131 -2
905 1778 2
905 1480 2
905 1504 2
906 1405 2
906 1706 -2
906 1342 2
907 1679 -2
907 1423 2
907 1558 -2
908 1123 -2
908 1541 2
908 1995 2
908 1297 -2
908 1854 -2
909 1221 -2
909 1362 2
909 1945 2
910 1205 -2
910 1965 2
911 1717 2
911 1909 -2
912 1069 -2
912 1378 -2
912 1765 -2
912 1981 2
915 1692 2
916 1410 -2
916 1497 -2
916 1659 -2
916 1696 -2
917 1686 2
917 1803 2
918 1892 2
918 1175 2
919 1428 -2
919 1453 2
919 1582 2
920 1081 2
920 1152 2
920 1338 2
920 1674 2
921 1042 2
922 1826 2
922 1007 2
924 978 -2
924 1086 -2
924 1242 -2
924 1935 -2
924 1912 2
924 1947 -2
925 1673 -2
925 1371 -2
926 1449 2
927 1398 2
927 1596 -2
927 997 -2
927 1340 -2
927 1771 2
927 1910 -2
928 1650 2
929 1698 -2
930 971 2
930 1536 2
931 1467 -2
931 1774 -2
932 1187 -2
932 1240 -2
932 1759 -2
932 1560 2
933 1157 -2
933 1307 -2
933 1454 -2
934 1731 2
934 1378 -2
935 1445 -2
935 1871 2
935 1846 -2
936 1355 -2
936 1712 -2
936 1794 2
937 1821 2
937 1198 -2
938 1681 2
938 1232 2
939 1404 2
939 1563 2
940 1090 -2
941 1671 -2
941 1196 -2
942 1279 2
942 1753 2
942 1978 -2
943 1997 2
943 1025 -2
944 1029 2
945 1142 2
945 1402 -2
945 1505 2
946 1219 2
946 1852 2
946 1864 2
947 1153 2
947 1654 2
948 1983 2
948 1289 2
948 1203 2
948 1484 2
948 1493 2
948 1750 2
949 1174 -2
949 1820 -2
949 1074 2
950 1083 2
950 1129 2
950 1287 2
950 1365 -2
950 1754 -2
950 1439 2
950 1797 -2
951 1960 2
952 1217 2
952 1514 -2
952 983 -2
952 1195 2
952 1578 2
952 1602 2
952 1915 2
953 1823 -2
953 1037 2
953 1126 2
953 1138 2
953 1305 -2
954 1747 -2
954 1679 -2
955 1171 -2
955 1783 2
956 1470 -2
956 1866 2
957 1882 -2
958 1214 -2
960 1033 2
960 1286 -2
960 1300 -2
960 1350 2
961 1604 2
961 1431 -2
961 1979 -2
963 1090 -2
964 968 2
964 1279 2
965 1447 2
966 1283 2
966 1301 -2
966 1267 2
967 1530 -2
967 1976 -2
968 1360 2
969 1118 -2
970 1176 2
970 1553 2
970 1958 2
971 1065 2
971 1106 -2
971 1927 -2
972 1372 2
972 1593 2
972 1952 2
972 1086 -2
972 1498 2
972 1784 -2
972 1792 2
972 1795 2
972 1844 2
974 1611 2
974 1034 2
974 1127 2
974 1174 2
974 1729 -2
974 1944 2
976 1094 2
978 1086 -2
978 1499 2
978 1433 -2
979 1466 -2
980 1294 -2
980 1041 -2
981 1342 2
983 1839 2
983 1195 2
983 1915 2
984 1131 -2
986 1999 2
986 1272 -2
986 1993 2
986 1070 2
986 1623 2
987 1052 -2
988 1120 2
988 1486 -2
989 1101 -2
989 1400 2
989 1417 -2
989 1538 -2
989 1677 -2
989 1696 2
989 1766 -2
989 1974 2
990 1362 -2
991 1038 -2
991 1380 -2
991 1837 -2
992 1104 2
992 1381 -2
992 1490 -2
992 1330 2
993 1000 -2
994 1135 2
994 1564 2
994 1682 -2
994 1755 -2
994 1194 2
994 1787 -2
994 1887 -2
995 1807 -2
995 1096 2
995 1735 -2
995 1918 2
996 1503 -2
996 1662 2
996 1051 2
996 1299 -2
996 1401 -2
996 1418 2
996 1576 -2
996 1756 -2
996 1822 -2
997 1387 -2
997 1751 2
997 1910 -2
998 1968 2
998 1060 -2
998 1218 2
998 1332 -2
998 1583 2
998 1959 -2
999 1156 2
999 1781 -2
1000 1103 2
1000 1836 2
1000 1136 2
1000 1229 -2
1000 1605 2
1000 1833 -2
1000 1845 -2
1001 1625 2
1001 1747 2
1005 1345 2
1005 1913 2
1006 1416 2
1006 1187 -2
1007 1089 2
1007 1163 -2
1008 1052 -2
1008 1312 -2
1008 1638 -2
1008 1055 2
1009 1021 -2
1009 1419 -2
1009 1071 -2
1009 1296 2
1009 1840 2
1010 1110 2
1010 1210 -2
1010 1270 2
1010 1626 2
1010 1831 2
1010 1848 -2
1010 1954 -2
1011 1151 -2
1011 1537 2
1011 1923 2
1013 1620 2
1014 1884 -2
1014 1190 2
1015 1990 2
1015 1325 2
1015 1405 -2
1015 1548 -2
1017 1022 -2
1017 1922 2
1018 1178 2
1018 1796 -2
1018 1895 -2
1020 1472 -2
1020 1704 2
1021 1419 -2
1021 1513 2
1021 1930 2
1022 1070 2
1022 1992 -2
1022 1184 -2
1022 1667 -2
1024 1192 -2
1025 1915 -2
1026 1278 2
1028 1924 -2
1030 1409 -2
1030 1875 -2
1030 1916 -2
1030 1076 2
1030 1222 -2
1030 1980 2
1031 1292 -2
1032 1864 2
1032 1103 2
1033 1087 -2
1033 1425 -2
1033 1599 2
1033 1735 -2
1033 1936 2
1033 1300 2
1033 1644 2
1034 1174 2
1034 1944 -2
1035 1652 2
1036 1732 -2
1036 1312 2
1036 1516 -2
1036 1648 -2
1036 1673 -2
1036 1719 2
1037 1797 2
1037 1138 2
1039 1399 2
1039 1455 2
1039 1474 2
1039 1570 -2
1043 1252 2
1043 1996 2
1043 1376 2
1044 1972 -2
1044 1694 2
1045 1146 -2
1047 1657 2
1047 1220 -2
1048 1472 2
1048 1707 2
1048 1587 -2
1048 1811 -2
1050 1056 2
1050 1607 -2
1050 1896 -2
1050 1263 2
1050 1344 2
1050 1627 -2
1051 1195 2
1051 1196 2
1051 1137 2
1051 1418 -2
1051 1465 -2
1052 1312 2
1052 1638 2
1053 1297 -2
1053 1171 -2
1053 1457 2
1053 1497 2
1054 1507 -2
1055 1281 2
1055 1558 2
1055 1699 -2
1055 1384 2
1055 1393 -2
1056 1896 -2
1056 1391 2
1057 1760 2
1057 1084 2
1057 1260 2
1057 1452 -2
1058 1344 -2
1059 1571 -2
1060 1466 2
1060 1332 -2
1061 1119 2
1062 1082 -2
1062 1643 -2
1062 1891 2
1063 1861 2
1065 1351 -2
1065 1513 2
1065 1789 2
1066 1509 2
1066 1584 2
1066 1868 2
1067 1938 -2
1068 1350 -2
1068 1806 -2
1068 1876 2
1068 1702 2
1069 1765 -2
1069 1751 -2
1069 1823 -2
1071 1734 2
1071 1840 -2
1072 1459 2
1072 1590 2
1074 1149 2
1074 1191 2
1076 1702 -2
1076 1222 -2
1077 1774 -2
1077 1853 -2
1077 1758 2
1079 1201 -2
1080 1641 -2
1080 1092 -2
1080 1403 2
1080 1888 -2
1080 1951 2
1081 1300 2
1081 1723 -2
1082 1891 -2
1083 1129 2
1083 1197 2
1083 1365 -2
1084 1198 2
1084 1236 -2
1084 1509 2
1084 1452 -2
1084 1519 -2
1085 1893 2
1085 1242 -2
1086 1242 -2
1086 1499 2
1087 1769 -2
1090 1832 2
1092 1479 2
1092 1574 -2
1092 1403 2
1092 1655 2
1092 1888 -2
1092 1951 2
1093 1952 2
1094 1474 -2
1094 1601 2
1095 1274 -2
1096 1368 2
1096 1447 -2
1096 1918 -2
1098 1557 -2
1098 1313 2
1098 1650 2
1099 1310 -2
1100 1313 2
1100 1115 -2
1100 1118 2
1100 1801 2
1101 1696 2
1101 1974 -2
1101 1256 2
1101 1348 -2
1101 1411 -2
1102 1202 -2
1102 1377 2
1102 1779 -2
1102 1150 -2
1104 1490 -2
1105 1114 -2
1105 1115 -2
1105 1184 2
1105 1862 -2
1105 1975 2
1105 1128 2
1106 1660 -2
1106 1815 2
1106 1238 2
1107 1771 2
1107 1161 -2
1108 1142 -2
1108 1434 2
1109 1373 2
1109 1672 -2
1109 1591 -2
1109 1697 2
1109 1974 -2
1110 1913 2
1112 1324 -2
1112 1830 -2
1112 1837 2
1113 1898 2
1114 1577 -2
1114 1814 2
1115 1184 2
1115 1975 2
1115 1118 -2
1115 1801 2
1116 1169 2
1116 1188 -2
1116 1443 2
1116 1460 2
1116 1483 -2
1116 1568 -2
1116 1907 2
1117 1691 -2
1120 1126 2
1120 1264 -2
1120 1293 2
1120 1374 2
1120 1393 -2
1120 1413 -2
1120 1860 -2
1121 1172 -2
1121 1226 -2
1123 1740 2
1124 1211 2
1126 1413 -2
1127 1729 2
1127 1739 -2
1128 1428 2
1128 1528 2
1128 1249 -2
1129 1197 2
1129 1754 2
1130 1518 -2
1130 1739 -2
1130 1619 2
1130 1821 2
1130 1853 -2
1131 1778 2
1132 1206 2
1132 1381 -2
1133 1912 2
1135 1555 2
1135 1677 -2
1136 1254 2
1136 1519 2
1136 1229 2
1136 1605 -2
1136 1833 2
1137 1234 2
1137 1465 -2
1137 1883 2
1138 1231 -2
1138 1305 -2
1138 1859 -2
1139 1954 -2
1140 1482 2
1140 1873 2
1140 1899 2
1141 1810 2
1141 1868 2
1141 1236 -2
1142 1434 2
1143 1227 2
1143 1307 -2
1144 1181 2
1145 1563 2
1146 1833 2
1146 1269 2
1146 1629 -2
1146 1875 -2
1149 1191 -2
1149 1695 -2
1149 1785 2
1150 1227 2
1151 1208 2
1151 1382 -2
1151 1630 2
1153 1322 2
1153 1431 -2
1153 1654 -2
1153 1714 -2
1155 1654 -2
1156 1439 2
1156 1435 -2
1156 1535 2
1156 1646 2
1156 1781 -2
1156 1916 2
1157 1454 2
1157 1809 2
1157 1167 -2
1157 1268 2
1157 1508 2
1157 1529 -2
1158 1697 2
1159 1314 2
1159 1450 2
1159 1675 2
1160 1420 2
1162 1282 -2
1162 1658 2
1164 1473 2
1165 1663 2
1167 1257 -2
1167 1274 2
1167 1421 -2
1167 1634 -2
1167 1508 -2
1169 1188 2
1169 1443 2
1169 1460 -2
1169 1480 2
1169 1670 -2
1169 1374 -2
1170 1396 2
1170 1712 2
1170 1891 -2
1171 1955 -2
1171 1457 -2
1172 1422 2
1173 1980 2
1173 1383 -2
1173 1427 -2
1173 1824 -2
1173 1846 2
1173 1878 2
1173 1477 -2
1176 1566 2
1176 1645 2
1177 1541 2
1178 1179 -2
1178 1327 -2
1178 1538 2
1179 1327 2
1179 1573 2
1179 1638 -2
1179 1676 2
1180 1691 2
1182 1647 -2
1182 1722 2
1182 1814 2
1183 1298 2
1183 1301 -2
1183 1559 -2
1184 1862 -2
1184 1360 2
1184 1667 2
1185 1235 -2
1185 1418 2
1185 1547 2
1186 1724 -2
1186 1637 -2
1187 1240 -2
1187 1743 -2
1189 1651 -2
1190 1229 2
1190 1728 2
1190 1857 -2
1191 1901 -2
1193 1661 -2
1194 1877 2
1194 1887 -2
1195 1196 -2
1195 1440 2
1195 1578 2
1197 1387 2
1197 1524 -2
1198 1509 2
1199 1858 2
1200 1953 2
1201 1701 2
1202 1377 -2
1202 1872 2
1202 1948 2
1203 1461 2
1203 1897 2
1203 1484 -2
1203 1493 -2
1205 1937 -2
1206 1783 -2
1207 1275 -2
1208 1382 2
1209 1265 -2
1209 1308 2
1209 1544 2
1209 1575 -2
1209 1786 -2
1209 1851 -2
1210 1292 -2
1210 1440 2
1210 1224 2
1210 1231 2
1213 1432 2
1215 1249 -2
1215 1306 -2
1215 1364 -2
1215 1496 2
1215 1693 2
1215 1262 -2
1216 1401 -2
1216 1669 -2
1216 1750 -2
1217 1233 -2
1218 1228 2
1218 1642 2
1218 1352 2
1218 1720 2
1220 1311 -2
1221 1331 -2
1221 1925 -2
1222 1980 -2
1223 1319 2
1223 1335 2
1223 1507 -2
1223 1602 2
1226 1872 -2
1228 1339 -2
1228 1502 -2
1228 1642 -2
1228 1879 2
1229 1728 -2
1229 1857 2
1229 1605 2
1230 1385 -2
1232 1906 2
1233 1889 -2
1234 1379 2
1234 1949 2
1234 1363 -2
1235 1878 -2
1236 1725 -2
1237 1536 2
1237 1546 2
1237 1551 -2
1237 1356 -2
1239 1318 -2
1239 1616 2
1240 1743 -2
1241 1904 2
1241 1247 2
1241 1931 -2
1244 1621 -2
1244 1852 2
1244 1295 -2
1244 1438 2
1244 1540 2
1246 1451 -2
1246 1315 2
1246 1855 -2
1247 1931 2
1248 1288 2
1249 1364 -2
1249 1634 2
1252 1965 2
1252 1599 2
1253 1565 2
1253 1700 2
1253 1884 -2
1254 1275 -2
1255 1524 -2
1255 1986 -2
1255 1780 -2
1255 1923 -2
1256 1325 -2
1257 1663 -2
1258 1547 -2
1258 1778 2
1259 1388 -2
1260 1742 -2
1261 1866 2
1261 1964 -2
1262 1550 -2
1263 1344 -2
1264 1374 -2
1264 1393 -2
1264 1982 2
1266 1773 2
1266 1834 2
1267 1776 2
1267 1303 2
1268 1529 2
1269 1606 2
1269 1629 2
1269 1875 -2
1270 1331 -2
1271 1957 2
1272 1826 2
1273 1281 -2
1274 1421 2
1277 1303 2
1277 1311 -2
1278 1574 2
1278 1789 -2
1279 1364 -2
1280 1719 -2
1280 1707 -2
1281 1558 -2
1283 1301 -2
1284 1392 2
1284 1987 2
1285 1347 -2
1285 1726 -2
1288 1686 2
1289 1983 -2
1290 1792 2
1292 1440 -2
1292 1761 -2
1292 1900 -2
1292 1437 -2
1292 1817 2
1295 1392 -2
1295 1627 2
1296 1481 2
1296 1635 2
1296 1827 -2
1297 1854 -2
1298 1559 -2
1298 1805 2
1299 1444 2
1299 1870 -2
1299 1822 -2
1304 1379 2
1305 1859 2
1305 1894 2
1306 1496 2
1306 1693 2
1306 1660 2
1306 1850 2
1307 1921 2
1308 1575 2
1309 1721 -2
1309 1942 -2
1310 1422 2
1312 1516 -2
1312 1648 2
1312 1719 -2
1315 1855 2
1315 1886 -2
1316 1987 2
1316 1863 2
1318 1475 2
1318 1346 -2
1318 1462 -2
1318 1857 2
1319 1602 2
1320 1633 -2
1322 1431 2
1322 1714 2
1322 1825 -2
1323 1919 2
1323 1579 2
1324 1402 2
1325 1405 2
1326 1629 2
1330 1609 2
1330 1420 2
1332 1768 -2
1333 1501 2
1334 1406 -2
1336 1579 2
1336 1917 -2
1336 1475 2
1337 1526 2
1337 1800 2
1337 1369 -2
1338 1674 2
1338 1869 -2
1339 1502 -2
1339 1737 -2
1340 1771 -2
1341 1639 -2
1343 1455 2
1345 1913 -2
1345 1520 2
1347 1726 2
1347 1598 2
1347 1727 -2
1347 1961 2
1348 1822 -2
1348 1411 2
1348 1890 2
1349 1353 -2
1350 1876 -2
1351 1513 2
1351 1530 2
1352 1720 -2
1352 1977 -2
1354 1597 -2
1355 1894 -2
1355 1608 -2
1355 1986 -2
1358 1910 -2
1358 1963 2
1359 1708 -2
1361 1982 2
1366 1881 2
1366 1569 -2
1367 1446 -2
1368 1447 -2
1368 1770 2
1370 1556 2
1370 1865 -2
1372 1593 2
1372 1794 -2
1374 1393 -2
1374 1860 2
1376 1996 2
1379 1949 -2
1380 1837 -2
1380 1931 -2
1380 1652 -2
1382 1520 2
1383 1846 -2
1383 1878 2
1384 1393 -2
1385 1960 2
1386 1684 2
1386 1914 2
1387 1751 -2
1388 1617 -2
1388 1444 -2
1388 1464 -2
1389 1693 2
1389 1762 -2
1390 1975 2
1392 1987 2
1394 1737 -2
1394 1993 -2
1394 1476 2
1394 1609 -2
1396 1712 -2
1397 1933 -2
1397 1973 2
1398 1596 -2
1398 1680 2
1400 1766 -2
1401 1750 2
1403 1655 -2
1403 1951 2
1404 1563 -2
1409 1875 -2
1409 1916 2
1410 1497 -2
1410 1633 -2
1411 1890 2
1412 1582 2
1417 1538 -2
1417 1677 -2
1418 1576 2
1419 1421 2
1419 1862 2
1421 1862 -2
1424 1631 -2
1424 1617 2
1424 1908 -2
1425 1599 -2
1425 1735 -2
1425 1528 -2
1426 1511 -2
1426 1531 2
1426 1731 2
1427 1980 -2
1427 1824 -2
1427 1905 2
1428 1695 -2
1428 1943 2
1428 1453 -2
1428 1949 -2
1430 1511 2
1430 1770 2
1430 1831 -2
1432 1940 2
1433 1600 2
1433 1804 -2
1435 1535 -2
1435 1849 -2
1437 1854 -2
1437 1665 2
1437 1817 2
1438 1487 2
1438 1540 -2
1439 1777 2
1440 1761 -2
1441 1736 2
1442 1561 -2
1443 1460 2
1443 1480 -2
1443 1670 -2
1443 1738 -2
1443 1907 2
1444 1464 -2
1445 1871 2
1446 1485 2
1446 1669 2
1449 1971 -2
1450 1675 -2
1452 1519 2
1453 1695 -2
1453 1943 2
1453 1582 -2
1455 1474 2
1455 1570 -2
1455 1762 2
1456 1504 2
1457 1587 2
1457 1497 2
1459 1550 2
1459 1590 2
1460 1480 -2
1460 1907 2
1461 1897 -2
1462 1857 2
1465 1883 -2
1467 1774 -2
1470 1866 -2
1474 1601 -2
1476 1609 2
1478 1744 -2
1479 1882 -2
1480 1504 -2
1480 1615 -2
1480 1628 -2
1481 1635 2
1481 1827 2
1481 1523 -2
1482 1512 -2
1482 1873 2
1483 1505 -2
1483 1703 -2
1483 1711 -2
1484 1493 2
1486 1934 2
1487 1496 2
1493 1911 2
1496 1768 -2
1498 1784 2
1498 1792 -2
1500 1624 -2
1500 1941 2
1501 1732 2
1503 1662 2
1503 1730 2
1503 1860 2
1504 1615 2
1505 1711 -2
1506 1624 -2
1509 1868 -2
1511 1770 -2
1514 1994 2
1514 1763 -2
1516 1648 -2
1518 1739 -2
1521 1957 -2
1521 1745 2
1524 1780 -2
1525 1899 -2
1526 1800 -2
1527 1808 -2
1527 1603 -2
1532 1733 2
1534 1973 -2
1534 1939 -2
1535 1678 2
1535 1646 2
1535 1849 2
1536 1546 2
1536 1551 2
1536 1591 2
1537 1923 2
1538 1677 -2
1538 1631 2
1539 1562 2
1539 1793 -2
1540 1615 -2
1541 1588 -2
1543 1962 2
1543 1935 -2
1544 1786 -2
1545 1718 -2
1545 1928 2
1546 1616 -2
1549 1559 2
1549 1586 2
1549 1741 -2
1549 1919 2
1550 1597 2
1551 1591 -2
1551 1765 2
1552 1678 -2
1554 1816 2
1555 1677 -2
1556 1782 2
1560 1687 2
1563 1971 -2
1564 1682 2
1564 1755 -2
1565 1989 2
1565 1884 2
1566 1885 2
1566 1594 -2
1566 1714 2
1568 1861 2
1569 1835 -2
1570 1762 -2
1570 1669 2
1570 1841 2
1570 1966 2
1571 1799 -2
1572 1636 2
1574 1789 -2
1574 1904 -2
1577 1814 -2
1579 1592 2
1579 1917 2
1580 1715 2
1581 1805 -2
1581 1818 2
1581 1926 2
1583 1959 -2
1587 1811 2
1589 1964 -2
1590 1979 -2
1592 1760 -2
1593 1952 -2
1594 1926 2
1594 1714 2
1595 1613 -2
1595 1937 2
1595 1754 2
1598 1727 2
1599 1735 2
1599 1936 -2
1602 1642 -2
1604 1985 -2
1608 1998 -2
1608 1704 -2
1608 1802 2
1608 1986 2
1609 1993 -2
1611 1972 -2
1613 1937 2
1615 1628 -2
1617 1908 2
1618 1942 -2
1619 1698 2
1619 1821 2
1620 1738 2
1621 1887 2
1621 1666 2
1622 1648 -2
1623 1959 2
1624 1941 2
1624 1827 2
1624 1889 -2
1626 1784 -2
1626 1831 -2
1626 1848 -2
1630 1730 -2
1635 1827 -2
1637 1656 2
1638 1676 2
1640 1752 -2
1640 1950 2
1641 1689 -2
1642 1879 -2
1646 1916 -2
1647 1814 2
1649 1782 2
1649 1788 2
1649 1791 2
1650 1867 2
1653 1990 -2
1655 1898 2
1656 1749 2
1656 1769 -2
1656 1812 -2
1658 1715 -2
1659 1856 2
1660 1850 -2
1661 1688 2
1661 1999 2
1661 1803 -2
1661 1835 -2
1661 1921 -2
1669 1966 -2
1670 1738 2
1671 1683 2
1671 1865 2
1674 1700 -2
1674 1869 -2
1678 1812 2
1681 1713 -2
1682 1755 -2
1682 1766 -2
1683 1865 2
1683 1836 2
1684 1685 -2
1685 1901 2
1685 1699 2
1688 1723 -2
1689 1856 -2
1689 1903 2
1690 1756 -2
1696 1974 -2
1697 1933 -2
1697 1974 -2
1703 1984 -2
1705 1996 -2
1708 1761 2
1716 1927 -2
1718 1768 -2
1721 1942 -2
1725 1871 -2
1726 1752 2
1727 1961 -2
1728 1880 2
1729 1739 2
1735 1909 -2
1738 1876 2
1741 1919 -2
1742 1946 -2
1745 1845 2
1746 1932 -2
1747 1888 2
1749 1841 -2
1749 1769 -2
1751 1823 2
1757 1790 2
1759 1811 2
1761 1798 -2
1770 1950 2
1772 1873 2
1774 1853 2
1779 1953 -2
1782 1788 -2
1782 1791 -2
1784 1795 -2
1786 1851 2
1792 1844 2
1796 1895 -2
1802 1998 2
1803 1835 2
1803 1879 2
1805 1818 -2
1806 1832 -2
1810 1868 -2
1810 1994 2
1817 1948 -2
1818 1983 2
1827 1889 2
1830 1858 2
1830 1903 -2
1830 1837 -2
1833 1845 -2
1846 1878 2
1848 1954 2
1856 1903 -2
1859 1894 -2
1861 1991 2
1869 1981 2
1872 1902 -2
1875 1916 2
1880 1938 -2
1904 1932 -2
1907 1967 2
1912 1947 -2
1921 1999 -2
1923 1992 -2
1923 1986 -2
1925 1991 2
1984 1989 -2
0 0 7
1 1 -5
2 2 8
3 3 43
4 4 -8
5 5 -10
6 6 3
7 7 -7
8 8 -11
9 9 -8
10 10 -9
11 11 2
12 12 8
13 13 20
14 14 4
15 15 6
16 16 8
17 17 -8
18 18 -1
19 19 -16
20 20 9
21 21 -3
22 22 -7
23 23 -3
24 24 -3
25 25 5
26 26 4
27 27 12
29 29 5
30 30 6
31 31 -14
32 32 5
33 33 4
34 34 15
35 35 -6
37 37 2
38 38 10
40 40 -3
41 41 -11
42 42 2
43 43 -11
44 44 -9
46 46 -3
47 47 -8
48 48 10
49 49 -8
50 50 -1
51 51 -8
52 52 7
53 53 -1
55 55 -1
56 56 2
57 57 3
58 58 8
59 59 4
60 60 8
61 61 -12
62 62 -5
63 63 -1
64 64 -2
65 65 -14
66 66 10
67 67 -4
68 68 -9
69 69 -1
70 70 -1
71 71 -2
72 72 1
73 73 5
74 74 -4
75 75 -1
76 76 1
77 77 2
78 78 -3
79 79 -9
80 80 -11
81 81 1
82 82 2
83 83 2
84 84 4
85 85 -5
86 86 -7
87 87 -6
88 88 -3
90 90 2
91 91 -2
92 92 5
93 93 -14
94 94 -5
96 96 -8
97 97 3
98 98 -4
99 99 -6
100 100 8
101 101 -6
102 102 1
103 103 -4
104 104 7
105 105 -4
106 106 2
107 107 -7
108 108 -2
109 109 8
110 110 -5
112 112 8
113 113 -9
115 115 6
116 116 -1
117 117 1
118 118 6
119 119 -7
120 120 6
121 121 -1
122 122 -9
123 123 -2
124 124 -2
125 125 -6
126 126 2
127 127 -3
129 129 -5
132 132 4
133 133 -4
134 134 1
136 136 6
137 137 3
138 138 -3
139 139 -8
140 140 3
141 141 3
142 142 -1
143 143 -5
144 144 -5
145 145 -8
146 146 -1
147 147 3
148 148 -5
149 149 -4
150 150 -2
152 152 -7
153 153 -2
154 154 7
155 155 -4
156 156 6
158 158 9
159 159 -1
162 162 1
163 163 5
164 164 1
165 165 6
166 166 -8
168 168 -1
169 169 11
170 170 1
171 171 6
172 172 5
173 173 5
174 174 -6
176 176 -2
177 177 -4
178 178 -3
179 179 5
180 180 2
181 181 4
182 182 1
183 183 11
184 184 3
185 185 5
186 186 2
187 187 3
188 188 2
189 189 3
190 190 2
191 191 -2
192 192 6
193 193 -1
194 194 -3
195 195 -5
196 196 -1
197 197 -9
198 198 -3
199 199 -5
200 200 4
201 201 7
202 202 4
205 205 -5
206 206 -10
207 207 -1
208 208 2
209 209 -2
210 210 5
211 211 -6
212 212 1
213 213 -3
214 214 -2
215 215 3
216 216 -1
217 217 2
218 218 2
219 219 2
221 221 -5
222 222 -2
223 223 -5
224 224 3
225 225 -1
226 226 -1
227 227 2
228 228 2
230 230 4
231 231 -6
232 232 -2
233 233 3
234 234 -2
235 235 5
236 236 3
237 237 1
238 238 -1
240 240 -3
241 241 11
242 242 -2
243 243 7
244 244 -5
245 245 4
246 246 1
247 247 4
248 248 4
249 249 -1
250 250 -3
251 251 -3
252 252 4
253 253 -8
254 254 2
255 255 3
256 256 3
257 257 -8
258 258 -4
259 259 2
260 260 -3
263 263 4
264 264 5
265 265 -5
266 266 5
267 267 -5
268 268 -3
269 269 -15
270 270 -1
271 271 4
272 272 2
273 273 -2
274 274 -6
275 275 -7
276 276 -1
277 277 -1
278 278 -5
279 279 -2
280 280 -1
281 281 -2
282 282 7
283 283 5
284 284 -1
285 285 -3
286 286 6
287 287 3
288 288 2
289 289 1
290 290 -3
291 291 2
292 292 -4
293 293 7
294 294 2
295 295 -3
297 297 2
298 298 5
299 299 1
300 300 1
301 301 2
302 302 1
303 303 12
304 304 -1
305 305 1
306 306 -3
307 307 3
308 308 3
309 309 5
310 310 -8
311 311 -4
312 312 -1
314 314 1
315 315 -1
316 316 2
317 317 -4
318 318 1
319 319 -1
320 320 -6
321 321 2
322 322 1
323 323 -4
324 324 -1
327 327 2
328 328 -1
330 330 -1
331 331 6
332 332 2
333 333 -1
334 334 -2
335 335 -2
337 337 4
338 338 3
339 339 -7
341 341 1
342 342 4
343 343 -1
344 344 -2
345 345 -3
346 346 4
347 347 4
348 348 -1
349 349 -1
350 350 -3
351 351 -12
352 352 -2
353 353 4
354 354 -4
355 355 -3
356 356 -1
357 357 4
358 358 -9
359 359 1
361 361 -3
362 362 -2
363 363 -3
364 364 -2
365 365 -2
366 366 1
367 367 4
368 368 2
369 369 1
370 370 1
371 371 8
372 372 -6
373 373 -1
374 374 -4
375 375 -1
376 376 2
377 377 -4
378 378 -2
379 379 -2
380 380 -4
381 381 2
382 382 6
384 384 -4
385 385 5
386 386 2
387 387 -6
388 388 -5
389 389 -2
390 390 1
391 391 9
392 392 -4
393 393 3
394 394 2
395 395 -1
396 396 2
397 397 -1
398 398 4
399 399 2
400 400 -8
401 401 1
404 404 -6
405 405 6
406 406 -4
407 407 1
408 408 2
409 409 2
410 410 -2
411 411 -2
412 412 1
413 413 -9
414 414 6
415 415 -2
416 416 1
417 417 -4
418 418 -4
420 420 5
421 421 -3
422 422 8
423 423 4
424 424 -2
425 425 -1
426 426 -5
427 427 1
428 428 -1
429 429 -5
430 430 -2
431 431 -3
432 432 -10
433 433 4
435 435 1
437 437 1
438 438 -2
439 439 1
440 440 2
441 441 5
442 442 -6
443 443 -4
444 444 3
445 445 -3
446 446 -3
447 447 -4
448 448 -1
449 449 4
450 450 2
451 451 3
452 452 4
453 453 -1
454 454 -3
456 456 7
457 457 2
458 458 4
459 459 -1
461 461 2
462 462 -4
463 463 -2
464 464 5
465 465 -2
467 467 -1
468 468 1
469 469 -2
470 470 -1
471 471 -5
472 472 -5
473 473 -6
474 474 -4
475 475 -9
476 476 1
477 477 -6
478 478 1
480 480 -1
481 481 -5
482 482 5
483 483 -7
485 485 -1
486 486 1
487 487 -1
488 488 4
489 489 1
490 490 4
491 491 -2
492 492 -3
494 494 6
495 495 2
496 496 -9
497 497 5
498 498 3
499 499 3
501 501 8
503 503 2
504 504 4
505 505 -4
506 506 5
507 507 1
508 508 3
509 509 -2
510 510 -3
511 511 -2
512 512 -5
513 513 -4
514 514 -1
515 515 7
516 516 3
517 517 -1
518 518 1
519 519 -2
520 520 2
521 521 -4
522 522 -4
523 523 -4
524 524 7
525 525 -4
526 526 -1
527 527 -2
528 528 -1
529 529 4
530 530 -4
531 531 -2
532 532 4
533 533 7
534 534 -6
535 535 3
536 536 -4
537 537 -5
538 538 4
539 539 5
540 540 4
542 542 -1
544 544 4
545 545 -3
546 546 -8
547 547 -1
548 548 -1
550 550 3
551 551 2
553 553 -6
554 554 -1
555 555 -4
556 556 1
557 557 3
558 558 2
559 559 -1
560 560 2
561 561 2
562 562 -4
563 563 -7
565 565 2
566 566 -8
568 568 1
569 569 1
570 570 -2
572 572 4
573 573 1
574 574 1
575 575 -1
576 576 -6
577 577 -3
578 578 2
579 579 5
580 580 3
581 581 -2
582 582 -7
583 583 -2
584 584 -1
585 585 -1
586 586 2
587 587 1
588 588 -3
589 589 -1
590 590 -3
592 592 3
593 593 -4
594 594 -2
595 595 3
596 596 -2
597 597 -4
598 598 2
599 599 2
600 600 -4
601 601 -5
602 602 9
603 603 -2
605 605 -1
606 606 2
607 607 -2
608 608 -1
609 609 -1
610 610 3
611 611 -2
612 612 3
613 613 4
614 614 -4
615 615 -4
616 616 -4
617 617 5
618 618 3
619 619 1
620 620 6
622 622 3
623 623 6
624 624 -7
626 626 -9
627 627 -5
628 628 -1
629 629 1
630 630 -2
631 631 -3
632 632 -1
633 633 5
634 634 2
635 635 3
636 636 2
637 637 1
638 638 -1
639 639 -8
640 640 4
641 641 -3
642 642 -3
643 643 2
645 645 1
646 646 1
649 649 -5
650 650 -4
651 651 -1
652 652 4
653 653 -3
654 654 -2
655 655 5
656 656 1
657 657 -2
658 658 -1
659 659 6
660 660 -2
661 661 -3
662 662 -2
663 663 -1
664 664 1
665 665 -2
666 666 -4
668 668 3
669 669 -1
670 670 -3
671 671 3
672 672 -1
673 673 2
674 674 4
675 675 -2
676 676 -2
677 677 3
679 679 4
681 681 2
682 682 7
683 683 -2
684 684 -3
685 685 7
686 686 -2
688 688 -4
689 689 -3
690 690 3
691 691 -1
692 692 -3
693 693 -2
694 694 3
695 695 -4
696 696 5
697 697 -1
698 698 3
699 699 5
700 700 -1
702 702 -6
703 703 4
704 704 1
706 706 -2
707 707 -4
708 708 -9
709 709 4
710 710 2
711 711 1
713 713 -1
715 715 -2
716 716 -2
717 717 -2
718 718 -1
719 719 -4
720 720 -1
721 721 -6
722 722 -5
724 724 -6
725 725 3
726 726 -3
727 727 3
728 728 -1
730 730 1
731 731 5
732 732 2
733 733 -1
734 734 2
735 735 3
736 736 -1
737 737 -1
738 738 4
739 739 -4
740 740 -2
741 741 -4
742 742 3
743 743 2
744 744 1
745 745 -2
746 746 3
747 747 -1
748 748 2
749 749 -4
750 750 -1
751 751 -3
752 752 1
753 753 -3
754 754 1
755 755 4
756 756 3
757 757 -4
759 759 -4
760 760 7
762 762 2
763 763 1
764 764 5
765 765 2
767 767 1
768 768 -2
769 769 2
770 770 2
771 771 -3
772 772 2
773 773 -4
774 774 1
775 775 -2
776 776 5
777 777 -1
778 778 -4
779 779 1
781 781 3
783 783 -2
784 784 -4
787 787 3
788 788 2
789 789 -1
790 790 -4
791 791 1
792 792 -1
793 793 2
794 794 2
795 795 -2
796 796 -2
797 797 2
798 798 1
799 799 4
800 800 3
801 801 -1
802 802 2
803 803 -1
804 804 3
805 805 2
806 806 3
807 807 2
809 809 -2
810 810 2
811 811 6
812 812 -2
813 813 -2
814 814 -4
815 815 -5
816 816 2
817 817 3
818 818 1
819 819 7
820 820 -2
821 821 -1
823 823 -5
825 825 1
826 826 1
827 827 2
828 828 -5
829 829 -2
830 830 -3
831 831 -1
832 832 -3
833 833 1
834 834 -4
835 835 3
836 836 -2
837 837 -2
838 838 -3
839 839 -4
841 841 -1
842 842 -1
843 843 3
844 844 5
845 845 -2
846 846 2
847 847 -2
848 848 -4
849 849 -1
850 850 -6
851 851 -7
852 852 2
853 853 -1
854 854 4
855 855 -8
856 856 -7
858 858 -5
859 859 -2
860 860 1
861 861 -2
862 862 2
863 863 -2
864 864 3
865 865 1
866 866 1
868 868 -4
869 869 5
870 870 5
871 871 3
872 872 -3
873 873 1
875 875 2
876 876 -3
878 878 -3
879 879 -4
880 880 6
881 881 4
882 882 -3
883 883 -1
886 886 -8
887 887 -4
888 888 -5
889 889 4
890 890 -1
892 892 -2
893 893 -2
894 894 -5
895 895 -2
896 896 -1
897 897 -1
898 898 1
900 900 -4
901 901 2
902 902 1
903 903 -3
904 904 3
905 905 -5
906 906 1
907 907 5
908 908 1
909 909 -5
911 911 6
912 912 2
915 915 1
916 916 4
917 917 -3
918 918 -2
919 919 1
920 920 -2
922 922 -4
923 923 4
924 924 6
926 926 5
928 928 -1
929 929 1
930 930 -4
931 931 2
932 932 -2
933 933 1
934 934 2
935 935 -1
936 936 1
937 937 2
938 938 4
940 940 1
942 942 -3
944 944 -3
945 945 -1
946 946 -3
948 948 -10
949 949 3
950 950 -3
951 951 1
952 952 -3
953 953 -3
955 955 2
957 957 4
958 958 1
960 960 -4
961 961 5
962 962 -2
963 963 3
965 965 -1
966 966 -1
967 967 2
968 968 -3
969 969 -1
970 970 -7
971 971 -5
972 972 -3
973 973 -2
974 974 -8
975 975 2
976 976 -3
977 977 -2
978 978 3
979 979 1
980 980 4
981 981 -3
982 982 -4
983 983 1
984 984 1
985 985 2
986 986 -5
987 987 -1
988 988 -3
989 989 6
990 990 1
991 991 3
992 992 2
993 993 -3
994 994 -1
996 996 3
997 997 3
998 998 -2
999 999 -2
1000 1000 3
1001 1001 -2
1002 1002 -2
1003 1003 2
1005 1005 -2
1006 1006 2
1008 1008 4
1009 1009 1
1010 1010 -3
1011 1011 1
1012 1012 -6
1013 1013 -2
1015 1015 4
1017 1017 -2
1018 1018 3
1021 1021 1
1022 1022 4
1023 1023 2
1024 1024 -2
1025 1025 3
1026 1026 -3
1027 1027 2
1028 1028 -3
1029 1029 -4
1030 1030 4
1031 1031 -3
1033 1033 -1
1034 1034 -2
1035 1035 -1
1037 1037 -6
1040 1040 -2
1043 1043 -4
1044 1044 -2
1045 1045 -1
1046 1046 -3
1047 1047 4
1048 1048 -6
1049 1049 2
1050 1050 2
1051 1051 -3
1052 1052 2
1053 1053 -4
1054 1054 -1
1055 1055 1
1056 1056 2
1057 1057 -5
1058 1058 -3
1059 1059 5
1060 1060 2
1061 1061 1
1062 1062 3
1063 1063 3
1064 1064 -1
1065 1065 1
1066 1066 -3
1067 1067 -1
1069 1069 5
1070 1070 -4
1071 1071 4
1072 1072 -8
1074 1074 -2
1075 1075 -2
1076 1076 2
1077 1077 1
1078 1078 4
1079 1079 3
1080 1080 5
1081 1081 -2
1082 1082 1
1083 1083 1
1084 1084 3
1085 1085 -2
1086 1086 2
1087 1087 3
1088 1088 -2
1089 1089 -2
1090 1090 1
1091 1091 -2
1093 1093 -1
1094 1094 1
1095 1095 2
1096 1096 -3
1097 1097 1
1099 1099 -3
1100 1100 2
1101 1101 -1
1103 1103 -2
1104 1104 -1
1105 1105 -2
1106 1106 3
1107 1107 2
1108 1108 -2
1109 1109 -1
1110 1110 -1
1111 1111 -4
1112 1112 1
1113 1113 -3
1114 1114 2
1115 1115 -2
1116 1116 -1
1117 1117 1
1118 1118 2
1119 1119 -4
1120 1120 -3
1121 1121 -2
1123 1123 2
1124 1124 -1
1125 1125 -4
1126 1126 2
1128 1128 1
1129 1129 -6
1130 1130 5
1131 1131 3
1132 1132 -2
1133 1133 -1
1134 1134 2
1135 1135 -2
1136 1136 -3
1137 1137 1
1138 1138 -1
1139 1139 3
1140 1140 1
1141 1141 -3
1142 1142 -1
1143 1143 2
1144 1144 -1
1145 1145 -5
1146 1146 2
1148 1148 2
1149 1149 1
1150 1150 -1
1151 1151 1
1152 1152 -4
1153 1153 2
1154 1154 -1
1155 1155 1
1157 1157 -2
1158 1158 -5
1159 1159 -1
1160 1160 -3
1162 1162 2
1163 1163 -2
1164 1164 1
1165 1165 -5
1167 1167 3
1169 1169 -4
1170 1170 -1
1172 1172 -1
1173 1173 5
1174 1174 -2
1175 1175 -4
1176 1176 -4
1177 1177 -1
1178 1178 3
1179 1179 -4
1180 1180 3
1181 1181 2
1182 1182 1
1183 1183 -1
1184 1184 -1
1185 1185 -1
1186 1186 2
1187 1187 2
1188 1188 -2
1189 1189 -3
1190 1190 1
1191 1191 -1
1192 1192 -2
1193 1193 3
1194 1194 -2
1195 1195 -3
1196 1196 4
1198 1198 1
1199 1199 3
1200 1200 3
1201 1201 1
1202 1202 -3
1204 1204 -2
1205 1205 1
1206 1206 1
1207 1207 3
1208 1208 -1
1209 1209 4
1213 1213 -1
1214 1214 4
1215 1215 2
1216 1216 3
1217 1217 -2
1218 1218 -8
1220 1220 2
1221 1221 2
1222 1222 3
1223 1223 -4
1224 1224 -4
1225 1225 1
1226 1226 2
1227 1227 -2
1228 1228 -2
1229 1229 -5
1230 1230 -1
1231 1231 -4
1232 1232 -1
1233 1233 3
1234 1234 -3
1235 1235 1
1236 1236 2
1238 1238 -2
1239 1239 -2
1240 1240 3
1241 1241 -7
1243 1243 2
1244 1244 1
1246 1246 3
1247 1247 -3
1248 1248 -1
1249 1249 3
1253 1253 -1
1255 1255 8
1256 1256 -3
1257 1257 3
1258 1258 -2
1259 1259 1
1260 1260 1
1261 1261 2
1262 1262 5
1263 1263 5
1264 1264 3
1265 1265 4
1266 1266 -2
1268 1268 -4
1269 1269 3
1270 1270 1
1271 1271 1
1272 1272 1
1273 1273 -1
1274 1274 -1
1275 1275 2
1276 1276 -2
1277 1277 -2
1279 1279 -3
1281 1281 3
1282 1282 2
1283 1283 -3
1285 1285 4
1288 1288 -5
1289 1289 1
1290 1290 1
1291 1291 1
1292 1292 5
1296 1296 -5
1297 1297 3
1299 1299 3
1300 1300 -2
1301 1301 2
1303 1303 -4
1304 1304 -5
1306 1306 -4
1307 1307 3
1308 1308 1
1309 1309 2
1310 1310 -1
1311 1311 6
1312 1312 -1
1313 1313 -2
1315 1315 -2
1318 1318 -2
1319 1319 -1
1320 1320 3
1322 1322 1
1324 1324 1
1325 1325 -1
1326 1326 -3
1328 1328 2
1330 1330 -2
1332 1332 1
1333 1333 1
1334 1334 1
1335 1335 -1
1337 1337 1
1338 1338 -2
1339 1339 2
1340 1340 3
1341 1341 5
1342 1342 -2
1343 1343 -1
1346 1346 -2
1347 1347 2
1348 1348 1
1349 1349 1
1350 1350 1
1351 1351 2
1352 1352 -2
1353 1353 -2
1354 1354 -1
1355 1355 5
1356 1356 -2
1357 1357 2
1359 1359 3
1360 1360 -2
1361 1361 -5
1362 1362 -1
1363 1363 2
1364 1364 4
1365 1365 4
1366 1366 4
1367 1367 -1
1368 1368 2
1369 1369 2
1372 1372 -5
1373 1373 -4
1375 1375 2
1376 1376 1
1378 1378 -2
1379 1379 1
1380 1380 5
1382 1382 -3
1384 1384 1
1385 1385 1
1386 1386 -2
1387 1387 3
1388 1388 5
1389 1389 2
1390 1390 -1
1392 1392 3
1393 1393 6
1394 1394 2
1395 1395 4
1396 1396 1
1397 1397 -6
1398 1398 2
1400 1400 -3
1401 1401 3
1402 1402 -2
1404 1404 3
1405 1405 -4
1406 1406 2
1407 1407 -2
1408 1408 -2
1409 1409 -2
1410 1410 4
1411 1411 -3
1412 1412 -1
1413 1413 4
1414 1414 -2
1416 1416 -4
1417 1417 3
1418 1418 -1
1419 1419 2
1420 1420 -2
1421 1421 1
1422 1422 -4
1423 1423 -2
1424 1424 1
1425 1425 7
1426 1426 -5
1427 1427 1
1428 1428 4
1429 1429 -2
1430 1430 1
1431 1431 4
1432 1432 -3
1435 1435 2
1437 1437 -1
1439 1439 -5
1440 1440 -2
1441 1441 -3
1442 1442 -3
1443 1443 1
1444 1444 2
1445 1445 3
1448 1448 4
1449 1449 1
1450 1450 3
1451 1451 2
1452 1452 1
1453 1453 -2
1454 1454 -1
1455 1455 -1
1456 1456 3
1457 1457 -2
1459 1459 -6
1460 1460 -2
1461 1461 2
1462 1462 -1
1463 1463 2
1464 1464 2
1465 1465 3
1467 1467 5
1468 1468 4
1470 1470 7
1471 1471 -2
1474 1474 1
1476 1476 -1
1477 1477 4
1478 1478 1
1479 1479 3
1480 1480 1
1481 1481 -1
1483 1483 5
1484 1484 -1
1486 1486 1
1487 1487 -1
1488 1488 -4
1489 1489 2
1490 1490 2
1491 1491 4
1492 1492 2
1493 1493 -1
1494 1494 -3
1496 1496 -1
1498 1498 2
1499 1499 -6
1500 1500 -4
1501 1501 -1
1502 1502 2
1503 1503 -3
1504 1504 1
1506 1506 -1
1507 1507 -2
1508 1508 -2
1509 1509 -1
1510 1510 -1
1511 1511 1
1512 1512 4
1513 1513 -4
1515 1515 2
1516 1516 3
1518 1518 1
1519 1519 -4
1520 1520 -2
1521 1521 2
1522 1522 2
1523 1523 2
1524 1524 1
1525 1525 3
1526 1526 -2
1527 1527 4
1528 1528 1
1529 1529 -2
1531 1531 -4
1532 1532 1
1533 1533 -1
1534 1534 4
1535 1535 -3
1536 1536 -5
1537 1537 1
1538 1538 4
1539 1539 -2
1540 1540 1
1541 1541 -3
1543 1543 2
1544 1544 -1
1545 1545 2
1546 1546 1
1547 1547 2
1548 1548 4
1549 1549 -4
1550 1550 1
1552 1552 -3
1554 1554 -1
1555 1555 -3
1556 1556 1
1558 1558 2
1560 1560 -1
1561 1561 2
1562 1562 -2
1563 1563 1
1564 1564 -2
1565 1565 -6
1566 1566 -1
1567 1567 2
1568 1568 1
1569 1569 1
1570 1570 -1
1571 1571 3
1572 1572 1
1574 1574 1
1575 1575 2
1576 1576 2
1577 1577 5
1579 1579 -4
1580 1580 -3
1581 1581 3
1582 1582 -4
1583 1583 2
1584 1584 2
1585 1585 4
1587 1587 1
1588 1588 4
1589 1589 -3
1590 1590 -2
1591 1591 -2
1592 1592 -3
1593 1593 -1
1595 1595 -3
1596 1596 2
1597 1597 -2
1598 1598 -3
1600 1600 -4
1602 1602 -1
1604 1604 1
1607 1607 1
1608 1608 4
1609 1609 -1
1611 1611 -1
1612 1612 -2
1613 1613 1
1614 1614 2
1615 1615 -1
1616 1616 2
1617 1617 -1
1618 1618 5
1619 1619 -2
1620 1620 1
1621 1621 -2
1622 1622 1
1623 1623 -1
1624 1624 -1
1625 1625 2
1626 1626 5
1627 1627 -2
1628 1628 2
1630 1630 -1
1631 1631 4
1632 1632 -2
1633 1633 2
1634 1634 1
1635 1635 -1
1637 1637 1
1638 1638 1
1639 1639 -2
1640 1640 -1
1641 1641 1
1642 1642 -1
1643 1643 2
1644 1644 -2
1645 1645 -4
1646 1646 -3
1647 1647 -3
1648 1648 4
1649 1649 -5
1650 1650 -3
1651 1651 2
1653 1653 -3
1654 1654 2
1655 1655 -2
1656 1656 3
1657 1657 4
1658 1658 1
1659 1659 1
1660 1660 3
1661 1661 5
1662 1662 -5
1664 1664 -2
1665 1665 -4
1668 1668 -2
1669 1669 -1
1670 1670 -1
1671 1671 2
1672 1672 2
1673 1673 4
1675 1675 2
1676 1676 -4
1677 1677 6
1678 1678 -3
1679 1679 -2
1681 1681 1
1683 1683 -1
1684 1684 -1
1686 1686 -4
1687 1687 -2
1688 1688 -3
1689 1689 -4
1690 1690 -1
1693 1693 -4
1694 1694 -6
1695 1695 6
1696 1696 -2
1699 1699 2
1703 1703 5
1705 1705 3
1706 1706 -1
1707 1707 -2
1708 1708 3
1709 1709 1
1711 1711 2
1713 1713 -2
1714 1714 -4
1715 1715 -2
1716 1716 -3
1718 1718 4
1720 1720 2
1721 1721 5
1722 1722 -2
1724 1724 4
1725 1725 1
1726 1726 -1
1727 1727 3
1728 1728 -3
1729 1729 -3
1731 1731 -4
1735 1735 5
1736 1736 -4
1737 1737 6
1738 1738 -1
1739 1739 4
1740 1740 -2
1741 1741 5
1742 1742 3
1743 1743 3
1745 1745 -3
1747 1747 -3
1748 1748 -2
1750 1750 1
1751 1751 -1
1752 1752 2
1754 1754 -3
1755 1755 2
1756 1756 3
1757 1757 1
1759 1759 5
1761 1761 3
1763 1763 -1
1764 1764 -2
1766 1766 2
1767 1767 6
1768 1768 4
1769 1769 2
1770 1770 -3
1771 1771 -2
1772 1772 -7
1773 1773 -2
1774 1774 1
1776 1776 2
1777 1777 -2
1778 1778 -2
1779 1779 3
1781 1781 4
1782 1782 -2
1783 1783 4
1784 1784 -1
1785 1785 -4
1786 1786 1
1787 1787 2
1788 1788 1
1792 1792 -1
1793 1793 2
1796 1796 1
1797 1797 -2
1798 1798 2
1799 1799 -2
1801 1801 -4
1802 1802 -1
1804 1804 -4
1805 1805 -1
1806 1806 3
1807 1807 1
1808 1808 2
1809 1809 -2
1810 1810 -4
1812 1812 4
1815 1815 4
1816 1816 -2
1817 1817 -3
1818 1818 -3
1820 1820 2
1821 1821 -4
1822 1822 4
1823 1823 2
1824 1824 2
1825 1825 2
1826 1826 -6
1827 1827 -1
1828 1828 2
1829 1829 -2
1830 1830 1
1832 1832 -2
1833 1833 3
1835 1835 2
1836 1836 -4
1839 1839 -4
1840 1840 -2
1841 1841 -2
1842 1842 2
1843 1843 2
1845 1845 4
1846 1846 1
1847 1847 2
1848 1848 3
1852 1852 -4
1853 1853 4
1854 1854 2
1855 1855 1
1856 1856 -1
1857 1857 -2
1858 1858 -2
1859 1859 -1
1860 1860 -2
1861 1861 -5
1862 1862 2
1865 1865 -2
1866 1866 -2
1867 1867 -4
1868 1868 -2
1869 1869 1
1870 1870 2
1871 1871 -4
1872 1872 3
1873 1873 -2
1875 1875 5
1876 1876 -3
1877 1877 -2
1878 1878 -2
1880 1880 -3
1881 1881 -4
1882 1882 4
1883 1883 -2
1884 1884 2
1886 1886 2
1888 1888 2
1890 1890 -4
1891 1891 4
1892 1892 2
1893 1893 2
1895 1895 2
1898 1898 -2
1899 1899 2
1900 1900 2
1903 1903 2
1904 1904 1
1906 1906 -2
1907 1907 -7
1908 1908 2
1910 1910 4
1912 1912 -1
1913 1913 -4
1916 1916 -2
1917 1917 -2
1918 1918 -4
1920 1920 2
1921 1921 3
1922 1922 -2
1923 1923 2
1925 1925 -3
1928 1928 -2
1929 1929 2
1931 1931 2
1932 1932 4
1935 1935 1
1936 1936 -4
1939 1939 -2
1941 1941 -2
1942 1942 4
1943 1943 -4
1945 1945 2
1948 1948 -2
1949 1949 2
1950 1950 -2
1951 1951 -4
1952 1952 -2
1953 1953 -2
1954 1954 -2
1956 1956 4
1957 1957 2
1958 1958 2
1960 1960 -2
1961 1961 4
1962 1962 -4
1963 1963 -2
1964 1964 2
1965 1965 -2
1970 1970 -2
1973 1973 -2
1974 1974 4
1977 1977 2
1979 1979 1
1980 1980 1
1981 1981 2
1982 1982 -2
1983 1983 -4
1984 1984 1
1985 1985 4
1986 1986 4
1987 1987 -4
1989 1989 -2
1992 1992 2
1994 1994 1
1995 1995 2
1996 1996 -2
1997 1997 -4
1998 1998 4