1000 10990 -37 1
0 56 2
0 801 2
0 268 2
0 876 2
0 523 2
0 679 2
0 827 2
0 518 2
0 73 2
0 183 2
0 314 2
0 582 2
0 342 2
0 64 2
0 786 2
0 322 2
0 860 2
0 636 2
0 517 2
0 740 2
0 862 2
0 86 2
0 986 2
0 723 2
0 290 2
0 102 2
0 506 2
0 40 2
0 287 2
1 74 2
1 414 2
1 300 2
1 366 2
1 763 2
1 745 2
1 627 2
1 690 2
1 740 2
1 919 2
1 982 2
1 477 2
1 957 2
1 123 2
1 654 2
1 541 2
1 307 2
1 671 2
1 469 2
2 896 2
2 256 2
2 725 2
2 981 2
2 211 2
2 355 2
2 196 2
2 720 2
2 986 2
2 301 2
2 345 2
2 589 2
2 506 2
2 401 2
2 781 2
2 570 2
2 707 2
2 130 2
3 878 2
3 424 2
3 927 2
3 102 2
3 940 2
3 466 2
3 474 2
3 741 2
3 547 2
3 457 2
3 517 2
3 23 2
3 602 2
3 197 2
3 391 2
3 726 2
3 126 2
3 551 2
3 275 2
3 21 2
4 17 2
4 626 2
4 552 2
4 56 2
4 484 2
4 627 2
4 315 2
4 286 2
4 373 2
4 438 2
4 589 2
4 531 2
4 537 2
4 222 2
4 36 2
4 575 2
4 605 2
4 755 2
4 242 2
5 820 2
5 693 2
5 860 2
5 971 2
5 398 2
5 760 2
5 387 2
5 714 2
5 98 2
5 254 2
5 951 2
5 755 2
5 619 2
5 818 2
5 647 2
5 703 2
5 51 2
5 217 2
5 689 2
5 257 2
5 427 2
6 669 2
6 90 2
6 702 2
6 453 2
6 389 2
6 285 2
6 791 2
6 695 2
6 485 2
6 833 2
6 975 2
6 895 2
6 886 2
6 698 2
6 482 2
6 770 2
6 181 2
7 115 2
7 798 2
7 582 2
7 440 2
7 44 2
7 864 2
7 464 2
7 987 2
7 426 2
7 226 2
7 66 2
7 370 2
7 710 2
7 285 2
7 725 2
7 64 2
7 963 2
7 490 2
8 170 2
8 540 2
8 732 2
8 666 2
8 421 2
8 648 2
8 446 2
8 949 2
8 116 2
8 779 2
8 663 2
8 591 2
8 841 2
8 635 2
8 754 2
8 449 2
8 68 2
8 670 2
8 114 2
8 752 2
8 390 2
8 189 2
8 645 2
8 312 2
8 43 2
8 73 2
8 595 2
8 519 2
9 827 2
9 64 2
9 994 2
9 203 2
9 696 2
9 815 2
9 701 2
9 292 2
9 369 2
9 197 2
10 483 2
10 514 2
10 801 2
10 711 2
10 594 2
10 920 2
10 358 2
10 189 2
10 890 2
10 147 2
10 484 2
10 721 2
10 910 2
10 323 2
10 327 2
10 880 2
11 794 2
11 649 2
11 869 2
11 220 2
11 756 2
11 770 2
11 690 2
11 599 2
11 65 2
11 573 2
11 428 2
11 163 2
11 270 2
11 580 2
11 525 2
11 148 2
11 115 2
11 470 2
12 338 2
12 993 2
12 740 2
12 679 2
12 885 2
12 999 2
12 611 2
12 129 2
12 852 2
12 846 2
12 202 2
12 253 2
12 928 2
12 783 2
12 479 2
12 831 2
12 736 2
12 555 2
13 214 2
13 105 2
13 418 2
13 587 2
13 616 2
13 121 2
13 225 2
13 398 2
13 955 2
13 209 2
13 547 2
13 911 2
13 854 2
13 961 2
13 46 2
13 713 2
13 441 2
13 383 2
13 525 2
13 449 2
13 169 2
14 378 2
14 735 2
14 906 2
14 990 2
14 753 2
14 858 2
14 453 2
14 53 2
14 807 2
14 522 2
14 199 2
14 181 2
14 193 2
14 613 2
14 400 2
14 427 2
14 162 2
15 770 2
15 725 2
15 99 2
15 763 2
15 221 2
15 499 2
15 907 2
15 731 2
15 50 2
15 967 2
15 603 2
15 656 2
15 694 2
15 81 2
15 781 2
15 144 2
15 337 2
15 203 2
15 476 2
15 189 2
16 584 2
16 811 2
16 418 2
16 94 2
16 336 2
16 30 2
16 221 2
16 321 2
16 332 2
16 383 2
16 668 2
16 698 2
16 159 2
16 733 2
16 655 2
16 353 2
16 807 2
16 438 2
16 575 2
16 601 2
16 338 2
16 623 2
16 789 2
16 333 2
16 909 2
16 59 2
16 231 2
16 112 2
16 437 2
17 851 2
17 352 2
17 686 2
17 798 2
17 934 2
17 216 2
17 134 2
17 775 2
17 419 2
17 210 2
17 612 2
17 255 2
17 57 2
17 129 2
17 56 2
17 64 2
17 855 2
17 567 2
17 783 2
17 915 2
17 177 2
18 759 2
18 24 2
18 928 2
18 142 2
18 827 2
18 587 2
18 784 2
18 423 2
18 228 2
18 464 2
18 884 2
18 934 2
18 568 2
18 917 2
18 501 2
18 961 2
18 248 2
18 79 2
18 994 2
18 81 2
18 989 2
18 440 2
19 626 2
19 620 2
19 467 2
19 796 2
19 833 2
19 31 2
19 603 2
19 450 2
19 242 2
19 600 2
19 208 2
19 184 2
19 552 2
19 997 2
19 348 2
19 599 2
19 817 2
19 148 2
20 207 2
20 469 2
20 161 2
20 112 2
20 705 2
20 359 2
20 709 2
20 32 2
20 587 2
20 319 2
20 189 2
20 526 2
20 164 2
20 66 2
20 547 2
20 569 2
20 163 2
21 142 2
21 266 2
21 439 2
21 167 2
21 186 2
21 979 2
21 28 2
21 502 2
21 842 2
21 839 2
21 33 2
21 952 2
21 258 2
21 141 2
21 634 2
21 912 2
21 739 2
22 662 2
22 50 2
22 168 2
22 673 2
22 746 2
22 900 2
22 449 2
22 643 2
22 41 2
22 933 2
22 694 2
22 528 2
22 766 2
22 418 2
22 815 2
22 369 2
22 628 2
22 684 2
22 524 2
22 205 2
22 701 2
22 793 2
22 174 2
22 141 2
23 445 2
23 93 2
23 704 2
23 724 2
23 659 2
23 448 2
23 880 2
23 588 2
23 686 2
23 607 2
23 24 2
23 834 2
23 605 2
23 272 2
23 65 2
23 164 2
23 85 2
23 186 2
24 678 2
24 789 2
24 716 2
24 333 2
24 555 2
24 524 2
24 882 2
24 993 2
24 205 2
24 399 2
24 930 2
24 159 2
24 879 2
24 665 2
24 441 2
24 310 2
24 801 2
24 514 2
24 105 2
24 39 2
25 232 2
25 815 2
25 221 2
25 214 2
25 510 2
25 318 2
25 178 2
25 75 2
25 848 2
25 620 2
25 474 2
25 982 2
25 651 2
25 933 2
25 438 2
25 512 2
25 672 2
25 722 2
25 230 2
26 64 2
26 513 2
26 459 2
26 756 2
26 964 2
26 262 2
26 710 2
26 368 2
26 841 2
26 137 2
26 426 2
26 171 2
26 771 2
26 161 2
26 963 2
26 333 2
26 239 2
26 842 2
26 952 2
26 652 2
27 271 2
27 521 2
27 734 2
27 451 2
27 966 2
27 857 2
27 669 2
27 189 2
27 127 2
27 138 2
27 819 2
27 920 2
28 974 2
28 386 2
28 89 2
28 264 2
28 412 2
28 197 2
28 568 2
28 456 2
28 586 2
28 840 2
28 367 2
28 141 2
28 503 2
28 506 2
28 91 2
28 523 2
28 95 2
28 360 2
28 44 2
29 53 2
29 636 2
29 750 2
29 194 2
29 794 2
29 242 2
29 938 2
29 734 2
29 34 2
29 921 2
29 997 2
29 289 2
29 690 2
29 661 2
29 627 2
29 776 2
29 457 2
29 496 2
29 605 2
29 517 2
29 783 2
30 820 2
30 34 2
30 628 2
30 320 2
30 127 2
30 706 2
30 652 2
30 795 2
30 400 2
30 409 2
30 106 2
30 240 2
30 218 2
30 113 2
30 998 2
30 659 2
30 206 2
30 755 2
30 485 2
30 360 2
31 695 2
31 647 2
31 348 2
31 790 2
31 210 2
31 243 2
31 753 2
31 251 2
31 489 2
31 384 2
31 97 2
31 114 2
31 768 2
31 854 2
31 842 2
31 80 2
31 711 2
31 706 2
31 956 2
32 515 2
32 565 2
32 353 2
32 779 2
32 198 2
32 323 2
32 693 2
32 831 2
32 755 2
32 470 2
32 552 2
32 971 2
32 249 2
32 476 2
32 410 2
32 990 2
32 879 2
32 605 2
32 423 2
32 744 2
32 647 2
32 407 2
32 214 2
33 621 2
33 392 2
33 564 2
33 472 2
33 278 2
33 834 2
33 73 2
33 572 2
33 469 2
33 734 2
33 168 2
33 324 2
33 678 2
34 744 2
34 183 2
34 211 2
34 919 2
34 308 2
34 115 2
34 475 2
34 899 2
34 74 2
34 804 2
34 228 2
34 974 2
34 743 2
34 588 2
34 516 2
34 312 2
34 715 2
34 494 2
34 224 2
34 194 2
34 423 2
35 469 2
35 702 2
35 753 2
35 154 2
35 866 2
35 299 2
35 695 2
35 220 2
35 555 2
35 144 2
35 95 2
35 558 2
35 515 2
35 341 2
35 731 2
35 145 2
35 687 2
35 221 2
35 650 2
35 678 2
35 545 2
35 664 2
36 637 2
36 503 2
36 777 2
36 179 2
36 551 2
36 334 2
36 822 2
36 105 2
36 422 2
36 769 2
36 815 2
36 170 2
36 382 2
36 59 2
36 85 2
36 703 2
36 870 2
36 433 2
36 596 2
36 142 2
36 90 2
36 624 2
37 931 2
37 744 2
37 453 2
37 361 2
37 745 2
37 981 2
37 668 2
37 883 2
37 384 2
37 505 2
37 129 2
37 938 2
37 179 2
37 750 2
37 301 2
37 754 2
38 300 2
38 511 2
38 568 2
38 606 2
38 170 2
38 391 2
38 127 2
38 766 2
38 204 2
38 777 2
38 605 2
38 918 2
38 492 2
38 370 2
38 946 2
38 440 2
38 807 2
38 118 2
39 374 2
39 230 2
39 349 2
39 101 2
39 150 2
39 545 2
39 923 2
39 897 2
39 794 2
39 667 2
39 519 2
39 155 2
39 666 2
39 760 2
39 183 2
40 571 2
40 151 2
40 709 2
40 91 2
40 576 2
40 427 2
40 413 2
40 856 2
40 374 2
40 454 2
40 197 2
40 726 2
40 680 2
40 883 2
40 421 2
40 713 2
40 684 2
40 310 2
40 753 2
40 640 2
40 178 2
40 352 2
40 593 2
40 920 2
40 234 2
40 580 2
40 158 2
41 963 2
41 301 2
41 392 2
41 712 2
41 837 2
41 69 2
41 818 2
41 876 2
41 814 2
41 589 2
41 134 2
41 671 2
41 559 2
41 163 2
41 633 2
41 325 2
41 178 2
41 573 2
41 294 2
41 766 2
42 348 2
42 962 2
42 225 2
42 167 2
42 988 2
42 719 2
42 341 2
42 789 2
42 274 2
42 794 2
42 159 2
42 59 2
42 667 2
42 947 2
42 427 2
43 304 2
43 852 2
43 313 2
43 812 2
43 814 2
43 887 2
43 735 2
43 235 2
43 716 2
43 254 2
43 606 2
43 195 2
43 257 2
43 335 2
43 795 2
43 950 2
43 412 2
43 485 2
43 50 2
43 186 2
43 451 2
43 105 2
43 294 2
43 327 2
43 938 2
43 482 2
44 988 2
44 225 2
44 82 2
44 754 2
44 462 2
44 488 2
44 509 2
44 963 2
44 762 2
44 999 2
44 973 2
44 532 2
44 541 2
44 857 2
44 150 2
44 524 2
44 51 2
44 143 2
44 527 2
44 866 2
44 782 2
44 689 2
44 956 2
44 647 2
44 600 2
44 71 2
45 278 2
45 685 2
45 94 2
45 950 2
45 581 2
45 68 2
45 504 2
45 813 2
45 198 2
45 747 2
45 602 2
45 599 2
45 592 2
45 963 2
45 711 2
45 224 2
45 154 2
45 290 2
45 606 2
45 749 2
45 955 2
45 408 2
45 222 2
45 98 2
45 957 2
45 422 2
45 186 2
45 648 2
45 884 2
45 370 2
45 825 2
46 472 2
46 606 2
46 175 2
46 285 2
46 119 2
46 618 2
46 684 2
46 590 2
46 262 2
46 648 2
46 122 2
46 605 2
46 219 2
47 502 2
47 890 2
47 194 2
47 974 2
47 586 2
47 950 2
47 104 2
47 224 2
47 352 2
47 656 2
47 669 2
47 65 2
47 97 2
47 665 2
47 878 2
47 563 2
47 390 2
47 948 2
47 57 2
48 293 2
48 979 2
48 706 2
48 969 2
48 959 2
48 562 2
48 435 2
48 897 2
48 904 2
48 917 2
48 533 2
48 543 2
48 313 2
48 767 2
48 237 2
48 918 2
48 211 2
49 291 2
49 834 2
49 806 2
49 86 2
49 367 2
49 890 2
49 460 2
49 388 2
49 864 2
49 850 2
49 325 2
49 958 2
49 287 2
49 332 2
50 832 2
50 479 2
50 438 2
50 810 2
50 397 2
50 984 2
50 239 2
50 298 2
50 537 2
50 115 2
50 542 2
50 293 2
50 221 2
50 183 2
50 278 2
50 991 2
50 768 2
50 202 2
50 473 2
50 324 2
50 268 2
50 371 2
50 620 2
50 616 2
50 267 2
50 193 2
50 980 2
50 260 2
50 859 2
51 428 2
51 971 2
51 755 2
51 271 2
51 789 2
51 202 2
51 147 2
51 267 2
51 185 2
51 315 2
51 718 2
51 449 2
51 213 2
52 377 2
52 432 2
52 360 2
52 847 2
52 402 2
52 228 2
52 993 2
52 666 2
52 454 2
52 498 2
52 722 2
52 588 2
52 894 2
52 945 2
52 60 2
52 149 2
53 959 2
53 497 2
53 886 2
53 317 2
53 125 2
53 995 2
53 808 2
53 777 2
53 117 2
53 976 2
53 780 2
53 535 2
53 837 2
53 834 2
53 473 2
53 375 2
53 111 2
53 120 2
53 550 2
54 101 2
54 586 2
54 674 2
54 169 2
54 73 2
54 128 2
54 689 2
54 754 2
54 554 2
54 702 2
54 645 2
54 127 2
54 520 2
54 307 2
54 505 2
54 426 2
54 345 2
54 943 2
54 860 2
54 80 2
54 299 2
54 115 2
55 703 2
55 229 2
55 356 2
55 65 2
55 450 2
55 501 2
55 812 2
55 207 2
55 435 2
55 998 2
55 316 2
55 575 2
55 923 2
55 634 2
55 919 2
55 683 2
56 977 2
56 283 2
56 359 2
56 877 2
56 58 2
56 335 2
56 259 2
56 346 2
56 148 2
56 695 2
56 312 2
56 201 2
56 573 2
56 117 2
56 485 2
57 872 2
57 266 2
57 197 2
57 625 2
57 304 2
57 873 2
57 532 2
57 818 2
57 301 2
57 856 2
57 890 2
57 426 2
57 581 2
57 424 2
57 256 2
57 61 2
57 376 2
57 156 2
57 760 2
58 268 2
58 203 2
58 861 2
58 355 2
58 424 2
58 289 2
58 457 2
58 102 2
58 302 2
58 741 2
58 167 2
58 288 2
58 315 2
58 350 2
58 624 2
59 798 2
59 684 2
59 320 2
59 605 2
59 188 2
59 984 2
59 65 2
59 517 2
59 951 2
59 224 2
59 582 2
60 510 2
60 497 2
60 627 2
60 418 2
60 989 2
60 253 2
60 614 2
60 679 2
60 143 2
60 723 2
60 952 2
60 822 2
60 306 2
60 872 2
60 119 2
60 203 2
60 281 2
60 820 2
60 565 2
60 625 2
60 465 2
61 285 2
61 910 2
61 466 2
61 870 2
61 91 2
61 232 2
61 969 2
61 587 2
61 704 2
61 425 2
61 615 2
61 807 2
61 186 2
61 211 2
61 167 2
62 361 2
62 452 2
62 314 2
62 899 2
62 805 2
62 333 2
62 803 2
62 160 2
62 972 2
62 141 2
62 577 2
62 781 2
62 459 2
62 69 2
62 997 2
62 239 2
62 66 2
62 830 2
62 365 2
62 457 2
62 344 2
62 534 2
62 173 2
62 223 2
62 392 2
62 977 2
62 465 2
62 563 2
62 998 2
63 789 2
63 921 2
63 532 2
63 66 2
63 993 2
63 606 2
63 465 2
63 534 2
63 336 2
63 801 2
63 142 2
63 323 2
63 764 2
63 129 2
63 602 2
63 223 2
63 109 2
63 100 2
64 345 2
64 812 2
64 377 2
64 283 2
64 207 2
64 66 2
64 625 2
64 206 2
64 445 2
64 716 2
64 318 2
64 306 2
64 746 2
64 107 2
64 844 2
65 980 2
65 616 2
65 610 2
65 595 2
65 609 2
65 564 2
65 283 2
65 173 2
65 282 2
65 883 2
65 890 2
65 898 2
65 140 2
65 814 2
66 188 2
66 881 2
66 963 2
66 910 2
66 726 2
66 592 2
66 665 2
66 78 2
66 583 2
66 794 2
66 694 2
66 246 2
67 519 2
67 882 2
67 631 2
67 938 2
67 814 2
67 223 2
67 627 2
67 167 2
67 557 2
67 588 2
67 378 2
67 897 2
67 264 2
67 647 2
67 393 2
67 612 2
67 645 2
67 432 2
67 343 2
67 218 2
67 171 2
67 456 2
67 154 2
67 172 2
68 934 2
68 727 2
68 825 2
68 527 2
68 317 2
68 540 2
68 718 2
68 584 2
68 530 2
68 245 2
68 782 2
68 593 2
68 838 2
68 387 2
68 723 2
68 382 2
68 560 2
68 102 2
68 687 2
68 719 2
69 416 2
69 756 2
69 379 2
69 774 2
69 257 2
69 686 2
69 806 2
69 110 2
69 645 2
69 589 2
69 139 2
69 218 2
69 784 2
69 203 2
69 383 2
69 926 2
69 971 2
70 304 2
70 652 2
70 162 2
70 272 2
70 880 2
70 766 2
70 420 2
70 779 2
70 359 2
70 639 2
70 709 2
70 547 2
70 275 2
70 296 2
70 333 2
70 159 2
70 452 2
70 813 2
70 180 2
71 306 2
71 511 2
71 733 2
71 857 2
71 233 2
71 896 2
71 240 2
71 996 2
71 95 2
71 692 2
71 491 2
71 468 2
71 437 2
71 908 2
71 342 2
71 561 2
71 349 2
71 739 2
72 251 2
72 357 2
72 173 2
72 161 2
72 752 2
72 501 2
72 992 2
72 703 2
72 719 2
72 133 2
72 485 2
72 555 2
72 267 2
72 151 2
72 511 2
73 815 2
73 976 2
73 419 2
73 513 2
73 193 2
73 250 2
73 116 2
73 945 2
73 653 2
73 850 2
73 624 2
73 561 2
73 508 2
73 774 2
73 113 2
73 350 2
73 130 2
73 694 2
74 542 2
74 162 2
74 236 2
74 375 2
74 616 2
74 732 2
74 423 2
74 890 2
74 810 2
74 699 2
74 920 2
74 383 2
74 962 2
74 525 2
74 95 2
74 393 2
74 761 2
74 693 2
74 506 2
74 954 2
74 924 2
74 977 2
75 938 2
75 191 2
75 139 2
75 250 2
75 315 2
75 735 2
75 367 2
75 168 2
75 309 2
75 333 2
75 912 2
75 674 2
75 921 2
75 174 2
75 931 2
75 839 2
75 283 2
75 997 2
75 789 2
75 627 2
75 734 2
75 776 2
75 505 2
75 404 2
76 353 2
76 522 2
76 575 2
76 88 2
76 521 2
76 462 2
76 937 2
76 120 2
76 697 2
76 361 2
76 995 2
76 927 2
76 398 2
76 656 2
76 701 2
76 747 2
76 599 2
77 634 2
77 475 2
77 667 2
77 844 2
77 843 2
77 739 2
77 121 2
77 172 2
77 197 2
77 833 2
77 513 2
77 542 2
77 86 2
77 106 2
77 258 2
77 749 2
77 472 2
77 190 2
78 537 2
78 636 2
78 372 2
78 484 2
78 107 2
78 607 2
78 230 2
78 937 2
78 115 2
78 279 2
78 358 2
78 245 2
78 654 2
78 726 2
78 128 2
78 713 2
79 225 2
79 157 2
79 172 2
79 893 2
79 564 2
79 988 2
79 758 2
79 286 2
79 801 2
79 543 2
79 311 2
79 365 2
79 795 2
79 238 2
79 534 2
79 309 2
79 104 2
79 813 2
79 425 2
79 246 2
79 536 2
79 675 2
80 827 2
80 847 2
80 88 2
80 276 2
80 998 2
80 559 2
80 839 2
80 381 2
80 790 2
80 362 2
80 166 2
80 134 2
80 246 2
80 106 2
80 140 2
80 286 2
81 610 2
81 237 2
81 851 2
81 935 2
81 516 2
81 547 2
81 822 2
81 761 2
81 117 2
81 834 2
81 810 2
82 322 2
82 147 2
82 238 2
82 720 2
82 346 2
82 531 2
82 885 2
82 766 2
82 684 2
82 819 2
82 830 2
82 150 2
82 549 2
82 682 2
82 854 2
82 524 2
82 878 2
82 412 2
82 170 2
82 551 2
82 672 2
82 373 2
82 926 2
83 699 2
83 938 2
83 176 2
83 248 2
83 808 2
83 161 2
83 912 2
83 785 2
83 137 2
83 310 2
83 133 2
83 914 2
83 325 2
83 130 2
83 976 2
83 217 2
83 813 2
84 487 2
84 172 2
84 677 2
84 340 2
84 211 2
84 765 2
84 245 2
84 595 2
84 149 2
84 995 2
84 361 2
84 885 2
84 292 2
84 786 2
84 342 2
85 412 2
85 746 2
85 541 2
85 975 2
85 602 2
85 802 2
85 330 2
85 655 2
85 619 2
85 291 2
85 149 2
85 701 2
85 862 2
85 742 2
85 161 2
85 276 2
85 231 2
85 959 2
85 584 2
86 313 2
86 696 2
86 758 2
86 939 2
86 624 2
86 653 2
86 101 2
86 566 2
86 732 2
86 119 2
86 916 2
86 702 2
86 921 2
86 455 2
86 737 2
87 195 2
87 297 2
87 282 2
87 450 2
87 780 2
87 129 2
87 921 2
87 934 2
87 178 2
87 283 2
87 595 2
87 907 2
87 733 2
87 152 2
87 392 2
88 824 2
88 502 2
88 193 2
88 716 2
88 941 2
88 936 2
88 791 2
88 412 2
88 891 2
88 299 2
88 122 2
88 959 2
88 135 2
88 384 2
88 531 2
88 542 2
88 788 2
89 203 2
89 800 2
89 368 2
89 719 2
89 155 2
89 705 2
89 851 2
89 265 2
89 934 2
89 96 2
89 808 2
89 961 2
89 967 2
89 279 2
89 860 2
89 862 2
89 775 2
89 223 2
89 104 2
89 621 2
89 285 2
89 482 2
89 584 2
90 748 2
90 793 2
90 306 2
90 304 2
90 750 2
90 907 2
90 132 2
90 491 2
90 459 2
90 243 2
90 668 2
90 828 2
90 645 2
90 673 2
90 830 2
90 812 2
90 399 2
90 281 2
90 201 2
90 635 2
90 200 2
90 743 2
90 112 2
90 672 2
91 94 2
91 979 2
91 133 2
91 205 2
91 849 2
91 815 2
91 391 2
91 170 2
91 597 2
91 916 2
91 379 2
91 181 2
91 449 2
92 755 2
92 171 2
92 632 2
92 850 2
92 827 2
92 260 2
92 315 2
92 652 2
92 142 2
92 562 2
92 588 2
92 825 2
92 589 2
92 95 2
92 668 2
92 622 2
92 867 2
92 709 2
92 811 2
92 351 2
92 943 2
92 691 2
92 108 2
93 366 2
93 444 2
93 949 2
93 851 2
93 914 2
93 588 2
93 157 2
93 466 2
93 629 2
93 947 2
93 594 2
93 171 2
93 391 2
93 454 2
93 748 2
93 785 2
94 393 2
94 965 2
94 145 2
94 608 2
94 716 2
94 575 2
94 115 2
94 149 2
94 371 2
94 124 2
94 179 2
94 654 2
94 384 2
94 818 2
94 536 2
95 973 2
95 173 2
95 852 2
95 127 2
95 979 2
95 526 2
95 691 2
95 503 2
95 505 2
95 919 2
95 939 2
95 808 2
95 680 2
95 308 2
95 859 2
95 723 2
95 556 2
95 186 2
96 819 2
96 155 2
96 866 2
96 938 2
96 679 2
96 275 2
96 596 2
96 112 2
96 937 2
97 898 2
97 101 2
97 341 2
97 646 2
97 387 2
97 636 2
97 530 2
97 780 2
97 915 2
97 196 2
97 648 2
97 983 2
97 559 2
97 272 2
97 691 2
97 180 2
97 752 2
97 200 2
97 902 2
98 754 2
98 364 2
98 183 2
98 250 2
98 391 2
98 938 2
98 699 2
98 213 2
98 309 2
98 101 2
98 491 2
98 377 2
98 142 2
98 399 2
98 224 2
98 793 2
98 876 2
98 767 2
98 492 2
98 214 2
99 829 2
99 562 2
99 383 2
99 371 2
99 170 2
99 564 2
99 523 2
99 104 2
99 910 2
99 921 2
99 223 2
99 851 2
99 780 2
99 879 2
99 853 2
99 159 2
99 728 2
99 172 2
99 443 2
99 877 2
99 399 2
99 978 2
100 855 2
100 480 2
100 178 2
100 548 2
100 731 2
100 576 2
100 597 2
100 513 2
100 846 2
100 986 2
100 291 2
100 915 2
100 798 2
100 491 2
100 334 2
100 151 2
100 231 2
101 313 2
101 444 2
101 410 2
101 865 2
101 200 2
101 755 2
101 606 2
101 370 2
101 223 2
101 126 2
101 431 2
102 812 2
102 297 2
102 124 2
102 590 2
102 448 2
102 360 2
102 348 2
102 575 2
102 687 2
102 528 2
102 574 2
102 676 2
102 943 2
102 955 2
102 780 2
102 776 2
102 974 2
102 599 2
102 971 2
102 707 2
102 195 2
102 961 2
102 541 2
102 316 2
103 136 2
103 275 2
103 130 2
103 702 2
103 182 2
103 834 2
103 670 2
103 230 2
103 367 2
103 884 2
103 481 2
103 380 2
104 845 2
104 556 2
104 504 2
104 818 2
104 592 2
104 799 2
104 725 2
104 718 2
104 510 2
104 283 2
104 530 2
104 501 2
104 347 2
104 973 2
104 688 2
104 393 2
104 887 2
104 837 2
104 123 2
104 656 2
104 540 2
104 401 2
105 398 2
105 656 2
105 433 2
105 215 2
105 842 2
105 703 2
105 330 2
105 136 2
105 605 2
105 536 2
105 249 2
105 584 2
105 784 2
105 242 2
105 840 2
105 929 2
105 990 2
105 721 2
105 572 2
105 794 2
106 833 2
106 741 2
106 710 2
106 681 2
106 738 2
106 894 2
106 958 2
106 592 2
106 473 2
106 381 2
106 277 2
106 752 2
106 802 2
106 951 2
106 267 2
106 984 2
106 292 2
106 590 2
106 508 2
106 926 2
106 660 2
107 726 2
107 321 2
107 380 2
107 397 2
107 998 2
107 773 2
107 524 2
107 111 2
107 108 2
107 379 2
107 718 2
107 748 2
107 713 2
107 142 2
107 206 2
107 464 2
107 727 2
107 350 2
107 239 2
107 891 2
107 574 2
107 859 2
108 632 2
108 734 2
108 434 2
108 690 2
108 462 2
108 994 2
108 921 2
108 152 2
108 679 2
108 334 2
108 891 2
108 374 2
108 500 2
108 950 2
108 358 2
108 350 2
108 911 2
108 835 2
108 163 2
109 143 2
109 882 2
109 848 2
109 869 2
109 849 2
109 165 2
109 142 2
109 946 2
109 243 2
109 312 2
109 935 2
109 405 2
109 647 2
109 570 2
109 876 2
109 854 2
109 668 2
109 576 2
109 971 2
109 685 2
109 273 2
109 191 2
109 748 2
109 612 2
110 626 2
110 651 2
110 444 2
110 939 2
110 335 2
110 559 2
110 162 2
110 784 2
110 473 2
110 329 2
110 515 2
110 999 2
110 454 2
110 368 2
110 373 2
111 810 2
111 397 2
111 494 2
111 277 2
111 169 2
111 879 2
111 564 2
111 800 2
111 539 2
111 470 2
111 192 2
111 511 2
111 181 2
111 304 2
112 394 2
112 306 2
112 850 2
112 466 2
112 461 2
112 947 2
112 657 2
112 603 2
112 828 2
112 283 2
112 869 2
112 416 2
112 918 2
112 646 2
112 353 2
112 972 2
112 761 2
112 230 2
112 358 2
113 758 2
113 280 2
113 767 2
113 789 2
113 373 2
113 349 2
113 150 2
113 500 2
113 314 2
113 738 2
113 561 2
113 573 2
113 926 2
113 856 2
113 316 2
114 444 2
114 985 2
114 349 2
114 310 2
114 680 2
114 301 2
114 565 2
114 269 2
114 281 2
114 461 2
114 751 2
114 729 2
114 676 2
114 300 2
114 965 2
114 278 2
114 560 2
115 698 2
115 674 2
115 546 2
115 995 2
115 558 2
115 323 2
115 595 2
115 686 2
115 153 2
115 580 2
115 322 2
115 255 2
115 547 2
115 936 2
115 267 2
115 641 2
115 727 2
116 214 2
116 489 2
116 901 2
116 352 2
116 549 2
116 298 2
116 539 2
116 708 2
116 476 2
116 500 2
116 934 2
116 307 2
116 474 2
116 661 2
116 724 2
116 521 2
116 845 2
116 256 2
116 477 2
116 448 2
117 617 2
117 177 2
117 960 2
117 724 2
117 611 2
117 289 2
117 453 2
117 262 2
117 869 2
117 991 2
117 214 2
117 815 2
117 197 2
117 477 2
117 260 2
117 986 2
117 496 2
117 985 2
118 494 2
118 859 2
118 892 2
118 542 2
118 624 2
118 702 2
118 952 2
118 150 2
118 600 2
118 616 2
118 601 2
118 137 2
118 805 2
118 882 2
118 981 2
118 181 2
118 564 2
118 866 2
118 953 2
119 226 2
119 403 2
119 317 2
119 875 2
119 155 2
119 534 2
119 743 2
119 705 2
119 966 2
119 860 2
119 829 2
119 471 2
119 252 2
119 504 2
119 962 2
119 414 2
119 542 2
119 845 2
120 659 2
120 534 2
120 213 2
120 625 2
120 822 2
120 258 2
120 312 2
120 651 2
120 955 2
120 515 2
120 491 2
120 379 2
120 443 2
120 665 2
120 815 2
120 764 2
120 965 2
120 285 2
121 621 2
121 750 2
121 324 2
121 997 2
121 925 2
121 519 2
121 540 2
121 627 2
121 294 2
121 861 2
121 863 2
121 348 2
121 444 2
121 244 2
121 438 2
121 801 2
121 242 2
121 976 2
121 284 2
122 209 2
122 963 2
122 675 2
122 722 2
122 579 2
122 531 2
122 388 2
122 302 2
122 714 2
122 850 2
122 360 2
122 527 2
122 271 2
122 668 2
122 677 2
122 140 2
123 710 2
123 319 2
123 618 2
123 386 2
123 444 2
123 938 2
123 249 2
123 205 2
123 772 2
123 512 2
123 939 2
123 464 2
123 124 2
123 485 2
123 501 2
123 271 2
123 996 2
123 401 2
123 448 2
123 846 2
123 928 2
123 181 2
124 207 2
124 224 2
124 765 2
124 342 2
124 588 2
124 173 2
124 289 2
124 936 2
124 470 2
124 680 2
124 455 2
124 706 2
124 212 2
124 533 2
124 863 2
124 386 2
124 430 2
124 835 2
124 617 2
124 500 2
124 711 2
125 372 2
125 660 2
125 369 2
125 707 2
125 764 2
125 783 2
125 484 2
125 542 2
125 366 2
125 400 2
125 451 2
125 328 2
125 256 2
125 448 2
125 642 2
125 964 2
125 238 2
125 550 2
125 796 2
125 182 2
125 611 2
126 661 2
126 814 2
126 200 2
126 154 2
126 742 2
126 851 2
126 631 2
126 594 2
126 852 2
126 611 2
126 869 2
126 708 2
126 615 2
126 432 2
126 923 2
126 668 2
126 920 2
126 866 2
126 415 2
126 253 2
126 734 2
126 705 2
126 311 2
126 339 2
126 680 2
126 595 2
127 847 2
127 749 2
127 685 2
127 983 2
127 999 2
127 491 2
127 656 2
127 937 2
127 852 2
127 681 2
127 665 2
127 965 2
127 538 2
127 701 2
127 890 2
127 855 2
127 857 2
127 307 2
127 990 2
128 881 2
128 946 2
128 781 2
128 467 2
128 460 2
128 404 2
128 638 2
128 580 2
128 448 2
128 214 2
128 445 2
128 391 2
129 469 2
129 367 2
129 855 2
129 730 2
129 782 2
129 708 2
129 256 2
129 864 2
129 296 2
129 937 2
129 338 2
129 418 2
129 983 2
129 785 2
129 975 2
129 178 2
129 542 2
129 706 2
129 935 2
129 271 2
129 716 2
129 833 2
129 216 2
129 187 2
129 784 2
129 638 2
129 585 2
129 203 2
130 655 2
130 299 2
130 343 2
130 428 2
130 167 2
130 380 2
130 225 2
130 600 2
130 944 2
130 919 2
130 450 2
130 875 2
130 532 2
131 704 2
131 709 2
131 460 2
131 739 2
131 415 2
131 713 2
131 693 2
131 655 2
131 834 2
131 740 2
131 860 2
131 183 2
131 343 2
132 360 2
132 967 2
132 783 2
132 691 2
132 326 2
132 576 2
132 807 2
132 746 2
132 763 2
132 975 2
132 979 2
132 902 2
132 644 2
132 331 2
132 165 2
132 361 2
132 217 2
132 410 2
133 165 2
133 929 2
133 667 2
133 395 2
133 270 2
133 545 2
133 408 2
133 489 2
133 190 2
133 702 2
133 155 2
133 715 2
133 941 2
133 697 2
133 651 2
133 362 2
133 956 2
133 366 2
134 333 2
134 361 2
134 773 2
134 370 2
134 973 2
134 434 2
134 449 2
134 202 2
134 942 2
134 964 2
134 192 2
134 978 2
134 462 2
134 227 2
134 716 2
134 807 2
134 494 2
134 641 2
135 537 2
135 673 2
135 451 2
135 951 2
135 887 2
135 484 2
135 749 2
135 600 2
135 472 2
135 801 2
135 658 2
135 304 2
135 204 2
135 308 2
136 325 2
136 452 2
136 159 2
136 585 2
136 988 2
136 244 2
136 311 2
136 679 2
136 150 2
136 754 2
136 861 2
136 451 2
136 789 2
136 514 2
136 949 2
136 577 2
136 740 2
136 617 2
137 626 2
137 692 2
137 734 2
137 719 2
137 366 2
137 701 2
137 317 2
137 715 2
137 196 2
137 642 2
137 619 2
138 669 2
138 601 2
138 851 2
138 633 2
138 656 2
138 909 2
138 203 2
138 911 2
138 977 2
138 300 2
138 704 2
138 925 2
138 819 2
138 614 2
138 398 2
138 403 2
138 729 2
138 235 2
138 324 2
138 815 2
139 991 2
139 641 2
139 763 2
139 533 2
139 548 2
139 406 2
139 733 2
139 689 2
139 675 2
139 395 2
139 218 2
139 802 2
139 439 2
139 388 2
139 233 2
139 416 2
139 848 2
139 321 2
139 923 2
139 977 2
139 357 2
139 598 2
139 755 2
139 888 2
140 987 2
140 362 2
140 850 2
140 233 2
140 689 2
140 779 2
140 896 2
140 522 2
140 626 2
140 160 2
140 256 2
140 426 2
140 616 2
140 157 2
140 551 2
140 208 2
140 820 2
140 510 2
140 824 2
140 567 2
140 519 2
141 508 2
141 506 2
141 791 2
141 691 2
141 212 2
141 688 2
141 217 2
141 595 2
141 932 2
141 356 2
141 618 2
141 218 2
141 539 2
141 662 2
141 452 2
141 183 2
141 260 2
141 489 2
141 231 2
141 447 2
141 667 2
142 793 2
142 525 2
142 179 2
142 927 2
142 350 2
142 405 2
142 853 2
142 993 2
142 475 2
142 944 2
142 338 2
142 216 2
142 478 2
142 636 2
142 692 2
142 432 2
142 409 2
142 974 2
142 344 2
142 627 2
142 516 2
142 913 2
142 249 2
142 508 2
143 775 2
143 695 2
143 677 2
143 282 2
143 594 2
143 433 2
143 987 2
143 795 2
143 408 2
143 422 2
143 497 2
143 284 2
143 147 2
143 453 2
143 910 2
143 209 2
144 180 2
144 254 2
144 739 2
144 744 2
144 471 2
144 669 2
144 749 2
144 397 2
144 954 2
144 829 2
144 750 2
144 868 2
144 657 2
144 183 2
144 553 2
144 598 2
144 548 2
145 220 2
145 204 2
145 822 2
145 884 2
145 269 2
145 551 2
145 594 2
145 946 2
145 881 2
145 856 2
145 810 2
145 352 2
145 575 2
145 329 2
145 773 2
146 633 2
146 578 2
146 689 2
146 780 2
146 557 2
146 339 2
146 680 2
146 317 2
146 149 2
146 296 2
146 642 2
146 227 2
146 630 2
147 229 2
147 265 2
147 594 2
147 723 2
147 462 2
147 640 2
147 558 2
147 795 2
147 941 2
147 813 2
147 946 2
147 603 2
147 977 2
147 653 2
147 716 2
147 181 2
148 927 2
148 452 2
148 246 2
148 676 2
148 531 2
148 421 2
148 591 2
148 704 2
148 766 2
148 504 2
148 877 2
148 550 2
148 351 2
148 453 2
149 531 2
149 693 2
149 773 2
149 990 2
149 854 2
149 374 2
149 742 2
149 938 2
149 889 2
149 176 2
149 229 2
149 396 2
149 585 2
149 670 2
149 941 2
149 804 2
149 471 2
149 248 2
149 238 2
149 972 2
149 200 2
149 299 2
150 530 2
150 332 2
150 836 2
150 308 2
150 184 2
150 243 2
150 157 2
150 983 2
150 820 2
150 915 2
150 627 2
150 733 2
150 727 2
150 359 2
150 230 2
150 415 2
151 180 2
151 372 2
151 554 2
151 947 2
151 806 2
151 534 2
151 984 2
151 683 2
151 764 2
151 409 2
151 966 2
151 366 2
151 830 2
151 864 2
151 173 2
151 363 2
151 491 2
151 396 2
151 576 2
151 162 2
151 178 2
151 273 2
151 404 2
152 666 2
152 321 2
152 320 2
152 990 2
152 769 2
152 532 2
152 862 2
152 744 2
152 844 2
152 673 2
152 602 2
152 430 2
152 253 2
152 298 2
153 503 2
153 369 2
153 654 2
153 175 2
153 485 2
153 956 2
153 689 2
153 906 2
153 376 2
153 486 2
153 374 2
153 514 2
154 582 2
154 669 2
154 921 2
154 158 2
154 770 2
154 810 2
154 432 2
154 910 2
154 549 2
154 917 2
154 716 2
154 888 2
154 619 2
154 766 2
154 415 2
154 288 2
154 502 2
154 838 2
154 962 2
154 943 2
154 237 2
154 446 2
154 727 2
155 172 2
155 742 2
155 651 2
155 396 2
155 513 2
155 990 2
155 900 2
155 639 2
155 499 2
155 652 2
155 200 2
155 965 2
155 832 2
155 887 2
155 208 2
155 304 2
155 859 2
155 281 2
155 297 2
155 438 2
155 557 2
155 232 2
156 529 2
156 552 2
156 192 2
156 935 2
156 772 2
156 443 2
156 785 2
156 583 2
156 961 2
156 934 2
156 667 2
156 976 2
156 162 2
156 778 2
156 831 2
156 717 2
156 478 2
156 840 2
156 779 2
156 967 2
156 370 2
157 947 2
157 243 2
157 178 2
157 559 2
157 289 2
157 295 2
157 915 2
157 435 2
157 508 2
157 280 2
157 814 2
157 969 2
157 768 2
158 695 2
158 621 2
158 563 2
158 921 2
158 220 2
158 980 2
158 676 2
158 194 2
158 715 2
158 256 2
158 748 2
158 802 2
158 523 2
158 779 2
158 643 2
158 415 2
158 466 2
158 842 2
158 794 2
158 773 2
158 383 2
159 448 2
159 674 2
159 280 2
159 372 2
159 162 2
159 527 2
159 868 2
159 506 2
159 728 2
159 589 2
159 722 2
159 745 2
159 741 2
159 169 2
159 909 2
159 660 2
159 194 2
159 404 2
159 237 2
159 717 2
159 890 2
159 585 2
159 193 2
160 386 2
160 922 2
160 408 2
160 215 2
160 874 2
160 252 2
160 970 2
160 839 2
160 790 2
160 782 2
160 209 2
160 600 2
160 666 2
160 680 2
160 326 2
160 291 2
160 641 2
160 548 2
160 202 2
161 482 2
161 622 2
161 455 2
161 606 2
161 463 2
161 461 2
161 864 2
161 470 2
161 299 2
161 587 2
161 386 2
161 183 2
161 414 2
161 718 2
161 274 2
161 846 2
162 662 2
162 183 2
162 891 2
162 230 2
162 727 2
162 432 2
162 408 2
162 752 2
162 980 2
162 191 2
163 381 2
163 310 2
163 205 2
163 956 2
163 388 2
163 726 2
163 397 2
163 897 2
163 684 2
163 600 2
163 278 2
163 955 2
163 963 2
163 617 2
163 174 2
163 246 2
163 256 2
163 950 2
163 222 2
163 654 2
163 351 2
163 578 2
163 602 2
163 908 2
164 878 2
164 854 2
164 457 2
164 941 2
164 455 2
164 600 2
164 717 2
164 877 2
164 898 2
164 755 2
164 385 2
164 344 2
164 412 2
164 961 2
164 975 2
164 797 2
164 173 2
164 633 2
165 759 2
165 640 2
165 728 2
165 515 2
165 495 2
165 507 2
165 761 2
165 371 2
165 649 2
165 306 2
165 799 2
165 579 2
165 210 2
165 807 2
165 394 2
165 922 2
165 600 2
165 859 2
165 699 2
165 301 2
165 232 2
165 969 2
165 938 2
165 615 2
166 548 2
166 778 2
166 257 2
166 289 2
166 828 2
166 225 2
166 435 2
166 655 2
166 202 2
166 937 2
166 319 2
166 628 2
166 478 2
166 842 2
166 482 2
166 574 2
166 857 2
166 825 2
166 316 2
167 245 2
167 282 2
167 402 2
167 733 2
167 710 2
167 924 2
167 237 2
167 295 2
167 739 2
167 801 2
167 646 2
167 905 2
167 454 2
167 495 2
167 896 2
167 408 2
167 749 2
167 372 2
167 424 2
167 415 2
168 422 2
168 942 2
168 288 2
168 224 2
168 640 2
168 203 2
168 279 2
168 846 2
168 675 2
168 199 2
168 800 2
168 538 2
168 389 2
168 380 2
168 799 2
169 502 2
169 222 2
169 290 2
169 197 2
169 326 2
169 940 2
169 213 2
169 211 2
169 698 2
169 299 2
169 635 2
169 756 2
170 215 2
170 502 2
170 591 2
170 983 2
170 587 2
170 729 2
170 819 2
170 798 2
170 560 2
170 485 2
170 667 2
170 438 2
171 313 2
171 281 2
171 977 2
171 479 2
171 527 2
171 956 2
171 759 2
171 984 2
171 717 2
171 985 2
171 507 2
171 537 2
171 259 2
171 335 2
171 770 2
171 657 2
171 279 2
171 496 2
171 650 2
171 588 2
171 731 2
171 280 2
172 250 2
172 980 2
172 820 2
172 760 2
172 371 2
172 559 2
172 609 2
172 915 2
172 545 2
172 772 2
172 332 2
172 870 2
172 869 2
172 832 2
173 511 2
173 919 2
173 340 2
173 251 2
173 749 2
173 926 2
173 607 2
173 493 2
173 212 2
173 555 2
173 530 2
173 424 2
173 783 2
174 651 2
174 850 2
174 314 2
174 398 2
174 778 2
174 297 2
174 238 2
174 227 2
174 560 2
174 775 2
174 740 2
174 425 2
174 179 2
174 426 2
175 398 2
175 438 2
175 620 2
175 756 2
175 564 2
175 436 2
175 958 2
175 275 2
175 903 2
175 628 2
175 700 2
175 661 2
175 742 2
175 875 2
175 960 2
176 194 2
176 648 2
176 869 2
176 908 2
176 470 2
176 474 2
176 250 2
176 182 2
176 912 2
176 272 2
176 278 2
176 584 2
176 822 2
176 962 2
176 234 2
176 594 2
177 671 2
177 514 2
177 432 2
177 351 2
177 625 2
177 626 2
177 467 2
177 570 2
177 185 2
177 300 2
177 447 2
177 811 2
177 480 2
177 646 2
178 180 2
178 983 2
178 922 2
178 326 2
178 549 2
178 847 2
178 529 2
178 340 2
178 829 2
178 318 2
178 586 2
178 624 2
178 705 2
178 353 2
179 375 2
179 258 2
179 583 2
179 872 2
179 199 2
179 655 2
179 759 2
179 974 2
179 257 2
179 259 2
179 308 2
179 721 2
179 486 2
179 802 2
179 370 2
179 454 2
179 519 2
179 970 2
179 935 2
180 567 2
180 255 2
180 381 2
180 868 2
180 543 2
180 395 2
180 476 2
180 291 2
180 473 2
180 962 2
180 462 2
180 273 2
180 778 2
180 436 2
180 589 2
180 908 2
180 448 2
180 204 2
181 546 2
181 939 2
181 513 2
181 422 2
181 735 2
181 522 2
181 943 2
181 842 2
181 207 2
181 971 2
181 777 2
181 624 2
181 958 2
181 281 2
181 292 2
181 942 2
182 196 2
182 726 2
182 437 2
182 908 2
182 620 2
182 739 2
182 993 2
182 457 2
182 646 2
182 201 2
182 399 2
182 968 2
182 574 2
182 524 2
183 488 2
183 653 2
183 190 2
183 427 2
183 555 2
183 803 2
183 575 2
183 497 2
183 393 2
183 943 2
183 793 2
183 685 2
183 336 2
183 192 2
183 197 2
183 457 2
184 364 2
184 453 2
184 511 2
184 559 2
184 234 2
184 928 2
184 721 2
184 318 2
184 370 2
184 686 2
184 381 2
184 990 2
184 353 2
184 280 2
184 782 2
184 821 2
184 531 2
184 988 2
184 755 2
184 205 2
184 672 2
184 499 2
184 844 2
184 852 2
185 958 2
185 998 2
185 364 2
185 999 2
185 293 2
185 847 2
185 492 2
185 933 2
185 856 2
185 531 2
185 186 2
185 300 2
185 629 2
185 727 2
185 254 2
185 480 2
185 635 2
185 203 2
185 476 2
186 876 2
186 371 2
186 413 2
186 847 2
186 953 2
186 868 2
186 548 2
186 860 2
186 911 2
186 447 2
186 262 2
186 662 2
186 928 2
186 887 2
186 974 2
186 205 2
186 801 2
186 698 2
186 250 2
186 461 2
187 353 2
187 200 2
187 802 2
187 783 2
187 623 2
187 515 2
187 937 2
187 574 2
187 362 2
187 302 2
187 642 2
187 688 2
187 703 2
187 412 2
187 657 2
187 347 2
187 939 2
187 833 2
187 954 2
187 634 2
187 794 2
187 303 2
188 391 2
188 419 2
188 912 2
188 839 2
188 521 2
188 228 2
188 413 2
188 947 2
188 330 2
188 897 2
188 585 2
188 296 2
188 786 2
188 948 2
188 261 2
189 903 2
189 398 2
189 670 2
189 228 2
189 618 2
189 857 2
189 797 2
189 435 2
189 839 2
189 679 2
189 278 2
189 474 2
189 683 2
189 869 2
189 352 2
189 587 2
189 661 2
189 782 2
189 594 2
189 593 2
190 840 2
190 822 2
190 756 2
190 464 2
190 341 2
190 471 2
190 638 2
190 353 2
190 634 2
190 653 2
190 312 2
190 486 2
190 531 2
190 377 2
190 874 2
190 949 2
190 777 2
191 486 2
191 954 2
191 839 2
191 438 2
191 539 2
191 910 2
191 533 2
191 569 2
191 510 2
191 632 2
191 340 2
192 987 2
192 591 2
192 322 2
192 372 2
192 531 2
192 961 2
192 824 2
192 984 2
192 736 2
192 341 2
192 346 2
192 289 2
192 957 2
192 384 2
192 759 2
192 504 2
192 864 2
193 452 2
193 494 2
193 611 2
193 558 2
193 597 2
193 490 2
193 305 2
193 735 2
193 985 2
193 965 2
193 460 2
193 223 2
193 932 2
193 676 2
193 596 2
193 520 2
193 647 2
193 273 2
194 303 2
194 451 2
194 268 2
194 308 2
194 946 2
194 950 2
194 990 2
194 860 2
194 772 2
194 237 2
194 437 2
194 863 2
194 226 2
194 851 2
195 692 2
195 357 2
195 327 2
195 212 2
195 863 2
195 419 2
195 376 2
195 772 2
196 657 2
196 660 2
196 617 2
196 777 2
196 461 2
196 982 2
196 381 2
196 805 2
196 601 2
196 304 2
196 414 2
196 665 2
196 345 2
196 261 2
196 699 2
196 898 2
197 844 2
197 894 2
197 697 2
197 491 2
197 723 2
197 289 2
197 253 2
197 774 2
197 997 2
197 776 2
197 271 2
198 942 2
198 851 2
198 931 2
198 568 2
198 529 2
198 987 2
198 587 2
198 504 2
198 382 2
198 622 2
198 352 2
198 971 2
198 200 2
198 391 2
199 454 2
199 528 2
199 791 2
199 423 2
199 705 2
199 820 2
199 235 2
199 813 2
199 911 2
199 854 2
199 898 2
199 612 2
199 789 2
199 606 2
199 788 2
199 474 2
200 275 2
200 991 2
200 715 2
200 355 2
200 984 2
200 380 2
200 331 2
200 996 2
200 838 2
200 475 2
200 363 2
201 766 2
201 824 2
201 421 2
201 296 2
201 565 2
201 356 2
201 329 2
201 540 2
201 298 2
201 343 2
201 562 2
201 823 2
201 991 2
201 449 2
201 251 2
201 490 2
201 940 2
201 515 2
201 799 2
202 289 2
202 628 2
202 405 2
202 266 2
202 721 2
202 888 2
202 562 2
202 331 2
202 819 2
202 234 2
202 496 2
202 793 2
203 705 2
203 875 2
203 255 2
203 241 2
203 273 2
203 333 2
203 881 2
203 322 2
203 980 2
203 326 2
203 560 2
203 409 2
203 742 2
203 347 2
203 556 2
203 370 2
203 465 2
203 581 2
204 703 2
204 590 2
204 471 2
204 778 2
204 705 2
204 617 2
204 539 2
204 585 2
204 604 2
204 812 2
204 720 2
204 771 2
204 918 2
204 854 2
204 271 2
204 343 2
204 280 2
204 270 2
204 458 2
204 748 2
204 522 2
205 225 2
205 388 2
205 978 2
205 724 2
205 731 2
205 812 2
205 940 2
205 802 2
205 734 2
205 623 2
206 504 2
206 881 2
206 468 2
206 752 2
206 614 2
206 485 2
206 483 2
206 560 2
206 559 2
206 918 2
206 895 2
206 537 2
206 754 2
206 536 2
206 498 2
207 589 2
207 864 2
207 253 2
207 623 2
207 714 2
207 537 2
207 787 2
207 744 2
207 285 2
207 767 2
207 467 2
207 368 2
208 418 2
208 810 2
208 262 2
208 915 2
208 531 2
208 590 2
208 807 2
208 583 2
208 670 2
208 557 2
208 322 2
208 509 2
208 958 2
208 898 2
208 470 2
208 290 2
208 811 2
208 783 2
208 453 2
208 963 2
209 398 2
209 284 2
209 818 2
209 332 2
209 891 2
209 260 2
209 459 2
209 744 2
209 236 2
209 840 2
209 893 2
209 563 2
209 408 2
209 888 2
209 259 2
209 212 2
209 365 2
209 362 2
209 397 2
209 911 2
209 709 2
210 444 2
210 725 2
210 911 2
210 350 2
210 679 2
210 247 2
210 368 2
210 358 2
210 509 2
210 258 2
210 632 2
210 244 2
210 709 2
210 965 2
210 855 2
210 469 2
210 708 2
210 835 2
210 472 2
211 308 2
211 779 2
211 750 2
211 319 2
211 996 2
211 965 2
211 445 2
211 620 2
211 365 2
211 523 2
211 631 2
211 419 2
211 581 2
211 888 2
212 792 2
212 873 2
212 441 2
212 518 2
212 589 2
212 490 2
212 380 2
212 458 2
212 871 2
212 761 2
212 772 2
212 651 2
212 812 2
212 948 2
212 356 2
212 929 2
213 466 2
213 248 2
213 249 2
213 489 2
213 396 2
213 631 2
213 394 2
213 382 2
213 344 2
213 615 2
213 694 2
213 447 2
213 330 2
213 370 2
214 606 2
214 238 2
214 474 2
214 669 2
214 414 2
214 472 2
214 937 2
214 849 2
214 290 2
214 819 2
214 544 2
214 985 2
215 245 2
215 653 2
215 410 2
215 873 2
215 952 2
215 481 2
215 741 2
215 465 2
215 954 2
215 961 2
215 356 2
215 274 2
215 724 2
215 995 2
216 910 2
216 830 2
216 629 2
216 826 2
216 470 2
216 315 2
216 343 2
216 779 2
216 591 2
216 991 2
216 867 2
216 460 2
216 406 2
216 248 2
216 659 2
216 404 2
216 920 2
217 224 2
217 527 2
217 349 2
217 936 2
217 715 2
217 406 2
217 702 2
217 597 2
217 538 2
217 601 2
217 449 2
217 471 2
217 752 2
217 759 2
218 443 2
218 450 2
218 965 2
218 476 2
218 521 2
218 777 2
218 667 2
218 676 2
218 619 2
218 629 2
218 366 2
218 928 2
218 954 2
218 238 2
218 957 2
218 691 2
219 303 2
219 244 2
219 556 2
219 267 2
219 233 2
219 574 2
219 532 2
219 801 2
219 536 2
219 810 2
219 823 2
219 822 2
219 772 2
219 939 2
220 809 2
220 711 2
220 762 2
220 406 2
220 547 2
220 928 2
220 433 2
220 870 2
220 254 2
220 969 2
220 867 2
220 845 2
220 442 2
221 291 2
221 509 2
221 496 2
221 393 2
221 791 2
221 386 2
221 298 2
221 684 2
221 506 2
221 730 2
221 433 2
221 420 2
221 409 2
221 426 2
221 874 2
221 482 2
221 647 2
222 775 2
222 954 2
222 968 2
222 834 2
222 964 2
222 406 2
222 360 2
222 466 2
222 851 2
222 394 2
223 945 2
223 663 2
223 630 2
223 420 2
223 275 2
223 730 2
223 403 2
223 225 2
223 962 2
223 874 2
224 689 2
224 349 2
224 651 2
224 852 2
224 372 2
224 952 2
224 755 2
224 619 2
224 318 2
224 579 2
224 237 2
224 563 2
224 742 2
224 306 2
224 781 2
225 770 2
225 813 2
225 282 2
225 534 2
225 411 2
225 837 2
225 865 2
225 580 2
225 676 2
225 556 2
225 697 2
225 563 2
225 499 2
225 740 2
225 745 2
225 405 2
226 315 2
226 417 2
226 537 2
226 775 2
226 325 2
226 456 2
226 294 2
226 953 2
226 479 2
226 394 2
226 578 2
226 400 2
226 359 2
226 679 2
226 241 2
226 786 2
226 829 2
227 790 2
227 659 2
227 390 2
227 716 2
227 842 2
227 470 2
227 442 2
227 861 2
227 710 2
228 673 2
228 403 2
228 489 2
228 488 2
228 250 2
228 268 2
228 477 2
228 944 2
228 257 2
228 640 2
228 862 2
228 683 2
229 499 2
229 951 2
229 505 2
229 489 2
229 889 2
229 276 2
229 562 2
229 393 2
229 801 2
229 805 2
229 879 2
229 254 2
229 467 2
229 375 2
230 310 2
230 963 2
230 835 2
230 896 2
230 785 2
230 620 2
230 600 2
230 461 2
230 446 2
230 907 2
230 749 2
230 504 2
230 696 2
230 709 2
230 976 2
230 796 2
230 348 2
230 323 2
231 321 2
231 387 2
231 832 2
231 377 2
231 395 2
231 548 2
231 437 2
231 569 2
231 819 2
231 702 2
231 518 2
231 494 2
231 845 2
231 238 2
231 247 2
231 405 2
231 427 2
231 769 2
231 320 2
232 795 2
232 821 2
232 611 2
232 373 2
232 834 2
232 328 2
232 364 2
232 891 2
233 609 2
233 364 2
233 756 2
233 331 2
233 668 2
233 694 2
233 980 2
233 961 2
233 290 2
233 529 2
233 764 2
233 834 2
233 988 2
233 419 2
233 295 2
233 602 2
233 347 2
234 506 2
234 442 2
234 351 2
234 385 2
234 864 2
234 983 2
234 396 2
234 368 2
234 826 2
234 993 2
234 720 2
234 866 2
234 964 2
235 825 2
235 385 2
235 357 2
235 459 2
235 617 2
235 382 2
235 668 2
235 389 2
235 718 2
235 429 2
235 564 2
235 561 2
235 598 2
235 285 2
235 265 2
235 644 2
235 917 2
235 306 2
235 772 2
236 487 2
236 474 2
236 410 2
236 497 2
236 452 2
236 771 2
236 489 2
236 812 2
236 540 2
236 438 2
236 282 2
237 699 2
237 436 2
237 807 2
237 925 2
237 859 2
237 688 2
237 559 2
237 565 2
237 453 2
237 756 2
237 506 2
237 517 2
237 505 2
237 547 2
237 928 2
237 858 2
237 499 2
237 873 2
237 458 2
237 786 2
237 423 2
237 515 2
237 840 2
237 361 2
237 962 2
238 610 2
238 709 2
238 580 2
238 393 2
238 816 2
238 507 2
238 782 2
238 995 2
238 762 2
238 608 2
238 534 2
238 375 2
238 868 2
238 626 2
238 337 2
239 735 2
239 626 2
239 682 2
239 255 2
239 857 2
239 737 2
239 503 2
239 514 2
239 681 2
239 831 2
239 581 2
239 771 2
239 675 2
239 726 2
239 999 2
239 941 2
239 776 2
239 702 2
240 904 2
240 762 2
240 555 2
240 949 2
240 950 2
240 892 2
240 442 2
240 804 2
240 361 2
240 853 2
240 365 2
240 918 2
240 242 2
240 900 2
241 614 2
241 420 2
241 997 2
241 281 2
241 958 2
241 395 2
241 638 2
241 252 2
241 622 2
241 602 2
242 378 2
242 750 2
242 244 2
242 837 2
242 460 2
242 379 2
242 304 2
242 999 2
242 929 2
242 584 2
242 605 2
243 667 2
243 563 2
243 494 2
243 575 2
243 829 2
243 797 2
243 822 2
243 444 2
243 827 2
243 532 2
243 550 2
243 912 2
243 568 2
243 396 2
243 847 2
244 777 2
244 412 2
244 905 2
244 545 2
244 312 2
244 328 2
244 770 2
244 490 2
244 908 2
244 887 2
244 294 2
244 769 2
244 809 2
244 290 2
244 660 2
244 936 2
244 817 2
244 856 2
244 750 2
244 398 2
244 357 2
244 865 2
245 518 2
245 795 2
245 725 2
245 871 2
245 855 2
245 530 2
245 575 2
245 809 2
245 400 2
245 460 2
245 630 2
245 947 2
245 654 2
245 472 2
245 384 2
245 592 2
245 793 2
245 504 2
245 329 2
246 903 2
246 762 2
246 982 2
246 457 2
246 310 2
246 408 2
246 276 2
246 262 2
246 500 2
246 320 2
246 287 2
246 384 2
246 883 2
246 462 2
246 785 2
246 418 2
247 588 2
247 850 2
247 297 2
247 917 2
247 830 2
247 278 2
247 633 2
247 531 2
247 604 2
247 755 2
247 839 2
247 995 2
247 325 2
247 815 2
247 364 2
248 723 2
248 297 2
248 839 2
248 746 2
248 532 2
248 405 2
248 718 2
248 355 2
248 605 2
248 455 2
248 775 2
248 452 2
248 575 2
248 769 2
248 741 2
248 308 2
248 408 2
248 547 2
248 667 2
249 828 2
249 938 2
249 636 2
249 358 2
249 864 2
249 704 2
249 338 2
249 942 2
249 510 2
249 644 2
249 416 2
249 506 2
249 928 2
249 794 2
249 845 2
249 266 2
249 477 2
249 848 2
249 956 2
249 765 2
250 353 2
250 905 2
250 994 2
250 732 2
250 518 2
250 348 2
250 627 2
250 765 2
250 495 2
250 674 2
250 920 2
250 416 2
250 810 2
250 823 2
251 728 2
251 630 2
251 378 2
251 522 2
251 595 2
251 840 2
251 391 2
251 681 2
251 293 2
251 803 2
251 263 2
251 939 2
251 774 2
251 579 2
251 779 2
252 969 2
252 599 2
252 881 2
252 435 2
252 706 2
252 291 2
252 467 2
252 326 2
252 463 2
252 445 2
252 589 2
252 262 2
252 797 2
253 843 2
253 875 2
253 454 2
253 970 2
253 711 2
253 654 2
253 846 2
253 366 2
253 385 2
253 686 2
253 257 2
253 527 2
253 646 2
253 456 2
254 888 2
254 348 2
254 297 2
254 583 2
254 697 2
254 641 2
254 539 2
254 332 2
254 619 2
254 904 2
254 794 2
254 263 2
255 787 2
255 282 2
255 483 2
255 403 2
255 462 2
255 907 2
255 369 2
255 387 2
255 441 2
255 729 2
255 685 2
256 803 2
256 304 2
256 676 2
256 812 2
256 843 2
256 757 2
256 613 2
256 519 2
256 562 2
256 431 2
256 354 2
256 345 2
256 947 2
256 749 2
256 377 2
256 594 2
257 970 2
257 350 2
257 679 2
257 995 2
257 754 2
257 384 2
257 761 2
257 826 2
257 320 2
257 900 2
257 809 2
257 841 2
257 898 2
257 422 2
257 647 2
258 905 2
258 990 2
258 481 2
258 280 2
258 805 2
258 429 2
258 848 2
258 439 2
258 421 2
258 533 2
258 786 2
258 357 2
258 360 2
258 875 2
258 388 2
258 506 2
259 796 2
259 568 2
259 794 2
259 607 2
259 889 2
259 336 2
259 328 2
259 295 2
259 474 2
259 810 2
259 884 2
259 713 2
259 298 2
259 824 2
259 892 2
260 456 2
260 621 2
260 829 2
260 339 2
260 755 2
260 911 2
260 537 2
260 395 2
260 471 2
260 436 2
260 470 2
260 548 2
260 647 2
260 723 2
260 971 2
260 891 2
260 836 2
260 441 2
260 624 2
261 701 2
261 692 2
261 811 2
261 819 2
261 988 2
261 407 2
261 721 2
261 708 2
261 937 2
261 885 2
261 973 2
261 344 2
261 279 2
261 524 2
262 651 2
262 834 2
262 632 2
262 670 2
262 571 2
262 472 2
262 940 2
262 962 2
262 983 2
262 988 2
262 689 2
262 758 2
262 835 2
262 766 2
262 937 2
262 982 2
262 694 2
262 751 2
262 848 2
262 351 2
262 723 2
263 564 2
263 868 2
263 725 2
263 641 2
263 508 2
263 511 2
263 831 2
263 464 2
263 818 2
263 515 2
263 896 2
263 959 2
263 334 2
263 566 2
263 693 2
263 813 2
263 840 2
263 651 2
263 565 2
263 385 2
263 290 2
264 561 2
264 923 2
264 877 2
264 483 2
264 310 2
264 586 2
264 645 2
264 391 2
264 968 2
264 290 2
264 558 2
264 377 2
264 794 2
264 681 2
264 884 2
264 850 2
264 412 2
265 547 2
265 386 2
265 652 2
265 873 2
265 340 2
265 653 2
265 633 2
265 274 2
265 920 2
265 442 2
265 936 2
265 990 2
265 720 2
265 921 2
265 360 2
265 377 2
265 915 2
265 667 2
265 661 2
265 617 2
265 359 2
266 867 2
266 487 2
266 692 2
266 943 2
266 364 2
266 615 2
266 948 2
266 824 2
266 935 2
266 586 2
266 546 2
266 955 2
266 890 2
266 959 2
266 488 2
266 632 2
266 514 2
267 527 2
267 298 2
267 878 2
267 365 2
267 333 2
267 381 2
267 426 2
267 435 2
267 620 2
267 499 2
267 643 2
267 613 2
267 270 2
267 341 2
267 855 2
267 563 2
267 587 2
267 797 2
267 512 2
268 568 2
268 400 2
268 458 2
268 943 2
268 404 2
268 664 2
268 593 2
268 563 2
268 406 2
269 690 2
269 747 2
269 346 2
269 359 2
269 895 2
269 510 2
269 399 2
269 878 2
269 620 2
269 803 2
269 514 2
269 410 2
269 831 2
269 635 2
269 743 2
269 899 2
269 423 2
269 323 2
269 546 2
270 761 2
270 353 2
270 370 2
270 610 2
270 703 2
270 643 2
270 850 2
270 469 2
270 297 2
270 311 2
270 577 2
270 333 2
270 746 2
270 421 2
271 491 2
271 790 2
271 433 2
271 690 2
271 587 2
271 673 2
271 922 2
271 292 2
271 806 2
271 667 2
271 858 2
271 834 2
271 514 2
271 274 2
272 740 2
272 998 2
272 795 2
272 630 2
272 973 2
272 351 2
272 827 2
272 852 2
272 739 2
272 897 2
272 867 2
272 781 2
272 573 2
272 373 2
273 287 2
273 380 2
273 797 2
273 620 2
273 512 2
273 418 2
273 525 2
274 318 2
274 600 2
274 374 2
274 957 2
274 981 2
274 369 2
274 734 2
274 293 2
274 601 2
274 667 2
274 447 2
274 582 2
274 366 2
274 749 2
274 881 2
275 293 2
275 910 2
275 405 2
275 433 2
275 937 2
275 667 2
275 771 2
275 555 2
275 334 2
275 484 2
275 513 2
275 920 2
276 741 2
276 619 2
276 477 2
276 753 2
276 398 2
276 930 2
276 845 2
276 518 2
276 850 2
276 917 2
276 767 2
276 875 2
277 888 2
277 806 2
277 449 2
277 774 2
277 528 2
277 953 2
277 546 2
277 310 2
277 379 2
277 607 2
278 614 2
278 517 2
278 930 2
278 708 2
278 340 2
278 776 2
278 978 2
278 586 2
278 339 2
279 871 2
279 320 2
279 635 2
279 403 2
279 911 2
279 769 2
279 780 2
279 855 2
279 394 2
279 439 2
279 998 2
279 346 2
279 406 2
279 378 2
279 623 2
280 420 2
280 773 2
280 617 2
280 313 2
280 922 2
280 399 2
280 676 2
280 595 2
280 790 2
280 744 2
280 283 2
280 923 2
280 642 2
280 668 2
280 361 2
280 816 2
281 551 2
281 571 2
281 317 2
281 464 2
281 304 2
281 808 2
281 658 2
281 966 2
281 492 2
281 676 2
281 421 2
281 547 2
281 302 2
282 291 2
282 496 2
282 924 2
282 607 2
282 738 2
282 981 2
282 438 2
282 368 2
282 812 2
282 832 2
282 910 2
282 427 2
282 451 2
282 958 2
282 402 2
282 461 2
282 948 2
282 503 2
282 879 2
282 464 2
282 944 2
283 886 2
283 668 2
283 944 2
283 677 2
283 586 2
283 457 2
283 533 2
283 632 2
283 548 2
283 811 2
283 716 2
283 305 2
283 945 2
283 422 2
283 686 2
283 674 2
283 372 2
283 407 2
284 874 2
284 746 2
284 585 2
284 790 2
284 793 2
284 927 2
284 650 2
284 582 2
284 955 2
284 627 2
284 799 2
284 796 2
284 449 2
284 594 2
284 865 2
284 719 2
284 452 2
284 382 2
285 608 2
285 670 2
285 290 2
285 956 2
285 843 2
285 635 2
285 824 2
285 764 2
285 491 2
285 446 2
285 905 2
285 466 2
285 505 2
285 293 2
285 644 2
285 397 2
285 702 2
285 621 2
285 821 2
285 593 2
285 597 2
285 835 2
285 839 2
285 952 2
286 966 2
286 862 2
286 440 2
286 767 2
286 522 2
286 297 2
286 475 2
286 489 2
286 838 2
287 589 2
287 957 2
287 774 2
287 514 2
287 855 2
287 608 2
287 563 2
287 516 2
287 806 2
287 931 2
287 686 2
287 450 2
287 687 2
288 893 2
288 762 2
288 862 2
288 332 2
288 645 2
288 999 2
288 928 2
288 719 2
288 877 2
288 678 2
288 370 2
288 356 2
288 415 2
288 852 2
288 295 2
288 672 2
288 495 2
288 800 2
289 577 2
289 323 2
289 951 2
289 422 2
289 682 2
289 839 2
289 389 2
289 670 2
289 821 2
289 997 2
289 322 2
289 803 2
289 663 2
289 483 2
289 830 2
289 490 2
289 618 2
289 919 2
290 969 2
290 875 2
290 348 2
290 956 2
290 862 2
290 889 2
290 737 2
290 523 2
290 901 2
290 550 2
290 626 2
290 575 2
291 470 2
291 474 2
291 427 2
291 670 2
291 507 2
291 465 2
291 654 2
291 336 2
291 993 2
291 514 2
291 505 2
291 397 2
291 894 2
291 964 2
291 832 2
292 978 2
292 746 2
292 851 2
292 441 2
292 320 2
292 601 2
292 817 2
292 363 2
292 976 2
292 604 2
293 953 2
293 615 2
293 754 2
293 976 2
293 726 2
293 694 2
293 636 2
293 896 2
293 707 2
293 823 2
293 377 2
293 782 2
293 861 2
293 922 2
294 838 2
294 456 2
294 639 2
294 747 2
294 677 2
294 436 2
294 981 2
294 748 2
294 812 2
294 740 2
294 923 2
294 412 2
295 428 2
295 998 2
295 884 2
295 923 2
295 891 2
295 556 2
295 883 2
295 897 2
295 325 2
295 735 2
295 493 2
295 765 2
296 748 2
296 599 2
296 555 2
296 830 2
296 717 2
296 395 2
296 829 2
296 443 2
296 893 2
296 367 2
296 653 2
296 561 2
296 601 2
296 399 2
296 612 2
296 333 2
296 515 2
296 716 2
297 430 2
297 952 2
297 428 2
297 963 2
297 935 2
297 583 2
297 509 2
297 412 2
297 839 2
297 838 2
297 844 2
297 767 2
297 490 2
297 452 2
298 807 2
298 477 2
298 453 2
298 712 2
298 472 2
298 785 2
298 834 2
298 650 2
298 683 2
298 510 2
298 394 2
298 795 2
298 495 2
298 543 2
298 315 2
298 667 2
299 977 2
299 505 2
299 737 2
299 319 2
299 321 2
299 798 2
299 831 2
299 722 2
299 686 2
300 637 2
300 461 2
300 392 2
300 755 2
300 902 2
300 823 2
300 986 2
300 362 2
300 365 2
300 357 2
300 737 2
300 814 2
300 402 2
300 840 2
300 558 2
300 440 2
300 742 2
300 601 2
300 408 2
300 411 2
300 446 2
300 640 2
300 734 2
301 539 2
301 880 2
301 352 2
301 761 2
301 644 2
301 433 2
301 778 2
301 756 2
301 639 2
301 928 2
301 920 2
301 514 2
301 725 2
301 561 2
301 689 2
301 794 2
302 518 2
302 590 2
302 502 2
302 895 2
302 728 2
302 337 2
302 614 2
302 888 2
302 542 2
303 682 2
303 861 2
303 456 2
303 924 2
303 981 2
303 943 2
303 855 2
303 362 2
303 401 2
303 521 2
303 868 2
304 754 2
304 447 2
304 524 2
304 857 2
304 481 2
304 768 2
304 701 2
304 514 2
304 467 2
304 498 2
304 963 2
304 471 2
304 889 2
304 916 2
304 873 2
304 589 2
304 952 2
304 311 2
305 855 2
305 771 2
305 585 2
305 362 2
305 494 2
305 526 2
305 680 2
305 818 2
305 375 2
305 735 2
306 589 2
306 848 2
306 798 2
306 735 2
306 548 2
306 486 2
306 429 2
306 945 2
306 389 2
306 918 2
306 335 2
306 733 2
306 699 2
306 925 2
306 806 2
307 963 2
307 962 2
307 543 2
307 362 2
307 952 2
307 394 2
307 794 2
307 926 2
307 641 2
307 684 2
307 520 2
307 357 2
307 798 2
307 711 2
307 948 2
307 918 2
307 721 2
307 897 2
308 996 2
308 466 2
308 726 2
308 368 2
308 475 2
308 325 2
308 527 2
308 425 2
308 357 2
308 481 2
308 500 2
308 721 2
308 827 2
308 508 2
308 912 2
308 829 2
308 410 2
308 517 2
309 351 2
309 410 2
309 674 2
309 865 2
309 848 2
309 378 2
309 453 2
309 740 2
309 911 2
309 322 2
309 548 2
309 662 2
309 783 2
309 613 2
309 341 2
309 583 2
309 342 2
310 389 2
310 653 2
310 435 2
310 422 2
310 867 2
310 424 2
310 387 2
310 570 2
310 804 2
310 472 2
310 969 2
310 356 2
310 884 2
310 441 2
310 501 2
311 366 2
311 741 2
311 802 2
311 998 2
311 643 2
311 632 2
311 331 2
311 640 2
311 772 2
311 653 2
311 536 2
311 379 2
311 724 2
311 981 2
311 907 2
311 701 2
311 853 2
311 372 2
311 844 2
311 751 2
311 671 2
312 726 2
312 571 2
312 638 2
312 411 2
312 669 2
312 497 2
312 372 2
312 911 2
312 385 2
312 330 2
312 636 2
312 395 2
312 351 2
312 413 2
312 491 2
312 798 2
312 749 2
312 336 2
312 810 2
313 815 2
313 802 2
313 840 2
313 418 2
313 564 2
313 775 2
313 656 2
313 542 2
313 572 2
313 832 2
313 458 2
313 408 2
314 455 2
314 536 2
314 390 2
314 348 2
314 335 2
314 987 2
314 768 2
314 750 2
314 334 2
314 920 2
314 917 2
314 981 2
314 921 2
314 795 2
314 782 2
314 583 2
314 845 2
314 812 2
314 353 2
314 737 2
315 792 2
315 650 2
315 841 2
315 643 2
315 887 2
315 440 2
315 374 2
315 909 2
315 688 2
315 511 2
315 373 2
315 623 2
315 651 2
315 880 2
315 700 2
315 832 2
315 470 2
316 932 2
316 817 2
316 576 2
316 719 2
316 509 2
316 756 2
316 662 2
316 693 2
316 906 2
316 510 2
316 606 2
316 812 2
316 329 2
316 777 2
316 538 2
316 675 2
316 771 2
316 426 2
317 323 2
317 632 2
317 852 2
317 424 2
317 636 2
317 908 2
317 346 2
317 925 2
317 556 2
317 389 2
317 469 2
317 960 2
317 798 2
318 772 2
318 626 2
318 431 2
318 371 2
318 953 2
318 934 2
318 842 2
318 921 2
318 474 2
318 429 2
318 466 2
318 794 2
318 627 2
318 861 2
318 769 2
318 896 2
318 445 2
319 949 2
319 555 2
319 577 2
319 708 2
319 498 2
319 876 2
319 854 2
319 640 2
319 836 2
319 387 2
319 491 2
319 557 2
320 481 2
320 425 2
320 527 2
320 324 2
320 650 2
320 594 2
320 766 2
320 562 2
320 996 2
320 377 2
320 398 2
320 578 2
320 794 2
320 920 2
320 780 2
320 742 2
320 632 2
320 930 2
320 517 2
321 849 2
321 652 2
321 745 2
321 969 2
321 667 2
321 855 2
321 470 2
321 456 2
321 596 2
321 469 2
321 658 2
321 379 2
321 802 2
322 944 2
322 448 2
322 918 2
322 418 2
322 813 2
322 741 2
322 522 2
322 816 2
322 447 2
322 370 2
322 599 2
322 616 2
323 963 2
323 899 2
323 664 2
323 539 2
323 623 2
323 640 2
323 495 2
323 771 2
323 924 2
323 450 2
323 745 2
324 815 2
324 698 2
324 487 2
324 622 2
324 517 2
324 583 2
324 713 2
324 488 2
324 597 2
324 908 2
324 838 2
325 336 2
325 395 2
325 424 2
325 492 2
325 712 2
325 645 2
325 500 2
325 925 2
325 929 2
325 621 2
325 792 2
325 498 2
326 570 2
326 473 2
326 403 2
326 779 2
326 970 2
326 764 2
326 837 2
326 823 2
326 592 2
326 412 2
326 420 2
326 459 2
326 426 2
326 493 2
326 709 2
326 571 2
326 979 2
326 954 2
326 602 2
326 944 2
326 660 2
326 337 2
326 724 2
327 939 2
327 415 2
327 986 2
327 649 2
327 615 2
327 877 2
327 486 2
328 557 2
328 746 2
328 755 2
328 982 2
328 772 2
328 432 2
328 428 2
328 657 2
328 686 2
328 919 2
328 564 2
328 767 2
328 886 2
328 461 2
328 387 2
328 415 2
328 968 2
328 664 2
328 957 2
328 338 2
328 667 2
328 869 2
329 674 2
329 771 2
329 870 2
329 872 2
329 931 2
329 863 2
329 999 2
329 684 2
329 875 2
329 529 2
329 673 2
329 698 2
329 379 2
329 779 2
329 778 2
330 584 2
330 449 2
330 959 2
330 916 2
330 444 2
330 969 2
330 853 2
330 481 2
330 748 2
330 505 2
330 416 2
330 645 2
330 828 2
330 629 2
330 560 2
330 428 2
331 992 2
331 728 2
331 443 2
331 353 2
331 883 2
331 889 2
331 753 2
331 419 2
331 929 2
331 610 2
331 813 2
331 513 2
331 972 2
332 907 2
332 888 2
332 809 2
332 617 2
332 922 2
332 412 2
332 383 2
333 489 2
333 490 2
333 733 2
333 844 2
333 644 2
333 628 2
333 791 2
333 871 2
333 451 2
333 654 2
333 377 2
333 781 2
333 619 2
334 499 2
334 695 2
334 914 2
334 744 2
334 984 2
334 821 2
334 982 2
334 387 2
334 806 2
334 633 2
334 501 2
334 791 2
335 408 2
335 554 2
335 675 2
335 507 2
335 739 2
335 380 2
335 585 2
335 994 2
335 712 2
335 491 2
335 936 2
335 812 2
335 890 2
335 514 2
335 419 2
335 728 2
335 737 2
335 806 2
336 823 2
336 571 2
336 816 2
336 811 2
336 933 2
336 995 2
336 693 2
336 737 2
336 384 2
336 704 2
336 883 2
336 486 2
337 428 2
337 928 2
337 596 2
337 493 2
337 851 2
337 658 2
337 821 2
337 442 2
337 526 2
337 402 2
337 794 2
337 963 2
337 877 2
337 711 2
338 994 2
338 739 2
338 654 2
338 517 2
338 890 2
338 842 2
338 515 2
338 810 2
338 864 2
338 539 2
338 459 2
338 355 2
338 631 2
338 849 2
338 870 2
339 815 2
339 966 2
339 535 2
339 352 2
339 500 2
339 735 2
339 836 2
339 990 2
339 491 2
339 526 2
339 775 2
339 583 2
339 482 2
339 599 2
340 738 2
340 596 2
340 664 2
340 846 2
340 757 2
340 694 2
340 504 2
340 490 2
340 442 2
340 628 2
340 728 2
340 449 2
340 720 2
340 882 2
341 352 2
341 876 2
341 525 2
341 598 2
341 504 2
341 878 2
341 907 2
341 403 2
341 652 2
341 660 2
341 411 2
341 428 2
341 974 2
342 847 2
342 833 2
342 498 2
342 680 2
342 424 2
342 574 2
342 427 2
342 479 2
342 737 2
342 759 2
343 464 2
343 609 2
343 445 2
343 474 2
343 681 2
343 604 2
343 902 2
343 820 2
343 733 2
343 558 2
343 564 2
343 871 2
343 779 2
343 514 2
343 386 2
343 848 2
344 913 2
344 491 2
344 450 2
344 771 2
344 516 2
344 473 2
344 428 2
344 404 2
344 873 2
344 697 2
344 482 2
344 432 2
345 358 2
345 495 2
345 615 2
345 552 2
345 595 2
345 746 2
345 564 2
345 781 2
345 352 2
345 592 2
345 960 2
346 883 2
346 652 2
346 721 2
346 404 2
346 673 2
346 854 2
346 458 2
346 813 2
346 748 2
346 623 2
346 464 2
347 674 2
347 661 2
347 668 2
347 887 2
347 892 2
347 484 2
347 900 2
347 965 2
347 865 2
347 632 2
347 636 2
347 899 2
347 646 2
348 507 2
348 440 2
348 595 2
348 786 2
348 900 2
348 778 2
348 608 2
348 408 2
348 853 2
348 818 2
348 838 2
348 509 2
348 533 2
348 973 2
349 458 2
349 745 2
349 420 2
349 647 2
349 782 2
349 883 2
349 476 2
349 812 2
349 559 2
349 524 2
349 439 2
349 709 2
349 967 2
349 496 2
350 749 2
350 598 2
350 731 2
350 588 2
350 373 2
350 757 2
350 595 2
350 649 2
350 976 2
350 751 2
350 408 2
350 952 2
350 631 2
350 933 2
350 935 2
350 670 2
350 523 2
350 655 2
350 811 2
351 804 2
351 764 2
351 878 2
351 508 2
351 833 2
351 448 2
351 959 2
351 406 2
351 465 2
351 843 2
351 483 2
351 553 2
351 746 2
351 609 2
351 529 2
351 379 2
352 416 2
352 742 2
352 500 2
352 627 2
352 644 2
352 613 2
352 915 2
352 495 2
352 577 2
352 955 2
352 447 2
352 777 2
352 395 2
352 417 2
352 411 2
352 797 2
352 759 2
352 487 2
353 666 2
353 623 2
353 359 2
353 755 2
353 392 2
353 521 2
353 747 2
353 564 2
353 522 2
353 581 2
353 717 2
353 722 2
353 635 2
354 744 2
354 801 2
354 863 2
354 542 2
354 888 2
354 855 2
354 710 2
354 918 2
354 454 2
354 457 2
355 761 2
355 879 2
355 896 2
355 599 2
355 824 2
355 772 2
355 679 2
355 827 2
355 563 2
355 858 2
355 632 2
355 970 2
355 953 2
355 574 2
356 942 2
356 543 2
356 697 2
356 979 2
356 641 2
356 630 2
356 505 2
357 744 2
357 743 2
357 514 2
357 711 2
357 763 2
357 623 2
357 724 2
357 566 2
357 730 2
357 753 2
357 518 2
357 905 2
357 958 2
357 946 2
358 718 2
358 637 2
358 821 2
358 442 2
358 581 2
358 575 2
358 515 2
358 617 2
358 372 2
358 929 2
358 550 2
359 877 2
359 608 2
359 854 2
359 400 2
359 367 2
359 675 2
359 693 2
359 804 2
359 850 2
359 500 2
359 560 2
360 814 2
360 815 2
360 487 2
360 659 2
360 688 2
360 460 2
360 991 2
360 668 2
360 664 2
360 997 2
360 898 2
360 655 2
360 964 2
360 411 2
360 689 2
361 600 2
361 528 2
361 910 2
361 530 2
361 706 2
361 425 2
361 633 2
361 507 2
361 970 2
361 903 2
361 525 2
361 978 2
362 917 2
362 786 2
362 456 2
362 743 2
362 366 2
362 655 2
362 376 2
362 825 2
362 443 2
362 548 2
362 713 2
362 887 2
362 598 2
362 952 2
362 440 2
363 699 2
363 723 2
363 499 2
363 501 2
363 605 2
363 401 2
363 558 2
363 910 2
363 504 2
364 550 2
364 979 2
364 787 2
364 891 2
364 546 2
364 754 2
364 603 2
364 818 2
364 571 2
364 599 2
365 415 2
365 939 2
365 454 2
365 768 2
365 530 2
365 427 2
365 987 2
365 422 2
365 485 2
365 586 2
365 672 2
365 922 2
365 542 2
366 565 2
366 875 2
366 383 2
366 849 2
366 853 2
366 591 2
366 642 2
366 621 2
366 374 2
366 635 2
366 795 2
366 676 2
366 675 2
366 880 2
366 767 2
366 431 2
367 713 2
367 851 2
367 956 2
367 999 2
367 499 2
367 551 2
367 997 2
367 576 2
367 582 2
367 740 2
367 995 2
367 963 2
367 575 2
367 694 2
367 741 2
367 467 2
367 531 2
368 606 2
368 976 2
368 560 2
368 515 2
368 813 2
368 453 2
368 634 2
368 583 2
368 913 2
368 532 2
368 786 2
368 485 2
368 996 2
368 889 2
368 751 2
368 573 2
368 737 2
368 714 2
369 549 2
369 606 2
369 638 2
369 425 2
369 678 2
369 460 2
369 462 2
369 515 2
369 406 2
369 432 2
369 607 2
369 424 2
370 765 2
370 856 2
370 969 2
370 909 2
370 475 2
370 980 2
370 568 2
370 654 2
370 762 2
370 947 2
370 540 2
370 645 2
371 700 2
371 616 2
371 781 2
371 404 2
371 624 2
371 552 2
371 556 2
371 537 2
371 990 2
371 423 2
371 522 2
371 881 2
371 639 2
371 872 2
372 964 2
372 866 2
372 974 2
372 829 2
372 786 2
372 916 2
372 963 2
372 687 2
372 605 2
372 756 2
372 628 2
372 607 2
372 388 2
372 468 2
372 682 2
372 996 2
372 599 2
372 960 2
373 879 2
373 652 2
373 687 2
373 605 2
373 784 2
373 399 2
373 431 2
373 986 2
373 389 2
374 772 2
374 527 2
374 996 2
374 662 2
374 401 2
374 966 2
374 683 2
374 591 2
374 507 2
375 596 2
375 849 2
375 422 2
375 784 2
375 828 2
375 504 2
375 509 2
375 457 2
375 394 2
375 381 2
375 991 2
375 675 2
375 773 2
375 684 2
376 435 2
376 639 2
376 912 2
376 536 2
376 431 2
376 532 2
376 545 2
376 391 2
376 569 2
376 575 2
376 485 2
376 544 2
376 470 2
376 989 2
376 597 2
377 978 2
377 792 2
377 453 2
377 719 2
377 828 2
377 401 2
377 627 2
377 972 2
377 760 2
377 919 2
377 926 2
378 894 2
378 749 2
378 385 2
378 753 2
378 977 2
378 868 2
378 648 2
378 678 2
378 487 2
379 563 2
379 961 2
379 657 2
379 855 2
379 998 2
379 825 2
379 462 2
379 653 2
379 471 2
379 705 2
379 899 2
379 820 2
379 669 2
379 565 2
379 517 2
379 589 2
379 695 2
379 425 2
379 853 2
379 498 2
380 993 2
380 589 2
380 893 2
380 480 2
380 649 2
380 729 2
380 716 2
381 928 2
381 497 2
381 523 2
381 389 2
381 534 2
381 993 2
381 688 2
381 584 2
381 665 2
381 507 2
381 574 2
382 735 2
382 564 2
382 774 2
382 731 2
382 704 2
382 982 2
382 890 2
382 499 2
382 768 2
383 723 2
383 714 2
383 873 2
383 534 2
383 997 2
383 995 2
383 993 2
383 769 2
383 486 2
383 815 2
383 820 2
383 631 2
383 634 2
383 982 2
383 730 2
383 953 2
384 840 2
384 683 2
384 931 2
384 442 2
384 533 2
384 961 2
384 392 2
384 396 2
384 612 2
384 524 2
384 573 2
384 457 2
384 708 2
384 553 2
384 887 2
385 400 2
385 741 2
385 956 2
385 465 2
385 783 2
385 521 2
385 781 2
385 739 2
385 467 2
386 976 2
386 858 2
386 461 2
386 705 2
386 867 2
386 668 2
386 571 2
386 444 2
386 849 2
386 495 2
386 549 2
387 585 2
387 941 2
387 429 2
387 508 2
387 888 2
387 922 2
387 726 2
387 985 2
387 447 2
387 472 2
388 838 2
388 898 2
388 725 2
388 504 2
388 895 2
389 533 2
389 878 2
389 673 2
389 905 2
389 470 2
389 513 2
389 396 2
389 448 2
389 730 2
390 407 2
390 753 2
390 551 2
391 823 2
391 585 2
391 625 2
391 779 2
391 504 2
391 740 2
391 951 2
391 496 2
391 950 2
391 509 2
391 803 2
391 921 2
392 407 2
392 531 2
392 950 2
392 789 2
392 932 2
392 527 2
392 619 2
393 445 2
393 584 2
393 998 2
393 708 2
393 670 2
393 941 2
393 811 2
393 943 2
393 863 2
393 730 2
393 524 2
393 441 2
394 819 2
394 970 2
394 405 2
394 506 2
394 920 2
394 833 2
394 434 2
394 947 2
394 750 2
394 728 2
394 644 2
394 508 2
394 652 2
394 618 2
394 559 2
395 725 2
395 500 2
395 684 2
395 688 2
395 881 2
395 695 2
395 865 2
395 583 2
395 669 2
395 759 2
395 980 2
395 817 2
396 940 2
396 924 2
396 681 2
396 468 2
396 859 2
396 825 2
396 829 2
396 604 2
396 433 2
396 766 2
396 485 2
396 619 2
396 491 2
396 901 2
396 465 2
396 472 2
397 885 2
397 665 2
397 785 2
397 446 2
397 588 2
397 773 2
397 779 2
397 774 2
397 478 2
397 857 2
397 494 2
397 552 2
397 549 2
398 553 2
398 917 2
398 822 2
398 817 2
398 912 2
398 534 2
398 735 2
398 647 2
398 936 2
398 524 2
399 780 2
399 669 2
399 606 2
399 501 2
400 686 2
400 877 2
400 750 2
400 610 2
400 718 2
400 712 2
401 858 2
401 771 2
401 579 2
401 656 2
401 747 2
401 582 2
401 491 2
401 519 2
401 469 2
401 618 2
401 714 2
401 481 2
401 580 2
401 445 2
401 818 2
401 803 2
401 961 2
402 485 2
402 915 2
402 645 2
402 606 2
402 709 2
402 824 2
402 984 2
402 446 2
402 461 2
402 456 2
402 835 2
402 663 2
402 561 2
403 598 2
403 686 2
403 982 2
403 620 2
403 780 2
403 636 2
403 783 2
403 922 2
403 479 2
403 800 2
403 447 2
403 808 2
403 546 2
403 506 2
403 902 2
403 851 2
403 992 2
404 718 2
404 520 2
404 695 2
404 973 2
404 426 2
404 799 2
405 886 2
405 974 2
405 529 2
405 897 2
405 567 2
405 700 2
405 957 2
405 743 2
405 687 2
405 462 2
405 933 2
405 588 2
405 632 2
405 906 2
405 470 2
405 910 2
405 436 2
406 610 2
406 886 2
406 555 2
406 721 2
406 921 2
406 615 2
406 887 2
406 523 2
406 729 2
406 766 2
406 411 2
406 435 2
406 946 2
407 808 2
407 489 2
407 907 2
407 632 2
407 552 2
407 938 2
407 700 2
407 726 2
407 412 2
408 570 2
408 837 2
408 704 2
408 941 2
408 981 2
408 502 2
408 739 2
408 546 2
408 814 2
408 802 2
408 665 2
408 927 2
408 917 2
408 508 2
408 536 2
409 549 2
409 596 2
409 578 2
409 609 2
409 729 2
409 759 2
409 536 2
409 507 2
409 634 2
410 676 2
410 685 2
410 785 2
410 449 2
410 958 2
410 775 2
410 413 2
410 612 2
410 702 2
410 992 2
410 677 2
410 654 2
410 498 2
411 683 2
411 436 2
411 586 2
411 635 2
411 648 2
411 492 2
411 990 2
411 438 2
411 706 2
411 486 2
411 750 2
411 496 2
411 813 2
411 823 2
411 895 2
411 753 2
411 859 2
411 845 2
412 839 2
412 742 2
412 990 2
412 697 2
412 869 2
412 711 2
412 967 2
412 921 2
412 939 2
412 759 2
412 514 2
412 849 2
412 644 2
413 469 2
413 472 2
413 488 2
413 808 2
413 817 2
414 974 2
414 934 2
414 460 2
414 444 2
414 918 2
414 981 2
414 575 2
414 842 2
414 921 2
414 765 2
415 667 2
415 900 2
415 609 2
415 529 2
415 430 2
415 603 2
415 682 2
415 548 2
415 783 2
415 495 2
415 721 2
415 789 2
415 544 2
416 574 2
416 657 2
416 757 2
416 631 2
416 858 2
416 603 2
416 813 2
416 490 2
416 678 2
416 703 2
416 495 2
416 883 2
417 454 2
417 742 2
417 901 2
417 802 2
417 424 2
417 871 2
417 846 2
417 722 2
417 967 2
417 529 2
417 717 2
417 869 2
418 975 2
418 607 2
418 578 2
418 489 2
418 734 2
418 918 2
418 451 2
418 524 2
418 913 2
418 503 2
418 446 2
418 813 2
418 449 2
418 919 2
418 782 2
418 639 2
418 592 2
418 903 2
419 552 2
419 611 2
419 549 2
419 681 2
419 889 2
419 993 2
419 680 2
419 630 2
420 931 2
420 912 2
420 617 2
420 689 2
420 743 2
420 423 2
420 716 2
420 941 2
421 774 2
421 653 2
421 501 2
421 979 2
421 825 2
421 804 2
421 898 2
421 686 2
421 931 2
421 565 2
421 744 2
421 659 2
421 835 2
421 974 2
421 792 2
421 670 2
422 975 2
422 948 2
422 788 2
422 875 2
422 585 2
422 591 2
422 687 2
422 607 2
422 564 2
422 957 2
422 692 2
422 978 2
422 427 2
423 803 2
423 516 2
423 573 2
423 831 2
423 441 2
423 636 2
423 438 2
423 834 2
423 508 2
423 567 2
423 739 2
423 980 2
423 480 2
424 675 2
424 625 2
424 513 2
424 746 2
424 738 2
424 776 2
424 822 2
424 431 2
424 509 2
424 884 2
424 770 2
424 640 2
424 762 2
424 503 2
425 940 2
425 929 2
425 807 2
425 691 2
425 836 2
425 639 2
425 708 2
425 960 2
425 787 2
425 695 2
425 484 2
425 644 2
426 855 2
426 546 2
426 933 2
426 881 2
426 455 2
426 695 2
426 800 2
426 786 2
426 617 2
426 889 2
426 878 2
426 673 2
426 444 2
426 517 2
426 516 2
426 875 2
427 635 2
427 928 2
427 672 2
427 559 2
427 500 2
427 889 2
427 661 2
427 609 2
427 837 2
427 660 2
427 668 2
427 588 2
427 491 2
427 616 2
427 772 2
428 533 2
428 826 2
428 913 2
428 565 2
428 439 2
428 553 2
428 850 2
428 632 2
428 566 2
428 884 2
428 975 2
428 856 2
428 784 2
429 691 2
429 920 2
429 539 2
429 571 2
429 932 2
430 820 2
430 537 2
430 896 2
430 651 2
430 569 2
430 844 2
430 505 2
430 913 2
431 779 2
431 534 2
431 502 2
431 577 2
431 449 2
431 563 2
431 520 2
431 923 2
431 527 2
431 544 2
431 740 2
432 612 2
432 798 2
432 451 2
432 980 2
432 861 2
432 501 2
432 496 2
432 998 2
432 770 2
433 718 2
433 466 2
433 653 2
433 688 2
433 500 2
433 826 2
433 459 2
433 954 2
433 538 2
433 790 2
434 701 2
434 966 2
434 870 2
434 896 2
434 756 2
434 589 2
434 928 2
434 450 2
435 994 2
435 738 2
435 580 2
435 787 2
435 700 2
435 701 2
435 587 2
435 879 2
436 437 2
436 717 2
436 981 2
436 923 2
436 811 2
436 518 2
436 536 2
436 767 2
436 927 2
436 668 2
436 462 2
436 892 2
436 861 2
436 800 2
437 769 2
437 439 2
437 560 2
437 992 2
437 660 2
437 442 2
437 663 2
437 756 2
438 749 2
438 628 2
438 680 2
438 612 2
438 954 2
438 902 2
438 878 2
438 993 2
438 615 2
438 539 2
438 674 2
438 886 2
438 561 2
438 733 2
438 935 2
439 651 2
439 731 2
439 980 2
439 614 2
439 623 2
439 497 2
439 912 2
439 938 2
440 574 2
440 717 2
440 951 2
440 819 2
440 926 2
440 943 2
440 981 2
440 463 2
440 742 2
440 942 2
441 461 2
441 692 2
441 640 2
441 548 2
441 806 2
441 853 2
441 817 2
441 933 2
441 657 2
441 915 2
441 947 2
441 826 2
442 832 2
442 923 2
442 640 2
442 677 2
442 962 2
442 898 2
442 473 2
442 746 2
442 810 2
443 463 2
443 519 2
443 998 2
443 805 2
443 831 2
443 795 2
443 997 2
443 726 2
443 461 2
443 889 2
443 710 2
444 829 2
444 966 2
444 503 2
444 769 2
444 797 2
444 678 2
445 742 2
445 548 2
445 795 2
445 563 2
445 571 2
445 793 2
446 855 2
446 806 2
446 969 2
446 544 2
446 962 2
446 638 2
446 468 2
446 538 2
446 870 2
446 662 2
447 453 2
447 959 2
447 808 2
447 942 2
447 870 2
447 664 2
447 944 2
447 660 2
447 806 2
447 907 2
447 712 2
448 778 2
448 604 2
448 868 2
448 704 2
448 583 2
448 923 2
448 970 2
448 467 2
448 617 2
448 959 2
449 813 2
449 827 2
449 892 2
449 764 2
449 503 2
449 960 2
449 802 2
450 802 2
450 723 2
450 642 2
450 535 2
450 655 2
450 489 2
450 780 2
450 463 2
451 948 2
451 636 2
451 467 2
451 797 2
451 749 2
451 492 2
451 835 2
451 580 2
452 762 2
452 967 2
452 497 2
452 786 2
452 469 2
452 596 2
452 831 2
452 798 2
452 635 2
452 793 2
453 853 2
453 951 2
453 741 2
453 550 2
453 766 2
453 650 2
453 797 2
453 919 2
453 753 2
453 460 2
453 714 2
454 942 2
454 589 2
454 830 2
454 998 2
454 827 2
454 734 2
454 616 2
454 525 2
454 913 2
454 877 2
454 708 2
454 964 2
455 693 2
455 666 2
455 549 2
455 846 2
455 655 2
455 926 2
455 682 2
455 813 2
455 564 2
455 708 2
455 902 2
456 787 2
456 938 2
456 685 2
456 803 2
456 602 2
457 912 2
457 998 2
457 582 2
457 580 2
457 961 2
457 866 2
457 561 2
457 660 2
457 497 2
457 965 2
457 621 2
457 686 2
457 780 2
457 659 2
458 926 2
458 478 2
458 776 2
458 552 2
458 525 2
458 903 2
458 755 2
458 568 2
458 789 2
458 860 2
458 719 2
458 935 2
458 831 2
458 743 2
458 659 2
458 771 2
458 534 2
458 731 2
458 725 2
458 571 2
458 856 2
458 788 2
458 800 2
459 709 2
459 981 2
459 737 2
459 834 2
459 510 2
459 586 2
459 918 2
459 781 2
459 980 2
459 570 2
460 607 2
460 554 2
460 546 2
460 982 2
460 617 2
460 815 2
460 644 2
460 979 2
460 669 2
460 778 2
460 770 2
460 898 2
460 915 2
460 509 2
461 502 2
461 802 2
461 766 2
461 990 2
461 552 2
461 505 2
461 818 2
461 677 2
462 949 2
462 974 2
462 566 2
462 932 2
462 732 2
462 879 2
462 665 2
462 487 2
462 833 2
462 614 2
462 650 2
462 867 2
462 671 2
462 544 2
463 803 2
463 599 2
463 825 2
463 977 2
463 705 2
463 620 2
463 489 2
463 510 2
463 798 2
463 639 2
464 610 2
464 642 2
464 591 2
464 501 2
464 843 2
464 798 2
464 708 2
464 796 2
464 614 2
464 990 2
464 945 2
464 623 2
465 697 2
465 501 2
465 637 2
465 521 2
465 754 2
465 751 2
465 752 2
465 980 2
465 963 2
466 633 2
466 931 2
466 646 2
466 907 2
466 830 2
466 893 2
466 834 2
466 951 2
466 808 2
466 876 2
466 484 2
466 495 2
466 863 2
467 679 2
467 598 2
467 694 2
467 534 2
467 991 2
467 727 2
467 557 2
468 818 2
468 750 2
468 591 2
468 532 2
468 873 2
468 729 2
468 719 2
468 808 2
469 892 2
469 631 2
469 826 2
469 528 2
469 679 2
469 633 2
469 930 2
469 884 2
469 949 2
469 942 2
469 687 2
469 483 2
469 966 2
470 880 2
470 474 2
470 812 2
470 515 2
470 797 2
470 527 2
470 983 2
470 979 2
470 872 2
470 752 2
470 662 2
470 998 2
471 710 2
471 602 2
471 953 2
471 893 2
471 928 2
471 686 2
471 997 2
471 666 2
471 641 2
471 995 2
472 860 2
472 560 2
472 907 2
472 617 2
472 679 2
472 822 2
472 696 2
472 693 2
472 508 2
472 772 2
472 994 2
473 519 2
473 854 2
473 841 2
473 668 2
473 574 2
473 865 2
473 640 2
473 740 2
473 722 2
473 613 2
473 989 2
473 966 2
473 904 2
473 527 2
473 886 2
473 788 2
474 808 2
474 638 2
474 792 2
474 679 2
474 722 2
474 521 2
474 923 2
475 574 2
475 617 2
475 479 2
475 913 2
475 816 2
475 598 2
475 589 2
475 793 2
475 971 2
475 504 2
475 702 2
475 829 2
475 478 2
475 539 2
476 993 2
476 691 2
476 515 2
476 620 2
476 594 2
476 942 2
476 819 2
476 885 2
476 591 2
476 944 2
476 873 2
476 998 2
476 580 2
476 636 2
476 604 2
476 509 2
476 953 2
476 943 2
476 669 2
477 867 2
477 950 2
477 821 2
477 580 2
477 798 2
477 572 2
478 899 2
478 694 2
478 696 2
478 508 2
478 815 2
478 703 2
478 655 2
479 846 2
479 533 2
479 506 2
479 521 2
479 926 2
479 870 2
479 741 2
479 723 2
479 589 2
479 687 2
479 776 2
479 662 2
479 865 2
480 556 2
480 624 2
480 852 2
480 488 2
480 673 2
480 809 2
480 544 2
480 990 2
480 973 2
480 704 2
481 583 2
481 512 2
481 551 2
481 992 2
481 945 2
481 518 2
481 879 2
481 921 2
481 775 2
482 841 2
482 611 2
482 932 2
482 939 2
482 844 2
482 646 2
482 620 2
482 984 2
482 922 2
483 676 2
483 851 2
483 603 2
483 496 2
483 487 2
483 807 2
483 623 2
483 637 2
483 925 2
483 893 2
484 866 2
484 843 2
484 850 2
484 609 2
484 560 2
484 867 2
484 758 2
484 635 2
484 602 2
484 883 2
484 929 2
485 673 2
485 836 2
485 750 2
485 730 2
485 890 2
486 893 2
486 955 2
486 923 2
486 781 2
486 787 2
486 574 2
486 948 2
486 891 2
487 828 2
487 999 2
487 794 2
487 559 2
487 994 2
487 805 2
487 936 2
487 542 2
487 818 2
487 858 2
487 595 2
487 666 2
488 772 2
488 853 2
488 841 2
488 912 2
488 870 2
488 891 2
488 673 2
488 857 2
488 909 2
489 858 2
489 861 2
489 952 2
489 508 2
489 842 2
489 530 2
490 743 2
490 777 2
490 973 2
490 495 2
490 852 2
490 643 2
490 647 2
490 637 2
490 668 2
490 720 2
490 503 2
490 901 2
490 850 2
490 904 2
491 745 2
491 931 2
491 936 2
491 912 2
491 636 2
491 965 2
491 555 2
491 648 2
491 701 2
491 604 2
491 728 2
491 734 2
491 586 2
491 601 2
492 675 2
492 562 2
492 658 2
493 988 2
493 647 2
493 589 2
493 499 2
493 737 2
493 734 2
493 801 2
493 573 2
493 999 2
493 945 2
494 514 2
494 546 2
494 746 2
494 837 2
494 859 2
494 944 2
494 935 2
494 564 2
494 926 2
494 644 2
494 764 2
494 988 2
495 532 2
495 949 2
495 907 2
495 909 2
495 642 2
495 632 2
495 774 2
495 711 2
495 697 2
495 970 2
495 732 2
495 796 2
495 902 2
495 737 2
495 587 2
495 958 2
495 694 2
495 691 2
496 778 2
496 748 2
496 857 2
496 989 2
496 647 2
496 597 2
496 557 2
496 603 2
496 674 2
496 553 2
497 873 2
497 690 2
497 543 2
498 653 2
498 956 2
498 729 2
498 658 2
498 702 2
498 851 2
498 608 2
498 505 2
498 905 2
498 925 2
498 833 2
499 723 2
499 987 2
499 818 2
499 599 2
499 516 2
499 828 2
499 763 2
499 870 2
499 644 2
499 929 2
499 702 2
499 977 2
500 843 2
500 904 2
500 824 2
500 627 2
500 888 2
500 599 2
500 721 2
500 896 2
501 977 2
501 700 2
501 554 2
501 788 2
501 992 2
501 624 2
501 730 2
501 627 2
501 937 2
501 841 2
501 822 2
501 594 2
502 727 2
502 557 2
502 589 2
502 977 2
502 604 2
502 563 2
503 878 2
503 750 2
503 911 2
503 863 2
503 716 2
503 630 2
503 744 2
503 574 2
503 856 2
503 702 2
503 977 2
503 615 2
503 528 2
503 975 2
503 832 2
504 983 2
504 985 2
504 705 2
504 969 2
504 738 2
504 510 2
504 675 2
504 748 2
504 523 2
505 886 2
505 721 2
505 714 2
505 878 2
505 616 2
505 542 2
505 975 2
505 625 2
505 547 2
505 704 2
505 705 2
505 909 2
505 557 2
505 691 2
505 615 2
506 897 2
506 644 2
506 992 2
506 512 2
506 690 2
506 747 2
507 566 2
507 845 2
507 697 2
507 604 2
507 874 2
507 628 2
507 951 2
507 616 2
507 891 2
507 665 2
508 940 2
508 875 2
508 537 2
508 513 2
508 603 2
508 514 2
508 732 2
508 942 2
508 918 2
508 873 2
508 571 2
508 795 2
508 973 2
508 599 2
508 755 2
509 895 2
509 639 2
509 868 2
509 921 2
510 618 2
511 627 2
511 669 2
511 990 2
511 554 2
511 806 2
512 707 2
512 914 2
512 699 2
512 705 2
512 571 2
512 516 2
512 799 2
512 770 2
513 769 2
513 935 2
513 834 2
513 789 2
513 809 2
513 701 2
513 681 2
513 978 2
514 691 2
514 908 2
514 900 2
514 528 2
514 766 2
514 881 2
514 919 2
514 664 2
514 541 2
514 950 2
514 538 2
514 594 2
515 572 2
515 535 2
515 986 2
515 995 2
515 857 2
515 533 2
515 689 2
515 871 2
516 902 2
516 520 2
516 994 2
516 784 2
516 668 2
517 534 2
517 724 2
517 566 2
517 582 2
517 925 2
517 759 2
517 610 2
518 946 2
518 573 2
518 901 2
518 606 2
518 783 2
518 880 2
518 748 2
518 981 2
518 983 2
518 668 2
519 966 2
519 757 2
519 999 2
519 679 2
519 539 2
519 894 2
519 540 2
519 877 2
519 792 2
520 990 2
520 964 2
520 969 2
520 970 2
520 855 2
520 723 2
520 959 2
520 570 2
520 749 2
520 596 2
520 614 2
520 611 2
520 668 2
520 734 2
520 910 2
520 843 2
521 575 2
521 834 2
521 981 2
521 637 2
521 760 2
521 911 2
521 842 2
521 681 2
521 525 2
521 662 2
521 851 2
522 953 2
522 631 2
522 880 2
522 554 2
522 696 2
522 707 2
522 761 2
522 914 2
522 977 2
522 756 2
523 939 2
523 991 2
523 795 2
523 878 2
523 819 2
523 560 2
523 933 2
523 928 2
523 984 2
523 861 2
523 644 2
524 790 2
524 658 2
524 574 2
524 771 2
524 897 2
524 838 2
524 939 2
524 609 2
524 821 2
525 537 2
525 703 2
525 813 2
526 801 2
526 980 2
526 563 2
526 809 2
526 873 2
526 813 2
526 984 2
526 952 2
526 772 2
526 554 2
526 652 2
527 800 2
527 661 2
527 713 2
527 979 2
527 642 2
527 697 2
527 959 2
528 888 2
528 529 2
528 891 2
528 820 2
528 923 2
528 657 2
529 968 2
529 582 2
529 588 2
529 618 2
529 744 2
529 950 2
529 576 2
529 956 2
529 595 2
529 772 2
529 872 2
530 695 2
530 745 2
530 558 2
530 733 2
530 783 2
530 671 2
530 634 2
530 622 2
530 714 2
531 870 2
531 647 2
531 804 2
531 636 2
531 742 2
531 738 2
531 665 2
531 961 2
531 666 2
532 555 2
532 920 2
532 770 2
532 636 2
532 916 2
532 803 2
532 761 2
532 589 2
532 830 2
532 731 2
532 804 2
532 652 2
533 908 2
533 534 2
533 744 2
533 844 2
533 957 2
533 811 2
533 625 2
534 834 2
534 594 2
534 882 2
534 701 2
534 693 2
535 718 2
535 856 2
535 685 2
535 540 2
535 979 2
536 869 2
536 782 2
536 996 2
536 778 2
536 843 2
536 609 2
536 702 2
536 711 2
537 901 2
537 887 2
537 994 2
537 815 2
537 634 2
538 763 2
538 932 2
538 704 2
538 748 2
538 606 2
538 578 2
538 812 2
538 750 2
538 897 2
539 759 2
539 915 2
539 598 2
539 651 2
539 735 2
539 670 2
539 685 2
539 681 2
539 901 2
539 831 2
539 945 2
540 637 2
540 822 2
540 756 2
540 839 2
540 960 2
540 985 2
540 924 2
540 892 2
540 809 2
541 888 2
541 803 2
541 990 2
541 607 2
541 850 2
541 890 2
542 910 2
542 908 2
542 868 2
542 684 2
542 563 2
542 783 2
542 876 2
542 565 2
543 677 2
543 760 2
543 614 2
543 984 2
543 837 2
543 593 2
543 872 2
543 772 2
544 609 2
544 895 2
544 632 2
544 954 2
544 751 2
544 836 2
545 746 2
545 897 2
545 744 2
545 929 2
545 820 2
545 813 2
545 889 2
545 864 2
545 734 2
545 663 2
545 730 2
545 568 2
546 872 2
546 553 2
547 768 2
547 876 2
547 983 2
547 758 2
547 597 2
547 892 2
547 692 2
547 937 2
547 940 2
547 854 2
547 609 2
547 753 2
547 571 2
548 594 2
548 964 2
548 676 2
548 700 2
548 887 2
548 590 2
548 856 2
548 678 2
548 917 2
548 983 2
548 629 2
549 697 2
549 893 2
549 605 2
549 778 2
550 565 2
550 975 2
550 567 2
550 610 2
550 872 2
550 725 2
550 903 2
550 672 2
550 700 2
550 798 2
550 638 2
550 982 2
551 597 2
551 942 2
551 939 2
551 980 2
551 981 2
551 706 2
551 832 2
552 586 2
552 998 2
552 705 2
552 940 2
552 715 2
553 727 2
553 555 2
553 797 2
553 704 2
553 726 2
553 910 2
553 812 2
553 677 2
554 626 2
554 558 2
554 697 2
554 890 2
554 645 2
554 916 2
554 849 2
554 915 2
554 860 2
555 968 2
555 823 2
555 620 2
555 788 2
555 860 2
555 911 2
555 654 2
555 651 2
555 799 2
556 696 2
556 773 2
556 941 2
556 600 2
556 791 2
556 896 2
556 953 2
556 806 2
556 772 2
557 610 2
557 999 2
557 801 2
557 729 2
557 935 2
557 565 2
557 857 2
558 948 2
558 608 2
558 956 2
558 793 2
558 798 2
558 607 2
558 589 2
559 715 2
559 978 2
560 790 2
560 965 2
560 961 2
560 693 2
560 723 2
560 688 2
560 746 2
560 661 2
560 780 2
560 936 2
560 948 2
561 825 2
561 649 2
561 976 2
561 746 2
561 800 2
561 913 2
561 865 2
561 942 2
561 750 2
561 753 2
562 613 2
562 778 2
562 584 2
562 734 2
563 655 2
563 690 2
563 800 2
563 849 2
563 906 2
563 705 2
563 790 2
563 601 2
564 670 2
564 954 2
564 800 2
564 850 2
564 890 2
564 687 2
565 906 2
565 973 2
565 703 2
565 785 2
565 625 2
565 896 2
565 593 2
565 571 2
565 920 2
565 658 2
565 635 2
565 772 2
566 825 2
566 808 2
566 855 2
566 966 2
566 634 2
566 620 2
566 943 2
566 599 2
567 587 2
567 694 2
567 877 2
567 926 2
567 921 2
567 934 2
567 881 2
567 641 2
567 631 2
567 595 2
567 625 2
567 948 2
568 793 2
568 618 2
568 953 2
568 607 2
568 719 2
568 941 2
568 736 2
568 888 2
569 705 2
569 694 2
569 703 2
569 812 2
569 820 2
569 605 2
569 707 2
569 731 2
569 987 2
570 648 2
570 988 2
570 957 2
570 981 2
570 982 2
571 959 2
571 707 2
571 863 2
571 838 2
571 741 2
571 889 2
571 598 2
572 624 2
572 875 2
572 999 2
572 855 2
573 949 2
573 895 2
573 590 2
573 685 2
573 721 2
573 713 2
574 664 2
574 921 2
574 868 2
574 885 2
574 965 2
574 724 2
574 717 2
574 848 2
575 744 2
575 594 2
575 617 2
575 878 2
576 787 2
576 612 2
576 602 2
576 585 2
576 804 2
576 633 2
576 873 2
576 695 2
576 774 2
577 606 2
577 685 2
577 809 2
577 750 2
577 771 2
577 582 2
578 859 2
578 765 2
578 844 2
578 771 2
578 848 2
578 627 2
578 696 2
578 937 2
578 752 2
578 868 2
578 873 2
579 590 2
579 814 2
579 691 2
579 813 2
579 863 2
579 738 2
579 780 2
580 735 2
580 663 2
580 798 2
580 603 2
580 635 2
580 658 2
580 787 2
581 666 2
581 995 2
581 745 2
581 679 2
581 941 2
581 821 2
581 632 2
581 693 2
581 784 2
581 945 2
581 630 2
581 798 2
581 620 2
581 927 2
582 766 2
582 925 2
582 948 2
582 927 2
582 622 2
582 647 2
582 957 2
582 785 2
582 646 2
582 762 2
582 689 2
583 932 2
583 976 2
583 639 2
583 957 2
583 868 2
583 738 2
583 768 2
583 927 2
583 884 2
584 818 2
584 652 2
584 602 2
584 806 2
584 588 2
585 945 2
585 855 2
585 952 2
585 951 2
585 657 2
585 830 2
585 828 2
585 646 2
585 840 2
586 646 2
586 805 2
586 953 2
586 993 2
586 842 2
587 619 2
587 718 2
587 643 2
587 783 2
587 765 2
587 624 2
587 913 2
587 919 2
587 849 2
587 810 2
587 617 2
588 868 2
588 633 2
588 734 2
588 714 2
588 718 2
588 967 2
589 782 2
589 745 2
589 824 2
589 909 2
589 952 2
589 801 2
589 737 2
589 877 2
589 896 2
589 634 2
589 643 2
589 641 2
589 599 2
589 594 2
590 885 2
590 766 2
590 893 2
590 690 2
590 895 2
590 840 2
590 640 2
590 689 2
590 967 2
590 986 2
591 824 2
591 736 2
591 605 2
591 638 2
591 753 2
591 821 2
592 916 2
592 876 2
592 616 2
592 607 2
592 626 2
592 721 2
593 630 2
593 676 2
593 753 2
593 604 2
593 667 2
593 705 2
594 876 2
594 644 2
594 879 2
594 952 2
594 729 2
594 653 2
594 944 2
594 643 2
594 903 2
595 920 2
595 857 2
595 907 2
595 772 2
595 904 2
595 827 2
595 767 2
595 962 2
595 748 2
596 625 2
596 869 2
596 902 2
596 944 2
596 809 2
596 960 2
596 806 2
596 976 2
596 628 2
596 604 2
596 989 2
596 979 2
597 638 2
597 835 2
597 837 2
597 996 2
597 802 2
598 744 2
598 795 2
598 907 2
598 737 2
598 960 2
598 898 2
598 931 2
598 733 2
599 904 2
599 795 2
599 895 2
599 875 2
599 651 2
599 644 2
599 659 2
599 645 2
599 807 2
599 909 2
599 693 2
599 787 2
600 857 2
600 666 2
600 873 2
600 686 2
601 734 2
601 865 2
601 788 2
601 744 2
601 903 2
601 636 2
602 694 2
602 764 2
602 961 2
602 821 2
602 749 2
602 907 2
602 610 2
602 902 2
602 984 2
602 842 2
603 793 2
603 657 2
603 959 2
603 944 2
603 933 2
603 856 2
603 620 2
603 844 2
603 756 2
603 637 2
603 954 2
603 817 2
604 808 2
604 768 2
604 826 2
604 867 2
604 891 2
604 673 2
604 998 2
604 812 2
604 951 2
604 680 2
604 683 2
604 649 2
604 783 2
605 903 2
605 618 2
605 691 2
606 928 2
606 922 2
606 724 2
606 617 2
606 711 2
606 778 2
607 763 2
607 791 2
607 619 2
607 942 2
607 730 2
607 967 2
607 817 2
607 845 2
607 737 2
607 961 2
607 861 2
607 753 2
607 910 2
607 901 2
607 780 2
608 866 2
608 636 2
608 918 2
608 650 2
608 672 2
608 881 2
608 721 2
609 755 2
609 976 2
609 679 2
610 817 2
610 891 2
610 721 2
610 749 2
610 674 2
610 865 2
610 760 2
610 666 2
610 858 2
610 886 2
610 756 2
611 688 2
611 869 2
611 987 2
611 761 2
611 813 2
611 681 2
611 691 2
611 724 2
611 856 2
611 942 2
612 631 2
612 884 2
612 896 2
612 883 2
612 874 2
612 911 2
612 650 2
612 898 2
612 830 2
612 795 2
612 676 2
613 757 2
613 930 2
613 764 2
613 765 2
613 688 2
613 877 2
614 624 2
614 992 2
614 937 2
614 737 2
614 803 2
614 974 2
614 791 2
614 942 2
614 656 2
614 730 2
614 950 2
614 926 2
615 771 2
615 759 2
615 978 2
615 866 2
615 900 2
616 644 2
616 838 2
616 995 2
616 877 2
616 922 2
616 924 2
616 806 2
616 642 2
616 809 2
616 981 2
617 896 2
617 952 2
617 714 2
617 752 2
617 751 2
618 932 2
618 729 2
618 662 2
618 645 2
618 960 2
618 953 2
618 833 2
618 929 2
619 644 2
619 884 2
619 623 2
619 972 2
619 996 2
619 629 2
619 817 2
619 772 2
620 653 2
620 821 2
620 685 2
620 721 2
620 943 2
620 719 2
620 659 2
620 805 2
620 884 2
620 886 2
620 633 2
620 802 2
621 732 2
621 785 2
621 713 2
621 971 2
621 725 2
621 925 2
621 718 2
621 792 2
621 964 2
621 940 2
621 795 2
621 794 2
622 719 2
622 994 2
622 945 2
622 976 2
622 740 2
622 813 2
622 812 2
622 736 2
623 963 2
623 876 2
623 982 2
623 894 2
623 834 2
623 966 2
624 879 2
624 992 2
624 957 2
624 839 2
624 826 2
624 759 2
625 932 2
625 908 2
626 719 2
626 971 2
626 978 2
626 951 2
626 699 2
627 848 2
627 996 2
627 893 2
627 687 2
627 935 2
627 689 2
628 638 2
628 920 2
628 942 2
629 933 2
629 819 2
629 766 2
629 759 2
629 967 2
629 668 2
629 992 2
629 934 2
629 679 2
630 842 2
630 807 2
630 963 2
630 838 2
630 751 2
630 858 2
630 640 2
630 722 2
630 740 2
631 820 2
631 762 2
631 959 2
631 835 2
631 993 2
631 987 2
631 925 2
631 941 2
631 898 2
631 727 2
631 801 2
632 709 2
632 638 2
632 952 2
632 867 2
632 750 2
632 690 2
632 662 2
633 828 2
633 940 2
633 709 2
633 920 2
633 834 2
633 684 2
633 716 2
633 795 2
633 799 2
633 659 2
634 794 2
634 849 2
634 641 2
634 860 2
634 674 2
634 988 2
634 957 2
634 968 2
634 798 2
634 915 2
634 756 2
634 843 2
634 998 2
634 974 2
635 804 2
635 770 2
635 909 2
635 769 2
635 765 2
635 808 2
635 797 2
636 775 2
636 980 2
636 814 2
636 894 2
636 662 2
636 834 2
637 842 2
637 964 2
637 887 2
637 900 2
637 819 2
637 678 2
637 766 2
637 906 2
637 803 2
637 976 2
638 650 2
638 704 2
638 763 2
638 720 2
638 924 2
638 846 2
638 642 2
638 693 2
639 810 2
639 995 2
639 988 2
639 961 2
639 880 2
639 918 2
639 748 2
639 751 2
639 887 2
639 686 2
640 649 2
640 695 2
640 753 2
640 763 2
640 969 2
640 903 2
640 811 2
640 907 2
641 904 2
641 755 2
641 780 2
641 652 2
641 823 2
641 743 2
641 719 2
641 775 2
641 675 2
642 751 2
642 677 2
642 922 2
642 777 2
642 869 2
642 926 2
642 766 2
642 899 2
642 657 2
643 681 2
643 977 2
643 707 2
643 694 2
643 729 2
643 709 2
643 858 2
643 756 2
643 871 2
643 775 2
643 794 2
644 703 2
644 992 2
644 840 2
644 824 2
644 901 2
644 847 2
644 851 2
644 710 2
644 786 2
644 671 2
644 810 2
644 732 2
644 903 2
644 994 2
645 981 2
645 772 2
645 743 2
645 728 2
645 692 2
645 969 2
645 845 2
645 935 2
645 978 2
645 800 2
646 742 2
646 659 2
646 900 2
647 777 2
647 986 2
647 757 2
647 883 2
647 725 2
647 902 2
647 819 2
648 760 2
648 873 2
648 699 2
648 852 2
648 960 2
648 805 2
648 899 2
648 918 2
648 717 2
648 698 2
648 871 2
649 820 2
649 947 2
649 938 2
649 890 2
649 671 2
649 945 2
649 862 2
649 937 2
649 843 2
649 698 2
650 657 2
650 826 2
650 966 2
650 767 2
650 913 2
650 718 2
650 732 2
651 921 2
651 733 2
651 835 2
651 842 2
651 964 2
651 846 2
651 667 2
651 697 2
652 705 2
652 760 2
652 837 2
652 845 2
652 690 2
652 728 2
652 653 2
653 830 2
653 938 2
653 885 2
653 752 2
653 774 2
654 872 2
654 930 2
654 705 2
654 718 2
654 954 2
654 711 2
654 753 2
654 934 2
655 980 2
655 673 2
655 996 2
656 971 2
656 883 2
656 912 2
656 955 2
656 703 2
656 757 2
656 698 2
656 689 2
656 805 2
657 802 2
657 878 2
657 763 2
657 806 2
657 688 2
658 731 2
658 751 2
658 711 2
658 968 2
659 974 2
659 670 2
659 905 2
659 807 2
659 809 2
660 959 2
660 895 2
660 856 2
660 871 2
660 745 2
661 976 2
661 992 2
661 708 2
661 751 2
661 832 2
662 993 2
662 878 2
662 723 2
662 673 2
663 759 2
663 959 2
663 879 2
664 715 2
664 859 2
664 668 2
664 752 2
664 882 2
665 847 2
665 766 2
665 679 2
665 707 2
665 935 2
665 809 2
665 843 2
665 983 2
665 731 2
666 669 2
666 954 2
666 790 2
666 760 2
666 753 2
666 946 2
666 829 2
666 855 2
667 862 2
667 961 2
667 935 2
667 945 2
667 921 2
667 865 2
668 979 2
668 916 2
668 754 2
668 865 2
669 831 2
669 800 2
669 910 2
669 672 2
669 845 2
669 944 2
669 804 2
669 979 2
670 817 2
670 673 2
670 814 2
670 795 2
670 879 2
670 718 2
670 849 2
670 702 2
671 969 2
671 859 2
671 833 2
671 701 2
671 684 2
671 955 2
671 688 2
672 946 2
672 699 2
672 838 2
672 778 2
672 759 2
672 906 2
672 691 2
672 781 2
672 697 2
672 931 2
672 775 2
673 768 2
673 857 2
673 732 2
673 912 2
673 686 2
673 752 2
673 818 2
673 681 2
674 830 2
674 825 2
674 983 2
674 823 2
674 762 2
675 970 2
675 941 2
675 747 2
675 819 2
675 798 2
675 883 2
676 833 2
676 765 2
676 957 2
676 993 2
676 886 2
677 828 2
677 805 2
678 849 2
678 859 2
678 903 2
678 685 2
678 820 2
678 704 2
679 800 2
679 908 2
679 768 2
679 728 2
679 899 2
679 694 2
679 779 2
679 722 2
679 918 2
679 910 2
680 824 2
680 690 2
680 687 2
680 704 2
680 859 2
681 714 2
681 954 2
681 981 2
681 971 2
681 993 2
682 934 2
682 858 2
682 809 2
682 731 2
682 801 2
683 799 2
683 930 2
683 957 2
683 779 2
683 944 2
684 725 2
684 986 2
684 886 2
684 875 2
684 881 2
684 928 2
684 777 2
684 741 2
684 785 2
685 938 2
686 969 2
686 958 2
686 875 2
686 829 2
686 695 2
686 996 2
686 976 2
687 712 2
687 702 2
687 908 2
687 995 2
687 907 2
687 850 2
687 826 2
688 765 2
688 995 2
688 894 2
688 841 2
688 972 2
689 829 2
689 946 2
689 809 2
689 832 2
690 923 2
690 776 2
690 742 2
690 770 2
690 999 2
690 900 2
691 984 2
691 987 2
691 791 2
691 950 2
691 878 2
692 927 2
692 990 2
692 721 2
692 920 2
693 994 2
693 885 2
693 837 2
693 707 2
694 799 2
694 756 2
694 850 2
694 746 2
694 902 2
694 979 2
694 804 2
695 804 2
695 700 2
695 945 2
695 924 2
695 844 2
695 856 2
695 950 2
696 972 2
696 715 2
697 941 2
697 733 2
697 775 2
697 788 2
698 824 2
698 992 2
698 818 2
698 707 2
699 741 2
699 850 2
699 824 2
699 840 2
699 783 2
699 706 2
700 886 2
700 852 2
701 740 2
701 705 2
701 986 2
702 798 2
702 845 2
702 868 2
702 872 2
702 831 2
702 921 2
702 792 2
702 983 2
702 940 2
702 784 2
702 977 2
702 891 2
702 945 2
703 853 2
703 737 2
703 847 2
703 757 2
703 866 2
704 805 2
704 976 2
704 724 2
704 885 2
704 837 2
704 897 2
704 891 2
704 822 2
704 729 2
705 826 2
705 789 2
705 907 2
705 847 2
706 819 2
706 896 2
706 991 2
706 790 2
706 947 2
706 803 2
706 721 2
706 826 2
707 744 2
707 957 2
707 877 2
707 994 2
707 919 2
707 981 2
707 929 2
708 871 2
708 715 2
708 860 2
708 712 2
708 929 2
708 970 2
708 791 2
708 794 2
709 771 2
709 959 2
709 761 2
709 907 2
709 996 2
710 754 2
710 790 2
710 877 2
711 998 2
711 784 2
711 841 2
711 868 2
711 793 2
711 871 2
712 833 2
712 862 2
712 794 2
712 824 2
712 998 2
713 958 2
713 824 2
713 882 2
713 957 2
713 898 2
713 872 2
713 737 2
713 833 2
713 916 2
713 998 2
714 790 2
714 793 2
714 734 2
714 932 2
714 912 2
714 834 2
714 995 2
715 905 2
715 918 2
715 771 2
715 937 2
715 824 2
715 891 2
715 928 2
716 761 2
716 820 2
716 894 2
717 889 2
718 833 2
718 727 2
718 741 2
718 863 2
719 858 2
719 942 2
720 830 2
720 965 2
720 861 2
720 761 2
720 771 2
720 985 2
720 820 2
720 895 2
720 865 2
721 945 2
721 863 2
721 973 2
722 773 2
722 739 2
722 867 2
722 749 2
722 921 2
722 973 2
722 730 2
722 858 2
723 925 2
723 854 2
723 865 2
724 761 2
724 961 2
725 841 2
725 738 2
726 985 2
726 891 2
726 807 2
726 846 2
726 930 2
727 753 2
727 886 2
727 874 2
727 750 2
727 745 2
727 757 2
727 946 2
727 974 2
728 999 2
728 889 2
728 766 2
728 902 2
728 958 2
728 737 2
728 858 2
728 938 2
728 946 2
728 936 2
729 906 2
729 989 2
729 824 2
729 991 2
730 953 2
730 870 2
730 940 2
730 920 2
730 771 2
731 844 2
731 857 2
731 964 2
731 922 2
731 921 2
731 753 2
732 816 2
732 883 2
732 752 2
732 862 2
732 969 2
732 960 2
732 768 2
732 884 2
732 850 2
732 753 2
733 891 2
733 971 2
733 820 2
733 751 2
733 802 2
733 896 2
733 986 2
733 845 2
734 907 2
734 830 2
735 771 2
735 749 2
735 846 2
735 844 2
735 965 2
735 819 2
736 859 2
736 825 2
736 918 2
737 738 2
737 768 2
737 898 2
737 742 2
737 960 2
737 820 2
737 974 2
738 811 2
738 743 2
738 804 2
738 820 2
738 868 2
738 748 2
738 979 2
738 896 2
738 752 2
739 932 2
739 873 2
739 815 2
739 762 2
740 821 2
740 823 2
740 852 2
740 764 2
740 751 2
740 846 2
740 935 2
741 886 2
741 773 2
741 894 2
741 775 2
742 905 2
742 804 2
742 745 2
742 959 2
742 807 2
742 810 2
742 855 2
743 775 2
743 928 2
743 900 2
743 814 2
743 915 2
744 907 2
744 787 2
744 849 2
744 882 2
744 910 2
745 845 2
745 854 2
745 996 2
745 797 2
745 770 2
746 958 2
747 783 2
747 982 2
747 925 2
748 812 2
748 866 2
748 879 2
748 799 2
748 778 2
748 826 2
748 765 2
749 922 2
749 997 2
749 906 2
749 952 2
749 958 2
750 851 2
750 907 2
750 758 2
750 929 2
750 955 2
751 906 2
751 752 2
751 983 2
751 772 2
751 790 2
751 756 2
751 967 2
751 842 2
752 998 2
752 903 2
753 882 2
753 915 2
753 890 2
753 768 2
753 902 2
754 944 2
754 835 2
754 988 2
754 854 2
755 876 2
755 938 2
755 827 2
755 928 2
755 853 2
755 837 2
755 846 2
755 817 2
755 914 2
755 867 2
756 966 2
756 968 2
756 988 2
756 848 2
757 798 2
757 994 2
758 939 2
758 807 2
758 919 2
758 955 2
758 831 2
758 805 2
758 814 2
759 982 2
759 991 2
759 897 2
759 768 2
759 805 2
759 793 2
759 907 2
760 981 2
760 854 2
760 882 2
760 846 2
760 764 2
760 913 2
760 888 2
761 917 2
761 787 2
761 771 2
761 788 2
761 949 2
761 872 2
761 996 2
761 803 2
762 886 2
762 920 2
762 780 2
762 823 2
762 947 2
763 890 2
763 880 2
763 823 2
763 921 2
763 875 2
763 799 2
763 949 2
763 784 2
763 956 2
764 851 2
764 864 2
764 896 2
764 952 2
765 895 2
765 899 2
765 985 2
766 839 2
766 920 2
766 867 2
766 904 2
767 943 2
767 832 2
767 889 2
767 851 2
767 809 2
768 795 2
768 771 2
768 799 2
768 977 2
769 968 2
769 981 2
770 883 2
770 827 2
770 902 2
771 846 2
771 772 2
771 934 2
772 898 2
772 832 2
772 876 2
772 804 2
772 833 2
772 796 2
772 799 2
773 985 2
773 948 2
773 917 2
773 998 2
773 803 2
773 980 2
773 845 2
773 936 2
774 785 2
774 888 2
774 971 2
774 877 2
775 787 2
775 857 2
775 924 2
775 984 2
776 990 2
776 942 2
776 865 2
776 929 2
776 837 2
777 779 2
777 870 2
777 791 2
777 882 2
777 830 2
778 820 2
778 788 2
778 808 2
778 958 2
779 805 2
779 912 2
779 860 2
780 799 2
780 808 2
780 814 2
780 931 2
780 927 2
782 824 2
782 853 2
782 960 2
782 790 2
782 900 2
782 888 2
782 966 2
782 887 2
782 792 2
783 818 2
783 958 2
783 978 2
783 973 2
784 832 2
784 947 2
784 847 2
785 919 2
785 882 2
785 828 2
785 939 2
786 937 2
786 800 2
786 838 2
786 923 2
786 971 2
786 999 2
787 788 2
787 925 2
787 983 2
787 936 2
787 962 2
787 806 2
788 980 2
788 978 2
788 975 2
788 905 2
788 792 2
788 820 2
789 929 2
789 984 2
789 954 2
789 952 2
789 850 2
789 960 2
790 924 2
790 881 2
790 864 2
790 998 2
790 898 2
790 965 2
791 935 2
791 809 2
791 902 2
791 821 2
792 848 2
792 832 2
792 876 2
792 973 2
793 964 2
793 979 2
793 932 2
794 987 2
795 982 2
795 882 2
795 850 2
795 818 2
796 989 2
796 986 2
796 966 2
796 859 2
796 903 2
797 968 2
797 944 2
797 885 2
797 807 2
797 811 2
798 932 2
798 973 2
798 825 2
798 860 2
798 852 2
799 888 2
800 805 2
800 819 2
800 986 2
800 930 2
801 843 2
801 861 2
801 986 2
802 816 2
802 906 2
802 879 2
802 804 2
802 813 2
802 862 2
803 977 2
803 980 2
803 847 2
803 934 2
804 973 2
804 930 2
804 880 2
804 908 2
805 942 2
805 980 2
805 830 2
805 860 2
805 887 2
806 862 2
806 891 2
806 833 2
806 971 2
808 817 2
809 951 2
809 881 2
809 891 2
809 913 2
810 991 2
810 975 2
810 862 2
810 882 2
811 990 2
811 903 2
812 986 2
812 944 2
812 830 2
812 919 2
813 961 2
813 857 2
813 965 2
814 883 2
814 992 2
814 945 2
814 863 2
815 824 2
815 969 2
815 906 2
815 950 2
815 885 2
815 956 2
816 943 2
816 994 2
816 924 2
817 818 2
817 902 2
818 824 2
818 978 2
818 954 2
818 950 2
819 972 2
819 848 2
819 945 2
820 824 2
820 985 2
820 832 2
821 834 2
821 926 2
821 828 2
821 987 2
822 868 2
822 982 2
822 870 2
822 965 2
822 975 2
822 899 2
823 939 2
823 849 2
823 828 2
823 899 2
824 901 2
824 834 2
825 893 2
825 827 2
825 920 2
826 924 2
826 979 2
826 866 2
826 857 2
827 920 2
827 977 2
827 948 2
827 974 2
827 994 2
828 865 2
828 931 2
829 842 2
829 888 2
829 881 2
830 933 2
830 844 2
830 955 2
831 925 2
831 977 2
832 930 2
833 850 2
833 864 2
833 896 2
833 907 2
834 843 2
834 888 2
835 912 2
835 945 2
835 986 2
836 977 2
836 940 2
836 968 2
836 907 2
837 877 2
837 895 2
837 931 2
837 874 2
838 963 2
838 982 2
838 923 2
838 840 2
839 891 2
839 996 2
839 902 2
839 889 2
839 974 2
839 949 2
840 987 2
840 981 2
840 883 2
840 850 2
840 983 2
840 997 2
841 925 2
842 922 2
842 866 2
842 973 2
842 967 2
843 856 2
843 957 2
844 927 2
845 871 2
846 928 2
846 903 2
847 934 2
847 916 2
847 862 2
848 864 2
848 979 2
848 885 2
848 907 2
848 968 2
848 928 2
849 938 2
849 941 2
850 997 2
850 966 2
850 963 2
850 920 2
850 915 2
851 904 2
851 857 2
851 877 2
851 861 2
852 921 2
852 884 2
852 999 2
852 919 2
853 940 2
853 966 2
853 921 2
853 954 2
853 982 2
853 896 2
853 865 2
853 961 2
854 968 2
854 987 2
854 939 2
855 978 2
856 861 2
856 993 2
857 867 2
857 884 2
857 933 2
857 968 2
857 905 2
857 936 2
858 939 2
859 915 2
859 978 2
859 873 2
860 886 2
860 912 2
861 971 2
861 923 2
861 872 2
862 979 2
862 927 2
862 946 2
863 924 2
863 943 2
863 884 2
863 992 2
865 956 2
865 889 2
866 911 2
866 933 2
867 908 2
868 969 2
869 894 2
869 988 2
872 979 2
872 954 2
873 935 2
873 940 2
873 907 2
874 930 2
874 894 2
874 915 2
875 878 2
875 879 2
876 984 2
876 997 2
876 977 2
877 935 2
877 998 2
878 889 2
878 939 2
878 903 2
879 987 2
880 943 2
880 971 2
881 965 2
881 916 2
882 898 2
882 968 2
883 940 2
883 983 2
884 889 2
884 938 2
884 926 2
886 937 2
887 974 2
888 940 2
889 983 2
889 938 2
891 965 2
891 953 2
891 899 2
892 934 2
892 985 2
893 961 2
893 977 2
893 971 2
893 898 2
894 946 2
894 936 2
895 904 2
895 968 2
895 954 2
896 928 2
896 899 2
896 914 2
896 980 2
898 933 2
898 989 2
898 900 2
898 948 2
899 969 2
899 931 2
899 981 2
899 982 2
899 997 2
899 953 2
900 953 2
901 903 2
901 961 2
901 951 2
901 937 2
902 987 2
903 921 2
905 920 2
905 997 2
905 998 2
905 967 2
906 976 2
906 912 2
907 933 2
908 992 2
908 943 2
909 922 2
909 995 2
909 966 2
910 967 2
911 962 2
911 972 2
912 979 2
915 940 2
915 953 2
916 954 2
916 946 2
918 963 2
918 989 2
918 971 2
920 956 2
921 973 2
921 988 2
923 984 2
923 953 2
923 945 2
924 948 2
924 950 2
924 955 2
924 938 2
926 963 2
926 964 2
927 952 2
927 989 2
928 954 2
928 978 2
929 963 2
929 982 2
930 945 2
932 980 2
934 990 2
935 986 2
936 998 2
936 987 2
936 940 2
937 976 2
938 950 2
942 944 2
942 970 2
943 972 2
945 974 2
947 971 2
949 963 2
950 951 2
952 965 2
954 957 2
955 996 2
959 985 2
960 984 2
962 994 2
964 989 2
964 997 2
965 988 2
968 973 2
969 991 2
972 994 2
977 982 2
981 983 2
984 998 2
984 986 2
984 985 2
985 986 2
986 988 2
992 999 2
996 997 2
0 0 -29
1 1 -19
2 2 -18
3 3 -20
4 4 -19
5 5 -21
6 6 -17
7 7 -18
8 8 -28
9 9 -10
10 10 -16
11 11 -18
12 12 -18
13 13 -21
14 14 -17
15 15 -20
16 16 -29
17 17 -22
18 18 -22
19 19 -18
20 20 -17
21 21 -18
22 22 -24
23 23 -19
24 24 -22
25 25 -19
26 26 -20
27 27 -12
28 28 -20
29 29 -21
30 30 -21
31 31 -20
32 32 -24
33 33 -14
34 34 -23
35 35 -22
36 36 -23
37 37 -16
38 38 -18
39 39 -16
40 40 -28
41 41 -21
42 42 -15
43 43 -27
44 44 -28
45 45 -31
46 46 -14
47 47 -19
48 48 -17
49 49 -14
50 50 -32
51 51 -15
52 52 -16
53 53 -21
54 54 -22
55 55 -16
56 56 -18
57 57 -21
58 58 -16
59 59 -14
60 60 -22
61 61 -16
62 62 -29
63 63 -18
64 64 -20
65 65 -19
66 66 -17
67 67 -24
68 68 -22
69 69 -19
70 70 -19
71 71 -19
72 72 -15
73 73 -22
74 74 -24
75 75 -25
76 76 -17
77 77 -18
78 78 -17
79 79 -23
80 80 -18
81 81 -13
82 82 -24
83 83 -17
84 84 -15
85 85 -21
86 86 -18
87 87 -15
88 88 -19
89 89 -24
90 90 -26
91 91 -16
92 92 -23
93 93 -17
94 94 -18
95 95 -23
96 96 -10
97 97 -21
98 98 -22
99 99 -23
100 100 -18
101 101 -16
102 102 -28
103 103 -12
104 104 -26
105 105 -24
106 106 -24
107 107 -24
108 108 -21
109 109 -25
110 110 -16
111 111 -16
112 112 -23
113 113 -17
114 114 -19
115 115 -24
116 116 -22
117 117 -21
118 118 -20
119 119 -21
120 120 -20
121 121 -21
122 122 -18
123 123 -24
124 124 -24
125 125 -22
126 126 -28
127 127 -24
128 128 -14
129 129 -33
130 130 -17
131 131 -13
132 132 -19
133 133 -21
134 134 -21
135 135 -15
136 136 -20
137 137 -14
138 138 -21
139 139 -26
140 140 -24
141 141 -25
142 142 -32
143 143 -19
144 144 -19
145 145 -17
146 146 -13
147 147 -20
148 148 -17
149 149 -27
150 150 -22
151 151 -26
152 152 -16
153 153 -13
154 154 -27
155 155 -27
156 156 -22
157 157 -17
158 158 -23
159 159 -29
160 160 -21
161 161 -21
162 162 -17
163 163 -28
164 164 -20
165 165 -27
166 166 -20
167 167 -26
168 168 -18
169 169 -16
170 170 -18
171 171 -26
172 172 -20
173 173 -20
174 174 -17
175 175 -17
176 176 -18
177 177 -16
178 178 -22
179 179 -24
180 180 -23
181 181 -23
182 182 -17
183 183 -26
184 184 -26
185 185 -21
186 186 -27
187 187 -23
188 188 -17
189 189 -25
190 190 -20
191 191 -14
192 192 -21
193 193 -23
194 194 -20
195 195 -11
196 196 -20
197 197 -20
198 198 -16
199 199 -19
200 200 -19
201 201 -22
202 202 -18
203 203 -28
204 204 -25
205 205 -17
206 206 -18
207 207 -17
208 208 -23
209 209 -25
210 210 -22
211 211 -20
212 212 -21
213 213 -18
214 214 -19
215 215 -17
216 216 -20
217 217 -18
218 218 -21
219 219 -15
220 220 -17
221 221 -22
222 222 -14
223 223 -17
224 224 -23
225 225 -24
226 226 -20
227 227 -12
228 228 -17
229 229 -17
230 230 -25
231 231 -23
232 232 -12
233 233 -21
234 234 -17
235 235 -22
236 236 -13
237 237 -32
238 238 -23
239 239 -22
240 240 -16
241 241 -12
242 242 -17
243 243 -20
244 244 -27
245 245 -24
246 246 -21
247 247 -17
248 248 -24
249 249 -25
250 250 -21
251 251 -19
252 252 -16
253 253 -20
254 254 -18
255 255 -16
256 256 -24
257 257 -22
258 258 -21
259 259 -19
260 260 -24
261 261 -16
262 262 -28
263 263 -23
264 264 -19
265 265 -24
266 266 -21
267 267 -25
268 268 -14
269 269 -21
270 270 -18
271 271 -21
272 272 -18
273 273 -12
274 274 -20
275 275 -19
276 276 -16
277 277 -12
278 278 -17
279 279 -20
280 280 -23
281 281 -20
282 282 -28
283 283 -26
284 284 -21
285 285 -32
286 286 -12
287 287 -17
288 288 -21
289 289 -27
290 290 -22
291 291 -23
292 292 -15
293 293 -21
294 294 -17
295 295 -17
296 296 -23
297 297 -23
298 298 -23
299 299 -16
300 300 -29
301 301 -22
302 302 -13
303 303 -14
304 304 -29
305 305 -12
306 306 -23
307 307 -22
308 308 -26
309 309 -20
310 310 -24
311 311 -26
312 312 -26
313 313 -18
314 314 -24
315 315 -25
316 316 -22
317 317 -19
318 318 -23
319 319 -17
320 320 -27
321 321 -19
322 322 -20
323 323 -19
324 324 -16
325 325 -20
326 326 -29
327 327 -10
328 328 -26
329 329 -20
330 330 -21
331 331 -18
332 332 -14
333 333 -24
334 334 -18
335 335 -24
336 336 -19
337 337 -18
338 338 -21
339 339 -18
340 340 -20
341 341 -20
342 342 -15
343 343 -22
344 344 -17
345 345 -16
346 346 -17
347 347 -17
348 348 -24
349 349 -20
350 350 -26
351 351 -25
352 352 -29
353 353 -25
354 354 -11
355 355 -19
356 356 -14
357 357 -23
358 358 -18
359 359 -19
360 360 -24
361 361 -21
362 362 -24
363 363 -12
364 364 -17
365 365 -20
366 366 -27
367 367 -24
368 368 -26
369 369 -18
370 370 -25
371 371 -21
372 372 -29
373 373 -17
374 374 -17
375 375 -20
376 376 -19
377 377 -22
378 378 -15
379 379 -30
380 380 -15
381 381 -19
382 382 -15
383 383 -24
384 384 -24
385 385 -16
386 386 -19
387 387 -19
388 388 -12
389 389 -18
390 390 -7
391 391 -23
392 392 -14
393 393 -20
394 394 -24
395 395 -22
396 396 -24
397 397 -21
398 398 -22
399 399 -13
400 400 -14
401 401 -24
402 402 -18
403 403 -25
404 404 -15
405 405 -25
406 406 -22
407 407 -14
408 408 -29
409 409 -14
410 410 -21
411 411 -25
412 412 -27
413 413 -10
414 414 -15
415 415 -23
416 416 -19
417 417 -14
418 418 -28
419 419 -16
420 420 -15
421 421 -23
422 422 -24
423 423 -22
424 424 -25
425 425 -20
426 426 -27
427 427 -26
428 428 -23
429 429 -10
430 430 -12
431 431 -18
432 432 -19
433 433 -19
434 434 -11
435 435 -18
436 436 -21
437 437 -14
438 438 -28
439 439 -15
440 440 -18
441 441 -21
442 442 -19
443 443 -18
444 444 -18
445 445 -15
446 446 -18
447 447 -21
448 448 -21
449 449 -22
450 450 -17
451 451 -18
452 452 -20
453 453 -25
454 454 -23
455 455 -18
456 456 -15
457 457 -26
458 458 -30
459 459 -18
460 460 -25
461 461 -21
462 462 -26
463 463 -15
464 464 -22
465 465 -18
466 466 -24
467 467 -18
468 468 -13
469 469 -25
470 470 -28
471 471 -19
472 472 -24
473 473 -24
474 474 -20
475 475 -21
476 476 -26
477 477 -13
478 478 -13
479 479 -20
480 480 -15
481 481 -17
482 482 -17
483 483 -17
484 484 -20
485 485 -19
486 486 -17
487 487 -21
488 488 -16
489 489 -20
490 490 -24
491 491 -32
492 492 -10
493 493 -14
494 494 -21
495 495 -31
496 496 -21
497 497 -13
498 498 -19
499 499 -24
500 500 -21
501 501 -25
502 502 -16
503 503 -26
504 504 -25
505 505 -29
506 506 -20
507 507 -20
508 508 -30
509 509 -16
510 510 -13
511 511 -13
512 512 -14
513 513 -19
514 514 -31
515 515 -24
516 516 -14
517 517 -19
518 518 -20
519 519 -19
520 520 -22
521 521 -22
522 522 -20
523 523 -21
524 524 -22
525 525 -13
526 526 -16
527 527 -22
528 528 -14
529 529 -21
530 530 -18
531 531 -23
532 532 -24
533 533 -19
534 534 -21
535 535 -9
536 536 -19
537 537 -18
538 538 -16
539 539 -24
540 540 -18
541 541 -11
542 542 -22
543 543 -15
544 544 -13
545 545 -18
546 546 -13
547 547 -25
548 548 -26
549 549 -14
550 550 -20
551 551 -16
552 552 -16
553 553 -15
554 554 -17
555 555 -23
556 556 -18
557 557 -17
558 558 -17
559 559 -15
560 560 -24
561 561 -20
562 562 -13
563 563 -25
564 564 -24
565 565 -25
566 566 -15
567 567 -18
568 568 -18
569 569 -14
570 570 -13
571 571 -22
572 572 -9
573 573 -16
574 574 -24
575 575 -21
576 576 -17
577 577 -13
578 578 -18
579 579 -12
580 580 -19
581 581 -21
582 582 -23
583 583 -23
584 584 -16
585 585 -22
586 586 -18
587 587 -24
588 588 -21
589 589 -37
590 590 -19
591 591 -17
592 592 -14
593 593 -13
594 594 -27
595 595 -24
596 596 -22
597 597 -15
598 598 -19
599 599 -30
600 600 -17
601 601 -17
602 602 -24
603 603 -23
604 604 -25
605 605 -19
606 606 -23
607 607 -30
608 608 -15
609 609 -16
610 610 -23
611 611 -19
612 612 -21
613 613 -13
614 614 -23
615 615 -17
616 616 -23
617 617 -25
618 618 -19
619 619 -21
620 620 -30
621 621 -21
622 622 -15
623 623 -20
624 624 -20
625 625 -14
626 626 -17
627 627 -24
628 628 -14
629 629 -16
630 630 -19
631 631 -23
632 632 -25
633 633 -23
634 634 -26
635 635 -22
636 636 -25
637 637 -19
638 638 -21
639 639 -21
640 640 -23
641 641 -21
642 642 -21
643 643 -21
644 644 -33
645 645 -24
646 646 -15
647 647 -24
648 648 -20
649 649 -18
650 650 -18
651 651 -24
652 652 -22
653 653 -22
654 654 -21
655 655 -16
656 656 -19
657 657 -19
658 658 -13
659 659 -18
660 660 -16
661 661 -15
662 662 -18
663 663 -10
664 664 -14
665 665 -21
666 666 -21
667 667 -26
668 668 -27
669 669 -23
670 670 -23
671 671 -15
672 672 -21
673 673 -25
674 674 -18
675 675 -20
676 676 -21
677 677 -13
678 678 -16
679 679 -30
680 680 -17
681 681 -19
682 682 -12
683 683 -14
684 684 -23
685 685 -14
686 686 -25
687 687 -20
688 688 -19
689 689 -21
690 690 -19
691 691 -21
692 692 -14
693 693 -20
694 694 -25
695 695 -23
696 696 -10
697 697 -20
698 698 -14
699 699 -18
700 700 -12
701 701 -18
702 702 -32
703 703 -20
704 704 -26
705 705 -25
706 706 -18
707 707 -19
708 708 -22
709 709 -21
710 710 -13
711 711 -21
712 712 -13
713 713 -22
714 714 -19
715 715 -18
716 716 -19
717 717 -12
718 718 -22
719 719 -18
720 720 -17
721 721 -23
722 722 -19
723 723 -20
724 724 -15
725 725 -17
726 726 -20
727 727 -20
728 728 -23
729 729 -18
730 730 -18
731 731 -20
732 732 -21
733 733 -22
734 734 -22
735 735 -20
736 736 -8
737 737 -27
738 738 -21
739 739 -18
740 740 -24
741 741 -21
742 742 -25
743 743 -18
744 744 -25
745 745 -19
746 746 -19
747 747 -11
748 748 -24
749 749 -25
750 750 -25
751 751 -23
752 752 -19
753 753 -27
754 754 -18
755 755 -30
756 756 -25
757 757 -12
758 758 -14
759 759 -25
760 760 -18
761 761 -24
762 762 -18
763 763 -20
764 764 -18
765 765 -17
766 766 -26
767 767 -17
768 768 -20
769 769 -14
770 770 -18
771 771 -26
772 772 -33
773 773 -19
774 774 -16
775 775 -22
776 776 -15
777 777 -19
778 778 -21
779 779 -21
780 780 -22
781 781 -13
782 782 -22
783 783 -23
784 784 -16
785 785 -18
786 786 -19
787 787 -19
788 788 -18
789 789 -20
790 790 -23
791 791 -17
792 792 -15
793 793 -20
794 794 -24
795 795 -26
796 796 -13
797 797 -19
798 798 -28
799 799 -17
800 800 -20
801 801 -21
802 802 -25
803 803 -22
804 804 -22
805 805 -22
806 806 -23
807 807 -19
808 808 -18
809 809 -22
810 810 -21
811 811 -16
812 812 -27
813 813 -27
814 814 -19
815 815 -25
816 816 -10
817 817 -17
818 818 -25
819 819 -23
820 820 -27
821 821 -19
822 822 -21
823 823 -19
824 824 -26
825 825 -18
826 826 -18
827 827 -20
828 828 -17
829 829 -19
830 830 -23
831 831 -17
832 832 -19
833 833 -23
834 834 -27
835 835 -16
836 836 -11
837 837 -20
838 838 -19
839 839 -22
840 840 -22
841 841 -12
842 842 -24
843 843 -17
844 844 -18
845 845 -19
846 846 -20
847 847 -17
848 848 -21
849 849 -19
850 850 -30
851 851 -25
852 852 -20
853 853 -22
854 854 -20
855 855 -23
856 856 -19
857 857 -27
858 858 -17
859 859 -20
860 860 -19
861 861 -19
862 862 -19
863 863 -18
864 864 -15
865 865 -21
866 866 -17
867 867 -17
868 868 -20
869 869 -17
870 870 -16
871 871 -13
872 872 -17
873 873 -22
874 874 -12
875 875 -20
876 876 -19
877 877 -23
878 878 -22
879 879 -19
880 880 -14
881 881 -19
882 882 -17
883 883 -21
884 884 -22
885 885 -14
886 886 -19
887 887 -18
888 888 -22
889 889 -22
890 890 -19
891 891 -26
892 892 -11
893 893 -17
894 894 -15
895 895 -18
896 896 -27
897 897 -15
898 898 -25
899 899 -21
900 900 -16
901 901 -15
902 902 -20
903 903 -20
904 904 -12
905 905 -17
906 906 -15
907 907 -29
908 908 -18
909 909 -14
910 910 -21
911 911 -18
912 912 -22
913 913 -13
914 914 -7
915 915 -22
916 916 -14
917 917 -13
918 918 -23
919 919 -18
920 920 -28
921 921 -31
922 922 -18
923 923 -22
924 924 -19
925 925 -17
926 926 -19
927 927 -16
928 928 -27
929 929 -19
930 930 -14
931 931 -16
932 932 -16
933 933 -16
934 934 -18
935 935 -22
936 936 -19
937 937 -21
938 938 -25
939 939 -21
940 940 -21
941 941 -17
942 942 -23
943 943 -20
944 944 -19
945 945 -23
946 946 -17
947 947 -16
948 948 -17
949 949 -14
950 950 -20
951 951 -17
952 952 -24
953 953 -21
954 954 -24
955 955 -16
956 956 -18
957 957 -21
958 958 -18
959 959 -20
960 960 -17
961 961 -24
962 962 -16
963 963 -26
964 964 -19
965 965 -23
966 966 -21
967 967 -16
968 968 -18
969 969 -23
970 970 -14
971 971 -23
972 972 -12
973 973 -21
974 974 -22
975 975 -14
976 976 -22
977 977 -25
978 978 -19
979 979 -24
980 980 -24
981 981 -27
982 982 -23
983 983 -22
984 984 -23
985 985 -17
986 986 -22
987 987 -19
988 988 -19
989 989 -12
990 990 -25
991 991 -15
992 992 -18
993 993 -20
994 994 -20
995 995 -20
996 996 -21
997 997 -21
998 998 -31
999 999 -20