3000 9000 -4 1
0 2880 2
0 120 2
0 119 2
0 1 2
1 2881 2
1 121 2
1 2 2
2 2882 2
2 122 2
2 3 2
3 2883 2
3 123 2
3 4 2
4 2884 2
4 124 2
4 5 2
5 2885 2
5 125 2
5 6 2
6 2886 2
6 126 2
6 7 2
7 2887 2
7 127 2
7 8 2
8 2888 2
8 128 2
8 9 2
9 2889 2
9 129 2
9 10 2
10 2890 2
10 130 2
10 11 2
11 2891 2
11 131 2
11 12 2
12 2892 2
12 132 2
12 13 2
13 2893 2
13 133 2
13 14 2
14 2894 2
14 134 2
14 15 2
15 2895 2
15 135 2
15 16 2
16 2896 2
16 136 2
16 17 2
17 2897 2
17 137 2
17 18 2
18 2898 2
18 138 2
18 19 2
19 2899 2
19 139 2
19 20 2
20 2900 2
20 140 2
20 21 2
21 2901 2
21 141 2
21 22 2
22 2902 2
22 142 2
22 23 2
23 2903 2
23 143 2
23 24 2
24 2904 2
24 144 2
24 25 2
25 2905 2
25 145 2
25 26 2
26 2906 2
26 146 2
26 27 2
27 2907 2
27 147 2
27 28 2
28 2908 2
28 148 2
28 29 2
29 2909 2
29 149 2
29 30 2
30 2910 2
30 150 2
30 31 2
31 2911 2
31 151 2
31 32 2
32 2912 2
32 152 2
32 33 2
33 2913 2
33 153 2
33 34 2
34 2914 2
34 154 2
34 35 2
35 2915 2
35 155 2
35 36 2
36 2916 2
36 156 2
36 37 2
37 2917 2
37 157 2
37 38 2
38 2918 2
38 158 2
38 39 2
39 2919 2
39 159 2
39 40 2
40 2920 2
40 160 2
40 41 2
41 2921 2
41 161 2
41 42 2
42 2922 2
42 162 2
42 43 2
43 2923 2
43 163 2
43 44 2
44 2924 2
44 164 2
44 45 2
45 2925 2
45 165 2
45 46 2
46 2926 2
46 166 2
46 47 2
47 2927 2
47 167 2
47 48 2
48 2928 2
48 168 2
48 49 2
49 2929 2
49 169 2
49 50 2
50 2930 2
50 170 2
50 51 2
51 2931 2
51 171 2
51 52 2
52 2932 2
52 172 2
52 53 2
53 2933 2
53 173 2
53 54 2
54 2934 2
54 174 2
54 55 2
55 2935 2
55 175 2
55 56 2
56 2936 2
56 176 2
56 57 2
57 2937 2
57 177 2
57 58 2
58 2938 2
58 178 2
58 59 2
59 2939 2
59 179 2
59 60 2
60 2940 2
60 180 2
60 61 2
61 2941 2
61 181 2
61 62 2
62 2942 2
62 182 2
62 63 2
63 2943 2
63 183 2
63 64 2
64 2944 2
64 184 2
64 65 2
65 2945 2
65 185 2
65 66 2
66 2946 2
66 186 2
66 67 2
67 2947 2
67 187 2
67 68 2
68 2948 2
68 188 2
68 69 2
69 2949 2
69 189 2
69 70 2
70 2950 2
70 190 2
70 71 2
71 2951 2
71 191 2
71 72 2
72 2952 2
72 192 2
72 73 2
73 2953 2
73 193 2
73 74 2
74 2954 2
74 194 2
74 75 2
75 2955 2
75 195 2
75 76 2
76 2956 2
76 196 2
76 77 2
77 2957 2
77 197 2
77 78 2
78 2958 2
78 198 2
78 79 2
79 2959 2
79 199 2
79 80 2
80 2960 2
80 200 2
80 81 2
81 2961 2
81 201 2
81 82 2
82 2962 2
82 202 2
82 83 2
83 2963 2
83 203 2
83 84 2
84 2964 2
84 204 2
84 85 2
85 2965 2
85 205 2
85 86 2
86 2966 2
86 206 2
86 87 2
87 2967 2
87 207 2
87 88 2
88 2968 2
88 208 2
88 89 2
89 2969 2
89 209 2
89 90 2
90 2970 2
90 210 2
90 91 2
91 2971 2
91 211 2
91 92 2
92 2972 2
92 212 2
92 93 2
93 2973 2
93 213 2
93 94 2
94 2974 2
94 214 2
94 95 2
95 2975 2
95 215 2
95 96 2
96 2976 2
96 216 2
96 97 2
97 2977 2
97 217 2
97 98 2
98 2978 2
98 218 2
98 99 2
99 2979 2
99 219 2
99 100 2
100 2980 2
100 220 2
100 101 2
101 2981 2
101 221 2
101 102 2
102 2982 2
102 222 2
102 103 2
103 2983 2
103 223 2
103 104 2
104 2984 2
104 224 2
104 105 2
105 2985 2
105 225 2
105 106 2
106 2986 2
106 226 2
106 107 2
107 2987 2
107 227 2
107 108 2
108 2988 2
108 228 2
108 109 2
109 2989 2
109 229 2
109 110 2
110 2990 2
110 230 2
110 111 2
111 2991 2
111 231 2
111 112 2
112 2992 2
112 232 2
112 113 2
113 2993 2
113 233 2
113 114 2
114 2994 2
114 234 2
114 115 2
115 2995 2
115 235 2
115 116 2
116 2996 2
116 236 2
116 117 2
117 2997 2
117 237 2
117 118 2
118 2998 2
118 238 2
118 119 2
119 2999 2
119 239 2
120 240 2
120 239 2
120 121 2
121 241 2
121 122 2
122 242 2
122 123 2
123 243 2
123 124 2
124 244 2
124 125 2
125 245 2
125 126 2
126 246 2
126 127 2
127 247 2
127 128 2
128 248 2
128 129 2
129 249 2
129 130 2
130 250 2
130 131 2
131 251 2
131 132 2
132 252 2
132 133 2
133 253 2
133 134 2
134 254 2
134 135 2
135 255 2
135 136 2
136 256 2
136 137 2
137 257 2
137 138 2
138 258 2
138 139 2
139 259 2
139 140 2
140 260 2
140 141 2
141 261 2
141 142 2
142 262 2
142 143 2
143 263 2
143 144 2
144 264 2
144 145 2
145 265 2
145 146 2
146 266 2
146 147 2
147 267 2
147 148 2
148 268 2
148 149 2
149 269 2
149 150 2
150 270 2
150 151 2
151 271 2
151 152 2
152 272 2
152 153 2
153 273 2
153 154 2
154 274 2
154 155 2
155 275 2
155 156 2
156 276 2
156 157 2
157 277 2
157 158 2
158 278 2
158 159 2
159 279 2
159 160 2
160 280 2
160 161 2
161 281 2
161 162 2
162 282 2
162 163 2
163 283 2
163 164 2
164 284 2
164 165 2
165 285 2
165 166 2
166 286 2
166 167 2
167 287 2
167 168 2
168 288 2
168 169 2
169 289 2
169 170 2
170 290 2
170 171 2
171 291 2
171 172 2
172 292 2
172 173 2
173 293 2
173 174 2
174 294 2
174 175 2
175 295 2
175 176 2
176 296 2
176 177 2
177 297 2
177 178 2
178 298 2
178 179 2
179 299 2
179 180 2
180 300 2
180 181 2
181 301 2
181 182 2
182 302 2
182 183 2
183 303 2
183 184 2
184 304 2
184 185 2
185 305 2
185 186 2
186 306 2
186 187 2
187 307 2
187 188 2
188 308 2
188 189 2
189 309 2
189 190 2
190 310 2
190 191 2
191 311 2
191 192 2
192 312 2
192 193 2
193 313 2
193 194 2
194 314 2
194 195 2
195 315 2
195 196 2
196 316 2
196 197 2
197 317 2
197 198 2
198 318 2
198 199 2
199 319 2
199 200 2
200 320 2
200 201 2
201 321 2
201 202 2
202 322 2
202 203 2
203 323 2
203 204 2
204 324 2
204 205 2
205 325 2
205 206 2
206 326 2
206 207 2
207 327 2
207 208 2
208 328 2
208 209 2
209 329 2
209 210 2
210 330 2
210 211 2
211 331 2
211 212 2
212 332 2
212 213 2
213 333 2
213 214 2
214 334 2
214 215 2
215 335 2
215 216 2
216 336 2
216 217 2
217 337 2
217 218 2
218 338 2
218 219 2
219 339 2
219 220 2
220 340 2
220 221 2
221 341 2
221 222 2
222 342 2
222 223 2
223 343 2
223 224 2
224 344 2
224 225 2
225 345 2
225 226 2
226 346 2
226 227 2
227 347 2
227 228 2
228 348 2
228 229 2
229 349 2
229 230 2
230 350 2
230 231 2
231 351 2
231 232 2
232 352 2
232 233 2
233 353 2
233 234 2
234 354 2
234 235 2
235 355 2
235 236 2
236 356 2
236 237 2
237 357 2
237 238 2
238 358 2
238 239 2
239 359 2
240 360 2
240 359 2
240 241 2
241 361 2
241 242 2
242 362 2
242 243 2
243 363 2
243 244 2
244 364 2
244 245 2
245 365 2
245 246 2
246 366 2
246 247 2
247 367 2
247 248 2
248 368 2
248 249 2
249 369 2
249 250 2
250 370 2
250 251 2
251 371 2
251 252 2
252 372 2
252 253 2
253 373 2
253 254 2
254 374 2
254 255 2
255 375 2
255 256 2
256 376 2
256 257 2
257 377 2
257 258 2
258 378 2
258 259 2
259 379 2
259 260 2
260 380 2
260 261 2
261 381 2
261 262 2
262 382 2
262 263 2
263 383 2
263 264 2
264 384 2
264 265 2
265 385 2
265 266 2
266 386 2
266 267 2
267 387 2
267 268 2
268 388 2
268 269 2
269 389 2
269 270 2
270 390 2
270 271 2
271 391 2
271 272 2
272 392 2
272 273 2
273 393 2
273 274 2
274 394 2
274 275 2
275 395 2
275 276 2
276 396 2
276 277 2
277 397 2
277 278 2
278 398 2
278 279 2
279 399 2
279 280 2
280 400 2
280 281 2
281 401 2
281 282 2
282 402 2
282 283 2
283 403 2
283 284 2
284 404 2
284 285 2
285 405 2
285 286 2
286 406 2
286 287 2
287 407 2
287 288 2
288 408 2
288 289 2
289 409 2
289 290 2
290 410 2
290 291 2
291 411 2
291 292 2
292 412 2
292 293 2
293 413 2
293 294 2
294 414 2
294 295 2
295 415 2
295 296 2
296 416 2
296 297 2
297 417 2
297 298 2
298 418 2
298 299 2
299 419 2
299 300 2
300 420 2
300 301 2
301 421 2
301 302 2
302 422 2
302 303 2
303 423 2
303 304 2
304 424 2
304 305 2
305 425 2
305 306 2
306 426 2
306 307 2
307 427 2
307 308 2
308 428 2
308 309 2
309 429 2
309 310 2
310 430 2
310 311 2
311 431 2
311 312 2
312 432 2
312 313 2
313 433 2
313 314 2
314 434 2
314 315 2
315 435 2
315 316 2
316 436 2
316 317 2
317 437 2
317 318 2
318 438 2
318 319 2
319 439 2
319 320 2
320 440 2
320 321 2
321 441 2
321 322 2
322 442 2
322 323 2
323 443 2
323 324 2
324 444 2
324 325 2
325 445 2
325 326 2
326 446 2
326 327 2
327 447 2
327 328 2
328 448 2
328 329 2
329 449 2
329 330 2
330 450 2
330 331 2
331 451 2
331 332 2
332 452 2
332 333 2
333 453 2
333 334 2
334 454 2
334 335 2
335 455 2
335 336 2
336 456 2
336 337 2
337 457 2
337 338 2
338 458 2
338 339 2
339 459 2
339 340 2
340 460 2
340 341 2
341 461 2
341 342 2
342 462 2
342 343 2
343 463 2
343 344 2
344 464 2
344 345 2
345 465 2
345 346 2
346 466 2
346 347 2
347 467 2
347 348 2
348 468 2
348 349 2
349 469 2
349 350 2
350 470 2
350 351 2
351 471 2
351 352 2
352 472 2
352 353 2
353 473 2
353 354 2
354 474 2
354 355 2
355 475 2
355 356 2
356 476 2
356 357 2
357 477 2
357 358 2
358 478 2
358 359 2
359 479 2
360 480 2
360 479 2
360 361 2
361 481 2
361 362 2
362 482 2
362 363 2
363 483 2
363 364 2
364 484 2
364 365 2
365 485 2
365 366 2
366 486 2
366 367 2
367 487 2
367 368 2
368 488 2
368 369 2
369 489 2
369 370 2
370 490 2
370 371 2
371 491 2
371 372 2
372 492 2
372 373 2
373 493 2
373 374 2
374 494 2
374 375 2
375 495 2
375 376 2
376 496 2
376 377 2
377 497 2
377 378 2
378 498 2
378 379 2
379 499 2
379 380 2
380 500 2
380 381 2
381 501 2
381 382 2
382 502 2
382 383 2
383 503 2
383 384 2
384 504 2
384 385 2
385 505 2
385 386 2
386 506 2
386 387 2
387 507 2
387 388 2
388 508 2
388 389 2
389 509 2
389 390 2
390 510 2
390 391 2
391 511 2
391 392 2
392 512 2
392 393 2
393 513 2
393 394 2
394 514 2
394 395 2
395 515 2
395 396 2
396 516 2
396 397 2
397 517 2
397 398 2
398 518 2
398 399 2
399 519 2
399 400 2
400 520 2
400 401 2
401 521 2
401 402 2
402 522 2
402 403 2
403 523 2
403 404 2
404 524 2
404 405 2
405 525 2
405 406 2
406 526 2
406 407 2
407 527 2
407 408 2
408 528 2
408 409 2
409 529 2
409 410 2
410 530 2
410 411 2
411 531 2
411 412 2
412 532 2
412 413 2
413 533 2
413 414 2
414 534 2
414 415 2
415 535 2
415 416 2
416 536 2
416 417 2
417 537 2
417 418 2
418 538 2
418 419 2
419 539 2
419 420 2
420 540 2
420 421 2
421 541 2
421 422 2
422 542 2
422 423 2
423 543 2
423 424 2
424 544 2
424 425 2
425 545 2
425 426 2
426 546 2
426 427 2
427 547 2
427 428 2
428 548 2
428 429 2
429 549 2
429 430 2
430 550 2
430 431 2
431 551 2
431 432 2
432 552 2
432 433 2
433 553 2
433 434 2
434 554 2
434 435 2
435 555 2
435 436 2
436 556 2
436 437 2
437 557 2
437 438 2
438 558 2
438 439 2
439 559 2
439 440 2
440 560 2
440 441 2
441 561 2
441 442 2
442 562 2
442 443 2
443 563 2
443 444 2
444 564 2
444 445 2
445 565 2
445 446 2
446 566 2
446 447 2
447 567 2
447 448 2
448 568 2
448 449 2
449 569 2
449 450 2
450 570 2
450 451 2
451 571 2
451 452 2
452 572 2
452 453 2
453 573 2
453 454 2
454 574 2
454 455 2
455 575 2
455 456 2
456 576 2
456 457 2
457 577 2
457 458 2
458 578 2
458 459 2
459 579 2
459 460 2
460 580 2
460 461 2
461 581 2
461 462 2
462 582 2
462 463 2
463 583 2
463 464 2
464 584 2
464 465 2
465 585 2
465 466 2
466 586 2
466 467 2
467 587 2
467 468 2
468 588 2
468 469 2
469 589 2
469 470 2
470 590 2
470 471 2
471 591 2
471 472 2
472 592 2
472 473 2
473 593 2
473 474 2
474 594 2
474 475 2
475 595 2
475 476 2
476 596 2
476 477 2
477 597 2
477 478 2
478 598 2
478 479 2
479 599 2
480 600 2
480 599 2
480 481 2
481 601 2
481 482 2
482 602 2
482 483 2
483 603 2
483 484 2
484 604 2
484 485 2
485 605 2
485 486 2
486 606 2
486 487 2
487 607 2
487 488 2
488 608 2
488 489 2
489 609 2
489 490 2
490 610 2
490 491 2
491 611 2
491 492 2
492 612 2
492 493 2
493 613 2
493 494 2
494 614 2
494 495 2
495 615 2
495 496 2
496 616 2
496 497 2
497 617 2
497 498 2
498 618 2
498 499 2
499 619 2
499 500 2
500 620 2
500 501 2
501 621 2
501 502 2
502 622 2
502 503 2
503 623 2
503 504 2
504 624 2
504 505 2
505 625 2
505 506 2
506 626 2
506 507 2
507 627 2
507 508 2
508 628 2
508 509 2
509 629 2
509 510 2
510 630 2
510 511 2
511 631 2
511 512 2
512 632 2
512 513 2
513 633 2
513 514 2
514 634 2
514 515 2
515 635 2
515 516 2
516 636 2
516 517 2
517 637 2
517 518 2
518 638 2
518 519 2
519 639 2
519 520 2
520 640 2
520 521 2
521 641 2
521 522 2
522 642 2
522 523 2
523 643 2
523 524 2
524 644 2
524 525 2
525 645 2
525 526 2
526 646 2
526 527 2
527 647 2
527 528 2
528 648 2
528 529 2
529 649 2
529 530 2
530 650 2
530 531 2
531 651 2
531 532 2
532 652 2
532 533 2
533 653 2
533 534 2
534 654 2
534 535 2
535 655 2
535 536 2
536 656 2
536 537 2
537 657 2
537 538 2
538 658 2
538 539 2
539 659 2
539 540 2
540 660 2
540 541 2
541 661 2
541 542 2
542 662 2
542 543 2
543 663 2
543 544 2
544 664 2
544 545 2
545 665 2
545 546 2
546 666 2
546 547 2
547 667 2
547 548 2
548 668 2
548 549 2
549 669 2
549 550 2
550 670 2
550 551 2
551 671 2
551 552 2
552 672 2
552 553 2
553 673 2
553 554 2
554 674 2
554 555 2
555 675 2
555 556 2
556 676 2
556 557 2
557 677 2
557 558 2
558 678 2
558 559 2
559 679 2
559 560 2
560 680 2
560 561 2
561 681 2
561 562 2
562 682 2
562 563 2
563 683 2
563 564 2
564 684 2
564 565 2
565 685 2
565 566 2
566 686 2
566 567 2
567 687 2
567 568 2
568 688 2
568 569 2
569 689 2
569 570 2
570 690 2
570 571 2
571 691 2
571 572 2
572 692 2
572 573 2
573 693 2
573 574 2
574 694 2
574 575 2
575 695 2
575 576 2
576 696 2
576 577 2
577 697 2
577 578 2
578 698 2
578 579 2
579 699 2
579 580 2
580 700 2
580 581 2
581 701 2
581 582 2
582 702 2
582 583 2
583 703 2
583 584 2
584 704 2
584 585 2
585 705 2
585 586 2
586 706 2
586 587 2
587 707 2
587 588 2
588 708 2
588 589 2
589 709 2
589 590 2
590 710 2
590 591 2
591 711 2
591 592 2
592 712 2
592 593 2
593 713 2
593 594 2
594 714 2
594 595 2
595 715 2
595 596 2
596 716 2
596 597 2
597 717 2
597 598 2
598 718 2
598 599 2
599 719 2
600 720 2
600 719 2
600 601 2
601 721 2
601 602 2
602 722 2
602 603 2
603 723 2
603 604 2
604 724 2
604 605 2
605 725 2
605 606 2
606 726 2
606 607 2
607 727 2
607 608 2
608 728 2
608 609 2
609 729 2
609 610 2
610 730 2
610 611 2
611 731 2
611 612 2
612 732 2
612 613 2
613 733 2
613 614 2
614 734 2
614 615 2
615 735 2
615 616 2
616 736 2
616 617 2
617 737 2
617 618 2
618 738 2
618 619 2
619 739 2
619 620 2
620 740 2
620 621 2
621 741 2
621 622 2
622 742 2
622 623 2
623 743 2
623 624 2
624 744 2
624 625 2
625 745 2
625 626 2
626 746 2
626 627 2
627 747 2
627 628 2
628 748 2
628 629 2
629 749 2
629 630 2
630 750 2
630 631 2
631 751 2
631 632 2
632 752 2
632 633 2
633 753 2
633 634 2
634 754 2
634 635 2
635 755 2
635 636 2
636 756 2
636 637 2
637 757 2
637 638 2
638 758 2
638 639 2
639 759 2
639 640 2
640 760 2
640 641 2
641 761 2
641 642 2
642 762 2
642 643 2
643 763 2
643 644 2
644 764 2
644 645 2
645 765 2
645 646 2
646 766 2
646 647 2
647 767 2
647 648 2
648 768 2
648 649 2
649 769 2
649 650 2
650 770 2
650 651 2
651 771 2
651 652 2
652 772 2
652 653 2
653 773 2
653 654 2
654 774 2
654 655 2
655 775 2
655 656 2
656 776 2
656 657 2
657 777 2
657 658 2
658 778 2
658 659 2
659 779 2
659 660 2
660 780 2
660 661 2
661 781 2
661 662 2
662 782 2
662 663 2
663 783 2
663 664 2
664 784 2
664 665 2
665 785 2
665 666 2
666 786 2
666 667 2
667 787 2
667 668 2
668 788 2
668 669 2
669 789 2
669 670 2
670 790 2
670 671 2
671 791 2
671 672 2
672 792 2
672 673 2
673 793 2
673 674 2
674 794 2
674 675 2
675 795 2
675 676 2
676 796 2
676 677 2
677 797 2
677 678 2
678 798 2
678 679 2
679 799 2
679 680 2
680 800 2
680 681 2
681 801 2
681 682 2
682 802 2
682 683 2
683 803 2
683 684 2
684 804 2
684 685 2
685 805 2
685 686 2
686 806 2
686 687 2
687 807 2
687 688 2
688 808 2
688 689 2
689 809 2
689 690 2
690 810 2
690 691 2
691 811 2
691 692 2
692 812 2
692 693 2
693 813 2
693 694 2
694 814 2
694 695 2
695 815 2
695 696 2
696 816 2
696 697 2
697 817 2
697 698 2
698 818 2
698 699 2
699 819 2
699 700 2
700 820 2
700 701 2
701 821 2
701 702 2
702 822 2
702 703 2
703 823 2
703 704 2
704 824 2
704 705 2
705 825 2
705 706 2
706 826 2
706 707 2
707 827 2
707 708 2
708 828 2
708 709 2
709 829 2
709 710 2
710 830 2
710 711 2
711 831 2
711 712 2
712 832 2
712 713 2
713 833 2
713 714 2
714 834 2
714 715 2
715 835 2
715 716 2
716 836 2
716 717 2
717 837 2
717 718 2
718 838 2
718 719 2
719 839 2
720 840 2
720 839 2
720 721 2
721 841 2
721 722 2
722 842 2
722 723 2
723 843 2
723 724 2
724 844 2
724 725 2
725 845 2
725 726 2
726 846 2
726 727 2
727 847 2
727 728 2
728 848 2
728 729 2
729 849 2
729 730 2
730 850 2
730 731 2
731 851 2
731 732 2
732 852 2
732 733 2
733 853 2
733 734 2
734 854 2
734 735 2
735 855 2
735 736 2
736 856 2
736 737 2
737 857 2
737 738 2
738 858 2
738 739 2
739 859 2
739 740 2
740 860 2
740 741 2
741 861 2
741 742 2
742 862 2
742 743 2
743 863 2
743 744 2
744 864 2
744 745 2
745 865 2
745 746 2
746 866 2
746 747 2
747 867 2
747 748 2
748 868 2
748 749 2
749 869 2
749 750 2
750 870 2
750 751 2
751 871 2
751 752 2
752 872 2
752 753 2
753 873 2
753 754 2
754 874 2
754 755 2
755 875 2
755 756 2
756 876 2
756 757 2
757 877 2
757 758 2
758 878 2
758 759 2
759 879 2
759 760 2
760 880 2
760 761 2
761 881 2
761 762 2
762 882 2
762 763 2
763 883 2
763 764 2
764 884 2
764 765 2
765 885 2
765 766 2
766 886 2
766 767 2
767 887 2
767 768 2
768 888 2
768 769 2
769 889 2
769 770 2
770 890 2
770 771 2
771 891 2
771 772 2
772 892 2
772 773 2
773 893 2
773 774 2
774 894 2
774 775 2
775 895 2
775 776 2
776 896 2
776 777 2
777 897 2
777 778 2
778 898 2
778 779 2
779 899 2
779 780 2
780 900 2
780 781 2
781 901 2
781 782 2
782 902 2
782 783 2
783 903 2
783 784 2
784 904 2
784 785 2
785 905 2
785 786 2
786 906 2
786 787 2
787 907 2
787 788 2
788 908 2
788 789 2
789 909 2
789 790 2
790 910 2
790 791 2
791 911 2
791 792 2
792 912 2
792 793 2
793 913 2
793 794 2
794 914 2
794 795 2
795 915 2
795 796 2
796 916 2
796 797 2
797 917 2
797 798 2
798 918 2
798 799 2
799 919 2
799 800 2
800 920 2
800 801 2
801 921 2
801 802 2
802 922 2
802 803 2
803 923 2
803 804 2
804 924 2
804 805 2
805 925 2
805 806 2
806 926 2
806 807 2
807 927 2
807 808 2
808 928 2
808 809 2
809 929 2
809 810 2
810 930 2
810 811 2
811 931 2
811 812 2
812 932 2
812 813 2
813 933 2
813 814 2
814 934 2
814 815 2
815 935 2
815 816 2
816 936 2
816 817 2
817 937 2
817 818 2
818 938 2
818 819 2
819 939 2
819 820 2
820 940 2
820 821 2
821 941 2
821 822 2
822 942 2
822 823 2
823 943 2
823 824 2
824 944 2
824 825 2
825 945 2
825 826 2
826 946 2
826 827 2
827 947 2
827 828 2
828 948 2
828 829 2
829 949 2
829 830 2
830 950 2
830 831 2
831 951 2
831 832 2
832 952 2
832 833 2
833 953 2
833 834 2
834 954 2
834 835 2
835 955 2
835 836 2
836 956 2
836 837 2
837 957 2
837 838 2
838 958 2
838 839 2
839 959 2
840 960 2
840 959 2
840 841 2
841 961 2
841 842 2
842 962 2
842 843 2
843 963 2
843 844 2
844 964 2
844 845 2
845 965 2
845 846 2
846 966 2
846 847 2
847 967 2
847 848 2
848 968 2
848 849 2
849 969 2
849 850 2
850 970 2
850 851 2
851 971 2
851 852 2
852 972 2
852 853 2
853 973 2
853 854 2
854 974 2
854 855 2
855 975 2
855 856 2
856 976 2
856 857 2
857 977 2
857 858 2
858 978 2
858 859 2
859 979 2
859 860 2
860 980 2
860 861 2
861 981 2
861 862 2
862 982 2
862 863 2
863 983 2
863 864 2
864 984 2
864 865 2
865 985 2
865 866 2
866 986 2
866 867 2
867 987 2
867 868 2
868 988 2
868 869 2
869 989 2
869 870 2
870 990 2
870 871 2
871 991 2
871 872 2
872 992 2
872 873 2
873 993 2
873 874 2
874 994 2
874 875 2
875 995 2
875 876 2
876 996 2
876 877 2
877 997 2
877 878 2
878 998 2
878 879 2
879 999 2
879 880 2
880 1000 2
880 881 2
881 1001 2
881 882 2
882 1002 2
882 883 2
883 1003 2
883 884 2
884 1004 2
884 885 2
885 1005 2
885 886 2
886 1006 2
886 887 2
887 1007 2
887 888 2
888 1008 2
888 889 2
889 1009 2
889 890 2
890 1010 2
890 891 2
891 1011 2
891 892 2
892 1012 2
892 893 2
893 1013 2
893 894 2
894 1014 2
894 895 2
895 1015 2
895 896 2
896 1016 2
896 897 2
897 1017 2
897 898 2
898 1018 2
898 899 2
899 1019 2
899 900 2
900 1020 2
900 901 2
901 1021 2
901 902 2
902 1022 2
902 903 2
903 1023 2
903 904 2
904 1024 2
904 905 2
905 1025 2
905 906 2
906 1026 2
906 907 2
907 1027 2
907 908 2
908 1028 2
908 909 2
909 1029 2
909 910 2
910 1030 2
910 911 2
911 1031 2
911 912 2
912 1032 2
912 913 2
913 1033 2
913 914 2
914 1034 2
914 915 2
915 1035 2
915 916 2
916 1036 2
916 917 2
917 1037 2
917 918 2
918 1038 2
918 919 2
919 1039 2
919 920 2
920 1040 2
920 921 2
921 1041 2
921 922 2
922 1042 2
922 923 2
923 1043 2
923 924 2
924 1044 2
924 925 2
925 1045 2
925 926 2
926 1046 2
926 927 2
927 1047 2
927 928 2
928 1048 2
928 929 2
929 1049 2
929 930 2
930 1050 2
930 931 2
931 1051 2
931 932 2
932 1052 2
932 933 2
933 1053 2
933 934 2
934 1054 2
934 935 2
935 1055 2
935 936 2
936 1056 2
936 937 2
937 1057 2
937 938 2
938 1058 2
938 939 2
939 1059 2
939 940 2
940 1060 2
940 941 2
941 1061 2
941 942 2
942 1062 2
942 943 2
943 1063 2
943 944 2
944 1064 2
944 945 2
945 1065 2
945 946 2
946 1066 2
946 947 2
947 1067 2
947 948 2
948 1068 2
948 949 2
949 1069 2
949 950 2
950 1070 2
950 951 2
951 1071 2
951 952 2
952 1072 2
952 953 2
953 1073 2
953 954 2
954 1074 2
954 955 2
955 1075 2
955 956 2
956 1076 2
956 957 2
957 1077 2
957 958 2
958 1078 2
958 959 2
959 1079 2
960 1080 2
960 1079 2
960 961 2
961 1081 2
961 962 2
962 1082 2
962 963 2
963 1083 2
963 964 2
964 1084 2
964 965 2
965 1085 2
965 966 2
966 1086 2
966 967 2
967 1087 2
967 968 2
968 1088 2
968 969 2
969 1089 2
969 970 2
970 1090 2
970 971 2
971 1091 2
971 972 2
972 1092 2
972 973 2
973 1093 2
973 974 2
974 1094 2
974 975 2
975 1095 2
975 976 2
976 1096 2
976 977 2
977 1097 2
977 978 2
978 1098 2
978 979 2
979 1099 2
979 980 2
980 1100 2
980 981 2
981 1101 2
981 982 2
982 1102 2
982 983 2
983 1103 2
983 984 2
984 1104 2
984 985 2
985 1105 2
985 986 2
986 1106 2
986 987 2
987 1107 2
987 988 2
988 1108 2
988 989 2
989 1109 2
989 990 2
990 1110 2
990 991 2
991 1111 2
991 992 2
992 1112 2
992 993 2
993 1113 2
993 994 2
994 1114 2
994 995 2
995 1115 2
995 996 2
996 1116 2
996 997 2
997 1117 2
997 998 2
998 1118 2
998 999 2
999 1119 2
999 1000 2
1000 1120 2
1000 1001 2
1001 1121 2
1001 1002 2
1002 1122 2
1002 1003 2
1003 1123 2
1003 1004 2
1004 1124 2
1004 1005 2
1005 1125 2
1005 1006 2
1006 1126 2
1006 1007 2
1007 1127 2
1007 1008 2
1008 1128 2
1008 1009 2
1009 1129 2
1009 1010 2
1010 1130 2
1010 1011 2
1011 1131 2
1011 1012 2
1012 1132 2
1012 1013 2
1013 1133 2
1013 1014 2
1014 1134 2
1014 1015 2
1015 1135 2
1015 1016 2
1016 1136 2
1016 1017 2
1017 1137 2
1017 1018 2
1018 1138 2
1018 1019 2
1019 1139 2
1019 1020 2
1020 1140 2
1020 1021 2
1021 1141 2
1021 1022 2
1022 1142 2
1022 1023 2
1023 1143 2
1023 1024 2
1024 1144 2
1024 1025 2
1025 1145 2
1025 1026 2
1026 1146 2
1026 1027 2
1027 1147 2
1027 1028 2
1028 1148 2
1028 1029 2
1029 1149 2
1029 1030 2
1030 1150 2
1030 1031 2
1031 1151 2
1031 1032 2
1032 1152 2
1032 1033 2
1033 1153 2
1033 1034 2
1034 1154 2
1034 1035 2
1035 1155 2
1035 1036 2
1036 1156 2
1036 1037 2
1037 1157 2
1037 1038 2
1038 1158 2
1038 1039 2
1039 1159 2
1039 1040 2
1040 1160 2
1040 1041 2
1041 1161 2
1041 1042 2
1042 1162 2
1042 1043 2
1043 1163 2
1043 1044 2
1044 1164 2
1044 1045 2
1045 1165 2
1045 1046 2
1046 1166 2
1046 1047 2
1047 1167 2
1047 1048 2
1048 1168 2
1048 1049 2
1049 1169 2
1049 1050 2
1050 1170 2
1050 1051 2
1051 1171 2
1051 1052 2
1052 1172 2
1052 1053 2
1053 1173 2
1053 1054 2
1054 1174 2
1054 1055 2
1055 1175 2
1055 1056 2
1056 1176 2
1056 1057 2
1057 1177 2
1057 1058 2
1058 1178 2
1058 1059 2
1059 1179 2
1059 1060 2
1060 1180 2
1060 1061 2
1061 1181 2
1061 1062 2
1062 1182 2
1062 1063 2
1063 1183 2
1063 1064 2
1064 1184 2
1064 1065 2
1065 1185 2
1065 1066 2
1066 1186 2
1066 1067 2
1067 1187 2
1067 1068 2
1068 1188 2
1068 1069 2
1069 1189 2
1069 1070 2
1070 1190 2
1070 1071 2
1071 1191 2
1071 1072 2
1072 1192 2
1072 1073 2
1073 1193 2
1073 1074 2
1074 1194 2
1074 1075 2
1075 1195 2
1075 1076 2
1076 1196 2
1076 1077 2
1077 1197 2
1077 1078 2
1078 1198 2
1078 1079 2
1079 1199 2
1080 1200 2
1080 1199 2
1080 1081 2
1081 1201 2
1081 1082 2
1082 1202 2
1082 1083 2
1083 1203 2
1083 1084 2
1084 1204 2
1084 1085 2
1085 1205 2
1085 1086 2
1086 1206 2
1086 1087 2
1087 1207 2
1087 1088 2
1088 1208 2
1088 1089 2
1089 1209 2
1089 1090 2
1090 1210 2
1090 1091 2
1091 1211 2
1091 1092 2
1092 1212 2
1092 1093 2
1093 1213 2
1093 1094 2
1094 1214 2
1094 1095 2
1095 1215 2
1095 1096 2
1096 1216 2
1096 1097 2
1097 1217 2
1097 1098 2
1098 1218 2
1098 1099 2
1099 1219 2
1099 1100 2
1100 1220 2
1100 1101 2
1101 1221 2
1101 1102 2
1102 1222 2
1102 1103 2
1103 1223 2
1103 1104 2
1104 1224 2
1104 1105 2
1105 1225 2
1105 1106 2
1106 1226 2
1106 1107 2
1107 1227 2
1107 1108 2
1108 1228 2
1108 1109 2
1109 1229 2
1109 1110 2
1110 1230 2
1110 1111 2
1111 1231 2
1111 1112 2
1112 1232 2
1112 1113 2
1113 1233 2
1113 1114 2
1114 1234 2
1114 1115 2
1115 1235 2
1115 1116 2
1116 1236 2
1116 1117 2
1117 1237 2
1117 1118 2
1118 1238 2
1118 1119 2
1119 1239 2
1119 1120 2
1120 1240 2
1120 1121 2
1121 1241 2
1121 1122 2
1122 1242 2
1122 1123 2
1123 1243 2
1123 1124 2
1124 1244 2
1124 1125 2
1125 1245 2
1125 1126 2
1126 1246 2
1126 1127 2
1127 1247 2
1127 1128 2
1128 1248 2
1128 1129 2
1129 1249 2
1129 1130 2
1130 1250 2
1130 1131 2
1131 1251 2
1131 1132 2
1132 1252 2
1132 1133 2
1133 1253 2
1133 1134 2
1134 1254 2
1134 1135 2
1135 1255 2
1135 1136 2
1136 1256 2
1136 1137 2
1137 1257 2
1137 1138 2
1138 1258 2
1138 1139 2
1139 1259 2
1139 1140 2
1140 1260 2
1140 1141 2
1141 1261 2
1141 1142 2
1142 1262 2
1142 1143 2
1143 1263 2
1143 1144 2
1144 1264 2
1144 1145 2
1145 1265 2
1145 1146 2
1146 1266 2
1146 1147 2
1147 1267 2
1147 1148 2
1148 1268 2
1148 1149 2
1149 1269 2
1149 1150 2
1150 1270 2
1150 1151 2
1151 1271 2
1151 1152 2
1152 1272 2
1152 1153 2
1153 1273 2
1153 1154 2
1154 1274 2
1154 1155 2
1155 1275 2
1155 1156 2
1156 1276 2
1156 1157 2
1157 1277 2
1157 1158 2
1158 1278 2
1158 1159 2
1159 1279 2
1159 1160 2
1160 1280 2
1160 1161 2
1161 1281 2
1161 1162 2
1162 1282 2
1162 1163 2
1163 1283 2
1163 1164 2
1164 1284 2
1164 1165 2
1165 1285 2
1165 1166 2
1166 1286 2
1166 1167 2
1167 1287 2
1167 1168 2
1168 1288 2
1168 1169 2
1169 1289 2
1169 1170 2
1170 1290 2
1170 1171 2
1171 1291 2
1171 1172 2
1172 1292 2
1172 1173 2
1173 1293 2
1173 1174 2
1174 1294 2
1174 1175 2
1175 1295 2
1175 1176 2
1176 1296 2
1176 1177 2
1177 1297 2
1177 1178 2
1178 1298 2
1178 1179 2
1179 1299 2
1179 1180 2
1180 1300 2
1180 1181 2
1181 1301 2
1181 1182 2
1182 1302 2
1182 1183 2
1183 1303 2
1183 1184 2
1184 1304 2
1184 1185 2
1185 1305 2
1185 1186 2
1186 1306 2
1186 1187 2
1187 1307 2
1187 1188 2
1188 1308 2
1188 1189 2
1189 1309 2
1189 1190 2
1190 1310 2
1190 1191 2
1191 1311 2
1191 1192 2
1192 1312 2
1192 1193 2
1193 1313 2
1193 1194 2
1194 1314 2
1194 1195 2
1195 1315 2
1195 1196 2
1196 1316 2
1196 1197 2
1197 1317 2
1197 1198 2
1198 1318 2
1198 1199 2
1199 1319 2
1200 1320 2
1200 1319 2
1200 1201 2
1201 1321 2
1201 1202 2
1202 1322 2
1202 1203 2
1203 1323 2
1203 1204 2
1204 1324 2
1204 1205 2
1205 1325 2
1205 1206 2
1206 1326 2
1206 1207 2
1207 1327 2
1207 1208 2
1208 1328 2
1208 1209 2
1209 1329 2
1209 1210 2
1210 1330 2
1210 1211 2
1211 1331 2
1211 1212 2
1212 1332 2
1212 1213 2
1213 1333 2
1213 1214 2
1214 1334 2
1214 1215 2
1215 1335 2
1215 1216 2
1216 1336 2
1216 1217 2
1217 1337 2
1217 1218 2
1218 1338 2
1218 1219 2
1219 1339 2
1219 1220 2
1220 1340 2
1220 1221 2
1221 1341 2
1221 1222 2
1222 1342 2
1222 1223 2
1223 1343 2
1223 1224 2
1224 1344 2
1224 1225 2
1225 1345 2
1225 1226 2
1226 1346 2
1226 1227 2
1227 1347 2
1227 1228 2
1228 1348 2
1228 1229 2
1229 1349 2
1229 1230 2
1230 1350 2
1230 1231 2
1231 1351 2
1231 1232 2
1232 1352 2
1232 1233 2
1233 1353 2
1233 1234 2
1234 1354 2
1234 1235 2
1235 1355 2
1235 1236 2
1236 1356 2
1236 1237 2
1237 1357 2
1237 1238 2
1238 1358 2
1238 1239 2
1239 1359 2
1239 1240 2
1240 1360 2
1240 1241 2
1241 1361 2
1241 1242 2
1242 1362 2
1242 1243 2
1243 1363 2
1243 1244 2
1244 1364 2
1244 1245 2
1245 1365 2
1245 1246 2
1246 1366 2
1246 1247 2
1247 1367 2
1247 1248 2
1248 1368 2
1248 1249 2
1249 1369 2
1249 1250 2
1250 1370 2
1250 1251 2
1251 1371 2
1251 1252 2
1252 1372 2
1252 1253 2
1253 1373 2
1253 1254 2
1254 1374 2
1254 1255 2
1255 1375 2
1255 1256 2
1256 1376 2
1256 1257 2
1257 1377 2
1257 1258 2
1258 1378 2
1258 1259 2
1259 1379 2
1259 1260 2
1260 1380 2
1260 1261 2
1261 1381 2
1261 1262 2
1262 1382 2
1262 1263 2
1263 1383 2
1263 1264 2
1264 1384 2
1264 1265 2
1265 1385 2
1265 1266 2
1266 1386 2
1266 1267 2
1267 1387 2
1267 1268 2
1268 1388 2
1268 1269 2
1269 1389 2
1269 1270 2
1270 1390 2
1270 1271 2
1271 1391 2
1271 1272 2
1272 1392 2
1272 1273 2
1273 1393 2
1273 1274 2
1274 1394 2
1274 1275 2
1275 1395 2
1275 1276 2
1276 1396 2
1276 1277 2
1277 1397 2
1277 1278 2
1278 1398 2
1278 1279 2
1279 1399 2
1279 1280 2
1280 1400 2
1280 1281 2
1281 1401 2
1281 1282 2
1282 1402 2
1282 1283 2
1283 1403 2
1283 1284 2
1284 1404 2
1284 1285 2
1285 1405 2
1285 1286 2
1286 1406 2
1286 1287 2
1287 1407 2
1287 1288 2
1288 1408 2
1288 1289 2
1289 1409 2
1289 1290 2
1290 1410 2
1290 1291 2
1291 1411 2
1291 1292 2
1292 1412 2
1292 1293 2
1293 1413 2
1293 1294 2
1294 1414 2
1294 1295 2
1295 1415 2
1295 1296 2
1296 1416 2
1296 1297 2
1297 1417 2
1297 1298 2
1298 1418 2
1298 1299 2
1299 1419 2
1299 1300 2
1300 1420 2
1300 1301 2
1301 1421 2
1301 1302 2
1302 1422 2
1302 1303 2
1303 1423 2
1303 1304 2
1304 1424 2
1304 1305 2
1305 1425 2
1305 1306 2
1306 1426 2
1306 1307 2
1307 1427 2
1307 1308 2
1308 1428 2
1308 1309 2
1309 1429 2
1309 1310 2
1310 1430 2
1310 1311 2
1311 1431 2
1311 1312 2
1312 1432 2
1312 1313 2
1313 1433 2
1313 1314 2
1314 1434 2
1314 1315 2
1315 1435 2
1315 1316 2
1316 1436 2
1316 1317 2
1317 1437 2
1317 1318 2
1318 1438 2
1318 1319 2
1319 1439 2
1320 1440 2
1320 1439 2
1320 1321 2
1321 1441 2
1321 1322 2
1322 1442 2
1322 1323 2
1323 1443 2
1323 1324 2
1324 1444 2
1324 1325 2
1325 1445 2
1325 1326 2
1326 1446 2
1326 1327 2
1327 1447 2
1327 1328 2
1328 1448 2
1328 1329 2
1329 1449 2
1329 1330 2
1330 1450 2
1330 1331 2
1331 1451 2
1331 1332 2
1332 1452 2
1332 1333 2
1333 1453 2
1333 1334 2
1334 1454 2
1334 1335 2
1335 1455 2
1335 1336 2
1336 1456 2
1336 1337 2
1337 1457 2
1337 1338 2
1338 1458 2
1338 1339 2
1339 1459 2
1339 1340 2
1340 1460 2
1340 1341 2
1341 1461 2
1341 1342 2
1342 1462 2
1342 1343 2
1343 1463 2
1343 1344 2
1344 1464 2
1344 1345 2
1345 1465 2
1345 1346 2
1346 1466 2
1346 1347 2
1347 1467 2
1347 1348 2
1348 1468 2
1348 1349 2
1349 1469 2
1349 1350 2
1350 1470 2
1350 1351 2
1351 1471 2
1351 1352 2
1352 1472 2
1352 1353 2
1353 1473 2
1353 1354 2
1354 1474 2
1354 1355 2
1355 1475 2
1355 1356 2
1356 1476 2
1356 1357 2
1357 1477 2
1357 1358 2
1358 1478 2
1358 1359 2
1359 1479 2
1359 1360 2
1360 1480 2
1360 1361 2
1361 1481 2
1361 1362 2
1362 1482 2
1362 1363 2
1363 1483 2
1363 1364 2
1364 1484 2
1364 1365 2
1365 1485 2
1365 1366 2
1366 1486 2
1366 1367 2
1367 1487 2
1367 1368 2
1368 1488 2
1368 1369 2
1369 1489 2
1369 1370 2
1370 1490 2
1370 1371 2
1371 1491 2
1371 1372 2
1372 1492 2
1372 1373 2
1373 1493 2
1373 1374 2
1374 1494 2
1374 1375 2
1375 1495 2
1375 1376 2
1376 1496 2
1376 1377 2
1377 1497 2
1377 1378 2
1378 1498 2
1378 1379 2
1379 1499 2
1379 1380 2
1380 1500 2
1380 1381 2
1381 1501 2
1381 1382 2
1382 1502 2
1382 1383 2
1383 1503 2
1383 1384 2
1384 1504 2
1384 1385 2
1385 1505 2
1385 1386 2
1386 1506 2
1386 1387 2
1387 1507 2
1387 1388 2
1388 1508 2
1388 1389 2
1389 1509 2
1389 1390 2
1390 1510 2
1390 1391 2
1391 1511 2
1391 1392 2
1392 1512 2
1392 1393 2
1393 1513 2
1393 1394 2
1394 1514 2
1394 1395 2
1395 1515 2
1395 1396 2
1396 1516 2
1396 1397 2
1397 1517 2
1397 1398 2
1398 1518 2
1398 1399 2
1399 1519 2
1399 1400 2
1400 1520 2
1400 1401 2
1401 1521 2
1401 1402 2
1402 1522 2
1402 1403 2
1403 1523 2
1403 1404 2
1404 1524 2
1404 1405 2
1405 1525 2
1405 1406 2
1406 1526 2
1406 1407 2
1407 1527 2
1407 1408 2
1408 1528 2
1408 1409 2
1409 1529 2
1409 1410 2
1410 1530 2
1410 1411 2
1411 1531 2
1411 1412 2
1412 1532 2
1412 1413 2
1413 1533 2
1413 1414 2
1414 1534 2
1414 1415 2
1415 1535 2
1415 1416 2
1416 1536 2
1416 1417 2
1417 1537 2
1417 1418 2
1418 1538 2
1418 1419 2
1419 1539 2
1419 1420 2
1420 1540 2
1420 1421 2
1421 1541 2
1421 1422 2
1422 1542 2
1422 1423 2
1423 1543 2
1423 1424 2
1424 1544 2
1424 1425 2
1425 1545 2
1425 1426 2
1426 1546 2
1426 1427 2
1427 1547 2
1427 1428 2
1428 1548 2
1428 1429 2
1429 1549 2
1429 1430 2
1430 1550 2
1430 1431 2
1431 1551 2
1431 1432 2
1432 1552 2
1432 1433 2
1433 1553 2
1433 1434 2
1434 1554 2
1434 1435 2
1435 1555 2
1435 1436 2
1436 1556 2
1436 1437 2
1437 1557 2
1437 1438 2
1438 1558 2
1438 1439 2
1439 1559 2
1440 1560 2
1440 1559 2
1440 1441 2
1441 1561 2
1441 1442 2
1442 1562 2
1442 1443 2
1443 1563 2
1443 1444 2
1444 1564 2
1444 1445 2
1445 1565 2
1445 1446 2
1446 1566 2
1446 1447 2
1447 1567 2
1447 1448 2
1448 1568 2
1448 1449 2
1449 1569 2
1449 1450 2
1450 1570 2
1450 1451 2
1451 1571 2
1451 1452 2
1452 1572 2
1452 1453 2
1453 1573 2
1453 1454 2
1454 1574 2
1454 1455 2
1455 1575 2
1455 1456 2
1456 1576 2
1456 1457 2
1457 1577 2
1457 1458 2
1458 1578 2
1458 1459 2
1459 1579 2
1459 1460 2
1460 1580 2
1460 1461 2
1461 1581 2
1461 1462 2
1462 1582 2
1462 1463 2
1463 1583 2
1463 1464 2
1464 1584 2
1464 1465 2
1465 1585 2
1465 1466 2
1466 1586 2
1466 1467 2
1467 1587 2
1467 1468 2
1468 1588 2
1468 1469 2
1469 1589 2
1469 1470 2
1470 1590 2
1470 1471 2
1471 1591 2
1471 1472 2
1472 1592 2
1472 1473 2
1473 1593 2
1473 1474 2
1474 1594 2
1474 1475 2
1475 1595 2
1475 1476 2
1476 1596 2
1476 1477 2
1477 1597 2
1477 1478 2
1478 1598 2
1478 1479 2
1479 1599 2
1479 1480 2
1480 1600 2
1480 1481 2
1481 1601 2
1481 1482 2
1482 1602 2
1482 1483 2
1483 1603 2
1483 1484 2
1484 1604 2
1484 1485 2
1485 1605 2
1485 1486 2
1486 1606 2
1486 1487 2
1487 1607 2
1487 1488 2
1488 1608 2
1488 1489 2
1489 1609 2
1489 1490 2
1490 1610 2
1490 1491 2
1491 1611 2
1491 1492 2
1492 1612 2
1492 1493 2
1493 1613 2
1493 1494 2
1494 1614 2
1494 1495 2
1495 1615 2
1495 1496 2
1496 1616 2
1496 1497 2
1497 1617 2
1497 1498 2
1498 1618 2
1498 1499 2
1499 1619 2
1499 1500 2
1500 1620 2
1500 1501 2
1501 1621 2
1501 1502 2
1502 1622 2
1502 1503 2
1503 1623 2
1503 1504 2
1504 1624 2
1504 1505 2
1505 1625 2
1505 1506 2
1506 1626 2
1506 1507 2
1507 1627 2
1507 1508 2
1508 1628 2
1508 1509 2
1509 1629 2
1509 1510 2
1510 1630 2
1510 1511 2
1511 1631 2
1511 1512 2
1512 1632 2
1512 1513 2
1513 1633 2
1513 1514 2
1514 1634 2
1514 1515 2
1515 1635 2
1515 1516 2
1516 1636 2
1516 1517 2
1517 1637 2
1517 1518 2
1518 1638 2
1518 1519 2
1519 1639 2
1519 1520 2
1520 1640 2
1520 1521 2
1521 1641 2
1521 1522 2
1522 1642 2
1522 1523 2
1523 1643 2
1523 1524 2
1524 1644 2
1524 1525 2
1525 1645 2
1525 1526 2
1526 1646 2
1526 1527 2
1527 1647 2
1527 1528 2
1528 1648 2
1528 1529 2
1529 1649 2
1529 1530 2
1530 1650 2
1530 1531 2
1531 1651 2
1531 1532 2
1532 1652 2
1532 1533 2
1533 1653 2
1533 1534 2
1534 1654 2
1534 1535 2
1535 1655 2
1535 1536 2
1536 1656 2
1536 1537 2
1537 1657 2
1537 1538 2
1538 1658 2
1538 1539 2
1539 1659 2
1539 1540 2
1540 1660 2
1540 1541 2
1541 1661 2
1541 1542 2
1542 1662 2
1542 1543 2
1543 1663 2
1543 1544 2
1544 1664 2
1544 1545 2
1545 1665 2
1545 1546 2
1546 1666 2
1546 1547 2
1547 1667 2
1547 1548 2
1548 1668 2
1548 1549 2
1549 1669 2
1549 1550 2
1550 1670 2
1550 1551 2
1551 1671 2
1551 1552 2
1552 1672 2
1552 1553 2
1553 1673 2
1553 1554 2
1554 1674 2
1554 1555 2
1555 1675 2
1555 1556 2
1556 1676 2
1556 1557 2
1557 1677 2
1557 1558 2
1558 1678 2
1558 1559 2
1559 1679 2
1560 1680 2
1560 1679 2
1560 1561 2
1561 1681 2
1561 1562 2
1562 1682 2
1562 1563 2
1563 1683 2
1563 1564 2
1564 1684 2
1564 1565 2
1565 1685 2
1565 1566 2
1566 1686 2
1566 1567 2
1567 1687 2
1567 1568 2
1568 1688 2
1568 1569 2
1569 1689 2
1569 1570 2
1570 1690 2
1570 1571 2
1571 1691 2
1571 1572 2
1572 1692 2
1572 1573 2
1573 1693 2
1573 1574 2
1574 1694 2
1574 1575 2
1575 1695 2
1575 1576 2
1576 1696 2
1576 1577 2
1577 1697 2
1577 1578 2
1578 1698 2
1578 1579 2
1579 1699 2
1579 1580 2
1580 1700 2
1580 1581 2
1581 1701 2
1581 1582 2
1582 1702 2
1582 1583 2
1583 1703 2
1583 1584 2
1584 1704 2
1584 1585 2
1585 1705 2
1585 1586 2
1586 1706 2
1586 1587 2
1587 1707 2
1587 1588 2
1588 1708 2
1588 1589 2
1589 1709 2
1589 1590 2
1590 1710 2
1590 1591 2
1591 1711 2
1591 1592 2
1592 1712 2
1592 1593 2
1593 1713 2
1593 1594 2
1594 1714 2
1594 1595 2
1595 1715 2
1595 1596 2
1596 1716 2
1596 1597 2
1597 1717 2
1597 1598 2
1598 1718 2
1598 1599 2
1599 1719 2
1599 1600 2
1600 1720 2
1600 1601 2
1601 1721 2
1601 1602 2
1602 1722 2
1602 1603 2
1603 1723 2
1603 1604 2
1604 1724 2
1604 1605 2
1605 1725 2
1605 1606 2
1606 1726 2
1606 1607 2
1607 1727 2
1607 1608 2
1608 1728 2
1608 1609 2
1609 1729 2
1609 1610 2
1610 1730 2
1610 1611 2
1611 1731 2
1611 1612 2
1612 1732 2
1612 1613 2
1613 1733 2
1613 1614 2
1614 1734 2
1614 1615 2
1615 1735 2
1615 1616 2
1616 1736 2
1616 1617 2
1617 1737 2
1617 1618 2
1618 1738 2
1618 1619 2
1619 1739 2
1619 1620 2
1620 1740 2
1620 1621 2
1621 1741 2
1621 1622 2
1622 1742 2
1622 1623 2
1623 1743 2
1623 1624 2
1624 1744 2
1624 1625 2
1625 1745 2
1625 1626 2
1626 1746 2
1626 1627 2
1627 1747 2
1627 1628 2
1628 1748 2
1628 1629 2
1629 1749 2
1629 1630 2
1630 1750 2
1630 1631 2
1631 1751 2
1631 1632 2
1632 1752 2
1632 1633 2
1633 1753 2
1633 1634 2
1634 1754 2
1634 1635 2
1635 1755 2
1635 1636 2
1636 1756 2
1636 1637 2
1637 1757 2
1637 1638 2
1638 1758 2
1638 1639 2
1639 1759 2
1639 1640 2
1640 1760 2
1640 1641 2
1641 1761 2
1641 1642 2
1642 1762 2
1642 1643 2
1643 1763 2
1643 1644 2
1644 1764 2
1644 1645 2
1645 1765 2
1645 1646 2
1646 1766 2
1646 1647 2
1647 1767 2
1647 1648 2
1648 1768 2
1648 1649 2
1649 1769 2
1649 1650 2
1650 1770 2
1650 1651 2
1651 1771 2
1651 1652 2
1652 1772 2
1652 1653 2
1653 1773 2
1653 1654 2
1654 1774 2
1654 1655 2
1655 1775 2
1655 1656 2
1656 1776 2
1656 1657 2
1657 1777 2
1657 1658 2
1658 1778 2
1658 1659 2
1659 1779 2
1659 1660 2
1660 1780 2
1660 1661 2
1661 1781 2
1661 1662 2
1662 1782 2
1662 1663 2
1663 1783 2
1663 1664 2
1664 1784 2
1664 1665 2
1665 1785 2
1665 1666 2
1666 1786 2
1666 1667 2
1667 1787 2
1667 1668 2
1668 1788 2
1668 1669 2
1669 1789 2
1669 1670 2
1670 1790 2
1670 1671 2
1671 1791 2
1671 1672 2
1672 1792 2
1672 1673 2
1673 1793 2
1673 1674 2
1674 1794 2
1674 1675 2
1675 1795 2
1675 1676 2
1676 1796 2
1676 1677 2
1677 1797 2
1677 1678 2
1678 1798 2
1678 1679 2
1679 1799 2
1680 1800 2
1680 1799 2
1680 1681 2
1681 1801 2
1681 1682 2
1682 1802 2
1682 1683 2
1683 1803 2
1683 1684 2
1684 1804 2
1684 1685 2
1685 1805 2
1685 1686 2
1686 1806 2
1686 1687 2
1687 1807 2
1687 1688 2
1688 1808 2
1688 1689 2
1689 1809 2
1689 1690 2
1690 1810 2
1690 1691 2
1691 1811 2
1691 1692 2
1692 1812 2
1692 1693 2
1693 1813 2
1693 1694 2
1694 1814 2
1694 1695 2
1695 1815 2
1695 1696 2
1696 1816 2
1696 1697 2
1697 1817 2
1697 1698 2
1698 1818 2
1698 1699 2
1699 1819 2
1699 1700 2
1700 1820 2
1700 1701 2
1701 1821 2
1701 1702 2
1702 1822 2
1702 1703 2
1703 1823 2
1703 1704 2
1704 1824 2
1704 1705 2
1705 1825 2
1705 1706 2
1706 1826 2
1706 1707 2
1707 1827 2
1707 1708 2
1708 1828 2
1708 1709 2
1709 1829 2
1709 1710 2
1710 1830 2
1710 1711 2
1711 1831 2
1711 1712 2
1712 1832 2
1712 1713 2
1713 1833 2
1713 1714 2
1714 1834 2
1714 1715 2
1715 1835 2
1715 1716 2
1716 1836 2
1716 1717 2
1717 1837 2
1717 1718 2
1718 1838 2
1718 1719 2
1719 1839 2
1719 1720 2
1720 1840 2
1720 1721 2
1721 1841 2
1721 1722 2
1722 1842 2
1722 1723 2
1723 1843 2
1723 1724 2
1724 1844 2
1724 1725 2
1725 1845 2
1725 1726 2
1726 1846 2
1726 1727 2
1727 1847 2
1727 1728 2
1728 1848 2
1728 1729 2
1729 1849 2
1729 1730 2
1730 1850 2
1730 1731 2
1731 1851 2
1731 1732 2
1732 1852 2
1732 1733 2
1733 1853 2
1733 1734 2
1734 1854 2
1734 1735 2
1735 1855 2
1735 1736 2
1736 1856 2
1736 1737 2
1737 1857 2
1737 1738 2
1738 1858 2
1738 1739 2
1739 1859 2
1739 1740 2
1740 1860 2
1740 1741 2
1741 1861 2
1741 1742 2
1742 1862 2
1742 1743 2
1743 1863 2
1743 1744 2
1744 1864 2
1744 1745 2
1745 1865 2
1745 1746 2
1746 1866 2
1746 1747 2
1747 1867 2
1747 1748 2
1748 1868 2
1748 1749 2
1749 1869 2
1749 1750 2
1750 1870 2
1750 1751 2
1751 1871 2
1751 1752 2
1752 1872 2
1752 1753 2
1753 1873 2
1753 1754 2
1754 1874 2
1754 1755 2
1755 1875 2
1755 1756 2
1756 1876 2
1756 1757 2
1757 1877 2
1757 1758 2
1758 1878 2
1758 1759 2
1759 1879 2
1759 1760 2
1760 1880 2
1760 1761 2
1761 1881 2
1761 1762 2
1762 1882 2
1762 1763 2
1763 1883 2
1763 1764 2
1764 1884 2
1764 1765 2
1765 1885 2
1765 1766 2
1766 1886 2
1766 1767 2
1767 1887 2
1767 1768 2
1768 1888 2
1768 1769 2
1769 1889 2
1769 1770 2
1770 1890 2
1770 1771 2
1771 1891 2
1771 1772 2
1772 1892 2
1772 1773 2
1773 1893 2
1773 1774 2
1774 1894 2
1774 1775 2
1775 1895 2
1775 1776 2
1776 1896 2
1776 1777 2
1777 1897 2
1777 1778 2
1778 1898 2
1778 1779 2
1779 1899 2
1779 1780 2
1780 1900 2
1780 1781 2
1781 1901 2
1781 1782 2
1782 1902 2
1782 1783 2
1783 1903 2
1783 1784 2
1784 1904 2
1784 1785 2
1785 1905 2
1785 1786 2
1786 1906 2
1786 1787 2
1787 1907 2
1787 1788 2
1788 1908 2
1788 1789 2
1789 1909 2
1789 1790 2
1790 1910 2
1790 1791 2
1791 1911 2
1791 1792 2
1792 1912 2
1792 1793 2
1793 1913 2
1793 1794 2
1794 1914 2
1794 1795 2
1795 1915 2
1795 1796 2
1796 1916 2
1796 1797 2
1797 1917 2
1797 1798 2
1798 1918 2
1798 1799 2
1799 1919 2
1800 1920 2
1800 1919 2
1800 1801 2
1801 1921 2
1801 1802 2
1802 1922 2
1802 1803 2
1803 1923 2
1803 1804 2
1804 1924 2
1804 1805 2
1805 1925 2
1805 1806 2
1806 1926 2
1806 1807 2
1807 1927 2
1807 1808 2
1808 1928 2
1808 1809 2
1809 1929 2
1809 1810 2
1810 1930 2
1810 1811 2
1811 1931 2
1811 1812 2
1812 1932 2
1812 1813 2
1813 1933 2
1813 1814 2
1814 1934 2
1814 1815 2
1815 1935 2
1815 1816 2
1816 1936 2
1816 1817 2
1817 1937 2
1817 1818 2
1818 1938 2
1818 1819 2
1819 1939 2
1819 1820 2
1820 1940 2
1820 1821 2
1821 1941 2
1821 1822 2
1822 1942 2
1822 1823 2
1823 1943 2
1823 1824 2
1824 1944 2
1824 1825 2
1825 1945 2
1825 1826 2
1826 1946 2
1826 1827 2
1827 1947 2
1827 1828 2
1828 1948 2
1828 1829 2
1829 1949 2
1829 1830 2
1830 1950 2
1830 1831 2
1831 1951 2
1831 1832 2
1832 1952 2
1832 1833 2
1833 1953 2
1833 1834 2
1834 1954 2
1834 1835 2
1835 1955 2
1835 1836 2
1836 1956 2
1836 1837 2
1837 1957 2
1837 1838 2
1838 1958 2
1838 1839 2
1839 1959 2
1839 1840 2
1840 1960 2
1840 1841 2
1841 1961 2
1841 1842 2
1842 1962 2
1842 1843 2
1843 1963 2
1843 1844 2
1844 1964 2
1844 1845 2
1845 1965 2
1845 1846 2
1846 1966 2
1846 1847 2
1847 1967 2
1847 1848 2
1848 1968 2
1848 1849 2
1849 1969 2
1849 1850 2
1850 1970 2
1850 1851 2
1851 1971 2
1851 1852 2
1852 1972 2
1852 1853 2
1853 1973 2
1853 1854 2
1854 1974 2
1854 1855 2
1855 1975 2
1855 1856 2
1856 1976 2
1856 1857 2
1857 1977 2
1857 1858 2
1858 1978 2
1858 1859 2
1859 1979 2
1859 1860 2
1860 1980 2
1860 1861 2
1861 1981 2
1861 1862 2
1862 1982 2
1862 1863 2
1863 1983 2
1863 1864 2
1864 1984 2
1864 1865 2
1865 1985 2
1865 1866 2
1866 1986 2
1866 1867 2
1867 1987 2
1867 1868 2
1868 1988 2
1868 1869 2
1869 1989 2
1869 1870 2
1870 1990 2
1870 1871 2
1871 1991 2
1871 1872 2
1872 1992 2
1872 1873 2
1873 1993 2
1873 1874 2
1874 1994 2
1874 1875 2
1875 1995 2
1875 1876 2
1876 1996 2
1876 1877 2
1877 1997 2
1877 1878 2
1878 1998 2
1878 1879 2
1879 1999 2
1879 1880 2
1880 2000 2
1880 1881 2
1881 2001 2
1881 1882 2
1882 2002 2
1882 1883 2
1883 2003 2
1883 1884 2
1884 2004 2
1884 1885 2
1885 2005 2
1885 1886 2
1886 2006 2
1886 1887 2
1887 2007 2
1887 1888 2
1888 2008 2
1888 1889 2
1889 2009 2
1889 1890 2
1890 2010 2
1890 1891 2
1891 2011 2
1891 1892 2
1892 2012 2
1892 1893 2
1893 2013 2
1893 1894 2
1894 2014 2
1894 1895 2
1895 2015 2
1895 1896 2
1896 2016 2
1896 1897 2
1897 2017 2
1897 1898 2
1898 2018 2
1898 1899 2
1899 2019 2
1899 1900 2
1900 2020 2
1900 1901 2
1901 2021 2
1901 1902 2
1902 2022 2
1902 1903 2
1903 2023 2
1903 1904 2
1904 2024 2
1904 1905 2
1905 2025 2
1905 1906 2
1906 2026 2
1906 1907 2
1907 2027 2
1907 1908 2
1908 2028 2
1908 1909 2
1909 2029 2
1909 1910 2
1910 2030 2
1910 1911 2
1911 2031 2
1911 1912 2
1912 2032 2
1912 1913 2
1913 2033 2
1913 1914 2
1914 2034 2
1914 1915 2
1915 2035 2
1915 1916 2
1916 2036 2
1916 1917 2
1917 2037 2
1917 1918 2
1918 2038 2
1918 1919 2
1919 2039 2
1920 2040 2
1920 2039 2
1920 1921 2
1921 2041 2
1921 1922 2
1922 2042 2
1922 1923 2
1923 2043 2
1923 1924 2
1924 2044 2
1924 1925 2
1925 2045 2
1925 1926 2
1926 2046 2
1926 1927 2
1927 2047 2
1927 1928 2
1928 2048 2
1928 1929 2
1929 2049 2
1929 1930 2
1930 2050 2
1930 1931 2
1931 2051 2
1931 1932 2
1932 2052 2
1932 1933 2
1933 2053 2
1933 1934 2
1934 2054 2
1934 1935 2
1935 2055 2
1935 1936 2
1936 2056 2
1936 1937 2
1937 2057 2
1937 1938 2
1938 2058 2
1938 1939 2
1939 2059 2
1939 1940 2
1940 2060 2
1940 1941 2
1941 2061 2
1941 1942 2
1942 2062 2
1942 1943 2
1943 2063 2
1943 1944 2
1944 2064 2
1944 1945 2
1945 2065 2
1945 1946 2
1946 2066 2
1946 1947 2
1947 2067 2
1947 1948 2
1948 2068 2
1948 1949 2
1949 2069 2
1949 1950 2
1950 2070 2
1950 1951 2
1951 2071 2
1951 1952 2
1952 2072 2
1952 1953 2
1953 2073 2
1953 1954 2
1954 2074 2
1954 1955 2
1955 2075 2
1955 1956 2
1956 2076 2
1956 1957 2
1957 2077 2
1957 1958 2
1958 2078 2
1958 1959 2
1959 2079 2
1959 1960 2
1960 2080 2
1960 1961 2
1961 2081 2
1961 1962 2
1962 2082 2
1962 1963 2
1963 2083 2
1963 1964 2
1964 2084 2
1964 1965 2
1965 2085 2
1965 1966 2
1966 2086 2
1966 1967 2
1967 2087 2
1967 1968 2
1968 2088 2
1968 1969 2
1969 2089 2
1969 1970 2
1970 2090 2
1970 1971 2
1971 2091 2
1971 1972 2
1972 2092 2
1972 1973 2
1973 2093 2
1973 1974 2
1974 2094 2
1974 1975 2
1975 2095 2
1975 1976 2
1976 2096 2
1976 1977 2
1977 2097 2
1977 1978 2
1978 2098 2
1978 1979 2
1979 2099 2
1979 1980 2
1980 2100 2
1980 1981 2
1981 2101 2
1981 1982 2
1982 2102 2
1982 1983 2
1983 2103 2
1983 1984 2
1984 2104 2
1984 1985 2
1985 2105 2
1985 1986 2
1986 2106 2
1986 1987 2
1987 2107 2
1987 1988 2
1988 2108 2
1988 1989 2
1989 2109 2
1989 1990 2
1990 2110 2
1990 1991 2
1991 2111 2
1991 1992 2
1992 2112 2
1992 1993 2
1993 2113 2
1993 1994 2
1994 2114 2
1994 1995 2
1995 2115 2
1995 1996 2
1996 2116 2
1996 1997 2
1997 2117 2
1997 1998 2
1998 2118 2
1998 1999 2
1999 2119 2
1999 2000 2
2000 2120 2
2000 2001 2
2001 2121 2
2001 2002 2
2002 2122 2
2002 2003 2
2003 2123 2
2003 2004 2
2004 2124 2
2004 2005 2
2005 2125 2
2005 2006 2
2006 2126 2
2006 2007 2
2007 2127 2
2007 2008 2
2008 2128 2
2008 2009 2
2009 2129 2
2009 2010 2
2010 2130 2
2010 2011 2
2011 2131 2
2011 2012 2
2012 2132 2
2012 2013 2
2013 2133 2
2013 2014 2
2014 2134 2
2014 2015 2
2015 2135 2
2015 2016 2
2016 2136 2
2016 2017 2
2017 2137 2
2017 2018 2
2018 2138 2
2018 2019 2
2019 2139 2
2019 2020 2
2020 2140 2
2020 2021 2
2021 2141 2
2021 2022 2
2022 2142 2
2022 2023 2
2023 2143 2
2023 2024 2
2024 2144 2
2024 2025 2
2025 2145 2
2025 2026 2
2026 2146 2
2026 2027 2
2027 2147 2
2027 2028 2
2028 2148 2
2028 2029 2
2029 2149 2
2029 2030 2
2030 2150 2
2030 2031 2
2031 2151 2
2031 2032 2
2032 2152 2
2032 2033 2
2033 2153 2
2033 2034 2
2034 2154 2
2034 2035 2
2035 2155 2
2035 2036 2
2036 2156 2
2036 2037 2
2037 2157 2
2037 2038 2
2038 2158 2
2038 2039 2
2039 2159 2
2040 2160 2
2040 2159 2
2040 2041 2
2041 2161 2
2041 2042 2
2042 2162 2
2042 2043 2
2043 2163 2
2043 2044 2
2044 2164 2
2044 2045 2
2045 2165 2
2045 2046 2
2046 2166 2
2046 2047 2
2047 2167 2
2047 2048 2
2048 2168 2
2048 2049 2
2049 2169 2
2049 2050 2
2050 2170 2
2050 2051 2
2051 2171 2
2051 2052 2
2052 2172 2
2052 2053 2
2053 2173 2
2053 2054 2
2054 2174 2
2054 2055 2
2055 2175 2
2055 2056 2
2056 2176 2
2056 2057 2
2057 2177 2
2057 2058 2
2058 2178 2
2058 2059 2
2059 2179 2
2059 2060 2
2060 2180 2
2060 2061 2
2061 2181 2
2061 2062 2
2062 2182 2
2062 2063 2
2063 2183 2
2063 2064 2
2064 2184 2
2064 2065 2
2065 2185 2
2065 2066 2
2066 2186 2
2066 2067 2
2067 2187 2
2067 2068 2
2068 2188 2
2068 2069 2
2069 2189 2
2069 2070 2
2070 2190 2
2070 2071 2
2071 2191 2
2071 2072 2
2072 2192 2
2072 2073 2
2073 2193 2
2073 2074 2
2074 2194 2
2074 2075 2
2075 2195 2
2075 2076 2
2076 2196 2
2076 2077 2
2077 2197 2
2077 2078 2
2078 2198 2
2078 2079 2
2079 2199 2
2079 2080 2
2080 2200 2
2080 2081 2
2081 2201 2
2081 2082 2
2082 2202 2
2082 2083 2
2083 2203 2
2083 2084 2
2084 2204 2
2084 2085 2
2085 2205 2
2085 2086 2
2086 2206 2
2086 2087 2
2087 2207 2
2087 2088 2
2088 2208 2
2088 2089 2
2089 2209 2
2089 2090 2
2090 2210 2
2090 2091 2
2091 2211 2
2091 2092 2
2092 2212 2
2092 2093 2
2093 2213 2
2093 2094 2
2094 2214 2
2094 2095 2
2095 2215 2
2095 2096 2
2096 2216 2
2096 2097 2
2097 2217 2
2097 2098 2
2098 2218 2
2098 2099 2
2099 2219 2
2099 2100 2
2100 2220 2
2100 2101 2
2101 2221 2
2101 2102 2
2102 2222 2
2102 2103 2
2103 2223 2
2103 2104 2
2104 2224 2
2104 2105 2
2105 2225 2
2105 2106 2
2106 2226 2
2106 2107 2
2107 2227 2
2107 2108 2
2108 2228 2
2108 2109 2
2109 2229 2
2109 2110 2
2110 2230 2
2110 2111 2
2111 2231 2
2111 2112 2
2112 2232 2
2112 2113 2
2113 2233 2
2113 2114 2
2114 2234 2
2114 2115 2
2115 2235 2
2115 2116 2
2116 2236 2
2116 2117 2
2117 2237 2
2117 2118 2
2118 2238 2
2118 2119 2
2119 2239 2
2119 2120 2
2120 2240 2
2120 2121 2
2121 2241 2
2121 2122 2
2122 2242 2
2122 2123 2
2123 2243 2
2123 2124 2
2124 2244 2
2124 2125 2
2125 2245 2
2125 2126 2
2126 2246 2
2126 2127 2
2127 2247 2
2127 2128 2
2128 2248 2
2128 2129 2
2129 2249 2
2129 2130 2
2130 2250 2
2130 2131 2
2131 2251 2
2131 2132 2
2132 2252 2
2132 2133 2
2133 2253 2
2133 2134 2
2134 2254 2
2134 2135 2
2135 2255 2
2135 2136 2
2136 2256 2
2136 2137 2
2137 2257 2
2137 2138 2
2138 2258 2
2138 2139 2
2139 2259 2
2139 2140 2
2140 2260 2
2140 2141 2
2141 2261 2
2141 2142 2
2142 2262 2
2142 2143 2
2143 2263 2
2143 2144 2
2144 2264 2
2144 2145 2
2145 2265 2
2145 2146 2
2146 2266 2
2146 2147 2
2147 2267 2
2147 2148 2
2148 2268 2
2148 2149 2
2149 2269 2
2149 2150 2
2150 2270 2
2150 2151 2
2151 2271 2
2151 2152 2
2152 2272 2
2152 2153 2
2153 2273 2
2153 2154 2
2154 2274 2
2154 2155 2
2155 2275 2
2155 2156 2
2156 2276 2
2156 2157 2
2157 2277 2
2157 2158 2
2158 2278 2
2158 2159 2
2159 2279 2
2160 2280 2
2160 2279 2
2160 2161 2
2161 2281 2
2161 2162 2
2162 2282 2
2162 2163 2
2163 2283 2
2163 2164 2
2164 2284 2
2164 2165 2
2165 2285 2
2165 2166 2
2166 2286 2
2166 2167 2
2167 2287 2
2167 2168 2
2168 2288 2
2168 2169 2
2169 2289 2
2169 2170 2
2170 2290 2
2170 2171 2
2171 2291 2
2171 2172 2
2172 2292 2
2172 2173 2
2173 2293 2
2173 2174 2
2174 2294 2
2174 2175 2
2175 2295 2
2175 2176 2
2176 2296 2
2176 2177 2
2177 2297 2
2177 2178 2
2178 2298 2
2178 2179 2
2179 2299 2
2179 2180 2
2180 2300 2
2180 2181 2
2181 2301 2
2181 2182 2
2182 2302 2
2182 2183 2
2183 2303 2
2183 2184 2
2184 2304 2
2184 2185 2
2185 2305 2
2185 2186 2
2186 2306 2
2186 2187 2
2187 2307 2
2187 2188 2
2188 2308 2
2188 2189 2
2189 2309 2
2189 2190 2
2190 2310 2
2190 2191 2
2191 2311 2
2191 2192 2
2192 2312 2
2192 2193 2
2193 2313 2
2193 2194 2
2194 2314 2
2194 2195 2
2195 2315 2
2195 2196 2
2196 2316 2
2196 2197 2
2197 2317 2
2197 2198 2
2198 2318 2
2198 2199 2
2199 2319 2
2199 2200 2
2200 2320 2
2200 2201 2
2201 2321 2
2201 2202 2
2202 2322 2
2202 2203 2
2203 2323 2
2203 2204 2
2204 2324 2
2204 2205 2
2205 2325 2
2205 2206 2
2206 2326 2
2206 2207 2
2207 2327 2
2207 2208 2
2208 2328 2
2208 2209 2
2209 2329 2
2209 2210 2
2210 2330 2
2210 2211 2
2211 2331 2
2211 2212 2
2212 2332 2
2212 2213 2
2213 2333 2
2213 2214 2
2214 2334 2
2214 2215 2
2215 2335 2
2215 2216 2
2216 2336 2
2216 2217 2
2217 2337 2
2217 2218 2
2218 2338 2
2218 2219 2
2219 2339 2
2219 2220 2
2220 2340 2
2220 2221 2
2221 2341 2
2221 2222 2
2222 2342 2
2222 2223 2
2223 2343 2
2223 2224 2
2224 2344 2
2224 2225 2
2225 2345 2
2225 2226 2
2226 2346 2
2226 2227 2
2227 2347 2
2227 2228 2
2228 2348 2
2228 2229 2
2229 2349 2
2229 2230 2
2230 2350 2
2230 2231 2
2231 2351 2
2231 2232 2
2232 2352 2
2232 2233 2
2233 2353 2
2233 2234 2
2234 2354 2
2234 2235 2
2235 2355 2
2235 2236 2
2236 2356 2
2236 2237 2
2237 2357 2
2237 2238 2
2238 2358 2
2238 2239 2
2239 2359 2
2239 2240 2
2240 2360 2
2240 2241 2
2241 2361 2
2241 2242 2
2242 2362 2
2242 2243 2
2243 2363 2
2243 2244 2
2244 2364 2
2244 2245 2
2245 2365 2
2245 2246 2
2246 2366 2
2246 2247 2
2247 2367 2
2247 2248 2
2248 2368 2
2248 2249 2
2249 2369 2
2249 2250 2
2250 2370 2
2250 2251 2
2251 2371 2
2251 2252 2
2252 2372 2
2252 2253 2
2253 2373 2
2253 2254 2
2254 2374 2
2254 2255 2
2255 2375 2
2255 2256 2
2256 2376 2
2256 2257 2
2257 2377 2
2257 2258 2
2258 2378 2
2258 2259 2
2259 2379 2
2259 2260 2
2260 2380 2
2260 2261 2
2261 2381 2
2261 2262 2
2262 2382 2
2262 2263 2
2263 2383 2
2263 2264 2
2264 2384 2
2264 2265 2
2265 2385 2
2265 2266 2
2266 2386 2
2266 2267 2
2267 2387 2
2267 2268 2
2268 2388 2
2268 2269 2
2269 2389 2
2269 2270 2
2270 2390 2
2270 2271 2
2271 2391 2
2271 2272 2
2272 2392 2
2272 2273 2
2273 2393 2
2273 2274 2
2274 2394 2
2274 2275 2
2275 2395 2
2275 2276 2
2276 2396 2
2276 2277 2
2277 2397 2
2277 2278 2
2278 2398 2
2278 2279 2
2279 2399 2
2280 2400 2
2280 2399 2
2280 2281 2
2281 2401 2
2281 2282 2
2282 2402 2
2282 2283 2
2283 2403 2
2283 2284 2
2284 2404 2
2284 2285 2
2285 2405 2
2285 2286 2
2286 2406 2
2286 2287 2
2287 2407 2
2287 2288 2
2288 2408 2
2288 2289 2
2289 2409 2
2289 2290 2
2290 2410 2
2290 2291 2
2291 2411 2
2291 2292 2
2292 2412 2
2292 2293 2
2293 2413 2
2293 2294 2
2294 2414 2
2294 2295 2
2295 2415 2
2295 2296 2
2296 2416 2
2296 2297 2
2297 2417 2
2297 2298 2
2298 2418 2
2298 2299 2
2299 2419 2
2299 2300 2
2300 2420 2
2300 2301 2
2301 2421 2
2301 2302 2
2302 2422 2
2302 2303 2
2303 2423 2
2303 2304 2
2304 2424 2
2304 2305 2
2305 2425 2
2305 2306 2
2306 2426 2
2306 2307 2
2307 2427 2
2307 2308 2
2308 2428 2
2308 2309 2
2309 2429 2
2309 2310 2
2310 2430 2
2310 2311 2
2311 2431 2
2311 2312 2
2312 2432 2
2312 2313 2
2313 2433 2
2313 2314 2
2314 2434 2
2314 2315 2
2315 2435 2
2315 2316 2
2316 2436 2
2316 2317 2
2317 2437 2
2317 2318 2
2318 2438 2
2318 2319 2
2319 2439 2
2319 2320 2
2320 2440 2
2320 2321 2
2321 2441 2
2321 2322 2
2322 2442 2
2322 2323 2
2323 2443 2
2323 2324 2
2324 2444 2
2324 2325 2
2325 2445 2
2325 2326 2
2326 2446 2
2326 2327 2
2327 2447 2
2327 2328 2
2328 2448 2
2328 2329 2
2329 2449 2
2329 2330 2
2330 2450 2
2330 2331 2
2331 2451 2
2331 2332 2
2332 2452 2
2332 2333 2
2333 2453 2
2333 2334 2
2334 2454 2
2334 2335 2
2335 2455 2
2335 2336 2
2336 2456 2
2336 2337 2
2337 2457 2
2337 2338 2
2338 2458 2
2338 2339 2
2339 2459 2
2339 2340 2
2340 2460 2
2340 2341 2
2341 2461 2
2341 2342 2
2342 2462 2
2342 2343 2
2343 2463 2
2343 2344 2
2344 2464 2
2344 2345 2
2345 2465 2
2345 2346 2
2346 2466 2
2346 2347 2
2347 2467 2
2347 2348 2
2348 2468 2
2348 2349 2
2349 2469 2
2349 2350 2
2350 2470 2
2350 2351 2
2351 2471 2
2351 2352 2
2352 2472 2
2352 2353 2
2353 2473 2
2353 2354 2
2354 2474 2
2354 2355 2
2355 2475 2
2355 2356 2
2356 2476 2
2356 2357 2
2357 2477 2
2357 2358 2
2358 2478 2
2358 2359 2
2359 2479 2
2359 2360 2
2360 2480 2
2360 2361 2
2361 2481 2
2361 2362 2
2362 2482 2
2362 2363 2
2363 2483 2
2363 2364 2
2364 2484 2
2364 2365 2
2365 2485 2
2365 2366 2
2366 2486 2
2366 2367 2
2367 2487 2
2367 2368 2
2368 2488 2
2368 2369 2
2369 2489 2
2369 2370 2
2370 2490 2
2370 2371 2
2371 2491 2
2371 2372 2
2372 2492 2
2372 2373 2
2373 2493 2
2373 2374 2
2374 2494 2
2374 2375 2
2375 2495 2
2375 2376 2
2376 2496 2
2376 2377 2
2377 2497 2
2377 2378 2
2378 2498 2
2378 2379 2
2379 2499 2
2379 2380 2
2380 2500 2
2380 2381 2
2381 2501 2
2381 2382 2
2382 2502 2
2382 2383 2
2383 2503 2
2383 2384 2
2384 2504 2
2384 2385 2
2385 2505 2
2385 2386 2
2386 2506 2
2386 2387 2
2387 2507 2
2387 2388 2
2388 2508 2
2388 2389 2
2389 2509 2
2389 2390 2
2390 2510 2
2390 2391 2
2391 2511 2
2391 2392 2
2392 2512 2
2392 2393 2
2393 2513 2
2393 2394 2
2394 2514 2
2394 2395 2
2395 2515 2
2395 2396 2
2396 2516 2
2396 2397 2
2397 2517 2
2397 2398 2
2398 2518 2
2398 2399 2
2399 2519 2
2400 2520 2
2400 2519 2
2400 2401 2
2401 2521 2
2401 2402 2
2402 2522 2
2402 2403 2
2403 2523 2
2403 2404 2
2404 2524 2
2404 2405 2
2405 2525 2
2405 2406 2
2406 2526 2
2406 2407 2
2407 2527 2
2407 2408 2
2408 2528 2
2408 2409 2
2409 2529 2
2409 2410 2
2410 2530 2
2410 2411 2
2411 2531 2
2411 2412 2
2412 2532 2
2412 2413 2
2413 2533 2
2413 2414 2
2414 2534 2
2414 2415 2
2415 2535 2
2415 2416 2
2416 2536 2
2416 2417 2
2417 2537 2
2417 2418 2
2418 2538 2
2418 2419 2
2419 2539 2
2419 2420 2
2420 2540 2
2420 2421 2
2421 2541 2
2421 2422 2
2422 2542 2
2422 2423 2
2423 2543 2
2423 2424 2
2424 2544 2
2424 2425 2
2425 2545 2
2425 2426 2
2426 2546 2
2426 2427 2
2427 2547 2
2427 2428 2
2428 2548 2
2428 2429 2
2429 2549 2
2429 2430 2
2430 2550 2
2430 2431 2
2431 2551 2
2431 2432 2
2432 2552 2
2432 2433 2
2433 2553 2
2433 2434 2
2434 2554 2
2434 2435 2
2435 2555 2
2435 2436 2
2436 2556 2
2436 2437 2
2437 2557 2
2437 2438 2
2438 2558 2
2438 2439 2
2439 2559 2
2439 2440 2
2440 2560 2
2440 2441 2
2441 2561 2
2441 2442 2
2442 2562 2
2442 2443 2
2443 2563 2
2443 2444 2
2444 2564 2
2444 2445 2
2445 2565 2
2445 2446 2
2446 2566 2
2446 2447 2
2447 2567 2
2447 2448 2
2448 2568 2
2448 2449 2
2449 2569 2
2449 2450 2
2450 2570 2
2450 2451 2
2451 2571 2
2451 2452 2
2452 2572 2
2452 2453 2
2453 2573 2
2453 2454 2
2454 2574 2
2454 2455 2
2455 2575 2
2455 2456 2
2456 2576 2
2456 2457 2
2457 2577 2
2457 2458 2
2458 2578 2
2458 2459 2
2459 2579 2
2459 2460 2
2460 2580 2
2460 2461 2
2461 2581 2
2461 2462 2
2462 2582 2
2462 2463 2
2463 2583 2
2463 2464 2
2464 2584 2
2464 2465 2
2465 2585 2
2465 2466 2
2466 2586 2
2466 2467 2
2467 2587 2
2467 2468 2
2468 2588 2
2468 2469 2
2469 2589 2
2469 2470 2
2470 2590 2
2470 2471 2
2471 2591 2
2471 2472 2
2472 2592 2
2472 2473 2
2473 2593 2
2473 2474 2
2474 2594 2
2474 2475 2
2475 2595 2
2475 2476 2
2476 2596 2
2476 2477 2
2477 2597 2
2477 2478 2
2478 2598 2
2478 2479 2
2479 2599 2
2479 2480 2
2480 2600 2
2480 2481 2
2481 2601 2
2481 2482 2
2482 2602 2
2482 2483 2
2483 2603 2
2483 2484 2
2484 2604 2
2484 2485 2
2485 2605 2
2485 2486 2
2486 2606 2
2486 2487 2
2487 2607 2
2487 2488 2
2488 2608 2
2488 2489 2
2489 2609 2
2489 2490 2
2490 2610 2
2490 2491 2
2491 2611 2
2491 2492 2
2492 2612 2
2492 2493 2
2493 2613 2
2493 2494 2
2494 2614 2
2494 2495 2
2495 2615 2
2495 2496 2
2496 2616 2
2496 2497 2
2497 2617 2
2497 2498 2
2498 2618 2
2498 2499 2
2499 2619 2
2499 2500 2
2500 2620 2
2500 2501 2
2501 2621 2
2501 2502 2
2502 2622 2
2502 2503 2
2503 2623 2
2503 2504 2
2504 2624 2
2504 2505 2
2505 2625 2
2505 2506 2
2506 2626 2
2506 2507 2
2507 2627 2
2507 2508 2
2508 2628 2
2508 2509 2
2509 2629 2
2509 2510 2
2510 2630 2
2510 2511 2
2511 2631 2
2511 2512 2
2512 2632 2
2512 2513 2
2513 2633 2
2513 2514 2
2514 2634 2
2514 2515 2
2515 2635 2
2515 2516 2
2516 2636 2
2516 2517 2
2517 2637 2
2517 2518 2
2518 2638 2
2518 2519 2
2519 2639 2
2520 2640 2
2520 2639 2
2520 2521 2
2521 2641 2
2521 2522 2
2522 2642 2
2522 2523 2
2523 2643 2
2523 2524 2
2524 2644 2
2524 2525 2
2525 2645 2
2525 2526 2
2526 2646 2
2526 2527 2
2527 2647 2
2527 2528 2
2528 2648 2
2528 2529 2
2529 2649 2
2529 2530 2
2530 2650 2
2530 2531 2
2531 2651 2
2531 2532 2
2532 2652 2
2532 2533 2
2533 2653 2
2533 2534 2
2534 2654 2
2534 2535 2
2535 2655 2
2535 2536 2
2536 2656 2
2536 2537 2
2537 2657 2
2537 2538 2
2538 2658 2
2538 2539 2
2539 2659 2
2539 2540 2
2540 2660 2
2540 2541 2
2541 2661 2
2541 2542 2
2542 2662 2
2542 2543 2
2543 2663 2
2543 2544 2
2544 2664 2
2544 2545 2
2545 2665 2
2545 2546 2
2546 2666 2
2546 2547 2
2547 2667 2
2547 2548 2
2548 2668 2
2548 2549 2
2549 2669 2
2549 2550 2
2550 2670 2
2550 2551 2
2551 2671 2
2551 2552 2
2552 2672 2
2552 2553 2
2553 2673 2
2553 2554 2
2554 2674 2
2554 2555 2
2555 2675 2
2555 2556 2
2556 2676 2
2556 2557 2
2557 2677 2
2557 2558 2
2558 2678 2
2558 2559 2
2559 2679 2
2559 2560 2
2560 2680 2
2560 2561 2
2561 2681 2
2561 2562 2
2562 2682 2
2562 2563 2
2563 2683 2
2563 2564 2
2564 2684 2
2564 2565 2
2565 2685 2
2565 2566 2
2566 2686 2
2566 2567 2
2567 2687 2
2567 2568 2
2568 2688 2
2568 2569 2
2569 2689 2
2569 2570 2
2570 2690 2
2570 2571 2
2571 2691 2
2571 2572 2
2572 2692 2
2572 2573 2
2573 2693 2
2573 2574 2
2574 2694 2
2574 2575 2
2575 2695 2
2575 2576 2
2576 2696 2
2576 2577 2
2577 2697 2
2577 2578 2
2578 2698 2
2578 2579 2
2579 2699 2
2579 2580 2
2580 2700 2
2580 2581 2
2581 2701 2
2581 2582 2
2582 2702 2
2582 2583 2
2583 2703 2
2583 2584 2
2584 2704 2
2584 2585 2
2585 2705 2
2585 2586 2
2586 2706 2
2586 2587 2
2587 2707 2
2587 2588 2
2588 2708 2
2588 2589 2
2589 2709 2
2589 2590 2
2590 2710 2
2590 2591 2
2591 2711 2
2591 2592 2
2592 2712 2
2592 2593 2
2593 2713 2
2593 2594 2
2594 2714 2
2594 2595 2
2595 2715 2
2595 2596 2
2596 2716 2
2596 2597 2
2597 2717 2
2597 2598 2
2598 2718 2
2598 2599 2
2599 2719 2
2599 2600 2
2600 2720 2
2600 2601 2
2601 2721 2
2601 2602 2
2602 2722 2
2602 2603 2
2603 2723 2
2603 2604 2
2604 2724 2
2604 2605 2
2605 2725 2
2605 2606 2
2606 2726 2
2606 2607 2
2607 2727 2
2607 2608 2
2608 2728 2
2608 2609 2
2609 2729 2
2609 2610 2
2610 2730 2
2610 2611 2
2611 2731 2
2611 2612 2
2612 2732 2
2612 2613 2
2613 2733 2
2613 2614 2
2614 2734 2
2614 2615 2
2615 2735 2
2615 2616 2
2616 2736 2
2616 2617 2
2617 2737 2
2617 2618 2
2618 2738 2
2618 2619 2
2619 2739 2
2619 2620 2
2620 2740 2
2620 2621 2
2621 2741 2
2621 2622 2
2622 2742 2
2622 2623 2
2623 2743 2
2623 2624 2
2624 2744 2
2624 2625 2
2625 2745 2
2625 2626 2
2626 2746 2
2626 2627 2
2627 2747 2
2627 2628 2
2628 2748 2
2628 2629 2
2629 2749 2
2629 2630 2
2630 2750 2
2630 2631 2
2631 2751 2
2631 2632 2
2632 2752 2
2632 2633 2
2633 2753 2
2633 2634 2
2634 2754 2
2634 2635 2
2635 2755 2
2635 2636 2
2636 2756 2
2636 2637 2
2637 2757 2
2637 2638 2
2638 2758 2
2638 2639 2
2639 2759 2
2640 2760 2
2640 2759 2
2640 2641 2
2641 2761 2
2641 2642 2
2642 2762 2
2642 2643 2
2643 2763 2
2643 2644 2
2644 2764 2
2644 2645 2
2645 2765 2
2645 2646 2
2646 2766 2
2646 2647 2
2647 2767 2
2647 2648 2
2648 2768 2
2648 2649 2
2649 2769 2
2649 2650 2
2650 2770 2
2650 2651 2
2651 2771 2
2651 2652 2
2652 2772 2
2652 2653 2
2653 2773 2
2653 2654 2
2654 2774 2
2654 2655 2
2655 2775 2
2655 2656 2
2656 2776 2
2656 2657 2
2657 2777 2
2657 2658 2
2658 2778 2
2658 2659 2
2659 2779 2
2659 2660 2
2660 2780 2
2660 2661 2
2661 2781 2
2661 2662 2
2662 2782 2
2662 2663 2
2663 2783 2
2663 2664 2
2664 2784 2
2664 2665 2
2665 2785 2
2665 2666 2
2666 2786 2
2666 2667 2
2667 2787 2
2667 2668 2
2668 2788 2
2668 2669 2
2669 2789 2
2669 2670 2
2670 2790 2
2670 2671 2
2671 2791 2
2671 2672 2
2672 2792 2
2672 2673 2
2673 2793 2
2673 2674 2
2674 2794 2
2674 2675 2
2675 2795 2
2675 2676 2
2676 2796 2
2676 2677 2
2677 2797 2
2677 2678 2
2678 2798 2
2678 2679 2
2679 2799 2
2679 2680 2
2680 2800 2
2680 2681 2
2681 2801 2
2681 2682 2
2682 2802 2
2682 2683 2
2683 2803 2
2683 2684 2
2684 2804 2
2684 2685 2
2685 2805 2
2685 2686 2
2686 2806 2
2686 2687 2
2687 2807 2
2687 2688 2
2688 2808 2
2688 2689 2
2689 2809 2
2689 2690 2
2690 2810 2
2690 2691 2
2691 2811 2
2691 2692 2
2692 2812 2
2692 2693 2
2693 2813 2
2693 2694 2
2694 2814 2
2694 2695 2
2695 2815 2
2695 2696 2
2696 2816 2
2696 2697 2
2697 2817 2
2697 2698 2
2698 2818 2
2698 2699 2
2699 2819 2
2699 2700 2
2700 2820 2
2700 2701 2
2701 2821 2
2701 2702 2
2702 2822 2
2702 2703 2
2703 2823 2
2703 2704 2
2704 2824 2
2704 2705 2
2705 2825 2
2705 2706 2
2706 2826 2
2706 2707 2
2707 2827 2
2707 2708 2
2708 2828 2
2708 2709 2
2709 2829 2
2709 2710 2
2710 2830 2
2710 2711 2
2711 2831 2
2711 2712 2
2712 2832 2
2712 2713 2
2713 2833 2
2713 2714 2
2714 2834 2
2714 2715 2
2715 2835 2
2715 2716 2
2716 2836 2
2716 2717 2
2717 2837 2
2717 2718 2
2718 2838 2
2718 2719 2
2719 2839 2
2719 2720 2
2720 2840 2
2720 2721 2
2721 2841 2
2721 2722 2
2722 2842 2
2722 2723 2
2723 2843 2
2723 2724 2
2724 2844 2
2724 2725 2
2725 2845 2
2725 2726 2
2726 2846 2
2726 2727 2
2727 2847 2
2727 2728 2
2728 2848 2
2728 2729 2
2729 2849 2
2729 2730 2
2730 2850 2
2730 2731 2
2731 2851 2
2731 2732 2
2732 2852 2
2732 2733 2
2733 2853 2
2733 2734 2
2734 2854 2
2734 2735 2
2735 2855 2
2735 2736 2
2736 2856 2
2736 2737 2
2737 2857 2
2737 2738 2
2738 2858 2
2738 2739 2
2739 2859 2
2739 2740 2
2740 2860 2
2740 2741 2
2741 2861 2
2741 2742 2
2742 2862 2
2742 2743 2
2743 2863 2
2743 2744 2
2744 2864 2
2744 2745 2
2745 2865 2
2745 2746 2
2746 2866 2
2746 2747 2
2747 2867 2
2747 2748 2
2748 2868 2
2748 2749 2
2749 2869 2
2749 2750 2
2750 2870 2
2750 2751 2
2751 2871 2
2751 2752 2
2752 2872 2
2752 2753 2
2753 2873 2
2753 2754 2
2754 2874 2
2754 2755 2
2755 2875 2
2755 2756 2
2756 2876 2
2756 2757 2
2757 2877 2
2757 2758 2
2758 2878 2
2758 2759 2
2759 2879 2
2760 2880 2
2760 2879 2
2760 2761 2
2761 2881 2
2761 2762 2
2762 2882 2
2762 2763 2
2763 2883 2
2763 2764 2
2764 2884 2
2764 2765 2
2765 2885 2
2765 2766 2
2766 2886 2
2766 2767 2
2767 2887 2
2767 2768 2
2768 2888 2
2768 2769 2
2769 2889 2
2769 2770 2
2770 2890 2
2770 2771 2
2771 2891 2
2771 2772 2
2772 2892 2
2772 2773 2
2773 2893 2
2773 2774 2
2774 2894 2
2774 2775 2
2775 2895 2
2775 2776 2
2776 2896 2
2776 2777 2
2777 2897 2
2777 2778 2
2778 2898 2
2778 2779 2
2779 2899 2
2779 2780 2
2780 2900 2
2780 2781 2
2781 2901 2
2781 2782 2
2782 2902 2
2782 2783 2
2783 2903 2
2783 2784 2
2784 2904 2
2784 2785 2
2785 2905 2
2785 2786 2
2786 2906 2
2786 2787 2
2787 2907 2
2787 2788 2
2788 2908 2
2788 2789 2
2789 2909 2
2789 2790 2
2790 2910 2
2790 2791 2
2791 2911 2
2791 2792 2
2792 2912 2
2792 2793 2
2793 2913 2
2793 2794 2
2794 2914 2
2794 2795 2
2795 2915 2
2795 2796 2
2796 2916 2
2796 2797 2
2797 2917 2
2797 2798 2
2798 2918 2
2798 2799 2
2799 2919 2
2799 2800 2
2800 2920 2
2800 2801 2
2801 2921 2
2801 2802 2
2802 2922 2
2802 2803 2
2803 2923 2
2803 2804 2
2804 2924 2
2804 2805 2
2805 2925 2
2805 2806 2
2806 2926 2
2806 2807 2
2807 2927 2
2807 2808 2
2808 2928 2
2808 2809 2
2809 2929 2
2809 2810 2
2810 2930 2
2810 2811 2
2811 2931 2
2811 2812 2
2812 2932 2
2812 2813 2
2813 2933 2
2813 2814 2
2814 2934 2
2814 2815 2
2815 2935 2
2815 2816 2
2816 2936 2
2816 2817 2
2817 2937 2
2817 2818 2
2818 2938 2
2818 2819 2
2819 2939 2
2819 2820 2
2820 2940 2
2820 2821 2
2821 2941 2
2821 2822 2
2822 2942 2
2822 2823 2
2823 2943 2
2823 2824 2
2824 2944 2
2824 2825 2
2825 2945 2
2825 2826 2
2826 2946 2
2826 2827 2
2827 2947 2
2827 2828 2
2828 2948 2
2828 2829 2
2829 2949 2
2829 2830 2
2830 2950 2
2830 2831 2
2831 2951 2
2831 2832 2
2832 2952 2
2832 2833 2
2833 2953 2
2833 2834 2
2834 2954 2
2834 2835 2
2835 2955 2
2835 2836 2
2836 2956 2
2836 2837 2
2837 2957 2
2837 2838 2
2838 2958 2
2838 2839 2
2839 2959 2
2839 2840 2
2840 2960 2
2840 2841 2
2841 2961 2
2841 2842 2
2842 2962 2
2842 2843 2
2843 2963 2
2843 2844 2
2844 2964 2
2844 2845 2
2845 2965 2
2845 2846 2
2846 2966 2
2846 2847 2
2847 2967 2
2847 2848 2
2848 2968 2
2848 2849 2
2849 2969 2
2849 2850 2
2850 2970 2
2850 2851 2
2851 2971 2
2851 2852 2
2852 2972 2
2852 2853 2
2853 2973 2
2853 2854 2
2854 2974 2
2854 2855 2
2855 2975 2
2855 2856 2
2856 2976 2
2856 2857 2
2857 2977 2
2857 2858 2
2858 2978 2
2858 2859 2
2859 2979 2
2859 2860 2
2860 2980 2
2860 2861 2
2861 2981 2
2861 2862 2
2862 2982 2
2862 2863 2
2863 2983 2
2863 2864 2
2864 2984 2
2864 2865 2
2865 2985 2
2865 2866 2
2866 2986 2
2866 2867 2
2867 2987 2
2867 2868 2
2868 2988 2
2868 2869 2
2869 2989 2
2869 2870 2
2870 2990 2
2870 2871 2
2871 2991 2
2871 2872 2
2872 2992 2
2872 2873 2
2873 2993 2
2873 2874 2
2874 2994 2
2874 2875 2
2875 2995 2
2875 2876 2
2876 2996 2
2876 2877 2
2877 2997 2
2877 2878 2
2878 2998 2
2878 2879 2
2879 2999 2
2880 2999 2
2880 2881 2
2881 2882 2
2882 2883 2
2883 2884 2
2884 2885 2
2885 2886 2
2886 2887 2
2887 2888 2
2888 2889 2
2889 2890 2
2890 2891 2
2891 2892 2
2892 2893 2
2893 2894 2
2894 2895 2
2895 2896 2
2896 2897 2
2897 2898 2
2898 2899 2
2899 2900 2
2900 2901 2
2901 2902 2
2902 2903 2
2903 2904 2
2904 2905 2
2905 2906 2
2906 2907 2
2907 2908 2
2908 2909 2
2909 2910 2
2910 2911 2
2911 2912 2
2912 2913 2
2913 2914 2
2914 2915 2
2915 2916 2
2916 2917 2
2917 2918 2
2918 2919 2
2919 2920 2
2920 2921 2
2921 2922 2
2922 2923 2
2923 2924 2
2924 2925 2
2925 2926 2
2926 2927 2
2927 2928 2
2928 2929 2
2929 2930 2
2930 2931 2
2931 2932 2
2932 2933 2
2933 2934 2
2934 2935 2
2935 2936 2
2936 2937 2
2937 2938 2
2938 2939 2
2939 2940 2
2940 2941 2
2941 2942 2
2942 2943 2
2943 2944 2
2944 2945 2
2945 2946 2
2946 2947 2
2947 2948 2
2948 2949 2
2949 2950 2
2950 2951 2
2951 2952 2
2952 2953 2
2953 2954 2
2954 2955 2
2955 2956 2
2956 2957 2
2957 2958 2
2958 2959 2
2959 2960 2
2960 2961 2
2961 2962 2
2962 2963 2
2963 2964 2
2964 2965 2
2965 2966 2
2966 2967 2
2967 2968 2
2968 2969 2
2969 2970 2
2970 2971 2
2971 2972 2
2972 2973 2
2973 2974 2
2974 2975 2
2975 2976 2
2976 2977 2
2977 2978 2
2978 2979 2
2979 2980 2
2980 2981 2
2981 2982 2
2982 2983 2
2983 2984 2
2984 2985 2
2985 2986 2
2986 2987 2
2987 2988 2
2988 2989 2
2989 2990 2
2990 2991 2
2991 2992 2
2992 2993 2
2993 2994 2
2994 2995 2
2995 2996 2
2996 2997 2
2997 2998 2
2998 2999 2
0 0 -4
1 1 -4
2 2 -4
3 3 -4
4 4 -4
5 5 -4
6 6 -4
7 7 -4
8 8 -4
9 9 -4
10 10 -4
11 11 -4
12 12 -4
13 13 -4
14 14 -4
15 15 -4
16 16 -4
17 17 -4
18 18 -4
19 19 -4
20 20 -4
21 21 -4
22 22 -4
23 23 -4
24 24 -4
25 25 -4
26 26 -4
27 27 -4
28 28 -4
29 29 -4
30 30 -4
31 31 -4
32 32 -4
33 33 -4
34 34 -4
35 35 -4
36 36 -4
37 37 -4
38 38 -4
39 39 -4
40 40 -4
41 41 -4
42 42 -4
43 43 -4
44 44 -4
45 45 -4
46 46 -4
47 47 -4
48 48 -4
49 49 -4
50 50 -4
51 51 -4
52 52 -4
53 53 -4
54 54 -4
55 55 -4
56 56 -4
57 57 -4
58 58 -4
59 59 -4
60 60 -4
61 61 -4
62 62 -4
63 63 -4
64 64 -4
65 65 -4
66 66 -4
67 67 -4
68 68 -4
69 69 -4
70 70 -4
71 71 -4
72 72 -4
73 73 -4
74 74 -4
75 75 -4
76 76 -4
77 77 -4
78 78 -4
79 79 -4
80 80 -4
81 81 -4
82 82 -4
83 83 -4
84 84 -4
85 85 -4
86 86 -4
87 87 -4
88 88 -4
89 89 -4
90 90 -4
91 91 -4
92 92 -4
93 93 -4
94 94 -4
95 95 -4
96 96 -4
97 97 -4
98 98 -4
99 99 -4
100 100 -4
101 101 -4
102 102 -4
103 103 -4
104 104 -4
105 105 -4
106 106 -4
107 107 -4
108 108 -4
109 109 -4
110 110 -4
111 111 -4
112 112 -4
113 113 -4
114 114 -4
115 115 -4
116 116 -4
117 117 -4
118 118 -4
119 119 -4
120 120 -4
121 121 -4
122 122 -4
123 123 -4
124 124 -4
125 125 -4
126 126 -4
127 127 -4
128 128 -4
129 129 -4
130 130 -4
131 131 -4
132 132 -4
133 133 -4
134 134 -4
135 135 -4
136 136 -4
137 137 -4
138 138 -4
139 139 -4
140 140 -4
141 141 -4
142 142 -4
143 143 -4
144 144 -4
145 145 -4
146 146 -4
147 147 -4
148 148 -4
149 149 -4
150 150 -4
151 151 -4
152 152 -4
153 153 -4
154 154 -4
155 155 -4
156 156 -4
157 157 -4
158 158 -4
159 159 -4
160 160 -4
161 161 -4
162 162 -4
163 163 -4
164 164 -4
165 165 -4
166 166 -4
167 167 -4
168 168 -4
169 169 -4
170 170 -4
171 171 -4
172 172 -4
173 173 -4
174 174 -4
175 175 -4
176 176 -4
177 177 -4
178 178 -4
179 179 -4
180 180 -4
181 181 -4
182 182 -4
183 183 -4
184 184 -4
185 185 -4
186 186 -4
187 187 -4
188 188 -4
189 189 -4
190 190 -4
191 191 -4
192 192 -4
193 193 -4
194 194 -4
195 195 -4
196 196 -4
197 197 -4
198 198 -4
199 199 -4
200 200 -4
201 201 -4
202 202 -4
203 203 -4
204 204 -4
205 205 -4
206 206 -4
207 207 -4
208 208 -4
209 209 -4
210 210 -4
211 211 -4
212 212 -4
213 213 -4
214 214 -4
215 215 -4
216 216 -4
217 217 -4
218 218 -4
219 219 -4
220 220 -4
221 221 -4
222 222 -4
223 223 -4
224 224 -4
225 225 -4
226 226 -4
227 227 -4
228 228 -4
229 229 -4
230 230 -4
231 231 -4
232 232 -4
233 233 -4
234 234 -4
235 235 -4
236 236 -4
237 237 -4
238 238 -4
239 239 -4
240 240 -4
241 241 -4
242 242 -4
243 243 -4
244 244 -4
245 245 -4
246 246 -4
247 247 -4
248 248 -4
249 249 -4
250 250 -4
251 251 -4
252 252 -4
253 253 -4
254 254 -4
255 255 -4
256 256 -4
257 257 -4
258 258 -4
259 259 -4
260 260 -4
261 261 -4
262 262 -4
263 263 -4
264 264 -4
265 265 -4
266 266 -4
267 267 -4
268 268 -4
269 269 -4
270 270 -4
271 271 -4
272 272 -4
273 273 -4
274 274 -4
275 275 -4
276 276 -4
277 277 -4
278 278 -4
279 279 -4
280 280 -4
281 281 -4
282 282 -4
283 283 -4
284 284 -4
285 285 -4
286 286 -4
287 287 -4
288 288 -4
289 289 -4
290 290 -4
291 291 -4
292 292 -4
293 293 -4
294 294 -4
295 295 -4
296 296 -4
297 297 -4
298 298 -4
299 299 -4
300 300 -4
301 301 -4
302 302 -4
303 303 -4
304 304 -4
305 305 -4
306 306 -4
307 307 -4
308 308 -4
309 309 -4
310 310 -4
311 311 -4
312 312 -4
313 313 -4
314 314 -4
315 315 -4
316 316 -4
317 317 -4
318 318 -4
319 319 -4
320 320 -4
321 321 -4
322 322 -4
323 323 -4
324 324 -4
325 325 -4
326 326 -4
327 327 -4
328 328 -4
329 329 -4
330 330 -4
331 331 -4
332 332 -4
333 333 -4
334 334 -4
335 335 -4
336 336 -4
337 337 -4
338 338 -4
339 339 -4
340 340 -4
341 341 -4
342 342 -4
343 343 -4
344 344 -4
345 345 -4
346 346 -4
347 347 -4
348 348 -4
349 349 -4
350 350 -4
351 351 -4
352 352 -4
353 353 -4
354 354 -4
355 355 -4
356 356 -4
357 357 -4
358 358 -4
359 359 -4
360 360 -4
361 361 -4
362 362 -4
363 363 -4
364 364 -4
365 365 -4
366 366 -4
367 367 -4
368 368 -4
369 369 -4
370 370 -4
371 371 -4
372 372 -4
373 373 -4
374 374 -4
375 375 -4
376 376 -4
377 377 -4
378 378 -4
379 379 -4
380 380 -4
381 381 -4
382 382 -4
383 383 -4
384 384 -4
385 385 -4
386 386 -4
387 387 -4
388 388 -4
389 389 -4
390 390 -4
391 391 -4
392 392 -4
393 393 -4
394 394 -4
395 395 -4
396 396 -4
397 397 -4
398 398 -4
399 399 -4
400 400 -4
401 401 -4
402 402 -4
403 403 -4
404 404 -4
405 405 -4
406 406 -4
407 407 -4
408 408 -4
409 409 -4
410 410 -4
411 411 -4
412 412 -4
413 413 -4
414 414 -4
415 415 -4
416 416 -4
417 417 -4
418 418 -4
419 419 -4
420 420 -4
421 421 -4
422 422 -4
423 423 -4
424 424 -4
425 425 -4
426 426 -4
427 427 -4
428 428 -4
429 429 -4
430 430 -4
431 431 -4
432 432 -4
433 433 -4
434 434 -4
435 435 -4
436 436 -4
437 437 -4
438 438 -4
439 439 -4
440 440 -4
441 441 -4
442 442 -4
443 443 -4
444 444 -4
445 445 -4
446 446 -4
447 447 -4
448 448 -4
449 449 -4
450 450 -4
451 451 -4
452 452 -4
453 453 -4
454 454 -4
455 455 -4
456 456 -4
457 457 -4
458 458 -4
459 459 -4
460 460 -4
461 461 -4
462 462 -4
463 463 -4
464 464 -4
465 465 -4
466 466 -4
467 467 -4
468 468 -4
469 469 -4
470 470 -4
471 471 -4
472 472 -4
473 473 -4
474 474 -4
475 475 -4
476 476 -4
477 477 -4
478 478 -4
479 479 -4
480 480 -4
481 481 -4
482 482 -4
483 483 -4
484 484 -4
485 485 -4
486 486 -4
487 487 -4
488 488 -4
489 489 -4
490 490 -4
491 491 -4
492 492 -4
493 493 -4
494 494 -4
495 495 -4
496 496 -4
497 497 -4
498 498 -4
499 499 -4
500 500 -4
501 501 -4
502 502 -4
503 503 -4
504 504 -4
505 505 -4
506 506 -4
507 507 -4
508 508 -4
509 509 -4
510 510 -4
511 511 -4
512 512 -4
513 513 -4
514 514 -4
515 515 -4
516 516 -4
517 517 -4
518 518 -4
519 519 -4
520 520 -4
521 521 -4
522 522 -4
523 523 -4
524 524 -4
525 525 -4
526 526 -4
527 527 -4
528 528 -4
529 529 -4
530 530 -4
531 531 -4
532 532 -4
533 533 -4
534 534 -4
535 535 -4
536 536 -4
537 537 -4
538 538 -4
539 539 -4
540 540 -4
541 541 -4
542 542 -4
543 543 -4
544 544 -4
545 545 -4
546 546 -4
547 547 -4
548 548 -4
549 549 -4
550 550 -4
551 551 -4
552 552 -4
553 553 -4
554 554 -4
555 555 -4
556 556 -4
557 557 -4
558 558 -4
559 559 -4
560 560 -4
561 561 -4
562 562 -4
563 563 -4
564 564 -4
565 565 -4
566 566 -4
567 567 -4
568 568 -4
569 569 -4
570 570 -4
571 571 -4
572 572 -4
573 573 -4
574 574 -4
575 575 -4
576 576 -4
577 577 -4
578 578 -4
579 579 -4
580 580 -4
581 581 -4
582 582 -4
583 583 -4
584 584 -4
585 585 -4
586 586 -4
587 587 -4
588 588 -4
589 589 -4
590 590 -4
591 591 -4
592 592 -4
593 593 -4
594 594 -4
595 595 -4
596 596 -4
597 597 -4
598 598 -4
599 599 -4
600 600 -4
601 601 -4
602 602 -4
603 603 -4
604 604 -4
605 605 -4
606 606 -4
607 607 -4
608 608 -4
609 609 -4
610 610 -4
611 611 -4
612 612 -4
613 613 -4
614 614 -4
615 615 -4
616 616 -4
617 617 -4
618 618 -4
619 619 -4
620 620 -4
621 621 -4
622 622 -4
623 623 -4
624 624 -4
625 625 -4
626 626 -4
627 627 -4
628 628 -4
629 629 -4
630 630 -4
631 631 -4
632 632 -4
633 633 -4
634 634 -4
635 635 -4
636 636 -4
637 637 -4
638 638 -4
639 639 -4
640 640 -4
641 641 -4
642 642 -4
643 643 -4
644 644 -4
645 645 -4
646 646 -4
647 647 -4
648 648 -4
649 649 -4
650 650 -4
651 651 -4
652 652 -4
653 653 -4
654 654 -4
655 655 -4
656 656 -4
657 657 -4
658 658 -4
659 659 -4
660 660 -4
661 661 -4
662 662 -4
663 663 -4
664 664 -4
665 665 -4
666 666 -4
667 667 -4
668 668 -4
669 669 -4
670 670 -4
671 671 -4
672 672 -4
673 673 -4
674 674 -4
675 675 -4
676 676 -4
677 677 -4
678 678 -4
679 679 -4
680 680 -4
681 681 -4
682 682 -4
683 683 -4
684 684 -4
685 685 -4
686 686 -4
687 687 -4
688 688 -4
689 689 -4
690 690 -4
691 691 -4
692 692 -4
693 693 -4
694 694 -4
695 695 -4
696 696 -4
697 697 -4
698 698 -4
699 699 -4
700 700 -4
701 701 -4
702 702 -4
703 703 -4
704 704 -4
705 705 -4
706 706 -4
707 707 -4
708 708 -4
709 709 -4
710 710 -4
711 711 -4
712 712 -4
713 713 -4
714 714 -4
715 715 -4
716 716 -4
717 717 -4
718 718 -4
719 719 -4
720 720 -4
721 721 -4
722 722 -4
723 723 -4
724 724 -4
725 725 -4
726 726 -4
727 727 -4
728 728 -4
729 729 -4
730 730 -4
731 731 -4
732 732 -4
733 733 -4
734 734 -4
735 735 -4
736 736 -4
737 737 -4
738 738 -4
739 739 -4
740 740 -4
741 741 -4
742 742 -4
743 743 -4
744 744 -4
745 745 -4
746 746 -4
747 747 -4
748 748 -4
749 749 -4
750 750 -4
751 751 -4
752 752 -4
753 753 -4
754 754 -4
755 755 -4
756 756 -4
757 757 -4
758 758 -4
759 759 -4
760 760 -4
761 761 -4
762 762 -4
763 763 -4
764 764 -4
765 765 -4
766 766 -4
767 767 -4
768 768 -4
769 769 -4
770 770 -4
771 771 -4
772 772 -4
773 773 -4
774 774 -4
775 775 -4
776 776 -4
777 777 -4
778 778 -4
779 779 -4
780 780 -4
781 781 -4
782 782 -4
783 783 -4
784 784 -4
785 785 -4
786 786 -4
787 787 -4
788 788 -4
789 789 -4
790 790 -4
791 791 -4
792 792 -4
793 793 -4
794 794 -4
795 795 -4
796 796 -4
797 797 -4
798 798 -4
799 799 -4
800 800 -4
801 801 -4
802 802 -4
803 803 -4
804 804 -4
805 805 -4
806 806 -4
807 807 -4
808 808 -4
809 809 -4
810 810 -4
811 811 -4
812 812 -4
813 813 -4
814 814 -4
815 815 -4
816 816 -4
817 817 -4
818 818 -4
819 819 -4
820 820 -4
821 821 -4
822 822 -4
823 823 -4
824 824 -4
825 825 -4
826 826 -4
827 827 -4
828 828 -4
829 829 -4
830 830 -4
831 831 -4
832 832 -4
833 833 -4
834 834 -4
835 835 -4
836 836 -4
837 837 -4
838 838 -4
839 839 -4
840 840 -4
841 841 -4
842 842 -4
843 843 -4
844 844 -4
845 845 -4
846 846 -4
847 847 -4
848 848 -4
849 849 -4
850 850 -4
851 851 -4
852 852 -4
853 853 -4
854 854 -4
855 855 -4
856 856 -4
857 857 -4
858 858 -4
859 859 -4
860 860 -4
861 861 -4
862 862 -4
863 863 -4
864 864 -4
865 865 -4
866 866 -4
867 867 -4
868 868 -4
869 869 -4
870 870 -4
871 871 -4
872 872 -4
873 873 -4
874 874 -4
875 875 -4
876 876 -4
877 877 -4
878 878 -4
879 879 -4
880 880 -4
881 881 -4
882 882 -4
883 883 -4
884 884 -4
885 885 -4
886 886 -4
887 887 -4
888 888 -4
889 889 -4
890 890 -4
891 891 -4
892 892 -4
893 893 -4
894 894 -4
895 895 -4
896 896 -4
897 897 -4
898 898 -4
899 899 -4
900 900 -4
901 901 -4
902 902 -4
903 903 -4
904 904 -4
905 905 -4
906 906 -4
907 907 -4
908 908 -4
909 909 -4
910 910 -4
911 911 -4
912 912 -4
913 913 -4
914 914 -4
915 915 -4
916 916 -4
917 917 -4
918 918 -4
919 919 -4
920 920 -4
921 921 -4
922 922 -4
923 923 -4
924 924 -4
925 925 -4
926 926 -4
927 927 -4
928 928 -4
929 929 -4
930 930 -4
931 931 -4
932 932 -4
933 933 -4
934 934 -4
935 935 -4
936 936 -4
937 937 -4
938 938 -4
939 939 -4
940 940 -4
941 941 -4
942 942 -4
943 943 -4
944 944 -4
945 945 -4
946 946 -4
947 947 -4
948 948 -4
949 949 -4
950 950 -4
951 951 -4
952 952 -4
953 953 -4
954 954 -4
955 955 -4
956 956 -4
957 957 -4
958 958 -4
959 959 -4
960 960 -4
961 961 -4
962 962 -4
963 963 -4
964 964 -4
965 965 -4
966 966 -4
967 967 -4
968 968 -4
969 969 -4
970 970 -4
971 971 -4
972 972 -4
973 973 -4
974 974 -4
975 975 -4
976 976 -4
977 977 -4
978 978 -4
979 979 -4
980 980 -4
981 981 -4
982 982 -4
983 983 -4
984 984 -4
985 985 -4
986 986 -4
987 987 -4
988 988 -4
989 989 -4
990 990 -4
991 991 -4
992 992 -4
993 993 -4
994 994 -4
995 995 -4
996 996 -4
997 997 -4
998 998 -4
999 999 -4
1000 1000 -4
1001 1001 -4
1002 1002 -4
1003 1003 -4
1004 1004 -4
1005 1005 -4
1006 1006 -4
1007 1007 -4
1008 1008 -4
1009 1009 -4
1010 1010 -4
1011 1011 -4
1012 1012 -4
1013 1013 -4
1014 1014 -4
1015 1015 -4
1016 1016 -4
1017 1017 -4
1018 1018 -4
1019 1019 -4
1020 1020 -4
1021 1021 -4
1022 1022 -4
1023 1023 -4
1024 1024 -4
1025 1025 -4
1026 1026 -4
1027 1027 -4
1028 1028 -4
1029 1029 -4
1030 1030 -4
1031 1031 -4
1032 1032 -4
1033 1033 -4
1034 1034 -4
1035 1035 -4
1036 1036 -4
1037 1037 -4
1038 1038 -4
1039 1039 -4
1040 1040 -4
1041 1041 -4
1042 1042 -4
1043 1043 -4
1044 1044 -4
1045 1045 -4
1046 1046 -4
1047 1047 -4
1048 1048 -4
1049 1049 -4
1050 1050 -4
1051 1051 -4
1052 1052 -4
1053 1053 -4
1054 1054 -4
1055 1055 -4
1056 1056 -4
1057 1057 -4
1058 1058 -4
1059 1059 -4
1060 1060 -4
1061 1061 -4
1062 1062 -4
1063 1063 -4
1064 1064 -4
1065 1065 -4
1066 1066 -4
1067 1067 -4
1068 1068 -4
1069 1069 -4
1070 1070 -4
1071 1071 -4
1072 1072 -4
1073 1073 -4
1074 1074 -4
1075 1075 -4
1076 1076 -4
1077 1077 -4
1078 1078 -4
1079 1079 -4
1080 1080 -4
1081 1081 -4
1082 1082 -4
1083 1083 -4
1084 1084 -4
1085 1085 -4
1086 1086 -4
1087 1087 -4
1088 1088 -4
1089 1089 -4
1090 1090 -4
1091 1091 -4
1092 1092 -4
1093 1093 -4
1094 1094 -4
1095 1095 -4
1096 1096 -4
1097 1097 -4
1098 1098 -4
1099 1099 -4
1100 1100 -4
1101 1101 -4
1102 1102 -4
1103 1103 -4
1104 1104 -4
1105 1105 -4
1106 1106 -4
1107 1107 -4
1108 1108 -4
1109 1109 -4
1110 1110 -4
1111 1111 -4
1112 1112 -4
1113 1113 -4
1114 1114 -4
1115 1115 -4
1116 1116 -4
1117 1117 -4
1118 1118 -4
1119 1119 -4
1120 1120 -4
1121 1121 -4
1122 1122 -4
1123 1123 -4
1124 1124 -4
1125 1125 -4
1126 1126 -4
1127 1127 -4
1128 1128 -4
1129 1129 -4
1130 1130 -4
1131 1131 -4
1132 1132 -4
1133 1133 -4
1134 1134 -4
1135 1135 -4
1136 1136 -4
1137 1137 -4
1138 1138 -4
1139 1139 -4
1140 1140 -4
1141 1141 -4
1142 1142 -4
1143 1143 -4
1144 1144 -4
1145 1145 -4
1146 1146 -4
1147 1147 -4
1148 1148 -4
1149 1149 -4
1150 1150 -4
1151 1151 -4
1152 1152 -4
1153 1153 -4
1154 1154 -4
1155 1155 -4
1156 1156 -4
1157 1157 -4
1158 1158 -4
1159 1159 -4
1160 1160 -4
1161 1161 -4
1162 1162 -4
1163 1163 -4
1164 1164 -4
1165 1165 -4
1166 1166 -4
1167 1167 -4
1168 1168 -4
1169 1169 -4
1170 1170 -4
1171 1171 -4
1172 1172 -4
1173 1173 -4
1174 1174 -4
1175 1175 -4
1176 1176 -4
1177 1177 -4
1178 1178 -4
1179 1179 -4
1180 1180 -4
1181 1181 -4
1182 1182 -4
1183 1183 -4
1184 1184 -4
1185 1185 -4
1186 1186 -4
1187 1187 -4
1188 1188 -4
1189 1189 -4
1190 1190 -4
1191 1191 -4
1192 1192 -4
1193 1193 -4
1194 1194 -4
1195 1195 -4
1196 1196 -4
1197 1197 -4
1198 1198 -4
1199 1199 -4
1200 1200 -4
1201 1201 -4
1202 1202 -4
1203 1203 -4
1204 1204 -4
1205 1205 -4
1206 1206 -4
1207 1207 -4
1208 1208 -4
1209 1209 -4
1210 1210 -4
1211 1211 -4
1212 1212 -4
1213 1213 -4
1214 1214 -4
1215 1215 -4
1216 1216 -4
1217 1217 -4
1218 1218 -4
1219 1219 -4
1220 1220 -4
1221 1221 -4
1222 1222 -4
1223 1223 -4
1224 1224 -4
1225 1225 -4
1226 1226 -4
1227 1227 -4
1228 1228 -4
1229 1229 -4
1230 1230 -4
1231 1231 -4
1232 1232 -4
1233 1233 -4
1234 1234 -4
1235 1235 -4
1236 1236 -4
1237 1237 -4
1238 1238 -4
1239 1239 -4
1240 1240 -4
1241 1241 -4
1242 1242 -4
1243 1243 -4
1244 1244 -4
1245 1245 -4
1246 1246 -4
1247 1247 -4
1248 1248 -4
1249 1249 -4
1250 1250 -4
1251 1251 -4
1252 1252 -4
1253 1253 -4
1254 1254 -4
1255 1255 -4
1256 1256 -4
1257 1257 -4
1258 1258 -4
1259 1259 -4
1260 1260 -4
1261 1261 -4
1262 1262 -4
1263 1263 -4
1264 1264 -4
1265 1265 -4
1266 1266 -4
1267 1267 -4
1268 1268 -4
1269 1269 -4
1270 1270 -4
1271 1271 -4
1272 1272 -4
1273 1273 -4
1274 1274 -4
1275 1275 -4
1276 1276 -4
1277 1277 -4
1278 1278 -4
1279 1279 -4
1280 1280 -4
1281 1281 -4
1282 1282 -4
1283 1283 -4
1284 1284 -4
1285 1285 -4
1286 1286 -4
1287 1287 -4
1288 1288 -4
1289 1289 -4
1290 1290 -4
1291 1291 -4
1292 1292 -4
1293 1293 -4
1294 1294 -4
1295 1295 -4
1296 1296 -4
1297 1297 -4
1298 1298 -4
1299 1299 -4
1300 1300 -4
1301 1301 -4
1302 1302 -4
1303 1303 -4
1304 1304 -4
1305 1305 -4
1306 1306 -4
1307 1307 -4
1308 1308 -4
1309 1309 -4
1310 1310 -4
1311 1311 -4
1312 1312 -4
1313 1313 -4
1314 1314 -4
1315 1315 -4
1316 1316 -4
1317 1317 -4
1318 1318 -4
1319 1319 -4
1320 1320 -4
1321 1321 -4
1322 1322 -4
1323 1323 -4
1324 1324 -4
1325 1325 -4
1326 1326 -4
1327 1327 -4
1328 1328 -4
1329 1329 -4
1330 1330 -4
1331 1331 -4
1332 1332 -4
1333 1333 -4
1334 1334 -4
1335 1335 -4
1336 1336 -4
1337 1337 -4
1338 1338 -4
1339 1339 -4
1340 1340 -4
1341 1341 -4
1342 1342 -4
1343 1343 -4
1344 1344 -4
1345 1345 -4
1346 1346 -4
1347 1347 -4
1348 1348 -4
1349 1349 -4
1350 1350 -4
1351 1351 -4
1352 1352 -4
1353 1353 -4
1354 1354 -4
1355 1355 -4
1356 1356 -4
1357 1357 -4
1358 1358 -4
1359 1359 -4
1360 1360 -4
1361 1361 -4
1362 1362 -4
1363 1363 -4
1364 1364 -4
1365 1365 -4
1366 1366 -4
1367 1367 -4
1368 1368 -4
1369 1369 -4
1370 1370 -4
1371 1371 -4
1372 1372 -4
1373 1373 -4
1374 1374 -4
1375 1375 -4
1376 1376 -4
1377 1377 -4
1378 1378 -4
1379 1379 -4
1380 1380 -4
1381 1381 -4
1382 1382 -4
1383 1383 -4
1384 1384 -4
1385 1385 -4
1386 1386 -4
1387 1387 -4
1388 1388 -4
1389 1389 -4
1390 1390 -4
1391 1391 -4
1392 1392 -4
1393 1393 -4
1394 1394 -4
1395 1395 -4
1396 1396 -4
1397 1397 -4
1398 1398 -4
1399 1399 -4
1400 1400 -4
1401 1401 -4
1402 1402 -4
1403 1403 -4
1404 1404 -4
1405 1405 -4
1406 1406 -4
1407 1407 -4
1408 1408 -4
1409 1409 -4
1410 1410 -4
1411 1411 -4
1412 1412 -4
1413 1413 -4
1414 1414 -4
1415 1415 -4
1416 1416 -4
1417 1417 -4
1418 1418 -4
1419 1419 -4
1420 1420 -4
1421 1421 -4
1422 1422 -4
1423 1423 -4
1424 1424 -4
1425 1425 -4
1426 1426 -4
1427 1427 -4
1428 1428 -4
1429 1429 -4
1430 1430 -4
1431 1431 -4
1432 1432 -4
1433 1433 -4
1434 1434 -4
1435 1435 -4
1436 1436 -4
1437 1437 -4
1438 1438 -4
1439 1439 -4
1440 1440 -4
1441 1441 -4
1442 1442 -4
1443 1443 -4
1444 1444 -4
1445 1445 -4
1446 1446 -4
1447 1447 -4
1448 1448 -4
1449 1449 -4
1450 1450 -4
1451 1451 -4
1452 1452 -4
1453 1453 -4
1454 1454 -4
1455 1455 -4
1456 1456 -4
1457 1457 -4
1458 1458 -4
1459 1459 -4
1460 1460 -4
1461 1461 -4
1462 1462 -4
1463 1463 -4
1464 1464 -4
1465 1465 -4
1466 1466 -4
1467 1467 -4
1468 1468 -4
1469 1469 -4
1470 1470 -4
1471 1471 -4
1472 1472 -4
1473 1473 -4
1474 1474 -4
1475 1475 -4
1476 1476 -4
1477 1477 -4
1478 1478 -4
1479 1479 -4
1480 1480 -4
1481 1481 -4
1482 1482 -4
1483 1483 -4
1484 1484 -4
1485 1485 -4
1486 1486 -4
1487 1487 -4
1488 1488 -4
1489 1489 -4
1490 1490 -4
1491 1491 -4
1492 1492 -4
1493 1493 -4
1494 1494 -4
1495 1495 -4
1496 1496 -4
1497 1497 -4
1498 1498 -4
1499 1499 -4
1500 1500 -4
1501 1501 -4
1502 1502 -4
1503 1503 -4
1504 1504 -4
1505 1505 -4
1506 1506 -4
1507 1507 -4
1508 1508 -4
1509 1509 -4
1510 1510 -4
1511 1511 -4
1512 1512 -4
1513 1513 -4
1514 1514 -4
1515 1515 -4
1516 1516 -4
1517 1517 -4
1518 1518 -4
1519 1519 -4
1520 1520 -4
1521 1521 -4
1522 1522 -4
1523 1523 -4
1524 1524 -4
1525 1525 -4
1526 1526 -4
1527 1527 -4
1528 1528 -4
1529 1529 -4
1530 1530 -4
1531 1531 -4
1532 1532 -4
1533 1533 -4
1534 1534 -4
1535 1535 -4
1536 1536 -4
1537 1537 -4
1538 1538 -4
1539 1539 -4
1540 1540 -4
1541 1541 -4
1542 1542 -4
1543 1543 -4
1544 1544 -4
1545 1545 -4
1546 1546 -4
1547 1547 -4
1548 1548 -4
1549 1549 -4
1550 1550 -4
1551 1551 -4
1552 1552 -4
1553 1553 -4
1554 1554 -4
1555 1555 -4
1556 1556 -4
1557 1557 -4
1558 1558 -4
1559 1559 -4
1560 1560 -4
1561 1561 -4
1562 1562 -4
1563 1563 -4
1564 1564 -4
1565 1565 -4
1566 1566 -4
1567 1567 -4
1568 1568 -4
1569 1569 -4
1570 1570 -4
1571 1571 -4
1572 1572 -4
1573 1573 -4
1574 1574 -4
1575 1575 -4
1576 1576 -4
1577 1577 -4
1578 1578 -4
1579 1579 -4
1580 1580 -4
1581 1581 -4
1582 1582 -4
1583 1583 -4
1584 1584 -4
1585 1585 -4
1586 1586 -4
1587 1587 -4
1588 1588 -4
1589 1589 -4
1590 1590 -4
1591 1591 -4
1592 1592 -4
1593 1593 -4
1594 1594 -4
1595 1595 -4
1596 1596 -4
1597 1597 -4
1598 1598 -4
1599 1599 -4
1600 1600 -4
1601 1601 -4
1602 1602 -4
1603 1603 -4
1604 1604 -4
1605 1605 -4
1606 1606 -4
1607 1607 -4
1608 1608 -4
1609 1609 -4
1610 1610 -4
1611 1611 -4
1612 1612 -4
1613 1613 -4
1614 1614 -4
1615 1615 -4
1616 1616 -4
1617 1617 -4
1618 1618 -4
1619 1619 -4
1620 1620 -4
1621 1621 -4
1622 1622 -4
1623 1623 -4
1624 1624 -4
1625 1625 -4
1626 1626 -4
1627 1627 -4
1628 1628 -4
1629 1629 -4
1630 1630 -4
1631 1631 -4
1632 1632 -4
1633 1633 -4
1634 1634 -4
1635 1635 -4
1636 1636 -4
1637 1637 -4
1638 1638 -4
1639 1639 -4
1640 1640 -4
1641 1641 -4
1642 1642 -4
1643 1643 -4
1644 1644 -4
1645 1645 -4
1646 1646 -4
1647 1647 -4
1648 1648 -4
1649 1649 -4
1650 1650 -4
1651 1651 -4
1652 1652 -4
1653 1653 -4
1654 1654 -4
1655 1655 -4
1656 1656 -4
1657 1657 -4
1658 1658 -4
1659 1659 -4
1660 1660 -4
1661 1661 -4
1662 1662 -4
1663 1663 -4
1664 1664 -4
1665 1665 -4
1666 1666 -4
1667 1667 -4
1668 1668 -4
1669 1669 -4
1670 1670 -4
1671 1671 -4
1672 1672 -4
1673 1673 -4
1674 1674 -4
1675 1675 -4
1676 1676 -4
1677 1677 -4
1678 1678 -4
1679 1679 -4
1680 1680 -4
1681 1681 -4
1682 1682 -4
1683 1683 -4
1684 1684 -4
1685 1685 -4
1686 1686 -4
1687 1687 -4
1688 1688 -4
1689 1689 -4
1690 1690 -4
1691 1691 -4
1692 1692 -4
1693 1693 -4
1694 1694 -4
1695 1695 -4
1696 1696 -4
1697 1697 -4
1698 1698 -4
1699 1699 -4
1700 1700 -4
1701 1701 -4
1702 1702 -4
1703 1703 -4
1704 1704 -4
1705 1705 -4
1706 1706 -4
1707 1707 -4
1708 1708 -4
1709 1709 -4
1710 1710 -4
1711 1711 -4
1712 1712 -4
1713 1713 -4
1714 1714 -4
1715 1715 -4
1716 1716 -4
1717 1717 -4
1718 1718 -4
1719 1719 -4
1720 1720 -4
1721 1721 -4
1722 1722 -4
1723 1723 -4
1724 1724 -4
1725 1725 -4
1726 1726 -4
1727 1727 -4
1728 1728 -4
1729 1729 -4
1730 1730 -4
1731 1731 -4
1732 1732 -4
1733 1733 -4
1734 1734 -4
1735 1735 -4
1736 1736 -4
1737 1737 -4
1738 1738 -4
1739 1739 -4
1740 1740 -4
1741 1741 -4
1742 1742 -4
1743 1743 -4
1744 1744 -4
1745 1745 -4
1746 1746 -4
1747 1747 -4
1748 1748 -4
1749 1749 -4
1750 1750 -4
1751 1751 -4
1752 1752 -4
1753 1753 -4
1754 1754 -4
1755 1755 -4
1756 1756 -4
1757 1757 -4
1758 1758 -4
1759 1759 -4
1760 1760 -4
1761 1761 -4
1762 1762 -4
1763 1763 -4
1764 1764 -4
1765 1765 -4
1766 1766 -4
1767 1767 -4
1768 1768 -4
1769 1769 -4
1770 1770 -4
1771 1771 -4
1772 1772 -4
1773 1773 -4
1774 1774 -4
1775 1775 -4
1776 1776 -4
1777 1777 -4
1778 1778 -4
1779 1779 -4
1780 1780 -4
1781 1781 -4
1782 1782 -4
1783 1783 -4
1784 1784 -4
1785 1785 -4
1786 1786 -4
1787 1787 -4
1788 1788 -4
1789 1789 -4
1790 1790 -4
1791 1791 -4
1792 1792 -4
1793 1793 -4
1794 1794 -4
1795 1795 -4
1796 1796 -4
1797 1797 -4
1798 1798 -4
1799 1799 -4
1800 1800 -4
1801 1801 -4
1802 1802 -4
1803 1803 -4
1804 1804 -4
1805 1805 -4
1806 1806 -4
1807 1807 -4
1808 1808 -4
1809 1809 -4
1810 1810 -4
1811 1811 -4
1812 1812 -4
1813 1813 -4
1814 1814 -4
1815 1815 -4
1816 1816 -4
1817 1817 -4
1818 1818 -4
1819 1819 -4
1820 1820 -4
1821 1821 -4
1822 1822 -4
1823 1823 -4
1824 1824 -4
1825 1825 -4
1826 1826 -4
1827 1827 -4
1828 1828 -4
1829 1829 -4
1830 1830 -4
1831 1831 -4
1832 1832 -4
1833 1833 -4
1834 1834 -4
1835 1835 -4
1836 1836 -4
1837 1837 -4
1838 1838 -4
1839 1839 -4
1840 1840 -4
1841 1841 -4
1842 1842 -4
1843 1843 -4
1844 1844 -4
1845 1845 -4
1846 1846 -4
1847 1847 -4
1848 1848 -4
1849 1849 -4
1850 1850 -4
1851 1851 -4
1852 1852 -4
1853 1853 -4
1854 1854 -4
1855 1855 -4
1856 1856 -4
1857 1857 -4
1858 1858 -4
1859 1859 -4
1860 1860 -4
1861 1861 -4
1862 1862 -4
1863 1863 -4
1864 1864 -4
1865 1865 -4
1866 1866 -4
1867 1867 -4
1868 1868 -4
1869 1869 -4
1870 1870 -4
1871 1871 -4
1872 1872 -4
1873 1873 -4
1874 1874 -4
1875 1875 -4
1876 1876 -4
1877 1877 -4
1878 1878 -4
1879 1879 -4
1880 1880 -4
1881 1881 -4
1882 1882 -4
1883 1883 -4
1884 1884 -4
1885 1885 -4
1886 1886 -4
1887 1887 -4
1888 1888 -4
1889 1889 -4
1890 1890 -4
1891 1891 -4
1892 1892 -4
1893 1893 -4
1894 1894 -4
1895 1895 -4
1896 1896 -4
1897 1897 -4
1898 1898 -4
1899 1899 -4
1900 1900 -4
1901 1901 -4
1902 1902 -4
1903 1903 -4
1904 1904 -4
1905 1905 -4
1906 1906 -4
1907 1907 -4
1908 1908 -4
1909 1909 -4
1910 1910 -4
1911 1911 -4
1912 1912 -4
1913 1913 -4
1914 1914 -4
1915 1915 -4
1916 1916 -4
1917 1917 -4
1918 1918 -4
1919 1919 -4
1920 1920 -4
1921 1921 -4
1922 1922 -4
1923 1923 -4
1924 1924 -4
1925 1925 -4
1926 1926 -4
1927 1927 -4
1928 1928 -4
1929 1929 -4
1930 1930 -4
1931 1931 -4
1932 1932 -4
1933 1933 -4
1934 1934 -4
1935 1935 -4
1936 1936 -4
1937 1937 -4
1938 1938 -4
1939 1939 -4
1940 1940 -4
1941 1941 -4
1942 1942 -4
1943 1943 -4
1944 1944 -4
1945 1945 -4
1946 1946 -4
1947 1947 -4
1948 1948 -4
1949 1949 -4
1950 1950 -4
1951 1951 -4
1952 1952 -4
1953 1953 -4
1954 1954 -4
1955 1955 -4
1956 1956 -4
1957 1957 -4
1958 1958 -4
1959 1959 -4
1960 1960 -4
1961 1961 -4
1962 1962 -4
1963 1963 -4
1964 1964 -4
1965 1965 -4
1966 1966 -4
1967 1967 -4
1968 1968 -4
1969 1969 -4
1970 1970 -4
1971 1971 -4
1972 1972 -4
1973 1973 -4
1974 1974 -4
1975 1975 -4
1976 1976 -4
1977 1977 -4
1978 1978 -4
1979 1979 -4
1980 1980 -4
1981 1981 -4
1982 1982 -4
1983 1983 -4
1984 1984 -4
1985 1985 -4
1986 1986 -4
1987 1987 -4
1988 1988 -4
1989 1989 -4
1990 1990 -4
1991 1991 -4
1992 1992 -4
1993 1993 -4
1994 1994 -4
1995 1995 -4
1996 1996 -4
1997 1997 -4
1998 1998 -4
1999 1999 -4
2000 2000 -4
2001 2001 -4
2002 2002 -4
2003 2003 -4
2004 2004 -4
2005 2005 -4
2006 2006 -4
2007 2007 -4
2008 2008 -4
2009 2009 -4
2010 2010 -4
2011 2011 -4
2012 2012 -4
2013 2013 -4
2014 2014 -4
2015 2015 -4
2016 2016 -4
2017 2017 -4
2018 2018 -4
2019 2019 -4
2020 2020 -4
2021 2021 -4
2022 2022 -4
2023 2023 -4
2024 2024 -4
2025 2025 -4
2026 2026 -4
2027 2027 -4
2028 2028 -4
2029 2029 -4
2030 2030 -4
2031 2031 -4
2032 2032 -4
2033 2033 -4
2034 2034 -4
2035 2035 -4
2036 2036 -4
2037 2037 -4
2038 2038 -4
2039 2039 -4
2040 2040 -4
2041 2041 -4
2042 2042 -4
2043 2043 -4
2044 2044 -4
2045 2045 -4
2046 2046 -4
2047 2047 -4
2048 2048 -4
2049 2049 -4
2050 2050 -4
2051 2051 -4
2052 2052 -4
2053 2053 -4
2054 2054 -4
2055 2055 -4
2056 2056 -4
2057 2057 -4
2058 2058 -4
2059 2059 -4
2060 2060 -4
2061 2061 -4
2062 2062 -4
2063 2063 -4
2064 2064 -4
2065 2065 -4
2066 2066 -4
2067 2067 -4
2068 2068 -4
2069 2069 -4
2070 2070 -4
2071 2071 -4
2072 2072 -4
2073 2073 -4
2074 2074 -4
2075 2075 -4
2076 2076 -4
2077 2077 -4
2078 2078 -4
2079 2079 -4
2080 2080 -4
2081 2081 -4
2082 2082 -4
2083 2083 -4
2084 2084 -4
2085 2085 -4
2086 2086 -4
2087 2087 -4
2088 2088 -4
2089 2089 -4
2090 2090 -4
2091 2091 -4
2092 2092 -4
2093 2093 -4
2094 2094 -4
2095 2095 -4
2096 2096 -4
2097 2097 -4
2098 2098 -4
2099 2099 -4
2100 2100 -4
2101 2101 -4
2102 2102 -4
2103 2103 -4
2104 2104 -4
2105 2105 -4
2106 2106 -4
2107 2107 -4
2108 2108 -4
2109 2109 -4
2110 2110 -4
2111 2111 -4
2112 2112 -4
2113 2113 -4
2114 2114 -4
2115 2115 -4
2116 2116 -4
2117 2117 -4
2118 2118 -4
2119 2119 -4
2120 2120 -4
2121 2121 -4
2122 2122 -4
2123 2123 -4
2124 2124 -4
2125 2125 -4
2126 2126 -4
2127 2127 -4
2128 2128 -4
2129 2129 -4
2130 2130 -4
2131 2131 -4
2132 2132 -4
2133 2133 -4
2134 2134 -4
2135 2135 -4
2136 2136 -4
2137 2137 -4
2138 2138 -4
2139 2139 -4
2140 2140 -4
2141 2141 -4
2142 2142 -4
2143 2143 -4
2144 2144 -4
2145 2145 -4
2146 2146 -4
2147 2147 -4
2148 2148 -4
2149 2149 -4
2150 2150 -4
2151 2151 -4
2152 2152 -4
2153 2153 -4
2154 2154 -4
2155 2155 -4
2156 2156 -4
2157 2157 -4
2158 2158 -4
2159 2159 -4
2160 2160 -4
2161 2161 -4
2162 2162 -4
2163 2163 -4
2164 2164 -4
2165 2165 -4
2166 2166 -4
2167 2167 -4
2168 2168 -4
2169 2169 -4
2170 2170 -4
2171 2171 -4
2172 2172 -4
2173 2173 -4
2174 2174 -4
2175 2175 -4
2176 2176 -4
2177 2177 -4
2178 2178 -4
2179 2179 -4
2180 2180 -4
2181 2181 -4
2182 2182 -4
2183 2183 -4
2184 2184 -4
2185 2185 -4
2186 2186 -4
2187 2187 -4
2188 2188 -4
2189 2189 -4
2190 2190 -4
2191 2191 -4
2192 2192 -4
2193 2193 -4
2194 2194 -4
2195 2195 -4
2196 2196 -4
2197 2197 -4
2198 2198 -4
2199 2199 -4
2200 2200 -4
2201 2201 -4
2202 2202 -4
2203 2203 -4
2204 2204 -4
2205 2205 -4
2206 2206 -4
2207 2207 -4
2208 2208 -4
2209 2209 -4
2210 2210 -4
2211 2211 -4
2212 2212 -4
2213 2213 -4
2214 2214 -4
2215 2215 -4
2216 2216 -4
2217 2217 -4
2218 2218 -4
2219 2219 -4
2220 2220 -4
2221 2221 -4
2222 2222 -4
2223 2223 -4
2224 2224 -4
2225 2225 -4
2226 2226 -4
2227 2227 -4
2228 2228 -4
2229 2229 -4
2230 2230 -4
2231 2231 -4
2232 2232 -4
2233 2233 -4
2234 2234 -4
2235 2235 -4
2236 2236 -4
2237 2237 -4
2238 2238 -4
2239 2239 -4
2240 2240 -4
2241 2241 -4
2242 2242 -4
2243 2243 -4
2244 2244 -4
2245 2245 -4
2246 2246 -4
2247 2247 -4
2248 2248 -4
2249 2249 -4
2250 2250 -4
2251 2251 -4
2252 2252 -4
2253 2253 -4
2254 2254 -4
2255 2255 -4
2256 2256 -4
2257 2257 -4
2258 2258 -4
2259 2259 -4
2260 2260 -4
2261 2261 -4
2262 2262 -4
2263 2263 -4
2264 2264 -4
2265 2265 -4
2266 2266 -4
2267 2267 -4
2268 2268 -4
2269 2269 -4
2270 2270 -4
2271 2271 -4
2272 2272 -4
2273 2273 -4
2274 2274 -4
2275 2275 -4
2276 2276 -4
2277 2277 -4
2278 2278 -4
2279 2279 -4
2280 2280 -4
2281 2281 -4
2282 2282 -4
2283 2283 -4
2284 2284 -4
2285 2285 -4
2286 2286 -4
2287 2287 -4
2288 2288 -4
2289 2289 -4
2290 2290 -4
2291 2291 -4
2292 2292 -4
2293 2293 -4
2294 2294 -4
2295 2295 -4
2296 2296 -4
2297 2297 -4
2298 2298 -4
2299 2299 -4
2300 2300 -4
2301 2301 -4
2302 2302 -4
2303 2303 -4
2304 2304 -4
2305 2305 -4
2306 2306 -4
2307 2307 -4
2308 2308 -4
2309 2309 -4
2310 2310 -4
2311 2311 -4
2312 2312 -4
2313 2313 -4
2314 2314 -4
2315 2315 -4
2316 2316 -4
2317 2317 -4
2318 2318 -4
2319 2319 -4
2320 2320 -4
2321 2321 -4
2322 2322 -4
2323 2323 -4
2324 2324 -4
2325 2325 -4
2326 2326 -4
2327 2327 -4
2328 2328 -4
2329 2329 -4
2330 2330 -4
2331 2331 -4
2332 2332 -4
2333 2333 -4
2334 2334 -4
2335 2335 -4
2336 2336 -4
2337 2337 -4
2338 2338 -4
2339 2339 -4
2340 2340 -4
2341 2341 -4
2342 2342 -4
2343 2343 -4
2344 2344 -4
2345 2345 -4
2346 2346 -4
2347 2347 -4
2348 2348 -4
2349 2349 -4
2350 2350 -4
2351 2351 -4
2352 2352 -4
2353 2353 -4
2354 2354 -4
2355 2355 -4
2356 2356 -4
2357 2357 -4
2358 2358 -4
2359 2359 -4
2360 2360 -4
2361 2361 -4
2362 2362 -4
2363 2363 -4
2364 2364 -4
2365 2365 -4
2366 2366 -4
2367 2367 -4
2368 2368 -4
2369 2369 -4
2370 2370 -4
2371 2371 -4
2372 2372 -4
2373 2373 -4
2374 2374 -4
2375 2375 -4
2376 2376 -4
2377 2377 -4
2378 2378 -4
2379 2379 -4
2380 2380 -4
2381 2381 -4
2382 2382 -4
2383 2383 -4
2384 2384 -4
2385 2385 -4
2386 2386 -4
2387 2387 -4
2388 2388 -4
2389 2389 -4
2390 2390 -4
2391 2391 -4
2392 2392 -4
2393 2393 -4
2394 2394 -4
2395 2395 -4
2396 2396 -4
2397 2397 -4
2398 2398 -4
2399 2399 -4
2400 2400 -4
2401 2401 -4
2402 2402 -4
2403 2403 -4
2404 2404 -4
2405 2405 -4
2406 2406 -4
2407 2407 -4
2408 2408 -4
2409 2409 -4
2410 2410 -4
2411 2411 -4
2412 2412 -4
2413 2413 -4
2414 2414 -4
2415 2415 -4
2416 2416 -4
2417 2417 -4
2418 2418 -4
2419 2419 -4
2420 2420 -4
2421 2421 -4
2422 2422 -4
2423 2423 -4
2424 2424 -4
2425 2425 -4
2426 2426 -4
2427 2427 -4
2428 2428 -4
2429 2429 -4
2430 2430 -4
2431 2431 -4
2432 2432 -4
2433 2433 -4
2434 2434 -4
2435 2435 -4
2436 2436 -4
2437 2437 -4
2438 2438 -4
2439 2439 -4
2440 2440 -4
2441 2441 -4
2442 2442 -4
2443 2443 -4
2444 2444 -4
2445 2445 -4
2446 2446 -4
2447 2447 -4
2448 2448 -4
2449 2449 -4
2450 2450 -4
2451 2451 -4
2452 2452 -4
2453 2453 -4
2454 2454 -4
2455 2455 -4
2456 2456 -4
2457 2457 -4
2458 2458 -4
2459 2459 -4
2460 2460 -4
2461 2461 -4
2462 2462 -4
2463 2463 -4
2464 2464 -4
2465 2465 -4
2466 2466 -4
2467 2467 -4
2468 2468 -4
2469 2469 -4
2470 2470 -4
2471 2471 -4
2472 2472 -4
2473 2473 -4
2474 2474 -4
2475 2475 -4
2476 2476 -4
2477 2477 -4
2478 2478 -4
2479 2479 -4
2480 2480 -4
2481 2481 -4
2482 2482 -4
2483 2483 -4
2484 2484 -4
2485 2485 -4
2486 2486 -4
2487 2487 -4
2488 2488 -4
2489 2489 -4
2490 2490 -4
2491 2491 -4
2492 2492 -4
2493 2493 -4
2494 2494 -4
2495 2495 -4
2496 2496 -4
2497 2497 -4
2498 2498 -4
2499 2499 -4
2500 2500 -4
2501 2501 -4
2502 2502 -4
2503 2503 -4
2504 2504 -4
2505 2505 -4
2506 2506 -4
2507 2507 -4
2508 2508 -4
2509 2509 -4
2510 2510 -4
2511 2511 -4
2512 2512 -4
2513 2513 -4
2514 2514 -4
2515 2515 -4
2516 2516 -4
2517 2517 -4
2518 2518 -4
2519 2519 -4
2520 2520 -4
2521 2521 -4
2522 2522 -4
2523 2523 -4
2524 2524 -4
2525 2525 -4
2526 2526 -4
2527 2527 -4
2528 2528 -4
2529 2529 -4
2530 2530 -4
2531 2531 -4
2532 2532 -4
2533 2533 -4
2534 2534 -4
2535 2535 -4
2536 2536 -4
2537 2537 -4
2538 2538 -4
2539 2539 -4
2540 2540 -4
2541 2541 -4
2542 2542 -4
2543 2543 -4
2544 2544 -4
2545 2545 -4
2546 2546 -4
2547 2547 -4
2548 2548 -4
2549 2549 -4
2550 2550 -4
2551 2551 -4
2552 2552 -4
2553 2553 -4
2554 2554 -4
2555 2555 -4
2556 2556 -4
2557 2557 -4
2558 2558 -4
2559 2559 -4
2560 2560 -4
2561 2561 -4
2562 2562 -4
2563 2563 -4
2564 2564 -4
2565 2565 -4
2566 2566 -4
2567 2567 -4
2568 2568 -4
2569 2569 -4
2570 2570 -4
2571 2571 -4
2572 2572 -4
2573 2573 -4
2574 2574 -4
2575 2575 -4
2576 2576 -4
2577 2577 -4
2578 2578 -4
2579 2579 -4
2580 2580 -4
2581 2581 -4
2582 2582 -4
2583 2583 -4
2584 2584 -4
2585 2585 -4
2586 2586 -4
2587 2587 -4
2588 2588 -4
2589 2589 -4
2590 2590 -4
2591 2591 -4
2592 2592 -4
2593 2593 -4
2594 2594 -4
2595 2595 -4
2596 2596 -4
2597 2597 -4
2598 2598 -4
2599 2599 -4
2600 2600 -4
2601 2601 -4
2602 2602 -4
2603 2603 -4
2604 2604 -4
2605 2605 -4
2606 2606 -4
2607 2607 -4
2608 2608 -4
2609 2609 -4
2610 2610 -4
2611 2611 -4
2612 2612 -4
2613 2613 -4
2614 2614 -4
2615 2615 -4
2616 2616 -4
2617 2617 -4
2618 2618 -4
2619 2619 -4
2620 2620 -4
2621 2621 -4
2622 2622 -4
2623 2623 -4
2624 2624 -4
2625 2625 -4
2626 2626 -4
2627 2627 -4
2628 2628 -4
2629 2629 -4
2630 2630 -4
2631 2631 -4
2632 2632 -4
2633 2633 -4
2634 2634 -4
2635 2635 -4
2636 2636 -4
2637 2637 -4
2638 2638 -4
2639 2639 -4
2640 2640 -4
2641 2641 -4
2642 2642 -4
2643 2643 -4
2644 2644 -4
2645 2645 -4
2646 2646 -4
2647 2647 -4
2648 2648 -4
2649 2649 -4
2650 2650 -4
2651 2651 -4
2652 2652 -4
2653 2653 -4
2654 2654 -4
2655 2655 -4
2656 2656 -4
2657 2657 -4
2658 2658 -4
2659 2659 -4
2660 2660 -4
2661 2661 -4
2662 2662 -4
2663 2663 -4
2664 2664 -4
2665 2665 -4
2666 2666 -4
2667 2667 -4
2668 2668 -4
2669 2669 -4
2670 2670 -4
2671 2671 -4
2672 2672 -4
2673 2673 -4
2674 2674 -4
2675 2675 -4
2676 2676 -4
2677 2677 -4
2678 2678 -4
2679 2679 -4
2680 2680 -4
2681 2681 -4
2682 2682 -4
2683 2683 -4
2684 2684 -4
2685 2685 -4
2686 2686 -4
2687 2687 -4
2688 2688 -4
2689 2689 -4
2690 2690 -4
2691 2691 -4
2692 2692 -4
2693 2693 -4
2694 2694 -4
2695 2695 -4
2696 2696 -4
2697 2697 -4
2698 2698 -4
2699 2699 -4
2700 2700 -4
2701 2701 -4
2702 2702 -4
2703 2703 -4
2704 2704 -4
2705 2705 -4
2706 2706 -4
2707 2707 -4
2708 2708 -4
2709 2709 -4
2710 2710 -4
2711 2711 -4
2712 2712 -4
2713 2713 -4
2714 2714 -4
2715 2715 -4
2716 2716 -4
2717 2717 -4
2718 2718 -4
2719 2719 -4
2720 2720 -4
2721 2721 -4
2722 2722 -4
2723 2723 -4
2724 2724 -4
2725 2725 -4
2726 2726 -4
2727 2727 -4
2728 2728 -4
2729 2729 -4
2730 2730 -4
2731 2731 -4
2732 2732 -4
2733 2733 -4
2734 2734 -4
2735 2735 -4
2736 2736 -4
2737 2737 -4
2738 2738 -4
2739 2739 -4
2740 2740 -4
2741 2741 -4
2742 2742 -4
2743 2743 -4
2744 2744 -4
2745 2745 -4
2746 2746 -4
2747 2747 -4
2748 2748 -4
2749 2749 -4
2750 2750 -4
2751 2751 -4
2752 2752 -4
2753 2753 -4
2754 2754 -4
2755 2755 -4
2756 2756 -4
2757 2757 -4
2758 2758 -4
2759 2759 -4
2760 2760 -4
2761 2761 -4
2762 2762 -4
2763 2763 -4
2764 2764 -4
2765 2765 -4
2766 2766 -4
2767 2767 -4
2768 2768 -4
2769 2769 -4
2770 2770 -4
2771 2771 -4
2772 2772 -4
2773 2773 -4
2774 2774 -4
2775 2775 -4
2776 2776 -4
2777 2777 -4
2778 2778 -4
2779 2779 -4
2780 2780 -4
2781 2781 -4
2782 2782 -4
2783 2783 -4
2784 2784 -4
2785 2785 -4
2786 2786 -4
2787 2787 -4
2788 2788 -4
2789 2789 -4
2790 2790 -4
2791 2791 -4
2792 2792 -4
2793 2793 -4
2794 2794 -4
2795 2795 -4
2796 2796 -4
2797 2797 -4
2798 2798 -4
2799 2799 -4
2800 2800 -4
2801 2801 -4
2802 2802 -4
2803 2803 -4
2804 2804 -4
2805 2805 -4
2806 2806 -4
2807 2807 -4
2808 2808 -4
2809 2809 -4
2810 2810 -4
2811 2811 -4
2812 2812 -4
2813 2813 -4
2814 2814 -4
2815 2815 -4
2816 2816 -4
2817 2817 -4
2818 2818 -4
2819 2819 -4
2820 2820 -4
2821 2821 -4
2822 2822 -4
2823 2823 -4
2824 2824 -4
2825 2825 -4
2826 2826 -4
2827 2827 -4
2828 2828 -4
2829 2829 -4
2830 2830 -4
2831 2831 -4
2832 2832 -4
2833 2833 -4
2834 2834 -4
2835 2835 -4
2836 2836 -4
2837 2837 -4
2838 2838 -4
2839 2839 -4
2840 2840 -4
2841 2841 -4
2842 2842 -4
2843 2843 -4
2844 2844 -4
2845 2845 -4
2846 2846 -4
2847 2847 -4
2848 2848 -4
2849 2849 -4
2850 2850 -4
2851 2851 -4
2852 2852 -4
2853 2853 -4
2854 2854 -4
2855 2855 -4
2856 2856 -4
2857 2857 -4
2858 2858 -4
2859 2859 -4
2860 2860 -4
2861 2861 -4
2862 2862 -4
2863 2863 -4
2864 2864 -4
2865 2865 -4
2866 2866 -4
2867 2867 -4
2868 2868 -4
2869 2869 -4
2870 2870 -4
2871 2871 -4
2872 2872 -4
2873 2873 -4
2874 2874 -4
2875 2875 -4
2876 2876 -4
2877 2877 -4
2878 2878 -4
2879 2879 -4
2880 2880 -4
2881 2881 -4
2882 2882 -4
2883 2883 -4
2884 2884 -4
2885 2885 -4
2886 2886 -4
2887 2887 -4
2888 2888 -4
2889 2889 -4
2890 2890 -4
2891 2891 -4
2892 2892 -4
2893 2893 -4
2894 2894 -4
2895 2895 -4
2896 2896 -4
2897 2897 -4
2898 2898 -4
2899 2899 -4
2900 2900 -4
2901 2901 -4
2902 2902 -4
2903 2903 -4
2904 2904 -4
2905 2905 -4
2906 2906 -4
2907 2907 -4
2908 2908 -4
2909 2909 -4
2910 2910 -4
2911 2911 -4
2912 2912 -4
2913 2913 -4
2914 2914 -4
2915 2915 -4
2916 2916 -4
2917 2917 -4
2918 2918 -4
2919 2919 -4
2920 2920 -4
2921 2921 -4
2922 2922 -4
2923 2923 -4
2924 2924 -4
2925 2925 -4
2926 2926 -4
2927 2927 -4
2928 2928 -4
2929 2929 -4
2930 2930 -4
2931 2931 -4
2932 2932 -4
2933 2933 -4
2934 2934 -4
2935 2935 -4
2936 2936 -4
2937 2937 -4
2938 2938 -4
2939 2939 -4
2940 2940 -4
2941 2941 -4
2942 2942 -4
2943 2943 -4
2944 2944 -4
2945 2945 -4
2946 2946 -4
2947 2947 -4
2948 2948 -4
2949 2949 -4
2950 2950 -4
2951 2951 -4
2952 2952 -4
2953 2953 -4
2954 2954 -4
2955 2955 -4
2956 2956 -4
2957 2957 -4
2958 2958 -4
2959 2959 -4
2960 2960 -4
2961 2961 -4
2962 2962 -4
2963 2963 -4
2964 2964 -4
2965 2965 -4
2966 2966 -4
2967 2967 -4
2968 2968 -4
2969 2969 -4
2970 2970 -4
2971 2971 -4
2972 2972 -4
2973 2973 -4
2974 2974 -4
2975 2975 -4
2976 2976 -4
2977 2977 -4
2978 2978 -4
2979 2979 -4
2980 2980 -4
2981 2981 -4
2982 2982 -4
2983 2983 -4
2984 2984 -4
2985 2985 -4
2986 2986 -4
2987 2987 -4
2988 2988 -4
2989 2989 -4
2990 2990 -4
2991 2991 -4
2992 2992 -4
2993 2993 -4
2994 2994 -4
2995 2995 -4
2996 2996 -4
2997 2997 -4
2998 2998 -4
2999 2999 -4