5000 13174 -4 4
0 4950 2
0 50 -2
0 49 -2
0 1 -2
1 4951 2
1 51 -2
1 2 -2
2 4952 2
2 52 2
2 3 2
3 4953 2
3 53 -2
3 4 -2
4 4954 2
4 54 -2
4 5 2
5 4955 2
5 55 -2
5 6 -2
6 4956 2
6 56 2
6 7 -2
7 4957 -2
7 57 -2
7 8 2
8 4958 -2
8 58 2
8 9 -2
9 4959 -2
9 59 2
9 10 -2
10 4960 2
10 60 -2
10 11 -2
11 4961 -2
11 61 -2
11 12 -2
12 4962 2
12 62 -2
12 13 2
13 4963 -2
13 63 -2
13 14 2
14 4964 -2
14 64 2
14 15 -2
15 4965 -2
15 65 2
15 16 -2
16 4966 -2
16 66 2
16 17 -2
17 4967 -2
17 67 -2
17 18 -2
18 4968 -2
18 68 -2
18 19 2
19 4969 2
19 69 2
19 20 2
20 4970 -2
20 70 2
20 21 2
21 4971 2
21 71 2
21 22 2
22 4972 -2
22 72 -2
22 23 2
23 4973 2
23 73 -2
23 24 2
24 4974 2
24 74 2
24 25 2
25 4975 -2
25 75 2
25 26 -2
26 4976 2
26 76 -2
26 27 2
27 4977 2
27 77 -2
27 28 2
28 4978 -2
28 78 -2
28 29 -2
29 4979 -2
29 79 -2
29 30 2
30 4980 -2
30 80 2
30 31 2
31 4981 -2
31 81 2
31 32 2
32 4982 2
32 82 -2
32 33 -2
33 4983 -2
33 83 2
33 34 -2
34 4984 -2
34 84 -2
34 35 -2
35 4985 2
35 85 -2
35 36 -2
36 4986 -2
36 86 -2
36 37 2
37 4987 2
37 87 -2
37 38 2
38 4988 2
38 88 -2
38 39 2
39 4989 2
39 89 -2
39 40 -2
40 4990 2
40 90 2
40 41 2
41 4991 2
41 91 -2
41 42 -2
42 4992 2
42 92 2
42 43 2
43 4993 2
43 93 2
43 44 2
44 4994 -2
44 94 -2
44 45 2
45 4995 -2
45 95 2
45 46 -2
46 4996 -2
46 96 -2
46 47 -2
47 4997 -2
47 97 2
47 48 2
48 4998 -2
48 98 2
48 49 2
49 4999 -2
49 99 2
50 100 -2
50 99 -2
50 51 -2
51 101 -2
51 52 -2
52 102 2
52 53 -2
53 103 -2
53 54 2
54 104 2
54 55 2
55 105 -2
55 56 -2
56 106 2
56 57 -2
57 107 -2
57 58 -2
58 108 2
58 59 -2
59 109 -2
59 60 2
60 110 -2
60 61 2
61 111 -2
61 62 -2
62 112 2
62 63 -2
63 113 2
63 64 -2
64 114 -2
64 65 -2
65 115 -2
65 66 2
66 116 -2
66 67 -2
67 117 -2
67 68 2
68 118 2
68 69 -2
69 119 -2
69 70 2
70 120 -2
70 71 -2
71 121 2
71 72 -2
72 122 -2
72 73 -2
73 123 2
73 74 -2
74 124 2
74 75 2
75 125 -2
75 76 2
76 126 2
76 77 -2
77 127 -2
77 78 -2
78 128 2
78 79 2
79 129 2
79 80 -2
80 130 -2
80 81 -2
81 131 -2
81 82 -2
82 132 -2
82 83 2
83 133 2
83 84 -2
84 134 -2
84 85 2
85 135 2
85 86 2
86 136 2
86 87 2
87 137 -2
87 88 -2
88 138 2
88 89 2
89 139 2
89 90 -2
90 140 2
90 91 -2
91 141 2
91 92 -2
92 142 -2
92 93 -2
93 143 -2
93 94 2
94 144 -2
94 95 2
95 145 2
95 96 2
96 146 -2
96 97 2
97 147 2
97 98 -2
98 148 2
98 99 2
99 149 2
100 150 -2
100 149 -2
100 101 2
101 151 2
101 102 2
102 152 2
102 103 2
103 153 2
103 104 -2
104 154 -2
104 105 -2
105 155 2
105 106 2
106 156 -2
106 107 2
107 157 -2
107 108 -2
108 158 -2
108 109 2
109 159 -2
109 110 -2
110 160 2
110 111 -2
111 161 2
111 112 -2
112 162 2
112 113 2
113 163 2
113 114 -2
114 164 2
114 115 2
115 165 -2
115 116 -2
116 166 2
116 117 2
117 167 -2
117 118 2
118 168 2
118 119 -2
119 169 2
119 120 2
120 170 2
120 121 2
121 171 2
121 122 -2
122 172 2
122 123 2
123 173 2
123 124 -2
124 174 -2
124 125 -2
125 175 -2
125 126 2
126 176 -2
126 127 2
127 177 -2
127 128 2
128 178 -2
128 129 -2
129 179 -2
129 130 -2
130 180 2
130 131 2
131 181 2
131 132 2
132 182 2
132 133 2
133 183 -2
133 134 -2
134 184 -2
134 135 -2
135 185 -2
135 136 -2
136 186 2
136 137 2
137 187 -2
137 138 -2
138 188 2
138 139 -2
139 189 2
139 140 2
140 190 2
140 141 2
141 191 -2
141 142 2
142 192 2
142 143 -2
143 193 -2
143 144 -2
144 194 -2
144 145 -2
145 195 -2
145 146 2
146 196 2
146 147 -2
147 197 2
147 148 2
148 198 -2
148 149 -2
149 199 2
150 200 2
150 199 -2
150 151 -2
151 201 2
151 152 -2
152 202 -2
152 153 -2
153 203 -2
153 154 -2
154 204 -2
154 155 -2
155 205 -2
155 156 2
156 206 2
156 157 -2
157 207 2
157 158 -2
158 208 2
158 159 2
159 209 -2
159 160 -2
160 210 2
160 161 2
161 211 2
161 162 -2
162 212 2
162 163 2
163 213 2
163 164 -2
164 214 -2
164 165 -2
165 215 2
165 166 -2
166 216 2
166 167 -2
167 217 2
167 168 2
168 218 -2
168 169 -2
169 219 2
169 170 -2
170 220 2
170 171 2
171 221 -2
171 172 -2
172 222 -2
172 173 -2
173 223 -2
173 174 -2
174 224 2
174 175 2
175 225 2
175 176 2
176 226 2
176 177 2
177 227 -2
177 178 2
178 228 -2
178 179 2
179 229 -2
179 180 -2
180 230 2
180 181 -2
181 231 -2
181 182 2
182 232 2
182 183 2
183 233 -2
183 184 -2
184 234 -2
184 185 -2
185 235 2
185 186 2
186 236 2
186 187 -2
187 237 -2
187 188 2
188 238 2
188 189 -2
189 239 2
189 190 2
190 240 -2
190 191 -2
191 241 -2
191 192 -2
192 242 2
192 193 -2
193 243 -2
193 194 2
194 244 -2
194 195 -2
195 245 -2
195 196 2
196 246 -2
196 197 -2
197 247 -2
197 198 -2
198 248 2
198 199 2
199 249 -2
200 250 -2
200 249 2
200 201 2
201 251 -2
201 202 2
202 252 2
202 203 2
203 253 -2
203 204 -2
204 254 2
204 205 2
205 255 2
205 206 2
206 256 -2
206 207 2
207 257 2
207 208 2
208 258 -2
208 209 2
209 259 -2
209 210 2
210 260 -2
210 211 2
211 261 -2
211 212 -2
212 262 2
212 213 2
213 263 -2
213 214 -2
214 264 -2
214 215 -2
215 265 2
215 216 2
216 266 -2
216 217 2
217 267 -2
217 218 2
218 268 2
218 219 2
219 269 2
219 220 -2
220 270 -2
220 221 2
221 271 2
221 222 -2
222 272 -2
222 223 -2
223 273 2
223 224 2
224 274 2
224 225 -2
225 275 2
225 226 2
226 276 -2
226 227 2
227 277 -2
227 228 -2
228 278 -2
228 229 -2
229 279 -2
229 230 -2
230 280 2
230 231 2
231 281 -2
231 232 -2
232 282 -2
232 233 -2
233 283 2
233 234 -2
234 284 -2
234 235 -2
235 285 -2
235 236 2
236 286 2
236 237 -2
237 287 2
237 238 -2
238 288 2
238 239 2
239 289 -2
239 240 2
240 290 2
240 241 -2
241 291 2
241 242 2
242 292 -2
242 243 2
243 293 -2
243 244 2
244 294 2
244 245 2
245 295 -2
245 246 -2
246 296 2
246 247 2
247 297 2
247 248 2
248 298 -2
248 249 -2
249 299 2
250 300 -2
250 299 2
250 251 -2
251 301 2
251 252 -2
252 302 2
252 253 -2
253 303 2
253 254 2
254 304 2
254 255 2
255 305 -2
255 256 2
256 306 2
256 257 -2
257 307 2
257 258 -2
258 308 -2
258 259 -2
259 309 2
259 260 2
260 310 2
260 261 2
261 311 2
261 262 -2
262 312 2
262 263 2
263 313 -2
263 264 2
264 314 2
264 265 2
265 315 -2
265 266 2
266 316 -2
266 267 2
267 317 -2
267 268 2
268 318 2
268 269 -2
269 319 2
269 270 2
270 320 2
270 271 -2
271 321 2
271 272 2
272 322 2
272 273 -2
273 323 2
273 274 -2
274 324 2
274 275 2
275 325 2
275 276 -2
276 326 2
276 277 2
277 327 -2
277 278 2
278 328 2
278 279 2
279 329 -2
279 280 -2
280 330 -2
280 281 2
281 331 2
281 282 2
282 332 2
282 283 -2
283 333 2
283 284 -2
284 334 2
284 285 2
285 335 -2
285 286 -2
286 336 -2
286 287 2
287 337 2
287 288 -2
288 338 -2
288 289 -2
289 339 -2
289 290 -2
290 340 2
290 291 -2
291 341 -2
291 292 2
292 342 -2
292 293 -2
293 343 -2
293 294 -2
294 344 -2
294 295 -2
295 345 -2
295 296 2
296 346 2
296 297 -2
297 347 -2
297 298 -2
298 348 -2
298 299 -2
299 349 -2
300 350 2
300 349 2
300 301 2
301 351 -2
301 302 2
302 352 -2
302 303 -2
303 353 2
303 304 -2
304 354 -2
304 305 -2
305 355 -2
305 306 2
306 356 -2
306 307 2
307 357 2
307 308 2
308 358 2
308 309 -2
309 359 -2
309 310 -2
310 360 -2
310 311 2
311 361 2
311 312 2
312 362 -2
312 313 2
313 363 2
313 314 -2
314 364 -2
314 315 2
315 365 -2
315 316 -2
316 366 2
316 317 -2
317 367 2
317 318 -2
318 368 2
318 319 2
319 369 2
319 320 2
320 370 -2
320 321 2
321 371 2
321 322 2
322 372 -2
322 323 -2
323 373 2
323 324 -2
324 374 2
324 325 2
325 375 2
325 326 -2
326 376 2
326 327 -2
327 377 -2
327 328 -2
328 378 2
328 329 -2
329 379 2
329 330 2
330 380 2
330 331 2
331 381 -2
331 332 2
332 382 2
332 333 -2
333 383 -2
333 334 2
334 384 2
334 335 -2
335 385 -2
335 336 2
336 386 2
336 337 -2
337 387 2
337 338 2
338 388 -2
338 339 2
339 389 -2
339 340 2
340 390 -2
340 341 -2
341 391 -2
341 342 -2
342 392 -2
342 343 2
343 393 -2
343 344 2
344 394 2
344 345 -2
345 395 2
345 346 2
346 396 -2
346 347 2
347 397 2
347 348 -2
348 398 2
348 349 -2
349 399 2
350 400 2
350 399 2
350 351 -2
351 401 2
351 352 2
352 402 2
352 353 2
353 403 -2
353 354 -2
354 404 2
354 355 2
355 405 -2
355 356 -2
356 406 2
356 357 2
357 407 2
357 358 -2
358 408 2
358 359 -2
359 409 -2
359 360 2
360 410 2
360 361 -2
361 411 -2
361 362 2
362 412 2
362 363 -2
363 413 -2
363 364 -2
364 414 -2
364 365 2
365 415 2
365 366 2
366 416 2
366 367 -2
367 417 2
367 368 2
368 418 -2
368 369 2
369 419 -2
369 370 -2
370 420 -2
370 371 2
371 421 2
371 372 -2
372 422 2
372 373 -2
373 423 2
373 374 -2
374 424 2
374 375 -2
375 425 2
375 376 2
376 426 -2
376 377 -2
377 427 -2
377 378 2
378 428 -2
378 379 -2
379 429 -2
379 380 2
380 430 -2
380 381 2
381 431 -2
381 382 -2
382 432 2
382 383 2
383 433 -2
383 384 2
384 434 2
384 385 2
385 435 -2
385 386 -2
386 436 -2
386 387 -2
387 437 -2
387 388 -2
388 438 2
388 389 2
389 439 2
389 390 2
390 440 -2
390 391 -2
391 441 -2
391 392 -2
392 442 2
392 393 -2
393 443 2
393 394 2
394 444 -2
394 395 2
395 445 -2
395 396 2
396 446 2
396 397 2
397 447 2
397 398 2
398 448 2
398 399 -2
399 449 2
400 450 2
400 449 2
400 401 2
401 451 -2
401 402 -2
402 452 -2
402 403 -2
403 453 -2
403 404 -2
404 454 -2
404 405 2
405 455 -2
405 406 -2
406 456 -2
406 407 -2
407 457 2
407 408 2
408 458 -2
408 409 2
409 459 2
409 410 2
410 460 -2
410 411 2
411 461 2
411 412 -2
412 462 2
412 413 -2
413 463 -2
413 414 2
414 464 2
414 415 2
415 465 -2
415 416 -2
416 466 2
416 417 -2
417 467 2
417 418 -2
418 468 -2
418 419 -2
419 469 2
419 420 -2
420 470 -2
420 421 -2
421 471 2
421 422 -2
422 472 2
422 423 2
423 473 2
423 424 2
424 474 2
424 425 2
425 475 -2
425 426 -2
426 476 2
426 427 2
427 477 -2
427 428 2
428 478 -2
428 429 2
429 479 -2
429 430 -2
430 480 -2
430 431 -2
431 481 2
431 432 2
432 482 -2
432 433 2
433 483 -2
433 434 -2
434 484 -2
434 435 2
435 485 -2
435 436 -2
436 486 -2
436 437 -2
437 487 2
437 438 2
438 488 2
438 439 -2
439 489 2
439 440 -2
440 490 2
440 441 2
441 491 -2
441 442 -2
442 492 2
442 443 -2
443 493 -2
443 444 2
444 494 -2
444 445 2
445 495 2
445 446 2
446 496 -2
446 447 -2
447 497 -2
447 448 -2
448 498 -2
448 449 2
449 499 -2
450 500 2
450 499 2
450 451 2
451 501 2
451 452 2
452 502 -2
452 453 2
453 503 -2
453 454 2
454 504 -2
454 455 -2
455 505 -2
455 456 -2
456 506 -2
456 457 -2
457 507 2
457 458 2
458 508 -2
458 459 2
459 509 -2
459 460 -2
460 510 -2
460 461 -2
461 511 -2
461 462 -2
462 512 -2
462 463 -2
463 513 -2
463 464 -2
464 514 2
464 465 2
465 515 -2
465 466 -2
466 516 2
466 467 -2
467 517 2
467 468 -2
468 518 2
468 469 -2
469 519 -2
469 470 2
470 520 2
470 471 -2
471 521 2
471 472 -2
472 522 2
472 473 -2
473 523 2
473 474 -2
474 524 2
474 475 2
475 525 -2
475 476 2
476 526 -2
476 477 2
477 527 2
477 478 2
478 528 2
478 479 2
479 529 2
479 480 -2
480 530 -2
480 481 2
481 531 -2
481 482 -2
482 532 2
482 483 -2
483 533 -2
483 484 -2
484 534 -2
484 485 2
485 535 -2
485 486 -2
486 536 2
486 487 2
487 537 -2
487 488 2
488 538 2
488 489 2
489 539 -2
489 490 -2
490 540 -2
490 491 -2
491 541 -2
491 492 -2
492 542 2
492 493 2
493 543 2
493 494 -2
494 544 2
494 495 -2
495 545 -2
495 496 -2
496 546 -2
496 497 -2
497 547 -2
497 498 -2
498 548 2
498 499 2
499 549 -2
500 550 -2
500 549 2
500 501 -2
501 551 2
501 502 -2
502 552 2
502 503 -2
503 553 2
503 504 2
504 554 2
504 505 2
505 555 -2
505 506 -2
506 556 2
506 507 -2
507 557 -2
507 508 -2
508 558 2
508 509 -2
509 559 2
509 510 2
510 560 2
510 511 -2
511 561 -2
511 512 2
512 562 2
512 513 2
513 563 2
513 514 2
514 564 -2
514 515 -2
515 565 -2
515 516 2
516 566 -2
516 517 -2
517 567 2
517 518 2
518 568 -2
518 519 2
519 569 -2
519 520 -2
520 570 -2
520 521 -2
521 571 2
521 522 -2
522 572 2
522 523 -2
523 573 -2
523 524 2
524 574 -2
524 525 -2
525 575 -2
525 526 2
526 576 2
526 527 -2
527 577 2
527 528 -2
528 578 2
528 529 -2
529 579 -2
529 530 -2
530 580 -2
530 531 2
531 581 2
531 532 2
532 582 -2
532 533 2
533 583 -2
533 534 2
534 584 -2
534 535 2
535 585 2
535 536 -2
536 586 -2
536 537 -2
537 587 -2
537 538 -2
538 588 -2
538 539 -2
539 589 2
539 540 2
540 590 2
540 541 2
541 591 -2
541 542 2
542 592 -2
542 543 -2
543 593 -2
543 544 -2
544 594 2
544 545 2
545 595 -2
545 546 -2
546 596 -2
546 547 2
547 597 2
547 548 2
548 598 -2
548 549 2
549 599 2
550 600 2
550 599 -2
550 551 -2
551 601 -2
551 552 2
552 602 2
552 553 -2
553 603 -2
553 554 -2
554 604 2
554 555 -2
555 605 2
555 556 -2
556 606 2
556 557 2
557 607 -2
557 558 -2
558 608 -2
558 559 2
559 609 -2
559 560 2
560 610 -2
560 561 -2
561 611 2
561 562 2
562 612 2
562 563 2
563 613 2
563 564 2
564 614 2
564 565 -2
565 615 2
565 566 2
566 616 2
566 567 2
567 617 2
567 568 2
568 618 2
568 569 2
569 619 -2
569 570 -2
570 620 2
570 571 -2
571 621 2
571 572 2
572 622 2
572 573 -2
573 623 -2
573 574 2
574 624 -2
574 575 -2
575 625 2
575 576 2
576 626 2
576 577 -2
577 627 2
577 578 2
578 628 2
578 579 -2
579 629 2
579 580 2
580 630 2
580 581 2
581 631 2
581 582 -2
582 632 -2
582 583 2
583 633 -2
583 584 -2
584 634 -2
584 585 -2
585 635 2
585 586 2
586 636 -2
586 587 2
587 637 2
587 588 -2
588 638 -2
588 589 2
589 639 -2
589 590 -2
590 640 2
590 591 2
591 641 -2
591 592 -2
592 642 2
592 593 2
593 643 2
593 594 2
594 644 -2
594 595 -2
595 645 -2
595 596 2
596 646 2
596 597 -2
597 647 2
597 598 2
598 648 2
598 599 2
599 649 -2
600 650 -2
600 649 -2
600 601 -2
601 651 2
601 602 2
602 652 -2
602 603 -2
603 653 2
603 604 2
604 654 2
604 605 -2
605 655 -2
605 606 -2
606 656 2
606 607 -2
607 657 -2
607 608 -2
608 658 -2
608 609 -2
609 659 -2
609 610 -2
610 660 -2
610 611 2
611 661 -2
611 612 -2
612 662 2
612 613 -2
613 663 -2
613 614 -2
614 664 -2
614 615 2
615 665 -2
615 616 -2
616 666 -2
616 617 -2
617 667 2
617 618 -2
618 668 -2
618 619 2
619 669 2
619 620 2
620 670 2
620 621 2
621 671 -2
621 622 -2
622 672 2
622 623 2
623 673 -2
623 624 -2
624 674 2
624 625 2
625 675 2
625 626 -2
626 676 2
626 627 -2
627 677 -2
627 628 -2
628 678 2
628 629 -2
629 679 2
629 630 2
630 680 2
630 631 2
631 681 2
631 632 -2
632 682 -2
632 633 -2
633 683 2
633 634 -2
634 684 -2
634 635 -2
635 685 2
635 636 2
636 686 -2
636 637 2
637 687 -2
637 638 2
638 688 -2
638 639 -2
639 689 -2
639 640 -2
640 690 2
640 641 2
641 691 -2
641 642 -2
642 692 2
642 643 -2
643 693 2
643 644 2
644 694 -2
644 645 -2
645 695 2
645 646 -2
646 696 -2
646 647 -2
647 697 2
647 648 2
648 698 -2
648 649 2
649 699 -2
650 700 2
650 699 2
650 651 -2
651 701 -2
651 652 2
652 702 2
652 653 2
653 703 -2
653 654 -2
654 704 -2
654 655 -2
655 705 2
655 656 2
656 706 -2
656 657 2
657 707 2
657 658 -2
658 708 2
658 659 2
659 709 -2
659 660 -2
660 710 2
660 661 2
661 711 -2
661 662 2
662 712 -2
662 663 2
663 713 -2
663 664 2
664 714 -2
664 665 -2
665 715 -2
665 666 2
666 716 2
666 667 2
667 717 2
667 668 2
668 718 -2
668 669 2
669 719 -2
669 670 2
670 720 -2
670 671 -2
671 721 2
671 672 2
672 722 2
672 673 -2
673 723 2
673 674 2
674 724 -2
674 675 -2
675 725 2
675 676 2
676 726 2
676 677 -2
677 727 2
677 678 2
678 728 2
678 679 2
679 729 2
679 680 -2
680 730 2
680 681 2
681 731 -2
681 682 -2
682 732 -2
682 683 2
683 733 -2
683 684 2
684 734 2
684 685 2
685 735 2
685 686 2
686 736 -2
686 687 2
687 737 -2
687 688 2
688 738 -2
688 689 -2
689 739 2
689 690 -2
690 740 2
690 691 -2
691 741 -2
691 692 2
692 742 2
692 693 -2
693 743 -2
693 694 2
694 744 -2
694 695 2
695 745 2
695 696 2
696 746 -2
696 697 2
697 747 -2
697 698 2
698 748 -2
698 699 -2
699 749 -2
700 750 2
700 749 2
700 701 2
701 751 -2
701 702 -2
702 752 -2
702 703 -2
703 753 2
703 704 2
704 754 2
704 705 -2
705 755 2
705 706 -2
706 756 2
706 707 -2
707 757 -2
707 708 2
708 758 2
708 709 2
709 759 2
709 710 2
710 760 -2
710 711 2
711 761 2
711 712 -2
712 762 2
712 713 -2
713 763 2
713 714 -2
714 764 -2
714 715 2
715 765 -2
715 716 -2
716 766 2
716 717 2
717 767 -2
717 718 2
718 768 2
718 719 -2
719 769 2
719 720 -2
720 770 2
720 721 2
721 771 -2
721 722 2
722 772 2
722 723 -2
723 773 2
723 724 2
724 774 -2
724 725 -2
725 775 -2
725 726 2
726 776 -2
726 727 -2
727 777 2
727 728 2
728 778 2
728 729 -2
729 779 -2
729 730 -2
730 780 2
730 731 -2
731 781 -2
731 732 2
732 782 2
732 733 2
733 783 2
733 734 2
734 784 -2
734 735 2
735 785 -2
735 736 2
736 786 2
736 737 -2
737 787 2
737 738 2
738 788 -2
738 739 -2
739 789 -2
739 740 -2
740 790 -2
740 741 -2
741 791 -2
741 742 -2
742 792 2
742 743 2
743 793 2
743 744 -2
744 794 2
744 745 2
745 795 2
745 746 2
746 796 -2
746 747 2
747 797 -2
747 748 2
748 798 -2
748 749 -2
749 799 2
750 800 2
750 799 -2
750 751 2
751 801 2
751 752 -2
752 802 -2
752 753 -2
753 803 2
753 754 -2
754 804 2
754 755 -2
755 805 2
755 756 2
756 806 -2
756 757 2
757 807 -2
757 758 -2
758 808 -2
758 759 -2
759 809 -2
759 760 -2
760 810 2
760 761 -2
761 811 -2
761 762 -2
762 812 -2
762 763 -2
763 813 -2
763 764 -2
764 814 -2
764 765 -2
765 815 -2
765 766 -2
766 816 2
766 767 2
767 817 -2
767 768 -2
768 818 -2
768 769 2
769 819 -2
769 770 2
770 820 -2
770 771 -2
771 821 2
771 772 2
772 822 -2
772 773 2
773 823 2
773 774 -2
774 824 -2
774 775 -2
775 825 -2
775 776 -2
776 826 2
776 777 -2
777 827 2
777 778 2
778 828 2
778 779 -2
779 829 -2
779 780 -2
780 830 2
780 781 -2
781 831 -2
781 782 2
782 832 -2
782 783 2
783 833 2
783 784 -2
784 834 2
784 785 -2
785 835 -2
785 786 -2
786 836 2
786 787 -2
787 837 2
787 788 -2
788 838 2
788 789 2
789 839 -2
789 790 2
790 840 -2
790 791 2
791 841 -2
791 792 -2
792 842 2
792 793 2
793 843 -2
793 794 -2
794 844 -2
794 795 -2
795 845 -2
795 796 -2
796 846 -2
796 797 -2
797 847 -2
797 798 -2
798 848 2
798 799 -2
799 849 -2
800 850 2
800 849 2
800 801 -2
801 851 -2
801 802 2
802 852 2
802 803 -2
803 853 -2
803 804 2
804 854 -2
804 805 2
805 855 -2
805 806 2
806 856 2
806 807 -2
807 857 2
807 808 -2
808 858 -2
808 809 2
809 859 -2
809 810 -2
810 860 2
810 811 2
811 861 2
811 812 2
812 862 -2
812 813 2
813 863 -2
813 814 2
814 864 2
814 815 -2
815 865 -2
815 816 -2
816 866 -2
816 817 -2
817 867 2
817 818 -2
818 868 2
818 819 -2
819 869 2
819 820 2
820 870 -2
820 821 2
821 871 2
821 822 -2
822 872 -2
822 823 -2
823 873 2
823 824 -2
824 874 -2
824 825 2
825 875 -2
825 826 -2
826 876 2
826 827 -2
827 877 -2
827 828 -2
828 878 -2
828 829 -2
829 879 2
829 830 -2
830 880 -2
830 831 2
831 881 -2
831 832 -2
832 882 2
832 833 -2
833 883 -2
833 834 -2
834 884 -2
834 835 2
835 885 2
835 836 2
836 886 -2
836 837 -2
837 887 2
837 838 2
838 888 -2
838 839 -2
839 889 2
839 840 2
840 890 -2
840 841 -2
841 891 -2
841 842 2
842 892 -2
842 843 2
843 893 2
843 844 -2
844 894 -2
844 845 -2
845 895 2
845 846 2
846 896 -2
846 847 -2
847 897 2
847 848 2
848 898 2
848 849 -2
849 899 2
850 900 -2
850 899 2
850 851 2
851 901 -2
851 852 2
852 902 2
852 853 -2
853 903 2
853 854 -2
854 904 -2
854 855 -2
855 905 -2
855 856 2
856 906 2
856 857 2
857 907 2
857 858 -2
858 908 -2
858 859 2
859 909 -2
859 860 2
860 910 2
860 861 2
861 911 2
861 862 2
862 912 2
862 863 -2
863 913 2
863 864 2
864 914 -2
864 865 -2
865 915 2
865 866 -2
866 916 -2
866 867 -2
867 917 -2
867 868 2
868 918 2
868 869 -2
869 919 2
869 870 -2
870 920 2
870 871 2
871 921 -2
871 872 -2
872 922 2
872 873 2
873 923 2
873 874 2
874 924 -2
874 875 2
875 925 -2
875 876 2
876 926 -2
876 877 2
877 927 -2
877 878 -2
878 928 -2
878 879 2
879 929 2
879 880 2
880 930 2
880 881 -2
881 931 -2
881 882 -2
882 932 -2
882 883 -2
883 933 2
883 884 2
884 934 -2
884 885 -2
885 935 -2
885 886 2
886 936 -2
886 887 2
887 937 -2
887 888 2
888 938 2
888 889 -2
889 939 -2
889 890 -2
890 940 2
890 891 -2
891 941 2
891 892 2
892 942 -2
892 893 -2
893 943 2
893 894 -2
894 944 -2
894 895 -2
895 945 -2
895 896 -2
896 946 2
896 897 2
897 947 -2
897 898 2
898 948 2
898 899 2
899 949 2
900 950 -2
900 949 -2
900 901 2
901 951 2
901 902 2
902 952 2
902 903 2
903 953 -2
903 904 2
904 954 -2
904 905 2
905 955 2
905 906 -2
906 956 -2
906 907 -2
907 957 2
907 908 2
908 958 2
908 909 -2
909 959 2
909 910 -2
910 960 2
910 911 2
911 961 -2
911 912 -2
912 962 -2
912 913 -2
913 963 -2
913 914 2
914 964 2
914 915 -2
915 965 2
915 916 2
916 966 2
916 917 -2
917 967 2
917 918 2
918 968 2
918 919 -2
919 969 2
919 920 -2
920 970 2
920 921 -2
921 971 2
921 922 -2
922 972 2
922 923 -2
923 973 2
923 924 -2
924 974 -2
924 925 -2
925 975 2
925 926 2
926 976 -2
926 927 -2
927 977 -2
927 928 -2
928 978 2
928 929 -2
929 979 2
929 930 -2
930 980 2
930 931 2
931 981 -2
931 932 -2
932 982 2
932 933 2
933 983 2
933 934 -2
934 984 2
934 935 -2
935 985 2
935 936 2
936 986 2
936 937 -2
937 987 2
937 938 2
938 988 -2
938 939 -2
939 989 -2
939 940 2
940 990 2
940 941 2
941 991 2
941 942 -2
942 992 -2
942 943 2
943 993 2
943 944 -2
944 994 -2
944 945 2
945 995 -2
945 946 -2
946 996 -2
946 947 -2
947 997 2
947 948 -2
948 998 -2
948 949 2
949 999 2
950 1000 -2
950 999 2
950 951 -2
951 1001 -2
951 952 2
952 1002 2
952 953 2
953 1003 -2
953 954 2
954 1004 -2
954 955 -2
955 1005 -2
955 956 2
956 1006 -2
956 957 -2
957 1007 2
957 958 2
958 1008 -2
958 959 2
959 1009 2
959 960 2
960 1010 -2
960 961 -2
961 1011 2
961 962 2
962 1012 2
962 963 2
963 1013 -2
963 964 2
964 1014 2
964 965 2
965 1015 -2
965 966 -2
966 1016 -2
966 967 -2
967 1017 2
967 968 -2
968 1018 2
968 969 -2
969 1019 2
969 970 -2
970 1020 2
970 971 -2
971 1021 -2
971 972 2
972 1022 -2
972 973 2
973 1023 2
973 974 2
974 1024 -2
974 975 -2
975 1025 2
975 976 2
976 1026 2
976 977 -2
977 1027 2
977 978 -2
978 1028 -2
978 979 -2
979 1029 -2
979 980 2
980 1030 -2
980 981 2
981 1031 2
981 982 -2
982 1032 -2
982 983 2
983 1033 -2
983 984 2
984 1034 2
984 985 2
985 1035 2
985 986 2
986 1036 -2
986 987 2
987 1037 2
987 988 2
988 1038 -2
988 989 2
989 1039 2
989 990 2
990 1040 -2
990 991 -2
991 1041 2
991 992 2
992 1042 2
992 993 2
993 1043 2
993 994 -2
994 1044 2
994 995 2
995 1045 -2
995 996 -2
996 1046 2
996 997 -2
997 1047 -2
997 998 2
998 1048 -2
998 999 -2
999 1049 2
1000 1050 2
1000 1049 2
1000 1001 -2
1001 1051 2
1001 1002 -2
1002 1052 2
1002 1003 2
1003 1053 -2
1003 1004 -2
1004 1054 -2
1004 1005 2
1005 1055 2
1005 1006 -2
1006 1056 2
1006 1007 -2
1007 1057 -2
1007 1008 2
1008 1058 2
1008 1009 2
1009 1059 -2
1009 1010 -2
1010 1060 -2
1010 1011 -2
1011 1061 -2
1011 1012 2
1012 1062 -2
1012 1013 2
1013 1063 -2
1013 1014 -2
1014 1064 2
1014 1015 -2
1015 1065 2
1015 1016 2
1016 1066 -2
1016 1017 -2
1017 1067 2
1017 1018 -2
1018 1068 2
1018 1019 -2
1019 1069 2
1019 1020 2
1020 1070 2
1020 1021 2
1021 1071 2
1021 1022 -2
1022 1072 2
1022 1023 2
1023 1073 -2
1023 1024 2
1024 1074 -2
1024 1025 -2
1025 1075 -2
1025 1026 2
1026 1076 -2
1026 1027 2
1027 1077 2
1027 1028 2
1028 1078 2
1028 1029 -2
1029 1079 -2
1029 1030 -2
1030 1080 -2
1030 1031 -2
1031 1081 -2
1031 1032 -2
1032 1082 -2
1032 1033 -2
1033 1083 2
1033 1034 2
1034 1084 -2
1034 1035 2
1035 1085 -2
1035 1036 -2
1036 1086 -2
1036 1037 -2
1037 1087 2
1037 1038 2
1038 1088 -2
1038 1039 -2
1039 1089 -2
1039 1040 -2
1040 1090 2
1040 1041 2
1041 1091 -2
1041 1042 2
1042 1092 2
1042 1043 -2
1043 1093 -2
1043 1044 -2
1044 1094 2
1044 1045 2
1045 1095 2
1045 1046 -2
1046 1096 -2
1046 1047 -2
1047 1097 -2
1047 1048 -2
1048 1098 -2
1048 1049 2
1049 1099 2
1050 1100 2
1050 1099 2
1050 1051 2
1051 1101 -2
1051 1052 2
1052 1102 2
1052 1053 2
1053 1103 2
1053 1054 2
1054 1104 2
1054 1055 -2
1055 1105 2
1055 1056 -2
1056 1106 2
1056 1057 2
1057 1107 2
1057 1058 -2
1058 1108 2
1058 1059 2
1059 1109 2
1059 1060 2
1060 1110 2
1060 1061 -2
1061 1111 2
1061 1062 -2
1062 1112 -2
1062 1063 2
1063 1113 2
1063 1064 2
1064 1114 2
1064 1065 2
1065 1115 -2
1065 1066 2
1066 1116 -2
1066 1067 2
1067 1117 -2
1067 1068 2
1068 1118 2
1068 1069 2
1069 1119 2
1069 1070 -2
1070 1120 2
1070 1071 2
1071 1121 2
1071 1072 2
1072 1122 2
1072 1073 2
1073 1123 -2
1073 1074 -2
1074 1124 2
1074 1075 -2
1075 1125 2
1075 1076 2
1076 1126 2
1076 1077 -2
1077 1127 -2
1077 1078 2
1078 1128 -2
1078 1079 2
1079 1129 -2
1079 1080 2
1080 1130 2
1080 1081 -2
1081 1131 2
1081 1082 -2
1082 1132 2
1082 1083 -2
1083 1133 -2
1083 1084 2
1084 1134 2
1084 1085 2
1085 1135 2
1085 1086 -2
1086 1136 2
1086 1087 -2
1087 1137 2
1087 1088 2
1088 1138 -2
1088 1089 2
1089 1139 2
1089 1090 -2
1090 1140 2
1090 1091 2
1091 1141 2
1091 1092 -2
1092 1142 -2
1092 1093 2
1093 1143 -2
1093 1094 2
1094 1144 2
1094 1095 2
1095 1145 -2
1095 1096 -2
1096 1146 -2
1096 1097 -2
1097 1147 2
1097 1098 2
1098 1148 -2
1098 1099 2
1099 1149 -2
1100 1150 -2
1100 1149 -2
1100 1101 -2
1101 1151 2
1101 1102 -2
1102 1152 2
1102 1103 2
1103 1153 2
1103 1104 -2
1104 1154 -2
1104 1105 -2
1105 1155 -2
1105 1106 2
1106 1156 2
1106 1107 -2
1107 1157 -2
1107 1108 2
1108 1158 2
1108 1109 -2
1109 1159 2
1109 1110 2
1110 1160 2
1110 1111 2
1111 1161 -2
1111 1112 2
1112 1162 -2
1112 1113 -2
1113 1163 -2
1113 1114 2
1114 1164 2
1114 1115 -2
1115 1165 -2
1115 1116 2
1116 1166 -2
1116 1117 -2
1117 1167 2
1117 1118 2
1118 1168 -2
1118 1119 -2
1119 1169 2
1119 1120 -2
1120 1170 2
1120 1121 2
1121 1171 2
1121 1122 -2
1122 1172 2
1122 1123 2
1123 1173 2
1123 1124 -2
1124 1174 2
1124 1125 2
1125 1175 -2
1125 1126 -2
1126 1176 2
1126 1127 2
1127 1177 2
1127 1128 2
1128 1178 2
1128 1129 2
1129 1179 -2
1129 1130 -2
1130 1180 -2
1130 1131 2
1131 1181 -2
1131 1132 2
1132 1182 2
1132 1133 2
1133 1183 2
1133 1134 -2
1134 1184 2
1134 1135 2
1135 1185 2
1135 1136 -2
1136 1186 2
1136 1137 2
1137 1187 -2
1137 1138 -2
1138 1188 -2
1138 1139 -2
1139 1189 -2
1139 1140 2
1140 1190 -2
1140 1141 2
1141 1191 -2
1141 1142 2
1142 1192 2
1142 1143 -2
1143 1193 -2
1143 1144 2
1144 1194 2
1144 1145 2
1145 1195 -2
1145 1146 2
1146 1196 2
1146 1147 2
1147 1197 -2
1147 1148 2
1148 1198 2
1148 1149 -2
1149 1199 2
1150 1200 2
1150 1199 2
1150 1151 -2
1151 1201 2
1151 1152 2
1152 1202 -2
1152 1153 2
1153 1203 2
1153 1154 -2
1154 1204 2
1154 1155 -2
1155 1205 2
1155 1156 2
1156 1206 2
1156 1157 2
1157 1207 2
1157 1158 -2
1158 1208 2
1158 1159 -2
1159 1209 2
1159 1160 -2
1160 1210 -2
1160 1161 2
1161 1211 2
1161 1162 2
1162 1212 -2
1162 1163 -2
1163 1213 -2
1163 1164 2
1164 1214 -2
1164 1165 2
1165 1215 -2
1165 1166 -2
1166 1216 2
1166 1167 2
1167 1217 2
1167 1168 2
1168 1218 -2
1168 1169 2
1169 1219 2
1169 1170 -2
1170 1220 -2
1170 1171 -2
1171 1221 -2
1171 1172 2
1172 1222 2
1172 1173 -2
1173 1223 2
1173 1174 -2
1174 1224 2
1174 1175 2
1175 1225 -2
1175 1176 -2
1176 1226 2
1176 1177 2
1177 1227 -2
1177 1178 -2
1178 1228 2
1178 1179 2
1179 1229 -2
1179 1180 2
1180 1230 2
1180 1181 2
1181 1231 -2
1181 1182 2
1182 1232 -2
1182 1183 -2
1183 1233 2
1183 1184 -2
1184 1234 2
1184 1185 -2
1185 1235 -2
1185 1186 -2
1186 1236 2
1186 1187 2
1187 1237 2
1187 1188 -2
1188 1238 -2
1188 1189 -2
1189 1239 -2
1189 1190 2
1190 1240 -2
1190 1191 -2
1191 1241 2
1191 1192 -2
1192 1242 2
1192 1193 2
1193 1243 -2
1193 1194 -2
1194 1244 -2
1194 1195 -2
1195 1245 -2
1195 1196 -2
1196 1246 -2
1196 1197 2
1197 1247 -2
1197 1198 2
1198 1248 2
1198 1199 -2
1199 1249 2
1200 1250 -2
1200 1249 2
1200 1201 2
1201 1251 2
1201 1202 2
1202 1252 -2
1202 1203 -2
1203 1253 -2
1203 1204 -2
1204 1254 -2
1204 1205 2
1205 1255 -2
1205 1206 2
1206 1256 2
1206 1207 2
1207 1257 2
1207 1208 -2
1208 1258 2
1208 1209 -2
1209 1259 -2
1209 1210 2
1210 1260 2
1210 1211 -2
1211 1261 -2
1211 1212 2
1212 1262 2
1212 1213 -2
1213 1263 -2
1213 1214 2
1214 1264 2
1214 1215 -2
1215 1265 2
1215 1216 2
1216 1266 2
1216 1217 2
1217 1267 2
1217 1218 2
1218 1268 2
1218 1219 2
1219 1269 -2
1219 1220 2
1220 1270 -2
1220 1221 2
1221 1271 2
1221 1222 2
1222 1272 -2
1222 1223 2
1223 1273 2
1223 1224 -2
1224 1274 2
1224 1225 -2
1225 1275 -2
1225 1226 -2
1226 1276 -2
1226 1227 2
1227 1277 2
1227 1228 2
1228 1278 2
1228 1229 2
1229 1279 -2
1229 1230 2
1230 1280 2
1230 1231 -2
1231 1281 -2
1231 1232 -2
1232 1282 2
1232 1233 2
1233 1283 2
1233 1234 2
1234 1284 -2
1234 1235 2
1235 1285 2
1235 1236 -2
1236 1286 -2
1236 1237 -2
1237 1287 2
1237 1238 2
1238 1288 -2
1238 1239 -2
1239 1289 2
1239 1240 2
1240 1290 2
1240 1241 -2
1241 1291 -2
1241 1242 -2
1242 1292 -2
1242 1243 2
1243 1293 2
1243 1244 -2
1244 1294 -2
1244 1245 -2
1245 1295 2
1245 1246 -2
1246 1296 -2
1246 1247 2
1247 1297 -2
1247 1248 -2
1248 1298 2
1248 1249 2
1249 1299 2
1250 1300 2
1250 1299 -2
1250 1251 2
1251 1301 -2
1251 1252 -2
1252 1302 2
1252 1253 -2
1253 1303 2
1253 1254 2
1254 1304 -2
1254 1255 -2
1255 1305 -2
1255 1256 2
1256 1306 2
1256 1257 2
1257 1307 -2
1257 1258 2
1258 1308 2
1258 1259 2
1259 1309 2
1259 1260 -2
1260 1310 -2
1260 1261 -2
1261 1311 -2
1261 1262 2
1262 1312 2
1262 1263 -2
1263 1313 -2
1263 1264 2
1264 1314 2
1264 1265 -2
1265 1315 2
1265 1266 2
1266 1316 2
1266 1267 2
1267 1317 2
1267 1268 -2
1268 1318 2
1268 1269 2
1269 1319 -2
1269 1270 -2
1270 1320 -2
1270 1271 -2
1271 1321 -2
1271 1272 2
1272 1322 2
1272 1273 2
1273 1323 2
1273 1274 -2
1274 1324 2
1274 1275 2
1275 1325 -2
1275 1276 2
1276 1326 -2
1276 1277 2
1277 1327 -2
1277 1278 -2
1278 1328 2
1278 1279 -2
1279 1329 -2
1279 1280 2
1280 1330 2
1280 1281 2
1281 1331 -2
1281 1282 -2
1282 1332 2
1282 1283 2
1283 1333 -2
1283 1284 2
1284 1334 2
1284 1285 -2
1285 1335 2
1285 1286 -2
1286 1336 -2
1286 1287 2
1287 1337 -2
1287 1288 -2
1288 1338 2
1288 1289 -2
1289 1339 2
1289 1290 -2
1290 1340 -2
1290 1291 -2
1291 1341 -2
1291 1292 -2
1292 1342 2
1292 1293 -2
1293 1343 2
1293 1294 -2
1294 1344 2
1294 1295 -2
1295 1345 2
1295 1296 -2
1296 1346 -2
1296 1297 2
1297 1347 2
1297 1298 -2
1298 1348 -2
1298 1299 -2
1299 1349 2
1300 1350 2
1300 1349 2
1300 1301 -2
1301 1351 -2
1301 1302 2
1302 1352 -2
1302 1303 2
1303 1353 -2
1303 1304 -2
1304 1354 -2
1304 1305 2
1305 1355 2
1305 1306 -2
1306 1356 -2
1306 1307 2
1307 1357 2
1307 1308 2
1308 1358 2
1308 1309 2
1309 1359 2
1309 1310 -2
1310 1360 -2
1310 1311 -2
1311 1361 -2
1311 1312 -2
1312 1362 -2
1312 1313 2
1313 1363 -2
1313 1314 -2
1314 1364 2
1314 1315 2
1315 1365 2
1315 1316 -2
1316 1366 2
1316 1317 2
1317 1367 2
1317 1318 2
1318 1368 -2
1318 1319 2
1319 1369 -2
1319 1320 -2
1320 1370 -2
1320 1321 2
1321 1371 2
1321 1322 -2
1322 1372 -2
1322 1323 -2
1323 1373 2
1323 1324 -2
1324 1374 -2
1324 1325 2
1325 1375 2
1325 1326 -2
1326 1376 2
1326 1327 2
1327 1377 2
1327 1328 -2
1328 1378 -2
1328 1329 -2
1329 1379 2
1329 1330 2
1330 1380 2
1330 1331 -2
1331 1381 2
1331 1332 2
1332 1382 -2
1332 1333 2
1333 1383 2
1333 1334 2
1334 1384 -2
1334 1335 2
1335 1385 2
1335 1336 -2
1336 1386 2
1336 1337 -2
1337 1387 2
1337 1338 -2
1338 1388 2
1338 1339 -2
1339 1389 -2
1339 1340 2
1340 1390 -2
1340 1341 -2
1341 1391 -2
1341 1342 2
1342 1392 -2
1342 1343 -2
1343 1393 2
1343 1344 2
1344 1394 2
1344 1345 -2
1345 1395 2
1345 1346 2
1346 1396 2
1346 1347 -2
1347 1397 -2
1347 1348 2
1348 1398 -2
1348 1349 2
1349 1399 2
1350 1400 2
1350 1399 -2
1350 1351 2
1351 1401 2
1351 1352 -2
1352 1402 2
1352 1353 -2
1353 1403 -2
1353 1354 -2
1354 1404 -2
1354 1355 2
1355 1405 2
1355 1356 2
1356 1406 2
1356 1357 2
1357 1407 2
1357 1358 -2
1358 1408 2
1358 1359 -2
1359 1409 -2
1359 1360 2
1360 1410 -2
1360 1361 2
1361 1411 2
1361 1362 2
1362 1412 -2
1362 1363 -2
1363 1413 2
1363 1364 -2
1364 1414 -2
1364 1365 2
1365 1415 -2
1365 1366 2
1366 1416 2
1366 1367 -2
1367 1417 2
1367 1368 2
1368 1418 2
1368 1369 -2
1369 1419 -2
1369 1370 2
1370 1420 2
1370 1371 2
1371 1421 2
1371 1372 2
1372 1422 2
1372 1373 -2
1373 1423 -2
1373 1374 2
1374 1424 2
1374 1375 2
1375 1425 2
1375 1376 2
1376 1426 -2
1376 1377 -2
1377 1427 -2
1377 1378 2
1378 1428 -2
1378 1379 -2
1379 1429 2
1379 1380 -2
1380 1430 -2
1380 1381 2
1381 1431 2
1381 1382 -2
1382 1432 -2
1382 1383 -2
1383 1433 2
1383 1384 -2
1384 1434 2
1384 1385 2
1385 1435 2
1385 1386 2
1386 1436 -2
1386 1387 -2
1387 1437 2
1387 1388 -2
1388 1438 -2
1388 1389 2
1389 1439 2
1389 1390 2
1390 1440 2
1390 1391 2
1391 1441 2
1391 1392 2
1392 1442 -2
1392 1393 2
1393 1443 2
1393 1394 -2
1394 1444 2
1394 1395 2
1395 1445 -2
1395 1396 2
1396 1446 -2
1396 1397 -2
1397 1447 2
1397 1398 -2
1398 1448 -2
1398 1399 -2
1399 1449 -2
1400 1450 -2
1400 1449 2
1400 1401 -2
1401 1451 -2
1401 1402 2
1402 1452 2
1402 1403 -2
1403 1453 2
1403 1404 2
1404 1454 -2
1404 1405 -2
1405 1455 2
1405 1406 -2
1406 1456 -2
1406 1407 2
1407 1457 -2
1407 1408 -2
1408 1458 -2
1408 1409 2
1409 1459 -2
1409 1410 2
1410 1460 -2
1410 1411 2
1411 1461 2
1411 1412 -2
1412 1462 -2
1412 1413 -2
1413 1463 2
1413 1414 -2
1414 1464 2
1414 1415 2
1415 1465 2
1415 1416 -2
1416 1466 -2
1416 1417 -2
1417 1467 -2
1417 1418 -2
1418 1468 -2
1418 1419 -2
1419 1469 -2
1419 1420 -2
1420 1470 2
1420 1421 -2
1421 1471 -2
1421 1422 2
1422 1472 -2
1422 1423 -2
1423 1473 2
1423 1424 2
1424 1474 2
1424 1425 2
1425 1475 -2
1425 1426 -2
1426 1476 2
1426 1427 -2
1427 1477 2
1427 1428 -2
1428 1478 2
1428 1429 2
1429 1479 2
1429 1430 2
1430 1480 2
1430 1431 2
1431 1481 2
1431 1432 2
1432 1482 -2
1432 1433 -2
1433 1483 -2
1433 1434 -2
1434 1484 2
1434 1435 2
1435 1485 -2
1435 1436 2
1436 1486 -2
1436 1437 -2
1437 1487 -2
1437 1438 2
1438 1488 2
1438 1439 -2
1439 1489 2
1439 1440 -2
1440 1490 2
1440 1441 -2
1441 1491 -2
1441 1442 2
1442 1492 -2
1442 1443 -2
1443 1493 -2
1443 1444 2
1444 1494 -2
1444 1445 2
1445 1495 -2
1445 1446 -2
1446 1496 -2
1446 1447 2
1447 1497 -2
1447 1448 2
1448 1498 2
1448 1449 -2
1449 1499 2
1450 1500 2
1450 1499 -2
1450 1451 2
1451 1501 2
1451 1452 -2
1452 1502 2
1452 1453 2
1453 1503 -2
1453 1454 -2
1454 1504 2
1454 1455 2
1455 1505 -2
1455 1456 2
1456 1506 -2
1456 1457 2
1457 1507 -2
1457 1458 -2
1458 1508 -2
1458 1459 2
1459 1509 -2
1459 1460 -2
1460 1510 -2
1460 1461 2
1461 1511 -2
1461 1462 2
1462 1512 2
1462 1463 2
1463 1513 -2
1463 1464 2
1464 1514 -2
1464 1465 2
1465 1515 2
1465 1466 -2
1466 1516 2
1466 1467 2
1467 1517 -2
1467 1468 -2
1468 1518 2
1468 1469 2
1469 1519 -2
1469 1470 2
1470 1520 -2
1470 1471 -2
1471 1521 2
1471 1472 -2
1472 1522 -2
1472 1473 2
1473 1523 -2
1473 1474 -2
1474 1524 -2
1474 1475 2
1475 1525 2
1475 1476 2
1476 1526 -2
1476 1477 2
1477 1527 -2
1477 1478 2
1478 1528 2
1478 1479 -2
1479 1529 -2
1479 1480 2
1480 1530 2
1480 1481 2
1481 1531 2
1481 1482 2
1482 1532 -2
1482 1483 -2
1483 1533 -2
1483 1484 -2
1484 1534 2
1484 1485 2
1485 1535 -2
1485 1486 -2
1486 1536 2
1486 1487 2
1487 1537 2
1487 1488 -2
1488 1538 2
1488 1489 2
1489 1539 2
1489 1490 -2
1490 1540 -2
1490 1491 2
1491 1541 -2
1491 1492 2
1492 1542 -2
1492 1493 -2
1493 1543 -2
1493 1494 2
1494 1544 2
1494 1495 2
1495 1545 2
1495 1496 2
1496 1546 2
1496 1497 2
1497 1547 2
1497 1498 2
1498 1548 -2
1498 1499 2
1499 1549 2
1500 1550 -2
1500 1549 -2
1500 1501 2
1501 1551 -2
1501 1502 2
1502 1552 2
1502 1503 2
1503 1553 2
1503 1504 2
1504 1554 2
1504 1505 2
1505 1555 -2
1505 1506 -2
1506 1556 -2
1506 1507 2
1507 1557 2
1507 1508 -2
1508 1558 -2
1508 1509 2
1509 1559 -2
1509 1510 2
1510 1560 -2
1510 1511 -2
1511 1561 2
1511 1512 -2
1512 1562 2
1512 1513 2
1513 1563 -2
1513 1514 2
1514 1564 2
1514 1515 -2
1515 1565 2
1515 1516 2
1516 1566 -2
1516 1517 -2
1517 1567 -2
1517 1518 -2
1518 1568 2
1518 1519 2
1519 1569 2
1519 1520 -2
1520 1570 -2
1520 1521 -2
1521 1571 2
1521 1522 -2
1522 1572 -2
1522 1523 2
1523 1573 2
1523 1524 2
1524 1574 -2
1524 1525 -2
1525 1575 2
1525 1526 2
1526 1576 -2
1526 1527 2
1527 1577 2
1527 1528 -2
1528 1578 2
1528 1529 2
1529 1579 -2
1529 1530 -2
1530 1580 -2
1530 1531 2
1531 1581 -2
1531 1532 -2
1532 1582 -2
1532 1533 -2
1533 1583 -2
1533 1534 2
1534 1584 2
1534 1535 -2
1535 1585 -2
1535 1536 -2
1536 1586 2
1536 1537 2
1537 1587 -2
1537 1538 2
1538 1588 2
1538 1539 -2
1539 1589 2
1539 1540 -2
1540 1590 -2
1540 1541 2
1541 1591 2
1541 1542 2
1542 1592 -2
1542 1543 -2
1543 1593 2
1543 1544 2
1544 1594 2
1544 1545 -2
1545 1595 2
1545 1546 2
1546 1596 2
1546 1547 -2
1547 1597 -2
1547 1548 -2
1548 1598 -2
1548 1549 2
1549 1599 -2
1550 1600 -2
1550 1599 -2
1550 1551 2
1551 1601 2
1551 1552 2
1552 1602 -2
1552 1553 2
1553 1603 -2
1553 1554 -2
1554 1604 -2
1554 1555 2
1555 1605 -2
1555 1556 2
1556 1606 2
1556 1557 -2
1557 1607 2
1557 1558 -2
1558 1608 -2
1558 1559 2
1559 1609 -2
1559 1560 -2
1560 1610 -2
1560 1561 -2
1561 1611 -2
1561 1562 -2
1562 1612 2
1562 1563 -2
1563 1613 -2
1563 1564 2
1564 1614 -2
1564 1565 -2
1565 1615 2
1565 1566 -2
1566 1616 2
1566 1567 -2
1567 1617 -2
1567 1568 -2
1568 1618 -2
1568 1569 -2
1569 1619 2
1569 1570 -2
1570 1620 -2
1570 1571 -2
1571 1621 -2
1571 1572 2
1572 1622 -2
1572 1573 2
1573 1623 2
1573 1574 2
1574 1624 -2
1574 1575 2
1575 1625 2
1575 1576 -2
1576 1626 -2
1576 1577 2
1577 1627 2
1577 1578 2
1578 1628 2
1578 1579 2
1579 1629 -2
1579 1580 2
1580 1630 2
1580 1581 2
1581 1631 -2
1581 1582 -2
1582 1632 -2
1582 1583 2
1583 1633 2
1583 1584 -2
1584 1634 -2
1584 1585 -2
1585 1635 -2
1585 1586 -2
1586 1636 -2
1586 1587 2
1587 1637 2
1587 1588 -2
1588 1638 2
1588 1589 2
1589 1639 2
1589 1590 2
1590 1640 -2
1590 1591 -2
1591 1641 2
1591 1592 2
1592 1642 -2
1592 1593 2
1593 1643 -2
1593 1594 -2
1594 1644 2
1594 1595 2
1595 1645 -2
1595 1596 2
1596 1646 -2
1596 1597 -2
1597 1647 2
1597 1598 -2
1598 1648 -2
1598 1599 -2
1599 1649 2
1600 1650 2
1600 1649 -2
1600 1601 2
1601 1651 2
1601 1602 -2
1602 1652 -2
1602 1603 2
1603 1653 -2
1603 1604 -2
1604 1654 2
1604 1605 2
1605 1655 -2
1605 1606 -2
1606 1656 -2
1606 1607 2
1607 1657 -2
1607 1608 -2
1608 1658 2
1608 1609 2
1609 1659 2
1609 1610 -2
1610 1660 -2
1610 1611 -2
1611 1661 -2
1611 1612 2
1612 1662 2
1612 1613 -2
1613 1663 -2
1613 1614 -2
1614 1664 2
1614 1615 -2
1615 1665 -2
1615 1616 -2
1616 1666 -2
1616 1617 -2
1617 1667 2
1617 1618 2
1618 1668 2
1618 1619 2
1619 1669 2
1619 1620 2
1620 1670 -2
1620 1621 2
1621 1671 2
1621 1622 -2
1622 1672 2
1622 1623 2
1623 1673 -2
1623 1624 2
1624 1674 -2
1624 1625 2
1625 1675 -2
1625 1626 -2
1626 1676 2
1626 1627 2
1627 1677 -2
1627 1628 2
1628 1678 -2
1628 1629 2
1629 1679 -2
1629 1630 2
1630 1680 -2
1630 1631 2
1631 1681 -2
1631 1632 -2
1632 1682 -2
1632 1633 2
1633 1683 2
1633 1634 -2
1634 1684 -2
1634 1635 2
1635 1685 -2
1635 1636 -2
1636 1686 -2
1636 1637 -2
1637 1687 -2
1637 1638 -2
1638 1688 2
1638 1639 -2
1639 1689 2
1639 1640 2
1640 1690 2
1640 1641 -2
1641 1691 -2
1641 1642 2
1642 1692 2
1642 1643 2
1643 1693 -2
1643 1644 2
1644 1694 2
1644 1645 2
1645 1695 2
1645 1646 -2
1646 1696 2
1646 1647 2
1647 1697 -2
1647 1648 2
1648 1698 2
1648 1649 2
1649 1699 -2
1650 1700 -2
1650 1699 2
1650 1651 -2
1651 1701 -2
1651 1652 -2
1652 1702 2
1652 1653 -2
1653 1703 -2
1653 1654 -2
1654 1704 2
1654 1655 2
1655 1705 -2
1655 1656 -2
1656 1706 2
1656 1657 -2
1657 1707 2
1657 1658 -2
1658 1708 -2
1658 1659 2
1659 1709 2
1659 1660 -2
1660 1710 -2
1660 1661 2
1661 1711 -2
1661 1662 -2
1662 1712 -2
1662 1663 -2
1663 1713 2
1663 1664 -2
1664 1714 -2
1664 1665 -2
1665 1715 -2
1665 1666 2
1666 1716 -2
1666 1667 2
1667 1717 2
1667 1668 -2
1668 1718 -2
1668 1669 -2
1669 1719 -2
1669 1670 -2
1670 1720 2
1670 1671 2
1671 1721 2
1671 1672 -2
1672 1722 2
1672 1673 -2
1673 1723 -2
1673 1674 -2
1674 1724 2
1674 1675 -2
1675 1725 2
1675 1676 -2
1676 1726 -2
1676 1677 -2
1677 1727 -2
1677 1678 -2
1678 1728 -2
1678 1679 -2
1679 1729 -2
1679 1680 -2
1680 1730 -2
1680 1681 -2
1681 1731 2
1681 1682 2
1682 1732 2
1682 1683 2
1683 1733 2
1683 1684 2
1684 1734 -2
1684 1685 2
1685 1735 2
1685 1686 -2
1686 1736 -2
1686 1687 -2
1687 1737 2
1687 1688 2
1688 1738 -2
1688 1689 -2
1689 1739 -2
1689 1690 -2
1690 1740 2
1690 1691 -2
1691 1741 -2
1691 1692 2
1692 1742 -2
1692 1693 -2
1693 1743 2
1693 1694 -2
1694 1744 -2
1694 1695 2
1695 1745 2
1695 1696 -2
1696 1746 -2
1696 1697 -2
1697 1747 2
1697 1698 -2
1698 1748 2
1698 1699 2
1699 1749 2
1700 1750 2
1700 1749 2
1700 1701 -2
1701 1751 -2
1701 1702 -2
1702 1752 2
1702 1703 2
1703 1753 -2
1703 1704 2
1704 1754 -2
1704 1705 -2
1705 1755 -2
1705 1706 -2
1706 1756 2
1706 1707 2
1707 1757 -2
1707 1708 -2
1708 1758 -2
1708 1709 -2
1709 1759 -2
1709 1710 -2
1710 1760 -2
1710 1711 -2
1711 1761 2
1711 1712 -2
1712 1762 -2
1712 1713 2
1713 1763 2
1713 1714 -2
1714 1764 -2
1714 1715 2
1715 1765 -2
1715 1716 -2
1716 1766 2
1716 1717 -2
1717 1767 -2
1717 1718 -2
1718 1768 -2
1718 1719 2
1719 1769 -2
1719 1720 -2
1720 1770 -2
1720 1721 2
1721 1771 2
1721 1722 2
1722 1772 2
1722 1723 2
1723 1773 -2
1723 1724 -2
1724 1774 2
1724 1725 -2
1725 1775 2
1725 1726 -2
1726 1776 -2
1726 1727 -2
1727 1777 2
1727 1728 -2
1728 1778 2
1728 1729 -2
1729 1779 -2
1729 1730 2
1730 1780 -2
1730 1731 2
1731 1781 2
1731 1732 -2
1732 1782 -2
1732 1733 -2
1733 1783 2
1733 1734 2
1734 1784 2
1734 1735 2
1735 1785 2
1735 1736 -2
1736 1786 2
1736 1737 -2
1737 1787 -2
1737 1738 -2
1738 1788 2
1738 1739 2
1739 1789 -2
1739 1740 2
1740 1790 2
1740 1741 -2
1741 1791 -2
1741 1742 -2
1742 1792 -2
1742 1743 2
1743 1793 -2
1743 1744 2
1744 1794 2
1744 1745 -2
1745 1795 2
1745 1746 2
1746 1796 -2
1746 1747 2
1747 1797 2
1747 1748 -2
1748 1798 2
1748 1749 -2
1749 1799 -2
1750 1800 -2
1750 1799 2
1750 1751 -2
1751 1801 -2
1751 1752 2
1752 1802 -2
1752 1753 2
1753 1803 -2
1753 1754 -2
1754 1804 2
1754 1755 2
1755 1805 -2
1755 1756 -2
1756 1806 2
1756 1757 -2
1757 1807 2
1757 1758 2
1758 1808 2
1758 1759 2
1759 1809 2
1759 1760 -2
1760 1810 -2
1760 1761 2
1761 1811 2
1761 1762 2
1762 1812 2
1762 1763 -2
1763 1813 2
1763 1764 -2
1764 1814 -2
1764 1765 -2
1765 1815 2
1765 1766 2
1766 1816 -2
1766 1767 -2
1767 1817 2
1767 1768 2
1768 1818 2
1768 1769 -2
1769 1819 2
1769 1770 -2
1770 1820 -2
1770 1771 2
1771 1821 -2
1771 1772 -2
1772 1822 -2
1772 1773 -2
1773 1823 -2
1773 1774 -2
1774 1824 -2
1774 1775 2
1775 1825 2
1775 1776 2
1776 1826 -2
1776 1777 -2
1777 1827 2
1777 1778 -2
1778 1828 2
1778 1779 -2
1779 1829 -2
1779 1780 -2
1780 1830 2
1780 1781 -2
1781 1831 2
1781 1782 -2
1782 1832 2
1782 1783 2
1783 1833 2
1783 1784 2
1784 1834 -2
1784 1785 2
1785 1835 2
1785 1786 -2
1786 1836 2
1786 1787 -2
1787 1837 2
1787 1788 -2
1788 1838 -2
1788 1789 -2
1789 1839 2
1789 1790 2
1790 1840 2
1790 1791 2
1791 1841 2
1791 1792 -2
1792 1842 -2
1792 1793 2
1793 1843 -2
1793 1794 2
1794 1844 2
1794 1795 2
1795 1845 2
1795 1796 -2
1796 1846 2
1796 1797 2
1797 1847 -2
1797 1798 2
1798 1848 2
1798 1799 -2
1799 1849 -2
1800 1850 -2
1800 1849 -2
1800 1801 2
1801 1851 -2
1801 1802 -2
1802 1852 2
1802 1803 -2
1803 1853 2
1803 1804 -2
1804 1854 -2
1804 1805 -2
1805 1855 2
1805 1806 2
1806 1856 2
1806 1807 -2
1807 1857 -2
1807 1808 2
1808 1858 2
1808 1809 -2
1809 1859 -2
1809 1810 2
1810 1860 -2
1810 1811 -2
1811 1861 -2
1811 1812 -2
1812 1862 -2
1812 1813 2
1813 1863 -2
1813 1814 -2
1814 1864 -2
1814 1815 2
1815 1865 -2
1815 1816 -2
1816 1866 -2
1816 1817 -2
1817 1867 -2
1817 1818 -2
1818 1868 -2
1818 1819 -2
1819 1869 -2
1819 1820 2
1820 1870 -2
1820 1821 -2
1821 1871 2
1821 1822 2
1822 1872 -2
1822 1823 2
1823 1873 2
1823 1824 2
1824 1874 2
1824 1825 2
1825 1875 2
1825 1826 -2
1826 1876 2
1826 1827 -2
1827 1877 2
1827 1828 2
1828 1878 -2
1828 1829 2
1829 1879 2
1829 1830 2
1830 1880 2
1830 1831 2
1831 1881 -2
1831 1832 2
1832 1882 2
1832 1833 -2
1833 1883 -2
1833 1834 -2
1834 1884 2
1834 1835 -2
1835 1885 2
1835 1836 -2
1836 1886 -2
1836 1837 2
1837 1887 -2
1837 1838 2
1838 1888 2
1838 1839 -2
1839 1889 2
1839 1840 2
1840 1890 2
1840 1841 2
1841 1891 2
1841 1842 -2
1842 1892 2
1842 1843 -2
1843 1893 -2
1843 1844 2
1844 1894 2
1844 1845 -2
1845 1895 -2
1845 1846 -2
1846 1896 -2
1846 1847 2
1847 1897 2
1847 1848 2
1848 1898 -2
1848 1849 2
1849 1899 2
1850 1900 2
1850 1899 2
1850 1851 2
1851 1901 2
1851 1852 2
1852 1902 2
1852 1853 -2
1853 1903 2
1853 1854 2
1854 1904 2
1854 1855 2
1855 1905 2
1855 1856 -2
1856 1906 2
1856 1857 -2
1857 1907 -2
1857 1858 -2
1858 1908 -2
1858 1859 2
1859 1909 -2
1859 1860 2
1860 1910 -2
1860 1861 -2
1861 1911 -2
1861 1862 2
1862 1912 -2
1862 1863 -2
1863 1913 -2
1863 1864 -2
1864 1914 -2
1864 1865 2
1865 1915 2
1865 1866 -2
1866 1916 2
1866 1867 -2
1867 1917 -2
1867 1868 -2
1868 1918 -2
1868 1869 2
1869 1919 2
1869 1870 2
1870 1920 2
1870 1871 2
1871 1921 2
1871 1872 -2
1872 1922 -2
1872 1873 -2
1873 1923 -2
1873 1874 -2
1874 1924 -2
1874 1875 -2
1875 1925 2
1875 1876 -2
1876 1926 2
1876 1877 2
1877 1927 -2
1877 1878 -2
1878 1928 -2
1878 1879 -2
1879 1929 2
1879 1880 -2
1880 1930 -2
1880 1881 2
1881 1931 -2
1881 1882 2
1882 1932 -2
1882 1883 -2
1883 1933 2
1883 1884 2
1884 1934 -2
1884 1885 -2
1885 1935 -2
1885 1886 -2
1886 1936 2
1886 1887 2
1887 1937 -2
1887 1888 -2
1888 1938 -2
1888 1889 -2
1889 1939 2
1889 1890 2
1890 1940 2
1890 1891 2
1891 1941 -2
1891 1892 2
1892 1942 -2
1892 1893 -2
1893 1943 2
1893 1894 -2
1894 1944 2
1894 1895 2
1895 1945 2
1895 1896 -2
1896 1946 -2
1896 1897 -2
1897 1947 -2
1897 1898 -2
1898 1948 -2
1898 1899 2
1899 1949 2
1900 1950 2
1900 1949 -2
1900 1901 2
1901 1951 -2
1901 1902 2
1902 1952 2
1902 1903 2
1903 1953 -2
1903 1904 2
1904 1954 2
1904 1905 2
1905 1955 2
1905 1906 2
1906 1956 -2
1906 1907 2
1907 1957 -2
1907 1908 2
1908 1958 2
1908 1909 2
1909 1959 2
1909 1910 2
1910 1960 -2
1910 1911 -2
1911 1961 2
1911 1912 2
1912 1962 -2
1912 1913 2
1913 1963 -2
1913 1914 2
1914 1964 2
1914 1915 -2
1915 1965 -2
1915 1916 -2
1916 1966 -2
1916 1917 2
1917 1967 2
1917 1918 2
1918 1968 -2
1918 1919 -2
1919 1969 -2
1919 1920 2
1920 1970 -2
1920 1921 2
1921 1971 -2
1921 1922 2
1922 1972 -2
1922 1923 2
1923 1973 -2
1923 1924 2
1924 1974 -2
1924 1925 2
1925 1975 -2
1925 1926 -2
1926 1976 -2
1926 1927 2
1927 1977 -2
1927 1928 2
1928 1978 -2
1928 1929 2
1929 1979 -2
1929 1930 -2
1930 1980 -2
1930 1931 2
1931 1981 2
1931 1932 -2
1932 1982 -2
1932 1933 2
1933 1983 2
1933 1934 2
1934 1984 2
1934 1935 2
1935 1985 2
1935 1936 -2
1936 1986 2
1936 1937 -2
1937 1987 -2
1937 1938 2
1938 1988 2
1938 1939 -2
1939 1989 2
1939 1940 2
1940 1990 2
1940 1941 2
1941 1991 2
1941 1942 2
1942 1992 2
1942 1943 2
1943 1993 -2
1943 1944 2
1944 1994 2
1944 1945 -2
1945 1995 -2
1945 1946 2
1946 1996 -2
1946 1947 2
1947 1997 -2
1947 1948 2
1948 1998 -2
1948 1949 2
1949 1999 2
1950 2000 2
1950 1999 2
1950 1951 2
1951 2001 -2
1951 1952 2
1952 2002 -2
1952 1953 2
1953 2003 -2
1953 1954 -2
1954 2004 2
1954 1955 2
1955 2005 -2
1955 1956 2
1956 2006 2
1956 1957 -2
1957 2007 -2
1957 1958 -2
1958 2008 -2
1958 1959 -2
1959 2009 2
1959 1960 -2
1960 2010 2
1960 1961 2
1961 2011 -2
1961 1962 -2
1962 2012 2
1962 1963 2
1963 2013 2
1963 1964 -2
1964 2014 -2
1964 1965 -2
1965 2015 2
1965 1966 2
1966 2016 -2
1966 1967 2
1967 2017 2
1967 1968 2
1968 2018 -2
1968 1969 -2
1969 2019 -2
1969 1970 -2
1970 2020 2
1970 1971 2
1971 2021 2
1971 1972 -2
1972 2022 -2
1972 1973 -2
1973 2023 2
1973 1974 2
1974 2024 -2
1974 1975 -2
1975 2025 2
1975 1976 2
1976 2026 -2
1976 1977 -2
1977 2027 -2
1977 1978 -2
1978 2028 -2
1978 1979 -2
1979 2029 -2
1979 1980 -2
1980 2030 2
1980 1981 2
1981 2031 2
1981 1982 -2
1982 2032 2
1982 1983 2
1983 2033 -2
1983 1984 -2
1984 2034 -2
1984 1985 -2
1985 2035 2
1985 1986 -2
1986 2036 2
1986 1987 2
1987 2037 2
1987 1988 2
1988 2038 2
1988 1989 2
1989 2039 2
1989 1990 2
1990 2040 -2
1990 1991 -2
1991 2041 -2
1991 1992 2
1992 2042 -2
1992 1993 2
1993 2043 -2
1993 1994 2
1994 2044 -2
1994 1995 2
1995 2045 2
1995 1996 2
1996 2046 -2
1996 1997 -2
1997 2047 2
1997 1998 -2
1998 2048 2
1998 1999 -2
1999 2049 2
2000 2050 -2
2000 2049 -2
2000 2001 2
2001 2051 2
2001 2002 -2
2002 2052 2
2002 2003 2
2003 2053 -2
2003 2004 2
2004 2054 -2
2004 2005 -2
2005 2055 2
2005 2006 2
2006 2056 2
2006 2007 -2
2007 2057 -2
2007 2008 2
2008 2058 -2
2008 2009 -2
2009 2059 -2
2009 2010 -2
2010 2060 -2
2010 2011 -2
2011 2061 -2
2011 2012 2
2012 2062 -2
2012 2013 -2
2013 2063 2
2013 2014 2
2014 2064 2
2014 2015 -2
2015 2065 2
2015 2016 2
2016 2066 2
2016 2017 -2
2017 2067 -2
2017 2018 -2
2018 2068 -2
2018 2019 2
2019 2069 2
2019 2020 2
2020 2070 -2
2020 2021 -2
2021 2071 -2
2021 2022 2
2022 2072 2
2022 2023 -2
2023 2073 -2
2023 2024 2
2024 2074 -2
2024 2025 2
2025 2075 2
2025 2026 -2
2026 2076 -2
2026 2027 2
2027 2077 -2
2027 2028 -2
2028 2078 -2
2028 2029 2
2029 2079 2
2029 2030 -2
2030 2080 -2
2030 2031 2
2031 2081 -2
2031 2032 2
2032 2082 2
2032 2033 -2
2033 2083 2
2033 2034 2
2034 2084 -2
2034 2035 2
2035 2085 2
2035 2036 2
2036 2086 -2
2036 2037 2
2037 2087 -2
2037 2038 -2
2038 2088 -2
2038 2039 -2
2039 2089 2
2039 2040 -2
2040 2090 2
2040 2041 -2
2041 2091 2
2041 2042 2
2042 2092 2
2042 2043 -2
2043 2093 2
2043 2044 2
2044 2094 -2
2044 2045 -2
2045 2095 2
2045 2046 -2
2046 2096 2
2046 2047 -2
2047 2097 2
2047 2048 2
2048 2098 -2
2048 2049 2
2049 2099 -2
2050 2100 -2
2050 2099 -2
2050 2051 -2
2051 2101 -2
2051 2052 -2
2052 2102 2
2052 2053 2
2053 2103 -2
2053 2054 -2
2054 2104 2
2054 2055 2
2055 2105 -2
2055 2056 -2
2056 2106 -2
2056 2057 -2
2057 2107 2
2057 2058 -2
2058 2108 -2
2058 2059 2
2059 2109 -2
2059 2060 2
2060 2110 -2
2060 2061 2
2061 2111 2
2061 2062 2
2062 2112 -2
2062 2063 -2
2063 2113 2
2063 2064 -2
2064 2114 -2
2064 2065 2
2065 2115 -2
2065 2066 -2
2066 2116 2
2066 2067 2
2067 2117 -2
2067 2068 2
2068 2118 2
2068 2069 2
2069 2119 2
2069 2070 -2
2070 2120 -2
2070 2071 2
2071 2121 -2
2071 2072 -2
2072 2122 2
2072 2073 2
2073 2123 2
2073 2074 2
2074 2124 -2
2074 2075 -2
2075 2125 -2
2075 2076 -2
2076 2126 2
2076 2077 2
2077 2127 -2
2077 2078 -2
2078 2128 2
2078 2079 -2
2079 2129 -2
2079 2080 -2
2080 2130 2
2080 2081 -2
2081 2131 -2
2081 2082 2
2082 2132 -2
2082 2083 -2
2083 2133 2
2083 2084 -2
2084 2134 2
2084 2085 -2
2085 2135 2
2085 2086 -2
2086 2136 -2
2086 2087 2
2087 2137 2
2087 2088 -2
2088 2138 -2
2088 2089 2
2089 2139 -2
2089 2090 -2
2090 2140 2
2090 2091 -2
2091 2141 -2
2091 2092 -2
2092 2142 -2
2092 2093 2
2093 2143 -2
2093 2094 2
2094 2144 2
2094 2095 -2
2095 2145 2
2095 2096 2
2096 2146 2
2096 2097 2
2097 2147 -2
2097 2098 2
2098 2148 2
2098 2099 -2
2099 2149 2
2100 2150 2
2100 2149 -2
2100 2101 -2
2101 2151 2
2101 2102 2
2102 2152 2
2102 2103 2
2103 2153 2
2103 2104 -2
2104 2154 2
2104 2105 2
2105 2155 -2
2105 2106 -2
2106 2156 -2
2106 2107 -2
2107 2157 -2
2107 2108 -2
2108 2158 -2
2108 2109 -2
2109 2159 -2
2109 2110 2
2110 2160 -2
2110 2111 -2
2111 2161 2
2111 2112 -2
2112 2162 2
2112 2113 2
2113 2163 -2
2113 2114 2
2114 2164 2
2114 2115 2
2115 2165 2
2115 2116 2
2116 2166 -2
2116 2117 2
2117 2167 -2
2117 2118 2
2118 2168 -2
2118 2119 -2
2119 2169 2
2119 2120 2
2120 2170 -2
2120 2121 2
2121 2171 2
2121 2122 -2
2122 2172 2
2122 2123 2
2123 2173 2
2123 2124 -2
2124 2174 2
2124 2125 2
2125 2175 2
2125 2126 2
2126 2176 2
2126 2127 2
2127 2177 -2
2127 2128 -2
2128 2178 2
2128 2129 -2
2129 2179 2
2129 2130 -2
2130 2180 2
2130 2131 2
2131 2181 2
2131 2132 2
2132 2182 2
2132 2133 2
2133 2183 -2
2133 2134 2
2134 2184 2
2134 2135 -2
2135 2185 -2
2135 2136 2
2136 2186 -2
2136 2137 2
2137 2187 -2
2137 2138 -2
2138 2188 2
2138 2139 -2
2139 2189 2
2139 2140 -2
2140 2190 2
2140 2141 2
2141 2191 -2
2141 2142 2
2142 2192 -2
2142 2143 -2
2143 2193 2
2143 2144 -2
2144 2194 -2
2144 2145 2
2145 2195 -2
2145 2146 2
2146 2196 2
2146 2147 2
2147 2197 2
2147 2148 2
2148 2198 -2
2148 2149 2
2149 2199 2
2150 2200 -2
2150 2199 -2
2150 2151 -2
2151 2201 2
2151 2152 -2
2152 2202 2
2152 2153 2
2153 2203 -2
2153 2154 2
2154 2204 -2
2154 2155 2
2155 2205 2
2155 2156 2
2156 2206 -2
2156 2157 -2
2157 2207 -2
2157 2158 -2
2158 2208 2
2158 2159 -2
2159 2209 -2
2159 2160 2
2160 2210 2
2160 2161 -2
2161 2211 2
2161 2162 2
2162 2212 2
2162 2163 2
2163 2213 2
2163 2164 2
2164 2214 -2
2164 2165 -2
2165 2215 2
2165 2166 -2
2166 2216 2
2166 2167 2
2167 2217 2
2167 2168 -2
2168 2218 -2
2168 2169 2
2169 2219 -2
2169 2170 2
2170 2220 -2
2170 2171 2
2171 2221 2
2171 2172 -2
2172 2222 -2
2172 2173 -2
2173 2223 -2
2173 2174 -2
2174 2224 2
2174 2175 2
2175 2225 -2
2175 2176 2
2176 2226 2
2176 2177 -2
2177 2227 -2
2177 2178 -2
2178 2228 -2
2178 2179 2
2179 2229 2
2179 2180 -2
2180 2230 -2
2180 2181 2
2181 2231 2
2181 2182 2
2182 2232 2
2182 2183 -2
2183 2233 -2
2183 2184 2
2184 2234 2
2184 2185 2
2185 2235 2
2185 2186 -2
2186 2236 -2
2186 2187 -2
2187 2237 2
2187 2188 2
2188 2238 -2
2188 2189 2
2189 2239 -2
2189 2190 -2
2190 2240 -2
2190 2191 -2
2191 2241 2
2191 2192 2
2192 2242 2
2192 2193 2
2193 2243 -2
2193 2194 2
2194 2244 -2
2194 2195 2
2195 2245 2
2195 2196 2
2196 2246 2
2196 2197 2
2197 2247 2
2197 2198 2
2198 2248 -2
2198 2199 -2
2199 2249 -2
2200 2250 -2
2200 2249 -2
2200 2201 -2
2201 2251 2
2201 2202 2
2202 2252 2
2202 2203 -2
2203 2253 2
2203 2204 -2
2204 2254 -2
2204 2205 2
2205 2255 2
2205 2206 2
2206 2256 2
2206 2207 2
2207 2257 -2
2207 2208 2
2208 2258 -2
2208 2209 2
2209 2259 -2
2209 2210 -2
2210 2260 -2
2210 2211 2
2211 2261 -2
2211 2212 2
2212 2262 2
2212 2213 2
2213 2263 -2
2213 2214 -2
2214 2264 -2
2214 2215 -2
2215 2265 -2
2215 2216 2
2216 2266 -2
2216 2217 2
2217 2267 2
2217 2218 2
2218 2268 -2
2218 2219 -2
2219 2269 -2
2219 2220 2
2220 2270 2
2220 2221 -2
2221 2271 2
2221 2222 2
2222 2272 -2
2222 2223 2
2223 2273 2
2223 2224 -2
2224 2274 -2
2224 2225 -2
2225 2275 -2
2225 2226 -2
2226 2276 -2
2226 2227 2
2227 2277 2
2227 2228 2
2228 2278 2
2228 2229 2
2229 2279 2
2229 2230 -2
2230 2280 2
2230 2231 2
2231 2281 2
2231 2232 -2
2232 2282 2
2232 2233 2
2233 2283 2
2233 2234 2
2234 2284 -2
2234 2235 -2
2235 2285 -2
2235 2236 -2
2236 2286 -2
2236 2237 -2
2237 2287 -2
2237 2238 2
2238 2288 -2
2238 2239 -2
2239 2289 2
2239 2240 -2
2240 2290 2
2240 2241 -2
2241 2291 -2
2241 2242 2
2242 2292 2
2242 2243 -2
2243 2293 2
2243 2244 -2
2244 2294 -2
2244 2245 -2
2245 2295 -2
2245 2246 -2
2246 2296 2
2246 2247 -2
2247 2297 2
2247 2248 -2
2248 2298 2
2248 2249 -2
2249 2299 -2
2250 2300 2
2250 2299 2
2250 2251 -2
2251 2301 -2
2251 2252 2
2252 2302 -2
2252 2253 -2
2253 2303 -2
2253 2254 2
2254 2304 2
2254 2255 -2
2255 2305 -2
2255 2256 -2
2256 2306 2
2256 2257 -2
2257 2307 -2
2257 2258 2
2258 2308 -2
2258 2259 -2
2259 2309 2
2259 2260 -2
2260 2310 -2
2260 2261 2
2261 2311 -2
2261 2262 -2
2262 2312 2
2262 2263 2
2263 2313 2
2263 2264 -2
2264 2314 2
2264 2265 2
2265 2315 -2
2265 2266 2
2266 2316 -2
2266 2267 2
2267 2317 2
2267 2268 2
2268 2318 -2
2268 2269 2
2269 2319 -2
2269 2270 -2
2270 2320 2
2270 2271 2
2271 2321 2
2271 2272 2
2272 2322 2
2272 2273 -2
2273 2323 2
2273 2274 -2
2274 2324 2
2274 2275 2
2275 2325 2
2275 2276 -2
2276 2326 2
2276 2277 2
2277 2327 2
2277 2278 2
2278 2328 -2
2278 2279 -2
2279 2329 2
2279 2280 -2
2280 2330 -2
2280 2281 2
2281 2331 2
2281 2282 2
2282 2332 2
2282 2283 -2
2283 2333 2
2283 2284 2
2284 2334 -2
2284 2285 -2
2285 2335 -2
2285 2286 2
2286 2336 -2
2286 2287 -2
2287 2337 -2
2287 2288 2
2288 2338 2
2288 2289 -2
2289 2339 -2
2289 2290 -2
2290 2340 2
2290 2291 -2
2291 2341 -2
2291 2292 2
2292 2342 -2
2292 2293 2
2293 2343 2
2293 2294 2
2294 2344 -2
2294 2295 -2
2295 2345 -2
2295 2296 2
2296 2346 -2
2296 2297 -2
2297 2347 2
2297 2298 2
2298 2348 -2
2298 2299 2
2299 2349 -2
2300 2350 2
2300 2349 -2
2300 2301 -2
2301 2351 -2
2301 2302 2
2302 2352 -2
2302 2303 2
2303 2353 -2
2303 2304 -2
2304 2354 2
2304 2305 2
2305 2355 -2
2305 2306 2
2306 2356 2
2306 2307 2
2307 2357 2
2307 2308 2
2308 2358 2
2308 2309 -2
2309 2359 2
2309 2310 -2
2310 2360 2
2310 2311 -2
2311 2361 2
2311 2312 -2
2312 2362 2
2312 2313 2
2313 2363 -2
2313 2314 2
2314 2364 2
2314 2315 -2
2315 2365 -2
2315 2316 2
2316 2366 -2
2316 2317 2
2317 2367 2
2317 2318 2
2318 2368 2
2318 2319 2
2319 2369 -2
2319 2320 2
2320 2370 -2
2320 2321 2
2321 2371 2
2321 2322 2
2322 2372 2
2322 2323 -2
2323 2373 -2
2323 2324 -2
2324 2374 2
2324 2325 2
2325 2375 2
2325 2326 2
2326 2376 2
2326 2327 -2
2327 2377 2
2327 2328 -2
2328 2378 -2
2328 2329 2
2329 2379 2
2329 2330 -2
2330 2380 2
2330 2331 2
2331 2381 2
2331 2332 2
2332 2382 2
2332 2333 -2
2333 2383 -2
2333 2334 2
2334 2384 2
2334 2335 -2
2335 2385 2
2335 2336 -2
2336 2386 2
2336 2337 -2
2337 2387 -2
2337 2338 2
2338 2388 -2
2338 2339 -2
2339 2389 -2
2339 2340 -2
2340 2390 2
2340 2341 -2
2341 2391 -2
2341 2342 -2
2342 2392 -2
2342 2343 2
2343 2393 -2
2343 2344 2
2344 2394 -2
2344 2345 2
2345 2395 -2
2345 2346 -2
2346 2396 -2
2346 2347 -2
2347 2397 -2
2347 2348 -2
2348 2398 -2
2348 2349 -2
2349 2399 2
2350 2400 2
2350 2399 -2
2350 2351 -2
2351 2401 -2
2351 2352 2
2352 2402 -2
2352 2353 -2
2353 2403 2
2353 2354 2
2354 2404 -2
2354 2355 2
2355 2405 2
2355 2356 2
2356 2406 2
2356 2357 -2
2357 2407 2
2357 2358 2
2358 2408 2
2358 2359 -2
2359 2409 2
2359 2360 -2
2360 2410 2
2360 2361 2
2361 2411 -2
2361 2362 -2
2362 2412 -2
2362 2363 -2
2363 2413 -2
2363 2364 -2
2364 2414 2
2364 2365 2
2365 2415 -2
2365 2366 -2
2366 2416 -2
2366 2367 -2
2367 2417 2
2367 2368 -2
2368 2418 -2
2368 2369 -2
2369 2419 2
2369 2370 -2
2370 2420 -2
2370 2371 2
2371 2421 2
2371 2372 2
2372 2422 2
2372 2373 2
2373 2423 2
2373 2374 -2
2374 2424 -2
2374 2375 -2
2375 2425 -2
2375 2376 -2
2376 2426 2
2376 2377 2
2377 2427 2
2377 2378 -2
2378 2428 -2
2378 2379 -2
2379 2429 2
2379 2380 2
2380 2430 -2
2380 2381 -2
2381 2431 2
2381 2382 -2
2382 2432 2
2382 2383 2
2383 2433 -2
2383 2384 2
2384 2434 -2
2384 2385 2
2385 2435 2
2385 2386 -2
2386 2436 -2
2386 2387 -2
2387 2437 -2
2387 2388 -2
2388 2438 2
2388 2389 -2
2389 2439 -2
2389 2390 -2
2390 2440 -2
2390 2391 -2
2391 2441 -2
2391 2392 2
2392 2442 -2
2392 2393 2
2393 2443 -2
2393 2394 -2
2394 2444 -2
2394 2395 -2
2395 2445 2
2395 2396 2
2396 2446 -2
2396 2397 -2
2397 2447 -2
2397 2398 2
2398 2448 2
2398 2399 2
2399 2449 -2
2400 2450 2
2400 2449 2
2400 2401 -2
2401 2451 -2
2401 2402 2
2402 2452 2
2402 2403 2
2403 2453 2
2403 2404 2
2404 2454 -2
2404 2405 2
2405 2455 -2
2405 2406 -2
2406 2456 -2
2406 2407 2
2407 2457 2
2407 2408 2
2408 2458 -2
2408 2409 2
2409 2459 -2
2409 2410 2
2410 2460 -2
2410 2411 -2
2411 2461 2
2411 2412 -2
2412 2462 -2
2412 2413 2
2413 2463 -2
2413 2414 2
2414 2464 2
2414 2415 2
2415 2465 2
2415 2416 -2
2416 2466 2
2416 2417 -2
2417 2467 -2
2417 2418 -2
2418 2468 -2
2418 2419 -2
2419 2469 -2
2419 2420 2
2420 2470 -2
2420 2421 -2
2421 2471 -2
2421 2422 2
2422 2472 -2
2422 2423 2
2423 2473 2
2423 2424 2
2424 2474 2
2424 2425 -2
2425 2475 -2
2425 2426 2
2426 2476 -2
2426 2427 -2
2427 2477 2
2427 2428 2
2428 2478 2
2428 2429 2
2429 2479 2
2429 2430 2
2430 2480 -2
2430 2431 2
2431 2481 -2
2431 2432 2
2432 2482 2
2432 2433 2
2433 2483 2
2433 2434 2
2434 2484 -2
2434 2435 -2
2435 2485 -2
2435 2436 2
2436 2486 2
2436 2437 -2
2437 2487 2
2437 2438 -2
2438 2488 2
2438 2439 -2
2439 2489 -2
2439 2440 -2
2440 2490 2
2440 2441 2
2441 2491 -2
2441 2442 -2
2442 2492 2
2442 2443 -2
2443 2493 2
2443 2444 2
2444 2494 -2
2444 2445 2
2445 2495 2
2445 2446 2
2446 2496 2
2446 2447 2
2447 2497 2
2447 2448 2
2448 2498 -2
2448 2449 -2
2449 2499 2
2450 2500 -2
2450 2499 -2
2450 2451 2
2451 2501 -2
2451 2452 2
2452 2502 2
2452 2453 -2
2453 2503 2
2453 2454 -2
2454 2504 2
2454 2455 -2
2455 2505 -2
2455 2456 -2
2456 2506 -2
2456 2457 -2
2457 2507 2
2457 2458 2
2458 2508 -2
2458 2459 -2
2459 2509 2
2459 2460 -2
2460 2510 2
2460 2461 2
2461 2511 -2
2461 2462 -2
2462 2512 2
2462 2463 -2
2463 2513 2
2463 2464 -2
2464 2514 2
2464 2465 -2
2465 2515 -2
2465 2466 -2
2466 2516 2
2466 2467 2
2467 2517 2
2467 2468 2
2468 2518 2
2468 2469 2
2469 2519 -2
2469 2470 2
2470 2520 2
2470 2471 -2
2471 2521 -2
2471 2472 2
2472 2522 -2
2472 2473 -2
2473 2523 2
2473 2474 -2
2474 2524 2
2474 2475 -2
2475 2525 -2
2475 2476 2
2476 2526 2
2476 2477 2
2477 2527 -2
2477 2478 -2
2478 2528 -2
2478 2479 2
2479 2529 2
2479 2480 -2
2480 2530 2
2480 2481 2
2481 2531 -2
2481 2482 2
2482 2532 2
2482 2483 -2
2483 2533 -2
2483 2484 2
2484 2534 -2
2484 2485 2
2485 2535 2
2485 2486 2
2486 2536 -2
2486 2487 2
2487 2537 2
2487 2488 2
2488 2538 -2
2488 2489 -2
2489 2539 -2
2489 2490 -2
2490 2540 2
2490 2491 2
2491 2541 -2
2491 2492 2
2492 2542 2
2492 2493 -2
2493 2543 -2
2493 2494 -2
2494 2544 2
2494 2495 -2
2495 2545 -2
2495 2496 2
2496 2546 -2
2496 2497 -2
2497 2547 -2
2497 2498 2
2498 2548 -2
2498 2499 -2
2499 2549 2
2500 2550 -2
2500 2549 2
2500 2501 -2
2501 2551 -2
2501 2502 2
2502 2552 2
2502 2503 -2
2503 2553 -2
2503 2504 -2
2504 2554 -2
2504 2505 2
2505 2555 2
2505 2506 2
2506 2556 2
2506 2507 -2
2507 2557 2
2507 2508 2
2508 2558 2
2508 2509 -2
2509 2559 2
2509 2510 2
2510 2560 2
2510 2511 -2
2511 2561 2
2511 2512 2
2512 2562 2
2512 2513 -2
2513 2563 2
2513 2514 -2
2514 2564 2
2514 2515 2
2515 2565 2
2515 2516 -2
2516 2566 2
2516 2517 2
2517 2567 2
2517 2518 2
2518 2568 -2
2518 2519 2
2519 2569 2
2519 2520 -2
2520 2570 -2
2520 2521 -2
2521 2571 -2
2521 2522 -2
2522 2572 2
2522 2523 -2
2523 2573 -2
2523 2524 2
2524 2574 -2
2524 2525 2
2525 2575 -2
2525 2526 -2
2526 2576 -2
2526 2527 -2
2527 2577 -2
2527 2528 -2
2528 2578 2
2528 2529 2
2529 2579 2
2529 2530 -2
2530 2580 2
2530 2531 2
2531 2581 -2
2531 2532 -2
2532 2582 -2
2532 2533 2
2533 2583 2
2533 2534 2
2534 2584 2
2534 2535 -2
2535 2585 2
2535 2536 -2
2536 2586 2
2536 2537 -2
2537 2587 -2
2537 2538 -2
2538 2588 2
2538 2539 -2
2539 2589 2
2539 2540 2
2540 2590 -2
2540 2541 -2
2541 2591 2
2541 2542 2
2542 2592 -2
2542 2543 -2
2543 2593 2
2543 2544 -2
2544 2594 2
2544 2545 -2
2545 2595 -2
2545 2546 -2
2546 2596 2
2546 2547 2
2547 2597 -2
2547 2548 2
2548 2598 2
2548 2549 2
2549 2599 2
2550 2600 2
2550 2599 2
2550 2551 2
2551 2601 -2
2551 2552 -2
2552 2602 -2
2552 2553 2
2553 2603 2
2553 2554 -2
2554 2604 2
2554 2555 2
2555 2605 2
2555 2556 2
2556 2606 -2
2556 2557 2
2557 2607 2
2557 2558 -2
2558 2608 -2
2558 2559 -2
2559 2609 2
2559 2560 2
2560 2610 2
2560 2561 2
2561 2611 2
2561 2562 -2
2562 2612 -2
2562 2563 2
2563 2613 2
2563 2564 2
2564 2614 -2
2564 2565 -2
2565 2615 -2
2565 2566 -2
2566 2616 -2
2566 2567 2
2567 2617 -2
2567 2568 -2
2568 2618 2
2568 2569 -2
2569 2619 -2
2569 2570 2
2570 2620 -2
2570 2571 2
2571 2621 2
2571 2572 2
2572 2622 -2
2572 2573 -2
2573 2623 -2
2573 2574 2
2574 2624 -2
2574 2575 -2
2575 2625 2
2575 2576 -2
2576 2626 -2
2576 2577 -2
2577 2627 -2
2577 2578 2
2578 2628 -2
2578 2579 -2
2579 2629 2
2579 2580 -2
2580 2630 2
2580 2581 2
2581 2631 2
2581 2582 2
2582 2632 -2
2582 2583 -2
2583 2633 2
2583 2584 -2
2584 2634 -2
2584 2585 -2
2585 2635 -2
2585 2586 -2
2586 2636 2
2586 2587 2
2587 2637 2
2587 2588 2
2588 2638 2
2588 2589 -2
2589 2639 2
2589 2590 -2
2590 2640 -2
2590 2591 2
2591 2641 -2
2591 2592 2
2592 2642 2
2592 2593 -2
2593 2643 2
2593 2594 2
2594 2644 -2
2594 2595 -2
2595 2645 -2
2595 2596 -2
2596 2646 2
2596 2597 2
2597 2647 -2
2597 2598 2
2598 2648 2
2598 2599 -2
2599 2649 -2
2600 2650 -2
2600 2649 -2
2600 2601 2
2601 2651 2
2601 2602 -2
2602 2652 2
2602 2603 -2
2603 2653 2
2603 2604 2
2604 2654 2
2604 2605 -2
2605 2655 2
2605 2606 2
2606 2656 2
2606 2607 -2
2607 2657 -2
2607 2608 2
2608 2658 2
2608 2609 2
2609 2659 2
2609 2610 2
2610 2660 -2
2610 2611 2
2611 2661 2
2611 2612 -2
2612 2662 -2
2612 2613 2
2613 2663 -2
2613 2614 -2
2614 2664 -2
2614 2615 -2
2615 2665 -2
2615 2616 -2
2616 2666 -2
2616 2617 2
2617 2667 2
2617 2618 -2
2618 2668 -2
2618 2619 -2
2619 2669 2
2619 2620 -2
2620 2670 2
2620 2621 -2
2621 2671 -2
2621 2622 -2
2622 2672 -2
2622 2623 2
2623 2673 -2
2623 2624 -2
2624 2674 2
2624 2625 -2
2625 2675 -2
2625 2626 2
2626 2676 2
2626 2627 2
2627 2677 2
2627 2628 2
2628 2678 -2
2628 2629 -2
2629 2679 2
2629 2630 -2
2630 2680 2
2630 2631 -2
2631 2681 -2
2631 2632 2
2632 2682 2
2632 2633 2
2633 2683 2
2633 2634 -2
2634 2684 -2
2634 2635 2
2635 2685 -2
2635 2636 2
2636 2686 -2
2636 2637 -2
2637 2687 2
2637 2638 -2
2638 2688 2
2638 2639 2
2639 2689 2
2639 2640 2
2640 2690 2
2640 2641 2
2641 2691 2
2641 2642 2
2642 2692 -2
2642 2643 -2
2643 2693 2
2643 2644 2
2644 2694 -2
2644 2645 -2
2645 2695 -2
2645 2646 2
2646 2696 -2
2646 2647 2
2647 2697 2
2647 2648 2
2648 2698 -2
2648 2649 2
2649 2699 -2
2650 2700 -2
2650 2699 2
2650 2651 -2
2651 2701 -2
2651 2652 2
2652 2702 -2
2652 2653 2
2653 2703 2
2653 2654 2
2654 2704 -2
2654 2655 -2
2655 2705 2
2655 2656 2
2656 2706 2
2656 2657 2
2657 2707 -2
2657 2658 2
2658 2708 -2
2658 2659 -2
2659 2709 2
2659 2660 -2
2660 2710 -2
2660 2661 2
2661 2711 -2
2661 2662 -2
2662 2712 -2
2662 2663 -2
2663 2713 -2
2663 2664 -2
2664 2714 -2
2664 2665 2
2665 2715 -2
2665 2666 -2
2666 2716 2
2666 2667 2
2667 2717 -2
2667 2668 2
2668 2718 2
2668 2669 -2
2669 2719 2
2669 2670 2
2670 2720 2
2670 2671 2
2671 2721 2
2671 2672 2
2672 2722 -2
2672 2673 2
2673 2723 -2
2673 2674 -2
2674 2724 -2
2674 2675 2
2675 2725 2
2675 2676 -2
2676 2726 -2
2676 2677 2
2677 2727 -2
2677 2678 -2
2678 2728 2
2678 2679 2
2679 2729 2
2679 2680 2
2680 2730 -2
2680 2681 2
2681 2731 -2
2681 2682 2
2682 2732 2
2682 2683 -2
2683 2733 -2
2683 2684 2
2684 2734 -2
2684 2685 2
2685 2735 2
2685 2686 -2
2686 2736 2
2686 2687 -2
2687 2737 -2
2687 2688 -2
2688 2738 2
2688 2689 2
2689 2739 -2
2689 2690 2
2690 2740 2
2690 2691 2
2691 2741 -2
2691 2692 2
2692 2742 2
2692 2693 -2
2693 2743 2
2693 2694 2
2694 2744 2
2694 2695 2
2695 2745 2
2695 2696 -2
2696 2746 2
2696 2697 -2
2697 2747 -2
2697 2698 -2
2698 2748 2
2698 2699 2
2699 2749 -2
2700 2750 -2
2700 2749 2
2700 2701 -2
2701 2751 2
2701 2702 -2
2702 2752 -2
2702 2703 -2
2703 2753 -2
2703 2704 -2
2704 2754 -2
2704 2705 -2
2705 2755 2
2705 2706 2
2706 2756 2
2706 2707 2
2707 2757 -2
2707 2708 -2
2708 2758 2
2708 2709 2
2709 2759 2
2709 2710 2
2710 2760 -2
2710 2711 -2
2711 2761 2
2711 2712 -2
2712 2762 -2
2712 2713 -2
2713 2763 2
2713 2714 -2
2714 2764 2
2714 2715 2
2715 2765 -2
2715 2716 -2
2716 2766 2
2716 2717 -2
2717 2767 2
2717 2718 -2
2718 2768 -2
2718 2719 -2
2719 2769 2
2719 2720 -2
2720 2770 -2
2720 2721 2
2721 2771 -2
2721 2722 -2
2722 2772 -2
2722 2723 -2
2723 2773 -2
2723 2724 -2
2724 2774 2
2724 2725 -2
2725 2775 -2
2725 2726 -2
2726 2776 2
2726 2727 2
2727 2777 2
2727 2728 2
2728 2778 -2
2728 2729 -2
2729 2779 2
2729 2730 -2
2730 2780 2
2730 2731 -2
2731 2781 2
2731 2732 2
2732 2782 2
2732 2733 -2
2733 2783 2
2733 2734 2
2734 2784 2
2734 2735 2
2735 2785 -2
2735 2736 2
2736 2786 2
2736 2737 -2
2737 2787 -2
2737 2738 2
2738 2788 -2
2738 2739 2
2739 2789 2
2739 2740 -2
2740 2790 -2
2740 2741 2
2741 2791 2
2741 2742 -2
2742 2792 2
2742 2743 -2
2743 2793 2
2743 2744 2
2744 2794 2
2744 2745 2
2745 2795 -2
2745 2746 -2
2746 2796 -2
2746 2747 2
2747 2797 -2
2747 2748 -2
2748 2798 -2
2748 2749 2
2749 2799 2
2750 2800 2
2750 2799 -2
2750 2751 -2
2751 2801 2
2751 2752 -2
2752 2802 -2
2752 2753 -2
2753 2803 2
2753 2754 -2
2754 2804 -2
2754 2755 -2
2755 2805 -2
2755 2756 -2
2756 2806 2
2756 2757 -2
2757 2807 2
2757 2758 2
2758 2808 2
2758 2759 2
2759 2809 -2
2759 2760 -2
2760 2810 -2
2760 2761 2
2761 2811 -2
2761 2762 2
2762 2812 2
2762 2763 2
2763 2813 -2
2763 2764 2
2764 2814 -2
2764 2765 -2
2765 2815 2
2765 2766 2
2766 2816 2
2766 2767 2
2767 2817 2
2767 2768 -2
2768 2818 2
2768 2769 2
2769 2819 2
2769 2770 -2
2770 2820 2
2770 2771 -2
2771 2821 2
2771 2772 2
2772 2822 -2
2772 2773 -2
2773 2823 2
2773 2774 -2
2774 2824 -2
2774 2775 2
2775 2825 2
2775 2776 -2
2776 2826 -2
2776 2777 -2
2777 2827 -2
2777 2778 2
2778 2828 -2
2778 2779 -2
2779 2829 2
2779 2780 2
2780 2830 -2
2780 2781 2
2781 2831 2
2781 2782 -2
2782 2832 2
2782 2783 2
2783 2833 -2
2783 2784 -2
2784 2834 -2
2784 2785 -2
2785 2835 2
2785 2786 -2
2786 2836 2
2786 2787 2
2787 2837 -2
2787 2788 -2
2788 2838 -2
2788 2789 -2
2789 2839 -2
2789 2790 -2
2790 2840 -2
2790 2791 2
2791 2841 2
2791 2792 2
2792 2842 -2
2792 2793 -2
2793 2843 2
2793 2794 -2
2794 2844 2
2794 2795 2
2795 2845 -2
2795 2796 2
2796 2846 -2
2796 2797 2
2797 2847 -2
2797 2798 2
2798 2848 -2
2798 2799 2
2799 2849 -2
2800 2850 -2
2800 2849 2
2800 2801 -2
2801 2851 2
2801 2802 2
2802 2852 2
2802 2803 2
2803 2853 -2
2803 2804 2
2804 2854 -2
2804 2805 2
2805 2855 -2
2805 2806 2
2806 2856 -2
2806 2807 -2
2807 2857 2
2807 2808 -2
2808 2858 -2
2808 2809 -2
2809 2859 2
2809 2810 2
2810 2860 2
2810 2811 2
2811 2861 2
2811 2812 2
2812 2862 -2
2812 2813 2
2813 2863 -2
2813 2814 -2
2814 2864 -2
2814 2815 -2
2815 2865 -2
2815 2816 2
2816 2866 2
2816 2817 2
2817 2867 -2
2817 2818 -2
2818 2868 -2
2818 2819 2
2819 2869 -2
2819 2820 -2
2820 2870 2
2820 2821 2
2821 2871 2
2821 2822 -2
2822 2872 -2
2822 2823 2
2823 2873 2
2823 2824 2
2824 2874 -2
2824 2825 -2
2825 2875 -2
2825 2826 2
2826 2876 2
2826 2827 -2
2827 2877 -2
2827 2828 2
2828 2878 2
2828 2829 2
2829 2879 -2
2829 2830 -2
2830 2880 2
2830 2831 -2
2831 2881 2
2831 2832 -2
2832 2882 2
2832 2833 -2
2833 2883 2
2833 2834 2
2834 2884 2
2834 2835 2
2835 2885 2
2835 2836 2
2836 2886 2
2836 2837 2
2837 2887 -2
2837 2838 2
2838 2888 2
2838 2839 -2
2839 2889 -2
2839 2840 -2
2840 2890 -2
2840 2841 2
2841 2891 -2
2841 2842 -2
2842 2892 2
2842 2843 2
2843 2893 -2
2843 2844 2
2844 2894 -2
2844 2845 -2
2845 2895 -2
2845 2846 2
2846 2896 2
2846 2847 -2
2847 2897 2
2847 2848 2
2848 2898 2
2848 2849 -2
2849 2899 2
2850 2900 -2
2850 2899 -2
2850 2851 2
2851 2901 2
2851 2852 -2
2852 2902 2
2852 2853 2
2853 2903 -2
2853 2854 -2
2854 2904 2
2854 2855 2
2855 2905 2
2855 2856 -2
2856 2906 2
2856 2857 -2
2857 2907 -2
2857 2858 2
2858 2908 -2
2858 2859 -2
2859 2909 2
2859 2860 -2
2860 2910 -2
2860 2861 2
2861 2911 2
2861 2862 2
2862 2912 2
2862 2863 -2
2863 2913 -2
2863 2864 -2
2864 2914 -2
2864 2865 2
2865 2915 -2
2865 2866 -2
2866 2916 -2
2866 2867 -2
2867 2917 2
2867 2868 -2
2868 2918 -2
2868 2869 2
2869 2919 2
2869 2870 -2
2870 2920 -2
2870 2871 2
2871 2921 2
2871 2872 -2
2872 2922 -2
2872 2873 -2
2873 2923 2
2873 2874 -2
2874 2924 -2
2874 2875 2
2875 2925 2
2875 2876 2
2876 2926 2
2876 2877 2
2877 2927 2
2877 2878 2
2878 2928 -2
2878 2879 -2
2879 2929 2
2879 2880 -2
2880 2930 2
2880 2881 2
2881 2931 2
2881 2882 2
2882 2932 2
2882 2883 2
2883 2933 -2
2883 2884 -2
2884 2934 -2
2884 2885 -2
2885 2935 -2
2885 2886 2
2886 2936 -2
2886 2887 -2
2887 2937 -2
2887 2888 -2
2888 2938 2
2888 2889 -2
2889 2939 -2
2889 2890 -2
2890 2940 -2
2890 2891 2
2891 2941 2
2891 2892 -2
2892 2942 2
2892 2893 -2
2893 2943 -2
2893 2894 -2
2894 2944 -2
2894 2895 -2
2895 2945 -2
2895 2896 -2
2896 2946 -2
2896 2897 -2
2897 2947 2
2897 2898 2
2898 2948 2
2898 2899 2
2899 2949 -2
2900 2950 2
2900 2949 2
2900 2901 2
2901 2951 2
2901 2902 2
2902 2952 -2
2902 2903 2
2903 2953 2
2903 2904 -2
2904 2954 -2
2904 2905 -2
2905 2955 -2
2905 2906 -2
2906 2956 -2
2906 2907 2
2907 2957 -2
2907 2908 -2
2908 2958 2
2908 2909 2
2909 2959 2
2909 2910 2
2910 2960 -2
2910 2911 -2
2911 2961 -2
2911 2912 2
2912 2962 2
2912 2913 -2
2913 2963 2
2913 2914 2
2914 2964 2
2914 2915 -2
2915 2965 -2
2915 2916 2
2916 2966 2
2916 2917 2
2917 2967 2
2917 2918 -2
2918 2968 -2
2918 2919 2
2919 2969 -2
2919 2920 2
2920 2970 -2
2920 2921 -2
2921 2971 -2
2921 2922 2
2922 2972 -2
2922 2923 -2
2923 2973 2
2923 2924 2
2924 2974 2
2924 2925 -2
2925 2975 -2
2925 2926 2
2926 2976 2
2926 2927 -2
2927 2977 -2
2927 2928 -2
2928 2978 -2
2928 2929 2
2929 2979 2
2929 2930 -2
2930 2980 2
2930 2931 -2
2931 2981 -2
2931 2932 -2
2932 2982 -2
2932 2933 -2
2933 2983 -2
2933 2934 2
2934 2984 -2
2934 2935 -2
2935 2985 2
2935 2936 2
2936 2986 2
2936 2937 2
2937 2987 2
2937 2938 -2
2938 2988 -2
2938 2939 -2
2939 2989 2
2939 2940 2
2940 2990 2
2940 2941 -2
2941 2991 -2
2941 2942 -2
2942 2992 -2
2942 2943 2
2943 2993 -2
2943 2944 -2
2944 2994 -2
2944 2945 2
2945 2995 2
2945 2946 2
2946 2996 -2
2946 2947 -2
2947 2997 2
2947 2948 2
2948 2998 2
2948 2949 -2
2949 2999 -2
2950 3000 2
2950 2999 -2
2950 2951 2
2951 3001 -2
2951 2952 -2
2952 3002 2
2952 2953 -2
2953 3003 2
2953 2954 2
2954 3004 2
2954 2955 -2
2955 3005 -2
2955 2956 2
2956 3006 2
2956 2957 -2
2957 3007 2
2957 2958 2
2958 3008 2
2958 2959 -2
2959 3009 -2
2959 2960 2
2960 3010 2
2960 2961 -2
2961 3011 2
2961 2962 2
2962 3012 -2
2962 2963 -2
2963 3013 2
2963 2964 2
2964 3014 2
2964 2965 -2
2965 3015 -2
2965 2966 -2
2966 3016 2
2966 2967 -2
2967 3017 -2
2967 2968 2
2968 3018 -2
2968 2969 2
2969 3019 2
2969 2970 -2
2970 3020 2
2970 2971 -2
2971 3021 -2
2971 2972 2
2972 3022 2
2972 2973 -2
2973 3023 2
2973 2974 -2
2974 3024 -2
2974 2975 -2
2975 3025 -2
2975 2976 2
2976 3026 2
2976 2977 -2
2977 3027 -2
2977 2978 -2
2978 3028 -2
2978 2979 -2
2979 3029 -2
2979 2980 -2
2980 3030 -2
2980 2981 -2
2981 3031 2
2981 2982 2
2982 3032 -2
2982 2983 -2
2983 3033 2
2983 2984 2
2984 3034 -2
2984 2985 2
2985 3035 -2
2985 2986 -2
2986 3036 -2
2986 2987 2
2987 3037 2
2987 2988 -2
2988 3038 2
2988 2989 -2
2989 3039 2
2989 2990 -2
2990 3040 2
2990 2991 -2
2991 3041 -2
2991 2992 2
2992 3042 -2
2992 2993 2
2993 3043 -2
2993 2994 -2
2994 3044 -2
2994 2995 -2
2995 3045 -2
2995 2996 -2
2996 3046 -2
2996 2997 -2
2997 3047 2
2997 2998 2
2998 3048 -2
2998 2999 2
2999 3049 -2
3000 3050 2
3000 3049 -2
3000 3001 2
3001 3051 2
3001 3002 -2
3002 3052 2
3002 3003 -2
3003 3053 -2
3003 3004 -2
3004 3054 2
3004 3005 2
3005 3055 -2
3005 3006 2
3006 3056 -2
3006 3007 2
3007 3057 -2
3007 3008 -2
3008 3058 2
3008 3009 2
3009 3059 2
3009 3010 -2
3010 3060 -2
3010 3011 2
3011 3061 2
3011 3012 -2
3012 3062 -2
3012 3013 -2
3013 3063 2
3013 3014 -2
3014 3064 2
3014 3015 -2
3015 3065 2
3015 3016 2
3016 3066 2
3016 3017 2
3017 3067 -2
3017 3018 2
3018 3068 -2
3018 3019 2
3019 3069 -2
3019 3020 -2
3020 3070 2
3020 3021 -2
3021 3071 -2
3021 3022 -2
3022 3072 -2
3022 3023 -2
3023 3073 -2
3023 3024 -2
3024 3074 2
3024 3025 -2
3025 3075 2
3025 3026 -2
3026 3076 -2
3026 3027 2
3027 3077 -2
3027 3028 -2
3028 3078 -2
3028 3029 2
3029 3079 -2
3029 3030 2
3030 3080 -2
3030 3031 -2
3031 3081 2
3031 3032 2
3032 3082 2
3032 3033 -2
3033 3083 2
3033 3034 -2
3034 3084 -2
3034 3035 -2
3035 3085 2
3035 3036 2
3036 3086 2
3036 3037 -2
3037 3087 -2
3037 3038 2
3038 3088 2
3038 3039 2
3039 3089 2
3039 3040 -2
3040 3090 2
3040 3041 -2
3041 3091 -2
3041 3042 -2
3042 3092 -2
3042 3043 -2
3043 3093 2
3043 3044 -2
3044 3094 -2
3044 3045 -2
3045 3095 -2
3045 3046 -2
3046 3096 2
3046 3047 -2
3047 3097 2
3047 3048 -2
3048 3098 -2
3048 3049 2
3049 3099 -2
3050 3100 2
3050 3099 -2
3050 3051 -2
3051 3101 2
3051 3052 -2
3052 3102 2
3052 3053 2
3053 3103 -2
3053 3054 2
3054 3104 2
3054 3055 2
3055 3105 2
3055 3056 -2
3056 3106 -2
3056 3057 2
3057 3107 2
3057 3058 2
3058 3108 -2
3058 3059 -2
3059 3109 2
3059 3060 -2
3060 3110 -2
3060 3061 -2
3061 3111 -2
3061 3062 2
3062 3112 2
3062 3063 2
3063 3113 -2
3063 3064 2
3064 3114 -2
3064 3065 -2
3065 3115 -2
3065 3066 2
3066 3116 -2
3066 3067 2
3067 3117 2
3067 3068 -2
3068 3118 2
3068 3069 2
3069 3119 -2
3069 3070 2
3070 3120 -2
3070 3071 2
3071 3121 -2
3071 3072 2
3072 3122 -2
3072 3073 2
3073 3123 -2
3073 3074 2
3074 3124 2
3074 3075 -2
3075 3125 2
3075 3076 -2
3076 3126 -2
3076 3077 -2
3077 3127 2
3077 3078 -2
3078 3128 2
3078 3079 -2
3079 3129 2
3079 3080 2
3080 3130 2
3080 3081 2
3081 3131 -2
3081 3082 2
3082 3132 -2
3082 3083 -2
3083 3133 2
3083 3084 -2
3084 3134 2
3084 3085 -2
3085 3135 2
3085 3086 2
3086 3136 -2
3086 3087 2
3087 3137 2
3087 3088 2
3088 3138 -2
3088 3089 2
3089 3139 -2
3089 3090 -2
3090 3140 -2
3090 3091 2
3091 3141 2
3091 3092 -2
3092 3142 -2
3092 3093 -2
3093 3143 -2
3093 3094 -2
3094 3144 2
3094 3095 2
3095 3145 2
3095 3096 -2
3096 3146 -2
3096 3097 2
3097 3147 -2
3097 3098 2
3098 3148 -2
3098 3099 -2
3099 3149 2
3100 3150 2
3100 3149 -2
3100 3101 2
3101 3151 2
3101 3102 2
3102 3152 2
3102 3103 2
3103 3153 -2
3103 3104 -2
3104 3154 -2
3104 3105 -2
3105 3155 2
3105 3106 -2
3106 3156 -2
3106 3107 -2
3107 3157 2
3107 3108 2
3108 3158 2
3108 3109 2
3109 3159 2
3109 3110 -2
3110 3160 -2
3110 3111 2
3111 3161 2
3111 3112 -2
3112 3162 -2
3112 3113 -2
3113 3163 -2
3113 3114 -2
3114 3164 -2
3114 3115 -2
3115 3165 2
3115 3116 -2
3116 3166 2
3116 3117 -2
3117 3167 2
3117 3118 -2
3118 3168 2
3118 3119 -2
3119 3169 -2
3119 3120 2
3120 3170 -2
3120 3121 2
3121 3171 -2
3121 3122 -2
3122 3172 -2
3122 3123 -2
3123 3173 2
3123 3124 2
3124 3174 -2
3124 3125 2
3125 3175 2
3125 3126 -2
3126 3176 2
3126 3127 2
3127 3177 -2
3127 3128 -2
3128 3178 -2
3128 3129 -2
3129 3179 2
3129 3130 -2
3130 3180 -2
3130 3131 2
3131 3181 -2
3131 3132 2
3132 3182 -2
3132 3133 2
3133 3183 -2
3133 3134 2
3134 3184 2
3134 3135 2
3135 3185 2
3135 3136 2
3136 3186 2
3136 3137 2
3137 3187 -2
3137 3138 2
3138 3188 -2
3138 3139 -2
3139 3189 -2
3139 3140 -2
3140 3190 -2
3140 3141 2
3141 3191 -2
3141 3142 -2
3142 3192 -2
3142 3143 2
3143 3193 -2
3143 3144 2
3144 3194 -2
3144 3145 -2
3145 3195 -2
3145 3146 2
3146 3196 -2
3146 3147 -2
3147 3197 2
3147 3148 -2
3148 3198 2
3148 3149 -2
3149 3199 -2
3150 3200 2
3150 3199 2
3150 3151 2
3151 3201 -2
3151 3152 -2
3152 3202 -2
3152 3153 2
3153 3203 -2
3153 3154 -2
3154 3204 -2
3154 3155 -2
3155 3205 -2
3155 3156 -2
3156 3206 -2
3156 3157 2
3157 3207 -2
3157 3158 -2
3158 3208 -2
3158 3159 -2
3159 3209 -2
3159 3160 -2
3160 3210 -2
3160 3161 -2
3161 3211 -2
3161 3162 2
3162 3212 2
3162 3163 -2
3163 3213 2
3163 3164 -2
3164 3214 2
3164 3165 2
3165 3215 2
3165 3166 -2
3166 3216 -2
3166 3167 2
3167 3217 2
3167 3168 2
3168 3218 -2
3168 3169 2
3169 3219 -2
3169 3170 -2
3170 3220 2
3170 3171 -2
3171 3221 2
3171 3172 2
3172 3222 2
3172 3173 -2
3173 3223 2
3173 3174 2
3174 3224 -2
3174 3175 -2
3175 3225 -2
3175 3176 2
3176 3226 -2
3176 3177 2
3177 3227 -2
3177 3178 -2
3178 3228 -2
3178 3179 2
3179 3229 2
3179 3180 2
3180 3230 2
3180 3181 2
3181 3231 -2
3181 3182 -2
3182 3232 -2
3182 3183 -2
3183 3233 -2
3183 3184 2
3184 3234 2
3184 3185 -2
3185 3235 -2
3185 3186 2
3186 3236 -2
3186 3187 2
3187 3237 -2
3187 3188 -2
3188 3238 -2
3188 3189 2
3189 3239 2
3189 3190 2
3190 3240 2
3190 3191 2
3191 3241 2
3191 3192 2
3192 3242 -2
3192 3193 2
3193 3243 2
3193 3194 2
3194 3244 2
3194 3195 -2
3195 3245 2
3195 3196 -2
3196 3246 2
3196 3197 -2
3197 3247 -2
3197 3198 -2
3198 3248 2
3198 3199 -2
3199 3249 -2
3200 3250 2
3200 3249 -2
3200 3201 2
3201 3251 2
3201 3202 -2
3202 3252 -2
3202 3203 2
3203 3253 -2
3203 3204 -2
3204 3254 2
3204 3205 -2
3205 3255 2
3205 3206 2
3206 3256 -2
3206 3207 2
3207 3257 -2
3207 3208 -2
3208 3258 -2
3208 3209 -2
3209 3259 -2
3209 3210 2
3210 3260 2
3210 3211 2
3211 3261 2
3211 3212 -2
3212 3262 -2
3212 3213 -2
3213 3263 -2
3213 3214 -2
3214 3264 -2
3214 3215 2
3215 3265 2
3215 3216 -2
3216 3266 -2
3216 3217 -2
3217 3267 2
3217 3218 2
3218 3268 2
3218 3219 -2
3219 3269 2
3219 3220 -2
3220 3270 -2
3220 3221 2
3221 3271 2
3221 3222 2
3222 3272 2
3222 3223 -2
3223 3273 -2
3223 3224 -2
3224 3274 2
3224 3225 2
3225 3275 -2
3225 3226 -2
3226 3276 -2
3226 3227 2
3227 3277 -2
3227 3228 -2
3228 3278 2
3228 3229 2
3229 3279 2
3229 3230 -2
3230 3280 -2
3230 3231 -2
3231 3281 -2
3231 3232 -2
3232 3282 2
3232 3233 -2
3233 3283 -2
3233 3234 -2
3234 3284 2
3234 3235 2
3235 3285 -2
3235 3236 2
3236 3286 2
3236 3237 2
3237 3287 -2
3237 3238 2
3238 3288 -2
3238 3239 2
3239 3289 2
3239 3240 -2
3240 3290 -2
3240 3241 -2
3241 3291 2
3241 3242 -2
3242 3292 2
3242 3243 -2
3243 3293 -2
3243 3244 2
3244 3294 2
3244 3245 2
3245 3295 2
3245 3246 -2
3246 3296 -2
3246 3247 2
3247 3297 -2
3247 3248 2
3248 3298 2
3248 3249 -2
3249 3299 2
3250 3300 -2
3250 3299 -2
3250 3251 -2
3251 3301 2
3251 3252 2
3252 3302 2
3252 3253 2
3253 3303 -2
3253 3254 -2
3254 3304 -2
3254 3255 2
3255 3305 2
3255 3256 -2
3256 3306 2
3256 3257 -2
3257 3307 -2
3257 3258 -2
3258 3308 -2
3258 3259 -2
3259 3309 -2
3259 3260 2
3260 3310 -2
3260 3261 2
3261 3311 -2
3261 3262 2
3262 3312 -2
3262 3263 -2
3263 3313 2
3263 3264 -2
3264 3314 -2
3264 3265 2
3265 3315 -2
3265 3266 -2
3266 3316 2
3266 3267 2
3267 3317 2
3267 3268 2
3268 3318 -2
3268 3269 2
3269 3319 -2
3269 3270 -2
3270 3320 -2
3270 3271 -2
3271 3321 -2
3271 3272 -2
3272 3322 -2
3272 3273 2
3273 3323 -2
3273 3274 -2
3274 3324 -2
3274 3275 -2
3275 3325 2
3275 3276 2
3276 3326 -2
3276 3277 2
3277 3327 2
3277 3278 2
3278 3328 -2
3278 3279 2
3279 3329 -2
3279 3280 2
3280 3330 2
3280 3281 -2
3281 3331 -2
3281 3282 2
3282 3332 2
3282 3283 2
3283 3333 -2
3283 3284 -2
3284 3334 2
3284 3285 -2
3285 3335 -2
3285 3286 2
3286 3336 2
3286 3287 -2
3287 3337 -2
3287 3288 -2
3288 3338 -2
3288 3289 -2
3289 3339 2
3289 3290 2
3290 3340 -2
3290 3291 -2
3291 3341 2
3291 3292 -2
3292 3342 -2
3292 3293 -2
3293 3343 -2
3293 3294 2
3294 3344 -2
3294 3295 -2
3295 3345 -2
3295 3296 2
3296 3346 2
3296 3297 -2
3297 3347 -2
3297 3298 2
3298 3348 2
3298 3299 -2
3299 3349 2
3300 3350 -2
3300 3349 2
3300 3301 -2
3301 3351 -2
3301 3302 2
3302 3352 -2
3302 3303 -2
3303 3353 -2
3303 3304 2
3304 3354 2
3304 3305 2
3305 3355 -2
3305 3306 -2
3306 3356 -2
3306 3307 -2
3307 3357 2
3307 3308 -2
3308 3358 2
3308 3309 2
3309 3359 -2
3309 3310 -2
3310 3360 2
3310 3311 2
3311 3361 -2
3311 3312 -2
3312 3362 -2
3312 3313 2
3313 3363 2
3313 3314 2
3314 3364 -2
3314 3315 2
3315 3365 2
3315 3316 2
3316 3366 -2
3316 3317 -2
3317 3367 2
3317 3318 -2
3318 3368 2
3318 3319 -2
3319 3369 -2
3319 3320 2
3320 3370 2
3320 3321 2
3321 3371 2
3321 3322 2
3322 3372 -2
3322 3323 2
3323 3373 -2
3323 3324 2
3324 3374 -2
3324 3325 2
3325 3375 -2
3325 3326 -2
3326 3376 -2
3326 3327 2
3327 3377 2
3327 3328 2
3328 3378 -2
3328 3329 2
3329 3379 2
3329 3330 2
3330 3380 -2
3330 3331 -2
3331 3381 2
3331 3332 -2
3332 3382 2
3332 3333 -2
3333 3383 -2
3333 3334 2
3334 3384 -2
3334 3335 -2
3335 3385 -2
3335 3336 2
3336 3386 -2
3336 3337 2
3337 3387 2
3337 3338 2
3338 3388 2
3338 3339 -2
3339 3389 -2
3339 3340 2
3340 3390 -2
3340 3341 2
3341 3391 -2
3341 3342 2
3342 3392 -2
3342 3343 -2
3343 3393 -2
3343 3344 2
3344 3394 -2
3344 3345 -2
3345 3395 -2
3345 3346 2
3346 3396 -2
3346 3347 2
3347 3397 -2
3347 3348 -2
3348 3398 2
3348 3349 2
3349 3399 2
3350 3400 -2
3350 3399 -2
3350 3351 -2
3351 3401 -2
3351 3352 2
3352 3402 2
3352 3353 -2
3353 3403 2
3353 3354 2
3354 3404 2
3354 3355 2
3355 3405 2
3355 3356 2
3356 3406 -2
3356 3357 2
3357 3407 -2
3357 3358 2
3358 3408 2
3358 3359 2
3359 3409 -2
3359 3360 -2
3360 3410 2
3360 3361 2
3361 3411 -2
3361 3362 -2
3362 3412 -2
3362 3363 -2
3363 3413 -2
3363 3364 2
3364 3414 -2
3364 3365 2
3365 3415 2
3365 3366 2
3366 3416 -2
3366 3367 2
3367 3417 -2
3367 3368 -2
3368 3418 -2
3368 3369 -2
3369 3419 2
3369 3370 2
3370 3420 2
3370 3371 -2
3371 3421 -2
3371 3372 2
3372 3422 2
3372 3373 2
3373 3423 2
3373 3374 -2
3374 3424 -2
3374 3375 -2
3375 3425 2
3375 3376 2
3376 3426 2
3376 3377 -2
3377 3427 -2
3377 3378 -2
3378 3428 -2
3378 3379 2
3379 3429 2
3379 3380 -2
3380 3430 2
3380 3381 -2
3381 3431 -2
3381 3382 2
3382 3432 2
3382 3383 -2
3383 3433 2
3383 3384 2
3384 3434 -2
3384 3385 -2
3385 3435 2
3385 3386 -2
3386 3436 2
3386 3387 2
3387 3437 -2
3387 3388 2
3388 3438 -2
3388 3389 -2
3389 3439 2
3389 3390 2
3390 3440 -2
3390 3391 2
3391 3441 2
3391 3392 -2
3392 3442 2
3392 3393 2
3393 3443 2
3393 3394 -2
3394 3444 -2
3394 3395 -2
3395 3445 -2
3395 3396 -2
3396 3446 2
3396 3397 -2
3397 3447 -2
3397 3398 2
3398 3448 -2
3398 3399 2
3399 3449 -2
3400 3450 -2
3400 3449 2
3400 3401 -2
3401 3451 2
3401 3402 2
3402 3452 -2
3402 3403 2
3403 3453 -2
3403 3404 -2
3404 3454 -2
3404 3405 -2
3405 3455 -2
3405 3406 -2
3406 3456 2
3406 3407 -2
3407 3457 -2
3407 3408 -2
3408 3458 2
3408 3409 2
3409 3459 2
3409 3410 -2
3410 3460 -2
3410 3411 2
3411 3461 2
3411 3412 2
3412 3462 -2
3412 3413 -2
3413 3463 2
3413 3414 2
3414 3464 2
3414 3415 2
3415 3465 2
3415 3416 2
3416 3466 2
3416 3417 -2
3417 3467 2
3417 3418 2
3418 3468 -2
3418 3419 -2
3419 3469 -2
3419 3420 2
3420 3470 -2
3420 3421 -2
3421 3471 -2
3421 3422 -2
3422 3472 2
3422 3423 -2
3423 3473 2
3423 3424 2
3424 3474 -2
3424 3425 2
3425 3475 2
3425 3426 -2
3426 3476 -2
3426 3427 2
3427 3477 -2
3427 3428 2
3428 3478 2
3428 3429 2
3429 3479 -2
3429 3430 2
3430 3480 2
3430 3431 2
3431 3481 -2
3431 3432 -2
3432 3482 2
3432 3433 2
3433 3483 -2
3433 3434 -2
3434 3484 2
3434 3435 -2
3435 3485 2
3435 3436 -2
3436 3486 -2
3436 3437 2
3437 3487 -2
3437 3438 -2
3438 3488 2
3438 3439 2
3439 3489 -2
3439 3440 -2
3440 3490 -2
3440 3441 -2
3441 3491 -2
3441 3442 -2
3442 3492 -2
3442 3443 -2
3443 3493 -2
3443 3444 -2
3444 3494 -2
3444 3445 -2
3445 3495 2
3445 3446 -2
3446 3496 -2
3446 3447 2
3447 3497 -2
3447 3448 2
3448 3498 -2
3448 3449 2
3449 3499 -2
3450 3500 -2
3450 3499 -2
3450 3451 2
3451 3501 2
3451 3452 -2
3452 3502 -2
3452 3453 2
3453 3503 2
3453 3454 2
3454 3504 2
3454 3455 2
3455 3505 2
3455 3456 2
3456 3506 -2
3456 3457 2
3457 3507 -2
3457 3458 -2
3458 3508 -2
3458 3459 2
3459 3509 2
3459 3460 2
3460 3510 -2
3460 3461 2
3461 3511 -2
3461 3462 2
3462 3512 -2
3462 3463 -2
3463 3513 -2
3463 3464 -2
3464 3514 2
3464 3465 -2
3465 3515 2
3465 3466 2
3466 3516 -2
3466 3467 -2
3467 3517 -2
3467 3468 -2
3468 3518 2
3468 3469 -2
3469 3519 -2
3469 3470 -2
3470 3520 2
3470 3471 2
3471 3521 2
3471 3472 -2
3472 3522 2
3472 3473 2
3473 3523 -2
3473 3474 -2
3474 3524 -2
3474 3475 2
3475 3525 -2
3475 3476 -2
3476 3526 2
3476 3477 -2
3477 3527 2
3477 3478 2
3478 3528 2
3478 3479 -2
3479 3529 -2
3479 3480 -2
3480 3530 2
3480 3481 -2
3481 3531 -2
3481 3482 -2
3482 3532 2
3482 3483 2
3483 3533 2
3483 3484 -2
3484 3534 2
3484 3485 -2
3485 3535 -2
3485 3486 -2
3486 3536 2
3486 3487 2
3487 3537 2
3487 3488 -2
3488 3538 -2
3488 3489 -2
3489 3539 2
3489 3490 2
3490 3540 -2
3490 3491 2
3491 3541 -2
3491 3492 -2
3492 3542 -2
3492 3493 2
3493 3543 2
3493 3494 2
3494 3544 2
3494 3495 -2
3495 3545 2
3495 3496 -2
3496 3546 -2
3496 3497 -2
3497 3547 -2
3497 3498 -2
3498 3548 -2
3498 3499 -2
3499 3549 2
3500 3550 -2
3500 3549 2
3500 3501 -2
3501 3551 2
3501 3502 -2
3502 3552 2
3502 3503 2
3503 3553 2
3503 3504 -2
3504 3554 -2
3504 3505 -2
3505 3555 -2
3505 3506 -2
3506 3556 2
3506 3507 -2
3507 3557 2
3507 3508 2
3508 3558 -2
3508 3509 -2
3509 3559 -2
3509 3510 2
3510 3560 2
3510 3511 2
3511 3561 2
3511 3512 2
3512 3562 -2
3512 3513 -2
3513 3563 2
3513 3514 -2
3514 3564 -2
3514 3515 2
3515 3565 2
3515 3516 2
3516 3566 -2
3516 3517 2
3517 3567 2
3517 3518 2
3518 3568 2
3518 3519 -2
3519 3569 2
3519 3520 -2
3520 3570 -2
3520 3521 -2
3521 3571 -2
3521 3522 -2
3522 3572 2
3522 3523 2
3523 3573 2
3523 3524 -2
3524 3574 -2
3524 3525 -2
3525 3575 -2
3525 3526 2
3526 3576 -2
3526 3527 -2
3527 3577 2
3527 3528 2
3528 3578 -2
3528 3529 -2
3529 3579 -2
3529 3530 2
3530 3580 2
3530 3531 -2
3531 3581 -2
3531 3532 -2
3532 3582 -2
3532 3533 2
3533 3583 -2
3533 3534 2
3534 3584 2
3534 3535 -2
3535 3585 2
3535 3536 -2
3536 3586 -2
3536 3537 -2
3537 3587 -2
3537 3538 2
3538 3588 -2
3538 3539 2
3539 3589 2
3539 3540 -2
3540 3590 -2
3540 3541 2
3541 3591 -2
3541 3542 -2
3542 3592 -2
3542 3543 2
3543 3593 -2
3543 3544 -2
3544 3594 -2
3544 3545 2
3545 3595 -2
3545 3546 -2
3546 3596 2
3546 3547 2
3547 3597 -2
3547 3548 -2
3548 3598 -2
3548 3549 -2
3549 3599 -2
3550 3600 2
3550 3599 -2
3550 3551 -2
3551 3601 -2
3551 3552 2
3552 3602 -2
3552 3553 -2
3553 3603 2
3553 3554 2
3554 3604 -2
3554 3555 -2
3555 3605 2
3555 3556 -2
3556 3606 2
3556 3557 2
3557 3607 2
3557 3558 2
3558 3608 -2
3558 3559 2
3559 3609 -2
3559 3560 -2
3560 3610 -2
3560 3561 2
3561 3611 -2
3561 3562 -2
3562 3612 2
3562 3563 2
3563 3613 -2
3563 3564 2
3564 3614 -2
3564 3565 -2
3565 3615 -2
3565 3566 2
3566 3616 -2
3566 3567 2
3567 3617 -2
3567 3568 -2
3568 3618 2
3568 3569 2
3569 3619 -2
3569 3570 -2
3570 3620 -2
3570 3571 2
3571 3621 -2
3571 3572 -2
3572 3622 2
3572 3573 2
3573 3623 2
3573 3574 2
3574 3624 2
3574 3575 -2
3575 3625 -2
3575 3576 2
3576 3626 -2
3576 3577 -2
3577 3627 -2
3577 3578 2
3578 3628 2
3578 3579 -2
3579 3629 2
3579 3580 2
3580 3630 -2
3580 3581 -2
3581 3631 -2
3581 3582 -2
3582 3632 2
3582 3583 -2
3583 3633 -2
3583 3584 -2
3584 3634 2
3584 3585 -2
3585 3635 2
3585 3586 -2
3586 3636 2
3586 3587 -2
3587 3637 2
3587 3588 -2
3588 3638 2
3588 3589 -2
3589 3639 2
3589 3590 2
3590 3640 2
3590 3591 -2
3591 3641 -2
3591 3592 2
3592 3642 -2
3592 3593 2
3593 3643 2
3593 3594 -2
3594 3644 2
3594 3595 2
3595 3645 -2
3595 3596 2
3596 3646 -2
3596 3597 2
3597 3647 -2
3597 3598 -2
3598 3648 -2
3598 3599 -2
3599 3649 2
3600 3650 -2
3600 3649 -2
3600 3601 -2
3601 3651 2
3601 3602 -2
3602 3652 -2
3602 3603 -2
3603 3653 2
3603 3604 2
3604 3654 2
3604 3605 -2
3605 3655 2
3605 3606 -2
3606 3656 2
3606 3607 -2
3607 3657 -2
3607 3608 -2
3608 3658 2
3608 3609 -2
3609 3659 2
3609 3610 -2
3610 3660 -2
3610 3611 2
3611 3661 2
3611 3612 2
3612 3662 2
3612 3613 2
3613 3663 2
3613 3614 2
3614 3664 -2
3614 3615 -2
3615 3665 2
3615 3616 2
3616 3666 2
3616 3617 -2
3617 3667 -2
3617 3618 2
3618 3668 2
3618 3619 2
3619 3669 2
3619 3620 -2
3620 3670 2
3620 3621 -2
3621 3671 2
3621 3622 2
3622 3672 -2
3622 3623 2
3623 3673 2
3623 3624 -2
3624 3674 2
3624 3625 -2
3625 3675 2
3625 3626 -2
3626 3676 -2
3626 3627 2
3627 3677 2
3627 3628 -2
3628 3678 2
3628 3629 2
3629 3679 2
3629 3630 -2
3630 3680 2
3630 3631 2
3631 3681 -2
3631 3632 -2
3632 3682 -2
3632 3633 2
3633 3683 2
3633 3634 2
3634 3684 2
3634 3635 -2
3635 3685 2
3635 3636 -2
3636 3686 2
3636 3637 -2
3637 3687 -2
3637 3638 -2
3638 3688 -2
3638 3639 -2
3639 3689 -2
3639 3640 -2
3640 3690 -2
3640 3641 -2
3641 3691 2
3641 3642 2
3642 3692 -2
3642 3643 2
3643 3693 -2
3643 3644 2
3644 3694 -2
3644 3645 -2
3645 3695 2
3645 3646 -2
3646 3696 2
3646 3647 -2
3647 3697 2
3647 3648 2
3648 3698 2
3648 3649 2
3649 3699 -2
3650 3700 -2
3650 3699 2
3650 3651 2
3651 3701 2
3651 3652 2
3652 3702 2
3652 3653 2
3653 3703 -2
3653 3654 2
3654 3704 -2
3654 3655 -2
3655 3705 2
3655 3656 -2
3656 3706 -2
3656 3657 -2
3657 3707 -2
3657 3658 2
3658 3708 -2
3658 3659 2
3659 3709 2
3659 3660 -2
3660 3710 -2
3660 3661 2
3661 3711 -2
3661 3662 2
3662 3712 2
3662 3663 -2
3663 3713 2
3663 3664 2
3664 3714 -2
3664 3665 2
3665 3715 2
3665 3666 2
3666 3716 -2
3666 3667 2
3667 3717 -2
3667 3668 2
3668 3718 2
3668 3669 2
3669 3719 -2
3669 3670 -2
3670 3720 2
3670 3671 2
3671 3721 2
3671 3672 -2
3672 3722 2
3672 3673 -2
3673 3723 2
3673 3674 -2
3674 3724 2
3674 3675 2
3675 3725 2
3675 3676 -2
3676 3726 -2
3676 3677 2
3677 3727 2
3677 3678 2
3678 3728 -2
3678 3679 2
3679 3729 -2
3679 3680 2
3680 3730 2
3680 3681 -2
3681 3731 2
3681 3682 -2
3682 3732 -2
3682 3683 2
3683 3733 -2
3683 3684 -2
3684 3734 2
3684 3685 2
3685 3735 2
3685 3686 2
3686 3736 2
3686 3687 2
3687 3737 2
3687 3688 2
3688 3738 -2
3688 3689 -2
3689 3739 2
3689 3690 -2
3690 3740 -2
3690 3691 -2
3691 3741 2
3691 3692 2
3692 3742 -2
3692 3693 2
3693 3743 2
3693 3694 -2
3694 3744 2
3694 3695 2
3695 3745 -2
3695 3696 2
3696 3746 -2
3696 3697 -2
3697 3747 -2
3697 3698 -2
3698 3748 -2
3698 3699 -2
3699 3749 2
3700 3750 2
3700 3749 2
3700 3701 -2
3701 3751 -2
3701 3702 2
3702 3752 -2
3702 3703 2
3703 3753 -2
3703 3704 2
3704 3754 2
3704 3705 -2
3705 3755 -2
3705 3706 -2
3706 3756 -2
3706 3707 2
3707 3757 2
3707 3708 -2
3708 3758 2
3708 3709 -2
3709 3759 -2
3709 3710 2
3710 3760 2
3710 3711 2
3711 3761 2
3711 3712 -2
3712 3762 2
3712 3713 2
3713 3763 -2
3713 3714 -2
3714 3764 -2
3714 3715 -2
3715 3765 -2
3715 3716 -2
3716 3766 2
3716 3717 2
3717 3767 2
3717 3718 2
3718 3768 -2
3718 3719 -2
3719 3769 -2
3719 3720 2
3720 3770 -2
3720 3721 2
3721 3771 -2
3721 3722 2
3722 3772 2
3722 3723 -2
3723 3773 2
3723 3724 -2
3724 3774 2
3724 3725 -2
3725 3775 -2
3725 3726 -2
3726 3776 2
3726 3727 2
3727 3777 2
3727 3728 -2
3728 3778 2
3728 3729 -2
3729 3779 2
3729 3730 2
3730 3780 -2
3730 3731 2
3731 3781 2
3731 3732 2
3732 3782 2
3732 3733 -2
3733 3783 -2
3733 3734 -2
3734 3784 -2
3734 3735 -2
3735 3785 -2
3735 3736 -2
3736 3786 2
3736 3737 -2
3737 3787 -2
3737 3738 -2
3738 3788 2
3738 3739 -2
3739 3789 -2
3739 3740 2
3740 3790 2
3740 3741 -2
3741 3791 -2
3741 3742 -2
3742 3792 -2
3742 3743 2
3743 3793 -2
3743 3744 2
3744 3794 2
3744 3745 -2
3745 3795 -2
3745 3746 -2
3746 3796 2
3746 3747 2
3747 3797 2
3747 3748 -2
3748 3798 -2
3748 3749 2
3749 3799 2
3750 3800 2
3750 3799 -2
3750 3751 -2
3751 3801 -2
3751 3752 2
3752 3802 -2
3752 3753 2
3753 3803 2
3753 3754 -2
3754 3804 -2
3754 3755 2
3755 3805 -2
3755 3756 -2
3756 3806 -2
3756 3757 2
3757 3807 2
3757 3758 -2
3758 3808 2
3758 3759 2
3759 3809 -2
3759 3760 -2
3760 3810 2
3760 3761 2
3761 3811 -2
3761 3762 -2
3762 3812 -2
3762 3763 2
3763 3813 -2
3763 3764 -2
3764 3814 -2
3764 3765 2
3765 3815 2
3765 3766 2
3766 3816 2
3766 3767 -2
3767 3817 -2
3767 3768 2
3768 3818 -2
3768 3769 -2
3769 3819 2
3769 3770 2
3770 3820 -2
3770 3771 2
3771 3821 -2
3771 3772 -2
3772 3822 -2
3772 3773 2
3773 3823 -2
3773 3774 2
3774 3824 -2
3774 3775 -2
3775 3825 2
3775 3776 2
3776 3826 -2
3776 3777 2
3777 3827 -2
3777 3778 2
3778 3828 -2
3778 3779 -2
3779 3829 2
3779 3780 2
3780 3830 2
3780 3781 2
3781 3831 2
3781 3782 2
3782 3832 2
3782 3783 2
3783 3833 2
3783 3784 2
3784 3834 -2
3784 3785 2
3785 3835 -2
3785 3786 -2
3786 3836 2
3786 3787 2
3787 3837 2
3787 3788 2
3788 3838 2
3788 3789 -2
3789 3839 2
3789 3790 2
3790 3840 -2
3790 3791 -2
3791 3841 -2
3791 3792 2
3792 3842 -2
3792 3793 -2
3793 3843 2
3793 3794 2
3794 3844 -2
3794 3795 2
3795 3845 2
3795 3796 2
3796 3846 2
3796 3797 -2
3797 3847 2
3797 3798 2
3798 3848 -2
3798 3799 2
3799 3849 2
3800 3850 -2
3800 3849 2
3800 3801 2
3801 3851 2
3801 3802 -2
3802 3852 2
3802 3803 -2
3803 3853 -2
3803 3804 -2
3804 3854 2
3804 3805 -2
3805 3855 -2
3805 3806 -2
3806 3856 2
3806 3807 -2
3807 3857 -2
3807 3808 -2
3808 3858 2
3808 3809 2
3809 3859 -2
3809 3810 2
3810 3860 2
3810 3811 2
3811 3861 2
3811 3812 -2
3812 3862 -2
3812 3813 2
3813 3863 -2
3813 3814 -2
3814 3864 2
3814 3815 2
3815 3865 2
3815 3816 -2
3816 3866 -2
3816 3817 -2
3817 3867 2
3817 3818 -2
3818 3868 2
3818 3819 2
3819 3869 2
3819 3820 2
3820 3870 -2
3820 3821 -2
3821 3871 2
3821 3822 -2
3822 3872 -2
3822 3823 -2
3823 3873 -2
3823 3824 -2
3824 3874 2
3824 3825 -2
3825 3875 2
3825 3826 2
3826 3876 -2
3826 3827 -2
3827 3877 2
3827 3828 2
3828 3878 2
3828 3829 -2
3829 3879 -2
3829 3830 2
3830 3880 -2
3830 3831 2
3831 3881 2
3831 3832 -2
3832 3882 2
3832 3833 2
3833 3883 2
3833 3834 -2
3834 3884 2
3834 3835 2
3835 3885 -2
3835 3836 2
3836 3886 2
3836 3837 2
3837 3887 -2
3837 3838 2
3838 3888 2
3838 3839 2
3839 3889 2
3839 3840 -2
3840 3890 -2
3840 3841 2
3841 3891 -2
3841 3842 -2
3842 3892 -2
3842 3843 2
3843 3893 2
3843 3844 2
3844 3894 2
3844 3845 2
3845 3895 2
3845 3846 2
3846 3896 2
3846 3847 2
3847 3897 -2
3847 3848 -2
3848 3898 -2
3848 3849 2
3849 3899 2
3850 3900 -2
3850 3899 -2
3850 3851 -2
3851 3901 2
3851 3852 2
3852 3902 2
3852 3853 -2
3853 3903 2
3853 3854 -2
3854 3904 2
3854 3855 -2
3855 3905 -2
3855 3856 2
3856 3906 -2
3856 3857 2
3857 3907 2
3857 3858 -2
3858 3908 2
3858 3859 2
3859 3909 -2
3859 3860 -2
3860 3910 -2
3860 3861 2
3861 3911 2
3861 3862 2
3862 3912 2
3862 3863 -2
3863 3913 -2
3863 3864 -2
3864 3914 2
3864 3865 2
3865 3915 -2
3865 3866 -2
3866 3916 2
3866 3867 2
3867 3917 2
3867 3868 -2
3868 3918 -2
3868 3869 2
3869 3919 -2
3869 3870 -2
3870 3920 -2
3870 3871 -2
3871 3921 -2
3871 3872 2
3872 3922 2
3872 3873 -2
3873 3923 2
3873 3874 -2
3874 3924 -2
3874 3875 -2
3875 3925 2
3875 3876 2
3876 3926 -2
3876 3877 2
3877 3927 2
3877 3878 2
3878 3928 -2
3878 3879 -2
3879 3929 -2
3879 3880 2
3880 3930 2
3880 3881 2
3881 3931 -2
3881 3882 -2
3882 3932 2
3882 3883 -2
3883 3933 -2
3883 3884 -2
3884 3934 2
3884 3885 2
3885 3935 2
3885 3886 2
3886 3936 2
3886 3887 2
3887 3937 2
3887 3888 -2
3888 3938 -2
3888 3889 -2
3889 3939 -2
3889 3890 -2
3890 3940 -2
3890 3891 2
3891 3941 2
3891 3892 -2
3892 3942 2
3892 3893 -2
3893 3943 -2
3893 3894 2
3894 3944 2
3894 3895 -2
3895 3945 2
3895 3896 -2
3896 3946 -2
3896 3897 -2
3897 3947 2
3897 3898 -2
3898 3948 -2
3898 3899 2
3899 3949 2
3900 3950 -2
3900 3949 2
3900 3901 2
3901 3951 2
3901 3902 2
3902 3952 -2
3902 3903 2
3903 3953 2
3903 3904 2
3904 3954 -2
3904 3905 -2
3905 3955 -2
3905 3906 -2
3906 3956 -2
3906 3907 -2
3907 3957 -2
3907 3908 -2
3908 3958 2
3908 3909 -2
3909 3959 2
3909 3910 2
3910 3960 -2
3910 3911 -2
3911 3961 2
3911 3912 -2
3912 3962 2
3912 3913 -2
3913 3963 -2
3913 3914 2
3914 3964 -2
3914 3915 -2
3915 3965 2
3915 3916 -2
3916 3966 -2
3916 3917 -2
3917 3967 -2
3917 3918 2
3918 3968 2
3918 3919 -2
3919 3969 2
3919 3920 2
3920 3970 -2
3920 3921 -2
3921 3971 2
3921 3922 -2
3922 3972 -2
3922 3923 -2
3923 3973 2
3923 3924 2
3924 3974 -2
3924 3925 2
3925 3975 2
3925 3926 -2
3926 3976 2
3926 3927 2
3927 3977 2
3927 3928 -2
3928 3978 -2
3928 3929 -2
3929 3979 -2
3929 3930 2
3930 3980 -2
3930 3931 2
3931 3981 2
3931 3932 -2
3932 3982 -2
3932 3933 -2
3933 3983 -2
3933 3934 2
3934 3984 -2
3934 3935 -2
3935 3985 2
3935 3936 2
3936 3986 -2
3936 3937 2
3937 3987 2
3937 3938 -2
3938 3988 -2
3938 3939 -2
3939 3989 -2
3939 3940 2
3940 3990 -2
3940 3941 -2
3941 3991 2
3941 3942 2
3942 3992 -2
3942 3943 -2
3943 3993 2
3943 3944 -2
3944 3994 -2
3944 3945 2
3945 3995 -2
3945 3946 2
3946 3996 -2
3946 3947 -2
3947 3997 2
3947 3948 -2
3948 3998 -2
3948 3949 -2
3949 3999 -2
3950 4000 -2
3950 3999 -2
3950 3951 2
3951 4001 -2
3951 3952 -2
3952 4002 -2
3952 3953 -2
3953 4003 -2
3953 3954 2
3954 4004 -2
3954 3955 2
3955 4005 2
3955 3956 -2
3956 4006 -2
3956 3957 2
3957 4007 2
3957 3958 -2
3958 4008 -2
3958 3959 2
3959 4009 -2
3959 3960 -2
3960 4010 -2
3960 3961 2
3961 4011 -2
3961 3962 -2
3962 4012 -2
3962 3963 -2
3963 4013 2
3963 3964 2
3964 4014 -2
3964 3965 -2
3965 4015 -2
3965 3966 -2
3966 4016 -2
3966 3967 2
3967 4017 2
3967 3968 2
3968 4018 2
3968 3969 2
3969 4019 -2
3969 3970 -2
3970 4020 2
3970 3971 2
3971 4021 -2
3971 3972 -2
3972 4022 2
3972 3973 -2
3973 4023 2
3973 3974 -2
3974 4024 -2
3974 3975 2
3975 4025 -2
3975 3976 2
3976 4026 2
3976 3977 2
3977 4027 -2
3977 3978 -2
3978 4028 -2
3978 3979 2
3979 4029 -2
3979 3980 2
3980 4030 2
3980 3981 -2
3981 4031 2
3981 3982 -2
3982 4032 2
3982 3983 -2
3983 4033 -2
3983 3984 -2
3984 4034 -2
3984 3985 -2
3985 4035 -2
3985 3986 -2
3986 4036 -2
3986 3987 -2
3987 4037 -2
3987 3988 2
3988 4038 2
3988 3989 2
3989 4039 2
3989 3990 2
3990 4040 2
3990 3991 2
3991 4041 -2
3991 3992 -2
3992 4042 2
3992 3993 -2
3993 4043 -2
3993 3994 -2
3994 4044 2
3994 3995 -2
3995 4045 -2
3995 3996 -2
3996 4046 2
3996 3997 2
3997 4047 -2
3997 3998 2
3998 4048 -2
3998 3999 2
3999 4049 2
4000 4050 -2
4000 4049 -2
4000 4001 2
4001 4051 2
4001 4002 2
4002 4052 2
4002 4003 -2
4003 4053 2
4003 4004 -2
4004 4054 2
4004 4005 -2
4005 4055 -2
4005 4006 -2
4006 4056 -2
4006 4007 2
4007 4057 2
4007 4008 2
4008 4058 -2
4008 4009 2
4009 4059 -2
4009 4010 -2
4010 4060 2
4010 4011 2
4011 4061 2
4011 4012 2
4012 4062 -2
4012 4013 -2
4013 4063 2
4013 4014 2
4014 4064 -2
4014 4015 -2
4015 4065 -2
4015 4016 2
4016 4066 -2
4016 4017 -2
4017 4067 2
4017 4018 2
4018 4068 -2
4018 4019 2
4019 4069 2
4019 4020 2
4020 4070 2
4020 4021 2
4021 4071 2
4021 4022 -2
4022 4072 2
4022 4023 2
4023 4073 -2
4023 4024 2
4024 4074 -2
4024 4025 -2
4025 4075 -2
4025 4026 2
4026 4076 -2
4026 4027 -2
4027 4077 -2
4027 4028 2
4028 4078 2
4028 4029 2
4029 4079 -2
4029 4030 -2
4030 4080 2
4030 4031 2
4031 4081 2
4031 4032 -2
4032 4082 2
4032 4033 2
4033 4083 2
4033 4034 2
4034 4084 2
4034 4035 2
4035 4085 -2
4035 4036 -2
4036 4086 2
4036 4037 -2
4037 4087 2
4037 4038 2
4038 4088 2
4038 4039 2
4039 4089 -2
4039 4040 2
4040 4090 -2
4040 4041 -2
4041 4091 2
4041 4042 2
4042 4092 2
4042 4043 -2
4043 4093 2
4043 4044 2
4044 4094 2
4044 4045 2
4045 4095 -2
4045 4046 -2
4046 4096 -2
4046 4047 -2
4047 4097 2
4047 4048 -2
4048 4098 2
4048 4049 2
4049 4099 2
4050 4100 2
4050 4099 2
4050 4051 2
4051 4101 -2
4051 4052 -2
4052 4102 2
4052 4053 2
4053 4103 2
4053 4054 -2
4054 4104 2
4054 4055 2
4055 4105 -2
4055 4056 2
4056 4106 2
4056 4057 -2
4057 4107 2
4057 4058 -2
4058 4108 2
4058 4059 2
4059 4109 -2
4059 4060 2
4060 4110 -2
4060 4061 -2
4061 4111 2
4061 4062 -2
4062 4112 -2
4062 4063 2
4063 4113 2
4063 4064 -2
4064 4114 2
4064 4065 2
4065 4115 -2
4065 4066 -2
4066 4116 2
4066 4067 2
4067 4117 2
4067 4068 -2
4068 4118 -2
4068 4069 -2
4069 4119 2
4069 4070 2
4070 4120 -2
4070 4071 -2
4071 4121 -2
4071 4072 2
4072 4122 -2
4072 4073 -2
4073 4123 -2
4073 4074 -2
4074 4124 2
4074 4075 -2
4075 4125 -2
4075 4076 -2
4076 4126 2
4076 4077 -2
4077 4127 2
4077 4078 2
4078 4128 2
4078 4079 2
4079 4129 2
4079 4080 2
4080 4130 2
4080 4081 -2
4081 4131 2
4081 4082 2
4082 4132 -2
4082 4083 2
4083 4133 -2
4083 4084 -2
4084 4134 2
4084 4085 -2
4085 4135 -2
4085 4086 -2
4086 4136 2
4086 4087 2
4087 4137 -2
4087 4088 2
4088 4138 -2
4088 4089 2
4089 4139 -2
4089 4090 -2
4090 4140 -2
4090 4091 2
4091 4141 2
4091 4092 -2
4092 4142 -2
4092 4093 2
4093 4143 2
4093 4094 -2
4094 4144 2
4094 4095 2
4095 4145 2
4095 4096 2
4096 4146 2
4096 4097 2
4097 4147 -2
4097 4098 2
4098 4148 -2
4098 4099 2
4099 4149 2
4100 4150 -2
4100 4149 -2
4100 4101 2
4101 4151 2
4101 4102 2
4102 4152 -2
4102 4103 2
4103 4153 2
4103 4104 2
4104 4154 2
4104 4105 2
4105 4155 -2
4105 4106 2
4106 4156 -2
4106 4107 -2
4107 4157 -2
4107 4108 2
4108 4158 -2
4108 4109 2
4109 4159 -2
4109 4110 -2
4110 4160 2
4110 4111 -2
4111 4161 -2
4111 4112 -2
4112 4162 -2
4112 4113 2
4113 4163 2
4113 4114 -2
4114 4164 -2
4114 4115 2
4115 4165 2
4115 4116 -2
4116 4166 2
4116 4117 -2
4117 4167 2
4117 4118 -2
4118 4168 2
4118 4119 2
4119 4169 2
4119 4120 -2
4120 4170 -2
4120 4121 -2
4121 4171 2
4121 4122 -2
4122 4172 -2
4122 4123 -2
4123 4173 -2
4123 4124 2
4124 4174 -2
4124 4125 2
4125 4175 2
4125 4126 2
4126 4176 2
4126 4127 -2
4127 4177 2
4127 4128 2
4128 4178 2
4128 4129 2
4129 4179 2
4129 4130 2
4130 4180 2
4130 4131 -2
4131 4181 2
4131 4132 2
4132 4182 -2
4132 4133 -2
4133 4183 2
4133 4134 -2
4134 4184 -2
4134 4135 -2
4135 4185 -2
4135 4136 2
4136 4186 2
4136 4137 -2
4137 4187 -2
4137 4138 2
4138 4188 -2
4138 4139 2
4139 4189 2
4139 4140 2
4140 4190 -2
4140 4141 -2
4141 4191 -2
4141 4142 2
4142 4192 -2
4142 4143 2
4143 4193 -2
4143 4144 -2
4144 4194 2
4144 4145 -2
4145 4195 -2
4145 4146 -2
4146 4196 -2
4146 4147 -2
4147 4197 2
4147 4148 2
4148 4198 -2
4148 4149 -2
4149 4199 -2
4150 4200 -2
4150 4199 -2
4150 4151 2
4151 4201 2
4151 4152 2
4152 4202 2
4152 4153 2
4153 4203 -2
4153 4154 2
4154 4204 -2
4154 4155 -2
4155 4205 -2
4155 4156 -2
4156 4206 -2
4156 4157 -2
4157 4207 2
4157 4158 2
4158 4208 -2
4158 4159 -2
4159 4209 -2
4159 4160 -2
4160 4210 2
4160 4161 -2
4161 4211 2
4161 4162 -2
4162 4212 2
4162 4163 -2
4163 4213 -2
4163 4164 2
4164 4214 2
4164 4165 -2
4165 4215 2
4165 4166 -2
4166 4216 -2
4166 4167 2
4167 4217 2
4167 4168 2
4168 4218 2
4168 4169 2
4169 4219 -2
4169 4170 -2
4170 4220 -2
4170 4171 2
4171 4221 2
4171 4172 -2
4172 4222 2
4172 4173 2
4173 4223 2
4173 4174 -2
4174 4224 2
4174 4175 -2
4175 4225 2
4175 4176 -2
4176 4226 2
4176 4177 -2
4177 4227 -2
4177 4178 -2
4178 4228 2
4178 4179 -2
4179 4229 -2
4179 4180 2
4180 4230 2
4180 4181 2
4181 4231 2
4181 4182 2
4182 4232 2
4182 4183 -2
4183 4233 2
4183 4184 -2
4184 4234 2
4184 4185 -2
4185 4235 2
4185 4186 -2
4186 4236 2
4186 4187 2
4187 4237 -2
4187 4188 -2
4188 4238 -2
4188 4189 2
4189 4239 -2
4189 4190 -2
4190 4240 -2
4190 4191 2
4191 4241 -2
4191 4192 -2
4192 4242 2
4192 4193 2
4193 4243 2
4193 4194 2
4194 4244 2
4194 4195 -2
4195 4245 2
4195 4196 -2
4196 4246 2
4196 4197 2
4197 4247 -2
4197 4198 -2
4198 4248 2
4198 4199 2
4199 4249 -2
4200 4250 2
4200 4249 -2
4200 4201 -2
4201 4251 -2
4201 4202 2
4202 4252 -2
4202 4203 2
4203 4253 2
4203 4204 2
4204 4254 2
4204 4205 -2
4205 4255 2
4205 4206 2
4206 4256 -2
4206 4207 2
4207 4257 -2
4207 4208 2
4208 4258 -2
4208 4209 2
4209 4259 2
4209 4210 2
4210 4260 2
4210 4211 -2
4211 4261 -2
4211 4212 2
4212 4262 2
4212 4213 -2
4213 4263 2
4213 4214 -2
4214 4264 2
4214 4215 -2
4215 4265 -2
4215 4216 -2
4216 4266 -2
4216 4217 -2
4217 4267 -2
4217 4218 2
4218 4268 -2
4218 4219 2
4219 4269 2
4219 4220 2
4220 4270 2
4220 4221 -2
4221 4271 -2
4221 4222 -2
4222 4272 2
4222 4223 2
4223 4273 -2
4223 4224 -2
4224 4274 2
4224 4225 2
4225 4275 2
4225 4226 2
4226 4276 -2
4226 4227 -2
4227 4277 -2
4227 4228 -2
4228 4278 2
4228 4229 -2
4229 4279 -2
4229 4230 2
4230 4280 2
4230 4231 2
4231 4281 2
4231 4232 -2
4232 4282 -2
4232 4233 2
4233 4283 2
4233 4234 2
4234 4284 2
4234 4235 -2
4235 4285 -2
4235 4236 2
4236 4286 -2
4236 4237 2
4237 4287 -2
4237 4238 -2
4238 4288 -2
4238 4239 2
4239 4289 2
4239 4240 -2
4240 4290 -2
4240 4241 2
4241 4291 -2
4241 4242 2
4242 4292 -2
4242 4243 2
4243 4293 2
4243 4244 2
4244 4294 2
4244 4245 -2
4245 4295 2
4245 4246 2
4246 4296 -2
4246 4247 -2
4247 4297 2
4247 4248 2
4248 4298 2
4248 4249 -2
4249 4299 2
4250 4300 2
4250 4299 -2
4250 4251 2
4251 4301 -2
4251 4252 2
4252 4302 -2
4252 4253 -2
4253 4303 -2
4253 4254 -2
4254 4304 -2
4254 4255 2
4255 4305 2
4255 4256 2
4256 4306 2
4256 4257 -2
4257 4307 -2
4257 4258 2
4258 4308 2
4258 4259 2
4259 4309 -2
4259 4260 -2
4260 4310 2
4260 4261 -2
4261 4311 2
4261 4262 -2
4262 4312 2
4262 4263 2
4263 4313 -2
4263 4264 -2
4264 4314 -2
4264 4265 2
4265 4315 2
4265 4266 2
4266 4316 -2
4266 4267 -2
4267 4317 -2
4267 4268 2
4268 4318 2
4268 4269 -2
4269 4319 2
4269 4270 2
4270 4320 2
4270 4271 -2
4271 4321 -2
4271 4272 2
4272 4322 -2
4272 4273 -2
4273 4323 -2
4273 4274 -2
4274 4324 -2
4274 4275 -2
4275 4325 -2
4275 4276 -2
4276 4326 2
4276 4277 2
4277 4327 2
4277 4278 2
4278 4328 2
4278 4279 2
4279 4329 -2
4279 4280 2
4280 4330 -2
4280 4281 -2
4281 4331 -2
4281 4282 2
4282 4332 -2
4282 4283 2
4283 4333 2
4283 4284 -2
4284 4334 -2
4284 4285 2
4285 4335 2
4285 4286 -2
4286 4336 -2
4286 4287 2
4287 4337 2
4287 4288 2
4288 4338 2
4288 4289 -2
4289 4339 -2
4289 4290 2
4290 4340 -2
4290 4291 2
4291 4341 2
4291 4292 -2
4292 4342 -2
4292 4293 -2
4293 4343 2
4293 4294 2
4294 4344 -2
4294 4295 2
4295 4345 -2
4295 4296 -2
4296 4346 2
4296 4297 -2
4297 4347 -2
4297 4298 2
4298 4348 2
4298 4299 -2
4299 4349 -2
4300 4350 -2
4300 4349 -2
4300 4301 -2
4301 4351 2
4301 4302 -2
4302 4352 2
4302 4303 -2
4303 4353 2
4303 4304 -2
4304 4354 2
4304 4305 2
4305 4355 -2
4305 4306 2
4306 4356 -2
4306 4307 2
4307 4357 2
4307 4308 2
4308 4358 2
4308 4309 2
4309 4359 2
4309 4310 -2
4310 4360 2
4310 4311 -2
4311 4361 2
4311 4312 -2
4312 4362 -2
4312 4313 -2
4313 4363 2
4313 4314 -2
4314 4364 2
4314 4315 -2
4315 4365 2
4315 4316 2
4316 4366 -2
4316 4317 -2
4317 4367 2
4317 4318 -2
4318 4368 2
4318 4319 2
4319 4369 2
4319 4320 2
4320 4370 -2
4320 4321 -2
4321 4371 2
4321 4322 2
4322 4372 -2
4322 4323 2
4323 4373 2
4323 4324 -2
4324 4374 -2
4324 4325 -2
4325 4375 2
4325 4326 2
4326 4376 -2
4326 4327 2
4327 4377 2
4327 4328 -2
4328 4378 -2
4328 4329 2
4329 4379 2
4329 4330 -2
4330 4380 -2
4330 4331 -2
4331 4381 2
4331 4332 2
4332 4382 -2
4332 4333 2
4333 4383 -2
4333 4334 2
4334 4384 2
4334 4335 2
4335 4385 2
4335 4336 2
4336 4386 -2
4336 4337 -2
4337 4387 -2
4337 4338 -2
4338 4388 -2
4338 4339 2
4339 4389 2
4339 4340 -2
4340 4390 -2
4340 4341 -2
4341 4391 2
4341 4342 2
4342 4392 -2
4342 4343 2
4343 4393 2
4343 4344 -2
4344 4394 2
4344 4345 2
4345 4395 2
4345 4346 2
4346 4396 -2
4346 4347 2
4347 4397 -2
4347 4348 -2
4348 4398 2
4348 4349 -2
4349 4399 2
4350 4400 2
4350 4399 2
4350 4351 2
4351 4401 2
4351 4352 -2
4352 4402 2
4352 4353 -2
4353 4403 2
4353 4354 2
4354 4404 2
4354 4355 -2
4355 4405 -2
4355 4356 -2
4356 4406 -2
4356 4357 2
4357 4407 2
4357 4358 2
4358 4408 -2
4358 4359 -2
4359 4409 2
4359 4360 -2
4360 4410 2
4360 4361 2
4361 4411 -2
4361 4362 2
4362 4412 -2
4362 4363 -2
4363 4413 2
4363 4364 -2
4364 4414 2
4364 4365 2
4365 4415 -2
4365 4366 2
4366 4416 -2
4366 4367 2
4367 4417 -2
4367 4368 -2
4368 4418 2
4368 4369 -2
4369 4419 2
4369 4370 2
4370 4420 -2
4370 4371 2
4371 4421 -2
4371 4372 -2
4372 4422 -2
4372 4373 2
4373 4423 2
4373 4374 -2
4374 4424 -2
4374 4375 2
4375 4425 -2
4375 4376 2
4376 4426 2
4376 4377 2
4377 4427 -2
4377 4378 -2
4378 4428 2
4378 4379 -2
4379 4429 2
4379 4380 -2
4380 4430 -2
4380 4381 -2
4381 4431 2
4381 4382 -2
4382 4432 -2
4382 4383 -2
4383 4433 2
4383 4384 2
4384 4434 -2
4384 4385 2
4385 4435 2
4385 4386 -2
4386 4436 2
4386 4387 2
4387 4437 -2
4387 4388 -2
4388 4438 2
4388 4389 -2
4389 4439 2
4389 4390 2
4390 4440 -2
4390 4391 2
4391 4441 2
4391 4392 2
4392 4442 -2
4392 4393 2
4393 4443 -2
4393 4394 2
4394 4444 -2
4394 4395 -2
4395 4445 2
4395 4396 2
4396 4446 2
4396 4397 -2
4397 4447 -2
4397 4398 -2
4398 4448 2
4398 4399 -2
4399 4449 -2
4400 4450 2
4400 4449 -2
4400 4401 -2
4401 4451 -2
4401 4402 -2
4402 4452 2
4402 4403 2
4403 4453 -2
4403 4404 2
4404 4454 -2
4404 4405 2
4405 4455 2
4405 4406 -2
4406 4456 2
4406 4407 2
4407 4457 -2
4407 4408 2
4408 4458 2
4408 4409 2
4409 4459 -2
4409 4410 -2
4410 4460 2
4410 4411 -2
4411 4461 -2
4411 4412 2
4412 4462 -2
4412 4413 2
4413 4463 -2
4413 4414 -2
4414 4464 -2
4414 4415 2
4415 4465 2
4415 4416 -2
4416 4466 2
4416 4417 2
4417 4467 2
4417 4418 2
4418 4468 2
4418 4419 -2
4419 4469 -2
4419 4420 2
4420 4470 2
4420 4421 -2
4421 4471 -2
4421 4422 -2
4422 4472 2
4422 4423 2
4423 4473 2
4423 4424 2
4424 4474 2
4424 4425 -2
4425 4475 -2
4425 4426 2
4426 4476 2
4426 4427 2
4427 4477 2
4427 4428 2
4428 4478 2
4428 4429 -2
4429 4479 -2
4429 4430 -2
4430 4480 2
4430 4431 2
4431 4481 -2
4431 4432 2
4432 4482 -2
4432 4433 -2
4433 4483 -2
4433 4434 2
4434 4484 2
4434 4435 2
4435 4485 -2
4435 4436 2
4436 4486 -2
4436 4437 -2
4437 4487 2
4437 4438 2
4438 4488 2
4438 4439 -2
4439 4489 2
4439 4440 -2
4440 4490 2
4440 4441 -2
4441 4491 -2
4441 4442 2
4442 4492 -2
4442 4443 2
4443 4493 2
4443 4444 2
4444 4494 2
4444 4445 2
4445 4495 -2
4445 4446 -2
4446 4496 -2
4446 4447 2
4447 4497 2
4447 4448 -2
4448 4498 2
4448 4449 -2
4449 4499 2
4450 4500 -2
4450 4499 2
4450 4451 -2
4451 4501 -2
4451 4452 -2
4452 4502 -2
4452 4453 -2
4453 4503 -2
4453 4454 2
4454 4504 2
4454 4455 -2
4455 4505 2
4455 4456 -2
4456 4506 -2
4456 4457 2
4457 4507 2
4457 4458 -2
4458 4508 2
4458 4459 -2
4459 4509 2
4459 4460 2
4460 4510 2
4460 4461 -2
4461 4511 -2
4461 4462 -2
4462 4512 -2
4462 4463 -2
4463 4513 2
4463 4464 2
4464 4514 -2
4464 4465 2
4465 4515 -2
4465 4466 2
4466 4516 -2
4466 4467 -2
4467 4517 -2
4467 4468 2
4468 4518 2
4468 4469 2
4469 4519 2
4469 4470 2
4470 4520 -2
4470 4471 -2
4471 4521 -2
4471 4472 2
4472 4522 2
4472 4473 -2
4473 4523 2
4473 4474 2
4474 4524 2
4474 4475 -2
4475 4525 -2
4475 4476 2
4476 4526 -2
4476 4477 -2
4477 4527 2
4477 4478 -2
4478 4528 -2
4478 4479 2
4479 4529 -2
4479 4480 -2
4480 4530 2
4480 4481 2
4481 4531 -2
4481 4482 2
4482 4532 2
4482 4483 2
4483 4533 2
4483 4484 -2
4484 4534 2
4484 4485 2
4485 4535 -2
4485 4486 -2
4486 4536 2
4486 4487 2
4487 4537 2
4487 4488 2
4488 4538 2
4488 4489 2
4489 4539 -2
4489 4490 2
4490 4540 2
4490 4491 -2
4491 4541 2
4491 4492 -2
4492 4542 2
4492 4493 2
4493 4543 2
4493 4494 -2
4494 4544 -2
4494 4495 2
4495 4545 2
4495 4496 2
4496 4546 -2
4496 4497 -2
4497 4547 -2
4497 4498 2
4498 4548 2
4498 4499 -2
4499 4549 -2
4500 4550 -2
4500 4549 2
4500 4501 2
4501 4551 -2
4501 4502 2
4502 4552 2
4502 4503 2
4503 4553 -2
4503 4504 -2
4504 4554 -2
4504 4505 2
4505 4555 -2
4505 4506 -2
4506 4556 -2
4506 4507 2
4507 4557 -2
4507 4508 -2
4508 4558 2
4508 4509 2
4509 4559 2
4509 4510 2
4510 4560 2
4510 4511 -2
4511 4561 2
4511 4512 2
4512 4562 2
4512 4513 2
4513 4563 -2
4513 4514 -2
4514 4564 -2
4514 4515 2
4515 4565 -2
4515 4516 2
4516 4566 -2
4516 4517 -2
4517 4567 2
4517 4518 2
4518 4568 -2
4518 4519 -2
4519 4569 2
4519 4520 -2
4520 4570 -2
4520 4521 -2
4521 4571 2
4521 4522 -2
4522 4572 2
4522 4523 2
4523 4573 -2
4523 4524 -2
4524 4574 -2
4524 4525 2
4525 4575 -2
4525 4526 2
4526 4576 2
4526 4527 -2
4527 4577 2
4527 4528 -2
4528 4578 2
4528 4529 -2
4529 4579 -2
4529 4530 -2
4530 4580 -2
4530 4531 2
4531 4581 2
4531 4532 2
4532 4582 2
4532 4533 2
4533 4583 2
4533 4534 -2
4534 4584 -2
4534 4535 -2
4535 4585 2
4535 4536 -2
4536 4586 -2
4536 4537 2
4537 4587 2
4537 4538 -2
4538 4588 2
4538 4539 -2
4539 4589 2
4539 4540 2
4540 4590 -2
4540 4541 2
4541 4591 -2
4541 4542 2
4542 4592 2
4542 4543 -2
4543 4593 -2
4543 4544 -2
4544 4594 -2
4544 4545 2
4545 4595 2
4545 4546 2
4546 4596 2
4546 4547 2
4547 4597 2
4547 4548 2
4548 4598 -2
4548 4549 2
4549 4599 -2
4550 4600 2
4550 4599 -2
4550 4551 2
4551 4601 -2
4551 4552 -2
4552 4602 2
4552 4553 2
4553 4603 -2
4553 4554 2
4554 4604 -2
4554 4555 -2
4555 4605 2
4555 4556 -2
4556 4606 -2
4556 4557 -2
4557 4607 -2
4557 4558 2
4558 4608 2
4558 4559 -2
4559 4609 2
4559 4560 2
4560 4610 -2
4560 4561 -2
4561 4611 -2
4561 4562 -2
4562 4612 2
4562 4563 2
4563 4613 -2
4563 4564 -2
4564 4614 -2
4564 4565 2
4565 4615 2
4565 4566 -2
4566 4616 -2
4566 4567 -2
4567 4617 2
4567 4568 -2
4568 4618 2
4568 4569 -2
4569 4619 -2
4569 4570 -2
4570 4620 2
4570 4571 -2
4571 4621 -2
4571 4572 2
4572 4622 2
4572 4573 -2
4573 4623 2
4573 4574 -2
4574 4624 2
4574 4575 -2
4575 4625 -2
4575 4576 2
4576 4626 -2
4576 4577 2
4577 4627 -2
4577 4578 -2
4578 4628 2
4578 4579 2
4579 4629 -2
4579 4580 -2
4580 4630 -2
4580 4581 -2
4581 4631 2
4581 4582 2
4582 4632 2
4582 4583 -2
4583 4633 -2
4583 4584 2
4584 4634 -2
4584 4585 2
4585 4635 -2
4585 4586 2
4586 4636 -2
4586 4587 2
4587 4637 2
4587 4588 2
4588 4638 2
4588 4589 2
4589 4639 2
4589 4590 -2
4590 4640 -2
4590 4591 2
4591 4641 -2
4591 4592 2
4592 4642 2
4592 4593 -2
4593 4643 -2
4593 4594 2
4594 4644 -2
4594 4595 -2
4595 4645 2
4595 4596 2
4596 4646 -2
4596 4597 2
4597 4647 2
4597 4598 -2
4598 4648 2
4598 4599 -2
4599 4649 2
4600 4650 2
4600 4649 2
4600 4601 2
4601 4651 -2
4601 4602 2
4602 4652 2
4602 4603 -2
4603 4653 2
4603 4604 2
4604 4654 2
4604 4605 2
4605 4655 2
4605 4606 2
4606 4656 -2
4606 4607 2
4607 4657 2
4607 4608 -2
4608 4658 -2
4608 4609 2
4609 4659 2
4609 4610 2
4610 4660 2
4610 4611 -2
4611 4661 -2
4611 4612 -2
4612 4662 2
4612 4613 -2
4613 4663 -2
4613 4614 -2
4614 4664 2
4614 4615 -2
4615 4665 -2
4615 4616 2
4616 4666 -2
4616 4617 2
4617 4667 2
4617 4618 -2
4618 4668 2
4618 4619 2
4619 4669 2
4619 4620 -2
4620 4670 -2
4620 4621 -2
4621 4671 -2
4621 4622 2
4622 4672 2
4622 4623 -2
4623 4673 -2
4623 4624 2
4624 4674 2
4624 4625 2
4625 4675 2
4625 4626 -2
4626 4676 2
4626 4627 -2
4627 4677 2
4627 4628 2
4628 4678 -2
4628 4629 -2
4629 4679 -2
4629 4630 -2
4630 4680 2
4630 4631 -2
4631 4681 2
4631 4632 -2
4632 4682 -2
4632 4633 2
4633 4683 -2
4633 4634 2
4634 4684 2
4634 4635 2
4635 4685 2
4635 4636 2
4636 4686 -2
4636 4637 -2
4637 4687 2
4637 4638 2
4638 4688 2
4638 4639 2
4639 4689 -2
4639 4640 -2
4640 4690 2
4640 4641 -2
4641 4691 2
4641 4642 2
4642 4692 2
4642 4643 2
4643 4693 -2
4643 4644 2
4644 4694 2
4644 4645 -2
4645 4695 2
4645 4646 2
4646 4696 -2
4646 4647 -2
4647 4697 2
4647 4648 2
4648 4698 2
4648 4649 2
4649 4699 -2
4650 4700 -2
4650 4699 -2
4650 4651 -2
4651 4701 2
4651 4652 2
4652 4702 -2
4652 4653 2
4653 4703 -2
4653 4654 -2
4654 4704 2
4654 4655 -2
4655 4705 -2
4655 4656 -2
4656 4706 2
4656 4657 2
4657 4707 -2
4657 4658 -2
4658 4708 -2
4658 4659 -2
4659 4709 2
4659 4660 2
4660 4710 2
4660 4661 2
4661 4711 2
4661 4662 2
4662 4712 -2
4662 4663 -2
4663 4713 -2
4663 4664 -2
4664 4714 2
4664 4665 -2
4665 4715 -2
4665 4666 2
4666 4716 2
4666 4667 2
4667 4717 2
4667 4668 -2
4668 4718 2
4668 4669 2
4669 4719 -2
4669 4670 2
4670 4720 -2
4670 4671 2
4671 4721 2
4671 4672 2
4672 4722 -2
4672 4673 2
4673 4723 -2
4673 4674 -2
4674 4724 2
4674 4675 2
4675 4725 2
4675 4676 -2
4676 4726 2
4676 4677 2
4677 4727 2
4677 4678 2
4678 4728 -2
4678 4679 2
4679 4729 -2
4679 4680 2
4680 4730 2
4680 4681 -2
4681 4731 2
4681 4682 -2
4682 4732 -2
4682 4683 -2
4683 4733 -2
4683 4684 2
4684 4734 -2
4684 4685 -2
4685 4735 -2
4685 4686 -2
4686 4736 2
4686 4687 -2
4687 4737 2
4687 4688 -2
4688 4738 -2
4688 4689 2
4689 4739 2
4689 4690 2
4690 4740 -2
4690 4691 -2
4691 4741 2
4691 4692 2
4692 4742 -2
4692 4693 -2
4693 4743 2
4693 4694 2
4694 4744 -2
4694 4695 -2
4695 4745 -2
4695 4696 -2
4696 4746 2
4696 4697 -2
4697 4747 -2
4697 4698 -2
4698 4748 2
4698 4699 2
4699 4749 -2
4700 4750 2
4700 4749 2
4700 4701 -2
4701 4751 -2
4701 4702 2
4702 4752 -2
4702 4703 -2
4703 4753 2
4703 4704 -2
4704 4754 -2
4704 4705 -2
4705 4755 -2
4705 4706 -2
4706 4756 -2
4706 4707 -2
4707 4757 -2
4707 4708 -2
4708 4758 2
4708 4709 2
4709 4759 2
4709 4710 2
4710 4760 -2
4710 4711 2
4711 4761 -2
4711 4712 2
4712 4762 2
4712 4713 -2
4713 4763 -2
4713 4714 -2
4714 4764 2
4714 4715 -2
4715 4765 2
4715 4716 2
4716 4766 2
4716 4717 2
4717 4767 2
4717 4718 -2
4718 4768 2
4718 4719 -2
4719 4769 2
4719 4720 2
4720 4770 2
4720 4721 -2
4721 4771 2
4721 4722 2
4722 4772 -2
4722 4723 2
4723 4773 2
4723 4724 2
4724 4774 2
4724 4725 -2
4725 4775 -2
4725 4726 2
4726 4776 2
4726 4727 2
4727 4777 2
4727 4728 2
4728 4778 -2
4728 4729 -2
4729 4779 -2
4729 4730 -2
4730 4780 2
4730 4731 2
4731 4781 -2
4731 4732 2
4732 4782 2
4732 4733 2
4733 4783 2
4733 4734 -2
4734 4784 -2
4734 4735 -2
4735 4785 2
4735 4736 -2
4736 4786 2
4736 4737 -2
4737 4787 -2
4737 4738 -2
4738 4788 -2
4738 4739 2
4739 4789 2
4739 4740 2
4740 4790 2
4740 4741 2
4741 4791 2
4741 4742 2
4742 4792 2
4742 4743 2
4743 4793 2
4743 4744 2
4744 4794 2
4744 4745 2
4745 4795 2
4745 4746 -2
4746 4796 -2
4746 4747 -2
4747 4797 2
4747 4748 2
4748 4798 -2
4748 4749 2
4749 4799 2
4750 4800 -2
4750 4799 2
4750 4751 2
4751 4801 -2
4751 4752 -2
4752 4802 2
4752 4753 2
4753 4803 2
4753 4754 -2
4754 4804 2
4754 4755 -2
4755 4805 -2
4755 4756 -2
4756 4806 -2
4756 4757 -2
4757 4807 2
4757 4758 2
4758 4808 -2
4758 4759 2
4759 4809 2
4759 4760 2
4760 4810 2
4760 4761 -2
4761 4811 -2
4761 4762 2
4762 4812 -2
4762 4763 2
4763 4813 -2
4763 4764 -2
4764 4814 -2
4764 4765 2
4765 4815 -2
4765 4766 2
4766 4816 2
4766 4767 2
4767 4817 -2
4767 4768 -2
4768 4818 -2
4768 4769 -2
4769 4819 2
4769 4770 2
4770 4820 -2
4770 4771 -2
4771 4821 -2
4771 4772 -2
4772 4822 -2
4772 4773 2
4773 4823 -2
4773 4774 2
4774 4824 -2
4774 4775 -2
4775 4825 -2
4775 4776 2
4776 4826 -2
4776 4777 2
4777 4827 -2
4777 4778 2
4778 4828 -2
4778 4779 -2
4779 4829 2
4779 4780 2
4780 4830 2
4780 4781 2
4781 4831 -2
4781 4782 -2
4782 4832 2
4782 4783 2
4783 4833 2
4783 4784 2
4784 4834 2
4784 4785 -2
4785 4835 -2
4785 4786 2
4786 4836 -2
4786 4787 -2
4787 4837 -2
4787 4788 -2
4788 4838 -2
4788 4789 2
4789 4839 2
4789 4790 -2
4790 4840 -2
4790 4791 2
4791 4841 -2
4791 4792 -2
4792 4842 -2
4792 4793 2
4793 4843 -2
4793 4794 -2
4794 4844 2
4794 4795 2
4795 4845 2
4795 4796 -2
4796 4846 2
4796 4797 -2
4797 4847 -2
4797 4798 -2
4798 4848 2
4798 4799 2
4799 4849 2
4800 4850 2
4800 4849 -2
4800 4801 2
4801 4851 -2
4801 4802 -2
4802 4852 2
4802 4803 2
4803 4853 -2
4803 4804 -2
4804 4854 2
4804 4805 2
4805 4855 2
4805 4806 2
4806 4856 -2
4806 4807 2
4807 4857 2
4807 4808 -2
4808 4858 2
4808 4809 2
4809 4859 2
4809 4810 -2
4810 4860 2
4810 4811 2
4811 4861 2
4811 4812 2
4812 4862 2
4812 4813 2
4813 4863 2
4813 4814 -2
4814 4864 2
4814 4815 -2
4815 4865 2
4815 4816 2
4816 4866 2
4816 4817 -2
4817 4867 2
4817 4818 2
4818 4868 -2
4818 4819 -2
4819 4869 -2
4819 4820 -2
4820 4870 2
4820 4821 2
4821 4871 2
4821 4822 -2
4822 4872 -2
4822 4823 -2
4823 4873 -2
4823 4824 2
4824 4874 2
4824 4825 2
4825 4875 2
4825 4826 2
4826 4876 2
4826 4827 -2
4827 4877 2
4827 4828 2
4828 4878 -2
4828 4829 2
4829 4879 2
4829 4830 2
4830 4880 2
4830 4831 -2
4831 4881 -2
4831 4832 -2
4832 4882 -2
4832 4833 2
4833 4883 2
4833 4834 2
4834 4884 2
4834 4835 2
4835 4885 -2
4835 4836 -2
4836 4886 2
4836 4837 2
4837 4887 2
4837 4838 -2
4838 4888 -2
4838 4839 2
4839 4889 -2
4839 4840 2
4840 4890 2
4840 4841 2
4841 4891 2
4841 4842 -2
4842 4892 2
4842 4843 2
4843 4893 -2
4843 4844 2
4844 4894 2
4844 4845 -2
4845 4895 2
4845 4846 2
4846 4896 2
4846 4847 2
4847 4897 2
4847 4848 2
4848 4898 2
4848 4849 2
4849 4899 2
4850 4900 2
4850 4899 2
4850 4851 -2
4851 4901 -2
4851 4852 2
4852 4902 2
4852 4853 -2
4853 4903 2
4853 4854 2
4854 4904 2
4854 4855 -2
4855 4905 2
4855 4856 -2
4856 4906 2
4856 4857 2
4857 4907 -2
4857 4858 2
4858 4908 2
4858 4859 2
4859 4909 2
4859 4860 -2
4860 4910 -2
4860 4861 -2
4861 4911 2
4861 4862 2
4862 4912 2
4862 4863 -2
4863 4913 2
4863 4864 -2
4864 4914 -2
4864 4865 2
4865 4915 -2
4865 4866 -2
4866 4916 2
4866 4867 2
4867 4917 -2
4867 4868 -2
4868 4918 -2
4868 4869 -2
4869 4919 -2
4869 4870 2
4870 4920 -2
4870 4871 -2
4871 4921 -2
4871 4872 -2
4872 4922 -2
4872 4873 2
4873 4923 2
4873 4874 2
4874 4924 -2
4874 4875 2
4875 4925 -2
4875 4876 2
4876 4926 -2
4876 4877 2
4877 4927 2
4877 4878 2
4878 4928 2
4878 4879 -2
4879 4929 -2
4879 4880 -2
4880 4930 -2
4880 4881 -2
4881 4931 -2
4881 4882 -2
4882 4932 2
4882 4883 -2
4883 4933 2
4883 4884 2
4884 4934 -2
4884 4885 -2
4885 4935 -2
4885 4886 -2
4886 4936 2
4886 4887 -2
4887 4937 2
4887 4888 -2
4888 4938 2
4888 4889 -2
4889 4939 -2
4889 4890 -2
4890 4940 2
4890 4891 -2
4891 4941 2
4891 4892 2
4892 4942 -2
4892 4893 2
4893 4943 2
4893 4894 2
4894 4944 2
4894 4895 2
4895 4945 2
4895 4896 -2
4896 4946 2
4896 4897 -2
4897 4947 2
4897 4898 -2
4898 4948 2
4898 4899 -2
4899 4949 2
4900 4950 2
4900 4949 2
4900 4901 -2
4901 4951 2
4901 4902 2
4902 4952 2
4902 4903 2
4903 4953 2
4903 4904 -2
4904 4954 -2
4904 4905 -2
4905 4955 2
4905 4906 2
4906 4956 -2
4906 4907 -2
4907 4957 2
4907 4908 2
4908 4958 -2
4908 4909 -2
4909 4959 -2
4909 4910 -2
4910 4960 2
4910 4911 -2
4911 4961 2
4911 4912 2
4912 4962 -2
4912 4913 2
4913 4963 -2
4913 4914 2
4914 4964 -2
4914 4915 2
4915 4965 -2
4915 4916 -2
4916 4966 2
4916 4917 2
4917 4967 -2
4917 4918 -2
4918 4968 -2
4918 4919 -2
4919 4969 2
4919 4920 2
4920 4970 -2
4920 4921 -2
4921 4971 -2
4921 4922 2
4922 4972 2
4922 4923 2
4923 4973 -2
4923 4924 2
4924 4974 2
4924 4925 -2
4925 4975 2
4925 4926 2
4926 4976 -2
4926 4927 2
4927 4977 2
4927 4928 2
4928 4978 -2
4928 4929 2
4929 4979 2
4929 4930 2
4930 4980 2
4930 4931 -2
4931 4981 2
4931 4932 2
4932 4982 -2
4932 4933 -2
4933 4983 -2
4933 4934 2
4934 4984 2
4934 4935 -2
4935 4985 -2
4935 4936 -2
4936 4986 2
4936 4937 2
4937 4987 2
4937 4938 -2
4938 4988 -2
4938 4939 -2
4939 4989 -2
4939 4940 -2
4940 4990 -2
4940 4941 -2
4941 4991 -2
4941 4942 -2
4942 4992 -2
4942 4943 2
4943 4993 2
4943 4944 2
4944 4994 -2
4944 4945 2
4945 4995 2
4945 4946 2
4946 4996 2
4946 4947 2
4947 4997 2
4947 4948 -2
4948 4998 2
4948 4949 2
4949 4999 2
4950 4999 2
4950 4951 -2
4951 4952 2
4952 4953 2
4953 4954 2
4954 4955 -2
4955 4956 -2
4956 4957 2
4957 4958 -2
4958 4959 -2
4959 4960 -2
4960 4961 -2
4961 4962 -2
4962 4963 -2
4963 4964 -2
4964 4965 2
4965 4966 -2
4966 4967 -2
4967 4968 2
4968 4969 -2
4969 4970 2
4970 4971 -2
4971 4972 -2
4972 4973 2
4973 4974 -2
4974 4975 -2
4975 4976 -2
4976 4977 -2
4977 4978 -2
4978 4979 -2
4979 4980 2
4980 4981 -2
4981 4982 -2
4982 4983 2
4983 4984 2
4984 4985 2
4985 4986 -2
4986 4987 2
4987 4988 2
4988 4989 -2
4989 4990 2
4990 4991 -2
4991 4992 -2
4992 4993 2
4993 4994 2
4994 4995 -2
4995 4996 -2
4996 4997 -2
4997 4998 2
4998 4999 -2
0 0 2
1 1 2
2 2 -2
7 7 2
9 9 2
10 10 2
11 11 4
15 15 2
16 16 2
17 17 4
18 18 2
19 19 -4
20 20 -2
21 21 -4
23 23 -2
24 24 -4
27 27 -2
28 28 2
29 29 2
30 30 -2
31 31 -2
33 33 2
34 34 4
35 35 2
36 36 2
37 37 -2
38 38 -2
40 40 -2
42 42 -2
43 43 -4
46 46 4
48 48 -2
50 50 4
51 51 4
53 53 2
54 54 -2
55 55 2
57 57 4
61 61 2
62 62 2
63 63 2
64 64 2
67 67 2
72 72 4
73 73 2
74 74 -2
75 75 -2
77 77 4
80 80 2
81 81 2
82 82 2
83 83 -2
84 84 2
85 85 -2
86 86 -2
87 87 2
91 91 2
92 92 2
95 95 -4
97 97 -2
98 98 -2
99 99 -2
100 100 2
101 101 -2
102 102 -4
104 104 2
106 106 -2
107 107 2
109 109 2
110 110 2
111 111 2
112 112 -2
113 113 -2
115 115 2
118 118 -2
120 120 -2
121 121 -2
123 123 -2
124 124 2
125 125 2
126 126 -2
129 129 2
131 131 -2
132 132 -2
134 134 4
135 135 2
136 136 -2
137 137 2
139 139 -2
140 140 -4
141 141 -2
143 143 4
144 144 4
147 147 -2
150 150 2
152 152 2
153 153 2
154 154 4
157 157 2
159 159 2
160 160 -2
161 161 -2
162 162 -2
163 163 -2
164 164 2
165 165 2
170 170 -2
172 172 2
173 173 2
175 175 -2
176 176 -2
179 179 2
182 182 -4
183 183 2
184 184 4
186 186 -2
187 187 2
188 188 -2
189 189 -2
191 191 4
193 193 2
194 194 2
195 195 2
197 197 2
200 200 -2
201 201 -2
202 202 -2
203 203 2
205 205 -2
206 206 -2
207 207 -4
208 208 -2
210 210 -2
212 212 -2
214 214 4
215 215 -2
216 216 -2
217 217 -2
218 218 -2
219 219 -2
222 222 4
224 224 -2
225 225 -2
226 226 -2
227 227 2
228 228 4
229 229 4
230 230 -2
231 231 2
232 232 2
233 233 2
234 234 4
236 236 -2
237 237 2
238 238 -2
239 239 -2
242 242 -2
244 244 -2
245 245 2
247 247 -2
250 250 2
251 251 2
254 254 -4
255 255 -2
258 258 4
260 260 -2
262 262 -2
264 264 -2
265 265 -2
268 268 -2
269 269 -2
271 271 -2
274 274 -2
275 275 -2
278 278 -2
279 279 2
281 281 -2
285 285 2
287 287 -2
288 288 2
289 289 4
292 292 2
293 293 4
294 294 2
295 295 2
296 296 -2
297 297 2
298 298 4
300 300 -2
301 301 -2
304 304 2
305 305 2
306 306 -2
307 307 -4
309 309 2
311 311 -4
312 312 -2
315 315 2
316 316 2
317 317 2
318 318 -2
319 319 -4
320 320 -2
321 321 -4
324 324 -2
325 325 -2
327 327 4
330 330 -2
331 331 -2
332 332 -2
334 334 -2
335 335 2
337 337 -2
341 341 4
342 342 2
346 346 -2
348 348 2
350 350 -2
352 352 -2
355 355 2
357 357 -2
359 359 2
363 363 2
364 364 2
365 365 -2
366 366 -2
367 367 -2
368 368 -2
370 370 2
371 371 -2
372 372 2
375 375 -2
377 377 2
380 380 -2
381 381 2
382 382 -2
384 384 -4
385 385 2
386 386 2
387 387 2
389 389 -2
390 390 2
391 391 4
392 392 2
394 394 -2
395 395 -2
396 396 -2
397 397 -4
398 398 -2
399 399 -2
400 400 -4
402 402 2
403 403 4
405 405 2
406 406 2
407 407 -2
408 408 -2
409 409 -2
410 410 -2
413 413 2
414 414 -2
418 418 4
419 419 2
420 420 4
422 422 -2
423 423 -4
424 424 -4
429 429 2
430 430 4
432 432 -2
433 433 2
435 435 2
436 436 4
438 438 -2
441 441 2
445 445 -2
447 447 2
449 449 -2
450 450 -4
451 451 -2
454 454 2
455 455 4
456 456 4
457 457 -2
460 460 4
461 461 2
462 462 2
463 463 4
464 464 -2
465 465 2
468 468 2
474 474 -2
476 476 -2
477 477 -2
478 478 -2
480 480 2
482 482 2
483 483 4
484 484 2
485 485 2
487 487 -2
488 488 -4
490 490 2
491 491 4
492 492 -2
494 494 2
495 495 2
496 496 4
497 497 4
502 502 2
504 504 -2
505 505 2
506 506 2
507 507 2
508 508 2
511 511 2
512 512 -2
513 513 -2
515 515 2
517 517 -2
518 518 -2
519 519 2
520 520 2
525 525 2
529 529 2
530 530 2
531 531 -2
532 532 -2
536 536 2
537 537 4
538 538 2
540 540 -2
543 543 2
544 544 -2
545 545 2
546 546 2
547 547 -2
548 548 -2
549 549 -2
550 550 2
552 552 -2
553 553 2
555 555 2
556 556 -2
557 557 2
559 559 -2
562 562 -4
563 563 -4
566 566 -2
567 567 -4
568 568 -2
569 569 2
570 570 2
571 571 -2
572 572 -2
573 573 2
574 574 2
576 576 -2
577 577 -2
578 578 -2
580 580 -2
581 581 -2
582 582 2
583 583 2
584 584 4
585 585 -2
588 588 2
590 590 -2
591 591 2
593 593 -2
595 595 2
597 597 -2
598 598 -2
600 600 2
604 604 -2
605 605 2
607 607 4
608 608 4
609 609 4
610 610 2
613 613 2
616 616 2
619 619 -2
620 620 -4
622 622 -2
623 623 2
625 625 -2
627 627 2
629 629 -2
630 630 -4
631 631 -2
632 632 4
633 633 2
634 634 4
635 635 -2
637 637 -2
638 638 2
639 639 4
640 640 -2
641 641 2
643 643 -2
644 644 2
645 645 2
646 646 2
647 647 -2
648 648 -2
649 649 2
652 652 -2
654 654 2
656 656 -2
659 659 2
662 662 -2
664 664 2
665 665 2
666 666 -2
667 667 -4
669 669 -2
672 672 -2
675 675 -2
676 676 -2
678 678 -4
679 679 -2
680 680 -2
682 682 2
683 683 -2
684 684 -2
685 685 -4
688 688 2
689 689 2
691 691 2
692 692 -2
695 695 -4
697 697 -2
698 698 2
699 699 2
700 700 -4
701 701 2
702 702 2
706 706 2
708 708 -4
709 709 -2
710 710 -2
712 712 2
713 713 2
714 714 2
715 715 2
716 716 -2
717 717 -2
719 719 2
721 721 -2
722 722 -2
723 723 -2
724 724 2
727 727 -2
728 728 -2
729 729 2
731 731 2
732 732 -2
733 733 -2
734 734 -2
735 735 -2
738 738 2
739 739 2
740 740 2
741 741 4
742 742 -2
745 745 -4
748 748 2
750 750 -2
752 752 4
755 755 -2
756 756 -2
757 757 2
758 758 2
759 759 2
760 760 2
761 761 2
762 762 2
763 763 2
764 764 4
765 765 4
766 766 -2
767 767 2
769 769 -2
772 772 -2
773 773 -2
774 774 4
775 775 4
776 776 2
777 777 -2
778 778 -2
779 779 4
781 781 2
782 782 -2
783 783 -2
784 784 2
785 785 4
791 791 2
792 792 -2
794 794 2
795 795 2
796 796 4
797 797 4
798 798 2
799 799 2
800 800 -2
804 804 -2
805 805 -2
807 807 2
808 808 2
809 809 2
810 810 -2
811 811 -2
815 815 4
816 816 2
817 817 2
818 818 2
821 821 -2
822 822 4
824 824 2
825 825 2
827 827 2
828 828 2
829 829 2
831 831 2
832 832 2
833 833 2
835 835 -2
837 837 -2
840 840 2
841 841 2
842 842 -2
844 844 4
846 846 2
848 848 -2
850 850 -2
852 852 -2
853 853 2
854 854 4
855 855 2
856 856 -4
857 857 -2
858 858 2
860 860 -4
861 861 -4
865 865 2
866 866 4
868 868 -2
873 873 -4
876 876 -2
877 877 2
878 878 2
879 879 -4
881 881 4
882 882 2
884 884 2
887 887 -2
889 889 2
890 890 2
892 892 2
894 894 4
895 895 2
897 897 -2
898 898 -4
899 899 -4
900 900 2
901 901 -2
902 902 -4
903 903 -2
906 906 2
907 907 -2
909 909 2
910 910 -2
912 912 2
915 915 -2
918 918 -2
921 921 2
924 924 4
926 926 2
927 927 4
928 928 2
930 930 -2
931 931 2
933 933 -2
934 934 2
939 939 2
940 940 -4
941 941 -2
942 942 2
943 943 -2
944 944 2
945 945 2
946 946 2
947 947 2
949 949 -2
950 950 2
952 952 -4
954 954 2
956 956 2
957 957 -2
958 958 -2
959 959 -4
962 962 -2
964 964 -4
966 966 2
972 972 -2
973 973 -4
974 974 2
975 975 -2
977 977 2
978 978 2
980 980 -2
983 983 -2
984 984 -4
985 985 -4
986 986 -2
987 987 -4
989 989 -2
991 991 -2
992 992 -2
993 993 -2
995 995 2
996 996 2
998 998 2
999 999 -2
1001 1001 2
1002 1002 -2
1003 1003 2
1004 1004 2
1006 1006 2
1008 1008 -2
1010 1010 4
1012 1012 -2
1013 1013 2
1016 1016 2
1019 1019 -2
1020 1020 -4
1023 1023 -2
1024 1024 2
1026 1026 -2
1027 1027 -4
1029 1029 4
1030 1030 4
1031 1031 2
1032 1032 4
1034 1034 -2
1036 1036 4
1037 1037 -2
1038 1038 2
1039 1039 2
1041 1041 -2
1042 1042 -2
1043 1043 2
1044 1044 -2
1046 1046 2
1047 1047 4
1048 1048 2
1049 1049 -4
1050 1050 -4
1051 1051 -2
1052 1052 -4
1053 1053 -2
1056 1056 -2
1058 1058 -2
1059 1059 -2
1061 1061 2
1062 1062 2
1063 1063 -2
1064 1064 -4
1065 1065 -2
1067 1067 -2
1068 1068 -4
1069 1069 -2
1070 1070 -2
1071 1071 -4
1072 1072 -4
1073 1073 2
1074 1074 2
1078 1078 -2
1081 1081 2
1082 1082 2
1084 1084 -2
1086 1086 2
1087 1087 -2
1090 1090 -2
1094 1094 -4
1096 1096 4
1099 1099 -2
1100 1100 2
1101 1101 2
1102 1102 -2
1103 1103 -2
1104 1104 2
1106 1106 -2
1108 1108 -2
1109 1109 -2
1110 1110 -4
1111 1111 -2
1112 1112 2
1114 1114 -2
1115 1115 2
1116 1116 2
1120 1120 -2
1121 1121 -2
1122 1122 -2
1124 1124 -2
1126 1126 -2
1127 1127 -2
1128 1128 -2
1129 1129 2
1131 1131 -2
1132 1132 -4
1134 1134 -2
1135 1135 -2
1136 1136 -2
1138 1138 4
1140 1140 -2
1141 1141 -2
1143 1143 2
1144 1144 -4
1146 1146 -2
1147 1147 -2
1149 1149 2
1151 1151 -2
1152 1152 -2
1153 1153 -2
1154 1154 2
1156 1156 -4
1161 1161 -2
1162 1162 2
1163 1163 2
1164 1164 -2
1165 1165 2
1167 1167 -4
1169 1169 -2
1170 1170 2
1172 1172 -2
1174 1174 -2
1175 1175 2
1176 1176 -2
1178 1178 -2
1180 1180 -2
1185 1185 2
1186 1186 -2
1188 1188 4
1189 1189 2
1190 1190 2
1191 1191 2
1192 1192 -2
1193 1193 2
1194 1194 2
1195 1195 4
1198 1198 -2
1199 1199 -2
1200 1200 -2
1201 1201 -4
1202 1202 2
1203 1203 2
1205 1205 -2
1206 1206 -4
1207 1207 -2
1213 1213 2
1216 1216 -4
1217 1217 -4
1218 1218 -2
1219 1219 -2
1221 1221 -2
1222 1222 -2
1223 1223 -2
1225 1225 4
1227 1227 -2
1228 1228 -4
1230 1230 -2
1231 1231 4
1233 1233 -4
1234 1234 -2
1236 1236 2
1237 1237 -2
1238 1238 2
1241 1241 2
1244 1244 4
1245 1245 2
1246 1246 2
1247 1247 2
1248 1248 -2
1249 1249 -4
1252 1252 2
1254 1254 2
1255 1255 2
1256 1256 -4
1257 1257 -2
1258 1258 -4
1260 1260 2
1261 1261 2
1262 1262 -2
1263 1263 2
1264 1264 -2
1265 1265 -2
1266 1266 -4
1267 1267 -2
1268 1268 -2
1269 1269 2
1270 1270 4
1272 1272 -2
1273 1273 -2
1274 1274 -2
1279 1279 2
1280 1280 -4
1281 1281 2
1282 1282 -2
1283 1283 -2
1286 1286 2
1288 1288 2
1290 1290 2
1291 1291 4
1292 1292 2
1294 1294 2
1296 1296 2
1298 1298 2
1300 1300 -2
1301 1301 2
1302 1302 -2
1304 1304 2
1307 1307 -2
1308 1308 -4
1309 1309 -2
1310 1310 4
1311 1311 4
1313 1313 2
1314 1314 -2
1315 1315 -2
1316 1316 -2
1317 1317 -4
1318 1318 -2
1319 1319 2
1320 1320 2
1322 1322 2
1328 1328 2
1330 1330 -2
1332 1332 -2
1333 1333 -2
1334 1334 -2
1335 1335 -2
1336 1336 2
1337 1337 2
1340 1340 2
1341 1341 2
1343 1343 -2
1344 1344 -2
1345 1345 -2
1349 1349 -4
1350 1350 -2
1352 1352 2
1353 1353 4
1354 1354 2
1355 1355 -4
1356 1356 -2
1357 1357 -2
1361 1361 -2
1362 1362 2
1363 1363 2
1365 1365 -2
1366 1366 -2
1367 1367 -2
1369 1369 2
1370 1370 -2
1371 1371 -4
1374 1374 -2
1375 1375 -4
1378 1378 2
1381 1381 -2
1382 1382 4
1385 1385 -4
1389 1389 -2
1390 1390 -2
1391 1391 -2
1393 1393 -2
1394 1394 -2
1395 1395 -2
1397 1397 2
1398 1398 4
1399 1399 2
1402 1402 -2
1404 1404 2
1411 1411 -2
1412 1412 4
1416 1416 2
1417 1417 2
1418 1418 2
1419 1419 4
1424 1424 -4
1426 1426 2
1427 1427 2
1429 1429 -4
1430 1430 -2
1431 1431 -4
1432 1432 2
1433 1433 2
1434 1434 -2
1435 1435 -2
1436 1436 2
1442 1442 2
1444 1444 -2
1445 1445 2
1446 1446 2
1447 1447 -2
1452 1452 -2
1455 1455 -2
1457 1457 2
1458 1458 2
1459 1459 2
1460 1460 2
1461 1461 -2
1462 1462 -2
1463 1463 -2
1464 1464 -2
1465 1465 -2
1467 1467 2
1471 1471 2
1472 1472 2
1475 1475 -2
1476 1476 -2
1477 1477 -2
1478 1478 -2
1480 1480 -4
1481 1481 -4
1482 1482 2
1483 1483 4
1484 1484 -2
1485 1485 2
1488 1488 -2
1489 1489 -2
1492 1492 2
1493 1493 2
1494 1494 -2
1495 1495 -2
1496 1496 -2
1497 1497 -2
1498 1498 -2
1499 1499 -2
1501 1501 -2
1502 1502 -4
1503 1503 -2
1504 1504 -4
1505 1505 2
1506 1506 2
1508 1508 2
1510 1510 2
1511 1511 2
1512 1512 -2
1515 1515 -2
1517 1517 4
1518 1518 -2
1520 1520 4
1522 1522 2
1523 1523 -2
1524 1524 2
1525 1525 -2
1528 1528 -2
1529 1529 2
1532 1532 4
1533 1533 2
1534 1534 -2
1535 1535 4
1536 1536 -2
1537 1537 -2
1538 1538 -2
1540 1540 2
1541 1541 -2
1542 1542 2
1544 1544 -2
1545 1545 -2
1546 1546 -2
1547 1547 2
1548 1548 2
1550 1550 2
1551 1551 -2
1552 1552 -2
1558 1558 2
1559 1559 2
1560 1560 4
1561 1561 2
1563 1563 2
1566 1566 2
1567 1567 4
1568 1568 2
1570 1570 4
1573 1573 -4
1575 1575 -2
1576 1576 2
1577 1577 -4
1578 1578 -4
1580 1580 -2
1581 1581 2
1582 1582 2
1584 1584 2
1585 1585 4
1588 1588 -2
1589 1589 -4
1590 1590 2
1591 1591 -2
1594 1594 -2
1595 1595 -2
1597 1597 2
1598 1598 4
1599 1599 2
1601 1601 -2
1602 1602 2
1603 1603 2
1605 1605 2
1610 1610 4
1611 1611 2
1612 1612 -2
1613 1613 4
1614 1614 2
1615 1615 2
1616 1616 2
1618 1618 -2
1619 1619 -4
1623 1623 -2
1627 1627 -2
1628 1628 -2
1630 1630 -2
1631 1631 2
1632 1632 2
1633 1633 -2
1634 1634 2
1635 1635 2
1636 1636 4
1637 1637 2
1639 1639 -2
1642 1642 -2
1644 1644 -4
1647 1647 -2
1648 1648 -2
1651 1651 2
1652 1652 2
1653 1653 4
1654 1654 -2
1655 1655 2
1656 1656 2
1657 1657 2
1659 1659 -2
1660 1660 2
1661 1661 2
1662 1662 2
1663 1663 2
1664 1664 2
1665 1665 2
1667 1667 -2
1668 1668 2
1669 1669 2
1671 1671 -2
1673 1673 4
1674 1674 2
1675 1675 2
1676 1676 2
1677 1677 4
1678 1678 4
1679 1679 4
1680 1680 4
1682 1682 -2
1683 1683 -4
1686 1686 4
1689 1689 2
1691 1691 2
1693 1693 2
1695 1695 -2
1696 1696 2
1697 1697 2
1698 1698 -2
1699 1699 -2
1701 1701 4
1702 1702 -2
1705 1705 4
1706 1706 -2
1708 1708 4
1709 1709 2
1710 1710 4
1711 1711 2
1712 1712 2
1713 1713 -2
1714 1714 2
1715 1715 2
1716 1716 2
1717 1717 2
1718 1718 2
1719 1719 2
1721 1721 -4
1722 1722 -4
1723 1723 2
1726 1726 4
1727 1727 2
1728 1728 2
1729 1729 2
1731 1731 -2
1732 1732 2
1733 1733 -2
1734 1734 -2
1735 1735 -2
1736 1736 2
1737 1737 2
1740 1740 -2
1741 1741 4
1742 1742 2
1743 1743 -2
1745 1745 -2
1747 1747 -2
1751 1751 2
1752 1752 -2
1753 1753 2
1755 1755 2
1758 1758 -2
1760 1760 2
1761 1761 -4
1764 1764 4
1769 1769 2
1770 1770 2
1772 1772 2
1773 1773 4
1775 1775 -4
1776 1776 2
1779 1779 4
1780 1780 2
1783 1783 -4
1784 1784 -2
1785 1785 -2
1787 1787 2
1788 1788 2
1790 1790 -4
1792 1792 2
1794 1794 -4
1795 1795 -2
1797 1797 -2
1798 1798 -2
1799 1799 2
1800 1800 2
1801 1801 2
1802 1802 2
1803 1803 2
1804 1804 2
1806 1806 -2
1808 1808 -2
1810 1810 2
1811 1811 2
1814 1814 2
1816 1816 4
1817 1817 2
1818 1818 2
1820 1820 2
1823 1823 -2
1824 1824 -2
1825 1825 -2
1826 1826 2
1827 1827 -2
1828 1828 -2
1829 1829 -2
1830 1830 -4
1831 1831 -2
1832 1832 -2
1833 1833 2
1834 1834 2
1837 1837 -2
1839 1839 -2
1840 1840 -4
1841 1841 -2
1842 1842 2
1843 1843 2
1844 1844 -2
1845 1845 2
1847 1847 -2
1848 1848 -2
1850 1850 -2
1851 1851 -2
1852 1852 -2
1853 1853 -2
1854 1854 -2
1855 1855 -2
1857 1857 4
1860 1860 2
1861 1861 2
1862 1862 2
1863 1863 4
1864 1864 2
1866 1866 2
1867 1867 4
1868 1868 2
1869 1869 -2
1870 1870 -2
1871 1871 -2
1872 1872 4
1873 1873 2
1874 1874 2
1876 1876 -2
1878 1878 4
1885 1885 2
1887 1887 2
1888 1888 2
1889 1889 -2
1890 1890 -4
1891 1891 -2
1893 1893 2
1894 1894 -2
1896 1896 4
1897 1897 2
1898 1898 2
1899 1899 -4
1900 1900 -2
1901 1901 -2
1902 1902 -4
1903 1903 -2
1904 1904 -4
1905 1905 -4
1906 1906 -2
1908 1908 -2
1909 1909 -2
1910 1910 2
1915 1915 2
1917 1917 -2
1918 1918 2
1920 1920 -2
1921 1921 -2
1930 1930 2
1932 1932 2
1933 1933 -4
1934 1934 -2
1937 1937 2
1939 1939 -2
1940 1940 -4
1941 1941 -2
1942 1942 -2
1943 1943 -2
1944 1944 -2
1949 1949 -2
1950 1950 -4
1952 1952 -2
1953 1953 2
1954 1954 -2
1955 1955 -2
1957 1957 4
1958 1958 2
1964 1964 2
1967 1967 -4
1968 1968 2
1969 1969 4
1972 1972 4
1974 1974 2
1976 1976 2
1977 1977 4
1978 1978 4
1979 1979 4
1981 1981 -2
1984 1984 2
1986 1986 -2
1987 1987 -2
1988 1988 -4
1989 1989 -4
1992 1992 -2
1994 1994 -2
1995 1995 -2
1996 1996 2
1997 1997 2
1998 1998 2
1999 1999 -2
2006 2006 -2
2007 2007 2
2008 2008 2
2009 2009 2
2010 2010 2
2011 2011 2
2013 2013 -2
2015 2015 -2
2017 2017 2
2018 2018 2
2019 2019 -2
2025 2025 -2
2026 2026 2
2027 2027 2
2028 2028 2
2031 2031 -2
2032 2032 -2
2035 2035 -4
2036 2036 -2
2038 2038 2
2040 2040 2
2044 2044 2
2046 2046 2
2047 2047 -2
2048 2048 -2
2050 2050 4
2051 2051 2
2052 2052 -2
2053 2053 2
2056 2056 2
2057 2057 2
2058 2058 2
2061 2061 -2
2062 2062 2
2066 2066 -2
2068 2068 -2
2069 2069 -2
2070 2070 2
2071 2071 2
2072 2072 -2
2073 2073 -2
2074 2074 2
2075 2075 2
2077 2077 2
2078 2078 2
2079 2079 2
2080 2080 2
2081 2081 2
2084 2084 2
2086 2086 2
2088 2088 2
2091 2091 2
2093 2093 -2
2095 2095 -2
2096 2096 -4
2097 2097 -2
2099 2099 2
2100 2100 2
2102 2102 -4
2104 2104 -2
2105 2105 2
2106 2106 4
2107 2107 2
2108 2108 4
2109 2109 2
2110 2110 2
2113 2113 -2
2114 2114 -2
2115 2115 -2
2116 2116 -2
2119 2119 -2
2122 2122 -2
2123 2123 -2
2125 2125 -2
2126 2126 -4
2127 2127 2
2129 2129 2
2130 2130 -2
2131 2131 -2
2132 2132 -2
2133 2133 -2
2134 2134 -2
2138 2138 2
2139 2139 2
2140 2140 -2
2142 2142 2
2143 2143 2
2145 2145 -2
2146 2146 -4
2147 2147 -2
2148 2148 -2
2149 2149 -2
2150 2150 2
2152 2152 -2
2153 2153 -2
2154 2154 -2
2155 2155 -2
2156 2156 2
2157 2157 4
2158 2158 2
2159 2159 2
2161 2161 -2
2162 2162 -4
2163 2163 -2
2168 2168 2
2169 2169 -2
2171 2171 -2
2172 2172 2
2173 2173 2
2174 2174 -2
2175 2175 -2
2176 2176 -2
2177 2177 4
2179 2179 -2
2181 2181 -4
2182 2182 -2
2183 2183 2
2184 2184 -4
2186 2186 4
2188 2188 -2
2190 2190 2
2192 2192 -2
2193 2193 -2
2195 2195 -2
2196 2196 -4
2197 2197 -4
2198 2198 2
2199 2199 2
2200 2200 4
2201 2201 -2
2202 2202 -2
2203 2203 2
2204 2204 2
2205 2205 -4
2206 2206 -2
2208 2208 -2
2209 2209 2
2211 2211 -2
2212 2212 -4
2214 2214 4
2216 2216 -2
2217 2217 -4
2218 2218 2
2219 2219 2
2221 2221 -2
2224 2224 2
2225 2225 4
2227 2227 -2
2228 2228 -2
2229 2229 -2
2231 2231 -2
2232 2232 -2
2233 2233 -2
2235 2235 2
2236 2236 4
2238 2238 2
2239 2239 2
2240 2240 2
2242 2242 -2
2243 2243 2
2244 2244 4
2245 2245 2
2248 2248 2
2249 2249 4
2255 2255 2
2257 2257 2
2258 2258 2
2259 2259 2
2260 2260 2
2261 2261 2
2262 2262 -2
2267 2267 -4
2269 2269 2
2270 2270 -2
2271 2271 -4
2277 2277 -4
2281 2281 -4
2282 2282 -2
2283 2283 -2
2284 2284 2
2285 2285 2
2286 2286 2
2287 2287 2
2289 2289 2
2291 2291 2
2292 2292 -2
2293 2293 -4
2294 2294 2
2295 2295 2
2297 2297 -2
2298 2298 -2
2301 2301 2
2303 2303 2
2304 2304 -2
2306 2306 -4
2307 2307 -2
2310 2310 2
2311 2311 2
2312 2312 -2
2313 2313 -2
2314 2314 -2
2315 2315 2
2317 2317 -4
2318 2318 -2
2320 2320 -2
2321 2321 -4
2322 2322 -2
2323 2323 2
2324 2324 -2
2325 2325 -4
2326 2326 -2
2328 2328 2
2329 2329 -2
2331 2331 -4
2332 2332 -2
2335 2335 2
2336 2336 2
2337 2337 2
2339 2339 4
2341 2341 4
2342 2342 2
2343 2343 -2
2345 2345 2
2346 2346 4
2347 2347 2
2348 2348 4
2349 2349 2
2351 2351 2
2352 2352 2
2354 2354 -2
2355 2355 -2
2356 2356 -2
2357 2357 -2
2358 2358 -2
2360 2360 -2
2362 2362 2
2363 2363 4
2364 2364 -2
2365 2365 2
2366 2366 4
2368 2368 2
2369 2369 2
2370 2370 2
2371 2371 -4
2372 2372 -4
2374 2374 2
2375 2375 2
2376 2376 -2
2377 2377 -2
2378 2378 4
2379 2379 -2
2382 2382 -2
2384 2384 -2
2385 2385 -2
2386 2386 2
2387 2387 4
2388 2388 2
2389 2389 4
2390 2390 2
2391 2391 2
2393 2393 2
2394 2394 4
2396 2396 2
2397 2397 2
2398 2398 -2
2400 2400 -2
2401 2401 2
2402 2402 -2
2403 2403 -4
2407 2407 -4
2408 2408 -2
2409 2409 -2
2411 2411 2
2412 2412 2
2414 2414 -4
2416 2416 2
2417 2417 2
2418 2418 4
2420 2420 2
2422 2422 -2
2423 2423 -4
2425 2425 2
2427 2427 -2
2428 2428 -2
2429 2429 -4
2431 2431 -2
2432 2432 -4
2433 2433 -2
2434 2434 2
2437 2437 2
2439 2439 4
2441 2441 2
2442 2442 2
2445 2445 -4
2446 2446 -2
2447 2447 -2
2452 2452 -2
2454 2454 2
2455 2455 4
2456 2456 4
2457 2457 -2
2458 2458 2
2459 2459 2
2462 2462 2
2463 2463 2
2465 2465 2
2466 2466 -2
2467 2467 -2
2468 2468 -2
2471 2471 2
2472 2472 2
2475 2475 2
2476 2476 -2
2479 2479 -2
2482 2482 -2
2485 2485 -2
2486 2486 -2
2487 2487 -4
2489 2489 4
2490 2490 -2
2492 2492 -2
2493 2493 2
2494 2494 2
2498 2498 2
2500 2500 2
2501 2501 2
2502 2502 -2
2503 2503 2
2505 2505 -2
2507 2507 -2
2509 2509 -2
2510 2510 -2
2512 2512 -2
2514 2514 -2
2516 2516 -2
2517 2517 -4
2518 2518 -2
2520 2520 2
2521 2521 4
2522 2522 2
2524 2524 -2
2525 2525 2
2526 2526 2
2527 2527 4
2529 2529 -2
2530 2530 -2
2531 2531 2
2533 2533 -2
2536 2536 2
2537 2537 2
2538 2538 2
2543 2543 2
2545 2545 4
2548 2548 -2
2549 2549 -4
2550 2550 -2
2551 2551 2
2555 2555 -4
2556 2556 -2
2557 2557 -2
2558 2558 2
2559 2559 -2
2560 2560 -4
2561 2561 -2
2563 2563 -4
2565 2565 2
2568 2568 2
2571 2571 -2
2573 2573 2
2574 2574 2
2575 2575 2
2576 2576 4
2577 2577 2
2580 2580 -2
2581 2581 -2
2582 2582 2
2584 2584 2
2585 2585 2
2586 2586 -2
2587 2587 -2
2588 2588 -2
2590 2590 2
2591 2591 -2
2593 2593 -2
2595 2595 4
2596 2596 -2
2598 2598 -2
2602 2602 2
2603 2603 -2
2604 2604 -2
2605 2605 -2
2608 2608 -2
2609 2609 -4
2610 2610 -2
2611 2611 -2
2612 2612 2
2614 2614 4
2615 2615 4
2616 2616 2
2618 2618 2
2619 2619 2
2620 2620 2
2621 2621 2
2622 2622 2
2623 2623 2
2624 2624 2
2626 2626 -2
2627 2627 -2
2628 2628 2
2632 2632 -2
2633 2633 -2
2634 2634 2
2638 2638 -2
2639 2639 -4
2640 2640 -2
2641 2641 -2
2643 2643 -2
2644 2644 2
2645 2645 2
2646 2646 -2
2647 2647 -2
2648 2648 -2
2649 2649 2
2650 2650 2
2652 2652 -2
2653 2653 -4
2655 2655 -2
2656 2656 -4
2660 2660 2
2662 2662 4
2663 2663 4
2664 2664 2
2665 2665 2
2667 2667 -2
2669 2669 -2
2670 2670 -4
2671 2671 -2
2673 2673 2
2679 2679 -4
2680 2680 -2
2682 2682 -2
2686 2686 2
2687 2687 2
2688 2688 -2
2689 2689 -2
2690 2690 -4
2691 2691 -2
2693 2693 -2
2694 2694 -2
2696 2696 2
2697 2697 2
2700 2700 2
2701 2701 2
2702 2702 4
2703 2703 2
2704 2704 4
2705 2705 -2
2706 2706 -4
2707 2707 2
2709 2709 -4
2710 2710 2
2711 2711 2
2712 2712 4
2713 2713 2
2715 2715 2
2717 2717 2
2718 2718 2
2722 2722 4
2723 2723 4
2724 2724 2
2725 2725 2
2727 2727 -2
2730 2730 2
2732 2732 -2
2734 2734 -2
2735 2735 -2
2736 2736 -2
2737 2737 2
2738 2738 -2
2743 2743 -2
2744 2744 -4
2747 2747 2
2749 2749 -2
2750 2750 2
2752 2752 4
2753 2753 2
2754 2754 4
2755 2755 2
2758 2758 -4
2760 2760 2
2761 2761 -2
2762 2762 -2
2763 2763 -2
2766 2766 -4
2767 2767 -2
2769 2769 -2
2770 2770 2
2772 2772 2
2773 2773 2
2776 2776 2
2778 2778 2
2779 2779 -2
2780 2780 -2
2781 2781 -2
2782 2782 -2
2784 2784 2
2785 2785 2
2786 2786 -2
2787 2787 2
2788 2788 4
2789 2789 2
2790 2790 2
2791 2791 -4
2794 2794 -2
2801 2801 -2
2802 2802 -2
2803 2803 -2
2808 2808 2
2810 2810 -2
2811 2811 -2
2812 2812 -2
2813 2813 2
2814 2814 4
2816 2816 -4
2820 2820 -2
2821 2821 -2
2822 2822 2
2823 2823 -4
2824 2824 2
2827 2827 2
2828 2828 -2
2830 2830 2
2834 2834 -2
2835 2835 -4
2836 2836 -4
2839 2839 4
2840 2840 2
2843 2843 -2
2845 2845 2
2850 2850 2
2851 2851 -2
2852 2852 -2
2853 2853 2
2856 2856 2
2858 2858 2
2861 2861 -4
2863 2863 4
2864 2864 2
2865 2865 2
2866 2866 2
2867 2867 2
2868 2868 2
2871 2871 -2
2872 2872 4
2874 2874 2
2875 2875 -2
2876 2876 -4
2877 2877 -2
2879 2879 2
2880 2880 -2
2881 2881 -4
2882 2882 -4
2884 2884 2
2887 2887 4
2889 2889 4
2890 2890 2
2893 2893 4
2894 2894 4
2895 2895 4
2896 2896 2
2897 2897 -2
2898 2898 -4
2900 2900 -2
2901 2901 -4
2902 2902 -2
2904 2904 2
2905 2905 2
2907 2907 2
2909 2909 -4
2910 2910 2
2912 2912 -2
2915 2915 2
2916 2916 -2
2917 2917 -2
2918 2918 2
2919 2919 -2
2920 2920 2
2922 2922 2
2923 2923 -2
2926 2926 -2
2927 2927 2
2928 2928 2
2929 2929 -2
2931 2931 2
2932 2932 2
2933 2933 2
2934 2934 2
2936 2936 -2
2938 2938 2
2941 2941 2
2943 2943 2
2944 2944 2
2945 2945 -2
2946 2946 2
2947 2947 -2
2948 2948 -2
2949 2949 2
2950 2950 -2
2952 2952 2
2953 2953 -2
2955 2955 2
2958 2958 -2
2963 2963 -2
2964 2964 -2
2965 2965 4
2970 2970 2
2971 2971 2
2974 2974 2
2975 2975 2
2976 2976 -2
2977 2977 4
2978 2978 4
2979 2979 2
2980 2980 2
2982 2982 2
2987 2987 -2
2988 2988 2
2991 2991 2
2993 2993 2
2994 2994 4
2995 2995 2
2996 2996 4
2997 2997 -2
2998 2998 -2
2999 2999 2
3000 3000 -2
3003 3003 2
3004 3004 -2
3006 3006 -2
3008 3008 -2
3011 3011 -2
3012 3012 4
3016 3016 -4
3021 3021 4
3022 3022 2
3023 3023 2
3024 3024 2
3025 3025 2
3027 3027 2
3028 3028 2
3030 3030 2
3031 3031 -2
3034 3034 4
3038 3038 -4
3039 3039 -2
3041 3041 4
3042 3042 4
3043 3043 2
3044 3044 4
3045 3045 4
3046 3046 2
3048 3048 2
3049 3049 2
3052 3052 -2
3054 3054 -4
3056 3056 2
3057 3057 -2
3060 3060 4
3062 3062 -2
3063 3063 -2
3066 3066 -2
3070 3070 -2
3074 3074 -2
3076 3076 4
3077 3077 2
3078 3078 2
3080 3080 -2
3081 3081 -2
3084 3084 2
3085 3085 -2
3086 3086 -2
3087 3087 -2
3088 3088 -2
3092 3092 4
3093 3093 2
3097 3097 -2
3098 3098 2
3099 3099 2
3100 3100 -2
3101 3101 -4
3102 3102 -4
3103 3103 2
3104 3104 2
3106 3106 4
3107 3107 -2
3108 3108 -2
3109 3109 -2
3110 3110 2
3112 3112 2
3113 3113 4
3114 3114 4
3115 3115 2
3116 3116 2
3119 3119 2
3121 3121 2
3122 3122 4
3124 3124 -2
3125 3125 -2
3128 3128 2
3133 3133 -2
3134 3134 -4
3135 3135 -4
3136 3136 -2
3137 3137 -2
3138 3138 2
3139 3139 4
3140 3140 2
3142 3142 2
3146 3146 2
3147 3147 2
3148 3148 2
3149 3149 2
3150 3150 -4
3153 3153 2
3154 3154 4
3155 3155 2
3156 3156 2
3158 3158 2
3159 3159 2
3160 3160 4
3163 3163 2
3165 3165 -2
3167 3167 -4
3168 3168 -2
3169 3169 2
3170 3170 2
3173 3173 -2
3174 3174 2
3176 3176 -2
3177 3177 2
3178 3178 2
3179 3179 -4
3180 3180 -2
3181 3181 2
3182 3182 4
3183 3183 2
3184 3184 -2
3186 3186 -2
3187 3187 2
3188 3188 2
3189 3189 -2
3190 3190 -2
3191 3191 -2
3193 3193 -2
3195 3195 2
3196 3196 2
3197 3197 2
3199 3199 2
3200 3200 -2
3202 3202 2
3203 3203 2
3204 3204 2
3207 3207 2
3208 3208 4
3209 3209 2
3210 3210 -2
3212 3212 2
3213 3213 2
3215 3215 -2
3216 3216 4
3217 3217 -2
3219 3219 2
3221 3221 -4
3222 3222 -2
3223 3223 2
3225 3225 2
3226 3226 2
3227 3227 2
3229 3229 -2
3230 3230 2
3231 3231 4
3232 3232 2
3233 3233 4
3234 3234 -2
3236 3236 -2
3239 3239 -2
3240 3240 2
3242 3242 2
3244 3244 -4
3245 3245 -2
3248 3248 -2
3249 3249 2
3250 3250 2
3251 3251 -2
3252 3252 -2
3253 3253 2
3255 3255 -2
3256 3256 2
3257 3257 4
3258 3258 4
3259 3259 2
3260 3260 -2
3261 3261 -2
3262 3262 2
3263 3263 2
3264 3264 2
3267 3267 -4
3268 3268 -2
3270 3270 4
3271 3271 2
3273 3273 2
3274 3274 2
3277 3277 -2
3278 3278 -2
3279 3279 -2
3281 3281 2
3282 3282 -4
3283 3283 2
3285 3285 2
3286 3286 -2
3287 3287 4
3288 3288 4
3289 3289 -2
3290 3290 2
3292 3292 2
3293 3293 2
3297 3297 2
3298 3298 -2
3300 3300 2
3303 3303 2
3304 3304 -2
3306 3306 2
3307 3307 2
3309 3309 2
3311 3311 2
3312 3312 2
3313 3313 -4
3315 3315 -2
3318 3318 2
3319 3319 2
3320 3320 -2
3321 3321 -2
3326 3326 2
3327 3327 -4
3329 3329 -2
3331 3331 2
3333 3333 2
3335 3335 2
3336 3336 -2
3337 3337 -2
3341 3341 -2
3342 3342 2
3343 3343 2
3344 3344 2
3345 3345 2
3346 3346 -2
3347 3347 2
3348 3348 -2
3349 3349 -4
3350 3350 4
3351 3351 2
3354 3354 -4
3355 3355 -2
3357 3357 -2
3358 3358 -4
3359 3359 2
3360 3360 -2
3361 3361 2
3362 3362 4
3365 3365 -4
3368 3368 2
3370 3370 -2
3372 3372 -2
3374 3374 4
3377 3377 2
3378 3378 2
3379 3379 -2
3380 3380 2
3382 3382 -2
3384 3384 2
3385 3385 2
3387 3387 -2
3394 3394 4
3395 3395 4
3396 3396 2
3397 3397 2
3398 3398 -2
3400 3400 2
3402 3402 -2
3404 3404 2
3405 3405 2
3406 3406 2
3407 3407 4
3408 3408 -2
3411 3411 -2
3412 3412 2
3414 3414 -2
3415 3415 -4
3418 3418 2
3421 3421 4
3423 3423 -2
3425 3425 -2
3428 3428 -2
3429 3429 -2
3430 3430 -4
3431 3431 2
3432 3432 -2
3434 3434 2
3437 3437 2
3440 3440 4
3441 3441 2
3442 3442 2
3443 3443 2
3444 3444 4
3445 3445 2
3450 3450 2
3451 3451 -2
3452 3452 2
3453 3453 -2
3454 3454 -2
3455 3455 -2
3456 3456 -2
3457 3457 2
3459 3459 -4
3461 3461 -2
3462 3462 2
3463 3463 2
3465 3465 -2
3467 3467 2
3468 3468 2
3469 3469 4
3472 3472 -2
3474 3474 2
3476 3476 2
3478 3478 -2
3479 3479 4
3481 3481 4
3482 3482 -2
3485 3485 2
3488 3488 2
3491 3491 2
3492 3492 2
3493 3493 -2
3496 3496 4
3497 3497 4
3498 3498 4
3499 3499 2
3500 3500 2
3503 3503 -2
3504 3504 2
3505 3505 2
3506 3506 2
3508 3508 2
3510 3510 -2
3511 3511 -2
3512 3512 2
3513 3513 2
3515 3515 -4
3517 3517 -2
3518 3518 -2
3519 3519 2
3520 3520 2
3521 3521 2
3522 3522 -2
3524 3524 4
3525 3525 2
3527 3527 -2
3529 3529 2
3530 3530 -2
3531 3531 4
3533 3533 -2
3534 3534 -2
3535 3535 2
3536 3536 2
3539 3539 -2
3540 3540 2
3541 3541 2
3542 3542 2
3547 3547 2
3548 3548 4
3550 3550 2
3553 3553 -2
3554 3554 2
3555 3555 2
3556 3556 -2
3557 3557 -4
3559 3559 2
3563 3563 -2
3564 3564 2
3568 3568 -2
3570 3570 2
3571 3571 2
3572 3572 -2
3573 3573 -4
3575 3575 2
3576 3576 2
3581 3581 4
3582 3582 2
3583 3583 4
3586 3586 2
3587 3587 2
3588 3588 2
3589 3589 -2
3591 3591 2
3596 3596 -2
3597 3597 2
3598 3598 4
3599 3599 2
3600 3600 2
3601 3601 2
3602 3602 4
3603 3603 -2
3607 3607 2
3608 3608 2
3609 3609 2
3610 3610 2
3611 3611 -2
3612 3612 -4
3613 3613 -2
3614 3614 2
3617 3617 2
3618 3618 -4
3620 3620 2
3622 3622 -2
3623 3623 -2
3625 3625 2
3626 3626 2
3628 3628 -2
3629 3629 -2
3631 3631 2
3633 3633 -2
3634 3634 -2
3637 3637 2
3638 3638 2
3639 3639 2
3640 3640 2
3643 3643 -2
3645 3645 2
3646 3646 2
3648 3648 -2
3651 3651 -4
3652 3652 -2
3653 3653 -2
3656 3656 2
3657 3657 2
3658 3658 -2
3659 3659 -2
3660 3660 2
3661 3661 -2
3662 3662 -2
3663 3663 -2
3665 3665 -4
3666 3666 -2
3668 3668 -4
3670 3670 -2
3671 3671 -2
3672 3672 2
3674 3674 -2
3675 3675 -2
3676 3676 2
3677 3677 -4
3678 3678 -2
3679 3679 -2
3680 3680 -2
3681 3681 2
3682 3682 2
3684 3684 -2
3685 3685 -4
3686 3686 -4
3687 3687 -2
3688 3688 2
3689 3689 2
3690 3690 4
3691 3691 -2
3695 3695 -2
3697 3697 2
3698 3698 2
3702 3702 -2
3705 3705 2
3706 3706 2
3708 3708 2
3710 3710 -2
3712 3712 -2
3714 3714 4
3715 3715 2
3717 3717 -2
3719 3719 2
3720 3720 -2
3721 3721 -2
3722 3722 -2
3725 3725 2
3727 3727 -2
3728 3728 2
3730 3730 -2
3731 3731 -4
3733 3733 4
3734 3734 2
3735 3735 2
3737 3737 2
3738 3738 2
3741 3741 2
3742 3742 2
3743 3743 -2
3744 3744 -2
3745 3745 4
3748 3748 2
3749 3749 -4
3751 3751 2
3755 3755 2
3756 3756 2
3757 3757 -2
3758 3758 -2
3759 3759 2
3760 3760 -2
3763 3763 2
3764 3764 2
3765 3765 -2
3766 3766 -2
3768 3768 2
3771 3771 2
3773 3773 -2
3776 3776 -2
3777 3777 -2
3779 3779 -2
3780 3780 -2
3781 3781 -4
3782 3782 -4
3783 3783 -2
3785 3785 2
3786 3786 -2
3787 3787 -2
3788 3788 -2
3791 3791 2
3792 3792 2
3794 3794 -2
3795 3795 -2
3796 3796 -2
3797 3797 -2
3799 3799 -2
3800 3800 -2
3802 3802 2
3803 3803 2
3804 3804 2
3805 3805 4
3806 3806 2
3807 3807 2
3808 3808 -2
3810 3810 -4
3812 3812 2
3813 3813 2
3815 3815 -2
3816 3816 2
3817 3817 2
3819 3819 -4
3820 3820 2
3821 3821 2
3822 3822 4
3823 3823 4
3824 3824 2
3825 3825 -2
3826 3826 2
3830 3830 -2
3831 3831 -2
3832 3832 -2
3833 3833 -2
3836 3836 -4
3837 3837 -2
3838 3838 -4
3839 3839 -2
3840 3840 2
3841 3841 2
3842 3842 2
3843 3843 -4
3844 3844 -2
3845 3845 -4
3846 3846 -4
3848 3848 2
3849 3849 -4
3850 3850 4
3851 3851 -2
3852 3852 -2
3853 3853 2
3855 3855 2
3856 3856 -2
3858 3858 -2
3859 3859 2
3861 3861 -4
3863 3863 4
3864 3864 -2
3867 3867 -2
3870 3870 4
3873 3873 2
3874 3874 2
3875 3875 -2
3877 3877 -4
3879 3879 2
3880 3880 -2
3883 3883 2
3884 3884 -2
3885 3885 -2
3886 3886 -4
3888 3888 2
3889 3889 2
3890 3890 2
3892 3892 2
3894 3894 -2
3896 3896 2
3897 3897 2
3898 3898 2
3899 3899 -2
3901 3901 -4
3902 3902 -2
3903 3903 -4
3905 3905 4
3906 3906 4
3907 3907 2
3910 3910 2
3913 3913 2
3915 3915 2
3916 3916 2
3920 3920 2
3921 3921 2
3922 3922 2
3923 3923 -2
3925 3925 -2
3927 3927 -2
3928 3928 4
3929 3929 2
3930 3930 -2
3932 3932 2
3933 3933 2
3935 3935 -2
3936 3936 -2
3937 3937 -2
3938 3938 4
3939 3939 2
3940 3940 2
3941 3941 -2
3943 3943 2
3945 3945 -2
3946 3946 2
3948 3948 4
3950 3950 2
3952 3952 4
3956 3956 2
3960 3960 2
3962 3962 2
3964 3964 2
3965 3965 2
3966 3966 2
3967 3967 -2
3968 3968 -4
3972 3972 2
3974 3974 2
3975 3975 -2
3976 3976 -4
3978 3978 2
3982 3982 2
3983 3983 4
3984 3984 4
3985 3985 2
3986 3986 4
3988 3988 -2
3989 3989 -2
3990 3990 -2
3992 3992 2
3993 3993 2
3994 3994 2
3995 3995 4
3997 3997 -2
4000 4000 2
4001 4001 -2
4003 4003 2
4004 4004 2
4005 4005 2
4006 4006 2
4007 4007 -4
4009 4009 2
4011 4011 -2
4012 4012 2
4013 4013 -2
4014 4014 2
4015 4015 2
4016 4016 2
4017 4017 -2
4018 4018 -2
4019 4019 -2
4020 4020 -4
4022 4022 -2
4023 4023 -2
4024 4024 2
4025 4025 2
4027 4027 2
4028 4028 -2
4029 4029 2
4030 4030 -2
4031 4031 -2
4032 4032 -2
4033 4033 -2
4034 4034 -2
4035 4035 2
4036 4036 2
4038 4038 -4
4039 4039 -2
4042 4042 -2
4044 4044 -4
4045 4045 2
4046 4046 2
4047 4047 2
4049 4049 -2
4050 4050 -2
4052 4052 -2
4053 4053 -2
4054 4054 -2
4062 4062 2
4063 4063 -2
4065 4065 2
4067 4067 -2
4068 4068 4
4069 4069 -2
4073 4073 4
4074 4074 2
4075 4075 4
4076 4076 2
4078 4078 -4
4079 4079 -2
4080 4080 -2
4081 4081 -2
4082 4082 -2
4085 4085 4
4086 4086 -2
4087 4087 -2
4088 4088 -2
4089 4089 2
4090 4090 2
4091 4091 -2
4093 4093 -2
4094 4094 -2
4095 4095 -2
4096 4096 -2
4097 4097 -2
4098 4098 -2
4099 4099 -4
4101 4101 -2
4102 4102 -2
4103 4103 -4
4104 4104 -4
4108 4108 -2
4109 4109 2
4110 4110 2
4111 4111 2
4112 4112 2
4113 4113 -2
4119 4119 -2
4120 4120 4
4121 4121 2
4122 4122 4
4123 4123 2
4124 4124 -2
4125 4125 -2
4126 4126 -2
4127 4127 -2
4128 4128 -4
4129 4129 -4
4130 4130 -2
4131 4131 -2
4132 4132 2
4133 4133 2
4134 4134 2
4135 4135 2
4136 4136 -2
4137 4137 2
4139 4139 -2
4140 4140 2
4145 4145 2
4146 4146 2
4148 4148 2
4149 4149 2
4150 4150 2
4151 4151 -4
4152 4152 -2
4153 4153 -2
4155 4155 4
4156 4156 4
4158 4158 2
4159 4159 4
4161 4161 2
4162 4162 2
4167 4167 -4
4168 4168 -4
4170 4170 2
4171 4171 -2
4174 4174 2
4177 4177 2
4180 4180 -4
4181 4181 -4
4184 4184 2
4185 4185 2
4186 4186 -2
4187 4187 2
4188 4188 2
4190 4190 2
4191 4191 2
4193 4193 -2
4194 4194 -2
4195 4195 2
4199 4199 2
4200 4200 2
4202 4202 -2
4203 4203 -2
4207 4207 -2
4209 4209 -2
4210 4210 -2
4212 4212 -2
4213 4213 2
4215 4215 2
4216 4216 4
4218 4218 -2
4219 4219 -2
4221 4221 2
4222 4222 -2
4224 4224 -2
4225 4225 -4
4227 4227 4
4229 4229 2
4230 4230 -4
4231 4231 -2
4233 4233 -4
4234 4234 -2
4236 4236 -2
4237 4237 2
4238 4238 2
4240 4240 2
4242 4242 -2
4243 4243 -4
4244 4244 -2
4245 4245 -2
4248 4248 -2
4249 4249 2
4250 4250 -2
4252 4252 2
4253 4253 2
4255 4255 -4
4257 4257 2
4258 4258 -2
4261 4261 2
4262 4262 -2
4265 4265 -2
4266 4266 2
4267 4267 2
4269 4269 -2
4270 4270 -2
4271 4271 2
4273 4273 4
4274 4274 2
4275 4275 2
4277 4277 -2
4278 4278 -4
4283 4283 -2
4286 4286 2
4287 4287 -2
4292 4292 4
4293 4293 -2
4294 4294 -2
4296 4296 2
4298 4298 -2
4299 4299 2
4300 4300 2
4301 4301 2
4302 4302 2
4303 4303 2
4305 4305 -2
4306 4306 -2
4307 4307 -2
4308 4308 -4
4312 4312 2
4313 4313 2
4314 4314 2
4315 4315 -2
4316 4316 2
4317 4317 2
4318 4318 -2
4319 4319 -4
4324 4324 4
4326 4326 -2
4327 4327 -2
4330 4330 4
4333 4333 -2
4334 4334 -2
4335 4335 -4
4336 4336 2
4337 4337 2
4340 4340 4
4341 4341 -2
4343 4343 -2
4345 4345 -2
4346 4346 -2
4347 4347 2
4349 4349 2
4350 4350 -2
4351 4351 -2
4353 4353 -2
4354 4354 -2
4355 4355 4
4356 4356 2
4357 4357 -4
4360 4360 -2
4361 4361 -2
4362 4362 2
4364 4364 -2
4365 4365 -2
4369 4369 -2
4372 4372 2
4373 4373 -2
4374 4374 2
4375 4375 -2
4376 4376 -2
4378 4378 2
4380 4380 4
4382 4382 4
4384 4384 -2
4385 4385 -2
4387 4387 2
4388 4388 2
4389 4389 -2
4391 4391 -4
4393 4393 -2
4395 4395 -2
4397 4397 4
4401 4401 2
4402 4402 -2
4403 4403 -2
4404 4404 -2
4407 4407 -2
4408 4408 -2
4411 4411 2
4417 4417 -2
4418 4418 -2
4421 4421 4
4423 4423 -4
4425 4425 2
4426 4426 -4
4427 4427 -2
4428 4428 -2
4429 4429 2
4431 4431 -2
4432 4432 2
4434 4434 -2
4435 4435 -2
4438 4438 -2
4440 4440 2
4443 4443 -2
4444 4444 -2
4449 4449 2
4451 4451 4
4452 4452 2
4453 4453 2
4460 4460 -2
4461 4461 4
4462 4462 4
4465 4465 -2
4468 4468 -4
4469 4469 -2
4471 4471 2
4472 4472 -2
4473 4473 -2
4474 4474 -2
4475 4475 2
4479 4479 2
4480 4480 -2
4482 4482 -2
4484 4484 -2
4485 4485 2
4487 4487 -4
4488 4488 -4
4489 4489 -2
4490 4490 -2
4491 4491 2
4493 4493 -2
4495 4495 -2
4496 4496 2
4498 4498 -2
4502 4502 -2
4503 4503 2
4506 4506 2
4508 4508 -2
4509 4509 -4
4510 4510 -2
4512 4512 -2
4514 4514 2
4516 4516 2
4520 4520 4
4521 4521 2
4522 4522 -2
4528 4528 2
4529 4529 4
4531 4531 -2
4532 4532 -4
4533 4533 -2
4534 4534 2
4535 4535 2
4537 4537 -2
4540 4540 -2
4541 4541 -2
4542 4542 -2
4543 4543 2
4544 4544 2
4545 4545 -4
4546 4546 -2
4547 4547 -2
4548 4548 -2
4551 4551 2
4552 4552 -2
4554 4554 2
4555 4555 2
4556 4556 4
4557 4557 2
4558 4558 -2
4559 4559 -2
4561 4561 2
4562 4562 -2
4563 4563 2
4564 4564 2
4566 4566 4
4568 4568 2
4569 4569 2
4570 4570 2
4572 4572 -2
4573 4573 2
4574 4574 2
4575 4575 2
4576 4576 -2
4578 4578 -2
4579 4579 2
4580 4580 4
4581 4581 -2
4582 4582 -2
4585 4585 -2
4587 4587 -4
4588 4588 -4
4589 4589 -2
4590 4590 2
4592 4592 -2
4593 4593 2
4594 4594 2
4595 4595 -2
4596 4596 -2
4597 4597 -2
4598 4598 2
4599 4599 2
4600 4600 -4
4602 4602 -2
4604 4604 -2
4605 4605 -4
4609 4609 -4
4611 4611 4
4613 4613 4
4614 4614 2
4617 4617 -2
4618 4618 -2
4620 4620 2
4621 4621 2
4622 4622 -2
4624 4624 -4
4626 4626 2
4629 4629 4
4630 4630 2
4634 4634 -2
4635 4635 -2
4636 4636 2
4637 4637 -2
4638 4638 -4
4640 4640 2
4642 4642 -4
4645 4645 -2
4646 4646 2
4647 4647 -2
4648 4648 -4
4649 4649 -2
4650 4650 2
4652 4652 -2
4655 4655 2
4658 4658 4
4659 4659 -2
4660 4660 -4
4661 4661 -2
4663 4663 4
4665 4665 2
4666 4666 -2
4667 4667 -2
4668 4668 -2
4669 4669 -2
4671 4671 -2
4672 4672 -2
4673 4673 2
4674 4674 -2
4675 4675 -2
4676 4676 -2
4677 4677 -4
4680 4680 -2
4682 4682 4
4683 4683 2
4685 4685 2
4686 4686 2
4689 4689 -2
4691 4691 -2
4695 4695 2
4696 4696 2
4697 4697 2
4698 4698 -2
4699 4699 2
4702 4702 2
4703 4703 2
4704 4704 2
4705 4705 4
4706 4706 2
4707 4707 4
4709 4709 -4
4710 4710 -2
4711 4711 -2
4713 4713 4
4716 4716 -4
4717 4717 -2
4721 4721 -2
4723 4723 -2
4724 4724 -2
4726 4726 -4
4727 4727 -4
4728 4728 2
4729 4729 4
4730 4730 -2
4731 4731 -2
4732 4732 -2
4734 4734 4
4735 4735 2
4737 4737 2
4738 4738 2
4739 4739 -4
4740 4740 -2
4741 4741 -4
4742 4742 -2
4743 4743 -4
4744 4744 -2
4746 4746 2
4748 4748 -2
4749 4749 -2
4750 4750 -2
4751 4751 2
4753 4753 -2
4754 4754 2
4755 4755 4
4756 4756 4
4758 4758 -2
4759 4759 -4
4761 4761 2
4762 4762 -2
4763 4763 2
4765 4765 -2
4766 4766 -4
4768 4768 2
4769 4769 -2
4771 4771 2
4772 4772 2
4773 4773 -2
4775 4775 2
4776 4776 -2
4777 4777 -2
4778 4778 2
4780 4780 -4
4781 4781 2
4782 4782 -2
4783 4783 -4
4787 4787 4
4788 4788 2
4789 4789 -2
4794 4794 -2
4795 4795 -2
4796 4796 2
4797 4797 2
4799 4799 -4
4801 4801 2
4802 4802 -2
4804 4804 -2
4805 4805 -2
4807 4807 -2
4809 4809 -2
4810 4810 -2
4811 4811 -2
4812 4812 -2
4814 4814 2
4816 4816 -2
4818 4818 2
4819 4819 2
4822 4822 4
4823 4823 2
4824 4824 -2
4825 4825 -2
4829 4829 -4
4830 4830 -2
4831 4831 4
4833 4833 -4
4834 4834 -4
4835 4835 2
4838 4838 2
4839 4839 -2
4840 4840 -2
4844 4844 -2
4845 4845 -2
4846 4846 -4
4847 4847 -2
4848 4848 -4
4849 4849 -2
4850 4850 -2
4851 4851 2
4852 4852 -2
4854 4854 -2
4857 4857 -2
4858 4858 -4
4859 4859 -2
4860 4860 2
4861 4861 -2
4862 4862 -2
4866 4866 -2
4868 4868 4
4869 4869 2
4871 4871 2
4872 4872 2
4873 4873 -2
4874 4874 -2
4875 4875 -2
4876 4876 -2
4877 4877 -4
4879 4879 2
4880 4880 2
4881 4881 4
4882 4882 2
4883 4883 -2
4885 4885 4
4888 4888 2
4889 4889 4
4891 4891 -2
4892 4892 -2
4893 4893 -2
4894 4894 -4
4895 4895 -2
4899 4899 -2
4900 4900 -2
4902 4902 -4
4903 4903 -2
4904 4904 2
4905 4905 -2
4909 4909 2
4910 4910 2
4911 4911 -2
4912 4912 -2
4913 4913 -2
4915 4915 2
4916 4916 -2
4917 4917 2
4918 4918 4
4920 4920 2
4921 4921 2
4922 4922 -2
4923 4923 -2
4927 4927 -4
4928 4928 -2
4929 4929 -2
4935 4935 4
4936 4936 -2
4937 4937 -2
4938 4938 2
4939 4939 4
4940 4940 2
4941 4941 2
4942 4942 2
4943 4943 -4
4944 4944 -2
4945 4945 -4
4946 4946 -4
4947 4947 -2
4948 4948 -2
4949 4949 -4
4950 4950 -2
4951 4951 -2
4952 4952 -4
4953 4953 -4
4958 4958 4
4959 4959 4
4961 4961 2
4962 4962 2
4963 4963 4
4964 4964 2
4965 4965 2
4966 4966 2
4967 4967 2
4968 4968 2
4969 4969 -2
4970 4970 2
4971 4971 2
4975 4975 2
4976 4976 2
4978 4978 4
4981 4981 2
4984 4984 -2
4987 4987 -4
4991 4991 2
4993 4993 -4
4994 4994 2
4995 4995 2
4996 4996 2