5000 33858 -24 27
0 6 2
0 9 -2
0 11 -2
0 12 -2
0 16 2
0 18 -2
0 25 -2
0 30 2
0 39 2
0 40 2
0 42 2
0 44 -2
0 47 -2
0 53 2
0 54 -2
0 61 2
0 64 2
0 67 -2
0 69 -2
0 72 2
0 78 2
0 89 -2
0 92 -2
0 111 -2
0 112 2
0 114 -2
0 128 2
0 150 -2
0 153 -2
0 155 2
0 168 -2
0 170 2
0 185 -2
0 186 -2
0 212 -2
0 244 -2
0 257 -2
0 259 2
0 301 -2
0 335 2
0 349 -2
0 352 -2
0 371 2
0 394 -2
0 405 2
0 414 -2
0 443 -2
0 448 2
0 453 -2
0 489 -2
0 500 2
0 509 -2
0 534 -2
0 555 -2
0 577 -2
0 592 -2
0 618 -2
0 635 2
0 709 2
0 732 2
0 765 2
0 779 -2
0 820 2
0 830 2
0 875 2
0 879 2
0 925 2
0 926 -2
0 934 -2
0 975 2
0 996 2
0 1005 -2
0 1016 2
0 1031 2
0 1035 2
0 1043 2
0 1046 -2
0 1098 2
0 1122 -2
0 1134 2
0 1206 -2
0 1227 2
0 1231 2
0 1238 -2
0 1282 2
0 1293 -2
0 1323 -2
0 1338 -2
0 1366 -2
0 1401 -2
0 1403 2
0 1423 -2
0 1524 2
0 1546 2
0 1563 -2
0 1599 2
0 1659 2
0 1699 2
0 1770 -2
0 1774 -2
0 1800 -2
0 1807 2
0 1900 -2
0 1997 -2
0 2098 -2
0 2112 -2
0 2137 2
0 2143 -2
0 2145 -2
0 2158 -2
0 2175 -2
0 2179 2
0 2259 2
0 2287 -2
0 2466 2
0 2535 2
0 2588 -2
0 2593 2
0 2615 2
0 2632 -2
0 2654 -2
0 2702 2
0 2764 2
0 2781 2
0 2849 2
0 2852 -2
0 2861 -2
0 2906 2
0 2984 2
0 3159 2
0 3209 2
0 3218 2
0 3260 2
0 3276 -2
0 3339 -2
0 3355 2
0 3390 -2
0 3400 2
0 3403 -2
0 3481 -2
0 3608 -2
0 3620 -2
0 3657 -2
0 3711 2
0 3788 2
0 3935 -2
0 3956 2
0 4010 2
0 4028 -2
0 4068 2
0 4192 -2
0 4326 -2
0 4335 -2
0 4597 -2
0 4629 -2
0 4790 2
0 1 -2
0 2 -2
0 3 2
0 4 2
0 5 2
0 13 -2
0 15 -2
0 49 2
0 50 -2
0 77 -2
0 87 -2
0 116 2
0 161 -2
0 162 -2
0 249 2
0 457 -2
0 586 2
0 681 -2
0 1029 -2
0 1068 2
0 1070 -2
0 1164 2
0 1258 -2
0 1333 -2
0 1516 -2
0 1642 -2
0 1887 2
0 1959 -2
0 2299 -2
0 2313 -2
0 2461 2
0 2704 2
0 2774 -2
0 2822 -2
0 3343 2
0 4463 -2
0 4506 -2
1 5 2
1 8 -2
1 10 -2
1 13 -2
1 15 2
1 24 -2
1 31 2
1 36 2
1 40 -2
1 48 2
1 58 2
1 60 -2
1 66 -2
1 78 -2
1 82 2
1 94 2
1 103 2
1 118 -2
1 122 -2
1 132 -2
1 140 -2
1 144 -2
1 149 -2
1 151 2
1 156 2
1 160 -2
1 164 -2
1 165 2
1 169 2
1 226 2
1 248 2
1 251 2
1 265 -2
1 266 -2
1 279 2
1 286 2
1 288 2
1 317 -2
1 352 2
1 376 -2
1 379 2
1 407 -2
1 417 -2
1 419 -2
1 466 -2
1 486 2
1 519 -2
1 576 2
1 583 2
1 648 2
1 651 -2
1 665 2
1 683 2
1 737 -2
1 824 2
1 827 2
1 851 2
1 896 -2
1 924 -2
1 942 2
1 985 2
1 989 2
1 995 2
1 999 2
1 1000 2
1 1009 -2
1 1066 -2
1 1130 -2
1 1159 2
1 1180 2
1 1208 -2
1 1267 2
1 1271 -2
1 1367 -2
1 1439 -2
1 1495 2
1 1570 -2
1 1591 -2
1 1594 2
1 1621 -2
1 1637 2
1 1664 -2
1 1674 2
1 1724 2
1 1725 2
1 1779 -2
1 1816 2
1 1864 2
1 2032 -2
1 2065 -2
1 2072 2
1 2075 2
1 2085 -2
1 2119 2
1 2136 2
1 2173 -2
1 2452 2
1 2473 2
1 2492 2
1 2494 2
1 2499 2
1 2598 -2
1 2715 2
1 2717 2
1 2742 2
1 2757 -2
1 2773 -2
1 2783 -2
1 2787 -2
1 2838 2
1 2853 -2
1 2896 2
1 2908 -2
1 2911 2
1 2980 -2
1 3006 -2
1 3081 -2
1 3091 -2
1 3095 2
1 3118 2
1 3143 2
1 3188 2
1 3236 2
1 3250 2
1 3319 -2
1 3376 -2
1 3394 -2
1 3401 -2
1 3407 -2
1 3464 -2
1 3472 2
1 3512 2
1 3529 -2
1 3530 -2
1 3576 2
1 3610 -2
1 3630 2
1 3685 2
1 3738 2
1 3762 2
1 3800 -2
1 3832 2
1 3955 2
1 3981 -2
1 4050 -2
1 4266 -2
1 4329 -2
1 4378 -2
1 4391 -2
1 4556 2
1 4618 2
1 4665 -2
1 4725 2
1 4739 2
1 4834 -2
1 4884 -2
1 4919 2
1 4938 2
1 2 -2
1 3 -2
1 4 2
1 6 -2
1 7 -2
1 9 -2
1 11 -2
1 18 -2
1 21 -2
1 23 -2
1 30 -2
1 43 2
1 50 2
1 54 -2
1 64 2
1 65 -2
1 73 2
1 75 2
1 79 -2
1 88 -2
1 98 2
1 101 2
1 105 2
1 116 -2
1 126 2
1 155 2
1 167 2
1 171 -2
1 177 -2
1 202 -2
1 232 2
1 244 -2
1 255 2
1 270 -2
1 293 2
1 307 2
1 347 -2
1 359 -2
1 374 2
1 394 -2
1 433 2
1 457 2
1 459 -2
1 495 -2
1 524 -2
1 595 -2
1 597 -2
1 612 -2
1 637 2
1 659 2
1 662 2
1 690 2
1 731 2
1 779 2
1 784 -2
1 791 2
1 821 -2
1 825 2
1 861 -2
1 882 -2
1 914 2
1 916 -2
1 953 -2
1 957 2
1 962 2
1 966 2
1 967 -2
1 973 -2
1 976 -2
1 983 -2
1 1025 2
1 1027 2
1 1080 2
1 1092 -2
1 1105 -2
1 1121 2
1 1146 2
1 1189 -2
1 1229 2
1 4996 2
1 1320 -2
1 1385 -2
1 1402 -2
1 1422 -2
1 1433 2
1 1437 -2
1 1479 -2
1 1484 2
1 1554 -2
1 1705 -2
1 1726 -2
1 1739 2
1 1797 -2
1 1805 -2
1 1890 -2
1 1930 -2
1 2053 2
1 2086 2
1 2109 -2
1 2111 -2
1 2121 2
1 2132 2
1 2139 -2
1 2157 2
1 2175 2
1 2178 2
1 2253 -2
1 2373 -2
1 2387 2
1 2411 2
1 2435 2
1 4982 2
1 2458 -2
1 2483 2
1 2611 2
1 2661 2
1 2667 -2
1 2735 2
1 2750 -2
1 2769 2
1 2794 -2
1 2874 2
1 2906 -2
1 2955 -2
1 3033 2
1 3036 2
1 3061 -2
1 3149 -2
1 3266 -2
1 3284 -2
1 3287 2
1 3435 2
1 3452 -2
1 3479 2
1 3654 -2
1 3778 2
1 3823 2
1 3859 2
1 3863 2
1 3881 -2
1 3949 -2
1 4027 2
1 4117 2
1 4340 -2
1 4368 -2
1 4450 -2
1 4481 2
1 4489 2
1 4491 2
1 4505 -2
1 4594 2
1 4601 2
1 4602 -2
1 4707 2
1 4720 -2
1 4775 -2
1 4804 -2
1 4815 -2
2 4 -2
2 6 -2
2 25 2
2 30 2
2 36 -2
2 45 -2
2 47 -2
2 63 -2
2 93 2
2 106 -2
2 261 -2
2 394 -2
2 891 -2
2 912 2
2 1134 2
2 1420 -2
2 1452 2
2 1532 -2
2 1915 2
2 2119 2
2 2290 -2
2 2466 2
2 3229 2
2 3861 -2
2 4437 2
2 4514 2
2 3 -2
2 5 2
2 7 -2
2 8 2
2 13 2
2 23 2
2 39 -2
2 41 -2
2 43 2
2 55 2
2 58 2
2 71 2
2 79 -2
2 80 -2
2 86 2
2 102 -2
2 103 2
2 109 -2
2 118 2
2 121 -2
2 137 2
2 151 -2
2 204 2
2 213 2
2 216 2
2 231 2
2 293 -2
2 341 2
2 352 2
2 360 -2
2 366 2
2 406 -2
2 431 -2
2 438 -2
2 486 2
2 530 2
2 579 2
2 606 2
2 622 2
2 630 -2
2 703 2
2 804 2
2 808 -2
2 810 2
2 849 2
2 877 2
2 896 -2
2 988 2
2 1064 -2
2 1078 2
2 1121 -2
2 1149 2
2 1209 2
2 1281 -2
2 1300 2
2 1426 2
2 1609 2
2 1618 -2
2 1691 2
2 1743 2
2 1909 2
2 1941 -2
2 1995 2
2 2117 -2
2 2214 2
2 2257 2
2 2265 2
2 2457 -2
2 2494 2
2 2514 2
2 2536 -2
2 2575 2
2 2840 2
2 2872 2
2 2904 -2
2 2905 -2
2 2909 -2
2 3023 2
2 3055 2
2 3260 2
2 3356 2
2 3454 -2
2 3510 2
2 3599 -2
2 4094 2
2 4956 2
2 4358 -2
2 4364 -2
2 4380 -2
2 4640 2
2 4674 2
2 4703 -2
2 4721 -2
2 4910 -2
3 13 -2
3 14 -2
3 19 2
3 22 -2
3 32 -2
3 33 2
3 34 -2
3 38 -2
3 39 -2
3 43 -2
3 50 -2
3 52 -2
3 53 -2
3 57 2
3 59 2
3 70 -2
3 73 -2
3 74 -2
3 77 -2
3 81 -2
3 85 -2
3 101 2
3 104 2
3 106 2
3 108 -2
3 117 2
3 120 -2
3 121 -2
3 123 2
3 126 -2
3 131 -2
3 135 -2
3 136 -2
3 137 2
3 138 -2
3 145 2
3 146 2
3 147 2
3 154 2
3 156 -2
3 158 -2
3 163 -2
3 165 -2
3 173 2
3 183 2
3 187 2
3 198 -2
3 203 2
3 205 2
3 206 -2
3 208 -2
3 221 2
3 223 -2
3 228 -2
3 247 2
3 253 -2
3 264 2
3 269 -2
3 277 2
3 295 2
3 296 2
3 297 2
3 312 -2
3 314 2
3 323 2
3 346 2
3 370 -2
3 382 -2
3 387 2
3 388 -2
3 411 2
3 421 2
3 427 2
3 429 -2
3 441 2
3 456 -2
3 464 -2
3 499 -2
3 510 2
3 513 -2
3 515 2
3 532 2
3 536 2
3 558 2
3 564 -2
3 582 2
3 597 2
3 609 -2
3 621 -2
3 626 2
3 631 2
3 645 -2
3 677 -2
3 690 2
3 693 2
3 703 -2
3 713 2
3 715 2
3 716 -2
3 724 2
3 734 -2
3 735 2
3 761 -2
3 793 -2
3 794 -2
3 805 -2
3 816 -2
3 831 2
3 842 -2
3 849 2
3 852 2
3 864 -2
3 908 2
3 918 2
3 924 -2
3 931 2
3 4993 2
3 939 -2
3 950 2
3 965 -2
3 969 2
3 1032 2
3 1057 2
3 1062 -2
3 1087 2
3 1093 2
3 1101 2
3 1105 2
3 1114 -2
3 1117 -2
3 1133 2
3 1135 2
3 1179 -2
3 1204 -2
3 1210 2
3 1246 2
3 1268 2
3 1274 -2
3 1300 2
3 1303 -2
3 1308 -2
3 1333 2
3 1347 2
3 1352 -2
3 1372 -2
3 1375 2
3 1382 2
3 1398 -2
3 1406 -2
3 1420 -2
3 1432 -2
3 1442 2
3 1472 2
3 1475 2
3 1510 2
3 1518 -2
3 1521 2
3 1533 2
3 1568 -2
3 1569 2
3 1608 -2
3 1610 -2
3 1614 -2
3 1632 2
3 1652 2
3 1662 -2
3 1728 2
3 1729 -2
3 1739 2
3 1769 -2
3 1789 2
3 1790 -2
3 1819 2
3 1825 2
3 1840 -2
3 1851 -2
3 1855 -2
3 1911 2
3 1939 -2
3 1959 -2
3 1967 -2
3 1990 2
3 2005 -2
3 2061 2
3 2064 -2
3 2102 -2
3 2163 2
3 2167 2
3 2217 -2
3 2264 2
3 2270 2
3 2284 2
3 2289 -2
3 2294 -2
3 2310 -2
3 2352 -2
3 2359 -2
3 2384 -2
3 2388 2
3 2425 2
3 2463 2
3 2474 2
3 2497 -2
3 2502 -2
3 2508 -2
3 2512 -2
3 2544 2
3 2546 -2
3 2549 2
3 2562 2
3 2579 -2
3 2595 2
3 2614 -2
3 2666 2
3 2683 2
3 2685 2
3 2696 2
3 2704 2
3 2718 2
3 2726 -2
3 2748 2
3 2772 2
3 2785 2
3 2788 2
3 2850 -2
3 2942 -2
3 2947 -2
3 2986 -2
3 2996 -2
3 3014 -2
3 3023 -2
3 3090 2
3 3116 -2
3 3154 -2
3 3223 -2
3 3261 -2
3 3265 2
3 3280 2
3 3299 -2
3 3321 2
3 3323 2
3 3383 2
3 3386 -2
3 3405 2
3 3414 2
3 3462 -2
3 3483 2
3 3487 -2
3 3492 -2
3 3495 2
3 4998 2
3 3538 2
3 3546 -2
3 3548 -2
3 3574 2
3 3575 -2
3 3588 2
3 3594 -2
3 3596 -2
3 3624 -2
3 3660 2
3 3675 -2
3 3681 -2
3 3686 -2
3 3688 2
3 3692 -2
3 3710 2
3 3726 2
3 3763 2
3 3765 2
3 3793 2
3 3796 2
3 3804 -2
3 3814 -2
3 3841 2
3 3855 2
3 3868 -2
3 3884 2
3 3906 -2
3 3918 2
3 4009 -2
3 4013 -2
3 4032 -2
3 4129 -2
3 4145 2
3 4194 2
3 4961 -2
3 4208 2
3 4229 -2
3 4285 -2
3 4319 -2
3 4330 2
3 4343 -2
3 4347 -2
3 4355 -2
3 4369 -2
3 4420 2
3 4431 2
3 4468 2
3 4481 -2
3 4529 2
3 4543 -2
3 4565 2
3 4639 2
3 4642 -2
3 4706 -2
3 4741 2
3 4921 -2
3 4 -2
3 5 2
3 6 -2
3 7 2
3 8 2
3 9 2
3 10 -2
3 12 -2
3 15 -2
3 17 -2
3 18 -2
3 20 2
3 27 -2
3 28 2
3 30 2
3 35 2
3 36 2
3 37 2
3 40 -2
3 41 2
3 42 -2
3 44 2
3 51 -2
3 54 -2
3 62 -2
3 66 -2
3 76 -2
3 4950 -2
3 83 2
3 88 2
3 89 -2
3 94 2
3 95 -2
3 96 -2
3 97 -2
3 99 -2
3 113 -2
3 130 -2
3 133 -2
3 160 -2
3 168 -2
3 177 -2
3 188 2
3 195 2
3 204 -2
3 214 -2
3 230 2
3 237 -2
3 245 2
3 258 -2
3 263 2
3 281 -2
3 302 -2
3 317 2
3 334 2
3 336 -2
3 358 2
3 369 -2
3 380 2
3 385 -2
3 389 2
3 396 -2
3 397 2
3 412 2
3 414 -2
3 416 2
3 448 -2
3 463 2
3 483 2
3 505 2
3 518 2
3 520 2
3 526 2
3 538 -2
3 569 -2
3 570 2
3 576 -2
3 580 -2
3 599 2
3 612 -2
3 616 -2
3 632 -2
3 647 -2
3 680 2
3 685 -2
3 692 -2
3 695 2
3 704 2
3 710 -2
3 725 2
3 745 2
3 759 2
3 766 -2
3 780 -2
3 804 -2
3 806 -2
3 815 -2
3 874 -2
3 880 2
3 891 2
3 901 2
3 914 -2
3 940 2
3 946 -2
3 954 -2
3 989 -2
3 1033 -2
3 1039 -2
3 1056 -2
3 1076 -2
3 1122 2
3 1126 2
3 1164 -2
3 1181 -2
3 1182 2
3 1216 -2
3 1328 2
3 1336 -2
3 1340 2
3 1365 -2
3 1385 2
3 1444 2
3 1447 2
3 1458 2
3 1481 -2
3 1520 -2
3 1535 2
3 1542 -2
3 1560 -2
3 1570 -2
3 1616 2
3 1628 -2
3 1658 2
3 1712 2
3 1715 2
3 1734 -2
3 1737 -2
3 1803 2
3 1827 2
3 1838 2
3 1839 2
3 1849 2
3 1884 -2
3 1889 -2
3 1921 -2
3 1965 2
3 1976 -2
3 2030 -2
3 2076 2
3 2083 2
3 2090 -2
3 2096 2
3 2136 -2
3 2155 -2
3 2173 -2
3 2180 -2
3 2194 2
3 2212 -2
3 2226 2
3 2233 -2
3 2241 -2
3 2260 2
3 2295 -2
3 2317 -2
3 2327 -2
3 2347 2
3 2350 2
3 2356 -2
3 2368 2
3 2376 -2
3 2436 2
3 4952 -2
3 2510 -2
3 2521 -2
3 2568 -2
3 2580 2
3 4992 2
3 2601 2
3 2619 -2
3 2622 2
3 2707 -2
3 2751 2
3 2787 -2
3 2818 2
3 2833 2
3 2868 -2
3 2872 -2
3 2904 -2
3 2920 -2
3 2921 -2
3 2960 -2
3 3012 -2
3 3024 2
3 3036 2
3 3042 2
3 3072 2
3 3102 -2
3 3136 2
3 3178 -2
3 3196 -2
3 3216 -2
3 3248 -2
3 3257 2
3 4972 2
3 3268 -2
3 3303 -2
3 3306 -2
3 3320 2
3 3415 2
3 3428 2
3 4963 -2
3 3458 2
3 3500 2
3 3615 2
3 3617 -2
3 3655 -2
3 3679 -2
3 3709 2
3 3756 2
3 3816 -2
3 3824 -2
3 3844 -2
3 3873 2
3 3926 -2
3 3972 2
3 3984 -2
3 3998 2
3 4031 2
3 4035 -2
3 4042 -2
3 4083 -2
3 4100 2
3 4214 -2
3 4377 2
3 4389 -2
3 4402 -2
3 4414 2
3 4533 2
3 4536 2
3 4578 2
3 4607 2
3 4634 2
3 4769 2
3 4794 -2
3 4817 2
3 4825 2
3 4856 2
3 4883 2
3 4895 2
3 4915 2
4 5 2
4 31 2
4 36 -2
4 41 -2
4 45 2
4 63 -2
4 140 2
4 231 2
4 364 2
4 379 -2
4 427 -2
4 496 2
4 508 -2
4 543 -2
4 559 2
4 808 2
4 823 2
4 1079 -2
4 1220 2
4 1252 2
4 1301 2
4 1420 -2
4 1437 2
4 1638 2
4 1845 2
4 1939 2
4 2123 2
4 2290 -2
4 2411 -2
4 2665 2
4 2672 -2
4 2726 -2
4 2804 -2
4 2857 -2
4 3585 2
4 4087 2
4 4434 -2
4 4441 2
4 4647 2
4 4875 -2
4 6 -2
4 10 2
4 11 -2
4 15 -2
4 17 2
4 19 2
4 21 -2
4 22 -2
4 28 2
4 47 2
4 49 2
4 50 2
4 52 -2
4 64 -2
4 66 -2
4 73 2
4 75 2
4 89 -2
4 90 2
4 108 2
4 119 2
4 128 2
4 129 -2
4 130 -2
4 134 -2
4 138 -2
4 155 2
4 161 2
4 183 -2
4 184 -2
4 191 2
4 194 2
4 227 2
4 235 -2
4 263 -2
4 271 -2
4 275 2
4 303 -2
4 316 -2
4 326 -2
4 332 -2
4 347 -2
4 384 -2
4 476 -2
4 481 -2
4 509 2
4 515 -2
4 521 -2
4 545 2
4 548 -2
4 585 -2
4 587 -2
4 619 -2
4 648 2
4 681 -2
4 692 -2
4 695 -2
4 716 -2
4 749 2
4 765 -2
4 798 -2
4 816 2
4 837 2
4 876 2
4 911 2
4 915 2
4 961 -2
4 995 -2
4 996 2
4 1027 2
4 1077 -2
4 1102 -2
4 1162 2
4 1218 2
4 1260 2
4 1286 -2
4 1298 2
4 1318 -2
4 1383 -2
4 1436 -2
4 1463 2
4 1579 -2
4 1581 2
4 1587 2
4 1642 2
4 1645 2
4 1669 2
4 1680 -2
4 1789 -2
4 1792 -2
4 1812 2
4 1818 -2
4 1823 -2
4 1831 -2
4 1856 2
4 1887 2
4 1900 -2
4 1929 2
4 1959 -2
4 1988 2
4 2042 -2
4 2095 -2
4 2124 -2
4 2179 -2
4 2196 2
4 2207 2
4 2237 -2
4 2251 -2
4 2292 2
4 2293 -2
4 2294 2
4 2296 2
4 2316 -2
4 2400 -2
4 2429 2
4 2481 -2
4 2483 -2
4 2498 -2
4 2524 2
4 2545 2
4 2559 -2
4 2570 2
4 2600 -2
4 2618 2
4 2628 2
4 2633 -2
4 2694 -2
4 2766 2
4 2811 2
4 2816 2
4 3015 -2
4 3030 -2
4 3045 -2
4 3063 -2
4 3212 2
4 3245 2
4 3296 -2
4 3302 2
4 3324 2
4 3345 -2
4 3390 2
4 3411 2
4 3444 -2
4 3550 -2
4 3578 2
4 3611 2
4 3629 -2
4 3663 2
4 3757 -2
4 3794 2
4 3848 -2
4 3948 2
4 3981 -2
4 4014 -2
4 4032 -2
4 4070 2
4 4089 2
4 4197 2
4 4221 2
4 4238 2
4 4275 -2
4 4323 2
4 4352 -2
4 4417 2
4 4419 -2
4 4428 -2
4 4519 2
4 4527 2
4 4990 2
4 4596 -2
4 4609 2
4 4751 2
4 4784 -2
4 4818 -2
4 4938 2
5 7 2
5 28 2
5 41 -2
5 48 2
5 79 2
5 113 2
5 116 2
5 144 2
5 177 -2
5 182 2
5 221 2
5 226 -2
5 230 -2
5 361 -2
5 364 2
5 385 -2
5 395 2
5 413 2
5 442 2
5 484 2
5 491 2
5 496 -2
5 517 2
5 524 -2
5 574 2
5 643 -2
5 651 -2
5 715 2
5 727 -2
5 758 2
5 794 -2
5 907 -2
5 945 2
5 953 2
5 968 -2
5 969 -2
5 991 2
5 1045 -2
5 1059 2
5 1128 2
5 1145 2
5 1187 -2
5 1222 2
5 1234 -2
5 1253 2
5 1343 -2
5 1409 -2
5 1492 -2
5 1560 2
5 1570 2
5 1585 2
5 1693 -2
5 1700 -2
5 1771 -2
5 1987 -2
5 2005 2
5 2006 2
5 2517 2
5 2530 -2
5 2782 2
5 2783 -2
5 2940 2
5 2941 -2
5 3017 -2
5 3086 2
5 3100 2
5 3139 2
5 3212 2
5 3226 2
5 3282 -2
5 3320 2
5 3347 2
5 3478 -2
5 3515 2
5 4965 -2
5 3785 2
5 3860 -2
5 4154 -2
5 4172 2
5 4221 -2
5 4252 -2
5 4376 2
5 4512 2
5 4549 -2
5 4595 2
5 4687 2
5 4710 -2
5 4735 2
5 4763 -2
5 4884 2
5 8 2
5 12 -2
5 13 2
5 14 2
5 16 -2
5 20 2
5 26 2
5 31 -2
5 32 -2
5 33 -2
5 34 2
5 35 -2
5 39 -2
5 55 2
5 61 2
5 70 2
5 72 -2
5 86 -2
5 102 -2
5 103 2
5 115 -2
5 120 -2
5 132 2
5 139 2
5 145 2
5 238 2
5 264 2
5 277 -2
5 294 2
5 327 -2
5 338 2
5 401 2
5 432 -2
5 475 2
5 555 2
5 560 -2
5 562 -2
5 566 -2
5 570 -2
5 582 -2
5 590 -2
5 613 -2
5 683 -2
5 722 2
5 747 2
5 757 2
5 785 -2
5 884 2
5 926 2
5 1018 2
5 1031 2
5 1057 -2
5 1068 2
5 1413 -2
5 1452 2
5 1462 -2
5 1471 -2
5 1695 2
5 1809 2
5 1833 -2
5 1861 2
5 1909 2
5 2035 -2
5 2052 -2
5 2070 -2
5 2073 2
5 2108 -2
5 2147 2
5 2234 -2
5 2262 2
5 2428 2
5 2663 -2
5 2893 2
5 2909 -2
5 3135 -2
5 3163 -2
5 3277 -2
5 3356 -2
5 4955 -2
5 3620 2
5 3656 -2
5 3767 -2
5 3889 -2
5 3971 -2
5 3984 -2
5 4061 -2
5 4146 -2
5 4273 -2
5 4296 -2
5 4332 -2
5 4386 -2
5 4495 2
5 4564 2
5 4666 -2
5 4771 -2
5 4846 -2
5 4861 2
5 4942 -2
6 25 2
6 39 -2
6 52 -2
6 106 2
6 131 2
6 153 -2
6 170 2
6 453 2
6 711 -2
6 873 -2
6 891 -2
6 1374 -2
6 1384 -2
6 1450 2
6 1640 -2
6 2474 2
6 2724 2
6 2875 2
6 3657 -2
6 3765 -2
6 3828 -2
6 4248 2
6 4269 -2
6 4437 -2
6 4539 2
6 4740 -2
6 10 2
6 11 2
6 22 -2
6 30 2
6 59 -2
6 108 -2
6 111 -2
6 126 2
6 134 -2
6 152 2
6 271 -2
6 290 2
6 336 2
6 339 -2
6 374 2
6 410 -2
6 473 2
6 495 -2
6 547 -2
6 966 2
6 1079 2
6 1191 -2
6 1326 -2
6 1331 -2
6 1968 -2
6 2030 -2
6 2040 -2
6 2436 -2
6 2501 -2
6 2718 -2
6 2794 -2
6 2911 2
6 3070 -2
6 3117 -2
6 3195 2
6 3216 2
6 3403 -2
6 3650 -2
6 4084 2
6 4089 2
6 4293 -2
6 4621 -2
7 8 2
7 10 -2
7 21 2
7 24 -2
7 26 2
7 27 2
7 32 -2
7 56 2
7 66 -2
7 79 -2
7 80 2
7 113 -2
7 133 -2
7 181 2
7 208 2
7 228 2
7 294 2
7 309 -2
7 356 2
7 370 -2
7 421 2
7 441 2
7 458 -2
7 511 -2
7 529 -2
7 550 -2
7 570 -2
7 608 2
7 630 -2
7 654 2
7 681 -2
7 689 2
7 739 2
7 777 -2
7 798 2
7 822 2
7 867 -2
7 932 -2
7 961 -2
7 981 2
7 982 -2
7 1000 -2
7 1039 2
7 1102 -2
7 1145 -2
7 1194 2
7 1234 -2
7 1240 -2
7 1287 -2
7 1337 -2
7 1340 -2
7 1358 2
7 1368 -2
7 1371 -2
7 1432 2
7 1487 -2
7 1523 -2
7 1571 2
7 1608 -2
7 1648 -2
7 1669 -2
7 1725 -2
7 1749 2
7 1778 2
7 1813 2
7 1882 -2
7 1930 -2
7 1932 2
7 1993 2
7 2013 -2
7 4951 -2
7 2315 2
7 2328 2
7 2355 -2
7 2361 -2
7 2385 -2
7 2409 2
7 2484 -2
7 2532 2
7 2573 2
7 2577 -2
7 2598 -2
7 2604 -2
7 2620 2
7 2708 2
7 2860 -2
7 2912 -2
7 3010 2
7 3035 2
7 3066 2
7 3087 -2
7 3176 2
7 3215 -2
7 3319 2
7 3416 2
7 3421 -2
7 3505 2
7 3512 2
7 3660 -2
7 3706 2
7 3715 -2
7 3742 -2
7 3758 -2
7 3784 -2
7 3791 2
7 3827 2
7 3836 2
7 3922 2
7 4072 -2
7 4142 -2
7 4172 2
7 4221 -2
7 4333 2
7 4340 2
7 4371 2
7 4381 2
7 4499 2
7 4530 2
7 4556 -2
7 4625 2
7 4630 2
7 4833 -2
7 9 -2
7 23 2
7 36 -2
7 37 -2
7 71 -2
7 106 -2
7 117 2
7 178 2
7 179 -2
7 255 2
7 489 -2
7 502 2
7 517 2
7 650 -2
7 925 -2
7 939 2
7 973 2
7 1041 2
7 1417 2
7 1566 -2
7 1573 2
7 1605 -2
7 1633 2
7 1691 -2
7 1733 2
7 1764 -2
7 1927 -2
7 2053 -2
7 2197 2
7 2231 2
7 2379 2
7 2709 2
7 2795 -2
7 2831 -2
7 2872 -2
7 2961 -2
7 2987 -2
7 4979 2
7 3486 2
7 3596 -2
7 3695 -2
7 3859 -2
7 4185 2
7 4187 -2
7 4201 2
7 4503 -2
7 4558 2
7 4878 2
7 4901 -2
8 21 -2
8 23 -2
8 28 2
8 56 -2
8 68 2
8 118 2
8 152 -2
8 177 -2
8 230 2
8 285 -2
8 294 -2
8 327 -2
8 356 -2
8 483 -2
8 574 2
8 580 2
8 591 -2
8 644 2
8 678 2
8 775 2
8 893 2
8 963 -2
8 1021 -2
8 1037 2
8 1523 2
8 1591 2
8 1708 2
8 1771 2
8 1802 -2
8 1910 2
8 1931 -2
8 2306 2
8 2335 2
8 2484 -2
8 2645 -2
8 2776 -2
8 2864 2
8 2963 2
8 3017 2
8 3051 -2
8 3312 2
8 3691 -2
8 4042 2
8 4094 2
8 4475 -2
8 4688 -2
8 4821 -2
8 4900 -2
8 12 -2
8 14 2
8 16 2
8 24 -2
8 26 2
8 29 2
8 31 2
8 39 -2
8 41 2
8 46 2
8 53 2
8 58 -2
8 114 2
8 122 -2
8 124 2
8 149 -2
8 150 2
8 164 -2
8 219 2
8 229 -2
8 260 2
8 262 -2
8 272 -2
8 277 -2
8 278 2
8 288 2
8 317 -2
8 382 -2
8 397 -2
8 405 -2
8 409 2
8 431 -2
8 435 2
8 455 -2
8 477 2
8 486 2
8 500 -2
8 513 -2
8 581 2
8 589 2
8 615 2
8 617 -2
8 675 2
8 703 -2
8 794 2
8 797 2
8 832 2
8 859 -2
8 885 2
8 968 2
8 1069 -2
8 1099 -2
8 1205 -2
8 1228 2
8 1239 2
8 1259 2
8 1303 2
8 1358 -2
8 1423 -2
8 1485 2
8 1492 2
8 1517 -2
8 1603 -2
8 1612 2
8 1676 -2
8 1684 -2
8 1780 -2
8 1882 -2
8 1912 2
8 1916 -2
8 1966 -2
8 1993 2
8 2016 2
8 2122 -2
8 2239 2
8 2343 -2
8 2382 -2
8 2438 2
8 2496 2
8 2506 2
8 2556 -2
8 2606 2
8 2783 -2
8 2894 -2
8 2914 -2
8 2940 2
8 2944 -2
8 2994 -2
8 3097 2
8 3098 2
8 3433 -2
8 3455 2
8 3704 2
8 4956 2
8 3907 -2
8 3962 -2
8 3963 2
8 4291 2
8 4376 2
8 4469 2
8 4624 -2
8 4646 2
8 4725 2
8 4760 2
8 4765 -2
8 4777 -2
8 4802 -2
8 4820 -2
8 4873 2
8 4920 -2
9 11 2
9 12 -2
9 13 2
9 14 -2
9 16 2
9 17 -2
9 19 -2
9 22 2
9 33 -2
9 34 2
9 35 2
9 38 2
9 43 -2
9 55 -2
9 60 2
9 69 2
9 71 2
9 75 -2
9 76 2
9 88 -2
9 97 -2
9 107 -2
9 110 -2
9 120 2
9 130 -2
9 139 2
9 161 2
9 167 -2
9 185 -2
9 200 2
9 258 -2
9 292 2
9 306 2
9 357 2
9 389 2
9 399 2
9 417 -2
9 523 2
9 544 2
9 558 2
9 601 -2
9 640 2
9 642 2
9 659 2
9 664 -2
9 674 -2
9 695 2
9 707 2
9 734 2
9 743 2
9 747 2
9 751 -2
9 799 2
9 812 2
9 836 -2
9 1049 -2
9 1085 2
9 1130 -2
9 1142 -2
9 1208 2
9 1232 -2
9 1248 -2
9 1292 2
9 1335 2
9 1446 2
9 1668 -2
9 1721 2
9 1754 -2
9 1787 2
9 1857 2
9 1877 -2
9 1924 -2
9 2025 -2
9 2052 2
9 2080 2
9 2101 -2
9 2195 2
9 2281 -2
9 2375 -2
9 2482 2
9 2543 2
9 2732 2
9 2773 -2
9 2847 -2
9 4950 -2
9 3047 -2
9 3177 -2
9 3225 2
9 3276 -2
9 3388 2
9 3535 -2
9 3565 -2
9 3592 2
9 3627 -2
9 3716 2
9 3759 2
9 3772 -2
9 3778 -2
9 3927 2
9 4125 -2
9 4385 2
9 4405 -2
9 4768 2
9 4816 2
9 4896 2
9 4899 2
9 4906 2
9 18 -2
9 36 2
9 44 2
9 62 -2
9 65 2
9 78 -2
9 85 -2
9 96 -2
9 99 2
9 106 -2
9 153 2
9 154 2
9 166 2
9 176 2
9 181 -2
9 199 -2
9 208 -2
9 210 -2
9 212 -2
9 236 -2
9 240 -2
9 4958 -2
9 243 -2
9 298 2
9 300 2
9 323 -2
9 325 2
9 351 -2
9 373 -2
9 393 -2
9 402 -2
9 404 2
9 484 2
9 491 -2
9 504 -2
9 514 -2
9 537 -2
9 539 2
9 571 2
9 608 -2
9 645 2
9 679 2
9 693 -2
9 737 -2
9 764 -2
9 767 2
9 770 2
9 791 2
9 831 -2
9 842 -2
9 855 -2
9 868 -2
9 908 -2
9 973 -2
9 1013 2
9 1041 2
9 1125 2
9 1203 2
9 1217 2
9 1223 -2
9 1226 2
9 1323 2
9 1359 2
9 1404 2
9 1417 2
9 1457 2
9 1578 -2
9 1586 2
9 1659 -2
9 1765 2
9 1785 2
9 1791 2
9 1883 -2
9 1927 2
9 1956 2
9 1971 2
9 2010 2
9 2061 2
9 2176 -2
9 2192 2
9 2263 -2
9 2324 -2
9 2332 2
9 2348 2
9 2472 2
9 2485 2
9 2599 2
9 2761 -2
9 2786 2
9 2827 -2
9 2863 2
9 2935 -2
9 2954 2
9 2975 2
9 3010 2
9 3158 2
9 3220 -2
9 3326 2
9 3366 2
9 3391 2
9 3429 2
9 3542 2
9 3574 2
9 3589 -2
9 3638 -2
9 3804 2
9 4010 -2
9 4081 2
9 4155 2
9 4224 2
9 4236 -2
9 4256 -2
9 4289 2
9 4423 -2
9 4465 2
9 4507 -2
9 4653 2
9 4805 2
9 4911 -2
9 4922 2
10 24 -2
10 27 2
10 84 -2
10 149 -2
10 175 2
10 181 2
10 208 2
10 238 2
10 253 -2
10 276 2
10 381 -2
10 439 2
10 454 2
10 482 -2
10 488 2
10 590 2
10 608 -2
10 619 2
10 673 2
10 681 2
10 735 -2
10 798 -2
10 942 2
10 994 -2
10 1038 2
10 1058 2
10 1156 2
10 1228 -2
10 1230 -2
10 1321 -2
10 1337 -2
10 1350 2
10 1459 2
10 1577 -2
10 1600 2
10 1611 -2
10 1650 -2
10 1695 -2
10 1736 -2
10 1749 2
10 1759 -2
10 1790 2
10 1808 2
10 1865 2
10 1971 -2
10 1991 -2
10 2020 -2
10 2113 -2
10 2184 2
10 2231 2
10 2325 -2
10 2346 -2
10 2367 2
10 2379 2
10 2468 -2
10 2553 2
10 2586 2
10 2639 2
10 2734 2
10 2902 -2
10 2988 2
10 3074 -2
10 3095 -2
10 3110 -2
10 3190 2
10 3210 2
10 3496 -2
10 3615 -2
10 3635 2
10 3673 -2
10 3676 -2
10 3752 2
10 3764 2
10 4207 -2
10 4260 -2
10 4498 2
10 4739 -2
10 4919 2
10 17 2
10 19 2
10 22 -2
10 40 2
10 42 2
10 45 2
10 52 -2
10 59 2
10 63 2
10 69 -2
10 119 -2
10 141 2
10 156 2
10 159 2
10 169 2
10 193 2
10 217 2
10 267 -2
10 283 -2
10 284 -2
10 301 2
10 305 -2
10 313 2
10 330 2
10 336 2
10 344 2
10 363 -2
10 496 2
10 534 2
10 538 2
10 552 -2
10 573 2
10 610 2
10 631 -2
10 687 -2
10 688 -2
10 705 -2
10 711 -2
10 712 2
10 723 -2
10 733 2
10 739 -2
10 775 2
10 837 2
10 892 -2
10 895 -2
10 898 2
10 901 2
10 933 2
10 940 -2
10 980 2
10 1034 2
10 1113 2
10 1193 -2
10 1194 2
10 1250 2
10 1284 -2
10 1298 2
10 1394 2
10 1443 2
10 1512 -2
10 1565 2
10 1606 2
10 1638 -2
10 1703 2
10 1827 2
10 1948 -2
10 2058 2
10 2080 -2
10 2088 2
10 2102 2
10 2181 2
10 2268 2
10 2283 2
10 2294 -2
10 2319 2
10 2345 -2
10 2512 2
10 2634 -2
10 2729 -2
10 2922 2
10 2936 2
10 2989 2
10 3013 -2
10 3070 -2
10 3093 -2
10 3117 2
10 3166 -2
10 3177 2
10 3403 -2
10 3444 -2
10 3498 2
10 3511 2
10 3590 2
10 3608 2
10 3613 -2
10 3678 2
10 3746 2
10 3796 -2
10 3825 -2
10 3846 -2
10 3865 -2
10 3993 2
10 4134 2
10 4160 -2
10 4248 2
10 4348 -2
10 4373 2
10 4381 2
10 4392 -2
10 4395 -2
10 4408 2
10 4425 2
10 4519 -2
10 4556 -2
10 4593 2
10 4692 2
10 4743 -2
10 4764 2
10 4860 2
10 4877 2
10 4914 -2
10 4931 2
10 4933 -2
10 4943 -2
11 16 2
11 40 -2
11 42 2
11 55 -2
11 58 -2
11 60 -2
11 62 2
11 92 2
11 107 2
11 141 -2
11 143 -2
11 151 -2
11 168 -2
11 195 2
11 246 -2
11 267 -2
11 303 2
11 378 -2
11 392 2
11 466 2
11 469 -2
11 486 -2
11 537 -2
11 607 -2
11 697 -2
11 699 -2
11 730 -2
11 752 2
11 833 -2
11 917 2
11 971 2
11 987 -2
11 1076 2
11 1232 -2
11 1238 2
11 1254 2
11 1325 2
11 1341 2
11 1386 -2
11 1488 -2
11 1586 -2
11 1722 -2
11 1989 -2
11 2019 2
11 2068 -2
11 2252 2
11 2370 2
11 2543 2
11 2581 2
11 2674 -2
11 2847 2
11 3037 -2
11 3077 -2
11 3368 2
11 3425 2
11 3428 -2
11 3557 -2
11 3649 2
11 3745 2
11 3845 -2
11 3865 -2
11 4126 2
11 4137 2
11 4223 -2
11 4234 2
11 4243 2
11 4297 2
11 4310 2
11 4479 2
11 4510 2
11 4704 2
11 4721 2
11 4768 -2
11 47 2
11 93 -2
11 108 2
11 111 2
11 129 2
11 202 -2
11 280 2
11 316 2
11 495 -2
11 545 2
11 547 -2
11 567 -2
11 662 -2
11 985 -2
11 999 2
11 1191 2
11 1335 2
11 1422 2
11 1497 2
11 1508 -2
11 1550 2
11 1654 2
11 1705 -2
11 1974 -2
11 2026 -2
11 2042 2
11 2168 2
11 2236 2
11 2490 2
11 2491 -2
11 2505 2
11 2913 2
11 3186 -2
11 3965 -2
11 4339 -2
11 4431 2
11 4621 2
11 4641 -2
11 4936 -2
12 17 2
12 18 2
12 29 2
12 44 -2
12 4980 -2
12 75 -2
12 90 -2
12 95 2
12 99 2
12 109 -2
12 110 -2
12 127 -2
12 134 2
12 155 -2
12 162 -2
12 172 2
12 203 -2
12 204 -2
12 209 2
12 232 2
12 245 2
12 264 2
12 292 -2
12 304 2
12 326 -2
12 328 -2
12 330 2
12 336 -2
12 347 2
12 350 2
12 353 -2
12 369 -2
12 415 -2
12 428 2
12 431 2
12 443 2
12 461 -2
12 463 2
12 516 2
12 528 2
12 531 2
12 535 -2
12 540 -2
12 581 -2
12 606 -2
12 623 2
12 667 2
12 714 -2
12 717 -2
12 738 2
12 4999 2
12 781 -2
12 795 2
12 800 2
12 820 2
12 854 2
12 860 2
12 880 -2
12 887 2
12 906 2
12 954 -2
12 955 -2
12 1042 -2
12 1043 -2
12 1048 -2
12 1104 2
12 1154 2
12 1175 2
12 1192 2
12 1286 -2
12 1373 2
12 1410 2
12 4963 -2
12 1424 2
12 1470 -2
12 1579 2
12 1590 -2
12 1599 -2
12 1609 2
12 1620 -2
12 1656 -2
12 1684 2
12 1703 2
12 1761 2
12 1794 -2
12 1804 -2
12 1811 2
12 1849 2
12 1881 -2
12 2030 2
12 2033 2
12 2056 -2
12 2104 2
12 2114 -2
12 2120 -2
12 2149 2
12 2169 -2
12 2176 -2
12 2263 2
12 2329 -2
12 2333 2
12 2348 -2
12 2436 -2
12 2449 -2
12 2479 -2
12 2483 -2
12 2491 2
12 2690 -2
12 2725 2
12 2729 -2
12 2745 2
12 2752 -2
12 2755 2
12 2832 -2
12 2992 -2
12 2994 2
12 3055 2
12 3061 -2
12 3065 -2
12 3075 -2
12 3134 2
12 3136 2
12 3165 2
12 3243 -2
12 3247 -2
12 3358 2
12 3437 -2
12 3444 2
12 3458 -2
12 3461 -2
12 3550 -2
12 3608 2
12 3656 2
12 3690 -2
12 3773 -2
12 3849 2
12 3853 2
12 3886 2
12 3890 2
12 3898 2
12 4016 2
12 4084 -2
12 4204 -2
12 4214 -2
12 4215 -2
12 4231 -2
12 4240 -2
12 4307 2
12 4327 -2
12 4540 -2
12 4689 2
12 4860 2
12 14 2
12 20 -2
12 24 2
12 25 2
12 27 2
12 46 2
12 48 -2
12 57 2
12 61 -2
12 67 -2
12 82 -2
12 149 2
12 185 2
12 190 -2
12 200 -2
12 218 -2
12 233 2
12 242 -2
12 291 -2
12 308 2
12 317 2
12 320 -2
12 324 2
12 346 2
12 439 2
12 440 -2
12 500 -2
12 558 -2
12 611 2
12 639 2
12 669 2
12 718 -2
12 744 2
12 991 2
12 1050 -2
12 1059 2
12 1123 2
12 1147 2
12 1299 -2
12 1399 2
12 1413 2
12 1485 -2
12 1491 2
12 1517 -2
12 1556 2
12 1572 -2
12 1582 2
12 1583 -2
12 1640 -2
12 1833 2
12 1838 -2
12 1844 -2
12 1851 -2
12 1859 2
12 1891 -2
12 1939 -2
12 1947 2
12 2035 2
12 2097 2
12 2098 -2
12 2123 2
12 2213 2
12 2218 2
12 2223 -2
12 2250 -2
12 2325 2
12 2440 -2
12 2442 2
12 2477 2
12 2509 2
12 2574 -2
12 2576 2
12 2743 2
12 2782 -2
12 2825 2
12 2883 -2
12 2926 -2
12 3020 -2
12 3038 -2
12 3039 2
12 3143 2
12 3238 2
12 3267 2
12 3387 2
12 3396 2
12 3433 -2
12 3552 2
12 3563 -2
12 3997 -2
12 4066 2
12 4133 -2
12 4418 2
12 4509 2
12 4656 2
12 4677 -2
12 4753 -2
12 4908 2
13 15 -2
13 19 -2
13 20 2
13 37 -2
13 49 2
13 71 2
13 82 -2
13 132 2
13 252 2
13 314 2
13 389 -2
13 399 -2
13 407 2
13 499 2
13 663 2
13 718 2
13 751 2
13 857 2
13 941 -2
13 1130 -2
13 1138 2
13 1210 2
13 1247 2
13 1248 2
13 1719 2
13 1867 -2
13 2146 -2
13 2493 -2
13 2498 2
13 2675 -2
13 2785 -2
13 2980 2
13 3008 -2
13 3112 -2
13 3201 2
13 3326 2
13 3487 -2
13 4014 -2
13 4438 -2
13 4816 2
13 4879 -2
13 55 2
13 72 2
13 783 2
13 1068 2
13 1306 -2
13 1618 -2
13 1782 2
13 1809 -2
13 1857 -2
13 2932 2
13 4666 2
13 4942 2
14 17 2
14 22 2
14 73 2
14 190 2
14 198 -2
14 203 2
14 224 2
14 255 -2
14 300 2
14 350 2
14 428 -2
14 719 2
14 901 -2
14 915 -2
14 1056 2
14 1192 -2
14 1261 -2
14 1362 -2
14 1707 -2
14 1772 -2
14 1809 2
14 1901 -2
14 1912 -2
14 2037 2
14 2096 2
14 2242 -2
14 2454 2
14 2683 2
14 2740 -2
14 3126 -2
14 3174 2
14 3459 -2
14 3503 -2
14 3743 2
14 4145 -2
14 4167 -2
14 4307 -2
14 4402 2
14 4582 -2
14 16 2
14 24 -2
14 25 2
14 29 2
14 48 -2
14 57 -2
14 61 -2
14 67 2
14 82 -2
14 91 2
14 92 2
14 114 2
14 124 -2
14 142 -2
14 146 -2
14 165 -2
14 172 -2
14 192 -2
14 201 -2
14 206 -2
14 207 -2
14 248 2
14 288 -2
14 291 -2
14 299 2
14 324 -2
14 343 -2
14 377 2
14 388 2
14 401 2
14 415 2
14 443 -2
14 464 -2
14 477 2
14 478 -2
14 516 2
14 553 -2
14 757 2
14 787 2
14 788 2
14 851 2
14 893 2
14 950 2
14 987 2
14 1016 2
14 1085 -2
14 1108 -2
14 1123 -2
14 1169 -2
14 1210 2
14 1257 2
14 1276 -2
14 1289 2
14 1292 -2
14 1442 -2
14 1648 -2
14 1684 2
14 1750 2
14 1760 -2
14 1939 2
14 1953 -2
14 2003 2
14 2005 -2
14 2016 -2
14 2123 2
14 4995 -2
14 2151 -2
14 2191 -2
14 2266 2
14 2287 -2
14 2297 2
14 2451 -2
14 2493 -2
14 2571 -2
14 2588 2
14 2629 -2
14 2673 2
14 2799 2
14 2843 -2
14 2931 2
14 3084 2
14 3143 -2
14 3184 2
14 3193 2
14 3355 -2
14 3359 2
14 3565 2
14 3661 -2
14 3704 -2
14 3838 2
14 4056 2
14 4085 -2
14 4330 2
14 4360 -2
14 4467 2
14 4581 -2
14 4664 -2
14 4765 -2
15 82 2
15 103 -2
15 824 -2
15 924 -2
15 973 2
15 1472 -2
15 1632 2
15 4741 2
15 28 2
15 49 -2
15 76 2
15 87 -2
15 123 2
15 184 2
15 191 -2
15 214 2
15 303 2
15 367 -2
15 407 -2
15 499 2
15 519 2
15 596 -2
15 915 2
15 1164 -2
15 1617 -2
15 1766 2
15 1849 -2
15 1895 -2
15 1908 2
15 1949 -2
15 2106 -2
15 2242 -2
15 2243 2
15 2316 2
15 2461 2
15 2587 -2
15 2728 2
15 4952 -2
15 3680 2
15 3990 2
15 4197 -2
15 4377 -2
15 4566 2
15 4665 2
15 4676 2
15 4682 2
15 4689 2
15 4788 -2
15 4875 -2
16 42 -2
16 55 -2
16 62 2
16 72 2
16 141 -2
16 143 -2
16 193 2
16 227 2
16 267 2
16 278 -2
16 318 2
16 473 2
16 563 2
16 607 -2
16 674 -2
16 948 2
16 1013 -2
16 1080 2
16 1092 -2
16 1298 -2
16 1339 -2
16 1497 2
16 1657 2
16 1951 2
16 2027 2
16 2111 2
16 2150 2
16 2188 2
16 2229 2
16 2340 2
16 2551 -2
16 3370 2
16 3521 2
16 3600 -2
16 3824 -2
16 4148 2
16 4838 -2
16 26 2
16 29 2
16 53 2
16 56 2
16 74 2
16 135 2
16 158 2
16 262 -2
16 297 -2
16 370 -2
16 377 2
16 399 2
16 441 -2
16 581 -2
16 729 2
16 738 -2
16 773 2
16 811 -2
16 826 -2
16 845 2
16 1103 -2
16 1419 2
16 1515 2
16 1577 -2
16 1610 2
16 1700 2
16 2065 -2
16 2091 2
16 2126 2
16 2169 -2
16 2267 -2
16 2303 -2
16 2370 -2
16 2672 2
16 2903 2
16 3350 2
16 3580 -2
16 3694 -2
16 3802 -2
16 3829 2
16 3854 -2
16 3943 -2
16 4126 2
16 4137 2
16 4186 2
16 4227 -2
16 4466 -2
16 4732 2
16 4826 2
16 4873 -2
16 4947 2
17 29 2
17 46 -2
17 90 2
17 119 2
17 148 -2
17 218 -2
17 240 -2
17 292 2
17 383 -2
17 434 -2
17 545 -2
17 568 -2
17 600 -2
17 620 2
17 628 2
17 750 -2
17 853 -2
17 903 -2
17 970 2
17 1010 2
17 1168 -2
17 1324 2
17 1387 2
17 1584 -2
17 1762 2
17 1878 -2
17 2545 -2
17 2822 2
17 2891 2
17 3041 2
17 3060 -2
17 3122 -2
17 3502 2
17 3592 2
17 3712 2
17 3766 -2
17 3801 2
17 3998 2
17 4198 2
17 4290 -2
17 4367 -2
17 4748 -2
17 4946 -2
17 19 2
17 40 -2
17 66 -2
17 69 -2
17 138 2
17 156 2
17 159 2
17 160 -2
17 223 2
17 311 -2
17 313 -2
17 332 -2
17 344 2
17 348 -2
17 396 2
17 421 2
17 423 -2
17 461 2
17 549 -2
17 552 -2
17 565 2
17 599 -2
17 632 -2
17 640 -2
17 642 -2
17 684 -2
17 795 -2
17 836 2
17 892 -2
17 931 -2
17 952 2
17 986 -2
17 1019 -2
17 1131 2
17 1152 -2
17 1155 2
17 1304 -2
17 1322 -2
17 1339 -2
17 1370 -2
17 1431 -2
17 1490 2
17 1579 -2
17 1680 -2
17 1719 -2
17 1763 -2
17 1810 2
17 1835 -2
17 1864 2
17 1955 2
17 1969 2
17 2056 -2
17 2112 2
17 2226 2
17 2268 -2
17 2286 -2
17 2318 2
17 2396 2
17 2446 2
17 2631 2
17 2643 2
17 2675 -2
17 2710 2
17 2758 2
17 2819 2
17 2830 -2
17 2962 -2
17 3011 -2
17 3013 2
17 3172 2
17 3235 -2
17 3491 -2
17 3577 -2
17 3582 -2
17 3624 -2
17 3703 -2
17 3740 2
17 3755 2
17 3758 -2
17 4087 2
17 4366 2
17 4718 2
17 4799 2
17 4840 -2
17 4883 -2
18 54 2
18 57 2
18 61 -2
18 70 2
18 81 -2
18 117 -2
18 134 2
18 150 2
18 191 -2
18 245 2
18 297 -2
18 308 -2
18 322 2
18 340 -2
18 358 -2
18 471 -2
18 489 2
18 593 2
18 672 -2
18 687 2
18 738 2
18 882 -2
18 889 -2
18 895 2
18 946 -2
18 1041 -2
18 1042 2
18 1108 2
18 1129 -2
18 1152 -2
18 1175 -2
18 1229 2
18 1277 -2
18 1393 -2
18 1400 2
18 1422 2
18 1480 2
18 1489 -2
18 1703 -2
18 1796 -2
18 2099 -2
18 2161 2
18 2298 2
18 2629 -2
18 2810 -2
18 2895 -2
18 3103 2
18 3202 -2
18 3233 -2
18 3379 -2
18 3403 -2
18 3453 -2
18 3734 2
18 3829 2
18 4064 2
18 4321 2
18 4396 2
18 4439 2
18 4483 -2
18 4703 2
18 4904 2
18 44 -2
18 65 2
18 85 2
18 88 -2
18 97 2
18 208 -2
18 230 2
18 268 -2
18 371 -2
18 514 2
18 539 2
18 542 -2
18 595 2
18 913 -2
18 1151 2
18 1509 -2
18 1791 2
18 2100 -2
18 2447 2
18 2508 -2
18 2533 -2
18 2754 -2
18 3025 2
18 3255 2
18 3408 -2
18 3476 -2
18 3771 2
18 3772 -2
18 3823 -2
18 3885 -2
18 4349 -2
18 4453 -2
18 4926 -2
19 20 2
19 38 -2
19 49 2
19 50 2
19 51 2
19 65 -2
19 71 -2
19 86 2
19 125 2
19 174 2
19 179 -2
19 207 2
19 219 2
19 233 2
19 293 2
19 298 -2
19 332 2
19 343 2
19 344 -2
19 351 2
19 373 2
19 411 2
19 420 -2
19 430 -2
19 446 2
19 525 -2
19 552 -2
19 554 -2
19 610 2
19 627 -2
19 729 -2
19 773 -2
19 817 2
19 841 2
19 861 -2
19 886 -2
19 888 2
19 905 -2
19 941 2
19 990 -2
19 998 -2
19 1003 2
19 1071 2
19 1081 -2
19 1170 -2
19 1247 2
19 1264 -2
19 1310 -2
19 1399 -2
19 1404 -2
19 1434 2
19 1530 -2
19 1564 -2
19 1731 -2
19 1866 -2
19 1896 2
19 1937 -2
19 1953 2
19 2053 2
19 2153 -2
19 2156 -2
19 2285 -2
19 2323 -2
19 2522 -2
19 2528 2
19 2539 2
19 2732 2
19 2771 -2
19 2839 2
19 2848 -2
19 2885 -2
19 3009 -2
19 3144 2
19 3151 -2
19 3178 2
19 3433 -2
19 3495 -2
19 3500 -2
19 3556 -2
19 3624 -2
19 3653 -2
19 3713 -2
19 3714 -2
19 4994 -2
19 3997 -2
19 4345 -2
19 4356 2
19 4531 2
19 4751 2
19 4762 2
19 4840 2
19 52 2
19 69 -2
19 138 2
19 169 2
19 194 -2
19 251 -2
19 311 -2
19 348 2
19 421 2
19 515 -2
19 532 -2
19 648 -2
19 687 -2
19 712 2
19 1135 -2
19 1254 -2
19 1290 2
19 1443 -2
19 1454 -2
19 1988 2
19 2058 -2
19 2089 -2
19 2357 2
19 2708 2
19 3034 -2
19 3439 -2
19 3663 -2
19 4198 2
19 4261 -2
19 4306 2
20 37 2
20 49 2
20 50 2
20 65 2
20 83 -2
20 86 -2
20 87 -2
20 105 2
20 158 2
20 223 -2
20 252 2
20 260 -2
20 298 -2
20 404 -2
20 465 -2
20 477 2
20 478 2
20 502 -2
20 552 -2
20 597 -2
20 617 -2
20 703 -2
20 710 -2
20 1002 -2
20 1138 -2
20 1170 2
20 1309 -2
20 1404 -2
20 1509 2
20 1634 2
20 1726 -2
20 1737 -2
20 1867 2
20 1895 -2
20 1977 -2
20 2203 2
20 4994 -2
20 2295 -2
20 2438 -2
20 2477 -2
20 2887 2
20 2995 -2
20 3280 -2
20 3516 -2
20 3698 2
20 3988 2
20 4018 2
20 4388 2
20 4477 2
20 27 -2
20 35 -2
20 70 2
20 100 -2
20 113 2
20 144 -2
20 168 -2
20 188 -2
20 237 2
20 245 -2
20 274 2
20 337 -2
20 392 -2
20 445 2
20 451 -2
20 568 2
20 575 2
20 577 -2
20 704 -2
20 707 -2
20 720 2
20 799 2
20 839 2
20 998 2
20 1052 2
20 1234 -2
20 1277 2
20 1413 -2
20 1502 -2
20 1548 -2
20 1575 2
20 1786 2
20 1801 -2
20 1828 2
20 2073 2
20 2160 -2
20 2369 -2
20 2590 -2
20 2732 -2
20 2910 2
20 3221 -2
20 3507 2
20 3634 2
20 3692 -2
20 3791 2
20 3803 2
20 3917 -2
20 4564 2
20 4599 2
20 4690 -2
20 4894 2
20 4917 -2
21 23 -2
21 66 -2
21 68 2
21 80 -2
21 94 -2
21 118 2
21 211 -2
21 225 2
21 236 -2
21 249 -2
21 359 2
21 365 2
21 561 -2
21 583 -2
21 604 2
21 881 -2
21 902 2
21 1139 2
21 1267 2
21 1328 2
21 1495 2
21 4973 -2
21 1598 -2
21 1606 2
21 1626 2
21 1658 2
21 1816 2
21 1922 -2
21 2566 2
21 2776 -2
21 2954 -2
21 2974 -2
21 3076 2
21 3180 2
21 3256 -2
21 3647 -2
21 3810 2
21 4354 2
21 4983 2
21 4453 -2
21 47 2
21 73 -2
21 93 -2
21 105 2
21 112 -2
21 147 -2
21 157 -2
21 202 -2
21 228 -2
21 280 -2
21 364 -2
21 563 2
21 567 2
21 588 2
21 706 -2
21 784 -2
21 790 2
21 1080 -2
21 1154 2
21 1278 -2
21 1335 -2
21 1410 -2
21 1459 2
21 1494 -2
21 1497 2
21 1557 -2
21 1699 2
21 1877 2
21 2808 2
21 3361 2
21 3416 -2
21 3626 2
21 3964 2
21 4153 -2
21 4325 2
21 4339 -2
21 4486 2
21 4628 -2
21 4709 -2
21 4842 -2
21 4936 2
22 33 2
22 73 2
22 77 2
22 88 2
22 100 -2
22 136 -2
22 161 2
22 187 -2
22 393 2
22 433 2
22 510 2
22 838 2
22 1087 -2
22 1362 2
22 1416 2
22 2223 -2
22 2248 2
22 2434 2
22 2758 -2
22 2929 -2
22 2999 -2
22 4270 -2
22 59 2
22 217 -2
22 271 -2
22 290 2
22 301 -2
22 304 2
22 363 -2
22 485 -2
22 638 -2
22 1175 2
22 1272 2
22 1298 2
22 1347 -2
22 1354 -2
22 1401 2
22 1606 2
22 2911 -2
22 2957 -2
22 3124 2
22 3511 -2
22 3529 -2
22 3651 -2
22 3786 -2
22 3852 -2
22 3931 2
22 4001 -2
22 4379 -2
22 4557 -2
22 4654 2
23 56 -2
23 68 -2
23 211 -2
23 225 -2
23 236 -2
23 249 -2
23 270 -2
23 285 -2
23 309 -2
23 327 2
23 506 -2
23 580 -2
23 604 2
23 725 2
23 742 -2
23 902 2
23 1263 2
23 1708 2
23 4973 2
23 2211 2
23 3739 2
23 4640 -2
23 4918 2
23 43 -2
23 71 2
23 80 2
23 170 -2
23 231 2
23 255 2
23 276 2
23 387 2
23 394 2
23 426 -2
23 433 2
23 453 2
23 459 -2
23 489 -2
23 503 -2
23 550 2
23 779 -2
23 864 2
23 865 -2
23 1035 -2
23 1153 2
23 1281 -2
23 1566 2
23 1605 2
23 2045 -2
23 2434 2
23 2611 2
23 2683 2
23 2812 2
23 2953 2
23 3342 -2
23 3747 2
23 3751 -2
23 3801 -2
23 4147 2
23 4194 2
23 4445 -2
23 4503 -2
23 4643 -2
23 4785 -2
24 27 2
24 84 2
24 149 2
24 381 -2
24 475 2
24 1000 2
24 1058 2
24 1321 2
24 1376 2
24 1456 2
24 1459 2
24 1669 2
24 1736 -2
24 1759 2
24 1839 2
24 1991 2
24 2117 2
24 2272 2
24 2418 -2
24 2874 2
24 3268 -2
24 3571 -2
24 3811 -2
24 4168 -2
24 4384 2
24 4568 -2
24 25 2
24 46 -2
24 114 -2
24 122 -2
24 146 2
24 150 -2
24 164 -2
24 192 -2
24 218 -2
24 233 -2
24 252 2
24 435 2
24 455 -2
24 513 2
24 589 -2
24 602 -2
24 663 -2
24 717 -2
24 840 2
24 869 2
24 890 2
24 1028 2
24 1063 2
24 1147 2
24 1332 -2
24 1844 -2
24 2008 -2
24 2280 -2
24 2289 -2
24 2330 -2
24 2331 -2
24 2489 2
24 2799 -2
24 3000 2
24 3095 2
24 3110 -2
24 3456 -2
24 3468 -2
24 3688 -2
24 3728 2
24 3760 -2
24 3837 -2
24 3986 2
24 4624 -2
24 4725 2
25 30 -2
25 335 -2
25 453 2
25 555 2
25 891 -2
25 912 -2
25 1452 -2
25 1546 -2
25 1803 2
25 1923 2
25 2098 -2
25 2148 -2
25 2208 -2
25 2973 -2
25 3032 2
25 48 2
25 91 2
25 146 2
25 200 -2
25 233 2
25 308 -2
25 346 -2
25 464 2
25 494 -2
25 516 2
25 614 2
25 639 2
25 701 -2
25 788 -2
25 823 -2
25 869 -2
25 875 -2
25 1011 -2
25 1016 2
25 1100 2
25 1531 2
25 1583 -2
25 1840 2
25 1919 -2
25 2018 2
25 2287 2
25 2349 2
25 2529 -2
25 2584 2
25 2695 2
25 2720 2
25 2985 2
25 3026 2
25 3215 -2
25 3776 2
25 3837 -2
25 4263 2
25 4727 2
25 4849 2
26 28 2
26 116 2
26 152 -2
26 180 -2
26 182 2
26 243 2
26 254 -2
26 460 2
26 484 -2
26 517 2
26 745 2
26 825 -2
26 837 -2
26 867 -2
26 951 -2
26 1024 2
26 1161 2
26 1506 2
26 1523 -2
26 2009 -2
26 2328 -2
26 2475 2
26 2589 -2
26 2916 2
26 2993 -2
26 3086 2
26 3310 -2
26 3360 2
26 3416 -2
26 3885 2
26 4112 -2
26 4907 2
26 31 -2
26 32 -2
26 33 -2
26 38 2
26 53 -2
26 56 2
26 60 -2
26 74 2
26 136 -2
26 140 -2
26 173 -2
26 205 2
26 219 2
26 238 -2
26 247 -2
26 266 2
26 272 2
26 278 2
26 338 2
26 409 2
26 444 2
26 446 -2
26 531 2
26 540 -2
26 559 -2
26 629 2
26 729 2
26 848 -2
26 866 2
26 885 2
26 1205 2
26 1496 2
26 1601 2
26 1723 2
26 1850 2
26 2049 2
26 2131 -2
26 2198 2
26 2202 2
26 2264 -2
26 2525 -2
26 2644 2
26 2651 -2
26 2668 2
26 2760 -2
26 2881 2
26 2992 -2
26 3005 2
26 3022 2
26 3108 2
26 3179 2
26 3237 2
26 3292 -2
26 3367 2
26 3533 -2
26 3785 2
26 3787 -2
26 3920 -2
26 4200 2
26 4438 2
26 4760 -2
26 4976 2
27 84 2
27 175 -2
27 181 -2
27 196 -2
27 238 -2
27 271 -2
27 329 2
27 339 -2
27 475 2
27 482 2
27 550 -2
27 579 -2
27 590 2
27 4990 2
27 933 2
27 982 -2
27 1094 -2
27 1315 -2
27 1441 2
27 1650 2
27 1778 -2
27 2345 2
27 2577 2
27 2586 2
27 2601 -2
27 3073 -2
27 3281 -2
27 3493 -2
27 3603 2
27 3640 2
27 3837 2
27 3969 -2
27 4260 -2
27 4399 -2
27 4611 2
27 168 2
27 274 -2
27 594 -2
27 671 2
27 680 2
27 720 -2
27 793 -2
27 862 -2
27 947 -2
27 1106 -2
27 1122 -2
27 1773 -2
27 1838 -2
27 1889 2
27 1954 2
27 2097 2
27 2306 -2
27 3042 2
27 3421 2
27 3791 -2
27 4105 -2
27 4312 -2
27 4800 -2
28 116 2
28 152 -2
28 180 2
28 243 2
28 254 2
28 289 2
28 460 2
28 491 2
28 574 2
28 701 2
28 745 -2
28 760 -2
28 825 -2
28 945 2
28 951 -2
28 1022 2
28 1024 -2
28 1053 2
28 1125 -2
28 1161 2
28 1162 2
28 1260 2
28 1425 -2
28 1644 -2
28 1973 2
28 2115 -2
28 2166 2
28 2314 -2
28 2344 2
28 2552 -2
28 2667 -2
28 3003 2
28 3671 2
28 3885 -2
28 3978 2
28 4033 2
28 4102 -2
28 4112 2
28 4123 -2
28 4614 -2
28 4677 2
28 4841 2
28 76 2
28 123 -2
28 191 -2
28 407 2
28 596 -2
28 685 -2
28 692 -2
28 863 -2
28 1039 -2
28 1282 -2
28 1429 -2
28 1913 2
28 2001 -2
28 2024 -2
28 2075 2
28 2751 2
28 3730 2
28 4429 -2
28 4626 2
29 46 2
29 95 2
29 96 -2
29 176 -2
29 190 -2
29 218 -2
29 224 2
29 232 2
29 290 2
29 300 -2
29 368 -2
29 437 -2
29 451 2
29 459 2
29 629 -2
29 676 -2
29 740 2
29 770 -2
29 772 2
29 809 2
29 966 -2
29 1001 -2
29 1183 2
29 1417 -2
29 1525 -2
29 1556 -2
29 1566 2
29 1870 2
29 1914 -2
29 1981 -2
29 2017 2
29 2267 -2
29 2423 2
29 2720 2
29 2721 -2
29 2934 2
29 3395 2
29 3945 -2
29 3986 2
29 4275 2
29 4367 2
29 4813 -2
29 124 2
29 172 -2
29 207 -2
29 220 -2
29 372 -2
29 377 2
29 787 -2
29 893 2
29 941 -2
29 958 2
29 1083 2
29 1120 2
29 1327 -2
29 1473 2
29 1704 2
29 1798 -2
29 1946 -2
29 2142 2
29 2143 -2
29 2225 2
29 2335 -2
29 2682 2
29 3274 2
29 3297 -2
29 3446 2
29 3753 -2
29 3961 -2
29 4005 -2
29 4152 -2
29 4426 -2
29 4458 -2
29 4747 2
29 4898 2
30 47 -2
30 111 -2
30 192 2
30 261 2
30 311 -2
30 321 -2
30 335 -2
30 354 -2
30 401 2
30 414 -2
30 584 -2
30 702 2
30 835 -2
30 912 2
30 937 -2
30 996 2
30 1012 2
30 1169 2
30 1370 -2
30 1377 -2
30 1430 2
30 1765 -2
30 1785 -2
30 1848 2
30 1994 -2
30 2060 -2
30 2172 2
30 2208 2
30 2398 -2
30 2673 2
30 2973 2
30 3422 2
30 3443 2
30 3479 -2
30 3620 -2
30 3722 2
30 4092 -2
30 4152 -2
30 4775 2
30 4809 2
30 4844 2
30 4939 2
30 54 -2
30 126 -2
30 825 -2
30 847 -2
30 1079 2
30 1101 2
30 1433 -2
30 2076 -2
30 2227 2
30 2436 -2
30 2501 -2
30 2562 -2
30 2646 2
30 2848 -2
30 2915 -2
30 3164 2
30 3334 -2
30 3655 -2
30 3793 2
30 4033 -2
30 4461 2
31 48 -2
31 379 2
31 519 -2
31 559 -2
31 3585 2
31 3630 2
31 4305 -2
31 32 -2
31 38 2
31 120 -2
31 175 -2
31 182 2
31 219 -2
31 260 -2
31 266 -2
31 312 -2
31 329 2
31 540 -2
31 607 2
31 618 2
31 629 -2
31 694 2
31 883 2
31 903 2
31 907 2
31 1010 -2
31 1091 2
31 1301 2
31 1601 -2
31 1646 2
31 1695 2
31 1770 -2
31 1882 -2
31 2104 2
31 2528 2
31 2632 2
31 2768 2
31 2938 2
31 3207 -2
31 3301 2
31 3484 2
31 3656 -2
31 4061 -2
31 4645 -2
32 79 -2
32 133 -2
32 137 -2
32 178 -2
32 221 -2
32 385 -2
32 522 2
32 786 -2
32 983 -2
32 1032 2
32 1105 -2
32 1713 2
32 1933 2
32 2948 -2
32 3332 2
32 3378 2
32 4071 2
32 4237 2
32 4642 2
32 4778 -2
32 33 2
32 34 -2
32 38 2
32 60 -2
32 110 -2
32 120 2
32 131 2
32 132 -2
32 145 2
32 175 2
32 182 -2
32 256 2
32 312 2
32 444 2
32 472 -2
32 884 2
32 903 2
32 929 2
32 979 2
32 1233 2
32 1293 2
32 1334 -2
32 1462 -2
32 1496 2
32 1538 -2
32 1589 2
32 1745 -2
32 1774 2
32 2007 2
32 2048 2
32 2103 2
32 2359 2
32 2585 2
32 2842 -2
32 3147 2
32 3165 2
32 3282 -2
32 3484 -2
32 3812 2
32 3857 -2
32 4055 2
32 4296 -2
32 4438 -2
32 4552 2
33 59 -2
33 88 2
33 98 -2
33 130 2
33 139 2
33 171 -2
33 235 2
33 287 -2
33 360 -2
33 426 2
33 510 -2
33 556 -2
33 616 2
33 685 -2
33 792 2
33 802 2
33 838 2
33 856 2
33 859 2
33 871 -2
33 877 2
33 950 2
33 1093 -2
33 1143 -2
33 1545 -2
33 1787 2
33 1902 -2
33 2151 2
33 2243 2
33 2430 -2
33 2448 2
33 2762 -2
33 2768 2
33 2909 2
33 3408 2
33 3573 -2
33 4109 -2
33 4224 -2
33 4355 -2
33 4462 2
33 4795 -2
33 4847 -2
33 4854 2
33 34 2
33 115 -2
33 131 2
33 148 2
33 224 2
33 238 2
33 247 2
33 327 2
33 365 -2
33 411 -2
33 444 2
33 449 -2
33 507 2
33 531 2
33 551 2
33 600 -2
33 678 -2
33 747 2
33 853 -2
33 866 2
33 1097 -2
33 1649 2
33 1942 2
33 2131 -2
33 2249 -2
33 2410 -2
33 2441 -2
33 2465 -2
33 2616 2
33 3157 2
33 3185 -2
33 3292 2
33 3412 2
33 3672 -2
33 3812 -2
33 3853 -2
33 4299 -2
33 4756 2
33 4879 2
34 35 -2
34 59 -2
34 74 2
34 98 2
34 101 2
34 124 2
34 139 -2
34 306 -2
34 422 2
34 426 2
34 501 2
34 556 2
34 1137 -2
34 1297 -2
34 1743 -2
34 2201 2
34 2666 2
34 3552 -2
34 4302 2
34 4697 -2
34 4865 -2
34 115 -2
34 131 -2
34 145 2
34 148 2
34 198 2
34 224 2
34 256 -2
34 469 2
34 528 -2
34 560 2
34 655 2
34 965 2
34 1018 2
34 1075 2
34 1192 2
34 1233 2
34 1293 -2
34 1334 -2
34 1369 -2
34 1438 -2
34 1775 -2
34 2262 -2
34 2551 2
34 3312 2
34 3472 2
34 3642 -2
34 3971 2
35 43 -2
35 357 -2
35 1049 2
35 2375 2
35 2476 2
35 2666 2
35 3199 2
35 70 -2
35 100 2
35 113 -2
35 144 2
35 392 -2
35 568 -2
35 570 -2
35 580 2
35 613 -2
35 682 2
35 725 2
35 850 2
35 1060 -2
35 1675 -2
35 2409 -2
35 2454 -2
35 2468 -2
35 2590 2
35 2918 -2
35 3803 2
35 4008 2
35 4163 2
36 45 -2
36 93 -2
36 140 -2
36 231 2
36 331 2
36 541 -2
36 744 2
36 2119 2
36 2742 -2
36 3229 2
36 3330 2
36 3494 -2
36 3861 -2
36 37 -2
36 99 -2
36 106 -2
36 117 -2
36 178 2
36 195 2
36 212 2
36 222 2
36 234 2
36 246 2
36 257 -2
36 265 2
36 314 2
36 322 2
36 342 -2
36 358 2
36 4954 2
36 379 2
36 427 2
36 467 -2
36 468 -2
36 502 -2
36 517 -2
36 556 -2
36 608 -2
36 698 -2
36 714 2
36 724 -2
36 748 -2
36 803 2
36 831 -2
36 873 2
36 1001 -2
36 1044 -2
36 1056 2
36 1111 2
36 1114 -2
36 1158 2
36 1203 -2
36 1294 -2
36 1343 -2
36 1395 -2
36 1440 -2
36 1451 2
36 1495 -2
36 1535 2
36 1655 -2
36 1707 2
36 1845 -2
36 2110 -2
36 2174 2
36 2602 2
36 2610 -2
36 2698 -2
36 2705 2
36 2763 -2
36 2786 -2
36 2946 -2
36 2961 2
36 3003 2
36 3052 -2
36 3073 -2
36 3130 -2
36 3171 2
36 3240 -2
36 3299 -2
36 3536 2
36 3554 -2
36 3559 -2
36 3589 2
36 3616 -2
36 3706 -2
36 3902 2
36 3924 -2
36 3946 -2
36 3987 2
36 4120 2
36 4130 2
36 4187 -2
36 4196 2
36 4282 2
36 4334 -2
36 4525 2
36 4530 -2
36 4540 2
36 4567 2
36 4657 2
36 4678 -2
36 4783 2
36 4830 -2
36 4900 -2
36 4905 2
36 4935 2
37 158 2
37 314 2
37 404 2
37 478 -2
37 663 2
37 1203 -2
37 1288 2
37 1309 2
37 1372 2
37 1726 -2
37 1729 2
37 1867 2
37 2021 2
37 2264 2
37 2356 -2
37 2431 -2
37 2550 2
37 3030 -2
37 3288 -2
37 3405 2
37 3435 2
37 3840 2
37 3957 2
37 4409 -2
37 4793 2
37 4807 2
37 117 -2
37 221 -2
37 222 -2
37 925 2
37 1265 -2
37 1294 -2
37 1535 -2
37 1546 2
37 2255 2
37 2276 -2
37 2543 -2
37 2796 -2
37 3130 2
37 3596 -2
37 3713 -2
37 4526 2
37 4565 -2
38 120 2
38 138 2
38 210 2
38 216 -2
38 320 -2
38 397 -2
38 409 2
38 410 -2
38 411 -2
38 713 2
38 724 2
38 841 -2
38 1068 2
38 1218 -2
38 1436 2
38 1442 -2
38 1451 -2
38 1510 -2
38 1946 2
38 1976 -2
38 2334 2
38 2456 -2
38 2482 -2
38 2812 2
38 3490 2
38 4100 -2
38 4372 2
38 4555 2
38 4658 2
38 60 2
38 110 2
38 136 2
38 173 -2
38 175 2
38 331 -2
38 333 2
38 349 -2
38 628 2
38 924 -2
38 1012 2
38 1165 2
38 1313 -2
38 1538 2
38 1600 2
38 1774 -2
38 1970 -2
38 4981 2
38 2224 -2
38 2585 2
38 2760 2
38 2828 2
38 2880 2
38 2942 2
38 2980 -2
38 2983 2
38 3111 -2
38 3147 2
38 3207 2
38 3314 2
38 3653 2
38 3976 -2
38 4148 -2
38 4369 -2
39 52 2
39 53 2
39 64 2
39 108 2
39 126 2
39 153 -2
39 154 2
39 186 -2
39 247 -2
39 259 2
39 346 2
39 386 -2
39 387 2
39 405 2
39 436 2
39 480 2
39 546 2
39 562 -2
39 594 -2
39 599 2
39 612 2
39 670 -2
39 684 2
39 711 -2
39 811 2
39 834 -2
39 863 -2
39 876 2
39 894 -2
39 913 -2
39 1016 -2
39 1118 -2
39 1131 2
39 1173 -2
39 1318 -2
39 1331 -2
39 1352 -2
39 1374 2
39 1415 -2
39 1426 2
39 1483 -2
39 1503 2
39 1524 -2
39 1573 -2
39 1660 -2
39 1716 -2
39 1825 -2
39 1886 -2
39 2031 -2
39 2179 -2
39 2299 2
39 2569 2
39 2571 -2
39 2590 -2
39 2686 -2
39 2706 2
39 2724 -2
39 2923 -2
39 2972 2
39 3220 2
39 3232 -2
39 4964 2
39 3522 2
39 3605 2
39 3613 2
39 3782 -2
39 3843 2
39 3982 2
39 3984 2
39 4121 -2
39 4128 2
39 4218 -2
39 4248 2
39 4446 2
39 4465 -2
39 4501 -2
39 4714 -2
39 4733 -2
39 4779 -2
39 4804 -2
39 4863 2
39 58 2
39 86 -2
39 151 -2
39 213 -2
39 216 -2
39 277 2
39 382 -2
39 462 -2
39 471 -2
39 635 2
39 643 -2
39 877 -2
39 992 2
39 1149 2
39 1364 2
39 1416 2
39 1452 2
39 1931 2
39 2034 -2
39 2134 -2
39 2613 -2
39 2784 -2
39 2803 -2
39 2891 2
39 3304 2
39 3352 2
39 3380 -2
39 3382 -2
39 3592 -2
39 3620 2
39 3621 2
39 3699 -2
39 3912 -2
39 4333 2
39 4362 -2
39 4544 2
40 58 2
40 78 -2
40 92 2
40 122 -2
40 164 2
40 195 2
40 265 -2
40 349 -2
40 376 -2
40 509 -2
40 586 -2
40 697 2
40 783 -2
40 890 -2
40 925 -2
40 1123 -2
40 1213 -2
40 1706 -2
40 1722 2
40 1807 -2
40 2251 2
40 2473 -2
40 2853 -2
40 2946 -2
40 3159 -2
40 3339 2
40 3472 2
40 3685 -2
40 3976 -2
40 4001 -2
40 4017 2
40 4040 2
40 4297 2
40 4342 -2
40 4432 2
40 4517 2
40 4593 -2
40 4618 -2
40 4785 2
40 42 2
40 45 2
40 51 2
40 81 2
40 83 -2
40 84 2
40 107 -2
40 159 -2
40 160 -2
40 174 2
40 180 2
40 223 2
40 292 -2
40 400 2
40 460 -2
40 483 2
40 520 -2
40 533 -2
40 549 2
40 605 -2
40 609 -2
40 661 2
40 711 -2
40 752 2
40 755 2
40 933 2
40 1034 2
40 1040 -2
40 1195 2
40 1243 -2
40 1250 -2
40 1365 -2
40 1456 -2
40 1510 -2
40 1658 -2
40 1783 2
40 1834 -2
40 1880 -2
40 1918 -2
40 1984 2
40 2017 -2
40 2036 2
40 2210 2
40 2212 2
40 2245 2
40 2282 -2
40 2347 -2
40 2396 2
40 2488 -2
40 2499 -2
40 2537 2
40 2780 2
40 2889 2
40 3222 2
40 3528 2
40 3721 2
40 3754 -2
40 3849 2
40 4209 -2
40 4230 2
40 4644 2
40 4813 2
41 364 2
41 427 2
41 508 -2
41 631 -2
41 794 -2
41 968 2
41 991 2
41 1091 -2
41 1224 2
41 1252 -2
41 1301 2
41 1413 -2
41 1585 -2
41 1845 -2
41 2317 2
41 2747 2
41 3127 -2
41 3544 -2
41 4038 2
41 4613 -2
41 4626 2
41 204 2
41 397 -2
41 486 2
41 615 2
41 1300 2
41 1483 2
41 1734 2
41 1743 2
41 1912 2
41 1976 -2
41 1993 -2
41 2214 2
41 2781 -2
41 2994 -2
41 3455 2
41 3477 -2
41 3625 2
41 3925 2
41 4895 -2
41 4920 2
42 72 -2
42 128 2
42 143 -2
42 193 -2
42 202 -2
42 227 -2
42 325 -2
42 469 2
42 944 2
42 1013 -2
42 1110 -2
42 1238 2
42 1250 -2
42 1457 2
42 1519 2
42 1657 -2
42 1833 -2
42 2364 2
42 2906 -2
42 3084 2
42 3368 -2
42 3370 2
42 3470 -2
42 3783 -2
42 4141 -2
42 4339 2
42 4373 2
42 4479 2
42 45 2
42 51 2
42 63 2
42 68 -2
42 81 2
42 94 2
42 107 -2
42 125 -2
42 133 2
42 239 -2
42 295 -2
42 345 2
42 350 -2
42 368 2
42 490 -2
42 510 -2
42 538 2
42 576 2
42 578 2
42 634 -2
42 658 -2
42 673 -2
42 742 2
42 743 2
42 898 -2
42 1014 2
42 1193 2
42 1243 -2
42 1324 2
42 1608 2
42 1713 -2
42 1872 -2
42 2017 2
42 2028 -2
42 2036 2
42 2377 2
42 2391 2
42 2439 -2
42 2557 2
42 2771 2
42 2807 2
42 2821 -2
42 3087 -2
42 3125 -2
42 3136 -2
42 3389 2
42 3425 2
42 3593 -2
42 3718 2
42 3756 2
42 3849 -2
42 4172 -2
42 4215 -2
42 4313 2
42 4371 -2
42 4424 -2
42 4529 2
42 4577 -2
42 4663 -2
42 4730 -2
42 4859 2
42 4887 -2
42 4915 -2
43 76 2
43 357 -2
43 695 2
43 1507 -2
43 3278 -2
43 3759 2
43 79 2
43 101 -2
43 121 -2
43 171 -2
43 187 -2
43 289 2
43 360 2
43 394 2
43 809 2
43 865 -2
43 916 2
43 945 2
43 1134 2
43 1308 -2
43 1441 2
43 1568 2
43 1574 2
43 2178 -2
43 2648 2
43 3226 2
43 3316 2
43 3547 -2
43 4099 2
43 4286 -2
44 69 2
44 75 2
44 99 2
44 127 -2
44 142 2
44 284 2
44 523 2
44 820 2
44 1020 -2
44 1231 2
44 2752 2
44 3083 -2
44 3431 -2
44 3458 -2
44 3858 -2
44 4117 -2
44 4204 2
44 4335 -2
44 4906 -2
44 62 2
44 85 -2
44 97 2
44 181 -2
44 196 -2
44 203 -2
44 210 -2
44 225 -2
44 390 -2
44 470 2
44 542 2
44 653 2
44 665 -2
44 732 2
44 766 2
44 1009 -2
44 1030 -2
44 1202 -2
44 1321 2
44 1509 2
44 1514 2
44 1607 2
44 1915 -2
44 1928 2
44 2083 -2
44 2195 2
44 2219 -2
44 2408 -2
44 2482 -2
44 2508 2
44 2861 -2
44 2870 2
44 3071 2
44 3115 -2
44 3158 -2
44 3223 2
44 3354 2
44 3772 -2
44 4974 -2
44 4598 2
45 93 -2
45 231 2
45 331 -2
45 744 -2
45 823 -2
45 1065 2
45 1191 2
45 1437 -2
45 1745 2
45 2029 2
45 2339 2
45 3330 2
45 3494 2
45 3933 2
45 4492 2
45 63 -2
45 68 -2
45 81 -2
45 84 2
45 127 2
45 141 -2
45 180 2
45 193 2
45 286 2
45 309 2
45 315 -2
45 398 2
45 561 2
45 711 -2
45 755 -2
45 936 -2
45 969 2
45 1094 2
45 1244 2
45 1267 2
45 1428 2
45 1465 -2
45 1689 -2
45 1706 2
45 1718 2
45 1903 2
45 2415 -2
45 2662 -2
45 3048 -2
45 3173 -2
45 3176 -2
45 3610 2
45 3721 -2
45 3754 -2
45 4053 2
45 4057 -2
45 4173 -2
45 4496 2
45 4694 -2
46 90 2
46 95 2
46 96 2
46 119 -2
46 148 -2
46 162 -2
46 176 2
46 204 -2
46 240 -2
46 368 2
46 383 -2
46 384 -2
46 432 -2
46 434 -2
46 600 2
46 809 -2
46 980 -2
46 1075 2
46 1397 -2
46 1485 2
46 1493 2
46 1566 2
46 1773 2
46 1899 -2
46 2260 -2
46 3170 2
46 3723 -2
46 4084 -2
46 4505 -2
46 4699 -2
46 4813 -2
46 122 2
46 149 2
46 218 2
46 439 2
46 1374 2
46 1603 -2
46 1676 2
46 1851 -2
46 1859 -2
46 3535 2
47 111 -2
47 192 2
47 197 2
47 220 -2
47 261 2
47 311 2
47 321 -2
47 337 -2
47 394 -2
47 402 -2
47 577 2
47 934 2
47 1082 -2
47 1169 2
47 1198 2
47 1414 -2
47 1532 -2
47 1827 -2
47 1915 -2
47 2060 2
47 2216 2
47 2446 -2
47 2926 2
47 3413 -2
47 4029 2
47 4034 2
47 4598 2
47 4652 -2
47 4916 2
47 4939 2
47 93 2
47 112 -2
47 129 -2
47 157 2
47 209 2
47 215 2
47 235 2
47 254 2
47 279 -2
47 437 2
47 646 2
47 763 -2
47 1197 -2
47 1508 2
47 1557 -2
47 1635 -2
47 1699 -2
47 1877 -2
47 2020 -2
47 2118 -2
47 2405 -2
47 2505 2
47 2810 2
47 3040 -2
47 3261 -2
47 3291 -2
47 3424 2
47 3677 -2
47 3974 2
47 4242 -2
47 4316 -2
47 4436 -2
47 4545 -2
48 144 2
48 361 -2
48 413 -2
48 442 2
48 680 -2
48 683 -2
48 1182 2
48 1345 2
48 1740 2
48 2075 2
48 2296 2
48 3002 -2
48 3043 -2
48 3346 2
48 3630 -2
48 57 2
48 91 -2
48 92 -2
48 165 2
48 185 2
48 200 2
48 226 2
48 269 -2
48 282 -2
48 320 2
48 456 -2
48 479 2
48 494 -2
48 701 -2
48 713 2
48 938 -2
48 1036 2
48 1108 2
48 1241 2
48 1257 2
48 1501 2
48 1582 2
48 1687 2
48 1843 2
48 2031 -2
48 2116 -2
48 2191 2
48 2550 2
48 2625 -2
48 2756 -2
48 2923 -2
48 3039 2
48 3079 -2
48 3353 2
48 3913 2
48 4090 2
48 4183 -2
48 4409 2
48 4828 -2
49 65 -2
49 105 2
49 159 -2
49 179 -2
49 233 2
49 252 -2
49 280 2
49 355 2
49 467 2
49 569 -2
49 575 -2
49 589 2
49 605 2
49 617 2
49 656 2
49 757 -2
49 941 2
49 1399 -2
49 1634 -2
49 1647 2
49 1814 -2
49 1916 -2
49 1977 2
49 2057 -2
49 2214 -2
49 2282 -2
49 2392 -2
49 2691 -2
49 2775 -2
49 2833 -2
49 2989 2
49 3140 -2
49 3213 -2
49 3335 2
49 3549 2
49 3979 -2
49 4478 2
49 4662 2
49 4848 -2
49 87 2
49 161 2
49 184 2
49 249 2
49 519 2
49 586 2
49 619 -2
49 660 2
49 1029 -2
49 1258 -2
49 1260 -2
49 1516 2
49 1526 2
49 1617 -2
49 1637 -2
49 1813 2
49 2313 -2
49 2728 -2
49 2742 2
49 3160 2
49 3666 2
49 4024 2
49 4303 -2
49 4422 2
49 4788 -2
49 4921 2
50 51 2
50 83 -2
50 86 -2
50 125 2
50 174 -2
50 207 2
50 293 2
50 332 -2
50 343 2
50 430 -2
50 479 -2
50 548 -2
50 571 2
50 610 2
50 710 -2
50 773 2
50 1259 2
50 1316 2
50 1332 -2
50 1552 2
50 1812 2
50 1906 -2
50 1919 2
50 1965 2
50 2159 2
50 2207 2
50 2470 2
50 2623 -2
50 4962 2
50 3062 -2
50 3284 -2
50 3516 -2
50 3652 2
50 3678 2
50 3777 -2
50 3790 -2
50 3803 2
50 3901 -2
50 3990 2
50 4313 -2
50 4362 -2
50 4366 -2
50 4383 -2
50 4601 -2
50 4709 -2
50 4717 -2
50 64 2
50 77 2
50 116 2
50 162 2
50 183 -2
50 335 -2
50 384 2
50 391 2
50 476 2
50 487 2
50 697 -2
50 746 -2
50 778 2
50 949 -2
50 983 -2
50 1000 -2
50 1065 2
50 1128 -2
50 1296 2
50 1333 2
50 1437 -2
50 1464 -2
50 1475 2
50 1555 -2
50 1629 2
50 2015 -2
50 2361 -2
50 2689 -2
50 2774 2
50 2882 -2
50 2934 -2
50 3287 2
50 3357 -2
50 3604 -2
50 3659 -2
50 3757 -2
50 3768 -2
50 3978 -2
50 4207 2
50 4394 -2
50 4419 -2
50 4720 -2
51 125 2
51 83 2
51 94 2
51 95 2
51 107 -2
51 174 -2
51 281 2
51 295 -2
51 368 2
51 389 -2
51 412 2
51 418 2
51 616 2
51 658 -2
51 673 2
51 742 2
51 786 2
51 889 2
51 1251 -2
51 1270 2
51 1336 2
51 1570 -2
51 1677 -2
51 1758 2
51 1967 -2
51 2090 2
51 2193 2
51 2233 -2
51 2500 -2
51 2563 2
51 2658 2
51 3004 -2
51 3087 2
51 3319 -2
51 3844 2
51 4071 2
51 4167 2
51 4211 2
51 4320 -2
51 4433 -2
51 4502 -2
51 4745 2
51 4801 -2
52 108 -2
52 480 -2
52 711 2
52 1382 2
52 2031 2
52 3765 -2
52 3843 -2
52 4740 2
52 119 -2
52 283 -2
52 306 -2
52 648 2
52 691 -2
52 712 -2
52 723 -2
52 876 -2
52 1454 -2
52 1565 2
52 1645 -2
52 1907 2
52 2130 2
52 2524 2
52 2708 2
52 2902 -2
52 3191 -2
52 3590 -2
52 4259 2
53 64 -2
53 154 2
53 183 2
53 242 2
53 268 -2
53 386 2
53 562 -2
53 649 -2
53 670 2
53 894 2
53 992 2
53 1073 2
53 1181 2
53 1418 -2
53 1553 2
53 1712 2
53 1786 2
53 1853 -2
53 1918 2
53 1984 -2
53 2078 2
53 2206 2
53 2410 -2
53 2443 -2
53 2689 2
53 2774 -2
53 2932 -2
53 3161 2
53 3191 2
53 3537 -2
53 3538 -2
53 3838 -2
53 4238 -2
53 4446 2
53 4501 -2
53 4902 -2
53 56 2
53 135 2
53 158 -2
53 262 2
53 272 2
53 273 -2
53 297 2
53 370 2
53 405 -2
53 436 -2
53 441 -2
53 593 -2
53 623 2
53 738 -2
53 1103 2
53 1407 2
53 1612 -2
53 1714 -2
53 1842 -2
53 2092 -2
53 2125 -2
53 2204 -2
53 2284 -2
53 2455 2
53 2556 2
53 4984 2
53 2783 -2
53 2820 -2
53 2925 2
53 3271 -2
53 3300 2
53 3512 2
53 3669 -2
53 3749 2
53 3802 -2
53 3855 2
53 4062 -2
53 4192 2
53 4844 -2
54 61 2
54 67 -2
54 89 -2
54 91 2
54 102 -2
54 114 2
54 147 2
54 316 2
54 388 2
54 398 -2
54 462 2
54 621 -2
54 646 2
54 679 -2
54 732 2
54 796 -2
54 1178 -2
54 1277 2
54 1383 -2
54 1489 -2
54 1518 -2
54 1636 2
54 1841 2
54 2147 2
54 2218 2
54 2362 2
54 2403 2
54 2876 -2
54 2976 2
54 3050 -2
54 3202 -2
54 3426 -2
54 3892 -2
54 4197 -2
54 4700 2
54 177 2
54 526 2
54 759 -2
54 1144 -2
54 1409 -2
54 1530 2
54 1625 -2
54 1788 -2
54 1980 2
54 2076 2
54 2086 2
54 2356 -2
54 2411 -2
54 2532 2
54 2717 2
54 2874 2
54 3001 -2
54 3164 -2
54 3537 -2
54 3922 2
54 3930 2
54 4033 -2
54 4166 -2
54 4226 2
54 4948 2
55 62 2
55 107 -2
55 674 -2
55 699 2
55 1076 -2
55 1325 2
55 1754 -2
55 1974 2
55 2275 -2
55 2281 2
55 2336 2
55 2370 2
55 3554 2
55 4520 2
55 72 2
55 102 2
55 118 2
55 139 -2
55 294 2
55 432 2
55 572 -2
55 783 -2
55 802 -2
55 4973 -2
55 1219 2
55 1306 -2
55 1618 -2
55 1690 2
55 1692 2
55 1857 -2
55 1879 2
55 1951 -2
55 2321 -2
55 2494 -2
55 3055 2
55 3074 2
55 3270 -2
55 4495 2
56 294 2
56 309 2
56 327 -2
56 435 2
56 725 -2
56 739 -2
56 870 2
56 1021 2
56 1039 -2
56 1102 2
56 1263 2
56 1571 -2
56 1820 -2
56 1930 2
56 2157 2
56 2453 2
56 2547 -2
56 2554 2
56 3147 -2
56 3195 -2
56 3504 2
56 3758 -2
56 4425 -2
56 4720 2
56 74 -2
56 135 -2
56 205 2
56 436 2
56 508 2
56 811 2
56 1201 -2
56 1407 -2
56 3440 -2
56 3834 -2
57 70 2
57 85 -2
57 134 -2
57 264 -2
57 340 -2
57 369 2
57 377 -2
57 431 -2
57 666 2
57 675 2
57 790 -2
57 929 -2
57 1083 2
57 1300 2
57 1549 -2
57 1620 -2
57 1757 -2
57 1796 2
57 1817 -2
57 1849 -2
57 1891 2
57 2288 2
57 2605 2
57 2714 2
57 2795 2
57 2895 2
57 2942 2
57 2983 -2
57 3228 -2
57 3491 2
57 3606 -2
57 3637 2
57 3749 2
57 3942 2
57 82 2
57 185 2
57 190 2
57 456 -2
57 1050 -2
57 1108 -2
57 1399 -2
57 1491 -2
57 1662 2
57 1953 -2
57 2098 -2
57 2272 -2
57 2413 -2
57 2843 2
57 3658 -2
57 3838 -2
57 4000 -2
57 4106 -2
57 4133 2
57 4183 2
58 122 -2
58 160 2
58 195 -2
58 286 -2
58 466 -2
58 602 -2
58 789 -2
58 833 -2
58 1066 -2
58 1388 -2
58 1972 -2
58 151 2
58 382 2
58 431 2
58 462 2
58 617 -2
58 635 2
58 674 2
58 1142 2
58 1228 2
58 1498 2
58 1748 -2
58 2134 2
58 2784 2
58 2791 -2
58 2840 -2
58 2944 -2
58 3304 -2
58 3382 -2
58 3670 -2
58 3773 2
58 3813 -2
58 3906 -2
58 4139 2
58 4265 2
59 74 2
59 98 2
59 121 -2
59 146 -2
59 239 -2
59 338 2
59 341 2
59 348 -2
59 360 2
59 422 2
59 424 2
59 501 -2
59 514 -2
59 778 2
59 792 2
59 904 2
59 950 2
59 1029 -2
59 1126 -2
59 1304 2
59 1342 -2
59 1438 2
59 1502 -2
59 1528 -2
59 1696 -2
59 2430 2
59 2567 -2
59 2609 -2
59 2660 2
59 2770 2
59 2960 2
59 3133 -2
59 4048 -2
59 4185 2
59 4302 2
59 4306 -2
59 4312 -2
59 4684 -2
59 217 -2
59 290 2
59 305 2
59 485 -2
59 1024 2
59 1638 -2
59 1904 -2
59 1948 -2
59 1968 -2
59 2040 -2
59 2235 -2
59 3044 2
59 3070 -2
59 3209 -2
59 3365 2
59 3417 2
59 3519 2
59 3799 2
59 4239 2
59 4734 -2
60 151 -2
60 248 -2
60 303 2
60 315 2
60 417 2
60 1266 -2
60 1335 -2
60 1439 -2
60 3376 -2
60 3425 2
60 3464 -2
60 3716 -2
60 3778 -2
60 4146 2
60 4222 2
60 110 2
60 136 -2
60 140 -2
60 186 2
60 331 2
60 349 2
60 651 -2
60 843 -2
60 924 2
60 975 -2
60 1283 2
60 1285 -2
60 1310 -2
60 1313 2
60 1371 -2
60 1388 2
60 1461 2
60 4985 2
60 1723 -2
60 1807 -2
60 2019 2
60 2186 2
60 2224 -2
60 2310 2
60 2511 2
60 2617 2
60 2699 -2
60 2824 -2
60 2828 2
60 2832 2
60 2864 -2
60 2880 2
60 2980 2
60 3057 -2
60 3154 -2
60 3522 2
60 3618 2
60 3653 2
60 3797 -2
60 4538 -2
61 89 -2
61 91 2
61 102 -2
61 129 -2
61 150 2
61 217 -2
61 257 2
61 273 2
61 275 -2
61 291 2
61 345 -2
61 462 -2
61 578 2
61 622 2
61 804 -2
61 807 2
61 830 -2
61 872 -2
61 1164 -2
61 1199 -2
61 1277 2
61 1278 2
61 1354 -2
61 1396 -2
61 1431 -2
61 1587 -2
61 1641 -2
61 1661 -2
61 2147 -2
61 2171 -2
61 2187 -2
61 2321 2
61 2617 2
61 2634 -2
61 2659 -2
61 2738 2
61 3093 2
61 3103 -2
61 3135 2
61 3704 -2
61 3734 -2
61 3829 -2
61 4023 2
61 4115 2
61 4197 -2
61 4406 2
61 67 -2
61 142 2
61 248 -2
61 401 2
61 991 -2
61 1141 -2
61 1342 2
61 1556 -2
61 1693 2
61 1711 -2
61 1833 -2
61 2546 -2
61 2793 -2
61 2965 -2
61 2984 -2
61 3395 -2
62 141 -2
62 278 2
62 537 2
62 563 -2
62 774 2
62 1076 -2
62 1080 2
62 1394 -2
62 1732 2
62 1861 2
62 1974 -2
62 1980 2
62 2252 -2
62 2678 -2
62 3037 -2
62 3244 2
62 4419 2
62 4488 -2
62 4796 2
62 96 -2
62 153 2
62 154 -2
62 176 -2
62 199 2
62 258 2
62 296 2
62 413 -2
62 649 -2
62 693 2
62 766 2
62 768 -2
62 805 -2
62 1009 -2
62 1671 2
62 2219 -2
62 3158 2
62 3303 -2
62 3690 2
62 3951 2
63 823 2
63 2029 2
63 2194 -2
63 2215 2
63 68 -2
63 125 2
63 127 -2
63 141 -2
63 163 2
63 239 -2
63 284 -2
63 286 -2
63 309 -2
63 315 -2
63 350 -2
63 424 -2
63 603 2
63 636 -2
63 688 2
63 1193 -2
63 1373 -2
63 2072 2
63 2205 -2
63 2363 -2
63 2372 -2
63 3204 2
63 3459 -2
63 3498 2
63 3568 -2
63 3593 -2
63 3718 2
63 4041 2
63 4134 2
63 4173 -2
63 4476 2
63 4510 -2
63 4548 -2
63 4604 -2
63 4748 2
64 386 2
64 2179 2
64 4863 -2
64 75 -2
64 183 2
64 509 2
64 697 2
64 746 2
64 749 -2
64 765 2
64 967 -2
64 1092 -2
64 1297 -2
64 1524 -2
64 1660 -2
64 1831 2
64 2095 -2
64 2486 -2
64 2676 -2
64 2748 -2
64 2836 -2
64 3041 2
64 3080 -2
64 3103 2
64 3285 -2
64 3287 -2
64 3652 2
64 3768 -2
64 3978 2
64 4123 -2
64 4966 -2
64 4204 2
64 4232 -2
64 4499 2
64 4669 2
64 4751 -2
65 87 2
65 159 2
65 179 2
65 260 2
65 280 -2
65 298 -2
65 355 2
65 372 2
65 423 2
65 465 -2
65 467 -2
65 477 2
65 554 -2
65 560 -2
65 566 -2
65 589 -2
65 767 2
65 832 2
65 848 2
65 886 -2
65 888 2
65 976 -2
65 990 -2
65 1026 -2
65 1064 2
65 1262 -2
65 1360 2
65 1484 2
65 1607 -2
65 1627 2
65 1834 2
65 1888 -2
65 1926 2
65 2057 -2
65 2091 2
65 2092 -2
65 2153 2
65 2189 -2
65 2441 2
65 2455 -2
65 2528 2
65 2628 2
65 2833 -2
65 2835 2
65 2840 -2
65 2844 -2
65 3048 -2
65 3433 2
65 3532 -2
65 3549 2
65 3718 -2
65 3819 2
65 3835 2
65 3937 2
65 4174 2
65 4422 -2
65 4777 2
65 78 -2
65 166 -2
65 208 2
65 236 -2
65 268 2
65 270 -2
65 328 2
65 362 2
65 371 -2
65 571 2
65 595 2
65 597 2
65 672 -2
65 813 2
65 1025 -2
65 1066 -2
65 1619 -2
65 1666 2
65 1686 2
65 1776 -2
65 1777 -2
65 1983 -2
65 2051 -2
65 2061 -2
65 2177 2
65 2184 2
65 2387 2
65 2754 -2
65 2792 -2
65 2847 2
65 2956 -2
65 3408 2
65 3573 -2
65 3689 -2
65 3771 2
65 3774 2
65 3915 -2
65 4223 2
65 4396 2
66 94 2
66 1598 2
66 1626 2
66 2385 -2
66 2598 -2
66 3180 -2
66 3237 -2
66 4983 2
66 89 -2
66 90 -2
66 104 -2
66 143 2
66 632 2
66 917 2
66 954 2
66 1042 2
66 1076 -2
66 1145 -2
66 1171 2
66 1181 2
66 1269 -2
66 1542 -2
66 1564 -2
66 1579 -2
66 1641 -2
66 1763 -2
66 2156 -2
66 2179 2
66 2402 -2
66 2601 2
66 2765 -2
66 2809 2
66 4840 -2
67 114 2
67 147 -2
67 212 -2
67 256 2
67 375 -2
67 400 2
67 448 -2
67 472 -2
67 4966 -2
67 922 -2
67 1305 2
67 1326 2
67 1383 -2
67 1508 2
67 1581 2
67 1944 -2
67 1947 2
67 1983 2
67 2376 -2
67 2531 -2
67 2826 -2
67 3111 -2
67 3264 2
67 3489 -2
67 4044 -2
67 4609 2
67 4737 -2
67 4832 2
67 142 -2
67 206 2
67 291 -2
67 440 2
67 443 2
67 544 2
67 696 2
67 744 2
67 856 2
67 991 2
67 1021 -2
67 1379 2
67 1593 -2
67 2005 -2
67 2307 -2
67 2990 -2
67 3084 -2
67 3189 2
67 3231 -2
67 3267 -2
67 3279 -2
67 3338 2
67 3362 -2
67 3397 2
67 3427 -2
67 3743 -2
67 3872 -2
67 3886 2
67 3940 -2
67 4108 -2
67 4140 2
67 4606 -2
67 4716 2
68 211 -2
68 270 -2
68 285 2
68 506 2
68 775 2
68 791 -2
68 1313 -2
68 1613 -2
68 1760 2
68 1802 -2
68 1917 -2
68 1921 -2
68 2011 -2
68 2066 -2
68 2118 -2
68 2519 -2
68 2776 2
68 2953 -2
68 3166 -2
68 3342 -2
68 3721 -2
68 4992 -2
68 4354 -2
68 4476 -2
68 125 -2
68 127 -2
68 163 2
68 261 2
68 318 -2
68 355 2
68 807 -2
68 1718 2
68 1736 2
68 3180 2
68 4038 -2
68 4119 -2
68 4510 2
68 4859 2
69 185 2
69 200 -2
69 523 2
69 538 -2
69 836 -2
69 875 2
69 947 -2
69 1020 2
69 1421 2
69 2195 2
69 2481 -2
69 156 2
69 169 2
69 267 -2
69 311 -2
69 423 -2
69 461 2
69 928 -2
69 1254 2
69 1636 -2
69 2014 -2
69 2643 -2
69 2741 2
69 2962 2
69 3668 2
69 4068 2
69 4306 2
69 4718 -2
69 4743 -2
69 4933 -2
70 81 -2
70 85 -2
70 377 2
70 647 2
70 662 -2
70 690 -2
70 790 2
70 828 -2
70 929 2
70 1083 -2
70 1124 -2
70 4955 -2
70 1739 2
70 1792 2
70 1796 2
70 2079 2
70 2099 2
70 2393 2
70 2592 2
70 2637 -2
70 2827 2
70 2880 2
70 3071 2
70 3233 2
70 3580 -2
70 3606 2
70 3730 -2
70 3749 2
70 3794 -2
70 3834 -2
70 3864 -2
70 4263 2
70 4750 -2
70 4905 -2
70 100 2
70 682 -2
70 1052 2
70 1548 2
70 1675 -2
70 4564 -2
71 389 2
71 1142 -2
71 1247 -2
71 2146 2
71 2732 -2
71 3112 2
71 4751 2
71 80 -2
71 170 2
71 276 -2
71 381 -2
71 387 -2
71 489 -2
71 622 -2
71 650 2
71 1064 2
71 1691 2
71 1733 2
71 1764 -2
71 2656 -2
71 2831 -2
71 3707 -2
71 4252 -2
71 4358 -2
72 128 2
72 193 2
72 202 -2
72 301 -2
72 944 -2
72 1457 2
72 1770 2
72 1951 2
72 2143 -2
72 2229 2
72 2340 -2
72 2526 -2
72 2719 2
72 4324 2
72 783 2
72 802 2
72 1692 -2
72 1809 -2
72 1924 -2
72 4156 2
73 77 2
73 100 -2
73 198 -2
73 205 -2
73 222 2
73 282 -2
73 299 -2
73 307 2
73 374 2
73 408 2
73 470 -2
73 539 -2
73 626 -2
73 993 -2
73 1101 -2
73 1184 2
73 1211 -2
73 1362 -2
73 1416 -2
73 1887 2
73 2036 2
73 2038 -2
73 2041 2
73 2084 2
73 2465 2
73 2944 -2
73 3040 2
73 3261 -2
73 3327 2
73 3492 2
73 3595 -2
73 3693 -2
73 3868 -2
73 4270 2
73 4359 -2
73 4528 2
73 4559 -2
73 4561 -2
73 4767 2
73 4818 2
73 105 2
73 147 2
73 347 -2
73 359 -2
73 637 2
73 702 -2
73 708 2
73 790 2
73 870 -2
73 1432 2
73 1507 -2
73 2293 -2
73 3949 -2
73 4245 2
73 4325 2
73 4737 2
74 101 2
74 104 -2
74 115 -2
74 121 -2
74 123 2
74 124 2
74 201 -2
74 239 2
74 272 -2
74 302 -2
74 305 -2
74 341 -2
74 416 -2
74 503 -2
74 553 2
74 652 -2
74 716 2
74 1245 -2
74 1289 2
74 1304 -2
74 1500 -2
74 1540 2
74 1789 -2
74 2130 -2
74 2180 2
74 2183 -2
74 2881 -2
74 2900 2
74 2961 2
74 3183 2
74 3257 2
74 3546 -2
74 3587 2
74 3793 -2
74 4140 -2
74 4180 -2
74 4272 -2
74 4306 -2
74 4532 -2
74 4799 -2
74 4913 2
74 205 -2
74 508 -2
74 729 -2
74 773 -2
74 1201 2
74 1397 2
74 2525 -2
75 97 2
75 99 2
75 109 2
75 110 -2
75 157 2
75 166 -2
75 188 2
75 189 2
75 326 -2
75 333 -2
75 425 2
75 493 2
75 544 2
75 549 -2
75 601 -2
75 623 2
75 633 -2
75 650 -2
75 1050 2
75 1109 2
75 1205 -2
75 1294 -2
75 1322 -2
75 1468 -2
75 1655 -2
75 1751 2
75 2169 2
75 2313 -2
75 2585 -2
75 2680 2
75 2716 -2
75 2794 -2
75 3083 -2
75 3263 -2
75 3295 2
75 3301 -2
75 3717 -2
75 3779 -2
75 3853 2
75 4054 2
75 4165 -2
75 4641 -2
75 155 2
75 232 2
75 509 -2
75 524 2
75 546 -2
75 816 2
75 967 -2
75 1297 -2
75 1420 2
75 1660 -2
75 1787 -2
75 1797 -2
75 1944 2
75 2748 2
75 3054 2
75 3212 -2
75 3266 -2
75 3635 -2
75 3944 -2
75 4460 2
75 4500 -2
75 4796 2
75 4809 2
75 4847 -2
76 558 -2
76 664 2
76 677 2
76 1085 -2
76 1144 -2
76 1419 -2
76 1857 2
76 2050 2
76 2080 2
76 2511 -2
76 2718 2
76 3510 2
76 3520 2
76 3759 -2
76 3965 -2
76 4759 2
76 123 -2
76 367 2
76 685 -2
76 3076 -2
76 4626 2
76 4676 2
77 100 2
77 136 2
77 205 2
77 222 -2
77 262 2
77 282 -2
77 299 2
77 444 -2
77 470 2
77 520 -2
77 632 -2
77 849 -2
77 928 2
77 988 2
77 1030 2
77 1111 -2
77 1184 2
77 1209 2
77 1255 2
77 1295 -2
77 1314 -2
77 1356 2
77 1494 -2
77 1741 2
77 1818 -2
77 1873 -2
77 2023 2
77 2081 -2
77 2193 -2
77 2248 -2
77 3695 2
77 3906 -2
77 3994 2
77 3996 2
77 4274 2
77 4377 2
77 4397 -2
77 4528 -2
77 4724 2
77 4929 -2
77 162 2
77 335 -2
77 487 2
77 681 -2
77 1053 -2
77 3757 -2
78 164 2
78 244 -2
78 349 -2
78 592 -2
78 765 2
78 1123 -2
78 1338 2
78 1659 -2
78 1890 -2
78 2276 2
78 4996 2
78 2602 2
78 2703 -2
78 3188 -2
78 3629 -2
78 3961 -2
78 4017 2
78 4196 2
78 4784 -2
78 4785 2
78 166 2
78 243 2
78 270 2
78 328 2
78 351 2
78 393 -2
78 791 2
78 970 -2
78 1004 2
78 1066 2
78 1093 2
78 1323 -2
78 2109 -2
78 2111 2
78 2567 2
78 2693 -2
78 2696 -2
78 2956 -2
78 3402 -2
79 113 -2
79 524 2
79 1119 -2
79 1648 2
79 1730 2
79 2054 2
79 3100 -2
79 98 2
79 101 -2
79 109 -2
79 121 -2
79 167 -2
79 187 2
79 189 2
79 197 2
79 253 -2
79 352 -2
79 419 2
79 425 2
79 447 2
79 458 2
79 641 -2
79 657 -2
79 945 -2
79 948 2
79 1295 2
79 1315 2
79 1568 -2
79 1624 -2
79 1726 -2
79 1762 -2
79 1892 2
79 1937 2
79 1978 -2
79 1995 2
79 2105 -2
79 2163 -2
79 2274 2
79 2412 2
79 2805 -2
79 2885 2
79 3037 2
79 3253 -2
79 3375 -2
79 3502 2
79 3599 -2
79 3702 2
79 4965 2
79 3835 -2
79 3945 2
79 4437 -2
79 4450 -2
79 4454 2
79 4468 2
79 4505 -2
79 4705 2
79 4925 2
80 225 -2
80 365 2
80 2211 2
80 2301 2
80 170 -2
80 231 -2
80 381 -2
80 503 -2
80 601 -2
80 622 2
80 686 -2
80 849 -2
80 2265 2
80 2656 -2
80 2778 2
80 4252 -2
80 4655 -2
80 4697 2
81 117 -2
81 191 2
81 229 2
81 308 -2
81 647 2
81 662 -2
81 1333 -2
81 1569 -2
81 1792 -2
81 2393 -2
81 2518 -2
81 2576 2
81 3080 -2
81 3233 -2
81 3826 -2
81 4162 2
81 4581 2
81 84 2
81 400 -2
81 753 -2
81 756 2
81 1237 2
81 1243 2
81 1834 -2
81 2391 -2
81 4142 2
81 4385 2
82 103 2
82 132 2
82 251 2
82 999 2
82 1306 2
82 2072 -2
82 2789 2
82 324 2
82 343 -2
82 415 -2
82 699 -2
82 721 2
82 1067 -2
82 1242 -2
82 1245 -2
82 1953 -2
82 2493 2
82 3190 -2
82 3570 2
82 3727 2
82 4133 -2
83 223 2
83 710 2
83 3756 -2
83 3803 -2
83 4717 2
83 174 -2
83 483 2
83 616 2
83 1195 2
83 1216 -2
83 1328 2
83 3824 2
83 4235 2
83 4539 -2
83 4851 -2
83 4876 2
84 175 2
84 196 -2
84 334 -2
84 1038 2
84 1447 -2
84 1459 2
84 1667 -2
84 1695 -2
84 2874 2
84 3612 -2
84 3673 -2
84 3811 2
84 4031 2
84 180 -2
84 292 -2
84 357 -2
84 400 -2
84 460 -2
84 533 -2
84 661 -2
84 666 -2
84 753 -2
84 818 -2
84 1008 -2
84 1046 -2
84 1148 2
84 1161 -2
84 1198 -2
84 1200 2
84 1266 -2
84 1539 2
84 1905 -2
84 2480 2
84 2789 -2
84 3048 -2
84 3234 -2
84 3826 2
84 4142 2
84 4440 -2
84 4683 -2
84 4761 2
85 377 2
85 690 2
85 828 2
85 1124 2
85 1300 2
85 2163 2
85 2318 -2
85 2983 2
85 3235 -2
85 3434 -2
85 3580 -2
85 3942 2
85 181 2
85 196 2
85 203 -2
85 225 2
85 465 -2
85 470 2
85 535 -2
85 542 -2
85 665 -2
85 732 -2
85 764 2
85 782 -2
85 841 2
85 913 2
85 1125 -2
85 1359 -2
85 1604 -2
85 1992 -2
85 2145 2
85 2408 -2
85 2686 -2
85 2869 -2
85 2947 2
85 2976 2
85 3018 2
85 3025 -2
85 3346 2
85 3354 2
85 3506 -2
85 4983 -2
85 4515 -2
85 4612 2
85 4852 -2
86 174 -2
86 219 2
86 548 -2
86 571 2
86 756 2
86 1310 2
86 1404 -2
86 1486 -2
86 2203 -2
86 2283 2
86 2285 -2
86 2323 -2
86 3009 -2
86 3113 2
86 3727 2
86 4012 2
86 4286 -2
86 4466 2
86 213 -2
86 366 -2
86 583 -2
86 689 2
86 886 2
86 1452 2
86 1931 -2
86 2641 -2
86 4910 -2
87 105 2
87 159 2
87 260 -2
87 372 2
87 423 -2
87 502 -2
87 560 -2
87 569 2
87 575 2
87 692 2
87 898 2
87 976 -2
87 1562 2
87 1704 -2
87 1904 -2
87 2160 -2
87 2952 -2
87 3206 -2
87 4493 -2
87 4758 -2
87 1258 2
87 1617 -2
87 1637 2
87 2243 -2
87 2426 2
87 2461 -2
87 2822 2
87 3160 2
87 3413 2
87 3918 -2
87 4853 -2
88 130 -2
88 161 -2
88 167 -2
88 171 2
88 235 -2
88 393 2
88 445 2
88 642 -2
88 747 -2
88 776 -2
88 878 2
88 1113 2
88 1311 2
88 1320 2
88 1628 2
88 1710 -2
88 1721 -2
88 2042 2
88 2103 -2
88 2205 -2
88 2656 2
88 2658 2
88 3019 2
88 3486 -2
88 3627 2
88 3960 2
88 4591 2
88 1385 2
89 91 -2
89 257 2
89 273 -2
89 291 -2
89 316 -2
89 398 -2
89 438 -2
89 614 2
89 622 2
89 869 2
89 883 -2
89 1115 -2
89 1199 -2
89 1302 -2
89 1449 2
89 1537 -2
89 1639 -2
89 1734 2
89 1969 2
89 2094 -2
89 2218 -2
89 2642 -2
89 2659 2
89 2892 2
89 2976 -2
89 3121 -2
89 3348 -2
89 3381 -2
89 3412 2
89 3569 -2
89 3798 2
89 3972 2
89 4253 -2
89 4482 2
89 4587 -2
89 4866 -2
89 90 -2
89 104 -2
89 128 2
89 130 -2
89 143 2
89 806 2
89 954 -2
89 961 -2
89 1042 2
89 1286 -2
89 1477 -2
89 1564 -2
89 1581 2
89 1665 -2
89 1672 -2
89 1741 -2
89 1817 2
89 1868 -2
89 2128 -2
89 2402 2
89 2552 2
89 2721 -2
89 2809 -2
89 3251 -2
89 3816 -2
89 3848 -2
89 4060 2
89 4179 -2
89 4382 -2
89 4546 -2
89 4735 2
90 119 -2
90 204 -2
90 330 2
90 336 2
90 461 -2
90 507 -2
90 854 2
90 4956 -2
90 1010 2
90 1063 2
90 1075 2
90 1397 2
90 1485 -2
90 1753 2
90 1804 -2
90 1899 -2
90 2233 -2
90 2263 2
90 2479 -2
90 2486 -2
90 2822 2
90 3372 2
90 3958 -2
90 4244 2
90 4787 -2
90 104 -2
90 128 -2
90 285 2
90 1665 -2
90 2128 2
90 2179 -2
90 3579 -2
90 3660 2
90 3794 2
90 4179 -2
90 4221 -2
90 4428 -2
91 102 2
91 129 -2
91 217 -2
91 281 2
91 291 2
91 310 2
91 316 2
91 345 2
91 438 -2
91 578 -2
91 615 2
91 679 -2
91 869 -2
91 910 -2
91 921 2
91 957 2
91 1100 -2
91 1147 2
91 1188 2
91 1302 -2
91 1355 -2
91 1412 -2
91 1465 -2
91 1582 2
91 1602 -2
91 1641 -2
91 1661 -2
91 1748 2
91 1898 -2
91 2106 2
91 2341 -2
91 2350 2
91 2395 -2
91 2478 2
91 2738 -2
91 2777 2
91 2899 -2
91 3146 2
91 3171 2
91 3426 2
91 3474 -2
91 3770 -2
91 3967 2
91 3975 -2
91 4264 2
91 4448 2
91 4646 -2
91 4653 2
91 4780 2
91 4894 -2
91 4932 2
91 92 -2
91 464 2
91 494 -2
91 851 -2
91 1241 -2
91 1760 -2
91 2459 2
91 2584 -2
91 2720 -2
91 3026 -2
91 3393 2
91 3697 -2
91 3868 -2
91 4420 -2
92 168 2
92 246 2
92 392 2
92 509 -2
92 586 2
92 709 -2
92 1035 2
92 1722 -2
92 2572 -2
92 2743 -2
92 3063 2
92 3304 -2
92 3428 2
92 3845 -2
92 165 -2
92 226 2
92 506 2
92 851 2
92 1210 2
92 1232 2
92 1241 2
92 1276 2
92 1309 -2
92 1367 -2
92 1804 2
92 2031 2
92 2459 2
92 2657 -2
92 3137 -2
92 3393 2
92 3438 2
92 4330 2
93 3229 2
93 3494 -2
93 112 2
93 209 -2
93 254 2
93 280 2
93 563 -2
93 588 2
93 985 2
93 3014 -2
93 3186 2
93 4153 -2
93 4178 2
93 4240 -2
93 4528 -2
94 1267 2
94 1674 2
94 1797 -2
94 2266 2
94 4983 2
94 95 2
94 133 -2
94 345 2
94 356 2
94 385 -2
94 505 -2
94 518 -2
94 574 2
94 658 2
94 740 2
94 1160 2
94 1168 -2
94 1519 2
94 1552 -2
94 1715 2
94 1722 -2
94 2023 -2
94 2258 -2
94 2336 -2
94 3021 -2
94 3138 -2
94 3199 -2
94 3319 -2
94 3514 -2
94 3934 2
94 4083 2
94 4116 -2
94 4320 2
94 4647 -2
94 4730 2
95 96 -2
95 162 -2
95 232 2
95 304 -2
95 384 2
95 440 -2
95 451 2
95 527 2
95 535 2
95 723 2
95 813 -2
95 846 -2
95 860 2
95 4999 2
95 1146 2
95 4997 2
95 1629 2
95 1811 2
95 2030 -2
95 3970 2
95 281 -2
95 1270 -2
95 1715 2
95 1921 -2
95 2500 -2
95 3199 -2
95 3319 -2
95 3437 2
95 4294 -2
96 176 2
96 290 2
96 384 -2
96 437 -2
96 980 2
96 1317 -2
96 1687 2
96 2797 2
96 2798 -2
96 3893 2
96 4090 2
96 4505 -2
96 4781 2
96 153 2
96 258 2
96 296 -2
96 300 2
96 323 -2
96 325 2
96 354 2
96 378 2
96 417 -2
96 450 -2
96 452 2
96 474 2
96 504 2
96 536 -2
96 592 2
96 709 -2
96 715 2
96 735 -2
96 769 2
96 800 2
96 805 2
96 820 -2
96 844 -2
96 874 2
96 879 2
96 1088 2
96 1172 -2
96 1176 2
96 1183 -2
96 1253 2
96 1480 2
96 1720 -2
96 1729 2
96 1795 -2
96 1925 -2
96 2099 2
96 2187 -2
96 2305 -2
96 2344 2
96 2555 2
96 2827 2
96 2862 2
96 2979 2
96 3007 2
96 3090 2
96 3159 2
96 3187 -2
96 3449 -2
96 3523 2
96 3558 -2
96 3729 -2
96 4048 -2
96 4326 2
96 4375 2
96 4560 -2
96 4710 2
96 4744 2
97 166 -2
97 258 2
97 333 2
97 403 -2
97 633 2
97 698 -2
97 787 -2
97 943 -2
97 967 -2
97 1109 -2
97 1353 -2
97 2182 2
97 2387 2
97 2618 2
97 2695 -2
97 2917 -2
97 3083 2
97 3123 -2
97 4981 2
97 4654 -2
97 230 2
97 880 2
97 881 -2
97 891 -2
97 963 -2
97 1104 -2
97 1681 2
97 2081 2
97 2508 -2
97 2609 2
97 2788 -2
97 4453 -2
98 360 2
98 422 2
98 426 2
98 871 2
98 1143 -2
98 1297 2
98 1402 2
98 1558 -2
98 1743 -2
98 2660 -2
98 2909 -2
98 3509 -2
98 3526 -2
98 4795 2
98 109 2
98 197 2
98 293 2
98 307 -2
98 395 -2
98 408 -2
98 530 2
98 606 -2
98 1229 2
98 1295 -2
98 1427 2
98 1726 2
98 2417 -2
98 2805 2
98 3260 -2
98 3876 2
98 4149 -2
98 4468 -2
98 4857 -2
99 109 2
99 127 2
99 142 2
99 157 -2
99 172 2
99 189 -2
99 194 2
99 199 2
99 213 -2
99 215 2
99 234 2
99 241 2
99 263 2
99 313 -2
99 328 -2
99 342 -2
99 353 -2
99 362 -2
99 366 -2
99 367 -2
99 380 2
99 450 -2
99 463 -2
99 476 -2
99 487 2
99 498 -2
99 595 -2
99 653 2
99 661 2
99 4984 -2
99 700 -2
99 704 -2
99 720 -2
99 736 2
99 755 -2
99 764 2
99 768 2
99 801 -2
99 821 -2
99 840 -2
99 844 2
99 858 2
99 865 2
99 884 -2
99 1256 -2
99 1285 2
99 1294 2
99 1445 2
99 1468 -2
99 1473 -2
99 1512 -2
99 1538 2
99 1548 -2
99 1711 2
99 1775 2
99 1782 -2
99 1949 -2
99 1957 2
99 1964 -2
99 2010 -2
99 2155 -2
99 2324 2
99 2363 2
99 2382 -2
99 2416 2
99 2442 2
99 2739 -2
99 2985 -2
99 3150 2
99 3163 2
99 3189 -2
99 3216 -2
99 3269 -2
99 3399 2
99 3451 -2
99 3498 -2
99 3545 -2
99 3645 2
99 3699 2
99 3842 2
99 3881 2
99 3931 -2
99 3999 -2
99 4043 2
99 4085 -2
99 4095 -2
99 4124 2
99 4153 2
99 4157 -2
99 4171 2
99 4400 -2
99 4605 -2
99 4659 -2
99 4811 2
99 4893 -2
99 195 2
99 334 -2
99 414 -2
99 608 2
99 1001 2
99 1020 -2
99 1430 2
99 1489 -2
99 4988 2
99 1586 -2
99 4960 -2
99 1830 2
99 1845 2
99 2190 2
99 2199 2
99 2269 2
99 2332 2
99 2845 2
99 2928 2
99 2960 2
99 3171 2
99 4410 -2
99 4567 2
99 4680 -2
100 222 -2
100 262 2
100 444 2
100 986 2
100 1072 2
100 1416 2
100 1458 -2
100 1536 2
100 2041 2
100 2248 -2
100 2929 -2
100 3040 -2
100 4323 2
100 4637 -2
100 4767 -2
100 4773 2
100 144 2
100 337 -2
100 682 2
100 1052 2
100 1060 2
100 3887 2
100 3917 -2
101 104 2
101 115 2
101 416 -2
101 1709 2
101 2183 2
101 3116 -2
101 3552 2
101 4389 2
101 4503 2
101 4521 -2
101 4578 2
101 4849 -2
101 167 -2
101 171 -2
101 187 2
101 189 -2
101 211 -2
101 244 -2
101 250 2
101 289 -2
101 419 -2
101 425 -2
101 447 2
101 654 2
101 659 -2
101 731 2
101 993 2
101 1007 2
101 1043 2
101 1134 -2
101 1302 -2
101 1450 2
101 1536 -2
101 1559 -2
101 1651 2
101 2000 2
101 2146 2
101 2216 -2
101 2355 -2
101 2389 -2
101 2430 2
101 2974 -2
101 3068 2
101 3341 2
101 3720 2
101 4404 2
102 129 -2
102 462 -2
102 2171 2
102 3135 -2
102 3474 -2
102 103 -2
102 118 -2
102 137 -2
102 139 2
102 264 -2
102 341 2
102 353 2
102 376 -2
102 492 -2
102 935 2
102 994 2
102 1219 2
102 1329 -2
102 1355 -2
102 1384 2
102 1400 -2
102 1609 2
102 1808 2
102 1951 -2
102 2052 2
102 2514 2
102 2519 2
102 2554 -2
102 2635 2
102 2899 2
102 3426 -2
102 3478 2
102 3517 2
102 3648 2
102 3807 -2
102 3810 2
102 4321 2
102 4888 2
103 824 2
103 341 -2
103 353 -2
103 808 2
103 1909 -2
103 2448 -2
103 4162 -2
104 716 2
104 1135 2
104 1500 2
104 2183 2
104 2900 2
104 2937 2
104 3116 2
104 3587 2
104 3594 2
104 4503 -2
104 4543 -2
104 143 -2
104 285 2
104 917 2
104 1145 -2
104 1171 -2
104 1477 -2
104 1894 2
104 1923 2
104 3682 2
104 4179 -2
104 4243 2
104 4382 -2
105 502 2
105 898 -2
105 1107 -2
105 1977 2
105 3203 -2
105 4493 2
105 147 2
105 228 -2
105 364 2
105 637 2
105 706 -2
105 784 -2
105 953 -2
105 981 2
105 1138 2
105 1154 2
105 1189 2
105 1474 -2
105 1832 -2
105 1911 -2
105 2119 2
105 2285 2
105 2351 -2
105 3325 -2
105 3591 2
105 3818 2
105 4017 2
105 4633 -2
106 131 -2
106 1398 2
106 1450 -2
106 178 -2
106 179 -2
106 212 -2
106 234 -2
106 246 2
106 265 2
106 314 -2
106 322 2
106 340 -2
106 512 -2
106 761 -2
106 819 2
106 835 2
106 842 -2
106 858 2
106 873 2
106 1041 2
106 1174 -2
106 1199 -2
106 1211 -2
106 1440 2
106 1488 2
106 1696 2
106 1765 -2
106 2427 -2
106 2548 2
106 2604 -2
106 2839 -2
106 3211 -2
106 4013 2
106 4138 2
106 4262 2
106 4282 2
106 4430 2
106 4507 2
107 699 2
107 1232 -2
107 2281 -2
107 2336 -2
107 2581 -2
107 4234 -2
107 418 -2
107 743 2
107 2036 2
107 2462 -2
107 4313 2
107 4371 -2
107 4424 -2
108 126 2
108 480 2
108 1382 -2
108 4964 2
108 2310 -2
108 2571 -2
108 2677 -2
108 2706 2
108 3187 -2
108 3223 -2
108 111 2
108 134 2
108 152 -2
108 227 2
108 420 2
108 906 2
108 982 2
108 1449 -2
108 1654 2
108 2042 2
108 2365 2
108 2520 -2
108 3182 -2
108 3288 -2
108 3381 -2
108 3877 -2
108 4267 -2
108 4323 -2
109 157 -2
109 188 2
109 194 -2
109 199 2
109 328 2
109 342 -2
109 455 -2
109 493 2
109 549 -2
109 595 2
109 667 -2
109 726 -2
109 741 2
109 810 -2
109 1047 -2
109 1225 2
109 1544 -2
109 1768 -2
109 1775 -2
109 2149 -2
109 2198 2
109 2841 2
109 3931 -2
109 4211 2
109 4261 2
109 4673 -2
109 4822 -2
109 197 2
109 352 -2
109 395 -2
109 408 -2
109 458 2
109 977 2
109 1179 -2
109 2105 2
109 2222 2
109 2273 -2
109 3019 2
109 3035 2
109 3275 2
109 3349 -2
109 3489 -2
109 3525 -2
109 3545 -2
109 3731 2
109 4580 -2
109 4857 2
110 1050 2
110 1751 -2
110 331 -2
110 333 -2
110 651 -2
110 843 2
110 975 -2
110 1187 -2
110 1310 2
110 1349 2
110 1701 -2
110 1987 2
110 2757 2
110 2859 -2
110 3147 -2
110 4104 -2
110 4795 -2
111 112 2
111 192 -2
111 197 -2
111 250 2
111 337 2
111 371 -2
111 414 -2
111 639 2
111 686 -2
111 702 -2
111 835 2
111 979 -2
111 1008 2
111 4970 -2
111 1198 -2
111 1257 2
111 1671 -2
111 1801 -2
111 1842 -2
111 1885 -2
111 2003 -2
111 2287 -2
111 2444 2
111 2446 -2
111 2458 -2
111 2676 -2
111 2702 -2
111 3015 -2
111 3033 2
111 3382 -2
111 3481 2
111 3851 2
111 3980 -2
111 4034 -2
111 4086 2
111 4092 2
111 4265 -2
111 4652 -2
111 4783 2
111 152 -2
111 339 -2
111 410 -2
111 420 2
111 547 -2
111 627 -2
111 906 -2
111 1058 -2
111 1326 2
111 1654 2
111 1964 -2
111 2365 -2
111 2718 -2
111 3289 -2
111 3381 -2
111 3469 2
111 3571 2
111 3650 2
111 3939 2
112 197 2
112 220 -2
112 250 -2
112 274 2
112 371 2
112 577 -2
112 639 -2
112 762 2
112 879 -2
112 1007 2
112 1116 -2
112 1257 -2
112 1403 2
112 1671 -2
112 1806 2
112 1869 2
112 2093 2
112 2234 -2
112 2240 -2
112 3001 -2
112 3390 2
112 3650 -2
112 3839 2
112 3857 2
112 3980 -2
112 4068 2
112 4088 -2
112 4131 2
112 4247 -2
112 4598 -2
112 4749 -2
112 4883 -2
112 157 -2
112 209 -2
112 215 -2
112 279 -2
112 319 -2
112 437 -2
112 482 2
112 563 2
112 3014 2
112 3291 2
112 3361 2
112 3416 2
112 3923 2
112 3974 -2
112 4305 -2
112 4384 2
112 4477 -2
112 4871 -2
113 524 -2
113 1119 2
113 1128 -2
113 1492 -2
113 1718 -2
113 1744 2
113 1932 2
113 2054 -2
113 2534 2
113 2731 -2
113 3477 2
113 3909 2
113 4172 -2
113 4381 -2
113 4594 2
113 4690 2
113 4745 2
113 188 2
113 392 -2
113 416 2
113 445 -2
113 577 2
113 580 -2
113 624 -2
113 707 -2
113 839 -2
113 1215 2
113 1317 2
113 1386 2
113 2077 -2
113 2328 2
113 3060 -2
113 3500 -2
113 3805 2
114 212 2
114 256 2
114 375 2
114 490 -2
114 635 -2
114 732 2
114 926 2
114 1178 -2
114 1323 -2
114 1381 -2
114 1481 2
114 1978 -2
114 2015 -2
114 2662 2
114 2759 2
114 2888 -2
114 3082 2
114 3111 2
114 3519 2
114 3892 2
114 4692 2
114 150 2
114 229 -2
114 252 2
114 288 2
114 321 -2
114 1085 2
114 1255 -2
114 1442 -2
114 1896 -2
114 2418 2
114 3456 -2
115 124 -2
115 201 -2
115 214 2
115 416 2
115 503 2
115 652 -2
115 1137 -2
115 1709 2
115 2008 2
115 2077 2
115 2134 -2
115 2424 2
115 2884 2
115 2966 2
115 3362 2
115 3552 2
115 4389 2
115 4521 -2
115 4849 -2
115 1018 2
116 182 -2
116 254 2
116 491 2
116 1187 2
116 1973 2
116 2993 -2
116 3310 2
116 4907 -2
116 457 -2
116 983 2
116 1000 2
116 1070 2
116 1146 -2
116 1333 2
116 1405 2
116 1698 2
116 1779 2
116 2299 -2
116 2361 -2
116 2422 -2
116 2689 -2
116 2906 2
116 3435 -2
116 3485 2
116 3819 2
116 4082 2
116 4164 2
117 191 2
117 229 2
117 283 -2
117 297 -2
117 390 2
117 471 2
117 495 2
117 513 -2
117 567 2
117 585 2
117 687 -2
117 759 2
117 874 2
117 1422 -2
117 1828 2
117 2002 -2
117 2045 2
117 2304 2
117 2462 -2
117 2578 2
117 2619 -2
117 3254 -2
117 3468 2
117 3471 -2
117 3894 -2
117 4080 2
117 4250 2
117 4563 -2
117 4635 2
117 4904 2
117 221 -2
117 241 -2
117 429 2
117 1710 2
117 2255 2
117 2639 -2
117 2796 -2
117 2875 -2
117 3605 2
117 3987 2
117 4196 -2
117 4526 -2
118 583 -2
118 881 2
118 1367 -2
118 1580 -2
118 1847 -2
118 2564 -2
118 4391 2
118 137 -2
118 406 -2
118 492 -2
118 579 2
118 896 -2
118 1439 2
118 1951 2
118 2298 2
118 2972 2
118 3055 2
118 3478 2
118 3510 2
119 148 -2
119 628 2
119 903 2
119 1132 -2
119 1397 2
119 1584 -2
119 1753 -2
119 1763 2
119 1773 -2
119 2427 -2
119 2485 -2
119 2524 2
119 2822 2
119 3060 -2
119 3712 2
119 3801 -2
119 3887 2
119 4198 -2
119 4727 -2
119 283 -2
119 306 2
119 837 2
119 876 -2
119 1196 -2
119 1999 2
119 2130 2
119 2694 -2
119 3664 2
119 4259 2
119 4352 2
119 4986 2
119 4764 2
120 138 2
120 210 -2
120 216 2
120 320 -2
120 397 2
120 734 2
120 1207 -2
120 1453 -2
120 1618 2
120 2599 2
120 4372 2
120 4481 -2
120 132 2
120 182 2
120 582 2
120 694 2
120 937 2
120 1602 -2
120 1695 2
120 1816 -2
120 2104 -2
120 2938 -2
120 3561 2
120 3889 -2
120 4018 2
121 123 -2
121 135 -2
121 146 2
121 184 -2
121 239 -2
121 338 -2
121 348 -2
121 693 2
121 1074 2
121 1289 -2
121 1438 -2
121 1595 2
121 1720 2
121 1783 -2
121 3000 2
121 3085 -2
121 3162 2
121 4140 -2
121 360 2
121 809 2
121 1568 2
121 1995 -2
121 2691 -2
121 3945 -2
121 4112 2
122 160 -2
122 169 -2
122 827 -2
122 1466 -2
122 2097 2
122 2625 -2
122 3230 2
122 3240 2
122 3685 2
122 4040 2
122 4342 -2
122 4665 2
122 435 2
122 1028 2
122 1603 2
122 2330 2
122 2340 2
122 2614 2
122 2627 -2
122 3515 2
122 3734 2
122 3986 -2
123 135 -2
123 145 2
123 184 -2
123 302 -2
123 382 -2
123 449 -2
123 843 2
123 1379 2
123 1576 -2
123 1617 -2
123 1623 2
123 2130 -2
123 3014 2
123 3323 2
123 3590 2
123 4140 -2
123 4676 -2
124 214 -2
124 272 2
124 305 -2
124 553 2
124 964 -2
124 1137 -2
124 1284 2
124 1448 -2
124 1476 -2
124 2008 -2
124 2077 -2
124 2134 -2
124 2381 2
124 2647 2
124 2803 -2
124 2842 -2
124 2884 -2
124 2966 -2
124 3079 -2
124 3181 2
124 3343 2
124 3387 2
124 3499 2
124 3638 2
124 3974 -2
124 4049 2
124 4518 -2
124 4799 -2
124 4931 -2
124 172 -2
124 201 -2
124 220 -2
124 958 2
124 1112 2
124 1190 -2
124 1327 -2
124 1684 -2
124 4005 -2
124 4793 2
125 207 -2
125 373 2
125 603 -2
125 638 2
125 861 -2
125 1290 -2
125 1631 2
125 1780 2
125 1906 -2
125 2053 2
125 2238 -2
125 2557 -2
125 3144 2
125 3500 2
125 3652 2
125 4362 2
125 239 2
125 510 -2
125 1608 -2
125 2009 -2
125 2028 2
125 2148 2
125 3459 -2
125 4412 2
125 4510 2
125 4859 2
126 387 -2
126 1044 2
126 2310 -2
126 2569 2
126 2571 -2
126 2677 2
126 4957 -2
126 3187 -2
126 3383 -2
126 3414 2
126 4779 -2
126 374 -2
126 825 2
126 847 2
126 882 2
126 1079 2
126 1101 2
126 1312 2
126 1382 -2
126 1484 2
126 2227 -2
126 2562 2
126 2714 -2
126 3541 2
127 142 -2
127 172 2
127 209 2
127 215 -2
127 284 -2
127 494 -2
127 581 2
127 1579 -2
127 1711 -2
127 2051 -2
127 2741 2
127 2752 -2
127 3508 -2
127 3822 2
127 163 2
127 261 2
127 309 2
127 318 2
127 422 -2
127 424 2
127 871 -2
127 894 2
127 1159 2
127 1244 -2
127 1718 -2
127 1736 2
127 2072 2
127 2415 -2
127 2515 2
127 2544 -2
127 3118 -2
127 3224 -2
127 3298 2
127 3384 -2
127 3450 2
127 3473 2
127 3858 2
127 4041 2
127 4119 -2
127 4479 2
127 4913 2
128 301 -2
128 534 2
128 2526 -2
128 2906 2
128 3084 -2
128 961 2
128 996 2
128 1665 2
128 1817 2
128 2721 -2
128 3660 -2
128 3794 2
128 3811 2
128 3841 -2
128 4060 2
129 217 -2
129 281 2
129 319 -2
129 468 -2
129 492 -2
129 565 -2
129 596 -2
129 706 -2
129 921 2
129 952 -2
129 1034 2
129 1077 2
129 1078 2
129 1160 2
129 1279 -2
129 1412 -2
129 1467 -2
129 1534 2
129 1602 2
129 1603 -2
129 1996 -2
129 2397 2
129 2648 2
129 2763 2
129 2967 2
129 3135 -2
129 3227 -2
129 3429 -2
129 3474 -2
129 3543 2
129 3621 -2
129 3639 -2
129 3929 2
129 4115 2
129 4205 2
129 4242 2
129 4282 -2
129 235 -2
129 275 2
129 316 2
129 480 2
129 646 2
129 999 -2
129 1508 -2
129 1789 2
129 2020 -2
129 3040 2
129 3948 -2
129 4135 -2
129 4436 -2
129 4545 2
129 4702 2
130 171 -2
130 1113 -2
130 1787 2
130 4847 -2
130 263 2
130 302 -2
130 369 2
130 430 2
130 626 2
130 726 2
130 806 -2
130 1124 2
130 1340 2
130 1803 -2
130 1996 -2
130 2057 2
130 2259 2
130 2296 2
130 2432 -2
130 3251 2
130 3310 2
130 3848 -2
130 3882 2
130 4297 -2
130 4417 2
130 4576 -2
130 4637 -2
131 873 -2
131 1398 -2
131 1640 -2
131 2474 2
131 4269 2
131 4319 2
131 148 2
131 198 -2
131 287 -2
131 310 2
131 469 2
131 1192 2
131 1233 -2
131 1369 -2
131 1745 2
131 1942 -2
131 2103 2
131 2137 -2
131 2161 2
131 2596 2
131 2697 -2
131 3256 -2
131 3790 -2
131 4301 2
131 4561 2
131 4836 2
132 251 -2
132 407 -2
132 1719 -2
132 3394 2
132 3576 2
132 582 -2
132 937 2
132 1117 2
132 1208 2
132 1537 -2
132 1602 -2
132 1728 2
132 1759 -2
132 1837 -2
132 2565 -2
132 3710 -2
132 4018 -2
132 4296 -2
132 4553 -2
133 137 -2
133 178 2
133 295 2
133 421 2
133 458 2
133 504 2
133 529 2
133 786 -2
133 826 2
133 983 -2
133 1194 -2
133 1240 -2
133 1375 2
133 1616 -2
133 1694 2
133 1843 2
133 1999 -2
133 2013 -2
133 2165 2
133 2167 2
133 2174 -2
133 2255 -2
133 2574 2
133 3359 2
133 3378 2
133 3636 2
133 4026 -2
133 4440 -2
133 4625 2
133 4715 -2
133 4756 2
133 4835 2
133 345 -2
133 356 -2
133 385 -2
133 497 2
133 574 2
133 740 -2
133 789 2
133 1160 -2
133 1213 -2
133 1271 2
133 1591 -2
133 1847 -2
133 2660 2
133 2727 2
133 3024 -2
133 3136 -2
133 3499 -2
133 3567 -2
133 4100 -2
133 4350 2
133 4478 -2
133 4618 2
133 4865 -2
134 245 2
134 322 -2
134 340 2
134 396 2
134 415 -2
134 431 2
134 452 -2
134 593 2
134 887 2
134 889 2
134 1099 2
134 1108 2
134 1549 2
134 1761 -2
134 1817 2
134 1821 -2
134 2028 2
134 2333 -2
134 2371 -2
134 2429 -2
134 2584 2
134 2594 -2
134 2796 2
134 2890 -2
134 3774 2
134 3964 2
134 4358 -2
134 227 -2
134 481 2
134 527 -2
134 564 2
134 585 2
134 774 2
134 1792 2
134 2196 -2
134 3569 -2
134 4267 2
134 4587 2
135 145 -2
135 163 2
135 173 2
135 184 -2
135 237 -2
135 449 -2
135 474 2
135 693 2
135 803 -2
135 864 2
135 918 2
135 1074 -2
135 1153 -2
135 1477 2
135 1576 2
135 1617 -2
135 1623 -2
135 1653 -2
135 1783 2
135 1805 2
135 1855 -2
135 2074 2
135 2200 -2
135 2224 2
135 2273 2
135 2391 2
135 2400 2
135 2650 2
135 2866 -2
135 2947 -2
135 3090 -2
135 3096 -2
135 3985 -2
135 4063 2
135 4565 2
135 4567 -2
135 158 -2
135 273 -2
135 436 2
135 442 2
135 541 -2
135 728 2
135 811 2
135 826 -2
135 900 2
135 927 2
135 1240 2
135 1419 2
135 1842 -2
135 2091 2
135 2284 -2
135 2362 -2
135 3174 2
135 3405 -2
135 3829 2
135 3893 2
135 4109 2
135 4583 2
135 4855 2
136 187 -2
136 312 2
136 433 -2
136 632 2
136 1295 2
136 1347 2
136 1840 -2
136 2228 -2
136 3175 -2
136 3192 -2
136 3994 2
136 4819 2
136 140 2
136 173 -2
136 186 -2
136 446 2
136 559 -2
136 924 2
136 956 2
136 959 -2
136 1012 2
136 2049 -2
136 2450 -2
136 2612 2
136 2617 -2
136 2983 2
136 3307 2
136 3522 -2
136 3817 2
136 3897 -2
136 4073 2
136 4369 -2
136 4504 -2
136 4542 2
137 295 -2
137 786 2
137 826 2
137 1032 -2
137 1616 2
137 1933 -2
137 1999 -2
137 2294 -2
137 2563 2
137 2772 2
137 2788 -2
137 3359 -2
137 3609 2
137 4237 -2
137 406 2
137 492 2
137 1384 2
137 1439 -2
137 1594 -2
137 2475 2
137 2514 -2
137 4434 2
137 4703 -2
137 4717 -2
137 4724 -2
138 210 2
138 4961 -2
138 713 -2
138 1207 -2
138 1218 2
138 1618 2
138 2599 -2
138 4481 2
138 194 2
138 251 -2
138 326 2
138 332 2
138 403 -2
138 421 -2
138 532 2
138 587 -2
138 777 2
138 795 2
138 887 -2
138 1383 2
138 1595 2
138 1719 2
138 2207 -2
138 2446 2
138 2453 -2
138 2559 2
138 2762 -2
138 3046 -2
138 3091 2
138 3150 2
138 3296 2
138 3448 -2
138 3582 -2
138 3646 -2
138 3733 2
138 3953 -2
138 4170 -2
138 4184 2
138 4283 -2
138 4298 -2
139 306 -2
139 556 -2
139 616 2
139 802 2
139 1941 -2
139 2151 2
139 2201 -2
139 3573 2
139 4973 2
139 264 -2
139 294 2
139 572 2
139 926 -2
139 1031 2
139 1219 2
139 1400 2
139 1690 -2
139 1808 -2
139 2055 2
139 2443 -2
139 2635 -2
139 2892 2
139 3163 -2
139 3364 2
139 3426 -2
139 3807 -2
139 4750 -2
140 2742 2
140 186 2
140 446 -2
140 959 2
140 1283 2
140 1287 2
140 1723 2
140 1897 2
140 1906 -2
140 2101 -2
140 2450 2
140 2511 2
140 2651 -2
140 2747 -2
140 3057 -2
140 3237 2
140 3543 2
140 3797 2
140 4113 2
141 267 2
141 278 -2
141 473 -2
141 537 2
141 774 2
141 1348 2
141 1427 2
141 1497 2
141 1692 2
141 1714 -2
141 1980 -2
141 2150 -2
141 2420 2
141 2664 2
141 3442 -2
141 3460 2
141 3895 -2
141 4219 -2
141 4310 -2
141 4838 2
141 193 2
141 284 2
141 286 -2
141 561 2
141 705 -2
141 733 -2
141 895 2
141 899 2
141 936 2
141 1094 -2
141 1248 2
141 1267 -2
141 1284 2
141 1378 -2
141 1576 -2
141 1706 2
141 2326 -2
141 2363 2
141 2966 2
141 3006 2
141 3746 2
142 284 2
142 4117 -2
142 206 -2
142 248 -2
142 1141 2
142 3359 2
142 3397 -2
142 4233 2
143 227 -2
143 318 2
143 325 -2
143 469 2
143 607 -2
143 694 -2
143 733 -2
143 855 -2
143 948 -2
143 971 -2
143 1177 2
143 1236 2
143 1250 -2
143 1386 2
143 1520 -2
143 1698 -2
143 2019 2
143 2606 2
143 2997 -2
143 3286 2
143 3396 -2
143 3649 2
143 3941 2
143 4279 2
143 4339 -2
143 4373 -2
143 4491 -2
143 4831 -2
143 917 -2
143 1477 2
143 1894 2
143 2402 -2
143 2437 2
143 3601 -2
143 4474 2
144 361 -2
144 651 -2
144 683 -2
144 907 2
144 1182 2
144 1621 2
144 1637 2
144 2715 2
144 2882 -2
144 2940 -2
144 3553 -2
144 3981 2
144 4130 2
144 4683 -2
144 337 2
144 1060 2
144 2590 2
144 3634 -2
144 3887 -2
145 163 2
145 1617 -2
145 3014 -2
145 3023 2
145 3548 -2
145 256 -2
145 472 2
145 560 -2
145 591 -2
145 633 2
145 727 2
145 884 -2
145 929 2
145 1057 2
145 1525 2
145 1878 2
145 2007 -2
145 2842 2
145 3016 2
145 3151 -2
145 4069 -2
146 338 2
146 424 2
146 572 2
146 904 2
146 1126 2
146 516 2
146 553 -2
146 2489 2
146 3463 2
146 4085 -2
147 206 2
147 388 -2
147 400 2
147 464 2
147 536 2
147 1246 -2
147 1326 -2
147 1383 2
147 1581 2
147 1742 2
147 1944 -2
147 2102 -2
147 2508 -2
147 2531 2
147 2727 2
147 3224 -2
147 4529 -2
147 228 -2
147 790 2
147 1278 2
147 2119 -2
147 3626 2
148 240 2
148 628 2
148 1132 -2
148 1168 -2
148 2485 -2
148 3597 2
148 198 -2
148 224 -2
148 287 -2
148 411 2
148 528 -2
148 750 -2
148 965 2
148 1345 2
148 1588 2
148 1755 2
148 1775 2
148 1790 -2
148 1942 2
148 2249 2
148 2338 2
148 2398 2
148 2561 -2
148 2573 -2
148 2586 -2
148 2596 2
148 3146 -2
148 3258 2
148 3312 -2
148 3983 -2
148 4715 2
149 381 2
149 1350 -2
149 1971 -2
149 2235 2
149 2722 -2
149 3057 -2
149 3095 -2
149 3190 2
149 3877 -2
149 4228 2
149 4579 2
149 439 -2
149 500 -2
149 558 -2
149 675 2
149 718 -2
149 797 2
149 971 2
149 1132 -2
149 1337 2
149 1374 -2
149 1492 2
149 1676 -2
149 2127 -2
149 2149 -2
149 3097 -2
149 3552 2
149 3988 2
149 4355 2
150 489 2
150 1282 2
150 1985 2
150 4483 -2
150 164 -2
150 229 -2
150 321 2
150 663 -2
150 794 -2
150 997 2
150 1069 2
150 1239 -2
150 1255 2
150 2217 -2
150 3110 2
151 248 2
151 303 -2
151 315 2
151 730 -2
151 763 2
151 868 2
151 923 -2
151 1155 -2
151 1266 -2
151 1405 -2
151 2026 2
151 2674 2
151 3709 2
151 4146 2
151 4794 2
151 462 2
151 877 2
151 1364 -2
151 1416 2
151 2054 -2
151 2840 2
151 2891 -2
151 3352 2
151 4265 -2
151 4592 -2
152 180 2
152 837 2
152 1260 -2
152 1526 2
152 2369 -2
152 2560 -2
152 2733 2
152 3617 -2
152 3669 -2
152 3872 -2
152 4614 -2
152 339 2
152 420 2
152 473 -2
152 4977 2
152 627 2
152 1119 -2
152 1368 -2
152 1470 -2
152 1527 -2
152 1863 2
152 2385 2
152 2520 -2
152 3290 -2
152 3406 -2
152 3527 2
152 3673 2
152 4015 -2
152 4175 -2
152 4271 -2
152 4432 2
152 4779 -2
153 170 2
153 186 -2
153 500 -2
153 1098 -2
153 1172 2
153 1374 -2
153 1384 -2
153 1423 2
153 2016 2
153 2299 -2
153 2366 2
153 2914 -2
153 3260 2
153 3275 -2
153 3336 -2
153 4035 2
153 4258 -2
153 4423 2
153 4746 -2
153 154 -2
153 300 2
153 402 2
153 413 -2
153 554 -2
153 592 -2
153 649 -2
153 1377 2
153 1578 2
153 1592 2
153 1925 -2
153 2037 -2
153 2192 2
153 2860 -2
153 2877 2
153 3351 -2
153 3520 2
153 3575 -2
153 4276 2
154 183 2
154 242 2
154 247 2
154 436 2
154 546 2
154 649 -2
154 811 -2
154 863 2
154 911 -2
154 978 2
154 1073 2
154 1089 -2
154 1173 -2
154 1193 2
154 1269 -2
154 1542 -2
154 1681 2
154 1950 2
154 2062 -2
154 2236 2
154 2568 2
154 2580 -2
154 2744 2
154 2825 -2
154 2856 2
154 2932 2
154 3907 2
154 4267 2
154 4873 -2
154 176 2
154 240 2
154 413 -2
154 543 2
154 625 2
154 645 2
154 2841 2
154 3351 2
154 4026 2
154 4276 -2
154 4318 2
154 4423 2
154 4698 -2
155 443 -2
155 714 2
155 1042 2
155 1048 2
155 1104 2
155 1136 -2
155 1424 -2
155 2114 -2
155 2225 2
155 3036 -2
155 3061 -2
155 3373 -2
155 3403 2
155 3473 -2
155 3550 -2
155 3697 2
155 3761 -2
155 232 2
155 375 2
155 546 -2
155 919 2
155 962 2
155 1026 2
155 1256 -2
155 1584 -2
155 1787 -2
155 2025 -2
155 2201 2
155 2394 2
155 2723 -2
155 3212 -2
155 3466 2
155 3555 2
155 3649 2
155 3862 2
156 165 -2
156 253 2
156 269 -2
156 276 2
156 279 2
156 288 -2
156 439 -2
156 505 -2
156 515 -2
156 518 2
156 532 -2
156 673 2
156 942 -2
156 995 -2
156 1230 2
156 1249 -2
156 1258 2
156 1271 2
156 1572 2
156 1665 2
156 2065 2
156 2184 -2
156 2247 -2
156 2297 2
156 2422 2
156 2513 2
156 2525 2
156 2816 -2
156 3407 -2
156 3616 2
156 3854 -2
156 3952 2
156 4025 2
156 4149 2
156 4268 2
156 4723 -2
156 4810 2
156 267 2
156 313 -2
156 330 2
156 461 2
156 534 -2
156 677 -2
156 909 2
156 1636 2
156 2047 2
156 2286 2
156 2345 -2
156 2978 -2
156 3232 -2
156 3323 -2
156 3613 2
156 4043 2
156 4780 -2
157 189 2
157 194 -2
157 213 -2
157 234 2
157 241 -2
157 263 -2
157 425 -2
157 455 2
157 549 2
157 722 -2
157 741 -2
157 766 -2
157 768 -2
157 810 2
157 938 2
157 1205 2
157 1276 2
157 1307 2
157 1435 2
157 1473 -2
157 1544 -2
157 1799 -2
157 1952 -2
157 2067 2
157 2286 -2
157 2585 -2
157 2737 2
157 2794 2
157 2841 2
157 3189 2
157 3269 -2
157 3309 2
157 3779 2
157 3813 -2
157 3954 2
157 4159 -2
157 4203 2
157 4293 2
157 4320 2
157 4554 -2
157 4641 2
157 4910 -2
157 215 -2
157 319 2
157 434 2
157 763 2
157 942 -2
157 1062 2
157 1353 2
157 1557 2
157 3416 2
157 3923 -2
157 4384 2
158 404 -2
158 597 2
158 1372 2
158 1895 -2
158 2295 2
158 2438 -2
158 3688 -2
158 3989 -2
158 4013 -2
158 273 2
158 297 -2
158 399 -2
158 442 -2
158 541 -2
158 593 2
158 676 -2
158 927 2
158 1238 -2
158 1714 -2
158 2204 2
158 2431 2
158 2630 2
158 2678 -2
158 3217 -2
158 3685 2
158 4274 2
158 4448 -2
158 4821 -2
159 280 2
159 423 2
159 569 -2
159 832 -2
159 919 -2
159 935 -2
159 972 2
159 1601 -2
159 1888 -2
159 1943 -2
159 2189 2
159 2952 2
159 3392 -2
159 3666 2
159 4316 2
159 549 -2
159 1250 -2
159 1835 2
159 2102 -2
159 2268 -2
159 4860 2
160 169 -2
160 266 -2
160 286 -2
160 602 -2
160 665 -2
160 789 -2
160 845 -2
160 949 -2
160 985 -2
160 1351 2
160 1388 2
160 1466 2
160 2007 2
160 2173 -2
160 2222 2
160 2253 -2
160 2692 2
160 2792 2
160 2806 -2
160 3625 -2
160 3705 -2
160 3806 2
160 4138 -2
160 4317 2
160 4338 2
160 4834 2
160 223 2
160 396 2
160 520 -2
160 605 2
160 642 -2
160 1055 2
160 1152 2
160 2210 2
160 2499 -2
160 3709 2
160 3950 2
161 167 -2
161 393 2
161 1628 2
161 2223 2
161 3019 2
161 4405 -2
161 4436 -2
161 4814 2
161 249 2
161 1260 2
161 1526 2
161 1642 2
161 2704 -2
161 3343 -2
161 3629 -2
161 3666 -2
161 3691 2
162 304 2
162 527 -2
162 335 2
162 1464 2
162 2774 2
163 173 2
163 237 -2
163 2224 -2
163 2400 -2
163 2694 2
163 3023 -2
163 3205 2
163 3726 -2
163 3971 -2
163 4678 -2
163 261 -2
163 894 2
163 934 2
163 1448 2
163 1814 2
163 2072 2
163 3450 2
163 4011 2
163 4891 2
164 265 2
164 576 2
164 890 2
164 1123 2
164 1241 2
164 1890 2
164 1995 -2
164 2087 -2
164 2372 -2
164 2621 2
164 3270 2
164 3324 -2
164 4517 2
164 663 2
164 997 -2
164 1063 2
164 1423 2
164 2162 -2
164 2366 -2
164 2945 2
164 4078 2
164 4322 2
164 4569 -2
165 279 2
165 505 -2
165 737 -2
165 1033 -2
165 1572 -2
165 2293 -2
165 2693 2
165 2834 2
165 3616 -2
165 226 2
165 259 2
165 269 2
165 506 2
165 838 -2
165 1276 -2
165 1478 2
165 1534 -2
165 1731 2
165 1950 -2
165 2087 -2
165 2191 -2
165 2266 2
165 2526 -2
165 2923 2
165 2948 2
165 3661 2
166 258 -2
166 333 -2
166 403 -2
166 544 -2
166 640 2
166 787 2
166 799 -2
166 967 -2
166 1014 -2
166 2419 -2
166 2555 -2
166 2695 2
166 2936 -2
166 3104 2
166 3123 -2
166 3717 -2
166 4139 -2
166 4674 2
166 4711 -2
166 243 2
166 298 -2
166 328 2
166 571 -2
166 767 -2
166 1004 2
166 1611 2
166 1971 2
166 2567 2
166 2785 -2
166 4994 -2
166 3774 2
166 3792 2
166 3903 2
166 4169 2
167 747 2
167 1311 -2
167 1320 -2
167 4346 2
167 4405 -2
167 4814 -2
167 419 -2
167 659 -2
167 690 -2
167 736 2
167 781 2
167 1274 -2
167 1482 -2
167 1854 2
167 1936 -2
167 2430 -2
167 4450 -2
167 4790 2
168 246 -2
168 1035 -2
168 1254 2
168 2743 2
168 3063 2
168 4210 -2
168 4728 2
168 237 -2
168 274 -2
168 594 -2
168 671 2
168 680 2
168 998 2
168 1033 2
168 1821 -2
168 2160 2
169 266 -2
169 648 -2
169 827 2
169 896 2
169 1466 -2
169 2097 -2
169 2625 2
169 2883 2
169 3200 2
169 3230 2
169 3607 -2
169 3700 2
169 3953 2
169 4443 -2
169 687 2
169 1254 2
169 1290 2
169 2014 -2
169 2741 2
169 3439 2
169 4743 2
170 1384 2
170 1423 2
170 2016 2
170 2914 2
170 3355 -2
170 3657 2
170 3828 -2
170 276 2
170 381 2
170 503 2
170 601 -2
170 686 2
170 1153 2
170 2495 -2
170 2534 -2
170 2778 -2
170 4655 -2
171 235 2
171 287 2
171 445 2
171 776 -2
171 1710 -2
171 1902 -2
171 2205 -2
171 2243 2
171 2503 2
171 3486 2
171 4545 2
171 4847 2
171 244 2
171 916 -2
171 1134 2
171 1188 2
171 2157 -2
171 2216 2
171 2897 2
171 3094 2
171 3226 2
171 4340 -2
171 4589 -2
172 209 -2
172 215 -2
172 494 2
172 1881 2
172 2051 2
172 2416 2
172 2490 2
172 3168 -2
172 4124 -2
172 4327 2
172 4788 2
172 201 2
172 207 -2
172 220 -2
172 299 2
172 372 -2
172 478 2
172 498 2
172 511 2
172 814 2
172 1083 -2
172 1112 2
172 1547 2
172 1742 -2
172 2142 2
172 2208 2
172 3239 -2
172 3327 2
172 3639 2
173 237 2
173 864 2
173 1153 2
173 2074 2
173 2273 2
173 2831 2
173 559 2
173 956 2
173 1012 2
173 2198 -2
173 2760 -2
173 3976 2
174 219 2
174 446 -2
174 548 2
174 756 2
174 1478 2
174 1731 -2
174 1812 2
174 1866 -2
174 1965 2
174 2207 2
174 2548 -2
174 2818 2
174 3601 2
174 3790 2
174 3936 2
174 4383 -2
174 4601 -2
175 196 -2
175 238 2
175 271 2
175 329 2
175 334 -2
175 363 2
175 481 -2
175 497 -2
175 512 2
175 557 -2
175 784 -2
175 933 2
175 1038 2
175 1094 -2
175 1441 -2
175 1577 -2
175 1604 -2
175 1682 -2
175 1717 2
175 1889 -2
175 1913 -2
175 1940 -2
175 1956 -2
175 1962 -2
175 2043 2
175 2049 2
175 2202 2
175 2220 -2
175 2624 2
175 2639 -2
175 2681 2
175 2873 -2
175 2930 2
175 2988 2
175 3044 2
175 3208 2
175 3249 -2
175 3672 -2
175 3769 -2
175 3808 -2
175 3823 -2
175 3995 -2
175 4083 -2
175 4533 2
175 4695 -2
175 1538 2
175 3207 2
175 4645 -2
176 290 -2
176 368 -2
176 459 -2
176 705 2
176 740 -2
176 980 2
176 1196 -2
176 1317 2
176 1417 -2
176 1687 -2
176 1875 -2
176 2260 2
176 2415 -2
176 2432 2
176 2798 2
176 2813 -2
176 2938 2
176 3862 2
176 3893 2
176 4090 2
176 199 2
176 240 2
176 373 -2
176 404 2
176 522 -2
176 543 2
176 598 -2
176 625 2
176 679 -2
176 760 2
176 1107 2
176 1307 2
176 1403 -2
176 1418 2
176 1500 2
176 1961 2
176 2229 2
176 2700 2
176 3236 -2
176 3315 -2
176 3442 -2
176 4997 2
176 4289 2
176 4374 -2
176 4399 -2
176 4575 2
176 4911 2
177 226 -2
177 230 -2
177 317 -2
177 643 -2
177 727 2
177 758 -2
177 893 2
177 953 2
177 1004 -2
177 1011 2
177 1045 -2
177 1069 2
177 1327 -2
177 2133 2
177 2459 -2
177 2492 -2
177 2587 2
177 4059 2
177 4154 -2
177 4947 -2
177 526 -2
177 612 -2
177 815 2
177 1520 2
177 2086 -2
177 2096 -2
177 2139 -2
177 2173 2
177 2684 2
177 3001 2
177 3077 -2
177 3373 2
177 4347 2
177 4354 -2
178 504 2
178 570 2
178 630 -2
178 920 2
178 983 2
178 1312 2
178 1625 -2
178 1843 2
178 2800 2
178 3919 2
178 4135 2
178 4552 -2
178 4835 2
178 179 2
178 234 -2
178 502 -2
178 761 -2
178 939 2
178 2604 2
178 2698 -2
178 2795 -2
178 4201 -2
179 233 2
179 344 2
179 351 2
179 355 -2
179 566 -2
179 767 -2
179 1607 -2
179 2156 -2
179 2383 -2
179 2455 -2
179 2537 -2
179 2835 -2
179 3977 -2
179 3979 2
179 4345 2
179 939 2
180 243 -2
180 289 2
180 837 2
180 1162 2
180 1260 2
180 1526 2
180 2560 2
180 292 -2
180 357 2
180 3048 2
180 3610 2
181 550 2
181 579 -2
181 1749 2
181 2586 2
181 3421 2
181 4399 -2
181 4615 -2
181 196 2
181 210 -2
181 390 -2
181 465 -2
181 523 -2
181 737 -2
181 764 -2
181 822 -2
181 1455 2
181 1607 -2
181 1630 -2
181 1659 2
181 1716 -2
181 1785 2
181 2032 -2
181 2837 -2
181 2943 2
181 2950 -2
181 3250 -2
181 3337 -2
181 3451 -2
181 3453 -2
181 3942 -2
181 4974 2
181 4852 -2
182 484 -2
182 1343 2
182 1982 2
182 2802 2
182 2922 -2
182 2993 2
182 4560 2
182 312 -2
182 694 2
182 907 -2
182 1541 -2
182 1816 2
182 3282 2
182 3318 -2
182 3561 -2
182 4772 -2
183 242 2
183 268 -2
183 978 -2
183 1181 -2
183 1712 2
183 3538 2
183 3802 -2
183 4600 -2
183 4902 -2
183 384 2
183 391 2
183 697 -2
183 765 2
183 776 -2
183 778 2
183 949 -2
183 995 -2
183 4967 -2
183 1128 -2
183 1186 -2
183 1391 2
183 1524 -2
183 1768 2
183 1982 2
183 2277 -2
183 2498 2
183 2549 2
183 2591 -2
183 2846 -2
183 3202 2
183 3294 2
183 3357 2
183 4002 2
183 4014 -2
183 4077 2
183 4091 2
183 4145 2
183 4365 -2
183 4499 -2
183 4759 -2
184 449 -2
184 474 -2
184 780 -2
184 803 -2
184 1477 2
184 1783 -2
184 3085 -2
184 519 2
184 619 -2
184 660 -2
184 1084 2
184 1102 2
184 1766 -2
184 1938 2
184 2059 -2
184 3487 2
184 3598 2
184 4596 -2
184 4921 2
185 200 2
185 538 2
185 812 2
185 875 -2
185 947 -2
185 2105 2
185 2261 2
185 2481 -2
185 2863 -2
185 2933 -2
185 3049 -2
185 3131 2
185 3276 2
185 3541 -2
185 3772 -2
185 4069 2
185 4202 -2
185 4334 2
185 4526 2
185 190 -2
185 242 -2
185 320 2
185 456 -2
185 669 -2
185 1049 -2
185 1059 2
185 1362 -2
185 1643 -2
185 2413 2
185 2743 2
185 3206 -2
185 4295 -2
186 259 2
186 500 -2
186 594 2
186 618 2
186 779 2
186 1046 -2
186 1206 -2
186 1691 2
186 1979 2
186 2299 2
186 2632 -2
186 2972 2
186 3185 -2
186 3605 -2
186 4179 2
186 4886 -2
186 1283 -2
186 1287 -2
186 2101 2
186 2617 2
186 2864 -2
186 4632 2
187 312 2
187 433 2
187 564 -2
187 1529 -2
187 1554 2
187 2434 2
187 3120 2
187 3175 -2
187 3192 2
187 189 -2
187 211 -2
187 253 -2
187 289 -2
187 888 -2
187 945 -2
187 1007 -2
187 1185 -2
187 1308 2
187 1937 -2
187 1952 -2
187 2315 -2
187 2598 -2
187 2752 2
187 4063 -2
187 4711 -2
188 326 2
188 493 -2
188 650 2
188 726 2
188 1047 -2
188 1283 -2
188 1482 2
188 1565 2
188 1766 -2
188 1975 -2
188 2436 -2
188 2690 2
188 2716 2
188 2886 -2
188 2894 -2
188 2919 2
188 2959 2
188 4215 2
188 4309 2
188 4331 -2
188 4497 -2
188 4663 -2
188 4891 -2
188 416 -2
188 445 2
188 569 2
188 624 2
188 647 2
188 921 2
188 1089 2
188 1118 2
188 1504 2
188 1786 2
188 1870 -2
188 3105 2
189 234 -2
189 722 -2
189 938 -2
189 1294 -2
189 1359 2
189 1810 2
189 1883 -2
189 2363 2
189 3289 2
189 3667 2
189 3787 2
189 4011 2
189 4073 -2
189 4554 2
189 4698 2
189 211 -2
189 253 -2
189 425 2
189 888 -2
189 993 2
189 1204 -2
189 1762 2
189 2163 -2
189 2274 -2
189 2970 -2
189 3253 2
189 4383 -2
190 224 2
190 255 2
190 350 2
190 629 -2
190 637 2
190 641 2
190 717 2
190 847 2
190 901 2
190 1239 2
190 1410 2
190 1772 2
190 1809 -2
190 1955 -2
190 2332 -2
190 2426 -2
190 2975 2
190 2994 2
190 3455 2
190 3665 2
190 3807 2
190 4167 -2
190 4275 2
190 4685 2
190 4860 -2
190 242 2
190 1049 2
190 1050 -2
190 3038 -2
190 3344 -2
190 3997 2
191 229 2
191 283 -2
191 308 2
191 358 -2
191 390 -2
191 391 2
191 412 2
191 671 -2
191 882 2
191 1202 -2
191 1229 -2
191 3427 2
191 3527 2
191 4271 2
191 4904 -2
191 303 2
191 407 -2
191 1895 -2
191 1908 2
191 1913 2
191 2522 2
191 2816 2
191 4064 -2
192 337 -2
192 702 2
192 979 2
192 1082 -2
192 1106 -2
192 1827 2
192 1925 -2
192 1994 -2
192 2059 2
192 2212 -2
192 2406 -2
192 2444 2
192 2504 -2
192 2843 2
192 2956 2
192 3406 2
192 3560 2
192 4066 2
192 4086 -2
192 553 -2
192 2451 2
192 2489 2
192 2738 2
192 2799 2
192 3463 -2
193 202 -2
193 1013 -2
193 1110 2
193 1951 -2
193 3600 -2
193 3783 2
193 3824 2
193 733 -2
193 1706 -2
193 2966 2
194 199 2
194 213 -2
194 313 -2
194 380 -2
194 450 -2
194 455 2
194 487 2
194 721 2
194 736 2
194 755 2
194 1363 2
194 1934 2
194 2280 2
194 2608 2
194 2769 -2
194 2939 -2
194 2965 2
194 3216 2
194 3903 -2
194 4095 -2
194 4211 -2
194 4320 2
194 4856 -2
194 4893 -2
194 251 2
194 326 -2
194 403 2
194 515 2
194 829 -2
194 854 -2
194 1252 2
194 1357 2
194 2292 -2
194 2776 -2
194 3733 -2
194 4999 2
195 697 -2
195 783 2
195 833 -2
195 1989 2
195 2068 -2
195 2088 -2
195 3297 2
195 4126 -2
195 334 -2
195 358 -2
195 380 2
195 427 -2
195 467 2
195 710 2
195 1001 2
195 1020 2
195 1360 2
195 1458 2
195 2150 -2
195 2155 -2
195 2190 2
195 2199 -2
195 2295 -2
195 2572 -2
195 2685 2
195 3113 2
195 3246 2
195 3576 2
195 3684 2
195 4277 2
195 4389 -2
195 4442 -2
195 4988 2
196 329 2
196 334 -2
196 339 -2
196 363 -2
196 512 -2
196 624 2
196 748 2
196 1027 2
196 1112 2
196 1121 2
196 1157 2
196 1447 2
196 1862 -2
196 2326 -2
196 2514 -2
196 2778 -2
196 3078 -2
196 3677 -2
196 3830 -2
196 4357 -2
196 203 -2
196 465 2
196 523 2
196 535 -2
196 782 2
196 1202 -2
196 1607 2
196 1885 2
196 1979 -2
196 2502 2
196 2638 2
196 2686 -2
196 2950 2
196 3127 2
196 3156 -2
196 3218 2
196 3223 2
196 3250 2
196 3346 2
196 3451 2
196 3506 -2
196 3827 2
196 3892 2
196 3942 -2
196 4595 -2
197 220 2
197 250 -2
197 274 2
197 402 2
197 613 -2
197 636 2
197 660 2
197 686 2
197 762 -2
197 771 -2
197 1007 2
197 1067 2
197 1096 -2
197 1167 -2
197 1185 -2
197 1344 -2
197 1407 2
197 1547 -2
197 1750 -2
197 1788 -2
197 1869 2
197 2446 -2
197 2859 -2
197 3411 -2
197 3480 2
197 4314 2
197 408 -2
197 1179 -2
197 1295 2
197 1315 -2
197 1978 -2
197 2105 2
197 2222 -2
197 2504 2
197 3545 -2
197 4471 2
197 4580 -2
198 626 -2
198 1204 -2
198 1819 2
198 1887 -2
198 1912 2
198 2109 2
198 2502 2
198 3126 -2
198 3158 2
198 3648 -2
198 3844 -2
198 4082 2
198 287 2
198 310 2
198 469 -2
198 655 -2
198 1580 -2
198 2137 2
198 3258 2
198 4206 -2
198 4523 2
198 4713 -2
198 4812 -2
198 4874 2
199 595 2
199 700 2
199 704 -2
199 858 -2
199 1017 -2
199 1019 -2
199 1195 2
199 1391 2
199 1392 2
199 1433 2
199 1795 2
199 2069 -2
199 2627 -2
199 2769 2
199 2985 2
199 3331 2
199 3741 -2
199 4211 2
199 4603 -2
199 4605 -2
199 4823 -2
199 373 2
199 693 -2
199 1418 -2
199 1671 -2
199 3010 -2
199 3667 -2
200 538 -2
200 812 2
200 836 2
200 2105 2
200 2910 2
200 308 2
200 614 2
200 701 -2
200 713 -2
200 938 -2
200 1100 2
200 1582 -2
200 1678 2
200 1840 -2
200 1843 2
200 2018 2
200 2039 2
200 2068 -2
200 2116 -2
200 2390 2
200 2529 2
200 2550 -2
200 2825 -2
200 2985 2
200 3208 -2
200 3215 2
200 3370 -2
200 3378 2
200 3392 -2
200 3686 -2
200 3759 -2
200 3776 2
200 3938 2
200 3954 2
200 4180 2
200 4418 2
200 4494 2
200 4811 -2
200 4941 2
201 214 -2
201 272 -2
201 964 2
201 1448 -2
201 1517 2
201 2044 2
201 2405 2
201 3290 2
201 4365 2
201 478 2
201 498 2
201 3327 -2
201 3639 -2
202 944 2
202 3783 2
202 4324 -2
202 4524 2
202 4996 2
202 1080 2
202 1335 -2
202 1410 -2
202 1422 -2
202 1518 2
202 2352 -2
202 3369 -2
203 324 -2
203 719 -2
203 915 2
203 1056 -2
203 1406 2
203 1673 -2
203 1758 -2
203 3247 -2
203 3459 -2
203 4468 -2
203 225 2
203 653 2
203 1202 -2
203 1321 -2
203 2145 2
203 2195 2
203 2256 -2
203 2482 2
203 2502 -2
203 2767 2
203 3071 2
203 3374 2
203 3732 -2
203 3909 2
203 4308 -2
204 330 -2
204 1075 2
204 1493 2
204 1609 2
204 2233 -2
204 3065 2
204 3890 2
204 3910 -2
204 4699 -2
204 804 -2
204 1300 -2
204 1734 -2
204 1737 -2
204 3477 -2
204 4817 2
204 4848 2
205 299 2
205 307 2
205 539 2
205 746 2
205 769 2
205 849 2
205 927 -2
205 993 2
205 1211 2
205 1319 -2
205 1663 -2
205 1675 2
205 1676 2
205 2354 2
205 2986 2
205 2990 2
205 3052 -2
205 3198 2
205 3261 2
205 3322 2
205 3539 2
205 3595 -2
205 3642 2
205 3695 2
205 3939 2
205 4101 2
205 4559 2
205 4693 -2
205 4716 2
205 508 -2
206 400 2
206 1246 2
206 1983 -2
206 2826 -2
206 443 -2
206 544 2
206 856 -2
206 1021 2
206 1379 -2
206 1648 2
206 1881 -2
206 3359 -2
206 3397 2
206 4233 2
207 293 2
207 373 -2
207 479 2
207 603 2
207 998 -2
207 1127 -2
207 1550 2
207 1780 -2
207 1906 -2
207 2848 2
207 2915 2
207 3356 -2
207 3678 -2
207 4015 2
207 4147 2
207 299 -2
207 511 -2
207 893 -2
207 941 -2
207 1679 2
207 1704 2
207 1946 2
207 2011 -2
207 2143 2
207 3274 -2
207 4012 2
207 4080 2
207 4152 2
207 4648 -2
208 228 -2
208 511 2
208 608 2
208 1228 2
208 1454 -2
208 1460 2
208 1728 2
208 1747 -2
208 1790 -2
208 1929 2
208 2467 2
208 2501 -2
208 2708 2
208 2964 -2
208 3294 2
208 3391 -2
208 3566 2
208 3574 -2
208 3578 -2
208 3763 -2
208 3922 2
208 4245 -2
208 4300 2
208 4364 2
208 4736 -2
208 236 -2
208 268 -2
208 362 2
208 514 2
208 672 -2
208 1013 -2
208 1151 2
208 1227 2
208 1686 2
208 1848 -2
208 2271 -2
208 3885 -2
208 4372 2
208 4733 2
208 4805 -2
209 494 2
209 581 2
209 1881 -2
209 2483 2
209 3168 2
209 3508 2
209 3822 2
209 4214 2
209 4418 2
209 4945 2
209 254 2
209 279 2
209 1197 -2
209 2405 2
209 3014 -2
209 4871 2
210 216 -2
210 409 -2
210 1207 -2
210 1218 2
210 1453 2
210 1474 -2
210 2456 -2
210 4555 2
210 390 2
210 737 -2
210 822 -2
210 1455 -2
210 1716 -2
210 2503 -2
210 3595 -2
210 3752 2
210 4598 -2
211 270 -2
211 604 -2
211 1760 -2
211 1917 -2
211 4992 -2
211 3930 2
211 4354 2
211 888 2
211 1007 2
211 1185 2
211 2315 2
211 2389 -2
211 2598 2
211 3627 -2
211 3916 2
211 4129 -2
212 256 2
212 448 -2
212 490 2
212 635 -2
212 922 2
212 1305 -2
212 1481 -2
212 1508 -2
212 1678 -2
212 1905 -2
212 1997 2
212 2588 -2
212 2654 2
212 2888 -2
212 3119 2
212 3169 2
212 3920 2
212 4444 -2
212 4734 -2
212 4737 -2
212 4859 2
212 4890 2
212 246 -2
212 340 -2
212 488 2
212 698 -2
212 719 2
212 824 2
212 831 -2
212 842 2
212 868 2
212 1002 2
212 1023 2
212 1038 -2
212 1214 -2
212 1395 2
212 1398 2
212 1614 -2
212 1644 -2
212 1655 -2
212 2478 -2
212 2539 2
212 2764 -2
212 2907 2
212 2958 -2
212 2971 -2
212 2975 -2
212 3201 -2
212 3429 2
212 4789 2
213 241 -2
213 380 2
213 720 -2
213 3498 -2
213 4853 -2
213 216 2
213 366 2
213 438 -2
213 471 -2
213 583 2
213 630 2
213 817 2
213 827 -2
213 833 -2
213 988 -2
213 1261 2
213 1280 -2
213 1599 2
213 1647 2
213 1656 2
213 1754 2
213 1922 2
213 1926 -2
213 2257 -2
213 2380 -2
213 2535 -2
213 2575 -2
213 2607 2
213 2755 2
213 2967 2
213 3140 2
213 3194 -2
213 3348 -2
213 3724 -2
213 3898 -2
213 4534 2
213 4573 2
213 4670 -2
213 4839 2
213 4882 2
214 1284 -2
214 2044 2
214 2077 -2
214 2308 2
214 2338 2
214 2381 -2
214 3362 -2
214 3387 2
214 3410 2
214 4209 2
214 367 2
214 499 2
214 1003 2
214 2242 -2
214 3076 2
214 4377 2
214 4875 2
215 498 -2
215 1782 2
215 2416 -2
215 3399 -2
215 4043 2
215 319 2
215 434 2
215 437 2
215 482 -2
215 763 -2
215 942 2
215 2853 2
215 3065 -2
215 3726 2
215 3929 2
216 4969 -2
216 320 2
216 409 2
216 1436 2
216 1474 2
216 1513 2
216 1859 -2
216 1894 2
216 2100 -2
216 2488 -2
216 3820 2
216 471 2
216 827 -2
216 988 2
216 1280 2
216 1656 -2
216 2620 2
216 3724 2
216 4122 -2
217 275 -2
217 281 -2
217 310 -2
217 319 -2
217 492 2
217 565 2
217 1034 2
217 1505 2
217 1515 -2
217 1603 2
217 1641 -2
217 1879 -2
217 2106 -2
217 2258 -2
217 2397 2
217 3026 2
217 3704 -2
217 4612 2
217 301 -2
217 304 2
217 305 -2
217 485 2
217 670 2
217 1024 2
217 1194 2
217 1375 -2
217 1697 2
217 2939 2
217 3044 2
217 3363 -2
217 3503 2
217 4001 -2
217 4288 2
217 4328 2
217 4379 -2
217 4734 2
217 4776 2
218 809 2
218 2017 -2
218 2423 -2
218 3182 2
218 3559 2
218 3736 2
218 4160 -2
218 4367 2
218 4574 2
218 1859 -2
219 446 2
219 756 -2
219 817 -2
219 1310 -2
219 1334 2
219 1478 -2
219 1486 2
219 2522 -2
219 3644 2
219 3997 2
219 4286 -2
219 260 2
219 266 2
219 278 -2
219 329 -2
219 361 2
219 383 2
219 801 -2
219 1091 -2
219 1875 -2
219 1957 -2
219 2343 -2
219 2378 -2
219 3056 2
219 3614 -2
219 3787 -2
219 4475 2
220 402 2
220 636 2
220 688 2
220 762 -2
220 1185 -2
220 1344 2
220 1750 2
220 3413 -2
220 3650 2
220 4029 -2
220 4247 2
220 4598 2
220 372 -2
220 958 2
220 1112 2
220 1190 -2
220 1268 -2
220 1547 -2
220 2225 -2
220 4047 2
220 4191 -2
220 4254 -2
220 4793 2
221 385 2
221 395 -2
221 522 2
221 611 -2
221 715 2
221 940 2
221 1105 2
221 1308 -2
221 1693 2
221 1713 2
221 2190 2
221 2244 2
221 2626 2
221 2948 -2
221 3860 -2
221 3913 -2
221 222 2
221 241 2
221 257 -2
221 429 2
221 466 -2
221 468 2
221 714 2
221 828 2
221 951 2
221 1265 -2
221 1346 -2
221 1511 -2
221 1546 -2
221 1561 -2
221 1639 2
221 2276 -2
221 2639 2
221 2655 -2
221 2924 2
221 3029 -2
221 3069 2
221 3213 2
221 3534 2
221 3966 -2
221 3987 -2
222 4991 -2
222 262 -2
222 282 2
222 928 2
222 1072 -2
222 1255 2
222 2041 2
222 4254 2
222 4637 -2
222 4667 -2
222 257 -2
222 556 2
222 1294 -2
222 2276 2
222 2603 2
222 3069 -2
222 3559 2
222 3921 -2
223 3756 -2
223 605 -2
223 642 -2
223 1055 -2
223 1626 -2
223 1783 -2
223 2084 -2
223 2318 2
223 3553 2
224 255 -2
224 300 2
224 629 2
224 637 -2
224 641 -2
224 770 2
224 2139 2
224 2934 2
224 3665 2
224 3945 -2
224 411 2
224 507 2
224 525 -2
224 528 2
224 750 -2
224 1005 -2
224 1291 2
224 1499 2
224 1521 -2
224 1755 2
224 2398 2
224 2425 2
224 3330 -2
224 3781 -2
224 4247 -2
224 4715 2
225 236 2
225 365 2
225 561 2
225 1139 2
225 1389 -2
225 2211 2
225 2301 -2
225 3739 2
225 4485 -2
225 4918 -2
225 470 -2
225 653 2
225 841 -2
225 1030 -2
225 1514 2
225 2145 -2
225 2870 -2
226 727 -2
226 1327 2
226 2492 -2
226 2896 -2
226 3212 -2
226 3226 -2
226 4884 2
226 259 2
226 506 2
226 838 2
226 1232 2
226 1563 2
226 2031 -2
226 2087 -2
226 2929 -2
226 3079 2
226 3081 2
226 3137 2
226 4828 -2
227 318 -2
227 325 -2
227 694 -2
227 733 2
227 855 2
227 1519 2
227 1657 2
227 1833 2
227 1960 2
227 3389 -2
227 3466 -2
227 4491 2
227 4801 2
227 481 2
227 527 2
227 905 -2
227 1167 -2
227 1246 -2
227 4070 2
227 4267 2
227 4323 2
227 4451 2
227 4587 -2
228 370 2
228 511 2
228 1454 2
228 1460 -2
228 1461 -2
228 1728 -2
228 1747 2
228 2467 -2
228 2501 2
228 2573 2
228 2620 2
228 2819 2
228 364 2
228 1459 -2
228 1544 -2
228 1832 -2
228 2119 -2
228 3325 2
228 3591 -2
228 3626 -2
228 3952 2
228 3964 2
228 4017 2
228 4842 -2
229 283 2
229 391 -2
229 526 -2
229 671 -2
229 1040 2
229 1054 2
229 1202 -2
229 4979 -2
229 2246 2
229 3427 2
229 3771 -2
229 3894 -2
229 4249 -2
229 4271 2
229 321 2
229 794 -2
229 968 -2
229 2382 2
230 643 -2
230 2006 2
230 2459 -2
230 2559 -2
230 2587 -2
230 2941 2
230 463 -2
230 881 -2
230 897 -2
230 1778 -2
230 2164 -2
230 2818 -2
230 4951 2
230 4363 -2
230 4453 2
230 4741 2
231 331 -2
231 541 2
231 1065 2
231 1191 -2
231 1745 -2
231 1752 2
231 1793 2
231 2339 2
231 2575 -2
231 2821 -2
231 3445 2
231 4151 2
231 1281 2
231 2265 2
231 4697 2
232 451 -2
232 535 2
232 723 2
232 781 2
232 846 -2
232 1154 -2
232 1183 -2
232 1273 -2
232 1361 -2
232 1556 2
232 1870 -2
232 2720 -2
232 3055 2
232 3059 2
232 3283 -2
232 3889 -2
232 4091 -2
232 4632 -2
232 375 -2
232 524 2
232 962 2
232 1026 -2
232 1256 -2
232 1420 -2
232 1752 -2
232 1944 2
232 1973 -2
232 2456 -2
232 2735 2
232 3649 -2
233 344 2
233 1399 -2
233 1814 -2
233 1916 2
233 3251 2
233 3979 2
233 639 2
233 869 2
233 890 2
233 1147 2
233 1299 -2
233 1332 -2
233 1513 -2
233 1531 -2
233 2270 -2
233 2331 -2
233 2334 -2
233 2477 2
233 2509 -2
233 2540 -2
233 2703 -2
233 2883 -2
233 3095 2
233 3409 2
233 3602 -2
233 4255 -2
233 4492 -2
234 722 -2
234 768 -2
234 1276 -2
234 1285 2
234 1307 -2
234 1435 -2
234 1646 2
234 1810 2
234 2209 -2
234 2349 2
234 2363 -2
234 2925 -2
234 3204 2
234 3289 2
234 3341 2
234 3694 -2
234 3917 -2
234 3925 -2
234 4401 -2
234 314 -2
234 761 -2
234 819 2
234 835 -2
234 974 2
234 2705 2
234 3880 2
234 4021 -2
235 287 2
235 445 -2
235 685 -2
235 856 2
235 2107 -2
235 2754 -2
235 4954 2
235 4545 2
235 275 2
235 480 2
235 521 2
235 646 2
235 716 -2
235 812 -2
235 1888 2
235 1900 2
235 2038 -2
235 3096 -2
235 4135 2
235 4242 -2
235 4609 -2
236 249 2
236 359 2
236 418 2
236 547 2
236 1139 2
236 1606 -2
236 1945 2
236 2373 -2
236 3973 -2
236 4065 2
236 4985 2
236 4485 -2
236 484 -2
236 672 -2
236 1227 2
236 1619 -2
236 2866 -2
236 3689 -2
236 3915 2
236 4805 -2
236 4892 2
237 2074 2
237 2224 -2
237 245 2
237 451 2
237 998 2
237 2327 2
237 3248 2
237 4894 2
238 271 -2
238 481 2
238 482 -2
238 497 -2
238 994 2
238 1511 -2
238 1561 -2
238 1596 -2
238 1808 2
238 2040 -2
238 2049 -2
238 2271 2
238 2988 -2
238 3208 2
238 3496 2
238 3874 -2
238 4427 -2
238 4480 -2
238 4655 2
238 247 2
238 327 2
238 338 2
238 365 2
238 449 -2
238 475 -2
238 555 -2
238 590 2
238 700 2
238 730 2
238 848 2
238 1072 2
238 1109 -2
238 1363 2
238 1634 -2
238 2071 -2
238 2108 -2
238 2171 2
238 2203 2
238 2246 -2
238 2644 -2
238 2851 2
238 2881 -2
238 2901 -2
238 2964 2
238 3210 -2
238 3367 2
238 3420 2
238 3490 -2
238 4049 -2
238 4150 -2
238 4220 -2
238 4251 2
238 4258 -2
238 4281 2
238 4370 -2
238 4890 -2
239 341 -2
239 1289 -2
239 1342 -2
239 1720 2
239 1784 -2
239 1850 2
239 2034 -2
239 4974 -2
239 2413 -2
239 2663 -2
239 3000 -2
239 4180 2
239 4284 2
239 350 2
239 490 -2
239 510 2
239 603 -2
239 1014 2
239 1373 2
239 2148 -2
239 2433 2
239 2771 -2
239 2952 2
239 3389 -2
239 3539 2
239 4096 -2
239 4457 -2
239 4604 -2
239 4660 -2
240 383 -2
240 432 -2
240 545 -2
240 853 -2
240 1324 2
240 1762 2
240 1874 -2
240 1878 2
240 2076 -2
240 3170 2
240 404 2
240 522 -2
240 543 -2
240 598 2
240 645 -2
240 760 -2
240 1403 2
240 2176 -2
240 2841 -2
240 3462 2
240 3821 -2
240 4026 2
240 4244 -2
240 4465 -2
240 4872 2
241 263 -2
241 3498 2
241 4659 -2
241 429 2
241 466 2
241 951 2
241 1221 -2
241 1265 -2
241 1376 2
241 1710 -2
241 3155 -2
241 3713 -2
241 4121 -2
241 4526 -2
241 4565 2
242 268 -2
242 649 -2
242 978 -2
242 992 2
242 1089 -2
242 1346 -2
242 1542 -2
242 1553 2
242 1918 2
242 1950 -2
242 2410 2
242 4089 -2
242 4267 2
242 4454 -2
242 4776 2
242 669 -2
242 1049 -2
242 1362 2
242 1460 -2
242 1643 -2
242 1781 -2
242 1963 -2
242 2442 2
242 3264 -2
242 3344 -2
242 3997 2
242 4413 2
242 4563 2
243 289 2
243 745 2
243 1022 2
243 1644 -2
243 2314 2
243 2344 -2
243 2667 -2
243 3259 2
243 4433 2
243 298 -2
243 351 -2
243 970 -2
243 1611 -2
243 3903 2
244 352 -2
244 1005 2
244 1009 2
244 1654 -2
244 2464 -2
244 3188 -2
244 250 2
244 654 -2
244 731 2
244 821 2
244 1188 -2
244 1302 2
244 1450 2
244 1567 2
244 1862 2
244 2974 -2
244 3101 2
244 3479 2
244 3481 -2
244 3863 -2
244 4132 -2
244 4279 2
244 4357 -2
244 4403 -2
244 4531 -2
245 322 -2
245 396 -2
245 415 2
245 540 -2
245 672 -2
245 738 -2
245 895 2
245 1025 -2
245 1088 2
245 1152 2
245 2028 2
245 2250 -2
245 2520 -2
245 2541 2
245 2729 -2
245 2890 -2
245 3774 2
245 451 2
245 575 -2
245 704 2
245 2327 2
245 2619 2
245 2920 -2
245 3123 2
245 3507 -2
245 3560 2
245 3609 -2
246 392 -2
246 1254 -2
246 4243 2
246 4728 2
246 265 -2
246 340 2
246 379 2
246 428 -2
246 488 -2
246 512 -2
246 529 -2
246 698 2
246 719 2
246 1137 -2
246 1158 -2
246 1199 2
246 1503 2
246 1522 -2
246 1562 2
246 1661 -2
246 1709 -2
246 1826 2
246 2401 2
246 2523 -2
246 2826 -2
246 3471 -2
246 3508 -2
246 3524 2
246 4128 2
246 4138 -2
246 4272 2
246 4400 2
246 4699 2
247 346 2
247 811 -2
247 2062 2
247 2568 2
247 2825 2
247 4511 2
247 531 -2
247 2644 -2
247 2851 -2
248 315 2
248 868 -2
248 1395 -2
248 1405 -2
248 1439 2
248 1664 -2
248 3709 -2
248 3732 -2
248 4620 -2
248 1141 -2
248 1342 -2
248 1711 -2
249 359 2
249 4973 2
249 418 2
249 657 2
249 1922 2
249 2954 2
249 586 -2
249 2704 -2
249 3666 -2
249 4303 -2
249 4506 -2
250 274 2
250 613 2
250 639 -2
250 660 2
250 686 2
250 771 2
250 1008 2
250 1067 2
250 1167 2
250 1491 -2
250 1504 2
250 1885 -2
250 2003 2
250 2357 2
250 2767 2
250 3632 2
250 3747 -2
250 3940 -2
250 4738 2
250 4829 2
250 654 2
250 1043 2
250 1188 2
250 1559 -2
250 2216 2
250 2692 2
250 3094 -2
250 3101 2
250 4758 -2
251 999 2
251 1306 2
251 1831 2
251 2897 2
251 3394 2
251 4494 -2
251 532 -2
251 777 -2
251 887 2
251 1135 2
251 1252 -2
251 1357 -2
251 2281 2
251 2823 -2
251 3133 -2
251 3845 -2
251 4819 -2
251 4858 -2
252 617 2
252 656 2
252 1138 -2
252 1738 2
252 2691 -2
252 3067 2
252 3213 2
252 3353 2
252 3698 2
252 4156 -2
252 4438 2
252 4882 -2
252 1255 -2
252 2217 2
252 3110 2
252 3456 2
252 3600 -2
253 276 -2
253 277 2
253 296 -2
253 323 -2
253 406 2
253 488 2
253 609 2
253 735 -2
253 819 -2
253 862 2
253 908 2
253 959 -2
253 965 2
253 1149 -2
253 1369 2
253 1428 2
253 1611 -2
253 1665 -2
253 1767 2
253 1823 -2
253 1884 2
253 2000 -2
253 2558 2
253 2638 -2
253 3631 -2
253 3752 2
253 3879 -2
253 4149 -2
253 4410 2
253 4506 2
253 4901 2
253 1937 2
253 2163 -2
253 2885 -2
253 2970 -2
254 460 -2
254 701 -2
254 760 2
254 2115 2
254 1197 -2
254 1635 2
254 2810 -2
254 4316 -2
255 641 -2
255 901 -2
255 1239 2
255 2353 -2
255 3455 2
255 3703 2
255 4519 2
255 459 -2
255 1035 -2
255 2053 -2
255 2197 -2
255 2531 2
255 2683 2
255 3283 2
255 3778 -2
255 4246 -2
256 375 -2
256 490 -2
256 1305 2
256 1678 -2
256 1852 2
256 2662 2
256 3866 2
256 472 -2
256 591 -2
256 1293 2
256 2048 2
257 273 -2
257 807 -2
257 830 2
257 1293 2
257 1401 2
257 1630 2
257 1688 -2
257 2094 -2
257 2617 2
257 2892 2
257 3598 2
257 4023 -2
257 4790 2
257 468 2
257 556 -2
257 1044 -2
257 1111 -2
257 1511 -2
257 2603 -2
257 4900 -2
258 403 2
258 640 2
258 1014 2
258 2917 -2
258 3305 2
258 296 -2
258 768 2
258 857 -2
258 874 2
258 1263 -2
258 2099 -2
258 2608 2
258 3243 2
259 405 2
259 594 -2
259 1483 -2
259 1691 2
259 1699 -2
259 269 2
259 282 2
259 838 2
259 1478 -2
259 1534 -2
259 1731 -2
259 2469 2
259 2526 2
259 2929 -2
259 3081 2
259 3134 2
259 3736 2
259 4090 2
259 4097 -2
259 4427 -2
259 4828 -2
259 4909 -2
260 372 -2
260 465 2
260 1026 2
260 2477 -2
260 2995 -2
260 3380 -2
260 3511 2
260 4477 2
260 4777 -2
260 1091 2
260 1875 -2
260 1882 2
260 1957 2
260 2343 2
260 2528 2
260 3614 -2
260 4622 -2
261 311 2
261 354 -2
261 1672 2
261 1915 2
261 2981 -2
261 318 2
261 355 2
261 422 -2
261 807 2
261 871 -2
261 894 2
261 934 2
261 1017 2
261 1448 2
261 1772 2
261 1814 2
261 2013 -2
261 2544 2
261 2838 2
261 2995 -2
261 4011 -2
261 4038 2
261 4285 -2
262 444 -2
262 928 2
262 986 -2
262 988 2
262 1072 -2
262 1111 2
262 1314 -2
262 1458 2
262 1494 2
262 1612 2
262 1741 2
262 2023 2
262 2081 -2
262 2830 2
262 3253 -2
262 3514 -2
262 3789 2
262 4039 2
262 4301 2
262 4323 2
262 4523 2
262 4602 -2
262 4668 -2
262 4826 -2
262 370 -2
262 581 2
262 2556 -2
262 2820 2
262 4137 -2
262 4777 2
263 3269 -2
263 302 2
263 430 -2
263 448 2
263 626 2
263 667 -2
263 695 -2
263 726 2
263 852 -2
263 911 -2
263 1073 -2
263 1348 -2
263 1361 2
263 1463 2
263 1799 2
263 2259 2
263 2296 2
263 2941 -2
263 3015 2
263 3644 2
263 3958 2
263 4297 -2
263 4769 2
263 4885 -2
264 369 -2
264 666 2
264 675 2
264 880 2
264 939 -2
264 1114 2
264 1373 -2
264 1614 -2
264 1662 2
264 2104 -2
264 2605 2
264 2867 -2
264 2905 -2
264 3950 2
264 1400 -2
264 2052 -2
264 2443 -2
264 2554 2
264 4998 -2
264 3163 -2
264 3169 -2
264 3767 2
264 4146 2
264 4946 2
265 376 2
265 576 -2
265 890 2
265 1241 -2
265 1995 -2
265 2087 2
265 2251 2
265 2396 -2
265 2439 -2
265 2621 -2
265 3270 -2
265 4226 -2
265 4432 2
265 4869 2
265 322 2
265 342 -2
265 379 -2
265 428 -2
265 512 2
265 664 2
265 858 2
265 1137 -2
265 1143 2
265 1173 2
265 1174 2
265 1495 -2
265 1503 -2
265 1661 -2
265 1826 2
265 2165 2
265 2375 -2
265 2610 -2
265 3276 2
265 3474 -2
265 4013 2
265 4128 2
265 4400 2
265 4945 2
266 648 -2
266 985 -2
266 989 -2
266 1090 -2
266 3607 2
266 3806 -2
266 4836 -2
266 329 2
266 361 -2
266 383 -2
266 386 2
266 540 -2
266 607 -2
266 618 -2
266 796 2
266 801 -2
266 1344 -2
266 1493 2
266 1674 -2
266 1784 2
266 1972 -2
266 2159 -2
266 2309 2
266 3205 -2
266 3301 2
266 3398 2
266 3530 2
266 4205 2
266 4475 2
267 378 2
267 473 2
267 1348 2
267 1692 -2
267 1714 -2
267 1826 -2
267 2027 -2
267 2210 -2
267 2862 -2
267 3557 -2
267 3767 2
267 4219 2
267 4676 -2
267 534 -2
267 1636 -2
267 3919 -2
267 4933 -2
268 992 -2
268 1181 2
268 1346 2
268 2206 2
268 3802 2
268 3838 2
268 4600 2
268 371 -2
268 813 -2
268 867 -2
268 1666 -2
268 1848 -2
268 3152 -2
268 3482 2
268 3885 2
268 4300 2
268 4733 2
269 277 2
269 518 2
269 582 -2
269 754 -2
269 984 -2
269 1057 -2
269 1070 -2
269 1464 2
269 1575 2
269 1823 -2
269 2000 -2
269 2297 2
269 3153 -2
269 4213 2
269 4752 2
269 282 2
269 479 2
269 1036 -2
269 1478 2
269 3134 -2
269 3736 -2
269 4427 -2
269 4904 2
269 4909 -2
270 1760 2
270 597 2
270 1066 2
270 1805 -2
270 2184 -2
270 2373 -2
271 481 2
271 530 2
271 1094 2
271 1511 2
271 1561 -2
271 1574 -2
271 2271 -2
271 2756 2
271 4427 -2
271 2911 2
271 3852 -2
271 4084 2
271 4518 -2
272 305 2
272 964 2
272 1517 2
272 2405 -2
272 405 2
272 832 2
272 2092 2
272 2300 2
272 3114 -2
272 4802 -2
273 807 2
273 1630 2
273 1688 2
273 2302 -2
273 2642 -2
273 3591 -2
273 3614 -2
273 4455 2
273 541 -2
273 593 2
273 623 2
273 728 2
273 1842 -2
273 2452 2
273 2630 -2
273 3300 -2
273 4274 -2
273 4448 2
273 4855 2
274 613 2
274 1007 -2
274 1116 2
274 1407 -2
274 2178 -2
274 2643 -2
274 4131 -2
274 594 -2
274 720 2
274 793 -2
274 862 -2
274 947 -2
274 1106 2
274 1821 -2
274 2160 -2
274 2228 -2
274 3421 2
275 319 -2
275 468 -2
275 1077 -2
275 1215 2
275 1854 2
275 1860 -2
275 2192 -2
275 2258 2
275 2649 2
275 2763 2
275 2907 -2
275 2987 -2
275 3628 2
275 3846 -2
275 4175 2
275 480 -2
275 521 2
275 798 -2
275 1177 -2
275 1396 2
275 1486 -2
275 1558 2
275 1888 2
275 2141 -2
275 3009 -2
275 3058 -2
275 3086 2
275 3948 2
275 4253 -2
275 4638 2
276 439 -2
276 454 -2
276 457 2
276 488 2
276 619 2
276 691 -2
276 782 -2
276 1095 -2
276 1258 -2
276 1428 -2
276 1600 -2
276 1633 -2
276 1665 -2
276 1865 -2
276 1884 2
276 2247 -2
276 2451 2
276 2558 -2
276 3641 -2
276 4070 -2
276 4122 -2
276 4166 2
276 4429 2
276 4645 -2
276 4952 2
276 4712 -2
276 387 -2
276 426 2
276 864 2
276 1153 -2
276 1412 2
276 2495 2
277 296 2
277 819 -2
277 1823 2
278 563 -2
278 774 -2
278 1339 -2
278 1427 2
278 1732 -2
278 2150 -2
278 2664 -2
278 3521 -2
278 4004 -2
278 409 2
278 859 -2
278 2506 2
278 3022 -2
278 3787 -2
278 4200 -2
279 288 -2
279 419 -2
279 737 -2
279 1572 -2
279 2063 -2
279 2293 2
279 2693 -2
279 3401 2
279 3854 2
279 3952 2
279 4871 -2
280 467 -2
280 605 2
280 757 2
280 1262 2
280 1961 -2
280 2189 2
280 2214 -2
280 3454 -2
280 567 -2
280 588 -2
280 4528 2
281 310 -2
281 921 -2
281 1034 -2
281 1879 2
281 2341 2
281 3026 -2
281 3528 2
281 389 2
281 745 -2
281 1270 -2
281 1829 -2
281 1874 -2
281 1921 -2
281 2368 -2
281 2707 2
281 4211 2
282 470 2
282 520 -2
282 1255 2
282 1280 -2
282 2193 -2
282 4254 2
282 4724 -2
282 4798 -2
282 479 -2
282 1687 -2
282 2469 -2
282 4090 2
283 390 -2
283 391 -2
283 412 -2
283 495 -2
283 526 2
283 533 -2
283 669 -2
283 850 2
283 1040 2
283 1365 2
283 2045 -2
283 2132 -2
283 2219 2
283 2365 2
283 4979 2
283 4080 -2
283 4127 -2
283 4249 2
283 306 -2
283 691 2
283 723 2
283 1074 2
283 1196 -2
283 1529 -2
283 1866 -2
283 1907 2
283 1999 -2
283 2078 -2
283 2358 2
283 4764 -2
284 4117 -2
284 688 2
284 705 2
284 775 2
284 1248 2
284 1576 -2
284 1623 -2
284 2463 -2
284 2680 -2
284 3177 -2
284 4692 -2
285 506 -2
285 775 2
285 791 -2
285 1313 2
285 1613 -2
285 2750 -2
285 1145 -2
285 1641 -2
285 4243 2
285 4387 2
286 602 -2
286 665 2
286 845 -2
286 949 2
286 1864 2
286 2222 -2
286 2908 -2
286 2935 2
286 3064 -2
286 4317 -2
286 315 2
286 398 -2
286 561 -2
286 636 -2
286 899 2
286 944 2
286 1136 2
286 2363 2
286 2372 -2
286 2564 2
286 3006 2
286 3204 2
286 3247 2
286 3568 -2
286 4020 2
286 4476 -2
286 4694 -2
287 685 -2
287 877 2
287 1902 -2
287 2448 -2
287 2754 2
287 2762 2
287 3011 -2
287 3655 2
287 310 2
287 3258 2
287 4206 2
287 4812 2
288 419 2
288 995 -2
288 1180 -2
288 2063 2
288 2787 2
288 3306 2
288 3854 -2
288 477 2
288 1085 2
288 1289 -2
288 1750 2
288 1896 -2
288 2151 -2
288 2418 2
288 2852 2
288 3193 -2
288 3565 2
288 3850 -2
288 4360 -2
288 4469 -2
289 1162 -2
289 1644 -2
289 3003 -2
289 3259 -2
289 3663 2
289 4178 -2
289 4677 2
290 437 -2
290 1317 2
290 1417 2
290 1525 2
290 1981 -2
290 2797 2
290 3848 -2
290 3862 2
290 4257 -2
290 4781 -2
290 1968 -2
291 345 2
291 615 -2
291 622 -2
291 872 2
291 1302 2
291 1354 2
291 1396 2
291 1431 -2
291 1444 -2
291 1639 2
291 1992 2
291 2350 -2
291 2457 -2
291 2478 -2
291 2687 2
291 2746 2
291 3007 -2
291 3121 2
291 3809 -2
291 4287 2
291 440 2
291 611 2
291 1939 2
291 2003 2
291 2005 -2
291 3132 -2
291 3358 2
291 4480 2
292 3592 2
292 357 2
292 533 -2
292 609 -2
292 752 -2
292 1161 -2
292 1200 -2
292 1539 -2
292 1632 -2
292 1815 2
292 2182 2
292 3051 -2
292 3309 2
292 3464 2
292 3632 2
292 3870 2
292 4165 -2
292 4345 -2
293 430 -2
293 479 2
293 998 -2
293 1127 2
293 1264 -2
293 1919 -2
293 2039 -2
293 2159 -2
293 2269 -2
293 2771 2
293 3178 2
293 3292 2
293 4313 2
293 4349 -2
293 307 -2
293 606 2
293 1121 2
293 1427 -2
293 2117 2
293 2420 -2
293 2457 2
293 2536 -2
293 3284 -2
293 4550 2
294 356 2
294 435 -2
294 483 -2
294 678 -2
294 870 -2
294 1287 2
294 1551 -2
294 1571 -2
294 1679 -2
294 2306 -2
294 2315 2
294 2347 2
294 3087 -2
294 3432 2
294 3504 2
294 3540 -2
294 3859 2
294 3870 -2
294 4460 -2
294 4617 2
294 4797 2
294 432 2
294 572 -2
294 926 -2
294 1879 2
294 2321 2
295 826 2
295 2174 2
295 2255 2
295 2294 2
295 3609 -2
295 368 2
295 418 -2
295 743 2
295 786 -2
295 889 2
295 1116 2
295 2462 -2
295 2557 -2
295 2563 2
295 2821 2
296 323 2
296 406 -2
296 819 2
296 862 2
296 1149 2
296 1408 2
296 1475 2
296 1490 2
296 1767 -2
296 2705 -2
296 3155 -2
296 768 -2
296 805 2
296 857 -2
296 1172 2
296 1263 2
296 2099 2
296 2305 2
296 2404 2
296 2421 2
296 2930 -2
296 3243 -2
296 3690 2
297 429 -2
297 471 -2
297 567 2
297 585 -2
297 1129 2
297 1151 2
297 1480 -2
297 2002 -2
297 2230 2
297 399 2
297 441 -2
297 676 2
297 845 2
297 1061 -2
297 1714 -2
297 1901 -2
297 2125 -2
297 2169 -2
297 2370 2
297 2775 -2
297 3350 -2
297 3943 -2
297 4186 2
298 552 -2
298 554 2
298 729 -2
298 1953 2
298 2092 2
298 2539 -2
298 2870 2
298 3713 -2
298 4098 -2
298 4173 2
299 307 -2
299 374 -2
299 408 -2
299 769 -2
299 1052 -2
299 1184 -2
299 1209 2
299 3693 2
299 3695 2
299 4074 -2
299 4161 2
299 4929 2
299 511 -2
299 1679 -2
299 4127 -2
300 770 -2
300 966 -2
300 323 -2
300 402 -2
300 554 -2
300 592 2
300 735 2
300 800 2
300 904 -2
300 1223 -2
300 1377 2
300 1650 2
300 1720 2
300 2037 2
300 2324 2
300 2348 -2
300 2538 2
300 2896 2
300 3418 -2
300 3575 2
300 3764 2
300 3830 2
300 4044 -2
300 4228 -2
300 4927 -2
301 534 2
301 1770 -2
301 2526 2
301 2719 -2
301 304 2
301 363 -2
301 638 2
301 670 2
301 1175 2
301 1272 2
301 1347 -2
301 1620 2
301 2922 2
301 3148 -2
301 3305 2
301 3676 2
301 4524 -2
301 4814 2
302 382 -2
302 456 2
302 658 2
302 843 -2
302 1158 -2
302 1274 -2
302 1715 -2
302 1789 -2
302 1903 2
302 2130 -2
302 2284 -2
302 2507 -2
302 2765 -2
302 2881 2
302 3004 -2
302 3231 -2
302 3257 -2
302 3590 -2
302 4368 2
302 4459 -2
302 369 -2
302 430 2
302 448 -2
302 667 2
302 852 -2
302 4989 2
302 1037 2
302 1045 2
302 1073 2
302 1124 2
302 1126 -2
302 1533 -2
302 1616 -2
302 1836 2
302 1996 -2
302 2012 -2
302 2057 2
302 2153 -2
302 2323 2
302 2393 2
302 2432 2
302 2900 2
302 3032 -2
302 3225 2
302 3671 2
302 3675 2
302 3795 -2
302 3851 -2
302 4022 -2
302 4114 -2
302 4309 2
302 4634 -2
302 4919 2
303 730 2
303 752 -2
303 763 2
303 987 2
303 1531 -2
303 1690 -2
303 2018 -2
303 2496 2
303 3248 2
303 3425 2
303 4222 -2
303 4311 2
303 4557 -2
303 4606 -2
303 915 -2
303 1895 -2
303 2481 -2
303 2522 2
303 2816 -2
303 3680 2
303 4064 2
304 440 2
304 527 2
304 1590 -2
304 1629 2
304 2417 2
304 670 2
304 1047 -2
304 1272 2
304 1730 -2
305 553 -2
305 3183 2
305 1194 2
305 1375 -2
305 1638 2
305 1697 2
305 1904 -2
305 1932 2
305 2181 -2
305 2876 -2
305 3027 -2
305 3044 2
305 3363 2
305 3365 2
305 3465 -2
305 3503 -2
305 3531 2
305 4239 -2
305 4328 -2
305 4381 2
306 2201 -2
306 4865 2
306 4962 2
306 691 -2
306 1074 -2
306 1196 -2
306 1529 2
306 2078 -2
306 2130 2
306 2353 -2
306 2358 -2
306 4986 2
306 2902 2
306 3494 -2
306 3664 2
306 3711 -2
306 4667 -2
307 374 -2
307 539 -2
307 746 2
307 769 -2
307 927 2
307 1052 -2
307 2319 2
307 2809 -2
307 2855 2
307 3052 -2
307 4161 -2
307 4414 2
307 4753 2
307 1229 2
308 358 2
308 346 -2
308 614 -2
308 823 -2
308 875 2
308 1011 -2
308 1212 2
308 1220 2
308 1678 2
308 1694 -2
308 2238 -2
308 2388 2
308 2449 2
308 2695 -2
308 3208 2
308 3937 -2
308 4393 -2
308 4549 2
308 4728 2
309 739 2
309 932 2
309 2360 2
309 2453 2
309 3525 2
309 424 2
309 1159 -2
309 1244 2
309 1689 2
309 3099 2
309 3173 2
309 3224 2
309 4074 2
310 1879 -2
310 2106 2
310 4206 -2
311 321 -2
311 354 2
311 401 -2
311 447 2
311 485 2
311 584 2
311 598 -2
311 788 2
311 1377 2
311 1411 -2
311 1430 2
311 1471 2
311 1567 -2
311 1672 2
311 1735 2
311 1880 -2
311 1954 2
311 2265 2
311 2316 2
311 2351 -2
311 2596 2
311 3031 2
311 3797 2
311 4382 -2
311 4775 2
311 4844 -2
311 348 -2
311 423 -2
311 640 -2
311 928 2
311 952 2
311 1663 2
311 2029 2
311 2518 2
311 3755 2
311 3815 -2
312 564 2
312 852 2
312 1223 2
312 1347 2
312 1529 2
312 1959 2
312 2921 -2
312 3028 2
312 3175 2
312 3483 -2
312 903 -2
312 907 2
312 979 2
312 1301 2
312 1541 -2
312 1646 2
312 2230 2
312 3318 2
312 3901 2
312 4772 -2
313 450 -2
313 700 2
313 865 -2
313 1363 -2
313 1795 2
313 2769 -2
313 2939 -2
313 3741 -2
313 3881 -2
313 4550 -2
313 330 2
313 344 -2
313 496 -2
313 501 -2
313 610 2
313 677 -2
313 734 -2
313 762 -2
313 836 2
313 860 -2
313 872 2
313 909 -2
313 923 2
313 931 -2
313 1032 2
313 1071 2
313 1140 -2
313 1163 -2
313 1166 -2
313 1394 -2
313 1490 -2
313 1735 2
313 1771 2
313 1991 2
313 2047 -2
313 2367 2
313 2381 -2
313 2517 -2
313 2715 -2
313 2916 -2
313 2936 -2
313 3028 2
313 3085 -2
313 3219 -2
313 3703 2
313 3745 -2
313 3871 -2
313 3884 -2
313 4043 2
313 4231 -2
313 4335 -2
313 4766 -2
313 4833 2
314 663 2
314 718 2
314 1729 -2
314 2356 -2
314 2431 -2
314 2595 -2
314 3354 -2
314 3487 2
314 4047 2
314 4409 2
314 835 2
314 873 2
314 2705 2
314 3003 2
314 3880 2
314 4905 2
315 868 -2
315 1266 2
315 1395 2
315 2026 -2
315 4000 -2
315 398 2
315 636 2
315 944 -2
315 2205 -2
315 2564 2
315 2662 -2
315 3247 2
316 398 2
316 438 -2
316 614 2
316 646 2
316 679 -2
316 2181 -2
316 2368 -2
316 2435 2
316 3569 -2
316 4264 2
316 4786 2
316 545 2
316 999 -2
316 1789 -2
316 2124 -2
316 2236 -2
316 2570 -2
316 2731 2
317 893 -2
317 1591 -2
317 1931 2
317 2032 2
317 2386 -2
317 3081 -2
317 3530 2
317 1485 -2
318 855 2
318 948 2
318 1092 -2
318 1177 2
318 1298 2
318 1960 -2
318 2237 -2
318 2437 -2
318 2854 2
318 3286 2
318 3466 -2
318 4411 -2
318 355 -2
318 422 2
318 1017 -2
318 1736 2
318 1772 2
318 2419 -2
318 2515 2
318 3298 2
318 3384 2
318 4487 -2
319 468 2
319 492 -2
319 596 -2
319 706 -2
319 952 2
319 1215 2
319 1226 2
319 1505 -2
319 1846 -2
319 2126 -2
319 2185 2
319 2258 -2
319 2907 -2
319 3157 -2
319 3227 -2
319 3543 -2
319 4612 -2
319 434 2
319 1062 -2
319 1353 -2
319 3923 -2
319 4305 2
319 4421 2
320 397 2
320 410 2
320 2536 -2
320 1059 -2
320 2218 -2
320 2779 -2
320 2926 2
320 3039 -2
320 3206 2
321 584 -2
321 598 2
321 625 -2
321 682 -2
321 815 -2
321 1097 -2
321 1169 2
321 1186 -2
321 1499 2
321 1785 -2
321 2398 2
321 3679 -2
321 4360 -2
321 4916 2
322 396 2
322 452 2
322 593 -2
322 672 -2
322 946 -2
322 1025 2
322 1084 2
322 2048 2
322 3099 -2
322 3364 -2
322 4922 -2
322 342 -2
322 1440 2
322 3924 -2
322 4334 2
323 406 2
323 609 -2
323 1408 -2
323 1475 2
323 2705 -2
323 3681 -2
323 4604 -2
323 325 2
323 354 2
323 378 -2
323 537 2
323 735 -2
323 904 2
323 910 -2
323 918 -2
323 964 -2
323 1115 -2
323 1176 -2
323 1217 -2
323 1223 -2
323 1472 -2
323 1569 2
323 1795 -2
323 2444 2
323 2722 2
323 2863 -2
323 3391 -2
323 3698 2
323 3729 2
323 4212 -2
323 4249 -2
323 4326 2
323 4927 2
324 428 -2
324 719 2
324 1673 2
324 2755 2
324 3247 -2
324 3898 -2
324 4008 2
324 4484 2
324 343 2
324 388 2
324 699 -2
324 978 -2
324 1054 2
324 1123 -2
324 1245 -2
324 1727 2
324 2636 2
324 2726 -2
324 3551 -2
324 3701 2
324 4154 -2
325 694 -2
325 1236 2
325 1519 2
325 4339 -2
325 354 -2
325 417 2
325 504 -2
325 537 2
325 908 -2
325 910 -2
325 1082 -2
325 1206 2
325 1472 2
325 1883 -2
325 2033 -2
325 2135 2
325 2263 -2
325 2342 2
325 2555 -2
325 3153 2
325 4103 2
325 4653 -2
326 623 -2
326 906 -2
326 2436 2
326 2716 -2
326 4891 2
326 403 -2
326 829 2
326 854 2
326 878 -2
326 943 2
326 1316 2
326 1986 2
326 2292 -2
326 2559 -2
326 2577 2
326 3091 2
326 3150 -2
326 3953 2
327 580 -2
327 644 2
327 725 -2
327 742 2
327 1589 2
327 2963 -2
327 4935 2
327 4940 -2
327 365 -2
327 566 2
327 722 2
327 1363 -2
327 1802 -2
327 1893 -2
327 2108 -2
327 2901 2
327 3157 -2
327 4050 -2
327 4059 2
327 4258 2
327 4685 -2
328 342 -2
328 353 -2
328 362 2
328 366 -2
328 516 -2
328 542 2
328 840 2
328 1176 2
328 1380 2
328 4960 -2
328 1666 -2
328 1768 -2
328 1781 2
328 2124 2
328 2149 -2
328 3291 -2
328 3564 -2
328 4240 -2
328 4811 -2
328 1004 2
328 1093 2
328 2693 2
328 2696 2
328 2785 2
328 3774 -2
328 4223 2
329 339 2
329 363 -2
329 624 -2
329 784 -2
329 933 -2
329 1121 2
329 1141 2
329 4975 2
329 1889 -2
329 1913 2
329 1940 2
329 1948 -2
329 2083 2
329 2345 -2
329 2514 -2
329 2631 -2
329 2778 2
329 3281 2
329 3361 -2
329 4990 2
329 4067 -2
329 4915 -2
329 361 -2
329 607 -2
329 796 -2
329 1674 -2
329 1702 2
329 2159 -2
329 2309 2
329 2677 -2
329 4881 2
330 336 2
330 347 -2
330 668 2
330 892 -2
330 1063 2
330 1701 -2
330 1794 -2
330 2233 -2
330 4980 -2
330 2823 2
330 3065 2
330 3900 -2
330 3938 -2
330 4037 2
330 4281 -2
330 4925 -2
330 677 2
330 3323 2
330 4342 -2
331 541 -2
331 744 2
331 1065 2
331 1793 -2
331 2575 2
331 3902 -2
331 3933 -2
331 4151 2
331 333 2
331 349 -2
331 628 2
331 651 2
331 1165 -2
331 1187 -2
331 1349 2
331 1387 -2
331 1388 2
331 1506 -2
331 1523 2
331 1767 -2
331 2019 -2
331 2824 2
331 2835 -2
331 3467 2
331 3618 2
331 4093 -2
331 4148 -2
331 4237 -2
331 4473 -2
331 4681 2
332 343 2
332 1071 -2
332 1332 -2
332 1731 -2
332 1812 -2
332 1928 2
332 2292 2
332 2701 -2
332 3777 2
332 587 2
332 795 -2
332 1431 2
332 1680 -2
332 2453 2
332 3390 -2
332 3630 2
332 3740 2
333 633 -2
333 698 -2
333 943 -2
333 1597 -2
333 3123 -2
333 3717 2
333 4452 -2
334 1447 2
334 1667 2
334 1832 -2
334 1862 2
334 2307 -2
334 2945 -2
334 3137 -2
334 4233 -2
334 414 -2
334 1430 2
334 1458 2
334 2190 2
334 3576 -2
335 555 2
335 1803 -2
335 1837 -2
335 3022 -2
335 487 -2
335 1464 -2
335 2659 2
335 3659 -2
335 3957 -2
336 347 -2
336 461 2
336 507 2
336 606 2
336 668 2
336 800 -2
336 1063 -2
336 1165 2
336 1281 -2
336 2012 2
336 2035 -2
336 2141 2
336 2378 2
336 2449 -2
336 3167 2
336 3279 2
336 3372 2
336 3570 2
336 3689 -2
336 3719 2
336 3938 -2
336 940 2
336 1512 2
336 2030 -2
336 2180 -2
336 4214 -2
336 4293 -2
336 4425 2
336 4835 2
337 979 2
337 1082 -2
337 1106 -2
337 1198 -2
337 1414 -2
337 1516 -2
337 1842 2
337 1925 2
337 2358 -2
337 2956 -2
337 3406 -2
337 3668 2
337 4002 -2
337 4066 2
337 4337 2
337 3634 2
338 348 2
338 424 -2
338 514 -2
338 572 2
338 655 2
338 728 -2
338 778 2
338 797 2
338 974 2
338 1029 -2
338 1197 2
338 1217 -2
338 1502 2
338 1528 2
338 1936 2
338 2414 -2
338 2450 -2
338 3420 -2
338 3436 -2
338 3536 -2
338 4048 -2
338 4708 -2
338 4747 2
338 4912 -2
338 475 2
338 562 2
338 848 2
338 1634 2
338 2071 -2
338 2203 2
338 2246 2
338 2594 2
338 2645 -2
338 2927 2
338 3179 -2
338 3198 2
338 3263 2
338 3696 -2
338 4006 2
338 4176 2
338 4218 -2
338 4332 2
338 4846 -2
339 2778 2
339 410 -2
339 1058 2
339 1119 -2
339 1331 -2
339 1368 -2
339 1527 -2
339 2120 -2
339 2385 -2
339 3662 -2
339 3673 -2
339 4175 2
340 889 -2
340 1041 2
340 1099 2
340 1219 -2
340 1400 2
340 1462 2
340 1549 2
340 1686 -2
340 2371 -2
340 2399 -2
340 2429 2
340 2480 -2
340 2515 2
340 2796 -2
340 2837 -2
340 2895 2
340 2920 -2
340 3438 -2
340 3453 -2
340 3683 2
340 3701 -2
340 4199 -2
340 4298 2
340 4570 -2
340 4874 -2
340 4930 2
340 488 2
340 1002 2
341 1304 -2
341 1342 -2
341 2961 -2
341 4532 -2
341 353 -2
341 376 2
341 454 2
341 772 -2
341 808 2
341 994 -2
341 1209 -2
341 1231 2
341 1355 2
341 1393 -2
341 1609 2
341 1751 2
341 1941 -2
341 2115 -2
341 2448 -2
341 2558 -2
341 3404 2
341 3454 -2
341 3501 -2
341 4863 -2
341 4888 -2
342 840 2
342 844 2
342 1768 2
342 1775 -2
342 2382 -2
342 3163 2
342 3333 2
342 3564 -2
342 1495 -2
342 3276 2
342 3419 -2
342 4023 2
342 4120 2
342 4334 2
342 4783 -2
343 610 -2
343 627 2
343 1071 -2
343 1200 -2
343 1251 2
343 1332 -2
343 1552 2
343 1583 -2
343 1588 2
343 1928 -2
343 2542 2
343 2623 -2
343 2701 -2
343 2955 -2
343 3901 2
343 4206 -2
343 388 -2
343 415 2
343 699 2
343 721 2
343 978 -2
343 987 2
343 1054 2
343 1067 2
343 1169 -2
343 1242 2
343 1330 2
343 1406 2
343 1415 -2
343 2470 -2
343 2690 -2
343 2726 -2
343 3190 2
343 3203 2
343 3241 2
343 3551 -2
343 3716 2
343 3960 2
343 4056 -2
343 4673 -2
343 4770 -2
344 351 2
344 420 2
344 551 2
344 1061 2
344 1081 -2
344 1896 2
344 1968 -2
344 2383 -2
344 2815 2
344 3098 -2
344 3252 -2
344 4241 -2
344 496 2
344 501 2
344 552 -2
344 565 2
344 573 2
344 668 2
344 734 2
344 762 2
344 1155 2
344 2050 -2
344 2666 -2
344 2819 2
344 3235 -2
344 3280 2
344 3313 -2
345 578 -2
345 4953 2
345 615 2
345 804 -2
345 910 2
345 997 -2
345 1028 -2
345 1147 2
345 1242 -2
345 1582 -2
345 1830 2
345 2556 2
345 2607 2
345 2899 -2
345 3501 2
345 3731 2
345 4143 -2
345 4308 -2
345 4653 -2
345 4932 2
345 356 2
345 497 2
345 604 2
345 1087 -2
345 1519 -2
345 1622 -2
345 1722 2
345 2023 -2
345 3744 -2
345 3869 2
345 3934 2
345 4079 2
345 4350 2
345 4359 2
346 599 -2
346 834 2
346 1331 -2
346 1990 2
346 2199 -2
346 823 2
346 1583 -2
346 2440 -2
347 668 -2
347 892 -2
347 1281 -2
347 1701 -2
347 1794 2
347 2012 2
347 2035 -2
347 2291 2
347 2348 -2
347 2736 -2
347 2871 -2
347 2898 -2
347 3242 2
347 3719 2
347 4288 2
347 359 -2
347 702 2
347 1027 2
347 1218 -2
347 1587 2
347 1739 -2
347 2293 -2
347 3550 -2
347 4027 2
347 4737 2
348 778 2
348 797 2
348 974 -2
348 1438 -2
348 1595 -2
348 2567 2
348 2669 2
348 3377 -2
348 3418 2
348 3586 -2
348 4808 2
348 4888 2
348 1663 2
348 2029 -2
348 3815 2
349 592 2
349 1122 -2
349 1227 -2
349 1563 2
349 1791 2
349 1807 -2
349 2137 -2
349 2276 -2
349 2279 -2
349 2320 -2
349 2635 2
349 3812 2
349 4017 2
349 4593 -2
349 628 2
349 1388 2
349 1600 2
349 2224 -2
349 2942 2
349 3467 -2
349 4237 2
350 717 2
350 1955 -2
350 4167 -2
350 490 -2
350 578 2
350 603 2
350 644 2
350 955 -2
350 1421 -2
350 2433 2
350 3539 -2
350 4096 2
350 4867 -2
351 420 2
351 525 -2
351 551 2
351 785 -2
351 1212 -2
351 2383 -2
351 3296 2
351 4345 2
351 393 2
351 491 2
351 770 -2
351 970 2
351 4324 2
352 1005 -2
352 1009 -2
352 1654 2
352 2464 2
352 2593 -2
352 2653 2
352 3070 2
352 458 2
352 641 2
352 902 -2
352 977 -2
352 1051 -2
352 2273 -2
352 2320 2
352 2416 -2
352 3019 2
352 3037 2
352 3349 -2
352 3540 -2
352 3835 2
352 4535 2
353 362 -2
353 367 -2
353 463 -2
353 476 -2
353 516 2
353 528 2
353 531 -2
353 542 2
353 588 -2
353 653 2
353 708 2
353 712 -2
353 821 -2
353 954 2
353 1176 -2
353 1286 -2
353 1835 2
353 1868 -2
353 1949 2
353 1966 -2
353 2022 2
353 2071 -2
353 2407 -2
353 2516 -2
353 2597 2
353 2958 2
353 3485 -2
353 3577 2
353 3626 -2
353 3760 -2
353 4134 2
353 4217 -2
353 4960 2
353 376 2
353 454 2
353 620 -2
353 792 2
353 935 -2
353 1329 2
353 2107 -2
353 4863 2
354 401 2
354 447 2
354 937 2
354 1649 2
354 1672 2
354 1848 -2
354 2073 2
354 2265 2
354 2596 2
354 2981 -2
354 4828 -2
354 378 2
354 417 2
354 450 -2
354 452 -2
354 474 -2
354 536 -2
354 709 2
354 910 -2
354 918 -2
354 964 2
354 1022 2
354 1110 -2
354 1115 -2
354 1183 -2
354 1206 -2
354 1224 2
354 1236 2
354 1264 -2
354 1350 -2
354 1381 2
354 1408 -2
354 1468 -2
354 1551 2
354 1615 2
354 1627 2
354 1664 -2
354 1933 -2
354 2187 -2
354 2188 2
354 2304 -2
354 2333 -2
354 2364 2
354 2621 2
354 2979 2
354 3007 2
354 3441 -2
354 3619 2
354 4103 2
354 4159 -2
354 4249 2
354 4367 -2
354 4484 -2
354 4630 -2
354 4701 -2
354 4762 -2
354 4838 2
355 566 2
355 589 -2
355 848 2
355 2537 -2
355 3335 -2
355 4456 2
355 807 -2
355 2838 -2
355 2995 2
356 483 2
356 591 2
356 731 -2
356 963 2
356 1287 2
356 1677 -2
356 2484 -2
356 3417 -2
356 3517 -2
356 3531 -2
356 4042 2
356 4617 -2
356 4833 2
356 4949 2
356 497 2
356 574 2
356 604 -2
356 1087 -2
356 1519 -2
356 1591 2
356 1598 -2
356 1622 2
356 1685 2
356 3021 -2
356 3138 -2
356 3572 -2
356 3744 2
356 3869 2
356 3947 2
356 4079 2
356 4631 -2
356 4897 2
357 695 -2
357 743 2
357 1049 -2
357 1507 -2
357 3047 2
357 3278 2
357 3565 2
357 4125 -2
357 1161 2
357 1266 -2
357 1338 -2
357 1905 -2
357 3002 -2
357 3309 2
357 4661 -2
358 882 2
358 3527 2
358 380 -2
358 427 2
358 724 2
358 920 -2
358 1056 2
358 3606 -2
358 3873 -2
359 418 2
359 547 -2
359 657 2
359 977 -2
359 1329 -2
359 1606 -2
359 1922 2
359 2373 2
359 2858 2
359 2974 -2
359 3256 2
359 3599 2
359 3647 -2
359 3896 -2
359 3973 -2
359 702 2
359 708 -2
359 2665 -2
359 3447 -2
359 3949 2
360 792 2
360 871 -2
360 1696 2
360 4854 2
360 809 -2
360 2691 2
360 4157 -2
361 413 -2
361 907 2
361 1345 -2
361 2814 2
361 383 2
361 386 -2
361 796 -2
361 1129 2
361 1784 -2
361 3056 2
361 4520 2
361 4928 2
362 366 2
362 367 -2
362 542 -2
362 708 2
362 884 2
362 1380 -2
362 1541 2
362 1781 2
362 2155 2
362 2324 -2
362 2612 -2
362 2924 2
362 3485 2
362 3563 -2
362 3577 -2
362 3757 -2
362 1666 2
362 1848 2
362 2051 -2
362 2271 2
362 3152 2
363 512 -2
363 624 -2
363 748 2
363 784 -2
363 1006 -2
363 1112 2
363 1141 2
363 1157 2
363 1635 -2
363 1717 2
363 4975 -2
363 2326 -2
363 2401 2
363 2681 -2
363 2930 -2
363 3018 2
363 3850 2
363 4006 2
363 4278 -2
363 4695 -2
363 4802 2
363 638 -2
363 1606 -2
363 2512 2
363 2922 2
363 3148 -2
363 3651 -2
364 496 -2
364 521 -2
364 634 -2
364 968 -2
364 1091 2
364 1252 -2
364 2239 2
364 2857 2
364 3092 -2
364 3145 2
364 3524 -2
364 3983 2
364 4626 -2
364 706 2
364 1459 -2
364 1474 2
364 1832 -2
364 1981 -2
364 3952 -2
365 561 -2
365 1389 -2
365 449 2
365 551 2
365 584 2
365 700 -2
365 1006 -2
365 1109 2
365 1363 -2
365 1717 -2
365 1802 2
365 1994 -2
365 2464 -2
365 3157 -2
365 3641 -2
365 3672 -2
365 4067 2
365 4251 2
366 884 -2
366 1541 2
366 1920 -2
366 3150 2
366 4811 2
366 438 -2
366 583 2
366 689 2
366 817 2
366 846 2
366 930 2
366 1261 2
366 1426 -2
366 1545 2
366 1899 -2
366 2354 2
366 2733 2
366 2755 2
366 2963 2
366 3348 -2
366 4124 2
366 4125 2
367 476 -2
367 2022 2
367 2155 2
367 3577 2
367 3645 -2
367 4157 -2
367 499 2
367 1003 -2
367 1949 -2
367 2592 -2
367 3076 -2
367 4665 2
368 459 2
368 676 -2
368 705 -2
368 1270 2
368 1858 2
368 1914 -2
368 673 2
368 786 2
368 1116 2
368 1713 -2
368 2557 2
368 3995 2
369 666 2
369 1373 2
369 1620 -2
369 2176 -2
369 2867 -2
369 2905 2
369 3950 -2
369 1124 2
369 1126 -2
369 2393 -2
369 4574 2
370 441 -2
370 645 2
370 654 -2
370 814 2
370 1189 -2
370 1652 2
370 2573 -2
370 1103 -2
370 1577 2
370 2820 -2
370 3512 -2
370 3580 2
370 4137 -2
371 879 -2
371 2287 2
371 2984 2
371 813 2
371 867 -2
371 1998 2
371 2754 -2
371 2847 -2
371 3031 2
371 3573 -2
371 4924 -2
372 560 -2
372 1926 -2
372 1083 2
372 1742 2
373 603 2
373 638 -2
373 861 2
373 1469 2
373 1550 -2
373 1631 2
373 2915 -2
373 3948 -2
373 4147 -2
373 4580 2
373 679 -2
373 1418 -2
373 2761 -2
373 3574 -2
373 4399 -2
374 408 2
374 1052 -2
374 2038 -2
374 3551 2
374 4074 2
374 882 -2
374 966 2
374 1479 2
375 472 2
375 3111 -2
375 4609 -2
375 546 2
375 919 -2
375 1420 -2
375 1584 2
375 1752 2
375 1934 2
375 2006 2
375 3230 -2
376 2473 2
376 4001 -2
376 4432 2
376 454 2
376 620 2
376 751 2
376 771 2
376 772 2
376 834 -2
376 935 2
376 994 -2
376 1156 -2
376 1231 2
376 4957 -2
376 1585 -2
376 2107 -2
376 4321 -2
376 4739 -2
377 790 2
377 828 2
377 3864 -2
377 3942 2
377 787 -2
378 3557 -2
378 3745 2
378 4310 2
378 536 2
378 1115 2
378 1664 -2
378 1933 2
378 2637 2
378 3187 -2
378 3729 2
378 4375 -2
379 519 -2
379 559 2
379 1638 2
379 2665 -2
379 3091 2
379 4062 -2
379 4305 -2
379 4449 -2
379 428 2
379 529 -2
379 557 -2
379 664 -2
379 741 -2
379 2610 -2
380 720 -2
380 755 -2
380 1445 2
380 1957 -2
380 4853 -2
380 710 2
380 1846 2
380 3873 -2
381 1058 2
381 1350 2
381 1376 2
381 1456 -2
381 2722 2
381 3057 -2
381 4058 -2
381 2656 2
381 2778 -2
381 3707 2
382 456 -2
382 658 2
382 816 2
382 843 -2
382 1158 -2
382 1379 2
382 1958 -2
382 3323 -2
382 3875 -2
382 3949 2
382 4325 2
382 4330 -2
382 1228 2
382 1358 2
382 1748 2
382 2791 -2
382 3382 -2
382 3773 2
383 432 -2
383 434 2
383 545 2
383 568 2
383 620 2
383 750 2
383 866 -2
383 1387 -2
383 1822 2
383 1874 -2
383 2076 -2
383 2232 2
383 386 -2
383 801 2
383 1129 -2
383 1150 -2
383 1305 -2
383 1344 2
383 1392 -2
383 1682 2
383 1972 2
383 2746 2
383 3056 2
383 3188 2
383 3398 2
383 3583 -2
383 4482 2
384 391 -2
384 476 -2
384 548 2
384 621 2
384 754 -2
384 758 -2
384 776 2
384 830 2
384 912 -2
384 995 2
384 1090 -2
384 1249 -2
384 1391 -2
384 1436 -2
384 1856 2
384 1935 -2
384 2530 2
384 2642 2
384 2806 -2
384 4189 2
384 4234 2
384 4275 -2
385 395 2
385 522 2
385 611 2
385 897 2
385 1059 -2
385 1296 2
385 1543 2
385 1560 -2
385 4982 2
385 2190 -2
385 2191 -2
385 2213 -2
385 2380 -2
385 2636 2
385 2784 2
385 2872 -2
385 3196 2
385 3282 2
385 3332 2
385 3397 -2
385 4057 2
385 4108 2
385 4181 2
385 4322 -2
385 4398 2
385 4450 -2
385 4553 2
385 4763 2
385 4988 -2
385 4942 -2
385 505 -2
385 3024 2
385 3499 2
385 4629 -2
386 562 -2
386 1118 -2
386 1131 2
386 1503 -2
386 1619 -2
386 1660 2
386 1716 2
386 1786 -2
386 2078 -2
386 2712 2
386 3334 2
386 3475 2
386 1129 2
386 1150 2
386 1178 2
386 1305 2
386 1392 -2
386 2166 -2
386 2312 2
386 2360 2
386 3504 2
386 3583 2
386 4928 -2
387 1044 -2
387 1825 -2
387 4957 2
387 2569 -2
387 3782 -2
387 426 -2
387 453 -2
387 493 -2
387 656 -2
387 972 2
387 1247 2
387 1412 2
387 1434 2
387 1794 2
387 2002 -2
387 2062 2
387 2185 -2
387 2423 2
387 2716 2
387 2953 2
387 2993 -2
387 3410 -2
387 4051 2
387 4344 2
387 4722 2
387 4810 -2
388 464 -2
388 621 -2
388 2562 2
388 2727 2
388 3584 2
388 978 2
388 987 2
388 1292 2
388 4250 2
388 4770 -2
389 399 2
389 1142 -2
389 1668 2
389 1755 -2
389 1893 2
389 412 2
389 745 -2
389 1829 -2
389 3332 2
390 495 -2
390 533 -2
390 822 2
390 2503 -2
390 4974 2
390 4598 -2
391 412 -2
391 526 2
391 669 -2
391 671 -2
391 885 2
391 2246 2
391 2365 2
391 776 -2
391 778 -2
391 1186 2
391 1475 2
391 1629 -2
391 1768 -2
391 1811 2
391 1982 -2
391 2079 2
391 2277 2
391 2530 -2
391 3505 2
391 4002 2
391 4967 -2
391 4752 2
392 3428 -2
392 4243 2
392 568 2
392 577 -2
392 850 -2
392 1234 2
392 1277 -2
392 2409 -2
392 2582 2
392 2910 -2
392 3496 -2
392 3692 -2
393 1628 -2
393 2042 2
393 2103 -2
393 2223 -2
393 2758 2
393 2999 2
393 4436 2
393 4872 -2
393 491 -2
393 1323 2
393 4324 2
394 1134 -2
394 1532 2
394 433 -2
394 550 2
394 865 -2
394 1574 2
394 2253 -2
394 3801 2
394 4570 -2
395 611 2
395 897 -2
395 940 2
395 958 2
395 1059 2
395 1296 -2
395 1693 2
395 1700 2
395 4982 -2
395 2213 2
395 2257 -2
395 2380 -2
395 2782 2
395 3128 2
395 3139 -2
395 3196 2
395 3239 2
395 3277 -2
395 3357 -2
395 3696 -2
395 3913 2
395 4181 2
395 4404 2
395 4868 2
395 4942 -2
395 530 -2
395 2417 -2
395 4149 2
395 4613 2
395 4695 -2
395 4857 -2
396 452 2
396 1084 2
396 1463 2
396 2584 2
396 4643 -2
396 599 2
396 684 2
396 1597 -2
396 1631 2
396 2043 -2
396 2260 2
396 3709 -2
397 410 -2
397 2536 -2
397 2812 2
397 4372 -2
397 615 2
397 1099 2
397 1483 2
397 1976 -2
397 3962 2
397 4742 -2
398 614 -2
398 646 -2
398 796 -2
398 1120 2
398 2181 2
398 2218 2
398 2368 -2
398 4328 -2
398 4482 2
398 944 -2
398 1136 -2
398 2662 2
398 4057 -2
398 4188 -2
399 659 -2
399 751 2
399 1755 -2
399 1877 -2
399 3207 -2
399 676 2
399 845 -2
399 1061 -2
399 1352 -2
399 1515 -2
399 1901 -2
399 2065 -2
399 4821 2
400 1326 2
400 1983 -2
400 460 -2
400 753 -2
400 756 2
400 818 2
400 932 2
400 1008 -2
400 1046 -2
400 1148 2
400 1453 2
400 1590 2
400 2113 -2
400 2507 2
400 2802 -2
400 3272 -2
400 3556 -2
400 4264 -2
400 4440 2
401 447 -2
401 485 2
401 937 2
401 4958 2
401 1012 2
401 1430 2
401 1649 -2
401 1680 2
401 1735 2
401 1765 2
401 1829 2
401 1942 -2
401 2073 2
401 2241 2
401 2351 -2
401 2713 2
401 4030 -2
401 4116 2
401 4152 2
401 4828 2
401 757 -2
401 3277 2
401 3355 -2
402 636 2
402 688 -2
402 2859 -2
402 3413 2
402 554 -2
402 1578 -2
402 2324 -2
402 2538 -2
402 3638 -2
402 4723 2
402 4922 -2
403 787 2
403 2182 -2
403 2917 -2
403 3104 2
403 3305 2
403 829 2
403 2776 -2
403 4999 -2
404 478 -2
404 1203 -2
404 1895 2
404 3957 2
404 522 -2
404 1107 -2
404 1500 -2
404 2176 2
404 3462 2
405 1016 -2
405 1699 -2
405 2112 2
405 3209 2
405 4733 -2
405 832 -2
405 1612 -2
405 2092 2
405 2300 2
405 2455 2
405 2569 2
405 3114 2
405 3855 2
405 3932 2
406 862 2
406 1408 2
406 1490 -2
406 4901 2
406 579 -2
406 2298 2
406 3777 2
406 4703 -2
407 1719 -2
407 3497 2
407 3576 -2
407 596 -2
407 863 2
407 1908 -2
407 1913 -2
407 2001 2
407 2093 2
408 2038 -2
408 3551 -2
408 3693 -2
408 4074 2
408 4359 -2
408 1179 -2
409 1436 -2
409 1451 -2
409 1474 2
409 1513 -2
409 1859 -2
409 1894 -2
409 2100 -2
409 2331 2
409 2456 -2
409 2488 2
409 4969 -2
409 859 2
409 885 -2
409 1916 -2
409 2615 2
409 2992 -2
409 3328 2
409 4291 -2
409 4646 2
410 2536 2
410 2812 -2
410 4658 2
410 2718 -2
411 724 -2
411 841 -2
411 905 2
411 931 2
411 936 -2
411 1140 2
411 1443 2
411 1533 2
411 1683 2
411 4993 -2
411 1976 2
411 2829 -2
411 3424 -2
411 3490 2
411 3495 -2
411 3653 2
411 4100 -2
411 4133 -2
411 4525 2
411 4743 2
411 507 2
411 525 2
411 750 -2
411 853 -2
411 1005 -2
411 1325 -2
411 1499 -2
411 1649 -2
411 1721 2
411 2441 -2
411 2561 -2
411 2626 -2
411 2898 -2
411 3339 -2
411 3631 2
411 4247 2
412 669 -2
412 850 2
412 885 2
412 1570 -2
412 1677 -2
413 442 2
413 680 -2
413 1345 2
413 1409 2
413 1935 -2
413 2296 2
413 2814 -2
413 3384 -2
413 3402 2
413 3911 2
413 4892 -2
413 649 2
413 3351 -2
413 4698 -2
414 996 2
414 1370 -2
414 1430 -2
414 1489 -2
414 1830 2
414 2027 -2
414 2069 2
414 2960 2
414 3012 2
414 4462 -2
414 4662 -2
414 4884 -2
415 540 -2
415 887 2
415 2028 -2
415 2250 -2
415 1242 -2
415 3727 2
415 4056 2
416 503 -2
416 1709 2
416 2424 2
416 4578 2
416 569 -2
416 624 2
416 921 -2
416 1089 2
416 1215 2
416 1504 2
416 2772 2
416 3414 -2
417 1208 -2
417 1779 2
417 2164 -2
417 3298 -2
417 3376 -2
417 3778 2
417 4680 -2
417 450 2
417 769 2
417 1206 -2
417 1468 -2
417 1480 2
417 2342 2
417 4216 2
418 547 2
418 657 2
418 4989 -2
418 977 -2
418 1945 -2
418 2697 -2
418 2977 -2
418 3179 -2
418 3599 -2
418 2563 -2
419 1180 -2
419 2063 2
419 3236 -2
419 3306 2
420 525 2
420 551 2
420 785 2
420 1061 -2
420 1081 2
420 1643 -2
420 1968 2
420 2655 2
420 2998 -2
420 3245 -2
420 3296 2
420 4241 -2
420 4495 -2
420 627 -2
420 906 2
420 982 2
420 1470 -2
420 2520 2
420 3290 -2
420 4271 -2
420 4537 2
421 1240 2
421 1340 -2
421 1375 2
421 1555 -2
421 1608 2
421 3715 -2
421 4616 2
421 2446 2
422 501 -2
422 2660 -2
422 2770 2
422 3526 2
422 4239 2
422 871 -2
422 1017 2
422 2419 -2
422 2515 2
422 3858 -2
423 832 -2
423 919 2
423 956 2
423 1103 -2
423 1166 -2
423 1235 -2
423 1244 -2
423 1498 -2
423 1863 2
423 2131 -2
423 2603 2
423 2657 -2
423 2903 2
423 3392 -2
423 3419 -2
423 3815 -2
423 3835 2
423 4024 -2
423 4216 2
423 4380 2
423 640 -2
423 928 -2
423 4718 2
424 514 2
424 572 2
424 655 -2
424 728 -2
424 904 2
424 1970 -2
424 2197 -2
424 2609 -2
424 2927 -2
424 3133 2
424 3702 -2
424 4185 2
424 1159 -2
424 3099 2
424 3118 2
424 3473 -2
424 3521 2
424 4913 -2
425 938 2
425 1359 -2
425 1883 2
425 2585 -2
425 3916 -2
425 3954 -2
425 447 -2
425 948 2
425 993 -2
425 1204 2
425 1207 -2
425 1657 -2
425 1762 -2
425 1917 -2
425 2399 -2
425 3281 -2
425 3375 2
425 3461 -2
425 3702 -2
426 1143 2
426 1297 -2
426 1402 -2
426 1558 2
426 2001 2
426 2768 -2
426 2791 -2
426 3114 -2
426 453 2
426 493 -2
426 656 -2
426 864 2
426 972 -2
426 1247 2
426 1341 2
426 1412 2
426 1962 -2
426 2045 2
426 2185 -2
426 2812 -2
426 2887 2
426 2969 -2
426 3336 -2
426 3342 -2
426 3717 2
426 3747 -2
426 3914 -2
426 4445 -2
427 508 2
427 543 2
427 587 -2
427 631 2
427 1133 2
427 1216 -2
427 1224 -2
427 1939 -2
427 2047 -2
427 2123 -2
427 2217 -2
427 2303 -2
427 2317 -2
427 2804 2
427 3148 -2
427 4163 2
427 4722 2
427 4812 -2
427 4937 2
427 467 -2
427 724 2
427 748 -2
427 803 2
427 920 2
427 1015 -2
427 1114 -2
427 1184 -2
427 1360 -2
427 1425 -2
427 1445 -2
427 1451 2
427 1707 2
427 1761 2
427 2150 -2
427 2959 -2
427 3008 -2
427 3113 -2
427 3554 2
427 3606 -2
427 4095 -2
427 4098 2
427 4442 2
427 4657 2
427 4688 -2
428 1192 2
428 1261 -2
428 1901 2
428 2096 2
428 2312 2
428 2730 -2
428 2755 -2
428 3915 2
428 4484 -2
428 4878 -2
428 529 -2
428 557 -2
428 664 2
428 1173 -2
428 1503 -2
428 1709 2
428 2375 -2
428 2401 2
428 2801 2
428 3657 -2
428 4635 -2
429 513 -2
429 567 2
429 759 -2
429 874 -2
429 2462 -2
429 466 -2
429 828 -2
429 1376 2
429 1710 -2
429 1898 -2
429 2639 2
429 3155 -2
429 3605 2
430 773 2
430 1003 2
430 1259 2
430 1264 -2
430 2159 -2
430 2269 -2
430 2394 2
430 2521 -2
430 626 2
430 667 -2
430 1037 -2
430 1045 -2
430 1361 2
430 1446 -2
430 1799 2
430 2153 -2
430 2432 2
430 3032 2
430 3360 2
430 3958 2
430 4009 -2
430 4791 -2
431 1761 -2
431 1817 -2
431 1821 -2
431 2056 2
431 3038 2
431 617 -2
431 674 -2
431 4956 -2
431 1498 2
431 3131 2
431 3894 -2
432 1874 2
432 3170 -2
432 4495 -2
433 2434 2
433 550 -2
433 779 -2
433 2253 -2
433 2661 2
433 4570 -2
433 4707 -2
434 600 2
434 970 2
434 3122 2
434 4765 2
434 942 -2
434 1062 2
434 2853 -2
435 678 -2
435 870 -2
435 1021 2
435 1551 -2
435 1679 2
435 1820 2
435 2645 2
435 3147 -2
435 3271 -2
435 3432 2
435 4460 -2
435 4575 2
435 455 -2
435 717 -2
435 1028 -2
435 1259 -2
435 1467 -2
435 1688 -2
435 1865 2
435 1966 2
435 2280 2
436 546 -2
436 670 2
436 1193 2
436 1318 -2
436 2856 -2
436 4132 -2
436 4714 -2
436 1407 -2
436 2284 -2
436 3834 -2
436 3893 2
436 4844 -2
437 4781 2
437 482 -2
437 3291 -2
437 4477 -2
438 869 2
438 883 -2
438 957 -2
438 1465 -2
438 3770 2
438 4264 2
438 4786 -2
438 630 2
438 817 2
438 833 -2
438 1426 -2
438 1599 -2
438 1922 -2
438 1926 -2
438 2290 2
438 2719 2
438 2733 -2
438 2963 2
438 3898 2
438 4839 2
439 454 -2
439 457 2
439 573 2
439 673 -2
439 1214 2
439 1258 2
439 2451 -2
439 2646 2
439 3329 -2
439 3908 -2
439 4166 2
439 4429 -2
439 4723 -2
439 1374 -2
439 1851 2
439 3988 2
440 1590 2
440 1629 2
440 1811 -2
440 2033 2
440 2120 2
440 2417 2
440 2491 2
440 2845 2
440 3656 2
440 3923 2
440 3970 -2
440 4540 2
440 4670 -2
440 611 2
440 744 -2
440 1947 -2
440 2467 -2
440 3132 2
440 4480 2
441 645 -2
441 654 -2
441 814 -2
441 831 2
441 1189 2
441 1330 -2
441 1432 -2
441 1702 2
441 2497 2
441 2753 -2
441 3215 -2
441 4927 -2
441 738 2
441 1610 -2
441 2125 -2
441 2169 2
441 2672 2
441 3271 2
441 3749 -2
441 4062 -2
441 4483 2
442 680 2
442 1409 -2
442 1935 2
442 2530 -2
442 3402 2
442 2091 2
443 714 2
443 1043 2
443 1136 -2
443 1656 -2
443 2225 2
443 2764 2
443 3129 -2
443 3373 2
443 3400 -2
443 544 2
443 696 -2
443 1157 2
443 1351 -2
443 1593 2
443 1648 -2
443 1881 2
443 3189 2
443 3231 2
443 3427 -2
444 986 2
444 988 2
444 1030 2
444 1536 -2
444 2177 2
444 2374 -2
444 2830 2
444 3513 -2
444 3514 2
444 4977 2
444 866 2
444 1496 -2
444 1850 -2
444 2410 2
444 2999 -2
444 3812 2
445 878 2
445 4545 2
445 1786 -2
445 1870 2
445 3400 -2
446 817 -2
446 1334 2
446 1530 2
446 1564 2
446 1866 -2
446 2548 2
446 2711 2
446 959 -2
446 1897 -2
446 2049 2
446 2612 -2
446 2725 2
446 3307 -2
446 3817 2
447 485 -2
447 788 -2
447 1649 2
447 2596 -2
447 3561 -2
447 948 -2
447 1892 2
447 2399 2
447 4571 -2
448 922 -2
448 4966 2
448 2654 2
448 2852 2
448 3264 -2
448 4832 2
448 4634 -2
449 474 2
449 780 -2
449 916 2
449 1576 -2
449 2391 -2
449 2650 -2
449 551 -2
449 584 -2
449 600 2
449 700 2
449 1006 -2
449 1994 -2
449 2171 -2
449 2986 2
449 3185 -2
449 3970 2
449 4049 2
449 4067 -2
449 4260 -2
449 4370 2
449 4446 -2
449 4582 -2
450 487 -2
450 661 -2
450 721 2
450 818 2
450 865 2
450 1018 -2
450 1051 -2
450 1363 -2
450 2608 2
450 2640 -2
450 3451 -2
450 3545 -2
450 4577 -2
450 452 2
450 715 2
450 1088 2
450 1819 -2
450 1914 2
450 2865 2
450 4216 -2
450 4710 -2
450 4744 2
451 1183 2
451 3059 -2
451 4632 -2
451 575 2
451 799 2
451 1575 2
451 2732 -2
452 1084 2
452 1463 2
452 2048 -2
452 2584 -2
452 2630 2
452 3619 -2
452 3964 -2
452 4643 2
452 4661 2
452 474 -2
452 715 2
452 820 2
452 1350 2
452 1549 2
452 1819 2
452 3254 -2
452 4039 2
452 4241 2
452 4615 2
452 4816 2
453 1546 2
453 2259 2
453 4597 -2
453 493 2
453 1341 -2
453 2812 2
453 2953 2
453 3914 -2
453 4147 2
453 4194 -2
454 457 2
454 573 -2
454 619 -2
454 691 2
454 930 -2
454 1015 -2
454 1214 2
454 1633 2
454 2168 2
454 2390 -2
454 2553 2
454 2893 2
454 4428 2
454 4952 -2
454 4712 -2
454 4858 2
454 620 2
454 751 2
454 772 2
454 792 2
454 1156 -2
454 1170 2
454 1585 -2
454 1751 2
454 2681 -2
454 2856 -2
454 3333 -2
454 4411 2
454 4863 2
455 810 -2
455 2067 2
455 3523 2
455 3904 2
455 4320 2
455 513 -2
455 602 -2
455 652 2
455 717 2
455 840 2
455 1259 2
455 1288 2
455 1467 -2
455 1688 -2
455 1747 2
455 1920 -2
455 2158 -2
455 2289 2
455 2438 -2
455 4792 -2
456 658 2
456 816 2
456 1274 2
456 1958 2
456 2751 2
456 3404 -2
456 3646 -2
456 4081 -2
456 4343 -2
456 2413 2
457 573 2
457 1015 2
457 2451 -2
457 2646 2
457 3329 -2
457 3393 2
457 4712 -2
457 4858 2
457 1070 -2
458 504 -2
458 529 -2
458 570 2
458 777 -2
458 920 -2
458 1036 -2
458 1312 2
458 1625 -2
458 1892 2
458 2165 -2
458 2361 -2
458 3273 2
458 3742 -2
458 4026 -2
458 4135 -2
458 4201 2
458 4332 2
458 4340 2
458 4458 -2
458 4499 2
458 641 2
458 657 2
458 902 -2
458 977 2
458 1051 -2
458 1180 -2
458 1487 -2
458 1732 2
458 1852 2
458 2291 2
458 2416 -2
458 2560 -2
458 2623 -2
458 3497 -2
458 3525 2
458 4407 2
458 4522 -2
459 676 -2
459 705 2
459 740 -2
459 772 -2
459 914 2
459 1196 -2
459 1270 -2
459 1723 2
459 1858 -2
459 1875 2
459 2330 2
459 2337 2
459 2402 2
459 2415 2
459 2432 -2
459 2460 -2
459 2506 -2
459 2670 -2
459 3308 -2
459 3589 2
459 4246 2
459 1035 -2
459 2611 2
459 3778 -2
460 701 2
460 825 -2
460 1506 2
460 2166 2
460 3219 2
460 3313 -2
460 3463 -2
460 661 2
460 666 2
460 818 -2
460 932 -2
460 1198 2
461 507 -2
461 606 2
461 1165 2
461 2144 -2
461 2378 2
461 4386 -2
461 2286 -2
461 2643 2
461 4780 -2
462 2171 -2
462 3093 2
462 4197 -2
462 635 -2
462 643 -2
462 992 -2
462 1416 2
462 2803 2
462 3813 2
462 4265 -2
462 4944 2
463 531 2
463 653 2
463 764 2
463 1256 2
463 1966 -2
463 2071 -2
463 2597 -2
463 2682 -2
463 2698 2
463 3750 2
463 4153 2
463 880 2
463 881 -2
463 897 -2
463 963 -2
463 2164 -2
463 2777 2
463 2818 2
464 536 2
464 793 -2
464 1521 -2
464 1742 -2
464 2727 -2
464 3325 2
464 2287 -2
464 3026 -2
464 3184 2
464 3868 -2
464 3891 -2
464 4420 -2
465 477 2
465 1002 -2
465 1026 -2
465 1064 -2
465 1627 -2
465 2108 -2
465 2404 2
465 2433 -2
465 2477 -2
465 3272 -2
465 3380 2
465 3511 2
465 3937 -2
465 523 2
465 535 -2
465 1885 2
465 2032 -2
465 2322 -2
465 2976 -2
465 3218 2
465 3892 -2
465 4636 2
465 4868 -2
466 486 -2
466 851 -2
466 917 2
466 1066 -2
466 1159 -2
466 1174 -2
466 1275 -2
466 1594 -2
466 2085 -2
466 2154 2
466 2322 2
466 2500 -2
466 2684 -2
466 2757 2
466 3250 2
466 3583 -2
466 3610 -2
466 3651 2
466 3865 2
466 3943 2
466 3955 -2
466 4413 2
466 4573 -2
466 4588 2
466 4718 -2
466 4897 -2
466 828 2
466 951 -2
466 1221 2
466 1346 2
466 1376 -2
466 1639 -2
466 1898 -2
466 2114 2
466 3213 -2
466 3534 2
466 4121 2
466 4714 -2
467 605 2
467 1262 -2
467 1647 -2
467 1961 2
467 2392 -2
467 2833 -2
467 3993 2
467 4174 2
467 1360 -2
467 1451 2
467 2763 -2
468 706 2
468 1077 2
468 1215 -2
468 1854 -2
468 1860 2
468 2192 -2
468 2648 -2
468 2967 2
468 3628 2
468 3639 -2
468 3751 -2
468 3846 -2
468 4200 2
468 4242 -2
468 714 2
468 1044 -2
468 1511 2
468 1561 2
468 1871 2
468 3073 2
468 3536 -2
468 3946 -2
468 4144 2
468 4675 2
468 4729 2
469 971 2
469 1250 -2
469 1520 2
469 2997 -2
469 3368 -2
469 4390 2
469 655 -2
469 1075 2
469 1095 -2
469 1098 -2
469 1130 -2
469 1192 2
469 1356 -2
469 1438 2
469 1580 2
469 2137 -2
469 2244 2
469 2988 2
469 3905 -2
469 4523 2
470 520 -2
470 1280 2
470 1356 -2
470 1539 -2
470 3315 -2
470 4184 -2
470 4227 -2
470 4528 -2
470 841 2
470 1030 2
470 2408 -2
471 687 -2
471 1129 -2
471 1151 2
471 1522 2
471 2002 2
471 2619 -2
471 827 2
471 2380 -2
471 2535 -2
471 3376 -2
472 4609 2
472 591 2
472 633 2
472 727 2
472 1081 -2
472 1975 2
472 2007 -2
472 2183 -2
472 3165 -2
472 4270 2
472 4934 2
473 1348 -2
473 1497 -2
473 1826 -2
473 2027 -2
473 2420 2
473 2551 2
473 3895 -2
473 1331 -2
473 1527 2
473 1863 2
473 3662 -2
473 4045 -2
474 780 -2
474 803 2
474 916 -2
474 1653 2
474 2650 -2
474 820 -2
474 1350 -2
474 1551 2
474 1729 2
474 2187 2
474 2344 2
474 3090 2
474 3254 2
474 4159 2
474 4816 2
475 982 2
475 2409 2
475 3073 -2
475 4393 -2
475 555 -2
475 562 -2
475 730 2
475 785 2
475 1230 -2
475 1390 -2
475 1471 2
475 1634 2
475 1652 2
475 1667 2
475 2066 2
475 2152 -2
475 2428 2
475 2594 2
475 2645 -2
475 2878 -2
475 3198 2
475 3263 2
475 4218 2
476 2022 2
476 4157 -2
476 548 -2
476 621 2
476 912 2
476 4419 2
477 1002 -2
477 1064 2
477 1360 2
477 2404 -2
477 2433 -2
477 3164 2
477 3272 -2
477 3737 2
477 3987 -2
477 2016 2
477 2588 2
477 4469 2
478 1203 -2
478 1288 2
478 1309 2
478 2021 -2
478 3039 2
478 3288 -2
478 3840 2
478 4726 -2
478 498 -2
478 814 -2
478 1796 -2
478 3239 2
479 1919 -2
479 2039 2
479 3678 2
479 3990 2
479 4015 2
479 4294 2
479 4586 -2
479 4934 -2
479 1036 2
479 1687 2
479 2625 2
480 2031 2
480 2590 2
480 2686 2
480 2706 -2
480 3232 -2
480 4889 2
480 4135 -2
481 497 2
481 530 2
481 557 -2
481 1604 -2
481 1645 2
481 1764 -2
481 2428 -2
481 2440 2
481 2889 2
481 527 -2
481 564 2
481 585 -2
481 774 2
481 905 2
481 1162 2
481 1273 -2
481 1749 2
481 2873 -2
481 4070 2
481 4610 2
482 590 2
482 994 -2
482 1315 2
482 2379 -2
482 3074 -2
482 3640 -2
482 3764 -2
482 4477 -2
483 591 -2
483 731 2
483 1037 2
483 1148 -2
483 1190 2
483 1642 -2
483 2306 -2
483 3417 2
483 3518 -2
483 3680 2
483 3781 -2
483 3921 2
483 4546 2
483 4909 -2
483 1195 -2
483 1328 2
483 1456 -2
483 1658 -2
483 2241 -2
483 2547 2
483 3306 2
483 4101 -2
483 4851 2
484 1343 2
484 1982 -2
484 2922 -2
484 3086 2
484 3318 -2
484 2061 -2
484 3689 -2
485 788 -2
485 1471 2
485 1735 -2
485 1880 -2
485 2316 -2
485 2709 2
485 4030 -2
485 4408 2
485 1024 -2
485 2939 2
485 3519 -2
485 4001 -2
485 4288 -2
486 851 -2
486 917 2
486 1174 2
486 4413 2
486 703 -2
486 810 2
486 1303 2
486 1311 -2
486 1912 2
486 2445 2
486 2606 -2
486 3548 -2
486 3700 -2
486 3907 -2
486 3963 -2
486 4268 2
486 4287 -2
486 4380 -2
486 4640 -2
486 4721 -2
486 4820 -2
487 661 2
487 721 2
487 736 -2
487 801 2
487 818 2
487 829 -2
487 1018 -2
487 2790 2
487 3034 2
487 3234 -2
487 4111 -2
487 4564 2
487 4877 2
487 1053 -2
487 2659 -2
488 1428 -2
488 1611 2
488 2638 2
488 3641 2
488 3768 2
488 719 2
488 824 -2
488 1002 -2
488 1038 -2
488 1562 2
488 2539 2
488 4870 2
489 1282 -2
489 1985 2
489 2781 2
489 3799 2
489 4483 2
489 650 2
489 1566 2
489 4185 2
490 1678 2
490 1852 2
490 1905 -2
490 2662 2
490 3707 -2
490 3866 2
490 4558 -2
490 578 2
490 634 2
490 644 2
490 1324 -2
490 1421 2
490 1540 -2
490 1858 2
490 2433 2
490 2439 -2
490 3139 -2
490 3488 -2
490 4290 2
490 4513 -2
490 4642 2
490 4763 2
490 4867 2
491 1187 2
491 1973 -2
491 3978 -2
491 4102 2
491 770 2
491 2485 2
491 4324 -2
492 565 -2
492 596 -2
492 1505 -2
492 1515 2
492 2126 -2
492 2389 2
492 2527 -2
492 3157 2
492 3934 2
492 1384 2
492 1439 2
492 1594 2
492 2475 -2
492 2519 2
492 2972 2
492 3478 2
492 3517 -2
492 3810 2
492 4314 2
492 4434 -2
492 4717 2
493 650 2
493 726 2
493 1565 2
493 1766 -2
493 2024 -2
493 2138 -2
493 2979 -2
493 4664 2
493 4673 -2
493 656 -2
493 1341 2
493 2002 -2
493 2887 -2
493 3083 -2
493 3336 2
493 4051 -2
493 4344 2
494 2051 -2
494 2490 -2
494 3822 2
494 2584 2
495 533 -2
495 2045 2
495 2219 -2
495 662 -2
495 976 -2
495 4621 -2
496 521 2
496 2766 2
496 3145 2
496 3524 -2
496 4541 -2
496 501 -2
496 573 2
496 610 2
496 631 2
496 668 2
496 739 2
496 860 2
496 922 2
496 1279 2
496 1735 2
496 1945 -2
496 1989 -2
496 2050 -2
496 2666 -2
496 2706 2
496 3121 2
496 3219 2
496 3608 -2
496 4408 -2
496 4671 2
496 4833 -2
497 557 2
497 1645 -2
497 1682 -2
497 2049 -2
497 2220 2
497 2509 -2
497 2889 -2
497 3020 2
497 604 2
497 1591 -2
497 1685 2
497 2727 -2
497 4350 -2
497 4359 2
497 4618 2
498 1711 2
498 1782 2
498 2010 2
498 2741 -2
498 3107 -2
498 814 2
498 1796 -2
498 3327 -2
499 1210 2
499 1472 2
499 2544 2
499 3201 2
499 3814 2
499 1003 -2
499 1949 -2
499 2242 -2
499 2592 2
500 618 2
500 1098 2
500 1172 2
500 1900 -2
500 1979 2
500 3185 2
500 4003 2
500 675 2
500 718 -2
500 1132 2
500 1517 2
500 2576 -2
500 3098 -2
501 4302 2
501 4697 2
501 668 2
501 762 -2
501 923 -2
501 1735 2
502 898 2
502 1107 -2
502 2160 2
502 3203 2
502 3555 2
502 517 -2
502 2698 -2
502 2795 2
503 652 2
503 1245 2
503 1540 -2
503 2180 2
503 601 -2
504 2555 2
504 2827 -2
504 4653 2
505 515 2
505 1033 -2
505 1249 2
505 1727 2
505 3299 2
505 3365 2
505 3616 2
505 4268 -2
505 518 2
506 791 -2
506 2066 -2
506 3342 2
506 1232 -2
506 1367 -2
506 1563 -2
506 1753 2
506 2087 -2
506 2895 2
507 525 -2
507 853 -2
507 2425 2
507 3631 2
507 3853 2
507 4696 2
508 543 2
508 587 2
508 749 -2
508 899 -2
508 1055 -2
508 1079 -2
508 1150 2
508 1224 -2
508 1301 2
508 1593 2
508 2047 -2
508 2303 2
508 2305 2
508 2411 2
508 2970 -2
508 3117 -2
508 3944 2
508 3962 -2
508 4075 2
508 4350 2
508 4669 -2
508 4782 2
508 4824 2
508 4870 2
508 1201 2
508 3440 2
509 586 -2
509 709 2
509 925 -2
509 975 -2
509 2572 2
509 3304 2
509 749 2
509 816 -2
509 1077 2
509 1222 -2
509 1297 2
509 1318 2
509 1886 2
509 2982 2
509 3063 2
509 3285 2
509 3779 -2
509 4460 -2
510 838 -2
510 1087 2
510 1093 -2
510 1568 -2
510 1014 -2
510 1608 2
510 2009 2
510 2148 2
510 2952 2
510 4457 -2
510 4808 -2
511 1454 -2
511 1929 2
511 2819 2
511 2828 -2
511 3922 2
511 4245 -2
511 1679 -2
511 4080 2
511 4127 -2
512 748 -2
512 1006 -2
512 1027 -2
512 1717 -2
512 1962 2
512 3823 2
512 4792 -2
512 4802 2
512 858 2
512 1137 -2
512 1143 -2
512 1199 2
512 1211 -2
512 1488 2
512 1522 -2
512 2346 2
512 2492 2
512 3162 -2
512 3211 -2
512 3474 -2
512 4115 2
512 4278 -2
512 4430 -2
513 2462 2
513 3254 2
513 4107 -2
513 589 2
513 602 2
513 652 -2
513 1288 2
513 1920 -2
513 2008 -2
513 2438 2
513 2804 2
513 2940 2
513 3688 2
513 3728 2
513 4792 -2
514 655 2
514 1029 -2
514 1197 -2
514 1217 -2
514 1697 2
514 1970 -2
514 2609 2
514 2960 2
514 3101 2
514 4684 -2
514 4708 2
514 539 2
514 1013 2
514 1151 -2
514 1404 2
514 1457 -2
514 1708 -2
514 1940 -2
514 3067 2
514 3476 -2
514 3761 -2
514 4349 -2
515 532 -2
515 1179 -2
515 1249 2
515 1303 -2
515 1727 2
515 2270 2
515 2761 2
515 3724 -2
515 3821 2
515 3876 -2
515 1988 -2
515 3981 2
516 528 -2
516 588 -2
516 795 -2
516 2140 2
516 3046 2
516 3072 -2
516 4134 -2
516 4177 -2
516 4217 2
516 4240 -2
516 788 -2
516 950 2
516 4085 2
517 867 -2
517 961 -2
517 1145 2
517 2961 2
517 3240 2
518 754 -2
518 761 -2
518 806 -2
518 839 -2
518 984 2
518 1575 -2
518 2297 -2
518 2513 -2
518 2616 -2
518 2931 -2
518 3634 2
518 3805 -2
518 3816 2
518 4083 2
519 3091 2
519 1766 2
519 4788 2
520 1280 2
520 1356 -2
520 1539 -2
520 2193 2
520 4227 2
520 4377 2
520 4798 -2
520 1365 2
520 2210 2
520 2780 -2
521 634 2
521 2766 -2
521 3092 -2
521 3145 -2
521 3430 2
521 4541 -2
521 716 2
521 798 2
521 812 2
521 1177 -2
521 1396 2
521 1486 2
521 1888 -2
521 2038 -2
521 2674 -2
521 3009 -2
521 3096 -2
522 1713 2
522 2626 -2
522 3332 2
522 1107 -2
522 1307 2
522 4391 2
523 1020 -2
523 4906 -2
523 2032 -2
523 2322 2
523 2943 2
523 2950 -2
523 2968 -2
523 3218 -2
523 4636 2
524 1119 2
524 1128 2
524 1718 2
524 1730 2
524 1744 -2
524 3100 2
524 3477 2
524 3562 -2
524 4235 -2
524 2735 2
525 3296 2
525 1005 2
525 1291 -2
525 1325 -2
525 1521 -2
525 1721 -2
525 1756 -2
525 1841 2
525 2425 2
525 3066 -2
525 3330 -2
525 3631 -2
525 3735 -2
526 1040 -2
526 1054 2
526 2365 -2
526 759 2
526 815 -2
526 1144 2
526 1409 2
526 1444 2
526 1625 -2
526 3001 2
526 3373 -2
526 3832 2
526 4226 -2
526 4292 -2
526 4302 -2
526 4347 2
527 564 -2
527 905 2
527 1167 -2
527 1262 -2
527 1273 -2
527 2873 2
527 4451 2
527 4587 -2
528 588 2
528 712 2
528 795 -2
528 2140 2
528 3367 2
528 3461 2
528 965 -2
528 1345 -2
528 1588 2
528 1755 2
528 1790 2
528 2170 -2
528 2586 -2
529 1194 -2
529 1487 -2
529 1694 2
529 2165 -2
529 4458 -2
529 4926 -2
529 557 2
529 741 -2
529 1709 -2
529 2801 -2
529 3120 2
529 4131 2
529 4619 -2
530 1511 -2
530 1596 -2
530 2756 2
530 2417 -2
530 3260 -2
530 4613 2
531 954 2
531 1470 2
531 1501 -2
531 1868 2
531 1966 -2
531 2204 2
531 2412 2
531 4694 -2
531 2131 -2
532 1179 -2
532 3724 2
532 887 2
532 1135 2
532 2762 2
532 2823 -2
533 2219 2
533 609 2
533 1040 2
533 1200 2
533 1815 -2
533 1918 2
533 2541 -2
533 3388 -2
534 1031 2
534 2345 -2
534 3232 2
534 3919 2
535 723 2
535 781 2
535 813 -2
535 860 -2
535 955 -2
535 1361 2
535 782 -2
535 1885 -2
535 1979 2
535 1992 2
535 2638 2
535 2976 2
535 3018 2
535 4868 -2
536 793 2
536 1742 2
536 2102 -2
536 709 -2
536 844 2
536 1127 2
536 1933 -2
536 2302 2
536 3187 2
536 4048 2
537 908 2
537 1082 2
537 1217 2
537 2739 2
537 4841 2
538 2105 -2
538 2261 2
538 2910 2
538 4526 2
538 576 2
538 898 -2
538 901 2
538 946 -2
538 1683 -2
538 1884 -2
538 2138 -2
538 4160 2
538 4577 2
539 746 2
539 993 -2
539 1319 2
539 1663 2
539 1676 2
539 2084 2
539 2319 -2
539 2354 2
539 2809 2
539 4304 -2
539 1404 -2
539 1791 2
539 2100 2
539 3220 -2
539 3326 2
539 3476 -2
539 3542 2
539 3761 2
539 4236 -2
540 2250 -2
540 2729 2
540 629 2
540 883 -2
540 1010 -2
540 1314 2
540 2264 2
540 3128 -2
540 3301 -2
540 3377 -2
540 3533 2
540 3737 2
540 4205 2
540 4700 -2
541 1793 2
541 3902 -2
541 728 -2
541 900 -2
541 927 2
541 1238 -2
541 1240 2
541 1958 2
541 2004 -2
541 2362 -2
541 2452 2
541 2595 -2
541 2630 2
541 3082 -2
541 4019 -2
541 4109 2
541 4280 -2
541 4356 2
541 4464 -2
541 4774 -2
542 708 -2
542 1176 2
542 1380 2
542 2124 2
542 2407 2
542 2516 2
542 2661 2
542 2924 2
542 3097 -2
542 3291 2
542 3825 -2
542 4624 -2
542 665 2
542 913 -2
542 1509 -2
542 1604 2
542 2593 -2
542 3255 2
543 587 -2
543 749 -2
543 808 -2
543 1150 2
543 1527 -2
543 2305 -2
543 2540 2
543 2672 -2
543 2804 -2
543 3328 2
543 3944 -2
543 4292 -2
543 4434 -2
543 4875 -2
543 4933 -2
543 598 -2
543 625 -2
543 2650 2
543 2700 2
543 2841 2
543 3432 2
543 3821 -2
543 4318 -2
544 601 2
544 707 -2
544 753 2
544 799 -2
544 1163 2
544 1322 -2
544 1336 2
544 1357 -2
544 1446 2
544 2004 2
544 2128 -2
544 2186 2
544 2249 -2
544 2419 2
544 2555 2
544 2680 2
544 3214 -2
544 3456 -2
544 3535 -2
544 3833 2
544 4036 2
544 4139 2
544 4379 2
544 696 -2
544 856 -2
544 1157 2
544 1351 2
544 1881 -2
544 2307 -2
544 3279 -2
544 3977 -2
544 4108 -2
544 4151 2
544 4541 -2
545 568 -2
545 853 -2
545 2076 -2
545 2545 2
545 3766 2
545 2124 -2
545 2731 2
546 1173 2
546 1193 2
546 1269 -2
546 4114 -2
546 4128 -2
546 4465 2
546 919 2
546 1787 2
546 2006 2
546 2201 -2
546 2394 2
546 3054 2
546 3466 2
546 3862 2
546 4847 2
547 1945 -2
547 2697 2
547 1191 2
547 1326 -2
547 1964 -2
547 3195 2
547 3571 2
548 571 -2
548 1316 -2
548 2207 -2
548 4366 -2
548 4709 -2
548 621 2
548 754 -2
548 1856 -2
548 2806 -2
548 3979 2
548 4189 -2
548 4234 2
549 741 -2
549 766 -2
549 1205 2
549 2313 2
549 3263 -2
549 4293 -2
549 4507 -2
549 1835 2
549 2396 2
550 579 -2
550 2577 -2
550 4615 2
550 3801 2
550 4570 2
550 4643 -2
551 785 2
551 1061 -2
551 1643 -2
551 2086 2
551 2655 2
551 584 -2
551 600 2
551 678 -2
551 1097 -2
551 1717 2
551 2172 2
551 3641 -2
551 3672 2
551 4446 2
552 1170 2
552 2539 2
552 565 2
552 4959 -2
552 892 -2
552 1810 2
552 3166 -2
552 3975 2
552 4392 2
553 3183 2
553 4799 -2
553 2451 2
553 2571 -2
553 2738 2
553 2931 2
553 3463 -2
554 729 2
554 886 2
554 2092 -2
554 2870 -2
554 2885 -2
554 3556 2
554 4173 -2
554 4531 -2
554 1377 -2
554 1592 2
554 3089 -2
554 3764 2
555 1803 2
555 1837 -2
555 2098 2
555 2148 2
555 3022 -2
555 590 -2
555 683 -2
555 730 2
555 1072 2
555 1471 -2
555 2147 2
555 3078 -2
555 3394 2
555 3490 2
555 4046 -2
555 4386 2
555 4390 -2
556 616 2
556 3408 -2
556 1111 2
556 2603 -2
556 3921 -2
557 1604 -2
557 1645 2
557 1682 -2
557 1764 2
557 1836 2
557 2428 -2
557 2440 -2
557 2624 2
557 2801 -2
557 2982 -2
557 3020 -2
557 3572 -2
557 741 2
558 664 -2
558 677 -2
558 1144 -2
558 1419 -2
558 2050 -2
558 2052 2
558 3510 2
558 4504 2
558 4649 2
558 3988 -2
559 1638 2
559 3585 2
559 4062 2
559 4087 2
559 4305 -2
559 4449 -2
559 956 2
559 2198 2
560 976 -2
560 1484 -2
560 1834 -2
560 1926 2
560 2129 -2
560 2679 -2
560 1057 2
560 2262 2
561 1389 -2
561 899 2
561 936 -2
561 969 -2
561 1139 -2
561 1428 2
561 2326 -2
561 2581 2
561 4694 2
561 4757 2
562 894 2
562 1118 -2
562 1418 -2
562 1426 -2
562 1786 2
562 1886 -2
562 2591 -2
562 3522 2
562 3618 2
562 785 2
562 1230 -2
562 3198 -2
562 4332 -2
563 1080 -2
563 1339 -2
563 1394 -2
563 2111 -2
563 3369 2
563 3361 2
563 4486 2
564 852 -2
564 1223 -2
564 1529 2
564 1554 -2
564 2064 2
564 2921 -2
564 774 -2
564 1749 2
564 2873 2
564 3569 -2
565 2397 -2
565 1810 2
565 4959 -2
565 2819 2
565 3975 2
566 767 -2
566 2537 -2
566 4456 2
566 722 -2
566 747 -2
566 1893 -2
566 1977 2
566 2663 -2
566 4050 2
566 4879 -2
567 585 -2
567 759 2
567 1497 -2
567 1550 -2
567 1974 2
567 2578 2
567 2808 -2
568 620 2
568 1822 2
568 2545 2
568 4290 -2
568 850 2
568 1277 2
568 2454 2
568 2582 2
568 3496 2
569 575 2
569 692 -2
569 696 -2
569 1535 2
569 1562 2
569 1904 -2
569 2277 2
569 2952 -2
569 4772 2
569 647 -2
569 780 -2
569 921 -2
569 1118 2
569 1481 -2
569 1738 -2
569 3105 -2
569 4195 -2
569 4668 -2
570 630 -2
570 689 -2
570 777 -2
570 920 2
570 981 -2
570 1036 -2
570 1358 2
570 1651 -2
570 1856 2
570 2355 -2
570 2565 2
570 3919 -2
570 4201 2
570 4552 -2
570 613 2
570 3984 -2
571 1316 -2
571 2283 2
571 2470 -2
571 767 2
571 4010 -2
572 1879 -2
572 3074 2
572 4973 -2
573 1015 2
573 1214 -2
573 2646 -2
573 3393 -2
573 631 2
573 2050 -2
573 2706 2
573 3233 2
574 945 2
574 1222 2
574 1385 -2
574 1771 -2
574 4376 2
574 4469 2
574 740 2
574 789 -2
574 1552 -2
574 2200 2
574 3021 -2
574 3075 2
574 3518 -2
574 4768 2
575 692 2
575 696 -2
575 1060 -2
575 1535 2
575 1704 -2
575 2046 -2
575 799 2
575 1828 2
575 2369 -2
575 3507 2
576 1241 2
576 946 -2
576 989 2
576 1683 2
576 2136 -2
576 4915 -2
577 934 2
577 2926 -2
577 3314 2
577 3390 -2
577 707 -2
577 1234 -2
577 1502 -2
577 4213 -2
578 804 2
578 997 -2
578 1582 -2
578 1661 -2
578 2089 -2
578 4308 -2
578 4943 2
578 634 2
578 644 -2
578 955 2
578 3488 2
578 4290 -2
578 4763 -2
579 4399 2
579 4615 -2
579 896 2
579 4953 2
579 2298 2
579 3777 2
579 4094 2
580 644 -2
580 742 2
580 1589 -2
580 1708 2
580 1910 2
580 2335 -2
580 3025 2
580 3691 2
580 4640 -2
580 4935 -2
580 725 2
580 3500 2
580 3805 2
580 3969 2
581 1579 2
581 2483 2
581 3358 -2
581 3508 2
581 4348 2
581 4873 -2
582 754 -2
582 761 2
582 806 -2
582 839 2
582 1057 2
582 1070 2
582 1911 2
582 2327 2
582 2616 -2
582 2704 -2
582 4183 -2
582 4289 2
582 4566 2
582 937 -2
582 1117 -2
583 881 -2
583 1367 2
583 1580 2
583 2136 -2
583 2452 2
583 2570 -2
583 2911 -2
583 3446 -2
583 689 -2
583 846 2
583 886 -2
583 1086 -2
583 1261 -2
583 1545 -2
583 1647 2
583 1754 2
583 2094 -2
583 2354 -2
583 2516 2
583 4004 -2
583 4534 2
584 598 2
584 625 -2
584 909 -2
584 1097 2
584 1377 2
584 1411 -2
584 1499 -2
584 1876 2
584 3682 2
584 3684 -2
584 3897 -2
584 4705 2
584 1717 2
584 4067 -2
584 4446 -2
585 1162 -2
585 1792 -2
585 1818 -2
585 3578 2
586 3304 -2
586 1029 -2
586 2742 2
586 3122 2
586 4303 -2
586 4506 2
587 749 -2
587 899 2
587 1527 2
587 1824 2
587 4292 2
587 4350 2
587 1383 2
587 1595 2
587 2453 2
587 3046 2
587 3630 -2
587 4310 -2
588 712 2
588 1835 2
588 3367 -2
588 4134 2
588 4509 2
588 4153 2
588 4178 -2
588 4528 2
589 848 2
589 2057 -2
589 3335 2
589 4662 -2
589 3688 2
589 4725 -2
590 1650 2
590 2601 2
590 3074 2
590 683 -2
590 3490 -2
590 4046 2
590 4390 2
590 4455 2
591 731 2
591 963 2
591 1037 2
591 1148 2
591 1190 2
591 1291 2
591 1429 2
591 1677 2
591 1685 2
591 2949 2
591 3051 -2
591 3517 2
591 3531 2
591 4094 2
591 4104 2
591 4416 2
591 633 2
591 3016 -2
592 765 2
592 1122 2
592 1791 2
592 2276 -2
592 2279 2
592 4996 -2
592 3629 2
592 4296 2
592 1925 2
592 3575 -2
592 3830 -2
593 946 2
593 1393 2
593 2810 -2
593 4922 -2
593 623 2
593 2204 -2
593 2431 2
593 4274 2
594 1483 2
594 1573 -2
594 3605 2
594 671 2
594 947 2
594 1821 -2
595 704 2
595 1017 -2
595 1391 -2
595 1908 -2
595 4022 2
595 1025 -2
595 1776 -2
595 3771 -2
595 3823 2
596 952 2
596 1078 -2
596 1226 -2
596 1963 -2
596 2185 2
596 2779 2
596 2836 2
596 2879 -2
596 3157 2
596 3441 -2
596 3623 -2
596 3905 -2
596 4820 2
596 863 2
596 2093 2
597 703 2
597 805 2
597 842 -2
597 1117 2
597 1265 2
597 1509 2
597 1769 -2
597 2070 2
597 2226 -2
597 2438 2
597 2445 -2
597 2510 -2
597 2696 2
597 2887 -2
597 4978 -2
597 3013 -2
597 3602 2
597 3688 -2
597 3989 2
597 4447 2
597 4851 2
597 1805 -2
598 625 2
598 682 -2
598 909 -2
598 1272 -2
598 1705 2
598 4705 -2
598 760 -2
598 2229 2
598 3687 2
598 4493 -2
599 612 2
599 834 2
599 1415 2
599 1610 -2
599 1990 -2
599 2199 2
599 2512 2
599 684 -2
599 986 2
599 1597 2
599 1631 -2
599 1864 2
599 2043 -2
599 2112 2
599 2226 2
599 2260 2
599 2384 -2
599 2631 2
599 2654 2
599 3415 -2
599 4470 -2
599 4740 2
599 4799 2
600 970 -2
600 4765 2
600 678 2
600 3185 2
601 707 -2
601 753 2
601 1163 -2
601 1243 -2
601 1322 -2
601 1655 -2
601 1844 -2
601 2186 2
601 686 -2
601 2534 2
601 3293 -2
601 4862 -2
602 789 2
602 652 2
602 2008 2
602 3000 2
602 3214 -2
603 638 2
603 900 -2
603 1550 -2
603 1780 2
603 2238 -2
603 2262 2
603 2529 -2
603 4580 2
603 3539 -2
604 902 -2
604 1328 2
604 1658 -2
604 2170 2
604 2962 -2
604 1087 2
604 1598 2
604 1685 2
604 3947 -2
604 4359 -2
605 757 -2
605 1647 2
605 1961 -2
605 2095 -2
605 2775 -2
605 3317 2
605 3454 2
605 3818 -2
605 3993 -2
605 4176 2
605 4764 -2
605 1055 -2
605 1626 -2
605 1783 -2
605 2084 -2
605 2140 2
605 2798 -2
605 3623 2
605 4076 2
605 4341 2
605 4511 -2
606 800 2
606 1165 2
606 2144 2
606 3279 -2
606 4386 2
606 1427 -2
606 2536 -2
607 618 -2
607 1493 -2
607 2129 -2
607 2159 2
607 2337 -2
607 2677 -2
607 3530 2
607 4881 -2
608 681 -2
608 822 2
608 1156 2
608 1228 2
608 1368 2
608 2708 -2
608 2734 -2
608 3391 2
608 1203 2
608 1586 2
608 2110 2
608 2497 2
608 2845 -2
608 3616 2
608 3860 2
608 4960 -2
609 908 2
609 959 -2
609 960 -2
609 1062 -2
609 1496 2
609 1777 2
609 2748 -2
609 3681 -2
609 3720 -2
609 4194 -2
609 752 2
609 1040 -2
609 1632 -2
609 2182 2
609 2541 -2
609 3388 2
609 3637 -2
610 627 2
610 1200 -2
610 1251 -2
610 2125 2
610 2623 2
610 2955 -2
610 4344 2
610 739 -2
610 860 2
610 922 -2
610 1394 2
610 1945 2
610 2517 -2
610 3121 -2
610 3825 -2
611 897 2
611 940 2
611 958 2
611 4971 -2
611 2190 2
611 2244 2
611 2636 -2
611 3311 2
611 3696 -2
611 4078 2
611 1947 2
611 2467 -2
611 3132 -2
611 3358 -2
611 3566 2
611 3612 2
612 684 2
612 913 -2
612 1352 2
612 1610 2
612 2579 -2
612 4370 -2
612 4706 -2
612 914 -2
612 1520 2
612 1628 2
612 2139 -2
612 2175 -2
612 2684 2
612 3077 -2
612 3311 -2
612 3996 2
612 4594 -2
613 660 2
613 1096 2
613 1407 -2
614 2368 -2
614 3569 -2
614 4328 -2
614 4482 -2
614 1678 2
614 2018 2
614 2695 -2
614 3937 -2
614 4849 2
615 910 -2
615 1028 -2
615 1100 -2
615 1605 2
615 1830 2
615 2350 2
615 3992 -2
615 1099 -2
615 1483 2
615 1993 -2
615 3925 2
615 4742 -2
616 802 -2
616 1941 2
616 3408 -2
616 1216 2
616 1336 -2
616 1560 2
616 3004 -2
616 3168 -2
616 3926 2
616 4539 -2
617 656 2
617 1634 -2
617 2282 -2
617 3067 2
617 3698 -2
617 4464 -2
617 4478 2
617 4882 -2
617 674 2
617 1142 -2
617 3131 2
618 779 -2
618 1900 -2
618 1979 2
618 2175 2
618 1493 2
618 2129 2
619 691 -2
619 782 -2
619 930 2
619 1095 -2
619 1221 2
619 1233 2
619 1592 2
619 1600 -2
619 2014 -2
619 2346 -2
619 2495 -2
619 2553 -2
619 2613 2
619 2652 -2
619 3156 2
619 3221 2
619 3947 -2
619 660 2
619 1084 2
619 1102 -2
619 1813 -2
619 2059 2
619 2237 -2
619 2766 -2
619 3487 -2
619 3598 -2
619 3636 -2
619 4706 -2
619 4912 -2
620 750 -2
620 866 2
620 1822 -2
620 2232 -2
620 3058 -2
620 3340 -2
620 4290 2
620 751 -2
620 771 -2
620 792 2
620 1170 -2
620 1806 -2
620 2279 2
620 2681 2
620 2996 2
621 1518 2
621 2562 -2
621 3584 -2
621 754 -2
621 758 2
621 830 -2
621 912 2
621 984 -2
621 1249 -2
621 1505 2
622 872 2
622 1199 2
622 2457 2
622 4287 -2
622 4830 -2
622 849 -2
622 1064 -2
622 1078 2
622 1133 2
622 1380 -2
622 1876 2
622 2800 -2
622 3809 -2
622 3866 -2
623 906 2
623 2169 -2
624 1121 2
624 1157 -2
624 2631 -2
624 4915 -2
624 1215 -2
624 1317 2
624 1504 -2
624 1653 2
624 2077 -2
624 2772 -2
624 3748 2
624 3936 2
624 4591 -2
625 682 2
625 815 2
625 909 -2
625 1097 2
625 1272 -2
625 1705 2
625 1756 -2
625 1876 -2
625 3679 2
625 2650 2
625 2700 2
625 3432 -2
626 1101 -2
626 1204 2
626 1887 2
626 2061 -2
626 2109 2
626 2807 2
626 3462 2
626 726 -2
626 1799 -2
626 3310 2
626 3360 2
626 3836 -2
627 1200 2
627 2125 2
627 1470 2
627 3406 2
627 4977 2
627 4537 -2
627 4779 2
628 903 -2
628 1132 2
628 1168 -2
628 2524 2
628 3502 2
628 3597 -2
628 3887 -2
628 3968 -2
628 1165 2
628 1506 2
628 1523 -2
628 1553 2
628 1600 2
628 1757 2
628 2021 2
628 2254 -2
628 2278 2
628 3314 2
628 3467 2
628 3647 -2
628 4786 -2
629 637 -2
629 847 -2
629 2139 2
629 2934 -2
629 4275 2
629 883 2
629 1601 -2
629 1770 2
629 2202 2
629 2264 -2
629 3737 -2
630 689 2
630 1882 -2
630 1926 -2
630 2257 -2
630 2290 2
630 3023 2
630 3140 2
630 3194 -2
630 4573 -2
631 1133 2
631 1216 -2
631 1268 -2
631 2317 -2
631 3089 2
631 3321 2
631 4163 2
631 4435 2
631 4812 -2
631 4843 2
631 2706 2
631 3233 2
631 3608 2
632 1295 -2
632 1840 -2
632 2228 2
632 3906 -2
632 4819 -2
632 1181 2
632 1182 2
632 1372 2
632 1763 -2
632 2765 2
632 3197 2
632 3564 2
632 3739 -2
632 4536 -2
633 698 -2
633 1109 -2
633 1353 2
633 1597 -2
633 2421 -2
633 2618 -2
633 4054 2
633 4981 2
633 4654 -2
633 727 2
633 2745 2
633 3016 -2
633 4069 -2
633 4336 -2
633 4572 2
633 4934 -2
634 3092 2
634 3430 2
634 1324 -2
634 1540 -2
634 1872 -2
634 1910 2
634 2871 2
634 3640 2
634 3712 2
634 4172 2
634 4290 2
634 4614 2
634 4642 2
635 1323 2
635 1481 2
635 1997 2
635 3119 -2
635 643 2
635 2134 -2
635 3813 -2
635 4139 2
636 688 2
636 1185 2
636 2859 2
636 2205 -2
636 2372 2
636 2564 -2
636 4548 -2
637 847 -2
637 2139 2
637 981 -2
637 1138 2
637 2285 -2
637 3493 -2
637 3683 -2
637 3883 2
637 4993 -2
638 900 -2
638 1175 -2
638 1354 -2
638 3124 2
638 3148 2
638 3305 -2
638 4524 -2
639 1257 2
639 1801 -2
639 1885 -2
639 3382 -2
639 4829 2
639 1299 2
639 1513 -2
639 3181 2
640 1014 -2
640 2936 2
640 4164 2
640 4711 -2
640 952 2
640 2518 -2
641 3455 2
641 3665 -2
641 4685 2
641 657 -2
641 902 -2
641 1732 -2
641 1852 2
641 2320 -2
641 2412 -2
641 3037 -2
641 3497 2
641 3856 2
641 3933 2
641 4535 -2
642 1113 -2
642 1721 -2
642 1152 -2
642 2318 2
642 2675 -2
642 3577 -2
642 3950 -2
643 2006 -2
643 2459 -2
643 2559 -2
643 4154 2
643 992 -2
644 1589 -2
644 2963 -2
644 4940 2
644 955 -2
644 1421 -2
644 1858 2
644 3488 2
644 4513 -2
645 814 -2
645 831 2
645 1330 -2
645 1652 -2
645 1702 2
645 1897 2
645 1909 -2
645 2121 -2
645 2142 2
645 4230 2
645 4423 2
645 4465 -2
646 796 2
646 1120 -2
646 1615 2
646 1841 -2
646 2181 2
646 2403 -2
646 2435 -2
646 3040 -2
646 4242 -2
647 662 2
647 1333 -2
647 1739 -2
647 2518 -2
647 3080 2
647 4431 -2
647 4837 2
647 780 -2
647 2194 2
647 2510 -2
647 3102 2
647 3105 2
647 3183 2
647 4088 2
647 4195 2
648 896 -2
648 3006 -2
648 3607 -2
648 4836 -2
648 1454 -2
648 3663 -2
649 1073 -2
649 1089 -2
649 1681 -2
649 1984 -2
649 2410 2
649 2580 -2
649 2774 -2
649 3191 2
649 4361 -2
649 4911 -2
650 1766 2
650 2138 2
650 2959 -2
650 4189 -2
650 1733 2
650 2231 -2
651 1570 2
651 1621 -2
651 2940 2
651 3118 -2
651 3553 2
651 4378 2
651 4549 -2
651 843 -2
651 1187 -2
651 1387 -2
651 2019 -2
651 2479 2
651 2687 2
651 2835 -2
651 2879 -2
651 4681 -2
652 1288 -2
652 2804 -2
652 4899 -2
653 764 -2
653 821 -2
653 2071 -2
653 2698 -2
653 2958 -2
653 3699 2
653 3760 2
653 1514 -2
653 2195 -2
654 1189 2
654 1043 -2
655 728 2
655 1197 2
655 1970 -2
655 2197 2
655 2414 -2
655 3101 -2
655 3420 2
655 1075 2
655 1095 -2
655 1098 -2
655 1130 -2
655 1580 -2
655 1853 -2
655 2406 -2
655 2597 2
655 3642 -2
655 3905 2
655 4030 -2
656 2691 -2
656 3067 2
656 3353 -2
656 4156 -2
656 4464 -2
656 4478 -2
656 972 -2
656 1962 -2
656 2002 -2
656 2060 -2
656 2887 -2
656 2993 -2
656 3083 -2
657 977 2
657 1329 -2
657 1364 -2
657 2977 -2
657 4842 -2
657 1732 -2
657 2412 2
657 3502 2
657 3856 -2
657 4075 -2
658 1958 -2
658 2751 -2
658 2918 -2
658 2968 2
658 3646 -2
658 3875 -2
658 3949 2
658 4908 -2
658 4924 2
658 742 -2
658 1168 2
658 1251 -2
658 2258 2
658 2807 2
658 3742 2
658 4579 -2
659 1668 -2
659 1755 -2
659 1893 -2
659 2116 2
659 3177 -2
659 3207 2
659 3542 -2
659 4896 -2
659 690 -2
659 736 -2
659 781 2
659 861 2
659 1105 -2
659 1411 -2
659 1466 2
659 1482 -2
659 1571 -2
659 2248 2
659 2430 2
659 3423 2
659 4117 -2
659 4158 -2
660 1096 -2
660 2767 2
660 1084 2
660 1813 2
660 1938 -2
660 4921 2
661 801 2
661 1512 -2
661 1538 -2
661 1548 -2
661 2311 -2
661 2641 -2
661 2707 2
661 3581 2
661 4053 2
661 666 -2
661 2813 -2
661 3234 -2
661 3495 -2
661 4036 -2
662 1792 2
662 2518 2
662 2576 -2
662 2592 -2
662 4581 -2
662 976 2
662 1705 2
662 2026 2
662 2491 -2
662 3061 2
662 3842 2
663 718 2
663 857 -2
663 2082 -2
663 2431 -2
663 2493 -2
663 2675 2
663 3008 -2
663 3069 -2
663 3351 2
663 3354 2
663 4807 2
663 4879 -2
663 997 -2
663 1063 2
663 2162 2
663 2366 -2
663 2712 2
663 4322 -2
663 4755 -2
663 4869 -2
664 1085 2
664 1144 -2
664 1924 -2
664 2052 2
664 2511 -2
664 3965 -2
664 1173 2
664 2165 2
665 845 2
665 1864 -2
665 2173 -2
665 2253 2
665 2935 2
665 3064 2
665 3705 2
665 4619 -2
665 732 2
665 1604 -2
665 1915 2
665 1928 -2
665 2397 -2
665 2593 -2
665 2947 -2
665 3492 2
665 4672 -2
666 675 2
666 1757 -2
666 2256 2
666 2288 -2
666 2905 2
666 3637 -2
666 1198 -2
666 2789 2
666 2813 2
666 3549 2
666 4761 2
667 1047 2
667 1225 2
667 1283 2
667 1482 -2
667 2749 -2
667 2894 2
667 3506 -2
667 3662 2
667 4187 -2
667 4215 -2
667 4261 2
667 4663 2
667 852 -2
667 1037 2
667 1361 2
667 1446 -2
668 1281 2
668 2141 -2
668 3938 2
668 4037 -2
668 4281 -2
668 2666 -2
669 850 2
669 885 -2
669 1365 2
669 2132 2
669 2489 -2
669 4760 -2
669 2442 2
669 3264 -2
670 876 -2
670 1318 -2
670 1047 2
670 1620 2
670 1730 2
670 3470 2
671 1202 2
671 2246 -2
672 1025 2
672 1152 2
672 2520 2
672 2629 -2
672 2728 2
672 3415 2
672 3951 -2
672 4170 -2
672 4439 -2
672 4755 -2
672 1227 2
672 1619 -2
672 1686 2
672 1777 2
672 1983 2
672 2311 -2
672 2866 2
672 4396 2
672 4892 -2
673 1230 -2
673 2325 2
673 1713 -2
674 1754 2
674 3554 2
674 4212 2
674 1142 -2
674 1498 2
674 3131 2
674 3670 2
674 3894 -2
675 1757 -2
675 2256 2
675 2605 2
675 3115 -2
675 797 2
675 971 2
675 2149 2
675 2239 2
676 772 2
676 914 2
676 1270 2
676 1723 -2
676 1914 -2
676 2330 2
676 2651 2
676 3395 -2
676 4093 2
676 4246 2
676 4634 -2
676 1061 -2
676 1352 2
676 2775 -2
676 2855 -2
676 4821 -2
677 2050 2
677 2718 -2
677 3520 2
677 4759 2
677 909 2
677 2978 -2
677 3323 2
677 4342 2
678 1551 2
678 2645 -2
678 3312 2
678 3540 2
678 1097 2
678 2172 2
679 3426 2
679 4700 2
679 4805 2
679 2761 2
679 4289 -2
679 4575 2
680 1033 -2
680 1122 2
680 1954 2
680 4042 2
680 4963 2
680 4850 2
681 798 2
681 822 2
681 1156 2
681 2367 -2
681 3010 -2
681 3676 2
681 4857 -2
681 1887 -2
682 815 -2
682 1186 2
682 2780 -2
682 1675 -2
682 4163 -2
683 1182 2
683 1740 -2
683 2075 -2
683 2715 -2
683 2882 -2
683 2950 2
683 3002 2
683 3043 -2
683 4050 2
683 4683 2
683 2147 -2
683 3078 2
683 4390 -2
684 913 -2
684 1415 2
684 2923 -2
684 3220 2
684 3613 2
684 3856 2
684 986 -2
684 1339 -2
684 1597 2
684 2384 2
684 4470 2
685 856 -2
685 859 2
685 877 2
685 1545 -2
685 2107 -2
685 2754 -2
685 3011 -2
685 4954 -2
685 3655 -2
685 1039 -2
685 1282 -2
685 2075 2
685 2797 2
685 3730 -2
686 771 2
686 1008 -2
686 1547 -2
686 2357 2
686 2676 2
686 3411 2
686 4959 -2
686 3940 -2
686 2534 2
686 3293 2
686 4862 -2
687 1422 -2
687 2619 2
687 2058 -2
687 2989 2
687 3439 2
687 3865 -2
687 4261 2
687 4684 2
688 775 2
688 1623 2
688 2144 -2
688 2395 2
688 2463 2
688 3513 2
689 1882 2
689 846 2
689 930 -2
689 1086 -2
689 1899 -2
689 2041 2
689 2516 -2
689 2641 2
689 2740 -2
689 3295 -2
690 2163 -2
690 2318 2
690 3580 2
690 736 2
690 861 2
690 1854 -2
690 1936 -2
690 2248 2
690 2667 2
690 2734 2
690 4346 -2
691 782 -2
691 930 -2
691 1221 2
691 1390 -2
691 1592 -2
691 1633 -2
691 1998 2
691 2168 -2
691 2390 2
691 4070 2
691 1074 2
691 1866 2
691 2220 -2
692 696 -2
692 1060 -2
692 1562 2
692 1704 -2
692 2046 -2
692 2277 2
692 3206 2
692 3912 2
692 4772 2
692 1429 2
692 1823 -2
692 2024 2
692 2633 2
693 1074 2
693 3090 -2
693 3162 2
693 3918 -2
693 3985 2
693 4285 -2
693 1671 2
693 3010 2
693 3667 -2
694 733 -2
694 1236 2
694 1698 2
694 1816 2
695 743 2
695 1507 -2
695 2793 2
695 3238 -2
695 911 2
695 1348 2
695 1366 -2
695 1389 2
695 1435 2
695 1669 -2
695 1929 2
695 3145 -2
695 3967 2
695 4225 -2
695 4769 2
695 4794 2
696 1060 2
696 1535 -2
696 2277 -2
696 1157 2
696 3231 2
697 783 2
697 1213 2
697 1706 2
697 1871 -2
697 1989 -2
697 3297 -2
697 4223 -2
697 4273 -2
697 4862 2
697 746 -2
697 1128 2
697 1524 2
697 2486 2
697 2549 2
697 2846 -2
697 3041 -2
697 3103 2
697 3242 2
697 3604 2
697 4204 2
697 4217 2
698 943 -2
698 1353 -2
698 1597 -2
698 2421 -2
698 4452 -2
698 1158 -2
698 1343 -2
698 1655 -2
698 3269 2
699 2336 -2
699 721 -2
699 1245 2
699 1727 -2
699 2470 -2
699 2636 2
699 3935 2
699 4719 -2
700 1795 2
700 2627 2
700 3331 -2
700 3881 -2
700 4550 2
700 1006 -2
700 1109 -2
700 2171 2
700 2986 -2
700 3970 2
701 760 -2
701 1125 2
701 1299 -2
701 2166 2
701 3219 2
701 3671 2
701 713 -2
701 1100 2
701 2039 -2
701 3370 2
701 4452 2
702 835 2
702 1994 -2
702 2444 -2
702 2458 2
702 4265 -2
702 4473 2
702 708 -2
702 870 2
702 1432 2
702 1507 2
702 2665 2
702 3447 -2
703 805 2
703 1509 -2
703 2070 2
703 3013 -2
703 3280 -2
703 4018 2
703 810 -2
703 1303 -2
703 1311 2
703 2445 -2
703 3548 2
704 858 -2
704 1017 2
704 1019 -2
704 1392 -2
704 1433 2
704 1908 2
704 2472 2
704 2799 2
704 3755 -2
704 4076 -2
704 4277 -2
704 2619 2
704 3560 -2
704 3617 -2
704 4284 2
705 1196 -2
705 1858 2
705 3589 2
705 895 2
705 1248 -2
705 3177 -2
706 1846 2
706 3227 -2
706 3639 2
706 3751 -2
706 1474 2
706 1981 2
706 3775 -2
706 3783 2
707 753 -2
707 1336 2
707 1357 2
707 1446 2
707 839 2
707 1502 -2
707 4213 -2
708 2516 2
708 3485 -2
708 3626 -2
708 870 2
708 2665 -2
709 975 2
709 1366 2
709 1800 -2
709 2058 -2
709 2572 2
709 844 -2
709 879 -2
709 1127 -2
709 1183 2
709 1528 -2
709 4838 2
710 3516 -2
710 3803 2
710 3988 -2
710 4388 -2
710 1846 2
710 2155 2
710 3320 -2
710 4551 2
711 2724 2
711 3843 2
711 4740 -2
711 755 -2
711 933 2
711 1113 -2
711 2319 -2
711 2466 -2
712 1835 2
712 3367 2
712 4509 2
712 1443 -2
712 3590 -2
712 4348 -2
712 4914 -2
713 938 2
713 1501 2
713 2039 2
713 2221 2
713 2888 -2
713 3759 -2
713 4452 2
714 1136 -2
714 1424 -2
714 3761 -2
714 1561 -2
714 1871 2
714 3029 -2
714 3536 2
714 4144 -2
714 4540 2
714 4675 2
714 4729 2
715 969 2
715 1987 -2
715 1088 2
715 1549 2
715 1914 2
715 2702 2
715 2862 2
715 2865 -2
715 3159 -2
716 1135 -2
716 1500 2
716 1967 -2
716 2196 -2
716 3398 -2
716 3409 -2
716 3643 -2
716 4675 2
716 812 -2
716 1900 -2
717 1410 -2
717 1684 2
717 1955 2
717 2426 -2
717 2975 2
717 3863 2
717 840 2
717 1688 2
717 2158 -2
717 3585 -2
718 857 2
718 2082 2
718 3069 2
718 4047 -2
718 1132 -2
718 2576 2
718 3552 2
718 4355 -2
718 4656 2
718 4677 -2
719 915 2
719 1673 2
719 1707 -2
719 1758 2
719 3174 2
719 3743 2
719 4742 -2
719 824 2
719 1023 -2
719 1048 2
719 1225 2
719 1398 -2
719 1562 -2
719 3053 -2
719 3112 -2
719 4699 2
720 1445 2
720 2811 -2
720 2928 -2
720 3928 -2
720 4853 -2
720 793 2
720 3791 2
721 818 -2
721 829 -2
721 1934 2
721 2280 2
721 2640 -2
721 2790 2
721 3034 -2
721 3234 -2
721 4111 2
721 4877 -2
721 1067 2
721 2470 2
721 3716 2
721 4719 -2
722 1435 2
722 1646 2
722 1799 -2
722 1810 -2
722 3341 -2
722 3775 2
722 3787 2
722 3926 2
722 3932 -2
722 1893 -2
722 1977 -2
723 813 -2
723 846 2
723 962 -2
723 1146 -2
723 1201 2
723 1361 -2
723 2877 -2
723 3222 2
723 4997 2
723 3889 2
723 4255 2
723 1565 2
723 1703 2
723 1907 -2
723 2064 2
723 3229 2
723 4649 2
724 931 2
724 1068 -2
724 1086 2
724 2289 2
724 3138 2
724 3490 -2
724 4188 2
724 748 -2
724 920 -2
724 1015 -2
724 1184 2
724 1596 2
724 2275 -2
724 3008 2
724 4525 -2
725 1263 -2
725 3195 2
726 1565 -2
726 2024 2
726 4673 2
726 2259 -2
726 3310 -2
726 3836 -2
726 3882 2
726 3896 -2
727 758 2
727 1253 2
727 1327 2
727 1622 2
727 1624 2
727 3212 -2
727 3349 -2
727 4059 -2
727 4710 -2
727 1081 2
727 1975 -2
727 2745 2
727 4069 2
727 4336 -2
727 4572 2
727 4679 -2
728 2197 -2
728 2927 -2
728 3420 2
728 900 -2
728 1958 2
728 2452 -2
728 4855 -2
729 1953 2
729 2870 -2
729 2885 2
729 773 -2
729 1397 -2
729 2525 2
729 2668 -2
729 4466 -2
730 752 2
730 763 2
730 923 -2
730 1155 -2
730 1488 -2
730 1586 -2
730 1798 -2
730 2018 -2
730 2674 -2
730 2991 2
730 3141 -2
730 3302 2
730 3579 2
730 3899 -2
730 4721 2
730 1072 2
731 1148 2
731 1291 -2
731 1642 -2
731 1938 2
731 2300 2
731 3417 -2
731 3781 -2
731 4045 2
731 4046 -2
731 4949 2
731 1302 2
731 1536 2
731 2355 -2
731 3341 2
732 926 -2
732 1178 -2
732 1381 -2
732 1636 -2
732 1872 2
732 2015 2
732 2221 -2
732 2533 -2
732 2759 2
732 3711 -2
732 4195 2
732 4538 2
732 1915 2
732 2947 2
732 3492 2
733 1284 -2
733 1378 2
733 2209 2
733 2283 2
733 2966 -2
733 3546 -2
733 4072 -2
733 4329 2
734 836 2
734 872 -2
734 960 -2
734 1019 -2
734 1155 -2
734 1532 -2
734 2715 2
734 3280 -2
734 3745 2
734 3800 -2
734 3828 2
734 4092 2
734 4918 2
735 800 -2
735 904 2
735 1176 -2
735 1253 -2
735 1650 2
735 2896 2
735 4560 2
735 4778 -2
735 4932 2
736 3216 -2
736 781 2
736 1274 -2
736 1854 2
736 2215 2
736 4346 2
737 2693 -2
737 3401 -2
737 1659 2
737 1716 -2
737 2837 2
737 3595 -2
738 895 2
738 1088 -2
738 1175 2
738 1559 2
738 1815 -2
738 2298 -2
738 2541 2
738 3437 -2
738 3728 -2
738 1610 2
738 2267 -2
738 2303 -2
738 3271 2
738 3802 2
738 4058 -2
739 932 -2
739 1039 2
739 1813 -2
739 2360 2
739 2453 2
739 2554 2
739 2668 2
739 3525 2
739 4060 -2
739 4425 2
739 4530 -2
739 4630 2
739 922 -2
739 1989 2
739 3825 -2
739 3993 2
740 1875 -2
740 2402 2
740 2813 -2
740 789 -2
740 1160 2
740 1213 2
740 1271 2
740 1552 -2
740 1847 -2
740 2200 2
740 2660 -2
740 3017 -2
740 3075 2
740 3514 -2
740 3518 2
740 3770 -2
740 4600 2
741 766 2
741 1544 -2
741 3813 2
742 4640 2
742 1251 2
742 1758 2
742 3087 2
742 3742 2
742 4111 -2
742 4433 2
742 4579 -2
743 2101 -2
743 2793 2
743 2869 2
743 3047 2
743 3053 2
743 2462 -2
743 2821 -2
743 4313 2
743 4663 2
743 4887 2
744 3330 2
744 3933 2
744 4492 -2
745 1022 -2
745 1161 -2
745 4123 2
745 1829 -2
745 1874 2
745 3332 -2
746 927 2
746 1675 -2
746 2319 -2
746 2354 -2
746 2855 2
746 2990 -2
746 3642 2
746 3939 -2
746 4190 -2
746 4414 2
746 2486 -2
746 2836 -2
746 3604 -2
746 3768 -2
746 4123 2
746 4207 2
746 4217 -2
746 4651 2
747 1311 -2
747 3960 -2
747 4955 2
747 2663 -2
747 4879 -2
748 1006 2
748 1027 -2
748 1112 2
748 4792 -2
748 803 2
748 1015 2
748 1596 2
748 1761 2
748 2275 2
748 2854 -2
748 2858 -2
748 2867 -2
748 2959 -2
748 4525 2
749 899 2
749 1055 -2
749 1527 2
749 1593 -2
749 1824 -2
749 2305 -2
749 2540 -2
749 3962 -2
749 1318 -2
749 1831 2
749 2982 2
749 3779 2
749 4938 -2
750 866 -2
750 1387 -2
750 2891 -2
750 3058 -2
750 2398 -2
750 2561 -2
750 2626 2
750 3339 -2
750 3781 -2
751 1248 -2
751 1292 2
751 4950 2
751 1877 2
751 3124 -2
751 3363 2
751 4014 -2
751 4719 2
751 4827 2
751 771 -2
751 834 2
751 990 -2
751 1096 2
751 1170 2
751 1585 -2
751 1806 -2
751 3333 2
751 3941 2
751 4739 -2
751 4767 -2
752 987 -2
752 1488 2
752 1531 -2
752 1690 -2
752 3248 2
752 3302 2
752 3366 -2
752 1632 2
752 4165 -2
753 1163 -2
753 1243 -2
753 1336 2
753 2128 2
753 2408 -2
753 3674 -2
753 756 2
753 1008 2
753 1237 -2
753 1453 -2
753 1673 -2
753 1824 -2
753 1825 2
753 4142 -2
753 4264 2
753 4683 -2
754 806 -2
754 984 -2
754 1070 2
754 1464 -2
754 1479 -2
754 4183 2
754 4289 -2
754 4424 -2
754 4486 -2
754 4752 -2
754 758 -2
754 1090 -2
754 2806 -2
754 3979 -2
754 4980 2
755 1957 2
755 4893 -2
755 3721 -2
756 1478 2
756 4286 2
756 1237 -2
756 1453 2
756 1673 2
756 1825 2
756 4385 2
757 2095 2
757 2214 2
757 3317 2
757 4176 -2
757 4848 -2
757 3277 2
757 3355 2
758 953 -2
758 1004 -2
758 1023 -2
758 1171 2
758 1253 2
758 1622 2
758 1624 2
758 2517 -2
758 3056 -2
758 3287 2
758 3347 -2
758 3349 2
758 3488 2
758 3708 2
758 830 -2
758 984 -2
758 1090 2
758 1505 2
758 1935 -2
758 4054 -2
759 874 -2
759 1828 -2
759 2304 2
759 1144 -2
759 1788 -2
759 2532 -2
759 3798 2
760 1125 -2
760 1299 2
760 2115 -2
760 2461 2
760 2552 2
760 3186 2
760 3533 -2
760 3780 2
760 4303 -2
760 4638 -2
760 4666 -2
760 1403 2
760 2229 -2
760 3687 2
761 839 2
761 2704 -2
761 819 2
761 974 2
761 1902 -2
761 2604 2
761 4021 -2
762 1344 2
762 1788 -2
762 3650 2
762 4088 2
762 4883 2
762 923 2
762 1071 -2
763 923 2
763 1798 2
763 2018 -2
763 2700 2
763 2991 -2
764 1256 -2
764 3699 2
764 3842 -2
764 4969 -2
764 855 2
764 1785 -2
764 2010 2
764 2133 2
764 2329 -2
764 2414 2
764 2664 -2
764 2869 2
764 2935 -2
764 3337 2
764 4852 -2
765 1338 2
765 4192 2
765 2095 -2
765 2618 2
765 4499 2
766 3813 2
766 4293 -2
766 4507 -2
766 1009 2
766 2083 2
766 2861 -2
766 3303 -2
767 2835 2
767 3977 2
767 1971 2
767 3792 -2
767 4010 -2
767 4224 2
767 4994 -2
768 1276 2
768 1285 -2
768 1473 -2
768 1952 2
768 2286 -2
768 3204 2
768 3925 -2
768 4910 2
768 857 -2
769 4161 -2
769 1480 2
769 4216 -2
769 4710 2
770 966 -2
770 1001 -2
770 2278 2
770 3945 2
770 4392 -2
770 2485 2
771 1067 -2
771 1491 -2
771 1547 -2
771 2357 2
771 3622 2
771 3632 2
771 4225 2
771 834 2
771 990 2
771 1235 2
771 4957 -2
771 3864 -2
772 914 -2
772 2337 -2
772 2600 2
772 3395 2
772 3869 2
772 1156 -2
772 1751 2
772 2856 2
773 1003 2
773 1259 -2
773 1397 2
773 4466 2
774 1427 2
774 1732 -2
774 1980 -2
774 3244 -2
774 3442 2
774 4419 2
774 4548 2
774 1749 2
774 3569 -2
775 1802 -2
775 3721 2
775 1623 2
775 2144 2
775 2395 -2
775 2680 -2
775 4692 -2
775 4877 2
776 878 -2
776 1710 -2
776 2503 -2
776 4591 -2
776 1768 2
776 2530 2
776 2642 2
776 3505 -2
777 981 2
777 3742 -2
777 4371 -2
777 4757 2
777 1252 -2
777 2281 -2
777 3733 -2
777 4439 -2
777 4819 -2
778 797 -2
778 1502 2
778 1936 -2
778 1986 -2
778 2567 -2
778 4808 2
778 949 2
778 1186 2
778 1475 -2
778 1811 2
778 1873 -2
778 2079 2
778 2591 -2
778 4435 2
779 1046 2
779 2175 2
779 2615 -2
779 4886 2
779 4707 -2
780 916 -2
780 1481 2
780 1712 -2
780 2194 -2
780 2521 -2
780 3557 2
780 4088 2
781 1154 -2
781 1273 2
781 2745 2
781 3283 2
781 3735 -2
781 1274 -2
781 1482 2
781 4790 -2
782 1095 2
782 2495 2
782 3659 2
782 3947 -2
782 4122 -2
782 1979 2
782 1992 -2
782 2686 -2
783 1213 -2
783 1871 2
783 2127 2
783 2805 2
783 2946 -2
783 3350 -2
783 802 2
783 1306 -2
783 1782 2
783 1924 -2
783 3064 -2
783 4156 2
784 1141 -2
784 1889 2
784 2401 -2
784 3995 2
784 4083 2
784 4695 2
784 953 2
784 957 2
784 1154 -2
784 1554 2
784 1725 -2
784 1822 -2
784 2476 2
785 1212 -2
785 1643 -2
785 2086 2
785 1230 2
785 1390 -2
785 1667 2
785 2428 2
785 3135 2
785 4406 -2
786 1616 -2
786 4237 2
786 889 -2
786 1116 2
786 3995 -2
786 4745 2
787 967 -2
787 2182 -2
787 2387 2
787 3104 -2
787 3285 2
788 1471 -2
788 1567 2
788 1954 2
788 2709 2
788 950 2
788 1016 2
788 2673 -2
789 1388 2
789 1972 -2
789 2692 2
789 3625 -2
789 1271 -2
789 3075 2
790 929 -2
790 2827 -2
790 3794 -2
790 1278 -2
790 4325 2
791 1313 2
791 2066 2
791 2118 2
791 2109 -2
792 2430 -2
792 4109 2
792 4854 2
792 2681 2
792 2996 -2
792 3968 -2
793 1521 -2
793 3325 2
793 862 -2
793 2306 -2
793 2647 -2
793 4800 2
793 4896 -2
794 991 2
794 2005 -2
794 2549 2
794 2747 -2
794 3476 -2
794 4613 2
794 968 2
794 1069 -2
794 2122 2
794 2496 2
795 3046 2
795 3072 -2
795 3461 -2
795 1431 -2
795 1719 -2
795 3491 2
796 1120 -2
796 1615 -2
796 1841 -2
796 4771 -2
796 1674 2
796 1702 2
796 1784 2
796 4520 2
797 974 -2
797 1936 -2
797 1986 2
797 2450 2
797 2669 2
797 3377 2
797 3440 2
797 3586 -2
797 4888 -2
797 971 2
797 1337 2
797 1492 -2
797 2127 -2
797 2239 -2
797 2894 2
797 4376 2
797 4388 -2
798 1337 2
798 1371 -2
798 2367 2
798 3010 2
798 1177 -2
798 3058 -2
798 3086 -2
799 2419 2
799 3456 2
799 3535 2
799 1575 -2
799 1828 2
799 4599 -2
799 4917 2
800 1650 -2
800 1720 2
800 4560 2
800 4932 2
801 1512 -2
801 1344 -2
801 3205 2
801 4475 -2
802 1941 -2
802 2151 2
802 1692 2
802 1924 -2
802 3064 -2
803 1477 -2
803 1653 2
803 2200 -2
803 3733 -2
803 4470 2
803 1114 -2
803 1445 2
803 1761 -2
803 2602 2
803 2854 -2
803 2858 2
803 3299 2
803 3383 2
803 3706 -2
803 4182 -2
804 997 2
804 1242 -2
804 2089 2
804 2556 -2
804 2904 2
804 4817 2
805 842 2
805 1172 2
805 3690 2
805 3951 -2
805 4441 2
806 4950 2
806 1340 -2
806 3251 2
807 2617 -2
807 3598 2
807 2838 2
807 3180 -2
807 4285 2
808 1079 -2
808 1150 2
808 1220 2
808 2672 2
808 3117 2
808 3328 -2
808 4075 2
808 4933 -2
808 1209 -2
808 2115 2
808 2341 -2
808 4162 -2
809 1566 2
809 2017 2
809 3182 -2
809 3963 -2
809 4096 -2
809 2691 -2
809 4112 -2
809 4157 -2
810 2067 -2
810 2841 2
810 3523 -2
810 4380 -2
811 863 2
811 911 2
811 2062 2
811 2268 2
811 4218 2
811 4511 -2
811 4672 2
811 826 2
811 3694 2
811 3854 -2
812 2863 -2
812 4069 2
813 1146 -2
813 1201 2
813 867 -2
813 1998 2
814 1702 2
814 1897 2
814 4230 2
814 4374 2
814 1796 -2
814 3239 2
815 1186 2
815 2780 -2
815 2901 2
815 3149 -2
815 3266 2
815 1444 -2
815 3373 2
815 3832 2
816 4330 2
816 1077 -2
816 1222 -2
816 1886 2
816 2770 -2
816 2844 2
816 3302 2
817 1334 2
817 1530 2
817 3997 2
817 833 -2
817 2719 -2
817 2963 -2
817 3348 -2
817 4124 2
818 1018 2
818 1051 -2
818 2640 2
818 2790 2
818 4536 2
818 4577 2
818 932 2
818 2507 2
818 4440 -2
819 1767 -2
819 3631 -2
819 3879 2
819 974 -2
819 1902 -2
820 1231 2
820 1599 2
820 3431 -2
820 3458 -2
820 4326 -2
820 1729 -2
820 3254 2
821 1949 2
821 2958 2
821 3479 2
821 4340 -2
821 4589 2
821 4804 2
822 1368 2
822 1455 -2
822 1630 2
822 2503 -2
823 1437 -2
823 2029 -2
823 2194 -2
823 3125 2
823 875 -2
823 1220 2
824 1023 2
824 1038 -2
824 1048 2
824 1214 2
824 1225 2
824 1614 2
824 2460 -2
824 2478 2
824 4555 -2
824 4789 2
824 4854 -2
825 951 -2
825 1053 -2
825 1506 -2
825 4542 -2
825 847 2
825 1433 -2
825 1484 -2
825 1890 2
825 2063 2
825 2121 -2
825 2848 -2
825 3541 -2
825 4461 -2
825 4893 2
826 1999 -2
826 2174 -2
826 2563 2
826 2574 -2
826 3194 2
826 3609 -2
826 3636 -2
826 4756 -2
826 1419 -2
826 3694 2
826 4227 2
827 2883 -2
827 3240 -2
827 3700 -2
827 4665 -2
827 2380 2
827 3376 2
827 3724 -2
827 4122 2
828 1124 2
828 2880 -2
828 2904 -2
828 3834 -2
828 3864 2
828 4186 2
828 4353 -2
828 1346 2
828 2114 -2
828 2566 -2
828 2655 -2
828 4625 -2
829 1934 2
829 4111 2
829 854 2
829 878 2
829 943 -2
829 1793 -2
829 1986 2
829 2776 2
829 3104 -2
829 3385 -2
830 1164 -2
830 1278 -2
830 1293 -2
830 4023 2
830 984 -2
830 4054 2
831 1330 2
831 4927 2
831 868 -2
831 1226 2
831 1395 2
831 2472 -2
831 2764 2
831 2773 2
831 2946 -2
831 3340 2
831 4143 -2
832 919 2
832 935 2
832 956 2
832 1166 -2
832 1601 2
832 1670 2
832 1733 2
832 1776 -2
832 1888 2
832 2760 -2
832 3184 2
832 3452 2
832 3835 2
832 4316 -2
832 2300 2
832 2569 2
832 4802 2
833 4126 2
833 1599 -2
833 2719 -2
833 2967 2
834 1331 -2
834 4957 2
834 990 2
834 1096 2
834 1235 -2
834 1275 2
834 3864 -2
835 2458 2
835 4092 2
835 4809 -2
836 2195 2
836 872 2
836 931 -2
836 960 2
836 1019 2
836 1032 -2
836 1131 2
836 1163 2
836 1304 -2
836 1319 -2
836 1322 2
836 1740 -2
836 1867 -2
836 1960 -2
836 1991 2
836 2261 2
836 2652 -2
836 2758 2
836 3192 -2
836 3422 2
836 3544 -2
836 3927 -2
836 4906 -2
837 2560 -2
837 3617 -2
837 3669 2
837 4144 2
837 2294 2
837 2429 -2
837 3093 2
837 4352 2
838 1534 -2
838 2929 2
839 2616 2
839 2931 -2
840 844 2
840 3333 -2
840 3564 -2
840 4136 -2
840 2289 -2
841 905 2
841 1443 2
841 1976 2
841 2839 2
842 1117 2
842 1265 -2
842 1440 2
842 2226 -2
842 4471 2
842 3429 -2
842 4507 -2
843 1158 2
843 1379 2
843 3338 -2
843 975 -2
843 2186 -2
844 2382 -2
844 3333 2
844 4136 2
844 879 -2
844 1127 2
844 1528 -2
844 2302 2
844 3126 2
844 4773 -2
845 949 -2
845 1351 2
845 2253 2
845 2523 -2
845 2806 -2
845 1515 -2
845 1901 2
845 3943 -2
845 4126 -2
845 4947 2
846 962 2
846 2877 -2
846 4255 2
846 4997 -2
846 930 -2
846 1086 -2
846 1545 2
846 2041 -2
846 3295 2
847 2227 2
847 2646 2
847 2848 -2
848 2203 -2
848 2881 2
848 3179 -2
848 3696 2
848 4150 -2
848 4726 2
849 2986 2
849 3322 -2
849 3539 -2
850 1365 2
850 2489 2
850 4127 -2
850 2409 2
850 2454 -2
850 2468 2
851 1594 -2
851 2500 -2
851 4329 2
851 1210 -2
851 1309 2
851 1760 2
851 1985 -2
851 3888 -2
852 1223 -2
852 2064 2
852 3483 -2
852 1073 -2
852 1533 -2
852 1836 -2
852 2012 2
853 1324 2
853 4946 -2
853 1649 2
853 3853 -2
853 4696 -2
853 4756 2
854 1010 -2
854 4956 -2
854 1804 -2
854 4244 -2
854 4748 2
854 878 2
854 1793 -2
854 2577 -2
854 3104 2
854 3385 -2
855 1960 -2
855 3286 -2
855 1125 2
855 2010 2
855 2133 -2
855 2869 -2
855 2933 -2
855 4515 2
856 859 -2
856 2107 2
856 1021 -2
856 2307 -2
856 2990 -2
856 3362 2
856 3872 2
856 4746 -2
857 2082 -2
857 2493 -2
857 2498 2
857 3351 -2
857 3633 2
857 1263 -2
857 2608 2
858 1019 2
858 1195 -2
858 1988 -2
858 2985 2
858 3755 -2
858 1143 -2
858 1174 2
858 3162 2
858 3211 -2
858 3900 -2
858 4488 2
859 2506 2
859 4646 -2
860 955 2
860 2030 2
860 3165 -2
860 4231 2
860 1140 -2
860 1279 -2
861 1290 -2
861 1469 2
861 1631 2
861 2557 2
861 1105 2
861 1320 -2
861 1411 -2
861 1466 -2
861 2667 -2
861 2734 -2
861 4158 2
861 4491 2
862 1149 2
862 1369 -2
862 1490 2
862 3155 -2
862 4901 -2
862 1106 2
862 1773 -2
862 2228 2
862 2306 2
862 2647 -2
862 4199 2
862 4312 -2
862 4896 -2
863 911 2
863 2236 -2
863 2245 -2
863 2268 2
863 3132 2
863 3469 -2
863 4150 2
863 4218 2
863 4672 2
863 4873 -2
863 2001 -2
863 2093 2
864 918 -2
864 1153 2
864 2045 2
864 2434 2
865 3451 2
865 1574 -2
865 2648 2
865 3547 -2
866 2232 -2
866 3058 -2
866 3340 -2
866 1850 -2
866 2410 2
866 2465 2
866 2999 2
866 4585 2
867 961 2
867 2328 -2
867 2475 -2
867 2538 2
867 2604 -2
867 2611 -2
867 2860 2
867 3066 -2
867 3105 -2
867 3293 2
867 1998 -2
868 1395 2
868 1405 2
868 2026 2
868 4000 2
868 1226 -2
868 2975 -2
868 4155 -2
869 883 2
869 957 2
869 1115 2
869 1355 2
869 890 2
869 1531 2
869 1919 2
869 2270 -2
869 2703 2
869 2998 -2
869 3308 -2
869 3532 -2
869 3602 -2
869 3837 2
869 4016 -2
869 4727 2
870 1679 2
870 1820 2
870 2157 -2
870 2347 -2
870 2582 -2
870 3271 -2
870 3307 2
870 1432 -2
870 4245 2
871 2909 -2
871 3509 2
871 4513 -2
871 3858 -2
872 1354 2
872 2321 -2
872 2457 -2
872 2634 2
872 960 2
872 1032 -2
872 1319 -2
872 1867 2
872 2715 -2
872 3828 -2
872 4918 -2
873 1450 -2
873 1640 -2
873 2875 -2
873 3003 -2
874 1828 2
874 3471 -2
874 4250 -2
875 947 2
875 3049 -2
875 4276 2
875 1011 2
875 1212 2
875 1220 -2
875 2238 -2
875 2388 -2
875 2449 2
876 1645 -2
876 2694 2
876 3411 -2
876 3509 2
876 4990 -2
876 4259 2
877 1545 2
877 1149 2
877 1364 -2
877 2034 2
877 2054 2
877 2605 -2
877 2613 -2
877 3699 -2
877 4364 -2
877 4939 2
878 943 2
878 1316 -2
878 1793 -2
878 2577 -2
878 2583 -2
878 3119 -2
878 4864 -2
879 1403 -2
879 1774 2
879 3088 -2
880 1114 2
880 891 -2
880 963 2
880 1104 -2
880 1681 2
880 2081 -2
880 2568 -2
881 4951 2
881 897 2
881 1778 -2
881 4363 2
882 1229 -2
882 3527 2
883 1115 -2
883 1449 -2
883 1537 -2
883 2622 -2
883 1010 -2
883 1770 -2
883 2632 2
883 2670 -2
883 3737 2
883 3769 2
883 4639 2
883 4704 2
884 1541 -2
884 1920 2
884 3150 2
884 929 2
884 1462 -2
884 1525 -2
884 4055 -2
885 1205 2
885 1916 2
885 2615 2
885 2992 2
885 3005 2
885 3108 2
885 3328 -2
885 3705 2
886 888 -2
886 1937 -2
886 2441 2
886 2844 -2
886 3556 2
886 3714 -2
886 4363 2
886 1754 -2
886 4004 -2
887 2762 -2
887 4184 2
888 1937 2
888 2153 -2
888 2441 -2
888 2628 2
888 2840 -2
888 3048 -2
888 4363 2
888 4487 -2
889 1041 -2
889 1099 -2
889 1108 2
889 1219 2
889 1462 -2
889 1686 -2
889 2110 -2
889 2161 2
889 2399 -2
889 2594 -2
889 3142 2
889 4472 2
889 4745 -2
890 1995 -2
890 2251 -2
890 2396 2
890 3976 2
890 4517 -2
890 1332 2
890 3602 2
890 4016 2
890 4025 2
890 4028 2
891 4437 -2
891 4514 2
891 1681 -2
891 2568 -2
891 2609 2
892 1701 2
892 2823 2
892 2871 -2
892 4037 -2
892 4925 2
892 3013 -2
892 3166 2
892 4395 -2
893 1931 2
893 2386 2
893 2864 2
893 941 2
893 1120 -2
893 2011 2
893 4961 2
893 2682 -2
893 4012 -2
893 4426 2
893 4562 -2
893 4603 2
894 1418 -2
894 1426 -2
894 1853 -2
894 2443 2
894 2591 -2
894 3054 -2
894 4446 2
894 934 2
894 2544 -2
894 3450 2
894 4479 2
894 4891 2
895 1088 2
895 1559 2
895 3746 -2
896 3006 2
896 3832 2
896 4094 2
897 1296 -2
897 1543 -2
897 2191 -2
897 2257 2
897 2784 2
897 2817 -2
897 4968 -2
897 3593 -2
897 3696 -2
897 4986 -2
897 4019 -2
897 4057 2
897 4404 2
897 4885 -2
897 1778 2
897 2164 2
897 2777 2
898 1107 -2
898 2160 -2
898 3555 2
898 4493 -2
898 4583 2
898 4758 2
898 4577 2
899 1055 -2
899 4350 2
899 4669 -2
899 4870 2
899 2326 2
899 2581 2
900 2238 2
900 2262 2
900 1240 2
900 1958 2
900 3082 2
900 4019 -2
900 4280 2
900 4583 2
901 1239 2
901 1772 2
901 2332 -2
901 2353 2
901 2865 2
901 3503 2
901 3703 -2
901 3807 -2
901 4352 2
901 4519 -2
901 1884 -2
901 3268 -2
901 4160 2
902 1328 -2
902 1051 -2
902 1180 2
902 1487 -2
902 2320 -2
902 2623 2
902 3933 2
903 1584 -2
903 1763 -2
903 3041 -2
903 3385 2
903 3998 2
903 4120 2
903 4657 -2
903 4701 -2
903 4727 -2
903 979 2
903 1301 2
903 1589 -2
903 1724 -2
903 3484 2
903 3814 2
904 1126 -2
904 4185 2
904 2896 -2
904 4778 -2
905 1443 2
905 2829 -2
905 2839 -2
905 4840 2
905 1167 -2
905 1246 2
905 1262 -2
905 1273 2
905 4610 -2
906 982 2
906 1449 2
906 3288 -2
906 3831 -2
906 4405 2
906 4845 -2
907 1541 2
907 1646 2
907 2230 2
907 3901 -2
907 4447 2
908 959 -2
908 960 -2
908 965 -2
908 1062 2
908 1496 -2
908 3386 2
908 3720 -2
908 4369 -2
908 4410 -2
908 4412 -2
908 1082 2
908 1883 -2
908 1956 2
908 2033 -2
908 2135 -2
908 2739 2
908 4343 2
908 4444 2
908 4841 2
909 1272 -2
909 4705 -2
909 2047 2
909 2381 2
909 2978 -2
910 1028 -2
910 1100 2
910 1147 -2
910 1188 -2
910 1605 -2
910 2607 2
910 2671 -2
910 3012 -2
910 4143 -2
910 4169 2
910 4780 2
910 4903 2
910 918 -2
910 1022 2
910 1264 2
910 1472 2
910 1569 2
910 3441 2
910 3698 -2
910 4103 2
911 2236 2
911 2245 -2
911 3469 2
911 1348 -2
911 1366 -2
911 1463 -2
911 1669 2
911 2941 -2
911 2977 -2
911 3967 -2
911 4193 2
912 1452 -2
912 1923 2
912 2208 2
912 3479 2
912 1249 -2
913 3613 -2
913 3025 2
914 2337 -2
914 2600 2
914 3869 -2
914 4246 2
914 2175 2
915 1707 2
915 2316 -2
915 2400 2
915 2481 2
915 3680 -2
915 4566 2
916 2157 -2
916 2178 -2
916 2897 2
916 3226 2
916 3316 -2
916 3452 2
917 1174 -2
917 3865 2
917 1171 -2
917 1894 -2
917 1923 2
917 2437 -2
917 2997 2
917 4474 -2
918 1855 -2
918 2685 -2
918 2850 -2
918 964 2
918 1022 2
918 1110 -2
918 1224 2
918 1236 -2
918 1381 -2
918 1408 2
918 1469 -2
918 1569 -2
918 1615 -2
918 1668 -2
918 1860 2
918 2082 2
918 2364 -2
918 2722 -2
918 3228 -2
918 3693 -2
918 3973 2
918 4118 2
918 4617 2
918 4754 -2
919 935 -2
919 956 2
919 972 2
919 1103 -2
919 1235 2
919 1237 2
919 1514 -2
919 1838 2
919 1863 2
919 2505 -2
919 2760 -2
919 3241 2
919 3392 2
919 3666 -2
919 4193 -2
919 4216 2
919 4671 -2
919 4928 -2
919 4941 2
919 1584 -2
919 2394 -2
919 3230 2
920 1036 2
920 1312 2
920 1651 2
920 1856 2
920 3273 -2
920 3919 2
920 3008 2
920 3606 2
920 4688 -2
921 1996 2
921 2341 2
921 2395 2
921 2777 -2
921 3528 -2
921 1089 -2
921 1118 2
921 1738 2
921 3414 2
922 1508 2
922 1947 2
922 2376 -2
922 2971 2
922 3169 2
922 3489 2
922 4444 -2
922 4651 2
922 4681 -2
922 4832 2
922 4859 -2
922 1945 -2
922 1989 2
922 4671 -2
923 1155 -2
923 1798 2
923 2700 2
923 3141 2
923 3579 2
923 4876 2
923 1071 -2
923 1166 -2
923 1744 2
923 1771 2
923 2232 -2
923 2240 2
923 2916 -2
923 3607 2
923 3867 2
924 973 -2
924 4741 2
924 1285 2
924 1807 -2
924 2983 2
924 3897 -2
925 3159 2
925 2255 2
925 3596 2
926 1381 -2
926 1978 -2
926 2533 2
926 3711 2
926 4315 2
926 4538 2
926 1031 -2
926 1861 2
926 2070 2
926 2234 2
926 2893 -2
926 3480 -2
926 3645 -2
926 4029 2
926 4229 2
927 1675 2
927 3052 2
927 4414 -2
927 4693 -2
927 4716 -2
927 1238 -2
927 2004 2
927 2362 -2
927 2595 -2
927 3174 2
927 3405 2
927 3685 -2
928 1111 2
929 1083 -2
929 2079 -2
929 2795 2
929 2827 2
929 4622 -2
929 4750 -2
929 1525 2
929 1878 -2
929 2842 -2
929 3151 2
929 3586 -2
929 3674 -2
929 4055 -2
930 1221 2
930 1233 2
930 1390 -2
930 1998 2
930 2014 -2
930 2168 2
930 2957 -2
930 3156 -2
930 4599 2
930 1899 2
930 4125 2
931 936 2
931 1086 2
931 1140 -2
931 1533 2
931 2090 -2
931 2289 -2
931 3138 2
931 4743 -2
931 1131 -2
931 1490 -2
931 1969 -2
931 1991 2
931 2056 -2
931 2261 -2
931 2371 2
931 2652 2
931 2669 -2
931 2830 -2
931 3643 -2
931 4731 -2
931 4949 2
932 2360 2
932 2668 -2
932 4530 -2
932 2507 -2
932 3272 -2
932 3556 2
933 1441 2
933 2345 -2
933 3249 2
933 3603 -2
933 3837 2
933 3969 2
933 4611 -2
933 980 2
933 1113 -2
933 1984 2
933 2466 -2
934 2926 2
934 3314 2
934 1448 2
934 4891 2
935 972 2
935 1601 2
935 1670 2
935 1838 2
935 1943 -2
935 2760 -2
935 3452 2
935 4375 -2
935 4941 2
935 2107 -2
936 1086 2
936 1140 2
936 1683 2
936 2090 -2
936 4133 2
936 4188 -2
936 4732 2
936 969 -2
936 1094 -2
936 1139 -2
936 1465 -2
936 1543 -2
936 4757 -2
937 1012 -2
937 1680 2
937 1829 2
937 1848 2
937 2241 -2
937 3027 -2
937 1117 2
937 1208 2
937 1602 -2
938 1359 2
938 3667 -2
938 3954 2
938 4554 2
938 1501 -2
938 2116 2
938 2221 -2
938 3686 -2
938 3759 -2
939 1662 -2
939 2384 -2
939 2942 2
939 3855 -2
940 958 -2
940 2244 -2
940 4971 -2
940 3311 -2
940 3913 2
940 4078 2
940 1512 2
940 1827 2
940 1839 2
940 2317 2
940 2484 -2
940 3244 2
940 4658 2
940 4931 -2
941 1120 2
941 1473 -2
941 1704 2
941 1798 -2
941 1990 2
941 2011 2
941 2890 -2
941 3725 2
942 2065 2
942 4919 2
942 2853 2
943 4452 -2
943 1316 -2
943 1986 2
943 2583 -2
943 3665 -2
944 1457 -2
944 4324 2
944 4524 -2
944 1136 2
944 3247 2
944 4020 -2
944 4188 -2
945 1222 2
945 1385 2
945 3320 -2
945 1308 -2
945 1441 2
945 4099 2
946 1393 -2
946 4922 2
946 989 -2
946 1683 2
946 2138 2
946 3257 -2
947 2481 -2
947 3049 2
947 3131 2
947 4276 -2
947 3421 -2
948 1092 -2
948 1177 2
948 2188 -2
948 2237 2
948 2437 -2
948 3396 2
948 4099 2
948 4279 2
948 4769 2
948 4965 2
948 1892 2
948 2399 2
948 4571 -2
948 4925 -2
949 1351 -2
949 2007 2
949 2222 2
949 2523 -2
949 3450 -2
949 4880 -2
949 3357 2
950 2673 2
951 1024 -2
951 1053 2
951 1425 -2
951 2009 -2
951 4542 2
951 4920 -2
951 1221 -2
951 3213 -2
952 1078 -2
952 1160 2
952 1226 2
952 1279 -2
952 1378 -2
952 1467 -2
952 1578 2
952 1963 2
952 2779 -2
952 3172 2
952 3543 2
952 3905 -2
952 4864 2
952 2518 2
952 3755 -2
953 1004 -2
953 1011 -2
953 1023 -2
953 1045 2
953 957 2
953 1189 2
953 1402 -2
953 1911 2
953 2132 -2
953 2724 -2
953 4040 2
953 4102 -2
953 4489 -2
954 1286 2
954 1470 2
954 1501 2
954 1557 2
954 1868 2
954 1907 -2
954 2204 2
954 2412 -2
954 2832 -2
954 4119 -2
954 4256 -2
954 1042 2
954 1076 -2
954 1269 2
954 1943 -2
954 2156 2
954 4546 2
955 4231 2
956 1103 -2
956 1166 -2
956 1237 -2
956 1349 2
956 1498 2
956 1733 -2
956 2603 2
956 3267 2
956 3419 -2
956 3439 -2
956 3914 -2
956 4232 2
957 1355 2
957 1465 2
957 3975 2
957 4448 -2
957 4894 -2
957 1554 -2
957 1725 -2
957 2132 -2
957 2476 -2
957 4815 2
958 3311 -2
958 1190 2
958 1268 2
958 1327 2
958 2335 -2
958 3379 2
958 3446 2
958 3753 2
958 4191 2
959 960 2
959 1897 -2
959 2450 -2
959 2725 2
959 2747 -2
959 3307 2
959 4073 2
959 4472 2
960 3720 2
960 1532 2
960 3544 -2
960 3800 2
960 3927 2
961 996 -2
961 1286 -2
961 1817 2
961 3245 2
961 3841 2
961 4037 2
961 4415 -2
961 4527 -2
962 2877 -2
962 3222 -2
962 3889 2
962 1026 -2
962 2025 -2
963 1677 -2
963 4042 -2
963 1104 2
964 1448 2
964 1476 -2
964 1517 2
964 2803 2
964 2842 -2
964 4049 -2
964 4299 -2
964 1110 -2
964 1469 2
964 2082 2
965 3386 2
965 4410 2
965 4412 -2
965 1345 -2
965 1775 -2
965 2170 2
966 1001 -2
966 2278 2
966 2943 -2
966 1479 -2
966 2794 -2
966 3654 -2
966 3899 2
967 2695 -2
967 1797 2
967 1930 2
967 2748 -2
967 3944 2
967 4232 -2
967 4601 -2
968 1091 2
968 2239 2
968 2122 -2
968 2382 -2
969 1987 2
969 3785 2
969 1139 -2
969 1428 -2
970 3122 -2
970 4765 2
971 1386 2
971 1520 2
971 2606 2
971 1337 2
971 2149 2
972 1838 -2
972 1943 -2
972 3666 2
972 4671 -2
972 1247 -2
972 1434 2
972 1794 2
972 1962 -2
972 2060 -2
972 2589 -2
972 2730 2
972 2969 2
972 2993 -2
972 3410 2
972 3717 -2
972 4722 -2
972 4810 -2
973 3859 -2
973 4979 2
974 2669 -2
974 1902 2
974 4021 -2
975 1366 -2
975 2058 -2
975 3935 -2
975 1310 2
975 1371 -2
975 1461 2
975 1701 -2
975 2186 2
975 2699 2
975 2832 -2
975 3594 -2
975 4104 2
975 4903 -2
976 1484 2
977 1329 2
977 1364 -2
977 2977 -2
977 3599 -2
977 3896 -2
977 4842 -2
977 2273 -2
977 2416 2
977 3525 -2
977 3540 2
978 1054 -2
978 1415 -2
978 1997 -2
978 3372 -2
978 4154 -2
978 4770 -2
979 1842 -2
979 2358 2
979 2956 2
979 3300 -2
979 4086 2
979 4800 2
979 1589 2
979 1724 -2
980 2260 2
980 2798 2
980 2938 -2
980 4505 -2
980 1034 -2
980 1984 2
980 2282 -2
981 1358 2
981 2565 2
981 3042 -2
981 3831 -2
981 4371 -2
981 4757 2
981 1138 -2
981 3493 2
982 1778 -2
982 2409 2
982 2912 -2
982 3073 -2
982 4393 -2
982 1449 -2
982 3831 -2
982 3877 -2
983 1843 -2
983 3378 -2
983 4071 -2
983 1000 -2
983 1065 -2
983 1146 -2
983 1405 -2
983 1437 2
983 1555 2
983 1698 -2
983 1779 -2
983 1820 -2
983 2392 -2
983 2458 2
983 2882 2
983 3819 2
983 4082 2
984 1464 2
984 1479 -2
984 1575 -2
984 3153 -2
984 1505 2
984 4054 -2
985 989 2
985 1090 -2
985 2055 2
985 3806 2
985 4338 -2
985 4834 -2
985 2505 2
985 3186 -2
985 4240 -2
986 1536 -2
986 2177 -2
986 4977 -2
986 1339 -2
986 1864 2
986 1955 2
986 2384 2
986 2654 -2
986 2710 2
987 1341 -2
987 1531 -2
987 3077 -2
987 4280 2
987 4557 2
987 1169 2
987 1292 -2
987 1330 -2
987 1406 -2
987 1476 -2
987 1670 2
987 2085 2
987 2690 2
987 3241 2
987 4250 2
987 4627 2
988 1030 2
988 1494 -2
988 2830 -2
988 4397 2
988 4602 -2
988 1280 2
988 4987 2
988 2607 -2
988 2620 -2
988 3808 -2
988 4311 -2
989 1090 -2
989 2055 2
989 2136 -2
989 3196 -2
989 4607 2
990 1607 -2
990 2156 -2
990 2528 2
990 1096 2
990 1235 2
990 1275 2
990 3941 2
990 3980 2
991 1413 2
991 2747 -2
991 4038 -2
991 1556 2
991 2793 -2
991 3020 -2
991 3088 -2
991 3238 -2
991 3267 -2
992 1346 2
992 1553 -2
992 4089 -2
993 1211 2
993 1319 -2
993 2036 -2
993 2084 -2
993 2465 -2
993 3327 2
993 3482 -2
993 4055 2
993 4607 2
993 4628 2
993 4818 2
993 1204 -2
993 1207 -2
993 3461 2
994 1808 2
994 2040 2
994 2379 -2
994 2468 -2
994 4770 -2
994 1231 -2
994 1355 2
994 1393 2
994 1424 2
994 2558 2
994 4321 -2
995 1271 -2
995 2422 2
995 2816 -2
995 3991 -2
995 1391 2
995 1436 2
995 2251 -2
995 2498 -2
995 2628 2
995 3202 2
995 4759 -2
996 1370 -2
996 3620 -2
996 3841 -2
996 4037 -2
997 1242 2
997 2089 2
997 4943 2
997 2162 2
997 2712 2
997 2815 2
997 2945 -2
998 1127 2
998 2848 2
998 3178 2
998 3292 2
998 4894 -2
999 1306 -2
999 1831 -2
999 2072 -2
999 2494 -2
999 2499 2
999 2789 -2
999 2897 2
999 2236 2
1000 1669 -2
1000 1725 2
1000 2117 -2
1000 2272 2
1000 3268 -2
1000 4384 -2
1000 1065 -2
1000 1296 2
1000 1698 2
1000 2361 -2
1000 2422 -2
1000 3485 -2
1000 4337 -2
1000 4394 2
1001 2278 2
1001 2943 2
1001 4392 2
1001 1020 -2
1001 1845 -2
1001 2572 2
1001 2685 2
1001 3286 -2
1001 3684 2
1001 3890 2
1001 4416 2
1002 3272 2
1002 3987 2
1004 1011 -2
1004 1023 2
1004 1069 2
1004 1171 -2
1004 1455 2
1004 1093 -2
1004 2567 2
1004 2785 2
1004 3402 -2
1004 4169 -2
1005 2593 2
1005 1291 2
1005 1325 -2
1005 1499 -2
1005 1841 2
1006 4278 2
1006 4792 2
1006 1994 2
1007 1116 2
1007 1869 2
1007 2178 2
1007 2643 2
1007 3857 2
1007 4314 -2
1007 4749 -2
1007 1185 -2
1007 1952 -2
1007 2389 -2
1007 3916 2
1007 4063 -2
1007 4711 2
1008 2003 -2
1008 2676 2
1008 4959 -2
1008 3940 2
1008 1046 -2
1008 1590 -2
1008 4264 2
1009 1654 -2
1009 3070 -2
1009 4220 -2
1009 2219 -2
1009 2861 2
1009 3115 -2
1010 4244 2
1010 4748 2
1010 1314 2
1010 2670 -2
1010 3128 2
1010 3377 -2
1011 1069 2
1011 2133 2
1011 1212 2
1011 1694 2
1011 2314 2
1012 1680 2
1012 3027 2
1012 4152 -2
1012 4369 2
1013 1110 2
1013 3470 2
1013 3600 2
1013 1457 -2
1013 1708 -2
1014 2936 -2
1014 4164 2
1014 4887 -2
1014 2771 2
1014 3125 -2
1014 4457 2
1014 4529 2
1014 4660 2
1015 4858 -2
1015 1184 -2
1015 1425 -2
1015 1596 2
1015 2867 2
1015 3833 2
1015 4095 2
1016 1524 2
1016 2112 2
1016 4121 2
1016 4733 -2
1017 1391 2
1017 1433 -2
1017 1908 -2
1017 2069 2
1017 2472 -2
1017 2710 -2
1017 2799 -2
1017 3746 -2
1017 4022 2
1017 4277 2
1017 4430 -2
1017 1772 2
1017 2419 -2
1017 4487 -2
1018 1051 2
1018 4536 2
1018 3971 -2
1019 1195 -2
1019 1392 -2
1019 1988 2
1019 2561 2
1019 3068 2
1019 3755 2
1019 1304 -2
1019 1370 -2
1019 2744 -2
1019 4087 2
1020 1421 2
1020 4988 2
1020 2572 -2
1020 4277 2
1021 1379 -2
1021 2981 2
1021 2990 -2
1021 3743 -2
1022 2314 2
1022 4123 -2
1022 1264 -2
1022 1615 -2
1022 1668 2
1022 3116 2
1022 4798 2
1023 1171 2
1023 1455 2
1023 1048 -2
1023 1214 2
1023 1398 -2
1023 2460 2
1023 3053 -2
1023 3112 2
1023 4964 2
1023 4555 -2
1024 1425 -2
1024 2009 2
1024 3885 2
1024 4841 -2
1024 4920 2
1024 2939 -2
1024 3519 2
1024 4734 -2
1025 2520 2
1025 3364 2
1025 3951 2
1025 1776 -2
1025 2177 2
1025 2387 2
1025 3278 -2
1026 3380 -2
1026 4777 -2
1026 1256 2
1026 1973 2
1026 2025 -2
1026 2067 2
1026 2723 -2
1026 2949 -2
1026 3059 2
1027 1218 2
1027 1739 -2
1027 1812 2
1027 2483 2
1027 2750 2
1027 2951 -2
1027 3030 -2
1028 1830 -2
1028 2607 2
1028 3501 2
1028 3992 2
1028 2280 2
1028 2330 -2
1028 2340 2
1028 2627 2
1028 3227 -2
1028 3584 -2
1028 4521 -2
1029 1516 -2
1029 2742 -2
1029 3122 2
1030 4397 -2
1030 2870 2
1031 1861 -2
1031 3480 -2
1032 1933 2
1032 2772 -2
1032 4642 2
1032 4778 2
1032 1163 -2
1032 1319 2
1032 2367 -2
1032 3422 2
1032 3784 2
1033 3299 2
1033 3365 2
1033 4963 2
1034 1603 2
1034 3429 -2
1035 2743 2
1035 2683 2
1035 3751 -2
1035 4246 -2
1036 1651 2
1036 3273 2
1036 4201 2
1036 4332 2
1036 2625 2
1037 3051 -2
1037 1045 2
1037 4009 2
1038 1577 2
1038 1695 -2
1038 3612 2
1038 1614 2
1038 1644 -2
1038 2539 -2
1038 3201 -2
1038 4870 2
1039 1102 -2
1039 1813 2
1039 2532 -2
1039 2547 -2
1039 4060 -2
1039 4072 -2
1039 2751 2
1039 3730 -2
1040 1054 -2
1040 4249 -2
1040 1918 2
1040 2541 2
1041 1219 2
1041 1400 2
1041 2122 -2
1041 2161 2
1041 2480 -2
1041 2837 -2
1041 3753 2
1041 4321 -2
1041 4472 2
1041 1417 -2
1041 1573 2
1041 1633 2
1041 1765 -2
1041 2987 2
1041 3695 2
1042 1048 2
1042 1703 -2
1042 3036 2
1042 3075 2
1042 4016 -2
1042 4191 -2
1042 4445 -2
1042 1269 -2
1042 1564 -2
1042 1672 -2
1042 1741 -2
1042 1943 2
1042 2252 -2
1042 2386 -2
1042 4546 -2
1043 1656 2
1043 2764 2
1043 2992 2
1043 3608 2
1043 1559 2
1043 2146 -2
1043 4758 2
1044 4957 2
1044 3383 -2
1044 3073 2
1044 4900 2
1045 2153 -2
1045 4009 -2
1045 4791 2
1046 2615 2
1046 2632 2
1046 4886 -2
1046 1148 2
1046 1590 2
1046 2113 -2
1046 2802 2
1046 2834 2
1046 2917 2
1046 3106 2
1046 4353 -2
1047 1225 -2
1047 1283 2
1047 1975 -2
1047 2198 -2
1047 2688 2
1047 4187 2
1047 1620 -2
1047 1730 2
1047 3470 2
1048 1104 2
1048 3036 -2
1048 3075 -2
1048 3473 -2
1048 4445 2
1048 1225 2
1048 4964 -2
1048 3053 2
1049 2375 -2
1049 2476 -2
1049 3199 2
1049 3565 -2
1049 1362 -2
1049 1460 2
1049 3344 2
1049 4413 -2
1050 1751 2
1050 3853 -2
1050 1399 2
1050 1572 2
1050 1662 2
1050 1891 2
1050 2325 2
1050 2574 -2
1050 3038 -2
1051 4536 2
1051 4577 2
1051 1180 -2
1052 1548 -2
1052 1801 -2
1052 3170 2
1052 3917 2
1052 4650 2
1052 4806 2
1053 4542 2
1053 2659 -2
1053 3957 -2
1054 1415 2
1054 1997 2
1054 2726 -2
1054 4154 2
1055 1593 2
1055 4669 2
1055 4824 2
1055 1626 2
1055 2798 -2
1055 4341 -2
1056 1406 2
1056 1851 2
1056 4967 -2
1056 3459 2
1056 4145 2
1056 4817 2
1057 1911 -2
1057 2327 -2
1057 3796 -2
1058 1321 -2
1058 1376 2
1058 4058 -2
1058 1119 2
1058 4432 -2
1059 1560 2
1059 1700 -2
1059 2380 2
1059 4512 2
1059 2218 -2
1059 2743 2
1059 2779 2
1059 3206 -2
1060 2046 2
1060 3887 -2
1061 2655 -2
1061 3245 -2
1061 4241 -2
1061 4495 -2
1061 1352 2
1061 2775 -2
1061 2855 2
1062 1496 -2
1062 1777 2
1062 2748 -2
1062 4369 2
1062 4730 -2
1062 1353 -2
1062 4421 2
1063 3372 2
1063 4078 2
1063 4755 2
1064 1360 2
1064 1627 2
1064 2108 2
1064 2404 2
1064 3164 2
1064 3661 -2
1064 3737 -2
1064 4318 2
1064 1078 -2
1064 1133 2
1064 1380 2
1065 1191 -2
1065 1752 2
1065 2575 -2
1065 2821 -2
1065 3445 2
1065 4077 2
1065 4515 -2
1065 4774 -2
1065 1296 -2
1065 1555 2
1065 2015 -2
1065 3144 -2
1066 1159 2
1066 1275 -2
1066 2135 2
1066 2152 2
1066 2154 2
1066 3143 -2
1066 2184 -2
1066 2792 -2
1066 2956 2
1067 1167 2
1067 1491 2
1067 1504 -2
1067 1689 -2
1067 1746 2
1067 3217 2
1067 3448 -2
1067 3480 -2
1067 3622 -2
1067 3190 -2
1067 3570 2
1067 3716 -2
1068 1442 2
1068 4129 -2
1068 4666 -2
1068 4861 2
1069 2133 2
1069 1239 2
1069 1780 -2
1069 2701 2
1069 4141 2
1070 4183 -2
1070 4486 2
1070 4566 -2
1070 2299 2
1071 1583 -2
1071 2542 2
1071 2701 -2
1071 4206 -2
1071 4356 2
1071 1166 -2
1071 1744 -2
1071 3085 -2
1071 3867 -2
1071 4401 -2
1072 1458 -2
1072 4991 -2
1072 4637 -2
1072 4773 2
1073 1984 2
1073 2580 -2
1073 2932 2
1073 3161 -2
1073 1533 -2
1074 3162 -2
1074 1866 2
1074 2220 2
1074 2358 2
1075 1493 -2
1075 1095 2
1075 1853 2
1075 2406 2
1075 2597 2
1075 2850 -2
1075 3259 2
1075 3642 2
1076 1325 -2
1076 1974 -2
1076 2252 -2
1076 2275 2
1076 2156 -2
1076 2601 2
1076 2622 2
1076 3615 2
1077 1860 -2
1077 2648 2
1077 2763 2
1077 2987 -2
1077 3005 -2
1077 3929 2
1077 4463 -2
1077 4496 2
1077 1222 2
1077 3302 -2
1078 1160 -2
1078 1378 2
1078 1963 2
1078 2836 -2
1078 3878 -2
1078 1133 -2
1078 2800 2
1079 1220 -2
1079 2411 -2
1079 3117 -2
1079 1101 2
1079 1312 2
1079 1382 2
1079 1746 2
1079 2714 -2
1079 3765 -2
1079 4181 2
1080 1394 2
1080 1861 -2
1080 2111 2
1080 2678 2
1080 3369 -2
1080 4996 -2
1081 1896 -2
1081 1968 2
1081 2815 -2
1081 2998 2
1081 4417 2
1081 1975 -2
1081 2183 -2
1081 2745 -2
1081 4679 -2
1081 4823 -2
1081 4934 -2
1082 1106 2
1082 1516 -2
1082 1827 2
1082 2059 -2
1082 2212 2
1082 2406 2
1082 2951 -2
1082 3560 2
1082 2033 2
1082 2739 2
1082 3153 -2
1082 4444 -2
1083 2079 2
1083 2795 2
1083 3606 2
1083 4622 2
1083 1742 2
1083 2142 -2
1083 4458 2
1084 1463 -2
1084 2048 2
1084 2630 2
1084 3099 2
1084 1938 2
1084 2059 2
1084 3636 2
1084 4706 -2
1085 1857 -2
1085 1924 2
1085 1289 2
1085 1442 2
1085 1896 2
1085 2297 -2
1085 2383 -2
1085 3562 2
1085 4269 -2
1086 2090 -2
1086 4188 -2
1086 4732 2
1086 2041 2
1086 2516 -2
1086 2740 -2
1086 3738 -2
1087 1598 2
1087 1622 2
1087 3572 2
1088 1559 -2
1088 1815 -2
1088 2447 2
1088 2487 2
1088 2541 -2
1088 2862 2
1088 3558 2
1089 1542 -2
1089 1681 -2
1089 4361 2
1089 3414 2
1090 2055 2
1090 1935 -2
1091 2239 -2
1091 3983 -2
1091 1875 2
1091 2378 2
1092 1298 2
1092 2188 -2
1092 2237 2
1092 2854 2
1092 4099 -2
1092 4411 2
1092 4232 2
1093 1568 2
1093 4355 -2
1093 2693 -2
1094 1267 2
1094 1465 -2
1094 1543 2
1094 1621 2
1094 1903 -2
1095 2495 -2
1095 2652 -2
1095 3659 2
1095 4122 -2
1095 1098 -2
1095 1853 2
1096 1275 2
1096 3941 2
1096 3980 -2
1096 4171 -2
1097 1499 2
1097 1876 2
1097 3679 2
1097 3682 2
1097 3897 -2
1097 4360 -2
1097 2172 -2
1098 1172 2
1098 2366 -2
1098 4003 -2
1098 1130 -2
1098 1356 -2
1099 1686 -2
1099 2796 2
1099 3962 2
1099 4742 -2
1100 1605 2
1100 2671 -2
1100 4780 2
1100 1840 2
1100 2349 -2
1100 3938 2
1101 2061 -2
1101 3884 2
1101 4020 2
1101 1312 2
1101 1746 -2
1102 1930 2
1102 2532 -2
1102 2547 -2
1102 3827 -2
1102 2237 -2
1102 4596 -2
1103 1235 -2
1103 1237 2
1103 1244 -2
1103 1349 -2
1103 1514 -2
1103 2471 2
1103 2505 2
1103 3267 -2
1103 3419 -2
1103 4024 -2
1103 4193 -2
1103 4232 -2
1103 1577 2
1103 1700 2
1104 3061 -2
1104 3473 -2
1105 1308 2
1105 1320 -2
1105 4117 2
1105 4158 2
1106 1925 2
1106 2212 2
1106 2504 -2
1106 1773 2
1106 2228 2
1107 3203 2
1107 1307 2
1107 1500 2
1107 1961 2
1107 2671 2
1107 4391 2
1108 2594 2
1108 3142 -2
1108 1257 2
1108 2756 2
1108 4183 -2
1109 4054 2
1110 3470 -2
1110 1224 -2
1110 1469 2
1110 1627 -2
1110 2188 -2
1110 3109 -2
1110 4497 -2
1110 4762 2
1111 1314 -2
1111 1612 2
1111 1818 2
1111 2820 2
1111 3789 -2
1112 1635 -2
1112 1547 2
1112 2208 -2
1112 4047 2
1112 4793 -2
1113 2319 2
1113 2466 2
1114 1614 2
1114 4347 2
1114 4921 2
1114 1445 -2
1114 1707 -2
1114 2602 2
1114 3383 2
1114 3904 2
1114 4182 2
1114 4222 -2
1115 1449 2
1115 4970 2
1115 1664 2
1115 2637 -2
1115 2711 -2
1115 3329 2
1115 4249 2
1115 4701 -2
1116 2178 2
1116 3857 -2
1116 4131 2
1116 3995 -2
1117 1265 2
1117 1440 -2
1117 1769 2
1117 2510 2
1117 2786 2
1117 3602 2
1117 4851 2
1117 4855 2
1117 1208 2
1117 1537 2
1117 2565 2
1117 2737 -2
1117 2814 -2
1117 2912 2
1117 3710 2
1117 3762 -2
1117 4327 2
1118 1131 2
1118 1619 2
1118 1886 2
1118 3618 -2
1118 1738 2
1119 1718 -2
1119 1730 2
1119 2054 -2
1119 2731 2
1119 3909 -2
1119 4235 2
1119 1368 -2
1119 2120 2
1119 3265 2
1119 3527 2
1119 3839 2
1119 4432 -2
1120 1615 2
1120 4771 -2
1120 1473 -2
1120 1990 2
1120 2682 2
1120 4961 2
1120 4603 2
1121 1948 2
1121 2083 2
1121 2631 2
1121 3078 2
1121 3371 2
1121 2117 2
1121 2420 -2
1121 3284 2
1121 4550 2
1122 1227 -2
1122 1791 -2
1122 2320 -2
1122 3812 -2
1122 4898 2
1122 1954 -2
1122 3042 -2
1122 4042 2
1122 4105 -2
1122 4850 2
1123 1890 -2
1123 2703 2
1123 3324 -2
1123 3423 -2
1123 3961 -2
1123 2123 -2
1123 2629 2
1123 4995 -2
1124 2880 -2
1124 2904 2
1124 4186 -2
1124 4353 -2
1124 4442 2
1124 1996 2
1124 3851 -2
1125 1299 -2
1125 2461 2
1125 3780 2
1125 4052 -2
1125 4666 -2
1125 1359 2
1125 4515 2
1126 1616 2
1126 2393 2
1126 2900 2
1126 4003 2
1126 4574 2
1127 3292 -2
1127 1528 2
1127 2302 -2
1127 3126 2
1127 4620 2
1128 1492 2
1128 1744 -2
1128 2534 -2
1128 3562 2
1128 2846 -2
1129 1151 -2
1129 1480 2
1129 1522 -2
1129 2230 -2
1129 2309 2
1129 3173 2
1129 1150 -2
1129 1178 -2
1129 4928 2
1130 2773 -2
1130 2980 2
1130 1356 -2
1130 2244 -2
1130 2988 -2
1130 3321 2
1131 1503 2
1131 1619 2
1131 3982 2
1131 2056 2
1131 2652 -2
1131 2669 2
1131 2758 2
1131 3643 -2
1131 3847 2
1131 4397 2
1132 2485 -2
1132 2524 -2
1132 3597 2
1132 3968 2
1132 4500 -2
1132 4355 -2
1133 1216 2
1133 1268 -2
1133 2359 -2
1133 3089 -2
1133 4843 -2
1133 1380 2
1133 1876 2
1133 2513 -2
1133 2800 -2
1133 3809 2
1134 2466 2
1135 1967 -2
1135 2196 2
1135 2388 2
1135 3375 -2
1135 3398 2
1135 4543 -2
1135 2823 2
1136 2225 2
1136 3129 -2
1136 4020 -2
1136 4188 2
1137 2008 -2
1137 3499 2
1137 1826 -2
1137 3474 -2
1138 1738 -2
1138 2285 2
1138 3493 2
1138 3683 2
1138 4993 2
1138 3883 2
1139 4485 2
1139 4757 -2
1140 1683 -2
1140 3424 2
1140 4731 -2
1140 4743 -2
1140 1279 -2
1140 3219 -2
1141 4975 -2
1141 2401 -2
1141 1342 -2
1141 1693 2
1141 2965 -2
1141 3395 2
1143 1558 2
1143 2001 2
1143 2768 -2
1143 2791 2
1143 3114 -2
1143 4584 -2
1143 3162 2
1143 3900 -2
1144 1419 -2
1144 2511 -2
1144 1409 -2
1144 1530 -2
1144 1788 -2
1144 2717 -2
1144 3798 -2
1144 3922 -2
1144 4292 -2
1144 4616 2
1145 1234 2
1145 1641 2
1145 4243 2
1145 4387 -2
1146 1201 -2
1146 1405 -2
1146 2392 2
1146 2458 2
1146 2906 -2
1147 1188 2
1147 1748 -2
1147 2899 2
1147 3045 -2
1147 3967 -2
1147 4143 -2
1147 4169 2
1147 1844 -2
1147 2250 -2
1147 3095 -2
1147 3468 -2
1147 3708 2
1147 3750 2
1148 1190 -2
1148 1291 2
1148 1429 -2
1148 1642 -2
1148 1685 2
1148 1938 2
1148 2949 2
1148 3518 -2
1148 3582 -2
1148 3680 2
1148 4045 2
1148 4394 -2
1148 4546 -2
1148 4656 2
1148 4909 2
1148 2802 -2
1148 4353 2
1148 4797 2
1149 1369 -2
1149 3155 -2
1149 2034 -2
1149 2605 -2
1149 3621 2
1149 4333 -2
1149 4364 -2
1149 4939 2
1150 3328 -2
1150 1178 -2
1150 1305 2
1150 2166 2
1150 2312 2
1150 2746 -2
1150 3188 -2
1150 3252 2
1150 4482 2
1150 4978 -2
1151 1522 2
1151 4349 2
1152 2629 -2
1152 2728 -2
1152 3379 2
1152 3415 -2
1152 4170 -2
1152 3950 -2
1153 2273 -2
1153 2831 2
1153 3109 2
1153 2495 -2
1154 1273 -2
1154 2745 2
1155 3141 -2
1155 3899 -2
1155 4876 2
1155 3280 2
1155 3313 2
1157 2326 -2
1157 3830 2
1157 1351 -2
1157 3977 -2
1158 3338 2
1158 4325 2
1158 1343 2
1158 2174 -2
1158 3269 2
1158 3902 -2
1159 1275 -2
1159 2135 2
1159 2322 -2
1159 2757 2
1159 3143 2
1159 3583 2
1159 4573 -2
1159 3099 2
1159 3118 2
1159 3521 2
1160 1279 -2
1160 1378 -2
1160 1534 2
1160 1578 2
1160 1213 2
1161 4112 2
1161 1266 -2
1161 1338 -2
1161 4968 -2
1161 3309 2
1161 3475 -2
1161 4661 -2
1162 3003 -2
1162 4033 2
1162 1818 2
1163 1243 -2
1163 2186 2
1163 2249 2
1163 2408 -2
1163 3674 2
1163 3833 -2
1163 2367 2
1163 3784 2
1163 4335 2
1164 1278 -2
1164 1849 -2
1164 2106 -2
1165 2144 2
1165 2378 2
1165 3167 -2
1165 3279 -2
1165 3570 -2
1165 4251 2
1165 4467 -2
1165 1506 2
1165 1757 -2
1165 1767 -2
1165 2254 -2
1165 2278 -2
1165 2640 -2
1165 3314 -2
1165 4148 -2
1165 4473 -2
1166 1498 2
1166 1733 2
1166 1776 2
1166 3184 2
1166 3484 2
1166 4608 -2
1166 1744 2
1166 1771 2
1166 2232 2
1166 3085 2
1166 4401 2
1167 1504 -2
1167 1689 2
1167 3197 2
1167 3217 2
1167 3448 2
1167 3480 -2
1167 3867 2
1167 1246 2
1167 1262 -2
1167 4451 2
1168 3502 -2
1168 2258 -2
1168 2807 2
1168 4730 2
1169 1785 2
1169 2060 2
1169 2172 -2
1169 2216 -2
1169 2644 2
1169 2699 -2
1169 3108 -2
1169 3722 -2
1169 4916 2
1169 1330 -2
1170 1806 2
1170 2279 2
1171 1455 2
1171 1923 -2
1171 3682 -2
1172 2366 2
1172 3275 -2
1172 4003 2
1172 4423 -2
1172 2305 2
1172 2404 2
1172 2753 -2
1172 3445 2
1173 1269 2
1173 3907 -2
1173 4114 -2
1173 4465 -2
1173 2165 2
1173 2375 -2
1173 3657 -2
1173 4635 2
1174 4413 -2
1174 4588 -2
1174 4013 2
1174 4945 -2
1175 2298 2
1175 3437 2
1175 3728 -2
1175 4064 2
1175 1347 -2
1175 1354 -2
1175 1401 2
1175 2957 -2
1175 3305 2
1175 3529 2
1175 3676 -2
1175 3786 -2
1176 2124 2
1176 2407 -2
1176 2661 2
1176 3097 2
1176 3160 -2
1176 4960 2
1176 4624 -2
1176 1253 2
1176 1795 -2
1176 2444 2
1176 3991 2
1176 4693 2
1177 2437 2
1177 3396 2
1177 3941 -2
1177 4769 2
1177 1396 -2
1177 2141 2
1177 3058 2
1177 4253 2
1178 1636 -2
1178 1872 -2
1178 2015 2
1178 2221 -2
1178 3082 -2
1178 3871 2
1178 3892 2
1178 4415 -2
1178 4692 -2
1178 2166 2
1178 2360 2
1178 3252 -2
1179 1303 2
1179 2761 -2
1179 3154 2
1179 3724 2
1179 3804 -2
1179 3821 2
1179 3876 -2
1179 2222 2
1179 2374 2
1179 3035 2
1179 3275 -2
1179 3788 -2
1179 4307 2
1179 4338 -2
1179 4712 2
1180 2787 2
1180 3236 -2
1181 1712 2
1181 2206 -2
1181 2689 2
1181 3537 2
1181 3802 2
1181 1182 2
1181 1372 -2
1181 1447 -2
1181 1542 -2
1181 3197 -2
1181 3564 2
1181 3741 -2
1181 3861 2
1182 1740 -2
1182 2950 2
1182 3346 -2
1182 4683 2
1182 1372 -2
1182 1447 -2
1182 3861 -2
1182 4536 2
1183 3059 -2
1183 2979 -2
1183 4838 2
1184 1209 -2
1184 4274 -2
1184 1425 -2
1184 3833 -2
1185 1952 2
1185 2315 2
1186 2780 2
1186 2901 -2
1186 3149 2
1186 3266 2
1186 3352 2
1186 2591 2
1187 1349 2
1187 1387 2
1187 2479 2
1187 3879 2
1188 1748 -2
1188 1898 2
1188 3045 2
1188 4169 2
1188 3101 2
1189 1402 2
1189 1911 -2
1189 2351 -2
1189 2724 2
1189 2769 2
1189 4102 -2
1189 4481 -2
1190 1685 -2
1190 4416 2
1190 4191 2
1191 1745 -2
1191 1752 2
1192 1261 2
1192 2242 -2
1192 2312 -2
1192 2740 2
1192 4307 2
1192 4713 2
1192 1369 2
1192 1438 -2
1193 2856 2
1193 4132 -2
1193 3498 2
1193 3593 2
1194 1694 -2
1194 2013 2
1194 4926 2
1194 1375 -2
1194 4381 2
1195 1988 -2
1195 2561 -2
1195 1456 -2
1195 1880 -2
1196 2460 -2
1196 2506 2
1196 3589 2
1196 4079 -2
1196 4986 2
1196 1529 2
1196 1999 -2
1196 3494 2
1197 1217 2
1197 1697 2
1197 2414 -2
1197 3436 -2
1197 4871 -2
1197 1635 -2
1197 2405 2
1198 4652 2
1199 2659 2
1199 3412 -2
1199 1211 -2
1199 1522 2
1199 2346 -2
1199 2492 2
1199 2548 -2
1199 3508 -2
1199 3878 2
1199 4115 2
1199 4138 2
1199 4257 -2
1200 1251 2
1200 1588 -2
1200 2125 2
1200 4344 -2
1200 1539 -2
1200 1815 -2
1200 2480 2
1200 3051 -2
1200 4889 2
1201 3440 -2
1202 3427 -2
1202 3771 -2
1202 3888 2
1202 1321 2
1202 2256 2
1202 2502 -2
1202 2767 -2
1202 3127 2
1202 3156 -2
1202 3223 2
1202 3374 2
1202 3827 2
1202 3909 -2
1202 3910 2
1202 4319 -2
1203 1288 -2
1203 3030 2
1203 3039 -2
1203 3957 -2
1203 2110 2
1203 2497 -2
1203 2786 -2
1203 3052 2
1203 3860 2
1203 4935 2
1204 1819 2
1204 2352 -2
1204 3158 2
1204 3462 -2
1204 3686 -2
1204 1207 2
1204 1657 -2
1205 2313 -2
1205 3108 -2
1205 3920 -2
1205 4760 2
1206 1691 2
1206 4179 2
1206 4914 -2
1206 1468 -2
1206 2333 2
1206 2342 -2
1207 1453 2
1207 1618 -2
1207 1657 -2
1207 1917 2
1207 3461 -2
1208 1779 2
1208 2164 -2
1208 1537 -2
1208 1728 2
1208 1759 -2
1208 1800 2
1208 2737 -2
1208 2814 2
1208 2829 2
1208 2912 2
1208 3100 2
1208 3762 2
1208 4219 2
1208 4553 2
1209 4274 2
1209 1941 2
1209 2115 -2
1209 2341 -2
1209 3404 -2
1210 2785 2
1210 3201 2
1210 1309 -2
1210 1804 2
1210 1985 -2
1210 2308 2
1210 2471 2
1210 3888 -2
1210 4330 2
1210 4832 2
1211 2036 2
1211 2944 2
1211 3482 2
1211 3595 2
1211 4283 2
1211 1488 -2
1211 1696 -2
1211 2346 -2
1211 2427 2
1211 2548 2
1211 3878 -2
1211 4278 -2
1212 2086 2
1212 1694 2
1212 2314 -2
1212 2449 2
1212 2759 2
1212 4393 2
1213 1706 -2
1213 1871 -2
1213 2127 2
1213 2805 -2
1213 2946 -2
1213 3350 2
1213 4551 2
1214 2460 -2
1215 1854 -2
1215 2649 -2
1215 4200 2
1215 1317 2
1215 1386 -2
1215 1653 -2
1215 4591 2
1216 3089 2
1216 4163 2
1216 3824 -2
1216 4235 -2
1216 4539 2
1217 1697 -2
1217 3436 -2
1217 3536 2
1217 3729 -2
1217 4708 2
1217 4871 -2
1218 1587 -2
1218 1812 -2
1218 2600 2
1218 2653 -2
1218 2951 2
1219 1462 -2
1219 2110 2
1219 2122 -2
1219 2920 2
1219 3438 -2
1219 3701 -2
1219 3753 2
1219 4199 2
1219 4570 -2
1219 4874 -2
1219 1690 2
1219 2055 2
1219 2635 -2
1219 3364 2
1220 2238 2
1221 1233 -2
1221 1390 2
1221 1592 2
1221 2613 -2
1222 1385 -2
1222 3320 2
1222 1886 -2
1222 2770 -2
1222 2844 -2
1222 3401 -2
1223 2921 -2
1223 3028 2
1223 2348 2
1223 2863 2
1223 4927 2
1224 2047 -2
1224 2970 -2
1224 1236 2
1224 1627 2
1224 1860 2
1224 4497 2
1225 2198 2
1225 2688 -2
1225 4187 -2
1225 4261 2
1226 2185 -2
1226 2779 -2
1226 4820 -2
1226 2472 2
1226 2773 2
1227 1563 -2
1227 2320 -2
1227 2635 -2
1227 4898 -2
1227 2866 -2
1228 2734 2
1228 1358 2
1228 1748 2
1228 2944 2
1230 2184 2
1230 2325 2
1230 2978 2
1230 3029 2
1230 1390 -2
1230 1652 -2
1230 2878 2
1230 4202 -2
1230 4406 2
1231 3431 -2
1231 3858 2
1231 4335 -2
1231 1393 -2
1231 1424 -2
1232 2581 2
1232 2847 -2
1232 1563 2
1232 1753 -2
1232 2657 2
1232 2895 -2
1232 3137 2
1233 2014 2
1233 2613 -2
1233 2957 2
1233 1334 -2
1233 1745 2
1233 2551 -2
1233 2697 2
1233 3386 2
1233 3457 -2
1233 3472 2
1233 3790 2
1233 4552 -2
1234 4221 -2
1234 3692 2
1235 1244 2
1235 1863 -2
1235 2131 -2
1235 2505 -2
1235 2903 -2
1235 3241 -2
1235 4928 2
1235 3864 2
1236 1698 2
1236 1381 -2
1236 1860 -2
1236 2304 -2
1236 2487 -2
1236 3693 -2
1236 4086 2
1236 4547 -2
1237 1349 2
1237 1514 2
1237 2471 2
1237 3439 -2
1237 1673 2
1237 1824 -2
1237 2211 2
1237 4385 2
1238 4479 -2
1238 2004 2
1238 3685 2
1239 2353 -2
1239 4352 -2
1239 1780 2
1239 2701 2
1239 4141 2
1240 1340 2
1240 1555 2
1240 1993 2
1240 2254 -2
1240 3791 -2
1240 3082 -2
1240 4109 2
1240 4583 -2
1241 2087 -2
1241 2372 -2
1241 2459 -2
1241 3697 2
1242 2556 -2
1242 4852 2
1242 3727 -2
1243 2408 -2
1243 1510 -2
1243 2017 2
1243 2245 -2
1243 2391 -2
1243 3222 2
1244 2903 2
1244 1689 -2
1244 2415 -2
1244 3224 2
1244 4496 2
1245 1540 2
1245 2636 2
1245 3935 2
1246 2508 2
1247 2146 2
1247 4751 -2
1247 1434 2
1247 2062 2
1247 2730 -2
1247 2969 -2
1247 3371 2
1248 1292 2
1248 3124 2
1248 4014 2
1248 4719 2
1248 4816 2
1248 4827 2
1248 1576 2
1249 1727 -2
1249 4268 2
1250 4373 -2
1250 2102 2
1251 1588 2
1251 4344 2
1251 1758 2
1251 1967 2
1251 3742 2
1251 4111 -2
1252 4626 -2
1252 1357 2
1252 2281 2
1252 3133 2
1252 3845 -2
1252 4439 -2
1253 1622 2
1253 2517 -2
1253 3056 2
1253 3287 -2
1253 3488 -2
1254 4728 -2
1254 1290 2
1254 2014 -2
1254 4306 -2
1255 4254 -2
1255 4667 2
1255 4707 2
1255 4724 -2
1255 2217 -2
1255 3600 2
1256 3750 2
1256 4153 -2
1256 1973 2
1256 2067 2
1256 2949 2
1256 3059 2
1256 3649 -2
1257 1671 2
1257 1801 2
1257 2093 -2
1257 2234 2
1257 3001 -2
1257 3015 2
1257 3033 2
1257 2756 2
1258 2247 2
1258 4166 2
1258 4723 -2
1258 2313 -2
1258 3160 -2
1258 3918 -2
1258 4463 2
1259 1467 -2
1259 1747 -2
1259 1865 2
1259 1869 -2
1259 1966 -2
1259 2914 2
1260 2369 -2
1260 4103 -2
1260 4614 2
1260 1526 -2
1260 3629 -2
1261 1901 2
1261 2242 -2
1261 2312 -2
1261 2730 -2
1261 4713 -2
1261 4878 2
1261 1647 2
1261 2094 -2
1261 2354 2
1261 2755 2
1261 2937 2
1263 3195 2
1263 2608 -2
1263 3243 2
1264 2269 2
1264 2394 2
1264 2771 2
1264 3441 -2
1265 1440 -2
1265 2226 2
1265 4471 2
1265 4851 -2
1265 4855 2
1265 1546 2
1265 2543 2
1265 2924 -2
1266 4146 2
1266 4794 -2
1266 1338 2
1266 1905 2
1266 3002 -2
1266 3475 -2
1266 3826 -2
1267 1495 2
1267 1674 -2
1267 1724 2
1267 2266 2
1267 2274 2
1268 2359 2
1268 3321 -2
1268 4435 2
1268 4789 -2
1268 4948 -2
1268 2225 -2
1268 2335 -2
1268 3297 -2
1268 3379 -2
1268 4254 2
1268 4747 -2
1269 3907 2
1269 4114 -2
1269 1943 2
1269 2252 2
1270 1723 -2
1270 2651 2
1270 2670 -2
1270 3308 2
1270 3447 2
1270 3924 2
1270 4093 -2
1270 2500 -2
1270 4211 -2
1271 2422 -2
1271 2525 -2
1271 3407 2
1271 3529 -2
1271 4025 -2
1271 1847 2
1271 4600 -2
1272 1705 -2
1272 1756 2
1273 3283 2
1273 3735 -2
1273 4091 -2
1273 4610 -2
1274 1715 2
1274 1903 -2
1274 2507 -2
1274 4081 2
1274 4343 2
1274 2215 2
1274 4790 2
1275 2135 -2
1275 2152 -2
1275 2154 2
1275 2322 2
1275 2684 2
1275 4718 2
1275 4897 2
1276 1307 2
1276 1952 -2
1276 2349 -2
1276 3917 2
1276 3925 2
1276 4407 -2
1276 4589 2
1276 2266 -2
1277 1489 2
1277 2147 -2
1277 2187 2
1277 2362 2
1277 2876 2
1277 3103 2
1277 2582 -2
1277 2910 2
1279 1467 -2
1279 1534 -2
1279 1578 2
1279 3172 -2
1279 4205 2
1279 4569 2
1280 1539 2
1280 3315 -2
1280 4007 2
1280 4798 2
1280 1656 2
1280 2607 -2
1280 2620 -2
1280 4987 -2
1280 3808 -2
1280 4311 -2
1280 4882 2
1281 2012 -2
1281 2141 2
1281 2291 2
1281 2736 2
1281 2808 -2
1281 3242 -2
1281 3966 -2
1282 1985 -2
1282 2781 2
1282 3799 -2
1282 2075 -2
1282 2797 -2
1282 4626 2
1283 1482 2
1283 1975 2
1283 2749 -2
1283 3506 -2
1283 1287 -2
1283 1906 2
1283 2864 2
1283 4632 2
1284 2044 -2
1284 2308 -2
1284 2338 2
1284 2381 -2
1284 3290 -2
1284 4527 -2
1284 1378 2
1284 2209 -2
1284 2283 2
1284 4072 -2
1284 4329 -2
1285 3204 2
1285 3694 2
1285 1313 -2
1285 1807 -2
1285 2310 -2
1286 2832 -2
1286 4119 -2
1286 4256 -2
1286 1581 -2
1286 2811 2
1286 3245 -2
1286 4032 -2
1287 2315 -2
1287 3870 2
1287 4617 2
1287 4797 2
1287 4833 -2
1287 1906 2
1287 2101 2
1287 3543 2
1287 4632 2
1288 3030 2
1288 3039 2
1288 3288 -2
1288 3435 -2
1288 4726 -2
1288 4793 2
1288 1920 2
1288 2804 -2
1288 4899 2
1289 1720 -2
1289 1784 -2
1289 2034 2
1289 3303 2
1289 4180 2
1289 1750 2
1289 3850 -2
1290 2053 2
1290 3151 2
1291 1429 -2
1291 4394 -2
1291 1521 -2
1291 1756 -2
1291 3719 -2
1291 3735 -2
1292 4950 2
1292 3124 -2
1292 3363 -2
1292 4696 -2
1292 4250 -2
1293 1401 2
1293 2158 2
1293 2048 -2
1294 1468 -2
1294 4165 -2
1294 3559 2
1295 3994 2
1295 3996 -2
1295 1315 2
1295 1624 2
1295 1855 2
1295 3633 -2
1295 4468 2
1295 4471 -2
1296 1543 -2
1296 2213 2
1296 2257 2
1296 3128 2
1296 3344 -2
1296 4108 2
1296 4917 2
1297 1402 -2
1297 1743 -2
1297 1660 -2
1297 3285 -2
1297 4460 2
1297 4500 2
1297 4669 -2
1298 2854 -2
1298 3444 -2
1298 3511 -2
1298 3931 -2
1299 2461 2
1299 3533 2
1299 4052 2
1299 4638 -2
1299 1513 2
1299 2477 -2
1299 3181 2
1299 4492 2
1300 2983 2
1300 3228 -2
1300 1743 2
1300 3477 -2
1300 3625 2
1301 1845 2
1301 3127 2
1301 4650 2
1302 1639 2
1302 1969 2
1302 4516 2
1302 4866 2
1302 1450 -2
1302 1536 -2
1302 1567 -2
1302 1651 2
1302 2000 -2
1302 4279 -2
1302 4404 -2
1303 2270 -2
1303 2761 2
1303 3154 2
1303 3841 2
1303 1311 2
1303 2606 -2
1304 2961 -2
1304 4306 -2
1304 1322 2
1304 1370 2
1304 1414 2
1304 1740 2
1304 2288 2
1304 2744 2
1304 3047 2
1304 3107 -2
1304 3172 2
1304 3526 -2
1305 1392 -2
1305 1682 -2
1305 2312 -2
1305 2746 2
1305 4978 -2
1305 3504 -2
1306 1831 -2
1306 4494 -2
1306 4522 -2
1306 1782 2
1307 2349 -2
1307 4391 2
1308 1441 2
1309 1726 -2
1309 1737 -2
1309 2021 2
1309 2550 2
1309 1804 -2
1309 1985 -2
1309 2308 2
1309 3438 2
1309 4832 -2
1310 1486 -2
1310 2285 -2
1310 2522 2
1310 3644 -2
1310 1371 -2
1310 1701 2
1310 1987 2
1310 2757 2
1311 1320 2
1311 3960 2
1311 2445 2
1311 3700 -2
1312 1625 -2
1312 1892 2
1312 2227 2
1312 2343 -2
1312 2800 2
1312 4155 2
1312 1382 2
1312 1746 2
1312 4181 2
1313 1613 2
1313 1921 -2
1313 2750 -2
1313 2953 2
1313 3106 2
1313 4679 -2
1313 2828 2
1313 3154 2
1314 1612 -2
1314 1741 -2
1314 1818 -2
1314 1873 2
1314 2820 2
1314 4826 2
1314 2670 2
1314 3128 -2
1314 3769 2
1314 3843 2
1315 3640 -2
1315 1624 -2
1315 1855 -2
1315 1978 -2
1315 3633 -2
1315 4471 2
1316 2583 2
1316 3119 -2
1316 3665 2
1316 4864 -2
1317 1687 -2
1317 2797 2
1317 3848 -2
1317 1386 -2
1317 1653 2
1317 2077 -2
1317 2328 -2
1317 3060 -2
1317 4971 2
1317 3748 -2
1318 2982 -2
1318 3063 -2
1318 4938 2
1319 1663 2
1319 4304 -2
1319 1960 2
1319 3422 -2
1319 4906 2
1320 4346 2
1320 4491 2
1321 1736 2
1321 2418 2
1321 2469 -2
1321 2256 -2
1321 2482 2
1321 3732 2
1321 4308 2
1321 4586 2
1322 1655 -2
1322 1844 -2
1322 2610 -2
1322 2680 -2
1322 3295 -2
1322 3301 -2
1322 3687 -2
1322 1740 2
1322 3047 -2
1322 3172 -2
1322 3192 2
1324 1762 -2
1324 4946 2
1324 1540 2
1324 1872 2
1324 1910 -2
1324 2377 -2
1324 2407 2
1324 2439 2
1324 3139 2
1324 3483 -2
1324 3640 -2
1324 4880 -2
1325 2275 -2
1325 2370 -2
1325 1721 -2
1325 1841 2
1325 2898 2
1326 1964 -2
1326 3195 2
1326 3289 -2
1326 3650 -2
1327 4059 -2
1327 4947 2
1327 3446 -2
1327 4005 -2
1328 1658 -2
1328 2170 -2
1328 2566 -2
1328 4851 2
1329 1364 2
1330 4927 2
1330 1406 -2
1330 1476 2
1330 1613 -2
1330 1670 -2
1330 1769 -2
1330 2046 -2
1330 2085 -2
1330 2247 -2
1330 2301 2
1330 2817 -2
1330 3203 -2
1330 3875 -2
1330 4673 -2
1332 1552 2
1332 1928 -2
1332 2292 2
1332 3777 -2
1332 2331 2
1332 2334 -2
1332 2540 -2
1332 3200 -2
1333 1569 -2
1333 4009 -2
1333 4387 2
1333 4431 2
1334 2551 2
1334 4552 2
1335 2543 2
1335 3388 2
1335 3716 2
1335 1410 2
1335 1494 -2
1335 1518 2
1335 2352 2
1335 3369 2
1336 1357 2
1336 2004 2
1336 2128 2
1336 3316 -2
1336 4537 2
1336 1560 -2
1336 2090 2
1336 3004 -2
1336 3168 2
1337 1371 -2
1337 2127 -2
1338 1659 -2
1338 2602 -2
1338 4192 -2
1338 3002 -2
1338 3475 -2
1340 1555 -2
1340 1993 2
1340 2254 -2
1340 3465 -2
1340 4950 2
1340 1803 -2
1340 2833 2
1340 2886 2
1340 3178 -2
1340 4035 -2
1340 4637 -2
1341 3077 -2
1341 4280 2
1341 3336 2
1341 3914 2
1342 1693 2
1342 1711 2
1342 2546 -2
1342 2884 -2
1342 2984 2
1342 3273 -2
1342 3874 -2
1343 1982 -2
1343 2802 -2
1343 2174 -2
1343 3269 -2
1344 1750 2
1344 1788 2
1344 1972 2
1344 3205 2
1345 2296 2
1345 2814 2
1345 3384 -2
1345 1588 -2
1345 2170 -2
1345 2338 -2
1346 1639 -2
1346 2114 2
1346 2566 2
1346 2655 2
1346 3966 2
1346 4625 2
1347 1959 -2
1347 2614 -2
1347 1401 -2
1347 3676 2
1348 1692 -2
1348 1826 2
1348 2210 2
1348 2342 -2
1348 2420 -2
1348 3460 2
1348 3767 -2
1348 4676 2
1348 1366 2
1348 1389 -2
1348 2579 2
1349 2471 2
1349 3267 2
1349 3439 -2
1349 3914 2
1349 3879 -2
1350 1971 -2
1350 2235 2
1350 2722 -2
1350 3877 -2
1350 4207 2
1350 4498 2
1350 1551 2
1350 4367 2
1351 2007 -2
1351 2523 -2
1351 2806 2
1351 3450 -2
1351 4880 -2
1351 3977 2
1352 2579 -2
1352 4987 2
1352 4370 2
1352 2855 -2
1353 2421 -2
1353 2618 2
1353 4421 2
1354 1396 2
1354 1444 2
1354 1992 2
1354 2321 2
1354 2633 2
1354 2957 -2
1354 3124 -2
1355 4448 2
1355 2558 -2
1356 4227 -2
1356 4377 -2
1356 2244 2
1356 3321 2
1357 2004 2
1357 3316 -2
1357 4118 2
1357 4537 2
1358 2355 -2
1358 2565 2
1358 3042 -2
1358 3102 2
1358 4333 2
1359 1883 -2
1359 3667 -2
1359 3916 2
1359 4021 2
1360 3164 2
1360 2150 2
1360 3246 2
1361 1446 -2
1361 3958 2
1362 4270 2
1362 1460 2
1362 1643 -2
1362 1781 2
1362 1963 2
1362 4295 2
1363 2608 2
1363 3903 -2
1363 1802 -2
1363 2464 2
1363 4251 2
1364 4842 -2
1364 2054 2
1364 2891 -2
1364 3699 2
1364 4362 -2
1364 4592 2
1365 2132 2
1365 2489 -2
1365 4127 -2
1365 4760 2
1365 2212 -2
1365 2376 2
1365 2580 -2
1365 2780 2
1366 1800 -2
1366 2058 -2
1366 3935 2
1366 1389 -2
1366 1435 2
1366 2579 2
1366 3967 2
1366 4193 2
1367 1580 -2
1367 1847 -2
1367 2136 -2
1367 2838 2
1367 3446 2
1367 4391 2
1367 1753 -2
1367 2657 -2
1368 2120 2
1368 3265 2
1368 3527 2
1368 3839 2
1370 1414 2
1370 2288 -2
1370 3526 -2
1370 4087 -2
1370 4456 -2
1371 1461 2
1372 2264 2
1372 4013 -2
1372 3197 2
1373 2104 2
1373 2176 2
1373 2867 -2
1373 3459 2
1373 4604 2
1375 2167 -2
1375 1697 -2
1375 4776 2
1376 1456 -2
1376 1839 -2
1376 4058 2
1376 1898 -2
1376 4121 2
1377 1411 2
1377 3684 -2
1377 4844 -2
1377 1592 -2
1377 2037 -2
1377 2860 2
1377 3089 2
1377 3418 -2
1377 3764 -2
1377 4044 2
1378 2209 2
1378 3546 -2
1379 2981 -2
1380 1666 2
1380 2924 2
1380 3825 -2
1380 1876 2
1380 2513 2
1381 1978 -2
1381 2533 -2
1381 4315 -2
1381 1408 -2
1381 2304 2
1381 2487 2
1381 3228 -2
1381 3347 -2
1381 3619 2
1381 4484 -2
1381 4617 2
1382 2714 -2
1382 3765 2
1382 4181 -2
1382 4317 -2
1383 1581 -2
1383 1595 -2
1383 2207 -2
1383 3646 2
1383 4170 2
1383 4310 -2
1384 3828 -2
1384 2519 -2
1384 4434 -2
1384 4724 2
1385 3036 2
1386 2019 2
1386 2328 2
1387 2891 -2
1387 2479 2
1387 2687 -2
1387 2879 -2
1387 3780 2
1387 3994 -2
1387 4568 -2
1387 4681 -2
1388 4995 -2
1388 1972 2
1388 2692 2
1388 2792 2
1388 3337 -2
1388 3611 -2
1388 4691 2
1388 2824 2
1388 4237 2
1389 1435 2
1389 2579 -2
1390 1998 2
1390 4599 -2
1390 1652 -2
1390 1667 2
1390 2066 -2
1390 2152 2
1390 3460 2
1390 3766 -2
1390 4202 2
1390 4406 2
1391 2069 -2
1391 4603 2
1391 4823 -2
1392 1682 2
1392 3504 -2
1392 3583 2
1393 2810 2
1393 1424 -2
1394 1861 -2
1394 4488 -2
1394 2517 -2
1394 2936 2
1395 4000 -2
1395 2764 2
1395 2946 -2
1396 1431 -2
1396 1444 -2
1396 1587 -2
1396 2633 2
1396 2746 2
1396 3007 -2
1396 1486 2
1396 1558 2
1396 2022 -2
1396 2074 2
1396 2141 2
1396 2674 2
1396 2849 -2
1396 3249 -2
1397 1485 -2
1397 1753 2
1397 1773 2
1397 2427 -2
1397 2486 -2
1397 3723 -2
1397 4005 2
1398 3112 -2
1399 1814 2
1399 1491 -2
1399 1572 -2
1399 1640 2
1399 1662 2
1399 2272 2
1399 3396 2
1399 3658 -2
1399 4000 2
1399 4106 -2
1400 2837 2
1400 3683 -2
1400 4321 -2
1400 4396 2
1400 1808 2
1400 2443 -2
1400 2892 -2
1400 3169 -2
1400 3335 2
1401 2158 -2
1401 4790 -2
1401 3529 -2
1401 4557 -2
1402 2724 2
1402 2769 -2
1402 4040 -2
1402 4775 -2
1403 1774 -2
1403 3088 -2
1403 3130 -2
1403 4068 2
1404 4994 2
1404 1434 2
1404 2203 -2
1404 3113 2
1404 4012 2
1404 4466 2
1404 4729 -2
1404 3220 2
1404 3366 -2
1404 4559 2
1405 3709 2
1405 3732 2
1405 4620 -2
1405 4686 2
1405 2392 2
1405 3819 2
1406 1851 2
1406 4967 2
1406 4468 2
1406 1476 2
1406 1613 2
1406 2690 -2
1406 3203 2
1406 3960 2
1406 4627 -2
1407 3834 2
1408 3228 -2
1408 3619 2
1409 1935 2
1409 2530 -2
1409 3911 2
1409 1530 2
1409 1625 2
1409 1980 -2
1409 2167 2
1409 2189 -2
1409 2206 2
1409 3368 -2
1409 3581 2
1409 4292 2
1409 4616 2
1410 1684 -2
1410 2426 -2
1410 2725 2
1410 2994 2
1410 3863 -2
1410 1494 -2
1410 1518 2
1410 4628 2
1410 4709 2
1411 3684 -2
1411 1466 -2
1411 1571 -2
1411 2248 -2
1412 1602 -2
1412 1996 2
1412 2395 -2
1412 3621 2
1412 2185 2
1413 1585 -2
1413 2035 2
1413 2073 -2
1413 2213 2
1414 1516 -2
1414 4002 2
1414 4337 2
1414 2288 -2
1414 2744 -2
1414 3107 2
1415 2923 2
1415 3856 -2
1415 1997 2
1415 3372 -2
1416 4767 -2
1416 2803 -2
1416 3592 2
1416 4544 2
1417 1525 -2
1417 2267 2
1417 2721 -2
1417 3862 2
1417 1573 2
1417 1927 -2
1417 2379 2
1417 3486 -2
1417 3985 -2
1418 1853 -2
1418 2591 -2
1418 3054 -2
1418 3664 -2
1418 4399 2
1418 4997 -2
1419 3829 -2
1420 2290 -2
1420 1752 2
1420 1934 -2
1420 1944 2
1420 2456 2
1420 4796 2
1421 1858 -2
1421 4867 2
1423 2016 2
1423 3260 -2
1423 3355 -2
1423 4258 -2
1423 4624 2
1424 2114 2
1424 3697 -2
1424 3761 2
1425 4920 -2
1425 3833 2
1425 4095 2
1425 4098 2
1425 4136 2
1426 3522 -2
1426 3984 2
1426 4633 -2
1426 2733 -2
1428 2558 -2
1428 2638 -2
1428 3641 -2
1428 3768 2
1429 4394 2
1429 1823 2
1429 2024 -2
1429 2545 2
1429 4429 -2
1430 1765 -2
1430 1942 2
1430 2713 2
1430 4775 -2
1430 1489 2
1430 2069 2
1431 1587 -2
1431 2746 -2
1431 3740 2
1432 2497 -2
1432 2753 -2
1432 2969 -2
1432 3215 -2
1432 3660 -2
1432 1507 2
1432 4245 -2
1433 4277 2
1433 1890 2
1433 2063 2
1433 3331 2
1434 2323 -2
1434 3113 2
1434 3727 2
1434 1794 2
1434 2062 -2
1434 2423 2
1434 2730 2
1434 3371 2
1435 1646 -2
1435 1799 2
1435 2209 2
1435 2377 -2
1435 3775 -2
1435 3926 2
1435 4401 -2
1436 1451 2
1436 2100 -2
1436 2331 2
1436 2251 2
1436 3324 2
1436 4275 2
1437 2882 2
1438 1595 -2
1439 1594 -2
1439 2972 -2
1440 4471 -2
1440 2839 2
1440 3924 -2
1440 4130 -2
1440 4282 -2
1441 3249 2
1441 4099 2
1442 1510 2
1442 1946 -2
1442 4129 2
1442 2297 -2
1442 2383 2
1442 4937 2
1443 2829 -2
1444 1992 2
1444 2633 2
1444 2687 2
1445 2811 -2
1445 3383 -2
1445 3904 -2
1445 4065 -2
1445 4222 -2
1447 1667 2
1447 1832 -2
1447 1862 -2
1447 3137 2
1447 3658 -2
1447 4644 -2
1447 3861 2
1448 1476 -2
1448 1814 -2
1448 2013 2
1448 4501 2
1449 1537 2
1449 1734 -2
1449 2622 -2
1449 3288 -2
1449 3831 -2
1449 3877 -2
1449 4405 -2
1449 4782 2
1449 4845 -2
1450 2875 2
1450 1567 -2
1450 1862 -2
1450 2000 -2
1450 2974 2
1450 3068 -2
1450 3481 2
1450 4403 2
1450 4485 -2
1451 2334 2
1451 2763 2
1451 3554 2
1452 1923 2
1452 1931 2
1452 3380 2
1452 3620 2
1452 3912 2
1453 1825 2
1454 1460 2
1454 1461 2
1454 1929 -2
1454 2819 -2
1454 2828 -2
1454 2964 -2
1454 3294 2
1454 3566 -2
1454 4585 2
1454 2708 -2
1454 4198 2
1455 1630 2
1456 1839 -2
1456 1880 -2
1456 4209 2
1456 4813 -2
1457 1708 2
1457 1940 2
1457 2424 2
1457 3049 2
1458 4323 -2
1458 4773 2
1458 2295 2
1458 3576 2
1459 1759 -2
1459 2231 -2
1459 2851 2
1459 2874 -2
1459 3571 2
1459 4031 -2
1459 4097 -2
1459 1544 2
1459 3952 2
1460 1461 2
1460 1747 -2
1460 3294 -2
1460 3578 -2
1460 4300 -2
1460 1963 2
1460 4563 -2
1461 2832 2
1462 2110 -2
1462 2920 2
1463 2630 2
1463 3619 -2
1463 4643 -2
1463 2941 -2
1463 2977 2
1463 3015 2
1463 3644 -2
1463 4818 2
1464 1479 -2
1464 4752 -2
1464 3659 2
1465 3770 2
1465 3975 -2
1465 4646 -2
1465 1543 -2
1465 1621 2
1465 1903 -2
1466 2097 2
1466 3200 -2
1466 1571 -2
1467 3172 2
1467 1747 2
1467 1865 2
1467 1869 2
1468 4165 -2
1468 2333 2
1469 2082 -2
1469 4754 2
1470 1501 -2
1470 1557 -2
1470 3406 2
1470 4537 -2
1471 1567 2
1471 1880 2
1471 2709 -2
1471 3031 -2
1471 4408 2
1472 1632 2
1472 2544 -2
1472 3698 2
1473 2286 -2
1473 2737 2
1473 2878 2
1473 3189 -2
1473 3309 -2
1473 3999 2
1473 1990 -2
1474 1513 -2
1474 3820 -2
1474 1981 2
1474 3775 2
1474 3783 2
1475 2705 2
1475 4604 -2
1475 1629 -2
1475 1811 -2
1475 1873 -2
1475 2934 2
1475 4435 2
1475 4831 2
1476 2803 2
1476 3079 -2
1476 3792 -2
1476 1613 2
1476 1670 2
1476 1769 2
1476 2247 -2
1476 2749 -2
1476 3875 2
1476 4627 2
1480 2230 -2
1480 2309 -2
1480 4291 2
1481 2888 -2
1481 3519 -2
1481 4734 2
1481 1712 -2
1481 3557 -2
1482 2749 2
1482 2894 2
1482 2919 -2
1482 3423 2
1483 1573 2
1483 3925 -2
1484 1834 -2
1484 2129 -2
1484 2679 2
1484 3016 2
1484 3094 2
1484 3541 -2
1484 4893 2
1485 2486 -2
1485 3723 2
1485 4787 2
1485 3433 2
1486 3644 -2
1486 1558 -2
1486 2022 -2
1486 2044 -2
1486 2674 -2
1486 2849 2
1486 3249 2
1486 3955 -2
1487 2361 2
1487 4458 2
1487 1852 2
1487 2291 -2
1487 2560 -2
1487 2623 2
1487 4168 2
1488 1586 2
1488 3302 2
1488 1696 2
1488 4262 2
1488 4278 2
1489 2876 2
1489 3202 -2
1489 4703 2
1489 1830 -2
1489 2027 2
1489 2069 -2
1489 2269 -2
1489 4462 2
1490 1969 -2
1490 2371 -2
1490 3399 -2
1490 3703 2
1490 4203 -2
1490 4738 -2
1490 4949 -2
1491 3622 -2
1491 4225 -2
1491 1640 2
1491 2098 2
1491 2272 2
1492 2894 2
1492 4388 -2
1493 4699 -2
1493 2129 -2
1493 2337 -2
1494 2023 -2
1494 4602 2
1494 4628 2
1495 1724 -2
1495 1816 2
1495 2274 -2
1495 2717 2
1495 3882 2
1495 4547 2
1495 3276 -2
1495 3419 2
1495 3622 2
1495 4023 -2
1495 4120 -2
1496 1777 2
1496 4730 -2
1496 4438 2
1497 2551 -2
1497 4148 -2
1497 4838 2
1497 1550 2
1497 2168 2
1497 2578 -2
1497 2649 2
1497 2808 2
1497 3317 -2
1497 3588 2
1497 4339 -2
1498 2603 -2
1498 3670 2
1498 3894 -2
1499 3897 2
1499 4360 2
1499 4247 -2
1500 1961 -2
1500 2671 -2
1500 3236 2
1500 3442 2
1500 4374 2
1501 1557 -2
1501 1907 -2
1501 2204 2
1501 4694 2
1501 2221 -2
1501 2888 2
1502 1528 2
1502 4213 -2
1503 1716 -2
1503 2712 -2
1503 3334 2
1503 3475 -2
1503 3982 2
1503 1661 2
1503 2523 -2
1503 2826 2
1504 1689 2
1504 1746 -2
1504 3197 -2
1504 3867 2
1504 2772 -2
1505 1515 2
1505 2126 -2
1505 2389 2
1506 1523 -2
1506 1553 -2
1506 1757 -2
1506 1767 2
1507 3278 -2
1508 1947 2
1508 3169 2
1508 4737 -2
1508 2020 2
1508 2118 2
1508 4702 -2
1509 2070 2
1509 2445 2
1509 2887 2
1509 4018 -2
1509 4447 -2
1509 3255 2
1509 3772 -2
1509 4926 -2
1510 1946 2
1510 1834 2
1510 2537 2
1511 1561 -2
1511 1574 2
1511 1596 2
1511 2756 2
1511 4480 2
1512 1538 -2
1512 2641 2
1512 2739 2
1512 4931 2
1513 1859 2
1513 3820 -2
1513 3181 2
1514 4193 -2
1515 2065 2
1516 4002 2
1517 2405 2
1517 3098 -2
1518 2352 2
1519 1722 -2
1519 3138 -2
1520 2606 2
1520 2997 2
1520 4390 2
1520 4571 -2
1520 4702 -2
1520 4831 -2
1520 1628 -2
1520 2096 2
1520 2684 2
1520 3311 -2
1520 3996 -2
1521 3325 -2
1521 1756 -2
1521 3066 2
1521 3330 -2
1521 3719 -2
1522 2492 2
1522 3508 2
1522 4257 -2
1523 1553 -2
1523 2021 -2
1524 4121 2
1524 2549 -2
1524 3041 2
1524 4091 2
1525 2267 -2
1525 4257 -2
1525 4336 -2
1525 1878 -2
1526 2369 -2
1526 2733 2
1526 4103 2
1527 1824 2
1527 4292 2
1527 1863 2
1527 2385 -2
1527 3662 -2
1527 4045 2
1528 4048 -2
1528 4846 2
1528 3126 2
1528 4620 -2
1528 4773 2
1529 1554 -2
1529 3120 2
1529 2078 2
1529 2353 -2
1529 3494 2
1529 3711 2
1530 1564 -2
1530 2167 -2
1530 2717 2
1530 3368 -2
1530 3581 2
1530 4616 2
1531 1690 2
1531 2496 -2
1531 3366 -2
1531 4557 -2
1531 4606 -2
1531 4815 2
1531 4850 -2
1531 1919 2
1531 2270 -2
1531 2998 2
1532 3544 2
1532 3800 -2
1533 4993 2
1533 1836 -2
1533 4114 2
1534 4205 2
1534 4282 2
1534 1731 -2
1534 1950 2
1534 2948 2
1535 3130 2
1536 2177 2
1536 2374 2
1536 1651 2
1536 2355 -2
1537 1734 2
1537 2622 2
1537 1728 -2
1537 1800 -2
1537 1837 -2
1537 2553 -2
1537 2737 2
1537 3710 -2
1538 1548 -2
1538 1964 -2
1538 2311 -2
1538 2442 2
1538 2641 -2
1538 2739 -2
1538 3255 -2
1538 3581 2
1538 4621 -2
1538 1970 2
1538 2154 2
1538 2359 -2
1538 2403 -2
1538 3142 -2
1538 3763 2
1539 3315 2
1539 4007 -2
1539 4184 2
1539 2480 2
1540 2180 -2
1540 3139 -2
1540 4642 2
1541 1920 -2
1541 2230 2
1541 3318 2
1542 1950 2
1542 2744 -2
1542 4454 2
1543 2191 2
1543 2817 -2
1543 2872 2
1543 3593 -2
1543 3654 -2
1543 4108 -2
1543 4885 2
1543 1621 2
1544 3964 2
1546 2259 -2
1546 2924 -2
1547 3411 -2
1547 4047 -2
1548 1964 2
1548 2311 -2
1548 2707 -2
1548 3255 2
1548 4171 -2
1548 1801 2
1548 3170 2
1548 4806 2
1549 2371 2
1549 1819 -2
1549 1914 2
1549 2702 -2
1549 4241 2
1549 4615 -2
1550 2915 2
1550 3356 2
1550 3948 -2
1550 4580 -2
1550 1974 2
1550 2168 2
1550 2490 2
1550 2578 2
1550 2649 -2
1550 3317 2
1550 3588 2
1550 4517 2
1551 3432 2
1551 3540 -2
1551 4367 -2
1552 2200 2
1552 2339 2
1552 3017 2
1552 3514 2
1553 1918 -2
1553 4089 2
1553 2021 -2
1553 3647 -2
1554 3120 -2
1554 1725 2
1554 1822 2
1554 2474 -2
1554 4315 2
1555 2254 2
1555 3465 2
1555 2015 2
1555 3144 -2
1556 1870 -2
1556 3055 -2
1556 4426 -2
1556 2793 2
1556 3020 2
1556 3088 -2
1556 3806 2
1557 1907 -2
1557 1699 2
1557 3261 -2
1558 2001 -2
1558 2022 -2
1558 2044 2
1558 2074 2
1558 3955 -2
1559 1815 2
1559 2447 -2
1559 2487 -2
1559 2146 2
1559 4758 2
1560 3282 2
1560 4450 -2
1560 4512 -2
1560 4988 2
1560 3168 2
1560 3926 -2
1561 1574 -2
1561 2271 -2
1561 3874 2
1561 1871 -2
1561 3029 -2
1562 1904 2
1562 4699 2
1563 2635 2
1563 2895 2
1564 1672 2
1564 1868 2
1564 2386 -2
1564 2809 2
1564 4735 2
1565 2024 -2
1565 1703 -2
1565 2064 2
1565 2080 -2
1565 3191 2
1566 4813 2
1566 1605 -2
1566 4185 -2
1567 1954 -2
1567 1862 -2
1567 4132 -2
1567 4279 2
1568 3945 -2
1568 4705 2
1569 4009 2
1569 4387 2
1569 2722 -2
1570 2783 -2
1570 3118 -2
1570 1677 -2
1570 2193 2
1570 2233 -2
1570 2658 -2
1570 2857 -2
1570 3322 2
1570 4686 2
1571 3087 2
1571 3504 2
1571 3758 2
1572 2293 2
1572 2834 -2
1572 3952 2
1572 1891 2
1572 2223 -2
1573 1633 2
1573 2709 2
1574 2648 2
1574 4286 2
1575 3153 -2
1575 3634 -2
1575 4213 2
1575 2732 2
1575 3221 -2
1575 4599 2
1575 4690 2
1576 1623 -2
1576 1805 2
1576 2391 2
1577 2639 2
1577 1700 2
1577 3580 -2
1578 4569 -2
1578 2192 -2
1578 2599 -2
1578 2877 -2
1578 4922 -2
1579 3358 -2
1579 4348 2
1579 4840 -2
1580 2564 -2
1580 3446 2
1580 3905 2
1580 4030 2
1580 4523 2
1580 4713 2
1581 1944 2
1581 2811 -2
1582 4308 -2
1582 4932 2
1582 1843 -2
1582 2068 -2
1582 2825 -2
1582 3353 -2
1582 3913 -2
1582 4409 2
1582 4494 2
1583 2542 -2
1583 4356 2
1583 2440 2
1583 4753 -2
1584 1763 -2
1584 3041 -2
1584 3060 -2
1584 3385 2
1584 4120 -2
1584 3230 2
1585 3333 2
1585 4739 2
1585 4767 2
1586 2332 2
1586 2845 -2
1586 2928 -2
1586 4410 2
1588 1790 -2
1588 2338 -2
1588 2573 -2
1588 3129 2
1588 3146 2
1589 4935 -2
1589 1724 2
1589 3814 -2
1590 2033 2
1590 2329 -2
1590 2417 -2
1590 2113 2
1590 2834 -2
1590 3106 -2
1591 2032 -2
1591 3762 -2
1591 2727 -2
1591 3567 2
1592 2860 2
1592 3089 2
1592 3520 -2
1593 3084 2
1593 3189 2
1593 3338 -2
1593 3886 -2
1593 3940 -2
1593 4161 2
1593 4606 -2
1593 4664 2
1593 4843 2
1594 2085 -2
1594 2500 -2
1594 4329 -2
1594 4766 2
1594 2475 2
1595 3046 -2
1595 4170 -2
1595 4298 -2
1595 4310 -2
1596 4480 -2
1596 2275 -2
1596 2867 2
1597 1631 2
1598 1626 -2
1598 2385 -2
1598 3237 2
1598 4648 -2
1598 3572 2
1599 4326 2
1599 1922 2
1599 2967 -2
1599 4670 2
1600 1865 -2
1600 2020 2
1600 2346 -2
1600 2902 -2
1600 3110 -2
1601 1670 -2
1601 4316 -2
1601 4375 -2
1601 2202 2
1602 4018 -2
1603 3429 -2
1604 2440 2
1604 3572 2
1604 2593 -2
1605 2671 -2
1605 3012 -2
1605 4610 2
1605 4903 -2
1605 4503 2
1605 4558 -2
1605 4901 -2
1606 4985 2
1606 2373 2
1606 2858 -2
1606 2974 -2
1606 3076 2
1606 2512 2
1606 3651 -2
1606 3796 -2
1607 2091 -2
1607 2455 2
1607 3532 2
1607 3718 2
1607 3819 2
1608 3715 -2
1608 4616 -2
1608 4803 2
1608 2009 -2
1608 2028 2
1608 4412 -2
1608 4808 2
1609 4084 -2
1609 3454 2
1609 3501 -2
1609 4888 2
1610 2126 -2
1610 2903 -2
1610 4058 -2
1610 4691 2
1611 3752 -2
1611 3903 2
1612 2820 -2
1612 3789 -2
1612 4523 2
1612 2455 -2
1612 3932 2
1613 1921 2
1613 2519 -2
1613 2750 -2
1613 3106 2
1613 1769 -2
1613 2046 -2
1613 2817 2
1614 4347 2
1614 1644 2
1614 2478 -2
1614 2958 2
1615 4771 -2
1615 1668 -2
1615 2364 2
1615 3116 2
1616 3359 -2
1617 1637 -2
1617 2243 2
1617 2426 2
1617 2473 2
1617 2587 2
1617 2728 2
1617 3990 2
1617 4024 2
1617 4422 -2
1617 4853 -2
1617 4930 -2
1618 2599 2
1618 1857 -2
1618 2494 -2
1618 2932 2
1618 3270 -2
1619 1983 2
1619 2311 -2
1619 4892 -2
1620 1849 2
1620 4689 -2
1621 1637 2
1621 3738 2
1621 4130 2
1622 1624 -2
1622 3287 -2
1622 3744 2
1623 1805 2
1623 2144 -2
1623 2463 -2
1623 2680 2
1624 3349 2
1624 1855 2
1625 1892 2
1625 2227 -2
1625 2343 2
1625 4135 2
1625 1980 -2
1625 2189 2
1625 3537 2
1626 3180 -2
1626 2798 2
1627 2108 -2
1627 3661 2
1627 3937 -2
1627 2188 2
1627 2621 -2
1627 3109 -2
1627 3789 -2
1627 4497 -2
1627 4827 2
1628 2042 -2
1628 4436 2
1628 3311 2
1629 2934 -2
1629 4831 -2
1630 1688 -2
1630 2094 -2
1630 2302 -2
1630 2642 -2
1630 3381 -2
1630 3591 -2
1631 2043 -2
1632 2182 -2
1632 3632 -2
1632 3870 2
1632 4165 2
1632 4345 2
1633 2893 -2
1633 4070 -2
1633 2709 2
1633 2987 2
1634 2282 -2
1634 2071 2
1634 2594 2
1634 2964 -2
1634 4006 -2
1634 4176 -2
1634 4220 -2
1634 4281 -2
1635 2810 2
1635 3424 2
1636 1872 2
1637 3738 2
1637 3981 2
1637 4130 2
1637 4422 2
1637 4853 -2
1637 4930 -2
1638 2665 2
1638 4062 -2
1638 4087 2
1638 1904 2
1638 1932 -2
1638 1948 2
1638 2181 -2
1638 2235 2
1638 2634 2
1638 2729 2
1638 2876 -2
1638 3027 -2
1638 3417 -2
1638 3531 2
1638 3799 2
1638 3895 2
1639 1969 2
1639 3121 -2
1639 3972 -2
1639 4516 2
1639 3966 -2
1640 4269 -2
1640 4539 2
1640 3396 -2
1640 3563 2
1641 3704 -2
1642 1938 -2
1642 2300 2
1642 3582 2
1643 1781 -2
1643 4295 -2
1644 2667 -2
1644 3259 2
1644 3663 -2
1644 4178 -2
1644 4433 2
1644 2958 -2
1644 2971 2
1644 3201 2
1645 1764 2
1645 1836 -2
1645 2801 -2
1645 2889 2
1645 3020 -2
1645 3946 -2
1645 3959 -2
1645 2524 2
1645 3045 -2
1645 3050 2
1645 3411 -2
1645 3509 -2
1645 4238 2
1646 2209 2
1646 2377 -2
1646 2925 -2
1646 3341 2
1646 3932 -2
1646 3901 -2
1646 4447 2
1647 2392 -2
1647 2775 -2
1647 2989 -2
1647 3818 2
1647 3993 -2
1647 2094 -2
1647 2937 2
1648 1932 2
1649 2073 2
1649 3561 -2
1649 4116 2
1649 2441 2
1649 2616 -2
1650 2601 -2
1650 3493 2
1650 4260 2
1651 1856 2
1652 2878 2
1652 4202 2
1653 2200 2
1653 3733 -2
1653 4063 -2
1653 3748 2
1653 3936 -2
1653 4591 -2
1654 2464 2
1654 2653 -2
1654 3070 -2
1654 3754 2
1654 4220 2
1654 2365 2
1654 3182 2
1654 3469 2
1654 3597 2
1654 4605 -2
1655 1844 -2
1655 2610 2
1655 3687 -2
1656 2992 2
1657 1833 -2
1657 2364 2
1657 3568 2
1657 4041 -2
1657 4801 2
1657 1917 2
1657 3281 -2
1658 2170 2
1658 2566 2
1658 2962 2
1658 2241 2
1658 2547 -2
1659 2602 -2
1659 4784 -2
1661 2738 2
1661 2523 2
1661 4128 -2
1662 2384 2
1662 2425 2
1662 2996 2
1662 4032 2
1662 4208 2
1662 4421 2
1662 3658 -2
1663 1676 -2
1663 4304 2
1663 2029 -2
1664 2637 2
1664 2711 2
1664 3329 2
1665 1884 2
1665 4149 -2
1665 4645 -2
1665 2128 2
1665 2552 -2
1665 2721 -2
1665 3579 2
1665 3660 2
1665 3811 2
1666 1781 -2
1666 2612 -2
1666 3757 2
1666 2051 2
1667 1832 -2
1667 2307 2
1667 2066 2
1668 3177 -2
1668 3225 2
1668 3116 2
1668 4798 2
1669 2117 2
1669 1929 -2
1669 3145 2
1670 4375 2
1670 2085 -2
1671 1806 2
1671 2093 2
1671 2240 -2
1671 3015 2
1671 3667 2
1672 2265 2
1672 2981 2
1672 3797 -2
1672 1741 -2
1672 1868 -2
1672 2386 -2
1673 1758 2
1673 1824 -2
1673 2211 -2
1673 2713 -2
1674 1797 2
1674 2266 2
1674 1702 -2
1674 2309 2
1675 2990 -2
1675 3198 2
1675 4190 2
1675 4693 -2
1675 4163 2
1676 3097 -2
1677 3517 2
1677 4104 -2
1677 2193 -2
1677 2857 2
1677 3092 2
1677 3322 2
1677 4516 2
1678 1852 -2
1678 1905 2
1678 3707 -2
1678 3208 -2
1678 3392 2
1678 3937 2
1678 4549 2
1678 4728 -2
1678 4811 2
1679 2347 2
1679 2582 -2
1679 3271 2
1679 4460 -2
1679 4080 -2
1680 1829 2
1680 3027 2
1680 3390 -2
1681 4361 -2
1681 2081 -2
1681 2609 2
1681 2788 -2
1682 2220 -2
1682 2509 -2
1682 2624 2
1682 3044 -2
1683 3424 -2
1683 4133 -2
1683 4731 -2
1683 2138 -2
1684 2725 -2
1684 3243 -2
1684 3863 -2
1685 2949 2
1685 4416 -2
1685 3947 2
1686 2399 2
1686 1777 2
1688 2302 -2
1688 2158 2
1688 3585 -2
1689 1746 2
1689 3197 -2
1689 3217 2
1689 3173 2
1689 3176 2
1689 4074 -2
1690 2496 2
1690 3248 -2
1690 3366 -2
1690 4311 -2
1690 4815 -2
1690 2055 -2
1690 4750 2
1691 4179 -2
1691 4914 -2
1691 1764 2
1691 4358 2
1692 1714 -2
1692 2210 2
1692 2342 -2
1692 2862 -2
1692 3460 -2
1693 3860 -2
1693 2965 2
1694 4926 2
1694 2314 2
1694 2759 2
1694 4393 -2
1695 3612 -2
1695 3673 -2
1695 2104 -2
1695 3656 -2
1695 3889 2
1695 4273 -2
1696 2427 -2
1696 4262 2
1697 3363 -2
1697 4776 2
1698 1779 2
1698 1820 2
1698 2919 -2
1698 3485 -2
1699 1877 2
1699 3261 2
1700 2782 2
1700 3239 2
1700 3357 -2
1700 4252 -2
1701 2823 -2
1701 2871 2
1701 3900 -2
1701 1987 -2
1701 2859 2
1701 4104 -2
1701 4903 -2
1702 1897 -2
1702 1909 2
1702 1927 -2
1702 2121 2
1702 3873 2
1702 4374 2
1702 4395 2
1702 4881 2
1703 3886 2
1703 2064 2
1703 2080 2
1703 2688 -2
1703 3229 2
1703 4649 -2
1704 3206 2
1704 3912 -2
1704 1798 2
1704 1946 -2
1704 2890 -2
1704 3725 -2
1704 4648 2
1705 1756 2
1705 2026 2
1705 3061 -2
1705 3842 2
1705 4431 2
1707 3174 2
1708 1910 -2
1708 3025 -2
1708 1940 2
1708 3049 -2
1708 3067 2
1708 4584 2
1708 4807 2
1709 2424 2
1709 4389 -2
1709 4578 -2
1709 2401 -2
1709 2801 2
1709 3120 2
1709 3524 -2
1709 4266 -2
1710 2205 2
1710 2503 -2
1710 2658 2
1710 4591 2
1710 3155 2
1710 3605 2
1711 2741 -2
1711 3107 -2
1711 2546 -2
1711 2884 -2
1711 3874 -2
1712 2689 -2
1712 4902 -2
1712 3557 2
1713 2626 -2
1713 2948 2
1714 4219 -2
1715 1903 -2
1715 2284 -2
1715 2765 2
1715 3265 -2
1715 4457 2
1715 3199 -2
1715 3437 2
1715 4402 2
1715 4825 -2
1715 4916 2
1716 2712 2
1716 2837 -2
1716 3595 -2
1716 3752 2
1717 1962 2
1717 2681 2
1717 2873 -2
1717 3018 2
1717 3808 -2
1717 4802 -2
1717 3641 2
1718 2731 2
1718 3477 2
1718 4235 2
1718 4594 2
1719 3497 2
1719 3582 -2
1719 3624 2
1720 1784 -2
1720 1850 2
1720 2663 -2
1720 3000 2
1721 3627 2
1721 2898 2
1722 3845 -2
1722 4297 -2
1722 4682 2
1722 2023 2
1722 2336 2
1722 4647 2
1723 2330 2
1723 2670 -2
1723 2651 2
1723 3785 -2
1723 3797 -2
1723 4113 -2
1724 2274 -2
1724 2717 2
1724 3882 -2
1724 4547 2
1724 3814 -2
1725 3512 2
1725 4142 -2
1725 1822 2
1725 2474 -2
1725 2476 2
1726 1737 2
1726 2805 2
1726 3876 -2
1726 4454 2
1726 4505 -2
1728 2467 2
1728 1759 -2
1728 1800 2
1728 1837 2
1728 2553 2
1729 2356 2
1729 2595 2
1729 3405 2
1729 2344 2
1729 3449 -2
1729 3523 -2
1730 3470 -2
1731 1950 2
1731 2526 -2
1731 4097 -2
1732 4419 -2
1732 3856 -2
1733 1776 -2
1733 4608 2
1733 2231 2
1734 1737 -2
1734 1965 -2
1734 4848 -2
1735 2316 -2
1735 2351 -2
1735 4030 2
1736 2418 2
1736 2469 -2
1736 3298 -2
1736 4119 2
1737 1965 2
1737 4414 -2
1737 4848 -2
1738 4438 2
1739 4027 -2
1740 2950 2
1740 3043 2
1740 3346 -2
1740 3047 2
1740 3192 2
1741 1873 2
1741 2081 2
1741 3253 -2
1741 4806 -2
1741 4826 2
1743 2214 2
1743 2781 -2
1743 2905 -2
1744 2534 2
1744 3562 -2
1744 2232 2
1744 2240 2
1744 2790 2
1744 3867 2
1745 2339 2
1745 2103 2
1745 2161 -2
1745 2697 2
1745 3256 -2
1745 3386 2
1745 3857 2
1745 4301 -2
1745 4561 -2
1745 4836 2
1747 2501 -2
1747 3578 2
1748 1898 -2
1748 3045 2
1748 2791 2
1748 3906 -2
1748 4361 -2
1749 3421 2
1750 2151 2
1750 2852 2
1750 3850 -2
1750 4837 -2
1751 2856 2
1751 4411 -2
1752 2821 2
1752 4774 -2
1752 1934 -2
1752 2456 -2
1754 2025 2
1754 3554 -2
1754 3927 -2
1754 4212 2
1754 4259 2
1754 4520 -2
1754 4004 -2
1754 4534 2
1755 1893 -2
1755 2868 -2
1755 3207 2
1755 2586 -2
1756 3066 -2
1756 3719 2
1756 3735 2
1757 2256 2
1757 2288 -2
1757 3115 2
1757 3262 2
1757 2254 2
1757 2640 -2
1757 3141 -2
1758 1967 2
1758 4111 2
1759 1991 -2
1759 2231 2
1759 2851 2
1759 3615 -2
1759 3635 -2
1759 4553 -2
1760 1917 -2
1760 2011 -2
1760 3786 -2
1760 3930 -2
1760 4476 -2
1761 2056 -2
1761 2162 2
1761 2333 2
1761 3038 -2
1761 3134 2
1761 2959 -2
1762 1878 -2
1762 2274 -2
1762 3375 2
1762 4383 -2
1762 4437 2
1763 3385 2
1763 4727 -2
1763 2765 2
1764 1836 -2
1764 2428 -2
1764 3946 2
1764 2831 2
1765 1942 -2
1766 2138 2
1766 2959 -2
1766 2979 2
1766 3152 2
1766 3558 -2
1766 4189 -2
1767 3631 -2
1768 1982 2
1768 4145 2
1769 4978 2
1769 2510 2
1769 2696 2
1769 2786 -2
1769 2046 2
1769 2247 2
1769 2301 -2
1769 2749 2
1769 2973 2
1769 3161 -2
1769 4991 2
1769 4608 -2
1770 2143 -2
1770 2145 2
1770 2719 2
1770 2913 2
1770 3021 -2
1770 3744 -2
1770 3891 -2
1770 4028 2
1770 4113 2
1770 4351 2
1770 2632 -2
1770 2768 -2
1770 4704 -2
1771 3017 -2
1771 4376 -2
1771 4469 -2
1771 2916 2
1771 3607 -2
1771 3884 2
1771 4231 -2
1771 4929 2
1772 1809 2
1772 2037 -2
1772 2332 2
1772 2865 -2
1772 3503 2
1773 2427 -2
1773 4005 -2
1774 3088 -2
1774 3130 2
1774 1970 2
1774 2154 2
1774 2359 2
1774 2403 2
1774 2585 -2
1774 2624 -2
1774 3111 -2
1774 3142 -2
1774 4498 -2
1774 4834 -2
1774 4923 -2
1775 3931 2
1775 4822 2
1775 3312 2
1776 3184 2
1776 3484 2
1776 4608 -2
1776 2177 -2
1776 3278 -2
1777 4730 -2
1778 4363 -2
1778 4741 2
1779 2164 -2
1779 3298 2
1779 4680 -2
1779 1820 -2
1779 2919 2
1780 2529 -2
1780 2701 -2
1781 2612 -2
1782 2010 -2
1782 4043 2
1783 3085 -2
1783 3096 2
1783 2084 2
1783 2140 2
1783 3553 -2
1783 3623 -2
1783 4076 -2
1783 4511 2
1783 4532 2
1783 4829 -2
1784 1850 2
1784 2034 -2
1784 2413 2
1784 3303 -2
1784 4284 -2
1784 4520 -2
1785 2172 -2
1785 2398 -2
1785 2644 -2
1785 2673 2
1785 3337 2
1786 2078 -2
1786 1870 -2
1786 3400 2
1786 3992 2
1787 2201 -2
1787 3054 -2
1787 3635 2
1787 3908 -2
1788 2532 -2
1788 3798 -2
1788 3930 2
1789 3546 2
1790 3574 2
1790 4420 2
1790 4623 2
1790 2573 2
1790 3129 2
1791 2279 2
1791 4296 -2
1791 2100 2
1791 2447 -2
1791 3542 2
1792 2393 -2
1792 2592 -2
1792 4263 -2
1792 4825 -2
1792 2196 2
1792 3578 2
1793 3902 -2
1793 4151 2
1793 3104 -2
1794 4810 -2
1795 2627 2
1795 3741 -2
1795 4550 2
1795 2444 -2
1795 3262 2
1795 3991 -2
1795 4693 -2
1796 2099 -2
1796 2637 2
1796 3730 -2
1797 4982 2
1797 1930 -2
1797 2435 2
1797 3266 2
1797 3881 -2
1797 3944 2
1797 4809 -2
1798 2700 2
1798 2991 2
1798 3579 2
1798 2890 2
1799 3775 2
1799 3360 -2
1801 3033 -2
1801 3382 2
1801 3851 2
1801 3170 2
1801 4650 2
1802 3721 -2
1802 2464 2
1803 1837 -2
1803 2148 -2
1803 2833 2
1803 2886 2
1803 3072 -2
1803 3516 -2
1803 3822 -2
1803 4578 2
1803 4590 2
1803 4637 2
1803 4659 -2
1804 2263 2
1804 4956 2
1804 3690 2
1804 3773 2
1804 3958 2
1804 2308 2
1804 2471 -2
1804 2542 2
1804 3438 2
1804 4110 -2
1805 2373 2
1806 2240 -2
1806 4970 -2
1806 3980 -2
1806 2279 -2
1807 2137 -2
1807 2535 2
1807 2861 2
1807 3339 -2
1808 2040 2
1808 4770 -2
1808 2892 2
1808 3335 -2
1809 2037 -2
1810 3787 2
1810 4073 2
1810 3975 2
1811 2120 -2
1811 2845 2
1811 3345 2
1811 3776 -2
1811 3970 2
1811 4670 -2
1811 1873 2
1811 2079 2
1811 4752 2
1812 1965 -2
1812 3062 -2
1812 3670 2
1812 2600 -2
1812 2653 -2
1812 2951 2
1813 4060 2
1813 4072 2
1814 1916 -2
1814 3251 2
1814 2013 2
1814 4011 -2
1814 4501 -2
1814 4508 2
1815 2447 -2
1815 3051 2
1815 3464 2
1815 4889 -2
1819 2352 -2
1819 2502 -2
1819 3648 2
1819 3710 -2
1819 4241 -2
1820 2157 -2
1820 3147 -2
1820 3307 -2
1820 4575 2
1820 2919 2
1821 2162 -2
1822 2474 -2
1822 4315 -2
1823 2000 2
1823 2545 -2
1823 2633 -2
1824 2211 2
1824 2713 2
1824 2736 2
1826 3767 2
1826 4400 -2
1827 2059 -2
1827 1839 -2
1827 2484 2
1827 3407 2
1827 3715 -2
1827 3972 -2
1828 2304 -2
1828 2578 2
1828 3468 2
1828 3471 2
1828 4635 -2
1828 2369 -2
1829 2241 -2
1829 1874 -2
1829 3332 2
1830 3992 -2
1830 2027 2
1830 2269 -2
1831 2897 -2
1831 4494 2
1831 4522 -2
1831 4751 -2
1832 2307 2
1832 2945 2
1832 3325 -2
1833 2364 2
1833 3389 2
1833 3568 2
1833 4041 2
1833 4141 2
1833 4801 2
1834 2129 2
1834 3094 -2
1834 2537 -2
1836 2801 -2
1836 2982 2
1836 3193 -2
1836 3946 2
1836 3959 -2
1836 4576 2
1836 2012 -2
1836 2323 2
1836 3795 -2
1836 3989 2
1836 4114 2
1837 3022 -2
1837 2553 -2
1838 4671 -2
1838 4941 -2
1838 1889 2
1838 2097 2
1838 2350 2
1839 2317 2
1839 2868 -2
1839 3244 -2
1839 3407 -2
1839 3715 2
1839 3972 2
1839 4658 2
1840 2228 -2
1840 2349 -2
1840 2529 2
1840 3378 -2
1840 3938 2
1840 4263 -2
1840 4941 2
1841 2403 2
1841 3050 -2
1842 2358 2
1842 3668 -2
1842 4800 -2
1842 3300 2
1842 3669 -2
1843 4835 2
1843 2068 -2
1843 2390 -2
1843 3353 -2
1844 2610 2
1844 2250 -2
1844 3750 -2
1845 3127 2
1845 4650 -2
1845 4944 -2
1845 3171 -2
1845 4680 -2
1846 4551 2
1847 2564 2
1847 2660 -2
1847 4600 2
1848 2271 2
1848 3152 2
1848 3482 -2
1848 4372 2
1849 1891 2
1849 2714 2
1849 4689 -2
1849 2106 -2
1850 4974 -2
1850 2413 2
1850 2663 -2
1850 2999 2
1850 4585 2
1851 4967 2
1852 3866 2
1852 2291 -2
1852 3497 -2
1852 4407 -2
1853 2443 2
1853 2406 2
1853 3259 -2
1854 2649 -2
1854 3628 2
1854 1936 -2
1854 4346 -2
1855 2850 2
1855 4567 -2
1855 3633 -2
1856 4234 2
1857 2080 -2
1857 2932 -2
1857 3270 2
1858 4513 -2
1859 1894 -2
1859 3535 2
1860 2192 2
1860 3693 2
1860 3973 2
1861 2678 2
1861 4488 2
1861 4592 2
1861 2070 2
1861 3480 -2
1861 3645 2
1861 4029 -2
1862 3137 -2
1862 3658 -2
1862 3481 2
1862 4132 2
1862 4357 2
1863 2131 -2
1863 2657 2
1863 3241 2
1863 3815 2
1863 4216 -2
1864 2908 -2
1864 2935 2
1864 4619 -2
1864 1955 -2
1864 2112 2
1864 3758 2
1864 4740 -2
1865 2020 2
1865 2113 -2
1865 3547 2
1865 1869 2
1866 2548 -2
1866 2711 2
1866 2723 -2
1866 2818 -2
1866 2846 2
1866 3601 -2
1866 3936 2
1866 4106 -2
1866 2220 2
1867 1960 2
1868 4735 2
1869 4314 2
1869 4749 2
1870 2720 2
1870 3986 2
1870 3400 2
1870 3992 2
1871 2127 -2
1871 4551 -2
1871 4144 -2
1872 2221 2
1872 1910 -2
1872 2377 -2
1872 2407 2
1872 2527 2
1872 2679 -2
1872 2871 2
1872 4172 2
1872 4588 2
1873 4435 -2
1875 2402 2
1875 2813 2
1875 1957 -2
1875 2378 2
1875 4622 2
1876 3682 -2
1876 2513 2
1876 3809 2
1876 3866 -2
1878 3151 2
1878 3586 2
1878 3587 2
1878 3674 -2
1878 3820 -2
1879 3026 -2
1879 2321 -2
1879 3074 -2
1880 3031 -2
1880 4382 -2
1880 4209 -2
1881 3168 2
1881 4327 2
1882 2528 2
1883 3916 -2
1883 1956 2
1883 2263 2
1883 2954 -2
1884 4506 2
1884 4645 -2
1884 3268 -2
1885 4829 2
1885 2638 2
1886 3618 2
1886 2770 -2
1887 2109 -2
1887 2807 -2
1887 3024 -2
1887 4490 -2
1887 1959 2
1887 3345 2
1888 2038 2
1888 3009 2
1889 1913 -2
1889 1956 2
1889 2043 2
1889 2583 -2
1889 3995 2
1889 4533 2
1889 2350 -2
1890 2703 2
1890 3324 2
1890 3423 2
1890 3880 -2
1890 2063 2
1890 2121 2
1890 3331 -2
1891 2714 2
1891 2223 2
1891 2325 2
1891 2782 2
1891 3387 2
1892 4925 2
1893 2116 -2
1893 2868 -2
1893 1977 -2
1893 4050 -2
1894 2488 -2
1894 2437 2
1894 2997 2
1894 3601 2
1894 4378 2
1894 4787 2
1895 2295 2
1895 2522 -2
1896 2815 -2
1896 3252 2
1896 2418 2
1897 1909 -2
1897 1927 2
1897 3873 2
1897 4230 -2
1897 4374 2
1897 4627 2
1897 2725 2
1899 4125 -2
1900 4609 -2
1901 2096 -2
1901 2454 2
1901 2730 2
1901 3915 -2
1901 4402 2
1902 2243 2
1902 2448 -2
1903 2507 -2
1904 1932 -2
1904 3799 2
1905 3707 2
1905 4558 -2
1905 3826 -2
1906 3652 -2
1906 3543 -2
1908 2472 2
1908 2710 2
1908 3746 -2
1908 4022 2
1908 4076 2
1908 4430 -2
1909 1927 2
1909 2121 -2
1909 2142 2
1909 2909 2
1909 4674 -2
1910 2335 2
1910 3025 -2
1910 4475 2
1910 2407 2
1910 2527 -2
1910 2679 2
1910 2871 2
1910 3043 -2
1910 3483 -2
1910 3538 -2
1910 3603 2
1910 3640 2
1910 3712 -2
1910 4588 -2
1910 4614 -2
1910 4803 -2
1910 4880 -2
1911 2327 -2
1911 3796 -2
1911 2351 2
1911 4102 2
1911 4633 2
1912 2683 -2
1912 3126 2
1912 4082 -2
1912 4791 -2
1912 3963 2
1912 4268 -2
1912 4287 -2
1913 1940 -2
1913 1956 2
1913 2202 2
1913 2583 2
1913 3769 2
1913 4839 -2
1914 2702 -2
1914 2865 2
1915 1928 -2
1915 2397 -2
1916 3251 2
1916 2615 2
1916 4291 -2
1917 2011 2
1917 3786 -2
1917 3930 2
1917 3281 -2
1919 2039 2
1919 3284 2
1919 4349 2
1919 4586 2
1919 4934 -2
1920 4792 -2
1921 2519 -2
1921 2953 -2
1921 4679 -2
1921 2368 -2
1921 4031 2
1922 2954 -2
1922 3647 2
1922 3810 -2
1922 3898 2
1922 4670 -2
1923 3682 2
1924 3064 -2
1924 4156 2
1926 2290 -2
1926 3140 2
1927 3873 -2
1927 4395 -2
1927 4627 2
1927 2379 2
1927 3985 -2
1927 3999 -2
1928 2292 -2
1928 2397 -2
1929 2828 -2
1929 2964 -2
1929 4245 2
1929 4364 2
1929 3145 2
1929 4225 2
1929 4554 -2
1929 4611 2
1930 3827 2
1930 4951 -2
1930 2435 -2
1930 4601 2
1931 2386 -2
1931 2864 -2
1931 4688 2
1931 4976 -2
1931 3380 -2
1932 4381 2
1932 4745 -2
1932 2876 -2
1933 4778 2
1934 2280 -2
1935 3402 -2
1935 3911 2
1936 1986 2
1936 2450 2
1936 3440 2
1936 4912 -2
1937 3714 2
1938 2300 2
1938 3582 2
1938 4045 2
1938 4656 2
1939 2123 -2
1939 2217 2
1939 2726 -2
1939 3148 2
1939 3575 2
1939 4722 2
1939 4937 -2
1939 2003 2
1939 3143 2
1939 4581 -2
1939 4908 2
1940 2202 -2
1940 3672 -2
1940 2424 2
1940 3067 2
1940 4584 -2
1940 4807 2
1942 2713 -2
1942 4958 2
1942 2249 2
1942 2596 2
1942 3983 -2
1943 2252 -2
1944 2531 -2
1944 3224 -2
1944 4796 2
1945 2697 -2
1945 3179 -2
1945 4295 2
1945 3121 -2
1945 4671 -2
1946 2143 2
1946 4648 -2
1947 2376 -2
1947 2971 -2
1947 2467 2
1948 2083 2
1948 2514 2
1948 3078 2
1948 3371 -2
1948 3677 2
1948 4067 2
1948 2235 2
1949 2592 2
1949 4652 2
1949 4665 -2
1950 2744 -2
1950 4267 -2
1950 4454 2
1950 4776 -2
1950 4936 2
1950 2948 2
1951 2229 2
1952 4063 2
1953 3713 2
1953 4098 2
1953 2493 -2
1953 2843 2
1954 4105 -2
1955 2975 2
1955 2710 -2
1956 2043 2
1956 2583 2
1956 4839 2
1956 2954 2
1956 3804 2
1957 4622 -2
1958 2751 2
1958 2918 2
1958 2968 2
1958 3404 2
1958 3604 2
1958 3875 -2
1958 4544 -2
1958 4019 -2
1958 4774 -2
1959 2614 -2
1959 3345 2
1960 3466 -2
1961 3454 -2
1961 2671 -2
1961 3236 -2
1961 3315 -2
1962 3823 -2
1962 2060 2
1962 2589 2
1963 2836 -2
1963 2879 2
1963 3878 2
1963 4864 -2
1963 4563 2
1964 2442 2
1964 4171 -2
1964 4400 2
1964 4502 2
1964 4621 -2
1964 3289 -2
1964 3571 -2
1965 3062 2
1965 3670 2
1965 4383 -2
1965 4414 2
1966 2597 -2
1966 2682 -2
1966 2914 2
1967 2196 -2
1967 2388 -2
1967 3375 2
1967 3409 2
1967 4675 2
1968 2998 2
1968 3098 2
1968 4417 2
1968 2040 -2
1968 3209 -2
1969 3972 -2
1969 4516 2
1969 4866 -2
1969 2371 2
1969 3399 2
1970 2154 2
1970 3111 2
1970 3763 -2
1970 4498 -2
1970 4923 -2
1971 2235 2
1971 4207 -2
1971 3792 2
1971 4224 2
1972 3398 -2
1973 3978 2
1973 2067 2
1974 2490 -2
1975 2183 -2
1975 4270 2
1975 4823 -2
1976 4895 -2
1979 3185 -2
1980 3244 2
1980 3442 2
1980 4548 -2
1980 2189 2
1980 2206 -2
1980 3537 -2
1981 4257 -2
1981 3775 2
1982 2802 -2
1982 2922 -2
1982 4560 2
1982 2277 2
1982 3294 -2
1982 4077 2
1982 4145 -2
1983 2826 -2
1983 2311 2
1983 4396 2
1984 3191 2
1984 2282 -2
1984 2488 2
1984 2889 -2
1984 3528 -2
1984 4230 -2
1985 3888 2
1985 4832 -2
1986 3440 2
1987 3785 2
1987 2757 2
1987 2859 2
1987 4795 -2
1988 2561 -2
1988 3068 2
1988 3981 -2
1989 2068 -2
1989 2088 -2
1989 3297 -2
1989 4223 2
1989 4273 -2
1990 2199 2
1990 2512 -2
1991 3635 2
1991 2261 -2
1992 2687 -2
1992 3809 2
1992 3018 2
1993 3791 2
1993 2994 -2
1995 2396 -2
1995 2439 -2
1995 4226 -2
1995 3599 -2
1996 3621 2
1996 2057 -2
1996 3225 2
1996 3851 2
1997 2588 2
1997 3119 2
1997 3920 2
1997 3372 2
1998 4599 2
1999 2563 -2
1999 3194 -2
1999 3534 -2
2000 4404 -2
2001 2791 -2
2002 4051 2
2003 3747 -2
2003 4783 -2
2004 3316 2
2004 4118 2
2005 2549 2
2006 2559 2
2006 2941 -2
2007 3450 -2
2007 3165 2
2008 3499 2
2008 3638 -2
2008 3000 2
2008 3214 -2
2008 3760 -2
2009 4808 2
2010 4969 -2
2010 2133 2
2010 2329 2
2010 2933 -2
2010 2935 2
2011 3786 -2
2011 4476 -2
2011 4012 2
2012 2291 -2
2012 3719 -2
2012 2323 2
2012 3989 2
2012 4597 2
2013 4625 -2
2013 4501 -2
2013 4508 2
2014 2957 -2
2014 3156 -2
2014 3221 2
2014 4051 2
2014 2741 2
2014 4068 2
2015 2759 -2
2015 3871 -2
2015 4195 2
2015 4415 -2
2015 3144 2
2016 2914 -2
2016 3336 2
2016 3704 2
2017 2423 -2
2017 3182 2
2017 3559 2
2017 3736 -2
2017 3963 2
2017 4574 -2
2017 2245 2
2017 4644 2
2018 2985 -2
2019 3649 -2
2019 2835 2
2019 3618 2
2019 4093 -2
2020 2113 -2
2020 3547 2
2020 2118 2
2020 4436 -2
2020 4702 -2
2021 2550 2
2021 3647 2
2022 2044 2
2022 2074 2
2022 2849 -2
2023 2336 -2
2023 3934 2
2023 4116 -2
2024 4429 -2
2025 3927 2
2025 2723 2
2026 2491 -2
2026 2913 2
2026 4431 2
2027 4462 -2
2027 4662 2
2027 4884 2
2028 3774 2
2028 4412 2
2029 2194 2
2029 2215 -2
2029 3125 -2
2029 3740 -2
2029 3815 -2
2030 4999 -2
2030 3165 -2
2030 2180 2
2030 4293 2
2031 2590 -2
2031 3079 -2
2032 3762 2
2032 2322 2
2032 2943 2
2032 2968 2
2033 2329 -2
2033 4963 -2
2033 2135 2
2033 3153 2
2033 4343 -2
2034 3303 2
2034 4284 -2
2034 2605 -2
2034 2613 2
2034 3621 2
2035 2348 -2
2035 2449 2
2035 2213 -2
2035 4509 -2
2036 2465 2
2036 2944 2
2036 3482 -2
2036 4283 -2
2036 4607 2
2036 3849 -2
2036 4424 2
2037 3418 -2
2038 3551 2
2038 4359 -2
2038 3096 -2
2039 4586 2
2039 3370 -2
2039 4452 2
2040 4770 2
2040 3209 -2
2041 3040 -2
2041 2740 2
2041 3295 2
2041 3738 -2
2042 2103 2
2042 2656 2
2042 3374 -2
2042 3847 2
2044 2308 -2
2044 3290 2
2044 3410 -2
2044 3852 2
2044 4365 -2
2044 3955 -2
2045 4080 2
2045 2434 2
2046 2301 -2
2046 2817 -2
2046 3161 -2
2046 3681 -2
2046 4608 -2
2046 4886 2
2047 2303 2
2047 4972 2
2047 2970 -2
2047 2381 2
2047 3028 2
2047 4043 2
2047 4749 2
2047 4766 -2
2048 3099 -2
2049 3208 2
2049 2612 2
2050 3510 -2
2050 3520 -2
2050 4504 -2
2051 2490 -2
2051 4788 2
2052 2554 2
2052 2899 2
2052 3648 2
2052 4146 2
2052 4946 2
2053 3144 -2
2053 3151 -2
2053 4762 -2
2053 2197 -2
2053 2531 -2
2053 3033 2
2054 4592 2
2055 3364 2
2055 4750 -2
2056 3038 -2
2056 2830 -2
2056 3011 2
2057 4662 2
2057 3225 2
2057 4919 2
2058 2088 2
2058 2089 -2
2058 2357 2
2058 2989 2
2058 3034 2
2058 3062 -2
2058 3722 -2
2058 3846 2
2058 3959 2
2059 3560 2
2059 3487 -2
2059 3636 2
2059 4912 -2
2060 2216 2
2060 4939 -2
2060 2589 -2
2061 3884 2
2061 4020 2
2062 2568 2
2062 4511 -2
2062 2423 2
2062 2716 2
2062 3371 -2
2063 3306 -2
2063 3331 2
2064 2688 -2
2066 2118 2
2066 3166 -2
2066 3342 -2
2066 2152 2
2066 3460 -2
2067 3523 -2
2067 3904 2
2067 2949 2
2068 2088 -2
2068 2390 2
2070 2445 -2
2070 3013 2
2070 2234 -2
2071 2698 -2
2071 2964 2
2072 2494 2
2072 2789 -2
2072 4041 2
2073 4116 -2
2073 4828 2
2075 3002 2
2075 2797 2
2076 2356 -2
2076 3164 2
2076 4166 2
2077 2134 -2
2077 2647 2
2077 2735 -2
2077 3362 -2
2077 3467 -2
2078 2353 2
2078 4667 2
2079 4750 2
2079 4752 -2
2081 3253 2
2081 4039 -2
2081 4806 2
2082 4754 2
2083 3371 2
2083 4067 2
2084 3327 -2
2084 4055 2
2084 2140 -2
2084 3553 2
2085 3610 -2
2085 3800 -2
2086 2411 2
2086 3149 -2
2086 4948 -2
2087 2372 -2
2087 2621 -2
2088 2089 2
2088 3722 -2
2088 3846 -2
2088 4373 -2
2089 4943 -2
2089 2357 2
2089 3062 -2
2089 3722 2
2089 3959 -2
2091 3532 2
2092 3114 -2
2092 3855 2
2093 2234 2
2093 3839 2
2094 2892 -2
2094 3348 2
2094 4061 2
2094 2937 -2
2095 3317 2
2095 2618 -2
2095 4784 2
2096 2454 -2
2096 3915 2
2096 4582 2
2096 4992 2
2096 2173 -2
2096 4354 2
2097 3200 -2
2097 4443 2
2099 3730 2
2100 2331 -2
2100 2447 -2
2100 2533 -2
2101 2793 2
2101 2869 2
2101 3238 -2
2102 4860 2
2103 2656 -2
2103 3374 -2
2103 2161 -2
2103 3857 2
2104 2938 -2
2105 2261 -2
2105 2910 2
2105 2933 2
2105 4580 2
2108 3661 2
2108 4318 -2
2108 2901 -2
2108 3420 -2
2108 4059 2
2108 4210 2
2109 2807 2
2109 3024 2
2109 2111 -2
2110 4954 -2
2110 2497 -2
2110 3616 -2
2111 3369 -2
2112 3209 2
2112 3788 -2
2112 3758 -2
2112 4740 -2
2112 4799 -2
2113 3547 -2
2113 2834 2
2113 2917 2
2114 3550 2
2114 3697 2
2114 2566 2
2115 2552 2
2115 3186 2
2115 3567 -2
2115 4303 -2
2115 2341 -2
2115 3404 2
2116 2868 2
2116 2550 2
2116 3686 -2
2117 2272 2
2117 4568 -2
2117 2420 -2
2117 2457 -2
2118 3166 2
2119 3861 2
2119 4017 -2
2120 2491 2
2120 2845 -2
2120 3345 2
2120 3265 2
2121 2142 -2
2122 2515 -2
2122 3438 -2
2122 3753 2
2122 4930 -2
2122 2496 -2
2123 4937 -2
2123 2629 2
2124 2661 -2
2124 3160 -2
2124 3291 2
2124 3449 -2
2124 2570 2
2124 2731 2
2125 3749 -2
2126 2389 -2
2126 2527 2
2126 2267 -2
2126 2903 2
2126 4058 -2
2126 4691 2
2126 4732 -2
2127 2805 2
2127 4551 2
2128 2552 2
2128 3579 -2
2129 2679 -2
2129 3016 2
2129 2337 -2
2130 2881 2
2130 3004 -2
2130 3590 -2
2130 4110 2
2130 4368 2
2130 4459 -2
2130 2902 2
2130 3664 2
2131 2657 2
2131 3292 -2
2132 4489 2
2132 4815 -2
2133 2329 2
2133 2414 -2
2133 2664 -2
2133 2933 2
2133 4034 -2
2134 2647 2
2134 2735 2
2134 2884 -2
2134 3181 -2
2134 3467 -2
2134 4518 2
2134 2784 -2
2134 4139 2
2135 2152 2
2135 4343 2
2136 2452 -2
2136 2570 -2
2136 2838 2
2136 3196 -2
2137 2535 -2
2138 2979 2
2138 3152 -2
2138 3558 2
2138 4664 2
2140 3046 -2
2140 3623 2
2140 4829 2
2141 4253 2
2142 4458 -2
2143 2145 2
2143 2913 2
2143 3274 2
2143 3961 2
2144 4386 2
2144 2395 2
2144 3513 -2
2145 2913 -2
2145 3021 2
2145 3274 2
2145 4028 2
2145 4262 -2
2146 3112 2
2146 3326 -2
2147 2187 2
2147 2362 -2
2147 3078 -2
2147 3394 2
2147 4386 2
2148 2952 -2
2150 2664 2
2150 3521 -2
2150 4004 -2
2150 3113 -2
2150 3246 2
2151 3573 -2
2151 4224 2
2151 2852 -2
2151 4360 2
2151 4837 -2
2152 3460 -2
2152 3766 2
2153 2628 -2
2153 4791 -2
2154 2684 2
2154 3651 -2
2154 2403 -2
2154 2624 -2
2154 3763 -2
2155 2324 -2
2155 3563 -2
2155 3645 -2
2155 3320 -2
2155 3428 -2
2157 3307 -2
2157 2897 2
2158 3585 2
2159 4313 -2
2159 2677 -2
2159 3530 -2
2160 3555 -2
2160 4583 -2
2160 4758 2
2161 4472 -2
2161 4561 -2
2162 2366 2
2162 2712 -2
2162 2815 -2
2162 2945 -2
2162 4869 2
2163 2318 -2
2163 3235 -2
2163 2885 -2
2163 2970 -2
2163 3253 -2
2164 3298 2
2164 2777 2
2165 4026 -2
2165 4440 -2
2166 3219 2
2166 3313 2
2166 3671 2
2166 3252 -2
2167 3368 2
2168 2390 2
2168 4428 2
2168 2649 -2
2169 2370 2
2169 2672 -2
2169 4483 -2
2170 2962 2
2171 3093 2
2171 2986 2
2171 4049 -2
2171 4260 2
2172 2644 -2
2172 2699 -2
2172 3108 2
2172 3722 2
2173 3705 -2
2173 4992 2
2173 4354 2
2174 2255 -2
2174 2574 -2
2174 4715 2
2174 3902 2
2175 4594 2
2176 3462 -2
2177 2374 2
2177 4977 -2
2177 3513 -2
2177 3278 2
2178 2643 -2
2178 3316 2
2178 3452 2
2179 4863 -2
2179 4221 2
2180 4214 -2
2180 4835 2
2181 2435 2
2181 2634 -2
2182 2387 2
2182 3285 -2
2182 3632 2
2183 2900 -2
2183 2937 2
2183 4562 -2
2183 4913 2
2183 4270 2
2183 4823 2
2184 2978 2
2184 3029 2
2184 4810 2
2184 2792 -2
2186 2249 2
2186 3214 -2
2186 4379 -2
2186 2699 -2
2186 3594 -2
2186 4208 -2
2186 4538 2
2187 4159 2
2188 4099 2
2188 2621 2
2188 3109 2
2188 3789 2
2188 4762 -2
2188 4827 2
2189 2206 2
2190 2636 2
2190 2199 -2
2191 2784 2
2191 2817 2
2191 3397 2
2191 3654 -2
2191 2923 -2
2191 3661 2
2192 2599 -2
2192 2877 -2
2193 2857 2
2193 3092 2
2194 2215 -2
2194 3125 2
2194 3740 2
2194 2510 -2
2194 2521 2
2194 2921 -2
2194 3167 2
2194 3183 2
2194 4088 -2
2195 3071 2
2196 3375 -2
2196 3398 2
2196 3409 -2
2196 3643 2
2197 2927 -2
2197 2531 -2
2197 3283 2
2198 2688 2
2200 3733 2
2200 4063 2
2200 4470 2
2200 2339 -2
2200 3017 2
2201 4865 -2
2202 3672 -2
2202 3769 2
2203 4012 2
2203 4729 -2
2203 2246 -2
2203 3210 -2
2203 3696 -2
2203 3714 2
2203 4150 -2
2203 4543 -2
2203 4726 2
2203 4902 2
2204 2412 2
2204 4694 -2
2204 2431 -2
2204 2678 2
2205 2658 2
2205 3486 -2
2205 4548 2
2207 4962 -2
2207 3790 2
2207 4366 2
2207 3646 -2
2208 2973 2
2208 3032 2
2208 3422 -2
2208 3479 -2
2209 2377 -2
2209 2925 2
2209 4401 -2
2209 3546 -2
2209 4072 2
2210 2342 -2
2210 2862 -2
2210 4676 -2
2210 2499 -2
2211 2301 -2
2211 3739 2
2211 2713 2
2211 2736 -2
2211 4822 2
2212 2406 2
2212 2504 -2
2212 2843 2
2212 2951 -2
2212 3246 -2
2212 3817 2
2212 4744 2
2212 2347 2
2212 2376 2
2212 2787 2
2212 2908 2
2212 2991 2
2213 3128 2
2213 3344 -2
2213 4181 -2
2213 4398 -2
2213 4868 -2
2213 4509 2
2214 4848 2
2214 2781 2
2214 2905 -2
2215 3740 -2
2216 2692 2
2216 3720 2
2217 3148 2
2217 3575 2
2217 3600 2
2218 2976 2
2218 4253 -2
2218 2779 2
2218 2926 -2
2219 3115 -2
2220 2509 -2
2221 2888 -2
2222 4317 -2
2222 2374 2
2222 2504 -2
2222 3035 -2
2222 3489 -2
2222 3545 2
2222 3723 2
2222 3731 2
2222 3782 2
2222 3788 2
2222 3911 -2
2222 4338 2
2223 2758 2
2223 2782 2
2224 2400 -2
2224 2694 -2
2224 2866 -2
2224 4985 2
2224 2880 -2
2224 2942 -2
2225 3129 2
2225 3373 -2
2225 4254 -2
2225 4747 2
2225 4898 -2
2226 2631 -2
2226 4883 2
2227 2343 2
2227 2800 -2
2227 4155 2
2227 2562 -2
2227 2646 2
2227 2915 -2
2227 3793 -2
2228 4819 2
2229 2340 2
2229 3211 -2
2229 3687 -2
2229 4493 2
2230 2309 2
2230 3173 2
2230 3725 -2
2230 4291 2
2231 2851 -2
2231 3615 -2
2232 3340 -2
2232 2240 -2
2232 2790 -2
2232 3956 -2
2233 2658 -2
2233 3844 -2
2233 4071 -2
2233 4167 2
2233 4533 -2
2233 4736 2
2233 4801 -2
2234 3001 2
2234 3839 2
2234 2893 2
2234 4229 2
2235 3417 -2
2236 2245 -2
2236 3132 -2
2236 4873 -2
2237 2766 -2
2238 2262 -2
2238 2388 2
2239 3983 2
2240 2790 2
2240 3956 2
2241 2547 2
2241 3306 2
2241 4101 2
2242 2740 -2
2242 4713 2
2242 4875 -2
2243 2426 2
2243 2473 -2
2243 2587 2
2243 3413 2
2243 4907 2
2244 4078 -2
2244 2988 2
2244 3321 -2
2245 3132 2
2245 3222 -2
2245 4644 2
2246 3210 2
2246 3714 -2
2246 4902 2
2247 2749 -2
2247 2973 2
2247 3875 -2
2247 4991 -2
2248 2929 2
2249 3214 2
2249 3833 2
2249 3983 2
2251 3976 2
2251 2628 2
2251 3324 -2
2252 3037 -2
2252 4796 -2
2253 2661 2
2254 3465 2
2254 2278 2
2254 2640 -2
2254 3141 -2
2254 4052 -2
2254 4786 -2
2255 4715 -2
2255 2796 2
2255 2875 -2
2256 3115 -2
2256 3262 2
2257 4404 2
2257 2575 -2
2257 3023 2
2257 4573 -2
2258 2907 -2
2258 4612 2
2259 4597 -2
2260 3415 2
2260 3998 2
2261 2933 -2
2261 4526 -2
2263 2479 -2
2263 3690 2
2263 3958 2
2264 3533 2
2264 4700 -2
2265 3797 2
2265 4697 2
2267 2721 -2
2267 4336 -2
2267 2303 -2
2267 4732 2
2268 3469 -2
2268 4150 2
2268 4672 2
2269 2394 2
2269 2521 -2
2270 2703 2
2270 2998 -2
2270 3308 -2
2270 3532 2
2270 4255 2
2271 3874 -2
2271 4427 -2
2271 4372 -2
2272 3268 2
2272 4568 2
2272 4000 2
2273 2831 2
2273 3109 -2
2273 3019 -2
2274 3882 2
2274 4437 2
2276 3629 2
2276 3069 2
2277 4772 2
2277 3294 2
2277 4002 2
2278 2943 -2
2278 4392 2
2278 4786 2
2279 4296 -2
2281 3133 -2
2281 4439 2
2281 4819 2
2281 4858 -2
2282 2488 -2
2283 2470 -2
2284 2765 2
2284 3231 -2
2284 3265 -2
2284 4457 -2
2284 4984 -2
2284 3893 2
2284 4844 -2
2285 3009 2
2285 3683 2
2285 3818 -2
2286 2737 -2
2286 2878 -2
2286 4203 2
2286 4910 2
2286 4780 2
2287 2702 2
2287 2984 -2
2287 4010 -2
2287 3184 2
2287 4467 -2
2288 3637 2
2288 3107 -2
2288 3526 -2
2288 4456 2
2289 3138 2
2291 2736 2
2291 2808 2
2291 2898 2
2291 3507 -2
2291 2560 2
2291 4168 -2
2291 4407 -2
2291 4522 2
2293 2834 2
2293 3550 -2
2293 4737 -2
2294 2788 2
2294 2429 -2
2294 3093 -2
2296 4297 2
2296 4417 -2
2297 2513 -2
2297 3805 -2
2297 3816 -2
2297 2383 -2
2297 3562 2
2297 4937 2
2298 3728 2
2298 4064 -2
2298 4953 2
2298 3777 2
2299 2972 -2
2300 2569 2
2301 3161 2
2301 3681 -2
2301 4886 -2
2304 2578 -2
2304 2487 -2
2304 3347 2
2304 4086 2
2305 2540 2
2305 3944 -2
2305 3962 2
2305 4782 -2
2305 2404 2
2305 2421 2
2305 2753 2
2306 2647 2
2306 4199 2
2306 4312 -2
2306 4800 2
2307 2945 -2
2307 4233 2
2307 3279 -2
2307 3362 -2
2307 4716 -2
2308 2338 -2
2308 3410 -2
2308 3852 -2
2308 4209 2
2308 4527 2
2308 2471 -2
2308 2542 -2
2308 4110 2
2309 3173 -2
2309 3725 2
2309 4291 2
2310 2677 -2
2310 3223 -2
2310 3414 -2
2310 3692 2
2311 2707 2
2311 3255 -2
2312 4878 2
2313 3263 -2
2313 4463 -2
2314 2344 2
2314 2759 2
2315 3870 -2
2315 2598 2
2315 2752 -2
2315 3627 -2
2316 2400 2
2316 4197 -2
2316 4566 -2
2316 4682 2
2316 4689 2
2317 2868 2
2317 4658 2
2318 3235 2
2318 3434 2
2318 2675 2
2319 2809 2
2319 2855 -2
2319 4753 2
2320 3812 -2
2320 4898 -2
2320 3933 2
2320 4535 2
2321 2634 -2
2322 4573 2
2322 4718 2
2323 3727 -2
2323 3795 2
2323 3989 2
2323 4597 -2
2324 3563 -2
2324 2538 2
2324 3638 2
2324 4228 2
2324 4723 -2
2325 2574 -2
2325 4066 2
2326 3830 2
2326 4357 -2
2326 2581 2
2327 3248 2
2328 2475 2
2328 2538 -2
2328 2589 2
2328 2604 -2
2328 2611 2
2328 3416 -2
2328 3505 2
2328 3784 -2
2328 4158 2
2328 3060 2
2328 3175 2
2328 4708 2
2329 4963 2
2329 2414 -2
2329 4034 -2
2330 2340 2
2330 2614 2
2330 3584 -2
2330 3986 -2
2331 2334 2
2331 3200 2
2331 3443 2
2331 4174 -2
2331 4687 2
2332 2865 2
2332 3807 2
2332 2928 2
2333 3134 2
2334 2540 -2
2334 3200 -2
2334 3443 2
2334 4687 -2
2335 3691 -2
2335 4475 -2
2335 4900 2
2335 3297 -2
2335 3379 2
2335 3431 -2
2336 4116 2
2336 4647 -2
2337 2600 2
2338 4527 2
2338 3146 2
2340 3211 -2
2340 2614 2
2340 2627 -2
2340 3227 2
2340 3515 -2
2340 3584 -2
2340 3734 2
2341 3528 -2
2343 4155 -2
2343 3614 -2
2344 3090 -2
2344 3449 2
2345 3281 -2
2345 3361 2
2345 3603 2
2345 3232 -2
2345 3613 2
2346 2902 2
2346 3878 2
2346 4115 2
2347 2582 2
2347 2787 -2
2347 2991 -2
2347 3679 -2
2349 3917 -2
2349 4407 2
2349 4589 2
2349 4263 -2
2350 2478 2
2350 3171 -2
2351 4633 2
2352 3369 2
2353 3703 2
2353 4352 -2
2353 3711 2
2353 4962 -2
2353 4667 2
2354 3642 2
2355 4333 -2
2355 3341 -2
2356 4409 -2
2357 3632 2
2357 4738 -2
2357 3034 2
2357 3062 -2
2358 3300 2
2358 3668 2
2360 2668 2
2360 3525 2
2361 4499 2
2361 2422 2
2361 2689 2
2361 4337 -2
2361 4394 -2
2362 2595 2
2362 3174 -2
2363 3289 -2
2363 4085 2
2363 4698 2
2363 3006 2
2363 3204 -2
2363 4748 2
2364 3568 2
2365 3182 -2
2365 3381 -2
2365 3469 -2
2365 3597 2
2365 3939 2
2365 4605 2
2366 3275 2
2366 4035 -2
2366 4869 2
2367 3676 -2
2367 4857 -2
2367 3784 -2
2367 4335 -2
2368 4328 -2
2368 2707 2
2368 4031 -2
2369 2733 -2
2369 4103 2
2370 3350 2
2371 2429 -2
2371 3399 2
2371 4203 -2
2371 4949 -2
2372 4476 2
2373 4985 -2
2373 2858 -2
2373 3973 -2
2373 4065 -2
2374 3513 2
2374 2504 -2
2374 3723 -2
2374 3782 -2
2374 3788 -2
2374 4307 2
2375 2476 2
2375 3657 2
2376 2971 2
2376 4044 -2
2376 2580 2
2378 3167 -2
2378 3689 -2
2378 4251 -2
2379 2468 -2
2379 3486 -2
2379 3985 -2
2379 3999 -2
2380 3196 -2
2380 4322 -2
2380 4553 2
2380 2535 -2
2380 3376 2
2381 3387 -2
2381 3028 2
2381 3871 -2
2381 4749 -2
2382 3163 -2
2383 3562 2
2383 4269 2
2383 4937 -2
2384 2425 -2
2384 2463 -2
2384 2546 -2
2384 4421 -2
2384 2654 2
2384 4470 2
2385 3237 -2
2385 4648 -2
2385 3673 -2
2387 3285 2
2389 2527 -2
2389 3934 2
2389 3916 -2
2389 4129 2
2390 4428 2
2392 2989 -2
2392 3140 2
2393 2900 2
2393 4003 2
2393 4309 2
2393 4574 -2
2394 2521 2
2394 3466 2
2394 3555 2
2395 2777 2
2395 3146 2
2395 3513 2
2396 2439 -2
2396 4869 -2
2398 2673 2
2398 3443 -2
2398 4508 -2
2398 3781 -2
2398 4715 2
2399 4571 2
2400 2694 2
2400 2866 -2
2400 3205 -2
2401 3524 -2
2401 4272 -2
2403 3050 -2
2403 2624 2
2403 3142 2
2403 4834 2
2404 2433 -2
2404 3737 2
2404 2421 2
2404 2753 -2
2404 2930 2
2404 3445 2
2406 2951 2
2406 3246 2
2406 2597 -2
2406 2850 2
2406 3259 2
2407 3097 -2
2407 2527 2
2407 3043 2
2407 3483 -2
2407 3538 -2
2408 3674 2
2408 3354 -2
2409 2912 -2
2409 3035 -2
2409 3457 -2
2409 3706 2
2409 4393 2
2409 2468 2
2409 2918 2
2409 3430 2
2410 2774 -2
2410 4911 -2
2410 2465 -2
2410 3412 2
2411 2874 2
2411 2955 2
2411 4948 2
2412 3502 -2
2412 4075 2
2414 2664 -2
2414 4034 2
2415 2432 2
2415 2460 -2
2415 4079 2
2415 4496 -2
2416 3399 -2
2416 4124 -2
2416 3540 -2
2417 4613 2
2417 4695 2
2418 2469 -2
2419 2555 2
2419 3456 -2
2419 4036 -2
2419 4487 -2
2420 3895 2
2420 4550 2
2421 2930 -2
2422 2525 -2
2422 2816 2
2422 3991 -2
2422 4337 2
2423 2716 2
2424 3049 2
2425 2463 2
2425 2996 2
2425 3588 -2
2425 4182 -2
2425 4421 -2
2425 4474 -2
2426 2473 2
2426 3413 2
2426 4907 2
2427 4005 2
2428 3135 2
2430 4109 -2
2431 4807 2
2431 2678 -2
2431 3217 2
2432 3032 -2
2432 3671 -2
2435 3881 2
2435 4368 2
2436 2690 2
2436 2886 2
2436 3136 -2
2436 4331 2
2436 4891 -2
2436 2501 -2
2436 3216 -2
2436 3655 2
2437 4769 -2
2437 2997 2
2437 3601 2
2437 4378 2
2437 4474 -2
2437 4787 -2
2438 2940 2
2439 4226 2
2439 4869 2
2440 3572 2
2440 4753 -2
2441 2840 2
2441 2844 -2
2441 4363 2
2441 4487 -2
2441 2616 -2
2441 4299 -2
2442 4400 -2
2442 4502 -2
2442 4621 2
2442 4861 -2
2443 3169 -2
2444 4265 2
2444 4473 2
2444 3262 2
2444 3991 -2
2444 4212 2
2445 3548 2
2445 3700 2
2446 4034 2
2447 2487 -2
2447 2533 -2
2448 2762 -2
2448 4162 -2
2450 4912 2
2450 2747 -2
2451 4429 -2
2451 2571 -2
2451 2738 -2
2452 2570 2
2452 2911 -2
2453 2554 2
2453 4720 2
2453 3630 2
2454 4402 -2
2454 4582 -2
2455 3718 2
2455 3932 -2
2456 4555 2
2457 4287 2
2457 4830 -2
2459 2587 -2
2459 3393 -2
2459 3697 -2
2460 2506 -2
2460 4079 -2
2460 4555 -2
2461 3533 -2
2461 3780 -2
2461 4052 2
2461 2822 2
2462 3254 2
2462 4107 2
2463 4998 2
2463 2546 2
2463 3588 2
2463 4182 -2
2463 4474 2
2463 4535 -2
2464 2653 2
2464 3754 -2
2465 4818 2
2468 2918 -2
2468 3430 2
2469 3134 2
2470 4719 -2
2471 2542 2
2472 2710 2
2472 2799 -2
2472 4076 2
2472 2773 2
2472 3340 2
2472 3840 2
2472 4143 2
2473 2853 -2
2473 4001 2
2473 4938 2
2474 4319 -2
2474 4315 2
2475 2538 -2
2475 2589 -2
2475 3360 -2
2476 3199 2
2477 2995 2
2477 2509 -2
2477 3409 2
2477 4492 2
2478 3171 2
2478 4789 -2
2478 4854 -2
2479 2687 2
2479 3780 -2
2479 3994 2
2479 4568 -2
2480 2515 2
2481 3131 -2
2481 3541 -2
2481 4334 -2
2482 3732 2
2482 4586 2
2483 4214 2
2483 2750 -2
2483 3030 2
2483 3611 2
2484 3244 -2
2484 3407 -2
2486 4787 2
2486 2676 2
2486 3103 2
2486 3242 2
2486 4217 -2
2487 3347 -2
2487 4086 2
2487 4547 -2
2488 4969 2
2488 2889 2
2489 4760 2
2490 4788 2
2491 3656 -2
2491 3923 -2
2491 2913 -2
2491 3965 -2
2491 4641 -2
2492 2896 2
2493 2498 2
2493 2675 2
2493 3351 2
2493 3633 2
2494 2499 -2
2495 2652 -2
2495 3659 -2
2495 3947 2
2496 4311 2
2496 4850 2
2497 2753 -2
2497 2969 2
2497 3860 -2
2498 3202 2
2498 4014 2
2502 3648 2
2502 3710 2
2502 3844 2
2502 2767 2
2502 3127 2
2502 3910 2
2502 4319 2
2504 2843 2
2504 3723 2
2505 4928 -2
2507 3272 -2
2508 4529 -2
2508 4639 -2
2509 2883 2
2509 3409 -2
2510 4978 2
2510 2786 -2
2510 3602 2
2510 3102 -2
2510 3183 -2
2511 3965 2
2511 3057 -2
2512 3796 -2
2513 3805 -2
2514 3677 2
2516 3626 -2
2517 3056 -2
2517 3347 -2
2517 3708 2
2517 3795 2
2517 4735 -2
2518 2576 2
2518 3080 -2
2518 3826 -2
2518 4162 2
2518 4837 -2
2519 3517 -2
2519 4314 -2
2520 3951 2
2520 3290 2
2520 4015 -2
2521 2921 2
2521 3167 -2
2522 4064 -2
2523 4880 2
2523 2826 -2
2523 3471 -2
2524 3887 -2
2524 3968 2
2524 4500 -2
2524 3045 2
2524 3050 -2
2525 2668 -2
2526 4097 2
2527 3934 -2
2527 2679 2
2527 3043 -2
2527 3603 2
2527 4803 -2
2528 3433 -2
2529 3378 2
2529 3776 -2
2529 3954 2
2529 3982 -2
2529 4180 2
2530 2642 -2
2530 3505 2
2531 3224 2
2531 3283 2
2532 3930 -2
2533 4315 -2
2533 4538 2
2534 3293 -2
2535 2861 2
2537 4456 2
2538 2611 2
2538 3293 -2
2538 4228 -2
2538 4723 2
2539 4870 -2
2541 3388 2
2541 3637 -2
2541 4940 2
2542 4206 2
2542 4110 -2
2543 3388 2
2543 4899 -2
2543 3713 2
2544 3814 2
2544 4479 -2
2545 3766 2
2546 4998 2
2546 2884 2
2546 2984 2
2546 3273 -2
2548 2711 2
2548 2723 2
2548 2818 -2
2548 2846 2
2548 3258 -2
2548 4572 2
2549 4091 2
2551 4148 2
2551 3472 -2
2552 3186 2
2552 3567 -2
2554 4425 -2
2554 4720 -2
2554 4998 2
2554 2899 2
2554 4946 -2
2555 4036 2
2555 4139 -2
2555 4674 2
2556 4852 2
2556 2783 -2
2556 2925 2
2556 4777 -2
2559 3091 2
2559 3296 2
2559 3448 -2
2560 3617 -2
2560 4168 2
2560 4522 2
2561 3068 2
2561 2626 2
2562 3584 2
2563 3194 2
2563 3534 2
2565 3042 2
2565 3102 -2
2565 3831 -2
2565 4923 -2
2566 4625 2
2567 4808 2
2567 3402 2
2567 4169 2
2568 2825 2
2569 3782 2
2571 3187 2
2571 4964 2
2571 4779 2
2571 2931 2
2572 2685 -2
2572 3286 -2
2572 3628 2
2572 4277 -2
2572 4351 -2
2572 4512 -2
2573 2620 2
2573 3129 -2
2574 3636 -2
2574 4066 -2
2576 3826 -2
2576 4581 -2
2576 4656 2
2578 3468 -2
2578 4563 2
2578 3588 -2
2579 4987 -2
2579 4370 -2
2579 4706 -2
2581 4234 2
2582 3496 -2
2583 4839 2
2583 3119 2
2583 3665 2
2584 3964 2
2584 4661 -2
2584 2720 -2
2585 2794 -2
2587 3990 2
2588 3193 2
2588 4007 2
2589 2916 2
2589 3360 2
2590 2686 -2
2590 4889 2
2590 3803 -2
2590 4008 -2
2591 3054 2
2591 3664 -2
2591 3748 -2
2592 4955 2
2592 3071 -2
2592 4652 -2
2594 4358 2
2594 4975 2
2594 2645 -2
2594 2927 2
2594 4006 -2
2597 2682 2
2597 2850 2
2598 3319 2
2598 2752 -2
2598 3627 -2
2600 3869 2
2600 2653 -2
2601 3493 -2
2601 2622 2
2602 4784 -2
2603 3921 -2
2604 2860 -2
2604 3176 2
2605 4939 2
2606 4831 -2
2606 3907 -2
2607 4953 -2
2607 3501 2
2607 3731 -2
2607 3808 2
2607 4882 -2
2608 3903 2
2609 2960 -2
2609 3133 2
2609 3702 -2
2609 4312 -2
2609 2788 2
2610 3687 2
2611 3293 -2
2612 3757 -2
2616 2931 2
2616 4299 -2
2617 3598 2
2617 3522 -2
2618 4654 -2
2618 4784 -2
2619 4972 2
2619 2920 -2
2619 3123 -2
2619 3560 -2
2619 3609 -2
2619 3617 2
2619 4284 -2
2620 4311 -2
2621 3270 -2
2622 3615 -2
2623 2955 -2
2623 3901 2
2624 3044 -2
2624 4834 -2
2625 2883 -2
2625 3230 2
2625 3240 2
2625 3953 2
2626 3339 -2
2627 3331 2
2627 3227 2
2627 3515 -2
2627 4521 -2
2629 2728 2
2629 3379 -2
2629 4439 2
2629 4995 2
2630 3619 2
2631 4915 -2
2632 2849 -2
2632 3218 2
2632 2768 -2
2632 4704 2
2634 2729 2
2634 3678 -2
2635 3426 -2
2636 3935 -2
2637 3749 -2
2637 2711 -2
2640 3141 2
2640 4052 2
2641 3581 -2
2641 4053 -2
2642 3381 2
2642 3591 -2
2642 3614 -2
2643 2962 -2
2643 3668 -2
2644 2699 2
2644 2851 -2
2644 4890 2
2645 3312 -2
2645 2927 2
2645 4218 2
2646 3329 2
2646 3393 2
2646 3908 -2
2646 2915 2
2646 3334 -2
2646 4449 -2
2647 2735 2
2647 4518 -2
2647 4199 2
2647 4896 2
2648 3929 -2
2648 3547 -2
2648 4286 2
2649 3317 2
2649 4517 -2
2651 4093 2
2651 4634 2
2651 3237 -2
2651 3785 2
2652 2669 2
2652 3847 2
2652 4397 2
2652 4443 2
2653 3754 2
2654 2852 2
2655 3245 -2
2656 3374 -2
2656 3847 2
2656 3707 -2
2656 4252 -2
2657 3815 -2
2657 4380 2
2658 4071 -2
2659 3412 2
2659 3798 -2
2659 3957 -2
2660 2770 2
2660 3526 -2
2661 3160 2
2661 3449 2
2661 4624 2
2662 4057 -2
2663 4974 -2
2663 4955 2
2665 3447 -2
2667 4433 -2
2667 2734 2
2669 3377 -2
2669 3418 2
2669 3643 -2
2669 3847 2
2669 4443 2
2669 4731 2
2670 3308 -2
2670 3447 -2
2670 3924 -2
2670 3769 -2
2670 3843 -2
2670 4639 2
2671 3012 -2
2671 4610 2
2672 4875 -2
2672 4933 2
2672 4483 2
2673 3443 -2
2673 4508 2
2674 4721 -2
2675 3008 2
2675 3577 2
2676 4959 -2
2676 4966 2
2676 2836 -2
2676 3080 2
2676 3652 2
2677 4881 2
2678 3217 -2
2679 3016 2
2679 3603 2
2680 3295 2
2681 2873 2
2681 2930 2
2681 3018 -2
2681 3850 -2
2681 2996 -2
2681 3968 2
2682 4426 2
2682 4603 2
2683 3751 2
2683 4246 -2
2684 3651 -2
2684 3077 2
2684 3996 2
2685 3286 2
2685 3628 2
2685 3684 -2
2685 3890 -2
2685 4351 2
2685 4416 -2
2686 4889 2
2686 3346 2
2686 4612 2
2687 3809 2
2687 2879 2
2687 3780 -2
2688 3229 2
2689 3537 2
2690 2886 2
2690 3136 -2
2690 3849 -2
2690 3241 2
2691 3213 -2
2691 4112 2
2691 4157 2
2692 2792 -2
2692 2824 2
2692 3625 -2
2692 4995 2
2692 4138 -2
2692 4451 2
2692 3094 2
2693 2696 2
2694 3205 -2
2694 4990 -2
2695 4849 2
2697 4989 2
2697 3179 -2
2697 4295 2
2697 4761 2
2697 3256 2
2697 3386 -2
2697 3457 -2
2697 3790 2
2699 3108 -2
2699 3594 2
2699 4208 -2
2699 4538 2
2700 3432 2
2701 4141 2
2702 3481 2
2702 4010 2
2703 3961 2
2703 4196 2
2703 3308 -2
2703 4255 2
2704 3343 -2
2704 3691 2
2705 4604 -2
2705 3880 -2
2705 4905 -2
2706 3232 -2
2706 4804 2
2706 3233 -2
2708 3391 2
2708 4736 -2
2708 4198 2
2709 4408 2
2710 3746 2
2711 2723 -2
2711 3258 -2
2711 4572 -2
2711 3329 -2
2712 3334 -2
2712 2815 -2
2713 4958 2
2713 2736 2
2713 4822 -2
2714 3765 2
2714 4317 2
2715 2882 -2
2715 4050 -2
2715 3745 2
2715 3828 2
2715 4331 2
2717 3922 -2
2718 4759 2
2720 3986 2
2721 3811 2
2721 4060 2
2722 3057 -2
2722 3877 -2
2722 4228 -2
2723 3258 2
2724 4248 -2
2724 4040 2
2725 3243 2
2725 3444 2
2726 3551 -2
2726 3701 2
2727 3567 -2
2728 3415 -2
2728 4024 -2
2729 3678 -2
2731 3909 -2
2731 4594 2
2731 4690 2
2732 3221 -2
2735 3467 2
2736 2808 2
2736 2898 -2
2736 3242 -2
2736 3507 -2
2736 3966 2
2736 4288 -2
2736 4822 -2
2737 2878 -2
2737 3309 2
2737 4159 2
2737 4203 2
2737 2814 2
2737 2829 2
2737 4327 2
2739 4444 2
2739 4841 -2
2740 3738 -2
2741 3107 -2
2741 4068 2
2742 3122 -2
2743 3063 2
2743 4210 2
2745 4572 2
2745 4679 -2
2746 3007 2
2746 4978 2
2746 3188 -2
2747 3476 2
2747 3544 2
2747 4038 -2
2749 3506 -2
2749 3662 -2
2749 2973 -2
2750 3106 2
2751 2918 -2
2751 3404 2
2751 3604 -2
2751 3646 -2
2751 4544 -2
2751 4924 -2
2752 4204 -2
2753 2969 -2
2753 3445 2
2754 4954 -2
2754 3011 2
2754 2847 -2
2754 3031 -2
2754 3408 -2
2754 3434 -2
2754 4398 -2
2755 3898 -2
2755 4008 2
2755 4484 -2
2757 3250 2
2757 3583 2
2757 3943 -2
2757 4266 -2
2758 2999 -2
2758 4872 2
2759 4195 2
2760 3452 -2
2760 4981 2
2760 3976 2
2761 3574 2
2762 4184 -2
2763 2987 2
2763 3005 2
2764 3400 2
2764 4629 2
2764 2907 2
2765 3231 2
2765 4457 2
2767 3374 2
2767 3910 2
2769 2939 2
2769 2965 2
2769 4481 -2
2769 4602 2
2769 4775 -2
2770 4239 2
2770 2844 -2
2770 3401 -2
2771 3125 2
2771 3389 -2
2771 3425 -2
2771 4215 2
2771 4660 2
2773 3340 -2
2773 3840 2
2774 4911 -2
2775 3818 -2
2775 4764 -2
2776 4999 -2
2777 3146 -2
2778 4655 2
2779 3905 2
2779 4820 2
2780 2901 -2
2780 3352 2
2780 4236 -2
2781 3799 2
2782 3139 -2
2782 3239 -2
2782 3277 -2
2782 3478 2
2782 3515 -2
2782 4252 -2
2782 3387 2
2783 2925 -2
2784 3397 -2
2784 4057 -2
2784 3304 -2
2786 3052 2
2786 3589 2
2786 4081 -2
2786 4459 2
2786 4530 2
2787 2908 -2
2787 3679 2
2789 2813 2
2789 3234 -2
2789 3495 -2
2789 3549 2
2789 4761 -2
2789 4824 -2
2790 3034 2
2790 3956 -2
2791 3114 2
2791 4584 -2
2791 3906 2
2791 4361 -2
2792 2824 -2
2792 3337 -2
2792 3611 2
2792 4138 -2
2792 4451 -2
2792 4691 2
2793 2869 -2
2793 3053 2
2793 3238 2
2793 4596 -2
2794 3779 2
2794 3654 -2
2794 3899 2
2795 4622 2
2795 4201 2
2796 2875 -2
2797 3848 2
2798 2938 2
2798 3893 -2
2798 4341 2
2801 2982 -2
2801 3193 2
2801 4576 -2
2801 3120 2
2801 4131 -2
2801 4266 2
2802 4353 2
2802 4797 2
2803 2842 -2
2803 3079 2
2803 3792 2
2803 3974 2
2803 3592 2
2804 4434 -2
2804 4441 -2
2804 4590 -2
2804 4647 -2
2804 4899 -2
2805 3876 -2
2805 4454 2
2806 4980 2
2806 3979 2
2806 4189 2
2807 3024 2
2807 4490 -2
2808 3507 2
2809 4753 -2
2810 3424 -2
2810 3677 2
2810 4316 -2
2811 2928 -2
2811 3928 2
2812 4658 2
2812 3342 -2
2812 4147 2
2813 3495 -2
2813 3549 -2
2813 4036 -2
2813 4824 -2
2814 3384 -2
2814 4892 2
2814 2829 2
2814 2912 -2
2814 3100 -2
2814 4219 -2
2814 4327 2
2814 4623 -2
2815 3252 -2
2816 3991 -2
2817 3593 2
2817 3654 2
2817 4019 -2
2818 2846 2
2818 3601 2
2819 3235 -2
2820 3512 -2
2821 3445 2
2821 4077 2
2821 4774 2
2821 4663 -2
2822 4198 -2
2823 3900 2
2824 3337 -2
2824 4995 -2
2825 4418 -2
2825 4494 2
2826 3471 2
2827 3794 2
2827 4905 2
2828 2980 2
2828 3154 2
2830 3514 2
2830 4301 2
2830 3011 2
2831 3109 -2
2832 4119 2
2833 3549 -2
2833 4174 2
2833 4422 2
2833 2886 -2
2833 3072 -2
2833 3178 -2
2833 3516 2
2833 4107 2
2834 2917 -2
2834 3106 2
2835 3977 2
2836 2879 2
2836 3441 2
2836 3623 -2
2836 3878 2
2836 4403 -2
2836 4489 2
2836 4660 2
2836 3080 2
2836 4123 2
2837 3683 2
2838 2995 2
2839 4840 2
2840 3048 -2
2840 4487 2
2841 3821 -2
2841 4026 -2
2841 4244 -2
2841 4318 2
2842 4049 -2
2842 4299 2
2842 4931 -2
2843 3838 -2
2844 3401 2
2845 3345 -2
2845 3776 -2
2845 4960 2
2847 4768 2
2847 3031 2
2847 3434 -2
2847 3573 2
2847 4924 2
2848 4461 2
2849 3218 -2
2849 3956 -2
2849 3249 2
2852 4837 2
2853 3472 -2
2853 4938 -2
2853 3065 -2
2853 3726 2
2853 3929 -2
2854 4411 -2
2854 2858 -2
2854 3299 -2
2856 4132 -2
2856 4411 -2
2857 3092 -2
2857 3322 2
2857 4516 -2
2857 4686 -2
2859 4795 2
2860 3066 2
2860 3105 2
2860 3176 2
2860 4056 2
2862 3159 2
2862 3558 -2
2863 3772 -2
2863 4069 2
2863 4202 -2
2864 4976 2
2864 4688 2
2869 3053 2
2869 4596 -2
2869 4895 2
2870 4173 2
2871 3712 -2
2871 4588 2
2873 3808 -2
2874 3571 2
2874 3811 2
2874 4031 2
2874 4097 -2
2874 4168 -2
2874 4631 -2
2874 2955 -2
2876 3027 2
2876 3465 -2
2876 3895 -2
2877 3222 -2
2877 4255 2
2879 3441 -2
2879 4403 -2
2879 4489 -2
2880 2904 -2
2880 3834 -2
2880 4985 -2
2880 3653 2
2881 3004 -2
2881 3257 -2
2881 4110 2
2881 4272 -2
2881 4976 -2
2881 3367 -2
2883 3700 -2
2883 3953 2
2884 2966 -2
2884 3181 2
2884 3343 2
2884 3874 -2
2885 4531 2
2886 4331 -2
2886 3516 -2
2886 4107 -2
2886 4190 -2
2887 4447 2
2887 3083 2
2888 4734 -2
2889 3528 2
2890 3725 -2
2891 3352 2
2892 3348 2
2892 4061 2
2892 3335 -2
2893 4229 2
2894 2919 -2
2894 4309 -2
2894 4663 -2
2894 4376 2
2894 4388 2
2895 3453 -2
2896 4778 2
2898 4288 2
2899 3967 -2
2899 4653 2
2899 3648 -2
2900 2937 2
2900 3587 -2
2900 4562 -2
2900 4913 -2
2900 4003 -2
2900 4309 2
2901 3149 -2
2901 3352 2
2901 4236 -2
2901 3420 2
2901 4059 2
2901 4210 2
2901 4258 2
2901 4685 2
2904 4186 2
2905 3950 2
2906 3084 2
2906 3435 -2
2908 2991 2
2909 3509 2
2909 4513 -2
2909 4795 2
2909 4674 -2
2911 3852 2
2911 4518 2
2911 4654 2
2912 3035 -2
2912 3457 -2
2912 3100 -2
2912 3762 -2
2912 4623 -2
2913 3021 -2
2913 3274 -2
2913 3744 2
2913 4262 -2
2913 3965 2
2914 3336 -2
2915 3356 2
2915 3948 2
2915 4147 2
2915 3334 -2
2915 3793 2
2915 4449 -2
2916 3607 -2
2916 3884 -2
2916 4929 2
2917 3305 -2
2918 2968 2
2918 4924 -2
2918 3430 2
2918 3436 2
2918 3928 2
2918 4304 -2
2919 4309 2
2919 4497 -2
2920 4570 -2
2920 4972 -2
2920 3123 2
2921 3028 2
2921 3167 -2
2922 3318 -2
2922 4560 -2
2923 3220 2
2923 3856 -2
2924 3825 2
2926 3314 -2
2928 3928 -2
2928 4410 2
2929 3081 -2
2930 3850 2
2930 4006 -2
2930 4105 -2
2932 3161 2
2934 4831 2
2935 3064 -2
2935 4619 2
2935 4969 -2
2936 4164 2
2936 4711 -2
2936 4887 2
2937 4562 2
2939 2965 2
2940 3553 2
2940 4549 2
2941 2977 2
2941 3644 2
2941 4885 2
2942 3855 2
2943 2968 -2
2945 4233 2
2946 3350 2
2947 4565 -2
2947 4567 2
2947 3492 -2
2947 4672 2
2949 3059 -2
2950 3250 2
2950 3453 2
2950 4595 2
2951 3246 2
2951 3817 2
2951 4744 2
2953 4679 2
2953 4194 -2
2954 3804 -2
2956 3406 2
2958 3760 2
2958 2971 2
2959 4189 2
2960 4312 2
2960 4684 2
2960 3012 2
2961 4532 2
2961 3240 2
2961 4187 -2
2962 3668 -2
2963 4940 -2
2964 4364 2
2964 4220 -2
2965 3395 -2
2966 3343 -2
2967 4242 2
2969 3717 2
2970 4972 2
2973 3032 -2
2973 3422 2
2973 4991 -2
2974 3076 -2
2974 3256 2
2974 4453 -2
2974 3068 -2
2974 4403 2
2974 4485 -2
2975 4155 2
2976 4253 -2
2976 4868 2
2978 3029 2
2978 4810 2
2979 3152 -2
2979 4664 2
2979 3007 -2
2982 3193 2
2982 3779 2
2983 3228 -2
2983 3491 2
2983 3897 -2
2984 3273 2
2985 4605 -2
2985 3215 -2
2986 3322 -2
2986 3970 -2
2987 3005 -2
2987 4463 2
2987 4496 -2
2987 3695 2
2988 3210 2
2988 4655 2
2989 3140 2
2989 3865 2
2990 3198 -2
2990 4101 -2
2990 4190 -2
2990 3743 2
2992 3005 -2
2992 3328 2
2992 3705 -2
2993 3310 -2
2993 3410 -2
2994 4860 -2
2994 3455 2
2995 4477 2
2996 4032 2
2996 3968 -2
2997 4390 2
2997 4571 -2
2997 4378 2
2998 4417 -2
2998 3532 2
2999 4872 -2
2999 4585 -2
3000 3214 -2
3000 3760 -2
3001 4226 2
3001 4302 -2
3001 4347 2
3003 4033 2
3003 4677 -2
3004 4110 2
3004 4459 -2
3005 4463 -2
3005 3705 -2
3006 3832 -2
3008 4879 2
3008 4688 -2
3011 3655 2
3012 4610 -2
3012 4903 2
3014 3548 -2
3015 4818 2
3019 3349 -2
3020 3088 2
3020 3238 2
3020 3806 2
3021 3744 2
3021 3891 -2
3021 4113 -2
3021 4262 -2
3021 4768 2
3023 3726 -2
3023 3971 2
3023 4678 2
3024 4490 2
3024 3499 2
3024 4478 -2
3024 4629 2
3024 4865 2
3026 3868 -2
3026 3891 -2
3027 3465 -2
3027 3531 -2
3027 3895 -2
3028 3871 2
3028 4749 2
3030 4793 2
3030 3611 2
3031 4382 -2
3031 3434 2
3031 4398 2
3032 4989 -2
3032 3671 -2
3032 3675 -2
3032 4022 -2
3033 3851 -2
3034 3234 -2
3034 4564 -2
3035 3457 -2
3035 3706 -2
3035 3275 2
3035 3489 2
3035 3911 2
3035 4338 2
3035 4712 -2
3036 4445 -2
3037 4796 2
3037 3835 2
3040 4545 2
3041 3998 -2
3041 4120 -2
3041 4657 -2
3041 4701 -2
3042 3102 -2
3042 3831 2
3042 4923 2
3043 3538 -2
3043 4803 -2
3044 3365 -2
3045 3050 -2
3046 3072 -2
3046 4177 2
3046 4298 -2
3047 4125 2
3048 3610 -2
3048 4053 -2
3049 4276 2
3051 4094 -2
3051 4821 -2
3051 3464 2
3051 4889 2
3052 4935 2
3053 4596 2
3053 4895 -2
3053 4964 2
3054 3664 -2
3054 3748 2
3054 4867 -2
3054 3635 -2
3054 3908 2
3054 4866 2
3055 4426 -2
3055 3510 2
3056 3488 2
3056 3708 2
3056 3795 -2
3057 4228 -2
3057 4579 2
3058 3086 -2
3058 4638 2
3059 4632 2
3060 3712 2
3060 4971 2
3060 3175 -2
3060 4708 -2
3061 3842 2
3062 3670 -2
3063 4210 2
3065 3890 -2
3065 3910 -2
3065 4980 2
3065 3726 2
3066 3105 2
3066 4056 -2
3067 3353 -2
3067 4464 -2
3067 4882 -2
3067 4584 2
3069 3354 2
3069 4047 -2
3070 4220 2
3070 3117 2
3071 4955 -2
3071 4263 2
3071 4825 2
3072 4177 2
3072 3822 -2
3072 4590 2
3072 4659 -2
3073 3946 -2
3073 4830 2
3074 3764 -2
3075 3518 2
3075 3770 -2
3076 4453 2
3077 4280 -2
3078 3394 -2
3079 3792 2
3079 3974 -2
3080 4162 -2
3080 4837 -2
3080 3652 2
3081 3530 2
3082 3871 2
3082 4692 -2
3084 3886 2
3084 4664 -2
3084 4843 2
3085 4401 2
3086 4638 2
3087 3859 2
3087 4433 2
3088 3130 2
3088 3806 -2
3089 4843 2
3090 3918 2
3090 3985 2
3091 3150 -2
3091 4283 -2
3092 3430 2
3092 4516 2
3095 3190 -2
3095 4739 -2
3095 3468 2
3095 3708 -2
3099 3521 2
3100 4219 -2
3100 4623 -2
3103 3734 -2
3103 3242 -2
3103 4204 -2
3104 3385 -2
3105 4056 2
3105 4195 2
3105 4668 -2
3108 3920 2
3109 3789 -2
3111 4498 -2
3112 3326 -2
3113 4442 2
3114 4584 2
3115 3262 2
3116 3594 2
3116 3596 -2
3116 3675 -2
3116 4027 2
3116 4503 -2
3116 4534 2
3116 4798 -2
3117 4075 -2
3118 4378 2
3118 3473 2
3119 3920 -2
3119 4864 -2
3120 4131 -2
3120 4266 -2
3120 4619 -2
3124 3363 -2
3124 4696 -2
3124 4719 -2
3125 3425 2
3125 4529 -2
3126 4082 2
3126 4791 -2
3126 4620 -2
3126 4773 2
3127 4650 -2
3127 4944 -2
3127 3156 -2
3128 3344 -2
3128 4868 -2
3128 3377 -2
3131 3541 -2
3132 3358 2
3132 3566 2
3132 3612 2
3132 4480 2
3133 3702 -2
3133 3845 2
3133 4858 2
3134 3736 2
3134 4904 -2
3135 4115 -2
3135 4406 -2
3136 3849 -2
3136 3756 2
3136 4100 -2
3137 3658 -2
3137 4644 2
3138 4631 -2
3139 3478 2
3140 3194 2
3141 3899 -2
3141 4052 2
3143 4581 -2
3143 4908 -2
3144 3500 -2
3144 4762 -2
3145 3524 -2
3145 4541 -2
3145 4225 2
3145 4554 2
3145 4611 -2
3147 4575 2
3148 4722 -2
3148 4524 -2
3148 4814 -2
3149 3266 -2
3150 3953 -2
3150 4283 2
3151 3586 -2
3151 3587 2
3151 3820 -2
3152 3558 -2
3152 3482 -2
3152 4300 2
3153 4213 -2
3154 3804 2
3154 3841 2
3156 3221 2
3156 4051 2
3156 3827 2
3160 3449 -2
3160 3918 -2
3161 4238 -2
3161 3681 2
3161 4608 2
3162 3900 2
3162 4488 -2
3163 3767 2
3164 4033 2
3164 4166 -2
3166 4392 -2
3166 4395 -2
3166 4556 2
3167 3570 2
3167 3689 2
3167 4251 2
3167 4467 2
3169 4444 2
3169 4651 2
3170 4650 2
3170 4806 -2
3171 4567 2
3171 4680 -2
3173 3725 2
3173 3176 -2
3173 4074 2
3174 3743 -2
3174 4742 2
3174 4754 -2
3174 3405 2
3175 3192 -2
3175 4708 2
3177 3225 -2
3177 3542 -2
3177 4385 -2
3178 4035 2
3179 4989 -2
3179 4295 -2
3179 4761 2
3180 4038 2
3180 4285 2
3182 3559 2
3182 3963 -2
3182 4096 2
3182 4160 -2
3182 3597 -2
3184 3484 -2
3184 4467 -2
3186 3567 2
3186 4303 2
3186 4240 2
3187 4048 2
3188 4482 -2
3189 3999 2
3189 3338 -2
3189 4140 2
3189 4161 -2
3189 4177 2
3190 3570 2
3193 4576 2
3193 3565 2
3193 4007 -2
3194 3534 2
3196 4322 2
3196 4942 2
3197 3867 2
3197 3564 -2
3197 3739 2
3197 3741 2
3198 4101 -2
3198 3263 2
3199 3437 2
3199 4294 2
3200 4443 2
3200 3443 2
3200 4174 2
3202 4703 -2
3202 4759 2
3203 3960 -2
3203 4673 -2
3204 3694 2
3204 3568 -2
3204 4748 -2
3206 3912 2
3207 4645 -2
3208 3392 2
3208 4728 -2
3209 3788 2
3210 3496 2
3210 4655 -2
3210 3714 -2
3210 4543 -2
3211 4430 -2
3212 3226 2
3212 4595 -2
3212 4710 -2
3213 3534 -2
3213 4714 -2
3214 4379 -2
3216 4095 2
3216 4856 2
3217 3448 2
3218 3956 2
3218 3892 -2
3218 4636 -2
3219 3313 -2
3219 3463 2
3219 4833 2
3220 3326 2
3220 3366 2
3220 4559 2
3221 4051 2
3221 4690 2
3223 3692 -2
3225 4919 2
3226 4595 -2
3226 4687 -2
3227 4521 -2
3228 3491 2
3228 4617 2
3229 4649 2
3231 3427 -2
3232 4804 2
3234 4564 -2
3235 3434 2
3236 3315 2
3236 3442 2
3237 4648 -2
3239 3277 2
3239 3357 -2
3242 3966 2
3243 3444 2
3244 4548 2
3245 4032 -2
3245 4527 2
3246 3817 -2
3250 3943 2
3250 4266 -2
3250 3451 -2
3250 3453 -2
3250 4595 -2
3253 4039 2
3253 4806 2
3254 4107 -2
3254 4039 -2
3254 4816 -2
3256 4301 -2
3257 4272 2
3257 4607 2
3258 4572 -2
3259 3663 -2
3260 4258 2
3260 4746 -2
3261 3492 2
3261 4561 -2
3262 4212 2
3267 3914 -2
3268 4384 -2
3272 3987 2
3272 3556 2
3274 3961 2
3274 4152 -2
3275 4035 2
3275 4423 -2
3275 4712 2
3276 3419 2
3276 3622 -2
3279 4108 2
3279 4151 -2
3279 4716 -2
3280 3313 -2
3281 4990 2
3281 3361 -2
3282 4450 -2
3282 4763 -2
3282 3561 2
3283 3735 -2
3283 4091 2
3284 4349 -2
3285 4669 2
3286 3628 -2
3286 4416 2
3286 4512 -2
3287 4720 2
3288 3435 -2
3288 3840 2
3288 4726 2
3288 4405 -2
3288 4782 2
3289 4698 -2
3290 4365 -2
3290 4015 -2
3290 4271 2
3291 3974 -2
3293 4862 2
3294 3566 2
3294 4585 2
3294 4077 2
3294 4365 -2
3295 3301 -2
3296 3448 -2
3297 3431 -2
3298 4680 -2
3298 3384 -2
3299 3365 2
3299 3706 -2
3299 4678 -2
3300 4800 -2
3300 3669 -2
3300 4192 -2
3301 4205 -2
3306 4101 2
3307 4073 2
3307 4472 2
3307 4504 -2
3308 3447 2
3309 4159 2
3309 4968 -2
3309 4661 2
3310 4907 2
3310 3836 -2
3310 3882 -2
3310 3896 -2
3311 4971 -2
3313 3463 -2
3315 4007 -2
3315 4184 2
3316 4118 2
3316 4537 2
3317 4176 -2
3317 4517 2
3318 4772 -2
3319 4556 -2
3319 4320 -2
3320 3428 2
3320 3458 2
3320 4781 2
3321 4435 2
3321 4789 2
3322 3539 2
3322 4686 2
3323 4342 -2
3324 3423 2
3324 3880 2
3325 3591 2
3326 4236 2
3326 4256 2
3327 4055 2
3327 3639 2
3329 3908 -2
3330 4492 2
3333 4136 2
3333 4767 2
3334 3475 -2
3334 4449 2
3337 3611 -2
3338 4325 2
3338 4140 -2
3338 4161 -2
3338 4177 2
3338 4490 -2
3340 3840 2
3340 4143 -2
3341 3932 2
3342 3747 -2
3343 3691 2
3344 4413 2
3345 3776 -2
3346 3506 2
3346 4612 2
3347 4735 2
3348 4061 -2
3348 4124 2
3350 4186 2
3351 3633 -2
3351 4276 -2
3351 4698 -2
3352 4236 -2
3353 4156 2
3353 3913 -2
3356 4910 2
3358 4348 -2
3358 3566 -2
3361 4486 -2
3362 3872 -2
3362 4746 2
3363 4696 2
3363 3503 -2
3365 4239 2
3366 4559 -2
3367 4509 2
3367 4976 2
3368 3581 -2
3373 3832 2
3374 3847 -2
3374 3909 2
3375 3702 -2
3376 3464 2
3377 3418 -2
3377 3586 2
3378 4071 2
3378 4180 2
3378 4941 -2
3380 3511 -2
3380 3912 -2
3381 3939 -2
3382 3773 -2
3383 3904 -2
3383 4065 2
3383 4182 2
3384 4892 2
3386 4412 -2
3386 3457 2
3388 4899 2
3388 3637 -2
3388 4940 -2
3389 4141 2
3391 4736 -2
3392 4811 2
3396 3941 -2
3396 4279 -2
3396 3563 -2
3397 4233 2
3399 4738 -2
3400 4629 -2
3400 3992 -2
3403 4425 2
3404 3604 2
3406 4066 -2
3406 4779 2
3407 3529 2
3407 4025 2
3407 3715 2
3409 3643 -2
3409 4675 2
3410 3852 2
3410 4209 2
3410 4722 2
3411 3509 2
3411 4238 -2
3412 3798 -2
3412 4587 2
3413 4029 2
3413 4907 2
3415 4170 -2
3415 4755 -2
3415 3998 -2
3415 4856 -2
3416 3505 -2
3416 4384 2
3417 3781 -2
3417 3921 -2
3417 4046 -2
3417 4949 -2
3418 4044 2
3419 4024 -2
3419 4232 2
3419 3622 -2
3419 4023 2
3420 4210 2
3422 4906 2
3423 3880 -2
3424 4731 -2
3424 3677 2
3425 4222 2
3425 4215 -2
3426 4700 2
3426 4805 -2
3426 3807 -2
3427 3771 2
3427 3888 2
3427 4271 -2
3428 3458 2
3428 4781 2
3430 3436 2
3430 3928 -2
3430 4304 2
3431 3858 -2
3434 4398 -2
3436 3536 2
3436 3729 -2
3436 4747 -2
3436 4871 2
3436 3928 2
3437 4294 2
3438 3701 -2
3438 4930 -2
3439 4261 -2
3439 4684 -2
3441 3623 2
3441 4403 2
3441 4660 2
3442 4374 2
3443 4508 2
3443 4174 2
3443 4687 2
3444 4519 2
3445 4077 -2
3445 4515 2
3446 3753 2
3449 3523 -2
3451 3545 2
3451 3942 -2
3454 3501 -2
3455 4920 2
3458 4781 -2
3460 3766 -2
3462 3686 2
3466 3555 -2
3466 3862 2
3468 4563 2
3468 4635 -2
3468 3708 -2
3469 4150 -2
3471 4250 -2
3472 4618 -2
3472 4725 2
3473 4913 -2
3476 3544 -2
3476 4613 2
3476 3761 -2
3477 3625 2
3478 3515 -2
3478 3810 2
3479 3863 -2
3479 4804 2
3480 3645 -2
3482 4283 -2
3482 4607 -2
3482 4628 -2
3482 4300 -2
3487 3598 2
3487 4912 -2
3488 4763 -2
3489 4044 2
3489 3731 2
3489 3911 -2
3490 4100 2
3490 4046 2
3490 4455 2
3491 3624 2
3491 4366 -2
3492 3868 2
3492 4561 -2
3492 4672 -2
3493 3883 -2
3495 3624 -2
3495 3653 2
3495 4525 2
3495 4036 -2
3498 4984 -2
3498 4659 2
3498 4134 2
3498 4248 2
3499 3638 -2
3499 4478 2
3499 4629 -2
3500 3805 2
3500 3969 2
3501 3731 2
3502 4075 2
3503 4328 2
3505 3784 -2
3505 4158 2
3506 3662 2
3508 4257 -2
3509 4513 -2
3510 4504 -2
3510 4649 2
3511 3931 -2
3512 4142 2
3514 4301 2
3515 3734 2
3516 3988 2
3516 4107 2
3516 4190 -2
3517 3531 2
3517 4104 -2
3517 4314 2
3518 3680 2
3518 3770 2
3521 4004 2
3522 3984 2
3522 4633 -2
3523 3904 2
3524 4272 2
3526 4456 2
3527 3839 2
3528 4230 -2
3529 3786 2
3529 4557 -2
3533 4638 -2
3533 4700 2
3534 4714 -2
3536 3729 2
3536 4747 -2
3536 4540 2
3536 4729 2
3539 4096 -2
3541 4334 -2
3541 4893 -2
3542 4385 -2
3542 4896 -2
3544 3927 2
3546 3793 -2
3549 4422 2
3549 4824 -2
3551 3701 -2
3552 4849 -2
3554 4212 -2
3554 4259 -2
3554 4520 -2
3554 4657 -2
3555 4583 2
3557 3745 -2
3557 4137 2
3557 4510 -2
3559 3736 -2
3559 4160 -2
3560 3609 -2
3560 4284 -2
3562 4269 2
3564 3739 2
3564 3741 2
3566 4585 -2
3566 3612 2
3568 4041 -2
3570 4467 -2
3571 4097 -2
3571 4631 2
3573 4224 2
3573 4462 2
3573 4924 2
3574 3763 -2
3574 4420 2
3574 4623 -2
3575 3830 2
3578 4300 -2
3581 4053 2
3586 4888 -2
3586 3587 2
3586 3674 -2
3587 3820 2
3588 4182 2
3589 4081 -2
3589 4459 2
3589 4530 2
3590 4368 -2
3590 4348 -2
3591 3614 -2
3591 4455 2
3592 4544 2
3593 4968 2
3593 4019 -2
3593 4885 2
3593 3718 -2
3594 3596 2
3594 4534 2
3594 4208 -2
3595 4559 2
3595 3752 -2
3596 3675 2
3596 4027 2
3596 4534 2
3597 4605 2
3599 3896 2
3600 3824 2
3601 3936 -2
3601 4106 2
3601 4787 2
3602 4016 2
3602 4025 2
3603 3837 -2
3604 4544 2
3607 4836 2
3608 4408 2
3610 3800 -2
3610 3955 2
3610 4053 2
3611 4691 -2
3614 4455 2
3616 4954 2
3617 3669 2
3617 3872 -2
3617 4144 -2
3618 4093 2
3619 4484 2
3619 4630 2
3621 4333 2
3622 4225 2
3623 4660 2
3623 4076 -2
3623 4829 -2
3624 4366 2
3628 3846 -2
3628 4175 2
3628 4351 -2
3628 4512 2
3629 4996 2
3631 3879 2
3632 4738 2
3635 3908 -2
3635 4866 -2
3636 4756 -2
3636 4706 -2
3637 4940 2
3639 3751 2
3640 4880 -2
3641 3768 2
3642 3939 -2
3643 4731 -2
3644 4885 -2
3645 4029 2
3647 3810 -2
3650 4088 2
3650 4247 2
3652 4362 2
3652 4966 -2
3653 4525 2
3654 3899 -2
3656 3923 2
3656 4540 2
3656 4061 2
3657 4635 -2
3658 4644 2
3661 4318 -2
3662 4045 2
3663 4178 2
3664 3748 2
3664 4867 -2
3665 4685 2
3667 4011 -2
3667 4021 -2
3669 3872 -2
3669 3883 -2
3669 4144 -2
3669 4192 2
3671 3675 2
3673 4175 -2
3675 4027 -2
3675 4022 -2
3676 4857 2
3678 3990 -2
3678 4015 2
3678 4294 -2
3680 4546 -2
3681 4194 2
3681 4886 2
3684 3890 -2
3685 4040 2
3687 4493 -2
3688 3989 2
3688 3728 -2
3689 3915 2
3690 3773 -2
3690 3951 -2
3690 4441 2
3693 3973 2
3693 4118 -2
3694 3854 2
3694 4227 -2
3694 4826 -2
3695 4929 -2
3699 3842 -2
3699 4362 2
3701 4199 -2
3701 4298 2
3703 4519 -2
3704 4765 2
3706 4678 2
3707 4558 2
3708 3795 -2
3709 3732 2
3712 3801 -2
3712 4614 -2
3713 4098 2
3713 4565 -2
3714 4543 2
3714 4902 -2
3715 4616 2
3715 4803 -2
3718 3819 2
3721 3754 2
3722 3959 -2
3723 3782 -2
3724 3821 2
3724 4122 2
3726 3971 2
3726 3929 -2
3729 4326 2
3729 4375 -2
3731 4953 2
3732 4620 -2
3732 4308 -2
3732 4586 -2
3733 4470 2
3734 3829 2
3736 4574 2
3736 4427 -2
3736 4904 -2
3739 4918 2
3742 4340 -2
3742 4579 -2
3743 4742 -2
3743 4754 -2
3744 3891 -2
3744 4351 -2
3744 3869 2
3744 4897 -2
3745 4137 -2
3745 4092 2
3745 4331 2
3747 4783 -2
3747 4445 2
3748 4867 -2
3748 3936 -2
3749 4062 2
3758 3836 -2
3765 4317 -2
3768 3978 2
3768 4207 -2
3768 4651 2
3769 3843 2
3769 4639 -2
3771 3888 2
3772 4926 2
3774 4223 -2
3775 3926 2
3775 3783 -2
3776 3954 -2
3776 3982 2
3777 4953 -2
3779 4641 -2
3780 4666 -2
3780 3994 -2
3781 3921 -2
3781 4046 2
3784 4158 -2
3787 4073 2
3787 4200 2
3788 4307 2
3789 4523 2
3789 4668 -2
3789 4827 2
3792 4994 2
3794 4905 -2
3794 4428 2
3797 4113 -2
3798 4587 2
3801 4643 2
3801 4785 -2
3802 4600 -2
3803 4717 -2
3803 4008 -2
3805 3816 -2
3805 3969 -2
3806 4338 2
3809 3866 -2
3811 4168 2
3813 4944 -2
3815 4380 -2
3817 4744 2
3817 4504 2
3817 4542 2
3818 4764 -2
3819 4082 -2
3819 4164 2
3821 3876 2
3821 4244 -2
3822 4578 -2
3824 4235 -2
3824 4876 -2
3825 3993 2
3827 4951 2
3828 4918 2
3830 4357 2
3831 4923 2
3836 3896 -2
3837 3969 -2
3837 4727 2
3841 4037 2
3841 4415 -2
3844 4533 2
3846 4175 2
3846 4373 2
3846 4943 2
3847 4397 -2
3847 4443 2
3848 4576 -2
3850 4006 -2
3850 4105 -2
3852 4518 2
3852 4654 -2
3853 4696 -2
3853 4756 -2
3854 4826 2
3859 4979 2
3868 3891 2
3868 4420 2
3869 4079 2
3869 4897 2
3870 4797 -2
3871 4415 2
3872 3883 2
3872 4746 -2
3873 4395 -2
3873 4627 -2
3873 4881 2
3875 3949 2
3875 4908 -2
3881 4368 -2
3881 4982 2
3882 4547 -2
3883 4993 -2
3884 4020 -2
3884 4231 -2
3884 4929 -2
3885 4841 2
3885 4733 2
3886 4016 -2
3886 4191 -2
3886 4636 2
3886 3940 -2
3886 4843 -2
3889 4273 2
3889 4771 2
3890 3910 2
3891 4113 -2
3891 4341 2
3891 4351 -2
3893 4090 -2
3898 4008 2
3898 4839 2
3900 4488 -2
3901 4447 -2
3904 4065 -2
3904 4222 2
3905 4030 -2
3906 4361 -2
3907 4820 2
3908 4866 -2
3910 4319 2
3913 4409 -2
3916 4129 -2
3917 4589 2
3918 4285 2
3919 4552 -2
3923 4305 2
3924 4130 2
3928 4304 -2
3936 4106 2
3937 4549 2
3940 4606 -2
3941 3980 -2
3941 4171 2
3943 4126 -2
3944 4782 2
3944 4809 2
3945 4705 -2
3946 3959 -2
3946 4830 2
3949 4908 2
3951 4441 2
3954 3982 -2
3961 4196 2
3963 4096 2
3963 4268 2
3964 4661 -2
3964 4842 2
3965 4641 2
3967 4193 2
3968 4500 2
3969 4611 2
3970 4670 -2
3971 4678 -2
3973 4065 -2
3973 4118 2
3975 4646 2
3975 4894 -2
3975 4959 2
3976 4981 2
3978 4102 -2
3979 4980 2
3980 4970 -2
3980 4171 2
3984 4633 2
3985 3999 -2
3987 4196 2
3988 4388 2
3989 4597 2
3991 4693 -2
3994 3996 2
3994 4568 2
3995 4083 2
3995 4533 2
3998 4657 2
3998 4856 2
4000 4106 2
4001 4288 2
4001 4379 -2
4002 4337 -2
4002 4967 -2
4006 4105 -2
4006 4975 2
4006 4176 -2
4009 4387 2
4011 4021 -2
4012 4466 -2
4012 4729 2
4013 4945 -2
4014 4827 -2
4015 4294 -2
4016 4191 -2
4016 4636 -2
4016 4025 -2
4016 4028 -2
4017 4593 2
4017 4785 2
4019 4280 -2
4019 4356 2
4019 4464 -2
4019 4774 2
4022 4430 2
4022 4989 2
4025 4028 2
4026 4440 -2
4032 4208 2
4032 4229 -2
4037 4925 -2
4037 4415 -2
4040 4342 2
4042 4850 -2
4043 4766 2
4045 4656 2
4046 4455 -2
4048 4846 2
4049 4299 2
4049 4931 -2
4049 4260 -2
4049 4370 2
4049 4582 -2
4051 4344 -2
4058 4691 -2
4059 4947 -2
4059 4685 2
4062 4449 -2
4063 4711 2
4069 4202 -2
4069 4336 -2
4071 4167 2
4071 4502 -2
4071 4514 -2
4071 4736 -2
4072 4329 2
4073 4472 -2
4076 4511 -2
4076 4532 2
4077 4515 -2
4077 4365 -2
4078 4322 2
4078 4569 -2
4078 4755 2
4081 4459 -2
4082 4791 -2
4082 4164 2
4084 4089 2
4086 4547 2
4088 4883 -2
4092 4809 -2
4092 4331 -2
4093 4634 -2
4094 4821 2
4095 4856 2
4095 4098 -2
4095 4136 2
4097 4631 2
4098 4136 2
4104 4903 -2
4107 4190 -2
4108 4917 -2
4108 4151 2
4108 4541 -2
4111 4877 2
4113 4341 2
4119 4256 2
4120 4783 2
4126 4947 -2
4128 4714 2
4131 4619 2
4132 4357 2
4132 4531 2
4134 4217 -2
4134 4248 -2
4137 4510 -2
4137 4704 -2
4138 4451 -2
4139 4674 -2
4142 4683 -2
4144 4675 -2
4145 4817 2
4146 4794 -2
4148 4473 2
4149 4695 -2
4150 4726 -2
4151 4541 -2
4153 4178 2
4161 4177 -2
4161 4490 2
4163 4812 -2
4164 4887 -2
4165 4345 -2
4167 4502 2
4167 4514 -2
4167 4736 2
4167 4801 -2
4170 4755 -2
4177 4490 -2
4179 4914 -2
4179 4382 -2
4181 4398 -2
4182 4474 -2
4182 4535 2
4183 4289 -2
4183 4424 2
4183 4486 -2
4183 4566 -2
4183 4845 -2
4186 4353 -2
4186 4442 2
4186 4461 2
4188 4732 -2
4191 4636 2
4195 4668 2
4197 4689 -2
4199 4298 -2
4201 4332 -2
4203 4738 -2
4205 4282 2
4206 4812 2
4207 4498 -2
4207 4651 2
4208 4229 -2
4209 4813 -2
4212 4259 2
4214 4418 2
4214 4945 -2
4214 4835 -2
4220 4281 2
4223 4273 -2
4223 4862 -2
4224 4462 2
4225 4554 2
4226 4302 2
4228 4579 -2
4235 4876 2
4236 4256 -2
4241 4495 2
4241 4615 2
4243 4387 2
4249 4979 2
4249 4970 -2
4249 4701 -2
4254 4667 -2
4254 4707 -2
4258 4746 -2
4260 4582 -2
4261 4684 2
4263 4825 2
4264 4786 -2
4265 4473 -2
4268 4287 -2
4269 4539 2
4273 4862 -2
4273 4771 2
4274 4448 2
4280 4356 -2
4287 4830 2
4289 4424 -2
4289 4845 -2
4289 4575 -2
4289 4911 -2
4293 4507 2
4295 4761 2
4297 4682 2
4302 4697 2
4309 4497 -2
4311 4987 2
4313 4371 -2
4313 4887 -2
4321 4396 -2
4322 4553 -2
4322 4569 2
4324 4524 2
4329 4766 -2
4332 4846 -2
4339 4936 2
4340 4589 -2
4347 4921 2
4348 4914 2
4350 4618 -2
4353 4442 -2
4353 4461 -2
4353 4797 2
4354 4992 -2
4356 4464 -2
4357 4531 2
4363 4951 2
4363 4741 -2
4366 4709 -2
4366 4962 -2
4370 4987 -2
4373 4943 -2
4377 4952 -2
4380 4640 2
4381 4745 2
4383 4601 2
4389 4521 -2
4390 4571 2
4390 4702 2
4392 4556 2
4392 4593 2
4395 4881 -2
4399 4997 -2
4400 4502 2
4400 4861 -2
4402 4825 -2
4402 4916 -2
4403 4489 -2
4403 4485 2
4405 4814 2
4405 4782 -2
4405 4845 2
4413 4588 -2
4418 4945 -2
4420 4623 -2
4424 4845 2
4426 4562 2
4427 4909 -2
4434 4441 -2
4434 4590 2
4434 4717 -2
4434 4724 2
4435 4789 2
4435 4948 2
4437 4514 2
4441 4590 2
4441 4647 2
4442 4461 2
4444 4651 -2
4444 4681 -2
4444 4859 2
4444 4890 -2
4446 4501 -2
4450 4988 -2
4454 4776 -2
4454 4936 -2
4460 4500 -2
4462 4662 -2
4463 4496 -2
4465 4958 2
4474 4535 -2
4475 4900 2
4478 4865 2
4481 4961 -2
4481 4602 -2
4484 4630 -2
4488 4592 2
4494 4522 -2
4498 4923 -2
4502 4861 2
4502 4514 -2
4503 4558 -2
4503 4878 -2
4504 4649 -2
4504 4542 -2
4510 4704 2
4511 4532 -2
4523 4668 -2
4523 4713 -2
4523 4874 2
4524 4814 2
4529 4639 -2
4530 4630 2
4546 4909 2
4554 4611 2
4556 4593 2
4557 4606 2
4558 4878 -2
4558 4901 -2
4560 4932 -2
4561 4836 2
4566 4682 -2
4570 4874 2
4571 4702 -2
4584 4807 2
4586 4934 -2
4590 4659 2
4594 4690 2
4595 4965 2
4595 4687 -2
4596 4895 -2
4599 4917 -2
4603 4823 2
4603 4961 2
4607 4628 2
4612 4983 -2
4616 4803 2
4618 4725 -2
4620 4686 -2
4628 4709 2
4637 4991 -2
4640 4721 -2
4643 4785 -2
4650 4944 -2
4651 4681 -2
4654 4981 2
4656 4677 2
4657 4701 -2
4659 4984 -2
4661 4968 -2
4662 4884 -2
4666 4942 2
4667 4707 -2
4667 4962 2
4669 4824 -2
4669 4870 2
4687 4965 -2
4688 4976 2
4692 4877 -2
4693 4716 2
4700 4805 2
4701 4970 2
4710 4744 -2
4712 4952 2
4713 4874 -2
4718 4897 -2
4742 4754 -2
4747 4898 2
4769 4794 2
4776 4936 2
4779 4977 -2
4789 4948 -2
4789 4854 2
4815 4850 -2
4825 4916 2
4832 4966 -2
4844 4984 -2
4851 4855 2
4853 4930 2
4859 4890 2
4872 4958 -2
4885 4986 2
4885 4968 -2
4925 4965 2
4942 4982 -2
4946 4998 2
4968 4986 -2
0 0 21
1 1 1
2 2 -16
3 3 23
4 4 3
5 5 -3
6 6 17
7 7 7
8 8 -7
9 9 -23
10 10 -24
11 11 -5
12 12 -4
13 13 -7
14 14 8
16 16 -16
17 17 12
18 18 13
19 19 15
20 20 8
21 21 5
22 22 5
24 24 5
25 25 -8
26 26 -16
27 27 8
28 28 -9
29 29 -2
30 30 5
31 31 -3
32 32 -5
33 33 -4
34 34 -7
36 36 8
37 37 -2
38 38 -11
39 39 13
40 40 5
41 41 -4
42 42 3
43 43 -4
44 44 2
45 45 -6
46 46 2
47 47 5
48 48 -8
49 49 -5
50 50 8
51 51 -12
52 52 7
53 53 -1
54 54 1
55 55 -4
56 56 -2
57 57 1
58 58 3
59 59 2
60 60 1
61 61 18
62 62 -3
63 63 10
64 64 4
65 65 -4
66 66 11
67 67 10
68 68 14
69 69 2
70 70 -4
71 71 4
72 72 -4
74 74 12
75 75 8
76 76 -5
77 77 -1
78 78 2
79 79 -1
80 80 5
81 81 5
82 82 -1
83 83 -3
84 84 11
85 85 5
86 86 5
87 87 4
88 88 -4
89 89 27
90 90 5
91 91 5
92 92 -8
93 93 1
94 94 -3
95 95 -5
96 96 -12
97 97 5
98 98 -2
99 99 -1
100 100 -5
101 101 -6
102 102 -2
103 103 1
104 104 -5
105 105 -8
106 106 2
107 107 9
108 108 2
109 109 5
110 110 7
111 111 18
112 112 5
113 113 2
114 114 -6
115 115 -3
116 116 -11
117 117 -2
118 118 -3
120 120 -5
121 121 9
122 122 -2
123 123 3
124 124 9
125 125 -6
126 126 -4
127 127 -1
128 128 -7
129 129 6
130 130 1
131 131 -2
132 132 5
133 133 4
134 134 -8
135 135 -5
136 136 2
137 137 5
138 138 -2
139 139 -1
140 140 -5
141 141 -3
143 143 7
144 144 -3
145 145 -5
146 146 -8
147 147 -4
148 148 -1
149 149 3
150 150 -3
151 151 -1
152 152 10
153 153 4
154 154 -16
155 155 -4
156 156 -9
157 157 -5
158 158 6
159 159 1
160 160 3
161 161 -5
162 162 -1
163 163 -7
164 164 -5
165 165 2
166 166 5
167 167 10
169 169 -9
170 170 -5
171 171 -3
172 172 -9
173 173 -8
174 174 -3
175 175 6
176 176 -9
177 177 7
178 178 -5
179 179 6
180 180 -9
181 181 12
182 182 -2
184 184 5
185 185 2
187 187 9
188 188 -10
189 189 1
190 190 -10
191 191 -3
192 192 -2
193 193 -2
194 194 -2
195 195 -7
196 196 -1
197 197 1
198 198 4
199 199 -1
200 200 -7
202 202 6
203 203 5
204 204 4
205 205 -18
206 206 1
207 207 1
209 209 -10
210 210 9
211 211 6
212 212 6
213 213 4
214 214 -6
215 215 -1
216 216 -5
217 217 -1
218 218 1
219 219 1
220 220 3
221 221 -4
223 223 3
224 224 -8
225 225 1
226 226 -3
227 227 -5
228 228 2
229 229 2
230 230 4
231 231 -9
232 232 4
233 233 1
234 234 5
235 235 -1
236 236 3
237 237 -4
238 238 4
239 239 9
240 240 5
241 241 4
242 242 4
243 243 -2
244 244 4
245 245 -3
246 246 1
247 247 -3
248 248 8
249 249 -3
250 250 -14
251 251 2
252 252 -8
253 253 5
254 254 -2
256 256 -3
257 257 4
258 258 -3
259 259 -5
260 260 -1
261 261 -9
262 262 -4
263 263 -2
264 264 2
265 265 -2
266 266 7
267 267 7
268 268 1
269 269 3
270 270 4
271 271 3
272 272 -4
273 273 1
274 274 5
275 275 1
276 276 6
277 277 -3
278 278 9
279 279 1
280 280 -1
281 281 4
282 282 4
283 283 8
284 284 3
285 285 1
286 286 1
287 287 -4
289 289 1
290 290 -3
291 291 -4
292 292 4
293 293 -2
294 294 -2
295 295 -4
296 296 -7
297 297 7
298 298 4
299 299 3
300 300 -5
301 301 -2
302 302 10
303 303 -1
304 304 -7
305 305 2
306 306 5
308 308 -1
309 309 -11
310 310 -1
311 311 -8
312 312 -10
313 313 22
314 314 -8
315 315 -2
317 317 3
318 318 -4
319 319 9
320 320 1
321 321 6
322 322 -1
323 323 9
324 324 -1
325 325 2
327 327 3
328 328 -2
329 329 1
330 330 -1
331 331 4
333 333 5
334 334 5
335 335 7
336 336 -7
337 337 4
338 338 -9
339 339 8
340 340 4
341 341 9
342 342 3
343 343 -1
344 344 -7
345 345 -6
347 347 7
348 348 -1
349 349 3
350 350 -1
351 351 -5
352 352 1
353 353 7
354 354 1
355 355 -1
356 356 -4
357 357 3
358 358 -1
359 359 2
360 360 -3
361 361 2
362 362 -4
363 363 7
364 364 1
365 365 2
366 366 -10
367 367 4
368 368 -6
369 369 3
370 370 5
371 371 3
372 372 2
373 373 5
374 374 -2
377 377 -5
378 378 -4
379 379 4
382 382 4
383 383 -3
384 384 2
385 385 -2
386 386 -5
388 388 -4
389 389 -3
390 390 4
391 391 -2
392 392 6
393 393 -3
394 394 3
395 395 -2
396 396 -6
398 398 4
399 399 5
400 400 -1
401 401 -13
402 402 5
403 403 2
404 404 -1
405 405 -6
406 406 -2
407 407 3
408 408 6
409 409 1
410 410 4
411 411 2
412 412 -1
413 413 4
414 414 8
415 415 1
416 416 -4
418 418 4
419 419 2
420 420 -5
421 421 -6
422 422 -2
423 423 7
425 425 8
426 426 4
427 427 6
428 428 5
429 429 4
430 430 2
431 431 3
432 432 3
433 433 1
434 434 -5
436 436 3
437 437 4
438 438 6
440 440 -8
441 441 5
442 442 -5
443 443 -1
444 444 -6
445 445 -3
446 446 -2
447 447 1
448 448 1
449 449 10
450 450 6
451 451 -3
452 452 -10
453 453 -4
454 454 -7
456 456 2
457 457 -3
458 458 2
459 459 4
461 461 -1
462 462 1
463 463 -1
464 464 6
465 465 9
466 466 8
467 467 3
468 468 -3
469 469 -2
470 470 3
471 471 4
472 472 -2
473 473 3
474 474 -5
475 475 -8
476 476 2
477 477 -8
478 478 2
479 479 -7
480 480 -3
481 481 -6
482 482 6
483 483 -1
484 484 4
485 485 5
486 486 3
487 487 -3
488 488 -8
489 489 -4
490 490 -1
491 491 -3
492 492 -3
493 493 3
494 494 2
495 495 8
496 496 -6
497 497 -1
498 498 1
499 499 -6
500 500 -1
503 503 1
504 504 -1
505 505 -2
506 506 1
507 507 -4
508 508 -4
509 509 -2
510 510 1
511 511 1
512 512 7
513 513 -1
514 514 2
516 516 -1
517 517 -2
518 518 3
519 519 -3
520 520 2
521 521 2
522 522 -2
523 523 -1
524 524 -4
525 525 7
526 526 -2
527 527 2
528 528 -3
529 529 9
530 530 -1
531 531 -3
533 533 4
534 534 -2
536 536 -6
537 537 -7
538 538 -1
539 539 -7
540 540 6
541 541 8
542 542 -4
543 543 7
544 544 -4
545 545 -1
546 546 -7
547 547 1
548 548 8
549 549 3
551 551 -6
552 552 3
553 553 1
554 554 6
555 555 -1
556 556 3
557 557 5
558 558 3
559 559 -4
560 560 6
562 562 7
563 563 1
564 564 2
565 565 -3
566 566 5
567 567 -1
568 568 -7
569 569 8
570 570 4
571 571 -1
572 572 -1
573 573 -4
574 574 -8
575 575 -2
576 576 -2
577 577 6
578 578 1
579 579 -3
580 580 -2
581 581 -4
583 583 5
584 584 3
585 585 4
587 587 -4
588 588 -4
590 590 -6
591 591 -12
592 592 -3
593 593 -4
594 594 2
595 595 1
596 596 5
597 597 -4
598 598 2
599 599 -8
600 600 -4
601 601 10
602 602 1
603 603 -1
604 604 -2
605 605 3
606 606 -3
607 607 8
608 608 -6
609 609 7
610 610 -3
611 611 -8
612 612 4
613 613 -1
614 614 1
615 615 -2
616 616 -2
617 617 3
618 618 -2
619 619 11
620 620 -1
621 621 2
623 623 -4
624 624 3
625 625 -2
626 626 -4
627 627 -5
628 628 -9
629 629 1
630 630 3
631 631 -7
632 632 1
633 633 2
634 634 -8
635 635 -2
636 636 -3
637 637 1
638 638 3
639 639 -2
641 641 2
642 642 8
643 643 7
646 646 -1
647 647 -4
648 648 6
649 649 10
650 650 -2
651 651 8
652 652 3
653 653 -1
655 655 4
656 656 11
657 657 2
659 659 7
660 660 -6
661 661 4
662 662 -1
663 663 2
665 665 1
666 666 -5
667 667 -1
668 668 -2
669 669 4
670 670 -6
672 672 3
673 673 -1
674 674 -2
675 675 -10
676 676 2
677 677 -2
678 678 -2
680 680 -6
681 681 4
682 682 3
683 683 5
684 684 -4
685 685 12
686 686 -1
688 688 -6
690 690 -3
691 691 3
692 692 -1
693 693 -3
694 694 -2
695 695 -4
696 696 3
697 697 -3
698 698 11
699 699 2
700 700 -2
701 701 -1
702 702 -4
703 703 3
704 704 1
707 707 3
708 708 1
709 709 1
711 711 6
712 712 -1
713 713 -3
714 714 -3
715 715 -9
716 716 6
717 717 -2
718 718 -2
719 719 -6
720 720 3
721 721 -4
722 722 3
723 723 -7
724 724 -3
725 725 -2
727 727 -4
728 728 3
729 729 2
731 731 -6
732 732 -5
733 733 2
735 735 1
736 736 -4
737 737 8
738 738 1
739 739 -4
740 740 1
741 741 1
742 742 -6
743 743 -10
744 744 -3
745 745 2
746 746 2
747 747 1
749 749 5
750 750 11
751 751 -4
752 752 -1
753 753 6
754 754 15
755 755 3
756 756 -9
757 757 -3
759 759 1
760 760 2
761 761 3
762 762 -1
763 763 -3
764 764 1
765 765 -7
766 766 1
767 767 -1
768 768 3
769 769 -1
771 771 -2
772 772 -4
773 773 -2
774 774 -3
775 775 -6
776 776 5
777 777 8
778 778 -4
779 779 1
780 780 7
781 781 -4
782 782 4
783 783 -2
784 784 3
785 785 -3
787 787 1
788 788 -1
789 789 2
790 790 -1
791 791 -2
792 792 -6
793 793 5
794 794 2
795 795 4
796 796 2
797 797 -5
798 798 1
799 799 -5
800 800 -4
801 801 2
802 802 -1
803 803 -1
805 805 -5
806 806 3
807 807 -1
808 808 -1
809 809 2
810 810 2
811 811 -6
812 812 -2
813 813 2
814 814 -4
816 816 -3
817 817 -2
818 818 -5
819 819 1
820 820 -1
821 821 -1
822 822 -2
823 823 2
824 824 -5
825 825 8
826 826 1
827 827 2
828 828 2
829 829 -1
830 830 2
831 831 -3
832 832 -9
833 833 6
834 834 -3
835 835 -3
836 836 -1
837 837 -6
838 838 -2
839 839 -2
840 840 -1
841 841 -4
842 842 3
843 843 3
844 844 -3
845 845 2
846 846 -1
847 847 -1
848 848 -4
849 849 1
850 850 -6
851 851 2
852 852 5
853 853 6
854 854 1
855 855 1
856 856 2
857 857 3
858 858 -1
860 860 -2
862 862 1
863 863 -4
864 864 -6
865 865 2
866 866 -2
867 867 9
868 868 1
869 869 -6
870 870 1
871 871 6
872 872 1
873 873 3
874 874 1
875 875 -1
876 876 1
877 877 -4
878 878 3
879 879 3
880 880 -2
881 881 2
883 883 2
884 884 1
885 885 -8
886 886 4
887 887 -4
888 888 2
889 889 3
890 890 -8
891 891 5
892 892 5
893 893 -6
894 894 -4
895 895 -5
896 896 -1
897 897 3
898 898 -1
899 899 -6
900 900 -3
901 901 -3
902 902 3
903 903 1
904 904 -2
905 905 -1
906 906 -2
907 907 -5
908 908 1
909 909 3
910 910 2
911 911 1
912 912 -3
913 913 4
914 914 -1
915 915 -4
916 916 2
917 917 -2
918 918 8
919 919 -2
920 920 -5
921 921 -3
923 923 -5
924 924 2
925 925 -2
926 926 -1
927 927 -2
928 928 -3
929 929 3
930 930 -1
931 931 5
932 932 2
933 933 -5
934 934 -8
935 935 -2
936 936 4
937 937 -3
938 938 1
939 939 1
940 940 -6
941 941 -2
942 942 -3
943 943 5
944 944 1
945 945 -4
946 946 4
947 947 3
948 948 -6
949 949 3
950 950 -7
951 951 6
952 952 -5
953 953 3
954 954 -3
955 955 1
956 956 -4
957 957 -2
958 958 -9
959 959 2
960 960 -3
961 961 2
963 963 1
964 964 -2
966 966 3
967 967 7
971 971 -9
972 972 3
973 973 1
974 974 1
975 975 5
976 976 3
977 977 4
978 978 8
979 979 -6
980 980 -2
981 981 -1
982 982 4
983 983 7
984 984 6
985 985 2
986 986 1
987 987 -4
988 988 -1
989 989 1
990 990 -3
991 991 1
992 992 1
994 994 1
995 995 3
997 997 -3
998 998 -3
1000 1000 4
1001 1001 -3
1003 1003 -2
1005 1005 1
1006 1006 1
1007 1007 -3
1008 1008 1
1009 1009 6
1011 1011 -3
1012 1012 -6
1013 1013 1
1014 1014 -2
1015 1015 -1
1016 1016 -4
1017 1017 4
1018 1018 -3
1019 1019 2
1021 1021 2
1022 1022 -5
1023 1023 -2
1025 1025 -3
1026 1026 3
1027 1027 -3
1028 1028 1
1029 1029 7
1030 1030 -2
1031 1031 -1
1032 1032 -3
1034 1034 -2
1035 1035 2
1036 1036 -5
1037 1037 -5
1039 1039 6
1041 1041 -5
1042 1042 3
1043 1043 -7
1044 1044 1
1045 1045 1
1046 1046 -1
1048 1048 -2
1049 1049 4
1050 1050 -2
1051 1051 3
1052 1052 -2
1053 1053 2
1054 1054 -4
1055 1055 2
1056 1056 -5
1057 1057 1
1058 1058 -2
1059 1059 -4
1061 1061 7
1062 1062 1
1063 1063 -7
1064 1064 -5
1065 1065 2
1066 1066 1
1068 1068 -3
1069 1069 -5
1071 1071 8
1073 1073 1
1074 1074 -4
1075 1075 -10
1076 1076 4
1078 1078 1
1080 1080 -2
1081 1081 6
1083 1083 -5
1084 1084 -10
1085 1085 -3
1086 1086 3
1087 1087 -3
1088 1088 -5
1089 1089 2
1090 1090 4
1091 1091 -2
1092 1092 2
1093 1093 1
1094 1094 1
1095 1095 4
1096 1096 -2
1097 1097 -1
1098 1098 5
1100 1100 -4
1101 1101 -3
1102 1102 6
1103 1103 8
1105 1105 -2
1106 1106 -3
1107 1107 -2
1108 1108 -3
1109 1109 1
1110 1110 6
1111 1111 -3
1112 1112 -5
1114 1114 -2
1116 1116 -4
1117 1117 -11
1118 1118 -3
1119 1119 -2
1120 1120 -3
1121 1121 -11
1122 1122 4
1123 1123 6
1124 1124 -3
1125 1125 -1
1126 1126 -3
1127 1127 -3
1128 1128 1
1129 1129 1
1130 1130 8
1131 1131 -10
1132 1132 4
1133 1133 -2
1134 1134 -3
1135 1135 -3
1136 1136 2
1137 1137 8
1138 1138 -4
1140 1140 5
1141 1141 2
1142 1142 4
1143 1143 2
1144 1144 12
1146 1146 3
1147 1147 -1
1148 1148 -6
1150 1150 -2
1151 1151 -4
1152 1152 4
1153 1153 -2
1155 1155 1
1157 1157 -2
1159 1159 -4
1160 1160 -3
1161 1161 3
1162 1162 -3
1163 1163 -1
1164 1164 6
1165 1165 4
1166 1166 -3
1167 1167 -2
1168 1168 3
1170 1170 -4
1171 1171 1
1172 1172 -6
1173 1173 2
1174 1174 2
1175 1175 -2
1176 1176 -4
1177 1177 -4
1178 1178 6
1179 1179 3
1180 1180 2
1181 1181 -3
1182 1182 -4
1183 1183 1
1184 1184 4
1186 1186 -6
1187 1187 -2
1188 1188 -5
1189 1189 -1
1190 1190 -1
1192 1192 -6
1193 1193 -4
1194 1194 -3
1195 1195 4
1196 1196 4
1197 1197 3
1198 1198 1
1200 1200 1
1201 1201 -1
1202 1202 3
1203 1203 2
1204 1204 3
1206 1206 3
1207 1207 5
1208 1208 -8
1209 1209 1
1210 1210 -8
1212 1212 -5
1213 1213 1
1214 1214 -1
1215 1215 -1
1216 1216 1
1217 1217 2
1218 1218 -1
1219 1219 -4
1220 1220 -3
1221 1221 -2
1222 1222 2
1223 1223 1
1224 1224 -2
1225 1225 -4
1226 1226 -1
1227 1227 3
1228 1228 -8
1229 1229 -2
1230 1230 -1
1231 1231 -1
1232 1232 1
1233 1233 -4
1234 1234 2
1235 1235 2
1237 1237 -4
1238 1238 1
1239 1239 -5
1240 1240 -2
1242 1242 3
1243 1243 6
1244 1244 -1
1245 1245 -2
1246 1246 -3
1247 1247 -3
1248 1248 -7
1249 1249 2
1250 1250 4
1251 1251 -4
1252 1252 2
1253 1253 -3
1255 1255 -2
1256 1256 -1
1257 1257 -8
1258 1258 1
1260 1260 1
1261 1261 -1
1262 1262 4
1263 1263 -1
1264 1264 2
1266 1266 5
1267 1267 -7
1268 1268 6
1270 1270 1
1271 1271 3
1273 1273 4
1274 1274 1
1275 1275 -3
1277 1277 -6
1278 1278 2
1279 1279 4
1280 1280 -1
1281 1281 3
1282 1282 3
1283 1283 -4
1284 1284 6
1286 1286 9
1287 1287 -5
1288 1288 -3
1289 1289 -1
1290 1290 -3
1291 1291 4
1292 1292 1
1293 1293 -1
1294 1294 5
1295 1295 -2
1296 1296 -3
1297 1297 5
1299 1299 -2
1300 1300 -5
1301 1301 -9
1302 1302 1
1303 1303 -2
1305 1305 2
1306 1306 4
1307 1307 -4
1308 1308 1
1309 1309 1
1311 1311 -2
1312 1312 -11
1313 1313 -2
1314 1314 -1
1315 1315 3
1316 1316 2
1318 1318 5
1319 1319 1
1321 1321 -4
1322 1322 9
1324 1324 -2
1325 1325 3
1326 1326 2
1327 1327 2
1328 1328 -2
1330 1330 10
1331 1331 6
1332 1332 6
1334 1334 -2
1335 1335 -5
1336 1336 -5
1338 1338 5
1339 1339 6
1340 1340 3
1341 1341 -3
1342 1342 5
1343 1343 4
1344 1344 -4
1345 1345 2
1346 1346 -6
1347 1347 2
1348 1348 -1
1349 1349 -5
1350 1350 -2
1351 1351 2
1353 1353 1
1354 1354 -1
1355 1355 -2
1356 1356 4
1357 1357 -4
1358 1358 -5
1359 1359 -2
1360 1360 -5
1361 1361 -2
1362 1362 -2
1363 1363 1
1364 1364 2
1365 1365 -2
1367 1367 5
1368 1368 -2
1369 1369 2
1370 1370 7
1371 1371 5
1372 1372 -1
1373 1373 -4
1374 1374 2
1375 1375 1
1376 1376 -3
1379 1379 -1
1380 1380 -5
1381 1381 7
1383 1383 2
1385 1385 -1
1386 1386 -2
1387 1387 6
1388 1388 -7
1389 1389 4
1390 1390 2
1391 1391 -1
1392 1392 3
1393 1393 2
1394 1394 2
1395 1395 -1
1396 1396 -2
1397 1397 -1
1398 1398 3
1400 1400 -1
1401 1401 2
1402 1402 4
1404 1404 -2
1405 1405 -2
1406 1406 -5
1407 1407 1
1409 1409 -3
1410 1410 -1
1411 1411 7
1412 1412 -2
1413 1413 1
1416 1416 -4
1417 1417 1
1418 1418 8
1419 1419 3
1420 1420 2
1421 1421 -1
1422 1422 2
1424 1424 1
1425 1425 3
1426 1426 4
1427 1427 -2
1428 1428 2
1430 1430 -6
1431 1431 5
1432 1432 5
1433 1433 -4
1434 1434 -9
1435 1435 -3
1436 1436 -4
1437 1437 1
1438 1438 3
1439 1439 2
1440 1440 3
1441 1441 -6
1442 1442 -2
1443 1443 -1
1444 1444 -3
1445 1445 3
1447 1447 1
1448 1448 -2
1449 1449 5
1450 1450 1
1451 1451 -5
1452 1452 -7
1453 1453 -3
1454 1454 5
1455 1455 -3
1456 1456 6
1457 1457 -4
1458 1458 -4
1459 1459 -1
1460 1460 1
1461 1461 -5
1462 1462 4
1463 1463 -2
1464 1464 1
1465 1465 6
1466 1466 3
1467 1467 2
1468 1468 6
1469 1469 -3
1470 1470 2
1471 1471 -1
1472 1472 -3
1473 1473 5
1474 1474 -3
1475 1475 -4
1478 1478 -2
1479 1479 4
1480 1480 -3
1481 1481 3
1482 1482 -2
1483 1483 -2
1484 1484 -3
1486 1486 4
1487 1487 1
1488 1488 -5
1489 1489 2
1490 1490 5
1491 1491 1
1493 1493 1
1494 1494 3
1495 1495 -1
1496 1496 -1
1497 1497 -3
1498 1498 -3
1499 1499 -1
1500 1500 -3
1502 1502 2
1504 1504 1
1505 1505 -3
1507 1507 3
1508 1508 -2
1510 1510 -2
1511 1511 -1
1513 1513 1
1514 1514 1
1515 1515 -1
1516 1516 3
1517 1517 -2
1518 1518 -3
1520 1520 -1
1521 1521 7
1522 1522 -1
1523 1523 4
1524 1524 -2
1525 1525 4
1526 1526 -4
1527 1527 -2
1528 1528 -1
1529 1529 -4
1530 1530 -2
1531 1531 4
1532 1532 1
1533 1533 -1
1534 1534 -1
1535 1535 -3
1537 1537 4
1538 1538 5
1540 1540 1
1541 1541 -1
1542 1542 5
1543 1543 2
1544 1544 2
1547 1547 4
1548 1548 2
1549 1549 -3
1550 1550 -6
1551 1551 -1
1552 1552 -4
1553 1553 2
1554 1554 1
1555 1555 -2
1557 1557 3
1558 1558 -1
1559 1559 -1
1561 1561 7
1562 1562 -6
1563 1563 -2
1564 1564 1
1565 1565 -3
1566 1566 -3
1567 1567 2
1569 1569 -1
1570 1570 5
1571 1571 1
1572 1572 1
1573 1573 -4
1574 1574 -2
1575 1575 -1
1576 1576 1
1577 1577 -1
1578 1578 3
1579 1579 3
1580 1580 -2
1581 1581 -2
1582 1582 3
1583 1583 5
1584 1584 6
1585 1585 1
1587 1587 2
1588 1588 -1
1589 1589 1
1590 1590 2
1591 1591 4
1592 1592 -3
1593 1593 -2
1594 1594 3
1595 1595 4
1596 1596 -1
1597 1597 1
1599 1599 -2
1600 1600 1
1601 1601 2
1602 1602 5
1603 1603 1
1604 1604 3
1605 1605 3
1607 1607 -1
1608 1608 1
1609 1609 -5
1610 1610 2
1611 1611 1
1612 1612 1
1613 1613 1
1614 1614 -2
1616 1616 1
1617 1617 3
1618 1618 3
1619 1619 3
1620 1620 2
1621 1621 -5
1622 1622 -3
1624 1624 -2
1625 1625 1
1627 1627 1
1628 1628 -1
1630 1630 3
1631 1631 -3
1632 1632 -3
1633 1633 -2
1634 1634 4
1635 1635 1
1636 1636 1
1637 1637 -4
1638 1638 -6
1639 1639 1
1640 1640 2
1641 1641 5
1642 1642 1
1643 1643 8
1644 1644 4
1645 1645 3
1646 1646 -3
1647 1647 -1
1649 1649 -3
1650 1650 -3
1651 1651 -5
1652 1652 -2
1654 1654 -6
1655 1655 7
1656 1656 -1
1657 1657 1
1658 1658 -1
1659 1659 2
1660 1660 3
1661 1661 3
1662 1662 -7
1663 1663 -2
1665 1665 1
1666 1666 -1
1667 1667 -5
1669 1669 -1
1670 1670 -2
1671 1671 -3
1674 1674 -2
1675 1675 1
1676 1676 1
1677 1677 1
1678 1678 -3
1679 1679 1
1680 1680 -1
1681 1681 2
1682 1682 4
1683 1683 2
1684 1684 3
1685 1685 -5
1686 1686 -2
1688 1688 3
1689 1689 -2
1690 1690 3
1691 1691 -4
1692 1692 3
1693 1693 -4
1694 1694 -4
1695 1695 4
1696 1696 -1
1697 1697 -2
1698 1698 -2
1699 1699 -2
1700 1700 -2
1701 1701 5
1702 1702 -8
1703 1703 -2
1704 1704 1
1705 1705 -3
1707 1707 -1
1708 1708 -3
1711 1711 5
1712 1712 -1
1714 1714 7
1715 1715 -3
1716 1716 4
1717 1717 -3
1718 1718 -4
1719 1719 1
1720 1720 -2
1723 1723 2
1724 1724 1
1725 1725 -1
1726 1726 3
1727 1727 -1
1728 1728 -5
1729 1729 -2
1730 1730 -3
1731 1731 5
1732 1732 4
1733 1733 -5
1734 1734 3
1735 1735 -3
1736 1736 -2
1737 1737 5
1738 1738 -2
1739 1739 1
1740 1740 -3
1741 1741 1
1742 1742 -2
1743 1743 1
1744 1744 -4
1745 1745 -2
1746 1746 -2
1748 1748 1
1749 1749 -7
1750 1750 -4
1751 1751 -4
1752 1752 -2
1755 1755 2
1756 1756 1
1757 1757 3
1758 1758 -6
1759 1759 6
1760 1760 5
1762 1762 1
1763 1763 3
1765 1765 3
1767 1767 3
1768 1768 -2
1769 1769 -2
1770 1770 3
1772 1772 -5
1773 1773 2
1774 1774 4
1775 1775 -1
1776 1776 5
1777 1777 -3
1778 1778 2
1779 1779 -1
1780 1780 2
1781 1781 1
1782 1782 -4
1783 1783 2
1784 1784 4
1785 1785 1
1786 1786 -2
1788 1788 5
1789 1789 1
1790 1790 -3
1791 1791 -5
1792 1792 2
1793 1793 3
1794 1794 -1
1795 1795 1
1796 1796 3
1798 1798 -4
1800 1800 2
1801 1801 -1
1802 1802 4
1803 1803 1
1804 1804 -4
1805 1805 -1
1806 1806 3
1807 1807 4
1808 1808 -4
1809 1809 1
1810 1810 -7
1811 1811 -5
1813 1813 -4
1815 1815 2
1816 1816 -4
1817 1817 -2
1818 1818 2
1819 1819 1
1820 1820 1
1821 1821 6
1823 1823 3
1824 1824 -1
1825 1825 -2
1827 1827 -2
1828 1828 -4
1829 1829 1
1830 1830 -1
1831 1831 2
1832 1832 5
1833 1833 -4
1834 1834 3
1835 1835 -4
1836 1836 1
1837 1837 6
1838 1838 -1
1839 1839 -1
1840 1840 3
1841 1841 -2
1842 1842 5
1844 1844 7
1845 1845 3
1846 1846 -3
1847 1847 2
1848 1848 -2
1850 1850 -3
1851 1851 -1
1852 1852 -2
1853 1853 1
1854 1854 2
1855 1855 3
1856 1856 -5
1857 1857 3
1858 1858 -1
1859 1859 2
1860 1860 -3
1861 1861 -3
1862 1862 1
1863 1863 -5
1864 1864 -3
1865 1865 -4
1866 1866 3
1867 1867 -2
1868 1868 -1
1869 1869 -6
1870 1870 -2
1871 1871 3
1872 1872 -3
1873 1873 1
1874 1874 2
1875 1875 -1
1876 1876 -4
1878 1878 1
1879 1879 3
1880 1880 7
1882 1882 1
1883 1883 4
1884 1884 1
1888 1888 -2
1889 1889 -1
1890 1890 -3
1891 1891 -8
1892 1892 -7
1893 1893 8
1894 1894 -4
1895 1895 4
1896 1896 -1
1897 1897 -3
1898 1898 4
1899 1899 4
1900 1900 5
1901 1901 -1
1902 1902 4
1903 1903 3
1904 1904 2
1905 1905 3
1906 1906 4
1907 1907 2
1908 1908 -2
1909 1909 -1
1910 1910 3
1911 1911 -1
1913 1913 -2
1916 1916 1
1917 1917 2
1918 1918 -2
1919 1919 -3
1920 1920 3
1921 1921 7
1922 1922 -1
1923 1923 -5
1924 1924 4
1926 1926 2
1927 1927 2
1928 1928 4
1929 1929 -4
1931 1931 1
1932 1932 -1
1933 1933 -1
1934 1934 -1
1935 1935 2
1936 1936 2
1937 1937 -1
1938 1938 -6
1939 1939 -3
1941 1941 2
1942 1942 -1
1943 1943 3
1944 1944 -1
1945 1945 5
1947 1947 -3
1948 1948 -4
1949 1949 1
1950 1950 -2
1951 1951 -1
1952 1952 1
1953 1953 -2
1954 1954 -1
1956 1956 -9
1957 1957 1
1958 1958 -3
1959 1959 2
1960 1960 1
1961 1961 4
1962 1962 1
1963 1963 -3
1964 1964 5
1965 1965 -4
1966 1966 5
1967 1967 1
1968 1968 1
1969 1969 -3
1970 1970 3
1971 1971 -2
1972 1972 1
1973 1973 -4
1974 1974 1
1975 1975 3
1976 1976 3
1978 1978 6
1979 1979 -3
1980 1980 2
1981 1981 1
1982 1982 1
1983 1983 -1
1985 1985 2
1986 1986 -5
1987 1987 -2
1988 1988 1
1989 1989 3
1990 1990 -2
1991 1991 -2
1992 1992 -3
1993 1993 -2
1994 1994 4
1995 1995 6
1996 1996 -2
1997 1997 -6
1998 1998 -5
1999 1999 7
2000 2000 3
2001 2001 1
2002 2002 3
2004 2004 -6
2005 2005 3
2006 2006 -3
2008 2008 3
2009 2009 1
2010 2010 -3
2011 2011 1
2012 2012 -1
2013 2013 1
2014 2014 2
2015 2015 1
2016 2016 -5
2017 2017 -4
2018 2018 1
2019 2019 -2
2020 2020 1
2021 2021 -2
2022 2022 -1
2023 2023 1
2024 2024 3
2025 2025 1
2026 2026 -3
2027 2027 -1
2028 2028 -4
2029 2029 3
2030 2030 2
2031 2031 2
2033 2033 -1
2034 2034 1
2035 2035 3
2036 2036 -5
2037 2037 3
2038 2038 5
2039 2039 -3
2040 2040 2
2041 2041 -4
2042 2042 -4
2045 2045 -4
2046 2046 6
2047 2047 -2
2048 2048 -1
2049 2049 -2
2050 2050 5
2051 2051 2
2052 2052 -7
2053 2053 2
2054 2054 -1
2055 2055 -4
2056 2056 3
2057 2057 -1
2058 2058 1
2060 2060 1
2062 2062 -3
2063 2063 -4
2064 2064 -3
2066 2066 1
2067 2067 -5
2068 2068 6
2070 2070 -3
2071 2071 4
2072 2072 -3
2073 2073 -4
2074 2074 -6
2075 2075 -4
2076 2076 1
2077 2077 7
2079 2079 -4
2081 2081 1
2082 2082 -1
2083 2083 -6
2085 2085 6
2086 2086 -3
2087 2087 6
2088 2088 3
2089 2089 1
2090 2090 2
2091 2091 -4
2093 2093 -6
2094 2094 6
2095 2095 2
2096 2096 -4
2097 2097 -4
2098 2098 2
2099 2099 -1
2100 2100 5
2102 2102 1
2104 2104 1
2105 2105 -4
2106 2106 2
2107 2107 4
2108 2108 4
2109 2109 1
2110 2110 3
2111 2111 1
2112 2112 -1
2113 2113 3
2114 2114 -3
2115 2115 2
2118 2118 -3
2119 2119 -2
2120 2120 -2
2121 2121 1
2122 2122 6
2125 2125 1
2126 2126 4
2128 2128 -2
2129 2129 3
2130 2130 -2
2131 2131 6
2133 2133 -3
2134 2134 4
2135 2135 -4
2136 2136 6
2137 2137 3
2138 2138 -2
2140 2140 -4
2141 2141 -3
2142 2142 -1
2143 2143 -2
2144 2144 -1
2145 2145 -3
2146 2146 -2
2147 2147 -1
2148 2148 1
2150 2150 3
2151 2151 -1
2152 2152 -2
2153 2153 6
2154 2154 -3
2155 2155 5
2156 2156 4
2157 2157 2
2158 2158 1
2159 2159 5
2160 2160 3
2163 2163 7
2164 2164 2
2166 2166 -6
2167 2167 -2
2168 2168 -5
2169 2169 3
2170 2170 -1
2171 2171 -2
2173 2173 3
2174 2174 2
2175 2175 -3
2176 2176 3
2177 2177 -2
2178 2178 -1
2182 2182 -1
2184 2184 -2
2186 2186 -1
2187 2187 -1
2188 2188 -4
2189 2189 -3
2190 2190 -4
2192 2192 2
2193 2193 -2
2194 2194 -1
2195 2195 -5
2197 2197 3
2198 2198 -3
2200 2200 -5
2201 2201 3
2202 2202 -4
2203 2203 2
2204 2204 -2
2205 2205 3
2206 2206 -2
2208 2208 -1
2209 2209 -1
2211 2211 -5
2212 2212 -6
2214 2214 -3
2216 2216 -4
2217 2217 -1
2219 2219 3
2220 2220 1
2221 2221 3
2222 2222 -4
2224 2224 8
2225 2225 -1
2226 2226 -2
2228 2228 -1
2229 2229 -4
2230 2230 -4
2232 2232 4
2233 2233 9
2234 2234 -4
2235 2235 -3
2236 2236 1
2237 2237 3
2238 2238 2
2239 2239 -3
2241 2241 -1
2242 2242 7
2243 2243 -7
2244 2244 -1
2245 2245 1
2246 2246 -1
2247 2247 4
2248 2248 -1
2249 2249 -5
2250 2250 6
2251 2251 -1
2252 2252 4
2253 2253 1
2254 2254 4
2255 2255 -1
2256 2256 -2
2258 2258 2
2259 2259 -1
2260 2260 -6
2261 2261 2
2262 2262 -2
2263 2263 -3
2264 2264 -2
2265 2265 -8
2266 2266 -4
2267 2267 6
2268 2268 -2
2269 2269 2
2270 2270 1
2271 2271 3
2272 2272 -7
2273 2273 3
2275 2275 2
2277 2277 -5
2278 2278 -5
2279 2279 -1
2280 2280 -2
2282 2282 7
2283 2283 -4
2284 2284 7
2285 2285 1
2286 2286 3
2287 2287 3
2288 2288 2
2289 2289 1
2290 2290 2
2291 2291 -2
2293 2293 3
2294 2294 1
2296 2296 -6
2297 2297 2
2298 2298 -6
2299 2299 1
2300 2300 -7
2301 2301 3
2302 2302 2
2303 2303 2
2305 2305 -3
2307 2307 5
2309 2309 -5
2310 2310 5
2311 2311 4
2312 2312 -1
2313 2313 6
2314 2314 -4
2316 2316 1
2317 2317 -2
2318 2318 -5
2319 2319 -1
2320 2320 4
2321 2321 1
2322 2322 -4
2324 2324 1
2325 2325 -4
2326 2326 3
2327 2327 -1
2328 2328 -4
2329 2329 3
2330 2330 -2
2331 2331 -3
2332 2332 -5
2333 2333 -3
2334 2334 1
2335 2335 4
2336 2336 2
2337 2337 3
2338 2338 -2
2339 2339 -3
2340 2340 -3
2341 2341 3
2342 2342 2
2343 2343 2
2344 2344 -4
2345 2345 3
2346 2346 1
2348 2348 2
2349 2349 2
2350 2350 -2
2351 2351 3
2352 2352 1
2353 2353 1
2354 2354 -3
2355 2355 8
2356 2356 5
2357 2357 -6
2358 2358 -4
2360 2360 -7
2361 2361 3
2362 2362 2
2363 2363 -4
2364 2364 -5
2365 2365 -2
2366 2366 -1
2367 2367 2
2368 2368 5
2369 2369 6
2370 2370 -3
2371 2371 2
2372 2372 3
2373 2373 4
2374 2374 -1
2375 2375 2
2376 2376 1
2377 2377 4
2378 2378 -1
2379 2379 2
2380 2380 3
2381 2381 2
2382 2382 5
2383 2383 3
2384 2384 2
2385 2385 7
2386 2386 4
2387 2387 -7
2388 2388 -2
2389 2389 2
2390 2390 -3
2392 2392 2
2393 2393 -2
2394 2394 -7
2395 2395 -3
2397 2397 2
2398 2398 1
2399 2399 -1
2400 2400 1
2401 2401 2
2402 2402 -2
2403 2403 -2
2404 2404 -6
2405 2405 -2
2406 2406 -5
2407 2407 -1
2408 2408 6
2409 2409 -4
2411 2411 -3
2412 2412 -2
2413 2413 -2
2414 2414 4
2415 2415 3
2416 2416 3
2418 2418 -3
2419 2419 4
2421 2421 1
2423 2423 -3
2424 2424 -6
2425 2425 -2
2426 2426 -3
2427 2427 3
2428 2428 -1
2429 2429 2
2430 2430 1
2431 2431 1
2434 2434 -6
2435 2435 -4
2436 2436 2
2438 2438 -1
2439 2439 2
2441 2441 2
2442 2442 -4
2443 2443 3
2444 2444 -5
2445 2445 -2
2446 2446 -1
2447 2447 4
2448 2448 5
2449 2449 -2
2451 2451 3
2452 2452 -2
2453 2453 -7
2454 2454 2
2456 2456 3
2457 2457 2
2458 2458 -2
2459 2459 5
2460 2460 7
2461 2461 -4
2462 2462 2
2463 2463 -2
2464 2464 -2
2465 2465 -1
2466 2466 -2
2468 2468 2
2469 2469 2
2470 2470 3
2471 2471 -3
2472 2472 -7
2473 2473 -3
2475 2475 1
2476 2476 -3
2478 2478 1
2480 2480 -2
2481 2481 7
2482 2482 -3
2483 2483 -4
2484 2484 5
2486 2486 1
2487 2487 3
2489 2489 -3
2490 2490 -1
2491 2491 5
2492 2492 -3
2494 2494 1
2495 2495 3
2496 2496 -4
2497 2497 3
2498 2498 -4
2499 2499 2
2500 2500 6
2501 2501 4
2502 2502 -5
2503 2503 4
2504 2504 2
2505 2505 -1
2506 2506 -2
2507 2507 3
2508 2508 4
2509 2509 4
2510 2510 3
2511 2511 1
2512 2512 -1
2513 2513 1
2514 2514 -1
2515 2515 -4
2516 2516 1
2517 2517 5
2518 2518 1
2519 2519 4
2520 2520 -1
2521 2521 2
2522 2522 1
2523 2523 5
2524 2524 -3
2525 2525 3
2526 2526 1
2527 2527 1
2528 2528 -5
2530 2530 2
2532 2532 3
2533 2533 4
2534 2534 -1
2535 2535 1
2536 2536 4
2537 2537 1
2539 2539 -1
2540 2540 2
2541 2541 -1
2542 2542 -2
2543 2543 -4
2545 2545 -3
2546 2546 2
2547 2547 2
2548 2548 -2
2549 2549 -5
2550 2550 -4
2552 2552 -2
2554 2554 -3
2555 2555 -3
2556 2556 2
2557 2557 -1
2558 2558 2
2559 2559 1
2560 2560 1
2561 2561 2
2562 2562 -1
2563 2563 -4
2565 2565 -1
2566 2566 -3
2567 2567 -5
2568 2568 -1
2569 2569 -5
2571 2571 2
2572 2572 4
2574 2574 6
2575 2575 2
2576 2576 -1
2577 2577 2
2578 2578 -1
2579 2579 5
2580 2580 2
2581 2581 -5
2582 2582 1
2583 2583 -3
2584 2584 -1
2585 2585 3
2587 2587 -1
2588 2588 -3
2590 2590 2
2591 2591 5
2592 2592 1
2593 2593 2
2594 2594 -3
2596 2596 -4
2597 2597 -2
2598 2598 3
2600 2600 -2
2601 2601 -2
2602 2602 -1
2603 2603 1
2604 2604 2
2605 2605 -1
2607 2607 -1
2608 2608 -5
2609 2609 -1
2610 2610 1
2611 2611 -3
2612 2612 3
2613 2613 2
2615 2615 -4
2616 2616 2
2617 2617 -2
2619 2619 3
2620 2620 -1
2621 2621 1
2622 2622 -1
2625 2625 -3
2626 2626 1
2628 2628 -4
2630 2630 -5
2631 2631 1
2633 2633 -2
2634 2634 2
2635 2635 1
2636 2636 -3
2637 2637 1
2638 2638 -2
2639 2639 -2
2640 2640 2
2641 2641 3
2642 2642 3
2643 2643 2
2644 2644 1
2645 2645 3
2646 2646 -4
2647 2647 -4
2648 2648 -3
2649 2649 2
2650 2650 -1
2651 2651 -3
2653 2653 1
2654 2654 -3
2655 2655 1
2656 2656 2
2658 2658 -1
2659 2659 1
2660 2660 2
2661 2661 -7
2662 2662 -1
2663 2663 6
2664 2664 2
2665 2665 1
2667 2667 4
2669 2669 -4
2670 2670 8
2671 2671 4
2672 2672 -1
2673 2673 -4
2674 2674 3
2675 2675 -2
2676 2676 -2
2677 2677 3
2678 2678 1
2679 2679 -2
2680 2680 -1
2681 2681 -2
2682 2682 -2
2683 2683 -4
2684 2684 -5
2685 2685 -1
2686 2686 1
2687 2687 -3
2689 2689 -1
2691 2691 3
2692 2692 -6
2693 2693 1
2694 2694 2
2695 2695 1
2696 2696 -4
2697 2697 -2
2698 2698 4
2699 2699 2
2700 2700 -7
2701 2701 1
2702 2702 -2
2703 2703 -4
2704 2704 2
2705 2705 1
2706 2706 -3
2707 2707 -2
2708 2708 -3
2709 2709 -5
2710 2710 -3
2711 2711 2
2713 2713 -3
2714 2714 -2
2715 2715 -1
2716 2716 -2
2717 2717 -3
2718 2718 1
2720 2720 -1
2721 2721 4
2722 2722 5
2723 2723 1
2724 2724 -2
2725 2725 -6
2726 2726 6
2727 2727 1
2729 2729 1
2731 2731 -5
2732 2732 1
2734 2734 -2
2735 2735 -5
2736 2736 1
2737 2737 -5
2738 2738 -2
2739 2739 -2
2740 2740 3
2741 2741 -2
2742 2742 -1
2743 2743 -6
2744 2744 2
2745 2745 -4
2746 2746 -3
2747 2747 3
2748 2748 2
2749 2749 5
2750 2750 3
2752 2752 3
2753 2753 4
2754 2754 9
2755 2755 -3
2756 2756 -4
2757 2757 -4
2758 2758 -4
2759 2759 -5
2760 2760 3
2761 2761 -1
2762 2762 3
2763 2763 -4
2764 2764 -7
2765 2765 -4
2766 2766 1
2767 2767 -5
2768 2768 2
2769 2769 -1
2770 2770 1
2771 2771 -3
2774 2774 3
2775 2775 8
2776 2776 3
2777 2777 -3
2778 2778 -1
2779 2779 -2
2780 2780 1
2781 2781 -3
2782 2782 -1
2783 2783 7
2784 2784 1
2785 2785 -2
2786 2786 -1
2789 2789 3
2790 2790 -4
2791 2791 2
2792 2792 4
2793 2793 -2
2794 2794 3
2795 2795 -4
2796 2796 1
2797 2797 -5
2798 2798 -1
2801 2801 2
2803 2803 -3
2804 2804 7
2805 2805 -2
2806 2806 1
2807 2807 -4
2808 2808 -3
2809 2809 -1
2810 2810 1
2811 2811 1
2812 2812 -3
2813 2813 4
2815 2815 3
2816 2816 1
2817 2817 1
2818 2818 -2
2819 2819 -3
2820 2820 1
2822 2822 -3
2823 2823 -1
2824 2824 1
2826 2826 3
2827 2827 -2
2828 2828 -2
2830 2830 -1
2831 2831 -1
2832 2832 1
2834 2834 -2
2835 2835 -1
2836 2836 -1
2837 2837 1
2838 2838 -5
2839 2839 -2
2841 2841 -2
2842 2842 5
2843 2843 -3
2844 2844 3
2845 2845 1
2847 2847 -1
2848 2848 1
2849 2849 2
2852 2852 -3
2853 2853 5
2854 2854 4
2857 2857 1
2858 2858 2
2859 2859 -1
2860 2860 -4
2863 2863 2
2864 2864 -2
2865 2865 -2
2866 2866 4
2867 2867 2
2868 2868 2
2869 2869 -1
2870 2870 -1
2871 2871 -2
2872 2872 1
2873 2873 1
2874 2874 -3
2875 2875 2
2876 2876 3
2877 2877 4
2879 2879 3
2880 2880 2
2881 2881 2
2882 2882 2
2883 2883 2
2884 2884 2
2885 2885 1
2886 2886 2
2887 2887 -2
2888 2888 5
2889 2889 -3
2890 2890 4
2891 2891 1
2892 2892 -3
2893 2893 -2
2894 2894 -1
2895 2895 -1
2896 2896 -3
2897 2897 -4
2898 2898 -1
2899 2899 -1
2900 2900 -2
2901 2901 -2
2903 2903 -2
2904 2904 1
2905 2905 1
2907 2907 1
2908 2908 2
2909 2909 2
2910 2910 -4
2911 2911 -3
2912 2912 7
2913 2913 -1
2914 2914 1
2915 2915 -2
2917 2917 3
2920 2920 3
2921 2921 4
2922 2922 2
2923 2923 2
2924 2924 -3
2926 2926 1
2928 2928 1
2929 2929 3
2930 2930 1
2931 2931 -2
2932 2932 -3
2933 2933 2
2934 2934 -1
2935 2935 -1
2936 2936 -1
2937 2937 -5
2939 2939 -1
2940 2940 -6
2941 2941 1
2942 2942 -3
2943 2943 -1
2945 2945 1
2946 2946 5
2947 2947 1
2948 2948 -2
2949 2949 -3
2950 2950 -5
2951 2951 -3
2953 2953 -2
2954 2954 1
2955 2955 4
2956 2956 -1
2957 2957 4
2958 2958 -2
2959 2959 3
2960 2960 -5
2961 2961 -1
2962 2962 1
2963 2963 1
2964 2964 2
2965 2965 -1
2966 2966 1
2967 2967 -4
2968 2968 -2
2969 2969 1
2970 2970 5
2971 2971 -2
2972 2972 -2
2973 2973 -1
2974 2974 6
2975 2975 -3
2976 2976 -2
2977 2977 2
2978 2978 -1
2979 2979 -1
2980 2980 -2
2981 2981 1
2982 2982 -2
2983 2983 -3
2984 2984 -3
2988 2988 -4
2989 2989 -4
2990 2990 6
2991 2991 -2
2992 2992 1
2993 2993 6
2995 2995 -1
2997 2997 -3
2999 2999 2
3000 3000 -2
3001 3001 -1
3002 3002 2
3004 3004 6
3005 3005 2
3006 3006 -1
3009 3009 2
3010 3010 -2
3011 3011 -1
3012 3012 2
3013 3013 2
3014 3014 3
3015 3015 -3
3016 3016 -2
3018 3018 -4
3019 3019 -2
3020 3020 -1
3021 3021 5
3022 3022 3
3023 3023 -3
3024 3024 -5
3026 3026 4
3027 3027 3
3028 3028 -8
3030 3030 -2
3031 3031 -1
3032 3032 4
3033 3033 -2
3035 3035 -1
3036 3036 -1
3038 3038 4
3039 3039 -2
3040 3040 1
3041 3041 4
3042 3042 -1
3043 3043 4
3044 3044 -1
3045 3045 1
3046 3046 1
3047 3047 -3
3048 3048 6
3049 3049 -1
3050 3050 4
3051 3051 4
3052 3052 -1
3053 3053 -3
3055 3055 -4
3056 3056 -3
3057 3057 6
3058 3058 4
3059 3059 -1
3060 3060 4
3061 3061 3
3062 3062 5
3063 3063 -3
3064 3064 4
3065 3065 1
3067 3067 -4
3068 3068 -2
3069 3069 -1
3070 3070 2
3071 3071 -4
3072 3072 4
3073 3073 2
3074 3074 1
3075 3075 -2
3076 3076 -1
3077 3077 5
3078 3078 1
3079 3079 2
3080 3080 1
3082 3082 1
3083 3083 2
3084 3084 -3
3085 3085 3
3086 3086 -3
3087 3087 -2
3088 3088 4
3089 3089 -3
3090 3090 -2
3091 3091 -2
3092 3092 -2
3093 3093 -2
3094 3094 -1
3095 3095 2
3096 3096 3
3097 3097 2
3098 3098 1
3099 3099 -3
3100 3100 2
3101 3101 -3
3102 3102 2
3103 3103 -1
3104 3104 1
3105 3105 -3
3106 3106 -4
3107 3107 4
3108 3108 -1
3109 3109 3
3110 3110 1
3111 3111 3
3112 3112 1
3113 3113 -3
3114 3114 1
3115 3115 3
3116 3116 -1
3117 3117 1
3118 3118 -2
3119 3119 2
3120 3120 -1
3121 3121 2
3123 3123 2
3124 3124 3
3126 3126 -2
3127 3127 -1
3128 3128 1
3130 3130 -2
3131 3131 -3
3132 3132 -4
3133 3133 -1
3134 3134 -4
3135 3135 2
3136 3136 3
3138 3138 1
3139 3139 1
3140 3140 -5
3141 3141 2
3142 3142 1
3144 3144 2
3145 3145 -1
3146 3146 -2
3147 3147 1
3148 3148 3
3149 3149 4
3150 3150 -2
3151 3151 1
3152 3152 1
3153 3153 3
3154 3154 -4
3155 3155 4
3156 3156 1
3158 3158 -3
3159 3159 -2
3160 3160 2
3161 3161 -1
3162 3162 -2
3163 3163 1
3164 3164 -4
3166 3166 3
3167 3167 -2
3168 3168 -2
3169 3169 -2
3170 3170 -4
3171 3171 -2
3172 3172 -2
3173 3173 -3
3174 3174 -4
3175 3175 1
3176 3176 -2
3177 3177 7
3178 3178 -1
3179 3179 5
3180 3180 -1
3181 3181 -4
3182 3182 1
3183 3183 -4
3184 3184 -4
3185 3185 2
3186 3186 -5
3187 3187 1
3188 3188 3
3189 3189 -3
3190 3190 -1
3191 3191 -3
3193 3193 -3
3194 3194 -1
3195 3195 -4
3197 3197 -2
3198 3198 -2
3199 3199 -2
3200 3200 -1
3201 3201 -2
3204 3204 -3
3206 3206 -1
3207 3207 -1
3208 3208 -2
3209 3209 -1
3210 3210 1
3211 3211 6
3212 3212 3
3213 3213 4
3214 3214 5
3215 3215 4
3217 3217 -3
3218 3218 -1
3219 3219 -3
3220 3220 -5
3221 3221 -2
3223 3223 1
3225 3225 -5
3226 3226 -2
3227 3227 3
3228 3228 4
3229 3229 -7
3230 3230 -4
3231 3231 1
3232 3232 3
3234 3234 7
3235 3235 3
3237 3237 1
3239 3239 -2
3240 3240 -2
3241 3241 -4
3242 3242 -1
3243 3243 -1
3244 3244 -1
3245 3245 2
3246 3246 -3
3248 3248 -2
3249 3249 -2
3250 3250 -1
3251 3251 -4
3252 3252 2
3254 3254 1
3255 3255 -2
3256 3256 1
3257 3257 -1
3258 3258 -1
3259 3259 -1
3261 3261 2
3262 3262 -6
3264 3264 2
3265 3265 -2
3267 3267 1
3268 3268 5
3269 3269 2
3270 3270 2
3272 3272 2
3274 3274 -1
3275 3275 -1
3278 3278 2
3279 3279 5
3280 3280 1
3281 3281 4
3283 3283 -4
3284 3284 2
3285 3285 -1
3286 3286 1
3287 3287 -1
3288 3288 5
3289 3289 3
3290 3290 1
3291 3291 1
3293 3293 1
3294 3294 -4
3295 3295 -1
3296 3296 -3
3297 3297 5
3299 3299 1
3300 3300 2
3301 3301 3
3302 3302 -4
3303 3303 2
3304 3304 2
3305 3305 -2
3306 3306 -3
3307 3307 -1
3308 3308 3
3309 3309 -5
3310 3310 2
3311 3311 3
3312 3312 -2
3313 3313 3
3314 3314 -2
3315 3315 2
3316 3316 -2
3317 3317 -4
3318 3318 2
3319 3319 4
3320 3320 -3
3321 3321 -4
3322 3322 -4
3323 3323 -1
3324 3324 -2
3325 3325 -1
3326 3326 -4
3327 3327 -2
3329 3329 1
3330 3330 -1
3331 3331 -2
3332 3332 -4
3333 3333 -4
3334 3334 2
3337 3337 3
3338 3338 2
3339 3339 4
3340 3340 2
3341 3341 -3
3342 3342 5
3343 3343 -1
3344 3344 3
3345 3345 -1
3346 3346 -4
3347 3347 1
3348 3348 2
3349 3349 2
3350 3350 -3
3351 3351 3
3352 3352 -5
3353 3353 2
3354 3354 -2
3355 3355 2
3356 3356 -2
3357 3357 2
3358 3358 2
3360 3360 -2
3361 3361 -1
3362 3362 2
3363 3363 2
3364 3364 -3
3365 3365 -5
3366 3366 3
3367 3367 -4
3368 3368 3
3370 3370 -1
3371 3371 -2
3372 3372 -2
3373 3373 -1
3375 3375 1
3376 3376 1
3377 3377 4
3378 3378 -3
3380 3380 4
3381 3381 5
3382 3382 5
3383 3383 -1
3384 3384 3
3386 3386 -2
3387 3387 -4
3388 3388 -3
3390 3390 2
3392 3392 -1
3393 3393 -2
3394 3394 -2
3396 3396 1
3397 3397 -1
3398 3398 -2
3399 3399 1
3401 3401 2
3403 3403 2
3404 3404 -3
3405 3405 -4
3406 3406 -2
3407 3407 -1
3408 3408 2
3410 3410 -1
3411 3411 2
3412 3412 -3
3413 3413 -4
3414 3414 -2
3415 3415 4
3417 3417 6
3418 3418 1
3419 3419 2
3420 3420 -3
3421 3421 -2
3422 3422 -3
3423 3423 -2
3425 3425 -4
3426 3426 3
3427 3427 1
3428 3428 -2
3429 3429 2
3430 3430 -7
3431 3431 6
3432 3432 -4
3433 3433 2
3434 3434 1
3435 3435 2
3437 3437 -3
3438 3438 2
3439 3439 4
3440 3440 -2
3441 3441 -1
3442 3442 -3
3443 3443 -5
3444 3444 -1
3445 3445 -6
3446 3446 -3
3447 3447 2
3448 3448 2
3449 3449 3
3451 3451 2
3452 3452 -2
3453 3453 4
3454 3454 3
3455 3455 -7
3456 3456 2
3457 3457 4
3458 3458 1
3459 3459 2
3460 3460 1
3461 3461 2
3462 3462 -1
3463 3463 2
3464 3464 -2
3465 3465 2
3468 3468 1
3469 3469 1
3471 3471 3
3472 3472 -2
3473 3473 3
3474 3474 6
3475 3475 4
3476 3476 4
3477 3477 -1
3478 3478 -4
3479 3479 -2
3480 3480 5
3481 3481 -2
3482 3482 6
3483 3483 4
3484 3484 -2
3485 3485 2
3486 3486 2
3487 3487 2
3488 3488 -1
3490 3490 -3
3491 3491 -3
3492 3492 -1
3493 3493 1
3495 3495 4
3497 3497 -1
3498 3498 -4
3499 3499 -3
3500 3500 -2
3501 3501 -1
3502 3502 -3
3503 3503 -1
3504 3504 -2
3505 3505 -2
3506 3506 3
3508 3508 1
3509 3509 -1
3510 3510 -4
3511 3511 1
3512 3512 -3
3514 3514 -1
3515 3515 1
3516 3516 3
3517 3517 -1
3518 3518 -1
3519 3519 -1
3520 3520 -1
3521 3521 -3
3523 3523 1
3524 3524 3
3525 3525 -2
3526 3526 3
3527 3527 -7
3528 3528 1
3529 3529 2
3530 3530 -2
3531 3531 -2
3532 3532 -2
3534 3534 -1
3535 3535 -1
3536 3536 -4
3538 3538 2
3539 3539 1
3540 3540 2
3541 3541 6
3542 3542 1
3543 3543 -2
3544 3544 1
3545 3545 2
3546 3546 5
3547 3547 2
3548 3548 2
3549 3549 -2
3550 3550 4
3551 3551 3
3552 3552 -3
3553 3553 -2
3554 3554 2
3555 3555 -3
3556 3556 -2
3557 3557 3
3558 3558 2
3559 3559 -2
3561 3561 1
3562 3562 -3
3563 3563 4
3565 3565 -2
3566 3566 -2
3567 3567 2
3568 3568 1
3569 3569 6
3570 3570 -3
3571 3571 -2
3572 3572 -2
3573 3573 -1
3574 3574 -1
3575 3575 -1
3576 3576 -2
3578 3578 -1
3579 3579 -2
3580 3580 2
3581 3581 -3
3582 3582 2
3583 3583 -2
3584 3584 2
3585 3585 -2
3586 3586 3
3587 3587 -5
3588 3588 -3
3589 3589 -5
3590 3590 4
3591 3591 2
3592 3592 -5
3593 3593 2
3594 3594 -1
3595 3595 4
3596 3596 -1
3597 3597 -3
3598 3598 -4
3599 3599 3
3600 3600 -1
3601 3601 -3
3602 3602 -4
3603 3603 -3
3604 3604 -1
3605 3605 -4
3607 3607 1
3608 3608 -3
3609 3609 4
3610 3610 1
3611 3611 -1
3612 3612 -2
3613 3613 -2
3614 3614 5
3615 3615 2
3616 3616 -1
3617 3617 5
3618 3618 -5
3619 3619 -4
3621 3621 -5
3622 3622 1
3623 3623 1
3624 3624 1
3626 3626 2
3627 3627 2
3628 3628 -4
3629 3629 1
3630 3630 -2
3631 3631 1
3632 3632 -5
3633 3633 2
3634 3634 -1
3635 3635 2
3636 3636 2
3637 3637 1
3638 3638 2
3639 3639 -1
3640 3640 1
3641 3641 1
3642 3642 -1
3643 3643 5
3644 3644 1
3645 3645 1
3646 3646 4
3647 3647 3
3648 3648 -2
3650 3650 -2
3651 3651 4
3652 3652 -4
3653 3653 -5
3654 3654 5
3656 3656 -1
3657 3657 3
3658 3658 5
3661 3661 -1
3662 3662 1
3663 3663 1
3665 3665 -3
3667 3667 4
3669 3669 4
3670 3670 -2
3671 3671 -3
3672 3672 4
3673 3673 5
3674 3674 2
3675 3675 2
3676 3676 -1
3677 3677 -2
3678 3678 1
3680 3680 -3
3681 3681 2
3682 3682 -2
3683 3683 -2
3684 3684 3
3685 3685 -3
3686 3686 4
3687 3687 1
3689 3689 3
3690 3690 -3
3691 3691 -2
3692 3692 2
3693 3693 2
3694 3694 -1
3695 3695 -3
3696 3696 4
3698 3698 -2
3699 3699 -2
3700 3700 2
3701 3701 2
3702 3702 4
3703 3703 -1
3704 3704 1
3705 3705 2
3706 3706 1
3707 3707 1
3708 3708 -1
3709 3709 -3
3711 3711 -2
3713 3713 2
3714 3714 2
3715 3715 2
3716 3716 -2
3718 3718 -3
3720 3720 -1
3721 3721 1
3722 3722 1
3723 3723 1
3724 3724 -2
3726 3726 -2
3727 3727 -2
3730 3730 2
3731 3731 -5
3732 3732 1
3733 3733 1
3734 3734 -3
3735 3735 4
3736 3736 1
3737 3737 -2
3739 3739 -5
3740 3740 -2
3741 3741 2
3742 3742 2
3743 3743 2
3745 3745 -3
3747 3747 3
3749 3749 -1
3750 3750 -2
3751 3751 2
3752 3752 -2
3753 3753 -4
3756 3756 -1
3757 3757 4
3758 3758 3
3759 3759 2
3760 3760 2
3761 3761 2
3763 3763 2
3765 3765 1
3767 3767 -2
3768 3768 -1
3769 3769 -2
3771 3771 -1
3772 3772 5
3774 3774 -3
3775 3775 -2
3776 3776 2
3777 3777 -1
3778 3778 2
3779 3779 -1
3780 3780 2
3781 3781 6
3782 3782 2
3783 3783 -2
3784 3784 3
3785 3785 -4
3786 3786 4
3787 3787 -2
3788 3788 -1
3789 3789 1
3790 3790 -2
3791 3791 -2
3792 3792 -3
3794 3794 -2
3795 3795 2
3796 3796 4
3797 3797 1
3798 3798 1
3799 3799 -4
3800 3800 4
3802 3802 1
3805 3805 2
3806 3806 -3
3807 3807 2
3808 3808 4
3809 3809 -1
3810 3810 -2
3811 3811 -5
3813 3813 1
3815 3815 3
3816 3816 3
3817 3817 -6
3818 3818 2
3819 3819 -6
3820 3820 2
3824 3824 2
3825 3825 3
3826 3826 4
3827 3827 -5
3828 3828 1
3829 3829 -2
3830 3830 -3
3831 3831 3
3832 3832 -4
3833 3833 -2
3834 3834 4
3835 3835 -4
3836 3836 4
3838 3838 1
3839 3839 -6
3840 3840 -6
3841 3841 -2
3842 3842 -2
3843 3843 -2
3845 3845 4
3846 3846 1
3847 3847 -4
3848 3848 5
3849 3849 2
3850 3850 4
3853 3853 2
3854 3854 1
3855 3855 -4
3856 3856 2
3857 3857 -2
3858 3858 2
3859 3859 -2
3860 3860 2
3862 3862 -6
3863 3863 2
3864 3864 2
3867 3867 -4
3868 3868 2
3869 3869 -6
3871 3871 -1
3872 3872 4
3873 3873 1
3874 3874 4
3875 3875 4
3876 3876 2
3877 3877 6
3878 3878 -2
3879 3879 -1
3881 3881 2
3882 3882 -1
3884 3884 1
3885 3885 -2
3887 3887 2
3888 3888 -2
3889 3889 -2
3890 3890 -1
3891 3891 5
3893 3893 -3
3894 3894 5
3895 3895 2
3896 3896 4
3897 3897 4
3898 3898 -2
3899 3899 2
3900 3900 3
3901 3901 1
3902 3902 2
3903 3903 -2
3904 3904 -2
3905 3905 1
3906 3906 5
3907 3907 1
3908 3908 5
3910 3910 -3
3911 3911 -2
3913 3913 1
3914 3914 2
3915 3915 -2
3916 3916 1
3917 3917 1
3918 3918 1
3921 3921 4
3922 3922 -2
3923 3923 -1
3924 3924 2
3926 3926 -2
3927 3927 -2
3928 3928 1
3930 3930 -2
3931 3931 2
3933 3933 -4
3934 3934 -4
3936 3936 -1
3937 3937 1
3938 3938 -2
3940 3940 5
3941 3941 -2
3943 3943 3
3944 3944 -2
3945 3945 3
3946 3946 2
3949 3949 -3
3951 3951 -1
3952 3952 -4
3953 3953 -2
3954 3954 -1
3955 3955 2
3957 3957 2
3958 3958 -4
3959 3959 4
3960 3960 -2
3961 3961 -1
3963 3963 -2
3964 3964 -4
3965 3965 1
3967 3967 -1
3968 3968 -1
3969 3969 -1
3970 3970 -1
3971 3971 1
3974 3974 2
3975 3975 -3
3976 3976 -3
3978 3978 -1
3979 3979 -3
3980 3980 4
3982 3982 -2
3984 3984 -1
3985 3985 3
3986 3986 -2
3987 3987 -3
3988 3988 -3
3989 3989 -5
3990 3990 -4
3991 3991 5
3993 3993 -2
3994 3994 -4
3995 3995 -2
3996 3996 -2
3997 3997 -2
3998 3998 -4
3999 3999 2
4000 4000 -1
4001 4001 4
4002 4002 -2
4003 4003 -2
4004 4004 4
4005 4005 2
4006 4006 3
4007 4007 1
4008 4008 -2
4009 4009 1
4010 4010 2
4011 4011 2
4012 4012 -4
4013 4013 1
4014 4014 3
4015 4015 1
4016 4016 4
4017 4017 -6
4019 4019 6
4021 4021 4
4022 4022 -2
4023 4023 -2
4024 4024 2
4025 4025 -3
4026 4026 3
4027 4027 -2
4028 4028 -2
4029 4029 -2
4030 4030 2
4031 4031 -2
4032 4032 2
4033 4033 -2
4036 4036 2
4037 4037 2
4039 4039 -1
4040 4040 -5
4041 4041 -2
4042 4042 -1
4043 4043 -7
4045 4045 -5
4046 4046 1
4048 4048 1
4049 4049 3
4050 4050 2
4051 4051 -3
4052 4052 -2
4053 4053 -2
4054 4054 -2
4055 4055 -2
4056 4056 -2
4057 4057 2
4058 4058 5
4059 4059 -2
4060 4060 -2
4062 4062 3
4063 4063 -1
4065 4065 2
4066 4066 -2
4068 4068 -6
4070 4070 -2
4071 4071 2
4072 4072 1
4073 4073 -3
4074 4074 -2
4075 4075 -2
4077 4077 -2
4078 4078 -4
4079 4079 -2
4080 4080 -2
4081 4081 2
4082 4082 -2
4083 4083 -2
4085 4085 1
4086 4086 -5
4087 4087 -4
4088 4088 -1
4089 4089 -2
4090 4090 -4
4091 4091 -2
4092 4092 -1
4093 4093 1
4094 4094 -5
4095 4095 -1
4097 4097 3
4098 4098 -3
4099 4099 -4
4100 4100 2
4102 4102 2
4103 4103 -4
4104 4104 3
4105 4105 6
4107 4107 1
4108 4108 1
4109 4109 -2
4110 4110 -2
4111 4111 -1
4112 4112 -2
4113 4113 1
4114 4114 2
4115 4115 -4
4117 4117 2
4118 4118 -4
4119 4119 1
4120 4120 -1
4121 4121 -2
4122 4122 2
4124 4124 -2
4126 4126 1
4127 4127 5
4128 4128 -2
4129 4129 2
4130 4130 -4
4131 4131 -1
4132 4132 2
4133 4133 2
4134 4134 -2
4136 4136 -4
4137 4137 2
4138 4138 3
4139 4139 -1
4140 4140 2
4141 4141 -4
4142 4142 1
4143 4143 4
4144 4144 3
4145 4145 -3
4146 4146 -3
4147 4147 -4
4148 4148 1
4149 4149 2
4150 4150 3
4151 4151 -3
4152 4152 2
4153 4153 -1
4154 4154 2
4155 4155 -2
4156 4156 -2
4157 4157 4
4158 4158 -2
4159 4159 -2
4160 4160 2
4161 4161 2
4162 4162 2
4163 4163 -3
4164 4164 -5
4165 4165 5
4166 4166 -2
4169 4169 -4
4170 4170 5
4172 4172 -2
4173 4173 1
4174 4174 -4
4175 4175 -2
4176 4176 2
4177 4177 -1
4179 4179 4
4180 4180 -4
4181 4181 -1
4183 4183 5
4184 4184 -2
4185 4185 -4
4186 4186 -5
4187 4187 4
4188 4188 3
4190 4190 4
4191 4191 1
4195 4195 -5
4196 4196 -4
4197 4197 5
4198 4198 -2
4199 4199 -1
4200 4200 -3
4201 4201 -3
4202 4202 2
4205 4205 -5
4206 4206 1
4208 4208 1
4209 4209 -1
4210 4210 -4
4211 4211 -2
4212 4212 -3
4213 4213 2
4214 4214 3
4215 4215 2
4217 4217 2
4218 4218 -2
4219 4219 2
4220 4220 1
4221 4221 2
4223 4223 2
4224 4224 -5
4225 4225 -3
4226 4226 -1
4227 4227 2
4228 4228 3
4231 4231 2
4233 4233 -4
4234 4234 -4
4235 4235 -1
4236 4236 5
4237 4237 -2
4238 4238 1
4239 4239 -3
4240 4240 4
4242 4242 2
4243 4243 -7
4244 4244 2
4248 4248 -2
4249 4249 1
4251 4251 -4
4252 4252 6
4253 4253 2
4254 4254 2
4255 4255 -4
4256 4256 2
4257 4257 6
4258 4258 1
4259 4259 -4
4260 4260 3
4261 4261 -3
4263 4263 -1
4264 4264 -3
4265 4265 3
4266 4266 4
4267 4267 -2
4268 4268 -1
4269 4269 -1
4270 4270 -4
4273 4273 4
4274 4274 -3
4275 4275 -2
4277 4277 -2
4278 4278 1
4279 4279 -2
4280 4280 1
4281 4281 1
4282 4282 -2
4283 4283 2
4284 4284 2
4287 4287 1
4288 4288 -2
4289 4289 4
4291 4291 -2
4293 4293 1
4295 4295 -1
4296 4296 4
4297 4297 -1
4298 4298 2
4299 4299 2
4301 4301 -2
4302 4302 -3
4303 4303 4
4304 4304 2
4305 4305 2
4306 4306 2
4307 4307 -4
4308 4308 4
4309 4309 -3
4310 4310 2
4311 4311 1
4312 4312 4
4314 4314 -2
4316 4316 4
4317 4317 2
4320 4320 -2
4321 4321 3
4323 4323 -2
4324 4324 -3
4325 4325 -6
4326 4326 -2
4327 4327 -4
4328 4328 2
4329 4329 1
4330 4330 -4
4332 4332 1
4333 4333 -2
4335 4335 4
4336 4336 5
4338 4338 -2
4339 4339 3
4340 4340 3
4341 4341 -3
4342 4342 2
4344 4344 -2
4346 4346 -1
4347 4347 -5
4348 4348 1
4349 4349 2
4350 4350 -3
4351 4351 2
4353 4353 3
4354 4354 -1
4355 4355 4
4356 4356 -3
4357 4357 -1
4358 4358 1
4359 4359 2
4360 4360 2
4361 4361 4
4363 4363 -2
4365 4365 4
4366 4366 2
4369 4369 2
4370 4370 1
4371 4371 4
4372 4372 -2
4373 4373 1
4374 4374 -4
4375 4375 2
4376 4376 -4
4377 4377 -1
4378 4378 -4
4379 4379 4
4380 4380 1
4381 4381 -5
4382 4382 6
4383 4383 4
4384 4384 -2
4385 4385 -2
4386 4386 -2
4387 4387 -4
4389 4389 2
4390 4390 -4
4391 4391 -4
4392 4392 -2
4393 4393 2
4394 4394 2
4395 4395 5
4396 4396 -4
4398 4398 2
4399 4399 3
4401 4401 2
4402 4402 1
4404 4404 -2
4405 4405 3
4406 4406 -1
4407 4407 1
4408 4408 -4
4410 4410 -2
4411 4411 2
4412 4412 2
4413 4413 -1
4414 4414 -2
4415 4415 4
4416 4416 -2
4417 4417 -2
4418 4418 -2
4420 4420 -1
4421 4421 -2
4422 4422 -2
4424 4424 1
4425 4425 -2
4427 4427 7
4428 4428 -2
4429 4429 4
4430 4430 2
4431 4431 -4
4432 4432 -2
4433 4433 -2
4434 4434 4
4435 4435 -6
4436 4436 2
4437 4437 -1
4438 4438 -2
4440 4440 4
4441 4441 -4
4442 4442 -3
4443 4443 -4
4444 4444 2
4445 4445 2
4446 4446 -1
4447 4447 -2
4448 4448 -2
4449 4449 4
4450 4450 7
4451 4451 -2
4453 4453 2
4454 4454 -2
4455 4455 -4
4456 4456 -4
4458 4458 2
4459 4459 2
4460 4460 3
4461 4461 -2
4462 4462 -1
4463 4463 3
4464 4464 6
4465 4465 1
4467 4467 2
4468 4468 -2
4469 4469 -1
4470 4470 -4
4471 4471 -2
4472 4472 -2
4474 4474 3
4475 4475 -1
4476 4476 2
4478 4478 -1
4479 4479 -2
4480 4480 -2
4481 4481 4
4482 4482 -2
4484 4484 3
4485 4485 2
4487 4487 4
4488 4488 1
4490 4490 2
4491 4491 -3
4492 4492 -2
4493 4493 2
4494 4494 -1
4497 4497 4
4498 4498 3
4499 4499 -4
4500 4500 2
4501 4501 4
4503 4503 4
4504 4504 4
4505 4505 6
4506 4506 -1
4507 4507 2
4508 4508 -3
4509 4509 -4
4510 4510 -1
4511 4511 3
4513 4513 6
4516 4516 -4
4517 4517 -2
4521 4521 6
4522 4522 2
4523 4523 -5
4524 4524 1
4525 4525 -4
4527 4527 -2
4529 4529 1
4530 4530 -1
4531 4531 -2
4533 4533 -4
4534 4534 -6
4536 4536 -4
4537 4537 -2
4538 4538 -4
4539 4539 -2
4540 4540 -4
4541 4541 6
4542 4542 -2
4543 4543 4
4544 4544 -2
4545 4545 -4
4546 4546 1
4549 4549 -2
4550 4550 -4
4551 4551 -3
4552 4552 2
4554 4554 -3
4556 4556 -1
4557 4557 3
4558 4558 4
4559 4559 -2
4560 4560 -1
4561 4561 3
4562 4562 1
4563 4563 -2
4566 4566 1
4567 4567 -2
4568 4568 2
4569 4569 1
4570 4570 3
4571 4571 3
4572 4572 -2
4573 4573 2
4574 4574 -2
4575 4575 -4
4576 4576 1
4577 4577 -2
4578 4578 -2
4579 4579 2
4581 4581 4
4582 4582 4
4583 4583 -2
4584 4584 -1
4585 4585 -2
4586 4586 -1
4589 4589 -2
4590 4590 -4
4592 4592 -3
4593 4593 -2
4594 4594 -5
4595 4595 2
4596 4596 5
4597 4597 2
4599 4599 -1
4602 4602 2
4603 4603 -5
4604 4604 4
4605 4605 2
4606 4606 4
4607 4607 -5
4608 4608 2
4611 4611 -2
4612 4612 -3
4613 4613 -4
4614 4614 2
4616 4616 -5
4617 4617 -4
4618 4618 1
4619 4619 2
4620 4620 5
4621 4621 2
4623 4623 4
4624 4624 2
4625 4625 -2
4626 4626 -2
4627 4627 -2
4628 4628 -3
4629 4629 2
4630 4630 -2
4631 4631 1
4632 4632 -2
4634 4634 2
4635 4635 2
4636 4636 -2
4637 4637 5
4640 4640 1
4641 4641 2
4642 4642 -4
4643 4643 3
4644 4644 -4
4645 4645 6
4648 4648 4
4649 4649 -2
4650 4650 -1
4651 4651 -3
4652 4652 1
4653 4653 -2
4654 4654 1
4656 4656 -7
4657 4657 1
4658 4658 -6
4659 4659 3
4660 4660 -4
4661 4661 3
4662 4662 1
4663 4663 2
4664 4664 -2
4666 4666 3
4668 4668 4
4670 4670 4
4671 4671 4
4672 4672 -2
4673 4673 4
4675 4675 -4
4678 4678 2
4679 4679 4
4680 4680 6
4681 4681 4
4682 4682 -3
4683 4683 2
4685 4685 -4
4686 4686 -1
4687 4687 1
4688 4688 1
4690 4690 -4
4691 4691 -2
4692 4692 3
4693 4693 3
4694 4694 2
4695 4695 2
4696 4696 2
4697 4697 -4
4698 4698 2
4700 4700 -3
4701 4701 5
4702 4702 2
4703 4703 2
4704 4704 -2
4706 4706 6
4707 4707 2
4708 4708 -2
4709 4709 2
4710 4710 3
4711 4711 2
4712 4712 1
4713 4713 1
4714 4714 4
4715 4715 -2
4717 4717 2
4718 4718 -1
4719 4719 2
4721 4721 2
4722 4722 -2
4723 4723 2
4725 4725 -2
4729 4729 -2
4730 4730 2
4731 4731 4
4732 4732 -2
4734 4734 2
4735 4735 -4
4736 4736 2
4737 4737 2
4738 4738 2
4739 4739 2
4740 4740 2
4741 4741 -4
4742 4742 5
4743 4743 2
4744 4744 -4
4745 4745 -2
4746 4746 4
4747 4747 -1
4748 4748 -2
4750 4750 2
4753 4753 2
4754 4754 2
4755 4755 2
4757 4757 -1
4758 4758 -2
4759 4759 -2
4760 4760 -2
4761 4761 -4
4762 4762 2
4763 4763 2
4764 4764 2
4765 4765 -2
4766 4766 1
4768 4768 -3
4769 4769 -5
4770 4770 4
4771 4771 2
4773 4773 -4
4774 4774 2
4775 4775 2
4776 4776 -3
4777 4777 2
4779 4779 1
4780 4780 -2
4781 4781 -2
4782 4782 -2
4784 4784 4
4786 4786 2
4787 4787 -2
4788 4788 -2
4789 4789 -2
4790 4790 -2
4791 4791 4
4792 4792 4
4793 4793 -4
4796 4796 -4
4797 4797 -4
4799 4799 2
4803 4803 2
4804 4804 -2
4806 4806 -2
4807 4807 -6
4808 4808 -4
4811 4811 -2
4812 4812 2
4813 4813 2
4814 4814 -2
4815 4815 2
4816 4816 -4
4817 4817 -5
4818 4818 -4
4821 4821 2
4822 4822 1
4823 4823 2
4824 4824 2
4825 4825 -1
4826 4826 -2
4827 4827 -4
4828 4828 2
4829 4829 -2
4831 4831 2
4832 4832 -1
4834 4834 2
4835 4835 -4
4836 4836 -2
4837 4837 2
4838 4838 -4
4839 4839 -4
4841 4841 -2
4842 4842 4
4843 4843 -2
4844 4844 5
4845 4845 2
4846 4846 1
4847 4847 1
4848 4848 2
4851 4851 -3
4852 4852 1
4853 4853 5
4854 4854 -2
4855 4855 -4
4856 4856 -2
4857 4857 2
4859 4859 -5
4860 4860 -2
4861 4861 -1
4862 4862 2
4864 4864 3
4866 4866 2
4867 4867 2
4868 4868 2
4869 4869 -2
4870 4870 -4
4871 4871 2
4872 4872 1
4873 4873 4
4875 4875 4
4876 4876 -3
4877 4877 -2
4879 4879 2
4880 4880 4
4881 4881 -2
4882 4882 2
4887 4887 2
4889 4889 -4
4890 4890 -1
4891 4891 -2
4893 4893 2
4894 4894 2
4895 4895 2
4896 4896 2
4901 4901 2
4902 4902 2
4903 4903 2
4907 4907 -4
4909 4909 2
4911 4911 4
4912 4912 4
4914 4914 4
4915 4915 4
4916 4916 -4
4917 4917 1
4918 4918 -2
4919 4919 -6
4921 4921 -4
4922 4922 2
4923 4923 2
4925 4925 -1
4927 4927 -2
4930 4930 2
4931 4931 2
4932 4932 -4
4933 4933 4
4934 4934 4
4935 4935 -2
4936 4936 -2
4938 4938 -2
4939 4939 -4
4941 4941 -2
4942 4942 1
4944 4944 3
4945 4945 2
4946 4946 -1
4950 4950 -2
4951 4951 -2
4952 4952 2
4953 4953 -2
4958 4958 -2
4959 4959 4
4964 4964 -4
4965 4965 -2
4966 4966 2
4967 4967 2
4968 4968 5
4969 4969 4
4970 4970 2
4971 4971 1
4972 4972 -3
4974 4974 2
4975 4975 -1
4976 4976 -2
4979 4979 -4
4980 4980 -2
4981 4981 -6
4982 4982 -2
4983 4983 -1
4984 4984 4
4985 4985 -2
4986 4986 -2
4988 4988 -2
4990 4990 -2
4991 4991 4
4994 4994 2
4995 4995 2
4996 4996 -2
4998 4998 -4