7000 24105 -14 1
0 5172 2
0 3160 2
0 6328 2
0 4863 2
0 909 2
0 6330 2
1 6713 2
1 366 2
1 3577 2
2 3714 2
2 3304 2
2 1576 2
3 460 2
3 6913 2
3 5050 2
3 6075 2
3 5812 2
3 4522 2
4 5145 2
4 4056 2
4 614 2
4 2680 2
4 455 2
5 142 2
5 3456 2
5 2989 2
6 446 2
6 198 2
6 3431 2
7 1080 2
7 2558 2
7 2319 2
7 3857 2
7 2696 2
8 2060 2
8 1747 2
8 3686 2
9 5800 2
9 1835 2
9 1705 2
9 57 2
9 6532 2
9 4667 2
10 4189 2
10 4488 2
10 3645 2
10 4073 2
10 4072 2
11 186 2
11 4177 2
12 5847 2
12 5920 2
12 1211 2
12 23 2
12 5432 2
12 5657 2
13 5792 2
13 5024 2
13 5201 2
13 3981 2
14 1520 2
14 6325 2
15 6706 2
15 4813 2
15 5939 2
15 4890 2
15 5351 2
16 462 2
16 1315 2
16 6055 2
16 6828 2
17 263 2
17 2343 2
17 5896 2
18 5752 2
18 4507 2
18 191 2
19 382 2
19 596 2
19 4649 2
19 5495 2
19 4844 2
19 6084 2
19 3123 2
19 6063 2
19 1390 2
19 4210 2
19 2040 2
20 3713 2
20 2239 2
20 3588 2
20 5013 2
21 83 2
21 1483 2
21 5802 2
21 245 2
22 3720 2
22 6319 2
22 34 2
22 241 2
24 2532 2
24 6784 2
24 4669 2
24 1302 2
24 997 2
24 6929 2
24 463 2
24 442 2
24 2262 2
24 5862 2
24 4528 2
25 910 2
25 2799 2
25 2582 2
25 5869 2
25 1144 2
26 4717 2
26 5139 2
26 4750 2
26 6737 2
26 4858 2
27 6490 2
27 6751 2
27 5107 2
28 2921 2
28 6144 2
29 6064 2
29 334 2
29 2579 2
29 3641 2
29 5673 2
30 3705 2
30 1984 2
30 4022 2
30 4296 2
30 5344 2
31 399 2
31 6078 2
32 2112 2
32 4751 2
32 6258 2
32 2334 2
32 1424 2
32 4178 2
33 2592 2
33 5819 2
33 1680 2
33 3454 2
33 5596 2
33 5947 2
33 6976 2
34 4792 2
35 5193 2
35 1748 2
35 6505 2
35 1611 2
35 2187 2
36 6642 2
36 1743 2
36 3445 2
36 827 2
36 4837 2
36 6526 2
36 3706 2
37 4024 2
37 2094 2
37 1298 2
37 3735 2
37 1232 2
38 6289 2
38 1759 2
38 1421 2
38 643 2
38 3017 2
38 659 2
38 6871 2
39 5404 2
39 1542 2
40 6076 2
40 871 2
40 2840 2
40 6092 2
41 1064 2
41 6622 2
41 91 2
41 2953 2
41 6630 2
42 1868 2
43 3729 2
43 4019 2
43 961 2
43 1397 2
43 4435 2
44 1204 2
44 2511 2
44 190 2
44 6024 2
44 2015 2
44 267 2
44 3453 2
45 3356 2
45 1126 2
45 4209 2
45 1538 2
46 3816 2
47 3819 2
47 6218 2
48 5738 2
48 6135 2
48 4784 2
48 3220 2
48 4018 2
48 773 2
48 6162 2
49 6279 2
49 1142 2
49 6402 2
49 3560 2
50 1260 2
50 3194 2
51 6606 2
51 2665 2
51 3435 2
51 764 2
51 780 2
51 3453 2
52 96 2
52 6783 2
52 5546 2
52 4917 2
52 1324 2
53 4471 2
53 4316 2
53 3035 2
53 3375 2
53 6221 2
53 5515 2
53 4726 2
54 2296 2
54 2734 2
54 2655 2
54 6561 2
54 2695 2
54 1205 2
54 2769 2
54 6314 2
55 968 2
55 2224 2
55 860 2
55 885 2
55 325 2
55 1120 2
55 494 2
55 3241 2
56 2852 2
56 3198 2
56 4369 2
57 5688 2
57 6040 2
57 1341 2
57 6616 2
57 820 2
57 815 2
57 1865 2
57 4069 2
57 1251 2
57 1373 2
58 3605 2
58 1901 2
58 3026 2
58 5263 2
59 4819 2
59 4679 2
59 6759 2
59 4466 2
59 2541 2
59 1011 2
59 1525 2
59 5632 2
59 6228 2
60 6811 2
60 6373 2
60 4274 2
60 96 2
60 6359 2
60 4240 2
60 5808 2
60 5359 2
61 599 2
61 1430 2
61 3436 2
61 6237 2
61 6090 2
62 4446 2
62 4986 2
62 3662 2
62 5783 2
62 3755 2
62 2519 2
62 2356 2
62 3499 2
62 332 2
63 3406 2
63 1428 2
63 1364 2
63 1016 2
63 5517 2
63 3063 2
63 5451 2
63 4554 2
63 1843 2
64 829 2
64 6332 2
64 5322 2
64 5007 2
65 2860 2
65 2682 2
65 858 2
65 6550 2
65 2884 2
66 534 2
66 3754 2
66 4717 2
66 1223 2
66 1096 2
66 4623 2
67 1213 2
67 2310 2
67 2808 2
67 621 2
67 328 2
67 4009 2
68 182 2
68 3588 2
68 2568 2
68 3596 2
69 2960 2
69 5332 2
69 2864 2
69 4822 2
70 592 2
70 6169 2
70 5831 2
70 4204 2
70 3083 2
70 6790 2
71 1388 2
71 2249 2
71 6330 2
71 5225 2
71 6711 2
71 4738 2
73 299 2
73 318 2
73 3045 2
73 2515 2
74 1936 2
74 5304 2
74 1466 2
75 5008 2
75 4751 2
75 922 2
75 4514 2
76 3373 2
76 1435 2
76 582 2
76 3707 2
76 2389 2
76 3372 2
76 2383 2
77 3074 2
77 794 2
77 4633 2
77 5280 2
78 2738 2
78 2348 2
78 5200 2
78 2058 2
78 4795 2
78 3681 2
78 397 2
78 2070 2
78 4497 2
78 3693 2
78 5149 2
79 5788 2
79 6034 2
79 4534 2
79 1687 2
79 6851 2
79 3832 2
80 3600 2
80 371 2
80 3140 2
81 4671 2
81 5487 2
81 4387 2
81 4650 2
81 3777 2
81 2694 2
81 558 2
81 1048 2
82 2942 2
82 6474 2
82 2711 2
83 6628 2
83 3267 2
83 4832 2
84 6615 2
84 3941 2
84 645 2
84 5253 2
84 6737 2
84 6413 2
84 2731 2
85 3714 2
85 1383 2
85 883 2
85 4763 2
85 5214 2
85 3367 2
85 5115 2
86 2397 2
86 2386 2
86 2102 2
86 6725 2
86 5600 2
87 1424 2
87 3807 2
88 5552 2
88 1839 2
88 95 2
88 1543 2
88 3137 2
88 555 2
88 3237 2
88 4487 2
89 5756 2
89 762 2
89 650 2
89 4521 2
90 2215 2
90 6485 2
90 2344 2
90 4174 2
91 4294 2
91 381 2
91 6544 2
91 838 2
91 1428 2
92 1127 2
92 4831 2
92 3395 2
92 6200 2
92 2499 2
92 4914 2
93 4416 2
93 3299 2
93 4334 2
93 2268 2
93 2508 2
93 5882 2
94 931 2
94 4999 2
94 5273 2
94 169 2
94 2719 2
94 4609 2
94 1964 2
95 4890 2
95 365 2
96 3524 2
96 5145 2
96 1953 2
96 1719 2
96 512 2
96 2153 2
96 2012 2
96 6116 2
96 3088 2
97 3079 2
97 6604 2
97 2977 2
97 4324 2
98 6787 2
98 785 2
98 2208 2
99 2944 2
99 2714 2
99 5686 2
100 948 2
100 3646 2
100 725 2
100 2391 2
101 3806 2
101 5844 2
101 2375 2
101 2702 2
102 2244 2
102 4226 2
102 153 2
103 6487 2
103 6220 2
104 3240 2
104 3881 2
105 2000 2
106 2728 2
106 1242 2
106 2298 2
106 2655 2
106 4018 2
106 6038 2
107 330 2
107 5729 2
107 583 2
108 4389 2
108 4650 2
108 5099 2
109 1059 2
109 5287 2
109 2751 2
109 1614 2
110 4209 2
110 6596 2
110 5162 2
111 5494 2
111 4463 2
112 3885 2
112 1856 2
112 2321 2
112 2831 2
112 6575 2
112 3955 2
112 2289 2
112 4347 2
112 4245 2
113 1560 2
113 3209 2
113 1021 2
113 470 2
113 6891 2
114 1476 2
114 5035 2
114 2778 2
114 2551 2
115 4012 2
115 3442 2
115 1909 2
115 4351 2
115 3770 2
115 1164 2
115 6353 2
115 3428 2
116 5284 2
116 5169 2
116 4412 2
116 5798 2
117 5923 2
117 6914 2
117 1850 2
118 1233 2
118 3814 2
118 4591 2
118 6251 2
119 2673 2
119 6967 2
119 1759 2
119 3758 2
120 720 2
120 6529 2
120 406 2
120 1985 2
121 1930 2
121 5813 2
121 2137 2
121 5047 2
121 257 2
122 3043 2
122 4224 2
122 6363 2
122 5416 2
122 4074 2
122 1960 2
123 2849 2
123 4036 2
123 1669 2
123 6561 2
124 1919 2
124 3055 2
124 4770 2
124 6829 2
125 5841 2
125 2399 2
125 2140 2
126 6591 2
126 3568 2
126 6975 2
126 674 2
126 6732 2
126 6143 2
126 1117 2
126 1859 2
126 3306 2
126 5272 2
127 6012 2
127 2582 2
127 1398 2
128 3159 2
128 6220 2
128 2520 2
128 5458 2
128 5516 2
128 3425 2
128 1112 2
128 3701 2
129 2592 2
129 4089 2
129 2301 2
129 6593 2
130 5598 2
130 1694 2
130 5705 2
130 5364 2
130 6826 2
130 2777 2
131 2843 2
131 5871 2
131 1385 2
132 2924 2
132 5246 2
132 1048 2
132 6310 2
132 3518 2
133 5345 2
133 5750 2
133 233 2
133 6722 2
133 5989 2
133 2610 2
133 6096 2
133 2502 2
134 2434 2
134 4997 2
134 3710 2
134 5662 2
135 4695 2
135 1625 2
135 3935 2
135 3456 2
135 2900 2
135 596 2
136 4293 2
136 6187 2
137 4321 2
137 6501 2
137 3458 2
137 1526 2
137 6355 2
137 2415 2
137 1737 2
137 4862 2
138 6937 2
138 6472 2
138 1246 2
139 2145 2
139 3682 2
139 714 2
139 4011 2
139 6801 2
139 5331 2
139 4752 2
140 4337 2
140 5880 2
140 4107 2
140 842 2
140 1946 2
140 3203 2
140 3231 2
140 5733 2
141 1358 2
141 3135 2
141 4811 2
142 3562 2
142 4013 2
143 3032 2
143 779 2
144 5277 2
144 3109 2
144 286 2
144 1266 2
144 4082 2
144 3314 2
144 556 2
145 3819 2
145 3425 2
145 4228 2
145 4373 2
145 5194 2
145 863 2
146 2957 2
146 720 2
146 855 2
146 530 2
147 4148 2
147 2466 2
147 6194 2
147 2318 2
147 416 2
147 2150 2
147 2343 2
148 2923 2
148 2657 2
149 3298 2
149 1133 2
149 5013 2
149 1544 2
149 4539 2
150 1943 2
150 6619 2
150 5492 2
150 5273 2
151 1797 2
151 2709 2
151 333 2
151 3635 2
152 755 2
152 4542 2
152 4268 2
152 6964 2
152 6904 2
152 4166 2
152 5494 2
152 330 2
152 5055 2
153 1508 2
153 3942 2
154 5492 2
154 4225 2
154 4190 2
154 583 2
154 1193 2
154 5818 2
155 4522 2
155 5818 2
155 6952 2
155 5336 2
155 1859 2
155 6308 2
156 3599 2
156 4842 2
156 3730 2
156 734 2
157 6249 2
157 1050 2
157 476 2
157 512 2
157 2059 2
157 6706 2
157 6741 2
158 6044 2
158 2008 2
158 3213 2
158 3901 2
158 3324 2
158 2224 2
158 3569 2
158 6021 2
159 4977 2
159 4504 2
159 1423 2
160 4422 2
160 1894 2
160 5040 2
160 2464 2
160 4996 2
161 5482 2
161 2702 2
161 1846 2
161 1012 2
161 5415 2
161 5582 2
161 1631 2
162 2431 2
162 3724 2
162 274 2
162 4836 2
162 1869 2
163 4137 2
163 787 2
163 2464 2
163 307 2
163 5271 2
163 1465 2
164 4965 2
164 2664 2
164 5209 2
164 525 2
164 1941 2
164 4720 2
165 5416 2
165 4448 2
165 6063 2
165 1765 2
165 6133 2
166 3179 2
166 2153 2
166 2805 2
166 5530 2
166 3773 2
166 6958 2
166 3628 2
166 5238 2
166 2020 2
167 1470 2
167 1460 2
167 4049 2
167 5070 2
167 1667 2
168 3215 2
168 5345 2
168 3439 2
168 197 2
168 5542 2
168 5754 2
168 4497 2
168 1421 2
169 6679 2
170 5692 2
170 2766 2
171 6522 2
171 6735 2
171 4464 2
172 3313 2
172 3425 2
172 2020 2
172 4520 2
172 4388 2
173 4361 2
173 3255 2
173 5438 2
174 1393 2
174 6586 2
174 4269 2
174 3232 2
174 1081 2
174 517 2
174 832 2
174 1521 2
175 3912 2
175 218 2
175 6034 2
175 2238 2
175 6695 2
175 3569 2
175 3236 2
175 2218 2
176 896 2
176 4878 2
176 2316 2
176 2282 2
176 553 2
177 1825 2
177 4253 2
177 4976 2
177 3994 2
177 1711 2
178 4881 2
178 3865 2
179 1433 2
179 2617 2
179 690 2
180 4091 2
180 6913 2
180 1536 2
180 4283 2
181 1900 2
181 1991 2
182 4251 2
182 2395 2
182 1559 2
182 2411 2
182 5089 2
182 5319 2
182 3346 2
182 4657 2
183 3222 2
183 4562 2
183 3564 2
183 5306 2
183 6001 2
184 2270 2
184 1387 2
184 2426 2
185 2955 2
185 6626 2
185 583 2
185 2304 2
185 2144 2
185 6675 2
186 1942 2
186 2283 2
186 6405 2
187 2344 2
187 4623 2
187 5916 2
187 4343 2
188 3062 2
188 5814 2
188 1289 2
189 1143 2
189 2205 2
189 2234 2
189 4258 2
189 3077 2
189 2947 2
190 624 2
190 5565 2
190 2446 2
190 4820 2
190 1018 2
190 1472 2
190 713 2
191 3594 2
191 3926 2
191 2782 2
191 6613 2
191 2418 2
192 3008 2
192 954 2
192 3839 2
192 2299 2
192 6018 2
192 2065 2
192 5745 2
193 4847 2
193 2716 2
193 2574 2
194 3244 2
194 3647 2
194 3106 2
194 2477 2
195 5148 2
195 1801 2
195 6219 2
195 2576 2
195 1492 2
196 6461 2
196 3744 2
196 2279 2
196 3444 2
196 5588 2
196 5475 2
197 4534 2
197 3671 2
197 744 2
197 2670 2
197 1603 2
197 6508 2
197 2757 2
197 309 2
198 1558 2
198 3611 2
198 5287 2
198 3947 2
198 5393 2
198 1230 2
198 1988 2
198 2139 2
198 4637 2
199 1065 2
199 1132 2
199 6706 2
199 6536 2
199 258 2
199 411 2
200 4358 2
200 6185 2
200 6822 2
201 6139 2
202 902 2
202 5995 2
202 4419 2
202 2176 2
203 5402 2
203 358 2
203 4522 2
205 2368 2
205 4669 2
205 2452 2
205 5402 2
205 1061 2
206 297 2
206 657 2
206 2841 2
206 4823 2
206 230 2
206 1317 2
207 2129 2
207 578 2
207 2183 2
207 1124 2
207 1806 2
207 6068 2
207 1459 2
207 3971 2
208 2451 2
208 1041 2
208 3712 2
208 3348 2
208 1561 2
208 737 2
209 5378 2
209 6665 2
209 6018 2
210 6905 2
210 3775 2
210 624 2
210 4163 2
210 739 2
210 1603 2
210 2502 2
211 2250 2
211 385 2
212 2257 2
212 1698 2
212 6660 2
212 4769 2
212 5141 2
213 2351 2
213 4141 2
213 926 2
213 3274 2
213 2275 2
213 5204 2
214 5428 2
214 5725 2
214 3457 2
214 5403 2
214 5347 2
214 1779 2
214 3723 2
214 5397 2
214 4950 2
214 4099 2
215 4062 2
215 1047 2
215 4209 2
215 5203 2
215 878 2
216 3609 2
216 4983 2
216 561 2
216 4375 2
216 5479 2
216 1826 2
216 6918 2
216 2053 2
216 5628 2
216 6189 2
217 6802 2
217 5957 2
217 2223 2
217 715 2
217 2807 2
218 4261 2
218 5242 2
218 1716 2
218 6741 2
218 6229 2
218 4702 2
218 5296 2
218 6919 2
218 2558 2
218 549 2
218 5985 2
219 3856 2
219 3528 2
219 3451 2
220 6722 2
220 5056 2
220 377 2
220 5250 2
220 1549 2
221 5439 2
221 6098 2
221 4569 2
221 3060 2
221 4875 2
221 3495 2
222 2591 2
222 480 2
222 5342 2
222 1189 2
223 5538 2
223 5625 2
223 1767 2
223 2671 2
224 1573 2
224 2835 2
224 3178 2
224 250 2
224 3440 2
225 4414 2
225 4209 2
225 2942 2
225 3603 2
225 1155 2
225 4189 2
226 330 2
226 231 2
226 1361 2
227 2525 2
227 6890 2
227 5665 2
227 5001 2
227 4868 2
227 6993 2
227 6502 2
228 1999 2
228 2935 2
228 637 2
228 4870 2
228 3211 2
229 3783 2
230 1198 2
230 2986 2
230 6397 2
230 3490 2
230 5332 2
230 2063 2
231 5016 2
231 4347 2
231 3163 2
231 3750 2
231 1844 2
231 3373 2
232 3890 2
232 5359 2
233 6637 2
233 1090 2
233 1047 2
233 3065 2
234 4513 2
235 2905 2
235 4272 2
235 770 2
235 5408 2
235 3363 2
235 5657 2
236 4898 2
236 3984 2
236 255 2
236 5167 2
236 3279 2
237 2439 2
237 5712 2
238 2321 2
238 5017 2
238 672 2
239 6759 2
239 565 2
240 6100 2
240 5549 2
240 5156 2
240 4712 2
241 664 2
241 6585 2
241 2825 2
242 2819 2
242 4237 2
242 1532 2
242 6951 2
242 2198 2
242 2685 2
243 321 2
243 5154 2
243 6650 2
243 1876 2
243 6531 2
244 3023 2
244 4762 2
244 3033 2
244 3903 2
244 6535 2
245 3805 2
245 1593 2
245 6081 2
245 2923 2
245 6744 2
245 6752 2
246 4295 2
246 352 2
246 6466 2
246 586 2
246 1979 2
246 2426 2
246 4953 2
247 3762 2
247 646 2
247 4013 2
247 1077 2
247 872 2
247 6420 2
248 3842 2
248 3850 2
248 3871 2
248 3683 2
248 4122 2
248 6525 2
249 3076 2
249 2730 2
249 4145 2
249 4699 2
251 2587 2
252 4228 2
252 1775 2
252 360 2
252 3789 2
252 1776 2
252 5854 2
252 4108 2
253 6375 2
254 2283 2
254 3398 2
254 2218 2
254 6107 2
254 2531 2
255 2459 2
255 5096 2
255 2513 2
255 3617 2
255 5952 2
255 2271 2
256 2727 2
256 992 2
256 3515 2
257 2138 2
257 1460 2
257 641 2
257 5319 2
258 4475 2
258 5935 2
258 4938 2
259 6950 2
259 2125 2
259 5671 2
259 3021 2
259 320 2
260 6856 2
260 5828 2
260 3550 2
260 5936 2
261 3183 2
261 2106 2
261 3380 2
262 2209 2
262 779 2
262 2185 2
263 6067 2
263 6471 2
263 4405 2
263 2500 2
264 6476 2
264 1721 2
264 915 2
264 6833 2
264 1674 2
265 2667 2
265 2662 2
265 4975 2
265 2780 2
266 5910 2
266 6555 2
266 2221 2
266 3313 2
267 3266 2
267 4168 2
267 2534 2
268 2312 2
268 3575 2
268 1429 2
268 5425 2
268 2855 2
269 419 2
269 3905 2
269 5445 2
269 4547 2
269 6697 2
270 5292 2
270 3867 2
270 6652 2
270 5028 2
270 3841 2
271 4822 2
271 2793 2
272 532 2
273 3495 2
273 3059 2
273 6004 2
273 1742 2
273 604 2
273 6303 2
274 2353 2
274 2400 2
274 5054 2
274 581 2
275 649 2
275 2725 2
275 3369 2
275 2961 2
275 2295 2
275 6405 2
275 4188 2
276 6503 2
276 3018 2
276 4341 2
276 4630 2
277 823 2
277 3482 2
277 4992 2
277 947 2
277 1231 2
278 4438 2
278 6601 2
278 6968 2
278 3226 2
278 2885 2
278 463 2
278 2331 2
279 6480 2
279 4840 2
279 4310 2
279 3016 2
280 5343 2
280 3145 2
280 593 2
280 1124 2
280 1753 2
281 1696 2
281 972 2
281 871 2
281 1556 2
281 569 2
282 2700 2
282 4056 2
282 2807 2
282 5599 2
282 1261 2
282 3434 2
283 6865 2
283 1497 2
283 1118 2
283 6235 2
283 3409 2
284 4248 2
284 585 2
284 2733 2
285 5666 2
285 5136 2
285 4087 2
285 6587 2
286 5435 2
286 1094 2
286 5596 2
286 3294 2
286 682 2
286 3707 2
286 1523 2
286 6728 2
287 3394 2
287 4448 2
287 4615 2
287 6884 2
287 2420 2
288 3707 2
288 1327 2
288 3722 2
288 3950 2
288 3148 2
288 1581 2
288 1878 2
289 4721 2
289 5383 2
289 4617 2
289 6470 2
289 4295 2
289 5218 2
290 453 2
290 4710 2
290 349 2
290 4870 2
290 6962 2
290 4053 2
290 2133 2
291 2463 2
291 513 2
291 2476 2
292 4255 2
292 6483 2
292 5115 2
292 4405 2
292 4177 2
293 6843 2
293 1981 2
293 1114 2
293 5117 2
293 4079 2
293 4722 2
294 1653 2
294 3567 2
295 2660 2
295 4349 2
296 4070 2
296 6800 2
296 1294 2
296 2312 2
297 3302 2
297 5209 2
297 6943 2
297 1726 2
297 6281 2
297 3225 2
298 5755 2
298 3197 2
298 1328 2
298 3812 2
298 6641 2
298 1152 2
299 1939 2
299 988 2
299 447 2
299 5090 2
299 4329 2
299 4311 2
299 1949 2
299 5837 2
299 346 2
300 2349 2
300 5343 2
300 900 2
300 6707 2
301 4998 2
302 2630 2
302 6450 2
302 2767 2
303 865 2
303 5191 2
303 2507 2
304 2022 2
304 3778 2
304 6427 2
304 5666 2
305 4105 2
305 2222 2
305 2171 2
305 5790 2
305 4668 2
306 2574 2
306 4220 2
306 3051 2
306 5323 2
306 2542 2
307 2173 2
307 3799 2
307 1342 2
307 1845 2
307 2933 2
307 6016 2
308 2738 2
308 2087 2
308 6429 2
308 4897 2
308 2151 2
308 5561 2
309 6547 2
309 429 2
309 5344 2
309 1409 2
310 5442 2
310 4300 2
310 4287 2
310 6957 2
310 1120 2
310 1468 2
310 600 2
310 2866 2
311 4386 2
311 2649 2
311 1778 2
311 3829 2
311 2024 2
312 3970 2
312 4660 2
313 950 2
313 1053 2
313 1624 2
313 4949 2
313 4003 2
313 3097 2
313 1488 2
314 1785 2
314 5690 2
314 6995 2
315 917 2
315 1944 2
315 6372 2
315 2310 2
316 3163 2
316 6990 2
316 2626 2
317 4425 2
317 2670 2
317 1506 2
317 1411 2
317 3479 2
317 3286 2
318 6464 2
318 1986 2
318 6487 2
318 365 2
318 2237 2
319 2509 2
319 651 2
319 3197 2
319 2388 2
319 6046 2
320 4798 2
320 6007 2
320 5488 2
320 3380 2
321 4611 2
321 1448 2
321 3932 2
321 2972 2
321 6058 2
322 951 2
322 489 2
322 2585 2
323 6961 2
323 6156 2
323 5147 2
323 338 2
323 3660 2
323 2893 2
324 6705 2
324 2355 2
324 532 2
324 3868 2
325 2513 2
325 3725 2
325 3829 2
325 5651 2
325 980 2
325 6546 2
325 696 2
326 6196 2
326 5014 2
326 4135 2
326 2777 2
328 4454 2
328 6121 2
328 1179 2
328 6500 2
329 1151 2
329 699 2
329 5272 2
329 6288 2
330 5840 2
330 6440 2
330 341 2
330 4530 2
331 6379 2
331 4607 2
331 3798 2
332 3469 2
332 5703 2
332 5650 2
332 4123 2
332 2850 2
332 1150 2
332 960 2
332 6057 2
333 6791 2
333 6462 2
333 6941 2
333 1996 2
333 5371 2
334 5600 2
334 4043 2
334 3699 2
334 2483 2
335 4660 2
335 2713 2
335 4825 2
335 6595 2
335 3466 2
335 5262 2
336 6491 2
336 3202 2
336 4049 2
337 1104 2
337 2794 2
338 2464 2
339 6711 2
339 6632 2
339 6969 2
339 3680 2
339 1115 2
339 1518 2
340 690 2
340 4356 2
341 6988 2
341 6573 2
341 603 2
342 3206 2
342 6700 2
342 5079 2
342 1785 2
342 4996 2
343 1853 2
343 2611 2
344 434 2
344 4784 2
344 2540 2
344 3074 2
344 2797 2
344 6396 2
345 955 2
345 2687 2
345 814 2
345 970 2
345 5520 2
345 5773 2
346 6155 2
346 2832 2
346 5043 2
346 2237 2
347 5415 2
347 3452 2
347 2805 2
348 4355 2
348 4236 2
348 6436 2
348 5172 2
348 2910 2
348 6959 2
349 4833 2
349 3692 2
349 6450 2
349 1733 2
349 4450 2
350 3075 2
350 4771 2
350 2522 2
351 4852 2
351 6042 2
351 2151 2
351 6855 2
352 4808 2
352 5939 2
353 381 2
353 1014 2
353 1414 2
353 1003 2
353 5953 2
353 3065 2
353 4407 2
354 4890 2
354 2492 2
354 2218 2
355 604 2
355 3841 2
355 1382 2
355 2645 2
355 4804 2
355 5527 2
355 2052 2
355 6618 2
356 1455 2
356 4363 2
356 2380 2
356 3786 2
356 837 2
357 3425 2
357 3421 2
357 5754 2
357 5524 2
357 4477 2
357 1934 2
358 6237 2
358 5303 2
358 6878 2
358 3748 2
359 6484 2
359 1420 2
359 1569 2
360 392 2
360 3553 2
360 3886 2
360 6196 2
360 5601 2
360 1997 2
361 5692 2
361 3376 2
361 6214 2
361 2493 2
361 1364 2
361 2672 2
362 5540 2
362 4040 2
362 1524 2
362 6360 2
362 984 2
362 2015 2
363 5236 2
363 6852 2
363 408 2
363 2546 2
363 6708 2
364 6048 2
364 2413 2
364 978 2
365 3441 2
366 2570 2
366 6201 2
366 1910 2
366 4961 2
367 4022 2
367 1501 2
367 4908 2
367 3278 2
367 985 2
367 6037 2
368 4790 2
368 1788 2
368 2510 2
368 2283 2
369 726 2
369 6117 2
369 2705 2
369 5963 2
369 4146 2
370 5591 2
370 6407 2
370 5736 2
370 4465 2
370 1917 2
371 6155 2
371 3645 2
371 6557 2
371 6601 2
371 5482 2
371 4530 2
372 2029 2
372 859 2
373 3407 2
373 5799 2
373 2257 2
373 5200 2
373 5979 2
373 1257 2
373 6602 2
374 6529 2
374 6016 2
374 5505 2
375 2387 2
375 2781 2
375 2714 2
375 796 2
375 465 2
376 2623 2
376 1669 2
376 2438 2
376 1187 2
377 663 2
377 3596 2
377 3382 2
377 2087 2
377 2454 2
377 846 2
378 2546 2
378 953 2
378 3813 2
379 5482 2
379 5537 2
379 2244 2
379 5146 2
379 2506 2
380 2147 2
380 6607 2
380 6268 2
380 1352 2
381 4828 2
381 704 2
381 6505 2
381 6969 2
382 2806 2
383 6188 2
383 6655 2
383 2814 2
383 1720 2
384 3812 2
384 2242 2
384 5305 2
384 568 2
384 4470 2
384 856 2
385 4060 2
385 5275 2
385 3869 2
385 3412 2
385 5985 2
386 5345 2
386 4674 2
386 6620 2
386 1342 2
387 6675 2
387 3073 2
387 1641 2
388 4615 2
388 5649 2
388 1824 2
388 4300 2
388 4094 2
388 2232 2
389 2940 2
389 2727 2
389 5399 2
389 3539 2
389 6536 2
389 6697 2
389 5939 2
390 3297 2
390 404 2
390 761 2
390 3241 2
390 4221 2
391 5650 2
391 2564 2
391 5028 2
392 815 2
392 6446 2
393 1825 2
393 3150 2
393 1387 2
393 2438 2
394 5338 2
394 5099 2
394 5480 2
394 5270 2
394 3812 2
394 5381 2
394 6774 2
394 6452 2
394 6985 2
394 5289 2
395 967 2
395 3487 2
395 2703 2
395 2309 2
395 3723 2
396 4274 2
396 4681 2
396 2757 2
396 2074 2
396 5098 2
397 4621 2
397 1088 2
398 5058 2
398 4715 2
398 3478 2
398 6114 2
399 1159 2
399 3711 2
399 1300 2
399 2033 2
400 2868 2
400 5824 2
400 1299 2
400 6470 2
400 2574 2
400 3392 2
401 5636 2
401 637 2
401 5495 2
401 4049 2
401 3220 2
402 4294 2
402 6765 2
402 476 2
402 3193 2
403 5905 2
403 5135 2
403 2048 2
403 6447 2
403 3490 2
403 6442 2
403 5180 2
404 4577 2
404 2536 2
404 6933 2
405 3931 2
405 6160 2
405 6253 2
405 3298 2
406 1158 2
406 3008 2
406 3421 2
406 4251 2
406 989 2
406 5050 2
406 4279 2
406 908 2
407 3494 2
407 2046 2
407 2503 2
408 4372 2
408 6198 2
408 2644 2
408 852 2
408 996 2
408 3185 2
409 4465 2
409 6888 2
410 2596 2
410 4395 2
410 5292 2
411 3589 2
411 840 2
411 6874 2
411 6411 2
411 3306 2
411 1342 2
411 2765 2
411 2461 2
411 3097 2
412 3104 2
412 2557 2
412 765 2
413 1051 2
413 2195 2
413 1805 2
413 4248 2
413 849 2
414 2626 2
414 3134 2
415 2762 2
415 6969 2
415 6630 2
415 1275 2
415 871 2
416 1399 2
416 3278 2
416 1291 2
416 1203 2
416 2906 2
416 2362 2
417 5960 2
417 5773 2
418 5222 2
418 5627 2
418 2221 2
418 5098 2
418 3618 2
418 6831 2
418 4270 2
419 3010 2
419 6733 2
420 3945 2
420 3999 2
420 731 2
420 5021 2
420 6617 2
421 5122 2
421 879 2
421 552 2
421 3166 2
421 3515 2
422 5988 2
422 5778 2
422 2077 2
422 6870 2
423 1176 2
423 885 2
423 4777 2
423 3727 2
423 2936 2
424 1572 2
424 5475 2
424 1701 2
424 517 2
424 1152 2
424 4210 2
424 3236 2
424 3320 2
424 6431 2
425 5481 2
425 4547 2
425 3445 2
425 3174 2
426 1641 2
426 5032 2
427 559 2
427 6863 2
427 4258 2
427 811 2
427 683 2
427 5392 2
427 924 2
428 5105 2
428 5496 2
428 5783 2
428 4858 2
429 6787 2
429 4654 2
429 431 2
429 547 2
429 6552 2
429 4950 2
429 3404 2
430 3516 2
430 6772 2
430 1729 2
430 4676 2
430 1649 2
430 2979 2
430 2534 2
431 1181 2
431 2622 2
431 6334 2
431 2912 2
431 2665 2
432 2655 2
432 2805 2
432 2772 2
432 4153 2
432 3737 2
433 4163 2
433 3859 2
433 4752 2
433 4490 2
433 3083 2
434 6089 2
434 4426 2
434 2911 2
434 6465 2
434 435 2
434 4364 2
434 1544 2
434 1876 2
434 2963 2
435 3346 2
435 4295 2
435 6626 2
435 1911 2
436 1180 2
436 2544 2
436 6193 2
436 6787 2
437 6948 2
437 5704 2
437 1615 2
438 2078 2
438 1589 2
438 2177 2
439 2683 2
439 5429 2
440 1950 2
440 5532 2
440 1868 2
440 3109 2
440 6023 2
440 4185 2
441 6858 2
441 5888 2
441 6490 2
441 6970 2
441 6391 2
442 1878 2
442 4781 2
442 6803 2
442 1662 2
442 4867 2
443 4229 2
443 6379 2
444 2295 2
444 4884 2
444 457 2
445 4322 2
445 2980 2
446 1463 2
446 1763 2
446 1252 2
446 5843 2
447 6345 2
447 1889 2
447 5545 2
447 4206 2
447 2237 2
447 5968 2
447 2118 2
447 4940 2
448 6583 2
448 3802 2
448 4895 2
448 3931 2
448 682 2
448 938 2
449 2857 2
449 1214 2
449 5456 2
449 1327 2
450 2925 2
450 4787 2
451 1639 2
451 2143 2
451 2966 2
451 1616 2
451 2576 2
451 5926 2
451 6783 2
451 3716 2
451 4830 2
452 4572 2
452 2741 2
452 1272 2
452 3166 2
452 6134 2
453 6689 2
453 3894 2
453 3878 2
454 2055 2
454 5409 2
455 505 2
456 557 2
456 5716 2
456 4175 2
457 4431 2
457 6763 2
457 5018 2
458 3028 2
458 3010 2
458 5443 2
458 3500 2
458 2843 2
459 2876 2
459 5205 2
459 3564 2
459 2295 2
459 2913 2
460 1049 2
460 2481 2
460 956 2
460 5459 2
460 6306 2
461 1554 2
462 3089 2
462 5973 2
462 6596 2
463 2113 2
463 1330 2
463 4106 2
463 902 2
463 577 2
464 5782 2
464 4953 2
464 4503 2
464 5222 2
464 718 2
464 5665 2
464 6287 2
465 1175 2
465 882 2
466 4608 2
466 2185 2
466 1382 2
466 4989 2
466 1756 2
467 6386 2
467 3420 2
467 2431 2
468 1244 2
469 792 2
469 4241 2
469 4271 2
469 6901 2
469 3600 2
470 4722 2
470 6462 2
470 857 2
470 6321 2
471 5551 2
471 5084 2
471 6566 2
471 584 2
471 855 2
471 5112 2
471 4849 2
472 1870 2
472 6555 2
472 3756 2
472 5936 2
472 5506 2
472 5182 2
472 6216 2
473 2254 2
473 5643 2
473 2359 2
473 5218 2
473 2455 2
474 2696 2
474 3307 2
474 2449 2
474 3458 2
474 6907 2
474 6023 2
474 4336 2
475 5730 2
475 5948 2
475 3432 2
475 6089 2
475 5635 2
475 4796 2
475 5368 2
475 1512 2
475 6201 2
476 2376 2
476 3583 2
477 2035 2
477 3354 2
477 1553 2
477 6080 2
477 6730 2
477 5988 2
478 5152 2
478 6131 2
478 3656 2
478 1111 2
478 6907 2
479 2706 2
479 3360 2
479 2397 2
479 2293 2
480 4656 2
480 3629 2
480 5541 2
480 4116 2
480 1340 2
481 4962 2
481 4685 2
481 3252 2
481 2853 2
482 5749 2
482 1555 2
483 2304 2
483 1027 2
483 3682 2
483 5560 2
483 5729 2
483 6625 2
484 5393 2
484 1368 2
484 3355 2
484 756 2
484 3875 2
485 763 2
485 1689 2
485 2106 2
485 1279 2
485 2461 2
485 1237 2
486 645 2
486 4633 2
486 2153 2
486 5749 2
486 5619 2
486 2145 2
487 552 2
487 2978 2
488 4029 2
488 6492 2
488 2461 2
488 6580 2
489 2465 2
489 5427 2
489 4609 2
489 3746 2
490 4515 2
490 5335 2
490 6625 2
490 1423 2
490 4412 2
490 6637 2
491 3609 2
491 1223 2
491 3066 2
491 6972 2
491 3772 2
491 6189 2
491 5590 2
491 2519 2
492 4656 2
492 3775 2
492 3501 2
492 6062 2
492 3514 2
493 2027 2
493 5327 2
493 5673 2
493 2554 2
493 1313 2
494 4157 2
494 6593 2
494 2072 2
494 4547 2
494 3585 2
494 4073 2
494 1464 2
495 6333 2
495 5343 2
495 4199 2
495 669 2
495 991 2
495 5738 2
496 4180 2
496 3494 2
496 3905 2
496 4810 2
497 651 2
497 779 2
497 1622 2
497 3826 2
498 4465 2
498 5560 2
498 6100 2
498 3014 2
498 2512 2
499 5443 2
499 5036 2
499 1492 2
499 6117 2
499 5463 2
500 623 2
500 1495 2
501 6289 2
501 2839 2
501 5677 2
502 5891 2
502 3466 2
502 6921 2
503 2705 2
503 1196 2
503 3562 2
503 5326 2
503 2458 2
503 4799 2
503 3550 2
504 4863 2
504 5946 2
504 2418 2
504 2560 2
504 4118 2
504 5015 2
504 6133 2
505 4118 2
505 6366 2
505 6033 2
505 559 2
505 2023 2
505 1463 2
505 520 2
506 5234 2
506 6940 2
506 3025 2
506 5388 2
506 3806 2
506 4942 2
506 4634 2
506 5507 2
506 2665 2
506 2311 2
507 1834 2
507 2917 2
507 1188 2
507 3641 2
507 4912 2
508 6071 2
508 5495 2
508 5235 2
509 5133 2
509 3390 2
509 919 2
509 5035 2
509 1482 2
509 4278 2
509 1193 2
510 5666 2
510 2156 2
510 3072 2
510 6616 2
510 675 2
510 6858 2
510 1227 2
510 940 2
510 6325 2
511 6727 2
511 5386 2
512 5053 2
512 5453 2
512 2757 2
512 2054 2
512 5150 2
513 1391 2
513 2145 2
513 5151 2
513 5109 2
513 3622 2
513 4890 2
514 6856 2
514 4031 2
514 3787 2
514 6956 2
515 2998 2
515 554 2
515 4094 2
516 775 2
516 4504 2
516 764 2
516 1325 2
517 2633 2
517 1338 2
517 3114 2
518 5076 2
518 738 2
518 1797 2
518 557 2
519 4914 2
519 4977 2
519 6269 2
519 5284 2
520 1705 2
520 3432 2
520 4015 2
520 4953 2
521 3356 2
521 3316 2
521 768 2
522 1647 2
522 2655 2
523 4488 2
523 1163 2
524 1788 2
524 2516 2
524 2901 2
524 6443 2
524 6411 2
524 2889 2
525 822 2
525 1205 2
526 5225 2
526 1852 2
526 3738 2
526 682 2
527 6696 2
527 6560 2
527 3522 2
527 4379 2
528 3661 2
528 5259 2
528 6038 2
528 2174 2
528 4009 2
529 3639 2
529 6459 2
529 6567 2
529 3695 2
529 3468 2
529 1382 2
529 3709 2
530 883 2
530 664 2
530 4734 2
531 2508 2
531 2295 2
531 6545 2
531 2148 2
532 843 2
532 2204 2
532 3321 2
533 6815 2
533 4174 2
533 3068 2
533 2146 2
534 1775 2
534 1296 2
534 5596 2
534 2193 2
534 5130 2
534 1860 2
534 2898 2
535 1990 2
535 3844 2
535 3129 2
535 1939 2
535 6812 2
535 2280 2
535 3934 2
536 1786 2
536 1186 2
536 1397 2
536 6548 2
536 4118 2
537 2835 2
537 6505 2
537 2262 2
538 3071 2
538 6865 2
538 6761 2
538 6820 2
538 723 2
539 5343 2
539 3959 2
539 3586 2
539 6895 2
539 4456 2
540 2531 2
540 4002 2
540 4500 2
541 1132 2
542 4110 2
542 2974 2
542 2403 2
542 2625 2
542 2992 2
543 4549 2
543 3427 2
543 4823 2
544 1635 2
544 1810 2
545 4172 2
545 6899 2
546 5770 2
546 2267 2
546 6637 2
546 3277 2
546 3317 2
547 1458 2
547 5174 2
547 5027 2
547 4171 2
547 1880 2
548 2809 2
548 1339 2
548 6735 2
548 4077 2
548 4114 2
549 1728 2
549 1530 2
549 3680 2
549 2416 2
550 4568 2
551 4890 2
551 5971 2
552 5198 2
552 2062 2
553 3016 2
553 841 2
553 1009 2
553 2549 2
553 5240 2
554 5995 2
554 5851 2
554 1624 2
555 6736 2
555 6296 2
555 6316 2
556 3191 2
556 5191 2
556 3977 2
556 3996 2
556 2542 2
556 2968 2
556 6091 2
556 3645 2
556 1665 2
557 5774 2
557 1638 2
557 5398 2
557 3430 2
557 6710 2
558 3287 2
558 1028 2
559 1711 2
559 3443 2
559 1535 2
560 2325 2
560 4250 2
560 1995 2
560 5834 2
560 1132 2
560 6080 2
560 2225 2
560 4654 2
561 2686 2
561 883 2
561 2851 2
562 2441 2
562 6036 2
563 2622 2
563 4624 2
563 5710 2
563 2208 2
563 6160 2
564 1299 2
564 3658 2
564 5088 2
564 4030 2
564 6092 2
565 1189 2
565 3826 2
565 3047 2
565 4242 2
565 5029 2
566 1128 2
566 4035 2
566 4373 2
566 6760 2
567 3314 2
567 2462 2
567 1374 2
567 5674 2
568 1262 2
568 3847 2
568 1813 2
568 5968 2
568 1644 2
568 5524 2
568 4284 2
568 1721 2
569 6619 2
569 3586 2
569 6138 2
569 2710 2
569 2895 2
570 6272 2
570 5016 2
570 2384 2
571 5184 2
571 3850 2
571 3936 2
571 1334 2
571 752 2
571 1229 2
571 4107 2
571 3744 2
571 4131 2
571 4213 2
572 4801 2
572 6269 2
573 3713 2
573 1140 2
573 2081 2
573 5632 2
573 3189 2
573 2547 2
573 4367 2
573 4021 2
574 1105 2
574 3904 2
574 1133 2
574 5802 2
574 3152 2
575 5798 2
575 6842 2
575 5932 2
575 2841 2
575 3112 2
575 1618 2
575 2224 2
575 3258 2
575 2804 2
576 2007 2
576 2623 2
576 6323 2
576 3316 2
577 5784 2
577 1186 2
577 2056 2
578 3180 2
578 5287 2
578 6807 2
578 4444 2
578 2687 2
578 3391 2
579 3366 2
579 1580 2
580 6754 2
580 3002 2
580 3947 2
580 6915 2
581 2682 2
581 1348 2
581 6990 2
581 3146 2
581 6891 2
582 5747 2
582 2240 2
582 3194 2
582 1184 2
583 6201 2
583 2355 2
583 2542 2
583 6096 2
583 3163 2
583 1636 2
583 2127 2
583 5255 2
583 4458 2
585 4609 2
585 5500 2
585 2323 2
585 6594 2
585 6710 2
585 6583 2
585 5658 2
586 727 2
586 5992 2
586 5275 2
586 5117 2
586 6685 2
586 2499 2
586 2001 2
586 1042 2
587 6267 2
588 5188 2
588 2315 2
588 3384 2
588 5553 2
588 4468 2
588 5755 2
589 2592 2
589 5090 2
589 1428 2
589 3287 2
590 689 2
590 6110 2
590 2284 2
590 4039 2
591 6643 2
591 5081 2
591 4545 2
592 3910 2
592 5732 2
592 5451 2
592 3892 2
592 5430 2
592 4693 2
592 1969 2
593 4329 2
593 6486 2
593 2005 2
593 3292 2
593 2832 2
593 3507 2
593 4950 2
593 2304 2
594 3203 2
594 1358 2
594 6640 2
594 6354 2
594 6830 2
594 5683 2
594 4284 2
595 4438 2
595 6033 2
595 4634 2
595 2159 2
595 2801 2
595 3075 2
595 3160 2
596 6092 2
596 2879 2
596 6392 2
596 761 2
596 1039 2
597 2572 2
597 946 2
597 1295 2
597 5931 2
597 5773 2
598 5479 2
598 2252 2
598 3314 2
598 4161 2
598 6139 2
598 5060 2
599 6918 2
599 6343 2
599 2015 2
599 4143 2
599 777 2
600 1220 2
600 6551 2
600 2251 2
600 5096 2
601 5190 2
601 5910 2
602 6833 2
602 5940 2
602 2506 2
603 2584 2
603 898 2
603 1514 2
603 1795 2
603 6261 2
604 5144 2
604 967 2
604 3433 2
604 1343 2
604 2229 2
604 5668 2
605 4524 2
605 6546 2
605 1958 2
605 2517 2
605 2053 2
606 3898 2
606 3347 2
606 4619 2
606 5381 2
606 1976 2
606 3437 2
606 5641 2
607 6616 2
607 3581 2
607 4539 2
607 1481 2
607 4427 2
607 5405 2
608 1243 2
608 5419 2
608 4069 2
608 6878 2
609 5769 2
609 4690 2
609 6032 2
609 5321 2
609 2396 2
609 5326 2
609 3262 2
610 2024 2
610 3454 2
610 2292 2
611 6664 2
611 2189 2
611 4630 2
611 6103 2
611 5904 2
611 2282 2
611 2420 2
612 2525 2
612 2139 2
612 5500 2
612 3170 2
612 5514 2
613 2008 2
613 5625 2
613 1945 2
613 4063 2
613 4896 2
613 3637 2
614 6631 2
614 3923 2
614 6016 2
614 6489 2
614 3788 2
614 3826 2
614 3008 2
614 3970 2
614 5828 2
615 6643 2
615 2527 2
615 4519 2
615 4463 2
615 1442 2
615 6066 2
615 2531 2
616 4409 2
616 3599 2
617 1061 2
617 5542 2
617 2698 2
617 3835 2
617 6888 2
617 2677 2
617 3324 2
617 5966 2
618 3292 2
618 910 2
618 3129 2
618 1432 2
618 6118 2
619 2166 2
619 3148 2
619 3452 2
619 4576 2
619 2609 2
619 4595 2
620 2617 2
620 5997 2
620 1379 2
620 1807 2
620 3209 2
621 1373 2
622 6480 2
622 2535 2
622 2519 2
623 4626 2
623 2045 2
624 1436 2
624 3684 2
624 2318 2
624 4053 2
624 6003 2
625 4513 2
625 2455 2
625 1958 2
625 1750 2
626 2380 2
626 4077 2
626 5533 2
626 4459 2
627 6572 2
627 719 2
627 5827 2
627 5855 2
627 1358 2
628 3847 2
628 3890 2
628 1395 2
628 5115 2
628 5290 2
629 3110 2
629 3851 2
629 3087 2
629 6839 2
629 3837 2
630 1746 2
630 4097 2
630 5113 2
630 5760 2
631 2132 2
631 1054 2
631 2663 2
631 6957 2
631 3242 2
631 1520 2
631 2109 2
632 3408 2
632 4199 2
632 3572 2
633 6219 2
633 4192 2
633 4635 2
633 1764 2
634 6953 2
634 1908 2
634 1088 2
634 4848 2
635 4620 2
635 3834 2
635 6600 2
635 2172 2
635 1317 2
635 2856 2
636 1810 2
636 4040 2
636 2069 2
636 2421 2
636 4385 2
636 5807 2
637 2058 2
637 2378 2
637 1313 2
637 5152 2
637 2409 2
638 3976 2
638 688 2
638 2377 2
639 6226 2
639 5378 2
639 2738 2
639 2034 2
640 4186 2
640 3854 2
640 5473 2
641 839 2
641 3285 2
641 5715 2
641 3816 2
641 1863 2
641 3136 2
642 5629 2
642 6773 2
643 6700 2
643 3103 2
643 6645 2
643 3642 2
643 2935 2
643 4887 2
643 2704 2
644 2298 2
644 3070 2
644 1704 2
644 4576 2
645 5318 2
645 6327 2
645 5386 2
645 680 2
645 2073 2
645 5849 2
646 5912 2
646 1696 2
647 1153 2
647 3232 2
647 1694 2
647 1360 2
647 973 2
648 4738 2
649 6552 2
649 4917 2
649 4770 2
650 2104 2
650 1808 2
650 4402 2
650 3116 2
651 3701 2
651 3024 2
651 864 2
651 5892 2
651 2026 2
651 3756 2
651 1250 2
651 3035 2
652 6782 2
652 2431 2
652 6471 2
653 2204 2
653 2919 2
653 2627 2
653 4909 2
653 5105 2
654 1919 2
654 5676 2
654 4579 2
654 3139 2
654 5294 2
655 2530 2
655 1553 2
655 4558 2
655 1569 2
655 2682 2
655 6136 2
655 2241 2
656 5324 2
656 3540 2
656 5723 2
657 6124 2
657 1706 2
657 2530 2
658 4670 2
658 3050 2
658 6533 2
658 2745 2
658 1980 2
659 1501 2
659 2863 2
659 5736 2
659 3991 2
659 5486 2
659 2100 2
660 3220 2
660 6918 2
660 6186 2
660 2329 2
660 1622 2
660 4092 2
662 3292 2
662 6522 2
662 3346 2
662 5851 2
662 2058 2
663 1073 2
663 1250 2
663 6384 2
663 4998 2
663 859 2
663 6846 2
663 3209 2
663 6174 2
664 6002 2
665 6666 2
665 6745 2
665 4526 2
665 2857 2
666 4926 2
666 1502 2
666 1293 2
666 1864 2
666 1290 2
667 6307 2
667 1150 2
668 4575 2
668 4543 2
668 2092 2
669 1967 2
669 1230 2
669 5120 2
669 1362 2
670 2091 2
670 5635 2
670 5979 2
670 1198 2
671 6142 2
671 2460 2
671 2222 2
671 4353 2
671 4338 2
671 3862 2
672 6074 2
672 5242 2
672 1161 2
672 1812 2
672 3047 2
672 889 2
672 5333 2
673 5624 2
673 2867 2
673 4213 2
673 1621 2
673 4839 2
673 2757 2
673 5112 2
674 6700 2
674 1963 2
674 6626 2
674 3312 2
675 3089 2
676 867 2
676 2850 2
676 1254 2
676 6778 2
677 3543 2
677 3194 2
677 5967 2
677 2833 2
677 6140 2
678 4755 2
679 2851 2
679 6141 2
679 3372 2
679 3839 2
679 1258 2
680 5184 2
680 4157 2
680 3843 2
680 2229 2
681 1220 2
681 857 2
681 1893 2
681 2499 2
681 5518 2
682 3025 2
682 6432 2
682 6362 2
682 3492 2
683 6380 2
683 4686 2
684 732 2
684 1297 2
684 2510 2
684 5686 2
684 6006 2
685 1532 2
685 5619 2
686 6903 2
686 2938 2
687 3267 2
687 1864 2
687 4455 2
687 1588 2
688 4469 2
688 926 2
688 3501 2
689 4405 2
689 5145 2
689 1887 2
689 6422 2
689 1110 2
689 6526 2
689 4589 2
690 2576 2
690 6750 2
690 6354 2
690 1324 2
691 2894 2
691 4743 2
691 4875 2
691 6252 2
691 1916 2
691 2181 2
691 6941 2
692 2859 2
692 711 2
692 6075 2
693 2156 2
693 2964 2
693 6372 2
693 2347 2
693 5018 2
693 1721 2
693 5001 2
694 5398 2
694 5657 2
694 4078 2
694 1549 2
694 2278 2
694 3082 2
694 6488 2
694 5352 2
694 5873 2
694 3042 2
694 4029 2
695 2702 2
695 4636 2
695 5811 2
696 2166 2
696 3020 2
696 3347 2
697 6489 2
697 6329 2
697 6738 2
697 5180 2
698 4113 2
698 3648 2
698 1217 2
698 4558 2
698 6953 2
698 1610 2
699 6310 2
699 1765 2
699 6258 2
699 6230 2
699 847 2
699 4011 2
700 3395 2
701 1299 2
701 3893 2
701 1668 2
701 3789 2
701 1268 2
701 1454 2
701 3333 2
702 3992 2
702 2569 2
702 4899 2
702 6818 2
702 3818 2
702 3827 2
702 6596 2
704 3474 2
704 6733 2
705 4527 2
705 2976 2
705 6142 2
706 4854 2
706 5099 2
706 1761 2
706 5448 2
707 3961 2
707 2509 2
707 5013 2
707 6035 2
707 1064 2
707 1974 2
707 5865 2
708 4652 2
708 1786 2
708 1253 2
709 4423 2
709 4966 2
709 3037 2
709 6441 2
709 1041 2
710 1138 2
710 2540 2
710 2307 2
710 5435 2
710 5623 2
710 2733 2
710 3411 2
711 3139 2
711 1939 2
711 3920 2
711 4951 2
711 4835 2
712 5459 2
712 5347 2
712 1165 2
712 4451 2
713 3782 2
713 799 2
713 4351 2
713 2735 2
714 2503 2
714 5598 2
714 3106 2
715 6573 2
715 1289 2
715 3805 2
715 1727 2
715 6806 2
715 6216 2
715 5360 2
715 4715 2
716 5449 2
716 5286 2
716 2810 2
716 3685 2
716 2405 2
716 4887 2
717 4535 2
717 5878 2
717 1698 2
717 1181 2
717 1559 2
717 1655 2
718 4800 2
718 2896 2
718 5354 2
718 2737 2
718 6498 2
719 1902 2
719 4612 2
719 5228 2
719 3564 2
719 3342 2
720 1439 2
720 3054 2
721 6554 2
721 4961 2
721 2779 2
721 806 2
721 2512 2
722 2260 2
722 3457 2
722 4729 2
722 1108 2
722 2753 2
723 3030 2
723 2715 2
723 5919 2
724 4040 2
724 3128 2
724 938 2
724 2022 2
725 2043 2
725 4580 2
725 4406 2
725 5774 2
726 3785 2
726 3005 2
727 4175 2
727 5393 2
727 5728 2
727 4930 2
728 3545 2
728 1991 2
728 1024 2
729 3930 2
729 1637 2
729 961 2
729 5701 2
730 4209 2
730 1900 2
730 1606 2
730 1757 2
730 3283 2
730 5916 2
730 1014 2
731 1255 2
731 1136 2
731 4712 2
731 4130 2
731 6466 2
732 807 2
732 839 2
732 6184 2
732 1254 2
732 5523 2
732 1481 2
732 6926 2
733 5045 2
733 4709 2
733 3102 2
733 2574 2
734 3494 2
734 3824 2
734 5915 2
735 6921 2
735 3528 2
735 6279 2
735 2121 2
735 6850 2
736 5793 2
736 6798 2
736 1042 2
736 2097 2
736 5050 2
736 1523 2
737 3568 2
737 3120 2
737 3124 2
737 1009 2
738 5449 2
738 6926 2
738 4979 2
738 2222 2
739 6630 2
739 2276 2
739 3259 2
739 4062 2
739 2406 2
739 6809 2
740 1779 2
740 4290 2
741 1686 2
742 4507 2
742 6126 2
742 6239 2
742 803 2
742 3349 2
742 5428 2
744 2955 2
744 5337 2
744 5222 2
745 1337 2
745 4710 2
745 3223 2
745 4930 2
745 3424 2
746 1968 2
746 1961 2
746 6463 2
746 1404 2
746 2579 2
746 6540 2
746 4792 2
747 5882 2
747 2872 2
747 6511 2
747 5078 2
748 3282 2
748 2805 2
748 6975 2
749 1105 2
749 6995 2
749 3399 2
749 1804 2
749 2905 2
750 2891 2
750 3008 2
750 5661 2
750 1944 2
751 4886 2
751 2265 2
751 5520 2
751 6040 2
751 2856 2
751 1174 2
751 3131 2
751 1845 2
751 1222 2
751 799 2
751 1355 2
752 4451 2
752 6254 2
752 6876 2
752 3822 2
752 1323 2
752 1476 2
753 6511 2
753 1867 2
753 5228 2
753 3753 2
753 2237 2
753 1267 2
754 2786 2
754 1198 2
754 6768 2
754 2505 2
755 2837 2
755 3179 2
755 6005 2
755 803 2
755 4445 2
755 1159 2
755 5880 2
756 6503 2
756 1165 2
756 4571 2
757 5717 2
757 3321 2
757 6433 2
758 2847 2
758 5046 2
758 2698 2
759 4265 2
759 1225 2
759 855 2
759 1327 2
759 5289 2
760 4848 2
760 3673 2
760 2817 2
760 1354 2
760 4326 2
761 3602 2
761 6952 2
761 826 2
762 5822 2
762 3535 2
762 3933 2
763 5774 2
764 4876 2
764 2980 2
765 3791 2
765 4862 2
765 5859 2
765 6965 2
766 2098 2
766 2821 2
766 5302 2
766 4002 2
766 6191 2
766 4007 2
767 2674 2
767 6536 2
767 6602 2
767 2491 2
767 3686 2
768 6963 2
768 6421 2
768 2406 2
768 1916 2
768 4132 2
768 6185 2
768 2638 2
769 1856 2
770 2683 2
770 5782 2
770 925 2
771 1006 2
771 6368 2
771 4783 2
771 1999 2
772 5014 2
772 1410 2
772 1374 2
772 5642 2
773 1512 2
773 6177 2
773 4110 2
773 5900 2
773 3152 2
774 946 2
774 6732 2
774 1238 2
774 6911 2
775 1960 2
775 6226 2
775 6764 2
775 3600 2
775 4907 2
776 4868 2
776 1076 2
776 4516 2
777 1693 2
777 5979 2
777 2238 2
777 1102 2
778 4090 2
778 4576 2
778 5799 2
778 3467 2
778 3017 2
779 5800 2
779 6854 2
779 6456 2
779 4247 2
779 1804 2
780 4775 2
780 3576 2
780 4747 2
780 3643 2
781 6730 2
781 3287 2
781 990 2
781 5177 2
781 6572 2
781 5426 2
782 3653 2
782 5962 2
782 4623 2
782 6583 2
782 2098 2
782 3663 2
782 6701 2
783 4772 2
784 2108 2
785 1968 2
785 3978 2
785 2297 2
785 4348 2
785 5989 2
785 952 2
786 3035 2
786 1379 2
786 1882 2
787 2407 2
787 4205 2
787 5092 2
787 2289 2
787 2728 2
788 1769 2
788 3964 2
788 4087 2
788 1955 2
789 3444 2
789 1907 2
789 3231 2
789 4420 2
789 4601 2
790 6410 2
790 4711 2
791 4665 2
791 3062 2
791 3971 2
791 2025 2
792 5221 2
792 5152 2
793 1860 2
793 4765 2
793 2183 2
793 6237 2
793 4961 2
794 1771 2
794 1569 2
794 1821 2
794 3781 2
795 4000 2
796 1267 2
796 3676 2
796 4027 2
796 6714 2
797 5997 2
797 2028 2
797 3618 2
797 961 2
797 6362 2
797 2132 2
798 6614 2
799 2415 2
799 3376 2
799 3834 2
800 3694 2
800 3667 2
800 2099 2
800 2462 2
800 4503 2
801 909 2
801 3314 2
801 1510 2
801 6557 2
802 6439 2
802 2855 2
802 6601 2
802 6862 2
803 1564 2
804 3832 2
804 4003 2
804 2660 2
805 3063 2
805 6355 2
805 4280 2
805 2148 2
806 2417 2
806 3583 2
806 2805 2
806 6625 2
807 6848 2
807 2135 2
807 5981 2
807 2646 2
808 1167 2
808 6463 2
808 2919 2
808 1612 2
808 2529 2
809 6603 2
810 2482 2
810 5382 2
810 3581 2
810 6752 2
811 3517 2
811 6399 2
811 4612 2
811 3283 2
811 1208 2
811 3743 2
811 2697 2
811 2406 2
812 1832 2
812 3700 2
812 2312 2
813 5252 2
813 5519 2
814 6178 2
814 5397 2
814 1470 2
815 5792 2
815 4275 2
815 3027 2
815 4619 2
815 3635 2
815 4636 2
815 2687 2
815 2396 2
815 6761 2
816 5874 2
816 6268 2
816 1635 2
816 5514 2
816 3166 2
816 5348 2
816 5695 2
816 3539 2
816 1763 2
817 6029 2
817 4343 2
817 2293 2
817 3280 2
817 935 2
817 2620 2
817 3297 2
817 4469 2
817 6221 2
818 3636 2
818 4149 2
818 6179 2
818 4312 2
818 2943 2
818 4052 2
818 6726 2
818 3849 2
819 4583 2
819 1132 2
819 6684 2
819 3242 2
819 5133 2
819 4909 2
819 6026 2
820 6885 2
820 6538 2
820 3366 2
820 6450 2
820 1661 2
820 2827 2
821 3636 2
821 5665 2
821 4566 2
821 3409 2
821 4367 2
821 2472 2
822 6418 2
822 2364 2
823 5675 2
823 5333 2
823 2927 2
823 4218 2
824 6651 2
824 6450 2
824 2653 2
824 2666 2
824 4576 2
824 5031 2
825 4805 2
826 2226 2
826 2267 2
826 2953 2
826 4856 2
826 5807 2
827 2476 2
827 2218 2
827 3884 2
827 5301 2
827 6396 2
827 2494 2
827 1453 2
828 6516 2
828 4290 2
828 4977 2
828 2506 2
828 6873 2
829 5769 2
829 2479 2
829 2049 2
829 2752 2
830 2289 2
830 2503 2
831 2372 2
831 1270 2
831 6314 2
831 4729 2
831 3663 2
831 1942 2
831 6067 2
831 3597 2
831 6250 2
832 4242 2
832 2482 2
832 1196 2
832 4303 2
833 2911 2
833 3111 2
833 4071 2
833 5242 2
833 4642 2
833 1794 2
833 1746 2
833 4157 2
834 2917 2
834 1817 2
834 2190 2
834 5097 2
835 2234 2
835 844 2
835 6520 2
835 4234 2
836 1839 2
836 3887 2
836 2058 2
837 5256 2
837 4225 2
837 1299 2
837 5563 2
838 6594 2
838 1502 2
838 3262 2
839 2514 2
839 2992 2
839 1926 2
840 5967 2
840 2354 2
840 2101 2
840 3961 2
840 5945 2
840 6822 2
840 5983 2
841 3482 2
841 3050 2
841 3696 2
842 2911 2
842 2132 2
843 2815 2
843 3126 2
843 3367 2
844 1106 2
844 2107 2
844 2932 2
844 848 2
844 4939 2
844 1634 2
844 6843 2
845 5761 2
845 4773 2
845 4242 2
846 1862 2
846 5193 2
846 3892 2
847 5642 2
848 1282 2
848 5346 2
848 6467 2
848 1782 2
849 3467 2
849 6902 2
849 1815 2
849 3388 2
850 6044 2
850 1228 2
851 3391 2
851 3641 2
851 4107 2
851 5876 2
852 3806 2
852 2078 2
852 3891 2
852 5290 2
852 6711 2
852 1379 2
853 6949 2
853 3880 2
853 3565 2
854 6401 2
854 4455 2
854 5152 2
854 4649 2
855 1643 2
855 2694 2
856 6896 2
856 2412 2
856 4039 2
856 2511 2
856 6316 2
856 6728 2
856 5501 2
857 5741 2
857 3306 2
857 6832 2
857 2178 2
858 1309 2
858 3929 2
858 3121 2
858 2061 2
859 983 2
859 5472 2
859 3401 2
859 5237 2
859 6225 2
859 2691 2
860 1323 2
861 2259 2
861 3748 2
861 5209 2
862 1595 2
862 5696 2
862 4022 2
863 2387 2
863 5667 2
863 6821 2
863 5235 2
864 4005 2
864 2782 2
864 4378 2
864 4674 2
864 2541 2
865 6543 2
865 4404 2
865 4015 2
865 3393 2
865 6032 2
866 2394 2
866 6075 2
866 1327 2
867 4544 2
867 6293 2
867 3565 2
867 6957 2
867 1607 2
867 5759 2
867 3492 2
867 6217 2
868 4904 2
868 3742 2
869 5125 2
869 3672 2
869 4935 2
869 4482 2
869 3434 2
870 4154 2
871 2685 2
871 6138 2
871 5464 2
871 3110 2
871 4825 2
871 6061 2
871 6605 2
871 5977 2
871 4949 2
872 5165 2
873 4411 2
873 4869 2
873 4615 2
874 1834 2
874 6473 2
874 6096 2
874 6828 2
874 1732 2
874 5737 2
874 2558 2
875 3924 2
875 3563 2
875 930 2
875 2771 2
875 2461 2
875 4653 2
876 5392 2
876 1995 2
876 3442 2
876 4451 2
876 5053 2
876 5860 2
877 4302 2
877 1494 2
877 6617 2
878 4045 2
878 2564 2
878 3620 2
878 4530 2
879 1490 2
879 1757 2
879 3036 2
879 5279 2
879 4527 2
879 1204 2
880 1627 2
880 5431 2
880 3027 2
880 950 2
880 4743 2
880 6022 2
881 5069 2
881 6060 2
881 5322 2
881 4311 2
881 3976 2
881 6223 2
881 6731 2
882 924 2
882 2100 2
882 5571 2
882 3815 2
883 2133 2
883 2474 2
883 6358 2
883 6836 2
883 1097 2
883 2233 2
883 1495 2
884 5591 2
884 5628 2
885 6299 2
885 6821 2
885 5388 2
885 4384 2
885 5188 2
885 6503 2
885 3061 2
886 4042 2
886 6136 2
886 2495 2
886 3353 2
886 3102 2
886 2809 2
887 4632 2
887 5233 2
887 2450 2
887 2894 2
887 6775 2
887 3682 2
888 904 2
888 2872 2
888 1558 2
888 1466 2
888 6804 2
888 6433 2
889 6955 2
889 3353 2
889 3013 2
890 3537 2
890 5704 2
890 5615 2
890 6831 2
890 4165 2
890 6206 2
890 3155 2
890 1782 2
891 6547 2
892 6838 2
892 3461 2
893 6702 2
893 2321 2
893 2945 2
893 3829 2
893 5777 2
893 3102 2
894 2987 2
894 929 2
894 5554 2
894 3594 2
894 6665 2
895 2992 2
895 6972 2
895 3153 2
896 2956 2
896 6045 2
896 4472 2
896 6413 2
896 6314 2
897 3531 2
897 2673 2
897 2245 2
897 4496 2
897 2967 2
897 3881 2
897 3589 2
898 1095 2
898 5839 2
899 4320 2
899 6535 2
899 1790 2
899 6038 2
899 2558 2
899 2296 2
900 2010 2
901 1643 2
902 5845 2
902 3055 2
902 3113 2
902 5459 2
902 2910 2
902 6763 2
903 4912 2
903 5433 2
903 5695 2
903 6891 2
903 6707 2
903 5694 2
903 6652 2
903 6567 2
904 4104 2
904 4258 2
904 6135 2
904 3858 2
904 2018 2
904 4238 2
904 5261 2
905 2926 2
905 1547 2
905 4794 2
906 6148 2
906 4252 2
906 1351 2
907 2544 2
907 4956 2
907 2831 2
907 1645 2
907 4917 2
908 3555 2
908 1112 2
908 4630 2
909 6369 2
909 6793 2
909 2775 2
909 3893 2
909 951 2
909 1941 2
910 6763 2
910 5411 2
910 5439 2
910 3307 2
910 1900 2
910 1529 2
910 6599 2
910 5727 2
910 1839 2
911 6099 2
911 6119 2
912 6075 2
912 5105 2
912 5528 2
912 3165 2
912 5221 2
913 6295 2
913 5802 2
913 6754 2
913 2941 2
914 1777 2
914 3925 2
914 6595 2
914 983 2
914 3797 2
914 3393 2
915 3759 2
915 4027 2
915 2527 2
915 1463 2
915 3842 2
916 6726 2
916 4242 2
916 2668 2
916 4095 2
916 2224 2
917 4979 2
917 4811 2
917 3779 2
918 5717 2
918 3711 2
918 3120 2
918 4791 2
919 4635 2
919 2557 2
919 1407 2
919 1734 2
919 1434 2
920 6493 2
920 6890 2
920 3329 2
920 1249 2
920 3651 2
921 2024 2
921 943 2
921 5399 2
922 2124 2
922 2095 2
922 3834 2
922 5987 2
923 1094 2
923 6154 2
923 6749 2
923 4683 2
923 4999 2
923 5070 2
923 981 2
924 6253 2
924 2086 2
924 4513 2
925 2690 2
925 2336 2
925 6855 2
926 6941 2
926 1823 2
926 2608 2
926 2483 2
926 3762 2
927 1367 2
927 5665 2
927 6593 2
927 5131 2
927 4613 2
928 5700 2
928 4851 2
928 3113 2
928 3215 2
928 4624 2
929 2585 2
929 2473 2
930 5928 2
930 1969 2
930 2607 2
930 1200 2
930 3122 2
930 1394 2
931 1632 2
931 4711 2
932 1574 2
932 3044 2
932 6808 2
933 1658 2
933 6429 2
933 2732 2
934 6073 2
934 6127 2
934 4074 2
934 5526 2
934 5064 2
934 1097 2
935 5355 2
935 4884 2
935 2973 2
935 6466 2
935 6491 2
935 1146 2
935 4005 2
935 2218 2
935 6562 2
936 6606 2
936 4516 2
936 2117 2
937 953 2
937 2997 2
937 4209 2
937 6611 2
938 2698 2
938 2055 2
938 6112 2
938 6865 2
938 2952 2
939 2223 2
939 1628 2
939 6000 2
940 5767 2
940 4290 2
940 1099 2
940 1172 2
940 1137 2
941 2592 2
942 1502 2
942 5394 2
942 1986 2
942 1846 2
942 3912 2
942 4342 2
943 2880 2
943 6094 2
945 2741 2
945 2391 2
945 4746 2
945 4751 2
945 3579 2
945 3741 2
946 3874 2
946 3804 2
946 4984 2
946 2047 2
946 1477 2
946 1906 2
946 5677 2
947 2693 2
947 5011 2
947 6337 2
947 4498 2
947 3540 2
947 5403 2
947 2357 2
947 4199 2
948 3996 2
948 1829 2
949 4896 2
949 4846 2
949 4018 2
950 3457 2
950 5619 2
950 5415 2
950 4342 2
950 4089 2
950 2878 2
950 1276 2
950 3106 2
951 1031 2
951 1726 2
951 6471 2
951 5872 2
951 2248 2
952 5806 2
952 1834 2
952 2741 2
953 5020 2
954 6584 2
955 5757 2
955 2167 2
955 4708 2
956 4899 2
956 5252 2
956 4856 2
957 4357 2
957 6605 2
957 2996 2
957 1944 2
957 6545 2
957 6427 2
957 5030 2
957 6903 2
958 6443 2
958 6650 2
958 6777 2
958 2743 2
958 5816 2
959 6922 2
959 965 2
959 1182 2
960 1067 2
960 6536 2
960 2469 2
960 6472 2
960 6508 2
961 3484 2
962 2568 2
962 6638 2
962 6206 2
962 6430 2
962 4302 2
962 1718 2
962 6812 2
963 5012 2
963 5065 2
963 3250 2
964 4449 2
964 3009 2
964 1658 2
965 2688 2
965 5965 2
965 6785 2
965 1917 2
965 6026 2
965 2302 2
965 6157 2
965 4795 2
966 1388 2
966 6368 2
966 4909 2
967 1940 2
967 3339 2
968 5882 2
968 2091 2
969 3443 2
969 5484 2
969 4484 2
970 2127 2
970 1687 2
970 3224 2
970 1929 2
970 1333 2
970 6891 2
971 5312 2
971 1615 2
971 1287 2
972 6603 2
972 1475 2
972 6500 2
972 3212 2
972 3494 2
973 3095 2
973 6831 2
973 5077 2
973 6200 2
974 5025 2
974 5931 2
974 6466 2
974 6683 2
974 1697 2
975 3253 2
975 4633 2
976 1913 2
976 4323 2
976 4196 2
977 3803 2
977 6010 2
977 1913 2
977 1044 2
978 2374 2
978 5680 2
978 6227 2
979 3664 2
979 1292 2
979 5528 2
980 1325 2
980 2641 2
980 1577 2
980 4224 2
981 4856 2
981 6401 2
981 5155 2
983 4736 2
983 6068 2
984 5842 2
984 1129 2
984 5366 2
984 6443 2
984 1536 2
985 6131 2
985 2668 2
985 4141 2
985 4575 2
986 5316 2
986 4597 2
986 2705 2
986 2122 2
986 1455 2
987 4399 2
987 6949 2
987 4503 2
987 3164 2
987 2104 2
988 2653 2
988 4006 2
988 6980 2
988 2113 2
988 2145 2
988 3718 2
989 1731 2
989 5873 2
989 1415 2
989 5602 2
989 6130 2
990 1387 2
990 2368 2
991 5240 2
991 1758 2
991 2806 2
991 4588 2
991 3276 2
992 2241 2
992 1712 2
992 2598 2
992 1900 2
993 2247 2
993 2003 2
994 6402 2
994 2524 2
994 4990 2
994 6168 2
995 5876 2
995 2022 2
995 4540 2
996 1901 2
996 6378 2
996 5275 2
996 3509 2
996 6036 2
998 6254 2
999 3975 2
999 1325 2
999 1111 2
999 4469 2
999 3767 2
999 4190 2
1000 3690 2
1000 3202 2
1000 1543 2
1000 3007 2
1000 2258 2
1000 4079 2
1000 5063 2
1000 1612 2
1000 4349 2
1001 6111 2
1001 6233 2
1002 2454 2
1002 5278 2
1002 2196 2
1002 4272 2
1002 5329 2
1003 6839 2
1003 6154 2
1003 4020 2
1003 3027 2
1004 2019 2
1004 3095 2
1004 6629 2
1004 4688 2
1004 4499 2
1004 5418 2
1005 5700 2
1005 6635 2
1005 6597 2
1006 3877 2
1006 4817 2
1006 1099 2
1006 5632 2
1006 2384 2
1006 1467 2
1006 5969 2
1007 4300 2
1008 2993 2
1008 4013 2
1008 3072 2
1008 5136 2
1009 5779 2
1009 6026 2
1009 1271 2
1009 4611 2
1009 4347 2
1009 6249 2
1010 4135 2
1010 4852 2
1010 1288 2
1010 1347 2
1011 6780 2
1011 5983 2
1011 3052 2
1012 5033 2
1012 1100 2
1012 5116 2
1012 1559 2
1013 4668 2
1013 2277 2
1013 4295 2
1013 3110 2
1015 5187 2
1015 1634 2
1015 2270 2
1016 5062 2
1016 5431 2
1016 4378 2
1016 6877 2
1016 1999 2
1017 5123 2
1017 2468 2
1017 3141 2
1017 3496 2
1017 1059 2
1017 6128 2
1018 6000 2
1019 3448 2
1019 6882 2
1019 6323 2
1019 6107 2
1019 4094 2
1019 1295 2
1019 2834 2
1020 4129 2
1020 4734 2
1020 2875 2
1020 5880 2
1021 6429 2
1021 2314 2
1021 1993 2
1021 2513 2
1021 5152 2
1022 2903 2
1023 5059 2
1023 5852 2
1024 5036 2
1024 3342 2
1025 4967 2
1025 5250 2
1025 6921 2
1025 6183 2
1025 6519 2
1026 6617 2
1027 2492 2
1027 4307 2
1027 6951 2
1028 2594 2
1028 4135 2
1029 6309 2
1029 3410 2
1029 4726 2
1029 6536 2
1029 2409 2
1029 2268 2
1029 3000 2
1029 5566 2
1029 1499 2
1029 4402 2
1029 2516 2
1029 5891 2
1030 3203 2
1030 1723 2
1030 1610 2
1030 2563 2
1030 5987 2
1031 4885 2
1031 4469 2
1031 4923 2
1031 1117 2
1031 2078 2
1031 1509 2
1032 1933 2
1033 6060 2
1033 5614 2
1033 2788 2
1034 1883 2
1034 4977 2
1035 2137 2
1036 5266 2
1036 6231 2
1036 5429 2
1036 4649 2
1036 4366 2
1036 1456 2
1037 6850 2
1037 2433 2
1037 3666 2
1037 3397 2
1037 6486 2
1038 3448 2
1038 3040 2
1038 1396 2
1038 1751 2
1039 4474 2
1039 1439 2
1039 2614 2
1040 3864 2
1040 3339 2
1040 3245 2
1040 5864 2
1040 3920 2
1041 5797 2
1041 5433 2
1041 6025 2
1041 4382 2
1041 6794 2
1042 3026 2
1042 1745 2
1042 6650 2
1042 6266 2
1043 3064 2
1043 1793 2
1043 4518 2
1043 5052 2
1044 6348 2
1044 2855 2
1045 1332 2
1045 2910 2
1045 6537 2
1045 2201 2
1045 6813 2
1045 1682 2
1045 5705 2
1046 2081 2
1046 6694 2
1046 4186 2
1046 4325 2
1047 5681 2
1047 2051 2
1047 5436 2
1047 1203 2
1048 6613 2
1048 6439 2
1048 3343 2
1048 6167 2
1048 5560 2
1048 2270 2
1049 5142 2
1049 3668 2
1049 3562 2
1049 3749 2
1049 2738 2
1050 2245 2
1050 3112 2
1050 6244 2
1051 5824 2
1051 6718 2
1051 3554 2
1052 5998 2
1052 2370 2
1052 6811 2
1052 6627 2
1052 5368 2
1052 4906 2
1052 6900 2
1053 6935 2
1053 3194 2
1053 1518 2
1053 6760 2
1054 3026 2
1054 4839 2
1054 3970 2
1055 2372 2
1055 5443 2
1056 1153 2
1056 1520 2
1056 6613 2
1056 4001 2
1057 5962 2
1057 6040 2
1057 6507 2
1057 2018 2
1057 1299 2
1057 5958 2
1057 3821 2
1057 6747 2
1057 3659 2
1057 2905 2
1057 3172 2
1058 1165 2
1058 1349 2
1058 1309 2
1058 5360 2
1059 3742 2
1059 3305 2
1059 3921 2
1060 4409 2
1060 6900 2
1060 4717 2
1062 5201 2
1062 6277 2
1062 5812 2
1063 1259 2
1063 1080 2
1063 2792 2
1063 6975 2
1063 5896 2
1063 6876 2
1064 3885 2
1064 3321 2
1064 2861 2
1064 3450 2
1064 1530 2
1064 1065 2
1065 6885 2
1065 6851 2
1065 5352 2
1066 6657 2
1066 6134 2
1066 1786 2
1067 5411 2
1067 6656 2
1067 4937 2
1067 1347 2
1067 6376 2
1067 3430 2
1067 4174 2
1068 4176 2
1068 4112 2
1069 2232 2
1069 5930 2
1069 5858 2
1069 5696 2
1069 1369 2
1069 4144 2
1070 3230 2
1070 4342 2
1070 6822 2
1071 4022 2
1071 3790 2
1071 2079 2
1071 4342 2
1071 5506 2
1071 2111 2
1071 5639 2
1071 1651 2
1071 3132 2
1071 6269 2
1072 6952 2
1072 3098 2
1072 2325 2
1072 4906 2
1072 5358 2
1072 6341 2
1072 5213 2
1072 5234 2
1072 3530 2
1072 5865 2
1072 3513 2
1072 3712 2
1072 4691 2
1073 3871 2
1074 3133 2
1074 3843 2
1074 5192 2
1074 6822 2
1074 5977 2
1075 5228 2
1075 1311 2
1075 2994 2
1075 4387 2
1075 4370 2
1075 4186 2
1076 5657 2
1076 5791 2
1077 1674 2
1078 1295 2
1078 1128 2
1078 5024 2
1079 1870 2
1079 4471 2
1080 6500 2
1080 1900 2
1080 1203 2
1080 5341 2
1080 2332 2
1081 1479 2
1081 6860 2
1081 4644 2
1081 4880 2
1082 2636 2
1082 1661 2
1082 5173 2
1082 6485 2
1082 1920 2
1082 4012 2
1083 2625 2
1083 5123 2
1083 4089 2
1083 5545 2
1083 5016 2
1083 5637 2
1083 4788 2
1083 6731 2
1083 3989 2
1083 6693 2
1084 3411 2
1085 5474 2
1085 1990 2
1085 2657 2
1086 3631 2
1086 5256 2
1086 5189 2
1087 2808 2
1087 4530 2
1088 4535 2
1088 4648 2
1088 6717 2
1088 4976 2
1088 4830 2
1089 4707 2
1089 1836 2
1089 2175 2
1090 6601 2
1090 6292 2
1091 4957 2
1091 3987 2
1091 3265 2
1091 2537 2
1091 1223 2
1091 1942 2
1091 6138 2
1092 2380 2
1092 6736 2
1092 3262 2
1092 3023 2
1092 4559 2
1092 5574 2
1092 5145 2
1093 5256 2
1093 1981 2
1094 3496 2
1094 4547 2
1094 4477 2
1095 2125 2
1095 6541 2
1095 3423 2
1096 3250 2
1096 6617 2
1097 2553 2
1097 4369 2
1097 4141 2
1097 3036 2
1098 4661 2
1098 2027 2
1098 6175 2
1098 6528 2
1098 2110 2
1098 2449 2
1098 4290 2
1099 6649 2
1099 5526 2
1099 6619 2
1099 4749 2
1100 1295 2
1100 5115 2
1100 5162 2
1100 5843 2
1100 3141 2
1101 2931 2
1101 6285 2
1101 4733 2
1101 3043 2
1101 1913 2
1101 3736 2
1101 1464 2
1101 3480 2
1102 6102 2
1102 6965 2
1102 6850 2
1102 6067 2
1103 2718 2
1103 3712 2
1103 6654 2
1104 1538 2
1104 1261 2
1104 3666 2
1105 6238 2
1105 1510 2
1105 2915 2
1105 6944 2
1105 2793 2
1106 1400 2
1106 4363 2
1107 1283 2
1107 3154 2
1107 5884 2
1107 3626 2
1107 1315 2
1107 4434 2
1107 2765 2
1107 4321 2
1107 4820 2
1108 6615 2
1108 6311 2
1108 2995 2
1108 3741 2
1108 1535 2
1108 1123 2
1108 1507 2
1109 1935 2
1109 4066 2
1109 2978 2
1109 4292 2
1110 2298 2
1110 4175 2
1110 3807 2
1110 5322 2
1110 5362 2
1111 3987 2
1111 6152 2
1112 4683 2
1112 6590 2
1112 1925 2
1112 4735 2
1112 5748 2
1112 5625 2
1113 3844 2
1113 6834 2
1113 4760 2
1113 1855 2
1114 4821 2
1114 6608 2
1114 6147 2
1114 4586 2
1115 3026 2
1115 3011 2
1115 6148 2
1115 6805 2
1116 4645 2
1116 4878 2
1116 5233 2
1117 2454 2
1117 3698 2
1117 4847 2
1118 2078 2
1118 3020 2
1118 6636 2
1118 3753 2
1118 5195 2
1118 4069 2
1118 2670 2
1119 1620 2
1119 3304 2
1119 3604 2
1119 1854 2
1120 4482 2
1120 3059 2
1121 3109 2
1121 4143 2
1121 5432 2
1121 3056 2
1122 2416 2
1122 2275 2
1122 5666 2
1122 5816 2
1122 5595 2
1123 2159 2
1123 6464 2
1123 3915 2
1123 2763 2
1124 4909 2
1124 5845 2
1124 3763 2
1125 2061 2
1125 2774 2
1125 5772 2
1126 5917 2
1126 5962 2
1126 3562 2
1126 2877 2
1126 1496 2
1127 4248 2
1127 5352 2
1127 1802 2
1127 6976 2
1127 5579 2
1127 3555 2
1127 1876 2
1128 4887 2
1128 4760 2
1128 2425 2
1129 1817 2
1129 6751 2
1130 1937 2
1130 3423 2
1130 3979 2
1131 1362 2
1131 5881 2
1131 4105 2
1131 6340 2
1131 6960 2
1131 3229 2
1132 1735 2
1132 1344 2
1132 6656 2
1133 2608 2
1133 6459 2
1133 1166 2
1133 5653 2
1133 3781 2
1134 2386 2
1134 4181 2
1134 2358 2
1135 6456 2
1135 1232 2
1137 2903 2
1137 4326 2
1137 4511 2
1137 6897 2
1138 3084 2
1138 4654 2
1139 3922 2
1139 3135 2
1139 4673 2
1139 1750 2
1139 4860 2
1140 4490 2
1140 2200 2
1140 1531 2
1140 5065 2
1141 3431 2
1141 4795 2
1141 3493 2
1141 1147 2
1141 4050 2
1141 5453 2
1142 1483 2
1142 1492 2
1142 2006 2
1142 5191 2
1142 5050 2
1142 6387 2
1143 4047 2
1143 6379 2
1143 4542 2
1143 2119 2
1143 1949 2
1144 1372 2
1144 4682 2
1144 2505 2
1144 3098 2
1144 4299 2
1145 5471 2
1145 3597 2
1145 5081 2
1145 6457 2
1146 2451 2
1147 4587 2
1147 2372 2
1147 1940 2
1147 4008 2
1148 1640 2
1148 6462 2
1148 6504 2
1148 4984 2
1148 2111 2
1148 5033 2
1149 3091 2
1149 2371 2
1149 2677 2
1149 1842 2
1149 5594 2
1149 4372 2
1150 6561 2
1150 4307 2
1150 1768 2
1151 4495 2
1151 1680 2
1151 4941 2
1151 1461 2
1151 6074 2
1151 5560 2
1151 3789 2
1152 4832 2
1152 6295 2
1153 4876 2
1153 2993 2
1153 3939 2
1153 1245 2
1153 3738 2
1154 6906 2
1154 5176 2
1154 2620 2
1155 1402 2
1155 5664 2
1155 4042 2
1155 5134 2
1155 5613 2
1156 5181 2
1156 1395 2
1156 3531 2
1156 1225 2
1157 5883 2
1157 6188 2
1157 3402 2
1158 4330 2
1158 6628 2
1158 6007 2
1159 2205 2
1159 6693 2
1160 4929 2
1160 5730 2
1160 6024 2
1160 2020 2
1160 6029 2
1161 5988 2
1161 3917 2
1161 3295 2
1161 6186 2
1162 5347 2
1162 2030 2
1162 2442 2
1162 2668 2
1163 5650 2
1163 6418 2
1164 6002 2
1164 4383 2
1164 4288 2
1165 3714 2
1165 3571 2
1165 1825 2
1165 3708 2
1166 4052 2
1166 2585 2
1166 3316 2
1166 3568 2
1166 1211 2
1166 1386 2
1166 6400 2
1166 6048 2
1167 4020 2
1167 1745 2
1167 4107 2
1168 1869 2
1168 5445 2
1168 3136 2
1168 4464 2
1169 3761 2
1169 6835 2
1169 6634 2
1169 2344 2
1170 3755 2
1170 6717 2
1170 6507 2
1170 3329 2
1170 4892 2
1171 2762 2
1171 5976 2
1171 3919 2
1172 5642 2
1172 4319 2
1172 4370 2
1172 4260 2
1172 2289 2
1173 3497 2
1173 3990 2
1174 4316 2
1174 2739 2
1174 5553 2
1175 6998 2
1175 4084 2
1175 4461 2
1176 3453 2
1176 2202 2
1177 1929 2
1177 4337 2
1177 5582 2
1177 3959 2
1177 5403 2
1178 3968 2
1178 2521 2
1178 2007 2
1178 4634 2
1178 2673 2
1179 3683 2
1179 6771 2
1180 4304 2
1180 2124 2
1181 6156 2
1181 6979 2
1181 2346 2
1181 6844 2
1181 2936 2
1181 5305 2
1181 6831 2
1182 2338 2
1182 5437 2
1182 3663 2
1182 1387 2
1182 4064 2
1183 4803 2
1183 4622 2
1183 3777 2
1183 4466 2
1184 3531 2
1184 5824 2
1184 2247 2
1184 3111 2
1185 1371 2
1185 5999 2
1185 2917 2
1185 1266 2
1186 2776 2
1186 2096 2
1186 5103 2
1187 1439 2
1187 1882 2
1188 4273 2
1188 2927 2
1188 3471 2
1188 6753 2
1189 1274 2
1189 3406 2
1189 5664 2
1189 3307 2
1189 1898 2
1189 6525 2
1190 3643 2
1190 5463 2
1190 3843 2
1190 2743 2
1190 4363 2
1190 6254 2
1191 6908 2
1191 4705 2
1191 5425 2
1191 4665 2
1192 5199 2
1192 3977 2
1192 1720 2
1192 3266 2
1193 6060 2
1193 3934 2
1193 4633 2
1193 2392 2
1193 4855 2
1193 4993 2
1194 3882 2
1194 3212 2
1194 6169 2
1194 1802 2
1195 3318 2
1195 6093 2
1195 1442 2
1195 5383 2
1195 4537 2
1196 1760 2
1196 4947 2
1196 3753 2
1196 3399 2
1197 1767 2
1197 2175 2
1197 5287 2
1197 1411 2
1198 2007 2
1198 3333 2
1198 2394 2
1198 5395 2
1198 1565 2
1199 3345 2
1199 2038 2
1200 3565 2
1200 6329 2
1200 6809 2
1201 3397 2
1201 5538 2
1201 2534 2
1201 6909 2
1201 2940 2
1201 6028 2
1201 3115 2
1202 3688 2
1202 6655 2
1202 2770 2
1202 6425 2
1204 6855 2
1204 4682 2
1205 5103 2
1205 4528 2
1205 3689 2
1205 2890 2
1205 2417 2
1206 6444 2
1206 4493 2
1207 2050 2
1207 3826 2
1207 1229 2
1207 1362 2
1208 2943 2
1208 2803 2
1208 6635 2
1208 3865 2
1209 2953 2
1209 3670 2
1209 3422 2
1210 5396 2
1210 4251 2
1210 1612 2
1210 4083 2
1210 4542 2
1210 5178 2
1211 4905 2
1211 6679 2
1211 3563 2
1211 6701 2
1211 5792 2
1212 4239 2
1212 2073 2
1212 1255 2
1212 5561 2
1212 2151 2
1212 1877 2
1213 3993 2
1213 2233 2
1213 3256 2
1213 4327 2
1213 1216 2
1214 5321 2
1214 1550 2
1214 1713 2
1215 6010 2
1216 3895 2
1216 3263 2
1216 6443 2
1216 1482 2
1216 5303 2
1217 2363 2
1217 3232 2
1218 3373 2
1218 4419 2
1218 1959 2
1219 3236 2
1219 1563 2
1219 4453 2
1219 2817 2
1220 3243 2
1220 1678 2
1220 5283 2
1221 6157 2
1221 6609 2
1222 6993 2
1222 5083 2
1222 3333 2
1223 4749 2
1223 1430 2
1223 6834 2
1223 2881 2
1223 3812 2
1224 2797 2
1225 3777 2
1226 6207 2
1226 3084 2
1226 3703 2
1226 3057 2
1227 1452 2
1227 1997 2
1227 2924 2
1227 3877 2
1228 1649 2
1228 3233 2
1228 3561 2
1229 4814 2
1229 6699 2
1229 5114 2
1229 3219 2
1230 3205 2
1230 1238 2
1230 5576 2
1231 3889 2
1231 2964 2
1231 6976 2
1231 6722 2
1232 2255 2
1232 4383 2
1232 2267 2
1232 5850 2
1232 6516 2
1232 3524 2
1233 2512 2
1233 4874 2
1233 5598 2
1233 6876 2
1234 3091 2
1234 2386 2
1234 6731 2
1235 6473 2
1235 3484 2
1235 2981 2
1236 4710 2
1236 5825 2
1236 6309 2
1236 4558 2
1237 4073 2
1237 4902 2
1237 5747 2
1237 3867 2
1237 5980 2
1237 3511 2
1237 4841 2
1238 2934 2
1238 4855 2
1238 3355 2
1238 4585 2
1239 6514 2
1239 5694 2
1239 4692 2
1239 5052 2
1239 2037 2
1239 2771 2
1239 6226 2
1240 2641 2
1240 4728 2
1240 1765 2
1241 3855 2
1241 3210 2
1241 6372 2
1242 5639 2
1243 6932 2
1243 2934 2
1243 3026 2
1243 5459 2
1243 1435 2
1243 2739 2
1243 1886 2
1244 5047 2
1244 4622 2
1245 5491 2
1246 1368 2
1246 3312 2
1246 2151 2
1246 4106 2
1247 6860 2
1247 6960 2
1248 3424 2
1249 1970 2
1249 5575 2
1249 4480 2
1249 6785 2
1249 4983 2
1249 1483 2
1250 3740 2
1250 3077 2
1250 2779 2
1250 5660 2
1251 2955 2
1252 5594 2
1252 1867 2
1253 4958 2
1253 3451 2
1254 4958 2
1254 2254 2
1254 2977 2
1254 1493 2
1254 6625 2
1255 1708 2
1256 5050 2
1256 3415 2
1257 6282 2
1257 6862 2
1257 4823 2
1257 4833 2
1257 5097 2
1258 3036 2
1258 3708 2
1258 5071 2
1258 4038 2
1258 3127 2
1258 1583 2
1258 6138 2
1258 3943 2
1259 6983 2
1259 5515 2
1259 4871 2
1259 3774 2
1259 5243 2
1259 1606 2
1259 5511 2
1260 6314 2
1260 3037 2
1260 6137 2
1260 3478 2
1260 5724 2
1260 6196 2
1261 1873 2
1262 3123 2
1262 3014 2
1262 6873 2
1262 4912 2
1263 3223 2
1263 1726 2
1263 2414 2
1263 1681 2
1264 1288 2
1264 5923 2
1264 4376 2
1265 2278 2
1266 1838 2
1266 6207 2
1266 6206 2
1266 5009 2
1267 2137 2
1267 6292 2
1267 3818 2
1267 3123 2
1268 1861 2
1268 6517 2
1268 4995 2
1268 6316 2
1268 6122 2
1268 4706 2
1268 3034 2
1268 3101 2
1269 2830 2
1269 2616 2
1269 6363 2
1269 4142 2
1269 1392 2
1269 2587 2
1270 2766 2
1271 5627 2
1271 6958 2
1271 4672 2
1271 5014 2
1272 1537 2
1272 3698 2
1272 2628 2
1272 3816 2
1272 5363 2
1272 1944 2
1273 6961 2
1273 5572 2
1273 3961 2
1273 5923 2
1273 4439 2
1273 1277 2
1273 4389 2
1273 4002 2
1274 5652 2
1274 1986 2
1274 2384 2
1274 3137 2
1274 5327 2
1275 6862 2
1276 5030 2
1276 5156 2
1276 6851 2
1276 6703 2
1276 5020 2
1277 2047 2
1277 6508 2
1277 2449 2
1277 2986 2
1277 1341 2
1278 4968 2
1278 1546 2
1279 4361 2
1279 4560 2
1279 6677 2
1279 1376 2
1279 2577 2
1279 6072 2
1280 2623 2
1280 4013 2
1280 6354 2
1280 5713 2
1281 5238 2
1281 2291 2
1281 6477 2
1282 6973 2
1282 4646 2
1285 2854 2
1285 5023 2
1285 4024 2
1285 6748 2
1285 2749 2
1286 3387 2
1286 3217 2
1286 1427 2
1287 6916 2
1287 3492 2
1287 4847 2
1287 5939 2
1287 6651 2
1288 4180 2
1288 1953 2
1288 6833 2
1288 4728 2
1288 2148 2
1288 1677 2
1288 2131 2
1289 6365 2
1289 6316 2
1289 3263 2
1289 2148 2
1289 5761 2
1289 3367 2
1290 5306 2
1290 3474 2
1290 6172 2
1290 6019 2
1290 2092 2
1290 1296 2
1290 3979 2
1290 2451 2
1290 4659 2
1290 2468 2
1290 6069 2
1290 2492 2
1290 2656 2
1291 6800 2
1291 2092 2
1291 3917 2
1291 5981 2
1291 6500 2
1292 4281 2
1292 5564 2
1292 2239 2
1293 5169 2
1293 5823 2
1293 1480 2
1293 3157 2
1294 5214 2
1294 2359 2
1294 2450 2
1294 6031 2
1294 2653 2
1295 3157 2
1295 6578 2
1295 1306 2
1295 1603 2
1296 6281 2
1296 2464 2
1296 5367 2
1297 6105 2
1297 2374 2
1297 2382 2
1298 2020 2
1298 6651 2
1298 5561 2
1299 3539 2
1299 3449 2
1300 6635 2
1300 2439 2
1300 2403 2
1300 2122 2
1300 2986 2
1300 2701 2
1301 4297 2
1301 2234 2
1301 6059 2
1302 4111 2
1302 6294 2
1302 5766 2
1302 5357 2
1302 3823 2
1302 5267 2
1303 4796 2
1304 5938 2
1304 5042 2
1304 4258 2
1304 1483 2
1305 3251 2
1305 3352 2
1306 6524 2
1306 6874 2
1306 1437 2
1306 3382 2
1306 5717 2
1306 1881 2
1306 1362 2
1307 6927 2
1307 6238 2
1307 1912 2
1307 5573 2
1307 1607 2
1307 5657 2
1307 6193 2
1308 5962 2
1308 4787 2
1308 4406 2
1308 3618 2
1309 2036 2
1309 4232 2
1310 4451 2
1310 5305 2
1310 6075 2
1310 4285 2
1311 5051 2
1311 4746 2
1311 6565 2
1312 4086 2
1312 1677 2
1312 3767 2
1312 5638 2
1313 1778 2
1313 1338 2
1313 1949 2
1314 2911 2
1314 3736 2
1314 6456 2
1314 6979 2
1315 2406 2
1315 3698 2
1315 5711 2
1315 4288 2
1315 4709 2
1316 2770 2
1316 3510 2
1316 1404 2
1317 6859 2
1317 2527 2
1317 1926 2
1317 3442 2
1317 2709 2
1318 3566 2
1318 4588 2
1319 3422 2
1319 5037 2
1319 4091 2
1319 3943 2
1319 1991 2
1320 5062 2
1320 1358 2
1320 3511 2
1320 3408 2
1321 1491 2
1321 5059 2
1321 4664 2
1322 5030 2
1322 6955 2
1322 5617 2
1322 3020 2
1322 2523 2
1322 5205 2
1322 3592 2
1323 3002 2
1323 6248 2
1323 6356 2
1324 6806 2
1324 5355 2
1324 6437 2
1324 3291 2
1325 4077 2
1325 2318 2
1325 6949 2
1325 3366 2
1326 2921 2
1326 4773 2
1326 6308 2
1326 1957 2
1326 4659 2
1327 4501 2
1327 5241 2
1328 5722 2
1328 4034 2
1328 6132 2
1328 5349 2
1328 1372 2
1329 3861 2
1329 3926 2
1329 3700 2
1329 5664 2
1330 6005 2
1330 6874 2
1331 2849 2
1331 3386 2
1332 6025 2
1332 4304 2
1332 4634 2
1333 3391 2
1333 1695 2
1333 3706 2
1334 4104 2
1334 2274 2
1334 2712 2
1334 5127 2
1335 4878 2
1335 5380 2
1335 6883 2
1335 4329 2
1335 4667 2
1335 6577 2
1336 5256 2
1336 5671 2
1336 4042 2
1337 4675 2
1337 2451 2
1338 6927 2
1338 5869 2
1338 6662 2
1338 4086 2
1338 1999 2
1338 1530 2
1338 3475 2
1338 2924 2
1338 1570 2
1338 3069 2
1338 3343 2
1338 5766 2
1339 5957 2
1339 2430 2
1339 4194 2
1340 3883 2
1340 6932 2
1340 5901 2
1340 3365 2
1341 2596 2
1341 4903 2
1341 6101 2
1342 3099 2
1342 6379 2
1342 4624 2
1342 2133 2
1343 4974 2
1343 4651 2
1343 2247 2
1343 2418 2
1344 2381 2
1344 5829 2
1344 2249 2
1344 6887 2
1345 1647 2
1345 6605 2
1345 1738 2
1345 3884 2
1345 2602 2
1346 6821 2
1346 4691 2
1346 1592 2
1346 6325 2
1346 3039 2
1346 6169 2
1347 3196 2
1347 4900 2
1348 5827 2
1349 3024 2
1349 6728 2
1349 1914 2
1350 4707 2
1350 2177 2
1350 5574 2
1350 5941 2
1351 3152 2
1351 1386 2
1351 6724 2
1351 3673 2
1351 2750 2
1352 1758 2
1352 5462 2
1352 2828 2
1352 5409 2
1352 5033 2
1353 3657 2
1353 2207 2
1353 4319 2
1354 4522 2
1354 5979 2
1354 3726 2
1354 4517 2
1354 5564 2
1354 5700 2
1355 6332 2
1355 4232 2
1355 6677 2
1355 1566 2
1355 3880 2
1355 1637 2
1356 6812 2
1356 5865 2
1356 3317 2
1356 6820 2
1357 3213 2
1357 6685 2
1358 2016 2
1358 5364 2
1359 2611 2
1359 6954 2
1359 6385 2
1360 6641 2
1360 1926 2
1360 3290 2
1361 6072 2
1361 3608 2
1361 6176 2
1362 5301 2
1362 3459 2
1362 4414 2
1362 4735 2
1362 2838 2
1363 4739 2
1363 2969 2
1363 2546 2
1363 5445 2
1364 2594 2
1364 3208 2
1364 6405 2
1364 3090 2
1364 1444 2
1364 1567 2
1365 5044 2
1365 6436 2
1365 3526 2
1365 5906 2
1365 4896 2
1365 2726 2
1365 2217 2
1366 4290 2
1366 3599 2
1366 3521 2
1366 3696 2
1367 6814 2
1367 1664 2
1367 2798 2
1367 5804 2
1367 1725 2
1367 2166 2
1367 1950 2
1368 5900 2
1369 4181 2
1369 5125 2
1369 6625 2
1369 4161 2
1370 3080 2
1370 6883 2
1370 6945 2
1371 6794 2
1371 1466 2
1372 4528 2
1373 5551 2
1373 4764 2
1373 6436 2
1373 4095 2
1373 6141 2
1373 6776 2
1374 6158 2
1374 6171 2
1374 5573 2
1374 1459 2
1375 1954 2
1375 4525 2
1375 2946 2
1375 3513 2
1375 4282 2
1376 2946 2
1376 2733 2
1376 2609 2
1376 2885 2
1376 5484 2
1377 1833 2
1377 3366 2
1377 3909 2
1378 3241 2
1378 4856 2
1378 6547 2
1378 1721 2
1378 1669 2
1379 1382 2
1379 5803 2
1379 3161 2
1379 5055 2
1380 6814 2
1381 2066 2
1381 6200 2
1381 6632 2
1381 4664 2
1382 3704 2
1382 3935 2
1382 5209 2
1382 2961 2
1383 5093 2
1383 5564 2
1383 2234 2
1383 1846 2
1383 4397 2
1384 4562 2
1384 2583 2
1384 1449 2
1385 5383 2
1385 3957 2
1385 3476 2
1386 6395 2
1387 4992 2
1387 5474 2
1388 3754 2
1388 3020 2
1388 3243 2
1388 2199 2
1388 6224 2
1389 4047 2
1389 3849 2
1389 1419 2
1389 2161 2
1389 3199 2
1389 4324 2
1389 3197 2
1390 5576 2
1390 2620 2
1390 2804 2
1390 4686 2
1390 4212 2
1391 3980 2
1391 6862 2
1392 6530 2
1393 6009 2
1393 3817 2
1393 5958 2
1393 4046 2
1393 3271 2
1393 3947 2
1393 3558 2
1393 3775 2
1393 3748 2
1394 4596 2
1394 4567 2
1394 6171 2
1394 3646 2
1394 3203 2
1395 4876 2
1395 2733 2
1395 4869 2
1396 3337 2
1396 3502 2
1396 2202 2
1397 5153 2
1397 2581 2
1397 3552 2
1397 2010 2
1397 3236 2
1397 2173 2
1398 6309 2
1398 6765 2
1398 2005 2
1398 3931 2
1399 3204 2
1399 3786 2
1399 4412 2
1399 4207 2
1399 1731 2
1399 5631 2
1400 3453 2
1400 5412 2
1400 4357 2
1400 3705 2
1400 3372 2
1401 3070 2
1401 5428 2
1401 5597 2
1401 4289 2
1402 4980 2
1402 1618 2
1402 2294 2
1402 2196 2
1402 3383 2
1402 2972 2
1402 3656 2
1402 5430 2
1403 5041 2
1403 6969 2
1403 1700 2
1404 2465 2
1404 6295 2
1404 6027 2
1404 2224 2
1405 5623 2
1405 5441 2
1405 5341 2
1405 5963 2
1405 6124 2
1406 3452 2
1406 3421 2
1406 5692 2
1407 6099 2
1407 4752 2
1407 5857 2
1408 6440 2
1408 1939 2
1408 4254 2
1408 5279 2
1408 4630 2
1409 2000 2
1409 2987 2
1409 4748 2
1409 4812 2
1409 3224 2
1409 6652 2
1409 5322 2
1410 6764 2
1411 6939 2
1411 3940 2
1411 6207 2
1412 2719 2
1412 2909 2
1412 1461 2
1412 5858 2
1412 6012 2
1412 5723 2
1413 5229 2
1413 4323 2
1413 2836 2
1413 5367 2
1413 3279 2
1414 5911 2
1415 2844 2
1415 5261 2
1415 4699 2
1415 4472 2
1415 1663 2
1416 2999 2
1416 5602 2
1417 3177 2
1417 2647 2
1417 1447 2
1417 1907 2
1418 4041 2
1419 6880 2
1419 6499 2
1419 1918 2
1419 4918 2
1419 2828 2
1419 3105 2
1420 4537 2
1420 5461 2
1420 1602 2
1420 6330 2
1420 1792 2
1421 4023 2
1421 1629 2
1421 5687 2
1421 1772 2
1421 2595 2
1421 2464 2
1421 5147 2
1421 6506 2
1422 5126 2
1422 4807 2
1422 4705 2
1422 1596 2
1422 6090 2
1422 3524 2
1423 3810 2
1423 2383 2
1423 3769 2
1424 2084 2
1424 5775 2
1425 3590 2
1425 1630 2
1426 6152 2
1426 3142 2
1426 4955 2
1426 5850 2
1426 2171 2
1427 4327 2
1427 3580 2
1427 4010 2
1427 5766 2
1427 5450 2
1428 5690 2
1428 5198 2
1428 2520 2
1428 6165 2
1428 1552 2
1428 5359 2
1428 1463 2
1428 5509 2
1429 1549 2
1429 3238 2
1429 1633 2
1429 3691 2
1430 2270 2
1430 2207 2
1431 3250 2
1431 2833 2
1432 2893 2
1432 1780 2
1432 5606 2
1433 6293 2
1433 2058 2
1434 2321 2
1434 1687 2
1434 1693 2
1434 3666 2
1434 1638 2
1434 3157 2
1435 6170 2
1435 3397 2
1435 4811 2
1435 6850 2
1435 5513 2
1435 2810 2
1435 5857 2
1436 6333 2
1437 6598 2
1437 1587 2
1437 4300 2
1437 3059 2
1437 3301 2
1437 6011 2
1437 3788 2
1437 5953 2
1438 4244 2
1438 1502 2
1438 2894 2
1438 4355 2
1438 5040 2
1438 3811 2
1439 2257 2
1439 6079 2
1439 2558 2
1439 6716 2
1439 2387 2
1439 3840 2
1439 6787 2
1440 5076 2
1440 5190 2
1440 4372 2
1441 6929 2
1441 5517 2
1441 5822 2
1441 2760 2
1442 3203 2
1442 3700 2
1442 2095 2
1442 4184 2
1443 6173 2
1443 4684 2
1443 1547 2
1443 6674 2
1444 3502 2
1444 2345 2
1444 3495 2
1444 6389 2
1444 4569 2
1445 6275 2
1446 4985 2
1446 4818 2
1446 5024 2
1446 1498 2
1446 3220 2
1446 6167 2
1446 3505 2
1446 3120 2
1446 2245 2
1447 1611 2
1447 4728 2
1447 6511 2
1447 3009 2
1447 3960 2
1448 4795 2
1448 2412 2
1448 3403 2
1448 4955 2
1449 6987 2
1449 2887 2
1449 3729 2
1449 3654 2
1449 3670 2
1449 6578 2
1449 4335 2
1450 3167 2
1450 5773 2
1450 3618 2
1450 3803 2
1451 6765 2
1451 1509 2
1451 5772 2
1452 3641 2
1452 5904 2
1452 5372 2
1452 6202 2
1453 5409 2
1453 2744 2
1453 3885 2
1454 3262 2
1454 2957 2
1454 5655 2
1454 4522 2
1455 2072 2
1455 4206 2
1455 1751 2
1455 3845 2
1456 3724 2
1456 4648 2
1456 5184 2
1456 5895 2
1456 2019 2
1457 2183 2
1457 4196 2
1457 5179 2
1457 5516 2
1457 5712 2
1458 1585 2
1458 4642 2
1458 5643 2
1458 3339 2
1459 2465 2
1459 5486 2
1459 5803 2
1459 3893 2
1460 1632 2
1460 2081 2
1460 2391 2
1460 3565 2
1461 3962 2
1461 6828 2
1461 2324 2
1461 5673 2
1461 3939 2
1462 3011 2
1462 2729 2
1462 6080 2
1463 6648 2
1463 3931 2
1464 2806 2
1464 5900 2
1464 3790 2
1465 1807 2
1465 2515 2
1465 5222 2
1466 2874 2
1466 1736 2
1466 4101 2
1467 1788 2
1467 2204 2
1467 2135 2
1468 5749 2
1468 2688 2
1468 4870 2
1468 3301 2
1468 6377 2
1469 4335 2
1469 1947 2
1470 5385 2
1470 4247 2
1470 5810 2
1470 2674 2
1470 4807 2
1471 5374 2
1471 2221 2
1472 2737 2
1472 6069 2
1472 3847 2
1474 3755 2
1474 3991 2
1474 6021 2
1474 4066 2
1475 6512 2
1476 3839 2
1476 4124 2
1476 4539 2
1476 3675 2
1476 6756 2
1476 5544 2
1476 4521 2
1476 5522 2
1477 4649 2
1477 3571 2
1477 5889 2
1477 2919 2
1478 5133 2
1478 3935 2
1478 4996 2
1479 1789 2
1479 2025 2
1479 4284 2
1480 3044 2
1480 3702 2
1480 4522 2
1480 5808 2
1481 2311 2
1482 5691 2
1482 5787 2
1482 2312 2
1482 3929 2
1482 5367 2
1483 5136 2
1483 5082 2
1483 6830 2
1483 5460 2
1483 1981 2
1483 3624 2
1483 1734 2
1484 3532 2
1484 5665 2
1484 1940 2
1484 2304 2
1484 2175 2
1484 6361 2
1484 2152 2
1484 2117 2
1485 5337 2
1485 2310 2
1485 5628 2
1485 2670 2
1485 2362 2
1486 5596 2
1486 1615 2
1486 6013 2
1486 4107 2
1486 2498 2
1486 4758 2
1487 2346 2
1487 3574 2
1487 2914 2
1487 3600 2
1487 2505 2
1487 3398 2
1487 5221 2
1487 6953 2
1488 4291 2
1488 6191 2
1488 2642 2
1488 3553 2
1488 6042 2
1489 2617 2
1489 4375 2
1490 4099 2
1490 2957 2
1490 1903 2
1491 2538 2
1491 4091 2
1491 6520 2
1491 5249 2
1492 3044 2
1492 6577 2
1492 3543 2
1492 5425 2
1492 6371 2
1493 1577 2
1493 3267 2
1493 4334 2
1494 3080 2
1494 5401 2
1494 6419 2
1495 3919 2
1495 5968 2
1495 2718 2
1495 2482 2
1495 4992 2
1496 1873 2
1496 6066 2
1496 1813 2
1496 4929 2
1497 5435 2
1497 4389 2
1497 4606 2
1498 3770 2
1498 3325 2
1498 5196 2
1498 5811 2
1498 6227 2
1498 4062 2
1498 2156 2
1499 4471 2
1499 4236 2
1499 5637 2
1500 5676 2
1500 3968 2
1501 2460 2
1501 6973 2
1501 3275 2
1501 2949 2
1502 6911 2
1503 6001 2
1503 2184 2
1503 5242 2
1503 6699 2
1503 2767 2
1503 4290 2
1504 6297 2
1504 3654 2
1504 3398 2
1504 3682 2
1505 6487 2
1505 3635 2
1505 3100 2
1506 3740 2
1506 4359 2
1507 3792 2
1507 5576 2
1507 2646 2
1507 5101 2
1507 5182 2
1508 3335 2
1509 6532 2
1509 4790 2
1509 4723 2
1509 6962 2
1509 4211 2
1509 4688 2
1510 1856 2
1510 1593 2
1510 6208 2
1511 1587 2
1511 5250 2
1511 2997 2
1512 5826 2
1512 1553 2
1512 6942 2
1512 4332 2
1513 3333 2
1513 6046 2
1513 3070 2
1513 2016 2
1513 2917 2
1513 5703 2
1513 4687 2
1514 5746 2
1514 2090 2
1514 2539 2
1514 2117 2
1514 3974 2
1515 3976 2
1515 5190 2
1516 5745 2
1516 3722 2
1516 3565 2
1516 4918 2
1516 5136 2
1516 4091 2
1516 5663 2
1516 2127 2
1517 4109 2
1517 6224 2
1517 4023 2
1517 4305 2
1517 5856 2
1517 6652 2
1517 2913 2
1517 4799 2
1517 6136 2
1518 5033 2
1518 1690 2
1518 3184 2
1519 2621 2
1519 3252 2
1520 4979 2
1520 1626 2
1520 6202 2
1521 1931 2
1522 6544 2
1522 3065 2
1522 4248 2
1523 2094 2
1523 5051 2
1523 5209 2
1523 2353 2
1523 4043 2
1523 5879 2
1523 3812 2
1523 2898 2
1524 6202 2
1524 5919 2
1524 2807 2
1524 3365 2
1524 4250 2
1524 5151 2
1524 4672 2
1525 2742 2
1525 5456 2
1525 5665 2
1526 5978 2
1526 3322 2
1526 6908 2
1526 6352 2
1527 5351 2
1528 3763 2
1528 6228 2
1528 6519 2
1528 6300 2
1528 1918 2
1528 5567 2
1529 1647 2
1529 3546 2
1529 3539 2
1529 4439 2
1529 4941 2
1529 4937 2
1529 6201 2
1530 1652 2
1530 3014 2
1530 5106 2
1530 2048 2
1530 6662 2
1530 4135 2
1530 5886 2
1531 4160 2
1531 4985 2
1532 6818 2
1532 5470 2
1532 5003 2
1532 3151 2
1532 3867 2
1533 3754 2
1534 3685 2
1534 1952 2
1534 5221 2
1535 3712 2
1535 3663 2
1535 3409 2
1535 3873 2
1536 5171 2
1536 3461 2
1537 5761 2
1537 5523 2
1537 2460 2
1538 4249 2
1538 2675 2
1538 3731 2
1539 5428 2
1539 6042 2
1539 5106 2
1539 4933 2
1539 5563 2
1540 3206 2
1540 4950 2
1540 4755 2
1540 5253 2
1541 4194 2
1541 6112 2
1541 2141 2
1541 6053 2
1541 2393 2
1542 2991 2
1542 6376 2
1542 6247 2
1543 3770 2
1543 5331 2
1543 6706 2
1543 2182 2
1543 6710 2
1543 6457 2
1543 2540 2
1543 5096 2
1544 3164 2
1544 5489 2
1544 4116 2
1544 2607 2
1544 3513 2
1545 6916 2
1545 2956 2
1545 6309 2
1545 5842 2
1545 1844 2
1545 4434 2
1546 3589 2
1546 6522 2
1546 6858 2
1546 1904 2
1546 4036 2
1546 6601 2
1547 2567 2
1547 6071 2
1547 5338 2
1547 6137 2
1547 2715 2
1547 4853 2
1547 4777 2
1548 1809 2
1548 2259 2
1548 3659 2
1549 4848 2
1549 6503 2
1549 2859 2
1550 3182 2
1550 3353 2
1551 2085 2
1551 5294 2
1551 2156 2
1551 1633 2
1551 2361 2
1552 5837 2
1552 3878 2
1552 3980 2
1552 6724 2
1552 4625 2
1552 5462 2
1552 3697 2
1552 6807 2
1553 2040 2
1553 3883 2
1554 4462 2
1554 2311 2
1555 2361 2
1555 4542 2
1555 4124 2
1555 2256 2
1555 3063 2
1555 6292 2
1556 5768 2
1556 1600 2
1556 6135 2
1556 3893 2
1556 2813 2
1557 3575 2
1557 6269 2
1558 2320 2
1558 3067 2
1559 5386 2
1559 4501 2
1559 6207 2
1559 6439 2
1559 2243 2
1559 4813 2
1559 5208 2
1559 4834 2
1560 6248 2
1560 4992 2
1560 3740 2
1560 6166 2
1560 2218 2
1561 2410 2
1561 6156 2
1561 3953 2
1562 5886 2
1562 4890 2
1562 4850 2
1563 1775 2
1563 1823 2
1563 3745 2
1564 4753 2
1564 6130 2
1564 4605 2
1564 4254 2
1564 6746 2
1565 5748 2
1565 4096 2
1565 6810 2
1565 3783 2
1566 6142 2
1566 2492 2
1566 2979 2
1566 2614 2
1567 6314 2
1567 3288 2
1567 1656 2
1567 3874 2
1567 1872 2
1568 4616 2
1568 2195 2
1568 4899 2
1569 6151 2
1569 6879 2
1569 6473 2
1569 2785 2
1569 4978 2
1569 3409 2
1569 6851 2
1569 4334 2
1570 5196 2
1570 3283 2
1570 1851 2
1570 4153 2
1570 6501 2
1571 2193 2
1571 3262 2
1571 5940 2
1571 4713 2
1572 6809 2
1572 3821 2
1572 2776 2
1573 5650 2
1573 6040 2
1573 6270 2
1573 6843 2
1573 2272 2
1573 3532 2
1573 2052 2
1573 1988 2
1574 6926 2
1574 6928 2
1574 4819 2
1574 6707 2
1574 1851 2
1574 3997 2
1575 5239 2
1575 3378 2
1576 5324 2
1576 5917 2
1576 3757 2
1576 2285 2
1576 3430 2
1577 3911 2
1577 4862 2
1578 3515 2
1578 4261 2
1578 4986 2
1578 6172 2
1579 5817 2
1579 5786 2
1579 3291 2
1579 5244 2
1579 4011 2
1580 6798 2
1580 1671 2
1580 5498 2
1581 2149 2
1581 5696 2
1581 4989 2
1581 3679 2
1581 1661 2
1583 2942 2
1583 6284 2
1583 6640 2
1584 5665 2
1584 5814 2
1584 2307 2
1584 2962 2
1584 2850 2
1584 4169 2
1584 5590 2
1585 6582 2
1585 3801 2
1585 2469 2
1585 3331 2
1585 4600 2
1587 6895 2
1587 4624 2
1587 6304 2
1587 5248 2
1587 2818 2
1587 4152 2
1588 6239 2
1588 3915 2
1588 6891 2
1588 2820 2
1589 5932 2
1589 3309 2
1589 2916 2
1590 2837 2
1590 2307 2
1590 2117 2
1590 5207 2
1590 5019 2
1591 6454 2
1591 6583 2
1591 6938 2
1591 5019 2
1592 6022 2
1592 6359 2
1592 2154 2
1592 6057 2
1592 3242 2
1593 3078 2
1593 2703 2
1594 6549 2
1594 3932 2
1594 1879 2
1594 2228 2
1594 4764 2
1594 4863 2
1595 4735 2
1595 6346 2
1596 5354 2
1596 5629 2
1596 5004 2
1596 6858 2
1596 6961 2
1597 2796 2
1597 2179 2
1598 3874 2
1598 4243 2
1598 2729 2
1598 3247 2
1599 2630 2
1599 2720 2
1599 4317 2
1599 4461 2
1599 1905 2
1599 4818 2
1599 3085 2
1599 4016 2
1599 2537 2
1599 4817 2
1600 3070 2
1600 3908 2
1600 4523 2
1601 2018 2
1601 3038 2
1602 1766 2
1602 6178 2
1602 4093 2
1602 2754 2
1602 6609 2
1602 4435 2
1603 4421 2
1604 1741 2
1604 5236 2
1604 6366 2
1604 2917 2
1605 3123 2
1605 5725 2
1605 1675 2
1606 3544 2
1606 4246 2
1606 4313 2
1606 6159 2
1606 5025 2
1606 3520 2
1606 6357 2
1607 1889 2
1607 5612 2
1607 3473 2
1607 3835 2
1607 2324 2
1608 6808 2
1609 6415 2
1609 6308 2
1609 5675 2
1609 2409 2
1609 4195 2
1609 1723 2
1609 4659 2
1610 5585 2
1610 3187 2
1610 3739 2
1611 4530 2
1612 5195 2
1612 2653 2
1612 6836 2
1612 4613 2
1612 6947 2
1612 2666 2
1612 2829 2
1613 4185 2
1613 1983 2
1613 2714 2
1614 2091 2
1614 2099 2
1615 2932 2
1615 3275 2
1615 6657 2
1615 6753 2
1616 1977 2
1616 5426 2
1617 3587 2
1617 4562 2
1617 2279 2
1617 4990 2
1618 3443 2
1618 5385 2
1618 3592 2
1619 3172 2
1619 3897 2
1620 3806 2
1620 3402 2
1620 3658 2
1620 5538 2
1620 2457 2
1621 1930 2
1621 6943 2
1621 3534 2
1621 5993 2
1622 6846 2
1622 2548 2
1622 4724 2
1622 6322 2
1622 2676 2
1623 4064 2
1623 3129 2
1623 3474 2
1623 1939 2
1623 4218 2
1624 5464 2
1624 6506 2
1624 6644 2
1624 4561 2
1624 2003 2
1624 5401 2
1624 5073 2
1624 5007 2
1625 6150 2
1625 5208 2
1625 4646 2
1625 3914 2
1626 6110 2
1626 6898 2
1626 4214 2
1627 3980 2
1627 2167 2
1627 5004 2
1628 4413 2
1628 2191 2
1629 1686 2
1630 5613 2
1630 2792 2
1631 4678 2
1631 5105 2
1631 2129 2
1631 3446 2
1631 3853 2
1632 1747 2
1632 4072 2
1633 3217 2
1633 4878 2
1633 4335 2
1633 5940 2
1633 3039 2
1633 6866 2
1634 5448 2
1634 3834 2
1635 3639 2
1635 2468 2
1635 4004 2
1635 6658 2
1636 5305 2
1636 6888 2
1636 6014 2
1636 1720 2
1636 5055 2
1636 6249 2
1636 2879 2
1636 5611 2
1637 4291 2
1637 6891 2
1638 2213 2
1638 2564 2
1638 6937 2
1639 3102 2
1639 5353 2
1639 4159 2
1640 2725 2
1640 5932 2
1640 3937 2
1640 6689 2
1640 4415 2
1641 3283 2
1641 6324 2
1642 3768 2
1642 1918 2
1642 6924 2
1642 1999 2
1642 4141 2
1642 2875 2
1643 6711 2
1643 3087 2
1643 2524 2
1644 6808 2
1644 4522 2
1644 4420 2
1644 3132 2
1645 5865 2
1645 2336 2
1645 2276 2
1646 6647 2
1646 2960 2
1646 4719 2
1647 5290 2
1648 6789 2
1648 2367 2
1648 6043 2
1649 5658 2
1649 2865 2
1649 2799 2
1649 3610 2
1649 4158 2
1650 4171 2
1650 5484 2
1650 3901 2
1650 5687 2
1651 3574 2
1651 2123 2
1652 5768 2
1653 6249 2
1653 4438 2
1653 6768 2
1653 1867 2
1653 6131 2
1653 4445 2
1653 2110 2
1653 5413 2
1653 3613 2
1653 6594 2
1654 6233 2
1654 2118 2
1654 2867 2
1654 2877 2
1654 6210 2
1654 4766 2
1655 6231 2
1655 3166 2
1656 5449 2
1656 6111 2
1656 3981 2
1657 2322 2
1657 5757 2
1657 3487 2
1657 2635 2
1658 3532 2
1658 2457 2
1658 1880 2
1658 4480 2
1658 3304 2
1659 2688 2
1659 4143 2
1659 5274 2
1660 2867 2
1660 5402 2
1660 3106 2
1660 6304 2
1661 3438 2
1661 2500 2
1661 4920 2
1661 1806 2
1661 6931 2
1661 3253 2
1662 3662 2
1662 6585 2
1662 6349 2
1663 3571 2
1663 1679 2
1664 3196 2
1664 4872 2
1664 4995 2
1665 5642 2
1665 3683 2
1666 3552 2
1666 6849 2
1666 3008 2
1667 1921 2
1667 3191 2
1667 4810 2
1668 2576 2
1668 3271 2
1669 2842 2
1669 4943 2
1669 3791 2
1669 5568 2
1669 4239 2
1670 6463 2
1670 1715 2
1670 4524 2
1671 5181 2
1671 3629 2
1671 4049 2
1671 6215 2
1672 4824 2
1673 5284 2
1674 6068 2
1675 6598 2
1675 5693 2
1675 3088 2
1675 5167 2
1675 5255 2
1675 5797 2
1676 4435 2
1676 5386 2
1677 6680 2
1678 3425 2
1679 3884 2
1679 4883 2
1679 6839 2
1679 3877 2
1679 2773 2
1680 1753 2
1680 5046 2
1680 6960 2
1680 4676 2
1681 2522 2
1681 4278 2
1682 3986 2
1683 6592 2
1684 5717 2
1684 5590 2
1684 5583 2
1684 6440 2
1685 3773 2
1685 6594 2
1685 2649 2
1685 1760 2
1685 3055 2
1685 5537 2
1685 3730 2
1686 2271 2
1687 3188 2
1687 1870 2
1687 4650 2
1687 5496 2
1688 4020 2
1688 5172 2
1688 2467 2
1688 2129 2
1689 6945 2
1689 1973 2
1689 2388 2
1690 5700 2
1690 3467 2
1690 2307 2
1690 4468 2
1691 2386 2
1691 4793 2
1691 5558 2
1691 2227 2
1692 2976 2
1692 4587 2
1693 3218 2
1693 5197 2
1693 2002 2
1693 5091 2
1694 6960 2
1694 4848 2
1694 6410 2
1695 4095 2
1695 1908 2
1695 3961 2
1695 5435 2
1696 5596 2
1696 5631 2
1697 2382 2
1697 5796 2
1698 3182 2
1698 3598 2
1698 5888 2
1698 3466 2
1699 6697 2
1699 2437 2
1699 4484 2
1699 2405 2
1699 3510 2
1700 2198 2
1700 5157 2
1701 3859 2
1701 5685 2
1701 5244 2
1701 5378 2
1702 2616 2
1702 4057 2
1702 4405 2
1702 5387 2
1702 5034 2
1702 3102 2
1703 6126 2
1703 3512 2
1703 4836 2
1703 6981 2
1704 2839 2
1704 6856 2
1705 6058 2
1705 5810 2
1705 3308 2
1705 2752 2
1705 3803 2
1705 2693 2
1706 2053 2
1706 2647 2
1706 5420 2
1706 2757 2
1706 3108 2
1707 2943 2
1708 3904 2
1708 6146 2
1708 2023 2
1709 2289 2
1709 3296 2
1709 4731 2
1709 4985 2
1709 3394 2
1710 4722 2
1710 3579 2
1710 3075 2
1710 1734 2
1711 6813 2
1712 3455 2
1713 2743 2
1713 4247 2
1713 6140 2
1714 6906 2
1714 5504 2
1714 5151 2
1714 3906 2
1715 3332 2
1715 2721 2
1715 4960 2
1716 4088 2
1716 6803 2
1716 3305 2
1717 6585 2
1718 3642 2
1718 5868 2
1719 5927 2
1719 6125 2
1719 3007 2
1719 3801 2
1720 5481 2
1720 3520 2
1721 3769 2
1721 4474 2
1721 4695 2
1721 5131 2
1721 6062 2
1721 2212 2
1722 5464 2
1722 4841 2
1722 5112 2
1722 4881 2
1722 1794 2
1723 1763 2
1723 3472 2
1723 2353 2
1723 3011 2
1723 3978 2
1723 2781 2
1724 5227 2
1724 2128 2
1724 3644 2
1725 3378 2
1725 6580 2
1725 4933 2
1725 5526 2
1725 5684 2
1725 6786 2
1725 5400 2
1726 6818 2
1726 3011 2
1726 4917 2
1726 5422 2
1726 2323 2
1727 3940 2
1727 2069 2
1727 3157 2
1727 5999 2
1728 4959 2
1728 5475 2
1728 5088 2
1729 6110 2
1729 3449 2
1730 3154 2
1730 4870 2
1731 3225 2
1731 2122 2
1731 3897 2
1731 5604 2
1731 5906 2
1732 4837 2
1732 4688 2
1732 3856 2
1732 6596 2
1733 6115 2
1733 3251 2
1733 1912 2
1733 2455 2
1733 5117 2
1733 4184 2
1733 5337 2
1733 2509 2
1733 3126 2
1734 2603 2
1734 3118 2
1734 5850 2
1735 2063 2
1736 3078 2
1737 4680 2
1737 2447 2
1737 2727 2
1738 6259 2
1738 2907 2
1738 6006 2
1739 6944 2
1739 6148 2
1739 2765 2
1739 1926 2
1740 6413 2
1740 5670 2
1740 5099 2
1741 1854 2
1741 4007 2
1742 2136 2
1742 4919 2
1742 5414 2
1742 3885 2
1743 5827 2
1743 2334 2
1743 3636 2
1743 3117 2
1744 3294 2
1744 3595 2
1744 3418 2
1744 5843 2
1744 3736 2
1745 3232 2
1745 3295 2
1745 5432 2
1745 5328 2
1745 5316 2
1746 6366 2
1746 2146 2
1746 5736 2
1746 2177 2
1746 3711 2
1746 2525 2
1746 6756 2
1747 2786 2
1747 3781 2
1748 2278 2
1748 3297 2
1748 5606 2
1748 5130 2
1748 5672 2
1749 6840 2
1749 4041 2
1749 1812 2
1749 5217 2
1750 2413 2
1750 6898 2
1750 2497 2
1750 5794 2
1751 6362 2
1751 5783 2
1751 4068 2
1751 2587 2
1752 2766 2
1752 4960 2
1752 6833 2
1753 5687 2
1753 3292 2
1753 6833 2
1753 2618 2
1753 2727 2
1754 5088 2
1754 4430 2
1754 4234 2
1755 5302 2
1755 4394 2
1755 3510 2
1755 3279 2
1755 6344 2
1755 5315 2
1755 3555 2
1756 4977 2
1757 1947 2
1757 3936 2
1757 6335 2
1757 3904 2
1757 3018 2
1757 4483 2
1758 4708 2
1758 5168 2
1758 4371 2
1759 3113 2
1759 2610 2
1759 2517 2
1759 4002 2
1760 4106 2
1760 6450 2
1761 6747 2
1761 5767 2
1761 4068 2
1761 5919 2
1761 5136 2
1762 6471 2
1763 6230 2
1763 4144 2
1763 4897 2
1763 6926 2
1763 5539 2
1764 3477 2
1764 3530 2
1765 2171 2
1765 4727 2
1765 3271 2
1765 2932 2
1765 2135 2
1766 3410 2
1766 3682 2
1766 4948 2
1766 6737 2
1766 3147 2
1766 3700 2
1767 2676 2
1767 6038 2
1767 4609 2
1768 5045 2
1768 4039 2
1768 5479 2
1768 6232 2
1769 6156 2
1769 6812 2
1769 5170 2
1770 1917 2
1770 5204 2
1770 3699 2
1770 3023 2
1771 4805 2
1771 5723 2
1771 5814 2
1771 5663 2
1771 5435 2
1771 6846 2
1772 4685 2
1773 5518 2
1773 6750 2
1773 6298 2
1773 5285 2
1773 5529 2
1774 2459 2
1774 3562 2
1775 4359 2
1775 6842 2
1775 2478 2
1776 4966 2
1776 4237 2
1777 2509 2
1777 6939 2
1777 5719 2
1777 2221 2
1777 2423 2
1777 3364 2
1777 4496 2
1778 6609 2
1779 3138 2
1779 4059 2
1779 5153 2
1779 4280 2
1779 6683 2
1780 2019 2
1780 3302 2
1780 6020 2
1780 5640 2
1780 6491 2
1781 5882 2
1781 3520 2
1781 6084 2
1781 2728 2
1781 5973 2
1782 5141 2
1782 3902 2
1782 5837 2
1782 3967 2
1782 6543 2
1782 6895 2
1782 4683 2
1783 3739 2
1783 3587 2
1783 3020 2
1783 4810 2
1783 5874 2
1784 3824 2
1784 2141 2
1784 2898 2
1784 5003 2
1784 2552 2
1785 3705 2
1785 6548 2
1786 4693 2
1786 2273 2
1786 3826 2
1786 2745 2
1786 1910 2
1786 3478 2
1786 6724 2
1787 2391 2
1787 3734 2
1787 2315 2
1788 3977 2
1788 3447 2
1789 4447 2
1789 5926 2
1789 3147 2
1790 6762 2
1790 6169 2
1790 5572 2
1790 2583 2
1791 5949 2
1793 5893 2
1793 2114 2
1793 5365 2
1793 3576 2
1793 4441 2
1794 4937 2
1794 2942 2
1794 5962 2
1794 6103 2
1795 2141 2
1795 6795 2
1796 5347 2
1796 3615 2
1796 6986 2
1796 3772 2
1796 5012 2
1796 2297 2
1797 1827 2
1797 3571 2
1798 4517 2
1798 2605 2
1799 3823 2
1799 5694 2
1799 4984 2
1799 5251 2
1799 2690 2
1800 6700 2
1800 2867 2
1800 5448 2
1800 4489 2
1801 5472 2
1801 4381 2
1801 4387 2
1801 5396 2
1801 6740 2
1802 5528 2
1802 4932 2
1802 3966 2
1803 6613 2
1803 4709 2
1803 2339 2
1803 6204 2
1803 4863 2
1804 6252 2
1804 4647 2
1805 4102 2
1805 3163 2
1806 3081 2
1806 3000 2
1806 6084 2
1806 6346 2
1806 6580 2
1807 5749 2
1807 6553 2
1807 2886 2
1807 4869 2
1808 3252 2
1808 3136 2
1808 4630 2
1810 3979 2
1810 3456 2
1810 1856 2
1810 3744 2
1811 5080 2
1811 3749 2
1812 5947 2
1812 5050 2
1812 4919 2
1812 3047 2
1813 5692 2
1813 5231 2
1813 2107 2
1814 6420 2
1814 6246 2
1814 6837 2
1815 3642 2
1815 3080 2
1815 5372 2
1815 6807 2
1816 6555 2
1816 4041 2
1817 6898 2
1818 3350 2
1818 6162 2
1819 2320 2
1819 2780 2
1819 2467 2
1819 4741 2
1819 5886 2
1820 4318 2
1820 5552 2
1820 1872 2
1820 6201 2
1820 3669 2
1820 5286 2
1820 5528 2
1820 4850 2
1821 3505 2
1821 3480 2
1822 1937 2
1822 2410 2
1822 6826 2
1822 2969 2
1822 6270 2
1822 5409 2
1823 3796 2
1823 5874 2
1823 2071 2
1824 6941 2
1825 5126 2
1825 2264 2
1825 4575 2
1826 5497 2
1826 6572 2
1826 5579 2
1826 4155 2
1827 2849 2
1827 3643 2
1827 6744 2
1827 5257 2
1827 6434 2
1827 3929 2
1828 2561 2
1828 6010 2
1828 6130 2
1830 5864 2
1830 4625 2
1830 2767 2
1830 3320 2
1830 6464 2
1831 3110 2
1831 6975 2
1831 5386 2
1832 6878 2
1832 3503 2
1832 3449 2
1832 2889 2
1832 5561 2
1832 2770 2
1832 5429 2
1832 5661 2
1833 5478 2
1833 4559 2
1833 2273 2
1833 6420 2
1833 3843 2
1833 2455 2
1833 2177 2
1833 4215 2
1833 5284 2
1833 4362 2
1834 3367 2
1834 5593 2
1834 6307 2
1834 2735 2
1835 1988 2
1835 2768 2
1835 6641 2
1835 5884 2
1835 6661 2
1836 4010 2
1837 6224 2
1837 5844 2
1837 2434 2
1837 1876 2
1837 3877 2
1838 3289 2
1838 6826 2
1838 6310 2
1838 4021 2
1838 4055 2
1838 3632 2
1838 2147 2
1838 5069 2
1838 2736 2
1839 6946 2
1839 1880 2
1839 6937 2
1840 3850 2
1840 5698 2
1840 3729 2
1840 6392 2
1840 6414 2
1840 1892 2
1841 3235 2
1841 3600 2
1841 5824 2
1841 3098 2
1842 4636 2
1842 2365 2
1842 6323 2
1843 5663 2
1843 6137 2
1845 4270 2
1845 5794 2
1845 3081 2
1845 6393 2
1845 2151 2
1846 5182 2
1846 6434 2
1847 6349 2
1847 1876 2
1847 6400 2
1848 3101 2
1848 5911 2
1849 2705 2
1849 3248 2
1849 4337 2
1849 1963 2
1849 4740 2
1849 2788 2
1850 2140 2
1850 5889 2
1850 3080 2
1851 2934 2
1851 5564 2
1851 5142 2
1851 2986 2
1851 2146 2
1852 2797 2
1852 5427 2
1852 6643 2
1853 2220 2
1853 2629 2
1854 3283 2
1854 6835 2
1855 3482 2
1855 5473 2
1855 6439 2
1855 2827 2
1855 4578 2
1856 4290 2
1856 2118 2
1857 4962 2
1857 3743 2
1857 6874 2
1857 3558 2
1857 4907 2
1858 2766 2
1858 2145 2
1858 4583 2
1858 6876 2
1859 5130 2
1859 6308 2
1859 5599 2
1859 5935 2
1859 3199 2
1860 3132 2
1860 4899 2
1860 5884 2
1860 3284 2
1860 6963 2
1860 3244 2
1861 3673 2
1861 6608 2
1862 6860 2
1863 6780 2
1863 3307 2
1863 5309 2
1863 3669 2
1864 6650 2
1864 3817 2
1864 6762 2
1864 5063 2
1864 5484 2
1864 2443 2
1865 4543 2
1865 5556 2
1865 6289 2
1865 4772 2
1865 2135 2
1865 2216 2
1866 6961 2
1866 3724 2
1866 4368 2
1866 4016 2
1866 6764 2
1867 4561 2
1867 2195 2
1867 6776 2
1867 4871 2
1868 3399 2
1868 6121 2
1868 6341 2
1869 4214 2
1870 4673 2
1871 5441 2
1871 5379 2
1871 3350 2
1871 2078 2
1871 5536 2
1871 3130 2
1872 2493 2
1872 6137 2
1872 3952 2
1873 4619 2
1873 3711 2
1873 4954 2
1873 4943 2
1874 5838 2
1874 5337 2
1875 6516 2
1875 6380 2
1875 4499 2
1875 6160 2
1875 4402 2
1876 2661 2
1876 2249 2
1876 3073 2
1876 5060 2
1876 4415 2
1878 3018 2
1878 4233 2
1878 4760 2
1878 5588 2
1879 2198 2
1879 2286 2
1879 6381 2
1880 1962 2
1880 5347 2
1881 3543 2
1881 3384 2
1881 3076 2
1882 5467 2
1882 6401 2
1882 3308 2
1882 4825 2
1882 4091 2
1883 4834 2
1883 4151 2
1883 3095 2
1883 2620 2
1884 6884 2
1884 6554 2
1884 3179 2
1885 6923 2
1885 2866 2
1885 2119 2
1885 6148 2
1886 6321 2
1887 5319 2
1888 4881 2
1888 2412 2
1888 4890 2
1888 3547 2
1888 5823 2
1888 1958 2
1889 3972 2
1889 3285 2
1889 2136 2
1889 6191 2
1889 6035 2
1889 4676 2
1889 3785 2
1889 3171 2
1890 3787 2
1891 2807 2
1891 6639 2
1891 6537 2
1891 5938 2
1892 6273 2
1892 5530 2
1892 3655 2
1892 4971 2
1893 6142 2
1894 6708 2
1894 6510 2
1894 5650 2
1894 4234 2
1894 5886 2
1894 4428 2
1894 4265 2
1895 3278 2
1895 6655 2
1895 3980 2
1896 2757 2
1896 5285 2
1896 2322 2
1896 6537 2
1896 6923 2
1897 4383 2
1897 4445 2
1898 5644 2
1898 5018 2
1898 3756 2
1899 6163 2
1899 6875 2
1899 4937 2
1900 6040 2
1900 6677 2
1901 3792 2
1901 3776 2
1902 4085 2
1902 6030 2
1902 1922 2
1902 4337 2
1902 2144 2
1903 2324 2
1903 5722 2
1904 6959 2
1904 6729 2
1904 3448 2
1904 5837 2
1904 2148 2
1904 6581 2
1905 5417 2
1905 2245 2
1905 4317 2
1905 4580 2
1905 5254 2
1906 3372 2
1906 6166 2
1907 3129 2
1908 6146 2
1908 2888 2
1908 3056 2
1908 4189 2
1909 4135 2
1910 3757 2
1911 5348 2
1911 2192 2
1911 2931 2
1912 6613 2
1912 4826 2
1912 5531 2
1912 3226 2
1912 6732 2
1913 2382 2
1913 2051 2
1913 5860 2
1913 5200 2
1913 5846 2
1913 6278 2
1914 3693 2
1914 4547 2
1914 2941 2
1915 6762 2
1915 3687 2
1915 3845 2
1916 2115 2
1916 3668 2
1917 3649 2
1917 5717 2
1917 4793 2
1917 4359 2
1918 6076 2
1919 5518 2
1919 4716 2
1919 6005 2
1919 3981 2
1920 3211 2
1920 5142 2
1920 2819 2
1921 6801 2
1922 5117 2
1922 6883 2
1923 5701 2
1923 2073 2
1923 4710 2
1923 5861 2
1923 2775 2
1923 6736 2
1923 2891 2
1923 5342 2
1923 2372 2
1923 6338 2
1923 4425 2
1923 4953 2
1924 4850 2
1924 4033 2
1925 3108 2
1925 3507 2
1925 5957 2
1925 4303 2
1925 6855 2
1925 2747 2
1926 2337 2
1927 4356 2
1927 2899 2
1927 5971 2
1927 6943 2
1928 5801 2
1928 2764 2
1928 6520 2
1928 4398 2
1928 2709 2
1929 6517 2
1929 2571 2
1929 6709 2
1929 4594 2
1929 5139 2
1929 2075 2
1929 2204 2
1930 4995 2
1930 5547 2
1930 5390 2
1931 3086 2
1931 5739 2
1931 2566 2
1932 2892 2
1932 3213 2
1933 4606 2
1933 4852 2
1933 2637 2
1933 6940 2
1934 2885 2
1934 6026 2
1934 4250 2
1934 6293 2
1934 4132 2
1934 6391 2
1934 2092 2
1935 6631 2
1935 6164 2
1935 3965 2
1935 4043 2
1935 5170 2
1936 6656 2
1937 4781 2
1937 2350 2
1937 2649 2
1938 3874 2
1938 4086 2
1938 2495 2
1938 2146 2
1938 2799 2
1939 3677 2
1939 4617 2
1939 5191 2
1939 3427 2
1939 3937 2
1940 3366 2
1940 2355 2
1940 6557 2
1941 3486 2
1941 3849 2
1941 2533 2
1941 2050 2
1941 2910 2
1942 6976 2
1943 2167 2
1943 2258 2
1944 2583 2
1944 5620 2
1944 2068 2
1944 3296 2
1945 3071 2
1945 3766 2
1945 6384 2
1945 2218 2
1945 5050 2
1945 5666 2
1946 4826 2
1946 3401 2
1946 4685 2
1946 4899 2
1947 5019 2
1948 4976 2
1948 2718 2
1948 2607 2
1948 5184 2
1948 5157 2
1948 6091 2
1948 5319 2
1949 4407 2
1949 5933 2
1950 5269 2
1950 4194 2
1951 6908 2
1951 6162 2
1951 6524 2
1951 4599 2
1951 6486 2
1952 5583 2
1952 6716 2
1953 3775 2
1953 4802 2
1953 5661 2
1953 3250 2
1954 2823 2
1954 6035 2
1954 4337 2
1954 4825 2
1955 4119 2
1955 2642 2
1955 2812 2
1957 6947 2
1957 4001 2
1957 3802 2
1958 3042 2
1958 2894 2
1958 2055 2
1958 3154 2
1958 2002 2
1959 6043 2
1959 5593 2
1959 5553 2
1959 4660 2
1960 2521 2
1961 3870 2
1961 5495 2
1961 3621 2
1961 6174 2
1962 3099 2
1962 4330 2
1962 4815 2
1963 6113 2
1963 3277 2
1963 2058 2
1965 3531 2
1965 5871 2
1966 6597 2
1966 2333 2
1967 6595 2
1967 2202 2
1967 5753 2
1967 2879 2
1968 4445 2
1968 5026 2
1968 4893 2
1968 6650 2
1968 6820 2
1969 5367 2
1969 6567 2
1970 6331 2
1970 4445 2
1970 6907 2
1970 4794 2
1971 5062 2
1971 3550 2
1971 6415 2
1971 2639 2
1972 2448 2
1972 4424 2
1973 5205 2
1973 1979 2
1973 6813 2
1973 3294 2
1973 3318 2
1973 6042 2
1973 3683 2
1974 5181 2
1974 3596 2
1974 4267 2
1975 2540 2
1975 4047 2
1976 4666 2
1976 5898 2
1976 4920 2
1977 6057 2
1977 3801 2
1978 6125 2
1978 6971 2
1978 5042 2
1978 6639 2
1978 6538 2
1979 5372 2
1979 3718 2
1979 5706 2
1980 3074 2
1980 6540 2
1981 2715 2
1981 4603 2
1981 5847 2
1981 4939 2
1982 2415 2
1982 2502 2
1983 5870 2
1983 6633 2
1983 6810 2
1983 6869 2
1983 5167 2
1983 6353 2
1983 2672 2
1983 4945 2
1985 2130 2
1985 6437 2
1985 2630 2
1985 4523 2
1985 5314 2
1985 4915 2
1985 6498 2
1986 2779 2
1986 4213 2
1988 4121 2
1989 3104 2
1990 2825 2
1990 2589 2
1990 2375 2
1991 5918 2
1991 2791 2
1992 2358 2
1992 6211 2
1992 6856 2
1993 4156 2
1993 6274 2
1993 4374 2
1994 3695 2
1994 3078 2
1994 2754 2
1994 5443 2
1994 5863 2
1994 5988 2
1994 4462 2
1994 5444 2
1994 3674 2
1995 6343 2
1995 2712 2
1995 3962 2
1995 6375 2
1995 2325 2
1995 6828 2
1995 6780 2
1997 3850 2
1997 6118 2
1998 5944 2
1998 4815 2
1998 4069 2
1999 5964 2
2000 6056 2
2000 5980 2
2000 6845 2
2000 5711 2
2001 6218 2
2001 2280 2
2001 3820 2
2001 6993 2
2002 5249 2
2002 2034 2
2002 6660 2
2002 6973 2
2002 6079 2
2002 6571 2
2003 4786 2
2003 4994 2
2003 4753 2
2004 6796 2
2004 6921 2
2004 2630 2
2005 3973 2
2005 2526 2
2006 3588 2
2006 5853 2
2006 2566 2
2007 3561 2
2007 6245 2
2007 6699 2
2008 5754 2
2008 4229 2
2009 3831 2
2009 4208 2
2009 2863 2
2009 5394 2
2010 2717 2
2010 5204 2
2010 3881 2
2010 6779 2
2011 2847 2
2011 6263 2
2011 5860 2
2012 5891 2
2013 6145 2
2013 6099 2
2013 4735 2
2013 5458 2
2014 6142 2
2014 3356 2
2014 5149 2
2014 3907 2
2014 6440 2
2015 6593 2
2015 2485 2
2015 5316 2
2015 2938 2
2015 2303 2
2015 5797 2
2016 6178 2
2016 5296 2
2016 3966 2
2016 5812 2
2017 2683 2
2017 4336 2
2018 6297 2
2018 5637 2
2018 2163 2
2018 3590 2
2018 2700 2
2019 4958 2
2019 6698 2
2019 5827 2
2019 5113 2
2020 4742 2
2020 4226 2
2020 6544 2
2020 3440 2
2021 3210 2
2021 5464 2
2021 4579 2
2022 6558 2
2022 4809 2
2022 3498 2
2022 4625 2
2022 4864 2
2023 5641 2
2023 5163 2
2023 4706 2
2023 5116 2
2024 2686 2
2024 4360 2
2025 5018 2
2025 4424 2
2025 4234 2
2025 4110 2
2025 4782 2
2025 5207 2
2025 4363 2
2025 3662 2
2026 6465 2
2026 2789 2
2027 5588 2
2027 3788 2
2027 5245 2
2027 6126 2
2027 3737 2
2028 2909 2
2029 4163 2
2029 5535 2
2029 6534 2
2030 4642 2
2030 5018 2
2031 5933 2
2031 2654 2
2032 5421 2
2032 3141 2
2032 5514 2
2032 2439 2
2033 3473 2
2033 6995 2
2034 2959 2
2034 6109 2
2035 2931 2
2035 6758 2
2035 2199 2
2035 5382 2
2035 5190 2
2036 5786 2
2037 4813 2
2037 5106 2
2038 5315 2
2038 3804 2
2038 3956 2
2038 5225 2
2038 4468 2
2038 6802 2
2038 6876 2
2038 4656 2
2038 3681 2
2039 5547 2
2039 4547 2
2039 6914 2
2040 2879 2
2040 5882 2
2040 3588 2
2040 4271 2
2040 5835 2
2041 3180 2
2041 5053 2
2041 2889 2
2042 5095 2
2042 3786 2
2043 6188 2
2043 3826 2
2043 2710 2
2043 2894 2
2044 4383 2
2044 5669 2
2044 3855 2
2044 3452 2
2044 4600 2
2045 2284 2
2045 3877 2
2045 4911 2
2045 3849 2
2046 4164 2
2047 2475 2
2047 3637 2
2047 2782 2
2047 6763 2
2047 5873 2
2048 2654 2
2048 2791 2
2048 3578 2
2048 6917 2
2049 2070 2
2049 2113 2
2050 3319 2
2051 3980 2
2051 2541 2
2051 5676 2
2051 2418 2
2052 2787 2
2052 5403 2
2052 2808 2
2052 6521 2
2052 6577 2
2053 2662 2
2053 4376 2
2053 6154 2
2053 3887 2
2054 6320 2
2054 2130 2
2054 4941 2
2054 2737 2
2055 6697 2
2055 5529 2
2055 6063 2
2056 5377 2
2056 4169 2
2057 4934 2
2057 3844 2
2057 5421 2
2057 5923 2
2058 4347 2
2058 5761 2
2059 4171 2
2059 4040 2
2061 2771 2
2061 2796 2
2061 6295 2
2061 4702 2
2061 3951 2
2062 5184 2
2063 5959 2
2063 4593 2
2063 3132 2
2063 6263 2
2064 4328 2
2064 2107 2
2064 2108 2
2065 5385 2
2066 3793 2
2066 5708 2
2067 2635 2
2067 6797 2
2067 3873 2
2067 2804 2
2068 5618 2
2068 5103 2
2068 6157 2
2069 4065 2
2069 4234 2
2070 3852 2
2070 4940 2
2071 5801 2
2071 4144 2
2072 3667 2
2072 3642 2
2072 5913 2
2072 3329 2
2073 3808 2
2073 2813 2
2073 6179 2
2073 4482 2
2073 4028 2
2073 2182 2
2074 4597 2
2074 3781 2
2074 6573 2
2074 4971 2
2076 4001 2
2076 4863 2
2076 4984 2
2076 6962 2
2076 3565 2
2077 3485 2
2077 6015 2
2077 2774 2
2077 5369 2
2078 2965 2
2078 4072 2
2078 5742 2
2078 5400 2
2078 5164 2
2079 5364 2
2079 4523 2
2079 6649 2
2079 2556 2
2080 5136 2
2080 3948 2
2080 2786 2
2080 5207 2
2081 6666 2
2081 2755 2
2081 6833 2
2081 6520 2
2081 6747 2
2081 5356 2
2082 4138 2
2082 5993 2
2082 3230 2
2083 2535 2
2083 3716 2
2083 6981 2
2084 3490 2
2084 2087 2
2084 2668 2
2084 3085 2
2084 2903 2
2084 5846 2
2084 6740 2
2085 4019 2
2086 4244 2
2086 2301 2
2086 5759 2
2087 6479 2
2087 6906 2
2087 2739 2
2087 4471 2
2087 4981 2
2087 4712 2
2087 4952 2
2088 6046 2
2089 2773 2
2089 6794 2
2090 2204 2
2090 4147 2
2091 5606 2
2091 5835 2
2091 3690 2
2091 4868 2
2091 2742 2
2092 4230 2
2092 2691 2
2092 4453 2
2092 5583 2
2093 3053 2
2093 3746 2
2093 6536 2
2094 5075 2
2094 4236 2
2095 4023 2
2095 6430 2
2096 3861 2
2096 4458 2
2096 5557 2
2096 6381 2
2097 2300 2
2097 6897 2
2097 4291 2
2097 5238 2
2098 4227 2
2098 3202 2
2098 2919 2
2098 6885 2
2099 3775 2
2099 4451 2
2099 4714 2
2099 2937 2
2099 2370 2
2099 5543 2
2100 2439 2
2100 4150 2
2100 5105 2
2100 4901 2
2100 5001 2
2100 4239 2
2101 2859 2
2102 2359 2
2102 6877 2
2102 4047 2
2102 2635 2
2102 5439 2
2102 4789 2
2103 3693 2
2103 3200 2
2103 2948 2
2103 3648 2
2104 3028 2
2104 6125 2
2105 4654 2
2106 3741 2
2106 5535 2
2106 2473 2
2107 4104 2
2107 2288 2
2107 4603 2
2107 2528 2
2108 5523 2
2108 3218 2
2108 2653 2
2109 3163 2
2110 3881 2
2111 3890 2
2111 4836 2
2111 2827 2
2111 5562 2
2112 2599 2
2112 5010 2
2112 5196 2
2112 4404 2
2113 4980 2
2113 3067 2
2113 5183 2
2114 3610 2
2114 4297 2
2115 6436 2
2115 4976 2
2115 3343 2
2115 4164 2
2116 3637 2
2116 2753 2
2116 5363 2
2116 6153 2
2117 4429 2
2117 4719 2
2119 4111 2
2119 4427 2
2119 3973 2
2119 3489 2
2120 6714 2
2120 2378 2
2120 5803 2
2120 2857 2
2120 6668 2
2120 6172 2
2121 3615 2
2121 3945 2
2121 3610 2
2122 3177 2
2122 4737 2
2122 2381 2
2123 3147 2
2123 5611 2
2123 2187 2
2123 6159 2
2123 5651 2
2125 4381 2
2125 2942 2
2125 3980 2
2125 3065 2
2125 4178 2
2125 3620 2
2125 5005 2
2126 6969 2
2127 3358 2
2128 6978 2
2128 4000 2
2128 5690 2
2129 2844 2
2130 3693 2
2130 2457 2
2130 3319 2
2130 6913 2
2130 5120 2
2130 3249 2
2131 6747 2
2131 3013 2
2131 6310 2
2132 4331 2
2132 4386 2
2133 5727 2
2133 4303 2
2133 6295 2
2134 3731 2
2134 3824 2
2134 6353 2
2134 6896 2
2134 6048 2
2135 3313 2
2135 6566 2
2135 6407 2
2135 3336 2
2135 2525 2
2135 5880 2
2135 3883 2
2136 6781 2
2136 5355 2
2137 5360 2
2137 5904 2
2137 3964 2
2138 3387 2
2138 2340 2
2138 5070 2
2138 3834 2
2138 6679 2
2139 3726 2
2139 5658 2
2139 2876 2
2140 4142 2
2140 2159 2
2140 6080 2
2141 5828 2
2141 5410 2
2142 5178 2
2142 6585 2
2142 2495 2
2142 5568 2
2143 2458 2
2143 5858 2
2143 4657 2
2144 4903 2
2144 5015 2
2144 5345 2
2144 6051 2
2144 4128 2
2144 3799 2
2144 2312 2
2144 3407 2
2144 3434 2
2145 6520 2
2145 5893 2
2145 4969 2
2145 3194 2
2146 4679 2
2147 3668 2
2147 2748 2
2148 4763 2
2148 5796 2
2149 6262 2
2149 3730 2
2149 4632 2
2149 2499 2
2150 3734 2
2150 2360 2
2151 6759 2
2151 5456 2
2151 5545 2
2152 4014 2
2152 5810 2
2152 6063 2
2152 6704 2
2153 6970 2
2153 3018 2
2153 6759 2
2153 5728 2
2153 6705 2
2154 5224 2
2154 5227 2
2154 4646 2
2154 4404 2
2154 3386 2
2155 4508 2
2155 4821 2
2155 6749 2
2155 2713 2
2155 5424 2
2155 2327 2
2156 6544 2
2156 3011 2
2156 3868 2
2157 6359 2
2157 4274 2
2158 3010 2
2158 5477 2
2159 4351 2
2159 4264 2
2159 4541 2
2160 2303 2
2161 6105 2
2162 4491 2
2162 6148 2
2162 4867 2
2163 6922 2
2163 5685 2
2163 2744 2
2163 6133 2
2164 4168 2
2164 3654 2
2164 2797 2
2164 4121 2
2164 2375 2
2165 4256 2
2165 2785 2
2165 4396 2
2165 4377 2
2166 4645 2
2166 6151 2
2166 5339 2
2166 2925 2
2166 4863 2
2166 3179 2
2167 3508 2
2167 2193 2
2167 5590 2
2168 6614 2
2168 3554 2
2168 6074 2
2169 4949 2
2169 6453 2
2169 6878 2
2169 6885 2
2169 5293 2
2170 4734 2
2170 2425 2
2171 6522 2
2171 6558 2
2171 2927 2
2171 5393 2
2171 4070 2
2171 5597 2
2172 2181 2
2172 3298 2
2172 2359 2
2173 2811 2
2173 4221 2
2174 5160 2
2174 4957 2
2174 3924 2
2174 2787 2
2174 3749 2
2174 6443 2
2175 6999 2
2175 4902 2
2175 2335 2
2176 2660 2
2176 2187 2
2176 6683 2
2176 3256 2
2176 4310 2
2176 5164 2
2177 3754 2
2178 3451 2
2178 6014 2
2179 5541 2
2179 5339 2
2180 2481 2
2180 2692 2
2180 3904 2
2180 4339 2
2180 6425 2
2181 2865 2
2181 2516 2
2181 6608 2
2182 4470 2
2182 5104 2
2182 5114 2
2183 5115 2
2184 5629 2
2184 3510 2
2184 2537 2
2184 5111 2
2184 5785 2
2185 3455 2
2185 3753 2
2185 6042 2
2185 4531 2
2185 4555 2
2186 3976 2
2186 6625 2
2186 6979 2
2186 5055 2
2186 3967 2
2187 3781 2
2187 4447 2
2187 3384 2
2187 5554 2
2187 5630 2
2187 5783 2
2187 2838 2
2187 3227 2
2188 2402 2
2188 5618 2
2188 5434 2
2189 5546 2
2189 3164 2
2189 5331 2
2190 2716 2
2190 4012 2
2190 4933 2
2191 5511 2
2191 2239 2
2192 2818 2
2192 3959 2
2193 4500 2
2193 6886 2
2193 3872 2
2193 6054 2
2194 6779 2
2194 3742 2
2194 3235 2
2195 2250 2
2195 6994 2
2195 5453 2
2195 2363 2
2195 5967 2
2196 5119 2
2196 2943 2
2196 5113 2
2196 6030 2
2196 3626 2
2196 4356 2
2196 6008 2
2196 5327 2
2196 4696 2
2196 5505 2
2197 3754 2
2197 2271 2
2197 5743 2
2198 3976 2
2198 6383 2
2199 5758 2
2199 3216 2
2199 2250 2
2200 5437 2
2200 4171 2
2200 3696 2
2200 6136 2
2201 2906 2
2201 3754 2
2201 2211 2
2201 5210 2
2201 3951 2
2202 4850 2
2202 2481 2
2202 3423 2
2202 2245 2
2203 4837 2
2203 5292 2
2204 2577 2
2204 2516 2
2204 5516 2
2205 4013 2
2205 3706 2
2205 4342 2
2205 5057 2
2206 2494 2
2206 4244 2
2206 2848 2
2206 5304 2
2207 5064 2
2207 5695 2
2207 2966 2
2208 4303 2
2208 4144 2
2208 6252 2
2208 4560 2
2208 6177 2
2208 6003 2
2209 6272 2
2210 4797 2
2210 3901 2
2210 3881 2
2211 5339 2
2211 4829 2
2211 2397 2
2211 6548 2
2211 4434 2
2211 4579 2
2212 6227 2
2212 3230 2
2213 2714 2
2213 4789 2
2214 5777 2
2214 6364 2
2214 2556 2
2214 5398 2
2214 3280 2
2215 5173 2
2215 6558 2
2215 3861 2
2216 5256 2
2216 6380 2
2217 6547 2
2217 4755 2
2218 5395 2
2218 5118 2
2218 6221 2
2219 3216 2
2219 6113 2
2219 4894 2
2219 3879 2
2219 6878 2
2220 3754 2
2220 5791 2
2220 4563 2
2220 4325 2
2220 5531 2
2220 2481 2
2221 3602 2
2221 2981 2
2221 3039 2
2221 4746 2
2222 6189 2
2222 6274 2
2222 3083 2
2222 2775 2
2222 6372 2
2223 4659 2
2223 2587 2
2224 3832 2
2225 6245 2
2225 6314 2
2225 4575 2
2225 6074 2
2226 3756 2
2226 5011 2
2226 4095 2
2227 3674 2
2227 6490 2
2228 4408 2
2228 6471 2
2228 5891 2
2229 4002 2
2229 3617 2
2229 6186 2
2230 6584 2
2231 4658 2
2232 6171 2
2232 2257 2
2233 2954 2
2233 3525 2
2233 6379 2
2234 5119 2
2234 6683 2
2234 4300 2
2234 4978 2
2235 3736 2
2235 5086 2
2235 6211 2
2235 2975 2
2235 4746 2
2236 2504 2
2236 3181 2
2236 6225 2
2236 6102 2
2237 5582 2
2237 6724 2
2237 4192 2
2238 2636 2
2238 5201 2
2238 3917 2
2238 6325 2
2238 2515 2
2238 6715 2
2238 5120 2
2239 2981 2
2239 6432 2
2240 5017 2
2240 4014 2
2240 5185 2
2241 5319 2
2241 2672 2
2241 2626 2
2241 4913 2
2242 4226 2
2243 6263 2
2243 6135 2
2243 3621 2
2243 2296 2
2244 3850 2
2244 4889 2
2244 6101 2
2245 5586 2
2245 4188 2
2245 2588 2
2245 5437 2
2246 2954 2
2246 6492 2
2246 3576 2
2246 6291 2
2247 2469 2
2247 2536 2
2248 4531 2
2248 5075 2
2248 5263 2
2248 3548 2
2249 2723 2
2249 3958 2
2249 2853 2
2250 5153 2
2250 4332 2
2250 3311 2
2250 3947 2
2250 5936 2
2251 6947 2
2251 3580 2
2251 5405 2
2251 6163 2
2251 5384 2
2252 6692 2
2252 4985 2
2252 6047 2
2253 2928 2
2253 4219 2
2253 6607 2
2253 5109 2
2253 3596 2
2253 2868 2
2253 6366 2
2254 3202 2
2254 3347 2
2254 4811 2
2254 3629 2
2255 2941 2
2255 3594 2
2255 4758 2
2255 6393 2
2255 4689 2
2256 5665 2
2256 5864 2
2256 5244 2
2256 3943 2
2257 5760 2
2257 3592 2
2257 4391 2
2258 4263 2
2258 3602 2
2258 6371 2
2259 3671 2
2259 3967 2
2259 3608 2
2259 6498 2
2260 5698 2
2260 5032 2
2260 4610 2
2261 2952 2
2261 2567 2
2261 5842 2
2262 2926 2
2262 3730 2
2262 5702 2
2263 5023 2
2263 6611 2
2263 5394 2
2264 6255 2
2264 2767 2
2264 5990 2
2264 6979 2
2265 3139 2
2265 6305 2
2265 4163 2
2266 2307 2
2266 2912 2
2266 4164 2
2266 4801 2
2269 6367 2
2269 6159 2
2269 6748 2
2270 3703 2
2270 4454 2
2270 6139 2
2270 6849 2
2271 6081 2
2272 2387 2
2272 2823 2
2273 2494 2
2273 6348 2
2273 3738 2
2273 5610 2
2274 6132 2
2274 4808 2
2274 4770 2
2274 6592 2
2274 6535 2
2275 6493 2
2275 4437 2
2275 6844 2
2276 4585 2
2276 6543 2
2276 2622 2
2276 5782 2
2276 4311 2
2277 3850 2
2277 3877 2
2278 3515 2
2278 3394 2
2279 3951 2
2280 4235 2
2280 6660 2
2281 3909 2
2281 4756 2
2281 6148 2
2281 5741 2
2281 2616 2
2281 3899 2
2281 3288 2
2282 2851 2
2282 3218 2
2282 5758 2
2282 6510 2
2282 3197 2
2282 4768 2
2283 3200 2
2283 6046 2
2283 6698 2
2283 5440 2
2283 4752 2
2284 5144 2
2284 4689 2
2284 4948 2
2284 5288 2
2284 3729 2
2285 4678 2
2285 5212 2
2285 2912 2
2285 5992 2
2285 2355 2
2285 6738 2
2285 5301 2
2285 6094 2
2286 5657 2
2286 2711 2
2286 5396 2
2287 3897 2
2287 5733 2
2287 6415 2
2287 3775 2
2288 5895 2
2288 4286 2
2288 6792 2
2289 2971 2
2289 3337 2
2289 5187 2
2290 3793 2
2290 4540 2
2290 5570 2
2291 2362 2
2291 6299 2
2291 3131 2
2291 2448 2
2291 5417 2
2292 4634 2
2292 4460 2
2293 4183 2
2293 2353 2
2293 5510 2
2294 6969 2
2294 4225 2
2294 5646 2
2294 6922 2
2295 2783 2
2295 3162 2
2295 3719 2
2295 2894 2
2296 6993 2
2296 6660 2
2297 5039 2
2298 5061 2
2298 5996 2
2299 4573 2
2299 2584 2
2300 2984 2
2301 2320 2
2301 2861 2
2301 4115 2
2301 6041 2
2301 3340 2
2301 5031 2
2301 4746 2
2303 5698 2
2303 5224 2
2303 6123 2
2303 6612 2
2304 2468 2
2304 3510 2
2304 5967 2
2304 3950 2
2304 3138 2
2304 3604 2
2305 3718 2
2305 3045 2
2306 5397 2
2307 6355 2
2307 6153 2
2308 3556 2
2308 3172 2
2308 2754 2
2309 2970 2
2309 5177 2
2309 4884 2
2309 4166 2
2310 4610 2
2310 5701 2
2311 3028 2
2311 2684 2
2311 2936 2
2311 6280 2
2312 6603 2
2312 3891 2
2312 2978 2
2312 2821 2
2313 5290 2
2313 2942 2
2313 5237 2
2314 6670 2
2314 4794 2
2314 5247 2
2315 3387 2
2315 2554 2
2315 6631 2
2315 4807 2
2315 2536 2
2316 5382 2
2316 6345 2
2316 6754 2
2317 4282 2
2317 2867 2
2317 3774 2
2317 6496 2
2318 6371 2
2318 6867 2
2318 2825 2
2319 3296 2
2320 2619 2
2320 2862 2
2320 5435 2
2320 6466 2
2321 4325 2
2321 4071 2
2321 2570 2
2321 4650 2
2321 4063 2
2321 6176 2
2322 3706 2
2322 3428 2
2322 6180 2
2322 3403 2
2323 6075 2
2323 4991 2
2323 4728 2
2323 5656 2
2323 4766 2
2323 2802 2
2324 6146 2
2324 6584 2
2325 4795 2
2326 5792 2
2326 5960 2
2326 6121 2
2326 2976 2
2327 4952 2
2327 5011 2
2328 4989 2
2328 4422 2
2328 5521 2
2329 6222 2
2329 5035 2
2329 5078 2
2330 2383 2
2330 2919 2
2330 4688 2
2331 3523 2
2331 5805 2
2331 3262 2
2332 4833 2
2332 5661 2
2333 3498 2
2334 6388 2
2334 5609 2
2334 5236 2
2334 3737 2
2334 6083 2
2335 4619 2
2336 3113 2
2336 4103 2
2337 3471 2
2337 2396 2
2337 6597 2
2337 5097 2
2337 4704 2
2337 6577 2
2337 4105 2
2338 3760 2
2338 4461 2
2338 2644 2
2339 6698 2
2339 5253 2
2339 4747 2
2340 6088 2
2340 2897 2
2340 4272 2
2340 5049 2
2341 4345 2
2341 5899 2
2341 4106 2
2341 2611 2
2342 6013 2
2342 4634 2
2343 6560 2
2343 3945 2
2343 6531 2
2344 5615 2
2344 6701 2
2344 5045 2
2344 4285 2
2344 5469 2
2344 6653 2
2344 6915 2
2345 5741 2
2345 2492 2
2346 6795 2
2346 6159 2
2346 4477 2
2346 5567 2
2347 4047 2
2347 6707 2
2347 2704 2
2348 3315 2
2349 6850 2
2349 6688 2
2349 3341 2
2349 6044 2
2350 2547 2
2350 2738 2
2350 4656 2
2350 2971 2
2350 3437 2
2351 2362 2
2352 3353 2
2352 4525 2
2352 3416 2
2352 4845 2
2352 4625 2
2353 4169 2
2353 4976 2
2353 2742 2
2353 2775 2
2354 4933 2
2354 3005 2
2355 4797 2
2355 3535 2
2356 3775 2
2356 3343 2
2356 6775 2
2357 5072 2
2357 3042 2
2358 6647 2
2359 2561 2
2359 3558 2
2359 3037 2
2359 4354 2
2359 4047 2
2360 4322 2
2360 3191 2
2360 3065 2
2360 6370 2
2361 5166 2
2361 3092 2
2362 5355 2
2362 4277 2
2362 3870 2
2362 6995 2
2363 5281 2
2363 5143 2
2363 5391 2
2363 5964 2
2364 4834 2
2364 3943 2
2364 6060 2
2364 3303 2
2364 4562 2
2364 4720 2
2365 5699 2
2365 5510 2
2366 2683 2
2366 3971 2
2366 3149 2
2367 4701 2
2367 6028 2
2367 6952 2
2368 3535 2
2368 5265 2
2368 6993 2
2368 6090 2
2369 6148 2
2369 5781 2
2370 4672 2
2370 5108 2
2370 4705 2
2370 6341 2
2370 2565 2
2370 2810 2
2371 4344 2
2371 3275 2
2371 3067 2
2371 3242 2
2372 5688 2
2372 5188 2
2372 5768 2
2373 6783 2
2373 5071 2
2374 5709 2
2374 6813 2
2374 4592 2
2374 6366 2
2374 4852 2
2375 3456 2
2376 4745 2
2376 6691 2
2376 3928 2
2376 3684 2
2376 3698 2
2377 4333 2
2377 5258 2
2377 2393 2
2377 6168 2
2378 5962 2
2378 3007 2
2378 5071 2
2378 5441 2
2378 6090 2
2378 3056 2
2379 6217 2
2379 2740 2
2379 3455 2
2379 3591 2
2379 3133 2
2379 6650 2
2380 6918 2
2380 5973 2
2380 4453 2
2380 3911 2
2380 2984 2
2380 4178 2
2381 3811 2
2381 6065 2
2381 4838 2
2381 4810 2
2382 4943 2
2382 3930 2
2382 6138 2
2383 4683 2
2383 5674 2
2383 2463 2
2383 6134 2
2383 4571 2
2383 5251 2
2384 2437 2
2384 4075 2
2384 2671 2
2385 4129 2
2385 6773 2
2385 5082 2
2386 4891 2
2386 2854 2
2388 4988 2
2389 6340 2
2389 5335 2
2389 6452 2
2390 5894 2
2390 5155 2
2390 5592 2
2390 6760 2
2390 5192 2
2390 2897 2
2390 4766 2
2391 3979 2
2391 3387 2
2391 4847 2
2391 4908 2
2392 6501 2
2392 4003 2
2392 5238 2
2392 3133 2
2393 6390 2
2393 6005 2
2393 3334 2
2394 5745 2
2394 4773 2
2394 5725 2
2395 5401 2
2395 2870 2
2395 3285 2
2395 6762 2
2395 3486 2
2396 4281 2
2396 3247 2
2396 6056 2
2396 3303 2
2397 6943 2
2397 6193 2
2398 6397 2
2398 5962 2
2398 6156 2
2398 5214 2
2399 3303 2
2399 3872 2
2399 5167 2
2399 3168 2
2399 6308 2
2399 5363 2
2400 3338 2
2400 3974 2
2400 5726 2
2401 3380 2
2401 5878 2
2401 5056 2
2401 2936 2
2401 2616 2
2401 5891 2
2401 4055 2
2402 6403 2
2402 6934 2
2402 5510 2
2403 3545 2
2404 4809 2
2405 6022 2
2405 2467 2
2405 2460 2
2406 2815 2
2406 2494 2
2406 5052 2
2406 4216 2
2407 4569 2
2407 6938 2
2407 6475 2
2407 3875 2
2407 6479 2
2408 4421 2
2408 5419 2
2408 6944 2
2408 6873 2
2408 4615 2
2408 3483 2
2409 6236 2
2409 3848 2
2409 5817 2
2409 3314 2
2410 5436 2
2410 3612 2
2411 4538 2
2412 5125 2
2412 5560 2
2412 5386 2
2412 4406 2
2412 5173 2
2413 3160 2
2413 2947 2
2413 6660 2
2414 5280 2
2414 5618 2
2415 3982 2
2415 5958 2
2415 6283 2
2415 5977 2
2415 4913 2
2416 4873 2
2416 4384 2
2416 6279 2
2417 2455 2
2417 4015 2
2417 3738 2
2418 3889 2
2418 2962 2
2418 6974 2
2418 5645 2
2419 3864 2
2419 3865 2
2420 5062 2
2420 5240 2
2421 3298 2
2421 5497 2
2422 6987 2
2422 5367 2
2422 2665 2
2422 3362 2
2423 3939 2
2423 6454 2
2423 4856 2
2423 2927 2
2423 6573 2
2423 4402 2
2423 5539 2
2424 4576 2
2424 3296 2
2425 2864 2
2425 5261 2
2425 4813 2
2425 5233 2
2425 4462 2
2426 3718 2
2426 4641 2
2426 2864 2
2427 4167 2
2427 6685 2
2428 4745 2
2428 3349 2
2428 6614 2
2428 4763 2
2429 2571 2
2429 6891 2
2429 3096 2
2429 3264 2
2429 4855 2
2429 5308 2
2429 3356 2
2429 6642 2
2430 2975 2
2431 3322 2
2432 6971 2
2432 6752 2
2433 6200 2
2433 4497 2
2433 6929 2
2434 6882 2
2434 6138 2
2434 2609 2
2434 3054 2
2434 6831 2
2434 2588 2
2435 6612 2
2435 4107 2
2436 6059 2
2436 3379 2
2437 3709 2
2437 4757 2
2437 6112 2
2437 3851 2
2437 6048 2
2438 3296 2
2438 4406 2
2438 5746 2
2439 4284 2
2439 4289 2
2439 6124 2
2439 4443 2
2440 4887 2
2440 3698 2
2440 6738 2
2440 5479 2
2440 5721 2
2440 4426 2
2441 3013 2
2441 5456 2
2442 3113 2
2442 3830 2
2442 6060 2
2442 6090 2
2442 3744 2
2442 6102 2
2443 5058 2
2443 5323 2
2444 2481 2
2444 3618 2
2444 6462 2
2444 5646 2
2445 6902 2
2445 3857 2
2445 6841 2
2446 3869 2
2446 2935 2
2446 6931 2
2447 4923 2
2447 6171 2
2448 4007 2
2449 6003 2
2449 6050 2
2450 6777 2
2450 4032 2
2450 4105 2
2451 5262 2
2451 2862 2
2452 6930 2
2452 5642 2
2452 2890 2
2452 3292 2
2453 6368 2
2453 5632 2
2453 6112 2
2453 3231 2
2454 6590 2
2454 6082 2
2455 6117 2
2455 6801 2
2456 3920 2
2456 6379 2
2456 4592 2
2456 5736 2
2456 3997 2
2458 5953 2
2458 6681 2
2458 5083 2
2458 3518 2
2459 6513 2
2459 3418 2
2459 4054 2
2459 5324 2
2459 2827 2
2460 4258 2
2460 6833 2
2460 3291 2
2461 5639 2
2462 2890 2
2462 3699 2
2462 5462 2
2462 3199 2
2463 5078 2
2463 4529 2
2463 4877 2
2463 6370 2
2464 5720 2
2464 4575 2
2465 6907 2
2465 3800 2
2465 3411 2
2466 4816 2
2466 3103 2
2466 5748 2
2466 6103 2
2467 5423 2
2467 6117 2
2468 3242 2
2468 3747 2
2469 4403 2
2470 2692 2
2470 2471 2
2471 3494 2
2471 3142 2
2471 2843 2
2471 6120 2
2472 6653 2
2472 6410 2
2473 3264 2
2473 3915 2
2473 4791 2
2474 6773 2
2474 3527 2
2474 6833 2
2475 6597 2
2475 6833 2
2475 6578 2
2476 6480 2
2476 4663 2
2476 6574 2
2477 5056 2
2477 4818 2
2478 5448 2
2478 4905 2
2478 2745 2
2478 5575 2
2479 3780 2
2479 3295 2
2479 3966 2
2481 4300 2
2481 4176 2
2482 6258 2
2482 5986 2
2482 6355 2
2482 6672 2
2482 2834 2
2482 6948 2
2483 5516 2
2483 4671 2
2483 5210 2
2483 5313 2
2483 3908 2
2484 5998 2
2484 3482 2
2484 3182 2
2484 4368 2
2484 3706 2
2484 2881 2
2485 6045 2
2486 4805 2
2486 4848 2
2487 4731 2
2488 3991 2
2488 4020 2
2488 6602 2
2488 2582 2
2488 6508 2
2488 4216 2
2488 4281 2
2489 6541 2
2489 3772 2
2489 4733 2
2490 3151 2
2490 5301 2
2491 6787 2
2491 5988 2
2491 3375 2
2491 3731 2
2491 3251 2
2491 2707 2
2492 6578 2
2493 3605 2
2493 5222 2
2493 4643 2
2493 2849 2
2493 3613 2
2493 5180 2
2494 5428 2
2494 3493 2
2495 2655 2
2495 4727 2
2495 6938 2
2495 4553 2
2496 6159 2
2496 2885 2
2496 2611 2
2496 6721 2
2497 5806 2
2497 5565 2
2497 5441 2
2498 3103 2
2498 6517 2
2498 5448 2
2499 2675 2
2499 4655 2
2499 4298 2
2499 5664 2
2500 6034 2
2501 3037 2
2501 6585 2
2501 6446 2
2502 4118 2
2502 5747 2
2503 2960 2
2503 6190 2
2504 3931 2
2504 4049 2
2504 6325 2
2505 6375 2
2506 2768 2
2506 3582 2
2506 5131 2
2506 4000 2
2507 5227 2
2507 4132 2
2507 3441 2
2507 5959 2
2507 4802 2
2508 6859 2
2508 3169 2
2508 5089 2
2509 5503 2
2509 4485 2
2510 5230 2
2510 3460 2
2511 3804 2
2511 6421 2
2511 4901 2
2512 6317 2
2512 5920 2
2512 6937 2
2512 2964 2
2512 5865 2
2512 5500 2
2512 3840 2
2512 4570 2
2513 6337 2
2513 6287 2
2513 4771 2
2514 6961 2
2514 5589 2
2514 3075 2
2515 4321 2
2515 4239 2
2515 5887 2
2515 6840 2
2516 6172 2
2516 2550 2
2516 3385 2
2517 5566 2
2517 6366 2
2517 4996 2
2517 6394 2
2517 5841 2
2517 5073 2
2518 6912 2
2518 5973 2
2518 5719 2
2519 4812 2
2519 3015 2
2519 6205 2
2519 5523 2
2519 5361 2
2519 5310 2
2519 4878 2
2519 3630 2
2519 4176 2
2520 2789 2
2520 4542 2
2520 3243 2
2520 6047 2
2520 2550 2
2520 5995 2
2521 4671 2
2521 5246 2
2522 3674 2
2522 5905 2
2522 5476 2
2523 5858 2
2523 5550 2
2523 4886 2
2523 3198 2
2523 4753 2
2524 6806 2
2524 6587 2
2524 5541 2
2524 3094 2
2525 4396 2
2525 3239 2
2525 6742 2
2525 6658 2
2526 5991 2
2527 3638 2
2527 6967 2
2527 4051 2
2527 4691 2
2528 3011 2
2528 4278 2
2528 3144 2
2529 3758 2
2529 4546 2
2530 2882 2
2530 5059 2
2530 5033 2
2531 5056 2
2531 5530 2
2532 4118 2
2532 6474 2
2533 3667 2
2533 3793 2
2534 4228 2
2534 3157 2
2534 5774 2
2534 4679 2
2534 2880 2
2534 4131 2
2534 4657 2
2535 3747 2
2535 5025 2
2535 3947 2
2536 4896 2
2536 6632 2
2537 3407 2
2537 6270 2
2537 6007 2
2537 4314 2
2537 4062 2
2538 3350 2
2538 4170 2
2538 4890 2
2538 4142 2
2539 6717 2
2539 4069 2
2539 4922 2
2539 5722 2
2539 5961 2
2539 3501 2
2540 3235 2
2540 4906 2
2540 6879 2
2540 5795 2
2540 5478 2
2542 6687 2
2542 5532 2
2542 4735 2
2542 4005 2
2543 5187 2
2543 6355 2
2545 3869 2
2545 2804 2
2545 2641 2
2545 5662 2
2545 3011 2
2546 5334 2
2546 6813 2
2546 3302 2
2546 4613 2
2546 6093 2
2547 2705 2
2547 3198 2
2547 6808 2
2548 3588 2
2549 5975 2
2549 3498 2
2549 6658 2
2549 4401 2
2549 5350 2
2550 3451 2
2551 6517 2
2551 5400 2
2552 3350 2
2552 5539 2
2552 3992 2
2552 6153 2
2553 6873 2
2553 4746 2
2553 6610 2
2553 5301 2
2553 3762 2
2554 3371 2
2554 6501 2
2554 5700 2
2555 4483 2
2555 5865 2
2555 4835 2
2555 2739 2
2556 5474 2
2557 3231 2
2558 5599 2
2558 3597 2
2558 5006 2
2558 3561 2
2558 5537 2
2558 3458 2
2559 3055 2
2559 5593 2
2559 2585 2
2560 3320 2
2560 4868 2
2561 6854 2
2561 2697 2
2562 4827 2
2562 5424 2
2562 4636 2
2563 5153 2
2563 3050 2
2563 5124 2
2563 2654 2
2564 5449 2
2564 6528 2
2564 2592 2
2565 5713 2
2565 2707 2
2565 5938 2
2565 4379 2
2566 5499 2
2566 5545 2
2567 6935 2
2567 3683 2
2568 3747 2
2568 3738 2
2568 4697 2
2568 2669 2
2569 6718 2
2569 4110 2
2569 3312 2
2569 3837 2
2570 6808 2
2571 3478 2
2572 4918 2
2572 5921 2
2572 5450 2
2572 5771 2
2572 4216 2
2573 6175 2
2574 5563 2
2574 4979 2
2574 3547 2
2574 3038 2
2574 4717 2
2575 4491 2
2575 4561 2
2576 4416 2
2576 5350 2
2576 6975 2
2576 3612 2
2577 3334 2
2577 3627 2
2578 6784 2
2578 5770 2
2579 5698 2
2579 3139 2
2580 5294 2
2581 5125 2
2581 2823 2
2581 4902 2
2582 4782 2
2582 6580 2
2582 3263 2
2583 4463 2
2584 6805 2
2584 3557 2
2584 5468 2
2584 4215 2
2585 6923 2
2585 6692 2
2585 5711 2
2585 2626 2
2586 5788 2
2586 6196 2
2586 6552 2
2587 6764 2
2587 5174 2
2587 6922 2
2587 2775 2
2588 3779 2
2589 4310 2
2589 3688 2
2590 5561 2
2590 3295 2
2590 2817 2
2591 4699 2
2591 4442 2
2591 5517 2
2591 4890 2
2592 5858 2
2592 5224 2
2592 2725 2
2592 4843 2
2592 3984 2
2592 4957 2
2593 3095 2
2593 2660 2
2594 6869 2
2594 4049 2
2594 5836 2
2595 4222 2
2595 6600 2
2595 5825 2
2596 4849 2
2596 5760 2
2597 4129 2
2597 4418 2
2598 4516 2
2598 3208 2
2598 2809 2
2598 3302 2
2599 2656 2
2599 4333 2
2600 2681 2
2601 3841 2
2602 6988 2
2603 5016 2
2603 3248 2
2604 5408 2
2605 4535 2
2606 3890 2
2606 5404 2
2606 5675 2
2607 4131 2
2608 3360 2
2608 5017 2
2608 5125 2
2609 2757 2
2610 3874 2
2610 4372 2
2610 5723 2
2611 5699 2
2611 5588 2
2611 6848 2
2612 4197 2
2612 4671 2
2612 3238 2
2614 3107 2
2614 2773 2
2614 4140 2
2614 6935 2
2615 3934 2
2615 6080 2
2615 5235 2
2616 3461 2
2616 4650 2
2618 3380 2
2618 6808 2
2619 5048 2
2619 6320 2
2620 3962 2
2620 4366 2
2620 5692 2
2620 6523 2
2621 6376 2
2622 3524 2
2622 6779 2
2622 5170 2
2624 3228 2
2624 4923 2
2624 4061 2
2624 6446 2
2625 3646 2
2625 6299 2
2625 4490 2
2625 4351 2
2626 3623 2
2626 4615 2
2626 6839 2
2626 6653 2
2627 4299 2
2627 5859 2
2628 6384 2
2628 5640 2
2628 5284 2
2628 2901 2
2628 4350 2
2629 3162 2
2630 6770 2
2630 4424 2
2630 4854 2
2630 3263 2
2630 6508 2
2630 4894 2
2631 4677 2
2631 6853 2
2631 6107 2
2631 5720 2
2632 4730 2
2632 4392 2
2632 2666 2
2632 5083 2
2632 5348 2
2633 4391 2
2633 3743 2
2634 4919 2
2635 3125 2
2635 5782 2
2635 6467 2
2635 5269 2
2636 4843 2
2636 5519 2
2636 3585 2
2637 4214 2
2637 4461 2
2637 4477 2
2637 2822 2
2638 3550 2
2638 5215 2
2638 4222 2
2639 2643 2
2639 6906 2
2639 4658 2
2639 6999 2
2640 4113 2
2640 4464 2
2640 3584 2
2641 6609 2
2641 4071 2
2642 6335 2
2642 3616 2
2643 6887 2
2644 4776 2
2644 4813 2
2645 5702 2
2645 6395 2
2645 3951 2
2646 4971 2
2646 6929 2
2646 3162 2
2647 3319 2
2647 6213 2
2647 5297 2
2647 6171 2
2648 3681 2
2649 5960 2
2650 6575 2
2651 4909 2
2651 6079 2
2652 4837 2
2652 5957 2
2652 3254 2
2653 6323 2
2654 5698 2
2655 4918 2
2655 6088 2
2655 4139 2
2655 3475 2
2655 4566 2
2656 5005 2
2656 3737 2
2656 3946 2
2657 3465 2
2657 6663 2
2657 2995 2
2658 6405 2
2659 5612 2
2660 4630 2
2660 6106 2
2660 3928 2
2660 2673 2
2661 6459 2
2661 5799 2
2661 4325 2
2662 2982 2
2662 4720 2
2663 4763 2
2663 5244 2
2664 6084 2
2665 6780 2
2666 3341 2
2666 6079 2
2666 6391 2
2667 4760 2
2667 3141 2
2668 3093 2
2668 2954 2
2668 4752 2
2668 2846 2
2668 3044 2
2669 5547 2
2669 6506 2
2669 6940 2
2670 5485 2
2670 4305 2
2671 6658 2
2671 3581 2
2671 5535 2
2672 3789 2
2672 2921 2
2672 5887 2
2673 3513 2
2673 3105 2
2673 6219 2
2674 2985 2
2675 4983 2
2675 5218 2
2676 6851 2
2676 4183 2
2676 6794 2
2676 3622 2
2677 6907 2
2677 4716 2
2678 3774 2
2678 3860 2
2678 3796 2
2680 4505 2
2681 4480 2
2682 2874 2
2682 5407 2
2682 3428 2
2683 3836 2
2683 6908 2
2683 5002 2
2684 6910 2
2684 3268 2
2684 4113 2
2684 4852 2
2684 3323 2
2685 6698 2
2686 6437 2
2686 6591 2
2686 6923 2
2687 5438 2
2687 5021 2
2688 4368 2
2688 6596 2
2689 5051 2
2689 3137 2
2689 4287 2
2689 4304 2
2689 3284 2
2690 5269 2
2690 4935 2
2691 5208 2
2691 4869 2
2691 4594 2
2692 6016 2
2692 4466 2
2692 5824 2
2692 6579 2
2693 3966 2
2693 4262 2
2693 4957 2
2693 5056 2
2694 6746 2
2694 3794 2
2694 3454 2
2694 4449 2
2696 6038 2
2696 3290 2
2696 6539 2
2696 3491 2
2696 5026 2
2696 5696 2
2696 4028 2
2697 5315 2
2697 3226 2
2697 4398 2
2697 6665 2
2698 4647 2
2698 6740 2
2698 6641 2
2699 4242 2
2699 3607 2
2699 4507 2
2699 6854 2
2700 2936 2
2700 5737 2
2701 5321 2
2701 3316 2
2701 4691 2
2701 5342 2
2701 6639 2
2702 6425 2
2703 6176 2
2703 4292 2
2703 5749 2
2704 3634 2
2704 4753 2
2704 6680 2
2704 6646 2
2704 5524 2
2705 5509 2
2705 5051 2
2705 6447 2
2706 3708 2
2706 3829 2
2706 6548 2
2706 5573 2
2706 2890 2
2706 5855 2
2707 3153 2
2707 2758 2
2707 4930 2
2708 3124 2
2708 6523 2
2708 5861 2
2709 6074 2
2709 3610 2
2709 4425 2
2710 6418 2
2710 6331 2
2711 5558 2
2712 3011 2
2712 5406 2
2712 5086 2
2713 5450 2
2714 3480 2
2714 3706 2
2714 6916 2
2715 2939 2
2715 3551 2
2715 4140 2
2715 4798 2
2716 5787 2
2716 6393 2
2716 6489 2
2716 5294 2
2717 5683 2
2717 2905 2
2717 3748 2
2717 6964 2
2717 6304 2
2717 6364 2
2718 4796 2
2719 3087 2
2719 5540 2
2719 4394 2
2719 3756 2
2719 4675 2
2720 4331 2
2720 6292 2
2720 5610 2
2721 5197 2
2721 4631 2
2721 2948 2
2722 5999 2
2722 5793 2
2723 5877 2
2723 5343 2
2724 2883 2
2724 4243 2
2725 2916 2
2725 6459 2
2725 5685 2
2725 5433 2
2725 2885 2
2726 4999 2
2726 5157 2
2726 6349 2
2727 6273 2
2727 4331 2
2728 4309 2
2728 4235 2
2728 4454 2
2728 5343 2
2728 4537 2
2728 3438 2
2729 6280 2
2729 3226 2
2729 2837 2
2730 3018 2
2731 4864 2
2731 6119 2
2731 6900 2
2731 6996 2
2731 5892 2
2731 5272 2
2731 5936 2
2732 3250 2
2732 6195 2
2733 4090 2
2734 6099 2
2734 3213 2
2734 3719 2
2734 5811 2
2734 6056 2
2734 5662 2
2735 2867 2
2735 4875 2
2735 5260 2
2735 5566 2
2737 4742 2
2737 4821 2
2738 5531 2
2738 4740 2
2738 4501 2
2739 6129 2
2739 4535 2
2739 4197 2
2739 3218 2
2739 3745 2
2740 5253 2
2740 5890 2
2740 5036 2
2740 3762 2
2741 3915 2
2741 3179 2
2742 5086 2
2742 3738 2
2742 5822 2
2742 6007 2
2743 4917 2
2743 6372 2
2744 4290 2
2744 6286 2
2744 6487 2
2745 6528 2
2745 4842 2
2746 4223 2
2746 4521 2
2746 3116 2
2747 2912 2
2747 3824 2
2748 4419 2
2748 3651 2
2749 3372 2
2749 5944 2
2749 3811 2
2750 6225 2
2750 3813 2
2750 5459 2
2750 5494 2
2751 4806 2
2752 5461 2
2752 5672 2
2752 4323 2
2753 4533 2
2753 6955 2
2753 2860 2
2753 5412 2
2754 4123 2
2754 3739 2
2754 3120 2
2755 5260 2
2755 3389 2
2756 4539 2
2757 5611 2
2757 3578 2
2757 5221 2
2757 4834 2
2758 3658 2
2758 3303 2
2759 6906 2
2759 4047 2
2759 3082 2
2760 2904 2
2761 5610 2
2761 5001 2
2761 6961 2
2761 4976 2
2761 5704 2
2761 6471 2
2762 3192 2
2762 4565 2
2762 5804 2
2762 5456 2
2763 5751 2
2764 3706 2
2765 4434 2
2765 6010 2
2765 4541 2
2765 4217 2
2765 3140 2
2765 5208 2
2766 4131 2
2766 2791 2
2767 4878 2
2767 5872 2
2768 3841 2
2768 5648 2
2768 5861 2
2769 5115 2
2769 5771 2
2770 4177 2
2770 3735 2
2770 5492 2
2770 4986 2
2771 3714 2
2771 3570 2
2771 5744 2
2772 6592 2
2772 4106 2
2772 6149 2
2773 4118 2
2774 3232 2
2774 3695 2
2774 5941 2
2775 6824 2
2775 6848 2
2775 4167 2
2775 2979 2
2776 5091 2
2776 5759 2
2776 3533 2
2777 4965 2
2777 3758 2
2777 5233 2
2778 5602 2
2778 5509 2
2778 4529 2
2778 3047 2
2779 5274 2
2779 4987 2
2779 5739 2
2779 3501 2
2779 4985 2
2780 3185 2
2780 5839 2
2781 3065 2
2782 5482 2
2782 6967 2
2782 4381 2
2783 4260 2
2783 2839 2
2783 3855 2
2784 5469 2
2784 6281 2
2784 5282 2
2784 6423 2
2784 3581 2
2784 6482 2
2785 5437 2
2785 3436 2
2785 4903 2
2787 5631 2
2787 2835 2
2788 6227 2
2788 5853 2
2789 4871 2
2789 5939 2
2789 6660 2
2789 6784 2
2789 4560 2
2790 4766 2
2791 3539 2
2791 4004 2
2791 6161 2
2791 5670 2
2791 3839 2
2791 6252 2
2791 6359 2
2791 3490 2
2791 6026 2
2792 3376 2
2792 2883 2
2792 6719 2
2792 6500 2
2793 6256 2
2793 3610 2
2794 3701 2
2795 6032 2
2795 3081 2
2795 5405 2
2795 6584 2
2795 4368 2
2796 4648 2
2796 2931 2
2796 6861 2
2796 5850 2
2797 2977 2
2797 5703 2
2797 6127 2
2797 2801 2
2798 3801 2
2798 6771 2
2798 5814 2
2799 5296 2
2799 3646 2
2800 5317 2
2800 6506 2
2801 4880 2
2802 3878 2
2802 6498 2
2802 6631 2
2803 6396 2
2803 3695 2
2804 3378 2
2804 5510 2
2804 3851 2
2804 3097 2
2804 5699 2
2805 3742 2
2806 5000 2
2807 5180 2
2807 5524 2
2808 4506 2
2808 3394 2
2808 4000 2
2809 2866 2
2809 5818 2
2810 4618 2
2810 4327 2
2810 4820 2
2810 6085 2
2810 5823 2
2811 3885 2
2811 4072 2
2811 4293 2
2812 5641 2
2812 5001 2
2812 2952 2
2812 2844 2
2813 6338 2
2813 5813 2
2813 6609 2
2814 5431 2
2814 4702 2
2814 4221 2
2814 3140 2
2815 5818 2
2815 6072 2
2815 4246 2
2815 4763 2
2815 3908 2
2815 2914 2
2816 5690 2
2816 5082 2
2816 4624 2
2817 6161 2
2817 5856 2
2817 3213 2
2817 6659 2
2817 3668 2
2817 6005 2
2818 2922 2
2818 5085 2
2818 5376 2
2819 4542 2
2819 5889 2
2820 2831 2
2821 4430 2
2822 4326 2
2822 5657 2
2822 3742 2
2823 4178 2
2823 5090 2
2823 5310 2
2823 5228 2
2824 4277 2
2824 4933 2
2824 6325 2
2825 3638 2
2825 4045 2
2826 5057 2
2826 5378 2
2826 6890 2
2826 4211 2
2826 4802 2
2827 4386 2
2827 3189 2
2828 2981 2
2828 3952 2
2828 3755 2
2828 2938 2
2828 5686 2
2828 5711 2
2828 4856 2
2828 6923 2
2829 3139 2
2829 3354 2
2829 4315 2
2829 4854 2
2830 5641 2
2830 5403 2
2830 4475 2
2831 4262 2
2831 3959 2
2832 4267 2
2832 4679 2
2833 2869 2
2833 4415 2
2834 3683 2
2834 6896 2
2835 4601 2
2836 4328 2
2836 6885 2
2836 4339 2
2836 3105 2
2837 5011 2
2837 4027 2
2838 4501 2
2838 6444 2
2838 4107 2
2838 6767 2
2839 6834 2
2839 3122 2
2839 3525 2
2839 3104 2
2839 6551 2
2840 3350 2
2840 6495 2
2840 6487 2
2840 5800 2
2841 5119 2
2841 6047 2
2841 6726 2
2841 3473 2
2842 6767 2
2842 3530 2
2842 3359 2
2842 5146 2
2842 4652 2
2843 5938 2
2843 4465 2
2843 5895 2
2844 4823 2
2845 3070 2
2845 5479 2
2845 5957 2
2845 4157 2
2845 6641 2
2845 6593 2
2847 6103 2
2847 3344 2
2848 5676 2
2848 6673 2
2849 6644 2
2849 5330 2
2849 2879 2
2849 4613 2
2849 3412 2
2850 4495 2
2851 3978 2
2852 6385 2
2852 4815 2
2853 3760 2
2855 6822 2
2855 6973 2
2855 4628 2
2855 3386 2
2856 3804 2
2856 4420 2
2856 6234 2
2856 3111 2
2857 4897 2
2857 3841 2
2857 6740 2
2857 3215 2
2857 3895 2
2858 5380 2
2858 6878 2
2858 4612 2
2858 3327 2
2858 5749 2
2859 5361 2
2859 6707 2
2859 3447 2
2860 6710 2
2860 4477 2
2860 4746 2
2860 3792 2
2862 5418 2
2863 5446 2
2864 6587 2
2864 3287 2
2864 5207 2
2865 5716 2
2865 3228 2
2865 3416 2
2866 3075 2
2866 3950 2
2868 5399 2
2869 3053 2
2869 5739 2
2870 3352 2
2870 4278 2
2870 6449 2
2871 4318 2
2871 6119 2
2871 6479 2
2871 4064 2
2871 5047 2
2871 5354 2
2872 6221 2
2872 5213 2
2872 6947 2
2872 5424 2
2873 6080 2
2873 6220 2
2874 3487 2
2874 5389 2
2874 3812 2
2874 6304 2
2874 3146 2
2875 4650 2
2875 6991 2
2875 3001 2
2876 6969 2
2876 6449 2
2876 5420 2
2876 5446 2
2876 4553 2
2877 5178 2
2877 3166 2
2877 4453 2
2877 4020 2
2877 6246 2
2880 6812 2
2880 5785 2
2880 5267 2
2880 3896 2
2880 4911 2
2881 4282 2
2881 3911 2
2881 5400 2
2883 3664 2
2883 5336 2
2883 4232 2
2883 3267 2
2883 5548 2
2883 3143 2
2884 3822 2
2884 3778 2
2885 5528 2
2885 5802 2
2885 5339 2
2886 6203 2
2887 6079 2
2887 3765 2
2887 4483 2
2887 3827 2
2887 4077 2
2888 4536 2
2888 5387 2
2888 6643 2
2889 3183 2
2889 3155 2
2889 6601 2
2890 5793 2
2890 3979 2
2890 6035 2
2890 6455 2
2891 4980 2
2891 5808 2
2892 6951 2
2893 4986 2
2893 5184 2
2894 6028 2
2894 5789 2
2894 6899 2
2894 4239 2
2894 3390 2
2894 3704 2
2895 3661 2
2896 5253 2
2896 6211 2
2896 3069 2
2896 4914 2
2897 3357 2
2897 5998 2
2897 3485 2
2898 6800 2
2898 3645 2
2898 3565 2
2898 6445 2
2899 3243 2
2899 4080 2
2900 6347 2
2900 3532 2
2900 3880 2
2901 6836 2
2901 6242 2
2901 6239 2
2901 6225 2
2901 5847 2
2901 5773 2
2902 5595 2
2902 3319 2
2902 6573 2
2902 6043 2
2902 6874 2
2904 5630 2
2904 5339 2
2904 6466 2
2904 3132 2
2905 3844 2
2905 5329 2
2906 5678 2
2906 3095 2
2906 5406 2
2906 3108 2
2907 5172 2
2907 6783 2
2907 4389 2
2907 6580 2
2907 5935 2
2907 5449 2
2908 3242 2
2908 3366 2
2908 6986 2
2908 3020 2
2908 4929 2
2909 4951 2
2910 6625 2
2910 6407 2
2911 5334 2
2911 4835 2
2911 6528 2
2911 5666 2
2911 4538 2
2913 6910 2
2913 3901 2
2914 6782 2
2914 3175 2
2914 5462 2
2914 3453 2
2914 3179 2
2915 4760 2
2916 4860 2
2916 6021 2
2916 5345 2
2916 4126 2
2917 6339 2
2917 6625 2
2917 6694 2
2917 6456 2
2918 5179 2
2919 4196 2
2919 3085 2
2920 2971 2
2920 5691 2
2920 5499 2
2921 3978 2
2924 6742 2
2924 2962 2
2925 3659 2
2925 5717 2
2925 5721 2
2925 4364 2
2926 4898 2
2926 6382 2
2926 4703 2
2926 6668 2
2927 3161 2
2927 5818 2
2928 6445 2
2928 3936 2
2928 6219 2
2928 6762 2
2928 3527 2
2928 5490 2
2928 4498 2
2928 4260 2
2929 5231 2
2929 5720 2
2931 3220 2
2931 4848 2
2932 4232 2
2932 6086 2
2932 3608 2
2933 3573 2
2933 4483 2
2934 5823 2
2934 5154 2
2935 6402 2
2935 4182 2
2935 5979 2
2936 6939 2
2936 3291 2
2936 5739 2
2936 6560 2
2937 6033 2
2937 6897 2
2937 3077 2
2938 5991 2
2938 4480 2
2938 6988 2
2938 3361 2
2939 3142 2
2939 4786 2
2940 4254 2
2940 4089 2
2941 6286 2
2941 3812 2
2942 3394 2
2942 3656 2
2942 5615 2
2943 5284 2
2943 5482 2
2944 4951 2
2945 5755 2
2947 5929 2
2947 4041 2
2947 5728 2
2947 4344 2
2947 3352 2
2947 4849 2
2947 3194 2
2948 4282 2
2948 5652 2
2948 5278 2
2948 5761 2
2949 5171 2
2949 3654 2
2949 3022 2
2950 5128 2
2951 5760 2
2951 3910 2
2951 3007 2
2952 5726 2
2952 6107 2
2952 4478 2
2952 4340 2
2952 6999 2
2953 3655 2
2954 5623 2
2954 6652 2
2955 5621 2
2955 6327 2
2955 5937 2
2957 4619 2
2957 4965 2
2957 5173 2
2957 6856 2
2957 6755 2
2957 5092 2
2958 5599 2
2958 3890 2
2958 4418 2
2958 3781 2
2958 4805 2
2958 6579 2
2959 4664 2
2959 6341 2
2959 6978 2
2959 6652 2
2959 4208 2
2960 3436 2
2960 3421 2
2960 5343 2
2960 3824 2
2961 4256 2
2961 4948 2
2961 4670 2
2962 3539 2
2962 3091 2
2962 6976 2
2962 6937 2
2962 3922 2
2963 3925 2
2963 3072 2
2963 4654 2
2963 4065 2
2963 3200 2
2963 6363 2
2965 6936 2
2965 6648 2
2966 3253 2
2967 4920 2
2967 4029 2
2968 6583 2
2968 6179 2
2969 5853 2
2969 6991 2
2969 5719 2
2969 3182 2
2969 4511 2
2970 4544 2
2970 6955 2
2970 4447 2
2970 4331 2
2970 3458 2
2970 4846 2
2971 6311 2
2971 4195 2
2971 4079 2
2971 6130 2
2971 3630 2
2972 3309 2
2972 5713 2
2973 6844 2
2973 6338 2
2973 5441 2
2974 4674 2
2974 6205 2
2974 6686 2
2974 5955 2
2974 5291 2
2974 4967 2
2974 5963 2
2975 3691 2
2975 5001 2
2976 6255 2
2976 6677 2
2977 5755 2
2977 3191 2
2977 6604 2
2977 5870 2
2978 4189 2
2978 6340 2
2978 5777 2
2978 6367 2
2979 5182 2
2979 3610 2
2981 5355 2
2981 3834 2
2981 3147 2
2982 4895 2
2982 4053 2
2982 3043 2
2983 6519 2
2983 3794 2
2983 5410 2
2984 4334 2
2984 4458 2
2984 3221 2
2984 3242 2
2984 3675 2
2984 5538 2
2985 5612 2
2985 5153 2
2985 4637 2
2986 5380 2
2986 4768 2
2986 4736 2
2986 3901 2
2986 3375 2
2987 3995 2
2987 5751 2
2987 4603 2
2987 3274 2
2988 3618 2
2988 4607 2
2988 3167 2
2989 3721 2
2989 6086 2
2990 4016 2
2990 6331 2
2990 6378 2
2991 4953 2
2991 5055 2
2991 4283 2
2992 6185 2
2992 5412 2
2992 3901 2
2993 4044 2
2993 5324 2
2993 6727 2
2993 4223 2
2994 5448 2
2995 4536 2
2995 3097 2
2995 6128 2
2995 3550 2
2996 4840 2
2996 6205 2
2997 5809 2
2997 4874 2
2997 5839 2
2997 4057 2
2998 3697 2
2998 3349 2
2998 3529 2
2999 5796 2
2999 3780 2
3000 3469 2
3000 5998 2
3001 5975 2
3001 4107 2
3001 3146 2
3002 3635 2
3002 5003 2
3003 3765 2
3003 5889 2
3003 4574 2
3003 5619 2
3004 4806 2
3005 4758 2
3005 4088 2
3005 4145 2
3005 5967 2
3006 5018 2
3006 5230 2
3007 3912 2
3007 5698 2
3008 6331 2
3008 4532 2
3008 3045 2
3009 3674 2
3009 5939 2
3009 3877 2
3010 4765 2
3010 3907 2
3011 4063 2
3011 3960 2
3011 3545 2
3011 5899 2
3011 5385 2
3012 4836 2
3012 5300 2
3012 4996 2
3012 6434 2
3013 6869 2
3013 5039 2
3013 3553 2
3015 6256 2
3015 6493 2
3015 5671 2
3016 4154 2
3016 3894 2
3016 3268 2
3017 3739 2
3017 4211 2
3018 5895 2
3018 4995 2
3019 6071 2
3019 6597 2
3020 6186 2
3021 5605 2
3021 6900 2
3021 4664 2
3021 5976 2
3021 5923 2
3022 4283 2
3022 4302 2
3022 4902 2
3023 4273 2
3023 3821 2
3023 4230 2
3023 3057 2
3024 3544 2
3024 3661 2
3024 6852 2
3024 4538 2
3024 5827 2
3025 6457 2
3025 5503 2
3026 3173 2
3026 4726 2
3026 4735 2
3026 5284 2
3027 5314 2
3027 3230 2
3027 3205 2
3027 3578 2
3027 3245 2
3028 3515 2
3028 3047 2
3029 4242 2
3029 6523 2
3030 6255 2
3030 6463 2
3030 5774 2
3031 3458 2
3031 5904 2
3031 6216 2
3032 4073 2
3033 5240 2
3033 5756 2
3034 6503 2
3034 6961 2
3034 6436 2
3034 4956 2
3035 4877 2
3036 3421 2
3036 3632 2
3036 5694 2
3037 6994 2
3038 4599 2
3039 5245 2
3039 4571 2
3039 4429 2
3040 3140 2
3040 6446 2
3041 6948 2
3041 3750 2
3041 6432 2
3042 3071 2
3042 6081 2
3043 5352 2
3044 6131 2
3044 4185 2
3045 4905 2
3045 3352 2
3045 5792 2
3046 5829 2
3046 4716 2
3046 4305 2
3046 4879 2
3046 4781 2
3047 3581 2
3047 5292 2
3047 5921 2
3048 3732 2
3049 5670 2
3049 4078 2
3049 5484 2
3050 3842 2
3051 5715 2
3051 3772 2
3051 6447 2
3051 5035 2
3053 3632 2
3053 3335 2
3053 6933 2
3053 4948 2
3054 4191 2
3055 5996 2
3055 5521 2
3055 3741 2
3055 4180 2
3056 5377 2
3056 6323 2
3056 3300 2
3057 4192 2
3057 5875 2
3057 6564 2
3057 5056 2
3057 6809 2
3058 3476 2
3058 5299 2
3058 6826 2
3058 5201 2
3058 4045 2
3058 5583 2
3059 4384 2
3059 3926 2
3059 4771 2
3060 3435 2
3060 3138 2
3061 6928 2
3061 5563 2
3061 6718 2
3062 5306 2
3062 6344 2
3062 3479 2
3065 5050 2
3065 6025 2
3065 6372 2
3066 6623 2
3066 6262 2
3067 4619 2
3067 4601 2
3067 3531 2
3068 6517 2
3069 5574 2
3069 3138 2
3069 3160 2
3070 6505 2
3071 5259 2
3071 4024 2
3071 5179 2
3073 4425 2
3074 3328 2
3075 5436 2
3075 6330 2
3076 6248 2
3077 5739 2
3078 3116 2
3079 6508 2
3079 5603 2
3079 3617 2
3080 6849 2
3080 5830 2
3080 6454 2
3080 4306 2
3081 6593 2
3081 4736 2
3082 5860 2
3082 3669 2
3083 3564 2
3083 4075 2
3083 4870 2
3084 5932 2
3084 3506 2
3086 3736 2
3086 3607 2
3087 3107 2
3087 3510 2
3088 6752 2
3088 5817 2
3088 5581 2
3088 4812 2
3089 4187 2
3089 5134 2
3089 3504 2
3092 5156 2
3092 3822 2
3093 6603 2
3093 4646 2
3094 3389 2
3095 3967 2
3095 4195 2
3095 5633 2
3095 3608 2
3095 6855 2
3095 5507 2
3096 4859 2
3096 5807 2
3097 3301 2
3097 5949 2
3097 6721 2
3097 6446 2
3097 5111 2
3098 6963 2
3098 6034 2
3098 6967 2
3098 6597 2
3098 3646 2
3098 3387 2
3099 3808 2
3099 3152 2
3099 4669 2
3099 6426 2
3100 5048 2
3100 5800 2
3101 4714 2
3101 5859 2
3102 3737 2
3102 5732 2
3103 6338 2
3103 5801 2
3103 3689 2
3103 3617 2
3104 6084 2
3104 4635 2
3104 6194 2
3105 6040 2
3105 3516 2
3105 4311 2
3105 6701 2
3106 6295 2
3106 4257 2
3108 4128 2
3108 4908 2
3109 6631 2
3109 6430 2
3109 3271 2
3110 6432 2
3110 6889 2
3111 4193 2
3112 5456 2
3113 5706 2
3113 3975 2
3114 5323 2
3114 6472 2
3115 4940 2
3115 6097 2
3115 6214 2
3116 4348 2
3116 3632 2
3117 4063 2
3117 6237 2
3118 6337 2
3118 4272 2
3119 6884 2
3119 4136 2
3119 3978 2
3119 4152 2
3120 5776 2
3120 3508 2
3121 5280 2
3121 6158 2
3121 5629 2
3122 5343 2
3122 5865 2
3122 6197 2
3122 5507 2
3123 4897 2
3123 4603 2
3123 6993 2
3123 6670 2
3123 3239 2
3124 4408 2
3124 4964 2
3124 6644 2
3124 6299 2
3124 3186 2
3124 5272 2
3125 4921 2
3126 6333 2
3126 6328 2
3126 5608 2
3126 6311 2
3127 5862 2
3128 5462 2
3129 3388 2
3129 5409 2
3130 3810 2
3130 6685 2
3130 6935 2
3130 6634 2
3131 5592 2
3131 4576 2
3132 5952 2
3133 6343 2
3134 6511 2
3134 5454 2
3136 4839 2
3137 5707 2
3137 6287 2
3137 3830 2
3138 6314 2
3138 5242 2
3139 5742 2
3139 6220 2
3139 5577 2
3140 6588 2
3140 6192 2
3140 4692 2
3140 3507 2
3140 4314 2
3140 4455 2
3140 5234 2
3141 6517 2
3141 6875 2
3141 4608 2
3141 3313 2
3142 5869 2
3142 3378 2
3142 6175 2
3142 4117 2
3142 5132 2
3142 4145 2
3143 5272 2
3143 3392 2
3143 5094 2
3143 5188 2
3144 6570 2
3144 6633 2
3144 5957 2
3144 3237 2
3145 3305 2
3145 5411 2
3146 4688 2
3146 4437 2
3146 3900 2
3146 3980 2
3147 4845 2
3147 6356 2
3147 5220 2
3147 6203 2
3148 5735 2
3148 6050 2
3148 6587 2
3149 6233 2
3149 6961 2
3150 6336 2
3151 5413 2
3153 5769 2
3153 6103 2
3153 5604 2
3153 3201 2
3153 4770 2
3153 6967 2
3154 5817 2
3154 5141 2
3155 4518 2
3156 6904 2
3156 3661 2
3157 3663 2
3157 6121 2
3157 5180 2
3157 4033 2
3159 6230 2
3159 5667 2
3160 4251 2
3160 5336 2
3160 3597 2
3160 6240 2
3160 6577 2
3161 5997 2
3161 4611 2
3162 5619 2
3162 6391 2
3163 4855 2
3163 6505 2
3163 6556 2
3163 3479 2
3164 4154 2
3164 6129 2
3164 6932 2
3164 6496 2
3164 5309 2
3166 5833 2
3166 5469 2
3166 5627 2
3166 4809 2
3167 4786 2
3167 4049 2
3167 4596 2
3168 5115 2
3168 3429 2
3169 3357 2
3169 5723 2
3169 4629 2
3169 4922 2
3169 5271 2
3169 3687 2
3169 5364 2
3170 3482 2
3170 3925 2
3170 4515 2
3170 4623 2
3171 3229 2
3172 6378 2
3173 6115 2
3173 4139 2
3173 5270 2
3174 6374 2
3174 6298 2
3174 6648 2
3174 4963 2
3175 3412 2
3175 5645 2
3176 3992 2
3176 5160 2
3176 6759 2
3177 3586 2
3178 5556 2
3178 6956 2
3178 5754 2
3178 5667 2
3179 6111 2
3179 5134 2
3179 3329 2
3179 3209 2
3180 3672 2
3180 4986 2
3181 3831 2
3181 4260 2
3182 5321 2
3182 4433 2
3182 4512 2
3182 4774 2
3182 5526 2
3182 5587 2
3183 5290 2
3183 5089 2
3184 3634 2
3185 4128 2
3185 6746 2
3186 3816 2
3186 4487 2
3186 5831 2
3186 4348 2
3187 3503 2
3187 3321 2
3188 6416 2
3188 4463 2
3188 4428 2
3188 3365 2
3188 5435 2
3189 5980 2
3191 5658 2
3191 6691 2
3193 5757 2
3193 5044 2
3193 3211 2
3193 5497 2
3193 5351 2
3193 3501 2
3194 4973 2
3194 3920 2
3194 6337 2
3194 3486 2
3194 4941 2
3195 4232 2
3195 6421 2
3195 4528 2
3195 6594 2
3196 3809 2
3196 5911 2
3196 4372 2
3197 5361 2
3197 6377 2
3197 4366 2
3197 4664 2
3199 6231 2
3199 4179 2
3199 4028 2
3199 5147 2
3200 5930 2
3200 6324 2
3200 6147 2
3200 5576 2
3200 4597 2
3200 3842 2
3201 3680 2
3201 6611 2
3202 4744 2
3204 5828 2
3205 3526 2
3205 3684 2
3206 3266 2
3206 5815 2
3206 6131 2
3207 6201 2
3207 5158 2
3208 4884 2
3208 4947 2
3208 5460 2
3209 4428 2
3209 5310 2
3209 6550 2
3209 3902 2
3210 6569 2
3210 5253 2
3210 3241 2
3210 5542 2
3210 5430 2
3211 3917 2
3211 4806 2
3211 5454 2
3211 6516 2
3211 4600 2
3212 6104 2
3212 6339 2
3213 3477 2
3213 3449 2
3213 5040 2
3213 5165 2
3214 5989 2
3214 6735 2
3215 5980 2
3215 4170 2
3215 3487 2
3216 3571 2
3217 3301 2
3217 3878 2
3218 6418 2
3218 3518 2
3218 6415 2
3219 6185 2
3219 6137 2
3220 3266 2
3220 4930 2
3220 5370 2
3221 6746 2
3221 4858 2
3222 5023 2
3222 6765 2
3223 5428 2
3223 3557 2
3223 6532 2
3224 5452 2
3224 6584 2
3224 4049 2
3225 4097 2
3225 4196 2
3225 4865 2
3225 4280 2
3225 6485 2
3226 5746 2
3226 6584 2
3227 5290 2
3228 4999 2
3228 6850 2
3229 5942 2
3229 5546 2
3229 6420 2
3229 6655 2
3230 6071 2
3230 3600 2
3230 6854 2
3230 6255 2
3232 5243 2
3232 5833 2
3232 6675 2
3232 5687 2
3233 4235 2
3233 4405 2
3234 6854 2
3234 3250 2
3236 5242 2
3236 6815 2
3237 3672 2
3237 3746 2
3237 4240 2
3238 5886 2
3239 4261 2
3239 6988 2
3239 4505 2
3239 4664 2
3240 6175 2
3240 4644 2
3240 4929 2
3240 3331 2
3241 5956 2
3241 3452 2
3241 6106 2
3241 5194 2
3242 5079 2
3242 4464 2
3242 4928 2
3243 6222 2
3243 4891 2
3244 6749 2
3244 6070 2
3246 6673 2
3246 5071 2
3246 3637 2
3246 6965 2
3247 3629 2
3247 5369 2
3248 6449 2
3248 6295 2
3249 4744 2
3249 4902 2
3249 4907 2
3250 3910 2
3250 6833 2
3250 4441 2
3251 5627 2
3251 4627 2
3251 4448 2
3252 3532 2
3252 5785 2
3253 4199 2
3254 4309 2
3254 3259 2
3255 4115 2
3256 4899 2
3256 5353 2
3256 6168 2
3257 4337 2
3257 5117 2
3257 5549 2
3257 5001 2
3258 5790 2
3258 6048 2
3259 3560 2
3259 4935 2
3259 3791 2
3259 6406 2
3260 4792 2
3260 5953 2
3261 6787 2
3261 3679 2
3262 3350 2
3262 5173 2
3262 3407 2
3263 4127 2
3264 6255 2
3264 5037 2
3264 6518 2
3265 5596 2
3265 3969 2
3266 3743 2
3266 5980 2
3266 6993 2
3266 5633 2
3267 4127 2
3267 3974 2
3267 5232 2
3268 6412 2
3268 6682 2
3269 4651 2
3269 4363 2
3269 6742 2
3270 4825 2
3270 3356 2
3271 5512 2
3271 5070 2
3271 6117 2
3272 6153 2
3272 3956 2
3273 6272 2
3273 3369 2
3274 3596 2
3275 4685 2
3275 4775 2
3276 4618 2
3277 6059 2
3277 5877 2
3277 5799 2
3277 5784 2
3278 4907 2
3278 4017 2
3278 5753 2
3279 6398 2
3279 4371 2
3279 6065 2
3279 3645 2
3280 5820 2
3280 5740 2
3281 6563 2
3281 6206 2
3281 4296 2
3281 5948 2
3281 5015 2
3282 4431 2
3282 6665 2
3283 5982 2
3283 5841 2
3284 5139 2
3285 3397 2
3285 6864 2
3285 3591 2
3285 6002 2
3285 5585 2
3285 4630 2
3285 5989 2
3287 4085 2
3288 5563 2
3289 3902 2
3289 4180 2
3289 6784 2
3289 6271 2
3290 4493 2
3290 5029 2
3291 4597 2
3291 4421 2
3291 3367 2
3293 6167 2
3294 6742 2
3294 4971 2
3294 5616 2
3295 5797 2
3295 4314 2
3295 4948 2
3296 6917 2
3296 6134 2
3296 4745 2
3297 6140 2
3298 4619 2
3298 6709 2
3298 4038 2
3298 3753 2
3298 3516 2
3299 4658 2
3299 5530 2
3299 4516 2
3300 4697 2
3302 4503 2
3302 4545 2
3302 4580 2
3302 6776 2
3303 5632 2
3303 3576 2
3303 6482 2
3303 4085 2
3304 5719 2
3304 6534 2
3304 3558 2
3306 3530 2
3306 6842 2
3306 5190 2
3306 5847 2
3307 5719 2
3308 6443 2
3308 6028 2
3308 5743 2
3309 6452 2
3310 3730 2
3310 4589 2
3310 5978 2
3310 6554 2
3311 5332 2
3311 4187 2
3311 5556 2
3312 5277 2
3312 5241 2
3313 3671 2
3313 4434 2
3313 5022 2
3314 4140 2
3315 5351 2
3315 6392 2
3315 4471 2
3316 6943 2
3317 6572 2
3318 5087 2
3318 6372 2
3321 4455 2
3321 6430 2
3322 6675 2
3323 5101 2
3323 3435 2
3323 4949 2
3323 4137 2
3324 3711 2
3324 6410 2
3325 4198 2
3326 3538 2
3326 5987 2
3326 3806 2
3326 4370 2
3327 6777 2
3327 6613 2
3327 6687 2
3329 4256 2
3330 4044 2
3330 5367 2
3330 5895 2
3330 5876 2
3331 6265 2
3331 3522 2
3332 3547 2
3332 3646 2
3333 5733 2
3333 6618 2
3333 5779 2
3333 3430 2
3334 5450 2
3334 4139 2
3334 3781 2
3335 3607 2
3335 4751 2
3335 4041 2
3335 3761 2
3336 4933 2
3338 3801 2
3338 5021 2
3338 6812 2
3339 5304 2
3340 5889 2
3340 3550 2
3340 6422 2
3340 4254 2
3340 6180 2
3340 5126 2
3341 5569 2
3341 4888 2
3343 3455 2
3343 4268 2
3343 5269 2
3344 6994 2
3344 6798 2
3344 5039 2
3344 5628 2
3344 5033 2
3344 3634 2
3344 3668 2
3345 4110 2
3345 4730 2
3346 5564 2
3346 4187 2
3346 5304 2
3346 4364 2
3347 6787 2
3347 5468 2
3348 6624 2
3348 5186 2
3348 3526 2
3348 4680 2
3349 4840 2
3349 6080 2
3349 6828 2
3349 3416 2
3351 5506 2
3351 3732 2
3352 4235 2
3352 5342 2
3352 6841 2
3352 5679 2
3352 4064 2
3353 3619 2
3353 4609 2
3353 5077 2
3354 5718 2
3354 4219 2
3355 3870 2
3356 3951 2
3356 5020 2
3357 4588 2
3357 6273 2
3358 5964 2
3358 6857 2
3358 6461 2
3358 5542 2
3358 6187 2
3359 5862 2
3359 6745 2
3359 5262 2
3360 6826 2
3361 4257 2
3361 5466 2
3362 6509 2
3362 4997 2
3363 5075 2
3364 5955 2
3364 3683 2
3365 6261 2
3366 4179 2
3366 6695 2
3366 5980 2
3367 6910 2
3367 4739 2
3367 3661 2
3367 5022 2
3367 6632 2
3368 5468 2
3368 6035 2
3368 4318 2
3369 5235 2
3369 6661 2
3370 6118 2
3370 3412 2
3370 6586 2
3370 5026 2
3370 5659 2
3371 5212 2
3373 4038 2
3374 3479 2
3375 3779 2
3375 3605 2
3375 5710 2
3376 5351 2
3376 5947 2
3378 4539 2
3378 3475 2
3378 4958 2
3378 4971 2
3378 5314 2
3379 4557 2
3379 6291 2
3379 4704 2
3379 6953 2
3379 6878 2
3379 3492 2
3380 5233 2
3380 3760 2
3381 6498 2
3381 5435 2
3382 6605 2
3382 3744 2
3382 6766 2
3382 5569 2
3382 6779 2
3383 6399 2
3383 6771 2
3383 6509 2
3383 5879 2
3383 3771 2
3384 4791 2
3385 5507 2
3385 5615 2
3386 6739 2
3386 4956 2
3386 5278 2
3387 6577 2
3388 4634 2
3388 5380 2
3388 5364 2
3388 6493 2
3389 4031 2
3389 3664 2
3390 6229 2
3390 4707 2
3391 6245 2
3392 5101 2
3392 3910 2
3394 6893 2
3394 5104 2
3394 5945 2
3394 5767 2
3395 5339 2
3395 4197 2
3396 6544 2
3396 5144 2
3396 6610 2
3396 3670 2
3397 6859 2
3397 5591 2
3397 3424 2
3397 6740 2
3398 5625 2
3398 3598 2
3398 5031 2
3398 6399 2
3398 5222 2
3399 5056 2
3399 6002 2
3400 5013 2
3400 5944 2
3400 4594 2
3401 3695 2
3402 5905 2
3404 4578 2
3404 5947 2
3404 6812 2
3405 4620 2
3405 3590 2
3406 5934 2
3406 3707 2
3407 5501 2
3407 3531 2
3407 5250 2
3407 6266 2
3408 4262 2
3408 4449 2
3409 4774 2
3410 6108 2
3410 4261 2
3410 5390 2
3410 5243 2
3411 6321 2
3411 4547 2
3411 4893 2
3411 3692 2
3411 6554 2
3411 5263 2
3412 4730 2
3412 4797 2
3413 4251 2
3413 3656 2
3414 6735 2
3414 3598 2
3414 6497 2
3414 5414 2
3415 4728 2
3416 3945 2
3416 5413 2
3417 6845 2
3417 5750 2
3417 5199 2
3418 4749 2
3418 6987 2
3419 6972 2
3419 6339 2
3419 6923 2
3420 4214 2
3420 6146 2
3420 4956 2
3421 4163 2
3421 6345 2
3422 3834 2
3422 6142 2
3422 6862 2
3422 6192 2
3422 5993 2
3423 6613 2
3423 6729 2
3424 3881 2
3424 3469 2
3425 5685 2
3425 3666 2
3425 4230 2
3426 5040 2
3426 4504 2
3426 6270 2
3426 6455 2
3427 3667 2
3427 4236 2
3427 6410 2
3427 6599 2
3427 6133 2
3428 6489 2
3429 5527 2
3429 5388 2
3429 3567 2
3429 6003 2
3429 4949 2
3429 4512 2
3429 4954 2
3429 3951 2
3430 4583 2
3430 4284 2
3431 3884 2
3431 6296 2
3431 6110 2
3431 4930 2
3432 5248 2
3432 5271 2
3432 3898 2
3432 5916 2
3433 4664 2
3433 4667 2
3433 4195 2
3434 4942 2
3434 4707 2
3435 6243 2
3435 4153 2
3435 4477 2
3435 4820 2
3436 4003 2
3436 3779 2
3436 6641 2
3437 5365 2
3437 4648 2
3437 5513 2
3437 6777 2
3438 6857 2
3438 3705 2
3439 6904 2
3439 5467 2
3440 3530 2
3440 5991 2
3440 6043 2
3441 6463 2
3441 4730 2
3442 6758 2
3442 5028 2
3442 4358 2
3443 5212 2
3443 6610 2
3443 4801 2
3445 6638 2
3445 5435 2
3446 4339 2
3447 4611 2
3447 4243 2
3447 6710 2
3447 4823 2
3447 6985 2
3447 5129 2
3447 5424 2
3448 6661 2
3448 4723 2
3448 5027 2
3448 4402 2
3448 4722 2
3449 6545 2
3449 5390 2
3450 6739 2
3450 6455 2
3450 5686 2
3451 5213 2
3451 5055 2
3452 3561 2
3453 6472 2
3453 5869 2
3455 6301 2
3455 6684 2
3455 3821 2
3456 4370 2
3457 6874 2
3457 6176 2
3459 5642 2
3459 5848 2
3460 6365 2
3460 4426 2
3460 5494 2
3461 3692 2
3461 4174 2
3461 4837 2
3463 4104 2
3463 3641 2
3463 4399 2
3463 6799 2
3463 6802 2
3464 4042 2
3464 4131 2
3464 6089 2
3465 5074 2
3465 4754 2
3465 4316 2
3467 4297 2
3467 6067 2
3467 5782 2
3467 4118 2
3468 5626 2
3468 3818 2
3468 4511 2
3469 6479 2
3470 3645 2
3470 3873 2
3470 4023 2
3471 6796 2
3472 6128 2
3472 6771 2
3472 6840 2
3472 3741 2
3473 6861 2
3473 4703 2
3474 4074 2
3474 3696 2
3474 4135 2
3474 5202 2
3474 4357 2
3475 6895 2
3475 4907 2
3475 4379 2
3475 5928 2
3475 3721 2
3476 3550 2
3476 3695 2
3477 5858 2
3478 3757 2
3478 4832 2
3478 6888 2
3478 4970 2
3479 3544 2
3480 4538 2
3480 6857 2
3480 4572 2
3480 5688 2
3481 6037 2
3482 5680 2
3483 4132 2
3483 4143 2
3483 5295 2
3485 6839 2
3486 3982 2
3487 6108 2
3487 4701 2
3487 4008 2
3488 6825 2
3489 6234 2
3489 6489 2
3490 3629 2
3490 5666 2
3490 5898 2
3491 3663 2
3491 4576 2
3491 5397 2
3492 6975 2
3493 6529 2
3493 5289 2
3493 5007 2
3493 3768 2
3493 4704 2
3494 5861 2
3494 3589 2
3494 5476 2
3494 4013 2
3495 6278 2
3496 3914 2
3496 3989 2
3497 3864 2
3497 3555 2
3497 6221 2
3498 6104 2
3498 6259 2
3498 4214 2
3499 6596 2
3499 4695 2
3501 5150 2
3501 4705 2
3502 4652 2
3503 4631 2
3503 4729 2
3503 6532 2
3503 3829 2
3503 4766 2
3503 6295 2
3503 4665 2
3504 5184 2
3505 6387 2
3505 6522 2
3507 6185 2
3507 6431 2
3508 6108 2
3508 6209 2
3508 5875 2
3508 6907 2
3508 4311 2
3509 5831 2
3509 6430 2
3509 4490 2
3509 6244 2
3510 4831 2
3510 6027 2
3510 5328 2
3511 6547 2
3512 4819 2
3512 4154 2
3512 4971 2
3514 4670 2
3514 5003 2
3514 5765 2
3514 6882 2
3515 4536 2
3515 5373 2
3515 6235 2
3515 4018 2
3516 6648 2
3516 5739 2
3516 4108 2
3516 4096 2
3517 4755 2
3517 6117 2
3518 4346 2
3518 5607 2
3519 4938 2
3519 5870 2
3519 3730 2
3519 4615 2
3520 5959 2
3520 6865 2
3521 5314 2
3522 4660 2
3522 3961 2
3523 3769 2
3523 4947 2
3525 6256 2
3525 4760 2
3526 5416 2
3527 5040 2
3527 4301 2
3527 6373 2
3528 3785 2
3530 5412 2
3530 5454 2
3530 4107 2
3531 4240 2
3531 4505 2
3531 4345 2
3531 6452 2
3531 5728 2
3532 4442 2
3533 6134 2
3533 6715 2
3533 5015 2
3533 5325 2
3533 4533 2
3534 6412 2
3534 5610 2
3534 6915 2
3535 5898 2
3535 6278 2
3536 6286 2
3536 5859 2
3537 4937 2
3537 4183 2
3537 5014 2
3538 4227 2
3538 5944 2
3539 5705 2
3539 6927 2
3539 3774 2
3539 6040 2
3540 6572 2
3541 6652 2
3541 5721 2
3542 5191 2
3543 4922 2
3543 4484 2
3544 5029 2
3544 5131 2
3544 4165 2
3545 5905 2
3545 3736 2
3546 6757 2
3546 5788 2
3546 4656 2
3546 4578 2
3547 3999 2
3547 6607 2
3548 3814 2
3549 4846 2
3549 3939 2
3549 6219 2
3549 6255 2
3549 4851 2
3550 6438 2
3551 4894 2
3551 4454 2
3551 6840 2
3551 4543 2
3552 5439 2
3552 5639 2
3552 4067 2
3553 5876 2
3555 5740 2
3555 4576 2
3555 5843 2
3555 6635 2
3555 5737 2
3556 4277 2
3556 5095 2
3556 5282 2
3558 5010 2
3558 3713 2
3558 6418 2
3559 6662 2
3559 5534 2
3560 4826 2
3560 4821 2
3561 6971 2
3562 6317 2
3562 3672 2
3562 4550 2
3563 4802 2
3563 3743 2
3564 4925 2
3565 4533 2
3565 4065 2
3565 5188 2
3566 4479 2
3568 6096 2
3568 6253 2
3569 3730 2
3569 4518 2
3569 3875 2
3570 5957 2
3570 3588 2
3571 3935 2
3571 4602 2
3571 5798 2
3572 6785 2
3572 4219 2
3573 4689 2
3573 4853 2
3574 3759 2
3574 5646 2
3574 6400 2
3575 4860 2
3575 5340 2
3575 4964 2
3576 6590 2
3576 4769 2
3577 5253 2
3577 6782 2
3578 4330 2
3579 5819 2
3580 5642 2
3580 5397 2
3580 4427 2
3581 5416 2
3581 5054 2
3582 3904 2
3582 6917 2
3583 5498 2
3583 6108 2
3583 5467 2
3583 5327 2
3583 6665 2
3583 6958 2
3584 5615 2
3584 4650 2
3584 6803 2
3585 5857 2
3586 4692 2
3586 6456 2
3587 6962 2
3587 4704 2
3587 5024 2
3587 5511 2
3587 4376 2
3588 5472 2
3588 4012 2
3589 5585 2
3589 6589 2
3589 5351 2
3589 4874 2
3589 3853 2
3590 6857 2
3590 5451 2
3590 4479 2
3591 5149 2
3591 6398 2
3592 3984 2
3592 5084 2
3592 5352 2
3592 6191 2
3593 4993 2
3593 4250 2
3594 6338 2
3594 5169 2
3594 6272 2
3595 5940 2
3596 3707 2
3598 5619 2
3598 4648 2
3598 3685 2
3599 6042 2
3599 5556 2
3599 4913 2
3600 5748 2
3600 5757 2
3600 4262 2
3600 5631 2
3601 4211 2
3603 5139 2
3603 4615 2
3604 4638 2
3604 4346 2
3604 5384 2
3604 3849 2
3605 5617 2
3606 4651 2
3606 6693 2
3606 5559 2
3606 5425 2
3606 6181 2
3607 6102 2
3607 5883 2
3607 6611 2
3607 6601 2
3609 4076 2
3609 5239 2
3610 4675 2
3610 6447 2
3610 5977 2
3610 3843 2
3610 5420 2
3611 3851 2
3611 6125 2
3611 6469 2
3611 4579 2
3611 4363 2
3612 3953 2
3612 6036 2
3613 5819 2
3614 3855 2
3614 5105 2
3614 5550 2
3614 5469 2
3615 3896 2
3615 6700 2
3616 6337 2
3617 5163 2
3617 4785 2
3618 4582 2
3620 5509 2
3620 5013 2
3621 5176 2
3621 5670 2
3622 6980 2
3622 5914 2
3623 3789 2
3623 5467 2
3623 4420 2
3624 5177 2
3625 6166 2
3626 5606 2
3627 6570 2
3627 3770 2
3627 6790 2
3627 5535 2
3628 6308 2
3628 3913 2
3628 6268 2
3628 6198 2
3629 5943 2
3629 4859 2
3629 6721 2
3630 4162 2
3630 6746 2
3630 3819 2
3630 5363 2
3631 6118 2
3631 5764 2
3631 5395 2
3632 5270 2
3632 3941 2
3632 4427 2
3633 6880 2
3634 6691 2
3634 4592 2
3635 5891 2
3635 6418 2
3635 5672 2
3635 5823 2
3636 6159 2
3637 6801 2
3637 6387 2
3637 6712 2
3637 6173 2
3638 6588 2
3639 4170 2
3639 6980 2
3640 5986 2
3640 5836 2
3640 4513 2
3641 4438 2
3641 6402 2
3642 6608 2
3642 4895 2
3642 4035 2
3643 5176 2
3644 6485 2
3644 6871 2
3645 5941 2
3645 6759 2
3646 6245 2
3646 4962 2
3647 5555 2
3647 4293 2
3647 6718 2
3648 4295 2
3649 6905 2
3649 5124 2
3650 5684 2
3650 3692 2
3651 6864 2
3651 5568 2
3651 6700 2
3651 6715 2
3652 6533 2
3652 4310 2
3653 6156 2
3653 5347 2
3653 5487 2
3653 5334 2
3653 5891 2
3653 5958 2
3654 5836 2
3654 6864 2
3654 4448 2
3655 5576 2
3655 5264 2
3655 6813 2
3655 5481 2
3655 6981 2
3655 6136 2
3655 3735 2
3656 4128 2
3656 5174 2
3656 6265 2
3657 6368 2
3657 6595 2
3658 5353 2
3659 5607 2
3659 4466 2
3660 3814 2
3660 5511 2
3660 5861 2
3661 5983 2
3661 5546 2
3662 4991 2
3662 3910 2
3663 4429 2
3663 5129 2
3663 5386 2
3663 5402 2
3664 6403 2
3664 4521 2
3664 6277 2
3665 6829 2
3666 5034 2
3666 5021 2
3666 4293 2
3666 6372 2
3667 4364 2
3667 4908 2
3667 6867 2
3667 6224 2
3668 5241 2
3668 4561 2
3668 3866 2
3669 3968 2
3669 3988 2
3669 3830 2
3670 4152 2
3671 6132 2
3672 4524 2
3672 4074 2
3672 6802 2
3673 4629 2
3673 4278 2
3676 4873 2
3677 6100 2
3677 4201 2
3679 6951 2
3679 5156 2
3679 4998 2
3680 3840 2
3680 5601 2
3680 6309 2
3680 6907 2
3681 6669 2
3682 5040 2
3683 4054 2
3684 6675 2
3684 6594 2
3684 5777 2
3684 6067 2
3685 6451 2
3686 5295 2
3686 3728 2
3687 5000 2
3687 4996 2
3688 5592 2
3689 4281 2
3689 5340 2
3689 5449 2
3690 3718 2
3691 5674 2
3691 5181 2
3691 4540 2
3691 5420 2
3691 5684 2
3692 4984 2
3692 3816 2
3692 3906 2
3693 4012 2
3694 4004 2
3694 6854 2
3695 5233 2
3695 6935 2
3695 5617 2
3695 3846 2
3695 3977 2
3697 4695 2
3697 6777 2
3698 4948 2
3699 4489 2
3700 6891 2
3700 5514 2
3700 6521 2
3700 4474 2
3701 4959 2
3703 6303 2
3703 3961 2
3703 4736 2
3704 6232 2
3704 3881 2
3705 5966 2
3705 4151 2
3705 5448 2
3706 4112 2
3706 5912 2
3706 3802 2
3706 5015 2
3707 4595 2
3707 5873 2
3707 6688 2
3709 4729 2
3709 6073 2
3710 6433 2
3710 5625 2
3710 6675 2
3710 4570 2
3710 6690 2
3710 6999 2
3711 5651 2
3711 4053 2
3711 5336 2
3711 5153 2
3712 4231 2
3713 6377 2
3714 6512 2
3714 6480 2
3714 6668 2
3714 5724 2
3714 5459 2
3715 6032 2
3715 6304 2
3715 5142 2
3715 6369 2
3715 5874 2
3716 4040 2
3716 6440 2
3716 5927 2
3716 4089 2
3717 6861 2
3717 6660 2
3717 5500 2
3718 5134 2
3719 5738 2
3719 4377 2
3719 5194 2
3720 6014 2
3720 4638 2
3720 5540 2
3720 5091 2
3721 6291 2
3722 4159 2
3722 5527 2
3722 6337 2
3722 6626 2
3723 3895 2
3724 3906 2
3726 6808 2
3726 6280 2
3727 6189 2
3728 4666 2
3729 3748 2
3729 3985 2
3731 5392 2
3731 6145 2
3731 6253 2
3731 4009 2
3731 5824 2
3733 6233 2
3733 6479 2
3734 6926 2
3734 6687 2
3735 6646 2
3735 6293 2
3736 4147 2
3736 6557 2
3737 6917 2
3737 5875 2
3738 5896 2
3739 5012 2
3739 5379 2
3740 6869 2
3740 6905 2
3740 5879 2
3740 5522 2
3741 5756 2
3741 6545 2
3742 6160 2
3742 6717 2
3742 5471 2
3743 5362 2
3744 6077 2
3744 4910 2
3744 4091 2
3744 4511 2
3745 6329 2
3745 5945 2
3746 5523 2
3746 5703 2
3747 5483 2
3748 4391 2
3748 4406 2
3749 6807 2
3749 6943 2
3749 6750 2
3749 5590 2
3749 4632 2
3750 4829 2
3750 6170 2
3750 6721 2
3751 3962 2
3751 6318 2
3751 4185 2
3752 5497 2
3753 4293 2
3753 6242 2
3755 6423 2
3755 6589 2
3755 5261 2
3755 4047 2
3756 5503 2
3756 6647 2
3756 5867 2
3756 6486 2
3757 6971 2
3758 4552 2
3758 5628 2
3758 5302 2
3758 6974 2
3758 5267 2
3758 6963 2
3758 5397 2
3759 5614 2
3759 5516 2
3760 6114 2
3760 5915 2
3760 4269 2
3760 6400 2
3762 6822 2
3762 5505 2
3762 4646 2
3763 4916 2
3763 4550 2
3764 6174 2
3764 5824 2
3764 4103 2
3764 5650 2
3764 5791 2
3764 5595 2
3765 4000 2
3765 6616 2
3765 5330 2
3765 4490 2
3765 4387 2
3765 4715 2
3765 3833 2
3765 6116 2
3765 5001 2
3766 4959 2
3766 3930 2
3766 6021 2
3766 5868 2
3767 5296 2
3767 6355 2
3768 5068 2
3768 4807 2
3768 3898 2
3769 4635 2
3770 4467 2
3770 4240 2
3770 4556 2
3770 4530 2
3771 5433 2
3771 5832 2
3771 5875 2
3773 6975 2
3773 6240 2
3774 6434 2
3774 5752 2
3777 5573 2
3777 4718 2
3777 4709 2
3778 4452 2
3779 5392 2
3781 5290 2
3781 6133 2
3782 5181 2
3782 6114 2
3783 5666 2
3783 6383 2
3784 3800 2
3784 6308 2
3785 3978 2
3786 6073 2
3786 5322 2
3786 5882 2
3786 4515 2
3787 6989 2
3788 4324 2
3788 4993 2
3788 4305 2
3789 4507 2
3790 5125 2
3790 4081 2
3791 4203 2
3792 6756 2
3792 6879 2
3792 5522 2
3792 6036 2
3793 5748 2
3794 3883 2
3794 4408 2
3794 6414 2
3794 4003 2
3794 6510 2
3797 6397 2
3797 3849 2
3797 5504 2
3798 4452 2
3799 5677 2
3799 5981 2
3800 4412 2
3801 5897 2
3801 6739 2
3801 4056 2
3802 3881 2
3802 5217 2
3803 5976 2
3803 5181 2
3803 6688 2
3803 5086 2
3803 5377 2
3804 6999 2
3805 4301 2
3806 5112 2
3807 5792 2
3807 4503 2
3807 6211 2
3807 4984 2
3807 6876 2
3807 6545 2
3808 6926 2
3809 6299 2
3809 5116 2
3810 6809 2
3810 4364 2
3811 4485 2
3811 4963 2
3811 3881 2
3812 4359 2
3812 5758 2
3812 6567 2
3813 4823 2
3813 5689 2
3814 6475 2
3814 6951 2
3815 6389 2
3816 5975 2
3817 5721 2
3817 5789 2
3817 4272 2
3818 5611 2
3818 4068 2
3818 3918 2
3818 6472 2
3818 6164 2
3818 4465 2
3821 5305 2
3821 4309 2
3822 3992 2
3822 4492 2
3824 4775 2
3824 4485 2
3825 5719 2
3825 5347 2
3825 4111 2
3826 5965 2
3827 4476 2
3827 6078 2
3829 5379 2
3830 4428 2
3831 4108 2
3831 4653 2
3832 6815 2
3832 4039 2
3833 6621 2
3833 5535 2
3834 6994 2
3834 5350 2
3834 6518 2
3835 5529 2
3835 4445 2
3835 5572 2
3835 4546 2
3836 5933 2
3836 5233 2
3837 3861 2
3837 3991 2
3838 3851 2
3839 5063 2
3839 6754 2
3840 4921 2
3840 5775 2
3841 5227 2
3841 5560 2
3842 5086 2
3843 6358 2
3843 6981 2
3844 5059 2
3844 4151 2
3845 4129 2
3846 4368 2
3847 6549 2
3848 3923 2
3848 6124 2
3850 6507 2
3850 6691 2
3850 4198 2
3850 6959 2
3851 4550 2
3851 5419 2
3851 6475 2
3851 5572 2
3852 6800 2
3852 5759 2
3852 6662 2
3852 6275 2
3853 6971 2
3853 4739 2
3853 5648 2
3855 6957 2
3855 6210 2
3855 4446 2
3856 6936 2
3857 4937 2
3859 5027 2
3859 4480 2
3860 5638 2
3860 4507 2
3860 6837 2
3860 6654 2
3860 5685 2
3860 5576 2
3861 4572 2
3862 5537 2
3862 5389 2
3862 5426 2
3862 3939 2
3862 5101 2
3862 4688 2
3862 5587 2
3862 3909 2
3862 4302 2
3862 5578 2
3865 4880 2
3866 4917 2
3866 6757 2
3866 6246 2
3867 6832 2
3868 4659 2
3868 4997 2
3869 6642 2
3869 5321 2
3869 4318 2
3869 5823 2
3869 4383 2
3870 4559 2
3870 5143 2
3871 5327 2
3872 4840 2
3873 6720 2
3873 6371 2
3873 4543 2
3873 5463 2
3873 5228 2
3874 5042 2
3875 6195 2
3876 6979 2
3876 4721 2
3876 4301 2
3876 4818 2
3878 5972 2
3878 4674 2
3879 6670 2
3881 6954 2
3881 4451 2
3881 5052 2
3882 6593 2
3882 6119 2
3883 5999 2
3883 4114 2
3883 6175 2
3883 5330 2
3885 5544 2
3885 6201 2
3886 6934 2
3886 5651 2
3886 4462 2
3886 6731 2
3888 5610 2
3889 4340 2
3889 6931 2
3889 6400 2
3890 6059 2
3890 4185 2
3890 5036 2
3891 5152 2
3893 4844 2
3894 5191 2
3895 4254 2
3895 6530 2
3895 6681 2
3896 6793 2
3897 5046 2
3897 6706 2
3898 5415 2
3898 4932 2
3899 6667 2
3899 6487 2
3899 5259 2
3900 6048 2
3900 4460 2
3901 5148 2
3901 4762 2
3901 4013 2
3902 5040 2
3902 6395 2
3903 5981 2
3903 6535 2
3903 5665 2
3903 5049 2
3904 6126 2
3905 4067 2
3907 4449 2
3908 6675 2
3908 4760 2
3908 4111 2
3908 6746 2
3909 3981 2
3909 6285 2
3909 6733 2
3909 5305 2
3909 6183 2
3910 5311 2
3911 5594 2
3912 4030 2
3912 4796 2
3912 5891 2
3912 6194 2
3912 5050 2
3913 6982 2
3914 4920 2
3914 6280 2
3915 4308 2
3915 4770 2
3915 4830 2
3915 3928 2
3915 6581 2
3916 5374 2
3917 4176 2
3917 4704 2
3917 6083 2
3917 4244 2
3917 4275 2
3918 4749 2
3918 6347 2
3920 4178 2
3920 5857 2
3921 5515 2
3921 4528 2
3922 4195 2
3922 4309 2
3923 4538 2
3924 4933 2
3924 5874 2
3925 6191 2
3925 4535 2
3925 5026 2
3926 5969 2
3926 3954 2
3926 5217 2
3926 5150 2
3927 4849 2
3927 5257 2
3928 5934 2
3929 4360 2
3930 5231 2
3930 4408 2
3931 6807 2
3931 6324 2
3932 5692 2
3932 6796 2
3932 6044 2
3932 4365 2
3933 4040 2
3936 5131 2
3936 5425 2
3936 5718 2
3937 5140 2
3937 6967 2
3937 5089 2
3938 5948 2
3938 5336 2
3938 6275 2
3939 4716 2
3939 5761 2
3939 6096 2
3940 5318 2
3940 6566 2
3940 5388 2
3941 6551 2
3941 6544 2
3941 4325 2
3941 4726 2
3942 5301 2
3942 5625 2
3942 4276 2
3943 4416 2
3945 6459 2
3945 4603 2
3945 5974 2
3945 6352 2
3945 6135 2
3946 6031 2
3946 4497 2
3946 6193 2
3947 4883 2
3947 5525 2
3948 6465 2
3948 6661 2
3949 5079 2
3949 6288 2
3950 5334 2
3950 4145 2
3951 5360 2
3951 4879 2
3952 6250 2
3953 5700 2
3953 5243 2
3953 4584 2
3954 5432 2
3954 5757 2
3954 3961 2
3954 4811 2
3955 5949 2
3955 4511 2
3955 6087 2
3956 5013 2
3956 5488 2
3957 4219 2
3957 5711 2
3957 5822 2
3957 5959 2
3958 6127 2
3958 5202 2
3958 6149 2
3959 6462 2
3959 4728 2
3959 5783 2
3960 6735 2
3960 4786 2
3960 4024 2
3960 4629 2
3961 6546 2
3961 5533 2
3962 4772 2
3962 5922 2
3962 4838 2
3963 4987 2
3963 4030 2
3963 5316 2
3965 5502 2
3965 4231 2
3966 4307 2
3967 5411 2
3968 4823 2
3968 5760 2
3969 4174 2
3970 6048 2
3971 4301 2
3971 6531 2
3971 5035 2
3971 6771 2
3972 6583 2
3972 4096 2
3972 6053 2
3973 6023 2
3973 4350 2
3974 4712 2
3974 6100 2
3975 6382 2
3975 6195 2
3976 5557 2
3976 5445 2
3976 4808 2
3976 4201 2
3977 6580 2
3979 6851 2
3979 4353 2
3980 4769 2
3980 5591 2
3980 4510 2
3980 5570 2
3981 5572 2
3981 4339 2
3981 4784 2
3983 6345 2
3983 6412 2
3984 6576 2
3984 6465 2
3985 6414 2
3985 4429 2
3985 4460 2
3985 5231 2
3986 5037 2
3987 6191 2
3987 3991 2
3988 4242 2
3990 5820 2
3991 6348 2
3992 6080 2
3992 6699 2
3992 6223 2
3992 4885 2
3992 6436 2
3993 5368 2
3994 4561 2
3994 5140 2
3994 5251 2
3994 6137 2
3995 5261 2
3996 5706 2
3997 5230 2
3997 5741 2
3997 4590 2
3997 5175 2
3997 4881 2
3998 6533 2
3998 5846 2
3999 6034 2
3999 5930 2
3999 4877 2
4000 5284 2
4001 5859 2
4001 6575 2
4001 4122 2
4001 6644 2
4001 6497 2
4002 6409 2
4002 4663 2
4002 5266 2
4003 6961 2
4004 6764 2
4005 5350 2
4005 4981 2
4006 6539 2
4006 5139 2
4006 6303 2
4006 6194 2
4006 6568 2
4006 5175 2
4006 6022 2
4006 6318 2
4007 6038 2
4008 4552 2
4009 6837 2
4009 4149 2
4009 4457 2
4009 4681 2
4010 6817 2
4011 4568 2
4011 4839 2
4011 4768 2
4012 5635 2
4012 6007 2
4013 6428 2
4013 6657 2
4013 4305 2
4015 6526 2
4015 5789 2
4015 5473 2
4015 5770 2
4016 6075 2
4016 6642 2
4016 6375 2
4016 5078 2
4016 4467 2
4017 5484 2
4017 5977 2
4017 4770 2
4017 4666 2
4017 6390 2
4018 5186 2
4020 4731 2
4021 4724 2
4021 4432 2
4021 6225 2
4021 6638 2
4021 6695 2
4021 4867 2
4021 5494 2
4021 6328 2
4022 6153 2
4022 6659 2
4022 4052 2
4022 5142 2
4022 5877 2
4023 5336 2
4023 5730 2
4023 4550 2
4023 4847 2
4025 6004 2
4025 6184 2
4026 6074 2
4027 5653 2
4027 5952 2
4027 6134 2
4027 4352 2
4027 6102 2
4028 4614 2
4029 6008 2
4030 4798 2
4031 4051 2
4031 5251 2
4032 5884 2
4032 6763 2
4033 6331 2
4033 5614 2
4033 6927 2
4033 6212 2
4033 4480 2
4033 6618 2
4034 5980 2
4034 5074 2
4035 5931 2
4035 4052 2
4035 6788 2
4036 5581 2
4036 4441 2
4036 6624 2
4037 4058 2
4037 4613 2
4037 6784 2
4038 6250 2
4038 5566 2
4038 4074 2
4038 6745 2
4038 6892 2
4039 5340 2
4039 5787 2
4040 5468 2
4040 4787 2
4041 5002 2
4041 5222 2
4041 6830 2
4042 6785 2
4042 4923 2
4043 6771 2
4043 4535 2
4044 6337 2
4044 5014 2
4045 5050 2
4045 6530 2
4045 5428 2
4045 5509 2
4046 6471 2
4046 4086 2
4047 5385 2
4047 6746 2
4047 5133 2
4047 4395 2
4047 5425 2
4047 4847 2
4048 5673 2
4048 4917 2
4048 6640 2
4048 5995 2
4048 6239 2
4050 5160 2
4050 6264 2
4051 6113 2
4052 6659 2
4052 4652 2
4052 4062 2
4053 6760 2
4053 4614 2
4053 4239 2
4054 6890 2
4056 6860 2
4056 4671 2
4056 6556 2
4056 5615 2
4056 5237 2
4056 4077 2
4057 6074 2
4057 5481 2
4058 6837 2
4058 4086 2
4058 4393 2
4058 6215 2
4058 6419 2
4058 5966 2
4059 5070 2
4060 4814 2
4060 5038 2
4061 6795 2
4061 4198 2
4062 4283 2
4063 5239 2
4063 5570 2
4063 6656 2
4064 5666 2
4064 4292 2
4065 6974 2
4065 6152 2
4066 5066 2
4066 5520 2
4066 4397 2
4067 6282 2
4068 4838 2
4068 4138 2
4069 4733 2
4070 6759 2
4071 5936 2
4071 6972 2
4072 4977 2
4073 6848 2
4074 5289 2
4074 4520 2
4075 5803 2
4075 6088 2
4075 4874 2
4075 4345 2
4076 5852 2
4076 5427 2
4077 6657 2
4077 6893 2
4078 6299 2
4079 4198 2
4079 6652 2
4080 4147 2
4081 6940 2
4082 4994 2
4083 4757 2
4083 6167 2
4083 6315 2
4083 6804 2
4084 4964 2
4085 4472 2
4085 5455 2
4086 6688 2
4086 5792 2
4086 6917 2
4086 4120 2
4086 4180 2
4087 4278 2
4087 4949 2
4088 6536 2
4089 5195 2
4089 6701 2
4090 5867 2
4090 5195 2
4091 6005 2
4091 5490 2
4091 5791 2
4092 5891 2
4092 6309 2
4092 4744 2
4093 5160 2
4094 6945 2
4094 5192 2
4094 5589 2
4095 5627 2
4095 6968 2
4096 5171 2
4096 5232 2
4096 6444 2
4097 6998 2
4099 6154 2
4099 5634 2
4100 5986 2
4100 4369 2
4100 5936 2
4101 6095 2
4102 6722 2
4103 6281 2
4103 4846 2
4104 4839 2
4104 5866 2
4104 6766 2
4105 5543 2
4105 5954 2
4106 4848 2
4106 5599 2
4106 4211 2
4106 5435 2
4107 6821 2
4107 5332 2
4107 4534 2
4107 4347 2
4108 6790 2
4109 5310 2
4109 5814 2
4110 5784 2
4110 4207 2
4110 4612 2
4113 6222 2
4113 4899 2
4114 6587 2
4114 4677 2
4115 6209 2
4115 6152 2
4115 6568 2
4117 6478 2
4117 6498 2
4117 6847 2
4117 4256 2
4119 6712 2
4119 6204 2
4120 4605 2
4120 4991 2
4121 5998 2
4121 5321 2
4121 6947 2
4122 4615 2
4122 5280 2
4126 5167 2
4126 6536 2
4126 4324 2
4126 4748 2
4127 5745 2
4127 6980 2
4127 6019 2
4128 6214 2
4129 4686 2
4130 4514 2
4130 5236 2
4131 6290 2
4131 4963 2
4131 5324 2
4132 4859 2
4132 6556 2
4133 4559 2
4133 5524 2
4133 4822 2
4134 4507 2
4134 5951 2
4135 4158 2
4135 4571 2
4135 5438 2
4136 4151 2
4136 6915 2
4136 5049 2
4136 6753 2
4136 4901 2
4137 4945 2
4138 4328 2
4138 4523 2
4139 4557 2
4139 6316 2
4140 5195 2
4140 5815 2
4140 6058 2
4141 5711 2
4141 6946 2
4141 5198 2
4141 5997 2
4142 4578 2
4142 4879 2
4142 6159 2
4142 5880 2
4142 6081 2
4142 5283 2
4142 6844 2
4143 5379 2
4143 6349 2
4143 4498 2
4145 6605 2
4145 5204 2
4145 6668 2
4146 5350 2
4146 4625 2
4146 6506 2
4147 6949 2
4147 6154 2
4147 6322 2
4147 5900 2
4148 4314 2
4149 6495 2
4150 4695 2
4151 5270 2
4152 4929 2
4152 6225 2
4152 5698 2
4152 6237 2
4153 5539 2
4153 5235 2
4154 4633 2
4155 6376 2
4155 5442 2
4155 4950 2
4155 5367 2
4155 5300 2
4155 6624 2
4156 5968 2
4156 6953 2
4156 6174 2
4157 6142 2
4157 5156 2
4158 4868 2
4158 6892 2
4158 4931 2
4160 6321 2
4161 5367 2
4161 6358 2
4161 4272 2
4161 6982 2
4161 4716 2
4162 6685 2
4162 5830 2
4162 4445 2
4163 6628 2
4163 6562 2
4164 4219 2
4164 4344 2
4164 4959 2
4164 5357 2
4165 5584 2
4165 4266 2
4165 4728 2
4166 6882 2
4166 4985 2
4167 4343 2
4167 5671 2
4168 5759 2
4168 6499 2
4168 4304 2
4169 5556 2
4169 4778 2
4170 5989 2
4172 5984 2
4173 5953 2
4173 5107 2
4174 5242 2
4174 4534 2
4174 5040 2
4175 4612 2
4175 6995 2
4175 6796 2
4176 5638 2
4176 5247 2
4177 5727 2
4178 6873 2
4179 4571 2
4179 5132 2
4179 6359 2
4179 4413 2
4179 5919 2
4179 6555 2
4180 6233 2
4182 6949 2
4183 5233 2
4183 4478 2
4183 4697 2
4183 6391 2
4183 4378 2
4185 6460 2
4186 5274 2
4186 5906 2
4187 6529 2
4187 6768 2
4188 6976 2
4188 4800 2
4189 4712 2
4189 4915 2
4191 6183 2
4192 5505 2
4193 6521 2
4193 5895 2
4194 6415 2
4194 5748 2
4196 5023 2
4196 4954 2
4196 5447 2
4198 6967 2
4199 4256 2
4200 5996 2
4200 4483 2
4200 4518 2
4201 5952 2
4201 6495 2
4201 6510 2
4201 5826 2
4201 4365 2
4202 4486 2
4203 4579 2
4203 5771 2
4203 5394 2
4203 5258 2
4204 4686 2
4204 5224 2
4204 4953 2
4205 5709 2
4205 6544 2
4205 4871 2
4205 6875 2
4206 4863 2
4206 6728 2
4207 4677 2
4207 4428 2
4207 5441 2
4207 6484 2
4207 6099 2
4208 4243 2
4208 4994 2
4209 5214 2
4210 4449 2
4210 4984 2
4210 6786 2
4212 5762 2
4212 6005 2
4212 6349 2
4212 6359 2
4213 5999 2
4213 5754 2
4214 4717 2
4214 6380 2
4215 5301 2
4215 4237 2
4216 5402 2
4216 6273 2
4217 5428 2
4217 6804 2
4218 6365 2
4218 4249 2
4219 5013 2
4220 4287 2
4221 5379 2
4221 5229 2
4221 4950 2
4221 4748 2
4221 5013 2
4222 4523 2
4222 4909 2
4223 4241 2
4224 4370 2
4224 5776 2
4224 6587 2
4225 5029 2
4226 5552 2
4226 6393 2
4227 5737 2
4229 6481 2
4229 4863 2
4229 5883 2
4230 5332 2
4230 4795 2
4230 4521 2
4231 6458 2
4231 5908 2
4231 4825 2
4231 5806 2
4232 5954 2
4233 4481 2
4233 5612 2
4236 6698 2
4237 4514 2
4238 6084 2
4239 5364 2
4240 5321 2
4240 5384 2
4240 5641 2
4241 5931 2
4243 4986 2
4243 4749 2
4243 6690 2
4244 4505 2
4245 4297 2
4246 6288 2
4247 5046 2
4247 6991 2
4247 4329 2
4248 6589 2
4248 5661 2
4249 5780 2
4249 6578 2
4250 5714 2
4250 5129 2
4250 6720 2
4251 6141 2
4251 4567 2
4252 5920 2
4252 5335 2
4253 4376 2
4253 4355 2
4254 5867 2
4254 6211 2
4255 5435 2
4255 5607 2
4256 6967 2
4256 6658 2
4257 4390 2
4258 6286 2
4258 6341 2
4259 5285 2
4259 5351 2
4259 4394 2
4259 4507 2
4260 4355 2
4260 5247 2
4261 5092 2
4262 5078 2
4263 6577 2
4263 5425 2
4264 5564 2
4265 6770 2
4265 4477 2
4265 5137 2
4265 6791 2
4266 4660 2
4266 6116 2
4268 6510 2
4268 5420 2
4269 6754 2
4269 6672 2
4269 5304 2
4271 6607 2
4271 5554 2
4271 5156 2
4272 5281 2
4272 4712 2
4272 5535 2
4272 5122 2
4273 4910 2
4274 5591 2
4275 4776 2
4275 4551 2
4275 6816 2
4275 5747 2
4278 4293 2
4278 4776 2
4279 6700 2
4279 4334 2
4280 6522 2
4281 5827 2
4281 6249 2
4281 5485 2
4281 4951 2
4282 4318 2
4282 6764 2
4282 4482 2
4282 5483 2
4283 6319 2
4284 5422 2
4284 5280 2
4284 6381 2
4284 5991 2
4284 5327 2
4285 4851 2
4285 4342 2
4286 6166 2
4287 6595 2
4288 6950 2
4289 5340 2
4289 4333 2
4289 6816 2
4291 5076 2
4292 6788 2
4292 4581 2
4292 5794 2
4293 4520 2
4293 5254 2
4294 5855 2
4294 5773 2
4295 6453 2
4296 5369 2
4296 6030 2
4296 5548 2
4297 5145 2
4298 6200 2
4298 4597 2
4299 6179 2
4299 4697 2
4299 4803 2
4299 6057 2
4299 6194 2
4300 6432 2
4302 5691 2
4302 5356 2
4303 6242 2
4303 6951 2
4304 6275 2
4304 6969 2
4304 6739 2
4304 5421 2
4304 5604 2
4305 4742 2
4305 5606 2
4305 5701 2
4306 6387 2
4307 4723 2
4307 6113 2
4307 6502 2
4307 6289 2
4308 6060 2
4308 6731 2
4308 6790 2
4309 5875 2
4309 5780 2
4310 6956 2
4311 4377 2
4311 5758 2
4312 6056 2
4313 6298 2
4313 5738 2
4314 5575 2
4315 4477 2
4316 5847 2
4316 6210 2
4316 6906 2
4316 6405 2
4317 5960 2
4317 5578 2
4318 4466 2
4318 6795 2
4318 5954 2
4318 4991 2
4320 5428 2
4320 5594 2
4321 5240 2
4321 6980 2
4322 4339 2
4322 4580 2
4323 4333 2
4323 4749 2
4324 6761 2
4324 4765 2
4325 4407 2
4325 6771 2
4325 4753 2
4325 4473 2
4326 6710 2
4326 4640 2
4328 4669 2
4329 5750 2
4329 5551 2
4329 4584 2
4330 6032 2
4331 6856 2
4331 6130 2
4332 4384 2
4332 4785 2
4332 6921 2
4333 4995 2
4333 5397 2
4334 4793 2
4334 5401 2
4335 4573 2
4335 4452 2
4335 5978 2
4336 5712 2
4336 5390 2
4336 6210 2
4338 6768 2
4339 6328 2
4339 6891 2
4339 5904 2
4339 5656 2
4340 5100 2
4343 4625 2
4343 4414 2
4343 5214 2
4343 4719 2
4344 4688 2
4345 6472 2
4345 5129 2
4345 5793 2
4347 4796 2
4347 5922 2
4347 4776 2
4348 5841 2
4349 6803 2
4349 6439 2
4349 6138 2
4349 6612 2
4351 6538 2
4351 5877 2
4352 5973 2
4352 4380 2
4353 6083 2
4353 5687 2
4353 6740 2
4354 4775 2
4354 6195 2
4354 4410 2
4356 4611 2
4356 6220 2
4356 4917 2
4357 6834 2
4357 6191 2
4359 6376 2
4361 5937 2
4361 5790 2
4361 6335 2
4362 5016 2
4363 4752 2
4364 5562 2
4364 6000 2
4365 6728 2
4366 5657 2
4366 5143 2
4367 4469 2
4367 5591 2
4368 5112 2
4368 5114 2
4368 4807 2
4368 6539 2
4370 6885 2
4370 5563 2
4371 5074 2
4372 5400 2
4373 4963 2
4374 5519 2
4374 4878 2
4374 4897 2
4374 4633 2
4375 5989 2
4375 6360 2
4376 4411 2
4376 6400 2
4377 6825 2
4378 6580 2
4378 5584 2
4378 5655 2
4379 6567 2
4380 6049 2
4380 5331 2
4381 6735 2
4383 6171 2
4383 4914 2
4385 5843 2
4386 6493 2
4386 5791 2
4386 6383 2
4386 4396 2
4387 6632 2
4387 6337 2
4388 5032 2
4389 5922 2
4389 6260 2
4390 5775 2
4390 4929 2
4390 6213 2
4390 6379 2
4390 6864 2
4390 5893 2
4392 5207 2
4393 5248 2
4393 6219 2
4394 6482 2
4395 5318 2
4395 6192 2
4396 5163 2
4396 6182 2
4396 6234 2
4397 5928 2
4397 4402 2
4397 6836 2
4397 5780 2
4397 6868 2
4398 4555 2
4398 5975 2
4399 4718 2
4399 6292 2
4400 6906 2
4400 4648 2
4401 6877 2
4401 4429 2
4402 4671 2
4402 6870 2
4403 5180 2
4404 5591 2
4404 4487 2
4404 6887 2
4406 6814 2
4406 5561 2
4406 5844 2
4407 5747 2
4408 4848 2
4408 4433 2
4408 5987 2
4408 6443 2
4409 6415 2
4409 4836 2
4410 5574 2
4410 5444 2
4410 5262 2
4411 4534 2
4411 6198 2
4412 6539 2
4413 6929 2
4414 5054 2
4414 4762 2
4414 4805 2
4415 5437 2
4415 6912 2
4415 5217 2
4416 4785 2
4416 4758 2
4417 4660 2
4417 5582 2
4418 5735 2
4418 4527 2
4418 5918 2
4418 4608 2
4418 5566 2
4419 5595 2
4419 4923 2
4420 5513 2
4420 5815 2
4421 5278 2
4422 6341 2
4425 5511 2
4425 6803 2
4426 5385 2
4426 6478 2
4426 6080 2
4426 6607 2
4426 6701 2
4426 5167 2
4426 6634 2
4427 5876 2
4427 5199 2
4427 5519 2
4427 5150 2
4428 6367 2
4429 6447 2
4429 6621 2
4430 5879 2
4430 6040 2
4431 4939 2
4431 6626 2
4432 6012 2
4433 6586 2
4433 4926 2
4433 6546 2
4435 5906 2
4435 6536 2
4435 6357 2
4435 6999 2
4436 5249 2
4436 5969 2
4436 6613 2
4436 5810 2
4437 4776 2
4437 5289 2
4437 5540 2
4438 4621 2
4438 6252 2
4439 6593 2
4439 4997 2
4439 5439 2
4440 4833 2
4440 5849 2
4440 6262 2
4440 6166 2
4441 5144 2
4442 4932 2
4442 6250 2
4443 5328 2
4443 4572 2
4444 5031 2
4445 6296 2
4445 6382 2
4448 5927 2
4449 6139 2
4449 4928 2
4449 6557 2
4450 6627 2
4450 6190 2
4451 6190 2
4452 6459 2
4453 5125 2
4454 5216 2
4455 4768 2
4455 6700 2
4456 6972 2
4456 6603 2
4456 5986 2
4457 5002 2
4458 6340 2
4458 4610 2
4458 6164 2
4458 6391 2
4459 4916 2
4459 5267 2
4459 5194 2
4460 6993 2
4460 4919 2
4461 4736 2
4461 6369 2
4461 5338 2
4461 4617 2
4462 6741 2
4463 6943 2
4464 6265 2
4464 4954 2
4464 6616 2
4464 5399 2
4468 6335 2
4468 6262 2
4468 6159 2
4469 5412 2
4470 5390 2
4470 5941 2
4470 6668 2
4471 5712 2
4471 4653 2
4472 6257 2
4472 4488 2
4474 6021 2
4474 6144 2
4475 6013 2
4475 4701 2
4475 6485 2
4475 5704 2
4476 6379 2
4477 5204 2
4478 5035 2
4478 6244 2
4479 6324 2
4479 6110 2
4479 4583 2
4479 5758 2
4481 4524 2
4481 6366 2
4482 4790 2
4482 5265 2
4482 6272 2
4483 6908 2
4483 5023 2
4484 5095 2
4484 4781 2
4484 6479 2
4484 4986 2
4485 5726 2
4486 5178 2
4486 5169 2
4488 5398 2
4488 6015 2
4489 6083 2
4490 5461 2
4490 4796 2
4490 4783 2
4491 5499 2
4491 6292 2
4492 5352 2
4493 6776 2
4493 5482 2
4494 5116 2
4494 5064 2
4495 5977 2
4495 5475 2
4495 5700 2
4495 5293 2
4496 6575 2
4496 5077 2
4497 4910 2
4497 5828 2
4497 4652 2
4497 4659 2
4497 5754 2
4498 5165 2
4498 5907 2
4499 6070 2
4499 5197 2
4500 5093 2
4501 4726 2
4502 6184 2
4502 5444 2
4502 5813 2
4503 5303 2
4503 4567 2
4504 5672 2
4504 6731 2
4505 4594 2
4505 6049 2
4506 6106 2
4506 4754 2
4507 6500 2
4510 6506 2
4510 6568 2
4511 5995 2
4511 5885 2
4512 6897 2
4513 4796 2
4513 6290 2
4513 6089 2
4513 5808 2
4515 6953 2
4515 5617 2
4516 6378 2
4516 5744 2
4517 6142 2
4517 5350 2
4517 5294 2
4517 5933 2
4518 5098 2
4519 5884 2
4519 6884 2
4520 6861 2
4520 5718 2
4521 6623 2
4521 6046 2
4521 6119 2
4521 6743 2
4522 5938 2
4522 6692 2
4524 6558 2
4524 5818 2
4525 5799 2
4525 5764 2
4525 6163 2
4527 4664 2
4527 6369 2
4527 6207 2
4527 4934 2
4528 6509 2
4528 6959 2
4528 6082 2
4529 5914 2
4530 5662 2
4530 6508 2
4531 6411 2
4531 5676 2
4533 5853 2
4533 4584 2
4533 5288 2
4533 5543 2
4534 6058 2
4534 5845 2
4535 5801 2
4535 6281 2
4537 5992 2
4538 6168 2
4539 6799 2
4539 5792 2
4540 6004 2
4540 5108 2
4540 4934 2
4541 5642 2
4542 4618 2
4543 5255 2
4543 4897 2
4544 6843 2
4545 4687 2
4546 6420 2
4546 6275 2
4546 5140 2
4547 6399 2
4548 5370 2
4548 6942 2
4549 6749 2
4549 5617 2
4551 5530 2
4551 6776 2
4551 6220 2
4551 5242 2
4552 5404 2
4552 4617 2
4553 4910 2
4554 6716 2
4554 6747 2
4554 5141 2
4555 6043 2
4556 5026 2
4556 5511 2
4557 6098 2
4557 5109 2
4558 5487 2
4558 6394 2
4558 4563 2
4559 4735 2
4559 5425 2
4560 6068 2
4561 5649 2
4562 5469 2
4562 5202 2
4562 5093 2
4563 6108 2
4563 6022 2
4564 6552 2
4564 4639 2
4564 6816 2
4567 5825 2
4567 6330 2
4568 6710 2
4568 6591 2
4569 5065 2
4570 5166 2
4571 5671 2
4571 4662 2
4572 5770 2
4572 5523 2
4572 5319 2
4573 6734 2
4575 6551 2
4576 6646 2
4577 5521 2
4577 5643 2
4579 6602 2
4579 5868 2
4579 6703 2
4581 5320 2
4582 4761 2
4582 5397 2
4582 6636 2
4582 5892 2
4583 6293 2
4583 6875 2
4584 6657 2
4584 4637 2
4585 6824 2
4585 5425 2
4586 6126 2
4586 6349 2
4586 6106 2
4587 4781 2
4587 6848 2
4587 6410 2
4588 5612 2
4588 6513 2
4588 6413 2
4589 5443 2
4591 5742 2
4591 5076 2
4591 4648 2
4592 5499 2
4592 6515 2
4593 5246 2
4593 5329 2
4594 5301 2
4595 5924 2
4595 4885 2
4596 6972 2
4596 6914 2
4596 6939 2
4597 5299 2
4597 6311 2
4598 5004 2
4598 4808 2
4598 6197 2
4598 4629 2
4598 6878 2
4598 6965 2
4599 6017 2
4599 6822 2
4599 4859 2
4600 5127 2
4600 6276 2
4600 6305 2
4601 5889 2
4601 5409 2
4602 6984 2
4603 6080 2
4603 6999 2
4603 6116 2
4604 6037 2
4606 5510 2
4607 4908 2
4608 6122 2
4608 5586 2
4608 5988 2
4608 6822 2
4608 5025 2
4609 6343 2
4609 6541 2
4611 5240 2
4612 5240 2
4612 6042 2
4613 5437 2
4614 5865 2
4614 6552 2
4616 6746 2
4616 5707 2
4617 5077 2
4617 5056 2
4618 5395 2
4618 5469 2
4619 5542 2
4620 4718 2
4621 5303 2
4621 6137 2
4622 6814 2
4623 5572 2
4624 6495 2
4624 6903 2
4624 5359 2
4625 5526 2
4625 5279 2
4626 6954 2
4628 5852 2
4628 6426 2
4628 5874 2
4629 6085 2
4629 5286 2
4629 6584 2
4630 6487 2
4630 5954 2
4631 6399 2
4631 6426 2
4631 5288 2
4631 5020 2
4632 5710 2
4632 6805 2
4632 5228 2
4632 5293 2
4633 6676 2
4635 5200 2
4636 4690 2
4636 6777 2
4637 5578 2
4637 6527 2
4638 5360 2
4638 5845 2
4638 4660 2
4639 6303 2
4639 6419 2
4640 5970 2
4640 5789 2
4641 6520 2
4641 6849 2
4641 6437 2
4642 5010 2
4642 5698 2
4644 5116 2
4644 6164 2
4645 5667 2
4646 4969 2
4646 6002 2
4651 5780 2
4651 4899 2
4652 4907 2
4652 6213 2
4652 5794 2
4653 5790 2
4653 4962 2
4654 5274 2
4654 6471 2
4654 5380 2
4654 6345 2
4656 6939 2
4656 4813 2
4656 5789 2
4657 6760 2
4658 5455 2
4658 5281 2
4659 5155 2
4659 5953 2
4660 5755 2
4661 5201 2
4661 6796 2
4662 4801 2
4662 5593 2
4663 5025 2
4664 6892 2
4664 5986 2
4664 5274 2
4665 5282 2
4666 5742 2
4667 5543 2
4669 5651 2
4669 4860 2
4670 5064 2
4670 5282 2
4671 6680 2
4671 6501 2
4671 6018 2
4672 6756 2
4672 6932 2
4673 4812 2
4673 5106 2
4675 6122 2
4676 4876 2
4678 4866 2
4680 5420 2
4680 5624 2
4680 5833 2
4680 6511 2
4680 6513 2
4681 6403 2
4681 5765 2
4682 4731 2
4682 5516 2
4683 5750 2
4683 6458 2
4683 4872 2
4684 5400 2
4684 4957 2
4684 5567 2
4688 4889 2
4688 6699 2
4689 5572 2
4689 5630 2
4690 4924 2
4691 5595 2
4691 6686 2
4691 5243 2
4693 5919 2
4693 5714 2
4694 6864 2
4694 4846 2
4695 4871 2
4696 6693 2
4697 6105 2
4697 6643 2
4697 5328 2
4697 5199 2
4698 4797 2
4700 6171 2
4703 6758 2
4704 6355 2
4705 5609 2
4706 5131 2
4706 5358 2
4707 6803 2
4708 6424 2
4709 6312 2
4709 5615 2
4709 4777 2
4709 5208 2
4710 6260 2
4711 6240 2
4712 5540 2
4712 5946 2
4713 6994 2
4714 6835 2
4714 5909 2
4715 5926 2
4715 5445 2
4715 5905 2
4716 4828 2
4716 6026 2
4717 6707 2
4717 5991 2
4717 5644 2
4718 6541 2
4719 5114 2
4720 6604 2
4720 4942 2
4721 5131 2
4722 4924 2
4724 6309 2
4724 6570 2
4724 6344 2
4725 6517 2
4726 6576 2
4728 6082 2
4730 6699 2
4730 6009 2
4732 6964 2
4732 4956 2
4732 6079 2
4732 5795 2
4734 6219 2
4735 6679 2
4735 5850 2
4736 6960 2
4738 6878 2
4738 4854 2
4739 6977 2
4740 4775 2
4740 6382 2
4740 6000 2
4741 6923 2
4741 5702 2
4742 5558 2
4742 5040 2
4743 5979 2
4744 5598 2
4745 6669 2
4745 6108 2
4747 6812 2
4747 5975 2
4747 5475 2
4748 6547 2
4748 6290 2
4748 6190 2
4748 6277 2
4749 5582 2
4750 5187 2
4751 5311 2
4753 4962 2
4753 6799 2
4754 5597 2
4755 5630 2
4755 6627 2
4756 5099 2
4756 6754 2
4756 5347 2
4757 5128 2
4757 5499 2
4757 5061 2
4758 5469 2
4758 5143 2
4759 6128 2
4759 5435 2
4760 6384 2
4760 5533 2
4761 6839 2
4761 5811 2
4761 6339 2
4762 5296 2
4762 6450 2
4763 5973 2
4764 5425 2
4764 6665 2
4765 5293 2
4765 6222 2
4767 6860 2
4767 6197 2
4768 6672 2
4769 5802 2
4769 6309 2
4770 6130 2
4770 5120 2
4772 6136 2
4772 6306 2
4773 6152 2
4773 5727 2
4774 6143 2
4777 6308 2
4777 5198 2
4778 6768 2
4779 6435 2
4780 6918 2
4781 5426 2
4782 5869 2
4783 6573 2
4783 5133 2
4784 5952 2
4784 4974 2
4785 5453 2
4785 5284 2
4786 6850 2
4787 5751 2
4788 5047 2
4788 4985 2
4788 5201 2
4790 5140 2
4791 6565 2
4791 5875 2
4791 6940 2
4792 6383 2
4792 5215 2
4793 5112 2
4793 6219 2
4795 6753 2
4795 6617 2
4795 4965 2
4796 5532 2
4796 4986 2
4797 4974 2
4797 4892 2
4798 5790 2
4799 6530 2
4799 6975 2
4800 6346 2
4801 4915 2
4801 6770 2
4804 4843 2
4805 5792 2
4805 4948 2
4805 6009 2
4805 6967 2
4806 5655 2
4806 5386 2
4807 4827 2
4809 6019 2
4810 6060 2
4811 5545 2
4811 6403 2
4812 5728 2
4812 6097 2
4812 6852 2
4813 6235 2
4813 5534 2
4813 6005 2
4814 6871 2
4814 6212 2
4814 5048 2
4814 5584 2
4816 6796 2
4816 6078 2
4817 6515 2
4817 5310 2
4817 6030 2
4818 5753 2
4818 6698 2
4819 5379 2
4819 5435 2
4820 5050 2
4821 5512 2
4821 5101 2
4822 6373 2
4823 6690 2
4823 6937 2
4823 5499 2
4825 6852 2
4825 6856 2
4826 6796 2
4826 6909 2
4826 5093 2
4827 6013 2
4827 6376 2
4827 6586 2
4828 5469 2
4828 4880 2
4828 6188 2
4829 6156 2
4829 6092 2
4830 5924 2
4830 5894 2
4830 6122 2
4830 4919 2
4830 5381 2
4831 5791 2
4831 5211 2
4831 5156 2
4832 5806 2
4832 4914 2
4833 6778 2
4833 5577 2
4834 6210 2
4834 5912 2
4834 6159 2
4834 4984 2
4835 4870 2
4835 6965 2
4835 6050 2
4835 6641 2
4835 6057 2
4835 6721 2
4836 5145 2
4836 5439 2
4836 5125 2
4836 5236 2
4838 6498 2
4838 5912 2
4839 6243 2
4839 6034 2
4840 5172 2
4841 5620 2
4842 5273 2
4843 6519 2
4844 6304 2
4845 6094 2
4846 6168 2
4846 5576 2
4847 5569 2
4848 5753 2
4849 6618 2
4851 6496 2
4851 6530 2
4852 6629 2
4852 6114 2
4852 5371 2
4853 5487 2
4853 6419 2
4853 6676 2
4854 6641 2
4854 6851 2
4855 6616 2
4858 6900 2
4859 5567 2
4860 6226 2
4861 6190 2
4862 6551 2
4863 6058 2
4863 6425 2
4863 5182 2
4864 6781 2
4864 6607 2
4864 5940 2
4865 5205 2
4866 4910 2
4867 4911 2
4868 6324 2
4869 6389 2
4869 5267 2
4869 5941 2
4870 6034 2
4871 5628 2
4872 5675 2
4872 6376 2
4873 4917 2
4873 6985 2
4873 6198 2
4873 6032 2
4874 5954 2
4874 5220 2
4875 5485 2
4875 6354 2
4876 6143 2
4877 5984 2
4879 6456 2
4879 6584 2
4880 5875 2
4880 6158 2
4880 6921 2
4883 5488 2
4883 4952 2
4884 6054 2
4884 5491 2
4885 6124 2
4885 5714 2
4885 5917 2
4886 5327 2
4886 6444 2
4887 6005 2
4887 5034 2
4887 5256 2
4887 5865 2
4888 5229 2
4892 6000 2
4894 5761 2
4894 5942 2
4894 5730 2
4895 6521 2
4895 6774 2
4895 5628 2
4895 6084 2
4896 5864 2
4896 6064 2
4897 5023 2
4899 4940 2
4899 6184 2
4899 5646 2
4899 6948 2
4899 5205 2
4900 6518 2
4900 5876 2
4905 6018 2
4905 6289 2
4905 5925 2
4906 6512 2
4906 6036 2
4907 5598 2
4907 5491 2
4907 5702 2
4907 6595 2
4910 6643 2
4910 5595 2
4912 6972 2
4912 5023 2
4913 6955 2
4914 5371 2
4914 6055 2
4914 5613 2
4914 6906 2
4915 6186 2
4915 6882 2
4915 6389 2
4917 5734 2
4918 5660 2
4919 5609 2
4919 6028 2
4920 4929 2
4921 6059 2
4921 5211 2
4922 5114 2
4922 6926 2
4923 5179 2
4924 6134 2
4925 6757 2
4926 6042 2
4927 6505 2
4928 5285 2
4929 5435 2
4929 5794 2
4930 5971 2
4930 6028 2
4930 5505 2
4932 5423 2
4933 6922 2
4933 6514 2
4934 5077 2
4935 5315 2
4935 5289 2
4936 5359 2
4937 5377 2
4937 6812 2
4938 5934 2
4939 5963 2
4939 5632 2
4940 5844 2
4940 5065 2
4941 6455 2
4942 6496 2
4942 5638 2
4943 5832 2
4943 5509 2
4944 5717 2
4944 6759 2
4946 6539 2
4946 6465 2
4947 6442 2
4948 5654 2
4948 6774 2
4949 6930 2
4950 6541 2
4950 6762 2
4950 5839 2
4951 5624 2
4952 5780 2
4953 5934 2
4953 5348 2
4954 5394 2
4954 5703 2
4954 5587 2
4955 5071 2
4956 6707 2
4956 6969 2
4956 5698 2
4958 6326 2
4958 6521 2
4960 5063 2
4961 5693 2
4963 5389 2
4963 6220 2
4965 5743 2
4965 5376 2
4966 5984 2
4967 6364 2
4967 6846 2
4968 5131 2
4968 5002 2
4968 6346 2
4968 6018 2
4968 6599 2
4969 5557 2
4969 5314 2
4969 5256 2
4969 6876 2
4969 5363 2
4970 6724 2
4970 6138 2
4971 6020 2
4971 6193 2
4973 6673 2
4974 6470 2
4974 6086 2
4974 5662 2
4974 5418 2
4975 5641 2
4976 6999 2
4976 5332 2
4977 5378 2
4979 5087 2
4979 5551 2
4979 6056 2
4980 5833 2
4980 6893 2
4981 5555 2
4981 5506 2
4981 6577 2
4982 5703 2
4982 5260 2
4982 5120 2
4983 6767 2
4983 5231 2
4984 5349 2
4985 6508 2
4985 5665 2
4986 5798 2
4986 5170 2
4986 5167 2
4987 6142 2
4987 6915 2
4987 6748 2
4987 6673 2
4987 6805 2
4987 5063 2
4987 6788 2
4989 5635 2
4989 6351 2
4990 6810 2
4991 6920 2
4991 6110 2
4992 6400 2
4993 6140 2
4994 5290 2
4995 6939 2
4995 5447 2
4995 5986 2
4995 5630 2
4995 6767 2
4997 5610 2
4997 6538 2
4997 6762 2
4997 5343 2
4998 6361 2
4998 6532 2
4999 5021 2
4999 6420 2
5002 6761 2
5002 6853 2
5004 5982 2
5005 5586 2
5005 5989 2
5006 5872 2
5006 6271 2
5007 5917 2
5008 5300 2
5010 5757 2
5010 5591 2
5011 6142 2
5012 6751 2
5013 6105 2
5013 6328 2
5014 6631 2
5014 6891 2
5014 6499 2
5015 6209 2
5015 5504 2
5017 6894 2
5017 5928 2
5018 6469 2
5019 5513 2
5019 5856 2
5020 6783 2
5020 5247 2
5021 5675 2
5021 5357 2
5021 5906 2
5023 6448 2
5023 6767 2
5024 5963 2
5024 5331 2
5026 6904 2
5026 6991 2
5029 6970 2
5030 6139 2
5031 5315 2
5031 5323 2
5032 5537 2
5036 6234 2
5036 5347 2
5037 6233 2
5038 6410 2
5038 5718 2
5039 5192 2
5040 6809 2
5041 6316 2
5041 5348 2
5042 5063 2
5042 6781 2
5043 6960 2
5043 5741 2
5043 5638 2
5043 6326 2
5044 6800 2
5044 5423 2
5044 5626 2
5044 5045 2
5046 6412 2
5047 6462 2
5050 5354 2
5050 5265 2
5051 5198 2
5053 6164 2
5053 6245 2
5054 6385 2
5055 5086 2
5056 6246 2
5056 6076 2
5058 5433 2
5059 5576 2
5060 6882 2
5061 6927 2
5062 6568 2
5062 6994 2
5062 6450 2
5062 5229 2
5062 5621 2
5063 6624 2
5063 5656 2
5063 6110 2
5063 5076 2
5064 5840 2
5064 5490 2
5066 5627 2
5066 5939 2
5067 5264 2
5068 6735 2
5068 5119 2
5070 6473 2
5071 6425 2
5071 6111 2
5071 6744 2
5072 6737 2
5073 6158 2
5073 6431 2
5074 5785 2
5076 6928 2
5077 6778 2
5077 6345 2
5078 5904 2
5078 5586 2
5079 6510 2
5080 5684 2
5080 5730 2
5081 5607 2
5083 5661 2
5084 6720 2
5084 6814 2
5085 5115 2
5085 6928 2
5085 6019 2
5085 5468 2
5085 6531 2
5086 5329 2
5087 6534 2
5088 5847 2
5088 6432 2
5089 6896 2
5089 6859 2
5089 5259 2
5091 6352 2
5092 6923 2
5092 5638 2
5093 6746 2
5093 5651 2
5094 6708 2
5095 6235 2
5096 5503 2
5098 6358 2
5098 5615 2
5099 5807 2
5099 6938 2
5099 6087 2
5100 5891 2
5101 5632 2
5101 6824 2
5101 6801 2
5104 5344 2
5104 6802 2
5105 6044 2
5105 5286 2
5106 6700 2
5108 5257 2
5109 5227 2
5109 6775 2
5109 5483 2
5110 5175 2
5110 5244 2
5112 6101 2
5112 5154 2
5113 6208 2
5115 5183 2
5116 5170 2
5118 5296 2
5118 5155 2
5118 6859 2
5119 5195 2
5119 6743 2
5120 6013 2
5120 5707 2
5121 5475 2
5122 5460 2
5122 5722 2
5123 6096 2
5123 6541 2
5123 5255 2
5125 5468 2
5127 5459 2
5127 5380 2
5128 6353 2
5128 6401 2
5129 5865 2
5131 5620 2
5132 6438 2
5133 6518 2
5134 5630 2
5134 6004 2
5134 5174 2
5135 6828 2
5136 6002 2
5138 6184 2
5138 5606 2
5138 6661 2
5140 6069 2
5140 6307 2
5140 6818 2
5140 5572 2
5140 6133 2
5140 5641 2
5143 5791 2
5144 5333 2
5144 6634 2
5144 6214 2
5145 6063 2
5145 5480 2
5146 6393 2
5146 5581 2
5147 5432 2
5147 5204 2
5150 6518 2
5150 5388 2
5150 5378 2
5151 6006 2
5152 6731 2
5152 5231 2
5153 5688 2
5154 5180 2
5155 6363 2
5155 5286 2
5156 5434 2
5156 6039 2
5157 5981 2
5157 6707 2
5158 5425 2
5159 5919 2
5161 5620 2
5162 6525 2
5164 6261 2
5164 6361 2
5164 6482 2
5165 6101 2
5165 5910 2
5165 6259 2
5165 6130 2
5167 5533 2
5167 6159 2
5168 5829 2
5169 5237 2
5171 6302 2
5172 5641 2
5173 6489 2
5173 6485 2
5173 5460 2
5174 5955 2
5174 6839 2
5175 6144 2
5175 5801 2
5177 6568 2
5178 5730 2
5179 6874 2
5179 5754 2
5179 6952 2
5179 5592 2
5180 5679 2
5182 6499 2
5183 6616 2
5184 5847 2
5185 6147 2
5186 5753 2
5186 5875 2
5186 6995 2
5187 5240 2
5188 6531 2
5188 6860 2
5189 6443 2
5190 6254 2
5190 5815 2
5191 6283 2
5192 6560 2
5193 5283 2
5193 6617 2
5194 6571 2
5195 5903 2
5197 6067 2
5199 6917 2
5199 6719 2
5199 6177 2
5200 6803 2
5200 5249 2
5202 5609 2
5202 6536 2
5202 6656 2
5202 6018 2
5202 5623 2
5202 6226 2
5203 5479 2
5203 6953 2
5203 5404 2
5205 6382 2
5205 6763 2
5206 6231 2
5206 6665 2
5207 6986 2
5207 6476 2
5207 6324 2
5209 6249 2
5209 5731 2
5210 5482 2
5212 6187 2
5212 5655 2
5213 5898 2
5213 6255 2
5213 5983 2
5213 5971 2
5214 6986 2
5215 6225 2
5218 6671 2
5219 6756 2
5219 6495 2
5220 5282 2
5221 6689 2
5221 5500 2
5222 5563 2
5224 5978 2
5225 6769 2
5226 5671 2
5226 6245 2
5227 5310 2
5227 6306 2
5227 6461 2
5227 6181 2
5229 6343 2
5229 6275 2
5229 5879 2
5231 6552 2
5232 5582 2
5232 6791 2
5233 6211 2
5233 6355 2
5234 5314 2
5236 6007 2
5237 6649 2
5238 6718 2
5238 5764 2
5239 6600 2
5239 5336 2
5239 6546 2
5241 6860 2
5242 6188 2
5243 6714 2
5244 5840 2
5244 5637 2
5245 6957 2
5247 6190 2
5249 5823 2
5250 6681 2
5251 6967 2
5253 6491 2
5253 5854 2
5255 6677 2
5256 5270 2
5256 6973 2
5257 5429 2
5262 5642 2
5262 5267 2
5262 5764 2
5265 6491 2
5265 6071 2
5266 6137 2
5266 6991 2
5268 6479 2
5269 6829 2
5269 6360 2
5269 6687 2
5270 6425 2
5273 6121 2
5273 5818 2
5273 5771 2
5273 6736 2
5274 5860 2
5274 6597 2
5276 6073 2
5276 5687 2
5276 6528 2
5278 6298 2
5278 6552 2
5279 6776 2
5279 6303 2
5280 5457 2
5280 6834 2
5285 5538 2
5286 6232 2
5286 5480 2
5289 5812 2
5290 6690 2
5290 6671 2
5292 6233 2
5293 6433 2
5293 6802 2
5293 5568 2
5295 5539 2
5297 5519 2
5298 5932 2
5298 5968 2
5298 5635 2
5301 5418 2
5301 5309 2
5301 6839 2
5303 5698 2
5303 6040 2
5304 6852 2
5305 6991 2
5306 6867 2
5306 6991 2
5307 5695 2
5307 6242 2
5307 6698 2
5308 6433 2
5309 5649 2
5310 6165 2
5310 5318 2
5310 6122 2
5310 6810 2
5311 5811 2
5313 6056 2
5313 6691 2
5313 5358 2
5314 5546 2
5315 5540 2
5316 5867 2
5317 6139 2
5317 6164 2
5317 5506 2
5318 6015 2
5318 6200 2
5318 5412 2
5320 6419 2
5320 6561 2
5323 5734 2
5324 6510 2
5325 6637 2
5326 6682 2
5326 6389 2
5327 6806 2
5329 6775 2
5329 6771 2
5329 6143 2
5330 5964 2
5330 6366 2
5331 6516 2
5332 6037 2
5332 6119 2
5332 6922 2
5332 5589 2
5334 6207 2
5336 6194 2
5336 6125 2
5336 6560 2
5338 6737 2
5338 6971 2
5341 5913 2
5342 6425 2
5342 5574 2
5342 5597 2
5344 5428 2
5344 5833 2
5344 5991 2
5344 6228 2
5345 6643 2
5345 5552 2
5346 6275 2
5346 6599 2
5346 5851 2
5346 6127 2
5348 6095 2
5349 5362 2
5349 6222 2
5349 6490 2
5351 5758 2
5353 5993 2
5356 6580 2
5357 6611 2
5357 6180 2
5358 6112 2
5359 5687 2
5359 6587 2
5359 6287 2
5359 6412 2
5359 5429 2
5359 6095 2
5359 6515 2
5360 5933 2
5360 6078 2
5360 6504 2
5360 6677 2
5362 5863 2
5364 6391 2
5365 5856 2
5365 6098 2
5366 6072 2
5366 5457 2
5366 5718 2
5367 6855 2
5369 5844 2
5371 6390 2
5373 6672 2
5374 6213 2
5375 6400 2
5376 5751 2
5376 5902 2
5377 5882 2
5377 5811 2
5378 6682 2
5378 6640 2
5379 6130 2
5381 5471 2
5381 6971 2
5382 6245 2
5382 6200 2
5383 6214 2
5384 6463 2
5385 5907 2
5386 6718 2
5390 5730 2
5390 6683 2
5390 5727 2
5391 5492 2
5391 6755 2
5393 6109 2
5394 5775 2
5394 6724 2
5394 6451 2
5394 6406 2
5396 6390 2
5396 5841 2
5398 5611 2
5399 6515 2
5400 5687 2
5401 6493 2
5401 6758 2
5401 5916 2
5402 6211 2
5402 5434 2
5403 6112 2
5403 5603 2
5404 6511 2
5404 5450 2
5404 6604 2
5405 5827 2
5405 6993 2
5406 6209 2
5407 6472 2
5409 6763 2
5410 5813 2
5412 6090 2
5412 6737 2
5413 6790 2
5417 6020 2
5418 6690 2
5419 5428 2
5421 5943 2
5422 6144 2
5424 5792 2
5425 5706 2
5426 6707 2
5427 6628 2
5428 5502 2
5429 6980 2
5430 6544 2
5430 6190 2
5431 6941 2
5432 6318 2
5432 5602 2
5434 6282 2
5434 6773 2
5436 6180 2
5436 5527 2
5436 6635 2
5436 6625 2
5439 5673 2
5440 6926 2
5440 6340 2
5441 5784 2
5441 5699 2
5442 6244 2
5444 6573 2
5445 5994 2
5446 5867 2
5446 6571 2
5447 5732 2
5447 6685 2
5448 5543 2
5449 6841 2
5450 6559 2
5451 6388 2
5451 6601 2
5452 5957 2
5452 5971 2
5453 6144 2
5453 6475 2
5455 6632 2
5455 5745 2
5455 6907 2
5455 6730 2
5457 5967 2
5457 6202 2
5457 6296 2
5459 6333 2
5460 5985 2
5460 5968 2
5462 6354 2
5464 6799 2
5465 6438 2
5465 6626 2
5466 5913 2
5468 5711 2
5468 5888 2
5468 5725 2
5470 5607 2
5470 6921 2
5472 6963 2
5475 5537 2
5475 6570 2
5476 6796 2
5476 6425 2
5481 6696 2
5486 6511 2
5487 6313 2
5488 6131 2
5489 5893 2
5490 5907 2
5491 5954 2
5492 6153 2
5493 6530 2
5493 6664 2
5494 6695 2
5495 5702 2
5496 6885 2
5496 6582 2
5497 6680 2
5498 6537 2
5500 6930 2
5501 6379 2
5502 6435 2
5502 6165 2
5503 6979 2
5503 6162 2
5504 6412 2
5504 6752 2
5505 6129 2
5507 6836 2
5509 6708 2
5509 6514 2
5510 6734 2
5510 6282 2
5510 6691 2
5511 6369 2
5512 5652 2
5512 6606 2
5515 6283 2
5517 6503 2
5517 6411 2
5518 5710 2
5519 6723 2
5519 6540 2
5521 5952 2
5521 5896 2
5528 5707 2
5529 5794 2
5529 5695 2
5531 5572 2
5532 6435 2
5536 6408 2
5536 6987 2
5537 5714 2
5537 6824 2
5537 6809 2
5538 6049 2
5541 6278 2
5542 5814 2
5543 6783 2
5544 6361 2
5544 6941 2
5545 6969 2
5548 6848 2
5550 6517 2
5551 5900 2
5553 5624 2
5554 5810 2
5555 6806 2
5556 6382 2
5557 6154 2
5558 6209 2
5558 5734 2
5559 6708 2
5560 6668 2
5560 6457 2
5561 6803 2
5562 5590 2
5562 6126 2
5563 6644 2
5564 5682 2
5564 6200 2
5565 5788 2
5567 5613 2
5567 5808 2
5567 6312 2
5567 5841 2
5570 6244 2
5571 5873 2
5572 5761 2
5575 6161 2
5575 5971 2
5576 6145 2
5579 6693 2
5579 6830 2
5582 6779 2
5582 6422 2
5582 6246 2
5584 6751 2
5587 6496 2
5588 5910 2
5588 6251 2
5589 6902 2
5589 5635 2
5591 6987 2
5592 5872 2
5594 6363 2
5596 5956 2
5597 6912 2
5598 6930 2
5599 6971 2
5599 6215 2
5600 6054 2
5600 5948 2
5601 6169 2
5602 6376 2
5603 6939 2
5604 6848 2
5605 6365 2
5605 5874 2
5607 5866 2
5608 6574 2
5609 5627 2
5610 6412 2
5612 6885 2
5617 5705 2
5617 6662 2
5618 6213 2
5623 6711 2
5623 6491 2
5624 6440 2
5625 6364 2
5625 6990 2
5630 6579 2
5630 6025 2
5632 6603 2
5633 6563 2
5635 5863 2
5638 6238 2
5642 6878 2
5644 6473 2
5646 6569 2
5646 6181 2
5647 5831 2
5647 6667 2
5648 6673 2
5648 6814 2
5649 6750 2
5653 5686 2
5654 6292 2
5656 6439 2
5658 6343 2
5659 6655 2
5660 6721 2
5662 6704 2
5662 6442 2
5663 5692 2
5663 6137 2
5664 6769 2
5665 6256 2
5666 6569 2
5667 5715 2
5670 6685 2
5670 6852 2
5671 5902 2
5672 5891 2
5672 6424 2
5673 6843 2
5676 6387 2
5677 6213 2
5678 6869 2
5678 6711 2
5679 6026 2
5679 6339 2
5681 5903 2
5681 6516 2
5682 6958 2
5683 6580 2
5683 6792 2
5683 6398 2
5684 5701 2
5686 5797 2
5687 6334 2
5687 5870 2
5688 6561 2
5689 6221 2
5690 6692 2
5690 5798 2
5691 6232 2
5693 6058 2
5694 6074 2
5695 6676 2
5696 6701 2
5696 5978 2
5697 6904 2
5697 5768 2
5697 6869 2
5698 6146 2
5700 6297 2
5701 5743 2
5701 6197 2
5701 6228 2
5702 6281 2
5702 6957 2
5704 6866 2
5705 6478 2
5706 6619 2
5706 6769 2
5707 5725 2
5709 6595 2
5713 6811 2
5714 5870 2
5715 6101 2
5716 6297 2
5716 5787 2
5718 5729 2
5720 6201 2
5720 6200 2
5721 5947 2
5722 6503 2
5723 5731 2
5724 5763 2
5725 6540 2
5726 6964 2
5728 6280 2
5728 6582 2
5729 5981 2
5731 6608 2
5731 6280 2
5733 6902 2
5734 5932 2
5734 6186 2
5734 5971 2
5735 6440 2
5737 6626 2
5737 6014 2
5739 6695 2
5739 6861 2
5739 6489 2
5740 5924 2
5740 6851 2
5740 5876 2
5742 6555 2
5742 6298 2
5743 5787 2
5745 6396 2
5748 6169 2
5748 5961 2
5750 6136 2
5751 6396 2
5759 6184 2
5761 6439 2
5762 5956 2
5762 5920 2
5763 6190 2
5763 6726 2
5764 6313 2
5764 6840 2
5768 5782 2
5769 6665 2
5770 6557 2
5770 5983 2
5772 6693 2
5775 6157 2
5775 6754 2
5777 6755 2
5778 6912 2
5780 6181 2
5781 5973 2
5782 6714 2
5788 6974 2
5788 6109 2
5790 6509 2
5791 6909 2
5793 6673 2
5793 6476 2
5793 6245 2
5794 6015 2
5795 6964 2
5797 6397 2
5799 5861 2
5801 6944 2
5801 6923 2
5802 5823 2
5803 6478 2
5808 5972 2
5815 5846 2
5818 6259 2
5818 6096 2
5818 6129 2
5820 6128 2
5820 6758 2
5821 6035 2
5823 6144 2
5823 6738 2
5824 6587 2
5826 6849 2
5828 6714 2
5829 6976 2
5830 5893 2
5832 6227 2
5832 6023 2
5833 6285 2
5834 5948 2
5835 6289 2
5835 5850 2
5836 6953 2
5836 5939 2
5837 6790 2
5842 6868 2
5843 6458 2
5843 5863 2
5844 6457 2
5844 5909 2
5845 6636 2
5845 5947 2
5846 6280 2
5846 6242 2
5848 6899 2
5848 6508 2
5851 6000 2
5852 6514 2
5857 6281 2
5861 6230 2
5861 6208 2
5862 6114 2
5862 6015 2
5862 6822 2
5864 6116 2
5867 6049 2
5868 6368 2
5871 6959 2
5871 6684 2
5871 6229 2
5872 6410 2
5873 6621 2
5874 6753 2
5876 6319 2
5876 6544 2
5876 6190 2
5877 6096 2
5877 6399 2
5877 5928 2
5880 6602 2
5882 5913 2
5883 6938 2
5883 6493 2
5886 6117 2
5889 6885 2
5890 6681 2
5892 6597 2
5893 6061 2
5896 6007 2
5897 6947 2
5898 5931 2
5898 6909 2
5900 6629 2
5901 6077 2
5901 6661 2
5902 6812 2
5903 6778 2
5905 6103 2
5905 6665 2
5905 6901 2
5908 6876 2
5909 6765 2
5910 6792 2
5916 6505 2
5917 6174 2
5918 6461 2
5918 6628 2
5920 6864 2
5920 6886 2
5923 6904 2
5924 6303 2
5925 6659 2
5926 6072 2
5928 6623 2
5928 6589 2
5929 6968 2
5930 6016 2
5932 6490 2
5932 6958 2
5936 6364 2
5936 6322 2
5937 6243 2
5938 6304 2
5938 6529 2
5939 6040 2
5941 6002 2
5943 6731 2
5943 6632 2
5944 6937 2
5947 6030 2
5948 6066 2
5950 6470 2
5952 6859 2
5954 6587 2
5954 6284 2
5954 6962 2
5954 6358 2
5955 6856 2
5958 6892 2
5959 6773 2
5959 6683 2
5960 6369 2
5961 6719 2
5962 6950 2
5963 6728 2
5964 6985 2
5967 6283 2
5968 6531 2
5970 6879 2
5971 6826 2
5972 6797 2
5974 6772 2
5975 6535 2
5976 6881 2
5976 5994 2
5977 6389 2
5977 6091 2
5978 6015 2
5982 6036 2
5983 6624 2
5983 6400 2
5985 6827 2
5987 6233 2
5987 6883 2
5988 6953 2
5995 6685 2
5995 6504 2
5997 6487 2
5997 6035 2
5999 6621 2
5999 6034 2
5999 6447 2
6000 6174 2
6001 6837 2
6001 6416 2
6001 6908 2
6002 6220 2
6007 6359 2
6011 6127 2
6016 6587 2
6016 6616 2
6016 6679 2
6016 6888 2
6019 6506 2
6021 6793 2
6026 6700 2
6027 6180 2
6029 6964 2
6030 6907 2
6033 6423 2
6035 6088 2
6036 6399 2
6036 6818 2
6036 6309 2
6037 6892 2
6038 6708 2
6038 6822 2
6041 6713 2
6043 6179 2
6043 6198 2
6044 6333 2
6045 6916 2
6047 6888 2
6048 6183 2
6050 6984 2
6050 6542 2
6051 6805 2
6055 6634 2
6055 6387 2
6059 6956 2
6061 6449 2
6061 6343 2
6067 6567 2
6068 6157 2
6072 6134 2
6072 6302 2
6075 6199 2
6076 6300 2
6076 6457 2
6076 6142 2
6077 6510 2
6077 6089 2
6077 6939 2
6077 6662 2
6078 6450 2
6078 6851 2
6079 6384 2
6079 6533 2
6081 6741 2
6082 6637 2
6085 6367 2
6086 6335 2
6087 6752 2
6092 6555 2
6092 6920 2
6097 6315 2
6098 6166 2
6099 6862 2
6101 6799 2
6101 6413 2
6105 6753 2
6106 6584 2
6107 6496 2
6111 6606 2
6113 6334 2
6115 6870 2
6117 6263 2
6118 6262 2
6119 6740 2
6120 6177 2
6121 6826 2
6121 6268 2
6121 6689 2
6122 6548 2
6124 6946 2
6126 6839 2
6127 6684 2
6129 6984 2
6134 6588 2
6135 6430 2
6135 6552 2
6136 6634 2
6137 6984 2
6139 6768 2
6140 6240 2
6141 6439 2
6143 6965 2
6150 6928 2
6152 6596 2
6154 6558 2
6155 6964 2
6155 6953 2
6157 6929 2
6158 6916 2
6161 6506 2
6162 6349 2
6163 6775 2
6163 6445 2
6164 6430 2
6165 6750 2
6167 6673 2
6171 6744 2
6172 6453 2
6174 6986 2
6176 6599 2
6185 6417 2
6188 6266 2
6189 6818 2
6190 6980 2
6191 6793 2
6193 6194 2
6193 6937 2
6195 6701 2
6198 6814 2
6203 6364 2
6205 6755 2
6207 6309 2
6210 6610 2
6211 6299 2
6212 6507 2
6217 6700 2
6219 6260 2
6219 6635 2
6219 6614 2
6219 6559 2
6223 6992 2
6224 6498 2
6225 6894 2
6226 6783 2
6226 6261 2
6228 6964 2
6229 6952 2
6231 6254 2
6235 6588 2
6235 6740 2
6238 6810 2
6239 6966 2
6241 6776 2
6245 6616 2
6246 6648 2
6247 6997 2
6249 6261 2
6250 6844 2
6250 6792 2
6254 6550 2
6255 6327 2
6255 6776 2
6257 6313 2
6257 6491 2
6261 6577 2
6262 6405 2
6264 6973 2
6265 6652 2
6267 6643 2
6270 6532 2
6272 6457 2
6273 6536 2
6273 6715 2
6273 6686 2
6275 6520 2
6276 6706 2
6278 6699 2
6278 6903 2
6280 6892 2
6284 6294 2
6284 6579 2
6285 6715 2
6285 6499 2
6289 6902 2
6290 6924 2
6298 6355 2
6301 6816 2
6302 6635 2
6303 6401 2
6304 6433 2
6307 6432 2
6309 6517 2
6310 6828 2
6311 6974 2
6315 6903 2
6318 6755 2
6321 6819 2
6321 6630 2
6323 6605 2
6324 6838 2
6324 6952 2
6325 6872 2
6334 6949 2
6334 6638 2
6336 6885 2
6338 6825 2
6339 6887 2
6340 6745 2
6341 6896 2
6343 6887 2
6349 6731 2
6349 6408 2
6350 6729 2
6350 6742 2
6353 6666 2
6353 6536 2
6357 6562 2
6357 6546 2
6359 6671 2
6363 6881 2
6364 6534 2
6366 6518 2
6366 6850 2
6370 6775 2
6370 6671 2
6371 6427 2
6372 6529 2
6372 6784 2
6373 6940 2
6374 6661 2
6377 6957 2
6377 6881 2
6379 6761 2
6380 6799 2
6381 6886 2
6381 6724 2
6382 6505 2
6384 6842 2
6387 6845 2
6387 6771 2
6388 6641 2
6388 6454 2
6391 6926 2
6395 6505 2
6397 6582 2
6398 6962 2
6399 6716 2
6402 6818 2
6408 6635 2
6408 6847 2
6408 6878 2
6409 6699 2
6410 6428 2
6421 6678 2
6423 6984 2
6426 6984 2
6430 6544 2
6431 6762 2
6432 6895 2
6439 6988 2
6441 6841 2
6443 6550 2
6444 6633 2
6444 6576 2
6447 6801 2
6447 6817 2
6450 6665 2
6451 6906 2
6455 6588 2
6460 6870 2
6462 6854 2
6476 6793 2
6485 6875 2
6486 6844 2
6486 6558 2
6491 6675 2
6492 6779 2
6493 6828 2
6494 6828 2
6499 6555 2
6500 6829 2
6502 6889 2
6503 6793 2
6514 6902 2
6515 6743 2
6516 6930 2
6519 6983 2
6520 6858 2
6522 6746 2
6525 6740 2
6528 6680 2
6532 6542 2
6538 6769 2
6538 6692 2
6541 6744 2
6545 6706 2
6549 6994 2
6553 6909 2
6556 6867 2
6556 6712 2
6560 6835 2
6570 6978 2
6572 6858 2
6574 6833 2
6586 6831 2
6588 6870 2
6588 6933 2
6594 6888 2
6594 6821 2
6594 6706 2
6594 6714 2
6596 6921 2
6601 6976 2
6602 6990 2
6603 6769 2
6610 6834 2
6614 6896 2
6615 6906 2
6620 6773 2
6623 6827 2
6636 6917 2
6638 6904 2
6640 6860 2
6640 6944 2
6644 6744 2
6652 6895 2
6653 6956 2
6653 6958 2
6659 6885 2
6663 6816 2
6664 6690 2
6665 6990 2
6669 6931 2
6670 6957 2
6671 6817 2
6689 6899 2
6692 6997 2
6698 6722 2
6717 6997 2
6721 6729 2
6726 6783 2
6736 6996 2
6736 6905 2
6737 6899 2
6742 6958 2
6755 6788 2
6761 6850 2
6780 6805 2
6794 6897 2
6796 6995 2
6800 6967 2
6807 6875 2
6813 6854 2
6817 6975 2
6823 6860 2
6831 6845 2
6834 6899 2
6845 6860 2
6851 6949 2
6859 6894 2
6869 6942 2
6888 6904 2
6897 6986 2
6918 6957 2
6928 6959 2
6940 6950 2
6940 6960 2
0 0 -6
1 1 -3
2 2 -3
3 3 -6
4 4 -5
5 5 -3
6 6 -3
7 7 -5
8 8 -3
9 9 -6
10 10 -5
11 11 -2
12 12 -6
13 13 -4
14 14 -2
15 15 -5
16 16 -4
17 17 -3
18 18 -3
19 19 -11
20 20 -4
21 21 -4
22 22 -4
23 23 -1
24 24 -11
25 25 -5
26 26 -5
27 27 -3
28 28 -2
29 29 -5
30 30 -5
31 31 -2
32 32 -6
33 33 -7
34 34 -2
35 35 -5
36 36 -7
37 37 -5
38 38 -7
39 39 -2
40 40 -4
41 41 -5
42 42 -1
43 43 -5
44 44 -7
45 45 -4
46 46 -1
47 47 -2
48 48 -7
49 49 -4
50 50 -2
51 51 -6
52 52 -5
53 53 -7
54 54 -8
55 55 -8
56 56 -3
57 57 -11
58 58 -4
59 59 -9
60 60 -8
61 61 -5
62 62 -9
63 63 -9
64 64 -4
65 65 -5
66 66 -6
67 67 -6
68 68 -4
69 69 -4
70 70 -6
71 71 -6
73 73 -4
74 74 -3
75 75 -4
76 76 -7
77 77 -4
78 78 -11
79 79 -6
80 80 -3
81 81 -8
82 82 -3
83 83 -4
84 84 -7
85 85 -7
86 86 -5
87 87 -2
88 88 -8
89 89 -4
90 90 -4
91 91 -6
92 92 -6
93 93 -6
94 94 -7
95 95 -3
96 96 -11
97 97 -4
98 98 -3
99 99 -3
100 100 -4
101 101 -4
102 102 -3
103 103 -2
104 104 -2
105 105 -1
106 106 -6
107 107 -3
108 108 -3
109 109 -4
110 110 -3
111 111 -2
112 112 -9
113 113 -5
114 114 -4
115 115 -8
116 116 -4
117 117 -3
118 118 -4
119 119 -4
120 120 -4
121 121 -5
122 122 -6
123 123 -4
124 124 -4
125 125 -3
126 126 -10
127 127 -3
128 128 -8
129 129 -4
130 130 -6
131 131 -3
132 132 -5
133 133 -8
134 134 -4
135 135 -6
136 136 -2
137 137 -8
138 138 -3
139 139 -7
140 140 -8
141 141 -3
142 142 -3
143 143 -2
144 144 -7
145 145 -6
146 146 -4
147 147 -7
148 148 -2
149 149 -5
150 150 -4
151 151 -4
152 152 -9
153 153 -3
154 154 -6
155 155 -6
156 156 -4
157 157 -7
158 158 -8
159 159 -3
160 160 -5
161 161 -7
162 162 -5
163 163 -6
164 164 -6
165 165 -5
166 166 -9
167 167 -5
168 168 -8
169 169 -2
170 170 -2
171 171 -3
172 172 -5
173 173 -3
174 174 -8
175 175 -8
176 176 -5
177 177 -5
178 178 -2
179 179 -3
180 180 -4
181 181 -2
182 182 -9
183 183 -5
184 184 -3
185 185 -6
186 186 -4
187 187 -4
188 188 -3
189 189 -6
190 190 -8
191 191 -6
192 192 -7
193 193 -3
194 194 -4
195 195 -5
196 196 -6
197 197 -9
198 198 -10
199 199 -6
200 200 -3
201 201 -1
202 202 -4
203 203 -3
205 205 -5
206 206 -6
207 207 -8
208 208 -6
209 209 -3
210 210 -7
211 211 -2
212 212 -5
213 213 -6
214 214 -10
215 215 -5
216 216 -10
217 217 -5
218 218 -12
219 219 -3
220 220 -5
221 221 -6
222 222 -4
223 223 -4
224 224 -5
225 225 -6
226 226 -3
227 227 -7
228 228 -5
229 229 -1
230 230 -7
231 231 -7
232 232 -2
233 233 -5
234 234 -1
235 235 -6
236 236 -5
237 237 -2
238 238 -3
239 239 -2
240 240 -4
241 241 -4
242 242 -6
243 243 -5
244 244 -5
245 245 -7
246 246 -7
247 247 -6
248 248 -6
249 249 -4
250 250 -1
251 251 -1
252 252 -7
253 253 -1
254 254 -5
255 255 -7
256 256 -3
257 257 -5
258 258 -4
259 259 -5
260 260 -4
261 261 -3
262 262 -3
263 263 -5
264 264 -5
265 265 -4
266 266 -4
267 267 -4
268 268 -5
269 269 -5
270 270 -5
271 271 -2
272 272 -1
273 273 -6
274 274 -5
275 275 -7
276 276 -4
277 277 -5
278 278 -7
279 279 -4
280 280 -5
281 281 -5
282 282 -6
283 283 -5
284 284 -3
285 285 -4
286 286 -9
287 287 -5
288 288 -7
289 289 -6
290 290 -7
291 291 -3
292 292 -5
293 293 -6
294 294 -2
295 295 -2
296 296 -4
297 297 -7
298 298 -6
299 299 -10
300 300 -4
301 301 -1
302 302 -3
303 303 -3
304 304 -4
305 305 -5
306 306 -5
307 307 -7
308 308 -6
309 309 -5
310 310 -8
311 311 -5
312 312 -2
313 313 -7
314 314 -3
315 315 -4
316 316 -3
317 317 -6
318 318 -6
319 319 -5
320 320 -5
321 321 -6
322 322 -3
323 323 -6
324 324 -4
325 325 -8
326 326 -4
328 328 -5
329 329 -4
330 330 -7
331 331 -3
332 332 -9
333 333 -6
334 334 -5
335 335 -6
336 336 -3
337 337 -2
338 338 -2
339 339 -6
340 340 -2
341 341 -4
342 342 -5
343 343 -2
344 344 -6
345 345 -6
346 346 -5
347 347 -3
348 348 -6
349 349 -6
350 350 -3
351 351 -4
352 352 -3
353 353 -7
354 354 -3
355 355 -8
356 356 -5
357 357 -6
358 358 -5
359 359 -3
360 360 -7
361 361 -6
362 362 -6
363 363 -5
364 364 -3
365 365 -3
366 366 -5
367 367 -6
368 368 -4
369 369 -5
370 370 -5
371 371 -7
372 372 -2
373 373 -7
374 374 -3
375 375 -5
376 376 -4
377 377 -7
378 378 -3
379 379 -5
380 380 -4
381 381 -6
382 382 -2
383 383 -4
384 384 -6
385 385 -6
386 386 -4
387 387 -3
388 388 -6
389 389 -7
390 390 -5
391 391 -3
392 392 -3
393 393 -4
394 394 -10
395 395 -5
396 396 -5
397 397 -3
398 398 -4
399 399 -5
400 400 -6
401 401 -5
402 402 -4
403 403 -7
404 404 -4
405 405 -4
406 406 -9
407 407 -3
408 408 -7
409 409 -2
410 410 -3
411 411 -10
412 412 -3
413 413 -5
414 414 -2
415 415 -5
416 416 -7
417 417 -2
418 418 -7
419 419 -3
420 420 -5
421 421 -5
422 422 -4
423 423 -5
424 424 -9
425 425 -4
426 426 -2
427 427 -7
428 428 -4
429 429 -8
430 430 -7
431 431 -6
432 432 -5
433 433 -5
434 434 -10
435 435 -5
436 436 -4
437 437 -3
438 438 -3
439 439 -2
440 440 -6
441 441 -5
442 442 -6
443 443 -2
444 444 -3
445 445 -2
446 446 -5
447 447 -9
448 448 -6
449 449 -4
450 450 -2
451 451 -9
452 452 -5
453 453 -4
454 454 -2
455 455 -2
456 456 -3
457 457 -4
458 458 -5
459 459 -5
460 460 -6
461 461 -1
462 462 -4
463 463 -7
464 464 -7
465 465 -3
466 466 -5
467 467 -3
468 468 -1
469 469 -5
470 470 -5
471 471 -7
472 472 -7
473 473 -5
474 474 -7
475 475 -9
476 476 -4
477 477 -6
478 478 -5
479 479 -4
480 480 -6
481 481 -4
482 482 -2
483 483 -6
484 484 -5
485 485 -6
486 486 -6
487 487 -2
488 488 -4
489 489 -5
490 490 -6
491 491 -8
492 492 -5
493 493 -5
494 494 -8
495 495 -6
496 496 -4
497 497 -4
498 498 -5
499 499 -5
500 500 -2
501 501 -3
502 502 -3
503 503 -7
504 504 -7
505 505 -8
506 506 -10
507 507 -5
508 508 -3
509 509 -7
510 510 -9
511 511 -2
512 512 -7
513 513 -7
514 514 -4
515 515 -3
516 516 -4
517 517 -5
518 518 -4
519 519 -4
520 520 -5
521 521 -3
522 522 -2
523 523 -2
524 524 -6
525 525 -3
526 526 -4
527 527 -4
528 528 -5
529 529 -7
530 530 -4
531 531 -4
532 532 -5
533 533 -4
534 534 -8
535 535 -7
536 536 -5
537 537 -3
538 538 -5
539 539 -5
540 540 -3
541 541 -1
542 542 -5
543 543 -3
544 544 -2
545 545 -2
546 546 -5
547 547 -6
548 548 -5
549 549 -5
550 550 -1
551 551 -2
552 552 -4
553 553 -6
554 554 -4
555 555 -4
556 556 -10
557 557 -7
558 558 -3
559 559 -5
560 560 -8
561 561 -4
562 562 -2
563 563 -5
564 564 -5
565 565 -6
566 566 -4
567 567 -4
568 568 -9
569 569 -6
570 570 -3
571 571 -10
572 572 -2
573 573 -8
574 574 -5
575 575 -9
576 576 -4
577 577 -4
578 578 -7
579 579 -2
580 580 -4
581 581 -6
582 582 -5
583 583 -12
584 584 -1
585 585 -8
586 586 -9
587 587 -1
588 588 -6
589 589 -4
590 590 -4
591 591 -3
592 592 -8
593 593 -9
594 594 -7
595 595 -7
596 596 -7
597 597 -5
598 598 -6
599 599 -6
600 600 -5
601 601 -2
602 602 -3
603 603 -6
604 604 -8
605 605 -5
606 606 -7
607 607 -6
608 608 -4
609 609 -7
610 610 -3
611 611 -7
612 612 -5
613 613 -6
614 614 -10
615 615 -7
616 616 -2
617 617 -8
618 618 -5
619 619 -6
620 620 -5
621 621 -2
622 622 -3
623 623 -3
624 624 -7
625 625 -4
626 626 -4
627 627 -5
628 628 -5
629 629 -5
630 630 -4
631 631 -7
632 632 -3
633 633 -4
634 634 -4
635 635 -6
636 636 -6
637 637 -7
638 638 -3
639 639 -4
640 640 -3
641 641 -7
642 642 -2
643 643 -8
644 644 -4
645 645 -8
646 646 -3
647 647 -5
648 648 -1
649 649 -4
650 650 -5
651 651 -10
652 652 -3
653 653 -5
654 654 -5
655 655 -7
656 656 -3
657 657 -4
658 658 -5
659 659 -7
660 660 -6
662 662 -5
663 663 -9
664 664 -3
665 665 -4
666 666 -5
667 667 -2
668 668 -3
669 669 -5
670 670 -4
671 671 -6
672 672 -8
673 673 -7
674 674 -5
675 675 -2
676 676 -4
677 677 -5
678 678 -1
679 679 -5
680 680 -5
681 681 -5
682 682 -7
683 683 -3
684 684 -5
685 685 -2
686 686 -2
687 687 -4
688 688 -4
689 689 -8
690 690 -6
691 691 -7
692 692 -3
693 693 -7
694 694 -11
695 695 -3
696 696 -4
697 697 -4
698 698 -6
699 699 -7
700 700 -1
701 701 -7
702 702 -7
704 704 -3
705 705 -3
706 706 -4
707 707 -7
708 708 -3
709 709 -5
710 710 -7
711 711 -6
712 712 -4
713 713 -5
714 714 -4
715 715 -9
716 716 -6
717 717 -6
718 718 -6
719 719 -6
720 720 -4
721 721 -5
722 722 -5
723 723 -4
724 724 -4
725 725 -5
726 726 -3
727 727 -5
728 728 -3
729 729 -4
730 730 -7
731 731 -6
732 732 -8
733 733 -4
734 734 -4
735 735 -5
736 736 -6
737 737 -5
738 738 -5
739 739 -7
740 740 -2
741 741 -1
742 742 -6
744 744 -4
745 745 -5
746 746 -7
747 747 -4
748 748 -3
749 749 -5
750 750 -4
751 751 -11
752 752 -7
753 753 -6
754 754 -4
755 755 -8
756 756 -4
757 757 -3
758 758 -3
759 759 -5
760 760 -5
761 761 -5
762 762 -4
763 763 -2
764 764 -4
765 765 -5
766 766 -6
767 767 -5
768 768 -8
769 769 -1
770 770 -4
771 771 -4
772 772 -4
773 773 -6
774 774 -4
775 775 -6
776 776 -3
777 777 -5
778 778 -5
779 779 -8
780 780 -5
781 781 -6
782 782 -7
783 783 -1
784 784 -1
785 785 -7
786 786 -3
787 787 -6
788 788 -4
789 789 -5
790 790 -2
791 791 -4
792 792 -3
793 793 -5
794 794 -5
795 795 -1
796 796 -5
797 797 -6
798 798 -1
799 799 -5
800 800 -5
801 801 -4
802 802 -4
803 803 -3
804 804 -3
805 805 -4
806 806 -5
807 807 -5
808 808 -5
809 809 -1
810 810 -4
811 811 -9
812 812 -3
813 813 -2
814 814 -4
815 815 -11
816 816 -9
817 817 -9
818 818 -8
819 819 -7
820 820 -7
821 821 -6
822 822 -3
823 823 -5
824 824 -6
825 825 -1
826 826 -6
827 827 -8
828 828 -5
829 829 -5
830 830 -2
831 831 -9
832 832 -5
833 833 -8
834 834 -4
835 835 -4
836 836 -3
837 837 -5
838 838 -4
839 839 -5
840 840 -8
841 841 -4
842 842 -3
843 843 -4
844 844 -8
845 845 -3
846 846 -4
847 847 -2
848 848 -5
849 849 -5
850 850 -2
851 851 -4
852 852 -7
853 853 -3
854 854 -4
855 855 -5
856 856 -8
857 857 -6
858 858 -5
859 859 -8
860 860 -2
861 861 -3
862 862 -3
863 863 -5
864 864 -6
865 865 -6
866 866 -3
867 867 -9
868 868 -2
869 869 -5
870 870 -1
871 871 -12
872 872 -2
873 873 -3
874 874 -7
875 875 -6
876 876 -6
877 877 -3
878 878 -5
879 879 -7
880 880 -6
881 881 -7
882 882 -5
883 883 -10
884 884 -2
885 885 -9
886 886 -6
887 887 -6
888 888 -6
889 889 -4
890 890 -8
891 891 -1
892 892 -2
893 893 -6
894 894 -5
895 895 -3
896 896 -6
897 897 -7
898 898 -3
899 899 -6
900 900 -2
901 901 -1
902 902 -8
903 903 -8
904 904 -8
905 905 -3
906 906 -3
907 907 -5
908 908 -4
909 909 -8
910 910 -11
911 911 -2
912 912 -5
913 913 -4
914 914 -6
915 915 -6
916 916 -5
917 917 -4
918 918 -4
919 919 -6
920 920 -5
921 921 -3
922 922 -5
923 923 -7
924 924 -5
925 925 -4
926 926 -7
927 927 -5
928 928 -5
929 929 -3
930 930 -7
931 931 -3
932 932 -3
933 933 -3
934 934 -6
935 935 -10
936 936 -3
937 937 -4
938 938 -7
939 939 -3
940 940 -6
941 941 -1
942 942 -6
943 943 -3
945 945 -6
946 946 -9
947 947 -9
948 948 -3
949 949 -3
950 950 -10
951 951 -7
952 952 -4
953 953 -3
954 954 -2
955 955 -4
956 956 -4
957 957 -8
958 958 -5
959 959 -3
960 960 -6
961 961 -4
962 962 -7
963 963 -3
964 964 -3
965 965 -9
966 966 -3
967 967 -4
968 968 -3
969 969 -3
970 970 -7
971 971 -3
972 972 -6
973 973 -5
974 974 -5
975 975 -2
976 976 -3
977 977 -4
978 978 -4
979 979 -3
980 980 -5
981 981 -4
983 983 -4
984 984 -6
985 985 -5
986 986 -5
987 987 -5
988 988 -7
989 989 -6
990 990 -3
991 991 -6
992 992 -5
993 993 -2
994 994 -4
995 995 -3
996 996 -6
997 997 -1
998 998 -1
999 999 -6
1000 1000 -9
1001 1001 -2
1002 1002 -5
1003 1003 -5
1004 1004 -6
1005 1005 -3
1006 1006 -8
1007 1007 -1
1008 1008 -4
1009 1009 -8
1010 1010 -4
1011 1011 -4
1012 1012 -5
1013 1013 -4
1014 1014 -2
1015 1015 -3
1016 1016 -6
1017 1017 -6
1018 1018 -2
1019 1019 -7
1020 1020 -4
1021 1021 -6
1022 1022 -1
1023 1023 -2
1024 1024 -3
1025 1025 -5
1026 1026 -1
1027 1027 -4
1028 1028 -3
1029 1029 -12
1030 1030 -5
1031 1031 -7
1032 1032 -1
1033 1033 -3
1034 1034 -2
1035 1035 -1
1036 1036 -6
1037 1037 -5
1038 1038 -4
1039 1039 -4
1040 1040 -5
1041 1041 -7
1042 1042 -6
1043 1043 -4
1044 1044 -3
1045 1045 -7
1046 1046 -4
1047 1047 -6
1048 1048 -8
1049 1049 -6
1050 1050 -4
1051 1051 -4
1052 1052 -7
1053 1053 -5
1054 1054 -4
1055 1055 -2
1056 1056 -4
1057 1057 -11
1058 1058 -4
1059 1059 -5
1060 1060 -3
1061 1061 -2
1062 1062 -3
1063 1063 -6
1064 1064 -8
1065 1065 -5
1066 1066 -3
1067 1067 -8
1068 1068 -2
1069 1069 -6
1070 1070 -3
1071 1071 -10
1072 1072 -13
1073 1073 -2
1074 1074 -5
1075 1075 -6
1076 1076 -3
1077 1077 -2
1078 1078 -3
1079 1079 -2
1080 1080 -7
1081 1081 -5
1082 1082 -6
1083 1083 -10
1084 1084 -1
1085 1085 -3
1086 1086 -3
1087 1087 -2
1088 1088 -7
1089 1089 -3
1090 1090 -3
1091 1091 -7
1092 1092 -7
1093 1093 -2
1094 1094 -5
1095 1095 -4
1096 1096 -3
1097 1097 -6
1098 1098 -7
1099 1099 -6
1100 1100 -6
1101 1101 -8
1102 1102 -5
1103 1103 -3
1104 1104 -4
1105 1105 -7
1106 1106 -3
1107 1107 -9
1108 1108 -8
1109 1109 -4
1110 1110 -6
1111 1111 -4
1112 1112 -8
1113 1113 -4
1114 1114 -5
1115 1115 -5
1116 1116 -3
1117 1117 -5
1118 1118 -8
1119 1119 -4
1120 1120 -4
1121 1121 -4
1122 1122 -5
1123 1123 -5
1124 1124 -5
1125 1125 -3
1126 1126 -6
1127 1127 -8
1128 1128 -5
1129 1129 -3
1130 1130 -3
1131 1131 -6
1132 1132 -7
1133 1133 -7
1134 1134 -3
1135 1135 -2
1136 1136 -1
1137 1137 -5
1138 1138 -3
1139 1139 -5
1140 1140 -5
1141 1141 -6
1142 1142 -7
1143 1143 -6
1144 1144 -6
1145 1145 -4
1146 1146 -2
1147 1147 -5
1148 1148 -6
1149 1149 -6
1150 1150 -5
1151 1151 -8
1152 1152 -4
1153 1153 -7
1154 1154 -3
1155 1155 -6
1156 1156 -4
1157 1157 -3
1158 1158 -4
1159 1159 -4
1160 1160 -5
1161 1161 -5
1162 1162 -4
1163 1163 -3
1164 1164 -4
1165 1165 -7
1166 1166 -9
1167 1167 -4
1168 1168 -4
1169 1169 -4
1170 1170 -5
1171 1171 -3
1172 1172 -6
1173 1173 -2
1174 1174 -4
1175 1175 -4
1176 1176 -3
1177 1177 -5
1178 1178 -5
1179 1179 -3
1180 1180 -3
1181 1181 -9
1182 1182 -6
1183 1183 -4
1184 1184 -5
1185 1185 -4
1186 1186 -5
1187 1187 -3
1188 1188 -5
1189 1189 -8
1190 1190 -6
1191 1191 -4
1192 1192 -4
1193 1193 -8
1194 1194 -4
1195 1195 -5
1196 1196 -6
1197 1197 -4
1198 1198 -8
1199 1199 -2
1200 1200 -4
1201 1201 -7
1202 1202 -4
1203 1203 -3
1204 1204 -4
1205 1205 -7
1206 1206 -2
1207 1207 -4
1208 1208 -5
1209 1209 -3
1210 1210 -6
1211 1211 -7
1212 1212 -6
1213 1213 -6
1214 1214 -4
1215 1215 -1
1216 1216 -6
1217 1217 -3
1218 1218 -3
1219 1219 -4
1220 1220 -5
1221 1221 -2
1222 1222 -4
1223 1223 -8
1224 1224 -1
1225 1225 -3
1226 1226 -4
1227 1227 -5
1228 1228 -4
1229 1229 -6
1230 1230 -5
1231 1231 -5
1232 1232 -8
1233 1233 -5
1234 1234 -3
1235 1235 -3
1236 1236 -4
1237 1237 -8
1238 1238 -6
1239 1239 -7
1240 1240 -3
1241 1241 -3
1242 1242 -2
1243 1243 -8
1244 1244 -3
1245 1245 -2
1246 1246 -5
1247 1247 -2
1248 1248 -1
1249 1249 -7
1250 1250 -6
1251 1251 -2
1252 1252 -3
1253 1253 -3
1254 1254 -7
1255 1255 -3
1256 1256 -2
1257 1257 -6
1258 1258 -9
1259 1259 -8
1260 1260 -7
1261 1261 -3
1262 1262 -5
1263 1263 -4
1264 1264 -3
1265 1265 -1
1266 1266 -6
1267 1267 -6
1268 1268 -9
1269 1269 -6
1270 1270 -2
1271 1271 -5
1272 1272 -7
1273 1273 -8
1274 1274 -6
1275 1275 -2
1276 1276 -6
1277 1277 -6
1278 1278 -2
1279 1279 -7
1280 1280 -4
1281 1281 -3
1282 1282 -3
1283 1283 -1
1285 1285 -5
1286 1286 -3
1287 1287 -6
1288 1288 -9
1289 1289 -8
1290 1290 -14
1291 1291 -6
1292 1292 -4
1293 1293 -5
1294 1294 -6
1295 1295 -8
1296 1296 -5
1297 1297 -4
1298 1298 -4
1299 1299 -7
1300 1300 -7
1301 1301 -3
1302 1302 -7
1303 1303 -1
1304 1304 -4
1305 1305 -2
1306 1306 -8
1307 1307 -7
1308 1308 -4
1309 1309 -4
1310 1310 -4
1311 1311 -4
1312 1312 -4
1313 1313 -5
1314 1314 -4
1315 1315 -7
1316 1316 -3
1317 1317 -7
1318 1318 -2
1319 1319 -5
1320 1320 -4
1321 1321 -3
1322 1322 -7
1323 1323 -5
1324 1324 -6
1325 1325 -7
1326 1326 -5
1327 1327 -6
1328 1328 -6
1329 1329 -4
1330 1330 -3
1331 1331 -2
1332 1332 -4
1333 1333 -4
1334 1334 -5
1335 1335 -6
1336 1336 -3
1337 1337 -3
1338 1338 -14
1339 1339 -4
1340 1340 -5
1341 1341 -5
1342 1342 -7
1343 1343 -5
1344 1344 -5
1345 1345 -5
1346 1346 -6
1347 1347 -4
1348 1348 -2
1349 1349 -4
1350 1350 -4
1351 1351 -6
1352 1352 -6
1353 1353 -3
1354 1354 -7
1355 1355 -7
1356 1356 -4
1357 1357 -2
1358 1358 -6
1359 1359 -3
1360 1360 -4
1361 1361 -4
1362 1362 -9
1363 1363 -4
1364 1364 -8
1365 1365 -7
1366 1366 -4
1367 1367 -8
1368 1368 -3
1369 1369 -5
1370 1370 -3
1371 1371 -3
1372 1372 -3
1373 1373 -8
1374 1374 -6
1375 1375 -5
1376 1376 -6
1377 1377 -3
1378 1378 -5
1379 1379 -7
1380 1380 -1
1381 1381 -4
1382 1382 -8
1383 1383 -6
1384 1384 -3
1385 1385 -4
1386 1386 -3
1387 1387 -6
1388 1388 -7
1389 1389 -7
1390 1390 -6
1391 1391 -3
1392 1392 -2
1393 1393 -10
1394 1394 -6
1395 1395 -5
1396 1396 -4
1397 1397 -8
1398 1398 -5
1399 1399 -7
1400 1400 -6
1401 1401 -4
1402 1402 -9
1403 1403 -3
1404 1404 -6
1405 1405 -5
1406 1406 -3
1407 1407 -4
1408 1408 -5
1409 1409 -8
1410 1410 -2
1411 1411 -5
1412 1412 -6
1413 1413 -5
1414 1414 -2
1415 1415 -6
1416 1416 -2
1417 1417 -4
1418 1418 -1
1419 1419 -7
1420 1420 -6
1421 1421 -10
1422 1422 -6
1423 1423 -5
1424 1424 -4
1425 1425 -2
1426 1426 -5
1427 1427 -6
1428 1428 -11
1429 1429 -5
1430 1430 -4
1431 1431 -2
1432 1432 -4
1433 1433 -3
1434 1434 -7
1435 1435 -9
1436 1436 -2
1437 1437 -9
1438 1438 -6
1439 1439 -10
1440 1440 -3
1441 1441 -4
1442 1442 -6
1443 1443 -4
1444 1444 -6
1445 1445 -1
1446 1446 -9
1447 1447 -6
1448 1448 -5
1449 1449 -8
1450 1450 -4
1451 1451 -3
1452 1452 -5
1453 1453 -4
1454 1454 -5
1455 1455 -6
1456 1456 -6
1457 1457 -5
1458 1458 -5
1459 1459 -6
1460 1460 -6
1461 1461 -7
1462 1462 -3
1463 1463 -6
1464 1464 -5
1465 1465 -4
1466 1466 -6
1467 1467 -4
1468 1468 -6
1469 1469 -2
1470 1470 -7
1471 1471 -2
1472 1472 -4
1474 1474 -4
1475 1475 -2
1476 1476 -10
1477 1477 -5
1478 1478 -3
1479 1479 -4
1480 1480 -5
1481 1481 -3
1482 1482 -7
1483 1483 -11
1484 1484 -8
1485 1485 -5
1486 1486 -6
1487 1487 -8
1488 1488 -6
1489 1489 -2
1490 1490 -4
1491 1491 -5
1492 1492 -8
1493 1493 -4
1494 1494 -4
1495 1495 -7
1496 1496 -5
1497 1497 -4
1498 1498 -8
1499 1499 -4
1500 1500 -2
1501 1501 -6
1502 1502 -5
1503 1503 -6
1504 1504 -4
1505 1505 -3
1506 1506 -3
1507 1507 -6
1508 1508 -2
1509 1509 -8
1510 1510 -5
1511 1511 -3
1512 1512 -6
1513 1513 -7
1514 1514 -6
1515 1515 -2
1516 1516 -8
1517 1517 -9
1518 1518 -5
1519 1519 -2
1520 1520 -6
1521 1521 -2
1522 1522 -3
1523 1523 -10
1524 1524 -8
1525 1525 -4
1526 1526 -5
1527 1527 -1
1528 1528 -6
1529 1529 -8
1530 1530 -10
1531 1531 -3
1532 1532 -7
1533 1533 -1
1534 1534 -3
1535 1535 -6
1536 1536 -4
1537 1537 -4
1538 1538 -5
1539 1539 -5
1540 1540 -4
1541 1541 -5
1542 1542 -4
1543 1543 -10
1544 1544 -7
1545 1545 -6
1546 1546 -7
1547 1547 -9
1548 1548 -3
1549 1549 -6
1550 1550 -3
1551 1551 -5
1552 1552 -9
1553 1553 -5
1554 1554 -3
1555 1555 -7
1556 1556 -6
1557 1557 -2
1558 1558 -4
1559 1559 -11
1560 1560 -6
1561 1561 -4
1562 1562 -3
1563 1563 -4
1564 1564 -6
1565 1565 -5
1566 1566 -5
1567 1567 -6
1568 1568 -3
1569 1569 -11
1570 1570 -6
1571 1571 -4
1572 1572 -4
1573 1573 -9
1574 1574 -7
1575 1575 -2
1576 1576 -6
1577 1577 -4
1578 1578 -4
1579 1579 -5
1580 1580 -4
1581 1581 -6
1583 1583 -4
1584 1584 -7
1585 1585 -6
1587 1587 -8
1588 1588 -5
1589 1589 -4
1590 1590 -5
1591 1591 -4
1592 1592 -6
1593 1593 -4
1594 1594 -6
1595 1595 -3
1596 1596 -6
1597 1597 -2
1598 1598 -4
1599 1599 -10
1600 1600 -4
1601 1601 -2
1602 1602 -7
1603 1603 -4
1604 1604 -4
1605 1605 -3
1606 1606 -9
1607 1607 -7
1608 1608 -1
1609 1609 -7
1610 1610 -5
1611 1611 -3
1612 1612 -10
1613 1613 -3
1614 1614 -3
1615 1615 -7
1616 1616 -3
1617 1617 -4
1618 1618 -5
1619 1619 -2
1620 1620 -6
1621 1621 -5
1622 1622 -7
1623 1623 -5
1624 1624 -10
1625 1625 -5
1626 1626 -4
1627 1627 -4
1628 1628 -3
1629 1629 -2
1630 1630 -3
1631 1631 -6
1632 1632 -4
1633 1633 -8
1634 1634 -4
1635 1635 -6
1636 1636 -9
1637 1637 -4
1638 1638 -5
1639 1639 -4
1640 1640 -6
1641 1641 -4
1642 1642 -6
1643 1643 -5
1644 1644 -5
1645 1645 -4
1646 1646 -3
1647 1647 -4
1648 1648 -3
1649 1649 -7
1650 1650 -4
1651 1651 -3
1652 1652 -2
1653 1653 -11
1654 1654 -6
1655 1655 -3
1656 1656 -4
1657 1657 -4
1658 1658 -7
1659 1659 -3
1660 1660 -4
1661 1661 -9
1662 1662 -4
1663 1663 -3
1664 1664 -4
1665 1665 -3
1666 1666 -3
1667 1667 -4
1668 1668 -3
1669 1669 -8
1670 1670 -3
1671 1671 -5
1672 1672 -1
1673 1673 -1
1674 1674 -3
1675 1675 -7
1676 1676 -2
1677 1677 -3
1678 1678 -2
1679 1679 -6
1680 1680 -6
1681 1681 -3
1682 1682 -2
1683 1683 -1
1684 1684 -4
1685 1685 -7
1686 1686 -3
1687 1687 -7
1688 1688 -4
1689 1689 -4
1690 1690 -5
1691 1691 -4
1692 1692 -2
1693 1693 -6
1694 1694 -5
1695 1695 -5
1696 1696 -4
1697 1697 -3
1698 1698 -6
1699 1699 -5
1700 1700 -3
1701 1701 -5
1702 1702 -6
1703 1703 -4
1704 1704 -3
1705 1705 -8
1706 1706 -6
1707 1707 -1
1708 1708 -4
1709 1709 -5
1710 1710 -4
1711 1711 -3
1712 1712 -2
1713 1713 -4
1714 1714 -4
1715 1715 -4
1716 1716 -4
1717 1717 -1
1718 1718 -3
1719 1719 -5
1720 1720 -5
1721 1721 -10
1722 1722 -5
1723 1723 -8
1724 1724 -3
1725 1725 -8
1726 1726 -8
1727 1727 -5
1728 1728 -4
1729 1729 -3
1730 1730 -2
1731 1731 -7
1732 1732 -5
1733 1733 -10
1734 1734 -6
1735 1735 -2
1736 1736 -2
1737 1737 -4
1738 1738 -4
1739 1739 -4
1740 1740 -3
1741 1741 -3
1742 1742 -5
1743 1743 -5
1744 1744 -5
1745 1745 -7
1746 1746 -9
1747 1747 -4
1748 1748 -6
1749 1749 -4
1750 1750 -6
1751 1751 -6
1752 1752 -3
1753 1753 -7
1754 1754 -3
1755 1755 -7
1756 1756 -2
1757 1757 -8
1758 1758 -5
1759 1759 -6
1760 1760 -4
1761 1761 -6
1762 1762 -1
1763 1763 -8
1764 1764 -3
1765 1765 -8
1766 1766 -7
1767 1767 -5
1768 1768 -5
1769 1769 -4
1770 1770 -4
1771 1771 -7
1772 1772 -2
1773 1773 -5
1774 1774 -2
1775 1775 -6
1776 1776 -3
1777 1777 -8
1778 1778 -3
1779 1779 -7
1780 1780 -6
1781 1781 -5
1782 1782 -9
1783 1783 -5
1784 1784 -5
1785 1785 -4
1786 1786 -10
1787 1787 -3
1788 1788 -5
1789 1789 -4
1790 1790 -5
1791 1791 -1
1792 1792 -1
1793 1793 -6
1794 1794 -6
1795 1795 -3
1796 1796 -6
1797 1797 -4
1798 1798 -2
1799 1799 -5
1800 1800 -4
1801 1801 -6
1802 1802 -5
1803 1803 -5
1804 1804 -4
1805 1805 -3
1806 1806 -7
1807 1807 -6
1808 1808 -4
1809 1809 -1
1810 1810 -6
1811 1811 -2
1812 1812 -6
1813 1813 -5
1814 1814 -3
1815 1815 -5
1816 1816 -2
1817 1817 -3
1818 1818 -2
1819 1819 -5
1820 1820 -8
1821 1821 -3
1822 1822 -6
1823 1823 -5
1824 1824 -2
1825 1825 -6
1826 1826 -5
1827 1827 -7
1828 1828 -3
1829 1829 -1
1830 1830 -5
1831 1831 -3
1832 1832 -9
1833 1833 -11
1834 1834 -7
1835 1835 -6
1836 1836 -2
1837 1837 -5
1838 1838 -10
1839 1839 -6
1840 1840 -6
1841 1841 -4
1842 1842 -4
1843 1843 -3
1844 1844 -2
1845 1845 -7
1846 1846 -5
1847 1847 -3
1848 1848 -2
1849 1849 -6
1850 1850 -4
1851 1851 -7
1852 1852 -4
1853 1853 -3
1854 1854 -4
1855 1855 -6
1856 1856 -6
1857 1857 -5
1858 1858 -4
1859 1859 -7
1860 1860 -8
1861 1861 -3
1862 1862 -2
1863 1863 -5
1864 1864 -8
1865 1865 -7
1866 1866 -5
1867 1867 -7
1868 1868 -5
1869 1869 -3
1870 1870 -4
1871 1871 -6
1872 1872 -5
1873 1873 -6
1874 1874 -2
1875 1875 -5
1876 1876 -10
1877 1877 -1
1878 1878 -6
1879 1879 -4
1880 1880 -5
1881 1881 -4
1882 1882 -7
1883 1883 -5
1884 1884 -3
1885 1885 -4
1886 1886 -2
1887 1887 -2
1888 1888 -6
1889 1889 -10
1890 1890 -1
1891 1891 -4
1892 1892 -5
1893 1893 -2
1894 1894 -8
1895 1895 -3
1896 1896 -5
1897 1897 -2
1898 1898 -4
1899 1899 -3
1900 1900 -7
1901 1901 -4
1902 1902 -6
1903 1903 -3
1904 1904 -7
1905 1905 -6
1906 1906 -3
1907 1907 -3
1908 1908 -6
1909 1909 -2
1910 1910 -3
1911 1911 -4
1912 1912 -7
1913 1913 -9
1914 1914 -4
1915 1915 -3
1916 1916 -4
1917 1917 -7
1918 1918 -4
1919 1919 -6
1920 1920 -4
1921 1921 -2
1922 1922 -3
1923 1923 -12
1924 1924 -2
1925 1925 -7
1926 1926 -5
1927 1927 -4
1928 1928 -5
1929 1929 -9
1930 1930 -5
1931 1931 -4
1932 1932 -2
1933 1933 -5
1934 1934 -8
1935 1935 -6
1936 1936 -2
1937 1937 -5
1938 1938 -5
1939 1939 -10
1940 1940 -6
1941 1941 -7
1942 1942 -4
1943 1943 -3
1944 1944 -8
1945 1945 -7
1946 1946 -5
1947 1947 -3
1948 1948 -7
1949 1949 -5
1950 1950 -4
1951 1951 -5
1952 1952 -3
1953 1953 -6
1954 1954 -5
1955 1955 -4
1957 1957 -4
1958 1958 -8
1959 1959 -5
1960 1960 -3
1961 1961 -5
1962 1962 -4
1963 1963 -5
1964 1964 -1
1965 1965 -2
1966 1966 -2
1967 1967 -5
1968 1968 -7
1969 1969 -4
1970 1970 -5
1971 1971 -4
1972 1972 -2
1973 1973 -8
1974 1974 -4
1975 1975 -2
1976 1976 -4
1977 1977 -3
1978 1978 -5
1979 1979 -5
1980 1980 -3
1981 1981 -7
1982 1982 -2
1983 1983 -9
1984 1984 -1
1985 1985 -8
1986 1986 -5
1988 1988 -4
1989 1989 -1
1990 1990 -5
1991 1991 -5
1992 1992 -3
1993 1993 -4
1994 1994 -9
1995 1995 -9
1996 1996 -1
1997 1997 -4
1998 1998 -3
1999 1999 -6
2000 2000 -6
2001 2001 -5
2002 2002 -8
2003 2003 -5
2004 2004 -3
2005 2005 -4
2006 2006 -4
2007 2007 -6
2008 2008 -4
2009 2009 -4
2010 2010 -6
2011 2011 -3
2012 2012 -2
2013 2013 -4
2014 2014 -5
2015 2015 -9
2016 2016 -6
2017 2017 -2
2018 2018 -8
2019 2019 -7
2020 2020 -8
2021 2021 -3
2022 2022 -8
2023 2023 -6
2024 2024 -5
2025 2025 -10
2026 2026 -3
2027 2027 -7
2028 2028 -2
2029 2029 -4
2030 2030 -3
2031 2031 -2
2032 2032 -4
2033 2033 -3
2034 2034 -4
2035 2035 -6
2036 2036 -2
2037 2037 -3
2038 2038 -10
2039 2039 -3
2040 2040 -7
2041 2041 -3
2042 2042 -2
2043 2043 -5
2044 2044 -5
2045 2045 -5
2046 2046 -2
2047 2047 -7
2048 2048 -6
2049 2049 -3
2050 2050 -3
2051 2051 -6
2052 2052 -7
2053 2053 -7
2054 2054 -5
2055 2055 -6
2056 2056 -3
2057 2057 -4
2058 2058 -8
2059 2059 -3
2060 2060 -1
2061 2061 -7
2062 2062 -2
2063 2063 -6
2064 2064 -3
2065 2065 -2
2066 2066 -3
2067 2067 -4
2068 2068 -4
2069 2069 -4
2070 2070 -4
2071 2071 -3
2072 2072 -6
2073 2073 -9
2074 2074 -5
2075 2075 -1
2076 2076 -5
2077 2077 -5
2078 2078 -10
2079 2079 -5
2080 2080 -4
2081 2081 -9
2082 2082 -3
2083 2083 -3
2084 2084 -8
2085 2085 -2
2086 2086 -4
2087 2087 -10
2088 2088 -1
2089 2089 -2
2090 2090 -3
2091 2091 -8
2092 2092 -8
2093 2093 -3
2094 2094 -4
2095 2095 -4
2096 2096 -5
2097 2097 -5
2098 2098 -6
2099 2099 -8
2100 2100 -8
2101 2101 -2
2102 2102 -7
2103 2103 -4
2104 2104 -4
2105 2105 -1
2106 2106 -5
2107 2107 -7
2108 2108 -5
2109 2109 -2
2110 2110 -3
2111 2111 -6
2112 2112 -5
2113 2113 -6
2114 2114 -3
2115 2115 -5
2116 2116 -4
2117 2117 -6
2118 2118 -3
2119 2119 -6
2120 2120 -6
2121 2121 -4
2122 2122 -6
2123 2123 -6
2124 2124 -2
2125 2125 -9
2126 2126 -1
2127 2127 -4
2128 2128 -4
2129 2129 -4
2130 2130 -8
2131 2131 -4
2132 2132 -5
2133 2133 -6
2134 2134 -5
2135 2135 -11
2136 2136 -4
2137 2137 -6
2138 2138 -6
2139 2139 -5
2140 2140 -5
2141 2141 -5
2142 2142 -4
2143 2143 -4
2144 2144 -11
2145 2145 -9
2146 2146 -5
2147 2147 -4
2148 2148 -7
2149 2149 -5
2150 2150 -3
2151 2151 -8
2152 2152 -5
2153 2153 -8
2154 2154 -6
2155 2155 -6
2156 2156 -7
2157 2157 -2
2158 2158 -2
2159 2159 -6
2160 2160 -1
2161 2161 -2
2162 2162 -3
2163 2163 -5
2164 2164 -5
2165 2165 -4
2166 2166 -9
2167 2167 -6
2168 2168 -3
2169 2169 -5
2170 2170 -2
2171 2171 -9
2172 2172 -4
2173 2173 -4
2174 2174 -7
2175 2175 -6
2176 2176 -7
2177 2177 -5
2178 2178 -3
2179 2179 -3
2180 2180 -5
2181 2181 -5
2182 2182 -5
2183 2183 -4
2184 2184 -6
2185 2185 -7
2186 2186 -5
2187 2187 -11
2188 2188 -3
2189 2189 -4
2190 2190 -4
2191 2191 -3
2192 2192 -3
2193 2193 -7
2194 2194 -3
2195 2195 -8
2196 2196 -12
2197 2197 -3
2198 2198 -5
2199 2199 -5
2200 2200 -5
2201 2201 -6
2202 2202 -7
2203 2203 -2
2204 2204 -8
2205 2205 -6
2206 2206 -4
2207 2207 -5
2208 2208 -8
2209 2209 -2
2210 2210 -3
2211 2211 -7
2212 2212 -3
2213 2213 -3
2214 2214 -5
2215 2215 -4
2216 2216 -3
2217 2217 -3
2218 2218 -10
2219 2219 -5
2220 2220 -7
2221 2221 -8
2222 2222 -8
2223 2223 -4
2224 2224 -6
2225 2225 -5
2226 2226 -4
2227 2227 -3
2228 2228 -4
2229 2229 -5
2230 2230 -1
2231 2231 -1
2232 2232 -4
2233 2233 -5
2234 2234 -8
2235 2235 -5
2236 2236 -4
2237 2237 -7
2238 2238 -9
2239 2239 -5
2240 2240 -4
2241 2241 -6
2242 2242 -2
2243 2243 -5
2244 2244 -5
2245 2245 -9
2246 2246 -4
2247 2247 -5
2248 2248 -5
2249 2249 -6
2250 2250 -8
2251 2251 -6
2252 2252 -4
2253 2253 -7
2254 2254 -6
2255 2255 -6
2256 2256 -5
2257 2257 -7
2258 2258 -5
2259 2259 -6
2260 2260 -4
2261 2261 -3
2262 2262 -5
2263 2263 -3
2264 2264 -5
2265 2265 -4
2266 2266 -4
2267 2267 -3
2268 2268 -2
2269 2269 -3
2270 2270 -8
2271 2271 -4
2272 2272 -3
2273 2273 -6
2274 2274 -6
2275 2275 -5
2276 2276 -7
2277 2277 -3
2278 2278 -5
2279 2279 -3
2280 2280 -4
2281 2281 -7
2282 2282 -8
2283 2283 -8
2284 2284 -7
2285 2285 -9
2286 2286 -4
2287 2287 -4
2288 2288 -4
2289 2289 -8
2290 2290 -3
2291 2291 -6
2292 2292 -3
2293 2293 -5
2294 2294 -5
2295 2295 -8
2296 2296 -5
2297 2297 -3
2298 2298 -5
2299 2299 -3
2300 2300 -2
2301 2301 -9
2302 2302 -1
2303 2303 -6
2304 2304 -10
2305 2305 -2
2306 2306 -1
2307 2307 -7
2308 2308 -3
2309 2309 -5
2310 2310 -5
2311 2311 -7
2312 2312 -9
2313 2313 -3
2314 2314 -4
2315 2315 -7
2316 2316 -4
2317 2317 -4
2318 2318 -6
2319 2319 -2
2320 2320 -7
2321 2321 -10
2322 2322 -6
2323 2323 -8
2324 2324 -5
2325 2325 -4
2326 2326 -4
2327 2327 -3
2328 2328 -3
2329 2329 -4
2330 2330 -3
2331 2331 -4
2332 2332 -3
2333 2333 -2
2334 2334 -7
2335 2335 -2
2336 2336 -4
2337 2337 -8
2338 2338 -4
2339 2339 -4
2340 2340 -5
2341 2341 -4
2342 2342 -2
2343 2343 -5
2344 2344 -10
2345 2345 -3
2346 2346 -6
2347 2347 -4
2348 2348 -2
2349 2349 -5
2350 2350 -6
2351 2351 -2
2352 2352 -5
2353 2353 -8
2354 2354 -3
2355 2355 -6
2356 2356 -4
2357 2357 -3
2358 2358 -3
2359 2359 -9
2360 2360 -5
2361 2361 -4
2362 2362 -8
2363 2363 -6
2364 2364 -7
2365 2365 -3
2366 2366 -3
2367 2367 -4
2368 2368 -6
2369 2369 -2
2370 2370 -8
2371 2371 -5
2372 2372 -7
2373 2373 -2
2374 2374 -7
2375 2375 -4
2376 2376 -6
2377 2377 -5
2378 2378 -8
2379 2379 -6
2380 2380 -9
2381 2381 -6
2382 2382 -6
2383 2383 -9
2384 2384 -6
2385 2385 -3
2386 2386 -6
2387 2387 -4
2388 2388 -3
2389 2389 -4
2390 2390 -7
2391 2391 -8
2392 2392 -5
2393 2393 -5
2394 2394 -5
2395 2395 -6
2396 2396 -7
2397 2397 -5
2398 2398 -4
2399 2399 -7
2400 2400 -4
2401 2401 -7
2402 2402 -4
2403 2403 -3
2404 2404 -1
2405 2405 -5
2406 2406 -8
2407 2407 -6
2408 2408 -6
2409 2409 -7
2410 2410 -4
2411 2411 -2
2412 2412 -8
2413 2413 -5
2414 2414 -3
2415 2415 -8
2416 2416 -5
2417 2417 -5
2418 2418 -8
2419 2419 -2
2420 2420 -4
2421 2421 -3
2422 2422 -4
2423 2423 -8
2424 2424 -2
2425 2425 -7
2426 2426 -5
2427 2427 -2
2428 2428 -4
2429 2429 -8
2430 2430 -2
2431 2431 -4
2432 2432 -2
2433 2433 -4
2434 2434 -8
2435 2435 -2
2436 2436 -2
2437 2437 -7
2438 2438 -5
2439 2439 -8
2440 2440 -6
2441 2441 -3
2442 2442 -7
2443 2443 -3
2444 2444 -4
2445 2445 -3
2446 2446 -4
2447 2447 -3
2448 2448 -3
2449 2449 -5
2450 2450 -5
2451 2451 -6
2452 2452 -5
2453 2453 -4
2454 2454 -5
2455 2455 -7
2456 2456 -5
2457 2457 -3
2458 2458 -6
2459 2459 -7
2460 2460 -7
2461 2461 -5
2462 2462 -6
2463 2463 -6
2464 2464 -7
2465 2465 -6
2466 2466 -5
2467 2467 -5
2468 2468 -6
2469 2469 -4
2470 2470 -2
2471 2471 -5
2472 2472 -3
2473 2473 -5
2474 2474 -4
2475 2475 -4
2476 2476 -5
2477 2477 -3
2478 2478 -5
2479 2479 -4
2481 2481 -7
2482 2482 -9
2483 2483 -7
2484 2484 -6
2485 2485 -2
2486 2486 -2
2487 2487 -1
2488 2488 -7
2489 2489 -3
2490 2490 -2
2491 2491 -7
2492 2492 -6
2493 2493 -8
2494 2494 -6
2495 2495 -7
2496 2496 -4
2497 2497 -4
2498 2498 -4
2499 2499 -8
2500 2500 -3
2501 2501 -3
2502 2502 -5
2503 2503 -5
2504 2504 -4
2505 2505 -4
2506 2506 -7
2507 2507 -6
2508 2508 -5
2509 2509 -6
2510 2510 -4
2511 2511 -5
2512 2512 -11
2513 2513 -6
2514 2514 -4
2515 2515 -7
2516 2516 -7
2517 2517 -8
2518 2518 -3
2519 2519 -12
2520 2520 -8
2521 2521 -4
2522 2522 -5
2523 2523 -6
2524 2524 -6
2525 2525 -8
2526 2526 -2
2527 2527 -7
2528 2528 -4
2529 2529 -3
2530 2530 -5
2531 2531 -5
2532 2532 -3
2533 2533 -3
2534 2534 -10
2535 2535 -5
2536 2536 -5
2537 2537 -8
2538 2538 -5
2539 2539 -7
2540 2540 -9
2541 2541 -3
2542 2542 -7
2543 2543 -2
2544 2544 -2
2545 2545 -5
2546 2546 -8
2547 2547 -5
2548 2548 -2
2549 2549 -6
2550 2550 -3
2551 2551 -3
2552 2552 -5
2553 2553 -6
2554 2554 -5
2555 2555 -4
2556 2556 -3
2557 2557 -3
2558 2558 -11
2559 2559 -3
2560 2560 -3
2561 2561 -4
2562 2562 -3
2563 2563 -5
2564 2564 -6
2565 2565 -5
2566 2566 -4
2567 2567 -4
2568 2568 -6
2569 2569 -5
2570 2570 -3
2571 2571 -3
2572 2572 -6
2573 2573 -1
2574 2574 -9
2575 2575 -2
2576 2576 -8
2577 2577 -4
2578 2578 -2
2579 2579 -4
2580 2580 -1
2581 2581 -4
2582 2582 -6
2583 2583 -4
2584 2584 -6
2585 2585 -8
2586 2586 -3
2587 2587 -8
2588 2588 -3
2589 2589 -3
2590 2590 -3
2591 2591 -5
2592 2592 -11
2593 2593 -2
2594 2594 -5
2595 2595 -4
2596 2596 -4
2597 2597 -2
2598 2598 -5
2599 2599 -3
2600 2600 -1
2601 2601 -1
2602 2602 -2
2603 2603 -3
2604 2604 -1
2605 2605 -2
2606 2606 -3
2607 2607 -4
2608 2608 -5
2609 2609 -4
2610 2610 -5
2611 2611 -7
2612 2612 -3
2614 2614 -6
2615 2615 -3
2616 2616 -6
2617 2617 -3
2618 2618 -3
2619 2619 -3
2620 2620 -8
2621 2621 -2
2622 2622 -6
2623 2623 -3
2624 2624 -4
2625 2625 -6
2626 2626 -8
2627 2627 -3
2628 2628 -6
2629 2629 -2
2630 2630 -10
2631 2631 -4
2632 2632 -5
2633 2633 -3
2634 2634 -1
2635 2635 -7
2636 2636 -5
2637 2637 -5
2638 2638 -4
2639 2639 -5
2640 2640 -3
2641 2641 -5
2642 2642 -4
2643 2643 -2
2644 2644 -4
2645 2645 -4
2646 2646 -5
2647 2647 -6
2648 2648 -1
2649 2649 -4
2650 2650 -1
2651 2651 -2
2652 2652 -3
2653 2653 -6
2654 2654 -4
2655 2655 -10
2656 2656 -5
2657 2657 -5
2658 2658 -1
2659 2659 -1
2660 2660 -8
2661 2661 -4
2662 2662 -4
2663 2663 -3
2664 2664 -2
2665 2665 -5
2666 2666 -6
2667 2667 -3
2668 2668 -9
2669 2669 -4
2670 2670 -6
2671 2671 -5
2672 2672 -6
2673 2673 -7
2674 2674 -3
2675 2675 -4
2676 2676 -6
2677 2677 -4
2678 2678 -3
2680 2680 -2
2681 2681 -2
2682 2682 -6
2683 2683 -7
2684 2684 -6
2685 2685 -3
2686 2686 -5
2687 2687 -5
2688 2688 -5
2689 2689 -5
2690 2690 -4
2691 2691 -5
2692 2692 -6
2693 2693 -6
2694 2694 -6
2695 2695 -1
2696 2696 -9
2697 2697 -6
2698 2698 -6
2699 2699 -4
2700 2700 -4
2701 2701 -6
2702 2702 -4
2703 2703 -5
2704 2704 -7
2705 2705 -8
2706 2706 -7
2707 2707 -5
2708 2708 -3
2709 2709 -6
2710 2710 -4
2711 2711 -3
2712 2712 -5
2713 2713 -3
2714 2714 -7
2715 2715 -7
2716 2716 -6
2717 2717 -7
2718 2718 -4
2719 2719 -7
2720 2720 -4
2721 2721 -4
2722 2722 -2
2723 2723 -3
2724 2724 -2
2725 2725 -8
2726 2726 -4
2727 2727 -6
2728 2728 -9
2729 2729 -5
2730 2730 -2
2731 2731 -8
2732 2732 -3
2733 2733 -5
2734 2734 -7
2735 2735 -6
2736 2736 -1
2737 2737 -5
2738 2738 -8
2739 2739 -9
2740 2740 -5
2741 2741 -5
2742 2742 -7
2743 2743 -5
2744 2744 -5
2745 2745 -5
2746 2746 -3
2747 2747 -3
2748 2748 -3
2749 2749 -4
2750 2750 -5
2751 2751 -2
2752 2752 -5
2753 2753 -6
2754 2754 -6
2755 2755 -3
2756 2756 -1
2757 2757 -11
2758 2758 -3
2759 2759 -3
2760 2760 -2
2761 2761 -6
2762 2762 -6
2763 2763 -2
2764 2764 -2
2765 2765 -9
2766 2766 -6
2767 2767 -6
2768 2768 -5
2769 2769 -3
2770 2770 -7
2771 2771 -6
2772 2772 -4
2773 2773 -4
2774 2774 -5
2775 2775 -9
2776 2776 -5
2777 2777 -5
2778 2778 -5
2779 2779 -8
2780 2780 -4
2781 2781 -3
2782 2782 -6
2783 2783 -4
2784 2784 -6
2785 2785 -5
2786 2786 -3
2787 2787 -4
2788 2788 -4
2789 2789 -7
2790 2790 -1
2791 2791 -12
2792 2792 -6
2793 2793 -4
2794 2794 -2
2795 2795 -5
2796 2796 -6
2797 2797 -8
2798 2798 -4
2799 2799 -5
2800 2800 -2
2801 2801 -3
2802 2802 -4
2803 2803 -3
2804 2804 -9
2805 2805 -6
2806 2806 -4
2807 2807 -6
2808 2808 -6
2809 2809 -5
2810 2810 -8
2811 2811 -4
2812 2812 -5
2813 2813 -5
2814 2814 -5
2815 2815 -8
2816 2816 -3
2817 2817 -9
2818 2818 -5
2819 2819 -4
2820 2820 -2
2821 2821 -3
2822 2822 -4
2823 2823 -7
2824 2824 -3
2825 2825 -5
2826 2826 -5
2827 2827 -6
2828 2828 -10
2829 2829 -5
2830 2830 -4
2831 2831 -5
2832 2832 -4
2833 2833 -4
2834 2834 -4
2835 2835 -4
2836 2836 -5
2837 2837 -5
2838 2838 -6
2839 2839 -8
2840 2840 -5
2841 2841 -6
2842 2842 -6
2843 2843 -6
2844 2844 -4
2845 2845 -6
2846 2846 -1
2847 2847 -4
2848 2848 -3
2849 2849 -9
2850 2850 -4
2851 2851 -4
2852 2852 -3
2853 2853 -3
2854 2854 -2
2855 2855 -7
2856 2856 -6
2857 2857 -8
2858 2858 -5
2859 2859 -6
2860 2860 -6
2861 2861 -2
2862 2862 -3
2863 2863 -3
2864 2864 -6
2865 2865 -5
2866 2866 -5
2867 2867 -6
2868 2868 -3
2869 2869 -3
2870 2870 -4
2871 2871 -6
2872 2872 -6
2873 2873 -2
2874 2874 -7
2875 2875 -5
2876 2876 -7
2877 2877 -7
2878 2878 -1
2879 2879 -5
2880 2880 -7
2881 2881 -5
2882 2882 -1
2883 2883 -8
2884 2884 -3
2885 2885 -8
2886 2886 -2
2887 2887 -6
2888 2888 -4
2889 2889 -6
2890 2890 -8
2891 2891 -4
2892 2892 -2
2893 2893 -4
2894 2894 -12
2895 2895 -2
2896 2896 -5
2897 2897 -5
2898 2898 -7
2899 2899 -3
2900 2900 -4
2901 2901 -8
2902 2902 -5
2903 2903 -3
2904 2904 -5
2905 2905 -6
2906 2906 -6
2907 2907 -7
2908 2908 -5
2909 2909 -3
2910 2910 -6
2911 2911 -9
2912 2912 -4
2913 2913 -4
2914 2914 -7
2915 2915 -2
2916 2916 -6
2917 2917 -9
2918 2918 -1
2919 2919 -7
2920 2920 -3
2921 2921 -4
2922 2922 -1
2923 2923 -2
2924 2924 -5
2925 2925 -6
2926 2926 -6
2927 2927 -6
2928 2928 -9
2929 2929 -2
2931 2931 -6
2932 2932 -6
2933 2933 -3
2934 2934 -5
2935 2935 -6
2936 2936 -9
2937 2937 -4
2938 2938 -7
2939 2939 -3
2940 2940 -4
2941 2941 -5
2942 2942 -9
2943 2943 -6
2944 2944 -2
2945 2945 -2
2946 2946 -2
2947 2947 -9
2948 2948 -6
2949 2949 -4
2950 2950 -1
2951 2951 -3
2952 2952 -8
2953 2953 -4
2954 2954 -5
2955 2955 -6
2956 2956 -2
2957 2957 -9
2958 2958 -6
2959 2959 -6
2960 2960 -7
2961 2961 -5
2962 2962 -8
2963 2963 -7
2964 2964 -3
2965 2965 -3
2966 2966 -3
2967 2967 -3
2968 2968 -3
2969 2969 -7
2970 2970 -7
2971 2971 -8
2972 2972 -4
2973 2973 -4
2974 2974 -8
2975 2975 -4
2976 2976 -5
2977 2977 -7
2978 2978 -7
2979 2979 -5
2980 2980 -2
2981 2981 -7
2982 2982 -4
2983 2983 -3
2984 2984 -8
2985 2985 -4
2986 2986 -9
2987 2987 -6
2988 2988 -3
2989 2989 -3
2990 2990 -3
2991 2991 -4
2992 2992 -6
2993 2993 -6
2994 2994 -2
2995 2995 -6
2996 2996 -3
2997 2997 -6
2998 2998 -4
2999 2999 -3
3000 3000 -4
3001 3001 -4
3002 3002 -4
3003 3003 -4
3004 3004 -1
3005 3005 -6
3006 3006 -2
3007 3007 -6
3008 3008 -8
3009 3009 -5
3010 3010 -5
3011 3011 -13
3012 3012 -4
3013 3013 -6
3014 3014 -3
3015 3015 -4
3016 3016 -5
3017 3017 -4
3018 3018 -7
3019 3019 -2
3020 3020 -7
3021 3021 -6
3022 3022 -4
3023 3023 -7
3024 3024 -7
3025 3025 -4
3026 3026 -9
3027 3027 -8
3028 3028 -5
3029 3029 -2
3030 3030 -4
3031 3031 -3
3032 3032 -2
3033 3033 -3
3034 3034 -5
3035 3035 -4
3036 3036 -6
3037 3037 -5
3038 3038 -3
3039 3039 -6
3040 3040 -3
3041 3041 -3
3042 3042 -5
3043 3043 -4
3044 3044 -6
3045 3045 -6
3046 3046 -5
3047 3047 -8
3048 3048 -1
3049 3049 -3
3050 3050 -4
3051 3051 -5
3052 3052 -1
3053 3053 -6
3054 3054 -3
3055 3055 -8
3056 3056 -6
3057 3057 -7
3058 3058 -6
3059 3059 -6
3060 3060 -3
3061 3061 -4
3062 3062 -5
3063 3063 -3
3064 3064 -1
3065 3065 -9
3066 3066 -3
3067 3067 -6
3068 3068 -2
3069 3069 -5
3070 3070 -6
3071 3071 -6
3072 3072 -3
3073 3073 -3
3074 3074 -4
3075 3075 -7
3076 3076 -3
3077 3077 -4
3078 3078 -4
3079 3079 -4
3080 3080 -8
3081 3081 -5
3082 3082 -4
3083 3083 -6
3084 3084 -4
3085 3085 -3
3086 3086 -3
3087 3087 -5
3088 3088 -6
3089 3089 -5
3090 3090 -1
3091 3091 -3
3092 3092 -3
3093 3093 -3
3094 3094 -2
3095 3095 -11
3096 3096 -3
3097 3097 -9
3098 3098 -9
3099 3099 -6
3100 3100 -3
3101 3101 -4
3102 3102 -7
3103 3103 -7
3104 3104 -6
3105 3105 -7
3106 3106 -6
3107 3107 -2
3108 3108 -5
3109 3109 -6
3110 3110 -6
3111 3111 -4
3112 3112 -3
3113 3113 -7
3114 3114 -3
3115 3115 -4
3116 3116 -5
3117 3117 -3
3118 3118 -3
3119 3119 -4
3120 3120 -6
3121 3121 -4
3122 3122 -6
3123 3123 -9
3124 3124 -8
3125 3125 -2
3126 3126 -6
3127 3127 -2
3128 3128 -2
3129 3129 -6
3130 3130 -5
3131 3131 -4
3132 3132 -6
3133 3133 -4
3134 3134 -3
3135 3135 -2
3136 3136 -4
3137 3137 -6
3138 3138 -6
3139 3139 -8
3140 3140 -11
3141 3141 -8
3142 3142 -9
3143 3143 -5
3144 3144 -5
3145 3145 -3
3146 3146 -7
3147 3147 -8
3148 3148 -5
3149 3149 -3
3150 3150 -2
3151 3151 -3
3152 3152 -4
3153 3153 -8
3154 3154 -5
3155 3155 -3
3156 3156 -2
3157 3157 -9
3159 3159 -3
3160 3160 -9
3161 3161 -4
3162 3162 -5
3163 3163 -9
3164 3164 -8
3165 3165 -1
3166 3166 -9
3167 3167 -5
3168 3168 -3
3169 3169 -8
3170 3170 -5
3171 3171 -2
3172 3172 -4
3173 3173 -4
3174 3174 -5
3175 3175 -3
3176 3176 -3
3177 3177 -3
3178 3178 -5
3179 3179 -10
3180 3180 -4
3181 3181 -3
3182 3182 -10
3183 3183 -4
3184 3184 -2
3185 3185 -4
3186 3186 -5
3187 3187 -3
3188 3188 -6
3189 3189 -3
3191 3191 -6
3192 3192 -1
3193 3193 -7
3194 3194 -11
3195 3195 -4
3196 3196 -5
3197 3197 -8
3198 3198 -3
3199 3199 -7
3200 3200 -9
3201 3201 -3
3202 3202 -5
3203 3203 -5
3204 3204 -2
3205 3205 -4
3206 3206 -5
3207 3207 -2
3208 3208 -5
3209 3209 -8
3210 3210 -7
3211 3211 -8
3212 3212 -4
3213 3213 -9
3214 3214 -2
3215 3215 -6
3216 3216 -3
3217 3217 -4
3218 3218 -7
3219 3219 -3
3220 3220 -8
3221 3221 -3
3222 3222 -3
3223 3223 -5
3224 3224 -5
3225 3225 -7
3226 3226 -6
3227 3227 -2
3228 3228 -4
3229 3229 -6
3230 3230 -8
3231 3231 -4
3232 3232 -9
3233 3233 -3
3234 3234 -2
3235 3235 -3
3236 3236 -6
3237 3237 -5
3238 3238 -3
3239 3239 -6
3240 3240 -5
3241 3241 -8
3242 3242 -10
3243 3243 -6
3244 3244 -4
3245 3245 -2
3246 3246 -4
3247 3247 -4
3248 3248 -4
3249 3249 -4
3250 3250 -9
3251 3251 -6
3252 3252 -5
3253 3253 -4
3254 3254 -3
3255 3255 -2
3256 3256 -5
3257 3257 -4
3258 3258 -3
3259 3259 -6
3260 3260 -2
3261 3261 -2
3262 3262 -9
3263 3263 -5
3264 3264 -5
3265 3265 -3
3266 3266 -8
3267 3267 -7
3268 3268 -4
3269 3269 -3
3270 3270 -2
3271 3271 -7
3272 3272 -2
3273 3273 -2
3274 3274 -3
3275 3275 -5
3276 3276 -2
3277 3277 -6
3278 3278 -6
3279 3279 -7
3280 3280 -4
3281 3281 -5
3282 3282 -3
3283 3283 -7
3284 3284 -3
3285 3285 -10
3286 3286 -1
3287 3287 -5
3288 3288 -3
3289 3289 -5
3290 3290 -4
3291 3291 -7
3292 3292 -5
3293 3293 -1
3294 3294 -6
3295 3295 -7
3296 3296 -8
3297 3297 -4
3298 3298 -9
3299 3299 -4
3300 3300 -2
3301 3301 -4
3302 3302 -8
3303 3303 -8
3304 3304 -6
3305 3305 -3
3306 3306 -7
3307 3307 -5
3308 3308 -5
3309 3309 -3
3310 3310 -4
3311 3311 -4
3312 3312 -5
3313 3313 -7
3314 3314 -6
3315 3315 -4
3316 3316 -5
3317 3317 -3
3318 3318 -4
3319 3319 -4
3320 3320 -3
3321 3321 -6
3322 3322 -3
3323 3323 -5
3324 3324 -4
3325 3325 -2
3326 3326 -4
3327 3327 -4
3328 3328 -1
3329 3329 -5
3330 3330 -4
3331 3331 -4
3332 3332 -3
3333 3333 -8
3334 3334 -5
3335 3335 -6
3336 3336 -2
3337 3337 -2
3338 3338 -4
3339 3339 -4
3340 3340 -7
3341 3341 -4
3342 3342 -2
3343 3343 -7
3344 3344 -8
3345 3345 -3
3346 3346 -7
3347 3347 -5
3348 3348 -5
3349 3349 -7
3350 3350 -6
3351 3351 -2
3352 3352 -9
3353 3353 -7
3354 3354 -4
3355 3355 -3
3356 3356 -7
3357 3357 -4
3358 3358 -6
3359 3359 -4
3360 3360 -3
3361 3361 -3
3362 3362 -3
3363 3363 -2
3364 3364 -3
3365 3365 -4
3366 3366 -9
3367 3367 -10
3368 3368 -3
3369 3369 -4
3370 3370 -5
3371 3371 -2
3372 3372 -5
3373 3373 -4
3374 3374 -1
3375 3375 -6
3376 3376 -5
3378 3378 -9
3379 3379 -7
3380 3380 -6
3381 3381 -2
3382 3382 -7
3383 3383 -6
3384 3384 -4
3385 3385 -3
3386 3386 -6
3387 3387 -6
3388 3388 -6
3389 3389 -4
3390 3390 -4
3391 3391 -4
3392 3392 -4
3393 3393 -2
3394 3394 -9
3395 3395 -4
3396 3396 -4
3397 3397 -8
3398 3398 -8
3399 3399 -5
3400 3400 -3
3401 3401 -3
3402 3402 -3
3403 3403 -2
3404 3404 -4
3405 3405 -2
3406 3406 -4
3407 3407 -8
3408 3408 -4
3409 3409 -5
3410 3410 -6
3411 3411 -9
3412 3412 -6
3413 3413 -2
3414 3414 -4
3415 3415 -2
3416 3416 -5
3417 3417 -3
3418 3418 -4
3419 3419 -3
3420 3420 -4
3421 3421 -7
3422 3422 -7
3423 3423 -5
3424 3424 -5
3425 3425 -8
3426 3426 -4
3427 3427 -7
3428 3428 -4
3429 3429 -9
3430 3430 -6
3431 3431 -6
3432 3432 -6
3433 3433 -4
3434 3434 -5
3435 3435 -7
3436 3436 -6
3437 3437 -6
3438 3438 -4
3439 3439 -3
3440 3440 -5
3441 3441 -4
3442 3442 -6
3443 3443 -6
3444 3444 -2
3445 3445 -4
3446 3446 -2
3447 3447 -9
3448 3448 -8
3449 3449 -6
3450 3450 -4
3451 3451 -6
3452 3452 -6
3453 3453 -7
3454 3454 -3
3455 3455 -7
3456 3456 -5
3457 3457 -5
3458 3458 -5
3459 3459 -3
3460 3460 -4
3461 3461 -6
3463 3463 -5
3464 3464 -3
3465 3465 -4
3466 3466 -3
3467 3467 -7
3468 3468 -4
3469 3469 -4
3470 3470 -3
3471 3471 -3
3472 3472 -5
3473 3473 -5
3474 3474 -8
3475 3475 -8
3476 3476 -4
3477 3477 -3
3478 3478 -8
3479 3479 -5
3480 3480 -7
3481 3481 -1
3482 3482 -6
3483 3483 -4
3484 3484 -2
3485 3485 -3
3486 3486 -4
3487 3487 -7
3488 3488 -1
3489 3489 -3
3490 3490 -7
3491 3491 -4
3492 3492 -5
3493 3493 -7
3494 3494 -9
3495 3495 -4
3496 3496 -4
3497 3497 -4
3498 3498 -6
3499 3499 -3
3500 3500 -1
3501 3501 -7
3502 3502 -3
3503 3503 -9
3504 3504 -2
3505 3505 -4
3506 3506 -1
3507 3507 -5
3508 3508 -7
3509 3509 -5
3510 3510 -9
3511 3511 -3
3512 3512 -4
3513 3513 -4
3514 3514 -5
3515 3515 -9
3516 3516 -7
3517 3517 -3
3518 3518 -5
3519 3519 -4
3520 3520 -5
3521 3521 -2
3522 3522 -4
3523 3523 -3
3524 3524 -4
3525 3525 -4
3526 3526 -4
3527 3527 -5
3528 3528 -3
3529 3529 -1
3530 3530 -8
3531 3531 -11
3532 3532 -6
3533 3533 -6
3534 3534 -4
3535 3535 -5
3536 3536 -2
3537 3537 -4
3538 3538 -3
3539 3539 -10
3540 3540 -3
3541 3541 -2
3542 3542 -1
3543 3543 -5
3544 3544 -6
3545 3545 -5
3546 3546 -5
3547 3547 -5
3548 3548 -2
3549 3549 -5
3550 3550 -8
3551 3551 -5
3552 3552 -5
3553 3553 -4
3554 3554 -2
3555 3555 -9
3556 3556 -4
3557 3557 -2
3558 3558 -7
3559 3559 -2
3560 3560 -4
3561 3561 -5
3562 3562 -8
3563 3563 -4
3564 3564 -5
3565 3565 -10
3566 3566 -2
3567 3567 -2
3568 3568 -5
3569 3569 -5
3570 3570 -3
3571 3571 -8
3572 3572 -3
3573 3573 -3
3574 3574 -5
3575 3575 -5
3576 3576 -6
3577 3577 -3
3578 3578 -4
3579 3579 -3
3580 3580 -5
3581 3581 -7
3582 3582 -3
3583 3583 -8
3584 3584 -4
3585 3585 -3
3586 3586 -5
3587 3587 -7
3588 3588 -8
3589 3589 -9
3590 3590 -6
3591 3591 -4
3592 3592 -7
3593 3593 -2
3594 3594 -6
3595 3595 -2
3596 3596 -6
3597 3597 -4
3598 3598 -6
3599 3599 -6
3600 3600 -10
3601 3601 -1
3602 3602 -3
3603 3603 -3
3604 3604 -6
3605 3605 -4
3606 3606 -5
3607 3607 -7
3608 3608 -4
3609 3609 -4
3610 3610 -11
3611 3611 -6
3612 3612 -4
3613 3613 -3
3614 3614 -4
3615 3615 -4
3616 3616 -2
3617 3617 -6
3618 3618 -7
3619 3619 -1
3620 3620 -4
3621 3621 -4
3622 3622 -4
3623 3623 -4
3624 3624 -2
3625 3625 -1
3626 3626 -3
3627 3627 -5
3628 3628 -5
3629 3629 -8
3630 3630 -6
3631 3631 -4
3632 3632 -7
3633 3633 -1
3634 3634 -5
3635 3635 -8
3636 3636 -4
3637 3637 -8
3638 3638 -3
3639 3639 -4
3640 3640 -3
3641 3641 -7
3642 3642 -7
3643 3643 -4
3644 3644 -3
3645 3645 -8
3646 3646 -8
3647 3647 -4
3648 3648 -3
3649 3649 -3
3650 3650 -2
3651 3651 -6
3652 3652 -2
3653 3653 -7
3654 3654 -7
3655 3655 -9
3656 3656 -7
3657 3657 -3
3658 3658 -4
3659 3659 -5
3660 3660 -4
3661 3661 -7
3662 3662 -5
3663 3663 -10
3664 3664 -6
3665 3665 -1
3666 3666 -8
3667 3667 -8
3668 3668 -8
3669 3669 -6
3670 3670 -4
3671 3671 -4
3672 3672 -7
3673 3673 -5
3674 3674 -4
3675 3675 -2
3676 3676 -2
3677 3677 -3
3679 3679 -5
3680 3680 -7
3681 3681 -4
3682 3682 -6
3683 3683 -8
3684 3684 -7
3685 3685 -4
3686 3686 -4
3687 3687 -4
3688 3688 -3
3689 3689 -5
3690 3690 -3
3691 3691 -7
3692 3692 -7
3693 3693 -5
3694 3694 -3
3695 3695 -11
3696 3696 -4
3697 3697 -4
3698 3698 -6
3699 3699 -4
3700 3700 -8
3701 3701 -4
3702 3702 -1
3703 3703 -5
3704 3704 -4
3705 3705 -7
3706 3706 -11
3707 3707 -8
3708 3708 -3
3709 3709 -4
3710 3710 -7
3711 3711 -9
3712 3712 -5
3713 3713 -4
3714 3714 -9
3715 3715 -5
3716 3716 -6
3717 3717 -3
3718 3718 -6
3719 3719 -5
3720 3720 -5
3721 3721 -3
3722 3722 -6
3723 3723 -3
3724 3724 -4
3725 3725 -1
3726 3726 -4
3727 3727 -2
3728 3728 -2
3729 3729 -6
3730 3730 -7
3731 3731 -8
3732 3732 -2
3733 3733 -2
3734 3734 -4
3735 3735 -5
3736 3736 -8
3737 3737 -7
3738 3738 -7
3739 3739 -6
3740 3740 -7
3741 3741 -7
3742 3742 -8
3743 3743 -6
3744 3744 -9
3745 3745 -4
3746 3746 -5
3747 3747 -4
3748 3748 -7
3749 3749 -8
3750 3750 -5
3751 3751 -3
3752 3752 -1
3753 3753 -7
3754 3754 -7
3755 3755 -8
3756 3756 -9
3757 3757 -4
3758 3758 -10
3759 3759 -4
3760 3760 -7
3761 3761 -2
3762 3762 -7
3763 3763 -4
3764 3764 -6
3765 3765 -11
3766 3766 -5
3767 3767 -4
3768 3768 -5
3769 3769 -4
3770 3770 -8
3771 3771 -4
3772 3772 -4
3773 3773 -4
3774 3774 -6
3775 3775 -7
3776 3776 -1
3777 3777 -6
3778 3778 -3
3779 3779 -5
3780 3780 -2
3781 3781 -9
3782 3782 -3
3783 3783 -4
3784 3784 -2
3785 3785 -4
3786 3786 -7
3787 3787 -3
3788 3788 -6
3789 3789 -6
3790 3790 -4
3791 3791 -4
3792 3792 -7
3793 3793 -4
3794 3794 -7
3796 3796 -2
3797 3797 -4
3798 3798 -2
3799 3799 -4
3800 3800 -3
3801 3801 -8
3802 3802 -5
3803 3803 -8
3804 3804 -5
3805 3805 -3
3806 3806 -6
3807 3807 -8
3808 3808 -3
3809 3809 -3
3810 3810 -4
3811 3811 -6
3812 3812 -10
3813 3813 -4
3814 3814 -5
3815 3815 -2
3816 3816 -6
3817 3817 -5
3818 3818 -9
3819 3819 -3
3820 3820 -1
3821 3821 -6
3822 3822 -5
3823 3823 -2
3824 3824 -7
3825 3825 -3
3826 3826 -7
3827 3827 -4
3829 3829 -6
3830 3830 -4
3831 3831 -4
3832 3832 -5
3833 3833 -3
3834 3834 -10
3835 3835 -6
3836 3836 -3
3837 3837 -4
3838 3838 -1
3839 3839 -6
3840 3840 -5
3841 3841 -7
3842 3842 -5
3843 3843 -7
3844 3844 -6
3845 3845 -3
3846 3846 -2
3847 3847 -4
3848 3848 -3
3849 3849 -6
3850 3850 -10
3851 3851 -9
3852 3852 -5
3853 3853 -5
3854 3854 -1
3855 3855 -7
3856 3856 -3
3857 3857 -3
3858 3858 -1
3859 3859 -4
3860 3860 -7
3861 3861 -5
3862 3862 -11
3864 3864 -3
3865 3865 -4
3866 3866 -4
3867 3867 -4
3868 3868 -4
3869 3869 -8
3870 3870 -5
3871 3871 -3
3872 3872 -3
3873 3873 -8
3874 3874 -6
3875 3875 -4
3876 3876 -4
3877 3877 -7
3878 3878 -6
3879 3879 -2
3880 3880 -3
3881 3881 -12
3882 3882 -3
3883 3883 -8
3884 3884 -4
3885 3885 -7
3886 3886 -5
3887 3887 -2
3888 3888 -1
3889 3889 -5
3890 3890 -8
3891 3891 -3
3892 3892 -2
3893 3893 -5
3894 3894 -3
3895 3895 -6
3896 3896 -3
3897 3897 -5
3898 3898 -5
3899 3899 -4
3900 3900 -3
3901 3901 -9
3902 3902 -5
3903 3903 -5
3904 3904 -6
3905 3905 -3
3906 3906 -3
3907 3907 -3
3908 3908 -7
3909 3909 -8
3910 3910 -6
3911 3911 -4
3912 3912 -8
3913 3913 -2
3914 3914 -4
3915 3915 -9
3916 3916 -1
3917 3917 -9
3918 3918 -3
3919 3919 -2
3920 3920 -6
3921 3921 -3
3922 3922 -4
3923 3923 -3
3924 3924 -4
3925 3925 -6
3926 3926 -7
3927 3927 -2
3928 3928 -4
3929 3929 -4
3930 3930 -5
3931 3931 -7
3932 3932 -6
3933 3933 -2
3934 3934 -3
3935 3935 -4
3936 3936 -6
3937 3937 -5
3938 3938 -3
3939 3939 -8
3940 3940 -5
3941 3941 -6
3942 3942 -4
3943 3943 -5
3945 3945 -9
3946 3946 -4
3947 3947 -7
3948 3948 -3
3949 3949 -2
3950 3950 -5
3951 3951 -8
3952 3952 -3
3953 3953 -5
3954 3954 -5
3955 3955 -4
3956 3956 -4
3957 3957 -5
3958 3958 -4
3959 3959 -7
3960 3960 -6
3961 3961 -9
3962 3962 -7
3963 3963 -3
3964 3964 -2
3965 3965 -3
3966 3966 -5
3967 3967 -5
3968 3968 -5
3969 3969 -2
3970 3970 -4
3971 3971 -7
3972 3972 -4
3973 3973 -4
3974 3974 -5
3975 3975 -4
3976 3976 -9
3977 3977 -5
3978 3978 -6
3979 3979 -7
3980 3980 -11
3981 3981 -7
3982 3982 -2
3983 3983 -2
3984 3984 -5
3985 3985 -5
3986 3986 -2
3987 3987 -4
3988 3988 -2
3989 3989 -2
3990 3990 -2
3991 3991 -6
3992 3992 -9
3993 3993 -2
3994 3994 -5
3995 3995 -2
3996 3996 -3
3997 3997 -7
3998 3998 -2
3999 3999 -5
4000 4000 -6
4001 4001 -8
4002 4002 -8
4003 4003 -6
4004 4004 -4
4005 4005 -5
4006 4006 -9
4007 4007 -4
4008 4008 -3
4009 4009 -7
4010 4010 -3
4011 4011 -6
4012 4012 -7
4013 4013 -10
4014 4014 -2
4015 4015 -7
4016 4016 -8
4017 4017 -6
4018 4018 -5
4019 4019 -2
4020 4020 -6
4021 4021 -10
4022 4022 -9
4023 4023 -8
4024 4024 -4
4025 4025 -2
4026 4026 -1
4027 4027 -8
4028 4028 -4
4029 4029 -4
4030 4030 -4
4031 4031 -4
4032 4032 -3
4033 4033 -8
4034 4034 -3
4035 4035 -5
4036 4036 -5
4037 4037 -3
4038 4038 -8
4039 4039 -6
4040 4040 -8
4041 4041 -8
4042 4042 -6
4043 4043 -5
4044 4044 -4
4045 4045 -7
4046 4046 -3
4047 4047 -14
4048 4048 -5
4049 4049 -8
4050 4050 -3
4051 4051 -3
4052 4052 -7
4053 4053 -7
4054 4054 -3
4055 4055 -2
4056 4056 -9
4057 4057 -4
4058 4058 -7
4059 4059 -2
4060 4060 -3
4061 4061 -3
4062 4062 -6
4063 4063 -7
4064 4064 -6
4065 4065 -5
4066 4066 -5
4067 4067 -3
4068 4068 -5
4069 4069 -6
4070 4070 -3
4071 4071 -5
4072 4072 -5
4073 4073 -5
4074 4074 -7
4075 4075 -6
4076 4076 -3
4077 4077 -7
4078 4078 -3
4079 4079 -5
4080 4080 -2
4081 4081 -2
4082 4082 -2
4083 4083 -5
4084 4084 -2
4085 4085 -5
4086 4086 -10
4087 4087 -4
4088 4088 -3
4089 4089 -7
4090 4090 -4
4091 4091 -9
4092 4092 -4
4093 4093 -2
4094 4094 -6
4095 4095 -6
4096 4096 -6
4097 4097 -3
4099 4099 -4
4100 4100 -3
4101 4101 -2
4102 4102 -2
4103 4103 -4
4104 4104 -7
4105 4105 -6
4106 4106 -9
4107 4107 -13
4108 4108 -4
4109 4109 -3
4110 4110 -8
4111 4111 -4
4112 4112 -2
4113 4113 -5
4114 4114 -4
4115 4115 -5
4116 4116 -2
4117 4117 -5
4118 4118 -7
4119 4119 -3
4120 4120 -3
4121 4121 -5
4122 4122 -4
4123 4123 -2
4124 4124 -2
4126 4126 -5
4127 4127 -5
4128 4128 -5
4129 4129 -5
4130 4130 -3
4131 4131 -8
4132 4132 -6
4133 4133 -3
4134 4134 -2
4135 4135 -9
4136 4136 -6
4137 4137 -3
4138 4138 -4
4139 4139 -5
4140 4140 -6
4141 4141 -8
4142 4142 -10
4143 4143 -7
4144 4144 -4
4145 4145 -7
4146 4146 -4
4147 4147 -7
4148 4148 -2
4149 4149 -3
4150 4150 -2
4151 4151 -5
4152 4152 -7
4153 4153 -5
4154 4154 -5
4155 4155 -7
4156 4156 -4
4157 4157 -6
4158 4158 -5
4159 4159 -2
4160 4160 -2
4161 4161 -7
4162 4162 -4
4163 4163 -7
4164 4164 -7
4165 4165 -5
4166 4166 -4
4167 4167 -4
4168 4168 -5
4169 4169 -5
4170 4170 -4
4171 4171 -4
4172 4172 -2
4173 4173 -2
4174 4174 -8
4175 4175 -6
4176 4176 -6
4177 4177 -4
4178 4178 -6
4179 4179 -8
4180 4180 -6
4181 4181 -2
4182 4182 -2
4183 4183 -8
4184 4184 -2
4185 4185 -6
4186 4186 -5
4187 4187 -5
4188 4188 -4
4189 4189 -6
4190 4190 -2
4191 4191 -2
4192 4192 -4
4193 4193 -3
4194 4194 -5
4195 4195 -5
4196 4196 -7
4197 4197 -3
4198 4198 -5
4199 4199 -5
4200 4200 -3
4201 4201 -7
4202 4202 -1
4203 4203 -5
4204 4204 -4
4205 4205 -5
4206 4206 -4
4207 4207 -7
4208 4208 -4
4209 4209 -7
4210 4210 -5
4211 4211 -5
4212 4212 -5
4213 4213 -5
4214 4214 -7
4215 4215 -4
4216 4216 -5
4217 4217 -3
4218 4218 -4
4219 4219 -6
4220 4220 -2
4221 4221 -8
4222 4222 -4
4223 4223 -3
4224 4224 -5
4225 4225 -4
4226 4226 -5
4227 4227 -3
4228 4228 -3
4229 4229 -5
4230 4230 -6
4231 4231 -6
4232 4232 -6
4233 4233 -3
4234 4234 -5
4235 4235 -4
4236 4236 -5
4237 4237 -4
4238 4238 -2
4239 4239 -7
4240 4240 -7
4241 4241 -3
4242 4242 -7
4243 4243 -7
4244 4244 -5
4245 4245 -2
4246 4246 -3
4247 4247 -6
4248 4248 -6
4249 4249 -4
4250 4250 -7
4251 4251 -7
4252 4252 -3
4253 4253 -3
4254 4254 -7
4255 4255 -3
4256 4256 -7
4257 4257 -3
4258 4258 -7
4259 4259 -4
4260 4260 -6
4261 4261 -5
4262 4262 -5
4263 4263 -3
4264 4264 -2
4265 4265 -6
4266 4266 -3
4267 4267 -2
4268 4268 -4
4269 4269 -5
4270 4270 -2
4271 4271 -5
4272 4272 -10
4273 4273 -3
4274 4274 -4
4275 4275 -6
4276 4276 -1
4277 4277 -3
4278 4278 -8
4279 4279 -3
4280 4280 -4
4281 4281 -8
4282 4282 -8
4283 4283 -5
4284 4284 -10
4285 4285 -4
4286 4286 -2
4287 4287 -4
4288 4288 -3
4289 4289 -5
4290 4290 -8
4291 4291 -4
4292 4292 -6
4293 4293 -8
4294 4294 -4
4295 4295 -6
4296 4296 -5
4297 4297 -5
4298 4298 -3
4299 4299 -7
4300 4300 -7
4301 4301 -4
4302 4302 -6
4303 4303 -6
4304 4304 -9
4305 4305 -8
4306 4306 -2
4307 4307 -7
4308 4308 -4
4309 4309 -6
4310 4310 -5
4311 4311 -7
4312 4312 -2
4313 4313 -3
4314 4314 -5
4315 4315 -2
4316 4316 -7
4317 4317 -4
4318 4318 -9
4319 4319 -2
4320 4320 -3
4321 4321 -5
4322 4322 -4
4323 4323 -5
4324 4324 -6
4325 4325 -9
4326 4326 -5
4327 4327 -3
4328 4328 -4
4329 4329 -7
4330 4330 -4
4331 4331 -6
4332 4332 -5
4333 4333 -6
4334 4334 -7
4335 4335 -6
4336 4336 -5
4337 4337 -6
4338 4338 -2
4339 4339 -9
4340 4340 -3
4341 4341 -1
4342 4342 -6
4343 4343 -7
4344 4344 -4
4345 4345 -6
4346 4346 -2
4347 4347 -8
4348 4348 -4
4349 4349 -6
4350 4350 -2
4351 4351 -6
4352 4352 -3
4353 4353 -5
4354 4354 -4
4355 4355 -4
4356 4356 -6
4357 4357 -5
4358 4358 -2
4359 4359 -5
4360 4360 -2
4361 4361 -5
4362 4362 -2
4363 4363 -7
4364 4364 -7
4365 4365 -3
4366 4366 -5
4367 4367 -4
4368 4368 -9
4369 4369 -3
4370 4370 -7
4371 4371 -3
4372 4372 -6
4373 4373 -3
4374 4374 -5
4375 4375 -4
4376 4376 -6
4377 4377 -4
4378 4378 -6
4379 4379 -4
4380 4380 -3
4381 4381 -4
4382 4382 -1
4383 4383 -7
4384 4384 -4
4385 4385 -2
4386 4386 -7
4387 4387 -6
4388 4388 -2
4389 4389 -6
4390 4390 -7
4391 4391 -3
4392 4392 -2
4393 4393 -3
4394 4394 -4
4395 4395 -4
4396 4396 -6
4397 4397 -7
4398 4398 -4
4399 4399 -4
4400 4400 -2
4401 4401 -3
4402 4402 -8
4403 4403 -2
4404 4404 -6
4405 4405 -5
4406 4406 -8
4407 4407 -4
4408 4408 -8
4409 4409 -4
4410 4410 -4
4411 4411 -4
4412 4412 -5
4413 4413 -3
4414 4414 -6
4415 4415 -6
4416 4416 -5
4417 4417 -2
4418 4418 -7
4419 4419 -5
4420 4420 -6
4421 4421 -4
4422 4422 -3
4423 4423 -1
4424 4424 -3
4425 4425 -6
4426 4426 -10
4427 4427 -8
4428 4428 -6
4429 4429 -7
4430 4430 -4
4431 4431 -4
4432 4432 -2
4433 4433 -5
4434 4434 -5
4435 4435 -7
4436 4436 -4
4437 4437 -5
4438 4438 -6
4439 4439 -5
4440 4440 -4
4441 4441 -4
4442 4442 -4
4443 4443 -3
4444 4444 -2
4445 4445 -9
4446 4446 -2
4447 4447 -3
4448 4448 -5
4449 4449 -8
4450 4450 -3
4451 4451 -7
4452 4452 -4
4453 4453 -5
4454 4454 -5
4455 4455 -6
4456 4456 -4
4457 4457 -2
4458 4458 -7
4459 4459 -4
4460 4460 -5
4461 4461 -8
4462 4462 -5
4463 4463 -5
4464 4464 -8
4465 4465 -5
4466 4466 -5
4467 4467 -2
4468 4468 -6
4469 4469 -6
4470 4470 -5
4471 4471 -7
4472 4472 -5
4473 4473 -1
4474 4474 -5
4475 4475 -6
4476 4476 -2
4477 4477 -9
4478 4478 -4
4479 4479 -6
4480 4480 -6
4481 4481 -3
4482 4482 -7
4483 4483 -7
4484 4484 -7
4485 4485 -4
4486 4486 -3
4487 4487 -3
4488 4488 -5
4489 4489 -3
4490 4490 -8
4491 4491 -4
4492 4492 -2
4493 4493 -4
4494 4494 -2
4495 4495 -6
4496 4496 -4
4497 4497 -9
4498 4498 -5
4499 4499 -4
4500 4500 -3
4501 4501 -5
4502 4502 -3
4503 4503 -7
4504 4504 -5
4505 4505 -6
4506 4506 -3
4507 4507 -8
4508 4508 -1
4510 4510 -3
4511 4511 -7
4512 4512 -3
4513 4513 -8
4514 4514 -3
4515 4515 -5
4516 4516 -6
4517 4517 -6
4518 4518 -5
4519 4519 -3
4520 4520 -5
4521 4521 -9
4522 4522 -9
4523 4523 -5
4524 4524 -6
4525 4525 -5
4526 4526 -1
4527 4527 -7
4528 4528 -8
4529 4529 -3
4530 4530 -8
4531 4531 -4
4532 4532 -1
4533 4533 -7
4534 4534 -7
4535 4535 -8
4536 4536 -3
4537 4537 -4
4538 4538 -6
4539 4539 -7
4540 4540 -6
4541 4541 -3
4542 4542 -7
4543 4543 -6
4544 4544 -3
4545 4545 -3
4546 4546 -5
4547 4547 -8
4548 4548 -2
4549 4549 -3
4550 4550 -4
4551 4551 -5
4552 4552 -4
4553 4553 -3
4554 4554 -4
4555 4555 -3
4556 4556 -3
4557 4557 -4
4558 4558 -6
4559 4559 -6
4560 4560 -4
4561 4561 -6
4562 4562 -7
4563 4563 -4
4564 4564 -3
4565 4565 -1
4566 4566 -2
4567 4567 -5
4568 4568 -4
4569 4569 -4
4570 4570 -3
4571 4571 -7
4572 4572 -7
4573 4573 -3
4574 4574 -1
4575 4575 -6
4576 4576 -9
4577 4577 -3
4578 4578 -4
4579 4579 -8
4580 4580 -4
4581 4581 -2
4582 4582 -5
4583 4583 -6
4584 4584 -5
4585 4585 -4
4586 4586 -4
4587 4587 -5
4588 4588 -6
4589 4589 -3
4590 4590 -1
4591 4591 -4
4592 4592 -5
4593 4593 -3
4594 4594 -5
4595 4595 -4
4596 4596 -5
4597 4597 -7
4598 4598 -6
4599 4599 -5
4600 4600 -6
4601 4601 -5
4602 4602 -2
4603 4603 -8
4604 4604 -1
4605 4605 -2
4606 4606 -3
4607 4607 -3
4608 4608 -8
4609 4609 -7
4610 4610 -3
4611 4611 -6
4612 4612 -7
4613 4613 -6
4614 4614 -4
4615 4615 -8
4616 4616 -3
4617 4617 -6
4618 4618 -5
4619 4619 -8
4620 4620 -3
4621 4621 -4
4622 4622 -3
4623 4623 -5
4624 4624 -8
4625 4625 -8
4626 4626 -2
4627 4627 -1
4628 4628 -4
4629 4629 -7
4630 4630 -9
4631 4631 -6
4632 4632 -7
4633 4633 -7
4634 4634 -7
4635 4635 -5
4636 4636 -6
4637 4637 -5
4638 4638 -5
4639 4639 -3
4640 4640 -3
4641 4641 -4
4642 4642 -5
4643 4643 -1
4644 4644 -4
4645 4645 -3
4646 4646 -7
4647 4647 -2
4648 4648 -7
4649 4649 -4
4650 4650 -7
4651 4651 -5
4652 4652 -8
4653 4653 -5
4654 4654 -9
4655 4655 -1
4656 4656 -8
4657 4657 -4
4658 4658 -5
4659 4659 -8
4660 4660 -8
4661 4661 -3
4662 4662 -3
4663 4663 -3
4664 4664 -11
4665 4665 -4
4666 4666 -4
4667 4667 -4
4668 4668 -2
4669 4669 -6
4670 4670 -5
4671 4671 -9
4672 4672 -5
4673 4673 -4
4674 4674 -4
4675 4675 -4
4676 4676 -4
4677 4677 -3
4678 4678 -3
4679 4679 -4
4680 4680 -7
4681 4681 -4
4682 4682 -4
4683 4683 -7
4684 4684 -4
4685 4685 -4
4686 4686 -4
4687 4687 -2
4688 4688 -9
4689 4689 -5
4690 4690 -3
4691 4691 -7
4692 4692 -3
4693 4693 -4
4694 4694 -2
4695 4695 -6
4696 4696 -2
4697 4697 -8
4698 4698 -1
4699 4699 -3
4700 4700 -1
4701 4701 -3
4702 4702 -3
4703 4703 -3
4704 4704 -6
4705 4705 -5
4706 4706 -4
4707 4707 -5
4708 4708 -3
4709 4709 -8
4710 4710 -5
4711 4711 -3
4712 4712 -8
4713 4713 -2
4714 4714 -4
4715 4715 -6
4716 4716 -7
4717 4717 -8
4718 4718 -4
4719 4719 -4
4720 4720 -5
4721 4721 -3
4722 4722 -5
4723 4723 -3
4724 4724 -5
4725 4725 -1
4726 4726 -6
4727 4727 -2
4728 4728 -8
4729 4729 -4
4730 4730 -6
4731 4731 -4
4732 4732 -4
4733 4733 -3
4734 4734 -4
4735 4735 -9
4736 4736 -6
4737 4737 -1
4738 4738 -4
4739 4739 -4
4740 4740 -5
4741 4741 -3
4742 4742 -5
4743 4743 -3
4744 4744 -4
4745 4745 -5
4746 4746 -7
4747 4747 -5
4748 4748 -7
4749 4749 -7
4750 4750 -2
4751 4751 -5
4752 4752 -6
4753 4753 -7
4754 4754 -3
4755 4755 -6
4756 4756 -4
4757 4757 -5
4758 4758 -6
4759 4759 -2
4760 4760 -9
4761 4761 -4
4762 4762 -5
4763 4763 -6
4764 4764 -4
4765 4765 -5
4766 4766 -5
4767 4767 -2
4768 4768 -5
4769 4769 -5
4770 4770 -8
4771 4771 -3
4772 4772 -5
4773 4773 -5
4774 4774 -3
4775 4775 -5
4776 4776 -5
4777 4777 -5
4778 4778 -2
4779 4779 -1
4780 4780 -1
4781 4781 -6
4782 4782 -3
4783 4783 -4
4784 4784 -5
4785 4785 -5
4786 4786 -5
4787 4787 -4
4788 4788 -4
4789 4789 -2
4790 4790 -4
4791 4791 -6
4792 4792 -5
4793 4793 -5
4794 4794 -3
4795 4795 -9
4796 4796 -9
4797 4797 -6
4798 4798 -4
4799 4799 -4
4800 4800 -3
4801 4801 -6
4802 4802 -4
4803 4803 -2
4804 4804 -2
4805 4805 -9
4806 4806 -5
4807 4807 -6
4808 4808 -4
4809 4809 -4
4810 4810 -5
4811 4811 -7
4812 4812 -7
4813 4813 -9
4814 4814 -6
4815 4815 -3
4816 4816 -3
4817 4817 -5
4818 4818 -6
4819 4819 -5
4820 4820 -5
4821 4821 -6
4822 4822 -4
4823 4823 -10
4824 4824 -1
4825 4825 -8
4826 4826 -6
4827 4827 -5
4828 4828 -5
4829 4829 -4
4830 4830 -8
4831 4831 -5
4832 4832 -5
4833 4833 -6
4834 4834 -8
4835 4835 -9
4836 4836 -9
4837 4837 -5
4838 4838 -5
4839 4839 -7
4840 4840 -5
4841 4841 -3
4842 4842 -3
4843 4843 -4
4844 4844 -3
4845 4845 -3
4846 4846 -7
4847 4847 -7
4848 4848 -9
4849 4849 -5
4850 4850 -4
4851 4851 -5
4852 4852 -8
4853 4853 -5
4854 4854 -6
4855 4855 -5
4856 4856 -6
4858 4858 -4
4859 4859 -5
4860 4860 -5
4861 4861 -1
4862 4862 -4
4863 4863 -11
4864 4864 -5
4865 4865 -2
4866 4866 -2
4867 4867 -4
4868 4868 -6
4869 4869 -7
4870 4870 -7
4871 4871 -6
4872 4872 -4
4873 4873 -6
4874 4874 -6
4875 4875 -5
4876 4876 -5
4877 4877 -4
4878 4878 -7
4879 4879 -5
4880 4880 -7
4881 4881 -4
4883 4883 -4
4884 4884 -6
4885 4885 -6
4886 4886 -4
4887 4887 -8
4888 4888 -2
4889 4889 -2
4890 4890 -9
4891 4891 -2
4892 4892 -3
4893 4893 -2
4894 4894 -6
4895 4895 -7
4896 4896 -6
4897 4897 -7
4898 4898 -2
4899 4899 -13
4900 4900 -3
4901 4901 -3
4902 4902 -5
4903 4903 -3
4904 4904 -1
4905 4905 -6
4906 4906 -5
4907 4907 -10
4908 4908 -5
4909 4909 -6
4910 4910 -7
4911 4911 -3
4912 4912 -5
4913 4913 -4
4914 4914 -9
4915 4915 -6
4916 4916 -2
4917 4917 -10
4918 4918 -5
4919 4919 -7
4920 4920 -5
4921 4921 -4
4922 4922 -5
4923 4923 -6
4924 4924 -3
4925 4925 -2
4926 4926 -3
4927 4927 -1
4928 4928 -3
4929 4929 -9
4930 4930 -8
4931 4931 -1
4932 4932 -4
4933 4933 -9
4934 4934 -4
4935 4935 -5
4936 4936 -1
4937 4937 -8
4938 4938 -3
4939 4939 -5
4940 4940 -6
4941 4941 -5
4942 4942 -5
4943 4943 -5
4944 4944 -2
4945 4945 -2
4946 4946 -2
4947 4947 -4
4948 4948 -9
4949 4949 -7
4950 4950 -9
4951 4951 -5
4952 4952 -4
4953 4953 -8
4954 4954 -7
4955 4955 -3
4956 4956 -8
4957 4957 -5
4958 4958 -6
4959 4959 -4
4960 4960 -3
4961 4961 -4
4962 4962 -5
4963 4963 -6
4964 4964 -3
4965 4965 -6
4966 4966 -3
4967 4967 -4
4968 4968 -6
4969 4969 -7
4970 4970 -3
4971 4971 -8
4973 4973 -2
4974 4974 -7
4975 4975 -2
4976 4976 -8
4977 4977 -7
4978 4978 -2
4979 4979 -7
4980 4980 -5
4981 4981 -5
4982 4982 -3
4983 4983 -5
4984 4984 -9
4985 4985 -9
4986 4986 -11
4987 4987 -9
4988 4988 -1
4989 4989 -5
4990 4990 -3
4991 4991 -6
4992 4992 -5
4993 4993 -4
4994 4994 -4
4995 4995 -10
4996 4996 -6
4997 4997 -8
4998 4998 -5
4999 4999 -6
5000 5000 -2
5001 5001 -8
5002 5002 -6
5003 5003 -4
5004 5004 -4
5005 5005 -4
5006 5006 -3
5007 5007 -4
5008 5008 -2
5009 5009 -1
5010 5010 -5
5011 5011 -5
5012 5012 -4
5013 5013 -10
5014 5014 -8
5015 5015 -7
5016 5016 -5
5017 5017 -5
5018 5018 -7
5019 5019 -5
5020 5020 -6
5021 5021 -8
5022 5022 -2
5023 5023 -9
5024 5024 -6
5025 5025 -5
5026 5026 -7
5027 5027 -3
5028 5028 -3
5029 5029 -5
5030 5030 -4
5031 5031 -6
5032 5032 -4
5033 5033 -6
5034 5034 -3
5035 5035 -6
5036 5036 -6
5037 5037 -4
5038 5038 -3
5039 5039 -4
5040 5040 -10
5041 5041 -3
5042 5042 -5
5043 5043 -5
5044 5044 -6
5045 5045 -4
5046 5046 -5
5047 5047 -5
5048 5048 -3
5049 5049 -3
5050 5050 -13
5051 5051 -5
5052 5052 -4
5053 5053 -5
5054 5054 -4
5055 5055 -7
5056 5056 -10
5057 5057 -2
5058 5058 -3
5059 5059 -5
5060 5060 -3
5061 5061 -3
5062 5062 -9
5063 5063 -10
5064 5064 -6
5065 5065 -4
5066 5066 -3
5067 5067 -1
5068 5068 -3
5069 5069 -2
5070 5070 -6
5071 5071 -8
5072 5072 -2
5073 5073 -4
5074 5074 -4
5075 5075 -3
5076 5076 -6
5077 5077 -7
5078 5078 -7
5079 5079 -4
5080 5080 -3
5081 5081 -3
5082 5082 -3
5083 5083 -4
5084 5084 -4
5085 5085 -6
5086 5086 -7
5087 5087 -3
5088 5088 -5
5089 5089 -7
5090 5090 -3
5091 5091 -4
5092 5092 -5
5093 5093 -6
5094 5094 -2
5095 5095 -4
5096 5096 -4
5097 5097 -3
5098 5098 -5
5099 5099 -8
5100 5100 -2
5101 5101 -8
5103 5103 -3
5104 5104 -4
5105 5105 -8
5106 5106 -5
5107 5107 -2
5108 5108 -3
5109 5109 -6
5110 5110 -2
5111 5111 -2
5112 5112 -8
5113 5113 -4
5114 5114 -5
5115 5115 -9
5116 5116 -6
5117 5117 -5
5118 5118 -4
5119 5119 -6
5120 5120 -7
5121 5121 -1
5122 5122 -4
5123 5123 -5
5124 5124 -2
5125 5125 -9
5126 5126 -3
5127 5127 -4
5128 5128 -4
5129 5129 -5
5130 5130 -3
5131 5131 -9
5132 5132 -3
5133 5133 -6
5134 5134 -7
5135 5135 -2
5136 5136 -7
5137 5137 -1
5138 5138 -3
5139 5139 -5
5140 5140 -10
5141 5141 -4
5142 5142 -5
5143 5143 -5
5144 5144 -7
5145 5145 -8
5146 5146 -4
5147 5147 -5
5148 5148 -2
5149 5149 -3
5150 5150 -7
5151 5151 -4
5152 5152 -8
5153 5153 -7
5154 5154 -4
5155 5155 -6
5156 5156 -9
5157 5157 -5
5158 5158 -2
5159 5159 -1
5160 5160 -4
5161 5161 -1
5162 5162 -3
5163 5163 -3
5164 5164 -5
5165 5165 -7
5166 5166 -2
5167 5167 -9
5168 5168 -2
5169 5169 -5
5170 5170 -5
5171 5171 -4
5172 5172 -6
5173 5173 -8
5174 5174 -6
5175 5175 -5
5176 5176 -3
5177 5177 -4
5178 5178 -5
5179 5179 -8
5180 5180 -8
5181 5181 -6
5182 5182 -6
5183 5183 -3
5184 5184 -8
5185 5185 -2
5186 5186 -5
5187 5187 -5
5188 5188 -7
5189 5189 -2
5190 5190 -7
5191 5191 -7
5192 5192 -5
5193 5193 -4
5194 5194 -5
5195 5195 -7
5196 5196 -3
5197 5197 -4
5198 5198 -5
5199 5199 -7
5200 5200 -6
5201 5201 -6
5202 5202 -9
5203 5203 -4
5204 5204 -6
5205 5205 -7
5206 5206 -2
5207 5207 -8
5208 5208 -5
5209 5209 -7
5210 5210 -3
5211 5211 -2
5212 5212 -5
5213 5213 -7
5214 5214 -6
5215 5215 -3
5216 5216 -1
5217 5217 -4
5218 5218 -4
5219 5219 -2
5220 5220 -3
5221 5221 -7
5222 5222 -8
5224 5224 -5
5225 5225 -4
5226 5226 -2
5227 5227 -9
5228 5228 -6
5229 5229 -7
5230 5230 -3
5231 5231 -7
5232 5232 -4
5233 5233 -10
5234 5234 -4
5235 5235 -5
5236 5236 -6
5237 5237 -5
5238 5238 -6
5239 5239 -6
5240 5240 -8
5241 5241 -4
5242 5242 -9
5243 5243 -6
5244 5244 -7
5245 5245 -3
5246 5246 -3
5247 5247 -5
5248 5248 -3
5249 5249 -5
5250 5250 -5
5251 5251 -5
5252 5252 -2
5253 5253 -9
5254 5254 -2
5255 5255 -5
5256 5256 -9
5257 5257 -4
5258 5258 -2
5259 5259 -4
5260 5260 -3
5261 5261 -5
5262 5262 -7
5263 5263 -3
5264 5264 -2
5265 5265 -5
5266 5266 -4
5267 5267 -6
5268 5268 -1
5269 5269 -7
5270 5270 -6
5271 5271 -3
5272 5272 -5
5273 5273 -7
5274 5274 -7
5275 5275 -3
5276 5276 -3
5277 5277 -2
5278 5278 -6
5279 5279 -5
5280 5280 -7
5281 5281 -3
5282 5282 -5
5283 5283 -3
5284 5284 -9
5285 5285 -5
5286 5286 -7
5287 5287 -4
5288 5288 -3
5289 5289 -7
5290 5290 -10
5291 5291 -1
5292 5292 -5
5293 5293 -7
5294 5294 -5
5295 5295 -3
5296 5296 -6
5297 5297 -2
5298 5298 -3
5299 5299 -2
5300 5300 -3
5301 5301 -11
5302 5302 -3
5303 5303 -6
5304 5304 -6
5305 5305 -7
5306 5306 -5
5307 5307 -3
5308 5308 -2
5309 5309 -4
5310 5310 -10
5311 5311 -3
5312 5312 -1
5313 5313 -4
5314 5314 -7
5315 5315 -6
5316 5316 -5
5317 5317 -4
5318 5318 -7
5319 5319 -6
5320 5320 -3
5321 5321 -7
5322 5322 -5
5323 5323 -5
5324 5324 -6
5325 5325 -2
5326 5326 -4
5327 5327 -8
5328 5328 -4
5329 5329 -7
5330 5330 -5
5331 5331 -6
5332 5332 -10
5333 5333 -3
5334 5334 -5
5335 5335 -3
5336 5336 -10
5337 5337 -4
5338 5338 -5
5339 5339 -6
5340 5340 -4
5341 5341 -3
5342 5342 -7
5343 5343 -9
5344 5344 -7
5345 5345 -7
5346 5346 -5
5347 5347 -9
5348 5348 -6
5349 5349 -5
5350 5350 -6
5351 5351 -8
5352 5352 -6
5353 5353 -4
5354 5354 -4
5355 5355 -5
5356 5356 -3
5357 5357 -5
5358 5358 -4
5359 5359 -12
5360 5360 -9
5361 5361 -3
5362 5362 -4
5363 5363 -5
5364 5364 -7
5365 5365 -4
5366 5366 -4
5367 5367 -9
5368 5368 -3
5369 5369 -4
5370 5370 -2
5371 5371 -4
5372 5372 -3
5373 5373 -2
5374 5374 -3
5375 5375 -1
5376 5376 -4
5377 5377 -6
5378 5378 -8
5379 5379 -7
5380 5380 -6
5381 5381 -5
5382 5382 -5
5383 5383 -4
5384 5384 -4
5385 5385 -7
5386 5386 -9
5387 5387 -2
5388 5388 -5
5389 5389 -3
5390 5390 -8
5391 5391 -3
5392 5392 -4
5393 5393 -5
5394 5394 -9
5395 5395 -4
5396 5396 -5
5397 5397 -8
5398 5398 -5
5399 5399 -5
5400 5400 -7
5401 5401 -7
5402 5402 -7
5403 5403 -7
5404 5404 -7
5405 5405 -5
5406 5406 -3
5407 5407 -2
5408 5408 -2
5409 5409 -7
5410 5410 -3
5411 5411 -4
5412 5412 -8
5413 5413 -4
5414 5414 -2
5415 5415 -4
5416 5416 -4
5417 5417 -3
5418 5418 -5
5419 5419 -4
5420 5420 -6
5421 5421 -4
5422 5422 -3
5423 5423 -3
5424 5424 -5
5425 5425 -12
5426 5426 -5
5427 5427 -4
5428 5428 -12
5429 5429 -6
5430 5430 -5
5431 5431 -4
5432 5432 -7
5433 5433 -5
5434 5434 -5
5435 5435 -14
5436 5436 -7
5437 5437 -6
5438 5438 -3
5439 5439 -7
5440 5440 -3
5441 5441 -8
5442 5442 -3
5443 5443 -5
5444 5444 -4
5445 5445 -6
5446 5446 -4
5447 5447 -4
5448 5448 -8
5449 5449 -7
5450 5450 -6
5451 5451 -5
5452 5452 -3
5453 5453 -6
5454 5454 -3
5455 5455 -6
5456 5456 -6
5457 5457 -5
5458 5458 -2
5459 5459 -8
5460 5460 -6
5461 5461 -3
5462 5462 -6
5463 5463 -3
5464 5464 -5
5465 5465 -2
5466 5466 -2
5467 5467 -4
5468 5468 -9
5469 5469 -8
5470 5470 -3
5471 5471 -3
5472 5472 -4
5473 5473 -3
5474 5474 -3
5475 5475 -8
5476 5476 -4
5477 5477 -1
5478 5478 -2
5479 5479 -6
5480 5480 -3
5481 5481 -5
5482 5482 -7
5483 5483 -3
5484 5484 -6
5485 5485 -3
5486 5486 -3
5487 5487 -5
5488 5488 -4
5489 5489 -2
5490 5490 -4
5491 5491 -4
5492 5492 -5
5493 5493 -2
5494 5494 -6
5495 5495 -5
5496 5496 -4
5497 5497 -5
5498 5498 -3
5499 5499 -6
5500 5500 -6
5501 5501 -3
5502 5502 -4
5503 5503 -6
5504 5504 -5
5505 5505 -6
5506 5506 -5
5507 5507 -5
5509 5509 -8
5510 5510 -8
5511 5511 -7
5512 5512 -4
5513 5513 -4
5514 5514 -4
5515 5515 -4
5516 5516 -6
5517 5517 -5
5518 5518 -4
5519 5519 -7
5520 5520 -3
5521 5521 -5
5522 5522 -3
5523 5523 -6
5524 5524 -5
5525 5525 -1
5526 5526 -5
5527 5527 -4
5528 5528 -6
5529 5529 -5
5530 5530 -5
5531 5531 -4
5532 5532 -4
5533 5533 -4
5534 5534 -2
5535 5535 -6
5536 5536 -3
5537 5537 -9
5538 5538 -6
5539 5539 -5
5540 5540 -6
5541 5541 -4
5542 5542 -6
5543 5543 -6
5544 5544 -4
5545 5545 -6
5546 5546 -5
5547 5547 -3
5548 5548 -3
5549 5549 -2
5550 5550 -3
5551 5551 -5
5552 5552 -4
5553 5553 -4
5554 5554 -4
5555 5555 -3
5556 5556 -6
5557 5557 -4
5558 5558 -5
5559 5559 -2
5560 5560 -8
5561 5561 -7
5562 5562 -4
5563 5563 -8
5564 5564 -8
5565 5565 -3
5566 5566 -5
5567 5567 -8
5568 5568 -4
5569 5569 -3
5570 5570 -4
5571 5571 -2
5572 5572 -10
5573 5573 -4
5574 5574 -5
5575 5575 -5
5576 5576 -9
5577 5577 -2
5578 5578 -3
5579 5579 -4
5581 5581 -3
5582 5582 -9
5583 5583 -4
5584 5584 -4
5585 5585 -3
5586 5586 -4
5587 5587 -4
5588 5588 -6
5589 5589 -5
5590 5590 -6
5591 5591 -9
5592 5592 -5
5593 5593 -4
5594 5594 -5
5595 5595 -6
5596 5596 -7
5597 5597 -5
5598 5598 -6
5599 5599 -7
5600 5600 -4
5601 5601 -3
5602 5602 -5
5603 5603 -3
5604 5604 -4
5605 5605 -3
5606 5606 -6
5607 5607 -6
5608 5608 -2
5609 5609 -5
5610 5610 -7
5611 5611 -5
5612 5612 -6
5613 5613 -4
5614 5614 -3
5615 5615 -8
5616 5616 -1
5617 5617 -7
5618 5618 -4
5619 5619 -6
5620 5620 -4
5621 5621 -2
5623 5623 -6
5624 5624 -5
5625 5625 -8
5626 5626 -2
5627 5627 -7
5628 5628 -7
5629 5629 -4
5630 5630 -8
5631 5631 -4
5632 5632 -8
5633 5633 -3
5634 5634 -1
5635 5635 -7
5636 5636 -1
5637 5637 -4
5638 5638 -7
5639 5639 -4
5640 5640 -2
5641 5641 -8
5642 5642 -10
5643 5643 -3
5644 5644 -3
5645 5645 -2
5646 5646 -6
5647 5647 -2
5648 5648 -4
5649 5649 -4
5650 5650 -6
5651 5651 -6
5652 5652 -3
5653 5653 -3
5654 5654 -2
5655 5655 -4
5656 5656 -4
5657 5657 -8
5658 5658 -5
5659 5659 -2
5660 5660 -3
5661 5661 -6
5662 5662 -7
5663 5663 -5
5664 5664 -5
5665 5665 -11
5666 5666 -10
5667 5667 -5
5668 5668 -1
5669 5669 -1
5670 5670 -6
5671 5671 -7
5672 5672 -6
5673 5673 -6
5674 5674 -3
5675 5675 -5
5676 5676 -6
5677 5677 -4
5678 5678 -3
5679 5679 -4
5680 5680 -2
5681 5681 -3
5682 5682 -2
5683 5683 -5
5684 5684 -5
5685 5685 -5
5686 5686 -6
5687 5687 -10
5688 5688 -5
5689 5689 -2
5690 5690 -6
5691 5691 -4
5692 5692 -7
5693 5693 -3
5694 5694 -5
5695 5695 -6
5696 5696 -6
5697 5697 -3
5698 5698 -11
5699 5699 -4
5700 5700 -8
5701 5701 -8
5702 5702 -7
5703 5703 -6
5704 5704 -5
5705 5705 -5
5706 5706 -6
5707 5707 -5
5708 5708 -1
5709 5709 -3
5710 5710 -4
5711 5711 -7
5712 5712 -4
5713 5713 -4
5714 5714 -5
5715 5715 -4
5716 5716 -4
5717 5717 -7
5718 5718 -6
5719 5719 -6
5720 5720 -5
5721 5721 -5
5722 5722 -5
5723 5723 -6
5724 5724 -3
5725 5725 -6
5726 5726 -4
5727 5727 -5
5728 5728 -7
5729 5729 -4
5730 5730 -7
5731 5731 -4
5732 5732 -3
5733 5733 -4
5734 5734 -6
5735 5735 -3
5736 5736 -4
5737 5737 -6
5738 5738 -4
5739 5739 -9
5740 5740 -5
5741 5741 -5
5742 5742 -6
5743 5743 -5
5744 5744 -2
5745 5745 -6
5746 5746 -3
5747 5747 -5
5748 5748 -8
5749 5749 -6
5750 5750 -5
5751 5751 -5
5752 5752 -2
5753 5753 -5
5754 5754 -7
5755 5755 -5
5756 5756 -3
5757 5757 -6
5758 5758 -6
5759 5759 -6
5760 5760 -5
5761 5761 -9
5762 5762 -3
5763 5763 -3
5764 5764 -6
5765 5765 -2
5766 5766 -3
5767 5767 -3
5768 5768 -5
5769 5769 -4
5770 5770 -6
5771 5771 -4
5772 5772 -3
5773 5773 -6
5774 5774 -5
5775 5775 -6
5776 5776 -2
5777 5777 -5
5778 5778 -2
5779 5779 -2
5780 5780 -6
5781 5781 -2
5782 5782 -7
5783 5783 -5
5784 5784 -4
5785 5785 -4
5786 5786 -2
5787 5787 -5
5788 5788 -6
5789 5789 -5
5790 5790 -6
5791 5791 -8
5792 5792 -10
5793 5793 -7
5794 5794 -7
5795 5795 -3
5796 5796 -3
5797 5797 -6
5798 5798 -5
5799 5799 -6
5800 5800 -4
5801 5801 -7
5802 5802 -6
5803 5803 -5
5804 5804 -2
5805 5805 -1
5806 5806 -4
5807 5807 -4
5808 5808 -6
5809 5809 -1
5810 5810 -5
5811 5811 -6
5812 5812 -4
5813 5813 -4
5814 5814 -6
5815 5815 -5
5816 5816 -2
5817 5817 -4
5818 5818 -10
5819 5819 -3
5820 5820 -4
5821 5821 -1
5822 5822 -4
5823 5823 -10
5824 5824 -8
5825 5825 -3
5826 5826 -3
5827 5827 -7
5828 5828 -6
5829 5829 -4
5830 5830 -3
5831 5831 -4
5832 5832 -4
5833 5833 -6
5834 5834 -2
5835 5835 -4
5836 5836 -5
5837 5837 -5
5838 5838 -1
5839 5839 -4
5840 5840 -3
5841 5841 -6
5842 5842 -4
5843 5843 -7
5844 5844 -7
5845 5845 -6
5846 5846 -6
5847 5847 -7
5848 5848 -3
5849 5849 -2
5850 5850 -6
5851 5851 -4
5852 5852 -4
5853 5853 -4
5854 5854 -2
5855 5855 -3
5856 5856 -4
5857 5857 -5
5858 5858 -6
5859 5859 -5
5860 5860 -5
5861 5861 -8
5862 5862 -6
5863 5863 -4
5864 5864 -5
5865 5865 -10
5866 5866 -2
5867 5867 -6
5868 5868 -4
5869 5869 -5
5870 5870 -5
5871 5871 -5
5872 5872 -5
5873 5873 -6
5874 5874 -8
5875 5875 -8
5876 5876 -10
5877 5877 -7
5878 5878 -2
5879 5879 -5
5880 5880 -6
5881 5881 -1
5882 5882 -8
5883 5883 -5
5884 5884 -5
5885 5885 -1
5886 5886 -6
5887 5887 -2
5888 5888 -3
5889 5889 -7
5890 5890 -2
5891 5891 -11
5892 5892 -4
5893 5893 -6
5894 5894 -2
5895 5895 -6
5896 5896 -5
5897 5897 -2
5898 5898 -6
5899 5899 -2
5900 5900 -6
5901 5901 -3
5902 5902 -3
5903 5903 -3
5904 5904 -6
5905 5905 -8
5906 5906 -5
5907 5907 -3
5908 5908 -2
5909 5909 -3
5910 5910 -5
5911 5911 -3
5912 5912 -4
5913 5913 -4
5914 5914 -2
5915 5915 -2
5916 5916 -5
5917 5917 -5
5918 5918 -4
5919 5919 -6
5920 5920 -6
5921 5921 -2
5922 5922 -3
5923 5923 -6
5924 5924 -4
5925 5925 -2
5926 5926 -4
5927 5927 -3
5928 5928 -7
5929 5929 -2
5930 5930 -4
5931 5931 -5
5932 5932 -8
5933 5933 -5
5934 5934 -4
5935 5935 -3
5936 5936 -8
5937 5937 -3
5938 5938 -7
5939 5939 -9
5940 5940 -5
5941 5941 -6
5942 5942 -2
5943 5943 -4
5944 5944 -5
5945 5945 -3
5946 5946 -2
5947 5947 -7
5948 5948 -6
5949 5949 -3
5950 5950 -1
5951 5951 -1
5952 5952 -7
5953 5953 -6
5954 5954 -10
5955 5955 -4
5956 5956 -3
5957 5957 -8
5958 5958 -5
5959 5959 -6
5960 5960 -5
5961 5961 -3
5962 5962 -8
5963 5963 -6
5964 5964 -5
5965 5965 -2
5966 5966 -3
5967 5967 -7
5968 5968 -7
5969 5969 -3
5970 5970 -2
5971 5971 -8
5972 5972 -3
5973 5973 -7
5974 5974 -2
5975 5975 -6
5976 5976 -5
5977 5977 -8
5978 5978 -6
5979 5979 -6
5980 5980 -7
5981 5981 -6
5982 5982 -3
5983 5983 -7
5984 5984 -3
5985 5985 -4
5986 5986 -6
5987 5987 -6
5988 5988 -7
5989 5989 -7
5990 5990 -1
5991 5991 -6
5992 5992 -3
5993 5993 -4
5994 5994 -2
5995 5995 -7
5996 5996 -3
5997 5997 -6
5998 5998 -5
5999 5999 -8
6000 6000 -7
6001 6001 -5
6002 6002 -8
6003 6003 -4
6004 6004 -4
6005 6005 -9
6006 6006 -3
6007 6007 -8
6008 6008 -2
6009 6009 -3
6010 6010 -4
6011 6011 -2
6012 6012 -3
6013 6013 -5
6014 6014 -4
6015 6015 -6
6016 6016 -9
6017 6017 -1
6018 6018 -6
6019 6019 -5
6020 6020 -3
6021 6021 -6
6022 6022 -5
6023 6023 -4
6024 6024 -2
6025 6025 -4
6026 6026 -8
6027 6027 -3
6028 6028 -6
6029 6029 -3
6030 6030 -6
6031 6031 -2
6032 6032 -6
6033 6033 -4
6034 6034 -8
6035 6035 -8
6036 6036 -9
6037 6037 -5
6038 6038 -8
6039 6039 -1
6040 6040 -10
6041 6041 -2
6042 6042 -8
6043 6043 -7
6044 6044 -6
6045 6045 -3
6046 6046 -5
6047 6047 -4
6048 6048 -8
6049 6049 -4
6050 6050 -5
6051 6051 -2
6053 6053 -2
6054 6054 -3
6055 6055 -4
6056 6056 -6
6057 6057 -5
6058 6058 -6
6059 6059 -6
6060 6060 -7
6061 6061 -4
6062 6062 -2
6063 6063 -5
6064 6064 -2
6065 6065 -2
6066 6066 -3
6067 6067 -7
6068 6068 -5
6069 6069 -3
6070 6070 -2
6071 6071 -5
6072 6072 -7
6073 6073 -4
6074 6074 -8
6075 6075 -8
6076 6076 -6
6077 6077 -6
6078 6078 -6
6079 6079 -8
6080 6080 -10
6081 6081 -5
6082 6082 -4
6083 6083 -4
6084 6084 -7
6085 6085 -3
6086 6086 -4
6087 6087 -3
6088 6088 -4
6089 6089 -5
6090 6090 -6
6091 6091 -3
6092 6092 -6
6093 6093 -2
6094 6094 -3
6095 6095 -3
6096 6096 -8
6097 6097 -3
6098 6098 -4
6099 6099 -6
6100 6100 -4
6101 6101 -7
6102 6102 -5
6103 6103 -6
6104 6104 -2
6105 6105 -5
6106 6106 -5
6107 6107 -5
6108 6108 -6
6109 6109 -3
6110 6110 -7
6111 6111 -5
6112 6112 -6
6113 6113 -5
6114 6114 -5
6115 6115 -3
6116 6116 -5
6117 6117 -8
6118 6118 -5
6119 6119 -7
6120 6120 -2
6121 6121 -8
6122 6122 -6
6123 6123 -1
6124 6124 -6
6125 6125 -5
6126 6126 -7
6127 6127 -6
6128 6128 -5
6129 6129 -5
6130 6130 -8
6131 6131 -6
6132 6132 -3
6133 6133 -6
6134 6134 -9
6135 6135 -7
6136 6136 -8
6137 6137 -10
6138 6138 -8
6139 6139 -7
6140 6140 -5
6141 6141 -4
6142 6142 -11
6143 6143 -5
6144 6144 -6
6145 6145 -3
6146 6146 -5
6147 6147 -3
6148 6148 -7
6149 6149 -2
6150 6150 -2
6151 6151 -2
6152 6152 -6
6153 6153 -6
6154 6154 -7
6155 6155 -4
6156 6156 -7
6157 6157 -6
6158 6158 -5
6159 6159 -10
6160 6160 -4
6161 6161 -4
6162 6162 -5
6163 6163 -5
6164 6164 -7
6165 6165 -4
6166 6166 -6
6167 6167 -5
6168 6168 -5
6169 6169 -6
6170 6170 -2
6171 6171 -8
6172 6172 -5
6173 6173 -2
6174 6174 -7
6175 6175 -5
6176 6176 -5
6177 6177 -4
6178 6178 -3
6179 6179 -5
6180 6180 -5
6181 6181 -4
6182 6182 -1
6183 6183 -4
6184 6184 -6
6185 6185 -6
6186 6186 -6
6187 6187 -3
6188 6188 -6
6189 6189 -5
6190 6190 -10
6191 6191 -8
6192 6192 -3
6193 6193 -7
6194 6194 -7
6195 6195 -5
6196 6196 -4
6197 6197 -4
6198 6198 -6
6199 6199 -1
6200 6200 -9
6201 6201 -8
6202 6202 -4
6203 6203 -3
6204 6204 -2
6205 6205 -4
6206 6206 -4
6207 6207 -7
6208 6208 -3
6209 6209 -5
6210 6210 -6
6211 6211 -8
6212 6212 -3
6213 6213 -6
6214 6214 -5
6215 6215 -3
6216 6216 -3
6217 6217 -3
6218 6218 -2
6219 6219 -12
6220 6220 -8
6221 6221 -6
6222 6222 -5
6223 6223 -3
6224 6224 -5
6225 6225 -8
6226 6226 -7
6227 6227 -5
6228 6228 -5
6229 6229 -4
6230 6230 -4
6231 6231 -5
6232 6232 -4
6233 6233 -8
6234 6234 -4
6235 6235 -6
6236 6236 -1
6237 6237 -5
6238 6238 -4
6239 6239 -5
6240 6240 -4
6241 6241 -1
6242 6242 -5
6243 6243 -3
6244 6244 -5
6245 6245 -9
6246 6246 -6
6247 6247 -2
6248 6248 -3
6249 6249 -7
6250 6250 -6
6251 6251 -2
6252 6252 -5
6253 6253 -4
6254 6254 -6
6255 6255 -9
6256 6256 -4
6257 6257 -3
6258 6258 -3
6259 6259 -4
6260 6260 -3
6261 6261 -6
6262 6262 -6
6263 6263 -4
6264 6264 -2
6265 6265 -4
6266 6266 -3
6267 6267 -2
6268 6268 -4
6269 6269 -4
6270 6270 -5
6271 6271 -2
6272 6272 -6
6273 6273 -7
6274 6274 -2
6275 6275 -8
6276 6276 -2
6277 6277 -3
6278 6278 -6
6279 6279 -3
6280 6280 -8
6281 6281 -7
6282 6282 -4
6283 6283 -4
6284 6284 -4
6285 6285 -5
6286 6286 -4
6287 6287 -4
6288 6288 -3
6289 6289 -7
6290 6290 -4
6291 6291 -3
6292 6292 -7
6293 6293 -5
6294 6294 -2
6295 6295 -8
6296 6296 -4
6297 6297 -4
6298 6298 -6
6299 6299 -7
6300 6300 -2
6301 6301 -2
6302 6302 -3
6303 6303 -7
6304 6304 -8
6305 6305 -2
6306 6306 -3
6307 6307 -4
6308 6308 -8
6309 6309 -11
6310 6310 -5
6311 6311 -5
6312 6312 -2
6313 6313 -3
6314 6314 -7
6315 6315 -3
6316 6316 -6
6317 6317 -2
6318 6318 -4
6319 6319 -3
6320 6320 -2
6321 6321 -6
6322 6322 -3
6323 6323 -6
6324 6324 -8
6325 6325 -7
6326 6326 -2
6327 6327 -3
6328 6328 -5
6329 6329 -3
6330 6330 -5
6331 6331 -5
6332 6332 -2
6333 6333 -5
6334 6334 -5
6335 6335 -5
6336 6336 -2
6337 6337 -8
6338 6338 -6
6339 6339 -6
6340 6340 -6
6341 6341 -7
6343 6343 -8
6344 6344 -3
6345 6345 -6
6346 6346 -4
6347 6347 -2
6348 6348 -3
6349 6349 -9
6350 6350 -2
6351 6351 -1
6352 6352 -3
6353 6353 -6
6354 6354 -5
6355 6355 -9
6356 6356 -2
6357 6357 -4
6358 6358 -5
6359 6359 -8
6360 6360 -3
6361 6361 -4
6362 6362 -3
6363 6363 -6
6364 6364 -7
6365 6365 -4
6366 6366 -10
6367 6367 -4
6368 6368 -5
6369 6369 -6
6370 6370 -4
6371 6371 -5
6372 6372 -10
6373 6373 -4
6374 6374 -2
6375 6375 -4
6376 6376 -8
6377 6377 -5
6378 6378 -4
6379 6379 -10
6380 6380 -5
6381 6381 -5
6382 6382 -7
6383 6383 -4
6384 6384 -6
6385 6385 -3
6386 6386 -1
6387 6387 -8
6388 6388 -4
6389 6389 -6
6390 6390 -4
6391 6391 -8
6392 6392 -3
6393 6393 -5
6394 6394 -2
6395 6395 -4
6396 6396 -5
6397 6397 -5
6398 6398 -4
6399 6399 -8
6400 6400 -9
6401 6401 -5
6402 6402 -5
6403 6403 -4
6405 6405 -6
6406 6406 -2
6407 6407 -3
6408 6408 -5
6409 6409 -2
6410 6410 -9
6411 6411 -4
6412 6412 -7
6413 6413 -5
6414 6414 -3
6415 6415 -6
6416 6416 -2
6417 6417 -1
6418 6418 -6
6419 6419 -5
6420 6420 -6
6421 6421 -4
6422 6422 -3
6423 6423 -4
6424 6424 -2
6425 6425 -8
6426 6426 -4
6427 6427 -3
6428 6428 -2
6429 6429 -3
6430 6430 -8
6431 6431 -4
6432 6432 -8
6433 6433 -6
6434 6434 -4
6435 6435 -3
6436 6436 -6
6437 6437 -4
6438 6438 -3
6439 6439 -9
6440 6440 -7
6441 6441 -2
6442 6442 -3
6443 6443 -9
6444 6444 -6
6445 6445 -3
6446 6446 -5
6447 6447 -8
6448 6448 -1
6449 6449 -4
6450 6450 -9
6451 6451 -3
6452 6452 -4
6453 6453 -3
6454 6454 -4
6455 6455 -5
6456 6456 -6
6457 6457 -7
6458 6458 -3
6459 6459 -6
6460 6460 -2
6461 6461 -4
6462 6462 -7
6463 6463 -6
6464 6464 -3
6465 6465 -5
6466 6466 -6
6467 6467 -2
6469 6469 -2
6470 6470 -4
6471 6471 -8
6472 6472 -7
6473 6473 -5
6474 6474 -2
6475 6475 -4
6476 6476 -4
6477 6477 -1
6478 6478 -4
6479 6479 -7
6480 6480 -4
6481 6481 -1
6482 6482 -4
6483 6483 -1
6484 6484 -2
6485 6485 -7
6486 6486 -6
6487 6487 -8
6488 6488 -1
6489 6489 -7
6490 6490 -5
6491 6491 -8
6492 6492 -3
6493 6493 -8
6494 6494 -1
6495 6495 -5
6496 6496 -6
6497 6497 -2
6498 6498 -8
6499 6499 -6
6500 6500 -7
6501 6501 -5
6502 6502 -3
6503 6503 -8
6504 6504 -3
6505 6505 -9
6506 6506 -8
6507 6507 -4
6508 6508 -9
6509 6509 -4
6510 6510 -8
6511 6511 -7
6512 6512 -3
6513 6513 -3
6514 6514 -5
6515 6515 -5
6516 6516 -7
6517 6517 -9
6518 6518 -6
6519 6519 -5
6520 6520 -8
6521 6521 -5
6522 6522 -7
6523 6523 -3
6524 6524 -2
6525 6525 -4
6526 6526 -3
6527 6527 -1
6528 6528 -6
6529 6529 -6
6530 6530 -6
6531 6531 -6
6532 6532 -7
6533 6533 -4
6534 6534 -4
6535 6535 -5
6536 6536 -12
6537 6537 -4
6538 6538 -6
6539 6539 -5
6540 6540 -4
6541 6541 -7
6542 6542 -2
6543 6543 -3
6544 6544 -10
6545 6545 -6
6546 6546 -6
6547 6547 -6
6548 6548 -5
6549 6549 -3
6550 6550 -4
6551 6551 -5
6552 6552 -8
6553 6553 -2
6554 6554 -4
6555 6555 -7
6556 6556 -5
6557 6557 -6
6558 6558 -6
6559 6559 -2
6560 6560 -6
6561 6561 -5
6562 6562 -3
6563 6563 -2
6564 6564 -1
6565 6565 -2
6566 6566 -3
6567 6567 -6
6568 6568 -5
6569 6569 -3
6570 6570 -5
6571 6571 -3
6572 6572 -6
6573 6573 -7
6574 6574 -3
6575 6575 -4
6576 6576 -3
6577 6577 -9
6578 6578 -5
6579 6579 -4
6580 6580 -9
6581 6581 -2
6582 6582 -4
6583 6583 -6
6584 6584 -9
6585 6585 -5
6586 6586 -5
6587 6587 -10
6588 6588 -7
6589 6589 -4
6590 6590 -3
6591 6591 -3
6592 6592 -3
6593 6593 -8
6594 6594 -10
6595 6595 -7
6596 6596 -8
6597 6597 -8
6598 6598 -2
6599 6599 -5
6600 6600 -3
6601 6601 -9
6602 6602 -6
6603 6603 -7
6604 6604 -4
6605 6605 -6
6606 6606 -4
6607 6607 -6
6608 6608 -5
6609 6609 -5
6610 6610 -5
6611 6611 -5
6612 6612 -3
6613 6613 -8
6614 6614 -5
6615 6615 -3
6616 6616 -9
6617 6617 -6
6618 6618 -4
6619 6619 -4
6620 6620 -2
6621 6621 -4
6622 6622 -1
6623 6623 -4
6624 6624 -5
6625 6625 -9
6626 6626 -7
6627 6627 -3
6628 6628 -5
6629 6629 -3
6630 6630 -4
6631 6631 -6
6632 6632 -7
6633 6633 -3
6634 6634 -6
6635 6635 -8
6636 6636 -4
6637 6637 -5
6638 6638 -5
6639 6639 -3
6640 6640 -6
6641 6641 -9
6642 6642 -4
6643 6643 -8
6644 6644 -6
6645 6645 -1
6646 6646 -3
6647 6647 -3
6648 6648 -5
6649 6649 -3
6650 6650 -6
6651 6651 -3
6652 6652 -10
6653 6653 -5
6654 6654 -2
6655 6655 -5
6656 6656 -5
6657 6657 -5
6658 6658 -5
6659 6659 -5
6660 6660 -7
6661 6661 -7
6662 6662 -6
6663 6663 -2
6664 6664 -3
6665 6665 -11
6666 6666 -3
6667 6667 -2
6668 6668 -6
6669 6669 -3
6670 6670 -4
6671 6671 -5
6672 6672 -4
6673 6673 -7
6674 6674 -1
6675 6675 -8
6676 6676 -3
6677 6677 -6
6678 6678 -1
6679 6679 -5
6680 6680 -5
6681 6681 -4
6682 6682 -3
6683 6683 -6
6684 6684 -4
6685 6685 -8
6686 6686 -3
6687 6687 -4
6688 6688 -4
6689 6689 -5
6690 6690 -6
6691 6691 -6
6692 6692 -6
6693 6693 -6
6694 6694 -2
6695 6695 -5
6696 6696 -2
6697 6697 -4
6698 6698 -8
6699 6699 -8
6700 6700 -11
6701 6701 -8
6702 6702 -1
6703 6703 -2
6704 6704 -2
6705 6705 -2
6706 6706 -8
6707 6707 -9
6708 6708 -6
6709 6709 -2
6710 6710 -7
6711 6711 -6
6712 6712 -3
6713 6713 -2
6714 6714 -6
6715 6715 -5
6716 6716 -4
6717 6717 -5
6718 6718 -6
6719 6719 -3
6720 6720 -3
6721 6721 -7
6722 6722 -5
6723 6723 -1
6724 6724 -7
6725 6725 -1
6726 6726 -5
6727 6727 -2
6728 6728 -6
6729 6729 -4
6730 6730 -3
6731 6731 -9
6732 6732 -3
6733 6733 -3
6734 6734 -2
6735 6735 -7
6736 6736 -6
6737 6737 -7
6738 6738 -4
6739 6739 -4
6740 6740 -9
6741 6741 -4
6742 6742 -6
6743 6743 -3
6744 6744 -6
6745 6745 -4
6746 6746 -10
6747 6747 -5
6748 6748 -3
6749 6749 -4
6750 6750 -5
6751 6751 -4
6752 6752 -6
6753 6753 -6
6754 6754 -7
6755 6755 -6
6756 6756 -5
6757 6757 -3
6758 6758 -5
6759 6759 -8
6760 6760 -5
6761 6761 -6
6762 6762 -8
6763 6763 -7
6764 6764 -6
6765 6765 -5
6766 6766 -2
6767 6767 -5
6768 6768 -6
6769 6769 -5
6770 6770 -3
6771 6771 -9
6772 6772 -2
6773 6773 -6
6774 6774 -3
6775 6775 -6
6776 6776 -8
6777 6777 -6
6778 6778 -4
6779 6779 -6
6780 6780 -5
6781 6781 -3
6782 6782 -3
6783 6783 -8
6784 6784 -6
6785 6785 -4
6786 6786 -2
6787 6787 -7
6788 6788 -4
6789 6789 -1
6790 6790 -6
6791 6791 -3
6792 6792 -4
6793 6793 -6
6794 6794 -5
6795 6795 -4
6796 6796 -9
6797 6797 -2
6798 6798 -3
6799 6799 -6
6800 6800 -6
6801 6801 -6
6802 6802 -6
6803 6803 -8
6804 6804 -3
6805 6805 -6
6806 6806 -5
6807 6807 -6
6808 6808 -7
6809 6809 -7
6810 6810 -5
6811 6811 -3
6812 6812 -10
6813 6813 -7
6814 6814 -7
6815 6815 -3
6816 6816 -5
6817 6817 -4
6818 6818 -7
6819 6819 -1
6820 6820 -3
6821 6821 -5
6822 6822 -10
6823 6823 -1
6824 6824 -4
6825 6825 -3
6826 6826 -7
6827 6827 -2
6828 6828 -9
6829 6829 -4
6830 6830 -4
6831 6831 -7
6832 6832 -2
6833 6833 -11
6834 6834 -7
6835 6835 -4
6836 6836 -5
6837 6837 -5
6838 6838 -2
6839 6839 -9
6840 6840 -5
6841 6841 -4
6842 6842 -4
6843 6843 -5
6844 6844 -6
6845 6845 -5
6846 6846 -4
6847 6847 -2
6848 6848 -7
6849 6849 -5
6850 6850 -9
6851 6851 -10
6852 6852 -6
6853 6853 -2
6854 6854 -8
6855 6855 -6
6856 6856 -8
6857 6857 -4
6858 6858 -6
6859 6859 -7
6860 6860 -10
6861 6861 -5
6862 6862 -6
6863 6863 -1
6864 6864 -6
6865 6865 -4
6866 6866 -2
6867 6867 -4
6868 6868 -2
6869 6869 -7
6870 6870 -5
6871 6871 -3
6872 6872 -1
6873 6873 -5
6874 6874 -7
6875 6875 -6
6876 6876 -8
6877 6877 -3
6878 6878 -11
6879 6879 -4
6880 6880 -2
6881 6881 -3
6882 6882 -6
6883 6883 -4
6884 6884 -4
6885 6885 -11
6886 6886 -3
6887 6887 -5
6888 6888 -8
6889 6889 -2
6890 6890 -4
6891 6891 -10
6892 6892 -6
6893 6893 -3
6894 6894 -3
6895 6895 -6
6896 6896 -6
6897 6897 -6
6898 6898 -3
6899 6899 -6
6900 6900 -5
6901 6901 -2
6902 6902 -6
6903 6903 -5
6904 6904 -8
6905 6905 -4
6906 6906 -10
6907 6907 -9
6908 6908 -6
6909 6909 -5
6910 6910 -3
6911 6911 -2
6912 6912 -4
6913 6913 -3
6914 6914 -3
6915 6915 -5
6916 6916 -5
6917 6917 -7
6918 6918 -6
6919 6919 -1
6920 6920 -2
6921 6921 -8
6922 6922 -6
6923 6923 -9
6924 6924 -2
6926 6926 -9
6927 6927 -5
6928 6928 -6
6929 6929 -6
6930 6930 -5
6931 6931 -4
6932 6932 -4
6933 6933 -3
6934 6934 -2
6935 6935 -5
6936 6936 -2
6937 6937 -8
6938 6938 -5
6939 6939 -8
6940 6940 -8
6941 6941 -6
6942 6942 -3
6943 6943 -7
6944 6944 -5
6945 6945 -3
6946 6946 -3
6947 6947 -6
6948 6948 -4
6949 6949 -7
6950 6950 -4
6951 6951 -6
6952 6952 -7
6953 6953 -10
6954 6954 -3
6955 6955 -5
6956 6956 -5
6957 6957 -9
6958 6958 -7
6959 6959 -6
6960 6960 -7
6961 6961 -9
6962 6962 -6
6963 6963 -5
6964 6964 -8
6965 6965 -6
6966 6966 -1
6967 6967 -11
6968 6968 -3
6969 6969 -10
6970 6970 -3
6971 6971 -8
6972 6972 -7
6973 6973 -6
6974 6974 -5
6975 6975 -9
6976 6976 -8
6977 6977 -1
6978 6978 -3
6979 6979 -6
6980 6980 -7
6981 6981 -4
6982 6982 -2
6983 6983 -2
6984 6984 -6
6985 6985 -4
6986 6986 -6
6987 6987 -5
6988 6988 -5
6989 6989 -1
6990 6990 -5
6991 6991 -7
6992 6992 -1
6993 6993 -9
6994 6994 -7
6995 6995 -7
6996 6996 -2
6997 6997 -3
6998 6998 -2
6999 6999 -8