7000 18415 -4 4
0 6930 2
0 70 -2
0 69 -2
0 1 -2
1 6931 2
1 71 -2
1 2 -2
2 6932 2
2 72 2
2 3 2
3 6933 2
3 73 -2
3 4 -2
4 6934 2
4 74 -2
4 5 2
5 6935 2
5 75 -2
5 6 -2
6 6936 2
6 76 2
6 7 -2
7 6937 -2
7 77 -2
7 8 2
8 6938 -2
8 78 2
8 9 -2
9 6939 -2
9 79 2
9 10 -2
10 6940 2
10 80 -2
10 11 -2
11 6941 -2
11 81 -2
11 12 -2
12 6942 2
12 82 -2
12 13 2
13 6943 -2
13 83 -2
13 14 2
14 6944 -2
14 84 2
14 15 -2
15 6945 -2
15 85 2
15 16 -2
16 6946 -2
16 86 2
16 17 -2
17 6947 -2
17 87 -2
17 18 -2
18 6948 -2
18 88 -2
18 19 2
19 6949 2
19 89 2
19 20 2
20 6950 -2
20 90 2
20 21 2
21 6951 2
21 91 2
21 22 2
22 6952 -2
22 92 -2
22 23 2
23 6953 2
23 93 -2
23 24 2
24 6954 2
24 94 2
24 25 2
25 6955 -2
25 95 2
25 26 -2
26 6956 2
26 96 -2
26 27 2
27 6957 2
27 97 -2
27 28 2
28 6958 -2
28 98 -2
28 29 -2
29 6959 -2
29 99 -2
29 30 2
30 6960 -2
30 100 2
30 31 2
31 6961 -2
31 101 2
31 32 2
32 6962 2
32 102 -2
32 33 -2
33 6963 -2
33 103 2
33 34 -2
34 6964 -2
34 104 -2
34 35 -2
35 6965 2
35 105 -2
35 36 -2
36 6966 -2
36 106 -2
36 37 2
37 6967 2
37 107 -2
37 38 2
38 6968 2
38 108 -2
38 39 2
39 6969 2
39 109 -2
39 40 -2
40 6970 2
40 110 2
40 41 2
41 6971 2
41 111 -2
41 42 -2
42 6972 2
42 112 2
42 43 2
43 6973 2
43 113 2
43 44 2
44 6974 -2
44 114 -2
44 45 2
45 6975 -2
45 115 2
45 46 -2
46 6976 -2
46 116 -2
46 47 -2
47 6977 -2
47 117 2
47 48 2
48 6978 -2
48 118 2
48 49 2
49 6979 -2
49 119 2
49 50 -2
50 6980 -2
50 120 -2
50 51 -2
51 6981 -2
51 121 2
51 52 -2
52 6982 -2
52 122 2
52 53 2
53 6983 2
53 123 -2
53 54 -2
54 6984 2
54 124 -2
54 55 -2
55 6985 -2
55 125 2
55 56 -2
56 6986 -2
56 126 2
56 57 -2
57 6987 2
57 127 -2
57 58 -2
58 6988 2
58 128 -2
58 59 2
59 6989 -2
59 129 -2
59 60 -2
60 6990 -2
60 130 2
60 61 -2
61 6991 -2
61 131 -2
61 62 2
62 6992 2
62 132 -2
62 63 -2
63 6993 2
63 133 -2
63 64 -2
64 6994 2
64 134 -2
64 65 -2
65 6995 -2
65 135 2
65 66 -2
66 6996 2
66 136 2
66 67 -2
67 6997 2
67 137 2
67 68 -2
68 6998 -2
68 138 -2
68 69 2
69 6999 2
69 139 2
70 140 -2
70 139 -2
70 71 -2
71 141 -2
71 72 -2
72 142 -2
72 73 2
73 143 2
73 74 -2
74 144 -2
74 75 2
75 145 2
75 76 2
76 146 2
76 77 2
77 147 -2
77 78 -2
78 148 2
78 79 2
79 149 2
79 80 -2
80 150 2
80 81 -2
81 151 2
81 82 -2
82 152 -2
82 83 -2
83 153 -2
83 84 2
84 154 -2
84 85 2
85 155 2
85 86 2
86 156 -2
86 87 2
87 157 2
87 88 -2
88 158 2
88 89 2
89 159 2
89 90 -2
90 160 -2
90 91 2
91 161 2
91 92 2
92 162 2
92 93 2
93 163 2
93 94 -2
94 164 -2
94 95 -2
95 165 2
95 96 2
96 166 -2
96 97 2
97 167 -2
97 98 -2
98 168 -2
98 99 2
99 169 -2
99 100 -2
100 170 2
100 101 -2
101 171 2
101 102 -2
102 172 2
102 103 2
103 173 2
103 104 -2
104 174 2
104 105 2
105 175 -2
105 106 -2
106 176 2
106 107 2
107 177 -2
107 108 2
108 178 2
108 109 -2
109 179 2
109 110 2
110 180 2
110 111 2
111 181 2
111 112 -2
112 182 2
112 113 2
113 183 2
113 114 -2
114 184 -2
114 115 -2
115 185 -2
115 116 2
116 186 -2
116 117 2
117 187 -2
117 118 2
118 188 -2
118 119 -2
119 189 -2
119 120 -2
120 190 2
120 121 2
121 191 2
121 122 2
122 192 2
122 123 2
123 193 -2
123 124 -2
124 194 -2
124 125 -2
125 195 -2
125 126 -2
126 196 2
126 127 2
127 197 -2
127 128 -2
128 198 2
128 129 -2
129 199 2
129 130 2
130 200 2
130 131 2
131 201 -2
131 132 2
132 202 2
132 133 -2
133 203 -2
133 134 -2
134 204 -2
134 135 -2
135 205 -2
135 136 2
136 206 2
136 137 -2
137 207 2
137 138 2
138 208 -2
138 139 -2
139 209 2
140 210 2
140 209 -2
140 141 -2
141 211 2
141 142 -2
142 212 -2
142 143 -2
143 213 -2
143 144 -2
144 214 -2
144 145 -2
145 215 -2
145 146 2
146 216 2
146 147 -2
147 217 2
147 148 -2
148 218 2
148 149 2
149 219 -2
149 150 -2
150 220 2
150 151 2
151 221 2
151 152 -2
152 222 2
152 153 2
153 223 2
153 154 -2
154 224 -2
154 155 -2
155 225 2
155 156 -2
156 226 2
156 157 -2
157 227 2
157 158 2
158 228 -2
158 159 -2
159 229 2
159 160 -2
160 230 2
160 161 2
161 231 -2
161 162 -2
162 232 -2
162 163 -2
163 233 -2
163 164 -2
164 234 2
164 165 2
165 235 2
165 166 2
166 236 2
166 167 2
167 237 -2
167 168 2
168 238 -2
168 169 2
169 239 -2
169 170 -2
170 240 2
170 171 -2
171 241 -2
171 172 2
172 242 2
172 173 2
173 243 -2
173 174 -2
174 244 -2
174 175 -2
175 245 2
175 176 2
176 246 2
176 177 -2
177 247 -2
177 178 2
178 248 2
178 179 -2
179 249 2
179 180 2
180 250 -2
180 181 -2
181 251 -2
181 182 -2
182 252 2
182 183 -2
183 253 -2
183 184 2
184 254 -2
184 185 -2
185 255 -2
185 186 2
186 256 -2
186 187 -2
187 257 -2
187 188 -2
188 258 2
188 189 2
189 259 -2
189 190 -2
190 260 2
190 191 2
191 261 -2
191 192 2
192 262 2
192 193 2
193 263 -2
193 194 -2
194 264 2
194 195 2
195 265 2
195 196 2
196 266 -2
196 197 2
197 267 2
197 198 2
198 268 -2
198 199 2
199 269 -2
199 200 2
200 270 -2
200 201 2
201 271 -2
201 202 -2
202 272 2
202 203 2
203 273 -2
203 204 -2
204 274 -2
204 205 -2
205 275 2
205 206 2
206 276 -2
206 207 2
207 277 -2
207 208 2
208 278 2
208 209 2
209 279 2
210 280 -2
210 279 -2
210 211 2
211 281 2
211 212 -2
212 282 -2
212 213 -2
213 283 2
213 214 2
214 284 2
214 215 -2
215 285 2
215 216 2
216 286 -2
216 217 2
217 287 -2
217 218 -2
218 288 -2
218 219 -2
219 289 -2
219 220 -2
220 290 2
220 221 2
221 291 -2
221 222 -2
222 292 -2
222 223 -2
223 293 2
223 224 -2
224 294 -2
224 225 -2
225 295 -2
225 226 2
226 296 2
226 227 -2
227 297 2
227 228 -2
228 298 2
228 229 2
229 299 -2
229 230 2
230 300 2
230 231 -2
231 301 2
231 232 2
232 302 -2
232 233 2
233 303 -2
233 234 2
234 304 2
234 235 2
235 305 -2
235 236 -2
236 306 2
236 237 2
237 307 2
237 238 2
238 308 -2
238 239 -2
239 309 2
239 240 -2
240 310 2
240 241 -2
241 311 2
241 242 -2
242 312 2
242 243 -2
243 313 2
243 244 2
244 314 2
244 245 2
245 315 -2
245 246 2
246 316 2
246 247 -2
247 317 2
247 248 -2
248 318 -2
248 249 -2
249 319 2
249 250 2
250 320 2
250 251 2
251 321 2
251 252 -2
252 322 2
252 253 2
253 323 -2
253 254 2
254 324 2
254 255 2
255 325 -2
255 256 2
256 326 -2
256 257 2
257 327 -2
257 258 2
258 328 2
258 259 -2
259 329 2
259 260 2
260 330 2
260 261 -2
261 331 2
261 262 2
262 332 2
262 263 -2
263 333 2
263 264 -2
264 334 2
264 265 2
265 335 2
265 266 -2
266 336 2
266 267 2
267 337 -2
267 268 2
268 338 2
268 269 2
269 339 -2
269 270 -2
270 340 -2
270 271 2
271 341 2
271 272 2
272 342 2
272 273 -2
273 343 2
273 274 -2
274 344 2
274 275 2
275 345 -2
275 276 -2
276 346 -2
276 277 2
277 347 2
277 278 -2
278 348 -2
278 279 -2
279 349 -2
280 350 -2
280 349 2
280 281 -2
281 351 -2
281 282 2
282 352 -2
282 283 -2
283 353 -2
283 284 -2
284 354 -2
284 285 -2
285 355 -2
285 286 2
286 356 2
286 287 -2
287 357 -2
287 288 -2
288 358 -2
288 289 -2
289 359 -2
289 290 2
290 360 2
290 291 2
291 361 -2
291 292 2
292 362 -2
292 293 -2
293 363 2
293 294 -2
294 364 -2
294 295 -2
295 365 -2
295 296 2
296 366 -2
296 297 2
297 367 2
297 298 2
298 368 2
298 299 -2
299 369 -2
299 300 -2
300 370 -2
300 301 2
301 371 2
301 302 2
302 372 -2
302 303 2
303 373 2
303 304 -2
304 374 -2
304 305 2
305 375 -2
305 306 -2
306 376 2
306 307 -2
307 377 2
307 308 -2
308 378 2
308 309 2
309 379 2
309 310 2
310 380 -2
310 311 2
311 381 2
311 312 2
312 382 -2
312 313 -2
313 383 2
313 314 -2
314 384 2
314 315 2
315 385 2
315 316 -2
316 386 2
316 317 -2
317 387 -2
317 318 -2
318 388 2
318 319 -2
319 389 2
319 320 2
320 390 2
320 321 2
321 391 -2
321 322 2
322 392 2
322 323 -2
323 393 -2
323 324 2
324 394 2
324 325 -2
325 395 -2
325 326 2
326 396 2
326 327 -2
327 397 2
327 328 2
328 398 -2
328 329 2
329 399 -2
329 330 2
330 400 -2
330 331 -2
331 401 -2
331 332 -2
332 402 -2
332 333 2
333 403 -2
333 334 2
334 404 2
334 335 -2
335 405 2
335 336 2
336 406 -2
336 337 2
337 407 2
337 338 -2
338 408 2
338 339 -2
339 409 2
339 340 2
340 410 2
340 341 -2
341 411 2
341 342 2
342 412 2
342 343 2
343 413 -2
343 344 -2
344 414 2
344 345 2
345 415 -2
345 346 -2
346 416 2
346 347 2
347 417 2
347 348 -2
348 418 2
348 349 -2
349 419 -2
350 420 2
350 419 2
350 351 -2
351 421 -2
351 352 2
352 422 2
352 353 -2
353 423 -2
353 354 -2
354 424 -2
354 355 2
355 425 2
355 356 2
356 426 2
356 357 -2
357 427 2
357 358 2
358 428 -2
358 359 2
359 429 -2
359 360 -2
360 430 -2
360 361 2
361 431 2
361 362 -2
362 432 2
362 363 -2
363 433 2
363 364 -2
364 434 2
364 365 -2
365 435 2
365 366 2
366 436 -2
366 367 -2
367 437 -2
367 368 2
368 438 -2
368 369 -2
369 439 -2
369 370 2
370 440 -2
370 371 2
371 441 -2
371 372 -2
372 442 2
372 373 2
373 443 -2
373 374 2
374 444 2
374 375 2
375 445 -2
375 376 -2
376 446 -2
376 377 -2
377 447 -2
377 378 -2
378 448 2
378 379 2
379 449 2
379 380 2
380 450 -2
380 381 -2
381 451 -2
381 382 -2
382 452 2
382 383 -2
383 453 2
383 384 2
384 454 -2
384 385 2
385 455 -2
385 386 2
386 456 2
386 387 2
387 457 2
387 388 2
388 458 2
388 389 -2
389 459 2
389 390 2
390 460 2
390 391 2
391 461 -2
391 392 -2
392 462 -2
392 393 -2
393 463 -2
393 394 -2
394 464 -2
394 395 2
395 465 -2
395 396 -2
396 466 -2
396 397 -2
397 467 2
397 398 2
398 468 -2
398 399 2
399 469 2
399 400 2
400 470 -2
400 401 2
401 471 2
401 402 -2
402 472 2
402 403 -2
403 473 -2
403 404 2
404 474 2
404 405 2
405 475 -2
405 406 -2
406 476 2
406 407 -2
407 477 2
407 408 -2
408 478 -2
408 409 -2
409 479 2
409 410 -2
410 480 -2
410 411 -2
411 481 2
411 412 -2
412 482 2
412 413 2
413 483 2
413 414 2
414 484 2
414 415 2
415 485 -2
415 416 -2
416 486 2
416 417 2
417 487 -2
417 418 2
418 488 -2
418 419 2
419 489 -2
420 490 -2
420 489 -2
420 421 -2
421 491 2
421 422 2
422 492 -2
422 423 2
423 493 -2
423 424 -2
424 494 -2
424 425 2
425 495 -2
425 426 -2
426 496 -2
426 427 -2
427 497 2
427 428 2
428 498 2
428 429 -2
429 499 2
429 430 -2
430 500 2
430 431 2
431 501 -2
431 432 -2
432 502 2
432 433 -2
433 503 -2
433 434 2
434 504 -2
434 435 2
435 505 2
435 436 2
436 506 -2
436 437 -2
437 507 -2
437 438 -2
438 508 -2
438 439 2
439 509 -2
439 440 2
440 510 2
440 441 2
441 511 2
441 442 2
442 512 -2
442 443 2
443 513 -2
443 444 2
444 514 -2
444 445 -2
445 515 -2
445 446 -2
446 516 -2
446 447 -2
447 517 2
447 448 2
448 518 -2
448 449 2
449 519 -2
449 450 -2
450 520 -2
450 451 -2
451 521 -2
451 452 -2
452 522 -2
452 453 -2
453 523 -2
453 454 -2
454 524 2
454 455 2
455 525 -2
455 456 -2
456 526 2
456 457 -2
457 527 2
457 458 -2
458 528 2
458 459 -2
459 529 -2
459 460 2
460 530 2
460 461 -2
461 531 2
461 462 -2
462 532 2
462 463 -2
463 533 2
463 464 -2
464 534 2
464 465 2
465 535 -2
465 466 2
466 536 -2
466 467 2
467 537 2
467 468 2
468 538 2
468 469 2
469 539 2
469 470 -2
470 540 -2
470 471 2
471 541 -2
471 472 -2
472 542 2
472 473 -2
473 543 -2
473 474 -2
474 544 -2
474 475 2
475 545 -2
475 476 -2
476 546 2
476 477 2
477 547 -2
477 478 2
478 548 2
478 479 2
479 549 -2
479 480 -2
480 550 -2
480 481 -2
481 551 -2
481 482 -2
482 552 2
482 483 2
483 553 2
483 484 -2
484 554 2
484 485 -2
485 555 -2
485 486 -2
486 556 -2
486 487 -2
487 557 -2
487 488 -2
488 558 2
488 489 2
489 559 -2
490 560 -2
490 559 2
490 491 -2
491 561 2
491 492 -2
492 562 2
492 493 -2
493 563 2
493 494 2
494 564 2
494 495 2
495 565 -2
495 496 -2
496 566 2
496 497 -2
497 567 -2
497 498 -2
498 568 2
498 499 -2
499 569 2
499 500 2
500 570 2
500 501 -2
501 571 -2
501 502 2
502 572 2
502 503 2
503 573 2
503 504 2
504 574 -2
504 505 -2
505 575 -2
505 506 2
506 576 -2
506 507 -2
507 577 2
507 508 2
508 578 -2
508 509 2
509 579 -2
509 510 -2
510 580 -2
510 511 -2
511 581 2
511 512 -2
512 582 2
512 513 -2
513 583 -2
513 514 2
514 584 -2
514 515 -2
515 585 -2
515 516 2
516 586 2
516 517 -2
517 587 2
517 518 -2
518 588 2
518 519 -2
519 589 -2
519 520 -2
520 590 -2
520 521 2
521 591 2
521 522 2
522 592 -2
522 523 2
523 593 -2
523 524 2
524 594 -2
524 525 2
525 595 2
525 526 -2
526 596 -2
526 527 -2
527 597 -2
527 528 -2
528 598 -2
528 529 -2
529 599 2
529 530 2
530 600 2
530 531 2
531 601 -2
531 532 2
532 602 -2
532 533 -2
533 603 -2
533 534 -2
534 604 2
534 535 2
535 605 -2
535 536 -2
536 606 -2
536 537 2
537 607 2
537 538 2
538 608 -2
538 539 2
539 609 2
539 540 2
540 610 -2
540 541 -2
541 611 -2
541 542 2
542 612 2
542 543 -2
543 613 -2
543 544 -2
544 614 2
544 545 -2
545 615 2
545 546 -2
546 616 2
546 547 2
547 617 -2
547 548 -2
548 618 -2
548 549 2
549 619 -2
549 550 2
550 620 -2
550 551 -2
551 621 2
551 552 2
552 622 2
552 553 2
553 623 2
553 554 2
554 624 2
554 555 -2
555 625 2
555 556 2
556 626 2
556 557 2
557 627 2
557 558 2
558 628 2
558 559 2
559 629 -2
560 630 -2
560 629 2
560 561 -2
561 631 2
561 562 2
562 632 2
562 563 -2
563 633 -2
563 564 2
564 634 -2
564 565 -2
565 635 2
565 566 2
566 636 2
566 567 -2
567 637 2
567 568 2
568 638 2
568 569 -2
569 639 2
569 570 2
570 640 2
570 571 2
571 641 2
571 572 -2
572 642 -2
572 573 2
573 643 -2
573 574 -2
574 644 -2
574 575 -2
575 645 2
575 576 2
576 646 -2
576 577 2
577 647 2
577 578 -2
578 648 -2
578 579 2
579 649 -2
579 580 -2
580 650 2
580 581 2
581 651 -2
581 582 -2
582 652 2
582 583 2
583 653 2
583 584 2
584 654 -2
584 585 -2
585 655 -2
585 586 2
586 656 2
586 587 -2
587 657 2
587 588 2
588 658 2
588 589 2
589 659 -2
589 590 -2
590 660 -2
590 591 -2
591 661 2
591 592 2
592 662 -2
592 593 -2
593 663 2
593 594 2
594 664 2
594 595 -2
595 665 -2
595 596 -2
596 666 2
596 597 -2
597 667 -2
597 598 -2
598 668 -2
598 599 -2
599 669 -2
599 600 -2
600 670 -2
600 601 2
601 671 -2
601 602 -2
602 672 2
602 603 -2
603 673 -2
603 604 -2
604 674 -2
604 605 2
605 675 -2
605 606 -2
606 676 -2
606 607 -2
607 677 2
607 608 -2
608 678 -2
608 609 2
609 679 2
609 610 2
610 680 2
610 611 2
611 681 -2
611 612 -2
612 682 2
612 613 2
613 683 -2
613 614 -2
614 684 2
614 615 2
615 685 2
615 616 -2
616 686 2
616 617 -2
617 687 -2
617 618 -2
618 688 2
618 619 -2
619 689 2
619 620 2
620 690 2
620 621 2
621 691 2
621 622 -2
622 692 -2
622 623 -2
623 693 2
623 624 -2
624 694 -2
624 625 -2
625 695 2
625 626 2
626 696 -2
626 627 2
627 697 -2
627 628 2
628 698 -2
628 629 -2
629 699 -2
630 700 -2
630 699 2
630 631 2
631 701 -2
631 632 -2
632 702 2
632 633 -2
633 703 2
633 634 2
634 704 -2
634 635 -2
635 705 2
635 636 -2
636 706 -2
636 637 -2
637 707 2
637 638 2
638 708 -2
638 639 2
639 709 -2
639 640 2
640 710 2
640 641 -2
641 711 -2
641 642 2
642 712 2
642 643 2
643 713 -2
643 644 -2
644 714 -2
644 645 -2
645 715 2
645 646 2
646 716 -2
646 647 2
647 717 2
647 648 -2
648 718 2
648 649 2
649 719 -2
649 650 -2
650 720 2
650 651 2
651 721 -2
651 652 2
652 722 -2
652 653 2
653 723 -2
653 654 2
654 724 -2
654 655 -2
655 725 -2
655 656 2
656 726 2
656 657 2
657 727 2
657 658 2
658 728 -2
658 659 2
659 729 -2
659 660 2
660 730 -2
660 661 -2
661 731 2
661 662 2
662 732 2
662 663 -2
663 733 2
663 664 2
664 734 -2
664 665 -2
665 735 2
665 666 2
666 736 2
666 667 -2
667 737 2
667 668 2
668 738 2
668 669 2
669 739 2
669 670 -2
670 740 2
670 671 2
671 741 -2
671 672 -2
672 742 -2
672 673 2
673 743 -2
673 674 2
674 744 2
674 675 2
675 745 2
675 676 2
676 746 -2
676 677 2
677 747 -2
677 678 2
678 748 -2
678 679 -2
679 749 2
679 680 -2
680 750 2
680 681 -2
681 751 -2
681 682 2
682 752 2
682 683 -2
683 753 -2
683 684 2
684 754 -2
684 685 2
685 755 2
685 686 2
686 756 -2
686 687 2
687 757 -2
687 688 2
688 758 -2
688 689 -2
689 759 -2
689 690 2
690 760 2
690 691 2
691 761 -2
691 692 -2
692 762 -2
692 693 -2
693 763 2
693 694 2
694 764 2
694 695 -2
695 765 2
695 696 -2
696 766 2
696 697 -2
697 767 -2
697 698 2
698 768 2
698 699 2
699 769 2
700 770 2
700 769 -2
700 701 2
701 771 2
701 702 -2
702 772 2
702 703 -2
703 773 2
703 704 -2
704 774 -2
704 705 2
705 775 -2
705 706 -2
706 776 2
706 707 2
707 777 -2
707 708 2
708 778 2
708 709 -2
709 779 2
709 710 -2
710 780 2
710 711 2
711 781 -2
711 712 2
712 782 2
712 713 -2
713 783 2
713 714 2
714 784 -2
714 715 -2
715 785 -2
715 716 2
716 786 -2
716 717 -2
717 787 2
717 718 2
718 788 2
718 719 -2
719 789 -2
719 720 -2
720 790 2
720 721 -2
721 791 -2
721 722 2
722 792 2
722 723 2
723 793 2
723 724 2
724 794 -2
724 725 2
725 795 -2
725 726 2
726 796 2
726 727 -2
727 797 2
727 728 2
728 798 -2
728 729 -2
729 799 -2
729 730 -2
730 800 -2
730 731 -2
731 801 -2
731 732 -2
732 802 2
732 733 2
733 803 2
733 734 -2
734 804 2
734 735 2
735 805 2
735 736 2
736 806 -2
736 737 2
737 807 -2
737 738 2
738 808 -2
738 739 -2
739 809 2
739 740 2
740 810 -2
740 741 2
741 811 2
741 742 -2
742 812 -2
742 743 -2
743 813 2
743 744 -2
744 814 2
744 745 -2
745 815 2
745 746 2
746 816 -2
746 747 2
747 817 -2
747 748 -2
748 818 -2
748 749 -2
749 819 -2
749 750 -2
750 820 2
750 751 -2
751 821 -2
751 752 -2
752 822 -2
752 753 -2
753 823 -2
753 754 -2
754 824 -2
754 755 -2
755 825 -2
755 756 -2
756 826 2
756 757 2
757 827 -2
757 758 -2
758 828 -2
758 759 2
759 829 -2
759 760 2
760 830 -2
760 761 -2
761 831 2
761 762 2
762 832 -2
762 763 2
763 833 2
763 764 -2
764 834 -2
764 765 -2
765 835 -2
765 766 -2
766 836 2
766 767 -2
767 837 2
767 768 2
768 838 2
768 769 -2
769 839 -2
770 840 -2
770 839 2
770 771 -2
771 841 -2
771 772 2
772 842 -2
772 773 2
773 843 2
773 774 -2
774 844 2
774 775 -2
775 845 -2
775 776 -2
776 846 2
776 777 -2
777 847 2
777 778 -2
778 848 2
778 779 2
779 849 -2
779 780 2
780 850 -2
780 781 2
781 851 -2
781 782 -2
782 852 2
782 783 2
783 853 -2
783 784 -2
784 854 -2
784 785 -2
785 855 -2
785 786 -2
786 856 -2
786 787 -2
787 857 -2
787 788 -2
788 858 2
788 789 -2
789 859 -2
789 790 2
790 860 2
790 791 -2
791 861 -2
791 792 2
792 862 2
792 793 -2
793 863 -2
793 794 2
794 864 -2
794 795 2
795 865 -2
795 796 2
796 866 2
796 797 -2
797 867 2
797 798 -2
798 868 -2
798 799 2
799 869 -2
799 800 -2
800 870 2
800 801 2
801 871 2
801 802 2
802 872 -2
802 803 2
803 873 -2
803 804 2
804 874 2
804 805 -2
805 875 -2
805 806 -2
806 876 -2
806 807 -2
807 877 2
807 808 -2
808 878 2
808 809 -2
809 879 2
809 810 2
810 880 -2
810 811 2
811 881 2
811 812 -2
812 882 -2
812 813 -2
813 883 2
813 814 -2
814 884 -2
814 815 2
815 885 -2
815 816 -2
816 886 2
816 817 -2
817 887 -2
817 818 -2
818 888 -2
818 819 -2
819 889 2
819 820 -2
820 890 -2
820 821 2
821 891 -2
821 822 -2
822 892 2
822 823 -2
823 893 -2
823 824 -2
824 894 -2
824 825 2
825 895 2
825 826 2
826 896 -2
826 827 -2
827 897 2
827 828 2
828 898 -2
828 829 -2
829 899 2
829 830 2
830 900 -2
830 831 -2
831 901 -2
831 832 2
832 902 -2
832 833 2
833 903 2
833 834 -2
834 904 -2
834 835 -2
835 905 2
835 836 2
836 906 -2
836 837 -2
837 907 2
837 838 2
838 908 2
838 839 -2
839 909 2
840 910 -2
840 909 2
840 841 2
841 911 -2
841 842 2
842 912 2
842 843 -2
843 913 2
843 844 -2
844 914 -2
844 845 -2
845 915 -2
845 846 2
846 916 2
846 847 2
847 917 2
847 848 -2
848 918 -2
848 849 2
849 919 -2
849 850 2
850 920 2
850 851 2
851 921 2
851 852 2
852 922 2
852 853 -2
853 923 2
853 854 2
854 924 -2
854 855 -2
855 925 2
855 856 -2
856 926 -2
856 857 -2
857 927 -2
857 858 2
858 928 2
858 859 -2
859 929 2
859 860 -2
860 930 2
860 861 2
861 931 -2
861 862 -2
862 932 2
862 863 2
863 933 2
863 864 2
864 934 -2
864 865 2
865 935 -2
865 866 2
866 936 -2
866 867 2
867 937 -2
867 868 -2
868 938 -2
868 869 2
869 939 2
869 870 2
870 940 2
870 871 -2
871 941 -2
871 872 -2
872 942 -2
872 873 -2
873 943 2
873 874 2
874 944 -2
874 875 -2
875 945 -2
875 876 2
876 946 -2
876 877 2
877 947 -2
877 878 2
878 948 2
878 879 -2
879 949 -2
879 880 -2
880 950 2
880 881 -2
881 951 2
881 882 2
882 952 -2
882 883 -2
883 953 2
883 884 -2
884 954 -2
884 885 -2
885 955 -2
885 886 -2
886 956 2
886 887 2
887 957 -2
887 888 2
888 958 2
888 889 2
889 959 2
889 890 -2
890 960 -2
890 891 2
891 961 2
891 892 2
892 962 2
892 893 2
893 963 -2
893 894 2
894 964 -2
894 895 2
895 965 2
895 896 -2
896 966 -2
896 897 -2
897 967 2
897 898 2
898 968 2
898 899 -2
899 969 2
899 900 -2
900 970 2
900 901 2
901 971 -2
901 902 -2
902 972 -2
902 903 -2
903 973 -2
903 904 2
904 974 2
904 905 -2
905 975 2
905 906 2
906 976 2
906 907 -2
907 977 2
907 908 2
908 978 2
908 909 -2
909 979 2
910 980 -2
910 979 2
910 911 -2
911 981 2
911 912 -2
912 982 2
912 913 -2
913 983 2
913 914 -2
914 984 -2
914 915 -2
915 985 2
915 916 2
916 986 -2
916 917 -2
917 987 -2
917 918 -2
918 988 2
918 919 -2
919 989 2
919 920 -2
920 990 2
920 921 2
921 991 -2
921 922 -2
922 992 2
922 923 2
923 993 2
923 924 -2
924 994 2
924 925 -2
925 995 2
925 926 2
926 996 2
926 927 -2
927 997 2
927 928 2
928 998 -2
928 929 -2
929 999 -2
929 930 2
930 1000 2
930 931 2
931 1001 2
931 932 -2
932 1002 -2
932 933 2
933 1003 2
933 934 -2
934 1004 -2
934 935 2
935 1005 -2
935 936 -2
936 1006 -2
936 937 -2
937 1007 2
937 938 -2
938 1008 -2
938 939 2
939 1009 2
939 940 -2
940 1010 2
940 941 -2
941 1011 -2
941 942 2
942 1012 2
942 943 2
943 1013 -2
943 944 2
944 1014 -2
944 945 -2
945 1015 -2
945 946 2
946 1016 -2
946 947 -2
947 1017 2
947 948 2
948 1018 -2
948 949 2
949 1019 2
949 950 2
950 1020 -2
950 951 -2
951 1021 2
951 952 2
952 1022 2
952 953 2
953 1023 -2
953 954 2
954 1024 2
954 955 2
955 1025 -2
955 956 -2
956 1026 -2
956 957 -2
957 1027 2
957 958 -2
958 1028 2
958 959 -2
959 1029 2
959 960 -2
960 1030 2
960 961 -2
961 1031 -2
961 962 2
962 1032 -2
962 963 2
963 1033 2
963 964 2
964 1034 -2
964 965 -2
965 1035 2
965 966 2
966 1036 2
966 967 -2
967 1037 2
967 968 -2
968 1038 -2
968 969 -2
969 1039 -2
969 970 2
970 1040 -2
970 971 2
971 1041 2
971 972 -2
972 1042 -2
972 973 2
973 1043 -2
973 974 2
974 1044 2
974 975 2
975 1045 2
975 976 2
976 1046 -2
976 977 2
977 1047 2
977 978 2
978 1048 -2
978 979 2
979 1049 2
980 1050 2
980 1049 -2
980 981 -2
981 1051 2
981 982 2
982 1052 2
982 983 2
983 1053 2
983 984 -2
984 1054 2
984 985 2
985 1055 -2
985 986 -2
986 1056 2
986 987 -2
987 1057 -2
987 988 2
988 1058 -2
988 989 -2
989 1059 2
989 990 2
990 1060 2
990 991 -2
991 1061 2
991 992 -2
992 1062 2
992 993 2
993 1063 -2
993 994 -2
994 1064 -2
994 995 2
995 1065 2
995 996 -2
996 1066 2
996 997 -2
997 1067 -2
997 998 2
998 1068 2
998 999 2
999 1069 -2
999 1000 -2
1000 1070 -2
1000 1001 -2
1001 1071 -2
1001 1002 2
1002 1072 -2
1002 1003 2
1003 1073 -2
1003 1004 -2
1004 1074 2
1004 1005 -2
1005 1075 2
1005 1006 2
1006 1076 -2
1006 1007 -2
1007 1077 2
1007 1008 -2
1008 1078 2
1008 1009 -2
1009 1079 2
1009 1010 2
1010 1080 2
1010 1011 2
1011 1081 2
1011 1012 -2
1012 1082 2
1012 1013 2
1013 1083 -2
1013 1014 2
1014 1084 -2
1014 1015 -2
1015 1085 -2
1015 1016 2
1016 1086 -2
1016 1017 2
1017 1087 2
1017 1018 2
1018 1088 2
1018 1019 -2
1019 1089 -2
1019 1020 -2
1020 1090 -2
1020 1021 -2
1021 1091 -2
1021 1022 -2
1022 1092 -2
1022 1023 -2
1023 1093 2
1023 1024 2
1024 1094 -2
1024 1025 2
1025 1095 -2
1025 1026 -2
1026 1096 -2
1026 1027 -2
1027 1097 2
1027 1028 2
1028 1098 -2
1028 1029 -2
1029 1099 -2
1029 1030 -2
1030 1100 2
1030 1031 2
1031 1101 -2
1031 1032 2
1032 1102 2
1032 1033 -2
1033 1103 -2
1033 1034 -2
1034 1104 2
1034 1035 2
1035 1105 2
1035 1036 -2
1036 1106 -2
1036 1037 -2
1037 1107 -2
1037 1038 -2
1038 1108 -2
1038 1039 2
1039 1109 2
1039 1040 2
1040 1110 2
1040 1041 2
1041 1111 -2
1041 1042 2
1042 1112 2
1042 1043 2
1043 1113 2
1043 1044 2
1044 1114 2
1044 1045 -2
1045 1115 2
1045 1046 -2
1046 1116 2
1046 1047 2
1047 1117 2
1047 1048 -2
1048 1118 2
1048 1049 2
1049 1119 2
1050 1120 2
1050 1119 2
1050 1051 -2
1051 1121 2
1051 1052 -2
1052 1122 -2
1052 1053 2
1053 1123 2
1053 1054 2
1054 1124 2
1054 1055 2
1055 1125 -2
1055 1056 2
1056 1126 -2
1056 1057 2
1057 1127 -2
1057 1058 2
1058 1128 2
1058 1059 2
1059 1129 2
1059 1060 -2
1060 1130 2
1060 1061 2
1061 1131 2
1061 1062 2
1062 1132 2
1062 1063 2
1063 1133 -2
1063 1064 -2
1064 1134 2
1064 1065 -2
1065 1135 2
1065 1066 2
1066 1136 2
1066 1067 -2
1067 1137 -2
1067 1068 2
1068 1138 -2
1068 1069 2
1069 1139 -2
1069 1070 2
1070 1140 2
1070 1071 -2
1071 1141 2
1071 1072 -2
1072 1142 2
1072 1073 -2
1073 1143 -2
1073 1074 2
1074 1144 2
1074 1075 2
1075 1145 2
1075 1076 -2
1076 1146 2
1076 1077 -2
1077 1147 2
1077 1078 2
1078 1148 -2
1078 1079 2
1079 1149 2
1079 1080 -2
1080 1150 2
1080 1081 2
1081 1151 2
1081 1082 -2
1082 1152 -2
1082 1083 2
1083 1153 -2
1083 1084 2
1084 1154 2
1084 1085 2
1085 1155 -2
1085 1086 -2
1086 1156 -2
1086 1087 -2
1087 1157 2
1087 1088 2
1088 1158 -2
1088 1089 2
1089 1159 -2
1089 1090 -2
1090 1160 -2
1090 1091 -2
1091 1161 2
1091 1092 -2
1092 1162 2
1092 1093 2
1093 1163 2
1093 1094 -2
1094 1164 -2
1094 1095 -2
1095 1165 -2
1095 1096 2
1096 1166 2
1096 1097 -2
1097 1167 -2
1097 1098 2
1098 1168 2
1098 1099 -2
1099 1169 2
1099 1100 2
1100 1170 2
1100 1101 2
1101 1171 -2
1101 1102 2
1102 1172 -2
1102 1103 -2
1103 1173 -2
1103 1104 2
1104 1174 2
1104 1105 -2
1105 1175 -2
1105 1106 2
1106 1176 -2
1106 1107 -2
1107 1177 2
1107 1108 2
1108 1178 -2
1108 1109 -2
1109 1179 2
1109 1110 -2
1110 1180 2
1110 1111 2
1111 1181 2
1111 1112 -2
1112 1182 2
1112 1113 2
1113 1183 2
1113 1114 -2
1114 1184 2
1114 1115 2
1115 1185 -2
1115 1116 -2
1116 1186 2
1116 1117 2
1117 1187 2
1117 1118 2
1118 1188 2
1118 1119 2
1119 1189 -2
1120 1190 -2
1120 1189 -2
1120 1121 2
1121 1191 -2
1121 1122 2
1122 1192 2
1122 1123 2
1123 1193 2
1123 1124 -2
1124 1194 2
1124 1125 2
1125 1195 2
1125 1126 -2
1126 1196 2
1126 1127 2
1127 1197 -2
1127 1128 -2
1128 1198 -2
1128 1129 -2
1129 1199 -2
1129 1130 2
1130 1200 -2
1130 1131 2
1131 1201 -2
1131 1132 2
1132 1202 2
1132 1133 -2
1133 1203 -2
1133 1134 2
1134 1204 2
1134 1135 2
1135 1205 -2
1135 1136 2
1136 1206 2
1136 1137 2
1137 1207 -2
1137 1138 2
1138 1208 2
1138 1139 -2
1139 1209 2
1139 1140 2
1140 1210 2
1140 1141 -2
1141 1211 2
1141 1142 2
1142 1212 -2
1142 1143 2
1143 1213 2
1143 1144 -2
1144 1214 2
1144 1145 -2
1145 1215 2
1145 1146 2
1146 1216 2
1146 1147 2
1147 1217 2
1147 1148 -2
1148 1218 2
1148 1149 -2
1149 1219 2
1149 1150 -2
1150 1220 -2
1150 1151 2
1151 1221 2
1151 1152 2
1152 1222 -2
1152 1153 -2
1153 1223 -2
1153 1154 2
1154 1224 -2
1154 1155 2
1155 1225 -2
1155 1156 -2
1156 1226 2
1156 1157 2
1157 1227 2
1157 1158 2
1158 1228 -2
1158 1159 2
1159 1229 2
1159 1160 -2
1160 1230 -2
1160 1161 -2
1161 1231 -2
1161 1162 2
1162 1232 2
1162 1163 -2
1163 1233 2
1163 1164 -2
1164 1234 2
1164 1165 2
1165 1235 -2
1165 1166 -2
1166 1236 2
1166 1167 2
1167 1237 -2
1167 1168 -2
1168 1238 2
1168 1169 2
1169 1239 -2
1169 1170 2
1170 1240 2
1170 1171 2
1171 1241 -2
1171 1172 2
1172 1242 -2
1172 1173 -2
1173 1243 2
1173 1174 -2
1174 1244 2
1174 1175 -2
1175 1245 -2
1175 1176 -2
1176 1246 2
1176 1177 2
1177 1247 2
1177 1178 -2
1178 1248 -2
1178 1179 -2
1179 1249 -2
1179 1180 2
1180 1250 -2
1180 1181 -2
1181 1251 2
1181 1182 -2
1182 1252 2
1182 1183 2
1183 1253 -2
1183 1184 -2
1184 1254 -2
1184 1185 -2
1185 1255 -2
1185 1186 -2
1186 1256 -2
1186 1187 2
1187 1257 -2
1187 1188 2
1188 1258 2
1188 1189 -2
1189 1259 2
1190 1260 -2
1190 1259 2
1190 1191 2
1191 1261 2
1191 1192 2
1192 1262 -2
1192 1193 -2
1193 1263 -2
1193 1194 -2
1194 1264 -2
1194 1195 2
1195 1265 -2
1195 1196 2
1196 1266 2
1196 1197 2
1197 1267 2
1197 1198 -2
1198 1268 2
1198 1199 -2
1199 1269 -2
1199 1200 2
1200 1270 2
1200 1201 -2
1201 1271 -2
1201 1202 2
1202 1272 2
1202 1203 -2
1203 1273 -2
1203 1204 2
1204 1274 2
1204 1205 -2
1205 1275 2
1205 1206 2
1206 1276 2
1206 1207 2
1207 1277 2
1207 1208 2
1208 1278 2
1208 1209 2
1209 1279 -2
1209 1210 2
1210 1280 -2
1210 1211 2
1211 1281 2
1211 1212 2
1212 1282 -2
1212 1213 2
1213 1283 2
1213 1214 -2
1214 1284 2
1214 1215 -2
1215 1285 -2
1215 1216 -2
1216 1286 -2
1216 1217 2
1217 1287 2
1217 1218 2
1218 1288 2
1218 1219 2
1219 1289 -2
1219 1220 2
1220 1290 2
1220 1221 -2
1221 1291 -2
1221 1222 -2
1222 1292 2
1222 1223 2
1223 1293 2
1223 1224 2
1224 1294 -2
1224 1225 2
1225 1295 2
1225 1226 -2
1226 1296 -2
1226 1227 -2
1227 1297 2
1227 1228 2
1228 1298 -2
1228 1229 -2
1229 1299 2
1229 1230 2
1230 1300 2
1230 1231 -2
1231 1301 -2
1231 1232 -2
1232 1302 -2
1232 1233 2
1233 1303 2
1233 1234 -2
1234 1304 -2
1234 1235 -2
1235 1305 2
1235 1236 -2
1236 1306 -2
1236 1237 2
1237 1307 -2
1237 1238 -2
1238 1308 2
1238 1239 2
1239 1309 2
1239 1240 2
1240 1310 -2
1240 1241 2
1241 1311 -2
1241 1242 -2
1242 1312 2
1242 1243 -2
1243 1313 2
1243 1244 2
1244 1314 -2
1244 1245 -2
1245 1315 -2
1245 1246 2
1246 1316 2
1246 1247 2
1247 1317 -2
1247 1248 2
1248 1318 2
1248 1249 2
1249 1319 2
1249 1250 -2
1250 1320 -2
1250 1251 -2
1251 1321 -2
1251 1252 2
1252 1322 2
1252 1253 -2
1253 1323 -2
1253 1254 2
1254 1324 2
1254 1255 -2
1255 1325 2
1255 1256 2
1256 1326 2
1256 1257 2
1257 1327 2
1257 1258 -2
1258 1328 2
1258 1259 2
1259 1329 -2
1260 1330 -2
1260 1329 -2
1260 1261 -2
1261 1331 -2
1261 1262 2
1262 1332 2
1262 1263 2
1263 1333 2
1263 1264 -2
1264 1334 2
1264 1265 2
1265 1335 -2
1265 1266 2
1266 1336 -2
1266 1267 2
1267 1337 -2
1267 1268 -2
1268 1338 2
1268 1269 -2
1269 1339 -2
1269 1270 2
1270 1340 2
1270 1271 2
1271 1341 -2
1271 1272 -2
1272 1342 2
1272 1273 2
1273 1343 -2
1273 1274 2
1274 1344 2
1274 1275 -2
1275 1345 2
1275 1276 -2
1276 1346 -2
1276 1277 2
1277 1347 -2
1277 1278 -2
1278 1348 2
1278 1279 -2
1279 1349 2
1279 1280 -2
1280 1350 -2
1280 1281 -2
1281 1351 -2
1281 1282 -2
1282 1352 2
1282 1283 -2
1283 1353 2
1283 1284 -2
1284 1354 2
1284 1285 -2
1285 1355 2
1285 1286 -2
1286 1356 -2
1286 1287 2
1287 1357 2
1287 1288 -2
1288 1358 -2
1288 1289 -2
1289 1359 2
1289 1290 2
1290 1360 2
1290 1291 -2
1291 1361 -2
1291 1292 2
1292 1362 -2
1292 1293 2
1293 1363 -2
1293 1294 -2
1294 1364 -2
1294 1295 2
1295 1365 2
1295 1296 -2
1296 1366 -2
1296 1297 2
1297 1367 2
1297 1298 2
1298 1368 2
1298 1299 2
1299 1369 2
1299 1300 -2
1300 1370 -2
1300 1301 -2
1301 1371 -2
1301 1302 -2
1302 1372 -2
1302 1303 2
1303 1373 -2
1303 1304 -2
1304 1374 2
1304 1305 2
1305 1375 2
1305 1306 -2
1306 1376 2
1306 1307 2
1307 1377 2
1307 1308 2
1308 1378 -2
1308 1309 2
1309 1379 -2
1309 1310 -2
1310 1380 -2
1310 1311 2
1311 1381 2
1311 1312 -2
1312 1382 -2
1312 1313 -2
1313 1383 2
1313 1314 -2
1314 1384 -2
1314 1315 2
1315 1385 2
1315 1316 -2
1316 1386 2
1316 1317 2
1317 1387 2
1317 1318 -2
1318 1388 -2
1318 1319 -2
1319 1389 2
1319 1320 2
1320 1390 2
1320 1321 -2
1321 1391 2
1321 1322 2
1322 1392 -2
1322 1323 2
1323 1393 2
1323 1324 2
1324 1394 -2
1324 1325 2
1325 1395 2
1325 1326 -2
1326 1396 2
1326 1327 -2
1327 1397 2
1327 1328 -2
1328 1398 2
1328 1329 -2
1329 1399 -2
1330 1400 2
1330 1399 -2
1330 1331 -2
1331 1401 -2
1331 1332 2
1332 1402 -2
1332 1333 -2
1333 1403 2
1333 1334 2
1334 1404 2
1334 1335 -2
1335 1405 2
1335 1336 2
1336 1406 2
1336 1337 -2
1337 1407 -2
1337 1338 2
1338 1408 -2
1338 1339 2
1339 1409 2
1339 1340 2
1340 1410 -2
1340 1341 2
1341 1411 2
1341 1342 -2
1342 1412 2
1342 1343 -2
1343 1413 -2
1343 1344 -2
1344 1414 -2
1344 1345 2
1345 1415 2
1345 1346 2
1346 1416 2
1346 1347 2
1347 1417 2
1347 1348 -2
1348 1418 2
1348 1349 -2
1349 1419 -2
1349 1350 2
1350 1420 -2
1350 1351 2
1351 1421 2
1351 1352 2
1352 1422 -2
1352 1353 -2
1353 1423 2
1353 1354 -2
1354 1424 -2
1354 1355 2
1355 1425 -2
1355 1356 2
1356 1426 2
1356 1357 -2
1357 1427 2
1357 1358 2
1358 1428 2
1358 1359 -2
1359 1429 -2
1359 1360 2
1360 1430 2
1360 1361 2
1361 1431 2
1361 1362 2
1362 1432 2
1362 1363 -2
1363 1433 -2
1363 1364 2
1364 1434 2
1364 1365 2
1365 1435 2
1365 1366 2
1366 1436 -2
1366 1367 -2
1367 1437 -2
1367 1368 2
1368 1438 -2
1368 1369 -2
1369 1439 2
1369 1370 -2
1370 1440 -2
1370 1371 2
1371 1441 2
1371 1372 -2
1372 1442 -2
1372 1373 -2
1373 1443 2
1373 1374 -2
1374 1444 2
1374 1375 2
1375 1445 2
1375 1376 2
1376 1446 -2
1376 1377 -2
1377 1447 2
1377 1378 -2
1378 1448 -2
1378 1379 2
1379 1449 2
1379 1380 2
1380 1450 2
1380 1381 2
1381 1451 2
1381 1382 2
1382 1452 -2
1382 1383 2
1383 1453 2
1383 1384 -2
1384 1454 2
1384 1385 2
1385 1455 -2
1385 1386 2
1386 1456 -2
1386 1387 -2
1387 1457 2
1387 1388 -2
1388 1458 -2
1388 1389 -2
1389 1459 -2
1389 1390 -2
1390 1460 2
1390 1391 -2
1391 1461 -2
1391 1392 2
1392 1462 2
1392 1393 -2
1393 1463 2
1393 1394 2
1394 1464 -2
1394 1395 -2
1395 1465 2
1395 1396 -2
1396 1466 -2
1396 1397 2
1397 1467 -2
1397 1398 -2
1398 1468 -2
1398 1399 2
1399 1469 -2
1400 1470 2
1400 1469 -2
1400 1401 2
1401 1471 2
1401 1402 -2
1402 1472 -2
1402 1403 -2
1403 1473 2
1403 1404 -2
1404 1474 2
1404 1405 2
1405 1475 2
1405 1406 -2
1406 1476 -2
1406 1407 -2
1407 1477 -2
1407 1408 -2
1408 1478 -2
1408 1409 -2
1409 1479 -2
1409 1410 -2
1410 1480 2
1410 1411 -2
1411 1481 -2
1411 1412 2
1412 1482 -2
1412 1413 -2
1413 1483 2
1413 1414 2
1414 1484 2
1414 1415 2
1415 1485 -2
1415 1416 -2
1416 1486 2
1416 1417 -2
1417 1487 2
1417 1418 -2
1418 1488 2
1418 1419 2
1419 1489 2
1419 1420 2
1420 1490 2
1420 1421 2
1421 1491 2
1421 1422 2
1422 1492 -2
1422 1423 -2
1423 1493 -2
1423 1424 -2
1424 1494 2
1424 1425 2
1425 1495 -2
1425 1426 2
1426 1496 -2
1426 1427 -2
1427 1497 -2
1427 1428 2
1428 1498 2
1428 1429 -2
1429 1499 2
1429 1430 -2
1430 1500 2
1430 1431 -2
1431 1501 -2
1431 1432 2
1432 1502 -2
1432 1433 -2
1433 1503 -2
1433 1434 2
1434 1504 -2
1434 1435 2
1435 1505 -2
1435 1436 -2
1436 1506 -2
1436 1437 2
1437 1507 -2
1437 1438 2
1438 1508 2
1438 1439 -2
1439 1509 2
1439 1440 2
1440 1510 -2
1440 1441 2
1441 1511 2
1441 1442 -2
1442 1512 2
1442 1443 2
1443 1513 -2
1443 1444 -2
1444 1514 2
1444 1445 2
1445 1515 -2
1445 1446 2
1446 1516 -2
1446 1447 2
1447 1517 -2
1447 1448 -2
1448 1518 -2
1448 1449 2
1449 1519 -2
1449 1450 -2
1450 1520 -2
1450 1451 2
1451 1521 -2
1451 1452 2
1452 1522 2
1452 1453 2
1453 1523 -2
1453 1454 2
1454 1524 -2
1454 1455 2
1455 1525 2
1455 1456 -2
1456 1526 2
1456 1457 2
1457 1527 -2
1457 1458 -2
1458 1528 2
1458 1459 2
1459 1529 -2
1459 1460 2
1460 1530 -2
1460 1461 -2
1461 1531 2
1461 1462 -2
1462 1532 -2
1462 1463 2
1463 1533 -2
1463 1464 -2
1464 1534 -2
1464 1465 2
1465 1535 2
1465 1466 2
1466 1536 -2
1466 1467 2
1467 1537 -2
1467 1468 2
1468 1538 2
1468 1469 -2
1469 1539 -2
1470 1540 2
1470 1539 2
1470 1471 2
1471 1541 2
1471 1472 2
1472 1542 -2
1472 1473 -2
1473 1543 -2
1473 1474 -2
1474 1544 2
1474 1475 2
1475 1545 -2
1475 1476 -2
1476 1546 2
1476 1477 2
1477 1547 2
1477 1478 -2
1478 1548 2
1478 1479 2
1479 1549 2
1479 1480 -2
1480 1550 -2
1480 1481 2
1481 1551 -2
1481 1482 2
1482 1552 -2
1482 1483 -2
1483 1553 -2
1483 1484 2
1484 1554 2
1484 1485 2
1485 1555 2
1485 1486 2
1486 1556 2
1486 1487 2
1487 1557 2
1487 1488 2
1488 1558 -2
1488 1489 2
1489 1559 2
1489 1490 -2
1490 1560 -2
1490 1491 2
1491 1561 -2
1491 1492 2
1492 1562 2
1492 1493 2
1493 1563 2
1493 1494 2
1494 1564 2
1494 1495 2
1495 1565 -2
1495 1496 -2
1496 1566 -2
1496 1497 2
1497 1567 2
1497 1498 -2
1498 1568 -2
1498 1499 2
1499 1569 -2
1499 1500 2
1500 1570 -2
1500 1501 -2
1501 1571 2
1501 1502 -2
1502 1572 2
1502 1503 2
1503 1573 -2
1503 1504 2
1504 1574 2
1504 1505 -2
1505 1575 2
1505 1506 2
1506 1576 -2
1506 1507 -2
1507 1577 -2
1507 1508 -2
1508 1578 2
1508 1509 2
1509 1579 2
1509 1510 -2
1510 1580 -2
1510 1511 -2
1511 1581 2
1511 1512 -2
1512 1582 -2
1512 1513 2
1513 1583 2
1513 1514 2
1514 1584 -2
1514 1515 -2
1515 1585 2
1515 1516 2
1516 1586 -2
1516 1517 2
1517 1587 2
1517 1518 -2
1518 1588 2
1518 1519 2
1519 1589 -2
1519 1520 -2
1520 1590 -2
1520 1521 2
1521 1591 -2
1521 1522 -2
1522 1592 -2
1522 1523 -2
1523 1593 -2
1523 1524 2
1524 1594 2
1524 1525 -2
1525 1595 -2
1525 1526 -2
1526 1596 2
1526 1527 2
1527 1597 -2
1527 1528 2
1528 1598 2
1528 1529 -2
1529 1599 2
1529 1530 -2
1530 1600 -2
1530 1531 2
1531 1601 2
1531 1532 2
1532 1602 -2
1532 1533 -2
1533 1603 2
1533 1534 2
1534 1604 2
1534 1535 -2
1535 1605 2
1535 1536 2
1536 1606 2
1536 1537 -2
1537 1607 -2
1537 1538 -2
1538 1608 -2
1538 1539 2
1539 1609 -2
1540 1610 -2
1540 1609 -2
1540 1541 2
1541 1611 2
1541 1542 2
1542 1612 -2
1542 1543 2
1543 1613 -2
1543 1544 -2
1544 1614 -2
1544 1545 2
1545 1615 -2
1545 1546 2
1546 1616 2
1546 1547 -2
1547 1617 2
1547 1548 -2
1548 1618 -2
1548 1549 2
1549 1619 -2
1549 1550 -2
1550 1620 -2
1550 1551 -2
1551 1621 -2
1551 1552 -2
1552 1622 2
1552 1553 -2
1553 1623 -2
1553 1554 2
1554 1624 -2
1554 1555 -2
1555 1625 2
1555 1556 -2
1556 1626 2
1556 1557 -2
1557 1627 -2
1557 1558 -2
1558 1628 -2
1558 1559 -2
1559 1629 2
1559 1560 -2
1560 1630 -2
1560 1561 -2
1561 1631 -2
1561 1562 2
1562 1632 -2
1562 1563 2
1563 1633 2
1563 1564 2
1564 1634 -2
1564 1565 2
1565 1635 2
1565 1566 -2
1566 1636 -2
1566 1567 2
1567 1637 2
1567 1568 2
1568 1638 2
1568 1569 2
1569 1639 -2
1569 1570 2
1570 1640 2
1570 1571 2
1571 1641 -2
1571 1572 -2
1572 1642 -2
1572 1573 2
1573 1643 2
1573 1574 -2
1574 1644 -2
1574 1575 -2
1575 1645 -2
1575 1576 -2
1576 1646 -2
1576 1577 2
1577 1647 2
1577 1578 -2
1578 1648 2
1578 1579 2
1579 1649 2
1579 1580 2
1580 1650 -2
1580 1581 -2
1581 1651 2
1581 1582 2
1582 1652 -2
1582 1583 2
1583 1653 -2
1583 1584 -2
1584 1654 2
1584 1585 2
1585 1655 -2
1585 1586 2
1586 1656 -2
1586 1587 -2
1587 1657 2
1587 1588 -2
1588 1658 -2
1588 1589 -2
1589 1659 2
1589 1590 2
1590 1660 -2
1590 1591 2
1591 1661 2
1591 1592 -2
1592 1662 -2
1592 1593 2
1593 1663 -2
1593 1594 -2
1594 1664 2
1594 1595 2
1595 1665 -2
1595 1596 -2
1596 1666 -2
1596 1597 2
1597 1667 -2
1597 1598 -2
1598 1668 2
1598 1599 2
1599 1669 2
1599 1600 -2
1600 1670 -2
1600 1601 -2
1601 1671 -2
1601 1602 2
1602 1672 2
1602 1603 -2
1603 1673 -2
1603 1604 -2
1604 1674 2
1604 1605 -2
1605 1675 -2
1605 1606 -2
1606 1676 -2
1606 1607 -2
1607 1677 2
1607 1608 2
1608 1678 2
1608 1609 2
1609 1679 2
1610 1680 2
1610 1679 -2
1610 1611 2
1611 1681 2
1611 1612 -2
1612 1682 2
1612 1613 2
1613 1683 -2
1613 1614 2
1614 1684 -2
1614 1615 2
1615 1685 -2
1615 1616 -2
1616 1686 2
1616 1617 2
1617 1687 -2
1617 1618 2
1618 1688 -2
1618 1619 2
1619 1689 -2
1619 1620 2
1620 1690 -2
1620 1621 2
1621 1691 -2
1621 1622 -2
1622 1692 -2
1622 1623 2
1623 1693 2
1623 1624 -2
1624 1694 -2
1624 1625 2
1625 1695 -2
1625 1626 -2
1626 1696 -2
1626 1627 -2
1627 1697 -2
1627 1628 -2
1628 1698 2
1628 1629 -2
1629 1699 2
1629 1630 2
1630 1700 2
1630 1631 -2
1631 1701 -2
1631 1632 2
1632 1702 2
1632 1633 2
1633 1703 -2
1633 1634 2
1634 1704 2
1634 1635 2
1635 1705 2
1635 1636 -2
1636 1706 2
1636 1637 2
1637 1707 -2
1637 1638 2
1638 1708 2
1638 1639 2
1639 1709 -2
1639 1640 -2
1640 1710 2
1640 1641 -2
1641 1711 -2
1641 1642 -2
1642 1712 2
1642 1643 -2
1643 1713 -2
1643 1644 -2
1644 1714 2
1644 1645 2
1645 1715 -2
1645 1646 -2
1646 1716 2
1646 1647 -2
1647 1717 2
1647 1648 -2
1648 1718 -2
1648 1649 2
1649 1719 2
1649 1650 -2
1650 1720 -2
1650 1651 2
1651 1721 -2
1651 1652 -2
1652 1722 -2
1652 1653 -2
1653 1723 2
1653 1654 -2
1654 1724 -2
1654 1655 -2
1655 1725 -2
1655 1656 2
1656 1726 -2
1656 1657 2
1657 1727 2
1657 1658 -2
1658 1728 -2
1658 1659 -2
1659 1729 -2
1659 1660 -2
1660 1730 2
1660 1661 2
1661 1731 2
1661 1662 -2
1662 1732 2
1662 1663 -2
1663 1733 -2
1663 1664 -2
1664 1734 2
1664 1665 -2
1665 1735 2
1665 1666 -2
1666 1736 -2
1666 1667 -2
1667 1737 -2
1667 1668 -2
1668 1738 -2
1668 1669 -2
1669 1739 -2
1669 1670 -2
1670 1740 -2
1670 1671 -2
1671 1741 2
1671 1672 2
1672 1742 2
1672 1673 2
1673 1743 2
1673 1674 2
1674 1744 -2
1674 1675 2
1675 1745 2
1675 1676 -2
1676 1746 -2
1676 1677 -2
1677 1747 2
1677 1678 2
1678 1748 -2
1678 1679 -2
1679 1749 -2
1680 1750 -2
1680 1749 2
1680 1681 -2
1681 1751 -2
1681 1682 2
1682 1752 -2
1682 1683 -2
1683 1753 2
1683 1684 -2
1684 1754 -2
1684 1685 2
1685 1755 2
1685 1686 -2
1686 1756 -2
1686 1687 -2
1687 1757 2
1687 1688 -2
1688 1758 2
1688 1689 2
1689 1759 2
1689 1690 2
1690 1760 2
1690 1691 -2
1691 1761 -2
1691 1692 -2
1692 1762 2
1692 1693 2
1693 1763 -2
1693 1694 2
1694 1764 -2
1694 1695 -2
1695 1765 -2
1695 1696 -2
1696 1766 2
1696 1697 2
1697 1767 -2
1697 1698 -2
1698 1768 -2
1698 1699 -2
1699 1769 -2
1699 1700 -2
1700 1770 -2
1700 1701 -2
1701 1771 2
1701 1702 -2
1702 1772 -2
1702 1703 2
1703 1773 2
1703 1704 -2
1704 1774 -2
1704 1705 2
1705 1775 -2
1705 1706 -2
1706 1776 2
1706 1707 -2
1707 1777 -2
1707 1708 -2
1708 1778 -2
1708 1709 2
1709 1779 -2
1709 1710 -2
1710 1780 -2
1710 1711 2
1711 1781 2
1711 1712 2
1712 1782 2
1712 1713 2
1713 1783 -2
1713 1714 -2
1714 1784 2
1714 1715 -2
1715 1785 2
1715 1716 -2
1716 1786 -2
1716 1717 -2
1717 1787 2
1717 1718 -2
1718 1788 2
1718 1719 -2
1719 1789 -2
1719 1720 2
1720 1790 -2
1720 1721 2
1721 1791 2
1721 1722 -2
1722 1792 -2
1722 1723 -2
1723 1793 2
1723 1724 2
1724 1794 2
1724 1725 2
1725 1795 2
1725 1726 -2
1726 1796 2
1726 1727 -2
1727 1797 -2
1727 1728 -2
1728 1798 2
1728 1729 2
1729 1799 -2
1729 1730 2
1730 1800 2
1730 1731 -2
1731 1801 -2
1731 1732 -2
1732 1802 -2
1732 1733 2
1733 1803 -2
1733 1734 2
1734 1804 2
1734 1735 -2
1735 1805 2
1735 1736 2
1736 1806 -2
1736 1737 2
1737 1807 2
1737 1738 -2
1738 1808 2
1738 1739 -2
1739 1809 -2
1739 1740 -2
1740 1810 2
1740 1741 -2
1741 1811 -2
1741 1742 2
1742 1812 -2
1742 1743 2
1743 1813 -2
1743 1744 -2
1744 1814 2
1744 1745 2
1745 1815 -2
1745 1746 -2
1746 1816 2
1746 1747 -2
1747 1817 2
1747 1748 2
1748 1818 2
1748 1749 2
1749 1819 2
1750 1820 -2
1750 1819 -2
1750 1751 2
1751 1821 2
1751 1752 2
1752 1822 2
1752 1753 -2
1753 1823 2
1753 1754 -2
1754 1824 -2
1754 1755 -2
1755 1825 2
1755 1756 2
1756 1826 -2
1756 1757 -2
1757 1827 2
1757 1758 2
1758 1828 2
1758 1759 -2
1759 1829 2
1759 1760 -2
1760 1830 -2
1760 1761 2
1761 1831 -2
1761 1762 -2
1762 1832 -2
1762 1763 -2
1763 1833 -2
1763 1764 -2
1764 1834 -2
1764 1765 2
1765 1835 2
1765 1766 2
1766 1836 -2
1766 1767 -2
1767 1837 2
1767 1768 -2
1768 1838 2
1768 1769 -2
1769 1839 -2
1769 1770 -2
1770 1840 2
1770 1771 -2
1771 1841 2
1771 1772 -2
1772 1842 2
1772 1773 2
1773 1843 2
1773 1774 2
1774 1844 -2
1774 1775 2
1775 1845 2
1775 1776 -2
1776 1846 2
1776 1777 -2
1777 1847 2
1777 1778 -2
1778 1848 -2
1778 1779 -2
1779 1849 2
1779 1780 2
1780 1850 2
1780 1781 2
1781 1851 2
1781 1782 -2
1782 1852 -2
1782 1783 2
1783 1853 -2
1783 1784 2
1784 1854 2
1784 1785 2
1785 1855 2
1785 1786 -2
1786 1856 2
1786 1787 2
1787 1857 -2
1787 1788 2
1788 1858 2
1788 1789 -2
1789 1859 -2
1789 1790 -2
1790 1860 -2
1790 1791 2
1791 1861 -2
1791 1792 -2
1792 1862 2
1792 1793 -2
1793 1863 2
1793 1794 -2
1794 1864 -2
1794 1795 -2
1795 1865 2
1795 1796 2
1796 1866 2
1796 1797 -2
1797 1867 -2
1797 1798 2
1798 1868 2
1798 1799 -2
1799 1869 -2
1799 1800 2
1800 1870 -2
1800 1801 -2
1801 1871 -2
1801 1802 -2
1802 1872 -2
1802 1803 2
1803 1873 -2
1803 1804 -2
1804 1874 -2
1804 1805 2
1805 1875 -2
1805 1806 -2
1806 1876 -2
1806 1807 -2
1807 1877 -2
1807 1808 -2
1808 1878 -2
1808 1809 -2
1809 1879 -2
1809 1810 2
1810 1880 -2
1810 1811 -2
1811 1881 2
1811 1812 2
1812 1882 -2
1812 1813 2
1813 1883 2
1813 1814 2
1814 1884 2
1814 1815 2
1815 1885 2
1815 1816 -2
1816 1886 2
1816 1817 -2
1817 1887 2
1817 1818 2
1818 1888 -2
1818 1819 2
1819 1889 2
1820 1890 2
1820 1889 2
1820 1821 2
1821 1891 -2
1821 1822 2
1822 1892 2
1822 1823 -2
1823 1893 -2
1823 1824 -2
1824 1894 2
1824 1825 -2
1825 1895 2
1825 1826 -2
1826 1896 -2
1826 1827 2
1827 1897 -2
1827 1828 2
1828 1898 2
1828 1829 -2
1829 1899 2
1829 1830 2
1830 1900 2
1830 1831 2
1831 1901 2
1831 1832 -2
1832 1902 2
1832 1833 -2
1833 1903 -2
1833 1834 2
1834 1904 2
1834 1835 -2
1835 1905 -2
1835 1836 -2
1836 1906 -2
1836 1837 2
1837 1907 2
1837 1838 2
1838 1908 -2
1838 1839 2
1839 1909 2
1839 1840 2
1840 1910 2
1840 1841 2
1841 1911 2
1841 1842 2
1842 1912 2
1842 1843 -2
1843 1913 2
1843 1844 2
1844 1914 2
1844 1845 2
1845 1915 2
1845 1846 -2
1846 1916 2
1846 1847 -2
1847 1917 -2
1847 1848 -2
1848 1918 -2
1848 1849 2
1849 1919 -2
1849 1850 2
1850 1920 -2
1850 1851 -2
1851 1921 -2
1851 1852 2
1852 1922 -2
1852 1853 -2
1853 1923 -2
1853 1854 -2
1854 1924 -2
1854 1855 2
1855 1925 2
1855 1856 -2
1856 1926 2
1856 1857 -2
1857 1927 -2
1857 1858 -2
1858 1928 -2
1858 1859 2
1859 1929 2
1859 1860 2
1860 1930 2
1860 1861 2
1861 1931 2
1861 1862 -2
1862 1932 -2
1862 1863 -2
1863 1933 -2
1863 1864 -2
1864 1934 -2
1864 1865 -2
1865 1935 2
1865 1866 -2
1866 1936 2
1866 1867 2
1867 1937 -2
1867 1868 -2
1868 1938 -2
1868 1869 -2
1869 1939 2
1869 1870 -2
1870 1940 -2
1870 1871 2
1871 1941 -2
1871 1872 2
1872 1942 -2
1872 1873 -2
1873 1943 2
1873 1874 2
1874 1944 -2
1874 1875 -2
1875 1945 -2
1875 1876 -2
1876 1946 2
1876 1877 2
1877 1947 -2
1877 1878 -2
1878 1948 -2
1878 1879 -2
1879 1949 2
1879 1880 2
1880 1950 2
1880 1881 2
1881 1951 -2
1881 1882 2
1882 1952 -2
1882 1883 -2
1883 1953 2
1883 1884 -2
1884 1954 2
1884 1885 2
1885 1955 2
1885 1886 -2
1886 1956 -2
1886 1887 -2
1887 1957 -2
1887 1888 -2
1888 1958 -2
1888 1889 2
1889 1959 2
1890 1960 2
1890 1959 -2
1890 1891 2
1891 1961 -2
1891 1892 2
1892 1962 2
1892 1893 2
1893 1963 -2
1893 1894 2
1894 1964 2
1894 1895 2
1895 1965 2
1895 1896 2
1896 1966 -2
1896 1897 2
1897 1967 -2
1897 1898 2
1898 1968 2
1898 1899 2
1899 1969 2
1899 1900 2
1900 1970 -2
1900 1901 -2
1901 1971 2
1901 1902 2
1902 1972 -2
1902 1903 2
1903 1973 -2
1903 1904 2
1904 1974 2
1904 1905 -2
1905 1975 -2
1905 1906 -2
1906 1976 -2
1906 1907 2
1907 1977 2
1907 1908 2
1908 1978 -2
1908 1909 -2
1909 1979 -2
1909 1910 2
1910 1980 -2
1910 1911 2
1911 1981 -2
1911 1912 2
1912 1982 -2
1912 1913 2
1913 1983 -2
1913 1914 2
1914 1984 -2
1914 1915 2
1915 1985 -2
1915 1916 -2
1916 1986 -2
1916 1917 2
1917 1987 -2
1917 1918 2
1918 1988 -2
1918 1919 2
1919 1989 -2
1919 1920 -2
1920 1990 -2
1920 1921 2
1921 1991 2
1921 1922 -2
1922 1992 -2
1922 1923 2
1923 1993 2
1923 1924 2
1924 1994 2
1924 1925 2
1925 1995 2
1925 1926 -2
1926 1996 2
1926 1927 -2
1927 1997 -2
1927 1928 2
1928 1998 2
1928 1929 -2
1929 1999 2
1929 1930 2
1930 2000 2
1930 1931 2
1931 2001 2
1931 1932 2
1932 2002 2
1932 1933 2
1933 2003 -2
1933 1934 2
1934 2004 2
1934 1935 -2
1935 2005 -2
1935 1936 2
1936 2006 -2
1936 1937 2
1937 2007 -2
1937 1938 2
1938 2008 -2
1938 1939 2
1939 2009 2
1939 1940 2
1940 2010 2
1940 1941 2
1941 2011 -2
1941 1942 2
1942 2012 -2
1942 1943 2
1943 2013 -2
1943 1944 -2
1944 2014 2
1944 1945 2
1945 2015 -2
1945 1946 2
1946 2016 2
1946 1947 -2
1947 2017 -2
1947 1948 -2
1948 2018 -2
1948 1949 -2
1949 2019 2
1949 1950 -2
1950 2020 2
1950 1951 2
1951 2021 -2
1951 1952 -2
1952 2022 2
1952 1953 2
1953 2023 2
1953 1954 -2
1954 2024 -2
1954 1955 -2
1955 2025 2
1955 1956 2
1956 2026 -2
1956 1957 2
1957 2027 2
1957 1958 2
1958 2028 -2
1958 1959 -2
1959 2029 -2
1960 2030 -2
1960 2029 2
1960 1961 2
1961 2031 2
1961 1962 -2
1962 2032 -2
1962 1963 -2
1963 2033 2
1963 1964 2
1964 2034 -2
1964 1965 -2
1965 2035 2
1965 1966 2
1966 2036 -2
1966 1967 -2
1967 2037 -2
1967 1968 -2
1968 2038 -2
1968 1969 -2
1969 2039 -2
1969 1970 -2
1970 2040 2
1970 1971 2
1971 2041 2
1971 1972 -2
1972 2042 2
1972 1973 2
1973 2043 -2
1973 1974 -2
1974 2044 -2
1974 1975 -2
1975 2045 2
1975 1976 -2
1976 2046 2
1976 1977 2
1977 2047 2
1977 1978 2
1978 2048 2
1978 1979 2
1979 2049 2
1979 1980 2
1980 2050 -2
1980 1981 -2
1981 2051 -2
1981 1982 2
1982 2052 -2
1982 1983 2
1983 2053 -2
1983 1984 2
1984 2054 -2
1984 1985 2
1985 2055 2
1985 1986 2
1986 2056 -2
1986 1987 -2
1987 2057 2
1987 1988 -2
1988 2058 2
1988 1989 -2
1989 2059 2
1989 1990 -2
1990 2060 -2
1990 1991 2
1991 2061 2
1991 1992 -2
1992 2062 2
1992 1993 2
1993 2063 -2
1993 1994 2
1994 2064 -2
1994 1995 -2
1995 2065 2
1995 1996 2
1996 2066 2
1996 1997 -2
1997 2067 -2
1997 1998 2
1998 2068 -2
1998 1999 -2
1999 2069 -2
1999 2000 -2
2000 2070 -2
2000 2001 -2
2001 2071 -2
2001 2002 2
2002 2072 -2
2002 2003 -2
2003 2073 2
2003 2004 2
2004 2074 2
2004 2005 -2
2005 2075 2
2005 2006 2
2006 2076 2
2006 2007 -2
2007 2077 -2
2007 2008 -2
2008 2078 -2
2008 2009 2
2009 2079 2
2009 2010 2
2010 2080 -2
2010 2011 -2
2011 2081 -2
2011 2012 2
2012 2082 2
2012 2013 -2
2013 2083 -2
2013 2014 2
2014 2084 -2
2014 2015 2
2015 2085 2
2015 2016 -2
2016 2086 -2
2016 2017 2
2017 2087 -2
2017 2018 -2
2018 2088 -2
2018 2019 2
2019 2089 2
2019 2020 -2
2020 2090 -2
2020 2021 2
2021 2091 -2
2021 2022 2
2022 2092 2
2022 2023 -2
2023 2093 2
2023 2024 2
2024 2094 -2
2024 2025 2
2025 2095 2
2025 2026 2
2026 2096 -2
2026 2027 2
2027 2097 -2
2027 2028 -2
2028 2098 -2
2028 2029 -2
2029 2099 2
2030 2100 -2
2030 2099 2
2030 2031 -2
2031 2101 2
2031 2032 2
2032 2102 2
2032 2033 -2
2033 2103 2
2033 2034 2
2034 2104 -2
2034 2035 -2
2035 2105 2
2035 2036 -2
2036 2106 2
2036 2037 -2
2037 2107 2
2037 2038 2
2038 2108 -2
2038 2039 2
2039 2109 -2
2039 2040 -2
2040 2110 -2
2040 2041 -2
2041 2111 -2
2041 2042 -2
2042 2112 2
2042 2043 2
2043 2113 -2
2043 2044 -2
2044 2114 2
2044 2045 2
2045 2115 -2
2045 2046 -2
2046 2116 -2
2046 2047 -2
2047 2117 2
2047 2048 -2
2048 2118 -2
2048 2049 2
2049 2119 -2
2049 2050 2
2050 2120 -2
2050 2051 2
2051 2121 2
2051 2052 2
2052 2122 -2
2052 2053 -2
2053 2123 2
2053 2054 -2
2054 2124 -2
2054 2055 2
2055 2125 -2
2055 2056 -2
2056 2126 2
2056 2057 2
2057 2127 -2
2057 2058 2
2058 2128 2
2058 2059 2
2059 2129 2
2059 2060 -2
2060 2130 -2
2060 2061 2
2061 2131 -2
2061 2062 -2
2062 2132 2
2062 2063 2
2063 2133 2
2063 2064 2
2064 2134 -2
2064 2065 -2
2065 2135 -2
2065 2066 -2
2066 2136 2
2066 2067 2
2067 2137 -2
2067 2068 -2
2068 2138 2
2068 2069 -2
2069 2139 -2
2069 2070 -2
2070 2140 2
2070 2071 -2
2071 2141 -2
2071 2072 2
2072 2142 -2
2072 2073 -2
2073 2143 2
2073 2074 -2
2074 2144 2
2074 2075 -2
2075 2145 2
2075 2076 -2
2076 2146 -2
2076 2077 2
2077 2147 2
2077 2078 -2
2078 2148 -2
2078 2079 2
2079 2149 -2
2079 2080 -2
2080 2150 2
2080 2081 -2
2081 2151 -2
2081 2082 -2
2082 2152 -2
2082 2083 2
2083 2153 -2
2083 2084 2
2084 2154 2
2084 2085 -2
2085 2155 2
2085 2086 2
2086 2156 2
2086 2087 2
2087 2157 -2
2087 2088 2
2088 2158 2
2088 2089 -2
2089 2159 2
2089 2090 2
2090 2160 -2
2090 2091 -2
2091 2161 2
2091 2092 2
2092 2162 2
2092 2093 2
2093 2163 2
2093 2094 -2
2094 2164 2
2094 2095 2
2095 2165 -2
2095 2096 -2
2096 2166 -2
2096 2097 -2
2097 2167 -2
2097 2098 -2
2098 2168 -2
2098 2099 -2
2099 2169 -2
2100 2170 2
2100 2169 -2
2100 2101 -2
2101 2171 2
2101 2102 -2
2102 2172 2
2102 2103 2
2103 2173 -2
2103 2104 2
2104 2174 2
2104 2105 2
2105 2175 2
2105 2106 2
2106 2176 -2
2106 2107 2
2107 2177 -2
2107 2108 2
2108 2178 -2
2108 2109 -2
2109 2179 2
2109 2110 2
2110 2180 -2
2110 2111 2
2111 2181 2
2111 2112 -2
2112 2182 2
2112 2113 2
2113 2183 2
2113 2114 -2
2114 2184 2
2114 2115 2
2115 2185 2
2115 2116 2
2116 2186 2
2116 2117 2
2117 2187 -2
2117 2118 -2
2118 2188 2
2118 2119 -2
2119 2189 2
2119 2120 -2
2120 2190 2
2120 2121 2
2121 2191 2
2121 2122 2
2122 2192 2
2122 2123 2
2123 2193 -2
2123 2124 2
2124 2194 2
2124 2125 -2
2125 2195 -2
2125 2126 2
2126 2196 -2
2126 2127 2
2127 2197 -2
2127 2128 -2
2128 2198 2
2128 2129 -2
2129 2199 2
2129 2130 -2
2130 2200 2
2130 2131 2
2131 2201 -2
2131 2132 2
2132 2202 -2
2132 2133 -2
2133 2203 2
2133 2134 -2
2134 2204 -2
2134 2135 2
2135 2205 -2
2135 2136 2
2136 2206 2
2136 2137 2
2137 2207 2
2137 2138 2
2138 2208 -2
2138 2139 2
2139 2209 2
2139 2140 -2
2140 2210 -2
2140 2141 -2
2141 2211 2
2141 2142 -2
2142 2212 2
2142 2143 2
2143 2213 -2
2143 2144 2
2144 2214 -2
2144 2145 2
2145 2215 2
2145 2146 2
2146 2216 -2
2146 2147 -2
2147 2217 -2
2147 2148 -2
2148 2218 2
2148 2149 -2
2149 2219 -2
2149 2150 2
2150 2220 2
2150 2151 -2
2151 2221 2
2151 2152 2
2152 2222 2
2152 2153 2
2153 2223 2
2153 2154 2
2154 2224 -2
2154 2155 -2
2155 2225 2
2155 2156 -2
2156 2226 2
2156 2157 2
2157 2227 2
2157 2158 -2
2158 2228 -2
2158 2159 2
2159 2229 -2
2159 2160 2
2160 2230 -2
2160 2161 2
2161 2231 2
2161 2162 -2
2162 2232 -2
2162 2163 -2
2163 2233 -2
2163 2164 -2
2164 2234 2
2164 2165 2
2165 2235 -2
2165 2166 2
2166 2236 2
2166 2167 -2
2167 2237 -2
2167 2168 -2
2168 2238 -2
2168 2169 2
2169 2239 2
2170 2240 -2
2170 2239 -2
2170 2171 2
2171 2241 2
2171 2172 2
2172 2242 2
2172 2173 -2
2173 2243 -2
2173 2174 2
2174 2244 2
2174 2175 2
2175 2245 2
2175 2176 -2
2176 2246 -2
2176 2177 -2
2177 2247 2
2177 2178 2
2178 2248 -2
2178 2179 2
2179 2249 -2
2179 2180 -2
2180 2250 -2
2180 2181 -2
2181 2251 2
2181 2182 2
2182 2252 2
2182 2183 2
2183 2253 -2
2183 2184 2
2184 2254 -2
2184 2185 2
2185 2255 2
2185 2186 2
2186 2256 2
2186 2187 2
2187 2257 2
2187 2188 2
2188 2258 -2
2188 2189 -2
2189 2259 -2
2189 2190 -2
2190 2260 -2
2190 2191 -2
2191 2261 2
2191 2192 2
2192 2262 2
2192 2193 -2
2193 2263 2
2193 2194 -2
2194 2264 -2
2194 2195 2
2195 2265 2
2195 2196 2
2196 2266 2
2196 2197 2
2197 2267 -2
2197 2198 2
2198 2268 -2
2198 2199 2
2199 2269 -2
2199 2200 -2
2200 2270 -2
2200 2201 2
2201 2271 -2
2201 2202 2
2202 2272 2
2202 2203 2
2203 2273 -2
2203 2204 -2
2204 2274 -2
2204 2205 -2
2205 2275 -2
2205 2206 2
2206 2276 -2
2206 2207 2
2207 2277 2
2207 2208 2
2208 2278 -2
2208 2209 -2
2209 2279 -2
2209 2210 2
2210 2280 2
2210 2211 -2
2211 2281 2
2211 2212 2
2212 2282 -2
2212 2213 2
2213 2283 2
2213 2214 -2
2214 2284 -2
2214 2215 -2
2215 2285 -2
2215 2216 -2
2216 2286 -2
2216 2217 2
2217 2287 2
2217 2218 2
2218 2288 2
2218 2219 2
2219 2289 2
2219 2220 -2
2220 2290 2
2220 2221 2
2221 2291 2
2221 2222 -2
2222 2292 2
2222 2223 2
2223 2293 2
2223 2224 2
2224 2294 -2
2224 2225 -2
2225 2295 -2
2225 2226 -2
2226 2296 -2
2226 2227 -2
2227 2297 -2
2227 2228 2
2228 2298 -2
2228 2229 -2
2229 2299 2
2229 2230 -2
2230 2300 2
2230 2231 -2
2231 2301 -2
2231 2232 2
2232 2302 2
2232 2233 -2
2233 2303 2
2233 2234 -2
2234 2304 -2
2234 2235 -2
2235 2305 -2
2235 2236 -2
2236 2306 2
2236 2237 -2
2237 2307 2
2237 2238 -2
2238 2308 2
2238 2239 -2
2239 2309 -2
2240 2310 2
2240 2309 2
2240 2241 -2
2241 2311 -2
2241 2242 2
2242 2312 -2
2242 2243 -2
2243 2313 -2
2243 2244 2
2244 2314 2
2244 2245 -2
2245 2315 -2
2245 2246 -2
2246 2316 2
2246 2247 -2
2247 2317 -2
2247 2248 2
2248 2318 -2
2248 2249 -2
2249 2319 2
2249 2250 -2
2250 2320 -2
2250 2251 2
2251 2321 -2
2251 2252 -2
2252 2322 2
2252 2253 2
2253 2323 2
2253 2254 -2
2254 2324 2
2254 2255 2
2255 2325 -2
2255 2256 2
2256 2326 -2
2256 2257 2
2257 2327 2
2257 2258 2
2258 2328 -2
2258 2259 2
2259 2329 -2
2259 2260 -2
2260 2330 2
2260 2261 2
2261 2331 2
2261 2262 2
2262 2332 2
2262 2263 -2
2263 2333 2
2263 2264 -2
2264 2334 2
2264 2265 2
2265 2335 2
2265 2266 -2
2266 2336 2
2266 2267 2
2267 2337 2
2267 2268 2
2268 2338 -2
2268 2269 -2
2269 2339 2
2269 2270 -2
2270 2340 -2
2270 2271 2
2271 2341 2
2271 2272 2
2272 2342 2
2272 2273 -2
2273 2343 2
2273 2274 2
2274 2344 -2
2274 2275 -2
2275 2345 -2
2275 2276 2
2276 2346 -2
2276 2277 -2
2277 2347 -2
2277 2278 2
2278 2348 2
2278 2279 -2
2279 2349 -2
2279 2280 -2
2280 2350 2
2280 2281 -2
2281 2351 -2
2281 2282 2
2282 2352 -2
2282 2283 2
2283 2353 2
2283 2284 2
2284 2354 -2
2284 2285 -2
2285 2355 -2
2285 2286 2
2286 2356 -2
2286 2287 -2
2287 2357 2
2287 2288 2
2288 2358 -2
2288 2289 2
2289 2359 -2
2289 2290 2
2290 2360 -2
2290 2291 -2
2291 2361 -2
2291 2292 2
2292 2362 -2
2292 2293 2
2293 2363 -2
2293 2294 -2
2294 2364 2
2294 2295 2
2295 2365 -2
2295 2296 2
2296 2366 2
2296 2297 2
2297 2367 2
2297 2298 2
2298 2368 2
2298 2299 -2
2299 2369 2
2299 2300 -2
2300 2370 2
2300 2301 -2
2301 2371 2
2301 2302 -2
2302 2372 2
2302 2303 2
2303 2373 -2
2303 2304 2
2304 2374 2
2304 2305 -2
2305 2375 -2
2305 2306 2
2306 2376 -2
2306 2307 2
2307 2377 2
2307 2308 2
2308 2378 2
2308 2309 2
2309 2379 -2
2310 2380 2
2310 2379 -2
2310 2311 2
2311 2381 2
2311 2312 2
2312 2382 2
2312 2313 -2
2313 2383 -2
2313 2314 -2
2314 2384 2
2314 2315 2
2315 2385 2
2315 2316 2
2316 2386 2
2316 2317 -2
2317 2387 2
2317 2318 -2
2318 2388 -2
2318 2319 2
2319 2389 2
2319 2320 -2
2320 2390 2
2320 2321 2
2321 2391 2
2321 2322 2
2322 2392 2
2322 2323 -2
2323 2393 -2
2323 2324 2
2324 2394 2
2324 2325 -2
2325 2395 2
2325 2326 -2
2326 2396 2
2326 2327 -2
2327 2397 -2
2327 2328 2
2328 2398 -2
2328 2329 -2
2329 2399 -2
2329 2330 -2
2330 2400 2
2330 2331 -2
2331 2401 -2
2331 2332 -2
2332 2402 -2
2332 2333 2
2333 2403 -2
2333 2334 2
2334 2404 -2
2334 2335 2
2335 2405 -2
2335 2336 -2
2336 2406 -2
2336 2337 -2
2337 2407 -2
2337 2338 -2
2338 2408 -2
2338 2339 -2
2339 2409 2
2339 2340 2
2340 2410 -2
2340 2341 -2
2341 2411 -2
2341 2342 2
2342 2412 -2
2342 2343 -2
2343 2413 2
2343 2344 2
2344 2414 -2
2344 2345 2
2345 2415 2
2345 2346 2
2346 2416 2
2346 2347 -2
2347 2417 2
2347 2348 2
2348 2418 2
2348 2349 -2
2349 2419 2
2349 2350 -2
2350 2420 2
2350 2351 2
2351 2421 -2
2351 2352 -2
2352 2422 -2
2352 2353 -2
2353 2423 -2
2353 2354 -2
2354 2424 2
2354 2355 2
2355 2425 -2
2355 2356 -2
2356 2426 -2
2356 2357 -2
2357 2427 2
2357 2358 -2
2358 2428 -2
2358 2359 -2
2359 2429 2
2359 2360 -2
2360 2430 -2
2360 2361 2
2361 2431 2
2361 2362 2
2362 2432 2
2362 2363 2
2363 2433 2
2363 2364 -2
2364 2434 -2
2364 2365 -2
2365 2435 -2
2365 2366 -2
2366 2436 2
2366 2367 2
2367 2437 2
2367 2368 -2
2368 2438 -2
2368 2369 -2
2369 2439 2
2369 2370 2
2370 2440 -2
2370 2371 -2
2371 2441 2
2371 2372 -2
2372 2442 2
2372 2373 2
2373 2443 -2
2373 2374 2
2374 2444 -2
2374 2375 2
2375 2445 2
2375 2376 -2
2376 2446 -2
2376 2377 -2
2377 2447 -2
2377 2378 -2
2378 2448 2
2378 2379 -2
2379 2449 -2
2380 2450 -2
2380 2449 -2
2380 2381 -2
2381 2451 -2
2381 2382 2
2382 2452 -2
2382 2383 2
2383 2453 -2
2383 2384 -2
2384 2454 -2
2384 2385 -2
2385 2455 2
2385 2386 2
2386 2456 -2
2386 2387 -2
2387 2457 -2
2387 2388 2
2388 2458 2
2388 2389 2
2389 2459 -2
2389 2390 2
2390 2460 2
2390 2391 -2
2391 2461 -2
2391 2392 2
2392 2462 2
2392 2393 2
2393 2463 2
2393 2394 2
2394 2464 -2
2394 2395 2
2395 2465 -2
2395 2396 -2
2396 2466 -2
2396 2397 2
2397 2467 2
2397 2398 2
2398 2468 -2
2398 2399 2
2399 2469 -2
2399 2400 2
2400 2470 -2
2400 2401 -2
2401 2471 2
2401 2402 -2
2402 2472 -2
2402 2403 2
2403 2473 -2
2403 2404 2
2404 2474 2
2404 2405 2
2405 2475 2
2405 2406 -2
2406 2476 2
2406 2407 -2
2407 2477 -2
2407 2408 -2
2408 2478 -2
2408 2409 -2
2409 2479 -2
2409 2410 2
2410 2480 -2
2410 2411 -2
2411 2481 -2
2411 2412 2
2412 2482 -2
2412 2413 2
2413 2483 2
2413 2414 2
2414 2484 2
2414 2415 -2
2415 2485 -2
2415 2416 2
2416 2486 -2
2416 2417 -2
2417 2487 2
2417 2418 2
2418 2488 2
2418 2419 2
2419 2489 2
2419 2420 2
2420 2490 -2
2420 2421 2
2421 2491 -2
2421 2422 2
2422 2492 2
2422 2423 2
2423 2493 2
2423 2424 2
2424 2494 -2
2424 2425 -2
2425 2495 -2
2425 2426 2
2426 2496 2
2426 2427 -2
2427 2497 2
2427 2428 -2
2428 2498 2
2428 2429 -2
2429 2499 -2
2429 2430 -2
2430 2500 2
2430 2431 2
2431 2501 -2
2431 2432 -2
2432 2502 2
2432 2433 -2
2433 2503 2
2433 2434 2
2434 2504 -2
2434 2435 2
2435 2505 2
2435 2436 2
2436 2506 2
2436 2437 2
2437 2507 2
2437 2438 2
2438 2508 -2
2438 2439 -2
2439 2509 2
2439 2440 -2
2440 2510 -2
2440 2441 2
2441 2511 -2
2441 2442 2
2442 2512 2
2442 2443 -2
2443 2513 2
2443 2444 -2
2444 2514 2
2444 2445 -2
2445 2515 -2
2445 2446 -2
2446 2516 -2
2446 2447 -2
2447 2517 2
2447 2448 2
2448 2518 -2
2448 2449 -2
2449 2519 2
2450 2520 -2
2450 2519 2
2450 2451 2
2451 2521 -2
2451 2452 -2
2452 2522 2
2452 2453 -2
2453 2523 2
2453 2454 -2
2454 2524 2
2454 2455 -2
2455 2525 -2
2455 2456 -2
2456 2526 2
2456 2457 2
2457 2527 2
2457 2458 2
2458 2528 2
2458 2459 2
2459 2529 -2
2459 2460 2
2460 2530 2
2460 2461 -2
2461 2531 -2
2461 2462 2
2462 2532 -2
2462 2463 -2
2463 2533 2
2463 2464 -2
2464 2534 2
2464 2465 -2
2465 2535 -2
2465 2466 2
2466 2536 2
2466 2467 2
2467 2537 -2
2467 2468 -2
2468 2538 -2
2468 2469 2
2469 2539 2
2469 2470 -2
2470 2540 2
2470 2471 2
2471 2541 -2
2471 2472 2
2472 2542 2
2472 2473 -2
2473 2543 -2
2473 2474 2
2474 2544 -2
2474 2475 2
2475 2545 2
2475 2476 2
2476 2546 -2
2476 2477 2
2477 2547 2
2477 2478 2
2478 2548 -2
2478 2479 -2
2479 2549 -2
2479 2480 -2
2480 2550 2
2480 2481 2
2481 2551 -2
2481 2482 2
2482 2552 2
2482 2483 -2
2483 2553 -2
2483 2484 -2
2484 2554 2
2484 2485 -2
2485 2555 -2
2485 2486 2
2486 2556 -2
2486 2487 -2
2487 2557 -2
2487 2488 2
2488 2558 -2
2488 2489 -2
2489 2559 2
2489 2490 -2
2490 2560 2
2490 2491 -2
2491 2561 -2
2491 2492 2
2492 2562 2
2492 2493 -2
2493 2563 -2
2493 2494 -2
2494 2564 -2
2494 2495 2
2495 2565 2
2495 2496 2
2496 2566 2
2496 2497 -2
2497 2567 2
2497 2498 2
2498 2568 2
2498 2499 -2
2499 2569 2
2499 2500 2
2500 2570 2
2500 2501 -2
2501 2571 2
2501 2502 2
2502 2572 2
2502 2503 -2
2503 2573 2
2503 2504 -2
2504 2574 2
2504 2505 2
2505 2575 2
2505 2506 -2
2506 2576 2
2506 2507 2
2507 2577 2
2507 2508 2
2508 2578 -2
2508 2509 2
2509 2579 2
2509 2510 -2
2510 2580 -2
2510 2511 -2
2511 2581 -2
2511 2512 -2
2512 2582 2
2512 2513 -2
2513 2583 -2
2513 2514 2
2514 2584 -2
2514 2515 2
2515 2585 -2
2515 2516 -2
2516 2586 -2
2516 2517 -2
2517 2587 -2
2517 2518 -2
2518 2588 2
2518 2519 2
2519 2589 2
2520 2590 -2
2520 2589 2
2520 2521 2
2521 2591 -2
2521 2522 -2
2522 2592 -2
2522 2523 2
2523 2593 2
2523 2524 2
2524 2594 2
2524 2525 -2
2525 2595 2
2525 2526 -2
2526 2596 2
2526 2527 -2
2527 2597 -2
2527 2528 -2
2528 2598 2
2528 2529 -2
2529 2599 2
2529 2530 2
2530 2600 -2
2530 2531 -2
2531 2601 2
2531 2532 2
2532 2602 -2
2532 2533 -2
2533 2603 2
2533 2534 -2
2534 2604 2
2534 2535 -2
2535 2605 -2
2535 2536 -2
2536 2606 2
2536 2537 2
2537 2607 -2
2537 2538 2
2538 2608 2
2538 2539 2
2539 2609 2
2539 2540 2
2540 2610 2
2540 2541 2
2541 2611 -2
2541 2542 -2
2542 2612 -2
2542 2543 2
2543 2613 2
2543 2544 -2
2544 2614 2
2544 2545 2
2545 2615 2
2545 2546 2
2546 2616 -2
2546 2547 2
2547 2617 2
2547 2548 -2
2548 2618 -2
2548 2549 -2
2549 2619 2
2549 2550 2
2550 2620 2
2550 2551 2
2551 2621 2
2551 2552 -2
2552 2622 -2
2552 2553 2
2553 2623 2
2553 2554 2
2554 2624 -2
2554 2555 -2
2555 2625 -2
2555 2556 -2
2556 2626 -2
2556 2557 2
2557 2627 -2
2557 2558 -2
2558 2628 2
2558 2559 -2
2559 2629 -2
2559 2560 2
2560 2630 -2
2560 2561 2
2561 2631 2
2561 2562 2
2562 2632 -2
2562 2563 -2
2563 2633 -2
2563 2564 2
2564 2634 -2
2564 2565 -2
2565 2635 2
2565 2566 -2
2566 2636 -2
2566 2567 -2
2567 2637 -2
2567 2568 2
2568 2638 -2
2568 2569 -2
2569 2639 2
2569 2570 -2
2570 2640 2
2570 2571 2
2571 2641 2
2571 2572 2
2572 2642 -2
2572 2573 -2
2573 2643 2
2573 2574 -2
2574 2644 -2
2574 2575 -2
2575 2645 -2
2575 2576 -2
2576 2646 2
2576 2577 2
2577 2647 2
2577 2578 2
2578 2648 2
2578 2579 -2
2579 2649 2
2579 2580 -2
2580 2650 -2
2580 2581 2
2581 2651 -2
2581 2582 2
2582 2652 2
2582 2583 -2
2583 2653 2
2583 2584 2
2584 2654 -2
2584 2585 -2
2585 2655 -2
2585 2586 -2
2586 2656 2
2586 2587 2
2587 2657 -2
2587 2588 2
2588 2658 2
2588 2589 -2
2589 2659 -2
2590 2660 -2
2590 2659 -2
2590 2591 2
2591 2661 2
2591 2592 -2
2592 2662 2
2592 2593 -2
2593 2663 2
2593 2594 2
2594 2664 2
2594 2595 -2
2595 2665 2
2595 2596 2
2596 2666 2
2596 2597 -2
2597 2667 -2
2597 2598 2
2598 2668 2
2598 2599 2
2599 2669 2
2599 2600 2
2600 2670 -2
2600 2601 2
2601 2671 2
2601 2602 -2
2602 2672 -2
2602 2603 2
2603 2673 -2
2603 2604 -2
2604 2674 -2
2604 2605 -2
2605 2675 -2
2605 2606 -2
2606 2676 -2
2606 2607 2
2607 2677 2
2607 2608 -2
2608 2678 -2
2608 2609 -2
2609 2679 2
2609 2610 -2
2610 2680 2
2610 2611 -2
2611 2681 -2
2611 2612 -2
2612 2682 -2
2612 2613 2
2613 2683 -2
2613 2614 -2
2614 2684 2
2614 2615 -2
2615 2685 -2
2615 2616 2
2616 2686 2
2616 2617 2
2617 2687 2
2617 2618 2
2618 2688 -2
2618 2619 -2
2619 2689 2
2619 2620 -2
2620 2690 2
2620 2621 -2
2621 2691 -2
2621 2622 2
2622 2692 2
2622 2623 2
2623 2693 2
2623 2624 -2
2624 2694 -2
2624 2625 2
2625 2695 -2
2625 2626 2
2626 2696 -2
2626 2627 -2
2627 2697 2
2627 2628 -2
2628 2698 2
2628 2629 2
2629 2699 2
2629 2630 2
2630 2700 2
2630 2631 2
2631 2701 2
2631 2632 2
2632 2702 -2
2632 2633 -2
2633 2703 2
2633 2634 2
2634 2704 -2
2634 2635 -2
2635 2705 -2
2635 2636 2
2636 2706 -2
2636 2637 2
2637 2707 2
2637 2638 2
2638 2708 -2
2638 2639 2
2639 2709 -2
2639 2640 -2
2640 2710 2
2640 2641 -2
2641 2711 -2
2641 2642 2
2642 2712 -2
2642 2643 2
2643 2713 2
2643 2644 2
2644 2714 -2
2644 2645 -2
2645 2715 2
2645 2646 2
2646 2716 2
2646 2647 2
2647 2717 -2
2647 2648 2
2648 2718 -2
2648 2649 -2
2649 2719 2
2649 2650 -2
2650 2720 -2
2650 2651 2
2651 2721 -2
2651 2652 -2
2652 2722 -2
2652 2653 -2
2653 2723 -2
2653 2654 -2
2654 2724 -2
2654 2655 2
2655 2725 -2
2655 2656 -2
2656 2726 2
2656 2657 2
2657 2727 -2
2657 2658 2
2658 2728 2
2658 2659 -2
2659 2729 2
2660 2730 2
2660 2729 2
2660 2661 2
2661 2731 2
2661 2662 2
2662 2732 -2
2662 2663 2
2663 2733 -2
2663 2664 -2
2664 2734 -2
2664 2665 2
2665 2735 2
2665 2666 -2
2666 2736 -2
2666 2667 2
2667 2737 -2
2667 2668 -2
2668 2738 2
2668 2669 2
2669 2739 2
2669 2670 2
2670 2740 -2
2670 2671 2
2671 2741 -2
2671 2672 2
2672 2742 2
2672 2673 -2
2673 2743 -2
2673 2674 2
2674 2744 -2
2674 2675 2
2675 2745 2
2675 2676 -2
2676 2746 2
2676 2677 -2
2677 2747 -2
2677 2678 -2
2678 2748 2
2678 2679 2
2679 2749 -2
2679 2680 2
2680 2750 2
2680 2681 2
2681 2751 -2
2681 2682 2
2682 2752 2
2682 2683 -2
2683 2753 2
2683 2684 2
2684 2754 2
2684 2685 2
2685 2755 2
2685 2686 -2
2686 2756 2
2686 2687 -2
2687 2757 -2
2687 2688 -2
2688 2758 2
2688 2689 2
2689 2759 -2
2689 2690 -2
2690 2760 2
2690 2691 -2
2691 2761 2
2691 2692 -2
2692 2762 -2
2692 2693 -2
2693 2763 -2
2693 2694 -2
2694 2764 -2
2694 2695 -2
2695 2765 2
2695 2696 2
2696 2766 2
2696 2697 2
2697 2767 -2
2697 2698 -2
2698 2768 2
2698 2699 2
2699 2769 2
2699 2700 2
2700 2770 -2
2700 2701 -2
2701 2771 2
2701 2702 -2
2702 2772 -2
2702 2703 -2
2703 2773 2
2703 2704 -2
2704 2774 2
2704 2705 2
2705 2775 -2
2705 2706 -2
2706 2776 2
2706 2707 -2
2707 2777 2
2707 2708 -2
2708 2778 -2
2708 2709 -2
2709 2779 2
2709 2710 -2
2710 2780 -2
2710 2711 2
2711 2781 -2
2711 2712 -2
2712 2782 -2
2712 2713 -2
2713 2783 -2
2713 2714 -2
2714 2784 2
2714 2715 -2
2715 2785 -2
2715 2716 -2
2716 2786 2
2716 2717 2
2717 2787 2
2717 2718 2
2718 2788 -2
2718 2719 -2
2719 2789 2
2719 2720 -2
2720 2790 2
2720 2721 -2
2721 2791 2
2721 2722 2
2722 2792 2
2722 2723 -2
2723 2793 2
2723 2724 2
2724 2794 2
2724 2725 2
2725 2795 -2
2725 2726 2
2726 2796 2
2726 2727 -2
2727 2797 -2
2727 2728 2
2728 2798 -2
2728 2729 2
2729 2799 2
2730 2800 -2
2730 2799 -2
2730 2731 2
2731 2801 2
2731 2732 -2
2732 2802 2
2732 2733 -2
2733 2803 2
2733 2734 2
2734 2804 2
2734 2735 2
2735 2805 -2
2735 2736 -2
2736 2806 -2
2736 2737 2
2737 2807 -2
2737 2738 -2
2738 2808 -2
2738 2739 2
2739 2809 2
2739 2740 2
2740 2810 -2
2740 2741 -2
2741 2811 2
2741 2742 -2
2742 2812 -2
2742 2743 -2
2743 2813 2
2743 2744 -2
2744 2814 -2
2744 2745 -2
2745 2815 -2
2745 2746 -2
2746 2816 2
2746 2747 -2
2747 2817 2
2747 2748 2
2748 2818 2
2748 2749 2
2749 2819 -2
2749 2750 -2
2750 2820 -2
2750 2751 2
2751 2821 -2
2751 2752 2
2752 2822 2
2752 2753 2
2753 2823 -2
2753 2754 2
2754 2824 -2
2754 2755 -2
2755 2825 2
2755 2756 2
2756 2826 2
2756 2757 2
2757 2827 2
2757 2758 -2
2758 2828 2
2758 2759 2
2759 2829 2
2759 2760 -2
2760 2830 2
2760 2761 -2
2761 2831 2
2761 2762 2
2762 2832 -2
2762 2763 -2
2763 2833 2
2763 2764 -2
2764 2834 -2
2764 2765 2
2765 2835 2
2765 2766 -2
2766 2836 -2
2766 2767 -2
2767 2837 -2
2767 2768 2
2768 2838 -2
2768 2769 -2
2769 2839 2
2769 2770 2
2770 2840 -2
2770 2771 2
2771 2841 2
2771 2772 -2
2772 2842 2
2772 2773 2
2773 2843 -2
2773 2774 -2
2774 2844 -2
2774 2775 -2
2775 2845 2
2775 2776 -2
2776 2846 2
2776 2777 2
2777 2847 -2
2777 2778 -2
2778 2848 -2
2778 2779 -2
2779 2849 -2
2779 2780 -2
2780 2850 -2
2780 2781 2
2781 2851 2
2781 2782 2
2782 2852 -2
2782 2783 -2
2783 2853 2
2783 2784 -2
2784 2854 2
2784 2785 2
2785 2855 -2
2785 2786 2
2786 2856 -2
2786 2787 2
2787 2857 -2
2787 2788 2
2788 2858 -2
2788 2789 2
2789 2859 -2
2789 2790 -2
2790 2860 2
2790 2791 -2
2791 2861 2
2791 2792 2
2792 2862 2
2792 2793 2
2793 2863 -2
2793 2794 2
2794 2864 -2
2794 2795 2
2795 2865 -2
2795 2796 2
2796 2866 -2
2796 2797 -2
2797 2867 2
2797 2798 -2
2798 2868 -2
2798 2799 -2
2799 2869 2
2800 2870 2
2800 2869 2
2800 2801 2
2801 2871 2
2801 2802 2
2802 2872 -2
2802 2803 2
2803 2873 -2
2803 2804 -2
2804 2874 -2
2804 2805 -2
2805 2875 -2
2805 2806 2
2806 2876 2
2806 2807 2
2807 2877 -2
2807 2808 -2
2808 2878 -2
2808 2809 2
2809 2879 -2
2809 2810 -2
2810 2880 2
2810 2811 2
2811 2881 2
2811 2812 -2
2812 2882 -2
2812 2813 2
2813 2883 2
2813 2814 2
2814 2884 -2
2814 2815 -2
2815 2885 -2
2815 2816 2
2816 2886 2
2816 2817 -2
2817 2887 -2
2817 2818 2
2818 2888 2
2818 2819 2
2819 2889 -2
2819 2820 -2
2820 2890 2
2820 2821 -2
2821 2891 2
2821 2822 -2
2822 2892 2
2822 2823 -2
2823 2893 2
2823 2824 2
2824 2894 2
2824 2825 2
2825 2895 2
2825 2826 2
2826 2896 2
2826 2827 2
2827 2897 -2
2827 2828 2
2828 2898 2
2828 2829 -2
2829 2899 -2
2829 2830 -2
2830 2900 -2
2830 2831 2
2831 2901 -2
2831 2832 -2
2832 2902 2
2832 2833 2
2833 2903 -2
2833 2834 2
2834 2904 -2
2834 2835 -2
2835 2905 -2
2835 2836 2
2836 2906 2
2836 2837 -2
2837 2907 2
2837 2838 2
2838 2908 2
2838 2839 -2
2839 2909 2
2839 2840 -2
2840 2910 -2
2840 2841 2
2841 2911 2
2841 2842 -2
2842 2912 2
2842 2843 2
2843 2913 -2
2843 2844 -2
2844 2914 2
2844 2845 2
2845 2915 2
2845 2846 -2
2846 2916 2
2846 2847 -2
2847 2917 -2
2847 2848 2
2848 2918 -2
2848 2849 -2
2849 2919 2
2849 2850 -2
2850 2920 -2
2850 2851 2
2851 2921 2
2851 2852 2
2852 2922 2
2852 2853 -2
2853 2923 -2
2853 2854 -2
2854 2924 -2
2854 2855 2
2855 2925 -2
2855 2856 -2
2856 2926 -2
2856 2857 -2
2857 2927 2
2857 2858 -2
2858 2928 -2
2858 2859 2
2859 2929 2
2859 2860 -2
2860 2930 -2
2860 2861 2
2861 2931 2
2861 2862 -2
2862 2932 -2
2862 2863 -2
2863 2933 2
2863 2864 -2
2864 2934 -2
2864 2865 2
2865 2935 2
2865 2866 2
2866 2936 2
2866 2867 2
2867 2937 2
2867 2868 2
2868 2938 -2
2868 2869 -2
2869 2939 2
2870 2940 -2
2870 2939 2
2870 2871 2
2871 2941 2
2871 2872 2
2872 2942 2
2872 2873 2
2873 2943 -2
2873 2874 -2
2874 2944 -2
2874 2875 -2
2875 2945 -2
2875 2876 2
2876 2946 -2
2876 2877 -2
2877 2947 -2
2877 2878 -2
2878 2948 2
2878 2879 -2
2879 2949 -2
2879 2880 -2
2880 2950 -2
2880 2881 2
2881 2951 2
2881 2882 -2
2882 2952 2
2882 2883 -2
2883 2953 -2
2883 2884 -2
2884 2954 -2
2884 2885 -2
2885 2955 -2
2885 2886 -2
2886 2956 -2
2886 2887 -2
2887 2957 2
2887 2888 2
2888 2958 2
2888 2889 2
2889 2959 -2
2889 2890 2
2890 2960 2
2890 2891 2
2891 2961 2
2891 2892 2
2892 2962 -2
2892 2893 2
2893 2963 2
2893 2894 -2
2894 2964 -2
2894 2895 -2
2895 2965 -2
2895 2896 -2
2896 2966 -2
2896 2897 2
2897 2967 -2
2897 2898 -2
2898 2968 2
2898 2899 2
2899 2969 2
2899 2900 2
2900 2970 -2
2900 2901 -2
2901 2971 -2
2901 2902 2
2902 2972 2
2902 2903 -2
2903 2973 2
2903 2904 2
2904 2974 2
2904 2905 -2
2905 2975 -2
2905 2906 2
2906 2976 2
2906 2907 2
2907 2977 2
2907 2908 -2
2908 2978 -2
2908 2909 2
2909 2979 -2
2909 2910 2
2910 2980 -2
2910 2911 -2
2911 2981 -2
2911 2912 2
2912 2982 -2
2912 2913 -2
2913 2983 2
2913 2914 2
2914 2984 2
2914 2915 -2
2915 2985 -2
2915 2916 2
2916 2986 2
2916 2917 -2
2917 2987 -2
2917 2918 -2
2918 2988 -2
2918 2919 2
2919 2989 2
2919 2920 -2
2920 2990 2
2920 2921 -2
2921 2991 -2
2921 2922 -2
2922 2992 -2
2922 2923 -2
2923 2993 -2
2923 2924 2
2924 2994 -2
2924 2925 -2
2925 2995 2
2925 2926 2
2926 2996 2
2926 2927 2
2927 2997 2
2927 2928 -2
2928 2998 -2
2928 2929 -2
2929 2999 2
2929 2930 2
2930 3000 2
2930 2931 -2
2931 3001 -2
2931 2932 -2
2932 3002 -2
2932 2933 2
2933 3003 -2
2933 2934 -2
2934 3004 -2
2934 2935 2
2935 3005 2
2935 2936 2
2936 3006 -2
2936 2937 -2
2937 3007 2
2937 2938 2
2938 3008 2
2938 2939 -2
2939 3009 -2
2940 3010 2
2940 3009 -2
2940 2941 2
2941 3011 -2
2941 2942 -2
2942 3012 2
2942 2943 -2
2943 3013 2
2943 2944 2
2944 3014 2
2944 2945 -2
2945 3015 -2
2945 2946 2
2946 3016 2
2946 2947 -2
2947 3017 2
2947 2948 2
2948 3018 2
2948 2949 -2
2949 3019 -2
2949 2950 2
2950 3020 2
2950 2951 -2
2951 3021 2
2951 2952 2
2952 3022 -2
2952 2953 -2
2953 3023 2
2953 2954 2
2954 3024 2
2954 2955 -2
2955 3025 -2
2955 2956 -2
2956 3026 2
2956 2957 -2
2957 3027 -2
2957 2958 2
2958 3028 -2
2958 2959 2
2959 3029 2
2959 2960 -2
2960 3030 2
2960 2961 -2
2961 3031 -2
2961 2962 2
2962 3032 2
2962 2963 -2
2963 3033 2
2963 2964 -2
2964 3034 -2
2964 2965 -2
2965 3035 -2
2965 2966 2
2966 3036 2
2966 2967 -2
2967 3037 -2
2967 2968 -2
2968 3038 -2
2968 2969 -2
2969 3039 -2
2969 2970 -2
2970 3040 -2
2970 2971 -2
2971 3041 2
2971 2972 2
2972 3042 -2
2972 2973 -2
2973 3043 2
2973 2974 2
2974 3044 -2
2974 2975 2
2975 3045 -2
2975 2976 -2
2976 3046 -2
2976 2977 2
2977 3047 2
2977 2978 -2
2978 3048 2
2978 2979 -2
2979 3049 2
2979 2980 -2
2980 3050 2
2980 2981 -2
2981 3051 -2
2981 2982 2
2982 3052 -2
2982 2983 2
2983 3053 -2
2983 2984 -2
2984 3054 -2
2984 2985 -2
2985 3055 -2
2985 2986 -2
2986 3056 -2
2986 2987 -2
2987 3057 2
2987 2988 2
2988 3058 -2
2988 2989 2
2989 3059 -2
2989 2990 2
2990 3060 -2
2990 2991 2
2991 3061 2
2991 2992 -2
2992 3062 2
2992 2993 -2
2993 3063 -2
2993 2994 -2
2994 3064 2
2994 2995 2
2995 3065 -2
2995 2996 2
2996 3066 -2
2996 2997 2
2997 3067 -2
2997 2998 -2
2998 3068 2
2998 2999 2
2999 3069 2
2999 3000 -2
3000 3070 -2
3000 3001 2
3001 3071 2
3001 3002 -2
3002 3072 -2
3002 3003 -2
3003 3073 2
3003 3004 -2
3004 3074 2
3004 3005 -2
3005 3075 2
3005 3006 2
3006 3076 2
3006 3007 2
3007 3077 -2
3007 3008 2
3008 3078 -2
3008 3009 2
3009 3079 -2
3010 3080 -2
3010 3079 2
3010 3011 -2
3011 3081 -2
3011 3012 -2
3012 3082 -2
3012 3013 -2
3013 3083 -2
3013 3014 -2
3014 3084 2
3014 3015 -2
3015 3085 2
3015 3016 -2
3016 3086 -2
3016 3017 2
3017 3087 -2
3017 3018 -2
3018 3088 -2
3018 3019 2
3019 3089 -2
3019 3020 2
3020 3090 -2
3020 3021 -2
3021 3091 2
3021 3022 2
3022 3092 2
3022 3023 -2
3023 3093 2
3023 3024 -2
3024 3094 -2
3024 3025 -2
3025 3095 2
3025 3026 2
3026 3096 2
3026 3027 -2
3027 3097 -2
3027 3028 2
3028 3098 2
3028 3029 2
3029 3099 2
3029 3030 -2
3030 3100 2
3030 3031 -2
3031 3101 -2
3031 3032 -2
3032 3102 -2
3032 3033 -2
3033 3103 2
3033 3034 -2
3034 3104 -2
3034 3035 -2
3035 3105 -2
3035 3036 -2
3036 3106 2
3036 3037 -2
3037 3107 2
3037 3038 -2
3038 3108 -2
3038 3039 2
3039 3109 -2
3039 3040 2
3040 3110 -2
3040 3041 -2
3041 3111 2
3041 3042 -2
3042 3112 2
3042 3043 2
3043 3113 -2
3043 3044 2
3044 3114 2
3044 3045 2
3045 3115 2
3045 3046 -2
3046 3116 -2
3046 3047 2
3047 3117 2
3047 3048 2
3048 3118 -2
3048 3049 -2
3049 3119 2
3049 3050 -2
3050 3120 -2
3050 3051 -2
3051 3121 -2
3051 3052 2
3052 3122 2
3052 3053 2
3053 3123 -2
3053 3054 2
3054 3124 -2
3054 3055 -2
3055 3125 -2
3055 3056 2
3056 3126 -2
3056 3057 2
3057 3127 2
3057 3058 -2
3058 3128 2
3058 3059 2
3059 3129 -2
3059 3060 2
3060 3130 -2
3060 3061 2
3061 3131 -2
3061 3062 2
3062 3132 -2
3062 3063 2
3063 3133 -2
3063 3064 2
3064 3134 2
3064 3065 -2
3065 3135 2
3065 3066 -2
3066 3136 -2
3066 3067 -2
3067 3137 2
3067 3068 -2
3068 3138 2
3068 3069 -2
3069 3139 2
3069 3070 2
3070 3140 2
3070 3071 2
3071 3141 -2
3071 3072 2
3072 3142 -2
3072 3073 -2
3073 3143 2
3073 3074 -2
3074 3144 2
3074 3075 -2
3075 3145 2
3075 3076 2
3076 3146 -2
3076 3077 2
3077 3147 2
3077 3078 2
3078 3148 -2
3078 3079 2
3079 3149 -2
3080 3150 -2
3080 3149 -2
3080 3081 2
3081 3151 2
3081 3082 -2
3082 3152 -2
3082 3083 -2
3083 3153 -2
3083 3084 -2
3084 3154 2
3084 3085 2
3085 3155 2
3085 3086 -2
3086 3156 -2
3086 3087 2
3087 3157 -2
3087 3088 2
3088 3158 -2
3088 3089 -2
3089 3159 2
3089 3090 2
3090 3160 -2
3090 3091 2
3091 3161 2
3091 3092 2
3092 3162 2
3092 3093 2
3093 3163 -2
3093 3094 -2
3094 3164 -2
3094 3095 -2
3095 3165 2
3095 3096 -2
3096 3166 -2
3096 3097 -2
3097 3167 2
3097 3098 2
3098 3168 2
3098 3099 2
3099 3169 2
3099 3100 -2
3100 3170 -2
3100 3101 2
3101 3171 2
3101 3102 -2
3102 3172 -2
3102 3103 -2
3103 3173 -2
3103 3104 -2
3104 3174 -2
3104 3105 -2
3105 3175 2
3105 3106 -2
3106 3176 2
3106 3107 -2
3107 3177 2
3107 3108 -2
3108 3178 2
3108 3109 -2
3109 3179 -2
3109 3110 2
3110 3180 -2
3110 3111 2
3111 3181 -2
3111 3112 -2
3112 3182 -2
3112 3113 -2
3113 3183 2
3113 3114 2
3114 3184 -2
3114 3115 2
3115 3185 2
3115 3116 -2
3116 3186 2
3116 3117 2
3117 3187 -2
3117 3118 -2
3118 3188 -2
3118 3119 -2
3119 3189 2
3119 3120 -2
3120 3190 -2
3120 3121 2
3121 3191 -2
3121 3122 2
3122 3192 -2
3122 3123 2
3123 3193 -2
3123 3124 2
3124 3194 2
3124 3125 2
3125 3195 2
3125 3126 2
3126 3196 2
3126 3127 2
3127 3197 -2
3127 3128 2
3128 3198 -2
3128 3129 -2
3129 3199 -2
3129 3130 -2
3130 3200 -2
3130 3131 2
3131 3201 -2
3131 3132 -2
3132 3202 -2
3132 3133 2
3133 3203 -2
3133 3134 2
3134 3204 -2
3134 3135 -2
3135 3205 -2
3135 3136 2
3136 3206 -2
3136 3137 -2
3137 3207 2
3137 3138 -2
3138 3208 2
3138 3139 -2
3139 3209 -2
3139 3140 2
3140 3210 2
3140 3141 2
3141 3211 -2
3141 3142 -2
3142 3212 -2
3142 3143 2
3143 3213 -2
3143 3144 -2
3144 3214 -2
3144 3145 -2
3145 3215 -2
3145 3146 -2
3146 3216 -2
3146 3147 2
3147 3217 -2
3147 3148 -2
3148 3218 -2
3148 3149 -2
3149 3219 -2
3150 3220 -2
3150 3219 -2
3150 3151 -2
3151 3221 -2
3151 3152 2
3152 3222 2
3152 3153 -2
3153 3223 2
3153 3154 -2
3154 3224 2
3154 3155 2
3155 3225 2
3155 3156 -2
3156 3226 -2
3156 3157 2
3157 3227 2
3157 3158 2
3158 3228 -2
3158 3159 2
3159 3229 -2
3159 3160 -2
3160 3230 2
3160 3161 -2
3161 3231 2
3161 3162 2
3162 3232 2
3162 3163 -2
3163 3233 2
3163 3164 2
3164 3234 -2
3164 3165 -2
3165 3235 -2
3165 3166 2
3166 3236 -2
3166 3167 2
3167 3237 -2
3167 3168 -2
3168 3238 -2
3168 3169 2
3169 3239 2
3169 3170 2
3170 3240 2
3170 3171 2
3171 3241 -2
3171 3172 -2
3172 3242 -2
3172 3173 -2
3173 3243 -2
3173 3174 2
3174 3244 2
3174 3175 -2
3175 3245 -2
3175 3176 2
3176 3246 -2
3176 3177 2
3177 3247 -2
3177 3178 -2
3178 3248 -2
3178 3179 2
3179 3249 2
3179 3180 2
3180 3250 2
3180 3181 2
3181 3251 2
3181 3182 2
3182 3252 -2
3182 3183 2
3183 3253 2
3183 3184 2
3184 3254 2
3184 3185 -2
3185 3255 2
3185 3186 -2
3186 3256 2
3186 3187 -2
3187 3257 -2
3187 3188 -2
3188 3258 2
3188 3189 -2
3189 3259 -2
3189 3190 2
3190 3260 -2
3190 3191 2
3191 3261 2
3191 3192 -2
3192 3262 -2
3192 3193 2
3193 3263 -2
3193 3194 -2
3194 3264 2
3194 3195 -2
3195 3265 2
3195 3196 2
3196 3266 -2
3196 3197 2
3197 3267 -2
3197 3198 -2
3198 3268 -2
3198 3199 -2
3199 3269 -2
3199 3200 2
3200 3270 2
3200 3201 2
3201 3271 2
3201 3202 -2
3202 3272 -2
3202 3203 -2
3203 3273 -2
3203 3204 -2
3204 3274 -2
3204 3205 2
3205 3275 2
3205 3206 -2
3206 3276 -2
3206 3207 -2
3207 3277 2
3207 3208 2
3208 3278 2
3208 3209 -2
3209 3279 2
3209 3210 -2
3210 3280 -2
3210 3211 2
3211 3281 2
3211 3212 2
3212 3282 2
3212 3213 -2
3213 3283 -2
3213 3214 -2
3214 3284 2
3214 3215 2
3215 3285 -2
3215 3216 -2
3216 3286 -2
3216 3217 2
3217 3287 -2
3217 3218 -2
3218 3288 2
3218 3219 2
3219 3289 2
3220 3290 -2
3220 3289 -2
3220 3221 -2
3221 3291 -2
3221 3222 -2
3222 3292 2
3222 3223 -2
3223 3293 -2
3223 3224 -2
3224 3294 2
3224 3225 2
3225 3295 -2
3225 3226 2
3226 3296 2
3226 3227 2
3227 3297 -2
3227 3228 2
3228 3298 -2
3228 3229 2
3229 3299 2
3229 3230 -2
3230 3300 -2
3230 3231 -2
3231 3301 2
3231 3232 -2
3232 3302 2
3232 3233 -2
3233 3303 -2
3233 3234 2
3234 3304 2
3234 3235 2
3235 3305 2
3235 3236 -2
3236 3306 -2
3236 3237 2
3237 3307 -2
3237 3238 2
3238 3308 2
3238 3239 -2
3239 3309 2
3239 3240 -2
3240 3310 -2
3240 3241 -2
3241 3311 2
3241 3242 2
3242 3312 2
3242 3243 2
3243 3313 -2
3243 3244 -2
3244 3314 -2
3244 3245 2
3245 3315 2
3245 3246 -2
3246 3316 2
3246 3247 -2
3247 3317 -2
3247 3248 -2
3248 3318 -2
3248 3249 -2
3249 3319 -2
3249 3250 2
3250 3320 -2
3250 3251 2
3251 3321 -2
3251 3252 2
3252 3322 -2
3252 3253 -2
3253 3323 2
3253 3254 -2
3254 3324 -2
3254 3255 2
3255 3325 -2
3255 3256 -2
3256 3326 2
3256 3257 2
3257 3327 2
3257 3258 2
3258 3328 -2
3258 3259 2
3259 3329 -2
3259 3260 -2
3260 3330 -2
3260 3261 -2
3261 3331 -2
3261 3262 -2
3262 3332 -2
3262 3263 2
3263 3333 -2
3263 3264 -2
3264 3334 -2
3264 3265 -2
3265 3335 2
3265 3266 2
3266 3336 -2
3266 3267 2
3267 3337 2
3267 3268 2
3268 3338 -2
3268 3269 2
3269 3339 -2
3269 3270 2
3270 3340 2
3270 3271 -2
3271 3341 -2
3271 3272 2
3272 3342 2
3272 3273 2
3273 3343 -2
3273 3274 -2
3274 3344 2
3274 3275 -2
3275 3345 -2
3275 3276 2
3276 3346 2
3276 3277 -2
3277 3347 -2
3277 3278 -2
3278 3348 -2
3278 3279 -2
3279 3349 2
3279 3280 2
3280 3350 -2
3280 3281 -2
3281 3351 2
3281 3282 -2
3282 3352 -2
3282 3283 -2
3283 3353 -2
3283 3284 2
3284 3354 -2
3284 3285 -2
3285 3355 -2
3285 3286 2
3286 3356 2
3286 3287 -2
3287 3357 -2
3287 3288 2
3288 3358 2
3288 3289 -2
3289 3359 2
3290 3360 -2
3290 3359 2
3290 3291 -2
3291 3361 -2
3291 3292 2
3292 3362 -2
3292 3293 -2
3293 3363 -2
3293 3294 2
3294 3364 2
3294 3295 2
3295 3365 -2
3295 3296 -2
3296 3366 -2
3296 3297 -2
3297 3367 2
3297 3298 -2
3298 3368 2
3298 3299 2
3299 3369 -2
3299 3300 -2
3300 3370 2
3300 3301 2
3301 3371 -2
3301 3302 -2
3302 3372 -2
3302 3303 2
3303 3373 2
3303 3304 2
3304 3374 -2
3304 3305 2
3305 3375 2
3305 3306 2
3306 3376 -2
3306 3307 -2
3307 3377 2
3307 3308 -2
3308 3378 2
3308 3309 -2
3309 3379 -2
3309 3310 2
3310 3380 2
3310 3311 2
3311 3381 2
3311 3312 2
3312 3382 -2
3312 3313 2
3313 3383 -2
3313 3314 2
3314 3384 -2
3314 3315 2
3315 3385 -2
3315 3316 -2
3316 3386 -2
3316 3317 2
3317 3387 2
3317 3318 2
3318 3388 -2
3318 3319 2
3319 3389 2
3319 3320 2
3320 3390 -2
3320 3321 -2
3321 3391 2
3321 3322 -2
3322 3392 2
3322 3323 -2
3323 3393 -2
3323 3324 2
3324 3394 -2
3324 3325 -2
3325 3395 -2
3325 3326 2
3326 3396 -2
3326 3327 2
3327 3397 2
3327 3328 2
3328 3398 2
3328 3329 -2
3329 3399 -2
3329 3330 2
3330 3400 -2
3330 3331 2
3331 3401 -2
3331 3332 2
3332 3402 -2
3332 3333 -2
3333 3403 -2
3333 3334 2
3334 3404 -2
3334 3335 -2
3335 3405 -2
3335 3336 2
3336 3406 -2
3336 3337 2
3337 3407 -2
3337 3338 -2
3338 3408 2
3338 3339 2
3339 3409 2
3339 3340 -2
3340 3410 -2
3340 3341 -2
3341 3411 -2
3341 3342 2
3342 3412 2
3342 3343 -2
3343 3413 2
3343 3344 2
3344 3414 2
3344 3345 2
3345 3415 2
3345 3346 2
3346 3416 -2
3346 3347 2
3347 3417 -2
3347 3348 2
3348 3418 2
3348 3349 2
3349 3419 -2
3349 3350 -2
3350 3420 2
3350 3351 2
3351 3421 -2
3351 3352 -2
3352 3422 -2
3352 3353 -2
3353 3423 -2
3353 3354 2
3354 3424 -2
3354 3355 2
3355 3425 2
3355 3356 2
3356 3426 -2
3356 3357 2
3357 3427 -2
3357 3358 -2
3358 3428 -2
3358 3359 -2
3359 3429 2
3360 3430 2
3360 3429 2
3360 3361 -2
3361 3431 -2
3361 3362 2
3362 3432 2
3362 3363 2
3363 3433 2
3363 3364 -2
3364 3434 -2
3364 3365 -2
3365 3435 2
3365 3366 2
3366 3436 2
3366 3367 -2
3367 3437 -2
3367 3368 -2
3368 3438 -2
3368 3369 2
3369 3439 2
3369 3370 -2
3370 3440 2
3370 3371 -2
3371 3441 -2
3371 3372 2
3372 3442 2
3372 3373 -2
3373 3443 2
3373 3374 2
3374 3444 -2
3374 3375 -2
3375 3445 2
3375 3376 -2
3376 3446 2
3376 3377 2
3377 3447 -2
3377 3378 2
3378 3448 -2
3378 3379 -2
3379 3449 2
3379 3380 2
3380 3450 -2
3380 3381 2
3381 3451 2
3381 3382 -2
3382 3452 2
3382 3383 2
3383 3453 2
3383 3384 -2
3384 3454 -2
3384 3385 -2
3385 3455 -2
3385 3386 -2
3386 3456 2
3386 3387 -2
3387 3457 -2
3387 3388 2
3388 3458 -2
3388 3389 2
3389 3459 -2
3389 3390 -2
3390 3460 2
3390 3391 -2
3391 3461 2
3391 3392 2
3392 3462 -2
3392 3393 2
3393 3463 -2
3393 3394 -2
3394 3464 -2
3394 3395 -2
3395 3465 -2
3395 3396 -2
3396 3466 2
3396 3397 -2
3397 3467 -2
3397 3398 -2
3398 3468 2
3398 3399 2
3399 3469 2
3399 3400 -2
3400 3470 -2
3400 3401 2
3401 3471 2
3401 3402 2
3402 3472 -2
3402 3403 -2
3403 3473 2
3403 3404 2
3404 3474 2
3404 3405 2
3405 3475 2
3405 3406 2
3406 3476 2
3406 3407 -2
3407 3477 2
3407 3408 2
3408 3478 -2
3408 3409 -2
3409 3479 -2
3409 3410 2
3410 3480 -2
3410 3411 -2
3411 3481 -2
3411 3412 -2
3412 3482 2
3412 3413 -2
3413 3483 2
3413 3414 2
3414 3484 -2
3414 3415 2
3415 3485 2
3415 3416 -2
3416 3486 -2
3416 3417 2
3417 3487 -2
3417 3418 2
3418 3488 2
3418 3419 2
3419 3489 -2
3419 3420 2
3420 3490 2
3420 3421 2
3421 3491 -2
3421 3422 -2
3422 3492 2
3422 3423 2
3423 3493 -2
3423 3424 -2
3424 3494 2
3424 3425 -2
3425 3495 2
3425 3426 -2
3426 3496 -2
3426 3427 2
3427 3497 -2
3427 3428 -2
3428 3498 2
3428 3429 2
3429 3499 -2
3430 3500 -2
3430 3499 -2
3430 3431 -2
3431 3501 -2
3431 3432 -2
3432 3502 -2
3432 3433 -2
3433 3503 -2
3433 3434 -2
3434 3504 -2
3434 3435 -2
3435 3505 2
3435 3436 -2
3436 3506 -2
3436 3437 2
3437 3507 -2
3437 3438 2
3438 3508 -2
3438 3439 2
3439 3509 -2
3439 3440 -2
3440 3510 -2
3440 3441 2
3441 3511 2
3441 3442 -2
3442 3512 -2
3442 3443 2
3443 3513 2
3443 3444 2
3444 3514 2
3444 3445 2
3445 3515 2
3445 3446 2
3446 3516 -2
3446 3447 2
3447 3517 -2
3447 3448 -2
3448 3518 -2
3448 3449 2
3449 3519 2
3449 3450 2
3450 3520 -2
3450 3451 2
3451 3521 -2
3451 3452 2
3452 3522 -2
3452 3453 -2
3453 3523 -2
3453 3454 -2
3454 3524 2
3454 3455 -2
3455 3525 2
3455 3456 2
3456 3526 -2
3456 3457 -2
3457 3527 -2
3457 3458 -2
3458 3528 2
3458 3459 -2
3459 3529 -2
3459 3460 -2
3460 3530 2
3460 3461 2
3461 3531 2
3461 3462 -2
3462 3532 2
3462 3463 2
3463 3533 -2
3463 3464 -2
3464 3534 -2
3464 3465 2
3465 3535 -2
3465 3466 -2
3466 3536 2
3466 3467 -2
3467 3537 2
3467 3468 2
3468 3538 2
3468 3469 -2
3469 3539 -2
3469 3470 -2
3470 3540 2
3470 3471 -2
3471 3541 -2
3471 3472 -2
3472 3542 2
3472 3473 2
3473 3543 2
3473 3474 -2
3474 3544 2
3474 3475 -2
3475 3545 -2
3475 3476 -2
3476 3546 2
3476 3477 2
3477 3547 2
3477 3478 -2
3478 3548 -2
3478 3479 -2
3479 3549 2
3479 3480 2
3480 3550 -2
3480 3481 2
3481 3551 -2
3481 3482 -2
3482 3552 -2
3482 3483 2
3483 3553 2
3483 3484 2
3484 3554 2
3484 3485 -2
3485 3555 2
3485 3486 -2
3486 3556 -2
3486 3487 -2
3487 3557 -2
3487 3488 -2
3488 3558 -2
3488 3489 -2
3489 3559 2
3489 3490 -2
3490 3560 2
3490 3491 -2
3491 3561 2
3491 3492 -2
3492 3562 2
3492 3493 2
3493 3563 2
3493 3494 -2
3494 3564 -2
3494 3495 -2
3495 3565 -2
3495 3496 -2
3496 3566 2
3496 3497 -2
3497 3567 2
3497 3498 2
3498 3568 -2
3498 3499 -2
3499 3569 -2
3500 3570 2
3500 3569 2
3500 3501 2
3501 3571 2
3501 3502 2
3502 3572 -2
3502 3503 -2
3503 3573 2
3503 3504 -2
3504 3574 -2
3504 3505 2
3505 3575 2
3505 3506 2
3506 3576 -2
3506 3507 2
3507 3577 2
3507 3508 2
3508 3578 2
3508 3509 -2
3509 3579 2
3509 3510 -2
3510 3580 -2
3510 3511 -2
3511 3581 -2
3511 3512 -2
3512 3582 2
3512 3513 2
3513 3583 2
3513 3514 -2
3514 3584 -2
3514 3515 -2
3515 3585 -2
3515 3516 2
3516 3586 -2
3516 3517 -2
3517 3587 2
3517 3518 2
3518 3588 -2
3518 3519 -2
3519 3589 -2
3519 3520 2
3520 3590 2
3520 3521 -2
3521 3591 -2
3521 3522 -2
3522 3592 -2
3522 3523 2
3523 3593 -2
3523 3524 2
3524 3594 2
3524 3525 -2
3525 3595 2
3525 3526 -2
3526 3596 -2
3526 3527 -2
3527 3597 -2
3527 3528 2
3528 3598 -2
3528 3529 2
3529 3599 2
3529 3530 -2
3530 3600 -2
3530 3531 2
3531 3601 -2
3531 3532 -2
3532 3602 -2
3532 3533 2
3533 3603 -2
3533 3534 -2
3534 3604 -2
3534 3535 2
3535 3605 -2
3535 3536 -2
3536 3606 2
3536 3537 2
3537 3607 -2
3537 3538 -2
3538 3608 -2
3538 3539 -2
3539 3609 -2
3539 3540 2
3540 3610 -2
3540 3541 -2
3541 3611 -2
3541 3542 2
3542 3612 -2
3542 3543 -2
3543 3613 2
3543 3544 2
3544 3614 -2
3544 3545 -2
3545 3615 2
3545 3546 -2
3546 3616 2
3546 3547 2
3547 3617 2
3547 3548 2
3548 3618 -2
3548 3549 2
3549 3619 -2
3549 3550 -2
3550 3620 -2
3550 3551 2
3551 3621 -2
3551 3552 -2
3552 3622 2
3552 3553 2
3553 3623 -2
3553 3554 2
3554 3624 -2
3554 3555 -2
3555 3625 -2
3555 3556 2
3556 3626 -2
3556 3557 2
3557 3627 -2
3557 3558 -2
3558 3628 2
3558 3559 2
3559 3629 -2
3559 3560 -2
3560 3630 -2
3560 3561 2
3561 3631 -2
3561 3562 -2
3562 3632 2
3562 3563 2
3563 3633 2
3563 3564 2
3564 3634 2
3564 3565 -2
3565 3635 -2
3565 3566 2
3566 3636 -2
3566 3567 -2
3567 3637 -2
3567 3568 2
3568 3638 2
3568 3569 -2
3569 3639 2
3570 3640 2
3570 3639 -2
3570 3571 -2
3571 3641 -2
3571 3572 -2
3572 3642 2
3572 3573 -2
3573 3643 -2
3573 3574 -2
3574 3644 2
3574 3575 -2
3575 3645 2
3575 3576 -2
3576 3646 2
3576 3577 -2
3577 3647 2
3577 3578 -2
3578 3648 2
3578 3579 -2
3579 3649 2
3579 3580 2
3580 3650 2
3580 3581 -2
3581 3651 -2
3581 3582 2
3582 3652 -2
3582 3583 2
3583 3653 2
3583 3584 -2
3584 3654 2
3584 3585 2
3585 3655 -2
3585 3586 2
3586 3656 -2
3586 3587 2
3587 3657 -2
3587 3588 -2
3588 3658 -2
3588 3589 -2
3589 3659 2
3589 3590 -2
3590 3660 -2
3590 3591 -2
3591 3661 2
3591 3592 -2
3592 3662 -2
3592 3593 -2
3593 3663 2
3593 3594 2
3594 3664 2
3594 3595 -2
3595 3665 2
3595 3596 -2
3596 3666 2
3596 3597 -2
3597 3667 -2
3597 3598 -2
3598 3668 2
3598 3599 -2
3599 3669 2
3599 3600 -2
3600 3670 -2
3600 3601 2
3601 3671 2
3601 3602 2
3602 3672 2
3602 3603 2
3603 3673 2
3603 3604 2
3604 3674 -2
3604 3605 -2
3605 3675 2
3605 3606 2
3606 3676 2
3606 3607 -2
3607 3677 -2
3607 3608 2
3608 3678 2
3608 3609 2
3609 3679 2
3609 3610 -2
3610 3680 2
3610 3611 -2
3611 3681 2
3611 3612 2
3612 3682 -2
3612 3613 2
3613 3683 2
3613 3614 -2
3614 3684 2
3614 3615 -2
3615 3685 2
3615 3616 -2
3616 3686 -2
3616 3617 2
3617 3687 2
3617 3618 -2
3618 3688 2
3618 3619 2
3619 3689 2
3619 3620 -2
3620 3690 2
3620 3621 2
3621 3691 -2
3621 3622 -2
3622 3692 -2
3622 3623 2
3623 3693 2
3623 3624 2
3624 3694 2
3624 3625 -2
3625 3695 2
3625 3626 -2
3626 3696 2
3626 3627 -2
3627 3697 -2
3627 3628 -2
3628 3698 -2
3628 3629 -2
3629 3699 -2
3629 3630 -2
3630 3700 -2
3630 3631 -2
3631 3701 2
3631 3632 2
3632 3702 -2
3632 3633 2
3633 3703 -2
3633 3634 2
3634 3704 -2
3634 3635 -2
3635 3705 2
3635 3636 -2
3636 3706 2
3636 3637 -2
3637 3707 2
3637 3638 2
3638 3708 2
3638 3639 2
3639 3709 -2
3640 3710 -2
3640 3709 2
3640 3641 2
3641 3711 2
3641 3642 2
3642 3712 2
3642 3643 2
3643 3713 -2
3643 3644 2
3644 3714 -2
3644 3645 -2
3645 3715 2
3645 3646 -2
3646 3716 -2
3646 3647 -2
3647 3717 -2
3647 3648 2
3648 3718 -2
3648 3649 2
3649 3719 2
3649 3650 -2
3650 3720 -2
3650 3651 2
3651 3721 -2
3651 3652 2
3652 3722 2
3652 3653 -2
3653 3723 2
3653 3654 2
3654 3724 -2
3654 3655 2
3655 3725 2
3655 3656 2
3656 3726 -2
3656 3657 2
3657 3727 -2
3657 3658 2
3658 3728 2
3658 3659 2
3659 3729 -2
3659 3660 -2
3660 3730 2
3660 3661 2
3661 3731 2
3661 3662 -2
3662 3732 2
3662 3663 -2
3663 3733 2
3663 3664 -2
3664 3734 2
3664 3665 2
3665 3735 2
3665 3666 -2
3666 3736 -2
3666 3667 2
3667 3737 2
3667 3668 2
3668 3738 -2
3668 3669 2
3669 3739 -2
3669 3670 2
3670 3740 2
3670 3671 -2
3671 3741 2
3671 3672 -2
3672 3742 -2
3672 3673 2
3673 3743 -2
3673 3674 -2
3674 3744 2
3674 3675 2
3675 3745 2
3675 3676 2
3676 3746 2
3676 3677 2
3677 3747 2
3677 3678 2
3678 3748 -2
3678 3679 -2
3679 3749 2
3679 3680 -2
3680 3750 -2
3680 3681 -2
3681 3751 2
3681 3682 2
3682 3752 -2
3682 3683 2
3683 3753 2
3683 3684 -2
3684 3754 2
3684 3685 2
3685 3755 -2
3685 3686 2
3686 3756 -2
3686 3687 -2
3687 3757 -2
3687 3688 -2
3688 3758 -2
3688 3689 -2
3689 3759 2
3689 3690 2
3690 3760 2
3690 3691 -2
3691 3761 -2
3691 3692 2
3692 3762 -2
3692 3693 2
3693 3763 -2
3693 3694 2
3694 3764 2
3694 3695 -2
3695 3765 -2
3695 3696 -2
3696 3766 -2
3696 3697 2
3697 3767 2
3697 3698 -2
3698 3768 2
3698 3699 -2
3699 3769 -2
3699 3700 2
3700 3770 2
3700 3701 2
3701 3771 2
3701 3702 -2
3702 3772 2
3702 3703 2
3703 3773 -2
3703 3704 -2
3704 3774 -2
3704 3705 -2
3705 3775 -2
3705 3706 -2
3706 3776 2
3706 3707 2
3707 3777 2
3707 3708 2
3708 3778 -2
3708 3709 -2
3709 3779 -2
3710 3780 2
3710 3779 -2
3710 3711 2
3711 3781 -2
3711 3712 2
3712 3782 2
3712 3713 -2
3713 3783 2
3713 3714 -2
3714 3784 2
3714 3715 -2
3715 3785 -2
3715 3716 -2
3716 3786 2
3716 3717 2
3717 3787 2
3717 3718 -2
3718 3788 2
3718 3719 -2
3719 3789 2
3719 3720 2
3720 3790 -2
3720 3721 2
3721 3791 2
3721 3722 2
3722 3792 2
3722 3723 -2
3723 3793 -2
3723 3724 -2
3724 3794 -2
3724 3725 -2
3725 3795 -2
3725 3726 -2
3726 3796 2
3726 3727 -2
3727 3797 -2
3727 3728 -2
3728 3798 2
3728 3729 -2
3729 3799 -2
3729 3730 2
3730 3800 2
3730 3731 -2
3731 3801 -2
3731 3732 -2
3732 3802 -2
3732 3733 2
3733 3803 -2
3733 3734 2
3734 3804 2
3734 3735 -2
3735 3805 -2
3735 3736 -2
3736 3806 2
3736 3737 2
3737 3807 2
3737 3738 -2
3738 3808 -2
3738 3739 2
3739 3809 2
3739 3740 2
3740 3810 -2
3740 3741 -2
3741 3811 -2
3741 3742 2
3742 3812 -2
3742 3743 2
3743 3813 2
3743 3744 -2
3744 3814 -2
3744 3745 2
3745 3815 -2
3745 3746 -2
3746 3816 -2
3746 3747 2
3747 3817 2
3747 3748 -2
3748 3818 2
3748 3749 2
3749 3819 -2
3749 3750 -2
3750 3820 2
3750 3751 2
3751 3821 -2
3751 3752 -2
3752 3822 -2
3752 3753 2
3753 3823 -2
3753 3754 -2
3754 3824 -2
3754 3755 2
3755 3825 2
3755 3756 2
3756 3826 2
3756 3757 -2
3757 3827 -2
3757 3758 2
3758 3828 -2
3758 3759 -2
3759 3829 2
3759 3760 2
3760 3830 -2
3760 3761 2
3761 3831 -2
3761 3762 -2
3762 3832 -2
3762 3763 2
3763 3833 -2
3763 3764 2
3764 3834 -2
3764 3765 -2
3765 3835 2
3765 3766 2
3766 3836 -2
3766 3767 2
3767 3837 -2
3767 3768 2
3768 3838 -2
3768 3769 -2
3769 3839 2
3769 3770 2
3770 3840 2
3770 3771 2
3771 3841 2
3771 3772 2
3772 3842 2
3772 3773 2
3773 3843 2
3773 3774 2
3774 3844 -2
3774 3775 2
3775 3845 -2
3775 3776 -2
3776 3846 2
3776 3777 2
3777 3847 2
3777 3778 2
3778 3848 2
3778 3779 -2
3779 3849 2
3780 3850 2
3780 3849 -2
3780 3781 -2
3781 3851 -2
3781 3782 2
3782 3852 -2
3782 3783 -2
3783 3853 2
3783 3784 2
3784 3854 -2
3784 3785 2
3785 3855 2
3785 3786 2
3786 3856 2
3786 3787 -2
3787 3857 2
3787 3788 2
3788 3858 -2
3788 3789 2
3789 3859 2
3789 3790 -2
3790 3860 2
3790 3791 2
3791 3861 2
3791 3792 -2
3792 3862 2
3792 3793 -2
3793 3863 -2
3793 3794 -2
3794 3864 2
3794 3795 -2
3795 3865 -2
3795 3796 -2
3796 3866 2
3796 3797 -2
3797 3867 -2
3797 3798 -2
3798 3868 2
3798 3799 2
3799 3869 -2
3799 3800 2
3800 3870 2
3800 3801 2
3801 3871 2
3801 3802 -2
3802 3872 -2
3802 3803 2
3803 3873 -2
3803 3804 -2
3804 3874 2
3804 3805 2
3805 3875 2
3805 3806 -2
3806 3876 -2
3806 3807 -2
3807 3877 2
3807 3808 -2
3808 3878 2
3808 3809 2
3809 3879 2
3809 3810 2
3810 3880 -2
3810 3811 -2
3811 3881 2
3811 3812 -2
3812 3882 -2
3812 3813 -2
3813 3883 -2
3813 3814 -2
3814 3884 2
3814 3815 -2
3815 3885 2
3815 3816 2
3816 3886 -2
3816 3817 -2
3817 3887 2
3817 3818 2
3818 3888 2
3818 3819 -2
3819 3889 -2
3819 3820 2
3820 3890 -2
3820 3821 2
3821 3891 2
3821 3822 -2
3822 3892 2
3822 3823 2
3823 3893 2
3823 3824 -2
3824 3894 2
3824 3825 2
3825 3895 -2
3825 3826 2
3826 3896 2
3826 3827 2
3827 3897 -2
3827 3828 2
3828 3898 2
3828 3829 2
3829 3899 2
3829 3830 -2
3830 3900 -2
3830 3831 2
3831 3901 -2
3831 3832 -2
3832 3902 -2
3832 3833 2
3833 3903 2
3833 3834 2
3834 3904 2
3834 3835 2
3835 3905 2
3835 3836 2
3836 3906 2
3836 3837 2
3837 3907 -2
3837 3838 -2
3838 3908 -2
3838 3839 2
3839 3909 2
3839 3840 -2
3840 3910 -2
3840 3841 -2
3841 3911 2
3841 3842 2
3842 3912 2
3842 3843 -2
3843 3913 2
3843 3844 -2
3844 3914 2
3844 3845 -2
3845 3915 -2
3845 3846 2
3846 3916 -2
3846 3847 2
3847 3917 2
3847 3848 -2
3848 3918 2
3848 3849 2
3849 3919 -2
3850 3920 -2
3850 3919 -2
3850 3851 2
3851 3921 2
3851 3852 2
3852 3922 2
3852 3853 -2
3853 3923 -2
3853 3854 -2
3854 3924 2
3854 3855 2
3855 3925 -2
3855 3856 -2
3856 3926 2
3856 3857 2
3857 3927 2
3857 3858 -2
3858 3928 -2
3858 3859 2
3859 3929 -2
3859 3860 -2
3860 3930 -2
3860 3861 -2
3861 3931 -2
3861 3862 2
3862 3932 2
3862 3863 -2
3863 3933 2
3863 3864 -2
3864 3934 -2
3864 3865 -2
3865 3935 2
3865 3866 2
3866 3936 -2
3866 3867 2
3867 3937 2
3867 3868 2
3868 3938 -2
3868 3869 -2
3869 3939 -2
3869 3870 2
3870 3940 2
3870 3871 2
3871 3941 -2
3871 3872 -2
3872 3942 2
3872 3873 -2
3873 3943 -2
3873 3874 -2
3874 3944 2
3874 3875 2
3875 3945 2
3875 3876 2
3876 3946 2
3876 3877 2
3877 3947 2
3877 3878 -2
3878 3948 -2
3878 3879 -2
3879 3949 -2
3879 3880 -2
3880 3950 -2
3880 3881 2
3881 3951 2
3881 3882 -2
3882 3952 2
3882 3883 -2
3883 3953 -2
3883 3884 2
3884 3954 2
3884 3885 -2
3885 3955 2
3885 3886 -2
3886 3956 -2
3886 3887 -2
3887 3957 2
3887 3888 -2
3888 3958 -2
3888 3889 2
3889 3959 2
3889 3890 -2
3890 3960 2
3890 3891 2
3891 3961 2
3891 3892 2
3892 3962 -2
3892 3893 2
3893 3963 2
3893 3894 2
3894 3964 -2
3894 3895 -2
3895 3965 -2
3895 3896 -2
3896 3966 -2
3896 3897 -2
3897 3967 -2
3897 3898 -2
3898 3968 2
3898 3899 -2
3899 3969 2
3899 3900 2
3900 3970 -2
3900 3901 -2
3901 3971 2
3901 3902 -2
3902 3972 2
3902 3903 -2
3903 3973 -2
3903 3904 2
3904 3974 -2
3904 3905 -2
3905 3975 2
3905 3906 -2
3906 3976 -2
3906 3907 -2
3907 3977 -2
3907 3908 2
3908 3978 2
3908 3909 -2
3909 3979 2
3909 3910 2
3910 3980 -2
3910 3911 -2
3911 3981 2
3911 3912 -2
3912 3982 -2
3912 3913 -2
3913 3983 2
3913 3914 2
3914 3984 -2
3914 3915 2
3915 3985 2
3915 3916 -2
3916 3986 2
3916 3917 2
3917 3987 2
3917 3918 -2
3918 3988 -2
3918 3919 -2
3919 3989 -2
3920 3990 2
3920 3989 -2
3920 3921 2
3921 3991 2
3921 3922 -2
3922 3992 -2
3922 3923 -2
3923 3993 -2
3923 3924 2
3924 3994 -2
3924 3925 -2
3925 3995 2
3925 3926 2
3926 3996 -2
3926 3927 2
3927 3997 2
3927 3928 -2
3928 3998 -2
3928 3929 -2
3929 3999 -2
3929 3930 2
3930 4000 -2
3930 3931 -2
3931 4001 2
3931 3932 2
3932 4002 -2
3932 3933 -2
3933 4003 2
3933 3934 -2
3934 4004 -2
3934 3935 2
3935 4005 -2
3935 3936 2
3936 4006 -2
3936 3937 -2
3937 4007 2
3937 3938 -2
3938 4008 -2
3938 3939 -2
3939 4009 -2
3939 3940 -2
3940 4010 -2
3940 3941 2
3941 4011 -2
3941 3942 -2
3942 4012 -2
3942 3943 -2
3943 4013 -2
3943 3944 2
3944 4014 -2
3944 3945 2
3945 4015 2
3945 3946 -2
3946 4016 -2
3946 3947 2
3947 4017 2
3947 3948 -2
3948 4018 -2
3948 3949 2
3949 4019 -2
3949 3950 -2
3950 4020 -2
3950 3951 2
3951 4021 -2
3951 3952 -2
3952 4022 -2
3952 3953 -2
3953 4023 2
3953 3954 2
3954 4024 -2
3954 3955 -2
3955 4025 -2
3955 3956 -2
3956 4026 -2
3956 3957 2
3957 4027 2
3957 3958 2
3958 4028 2
3958 3959 2
3959 4029 -2
3959 3960 -2
3960 4030 2
3960 3961 2
3961 4031 -2
3961 3962 -2
3962 4032 2
3962 3963 -2
3963 4033 2
3963 3964 -2
3964 4034 -2
3964 3965 2
3965 4035 -2
3965 3966 2
3966 4036 2
3966 3967 2
3967 4037 -2
3967 3968 -2
3968 4038 -2
3968 3969 2
3969 4039 -2
3969 3970 2
3970 4040 2
3970 3971 -2
3971 4041 2
3971 3972 -2
3972 4042 2
3972 3973 -2
3973 4043 -2
3973 3974 -2
3974 4044 -2
3974 3975 -2
3975 4045 -2
3975 3976 -2
3976 4046 -2
3976 3977 -2
3977 4047 -2
3977 3978 2
3978 4048 2
3978 3979 2
3979 4049 2
3979 3980 2
3980 4050 2
3980 3981 2
3981 4051 -2
3981 3982 -2
3982 4052 2
3982 3983 -2
3983 4053 -2
3983 3984 -2
3984 4054 2
3984 3985 -2
3985 4055 -2
3985 3986 -2
3986 4056 2
3986 3987 2
3987 4057 -2
3987 3988 2
3988 4058 -2
3988 3989 2
3989 4059 2
3990 4060 -2
3990 4059 -2
3990 3991 2
3991 4061 2
3991 3992 2
3992 4062 2
3992 3993 -2
3993 4063 2
3993 3994 -2
3994 4064 2
3994 3995 -2
3995 4065 -2
3995 3996 -2
3996 4066 -2
3996 3997 2
3997 4067 2
3997 3998 2
3998 4068 -2
3998 3999 2
3999 4069 -2
3999 4000 -2
4000 4070 2
4000 4001 2
4001 4071 2
4001 4002 2
4002 4072 -2
4002 4003 -2
4003 4073 2
4003 4004 2
4004 4074 -2
4004 4005 -2
4005 4075 -2
4005 4006 2
4006 4076 -2
4006 4007 -2
4007 4077 2
4007 4008 2
4008 4078 -2
4008 4009 2
4009 4079 2
4009 4010 2
4010 4080 2
4010 4011 2
4011 4081 2
4011 4012 -2
4012 4082 2
4012 4013 2
4013 4083 -2
4013 4014 2
4014 4084 -2
4014 4015 -2
4015 4085 -2
4015 4016 2
4016 4086 -2
4016 4017 -2
4017 4087 -2
4017 4018 2
4018 4088 2
4018 4019 2
4019 4089 -2
4019 4020 -2
4020 4090 2
4020 4021 2
4021 4091 2
4021 4022 -2
4022 4092 2
4022 4023 2
4023 4093 2
4023 4024 2
4024 4094 2
4024 4025 2
4025 4095 -2
4025 4026 -2
4026 4096 2
4026 4027 -2
4027 4097 2
4027 4028 2
4028 4098 2
4028 4029 2
4029 4099 -2
4029 4030 2
4030 4100 -2
4030 4031 -2
4031 4101 2
4031 4032 2
4032 4102 2
4032 4033 -2
4033 4103 2
4033 4034 2
4034 4104 2
4034 4035 2
4035 4105 -2
4035 4036 -2
4036 4106 -2
4036 4037 -2
4037 4107 2
4037 4038 -2
4038 4108 2
4038 4039 2
4039 4109 2
4039 4040 2
4040 4110 2
4040 4041 2
4041 4111 -2
4041 4042 -2
4042 4112 2
4042 4043 2
4043 4113 2
4043 4044 -2
4044 4114 2
4044 4045 2
4045 4115 -2
4045 4046 2
4046 4116 2
4046 4047 -2
4047 4117 2
4047 4048 -2
4048 4118 2
4048 4049 2
4049 4119 -2
4049 4050 2
4050 4120 -2
4050 4051 -2
4051 4121 2
4051 4052 -2
4052 4122 -2
4052 4053 2
4053 4123 2
4053 4054 -2
4054 4124 2
4054 4055 2
4055 4125 -2
4055 4056 -2
4056 4126 2
4056 4057 2
4057 4127 2
4057 4058 -2
4058 4128 -2
4058 4059 -2
4059 4129 2
4060 4130 2
4060 4129 -2
4060 4061 -2
4061 4131 -2
4061 4062 2
4062 4132 -2
4062 4063 -2
4063 4133 -2
4063 4064 -2
4064 4134 2
4064 4065 -2
4065 4135 -2
4065 4066 -2
4066 4136 2
4066 4067 -2
4067 4137 2
4067 4068 2
4068 4138 2
4068 4069 2
4069 4139 2
4069 4070 2
4070 4140 2
4070 4071 -2
4071 4141 2
4071 4072 2
4072 4142 -2
4072 4073 2
4073 4143 -2
4073 4074 -2
4074 4144 2
4074 4075 -2
4075 4145 -2
4075 4076 -2
4076 4146 2
4076 4077 2
4077 4147 -2
4077 4078 2
4078 4148 -2
4078 4079 2
4079 4149 -2
4079 4080 -2
4080 4150 -2
4080 4081 2
4081 4151 2
4081 4082 -2
4082 4152 -2
4082 4083 2
4083 4153 2
4083 4084 -2
4084 4154 2
4084 4085 2
4085 4155 2
4085 4086 2
4086 4156 2
4086 4087 2
4087 4157 -2
4087 4088 2
4088 4158 -2
4088 4089 2
4089 4159 2
4089 4090 -2
4090 4160 -2
4090 4091 2
4091 4161 2
4091 4092 2
4092 4162 -2
4092 4093 2
4093 4163 2
4093 4094 2
4094 4164 2
4094 4095 2
4095 4165 -2
4095 4096 2
4096 4166 -2
4096 4097 -2
4097 4167 -2
4097 4098 2
4098 4168 -2
4098 4099 2
4099 4169 -2
4099 4100 -2
4100 4170 2
4100 4101 -2
4101 4171 -2
4101 4102 -2
4102 4172 -2
4102 4103 2
4103 4173 2
4103 4104 -2
4104 4174 -2
4104 4105 2
4105 4175 2
4105 4106 -2
4106 4176 2
4106 4107 -2
4107 4177 2
4107 4108 -2
4108 4178 2
4108 4109 2
4109 4179 2
4109 4110 -2
4110 4180 -2
4110 4111 -2
4111 4181 2
4111 4112 -2
4112 4182 -2
4112 4113 -2
4113 4183 -2
4113 4114 2
4114 4184 -2
4114 4115 2
4115 4185 2
4115 4116 2
4116 4186 2
4116 4117 -2
4117 4187 2
4117 4118 2
4118 4188 2
4118 4119 2
4119 4189 2
4119 4120 2
4120 4190 2
4120 4121 -2
4121 4191 2
4121 4122 2
4122 4192 -2
4122 4123 -2
4123 4193 2
4123 4124 -2
4124 4194 -2
4124 4125 -2
4125 4195 -2
4125 4126 2
4126 4196 2
4126 4127 -2
4127 4197 -2
4127 4128 2
4128 4198 -2
4128 4129 2
4129 4199 2
4130 4200 2
4130 4199 -2
4130 4131 -2
4131 4201 -2
4131 4132 2
4132 4202 -2
4132 4133 2
4133 4203 -2
4133 4134 -2
4134 4204 2
4134 4135 -2
4135 4205 -2
4135 4136 -2
4136 4206 -2
4136 4137 -2
4137 4207 2
4137 4138 2
4138 4208 -2
4138 4139 -2
4139 4209 -2
4139 4140 -2
4140 4210 -2
4140 4141 2
4141 4211 2
4141 4142 2
4142 4212 2
4142 4143 2
4143 4213 -2
4143 4144 2
4144 4214 -2
4144 4145 -2
4145 4215 -2
4145 4146 -2
4146 4216 -2
4146 4147 -2
4147 4217 2
4147 4148 2
4148 4218 -2
4148 4149 -2
4149 4219 -2
4149 4150 -2
4150 4220 2
4150 4151 -2
4151 4221 2
4151 4152 -2
4152 4222 2
4152 4153 -2
4153 4223 -2
4153 4154 2
4154 4224 2
4154 4155 -2
4155 4225 2
4155 4156 -2
4156 4226 -2
4156 4157 2
4157 4227 2
4157 4158 2
4158 4228 2
4158 4159 2
4159 4229 -2
4159 4160 -2
4160 4230 -2
4160 4161 2
4161 4231 2
4161 4162 -2
4162 4232 2
4162 4163 2
4163 4233 2
4163 4164 -2
4164 4234 2
4164 4165 -2
4165 4235 2
4165 4166 -2
4166 4236 2
4166 4167 -2
4167 4237 -2
4167 4168 -2
4168 4238 2
4168 4169 -2
4169 4239 -2
4169 4170 2
4170 4240 2
4170 4171 2
4171 4241 2
4171 4172 2
4172 4242 2
4172 4173 -2
4173 4243 2
4173 4174 -2
4174 4244 2
4174 4175 -2
4175 4245 2
4175 4176 -2
4176 4246 2
4176 4177 2
4177 4247 -2
4177 4178 -2
4178 4248 -2
4178 4179 2
4179 4249 -2
4179 4180 -2
4180 4250 -2
4180 4181 2
4181 4251 -2
4181 4182 -2
4182 4252 2
4182 4183 2
4183 4253 2
4183 4184 2
4184 4254 2
4184 4185 -2
4185 4255 2
4185 4186 -2
4186 4256 2
4186 4187 2
4187 4257 -2
4187 4188 -2
4188 4258 2
4188 4189 2
4189 4259 -2
4189 4190 2
4190 4260 -2
4190 4191 -2
4191 4261 -2
4191 4192 2
4192 4262 -2
4192 4193 2
4193 4263 2
4193 4194 2
4194 4264 2
4194 4195 -2
4195 4265 2
4195 4196 2
4196 4266 -2
4196 4197 2
4197 4267 -2
4197 4198 2
4198 4268 -2
4198 4199 2
4199 4269 2
4200 4270 2
4200 4269 2
4200 4201 -2
4201 4271 -2
4201 4202 2
4202 4272 2
4202 4203 -2
4203 4273 2
4203 4204 -2
4204 4274 2
4204 4205 -2
4205 4275 -2
4205 4206 -2
4206 4276 -2
4206 4207 -2
4207 4277 -2
4207 4208 2
4208 4278 -2
4208 4209 2
4209 4279 2
4209 4210 2
4210 4280 2
4210 4211 -2
4211 4281 -2
4211 4212 -2
4212 4282 2
4212 4213 2
4213 4283 -2
4213 4214 -2
4214 4284 2
4214 4215 2
4215 4285 2
4215 4216 2
4216 4286 -2
4216 4217 -2
4217 4287 -2
4217 4218 -2
4218 4288 2
4218 4219 -2
4219 4289 -2
4219 4220 2
4220 4290 2
4220 4221 2
4221 4291 2
4221 4222 -2
4222 4292 -2
4222 4223 2
4223 4293 2
4223 4224 2
4224 4294 2
4224 4225 -2
4225 4295 -2
4225 4226 2
4226 4296 -2
4226 4227 2
4227 4297 -2
4227 4228 -2
4228 4298 -2
4228 4229 2
4229 4299 2
4229 4230 -2
4230 4300 -2
4230 4231 2
4231 4301 -2
4231 4232 2
4232 4302 -2
4232 4233 2
4233 4303 2
4233 4234 2
4234 4304 2
4234 4235 -2
4235 4305 2
4235 4236 2
4236 4306 -2
4236 4237 -2
4237 4307 2
4237 4238 2
4238 4308 2
4238 4239 -2
4239 4309 2
4239 4240 2
4240 4310 -2
4240 4241 2
4241 4311 -2
4241 4242 2
4242 4312 -2
4242 4243 -2
4243 4313 -2
4243 4244 -2
4244 4314 -2
4244 4245 2
4245 4315 2
4245 4246 2
4246 4316 2
4246 4247 -2
4247 4317 -2
4247 4248 2
4248 4318 2
4248 4249 2
4249 4319 -2
4249 4250 -2
4250 4320 2
4250 4251 -2
4251 4321 2
4251 4252 -2
4252 4322 2
4252 4253 2
4253 4323 -2
4253 4254 -2
4254 4324 -2
4254 4255 2
4255 4325 2
4255 4256 2
4256 4326 -2
4256 4257 -2
4257 4327 -2
4257 4258 2
4258 4328 2
4258 4259 -2
4259 4329 2
4259 4260 2
4260 4330 2
4260 4261 -2
4261 4331 -2
4261 4262 2
4262 4332 -2
4262 4263 -2
4263 4333 -2
4263 4264 -2
4264 4334 -2
4264 4265 -2
4265 4335 -2
4265 4266 -2
4266 4336 2
4266 4267 2
4267 4337 2
4267 4268 2
4268 4338 2
4268 4269 2
4269 4339 -2
4270 4340 2
4270 4339 -2
4270 4271 -2
4271 4341 -2
4271 4272 2
4272 4342 -2
4272 4273 2
4273 4343 2
4273 4274 -2
4274 4344 -2
4274 4275 2
4275 4345 2
4275 4276 -2
4276 4346 -2
4276 4277 2
4277 4347 2
4277 4278 2
4278 4348 2
4278 4279 -2
4279 4349 -2
4279 4280 2
4280 4350 -2
4280 4281 2
4281 4351 2
4281 4282 -2
4282 4352 -2
4282 4283 -2
4283 4353 2
4283 4284 2
4284 4354 -2
4284 4285 2
4285 4355 -2
4285 4286 -2
4286 4356 2
4286 4287 -2
4287 4357 -2
4287 4288 2
4288 4358 2
4288 4289 -2
4289 4359 -2
4289 4290 -2
4290 4360 -2
4290 4291 -2
4291 4361 2
4291 4292 -2
4292 4362 2
4292 4293 -2
4293 4363 2
4293 4294 -2
4294 4364 2
4294 4295 2
4295 4365 -2
4295 4296 2
4296 4366 -2
4296 4297 2
4297 4367 2
4297 4298 2
4298 4368 2
4298 4299 2
4299 4369 2
4299 4300 -2
4300 4370 2
4300 4301 -2
4301 4371 2
4301 4302 -2
4302 4372 -2
4302 4303 -2
4303 4373 2
4303 4304 -2
4304 4374 2
4304 4305 -2
4305 4375 2
4305 4306 2
4306 4376 -2
4306 4307 -2
4307 4377 2
4307 4308 -2
4308 4378 2
4308 4309 2
4309 4379 2
4309 4310 2
4310 4380 -2
4310 4311 -2
4311 4381 2
4311 4312 2
4312 4382 -2
4312 4313 2
4313 4383 2
4313 4314 -2
4314 4384 -2
4314 4315 -2
4315 4385 2
4315 4316 2
4316 4386 -2
4316 4317 2
4317 4387 2
4317 4318 -2
4318 4388 -2
4318 4319 2
4319 4389 2
4319 4320 -2
4320 4390 -2
4320 4321 -2
4321 4391 2
4321 4322 2
4322 4392 -2
4322 4323 2
4323 4393 -2
4323 4324 2
4324 4394 2
4324 4325 2
4325 4395 2
4325 4326 2
4326 4396 -2
4326 4327 -2
4327 4397 -2
4327 4328 -2
4328 4398 -2
4328 4329 2
4329 4399 2
4329 4330 -2
4330 4400 -2
4330 4331 -2
4331 4401 2
4331 4332 2
4332 4402 -2
4332 4333 2
4333 4403 2
4333 4334 -2
4334 4404 2
4334 4335 2
4335 4405 2
4335 4336 2
4336 4406 -2
4336 4337 2
4337 4407 -2
4337 4338 -2
4338 4408 2
4338 4339 -2
4339 4409 2
4340 4410 2
4340 4409 2
4340 4341 2
4341 4411 2
4341 4342 -2
4342 4412 2
4342 4343 -2
4343 4413 2
4343 4344 2
4344 4414 2
4344 4345 -2
4345 4415 -2
4345 4346 -2
4346 4416 -2
4346 4347 2
4347 4417 2
4347 4348 2
4348 4418 -2
4348 4349 -2
4349 4419 2
4349 4350 -2
4350 4420 2
4350 4351 2
4351 4421 -2
4351 4352 2
4352 4422 -2
4352 4353 -2
4353 4423 2
4353 4354 -2
4354 4424 2
4354 4355 2
4355 4425 -2
4355 4356 2
4356 4426 -2
4356 4357 2
4357 4427 -2
4357 4358 -2
4358 4428 2
4358 4359 -2
4359 4429 2
4359 4360 2
4360 4430 -2
4360 4361 2
4361 4431 -2
4361 4362 -2
4362 4432 -2
4362 4363 2
4363 4433 2
4363 4364 -2
4364 4434 -2
4364 4365 2
4365 4435 -2
4365 4366 2
4366 4436 2
4366 4367 2
4367 4437 -2
4367 4368 -2
4368 4438 2
4368 4369 -2
4369 4439 2
4369 4370 -2
4370 4440 -2
4370 4371 -2
4371 4441 2
4371 4372 -2
4372 4442 -2
4372 4373 -2
4373 4443 2
4373 4374 2
4374 4444 -2
4374 4375 2
4375 4445 2
4375 4376 -2
4376 4446 2
4376 4377 2
4377 4447 -2
4377 4378 -2
4378 4448 2
4378 4379 -2
4379 4449 2
4379 4380 2
4380 4450 -2
4380 4381 2
4381 4451 2
4381 4382 2
4382 4452 -2
4382 4383 2
4383 4453 -2
4383 4384 2
4384 4454 -2
4384 4385 -2
4385 4455 2
4385 4386 2
4386 4456 2
4386 4387 -2
4387 4457 -2
4387 4388 -2
4388 4458 2
4388 4389 -2
4389 4459 -2
4389 4390 2
4390 4460 -2
4390 4391 -2
4391 4461 -2
4391 4392 -2
4392 4462 2
4392 4393 2
4393 4463 -2
4393 4394 2
4394 4464 -2
4394 4395 2
4395 4465 2
4395 4396 -2
4396 4466 2
4396 4397 2
4397 4467 -2
4397 4398 2
4398 4468 2
4398 4399 2
4399 4469 -2
4399 4400 -2
4400 4470 2
4400 4401 -2
4401 4471 -2
4401 4402 2
4402 4472 -2
4402 4403 2
4403 4473 -2
4403 4404 -2
4404 4474 -2
4404 4405 2
4405 4475 2
4405 4406 -2
4406 4476 2
4406 4407 2
4407 4477 2
4407 4408 2
4408 4478 2
4408 4409 -2
4409 4479 -2
4410 4480 2
4410 4479 2
4410 4411 -2
4411 4481 -2
4411 4412 -2
4412 4482 2
4412 4413 2
4413 4483 2
4413 4414 2
4414 4484 2
4414 4415 -2
4415 4485 -2
4415 4416 2
4416 4486 2
4416 4417 2
4417 4487 2
4417 4418 2
4418 4488 2
4418 4419 -2
4419 4489 -2
4419 4420 -2
4420 4490 2
4420 4421 2
4421 4491 -2
4421 4422 2
4422 4492 -2
4422 4423 -2
4423 4493 -2
4423 4424 2
4424 4494 2
4424 4425 2
4425 4495 -2
4425 4426 2
4426 4496 -2
4426 4427 -2
4427 4497 2
4427 4428 2
4428 4498 2
4428 4429 -2
4429 4499 2
4429 4430 -2
4430 4500 2
4430 4431 -2
4431 4501 -2
4431 4432 2
4432 4502 -2
4432 4433 2
4433 4503 2
4433 4434 2
4434 4504 2
4434 4435 2
4435 4505 -2
4435 4436 -2
4436 4506 -2
4436 4437 2
4437 4507 2
4437 4438 -2
4438 4508 2
4438 4439 -2
4439 4509 2
4439 4440 -2
4440 4510 2
4440 4441 -2
4441 4511 -2
4441 4442 -2
4442 4512 -2
4442 4443 -2
4443 4513 -2
4443 4444 2
4444 4514 2
4444 4445 -2
4445 4515 2
4445 4446 -2
4446 4516 -2
4446 4447 2
4447 4517 2
4447 4448 -2
4448 4518 2
4448 4449 -2
4449 4519 2
4449 4450 2
4450 4520 2
4450 4451 -2
4451 4521 -2
4451 4452 -2
4452 4522 -2
4452 4453 -2
4453 4523 2
4453 4454 2
4454 4524 -2
4454 4455 2
4455 4525 -2
4455 4456 2
4456 4526 -2
4456 4457 -2
4457 4527 -2
4457 4458 2
4458 4528 2
4458 4459 2
4459 4529 2
4459 4460 2
4460 4530 -2
4460 4461 -2
4461 4531 -2
4461 4462 2
4462 4532 2
4462 4463 -2
4463 4533 2
4463 4464 2
4464 4534 2
4464 4465 -2
4465 4535 -2
4465 4466 2
4466 4536 -2
4466 4467 -2
4467 4537 2
4467 4468 -2
4468 4538 -2
4468 4469 2
4469 4539 -2
4469 4470 -2
4470 4540 2
4470 4471 2
4471 4541 -2
4471 4472 2
4472 4542 2
4472 4473 2
4473 4543 2
4473 4474 -2
4474 4544 2
4474 4475 2
4475 4545 -2
4475 4476 -2
4476 4546 2
4476 4477 2
4477 4547 2
4477 4478 2
4478 4548 2
4478 4479 2
4479 4549 -2
4480 4550 2
4480 4549 2
4480 4481 -2
4481 4551 2
4481 4482 -2
4482 4552 2
4482 4483 2
4483 4553 2
4483 4484 -2
4484 4554 -2
4484 4485 2
4485 4555 2
4485 4486 2
4486 4556 -2
4486 4487 -2
4487 4557 -2
4487 4488 2
4488 4558 2
4488 4489 -2
4489 4559 -2
4489 4490 -2
4490 4560 2
4490 4491 2
4491 4561 -2
4491 4492 2
4492 4562 2
4492 4493 2
4493 4563 -2
4493 4494 -2
4494 4564 -2
4494 4495 2
4495 4565 -2
4495 4496 -2
4496 4566 -2
4496 4497 2
4497 4567 -2
4497 4498 -2
4498 4568 2
4498 4499 2
4499 4569 2
4499 4500 2
4500 4570 2
4500 4501 -2
4501 4571 2
4501 4502 2
4502 4572 2
4502 4503 2
4503 4573 -2
4503 4504 -2
4504 4574 -2
4504 4505 2
4505 4575 -2
4505 4506 2
4506 4576 -2
4506 4507 -2
4507 4577 2
4507 4508 2
4508 4578 -2
4508 4509 -2
4509 4579 2
4509 4510 -2
4510 4580 -2
4510 4511 -2
4511 4581 2
4511 4512 -2
4512 4582 2
4512 4513 2
4513 4583 -2
4513 4514 -2
4514 4584 -2
4514 4515 2
4515 4585 -2
4515 4516 2
4516 4586 2
4516 4517 -2
4517 4587 2
4517 4518 -2
4518 4588 2
4518 4519 -2
4519 4589 -2
4519 4520 -2
4520 4590 -2
4520 4521 2
4521 4591 2
4521 4522 2
4522 4592 2
4522 4523 2
4523 4593 2
4523 4524 -2
4524 4594 -2
4524 4525 -2
4525 4595 2
4525 4526 -2
4526 4596 -2
4526 4527 2
4527 4597 2
4527 4528 -2
4528 4598 2
4528 4529 -2
4529 4599 2
4529 4530 2
4530 4600 -2
4530 4531 2
4531 4601 -2
4531 4532 2
4532 4602 2
4532 4533 -2
4533 4603 -2
4533 4534 -2
4534 4604 -2
4534 4535 2
4535 4605 2
4535 4536 2
4536 4606 2
4536 4537 2
4537 4607 2
4537 4538 2
4538 4608 -2
4538 4539 2
4539 4609 -2
4539 4540 2
4540 4610 -2
4540 4541 2
4541 4611 -2
4541 4542 -2
4542 4612 2
4542 4543 2
4543 4613 -2
4543 4544 2
4544 4614 -2
4544 4545 -2
4545 4615 2
4545 4546 -2
4546 4616 -2
4546 4547 -2
4547 4617 -2
4547 4548 2
4548 4618 2
4548 4549 -2
4549 4619 2
4550 4620 2
4550 4619 -2
4550 4551 -2
4551 4621 -2
4551 4552 -2
4552 4622 2
4552 4553 2
4553 4623 -2
4553 4554 -2
4554 4624 -2
4554 4555 2
4555 4625 2
4555 4556 -2
4556 4626 -2
4556 4557 -2
4557 4627 2
4557 4558 -2
4558 4628 2
4558 4559 -2
4559 4629 -2
4559 4560 -2
4560 4630 2
4560 4561 -2
4561 4631 -2
4561 4562 2
4562 4632 2
4562 4563 -2
4563 4633 2
4563 4564 -2
4564 4634 2
4564 4565 -2
4565 4635 -2
4565 4566 2
4566 4636 -2
4566 4567 2
4567 4637 -2
4567 4568 -2
4568 4638 2
4568 4569 2
4569 4639 -2
4569 4570 -2
4570 4640 -2
4570 4571 -2
4571 4641 2
4571 4572 2
4572 4642 2
4572 4573 -2
4573 4643 -2
4573 4574 2
4574 4644 -2
4574 4575 2
4575 4645 -2
4575 4576 2
4576 4646 -2
4576 4577 2
4577 4647 2
4577 4578 2
4578 4648 2
4578 4579 2
4579 4649 2
4579 4580 -2
4580 4650 -2
4580 4581 2
4581 4651 -2
4581 4582 2
4582 4652 2
4582 4583 -2
4583 4653 -2
4583 4584 2
4584 4654 -2
4584 4585 -2
4585 4655 2
4585 4586 2
4586 4656 -2
4586 4587 2
4587 4657 2
4587 4588 -2
4588 4658 2
4588 4589 -2
4589 4659 2
4589 4590 2
4590 4660 2
4590 4591 2
4591 4661 -2
4591 4592 2
4592 4662 2
4592 4593 -2
4593 4663 2
4593 4594 2
4594 4664 2
4594 4595 2
4595 4665 2
4595 4596 2
4596 4666 -2
4596 4597 2
4597 4667 2
4597 4598 -2
4598 4668 -2
4598 4599 2
4599 4669 2
4599 4600 2
4600 4670 2
4600 4601 -2
4601 4671 -2
4601 4602 -2
4602 4672 2
4602 4603 -2
4603 4673 -2
4603 4604 -2
4604 4674 2
4604 4605 -2
4605 4675 -2
4605 4606 2
4606 4676 -2
4606 4607 2
4607 4677 2
4607 4608 -2
4608 4678 2
4608 4609 2
4609 4679 2
4609 4610 -2
4610 4680 -2
4610 4611 -2
4611 4681 -2
4611 4612 2
4612 4682 2
4612 4613 -2
4613 4683 -2
4613 4614 2
4614 4684 2
4614 4615 2
4615 4685 2
4615 4616 -2
4616 4686 2
4616 4617 -2
4617 4687 2
4617 4618 2
4618 4688 -2
4618 4619 -2
4619 4689 -2
4620 4690 -2
4620 4689 2
4620 4621 -2
4621 4691 2
4621 4622 -2
4622 4692 -2
4622 4623 2
4623 4693 -2
4623 4624 2
4624 4694 2
4624 4625 2
4625 4695 2
4625 4626 2
4626 4696 -2
4626 4627 -2
4627 4697 2
4627 4628 2
4628 4698 2
4628 4629 2
4629 4699 -2
4629 4630 -2
4630 4700 2
4630 4631 -2
4631 4701 2
4631 4632 2
4632 4702 2
4632 4633 2
4633 4703 -2
4633 4634 2
4634 4704 2
4634 4635 -2
4635 4705 2
4635 4636 2
4636 4706 -2
4636 4637 -2
4637 4707 2
4637 4638 2
4638 4708 2
4638 4639 2
4639 4709 -2
4639 4640 -2
4640 4710 -2
4640 4641 -2
4641 4711 2
4641 4642 2
4642 4712 -2
4642 4643 2
4643 4713 -2
4643 4644 -2
4644 4714 2
4644 4645 -2
4645 4715 -2
4645 4646 -2
4646 4716 2
4646 4647 2
4647 4717 -2
4647 4648 -2
4648 4718 -2
4648 4649 -2
4649 4719 2
4649 4650 2
4650 4720 2
4650 4651 2
4651 4721 2
4651 4652 2
4652 4722 -2
4652 4653 -2
4653 4723 -2
4653 4654 -2
4654 4724 2
4654 4655 -2
4655 4725 -2
4655 4656 2
4656 4726 2
4656 4657 2
4657 4727 2
4657 4658 -2
4658 4728 2
4658 4659 2
4659 4729 -2
4659 4660 2
4660 4730 -2
4660 4661 2
4661 4731 2
4661 4662 2
4662 4732 -2
4662 4663 2
4663 4733 -2
4663 4664 -2
4664 4734 2
4664 4665 2
4665 4735 2
4665 4666 -2
4666 4736 2
4666 4667 2
4667 4737 2
4667 4668 2
4668 4738 -2
4668 4669 2
4669 4739 -2
4669 4670 2
4670 4740 2
4670 4671 -2
4671 4741 2
4671 4672 -2
4672 4742 -2
4672 4673 -2
4673 4743 -2
4673 4674 2
4674 4744 -2
4674 4675 -2
4675 4745 -2
4675 4676 -2
4676 4746 2
4676 4677 -2
4677 4747 2
4677 4678 -2
4678 4748 -2
4678 4679 2
4679 4749 2
4679 4680 2
4680 4750 -2
4680 4681 -2
4681 4751 2
4681 4682 2
4682 4752 -2
4682 4683 -2
4683 4753 2
4683 4684 2
4684 4754 -2
4684 4685 -2
4685 4755 -2
4685 4686 -2
4686 4756 2
4686 4687 -2
4687 4757 -2
4687 4688 -2
4688 4758 2
4688 4689 2
4689 4759 -2
4690 4760 2
4690 4759 2
4690 4691 -2
4691 4761 -2
4691 4692 2
4692 4762 -2
4692 4693 -2
4693 4763 2
4693 4694 -2
4694 4764 -2
4694 4695 -2
4695 4765 -2
4695 4696 -2
4696 4766 -2
4696 4697 -2
4697 4767 -2
4697 4698 -2
4698 4768 2
4698 4699 2
4699 4769 2
4699 4700 2
4700 4770 -2
4700 4701 2
4701 4771 -2
4701 4702 2
4702 4772 2
4702 4703 -2
4703 4773 -2
4703 4704 -2
4704 4774 2
4704 4705 -2
4705 4775 2
4705 4706 2
4706 4776 2
4706 4707 2
4707 4777 2
4707 4708 -2
4708 4778 2
4708 4709 -2
4709 4779 2
4709 4710 2
4710 4780 2
4710 4711 -2
4711 4781 2
4711 4712 2
4712 4782 -2
4712 4713 2
4713 4783 2
4713 4714 2
4714 4784 2
4714 4715 -2
4715 4785 -2
4715 4716 2
4716 4786 2
4716 4717 2
4717 4787 2
4717 4718 2
4718 4788 -2
4718 4719 -2
4719 4789 -2
4719 4720 -2
4720 4790 2
4720 4721 2
4721 4791 -2
4721 4722 2
4722 4792 2
4722 4723 2
4723 4793 2
4723 4724 -2
4724 4794 -2
4724 4725 -2
4725 4795 2
4725 4726 -2
4726 4796 2
4726 4727 -2
4727 4797 -2
4727 4728 -2
4728 4798 -2
4728 4729 2
4729 4799 2
4729 4730 2
4730 4800 2
4730 4731 2
4731 4801 2
4731 4732 2
4732 4802 2
4732 4733 2
4733 4803 2
4733 4734 2
4734 4804 2
4734 4735 2
4735 4805 2
4735 4736 -2
4736 4806 -2
4736 4737 -2
4737 4807 2
4737 4738 2
4738 4808 -2
4738 4739 2
4739 4809 2
4739 4740 -2
4740 4810 2
4740 4741 2
4741 4811 -2
4741 4742 -2
4742 4812 2
4742 4743 2
4743 4813 2
4743 4744 -2
4744 4814 2
4744 4745 -2
4745 4815 -2
4745 4746 -2
4746 4816 -2
4746 4747 -2
4747 4817 2
4747 4748 2
4748 4818 -2
4748 4749 2
4749 4819 2
4749 4750 2
4750 4820 2
4750 4751 -2
4751 4821 -2
4751 4752 2
4752 4822 -2
4752 4753 2
4753 4823 -2
4753 4754 -2
4754 4824 -2
4754 4755 2
4755 4825 -2
4755 4756 2
4756 4826 2
4756 4757 2
4757 4827 -2
4757 4758 -2
4758 4828 -2
4758 4759 -2
4759 4829 2
4760 4830 2
4760 4829 -2
4760 4761 -2
4761 4831 -2
4761 4762 -2
4762 4832 -2
4762 4763 2
4763 4833 -2
4763 4764 2
4764 4834 -2
4764 4765 -2
4765 4835 -2
4765 4766 2
4766 4836 -2
4766 4767 2
4767 4837 -2
4767 4768 2
4768 4838 -2
4768 4769 -2
4769 4839 2
4769 4770 2
4770 4840 2
4770 4771 2
4771 4841 -2
4771 4772 -2
4772 4842 2
4772 4773 2
4773 4843 2
4773 4774 2
4774 4844 2
4774 4775 -2
4775 4845 -2
4775 4776 2
4776 4846 -2
4776 4777 -2
4777 4847 -2
4777 4778 -2
4778 4848 -2
4778 4779 2
4779 4849 2
4779 4780 -2
4780 4850 -2
4780 4781 2
4781 4851 -2
4781 4782 -2
4782 4852 -2
4782 4783 2
4783 4853 -2
4783 4784 -2
4784 4854 2
4784 4785 2
4785 4855 2
4785 4786 -2
4786 4856 2
4786 4787 -2
4787 4857 -2
4787 4788 -2
4788 4858 2
4788 4789 2
4789 4859 2
4789 4790 2
4790 4860 -2
4790 4791 2
4791 4861 -2
4791 4792 -2
4792 4862 2
4792 4793 2
4793 4863 -2
4793 4794 -2
4794 4864 2
4794 4795 2
4795 4865 2
4795 4796 2
4796 4866 -2
4796 4797 2
4797 4867 2
4797 4798 -2
4798 4868 2
4798 4799 2
4799 4869 2
4799 4800 -2
4800 4870 2
4800 4801 2
4801 4871 2
4801 4802 2
4802 4872 2
4802 4803 2
4803 4873 2
4803 4804 -2
4804 4874 2
4804 4805 -2
4805 4875 2
4805 4806 2
4806 4876 2
4806 4807 -2
4807 4877 2
4807 4808 2
4808 4878 -2
4808 4809 -2
4809 4879 -2
4809 4810 -2
4810 4880 2
4810 4811 2
4811 4881 2
4811 4812 -2
4812 4882 -2
4812 4813 -2
4813 4883 -2
4813 4814 2
4814 4884 2
4814 4815 2
4815 4885 2
4815 4816 2
4816 4886 2
4816 4817 -2
4817 4887 2
4817 4818 2
4818 4888 -2
4818 4819 2
4819 4889 2
4819 4820 2
4820 4890 2
4820 4821 -2
4821 4891 -2
4821 4822 -2
4822 4892 -2
4822 4823 2
4823 4893 2
4823 4824 2
4824 4894 2
4824 4825 2
4825 4895 -2
4825 4826 -2
4826 4896 2
4826 4827 2
4827 4897 2
4827 4828 -2
4828 4898 -2
4828 4829 2
4829 4899 -2
4830 4900 2
4830 4899 2
4830 4831 2
4831 4901 2
4831 4832 -2
4832 4902 2
4832 4833 2
4833 4903 -2
4833 4834 2
4834 4904 2
4834 4835 -2
4835 4905 2
4835 4836 2
4836 4906 2
4836 4837 2
4837 4907 2
4837 4838 2
4838 4908 2
4838 4839 2
4839 4909 2
4839 4840 2
4840 4910 2
4840 4841 -2
4841 4911 -2
4841 4842 2
4842 4912 2
4842 4843 -2
4843 4913 2
4843 4844 2
4844 4914 2
4844 4845 -2
4845 4915 2
4845 4846 -2
4846 4916 2
4846 4847 2
4847 4917 -2
4847 4848 2
4848 4918 2
4848 4849 2
4849 4919 2
4849 4850 -2
4850 4920 -2
4850 4851 -2
4851 4921 2
4851 4852 2
4852 4922 2
4852 4853 -2
4853 4923 2
4853 4854 -2
4854 4924 -2
4854 4855 2
4855 4925 -2
4855 4856 -2
4856 4926 2
4856 4857 2
4857 4927 -2
4857 4858 -2
4858 4928 -2
4858 4859 -2
4859 4929 -2
4859 4860 2
4860 4930 -2
4860 4861 -2
4861 4931 -2
4861 4862 -2
4862 4932 -2
4862 4863 2
4863 4933 2
4863 4864 2
4864 4934 -2
4864 4865 2
4865 4935 -2
4865 4866 2
4866 4936 -2
4866 4867 2
4867 4937 2
4867 4868 2
4868 4938 2
4868 4869 -2
4869 4939 -2
4869 4870 -2
4870 4940 -2
4870 4871 -2
4871 4941 -2
4871 4872 -2
4872 4942 2
4872 4873 -2
4873 4943 2
4873 4874 2
4874 4944 -2
4874 4875 -2
4875 4945 -2
4875 4876 -2
4876 4946 2
4876 4877 -2
4877 4947 2
4877 4878 -2
4878 4948 2
4878 4879 -2
4879 4949 -2
4879 4880 -2
4880 4950 2
4880 4881 -2
4881 4951 2
4881 4882 2
4882 4952 -2
4882 4883 2
4883 4953 2
4883 4884 2
4884 4954 2
4884 4885 2
4885 4955 2
4885 4886 -2
4886 4956 2
4886 4887 -2
4887 4957 2
4887 4888 -2
4888 4958 2
4888 4889 -2
4889 4959 2
4889 4890 2
4890 4960 2
4890 4891 -2
4891 4961 2
4891 4892 2
4892 4962 2
4892 4893 2
4893 4963 2
4893 4894 -2
4894 4964 -2
4894 4895 -2
4895 4965 2
4895 4896 2
4896 4966 -2
4896 4897 -2
4897 4967 2
4897 4898 2
4898 4968 -2
4898 4899 -2
4899 4969 -2
4900 4970 -2
4900 4969 2
4900 4901 -2
4901 4971 2
4901 4902 2
4902 4972 -2
4902 4903 2
4903 4973 -2
4903 4904 2
4904 4974 -2
4904 4905 2
4905 4975 -2
4905 4906 -2
4906 4976 2
4906 4907 2
4907 4977 -2
4907 4908 -2
4908 4978 -2
4908 4909 -2
4909 4979 2
4909 4910 2
4910 4980 -2
4910 4911 -2
4911 4981 -2
4911 4912 2
4912 4982 2
4912 4913 2
4913 4983 -2
4913 4914 2
4914 4984 2
4914 4915 -2
4915 4985 2
4915 4916 2
4916 4986 -2
4916 4917 2
4917 4987 2
4917 4918 2
4918 4988 -2
4918 4919 2
4919 4989 2
4919 4920 2
4920 4990 2
4920 4921 -2
4921 4991 2
4921 4922 2
4922 4992 -2
4922 4923 -2
4923 4993 -2
4923 4924 2
4924 4994 2
4924 4925 -2
4925 4995 -2
4925 4926 -2
4926 4996 2
4926 4927 2
4927 4997 2
4927 4928 -2
4928 4998 -2
4928 4929 -2
4929 4999 -2
4929 4930 -2
4930 5000 -2
4930 4931 -2
4931 5001 -2
4931 4932 -2
4932 5002 -2
4932 4933 2
4933 5003 2
4933 4934 2
4934 5004 -2
4934 4935 2
4935 5005 2
4935 4936 2
4936 5006 2
4936 4937 2
4937 5007 2
4937 4938 -2
4938 5008 2
4938 4939 2
4939 5009 2
4939 4940 2
4940 5010 -2
4940 4941 2
4941 5011 2
4941 4942 2
4942 5012 -2
4942 4943 -2
4943 5013 2
4943 4944 -2
4944 5014 -2
4944 4945 -2
4945 5015 -2
4945 4946 -2
4946 5016 -2
4946 4947 -2
4947 5017 2
4947 4948 -2
4948 5018 -2
4948 4949 2
4949 5019 -2
4949 4950 2
4950 5020 -2
4950 4951 -2
4951 5021 2
4951 4952 -2
4952 5022 -2
4952 4953 -2
4953 5023 -2
4953 4954 -2
4954 5024 -2
4954 4955 2
4955 5025 -2
4955 4956 -2
4956 5026 2
4956 4957 2
4957 5027 2
4957 4958 -2
4958 5028 2
4958 4959 2
4959 5029 -2
4959 4960 2
4960 5030 -2
4960 4961 -2
4961 5031 2
4961 4962 2
4962 5032 -2
4962 4963 -2
4963 5033 -2
4963 4964 2
4964 5034 -2
4964 4965 -2
4965 5035 -2
4965 4966 2
4966 5036 2
4966 4967 -2
4967 5037 -2
4967 4968 -2
4968 5038 2
4968 4969 2
4969 5039 -2
4970 5040 2
4970 5039 -2
4970 4971 2
4971 5041 -2
4971 4972 -2
4972 5042 -2
4972 4973 -2
4973 5043 -2
4973 4974 2
4974 5044 -2
4974 4975 2
4975 5045 2
4975 4976 -2
4976 5046 2
4976 4977 2
4977 5047 -2
4977 4978 -2
4978 5048 2
4978 4979 2
4979 5049 2
4979 4980 2
4980 5050 -2
4980 4981 2
4981 5051 2
4981 4982 2
4982 5052 -2
4982 4983 -2
4983 5053 -2
4983 4984 -2
4984 5054 -2
4984 4985 -2
4985 5055 -2
4985 4986 2
4986 5056 -2
4986 4987 -2
4987 5057 2
4987 4988 -2
4988 5058 -2
4988 4989 2
4989 5059 2
4989 4990 -2
4990 5060 2
4990 4991 -2
4991 5061 2
4991 4992 2
4992 5062 -2
4992 4993 2
4993 5063 2
4993 4994 2
4994 5064 2
4994 4995 -2
4995 5065 -2
4995 4996 2
4996 5066 2
4996 4997 -2
4997 5067 -2
4997 4998 -2
4998 5068 -2
4998 4999 2
4999 5069 2
4999 5000 -2
5000 5070 -2
5000 5001 2
5001 5071 -2
5001 5002 2
5002 5072 2
5002 5003 -2
5003 5073 -2
5003 5004 2
5004 5074 -2
5004 5005 -2
5005 5075 -2
5005 5006 2
5006 5076 -2
5006 5007 -2
5007 5077 2
5007 5008 2
5008 5078 -2
5008 5009 -2
5009 5079 2
5009 5010 -2
5010 5080 2
5010 5011 2
5011 5081 2
5011 5012 -2
5012 5082 -2
5012 5013 2
5013 5083 2
5013 5014 2
5014 5084 -2
5014 5015 2
5015 5085 -2
5015 5016 -2
5016 5086 2
5016 5017 -2
5017 5087 -2
5017 5018 -2
5018 5088 2
5018 5019 2
5019 5089 -2
5019 5020 2
5020 5090 2
5020 5021 2
5021 5091 -2
5021 5022 -2
5022 5092 2
5022 5023 2
5023 5093 2
5023 5024 -2
5024 5094 2
5024 5025 -2
5025 5095 -2
5025 5026 -2
5026 5096 -2
5026 5027 -2
5027 5097 -2
5027 5028 -2
5028 5098 -2
5028 5029 2
5029 5099 -2
5029 5030 -2
5030 5100 -2
5030 5031 -2
5031 5101 2
5031 5032 -2
5032 5102 -2
5032 5033 2
5033 5103 -2
5033 5034 2
5034 5104 2
5034 5035 -2
5035 5105 -2
5035 5036 2
5036 5106 2
5036 5037 -2
5037 5107 -2
5037 5038 -2
5038 5108 2
5038 5039 2
5039 5109 -2
5040 5110 -2
5040 5109 2
5040 5041 2
5041 5111 2
5041 5042 2
5042 5112 -2
5042 5043 -2
5043 5113 -2
5043 5044 -2
5044 5114 -2
5044 5045 2
5045 5115 2
5045 5046 2
5046 5116 2
5046 5047 2
5047 5117 2
5047 5048 2
5048 5118 2
5048 5049 2
5049 5119 -2
5049 5050 2
5050 5120 -2
5050 5051 -2
5051 5121 -2
5051 5052 -2
5052 5122 2
5052 5053 2
5053 5123 -2
5053 5054 2
5054 5124 2
5054 5055 2
5055 5125 2
5055 5056 2
5056 5126 -2
5056 5057 2
5057 5127 2
5057 5058 -2
5058 5128 -2
5058 5059 2
5059 5129 -2
5059 5060 2
5060 5130 -2
5060 5061 2
5061 5131 -2
5061 5062 -2
5062 5132 -2
5062 5063 2
5063 5133 -2
5063 5064 2
5064 5134 2
5064 5065 2
5065 5135 -2
5065 5066 2
5066 5136 2
5066 5067 2
5067 5137 2
5067 5068 2
5068 5138 2
5068 5069 2
5069 5139 2
5069 5070 -2
5070 5140 -2
5070 5071 -2
5071 5141 -2
5071 5072 2
5072 5142 2
5072 5073 2
5073 5143 2
5073 5074 2
5074 5144 -2
5074 5075 2
5075 5145 2
5075 5076 -2
5076 5146 2
5076 5077 2
5077 5147 -2
5077 5078 -2
5078 5148 -2
5078 5079 2
5079 5149 2
5079 5080 -2
5080 5150 2
5080 5081 -2
5081 5151 -2
5081 5082 2
5082 5152 2
5082 5083 -2
5083 5153 2
5083 5084 -2
5084 5154 -2
5084 5085 2
5085 5155 2
5085 5086 2
5086 5156 -2
5086 5087 2
5087 5157 -2
5087 5088 -2
5088 5158 2
5088 5089 2
5089 5159 2
5089 5090 2
5090 5160 -2
5090 5091 -2
5091 5161 2
5091 5092 2
5092 5162 -2
5092 5093 -2
5093 5163 2
5093 5094 -2
5094 5164 -2
5094 5095 2
5095 5165 -2
5095 5096 -2
5096 5166 2
5096 5097 -2
5097 5167 2
5097 5098 2
5098 5168 2
5098 5099 2
5099 5169 2
5099 5100 -2
5100 5170 -2
5100 5101 2
5101 5171 2
5101 5102 2
5102 5172 2
5102 5103 -2
5103 5173 -2
5103 5104 -2
5104 5174 2
5104 5105 -2
5105 5175 -2
5105 5106 2
5106 5176 2
5106 5107 -2
5107 5177 -2
5107 5108 2
5108 5178 2
5108 5109 -2
5109 5179 -2
5110 5180 -2
5110 5179 -2
5110 5111 2
5111 5181 2
5111 5112 2
5112 5182 2
5112 5113 2
5113 5183 2
5113 5114 2
5114 5184 2
5114 5115 2
5115 5185 -2
5115 5116 -2
5116 5186 2
5116 5117 2
5117 5187 -2
5117 5118 -2
5118 5188 -2
5118 5119 2
5119 5189 -2
5119 5120 -2
5120 5190 2
5120 5121 -2
5121 5191 2
5121 5122 2
5122 5192 -2
5122 5123 -2
5123 5193 2
5123 5124 2
5124 5194 -2
5124 5125 -2
5125 5195 -2
5125 5126 2
5126 5196 -2
5126 5127 2
5127 5197 -2
5127 5128 2
5128 5198 -2
5128 5129 -2
5129 5199 2
5129 5130 -2
5130 5200 -2
5130 5131 -2
5131 5201 2
5131 5132 -2
5132 5202 2
5132 5133 2
5133 5203 2
5133 5134 2
5134 5204 2
5134 5135 2
5135 5205 -2
5135 5136 -2
5136 5206 2
5136 5137 -2
5137 5207 -2
5137 5138 -2
5138 5208 2
5138 5139 2
5139 5209 2
5139 5140 2
5140 5210 2
5140 5141 2
5141 5211 -2
5141 5142 -2
5142 5212 2
5142 5143 2
5143 5213 -2
5143 5144 -2
5144 5214 -2
5144 5145 -2
5145 5215 2
5145 5146 2
5146 5216 2
5146 5147 2
5147 5217 2
5147 5148 2
5148 5218 2
5148 5149 -2
5149 5219 -2
5149 5150 -2
5150 5220 -2
5150 5151 -2
5151 5221 -2
5151 5152 -2
5152 5222 -2
5152 5153 -2
5153 5223 2
5153 5154 2
5154 5224 -2
5154 5155 2
5155 5225 -2
5155 5156 2
5156 5226 2
5156 5157 -2
5157 5227 2
5157 5158 2
5158 5228 -2
5158 5159 2
5159 5229 2
5159 5160 -2
5160 5230 2
5160 5161 2
5161 5231 2
5161 5162 2
5162 5232 2
5162 5163 -2
5163 5233 2
5163 5164 2
5164 5234 -2
5164 5165 -2
5165 5235 2
5165 5166 -2
5166 5236 2
5166 5167 2
5167 5237 -2
5167 5168 2
5168 5238 2
5168 5169 2
5169 5239 -2
5169 5170 -2
5170 5240 2
5170 5171 2
5171 5241 -2
5171 5172 -2
5172 5242 -2
5172 5173 -2
5173 5243 2
5173 5174 -2
5174 5244 -2
5174 5175 -2
5175 5245 2
5175 5176 -2
5176 5246 -2
5176 5177 -2
5177 5247 2
5177 5178 2
5178 5248 -2
5178 5179 -2
5179 5249 2
5180 5250 -2
5180 5249 -2
5180 5181 2
5181 5251 -2
5181 5182 2
5182 5252 -2
5182 5183 2
5183 5253 -2
5183 5184 -2
5184 5254 -2
5184 5185 2
5185 5255 -2
5185 5186 2
5186 5256 2
5186 5187 2
5187 5257 -2
5187 5188 2
5188 5258 -2
5188 5189 -2
5189 5259 2
5189 5190 2
5190 5260 2
5190 5191 -2
5191 5261 -2
5191 5192 -2
5192 5262 2
5192 5193 2
5193 5263 -2
5193 5194 2
5194 5264 -2
5194 5195 -2
5195 5265 2
5195 5196 2
5196 5266 2
5196 5197 -2
5197 5267 -2
5197 5198 -2
5198 5268 -2
5198 5199 2
5199 5269 2
5199 5200 2
5200 5270 2
5200 5201 2
5201 5271 -2
5201 5202 -2
5202 5272 2
5202 5203 2
5203 5273 2
5203 5204 -2
5204 5274 2
5204 5205 -2
5205 5275 -2
5205 5206 -2
5206 5276 2
5206 5207 -2
5207 5277 -2
5207 5208 -2
5208 5278 -2
5208 5209 -2
5209 5279 -2
5209 5210 2
5210 5280 2
5210 5211 2
5211 5281 2
5211 5212 2
5212 5282 2
5212 5213 -2
5213 5283 -2
5213 5214 -2
5214 5284 2
5214 5215 -2
5215 5285 2
5215 5216 -2
5216 5286 2
5216 5217 2
5217 5287 2
5217 5218 -2
5218 5288 -2
5218 5219 2
5219 5289 2
5219 5220 -2
5220 5290 -2
5220 5221 2
5221 5291 -2
5221 5222 2
5222 5292 -2
5222 5223 2
5223 5293 -2
5223 5224 -2
5224 5294 -2
5224 5225 2
5225 5295 2
5225 5226 2
5226 5296 2
5226 5227 2
5227 5297 2
5227 5228 -2
5228 5298 2
5228 5229 -2
5229 5299 -2
5229 5230 2
5230 5300 -2
5230 5231 2
5231 5301 2
5231 5232 2
5232 5302 2
5232 5233 2
5233 5303 2
5233 5234 2
5234 5304 -2
5234 5235 -2
5235 5305 2
5235 5236 2
5236 5306 -2
5236 5237 2
5237 5307 2
5237 5238 2
5238 5308 -2
5238 5239 -2
5239 5309 -2
5239 5240 2
5240 5310 -2
5240 5241 -2
5241 5311 -2
5241 5242 -2
5242 5312 2
5242 5243 -2
5243 5313 2
5243 5244 -2
5244 5314 -2
5244 5245 -2
5245 5315 -2
5245 5246 -2
5246 5316 2
5246 5247 2
5247 5317 -2
5247 5248 -2
5248 5318 2
5248 5249 2
5249 5319 -2
5250 5320 2
5250 5319 -2
5250 5251 2
5251 5321 2
5251 5252 2
5252 5322 -2
5252 5253 2
5253 5323 -2
5253 5254 -2
5254 5324 2
5254 5255 2
5255 5325 2
5255 5256 -2
5256 5326 2
5256 5257 2
5257 5327 -2
5257 5258 -2
5258 5328 -2
5258 5259 -2
5259 5329 -2
5259 5260 -2
5260 5330 -2
5260 5261 2
5261 5331 2
5261 5262 2
5262 5332 2
5262 5263 2
5263 5333 2
5263 5264 2
5264 5334 2
5264 5265 -2
5265 5335 2
5265 5266 2
5266 5336 -2
5266 5267 -2
5267 5337 2
5267 5268 2
5268 5338 2
5268 5269 2
5269 5339 2
5269 5270 -2
5270 5340 2
5270 5271 2
5271 5341 2
5271 5272 2
5272 5342 -2
5272 5273 2
5273 5343 2
5273 5274 2
5274 5344 2
5274 5275 2
5275 5345 -2
5275 5276 2
5276 5346 -2
5276 5277 2
5277 5347 2
5277 5278 -2
5278 5348 -2
5278 5279 -2
5279 5349 2
5279 5280 -2
5280 5350 2
5280 5281 -2
5281 5351 2
5281 5282 -2
5282 5352 -2
5282 5283 2
5283 5353 2
5283 5284 2
5284 5354 -2
5284 5285 2
5285 5355 2
5285 5286 -2
5286 5356 -2
5286 5287 2
5287 5357 -2
5287 5288 -2
5288 5358 2
5288 5289 2
5289 5359 -2
5289 5290 -2
5290 5360 2
5290 5291 2
5291 5361 -2
5291 5292 -2
5292 5362 -2
5292 5293 -2
5293 5363 2
5293 5294 2
5294 5364 2
5294 5295 -2
5295 5365 2
5295 5296 -2
5296 5366 2
5296 5297 2
5297 5367 2
5297 5298 -2
5298 5368 -2
5298 5299 2
5299 5369 2
5299 5300 2
5300 5370 -2
5300 5301 2
5301 5371 2
5301 5302 -2
5302 5372 -2
5302 5303 2
5303 5373 2
5303 5304 -2
5304 5374 2
5304 5305 -2
5305 5375 2
5305 5306 -2
5306 5376 2
5306 5307 -2
5307 5377 -2
5307 5308 -2
5308 5378 2
5308 5309 -2
5309 5379 2
5309 5310 2
5310 5380 -2
5310 5311 -2
5311 5381 -2
5311 5312 2
5312 5382 2
5312 5313 -2
5313 5383 -2
5313 5314 2
5314 5384 2
5314 5315 2
5315 5385 -2
5315 5316 -2
5316 5386 -2
5316 5317 2
5317 5387 2
5317 5318 -2
5318 5388 2
5318 5319 2
5319 5389 -2
5320 5390 2
5320 5389 2
5320 5321 2
5321 5391 2
5321 5322 2
5322 5392 2
5322 5323 2
5323 5393 2
5323 5324 2
5324 5394 -2
5324 5325 2
5325 5395 -2
5325 5326 2
5326 5396 -2
5326 5327 -2
5327 5397 -2
5327 5328 2
5328 5398 2
5328 5329 -2
5329 5399 -2
5329 5330 2
5330 5400 2
5330 5331 -2
5331 5401 -2
5331 5332 -2
5332 5402 -2
5332 5333 -2
5333 5403 -2
5333 5334 2
5334 5404 -2
5334 5335 -2
5335 5405 -2
5335 5336 -2
5336 5406 -2
5336 5337 -2
5337 5407 2
5337 5338 2
5338 5408 2
5338 5339 2
5339 5409 2
5339 5340 2
5340 5410 -2
5340 5341 2
5341 5411 -2
5341 5342 2
5342 5412 -2
5342 5343 2
5343 5413 -2
5343 5344 2
5344 5414 -2
5344 5345 2
5345 5415 -2
5345 5346 -2
5346 5416 -2
5346 5347 -2
5347 5417 -2
5347 5348 2
5348 5418 -2
5348 5349 2
5349 5419 -2
5349 5350 2
5350 5420 2
5350 5351 2
5351 5421 -2
5351 5352 -2
5352 5422 -2
5352 5353 2
5353 5423 2
5353 5354 -2
5354 5424 -2
5354 5355 2
5355 5425 -2
5355 5356 2
5356 5426 2
5356 5357 -2
5357 5427 2
5357 5358 2
5358 5428 2
5358 5359 2
5359 5429 -2
5359 5360 -2
5360 5430 2
5360 5361 2
5361 5431 -2
5361 5362 -2
5362 5432 -2
5362 5363 -2
5363 5433 2
5363 5364 -2
5364 5434 2
5364 5365 -2
5365 5435 -2
5365 5366 -2
5366 5436 -2
5366 5367 2
5367 5437 2
5367 5368 -2
5368 5438 2
5368 5369 -2
5369 5439 -2
5369 5370 -2
5370 5440 2
5370 5371 2
5371 5441 -2
5371 5372 -2
5372 5442 2
5372 5373 2
5373 5443 2
5373 5374 -2
5374 5444 -2
5374 5375 -2
5375 5445 2
5375 5376 -2
5376 5446 2
5376 5377 2
5377 5447 2
5377 5378 2
5378 5448 2
5378 5379 -2
5379 5449 -2
5379 5380 -2
5380 5450 -2
5380 5381 -2
5381 5451 2
5381 5382 2
5382 5452 2
5382 5383 2
5383 5453 -2
5383 5384 -2
5384 5454 -2
5384 5385 -2
5385 5455 2
5385 5386 2
5386 5456 -2
5386 5387 2
5387 5457 2
5387 5388 -2
5388 5458 2
5388 5389 -2
5389 5459 2
5390 5460 2
5390 5459 -2
5390 5391 -2
5391 5461 2
5391 5392 2
5392 5462 2
5392 5393 2
5393 5463 2
5393 5394 2
5394 5464 -2
5394 5395 2
5395 5465 2
5395 5396 2
5396 5466 -2
5396 5397 2
5397 5467 -2
5397 5398 -2
5398 5468 2
5398 5399 2
5399 5469 2
5399 5400 2
5400 5470 -2
5400 5401 -2
5401 5471 2
5401 5402 2
5402 5472 -2
5402 5403 2
5403 5473 2
5403 5404 -2
5404 5474 2
5404 5405 2
5405 5475 2
5405 5406 2
5406 5476 2
5406 5407 -2
5407 5477 2
5407 5408 -2
5408 5478 -2
5408 5409 2
5409 5479 2
5409 5410 -2
5410 5480 2
5410 5411 2
5411 5481 -2
5411 5412 2
5412 5482 2
5412 5413 -2
5413 5483 -2
5413 5414 -2
5414 5484 -2
5414 5415 -2
5415 5485 2
5415 5416 2
5416 5486 2
5416 5417 2
5417 5487 -2
5417 5418 2
5418 5488 -2
5418 5419 -2
5419 5489 -2
5419 5420 -2
5420 5490 2
5420 5421 2
5421 5491 -2
5421 5422 2
5422 5492 -2
5422 5423 2
5423 5493 -2
5423 5424 2
5424 5494 2
5424 5425 2
5425 5495 2
5425 5426 -2
5426 5496 2
5426 5427 2
5427 5497 2
5427 5428 -2
5428 5498 2
5428 5429 -2
5429 5499 2
5429 5430 2
5430 5500 -2
5430 5431 2
5431 5501 2
5431 5432 2
5432 5502 -2
5432 5433 -2
5433 5503 2
5433 5434 2
5434 5504 2
5434 5435 -2
5435 5505 2
5435 5436 2
5436 5506 -2
5436 5437 2
5437 5507 -2
5437 5438 -2
5438 5508 -2
5438 5439 2
5439 5509 -2
5439 5440 2
5440 5510 -2
5440 5441 2
5441 5511 2
5441 5442 -2
5442 5512 2
5442 5443 2
5443 5513 -2
5443 5444 -2
5444 5514 2
5444 5445 2
5445 5515 -2
5445 5446 -2
5446 5516 -2
5446 5447 -2
5447 5517 -2
5447 5448 -2
5448 5518 2
5448 5449 -2
5449 5519 -2
5449 5450 2
5450 5520 2
5450 5451 2
5451 5521 2
5451 5452 -2
5452 5522 -2
5452 5453 2
5453 5523 2
5453 5454 -2
5454 5524 2
5454 5455 -2
5455 5525 2
5455 5456 2
5456 5526 -2
5456 5457 2
5457 5527 2
5457 5458 -2
5458 5528 -2
5458 5459 -2
5459 5529 -2
5460 5530 2
5460 5529 -2
5460 5461 -2
5461 5531 2
5461 5462 2
5462 5532 -2
5462 5463 2
5463 5533 -2
5463 5464 2
5464 5534 2
5464 5465 2
5465 5535 -2
5465 5466 2
5466 5536 2
5466 5467 2
5467 5537 2
5467 5468 2
5468 5538 -2
5468 5469 -2
5469 5539 -2
5469 5470 2
5470 5540 2
5470 5471 -2
5471 5541 2
5471 5472 -2
5472 5542 2
5472 5473 2
5473 5543 2
5473 5474 2
5474 5544 -2
5474 5475 -2
5475 5545 -2
5475 5476 -2
5476 5546 -2
5476 5477 2
5477 5547 -2
5477 5478 2
5478 5548 -2
5478 5479 2
5479 5549 -2
5479 5480 2
5480 5550 2
5480 5481 2
5481 5551 -2
5481 5482 -2
5482 5552 -2
5482 5483 -2
5483 5553 2
5483 5484 2
5484 5554 -2
5484 5485 2
5485 5555 2
5485 5486 2
5486 5556 -2
5486 5487 -2
5487 5557 -2
5487 5488 2
5488 5558 -2
5488 5489 2
5489 5559 2
5489 5490 -2
5490 5560 2
5490 5491 -2
5491 5561 -2
5491 5492 -2
5492 5562 -2
5492 5493 -2
5493 5563 -2
5493 5494 -2
5494 5564 -2
5494 5495 2
5495 5565 2
5495 5496 -2
5496 5566 2
5496 5497 2
5497 5567 -2
5497 5498 -2
5498 5568 2
5498 5499 2
5499 5569 2
5499 5500 2
5500 5570 -2
5500 5501 2
5501 5571 2
5501 5502 -2
5502 5572 2
5502 5503 -2
5503 5573 -2
5503 5504 2
5504 5574 2
5504 5505 -2
5505 5575 2
5505 5506 2
5506 5576 2
5506 5507 -2
5507 5577 -2
5507 5508 -2
5508 5578 2
5508 5509 2
5509 5579 2
5509 5510 2
5510 5580 2
5510 5511 -2
5511 5581 2
5511 5512 -2
5512 5582 2
5512 5513 -2
5513 5583 -2
5513 5514 -2
5514 5584 2
5514 5515 -2
5515 5585 -2
5515 5516 2
5516 5586 -2
5516 5517 -2
5517 5587 -2
5517 5518 2
5518 5588 -2
5518 5519 -2
5519 5589 -2
5519 5520 -2
5520 5590 2
5520 5521 2
5521 5591 2
5521 5522 2
5522 5592 2
5522 5523 2
5523 5593 -2
5523 5524 -2
5524 5594 -2
5524 5525 2
5525 5595 2
5525 5526 2
5526 5596 -2
5526 5527 -2
5527 5597 -2
5527 5528 -2
5528 5598 2
5528 5529 2
5529 5599 2
5530 5600 2
5530 5599 2
5530 5531 2
5531 5601 -2
5531 5532 -2
5532 5602 2
5532 5533 2
5533 5603 2
5533 5534 2
5534 5604 -2
5534 5535 -2
5535 5605 -2
5535 5536 2
5536 5606 2
5536 5537 2
5537 5607 2
5537 5538 -2
5538 5608 2
5538 5539 2
5539 5609 2
5539 5540 -2
5540 5610 -2
5540 5541 -2
5541 5611 2
5541 5542 -2
5542 5612 2
5542 5543 2
5543 5613 2
5543 5544 2
5544 5614 2
5544 5545 -2
5545 5615 -2
5545 5546 -2
5546 5616 -2
5546 5547 2
5547 5617 -2
5547 5548 -2
5548 5618 2
5548 5549 2
5549 5619 2
5549 5550 -2
5550 5620 2
5550 5551 -2
5551 5621 -2
5551 5552 -2
5552 5622 2
5552 5553 2
5553 5623 -2
5553 5554 -2
5554 5624 2
5554 5555 2
5555 5625 -2
5555 5556 -2
5556 5626 -2
5556 5557 2
5557 5627 2
5557 5558 -2
5558 5628 -2
5558 5559 2
5559 5629 -2
5559 5560 2
5560 5630 -2
5560 5561 -2
5561 5631 -2
5561 5562 2
5562 5632 -2
5562 5563 -2
5563 5633 -2
5563 5564 -2
5564 5634 -2
5564 5565 -2
5565 5635 2
5565 5566 -2
5566 5636 2
5566 5567 2
5567 5637 -2
5567 5568 2
5568 5638 2
5568 5569 -2
5569 5639 -2
5569 5570 2
5570 5640 2
5570 5571 2
5571 5641 -2
5571 5572 -2
5572 5642 2
5572 5573 2
5573 5643 2
5573 5574 2
5574 5644 2
5574 5575 -2
5575 5645 2
5575 5576 2
5576 5646 2
5576 5577 -2
5577 5647 -2
5577 5578 -2
5578 5648 -2
5578 5579 -2
5579 5649 2
5579 5580 -2
5580 5650 -2
5580 5581 2
5581 5651 2
5581 5582 -2
5582 5652 -2
5582 5583 -2
5583 5653 -2
5583 5584 -2
5584 5654 2
5584 5585 2
5585 5655 -2
5585 5586 -2
5586 5656 -2
5586 5587 -2
5587 5657 2
5587 5588 -2
5588 5658 -2
5588 5589 2
5589 5659 -2
5589 5590 2
5590 5660 -2
5590 5591 -2
5591 5661 2
5591 5592 2
5592 5662 2
5592 5593 2
5593 5663 2
5593 5594 2
5594 5664 2
5594 5595 -2
5595 5665 -2
5595 5596 -2
5596 5666 -2
5596 5597 -2
5597 5667 -2
5597 5598 -2
5598 5668 2
5598 5599 -2
5599 5669 -2
5600 5670 -2
5600 5669 -2
5600 5601 2
5601 5671 2
5601 5602 -2
5602 5672 -2
5602 5603 -2
5603 5673 -2
5603 5604 -2
5604 5674 -2
5604 5605 2
5605 5675 -2
5605 5606 -2
5606 5676 2
5606 5607 2
5607 5677 -2
5607 5608 2
5608 5678 -2
5608 5609 -2
5609 5679 2
5609 5610 2
5610 5680 2
5610 5611 -2
5611 5681 -2
5611 5612 -2
5612 5682 -2
5612 5613 -2
5613 5683 -2
5613 5614 2
5614 5684 -2
5614 5615 2
5615 5685 2
5615 5616 2
5616 5686 -2
5616 5617 2
5617 5687 -2
5617 5618 -2
5618 5688 2
5618 5619 -2
5619 5689 -2
5619 5620 2
5620 5690 2
5620 5621 2
5621 5691 2
5621 5622 2
5622 5692 2
5622 5623 -2
5623 5693 -2
5623 5624 2
5624 5694 2
5624 5625 -2
5625 5695 -2
5625 5626 2
5626 5696 -2
5626 5627 -2
5627 5697 2
5627 5628 2
5628 5698 2
5628 5629 2
5629 5699 2
5629 5630 -2
5630 5700 2
5630 5631 -2
5631 5701 -2
5631 5632 2
5632 5702 2
5632 5633 -2
5633 5703 -2
5633 5634 -2
5634 5704 2
5634 5635 -2
5635 5705 -2
5635 5636 -2
5636 5706 2
5636 5637 -2
5637 5707 2
5637 5638 2
5638 5708 -2
5638 5639 2
5639 5709 2
5639 5640 2
5640 5710 2
5640 5641 2
5641 5711 2
5641 5642 -2
5642 5712 2
5642 5643 -2
5643 5713 -2
5643 5644 2
5644 5714 -2
5644 5645 -2
5645 5715 -2
5645 5646 2
5646 5716 -2
5646 5647 -2
5647 5717 2
5647 5648 -2
5648 5718 2
5648 5649 2
5649 5719 -2
5649 5650 -2
5650 5720 -2
5650 5651 2
5651 5721 2
5651 5652 2
5652 5722 2
5652 5653 2
5653 5723 -2
5653 5654 -2
5654 5724 -2
5654 5655 2
5655 5725 2
5655 5656 2
5656 5726 2
5656 5657 2
5657 5727 -2
5657 5658 2
5658 5728 -2
5658 5659 -2
5659 5729 -2
5659 5660 2
5660 5730 2
5660 5661 -2
5661 5731 -2
5661 5662 2
5662 5732 -2
5662 5663 -2
5663 5733 2
5663 5664 -2
5664 5734 2
5664 5665 2
5665 5735 -2
5665 5666 -2
5666 5736 -2
5666 5667 -2
5667 5737 2
5667 5668 -2
5668 5738 2
5668 5669 -2
5669 5739 -2
5670 5740 -2
5670 5739 -2
5670 5671 -2
5671 5741 2
5671 5672 -2
5672 5742 2
5672 5673 -2
5673 5743 -2
5673 5674 -2
5674 5744 -2
5674 5675 -2
5675 5745 2
5675 5676 2
5676 5746 2
5676 5677 -2
5677 5747 2
5677 5678 -2
5678 5748 2
5678 5679 2
5679 5749 -2
5679 5680 2
5680 5750 -2
5680 5681 2
5681 5751 -2
5681 5682 2
5682 5752 -2
5682 5683 -2
5683 5753 -2
5683 5684 -2
5684 5754 -2
5684 5685 -2
5685 5755 -2
5685 5686 -2
5686 5756 2
5686 5687 2
5687 5757 -2
5687 5688 2
5688 5758 -2
5688 5689 2
5689 5759 2
5689 5690 -2
5690 5760 -2
5690 5691 2
5691 5761 -2
5691 5692 -2
5692 5762 2
5692 5693 -2
5693 5763 -2
5693 5694 2
5694 5764 -2
5694 5695 2
5695 5765 -2
5695 5696 -2
5696 5766 2
5696 5697 -2
5697 5767 2
5697 5698 -2
5698 5768 2
5698 5699 2
5699 5769 2
5699 5700 -2
5700 5770 -2
5700 5701 2
5701 5771 -2
5701 5702 -2
5702 5772 -2
5702 5703 -2
5703 5773 -2
5703 5704 2
5704 5774 -2
5704 5705 -2
5705 5775 -2
5705 5706 2
5706 5776 -2
5706 5707 -2
5707 5777 -2
5707 5708 2
5708 5778 2
5708 5709 -2
5709 5779 2
5709 5710 -2
5710 5780 2
5710 5711 -2
5711 5781 2
5711 5712 -2
5712 5782 -2
5712 5713 2
5713 5783 -2
5713 5714 -2
5714 5784 -2
5714 5715 -2
5715 5785 2
5715 5716 -2
5716 5786 -2
5716 5717 2
5717 5787 2
5717 5718 2
5718 5788 2
5718 5719 2
5719 5789 2
5719 5720 -2
5720 5790 2
5720 5721 -2
5721 5791 -2
5721 5722 2
5722 5792 2
5722 5723 -2
5723 5793 -2
5723 5724 -2
5724 5794 -2
5724 5725 2
5725 5795 -2
5725 5726 2
5726 5796 2
5726 5727 -2
5727 5797 -2
5727 5728 -2
5728 5798 2
5728 5729 -2
5729 5799 2
5729 5730 2
5730 5800 -2
5730 5731 2
5731 5801 2
5731 5732 2
5732 5802 2
5732 5733 -2
5733 5803 2
5733 5734 2
5734 5804 -2
5734 5735 -2
5735 5805 -2
5735 5736 2
5736 5806 -2
5736 5737 -2
5737 5807 -2
5737 5738 -2
5738 5808 -2
5738 5739 2
5739 5809 -2
5740 5810 -2
5740 5809 -2
5740 5741 2
5741 5811 -2
5741 5742 2
5742 5812 2
5742 5743 2
5743 5813 -2
5743 5744 -2
5744 5814 2
5744 5745 -2
5745 5815 -2
5745 5746 2
5746 5816 2
5746 5747 -2
5747 5817 2
5747 5748 2
5748 5818 2
5748 5749 -2
5749 5819 2
5749 5750 -2
5750 5820 2
5750 5751 -2
5751 5821 -2
5751 5752 -2
5752 5822 2
5752 5753 2
5753 5823 -2
5753 5754 2
5754 5824 2
5754 5755 -2
5755 5825 -2
5755 5756 -2
5756 5826 -2
5756 5757 2
5757 5827 2
5757 5758 -2
5758 5828 -2
5758 5759 2
5759 5829 2
5759 5760 -2
5760 5830 2
5760 5761 -2
5761 5831 -2
5761 5762 2
5762 5832 2
5762 5763 -2
5763 5833 -2
5763 5764 -2
5764 5834 -2
5764 5765 2
5765 5835 2
5765 5766 -2
5766 5836 2
5766 5767 2
5767 5837 2
5767 5768 2
5768 5838 -2
5768 5769 2
5769 5839 2
5769 5770 2
5770 5840 2
5770 5771 -2
5771 5841 -2
5771 5772 -2
5772 5842 2
5772 5773 -2
5773 5843 -2
5773 5774 -2
5774 5844 2
5774 5775 -2
5775 5845 -2
5775 5776 -2
5776 5846 -2
5776 5777 -2
5777 5847 -2
5777 5778 -2
5778 5848 2
5778 5779 2
5779 5849 2
5779 5780 2
5780 5850 2
5780 5781 2
5781 5851 -2
5781 5782 -2
5782 5852 -2
5782 5783 -2
5783 5853 -2
5783 5784 2
5784 5854 2
5784 5785 -2
5785 5855 2
5785 5786 2
5786 5856 2
5786 5787 2
5787 5857 2
5787 5788 2
5788 5858 -2
5788 5789 2
5789 5859 -2
5789 5790 2
5790 5860 2
5790 5791 2
5791 5861 2
5791 5792 -2
5792 5862 -2
5792 5793 2
5793 5863 2
5793 5794 2
5794 5864 2
5794 5795 2
5795 5865 -2
5795 5796 2
5796 5866 2
5796 5797 -2
5797 5867 2
5797 5798 -2
5798 5868 2
5798 5799 2
5799 5869 2
5799 5800 2
5800 5870 2
5800 5801 -2
5801 5871 -2
5801 5802 -2
5802 5872 2
5802 5803 2
5803 5873 -2
5803 5804 -2
5804 5874 2
5804 5805 -2
5805 5875 -2
5805 5806 -2
5806 5876 -2
5806 5807 -2
5807 5877 2
5807 5808 2
5808 5878 -2
5808 5809 2
5809 5879 -2
5810 5880 2
5810 5879 2
5810 5811 2
5811 5881 2
5811 5812 -2
5812 5882 2
5812 5813 -2
5813 5883 -2
5813 5814 2
5814 5884 2
5814 5815 2
5815 5885 -2
5815 5816 -2
5816 5886 2
5816 5817 -2
5817 5887 -2
5817 5818 2
5818 5888 2
5818 5819 2
5819 5889 -2
5819 5820 -2
5820 5890 2
5820 5821 2
5821 5891 -2
5821 5822 2
5822 5892 -2
5822 5823 2
5823 5893 2
5823 5824 -2
5824 5894 -2
5824 5825 2
5825 5895 -2
5825 5826 2
5826 5896 -2
5826 5827 2
5827 5897 -2
5827 5828 -2
5828 5898 2
5828 5829 -2
5829 5899 -2
5829 5830 2
5830 5900 2
5830 5831 2
5831 5901 2
5831 5832 -2
5832 5902 -2
5832 5833 -2
5833 5903 -2
5833 5834 -2
5834 5904 2
5834 5835 2
5835 5905 -2
5835 5836 2
5836 5906 -2
5836 5837 -2
5837 5907 -2
5837 5838 -2
5838 5908 2
5838 5839 -2
5839 5909 2
5839 5840 2
5840 5910 2
5840 5841 -2
5841 5911 -2
5841 5842 -2
5842 5912 -2
5842 5843 2
5843 5913 2
5843 5844 2
5844 5914 -2
5844 5845 -2
5845 5915 -2
5845 5846 -2
5846 5916 2
5846 5847 -2
5847 5917 2
5847 5848 2
5848 5918 2
5848 5849 -2
5849 5919 -2
5849 5850 2
5850 5920 2
5850 5851 -2
5851 5921 -2
5851 5852 2
5852 5922 2
5852 5853 2
5853 5923 2
5853 5854 -2
5854 5924 -2
5854 5855 2
5855 5925 2
5855 5856 2
5856 5926 -2
5856 5857 2
5857 5927 2
5857 5858 -2
5858 5928 -2
5858 5859 -2
5859 5929 -2
5859 5860 -2
5860 5930 -2
5860 5861 2
5861 5931 2
5861 5862 2
5862 5932 -2
5862 5863 2
5863 5933 -2
5863 5864 2
5864 5934 -2
5864 5865 2
5865 5935 -2
5865 5866 -2
5866 5936 2
5866 5867 2
5867 5937 2
5867 5868 -2
5868 5938 -2
5868 5869 2
5869 5939 -2
5869 5870 2
5870 5940 2
5870 5871 2
5871 5941 -2
5871 5872 -2
5872 5942 -2
5872 5873 2
5873 5943 2
5873 5874 -2
5874 5944 2
5874 5875 2
5875 5945 2
5875 5876 2
5876 5946 -2
5876 5877 -2
5877 5947 -2
5877 5878 -2
5878 5948 -2
5878 5879 2
5879 5949 2
5880 5950 -2
5880 5949 -2
5880 5881 -2
5881 5951 2
5881 5882 2
5882 5952 -2
5882 5883 2
5883 5953 -2
5883 5884 2
5884 5954 2
5884 5885 2
5885 5955 2
5885 5886 -2
5886 5956 -2
5886 5887 2
5887 5957 -2
5887 5888 2
5888 5958 2
5888 5889 -2
5889 5959 2
5889 5890 2
5890 5960 -2
5890 5891 2
5891 5961 -2
5891 5892 2
5892 5962 2
5892 5893 2
5893 5963 2
5893 5894 2
5894 5964 2
5894 5895 -2
5895 5965 2
5895 5896 2
5896 5966 -2
5896 5897 -2
5897 5967 2
5897 5898 -2
5898 5968 -2
5898 5899 2
5899 5969 -2
5899 5900 2
5900 5970 -2
5900 5901 2
5901 5971 -2
5901 5902 2
5902 5972 2
5902 5903 2
5903 5973 2
5903 5904 2
5904 5974 -2
5904 5905 2
5905 5975 -2
5905 5906 -2
5906 5976 2
5906 5907 2
5907 5977 2
5907 5908 2
5908 5978 2
5908 5909 -2
5909 5979 -2
5909 5910 -2
5910 5980 -2
5910 5911 2
5911 5981 -2
5911 5912 2
5912 5982 -2
5912 5913 2
5913 5983 -2
5913 5914 2
5914 5984 -2
5914 5915 2
5915 5985 2
5915 5916 -2
5916 5986 -2
5916 5917 2
5917 5987 -2
5917 5918 -2
5918 5988 -2
5918 5919 -2
5919 5989 2
5919 5920 2
5920 5990 2
5920 5921 2
5921 5991 2
5921 5922 -2
5922 5992 2
5922 5923 2
5923 5993 2
5923 5924 -2
5924 5994 2
5924 5925 -2
5925 5995 -2
5925 5926 2
5926 5996 2
5926 5927 2
5927 5997 -2
5927 5928 2
5928 5998 -2
5928 5929 -2
5929 5999 2
5929 5930 -2
5930 6000 2
5930 5931 -2
5931 6001 -2
5931 5932 2
5932 6002 -2
5932 5933 -2
5933 6003 -2
5933 5934 2
5934 6004 -2
5934 5935 -2
5935 6005 -2
5935 5936 2
5936 6006 2
5936 5937 2
5937 6007 2
5937 5938 -2
5938 6008 2
5938 5939 -2
5939 6009 -2
5939 5940 2
5940 6010 2
5940 5941 -2
5941 6011 -2
5941 5942 -2
5942 6012 -2
5942 5943 -2
5943 6013 2
5943 5944 2
5944 6014 2
5944 5945 -2
5945 6015 -2
5945 5946 -2
5946 6016 2
5946 5947 2
5947 6017 2
5947 5948 -2
5948 6018 2
5948 5949 2
5949 6019 2
5950 6020 -2
5950 6019 -2
5950 5951 -2
5951 6021 2
5951 5952 2
5952 6022 -2
5952 5953 -2
5953 6023 2
5953 5954 -2
5954 6024 2
5954 5955 2
5955 6025 2
5955 5956 2
5956 6026 -2
5956 5957 -2
5957 6027 -2
5957 5958 -2
5958 6028 2
5958 5959 -2
5959 6029 -2
5959 5960 2
5960 6030 -2
5960 5961 -2
5961 6031 2
5961 5962 -2
5962 6032 -2
5962 5963 -2
5963 6033 2
5963 5964 -2
5964 6034 -2
5964 5965 2
5965 6035 -2
5965 5966 2
5966 6036 -2
5966 5967 -2
5967 6037 2
5967 5968 -2
5968 6038 2
5968 5969 2
5969 6039 2
5969 5970 2
5970 6040 2
5970 5971 2
5971 6041 2
5971 5972 2
5972 6042 -2
5972 5973 -2
5973 6043 -2
5973 5974 -2
5974 6044 -2
5974 5975 -2
5975 6045 -2
5975 5976 2
5976 6046 2
5976 5977 -2
5977 6047 -2
5977 5978 -2
5978 6048 -2
5978 5979 -2
5979 6049 -2
5979 5980 2
5980 6050 2
5980 5981 2
5981 6051 2
5981 5982 2
5982 6052 2
5982 5983 -2
5983 6053 -2
5983 5984 -2
5984 6054 -2
5984 5985 -2
5985 6055 -2
5985 5986 2
5986 6056 2
5986 5987 2
5987 6057 2
5987 5988 2
5988 6058 2
5988 5989 -2
5989 6059 -2
5989 5990 -2
5990 6060 -2
5990 5991 -2
5991 6061 2
5991 5992 2
5992 6062 -2
5992 5993 -2
5993 6063 2
5993 5994 -2
5994 6064 2
5994 5995 2
5995 6065 2
5995 5996 2
5996 6066 -2
5996 5997 2
5997 6067 -2
5997 5998 -2
5998 6068 -2
5998 5999 2
5999 6069 -2
5999 6000 2
6000 6070 2
6000 6001 2
6001 6071 -2
6001 6002 -2
6002 6072 -2
6002 6003 2
6003 6073 2
6003 6004 2
6004 6074 2
6004 6005 -2
6005 6075 -2
6005 6006 -2
6006 6076 2
6006 6007 -2
6007 6077 2
6007 6008 -2
6008 6078 2
6008 6009 -2
6009 6079 2
6009 6010 2
6010 6080 2
6010 6011 -2
6011 6081 2
6011 6012 2
6012 6082 2
6012 6013 2
6013 6083 -2
6013 6014 -2
6014 6084 2
6014 6015 2
6015 6085 2
6015 6016 -2
6016 6086 -2
6016 6017 -2
6017 6087 -2
6017 6018 2
6018 6088 -2
6018 6019 2
6019 6089 2
6020 6090 2
6020 6089 -2
6020 6021 2
6021 6091 -2
6021 6022 -2
6022 6092 -2
6022 6023 2
6023 6093 2
6023 6024 2
6024 6094 -2
6024 6025 2
6025 6095 -2
6025 6026 -2
6026 6096 -2
6026 6027 -2
6027 6097 -2
6027 6028 2
6028 6098 -2
6028 6029 -2
6029 6099 -2
6029 6030 2
6030 6100 -2
6030 6031 -2
6031 6101 -2
6031 6032 2
6032 6102 -2
6032 6033 -2
6033 6103 -2
6033 6034 2
6034 6104 2
6034 6035 -2
6035 6105 -2
6035 6036 2
6036 6106 2
6036 6037 2
6037 6107 -2
6037 6038 -2
6038 6108 2
6038 6039 -2
6039 6109 2
6039 6040 -2
6040 6110 2
6040 6041 -2
6041 6111 -2
6041 6042 2
6042 6112 -2
6042 6043 2
6043 6113 2
6043 6044 -2
6044 6114 -2
6044 6045 -2
6045 6115 2
6045 6046 2
6046 6116 -2
6046 6047 2
6047 6117 -2
6047 6048 -2
6048 6118 2
6048 6049 2
6049 6119 2
6049 6050 -2
6050 6120 -2
6050 6051 -2
6051 6121 -2
6051 6052 -2
6052 6122 -2
6052 6053 -2
6053 6123 -2
6053 6054 -2
6054 6124 2
6054 6055 -2
6055 6125 2
6055 6056 -2
6056 6126 -2
6056 6057 -2
6057 6127 -2
6057 6058 2
6058 6128 2
6058 6059 -2
6059 6129 2
6059 6060 -2
6060 6130 -2
6060 6061 2
6061 6131 2
6061 6062 -2
6062 6132 2
6062 6063 2
6063 6133 2
6063 6064 -2
6064 6134 2
6064 6065 -2
6065 6135 -2
6065 6066 -2
6066 6136 2
6066 6067 -2
6067 6137 -2
6067 6068 -2
6068 6138 -2
6068 6069 -2
6069 6139 2
6069 6070 -2
6070 6140 2
6070 6071 -2
6071 6141 -2
6071 6072 -2
6072 6142 -2
6072 6073 -2
6073 6143 -2
6073 6074 -2
6074 6144 -2
6074 6075 2
6075 6145 -2
6075 6076 2
6076 6146 2
6076 6077 2
6077 6147 -2
6077 6078 -2
6078 6148 2
6078 6079 2
6079 6149 2
6079 6080 -2
6080 6150 2
6080 6081 -2
6081 6151 -2
6081 6082 -2
6082 6152 -2
6082 6083 2
6083 6153 -2
6083 6084 -2
6084 6154 -2
6084 6085 2
6085 6155 2
6085 6086 -2
6086 6156 2
6086 6087 2
6087 6157 -2
6087 6088 -2
6088 6158 -2
6088 6089 -2
6089 6159 -2
6090 6160 -2
6090 6159 2
6090 6091 2
6091 6161 2
6091 6092 -2
6092 6162 2
6092 6093 -2
6093 6163 -2
6093 6094 2
6094 6164 -2
6094 6095 -2
6095 6165 -2
6095 6096 -2
6096 6166 -2
6096 6097 2
6097 6167 -2
6097 6098 -2
6098 6168 -2
6098 6099 -2
6099 6169 2
6099 6100 -2
6100 6170 -2
6100 6101 2
6101 6171 2
6101 6102 2
6102 6172 -2
6102 6103 -2
6103 6173 2
6103 6104 2
6104 6174 2
6104 6105 -2
6105 6175 -2
6105 6106 2
6106 6176 -2
6106 6107 2
6107 6177 2
6107 6108 2
6108 6178 -2
6108 6109 -2
6109 6179 -2
6109 6110 2
6110 6180 -2
6110 6111 -2
6111 6181 2
6111 6112 -2
6112 6182 -2
6112 6113 2
6113 6183 2
6113 6114 2
6114 6184 2
6114 6115 -2
6115 6185 -2
6115 6116 -2
6116 6186 -2
6116 6117 -2
6117 6187 -2
6117 6118 -2
6118 6188 2
6118 6119 -2
6119 6189 2
6119 6120 -2
6120 6190 -2
6120 6121 -2
6121 6191 -2
6121 6122 2
6122 6192 2
6122 6123 -2
6123 6193 2
6123 6124 -2
6124 6194 2
6124 6125 2
6125 6195 -2
6125 6126 -2
6126 6196 2
6126 6127 -2
6127 6197 -2
6127 6128 2
6128 6198 -2
6128 6129 -2
6129 6199 -2
6129 6130 2
6130 6200 2
6130 6131 2
6131 6201 2
6131 6132 -2
6132 6202 2
6132 6133 2
6133 6203 2
6133 6134 2
6134 6204 -2
6134 6135 2
6135 6205 -2
6135 6136 -2
6136 6206 -2
6136 6137 2
6137 6207 -2
6137 6138 -2
6138 6208 2
6138 6139 2
6139 6209 -2
6139 6140 2
6140 6210 2
6140 6141 2
6141 6211 2
6141 6142 2
6142 6212 2
6142 6143 -2
6143 6213 -2
6143 6144 2
6144 6214 2
6144 6145 2
6145 6215 -2
6145 6146 2
6146 6216 2
6146 6147 -2
6147 6217 2
6147 6148 -2
6148 6218 -2
6148 6149 2
6149 6219 2
6149 6150 -2
6150 6220 2
6150 6151 -2
6151 6221 -2
6151 6152 -2
6152 6222 -2
6152 6153 -2
6153 6223 -2
6153 6154 -2
6154 6224 2
6154 6155 -2
6155 6225 2
6155 6156 -2
6156 6226 2
6156 6157 2
6157 6227 2
6157 6158 -2
6158 6228 2
6158 6159 -2
6159 6229 2
6160 6230 -2
6160 6229 -2
6160 6161 -2
6161 6231 2
6161 6162 -2
6162 6232 -2
6162 6163 2
6163 6233 2
6163 6164 2
6164 6234 2
6164 6165 -2
6165 6235 -2
6165 6166 2
6166 6236 2
6166 6167 -2
6167 6237 -2
6167 6168 -2
6168 6238 2
6168 6169 2
6169 6239 -2
6169 6170 2
6170 6240 -2
6170 6171 2
6171 6241 2
6171 6172 2
6172 6242 2
6172 6173 2
6173 6243 -2
6173 6174 -2
6174 6244 2
6174 6175 2
6175 6245 2
6175 6176 2
6176 6246 -2
6176 6177 -2
6177 6247 -2
6177 6178 -2
6178 6248 -2
6178 6179 -2
6179 6249 -2
6179 6180 2
6180 6250 2
6180 6181 -2
6181 6251 2
6181 6182 2
6182 6252 2
6182 6183 2
6183 6253 -2
6183 6184 -2
6184 6254 -2
6184 6185 2
6185 6255 -2
6185 6186 2
6186 6256 -2
6186 6187 -2
6187 6257 -2
6187 6188 -2
6188 6258 -2
6188 6189 2
6189 6259 2
6189 6190 2
6190 6260 2
6190 6191 -2
6191 6261 -2
6191 6192 2
6192 6262 2
6192 6193 -2
6193 6263 2
6193 6194 -2
6194 6264 2
6194 6195 -2
6195 6265 -2
6195 6196 2
6196 6266 2
6196 6197 -2
6197 6267 -2
6197 6198 -2
6198 6268 -2
6198 6199 2
6199 6269 -2
6199 6200 -2
6200 6270 -2
6200 6201 -2
6201 6271 2
6201 6202 2
6202 6272 -2
6202 6203 2
6203 6273 2
6203 6204 -2
6204 6274 2
6204 6205 -2
6205 6275 -2
6205 6206 2
6206 6276 2
6206 6207 2
6207 6277 -2
6207 6208 -2
6208 6278 2
6208 6209 2
6209 6279 2
6209 6210 2
6210 6280 2
6210 6211 2
6211 6281 -2
6211 6212 2
6212 6282 -2
6212 6213 2
6213 6283 -2
6213 6214 2
6214 6284 2
6214 6215 -2
6215 6285 -2
6215 6216 2
6216 6286 2
6216 6217 2
6217 6287 -2
6217 6218 2
6218 6288 2
6218 6219 2
6219 6289 2
6219 6220 2
6220 6290 2
6220 6221 -2
6221 6291 -2
6221 6222 -2
6222 6292 -2
6222 6223 2
6223 6293 -2
6223 6224 2
6224 6294 2
6224 6225 2
6225 6295 2
6225 6226 2
6226 6296 2
6226 6227 -2
6227 6297 -2
6227 6228 2
6228 6298 -2
6228 6229 -2
6229 6299 2
6230 6300 -2
6230 6299 2
6230 6231 2
6231 6301 -2
6231 6232 -2
6232 6302 2
6232 6233 2
6233 6303 -2
6233 6234 2
6234 6304 2
6234 6235 -2
6235 6305 -2
6235 6236 -2
6236 6306 -2
6236 6237 -2
6237 6307 2
6237 6238 -2
6238 6308 -2
6238 6239 -2
6239 6309 2
6239 6240 -2
6240 6310 2
6240 6241 -2
6241 6311 2
6241 6242 2
6242 6312 -2
6242 6243 2
6243 6313 -2
6243 6244 -2
6244 6314 2
6244 6245 -2
6245 6315 -2
6245 6246 -2
6246 6316 -2
6246 6247 -2
6247 6317 -2
6247 6248 2
6248 6318 2
6248 6249 2
6249 6319 -2
6249 6250 2
6250 6320 2
6250 6251 -2
6251 6321 -2
6251 6252 -2
6252 6322 -2
6252 6253 -2
6253 6323 -2
6253 6254 -2
6254 6324 -2
6254 6255 2
6255 6325 2
6255 6256 2
6256 6326 -2
6256 6257 -2
6257 6327 2
6257 6258 2
6258 6328 2
6258 6259 2
6259 6329 2
6259 6260 -2
6260 6330 2
6260 6261 2
6261 6331 -2
6261 6262 2
6262 6332 2
6262 6263 2
6263 6333 -2
6263 6264 -2
6264 6334 -2
6264 6265 2
6265 6335 -2
6265 6266 2
6266 6336 -2
6266 6267 2
6267 6337 -2
6267 6268 2
6268 6338 2
6268 6269 2
6269 6339 2
6269 6270 -2
6270 6340 2
6270 6271 2
6271 6341 -2
6271 6272 2
6272 6342 2
6272 6273 -2
6273 6343 2
6273 6274 -2
6274 6344 2
6274 6275 2
6275 6345 -2
6275 6276 -2
6276 6346 -2
6276 6277 -2
6277 6347 -2
6277 6278 2
6278 6348 -2
6278 6279 -2
6279 6349 -2
6279 6280 -2
6280 6350 2
6280 6281 -2
6281 6351 -2
6281 6282 -2
6282 6352 -2
6282 6283 2
6283 6353 -2
6283 6284 -2
6284 6354 2
6284 6285 -2
6285 6355 2
6285 6286 -2
6286 6356 2
6286 6287 2
6287 6357 2
6287 6288 2
6288 6358 2
6288 6289 -2
6289 6359 -2
6289 6290 -2
6290 6360 2
6290 6291 -2
6291 6361 -2
6291 6292 2
6292 6362 -2
6292 6293 2
6293 6363 2
6293 6294 2
6294 6364 2
6294 6295 -2
6295 6365 2
6295 6296 2
6296 6366 2
6296 6297 -2
6297 6367 -2
6297 6298 -2
6298 6368 -2
6298 6299 2
6299 6369 -2
6300 6370 2
6300 6369 2
6300 6301 -2
6301 6371 2
6301 6302 2
6302 6372 -2
6302 6303 -2
6303 6373 -2
6303 6304 2
6304 6374 2
6304 6305 2
6305 6375 -2
6305 6306 2
6306 6376 -2
6306 6307 -2
6307 6377 -2
6307 6308 -2
6308 6378 -2
6308 6309 2
6309 6379 -2
6309 6310 2
6310 6380 2
6310 6311 2
6311 6381 2
6311 6312 -2
6312 6382 2
6312 6313 2
6313 6383 2
6313 6314 -2
6314 6384 2
6314 6315 -2
6315 6385 -2
6315 6316 2
6316 6386 2
6316 6317 -2
6317 6387 2
6317 6318 2
6318 6388 -2
6318 6319 2
6319 6389 -2
6319 6320 -2
6320 6390 -2
6320 6321 2
6321 6391 2
6321 6322 2
6322 6392 -2
6322 6323 -2
6323 6393 2
6323 6324 -2
6324 6394 -2
6324 6325 2
6325 6395 -2
6325 6326 2
6326 6396 2
6326 6327 -2
6327 6397 -2
6327 6328 -2
6328 6398 2
6328 6329 -2
6329 6399 2
6329 6330 -2
6330 6400 -2
6330 6331 2
6331 6401 2
6331 6332 -2
6332 6402 2
6332 6333 -2
6333 6403 -2
6333 6334 -2
6334 6404 -2
6334 6335 2
6335 6405 -2
6335 6336 2
6336 6406 -2
6336 6337 2
6337 6407 -2
6337 6338 2
6338 6408 -2
6338 6339 -2
6339 6409 2
6339 6340 2
6340 6410 2
6340 6341 2
6341 6411 -2
6341 6342 -2
6342 6412 -2
6342 6343 2
6343 6413 -2
6343 6344 2
6344 6414 2
6344 6345 2
6345 6415 -2
6345 6346 -2
6346 6416 2
6346 6347 2
6347 6417 -2
6347 6348 2
6348 6418 -2
6348 6349 -2
6349 6419 2
6349 6350 2
6350 6420 2
6350 6351 2
6351 6421 2
6351 6352 2
6352 6422 2
6352 6353 2
6353 6423 -2
6353 6354 2
6354 6424 2
6354 6355 2
6355 6425 2
6355 6356 2
6356 6426 2
6356 6357 -2
6357 6427 2
6357 6358 -2
6358 6428 -2
6358 6359 2
6359 6429 -2
6359 6360 2
6360 6430 2
6360 6361 2
6361 6431 -2
6361 6362 2
6362 6432 2
6362 6363 -2
6363 6433 2
6363 6364 2
6364 6434 -2
6364 6365 2
6365 6435 2
6365 6366 -2
6366 6436 2
6366 6367 2
6367 6437 2
6367 6368 -2
6368 6438 2
6368 6369 2
6369 6439 2
6370 6440 -2
6370 6439 2
6370 6371 -2
6371 6441 -2
6371 6372 -2
6372 6442 -2
6372 6373 2
6373 6443 2
6373 6374 2
6374 6444 2
6374 6375 2
6375 6445 2
6375 6376 -2
6376 6446 2
6376 6377 2
6377 6447 2
6377 6378 2
6378 6448 2
6378 6379 2
6379 6449 -2
6379 6380 2
6380 6450 2
6380 6381 -2
6381 6451 -2
6381 6382 2
6382 6452 2
6382 6383 2
6383 6453 -2
6383 6384 2
6384 6454 2
6384 6385 2
6385 6455 2
6385 6386 -2
6386 6456 -2
6386 6387 2
6387 6457 -2
6387 6388 -2
6388 6458 2
6388 6389 -2
6389 6459 -2
6389 6390 -2
6390 6460 -2
6390 6391 -2
6391 6461 2
6391 6392 -2
6392 6462 -2
6392 6393 -2
6393 6463 2
6393 6394 -2
6394 6464 -2
6394 6395 -2
6395 6465 2
6395 6396 -2
6396 6466 2
6396 6397 -2
6397 6467 2
6397 6398 -2
6398 6468 2
6398 6399 2
6399 6469 -2
6399 6400 -2
6400 6470 -2
6400 6401 -2
6401 6471 -2
6401 6402 2
6402 6472 2
6402 6403 2
6403 6473 -2
6403 6404 2
6404 6474 -2
6404 6405 -2
6405 6475 -2
6405 6406 -2
6406 6476 -2
6406 6407 2
6407 6477 -2
6407 6408 -2
6408 6478 2
6408 6409 -2
6409 6479 -2
6409 6410 -2
6410 6480 2
6410 6411 -2
6411 6481 -2
6411 6412 -2
6412 6482 2
6412 6413 2
6413 6483 2
6413 6414 -2
6414 6484 -2
6414 6415 -2
6415 6485 -2
6415 6416 -2
6416 6486 2
6416 6417 2
6417 6487 2
6417 6418 2
6418 6488 2
6418 6419 2
6419 6489 2
6419 6420 2
6420 6490 2
6420 6421 -2
6421 6491 2
6421 6422 2
6422 6492 -2
6422 6423 -2
6423 6493 2
6423 6424 2
6424 6494 -2
6424 6425 -2
6425 6495 2
6425 6426 -2
6426 6496 2
6426 6427 2
6427 6497 -2
6427 6428 2
6428 6498 2
6428 6429 -2
6429 6499 -2
6429 6430 -2
6430 6500 2
6430 6431 -2
6431 6501 2
6431 6432 2
6432 6502 2
6432 6433 -2
6433 6503 -2
6433 6434 -2
6434 6504 -2
6434 6435 -2
6435 6505 2
6435 6436 -2
6436 6506 -2
6436 6437 2
6437 6507 2
6437 6438 -2
6438 6508 -2
6438 6439 2
6439 6509 -2
6440 6510 2
6440 6509 2
6440 6441 -2
6441 6511 2
6441 6442 2
6442 6512 -2
6442 6443 -2
6443 6513 -2
6443 6444 2
6444 6514 2
6444 6445 -2
6445 6515 -2
6445 6446 -2
6446 6516 2
6446 6447 -2
6447 6517 2
6447 6448 2
6448 6518 -2
6448 6449 2
6449 6519 2
6449 6450 2
6450 6520 -2
6450 6451 2
6451 6521 -2
6451 6452 -2
6452 6522 -2
6452 6453 2
6453 6523 2
6453 6454 2
6454 6524 -2
6454 6455 -2
6455 6525 -2
6455 6456 2
6456 6526 -2
6456 6457 -2
6457 6527 -2
6457 6458 -2
6458 6528 -2
6458 6459 -2
6459 6529 2
6459 6460 -2
6460 6530 -2
6460 6461 -2
6461 6531 2
6461 6462 2
6462 6532 2
6462 6463 2
6463 6533 -2
6463 6464 -2
6464 6534 -2
6464 6465 -2
6465 6535 2
6465 6466 -2
6466 6536 2
6466 6467 -2
6467 6537 2
6467 6468 -2
6468 6538 -2
6468 6469 -2
6469 6539 -2
6469 6470 2
6470 6540 -2
6470 6471 2
6471 6541 -2
6471 6472 2
6472 6542 -2
6472 6473 -2
6473 6543 2
6473 6474 2
6474 6544 2
6474 6475 -2
6475 6545 -2
6475 6476 -2
6476 6546 2
6476 6477 2
6477 6547 2
6477 6478 -2
6478 6548 -2
6478 6479 -2
6479 6549 -2
6479 6480 2
6480 6550 -2
6480 6481 2
6481 6551 2
6481 6482 -2
6482 6552 -2
6482 6483 2
6483 6553 -2
6483 6484 -2
6484 6554 -2
6484 6485 2
6485 6555 2
6485 6486 -2
6486 6556 2
6486 6487 -2
6487 6557 2
6487 6488 -2
6488 6558 -2
6488 6489 -2
6489 6559 -2
6489 6490 -2
6490 6560 -2
6490 6491 -2
6491 6561 -2
6491 6492 2
6492 6562 -2
6492 6493 2
6493 6563 2
6493 6494 -2
6494 6564 -2
6494 6495 2
6495 6565 2
6495 6496 -2
6496 6566 -2
6496 6497 2
6497 6567 2
6497 6498 -2
6498 6568 2
6498 6499 2
6499 6569 2
6499 6500 -2
6500 6570 -2
6500 6501 2
6501 6571 2
6501 6502 2
6502 6572 2
6502 6503 -2
6503 6573 -2
6503 6504 2
6504 6574 -2
6504 6505 -2
6505 6575 2
6505 6506 2
6506 6576 -2
6506 6507 -2
6507 6577 2
6507 6508 -2
6508 6578 -2
6508 6509 2
6509 6579 2
6510 6580 -2
6510 6579 -2
6510 6511 2
6511 6581 -2
6511 6512 2
6512 6582 -2
6512 6513 -2
6513 6583 -2
6513 6514 2
6514 6584 2
6514 6515 -2
6515 6585 -2
6515 6516 2
6516 6586 -2
6516 6517 2
6517 6587 -2
6517 6518 2
6518 6588 2
6518 6519 -2
6519 6589 -2
6519 6520 -2
6520 6590 2
6520 6521 -2
6521 6591 2
6521 6522 -2
6522 6592 2
6522 6523 2
6523 6593 -2
6523 6524 2
6524 6594 2
6524 6525 2
6525 6595 -2
6525 6526 -2
6526 6596 2
6526 6527 2
6527 6597 -2
6527 6528 2
6528 6598 -2
6528 6529 2
6529 6599 -2
6529 6530 2
6530 6600 2
6530 6531 -2
6531 6601 2
6531 6532 -2
6532 6602 -2
6532 6533 2
6533 6603 2
6533 6534 -2
6534 6604 -2
6534 6535 -2
6535 6605 -2
6535 6536 2
6536 6606 -2
6536 6537 -2
6537 6607 2
6537 6538 2
6538 6608 -2
6538 6539 -2
6539 6609 -2
6539 6540 2
6540 6610 -2
6540 6541 -2
6541 6611 2
6541 6542 2
6542 6612 2
6542 6543 2
6543 6613 -2
6543 6544 -2
6544 6614 -2
6544 6545 2
6545 6615 2
6545 6546 -2
6546 6616 -2
6546 6547 -2
6547 6617 -2
6547 6548 -2
6548 6618 2
6548 6549 2
6549 6619 2
6549 6550 2
6550 6620 2
6550 6551 -2
6551 6621 2
6551 6552 2
6552 6622 -2
6552 6553 -2
6553 6623 -2
6553 6554 -2
6554 6624 2
6554 6555 2
6555 6625 2
6555 6556 -2
6556 6626 2
6556 6557 2
6557 6627 -2
6557 6558 2
6558 6628 -2
6558 6559 -2
6559 6629 -2
6559 6560 2
6560 6630 2
6560 6561 -2
6561 6631 2
6561 6562 -2
6562 6632 -2
6562 6563 -2
6563 6633 -2
6563 6564 -2
6564 6634 -2
6564 6565 2
6565 6635 -2
6565 6566 2
6566 6636 -2
6566 6567 2
6567 6637 2
6567 6568 -2
6568 6638 2
6568 6569 -2
6569 6639 2
6569 6570 -2
6570 6640 -2
6570 6571 -2
6571 6641 -2
6571 6572 2
6572 6642 2
6572 6573 -2
6573 6643 -2
6573 6574 2
6574 6644 -2
6574 6575 -2
6575 6645 2
6575 6576 2
6576 6646 -2
6576 6577 -2
6577 6647 2
6577 6578 2
6578 6648 -2
6578 6579 2
6579 6649 -2
6580 6650 -2
6580 6649 2
6580 6581 2
6581 6651 -2
6581 6582 2
6582 6652 2
6582 6583 -2
6583 6653 -2
6583 6584 2
6584 6654 -2
6584 6585 2
6585 6655 -2
6585 6586 2
6586 6656 -2
6586 6587 -2
6587 6657 2
6587 6588 -2
6588 6658 2
6588 6589 2
6589 6659 -2
6589 6590 -2
6590 6660 -2
6590 6591 -2
6591 6661 2
6591 6592 2
6592 6662 -2
6592 6593 -2
6593 6663 -2
6593 6594 -2
6594 6664 2
6594 6595 2
6595 6665 -2
6595 6596 2
6596 6666 2
6596 6597 -2
6597 6667 2
6597 6598 -2
6598 6668 2
6598 6599 -2
6599 6669 2
6599 6600 2
6600 6670 -2
6600 6601 -2
6601 6671 -2
6601 6602 -2
6602 6672 -2
6602 6603 2
6603 6673 -2
6603 6604 2
6604 6674 2
6604 6605 -2
6605 6675 2
6605 6606 -2
6606 6676 -2
6606 6607 -2
6607 6677 -2
6607 6608 -2
6608 6678 2
6608 6609 2
6609 6679 2
6609 6610 -2
6610 6680 2
6610 6611 -2
6611 6681 -2
6611 6612 -2
6612 6682 -2
6612 6613 -2
6613 6683 2
6613 6614 -2
6614 6684 -2
6614 6615 -2
6615 6685 2
6615 6616 2
6616 6686 2
6616 6617 2
6617 6687 -2
6617 6618 -2
6618 6688 2
6618 6619 -2
6619 6689 2
6619 6620 -2
6620 6690 2
6620 6621 2
6621 6691 -2
6621 6622 2
6622 6692 2
6622 6623 2
6623 6693 2
6623 6624 -2
6624 6694 2
6624 6625 -2
6625 6695 2
6625 6626 2
6626 6696 -2
6626 6627 -2
6627 6697 -2
6627 6628 -2
6628 6698 2
6628 6629 2
6629 6699 2
6629 6630 -2
6630 6700 -2
6630 6631 -2
6631 6701 -2
6631 6632 -2
6632 6702 2
6632 6633 2
6633 6703 -2
6633 6634 -2
6634 6704 -2
6634 6635 2
6635 6705 -2
6635 6636 2
6636 6706 2
6636 6637 2
6637 6707 2
6637 6638 -2
6638 6708 -2
6638 6639 2
6639 6709 2
6639 6640 -2
6640 6710 2
6640 6641 2
6641 6711 2
6641 6642 -2
6642 6712 2
6642 6643 -2
6643 6713 2
6643 6644 2
6644 6714 2
6644 6645 -2
6645 6715 -2
6645 6646 -2
6646 6716 -2
6646 6647 -2
6647 6717 -2
6647 6648 -2
6648 6718 2
6648 6649 -2
6649 6719 2
6650 6720 2
6650 6719 2
6650 6651 2
6651 6721 -2
6651 6652 2
6652 6722 2
6652 6653 2
6653 6723 -2
6653 6654 2
6654 6724 -2
6654 6655 2
6655 6725 2
6655 6656 -2
6656 6726 2
6656 6657 2
6657 6727 -2
6657 6658 2
6658 6728 -2
6658 6659 2
6659 6729 -2
6659 6660 2
6660 6730 -2
6660 6661 -2
6661 6731 -2
6661 6662 -2
6662 6732 -2
6662 6663 -2
6663 6733 -2
6663 6664 -2
6664 6734 2
6664 6665 -2
6665 6735 2
6665 6666 2
6666 6736 -2
6666 6667 2
6667 6737 2
6667 6668 2
6668 6738 -2
6668 6669 -2
6669 6739 -2
6669 6670 2
6670 6740 -2
6670 6671 2
6671 6741 -2
6671 6672 -2
6672 6742 2
6672 6673 -2
6673 6743 -2
6673 6674 -2
6674 6744 2
6674 6675 -2
6675 6745 -2
6675 6676 2
6676 6746 -2
6676 6677 -2
6677 6747 2
6677 6678 2
6678 6748 2
6678 6679 -2
6679 6749 -2
6679 6680 -2
6680 6750 -2
6680 6681 -2
6681 6751 2
6681 6682 2
6682 6752 -2
6682 6683 2
6683 6753 -2
6683 6684 -2
6684 6754 2
6684 6685 2
6685 6755 -2
6685 6686 2
6686 6756 2
6686 6687 -2
6687 6757 -2
6687 6688 -2
6688 6758 -2
6688 6689 2
6689 6759 -2
6689 6690 -2
6690 6760 -2
6690 6691 -2
6691 6761 2
6691 6692 2
6692 6762 2
6692 6693 -2
6693 6763 -2
6693 6694 2
6694 6764 2
6694 6695 -2
6695 6765 -2
6695 6696 2
6696 6766 -2
6696 6697 2
6697 6767 2
6697 6698 2
6698 6768 -2
6698 6699 -2
6699 6769 2
6699 6700 -2
6700 6770 -2
6700 6701 2
6701 6771 -2
6701 6702 2
6702 6772 -2
6702 6703 2
6703 6773 -2
6703 6704 2
6704 6774 -2
6704 6705 -2
6705 6775 -2
6705 6706 2
6706 6776 -2
6706 6707 -2
6707 6777 2
6707 6708 2
6708 6778 2
6708 6709 -2
6709 6779 2
6709 6710 2
6710 6780 2
6710 6711 -2
6711 6781 2
6711 6712 2
6712 6782 2
6712 6713 -2
6713 6783 -2
6713 6714 -2
6714 6784 -2
6714 6715 2
6715 6785 2
6715 6716 2
6716 6786 -2
6716 6717 2
6717 6787 2
6717 6718 -2
6718 6788 -2
6718 6719 -2
6719 6789 2
6720 6790 2
6720 6789 2
6720 6721 2
6721 6791 -2
6721 6722 2
6722 6792 -2
6722 6723 -2
6723 6793 2
6723 6724 -2
6724 6794 -2
6724 6725 -2
6725 6795 2
6725 6726 2
6726 6796 -2
6726 6727 2
6727 6797 2
6727 6728 2
6728 6798 2
6728 6729 2
6729 6799 2
6729 6730 -2
6730 6800 -2
6730 6731 2
6731 6801 -2
6731 6732 2
6732 6802 -2
6732 6733 -2
6733 6803 2
6733 6734 2
6734 6804 -2
6734 6735 2
6735 6805 -2
6735 6736 -2
6736 6806 2
6736 6737 -2
6737 6807 -2
6737 6738 2
6738 6808 2
6738 6739 2
6739 6809 -2
6739 6740 2
6740 6810 2
6740 6741 -2
6741 6811 -2
6741 6742 -2
6742 6812 2
6742 6743 2
6743 6813 2
6743 6744 2
6744 6814 -2
6744 6745 -2
6745 6815 -2
6745 6746 2
6746 6816 -2
6746 6747 -2
6747 6817 2
6747 6748 2
6748 6818 2
6748 6749 2
6749 6819 2
6749 6750 -2
6750 6820 2
6750 6751 -2
6751 6821 2
6751 6752 -2
6752 6822 2
6752 6753 -2
6753 6823 -2
6753 6754 -2
6754 6824 -2
6754 6755 -2
6755 6825 -2
6755 6756 2
6756 6826 2
6756 6757 -2
6757 6827 2
6757 6758 -2
6758 6828 -2
6758 6759 -2
6759 6829 -2
6759 6760 2
6760 6830 2
6760 6761 2
6761 6831 -2
6761 6762 2
6762 6832 2
6762 6763 -2
6763 6833 2
6763 6764 -2
6764 6834 -2
6764 6765 -2
6765 6835 2
6765 6766 2
6766 6836 2
6766 6767 2
6767 6837 -2
6767 6768 -2
6768 6838 -2
6768 6769 2
6769 6839 2
6769 6770 -2
6770 6840 2
6770 6771 -2
6771 6841 2
6771 6772 2
6772 6842 2
6772 6773 -2
6773 6843 2
6773 6774 2
6774 6844 -2
6774 6775 -2
6775 6845 2
6775 6776 2
6776 6846 -2
6776 6777 -2
6777 6847 -2
6777 6778 -2
6778 6848 -2
6778 6779 2
6779 6849 2
6779 6780 2
6780 6850 -2
6780 6781 2
6781 6851 2
6781 6782 2
6782 6852 -2
6782 6783 2
6783 6853 -2
6783 6784 2
6784 6854 2
6784 6785 -2
6785 6855 -2
6785 6786 -2
6786 6856 2
6786 6787 2
6787 6857 2
6787 6788 -2
6788 6858 -2
6788 6789 2
6789 6859 -2
6790 6860 2
6790 6859 -2
6790 6791 2
6791 6861 -2
6791 6792 2
6792 6862 -2
6792 6793 -2
6793 6863 -2
6793 6794 2
6794 6864 2
6794 6795 2
6795 6865 2
6795 6796 -2
6796 6866 2
6796 6797 2
6797 6867 -2
6797 6798 -2
6798 6868 2
6798 6799 2
6799 6869 -2
6799 6800 2
6800 6870 2
6800 6801 2
6801 6871 2
6801 6802 -2
6802 6872 -2
6802 6803 -2
6803 6873 -2
6803 6804 2
6804 6874 -2
6804 6805 2
6805 6875 2
6805 6806 -2
6806 6876 -2
6806 6807 2
6807 6877 2
6807 6808 -2
6808 6878 -2
6808 6809 -2
6809 6879 -2
6809 6810 2
6810 6880 2
6810 6811 -2
6811 6881 2
6811 6812 -2
6812 6882 2
6812 6813 2
6813 6883 -2
6813 6814 -2
6814 6884 2
6814 6815 -2
6815 6885 -2
6815 6816 2
6816 6886 -2
6816 6817 2
6817 6887 -2
6817 6818 2
6818 6888 -2
6818 6819 -2
6819 6889 -2
6819 6820 2
6820 6890 2
6820 6821 -2
6821 6891 2
6821 6822 -2
6822 6892 -2
6822 6823 2
6823 6893 -2
6823 6824 2
6824 6894 2
6824 6825 2
6825 6895 -2
6825 6826 2
6826 6896 -2
6826 6827 2
6827 6897 -2
6827 6828 2
6828 6898 2
6828 6829 2
6829 6899 2
6829 6830 2
6830 6900 2
6830 6831 -2
6831 6901 2
6831 6832 2
6832 6902 2
6832 6833 -2
6833 6903 -2
6833 6834 2
6834 6904 2
6834 6835 -2
6835 6905 -2
6835 6836 -2
6836 6906 -2
6836 6837 2
6837 6907 -2
6837 6838 -2
6838 6908 2
6838 6839 2
6839 6909 -2
6839 6840 -2
6840 6910 -2
6840 6841 -2
6841 6911 2
6841 6842 2
6842 6912 -2
6842 6843 -2
6843 6913 2
6843 6844 -2
6844 6914 -2
6844 6845 2
6845 6915 2
6845 6846 2
6846 6916 -2
6846 6847 -2
6847 6917 -2
6847 6848 2
6848 6918 -2
6848 6849 -2
6849 6919 2
6849 6850 2
6850 6920 2
6850 6851 2
6851 6921 -2
6851 6852 2
6852 6922 2
6852 6853 -2
6853 6923 2
6853 6854 -2
6854 6924 -2
6854 6855 -2
6855 6925 -2
6855 6856 -2
6856 6926 2
6856 6857 2
6857 6927 -2
6857 6858 2
6858 6928 -2
6858 6859 -2
6859 6929 2
6860 6930 -2
6860 6929 -2
6860 6861 2
6861 6931 2
6861 6862 2
6862 6932 -2
6862 6863 2
6863 6933 2
6863 6864 -2
6864 6934 -2
6864 6865 -2
6865 6935 -2
6865 6866 -2
6866 6936 2
6866 6867 -2
6867 6937 2
6867 6868 2
6868 6938 2
6868 6869 2
6869 6939 -2
6869 6870 -2
6870 6940 -2
6870 6871 2
6871 6941 -2
6871 6872 2
6872 6942 2
6872 6873 -2
6873 6943 -2
6873 6874 -2
6874 6944 2
6874 6875 2
6875 6945 2
6875 6876 2
6876 6946 -2
6876 6877 2
6877 6947 -2
6877 6878 2
6878 6948 -2
6878 6879 -2
6879 6949 2
6879 6880 2
6880 6950 2
6880 6881 -2
6881 6951 2
6881 6882 -2
6882 6952 -2
6882 6883 -2
6883 6953 -2
6883 6884 2
6884 6954 -2
6884 6885 2
6885 6955 2
6885 6886 -2
6886 6956 2
6886 6887 2
6887 6957 -2
6887 6888 2
6888 6958 -2
6888 6889 -2
6889 6959 2
6889 6890 -2
6890 6960 2
6890 6891 -2
6891 6961 -2
6891 6892 -2
6892 6962 2
6892 6893 2
6893 6963 2
6893 6894 -2
6894 6964 2
6894 6895 2
6895 6965 -2
6895 6896 -2
6896 6966 -2
6896 6897 2
6897 6967 -2
6897 6898 -2
6898 6968 -2
6898 6899 2
6899 6969 2
6899 6900 -2
6900 6970 2
6900 6901 2
6901 6971 -2
6901 6902 2
6902 6972 -2
6902 6903 -2
6903 6973 2
6903 6904 -2
6904 6974 2
6904 6905 2
6905 6975 -2
6905 6906 -2
6906 6976 2
6906 6907 -2
6907 6977 2
6907 6908 2
6908 6978 2
6908 6909 2
6909 6979 -2
6909 6910 -2
6910 6980 2
6910 6911 2
6911 6981 -2
6911 6912 2
6912 6982 2
6912 6913 2
6913 6983 -2
6913 6914 -2
6914 6984 2
6914 6915 2
6915 6985 -2
6915 6916 -2
6916 6986 -2
6916 6917 2
6917 6987 2
6917 6918 -2
6918 6988 2
6918 6919 2
6919 6989 -2
6919 6920 -2
6920 6990 2
6920 6921 -2
6921 6991 -2
6921 6922 2
6922 6992 2
6922 6923 2
6923 6993 -2
6923 6924 2
6924 6994 -2
6924 6925 -2
6925 6995 2
6925 6926 -2
6926 6996 -2
6926 6927 2
6927 6997 2
6927 6928 2
6928 6998 -2
6928 6929 -2
6929 6999 2
6930 6999 -2
6930 6931 -2
6931 6932 2
6932 6933 2
6933 6934 -2
6934 6935 -2
6935 6936 -2
6936 6937 -2
6937 6938 -2
6938 6939 -2
6939 6940 2
6940 6941 -2
6941 6942 2
6942 6943 2
6943 6944 -2
6944 6945 2
6945 6946 -2
6946 6947 2
6947 6948 -2
6948 6949 2
6949 6950 -2
6950 6951 2
6951 6952 -2
6952 6953 -2
6953 6954 -2
6954 6955 -2
6955 6956 -2
6956 6957 2
6957 6958 2
6958 6959 2
6959 6960 -2
6960 6961 -2
6961 6962 2
6962 6963 -2
6963 6964 -2
6964 6965 2
6965 6966 -2
6966 6967 -2
6967 6968 -2
6968 6969 -2
6969 6970 -2
6970 6971 2
6971 6972 2
6972 6973 -2
6973 6974 2
6974 6975 -2
6975 6976 2
6976 6977 2
6977 6978 -2
6978 6979 2
6979 6980 2
6980 6981 2
6981 6982 2
6982 6983 2
6983 6984 2
6984 6985 -2
6985 6986 2
6986 6987 -2
6987 6988 2
6988 6989 2
6989 6990 2
6990 6991 2
6991 6992 -2
6992 6993 2
6993 6994 2
6994 6995 -2
6995 6996 2
6996 6997 2
6997 6998 2
6998 6999 -2
0 0 2
1 1 2
2 2 -2
7 7 2
9 9 2
10 10 2
11 11 4
15 15 2
16 16 2
17 17 4
18 18 2
19 19 -4
20 20 -2
21 21 -4
23 23 -2
24 24 -4
27 27 -2
28 28 2
29 29 2
30 30 -2
31 31 -2
33 33 2
34 34 4
35 35 2
36 36 2
37 37 -2
38 38 -2
40 40 -2
42 42 -2
43 43 -4
46 46 4
48 48 -2
50 50 4
51 51 2
54 54 2
55 55 2
56 56 2
57 57 2
59 59 2
60 60 2
61 61 2
63 63 2
64 64 2
65 65 2
68 68 2
69 69 -2
70 70 4
71 71 4
74 74 2
75 75 -2
76 76 -4
77 77 2
78 78 -2
79 79 -2
80 80 2
81 81 2
82 82 4
83 83 2
84 84 -2
85 85 -4
86 86 -2
89 89 -2
91 91 -4
92 92 -2
94 94 2
95 95 -2
97 97 2
98 98 2
99 99 2
103 103 -2
105 105 2
110 110 -4
112 112 -2
113 113 -2
114 114 4
117 117 -2
119 119 2
121 121 -4
122 122 -4
123 123 2
124 124 4
125 125 2
126 126 -2
127 127 2
128 128 2
130 130 -4
133 133 4
134 134 4
136 136 -2
137 137 -2
138 138 2
140 140 2
141 141 2
142 142 4
143 143 2
144 144 4
146 146 -2
147 147 2
148 148 -2
150 150 -2
151 151 -2
154 154 4
156 156 2
157 157 -2
162 162 2
163 163 2
165 165 -4
166 166 -2
169 169 2
172 172 -4
174 174 2
176 176 -2
177 177 2
178 178 -2
179 179 -2
181 181 2
184 184 2
185 185 2
186 186 2
187 187 4
189 189 2
190 190 -2
191 191 -2
192 192 -4
193 193 2
195 195 -2
196 196 -2
197 197 -2
198 198 -2
199 199 -2
200 200 -2
201 201 2
202 202 -2
203 203 2
204 204 4
206 206 -2
207 207 -2
208 208 -2
209 209 -2
211 211 -2
212 212 4
216 216 -2
218 218 2
219 219 4
220 220 -2
222 222 2
224 224 4
226 226 -2
229 229 -2
230 230 -2
234 234 -4
236 236 -2
237 237 -2
238 238 2
239 239 2
241 241 2
244 244 -2
245 245 -2
246 246 -2
247 247 2
248 248 2
249 249 -2
250 250 -2
252 252 -2
254 254 -2
258 258 -2
260 260 -2
262 262 -2
263 263 2
264 264 -2
265 265 -2
267 267 -2
268 268 -2
269 269 2
270 270 2
271 271 -2
272 272 -2
273 273 2
276 276 2
278 278 2
279 279 2
280 280 2
282 282 2
283 283 2
284 284 2
287 287 4
288 288 4
289 289 2
290 290 -4
292 292 2
294 294 4
295 295 2
296 296 -2
297 297 -4
298 298 -2
299 299 4
301 301 -4
305 305 2
309 309 -4
310 310 -2
311 311 -4
314 314 -2
317 317 2
318 318 2
319 319 -2
320 320 -4
321 321 -2
322 322 -2
323 323 2
324 324 -2
325 325 2
328 328 -2
329 329 -2
331 331 2
333 333 -2
334 334 -2
335 335 -2
336 336 -2
341 341 -2
342 342 -4
344 344 -2
345 345 2
347 347 -2
348 348 2
349 349 2
351 351 2
353 353 4
354 354 2
355 355 -2
356 356 -2
359 359 2
362 362 2
364 364 2
366 366 2
369 369 2
373 373 -2
374 374 -2
375 375 2
376 376 2
377 377 2
378 378 -2
379 379 -4
380 380 2
381 381 2
382 382 2
383 383 -2
384 384 -2
385 385 -2
386 386 -4
387 387 -2
388 388 -2
389 389 -2
390 390 -4
391 391 2
392 392 2
393 393 4
395 395 2
396 396 2
397 397 -2
399 399 -2
402 402 2
403 403 2
404 404 -4
406 406 2
408 408 2
410 410 2
412 412 -2
413 413 -2
414 414 -4
415 415 2
416 416 -2
417 417 -2
418 418 -2
420 420 2
422 422 -2
423 423 2
424 424 2
426 426 2
427 427 -2
429 429 2
434 434 -2
435 435 -4
436 436 2
437 437 4
438 438 2
440 440 -2
441 441 -2
442 442 -2
445 445 4
446 446 4
448 448 -2
450 450 4
451 451 4
452 452 2
453 453 2
455 455 2
460 460 -2
461 461 2
462 462 2
463 463 2
467 467 -4
468 468 -2
469 469 -2
470 470 2
473 473 4
475 475 2
476 476 -2
477 477 -2
478 478 -2
480 480 4
481 481 2
482 482 -2
483 483 -2
485 485 4
486 486 2
487 487 4
489 489 2
490 490 2
492 492 2
494 494 -2
495 495 2
496 496 2
497 497 2
499 499 -2
500 500 -2
501 501 2
502 502 -4
503 503 -2
504 504 2
506 506 2
509 509 2
510 510 2
512 512 2
513 513 2
514 514 2
515 515 2
518 518 2
519 519 4
520 520 2
521 521 -2
524 524 -2
526 526 2
527 527 2
528 528 2
530 530 -4
531 531 -2
533 533 2
534 534 -2
535 535 2
536 536 2
537 537 -4
538 538 -2
539 539 -4
540 540 2
541 541 2
542 542 -2
543 543 4
544 544 2
545 545 2
546 546 -2
547 547 2
550 550 2
552 552 -4
553 553 -4
554 554 -2
556 556 -2
557 557 -2
558 558 -4
560 560 2
561 561 -2
562 562 -2
566 566 -2
568 568 -2
569 569 -2
570 570 -4
574 574 4
577 577 -2
578 578 2
579 579 2
582 582 -2
583 583 -2
584 584 2
585 585 2
586 586 -2
587 587 -2
588 588 -4
589 589 2
590 590 4
591 591 -2
592 592 2
595 595 2
596 596 2
597 597 4
598 598 4
599 599 2
601 601 2
602 602 2
603 603 4
605 605 2
606 606 4
608 608 2
609 609 -4
610 610 -2
611 611 2
612 612 -2
613 613 2
614 614 -2
615 615 -2
617 617 4
618 618 2
620 620 -2
621 621 -2
622 622 2
624 624 2
625 625 -2
626 626 -2
627 627 -2
629 629 2
634 634 2
636 636 2
637 637 -2
638 638 -2
639 639 -2
640 640 -2
642 642 -2
643 643 2
644 644 4
645 645 -2
647 647 -2
649 649 2
650 650 -2
652 652 -2
653 653 -2
654 654 2
655 655 2
656 656 -4
657 657 -4
658 658 -2
660 660 2
661 661 -2
663 663 -2
666 666 -2
668 668 -2
671 671 2
674 674 -2
675 675 -2
677 677 -2
678 678 2
681 681 2
682 682 -2
683 683 2
684 684 -2
685 685 -4
686 686 -2
690 690 -4
692 692 4
693 693 -2
696 696 2
697 697 2
698 698 -2
699 699 -2
704 704 2
707 707 -2
709 709 2
710 710 -2
712 712 -2
714 714 2
716 716 2
717 717 -2
718 718 -2
719 719 4
721 721 2
722 722 -2
723 723 -2
726 726 -2
727 727 -2
728 728 2
729 729 4
730 730 4
731 731 2
732 732 -2
733 733 -2
735 735 -4
736 736 -2
737 737 -2
739 739 -2
740 740 -2
742 742 4
743 743 2
745 745 -2
747 747 2
748 748 4
749 749 2
751 751 4
752 752 2
753 753 4
754 754 4
755 755 2
757 757 2
758 758 2
763 763 -2
764 764 2
765 765 2
768 768 -2
769 769 2
772 772 -2
773 773 -2
774 774 2
775 775 4
777 777 2
778 778 -2
779 779 -2
780 780 -2
781 781 2
782 782 -2
784 784 4
785 785 4
786 786 4
787 787 2
789 789 2
790 790 -2
791 791 2
792 792 -2
796 796 -2
798 798 2
799 799 2
801 801 -2
802 802 -2
803 803 -2
804 804 -2
805 805 2
806 806 4
807 807 2
808 808 2
809 809 -2
811 811 -2
812 812 4
816 816 2
817 817 4
818 818 4
819 819 2
821 821 2
822 822 2
823 823 4
824 824 2
825 825 -2
828 828 2
830 830 2
833 833 -2
834 834 4
837 837 -2
838 838 -2
844 844 2
845 845 2
846 846 -4
847 847 -2
850 850 -2
851 851 -2
852 852 -2
854 854 2
855 855 2
856 856 4
857 857 2
858 858 -2
859 859 2
860 860 -2
861 861 2
862 862 -2
863 863 -2
866 866 -2
868 868 2
869 869 -2
870 870 -2
871 871 2
872 872 4
875 875 2
877 877 -2
878 878 -2
879 879 2
880 880 2
881 881 -2
882 882 2
884 884 4
885 885 4
886 886 -2
888 888 -2
889 889 -2
890 890 2
891 891 -2
892 892 -4
895 895 -2
896 896 4
897 897 -2
901 901 2
902 902 4
905 905 -2
907 907 -2
908 908 -2
909 909 -2
910 910 2
911 911 2
914 914 4
917 917 2
918 918 2
919 919 2
920 920 -2
922 922 -2
923 923 -2
924 924 2
925 925 -2
930 930 -4
933 933 -2
934 934 2
935 935 2
936 936 4
937 937 2
938 938 2
939 939 -2
941 941 2
942 942 -2
943 943 -2
944 944 2
945 945 2
946 946 2
948 948 -2
949 949 -2
951 951 -2
952 952 -2
953 953 -2
954 954 -2
955 955 2
956 956 2
957 957 2
960 960 2
962 962 -2
963 963 -2
964 964 2
965 965 -2
968 968 2
970 970 -2
972 972 2
974 974 -4
975 975 -4
976 976 -2
977 977 -4
978 978 -2
979 979 -4
980 980 2
981 981 -2
982 982 -4
983 983 -2
986 986 2
987 987 2
989 989 -2
990 990 -2
991 991 2
992 992 -2
995 995 -2
998 998 -2
999 999 2
1000 1000 2
1004 1004 2
1006 1006 2
1008 1008 2
1009 1009 -2
1010 1010 -4
1012 1012 -2
1014 1014 2
1015 1015 2
1017 1017 -4
1019 1019 2
1020 1020 4
1021 1021 2
1022 1022 2
1024 1024 -2
1025 1025 2
1026 1026 4
1027 1027 -2
1029 1029 2
1030 1030 -2
1033 1033 2
1035 1035 -2
1036 1036 2
1037 1037 2
1038 1038 2
1039 1039 -2
1040 1040 -2
1041 1041 -2
1042 1042 -2
1043 1043 -2
1044 1044 -2
1047 1047 -2
1049 1049 -2
1050 1050 -2
1053 1053 -4
1054 1054 -4
1056 1056 -2
1058 1058 -2
1059 1059 -2
1060 1060 -2
1061 1061 -4
1062 1062 -4
1063 1063 2
1064 1064 2
1065 1065 -2
1066 1066 -2
1067 1067 2
1068 1068 -2
1071 1071 2
1072 1072 2
1073 1073 2
1074 1074 -4
1075 1075 -2
1076 1076 2
1077 1077 -2
1078 1078 -2
1079 1079 -2
1080 1080 -2
1081 1081 -2
1084 1084 -2
1085 1085 2
1086 1086 4
1087 1087 -2
1088 1088 -2
1089 1089 2
1090 1090 4
1091 1091 2
1093 1093 -2
1094 1094 4
1095 1095 2
1100 1100 -4
1103 1103 2
1104 1104 -2
1106 1106 2
1108 1108 2
1110 1110 -2
1112 1112 -2
1113 1113 -2
1114 1114 -2
1116 1116 -2
1117 1117 -4
1118 1118 -4
1119 1119 -2
1121 1121 -2
1122 1122 -2
1123 1123 -2
1124 1124 -2
1127 1127 2
1128 1128 2
1130 1130 -2
1131 1131 -2
1132 1132 -2
1133 1133 2
1134 1134 -4
1135 1135 -2
1136 1136 -4
1140 1140 -2
1141 1141 -2
1142 1142 -2
1145 1145 -2
1146 1146 -4
1147 1147 -2
1148 1148 2
1151 1151 -4
1152 1152 2
1153 1153 2
1154 1154 -2
1155 1155 2
1157 1157 -4
1160 1160 4
1162 1162 -2
1165 1165 2
1166 1166 -2
1167 1167 2
1168 1168 -2
1169 1169 -2
1170 1170 -4
1172 1172 2
1173 1173 2
1175 1175 4
1177 1177 -2
1178 1178 4
1182 1182 -2
1184 1184 2
1185 1185 4
1187 1187 -2
1188 1188 -2
1189 1189 2
1191 1191 -2
1193 1193 2
1195 1195 -2
1196 1196 -4
1198 1198 2
1199 1199 2
1201 1201 2
1202 1202 -2
1203 1203 2
1204 1204 -2
1206 1206 -4
1207 1207 -2
1208 1208 -4
1209 1209 -2
1210 1210 -2
1211 1211 -4
1213 1213 -2
1215 1215 2
1217 1217 -4
1218 1218 -4
1219 1219 -2
1221 1221 2
1223 1223 -2
1226 1226 2
1227 1227 -2
1228 1228 2
1229 1229 -2
1231 1231 4
1233 1233 -2
1234 1234 2
1235 1235 2
1237 1237 2
1238 1238 -2
1239 1239 -2
1240 1240 -2
1241 1241 2
1242 1242 2
1243 1243 -2
1245 1245 2
1246 1246 -4
1247 1247 -2
1248 1248 -2
1250 1250 4
1252 1252 -2
1253 1253 2
1256 1256 -2
1258 1258 -2
1259 1259 -2
1260 1260 4
1262 1262 -2
1266 1266 -2
1269 1269 2
1270 1270 -4
1271 1271 2
1272 1272 -2
1274 1274 -2
1279 1279 2
1280 1280 4
1281 1281 2
1282 1282 2
1285 1285 2
1286 1286 2
1287 1287 -2
1288 1288 2
1290 1290 -2
1291 1291 2
1292 1292 -2
1294 1294 2
1295 1295 -2
1296 1296 2
1297 1297 -4
1298 1298 -2
1299 1299 -2
1300 1300 2
1301 1301 4
1302 1302 2
1305 1305 -2
1307 1307 -2
1308 1308 -2
1310 1310 2
1312 1312 2
1314 1314 2
1316 1316 -2
1318 1318 2
1319 1319 -2
1322 1322 -2
1323 1323 -2
1324 1324 -2
1325 1325 -2
1329 1329 4
1330 1330 2
1331 1331 2
1333 1333 -2
1334 1334 -2
1337 1337 2
1338 1338 -2
1339 1339 -2
1340 1340 -2
1343 1343 4
1345 1345 -4
1346 1346 -2
1351 1351 -2
1355 1355 -2
1357 1357 -2
1360 1360 -4
1361 1361 -2
1363 1363 2
1364 1364 -2
1365 1365 -4
1366 1366 2
1370 1370 2
1372 1372 4
1373 1373 2
1374 1374 -2
1375 1375 -4
1378 1378 2
1379 1379 -2
1380 1380 -2
1381 1381 -4
1383 1383 -2
1385 1385 -2
1388 1388 4
1389 1389 2
1393 1393 -2
1394 1394 2
1399 1399 2
1400 1400 -2
1402 1402 4
1404 1404 -2
1405 1405 -2
1406 1406 2
1407 1407 4
1408 1408 4
1409 1409 2
1410 1410 2
1414 1414 -2
1418 1418 -2
1419 1419 -2
1420 1420 -2
1421 1421 -4
1422 1422 2
1423 1423 2
1428 1428 -2
1429 1429 2
1433 1433 2
1434 1434 -2
1436 1436 2
1439 1439 -2
1441 1441 -2
1444 1444 -2
1445 1445 -2
1448 1448 2
1451 1451 -2
1452 1452 -2
1453 1453 -2
1454 1454 -2
1461 1461 2
1464 1464 2
1465 1465 -4
1469 1469 4
1470 1470 -4
1471 1471 -4
1472 1472 2
1473 1473 2
1474 1474 -2
1482 1482 2
1484 1484 -4
1485 1485 -2
1486 1486 -4
1487 1487 -4
1488 1488 -2
1489 1489 -2
1491 1491 -2
1492 1492 -2
1493 1493 -2
1494 1494 -4
1495 1495 2
1496 1496 2
1499 1499 -2
1501 1501 2
1506 1506 2
1507 1507 4
1508 1508 -2
1509 1509 -2
1510 1510 4
1513 1513 -2
1519 1519 2
1520 1520 2
1521 1521 2
1522 1522 2
1523 1523 2
1525 1525 2
1526 1526 -2
1528 1528 -2
1529 1529 2
1530 1530 2
1531 1531 -4
1532 1532 2
1535 1535 -2
1537 1537 4
1541 1541 -4
1543 1543 2
1546 1546 -2
1550 1550 4
1551 1551 4
1552 1552 2
1553 1553 2
1557 1557 2
1558 1558 4
1560 1560 4
1561 1561 2
1562 1562 -2
1563 1563 -4
1564 1564 -2
1566 1566 2
1567 1567 -4
1568 1568 -2
1570 1570 -2
1574 1574 2
1575 1575 2
1576 1576 2
1578 1578 -2
1579 1579 -4
1580 1580 2
1581 1581 -2
1585 1585 -2
1586 1586 2
1588 1588 2
1592 1592 2
1593 1593 2
1594 1594 -2
1595 1595 2
1597 1597 2
1598 1598 -2
1599 1599 -2
1600 1600 4
1603 1603 2
1605 1605 2
1606 1606 2
1608 1608 -2
1611 1611 -2
1615 1615 2
1616 1616 -2
1617 1617 -2
1621 1621 2
1624 1624 2
1626 1626 2
1627 1627 4
1628 1628 2
1629 1629 -2
1631 1631 2
1632 1632 -2
1633 1633 -2
1634 1634 -2
1635 1635 -2
1637 1637 -2
1638 1638 -4
1639 1639 2
1641 1641 4
1642 1642 2
1643 1643 2
1645 1645 2
1646 1646 2
1649 1649 -2
1650 1650 2
1652 1652 4
1653 1653 2
1654 1654 2
1655 1655 2
1657 1657 -2
1658 1658 4
1659 1659 2
1661 1661 -2
1662 1662 2
1663 1663 4
1665 1665 2
1666 1666 4
1667 1667 4
1668 1668 2
1669 1669 2
1670 1670 4
1672 1672 -4
1673 1673 -2
1674 1674 -2
1676 1676 4
1677 1677 -2
1679 1679 2
1683 1683 2
1684 1684 2
1686 1686 2
1687 1687 2
1689 1689 -2
1691 1691 4
1693 1693 -2
1694 1694 2
1695 1695 4
1697 1697 2
1698 1698 2
1699 1699 2
1700 1700 2
1701 1701 2
1707 1707 4
1709 1709 2
1711 1711 -2
1712 1712 -4
1713 1713 2
1715 1715 2
1716 1716 2
1718 1718 2
1722 1722 4
1723 1723 -2
1724 1724 -2
1726 1726 2
1727 1727 2
1730 1730 -2
1731 1731 2
1734 1734 -2
1735 1735 -2
1738 1738 2
1739 1739 4
1740 1740 2
1742 1742 -2
1746 1746 2
1747 1747 -2
1748 1748 -2
1749 1749 -2
1750 1750 2
1751 1751 -2
1754 1754 4
1755 1755 -2
1756 1756 2
1757 1757 -2
1758 1758 -2
1761 1761 2
1762 1762 2
1763 1763 4
1764 1764 2
1765 1765 -2
1767 1767 2
1768 1768 2
1769 1769 4
1770 1770 2
1773 1773 -4
1777 1777 2
1778 1778 4
1780 1780 -2
1781 1781 -2
1784 1784 -4
1785 1785 -2
1787 1787 -2
1788 1788 -2
1789 1789 4
1790 1790 2
1792 1792 2
1794 1794 2
1795 1795 -2
1796 1796 -2
1797 1797 2
1798 1798 -2
1799 1799 2
1801 1801 4
1802 1802 2
1803 1803 2
1806 1806 4
1807 1807 2
1808 1808 2
1809 1809 2
1813 1813 -2
1814 1814 -4
1817 1817 -2
1818 1818 -2
1819 1819 -2
1820 1820 -2
1821 1821 -2
1822 1822 -2
1823 1823 2
1824 1824 2
1826 1826 2
1827 1827 -2
1828 1828 -2
1829 1829 -2
1830 1830 -2
1832 1832 2
1833 1833 2
1835 1835 2
1836 1836 2
1837 1837 -4
1838 1838 -2
1839 1839 -2
1840 1840 -4
1841 1841 -4
1842 1842 -2
1843 1843 -2
1844 1844 -2
1845 1845 -2
1847 1847 2
1848 1848 2
1849 1849 -2
1852 1852 2
1853 1853 4
1855 1855 -2
1857 1857 4
1859 1859 -2
1860 1860 -2
1862 1862 2
1863 1863 2
1864 1864 4
1866 1866 -2
1867 1867 2
1868 1868 2
1869 1869 2
1870 1870 2
1872 1872 2
1874 1874 2
1875 1875 4
1877 1877 2
1878 1878 4
1880 1880 -2
1881 1881 -2
1882 1882 2
1884 1884 -2
1885 1885 -2
1886 1886 2
1887 1887 2
1888 1888 2
1889 1889 -4
1890 1890 -2
1892 1892 -4
1894 1894 -4
1895 1895 -4
1898 1898 -4
1899 1899 -4
1901 1901 -2
1902 1902 -2
1904 1904 -2
1905 1905 4
1906 1906 2
1907 1907 -4
1908 1908 2
1910 1910 -2
1911 1911 -2
1912 1912 -2
1913 1913 -2
1914 1914 -2
1919 1919 2
1920 1920 2
1922 1922 2
1923 1923 -2
1924 1924 -2
1925 1925 -2
1927 1927 2
1929 1929 -2
1930 1930 -4
1931 1931 -4
1932 1932 -2
1936 1936 -2
1939 1939 -4
1940 1940 -2
1946 1946 -2
1947 1947 4
1948 1948 4
1950 1950 -2
1951 1951 2
1953 1953 -2
1954 1954 2
1955 1955 -2
1957 1957 -2
1958 1958 2
1959 1959 2
1960 1960 -2
1962 1962 2
1965 1965 -2
1966 1966 2
1967 1967 4
1968 1968 2
1969 1969 2
1971 1971 -2
1973 1973 2
1974 1974 2
1975 1975 2
1977 1977 -4
1978 1978 -2
1979 1979 -2
1980 1980 2
1981 1981 2
1985 1985 -2
1986 1986 2
1987 1987 2
1988 1988 2
1989 1989 2
1990 1990 2
1991 1991 -2
1993 1993 -2
1995 1995 -2
1996 1996 -2
1997 1997 2
1999 1999 2
2000 2000 2
2004 2004 -2
2007 2007 4
2008 2008 2
2009 2009 -4
2011 2011 2
2013 2013 2
2014 2014 -2
2017 2017 2
2018 2018 2
2019 2019 -2
2022 2022 -2
2023 2023 -2
2025 2025 -4
2028 2028 4
2030 2030 2
2031 2031 -2
2033 2033 -2
2034 2034 2
2036 2036 2
2039 2039 2
2040 2040 2
2041 2041 2
2042 2042 -2
2043 2043 2
2046 2046 2
2049 2049 -2
2051 2051 -2
2052 2052 2
2053 2053 2
2054 2054 2
2057 2057 -2
2058 2058 -4
2059 2059 -2
2060 2060 2
2062 2062 -2
2063 2063 -2
2064 2064 2
2065 2065 2
2066 2066 -2
2067 2067 2
2068 2068 2
2069 2069 4
2070 2070 2
2071 2071 2
2072 2072 2
2078 2078 2
2080 2080 2
2081 2081 4
2085 2085 -2
2086 2086 -2
2089 2089 -2
2090 2090 2
2092 2092 -4
2093 2093 -2
2096 2096 4
2097 2097 4
2098 2098 4
2100 2100 2
2102 2102 -2
2103 2103 -2
2104 2104 -2
2105 2105 -4
2106 2106 -2
2107 2107 -2
2108 2108 2
2112 2112 -2
2114 2114 -2
2115 2115 -2
2116 2116 -2
2118 2118 2
2119 2119 2
2121 2121 -4
2122 2122 -2
2123 2123 -2
2125 2125 2
2126 2126 -2
2127 2127 2
2134 2134 2
2136 2136 -4
2137 2137 -2
2138 2138 -2
2140 2140 2
2141 2141 2
2143 2143 -2
2144 2144 -2
2145 2145 -4
2146 2146 2
2147 2147 2
2148 2148 2
2149 2149 2
2150 2150 -2
2152 2152 -2
2153 2153 -2
2156 2156 -2
2159 2159 -2
2161 2161 -2
2162 2162 2
2163 2163 2
2164 2164 -2
2167 2167 4
2168 2168 2
2171 2171 -4
2172 2172 -2
2173 2173 2
2174 2174 -4
2175 2175 -2
2176 2176 4
2180 2180 4
2181 2181 -2
2182 2182 -4
2183 2183 -2
2184 2184 -2
2185 2185 -4
2186 2186 -4
2187 2187 -2
2189 2189 2
2190 2190 2
2191 2191 -2
2192 2192 -2
2193 2193 2
2195 2195 -2
2196 2196 -2
2198 2198 -2
2202 2202 -2
2204 2204 4
2205 2205 2
2206 2206 -2
2207 2207 -4
2208 2208 2
2211 2211 -2
2212 2212 -2
2214 2214 4
2215 2215 2
2216 2216 2
2217 2217 -2
2218 2218 -4
2220 2220 -2
2221 2221 -2
2222 2222 -2
2223 2223 -4
2224 2224 2
2225 2225 2
2226 2226 2
2228 2228 2
2229 2229 2
2230 2230 2
2233 2233 2
2234 2234 2
2235 2235 4
2237 2237 2
2238 2238 2
2239 2239 2
2243 2243 2
2244 2244 -2
2245 2245 2
2246 2246 2
2248 2248 2
2249 2249 2
2250 2250 2
2252 2252 -2
2255 2255 -2
2256 2256 -2
2257 2257 -4
2259 2259 2
2261 2261 -4
2262 2262 -2
2265 2265 -2
2266 2266 -2
2267 2267 -2
2268 2268 2
2269 2269 2
2270 2270 2
2271 2271 -2
2272 2272 -2
2274 2274 2
2275 2275 2
2276 2276 2
2279 2279 4
2283 2283 -4
2284 2284 2
2285 2285 2
2286 2286 2
2287 2287 -2
2288 2288 -2
2289 2289 -2
2292 2292 -2
2296 2296 -2
2297 2297 -2
2301 2301 2
2302 2302 -2
2303 2303 -2
2305 2305 2
2306 2306 -2
2307 2307 -4
2308 2308 -4
2310 2310 -2
2311 2311 -2
2313 2313 4
2314 2314 -2
2315 2315 -2
2316 2316 -2
2317 2317 2
2318 2318 2
2319 2319 -2
2321 2321 -2
2322 2322 -2
2324 2324 -2
2325 2325 2
2326 2326 2
2328 2328 2
2329 2329 4
2331 2331 2
2333 2333 -2
2334 2334 -2
2336 2336 2
2337 2337 2
2338 2338 4
2339 2339 -2
2340 2340 2
2343 2343 -2
2345 2345 -2
2348 2348 -2
2349 2349 2
2350 2350 -2
2351 2351 2
2352 2352 4
2353 2353 2
2355 2355 2
2356 2356 4
2358 2358 4
2359 2359 2
2360 2360 2
2361 2361 -2
2362 2362 -2
2364 2364 2
2365 2365 4
2366 2366 -2
2367 2367 -2
2368 2368 2
2369 2369 -2
2372 2372 -2
2374 2374 -2
2376 2376 4
2377 2377 2
2379 2379 4
2380 2380 2
2382 2382 -2
2383 2383 2
2384 2384 2
2385 2385 -2
2388 2388 -2
2389 2389 -2
2390 2390 -2
2392 2392 -4
2393 2393 -2
2394 2394 -2
2397 2397 -2
2401 2401 2
2402 2402 2
2404 2404 -2
2406 2406 2
2407 2407 4
2408 2408 4
2410 2410 2
2411 2411 2
2413 2413 -4
2417 2417 -2
2418 2418 -4
2419 2419 -4
2420 2420 -2
2422 2422 -2
2423 2423 -2
2425 2425 2
2428 2428 2
2429 2429 2
2433 2433 -2
2435 2435 -2
2436 2436 -4
2437 2437 -4
2438 2438 2
2440 2440 2
2441 2441 -2
2442 2442 -2
2443 2443 2
2444 2444 2
2445 2445 2
2446 2446 4
2449 2449 2
2451 2451 2
2452 2452 2
2453 2453 2
2454 2454 2
2455 2455 2
2457 2457 -2
2458 2458 -4
2460 2460 -2
2461 2461 2
2464 2464 2
2465 2465 2
2466 2466 -2
2468 2468 2
2471 2471 -2
2473 2473 2
2474 2474 -2
2475 2475 -4
2476 2476 -2
2477 2477 -2
2478 2478 2
2479 2479 4
2483 2483 2
2485 2485 2
2486 2486 2
2490 2490 2
2491 2491 2
2492 2492 -2
2493 2493 2
2494 2494 2
2495 2495 -2
2496 2496 -2
2497 2497 -2
2498 2498 -2
2500 2500 -2
2502 2502 -2
2505 2505 -2
2506 2506 -2
2507 2507 -4
2509 2509 -2
2510 2510 4
2511 2511 4
2514 2514 -2
2515 2515 2
2516 2516 4
2517 2517 2
2519 2519 -4
2521 2521 2
2523 2523 -4
2524 2524 -2
2525 2525 2
2527 2527 2
2532 2532 2
2535 2535 4
2536 2536 -2
2538 2538 -2
2539 2539 -4
2540 2540 -4
2541 2541 2
2545 2545 -4
2547 2547 -2
2548 2548 4
2550 2550 -4
2553 2553 -2
2555 2555 4
2556 2556 2
2557 2557 2
2558 2558 2
2560 2560 -2
2561 2561 -2
2563 2563 2
2564 2564 2
2566 2566 2
2570 2570 -2
2571 2571 -4
2574 2574 2
2575 2575 2
2576 2576 -2
2577 2577 -4
2580 2580 2
2582 2582 -2
2584 2584 2
2585 2585 4
2588 2588 -2
2590 2590 2
2592 2592 2
2593 2593 -2
2594 2594 -2
2595 2595 -2
2596 2596 -2
2597 2597 2
2598 2598 -4
2599 2599 -4
2601 2601 -2
2602 2602 2
2604 2604 2
2605 2605 4
2608 2608 2
2611 2611 4
2612 2612 2
2616 2616 -2
2617 2617 -4
2618 2618 2
2622 2622 -2
2623 2623 -2
2624 2624 2
2626 2626 2
2627 2627 2
2628 2628 -2
2629 2629 -2
2630 2630 -2
2631 2631 -4
2632 2632 2
2634 2634 2
2637 2637 -2
2643 2643 -4
2644 2644 2
2646 2646 -4
2647 2647 -2
2650 2650 2
2651 2651 2
2652 2652 2
2653 2653 2
2654 2654 2
2655 2655 2
2656 2656 -2
2658 2658 -2
2659 2659 2
2660 2660 -2
2661 2661 -4
2662 2662 -2
2665 2665 -2
2667 2667 2
2668 2668 -2
2669 2669 -4
2671 2671 -2
2673 2673 2
2676 2676 2
2677 2677 2
2679 2679 -2
2680 2680 -4
2684 2684 -4
2687 2687 2
2691 2691 2
2692 2692 2
2693 2693 2
2694 2694 4
2696 2696 -2
2698 2698 -2
2699 2699 -4
2702 2702 4
2705 2705 2
2706 2706 2
2708 2708 4
2709 2709 2
2711 2711 2
2712 2712 4
2713 2713 2
2714 2714 2
2715 2715 2
2716 2716 -2
2717 2717 -2
2718 2718 2
2720 2720 2
2724 2724 -2
2726 2726 -2
2727 2727 2
2728 2728 -2
2729 2729 -4
2731 2731 -2
2732 2732 2
2734 2734 -2
2736 2736 2
2737 2737 2
2739 2739 -4
2740 2740 2
2741 2741 2
2742 2742 2
2743 2743 2
2744 2744 4
2745 2745 2
2748 2748 -4
2749 2749 2
2752 2752 -4
2753 2753 -2
2755 2755 -2
2756 2756 -4
2758 2758 -2
2761 2761 -2
2762 2762 2
2763 2763 2
2764 2764 2
2765 2765 -2
2766 2766 2
2767 2767 2
2769 2769 -2
2771 2771 -2
2774 2774 2
2775 2775 2
2776 2776 -2
2778 2778 4
2779 2779 2
2780 2780 2
2781 2781 -2
2782 2782 2
2783 2783 2
2784 2784 -2
2786 2786 -2
2787 2787 -2
2791 2791 -2
2792 2792 -4
2793 2793 -2
2794 2794 -2
2797 2797 2
2798 2798 4
2800 2800 -2
2801 2801 -4
2802 2802 -2
2804 2804 2
2805 2805 2
2806 2806 -2
2807 2807 2
2808 2808 2
2811 2811 -2
2812 2812 2
2813 2813 -4
2814 2814 2
2815 2815 2
2816 2816 -2
2818 2818 -4
2819 2819 2
2820 2820 2
2821 2821 2
2824 2824 -2
2825 2825 -4
2826 2826 -4
2827 2827 -2
2828 2828 -2
2829 2829 2
2833 2833 -2
2834 2834 2
2840 2840 2
2841 2841 -2
2842 2842 -2
2843 2843 2
2845 2845 -2
2847 2847 2
2848 2848 2
2849 2849 2
2850 2850 2
2851 2851 -4
2853 2853 2
2855 2855 2
2856 2856 4
2857 2857 2
2858 2858 2
2861 2861 -2
2862 2862 2
2863 2863 2
2864 2864 2
2865 2865 -2
2866 2866 -2
2867 2867 -4
2868 2868 2
2869 2869 -2
2870 2870 -2
2871 2871 -4
2872 2872 -2
2873 2873 2
2874 2874 4
2875 2875 2
2877 2877 4
2878 2878 2
2879 2879 4
2881 2881 -2
2882 2882 2
2883 2883 2
2884 2884 4
2885 2885 4
2886 2886 2
2888 2888 -4
2890 2890 -4
2891 2891 -4
2892 2892 -2
2893 2893 -2
2894 2894 2
2895 2895 2
2897 2897 2
2898 2898 -2
2899 2899 -2
2900 2900 2
2901 2901 2
2902 2902 -2
2905 2905 2
2906 2906 -4
2907 2907 -2
2909 2909 -2
2910 2910 2
2914 2914 -2
2916 2916 -2
2917 2917 4
2918 2918 2
2919 2919 -2
2920 2920 2
2921 2921 2
2922 2922 2
2923 2923 2
2924 2924 2
2926 2926 -2
2927 2927 -2
2928 2928 4
2929 2929 -2
2931 2931 2
2932 2932 2
2934 2934 2
2935 2935 -4
2937 2937 -2
2945 2945 2
2948 2948 -2
2949 2949 2
2951 2951 -2
2955 2955 4
2956 2956 2
2958 2958 -2
2964 2964 4
2965 2965 2
2967 2967 4
2968 2968 2
2969 2969 2
2970 2970 4
2973 2973 -2
2974 2974 -2
2975 2975 2
2977 2977 -2
2978 2978 2
2979 2979 2
2980 2980 2
2981 2981 2
2984 2984 2
2985 2985 4
2986 2986 2
2989 2989 -2
2990 2990 -2
2992 2992 2
2993 2993 4
2995 2995 -2
2996 2996 -2
2999 2999 -2
3002 3002 4
3003 3003 2
3004 3004 2
3005 3005 -2
3006 3006 -2
3007 3007 -2
3008 3008 -2
3009 3009 2
3011 3011 4
3012 3012 2
3013 3013 2
3015 3015 2
3021 3021 -2
3024 3024 2
3026 3026 -2
3027 3027 2
3028 3028 -2
3029 3029 -2
3031 3031 4
3032 3032 2
3034 3034 4
3035 3035 4
3037 3037 2
3038 3038 2
3040 3040 2
3043 3043 -2
3044 3044 -2
3046 3046 2
3047 3047 -4
3050 3050 2
3051 3051 2
3052 3052 -2
3054 3054 2
3055 3055 2
3057 3057 -2
3061 3061 -2
3062 3062 -2
3064 3064 -2
3065 3065 2
3066 3066 4
3067 3067 2
3069 3069 -2
3070 3070 -2
3071 3071 -2
3072 3072 2
3075 3075 -2
3076 3076 -2
3077 3077 -2
3080 3080 2
3082 3082 4
3083 3083 4
3084 3084 -2
3085 3085 -2
3086 3086 2
3088 3088 2
3091 3091 -4
3092 3092 -4
3094 3094 4
3096 3096 2
3098 3098 -4
3099 3099 -2
3102 3102 4
3103 3103 2
3104 3104 4
3105 3105 2
3108 3108 2
3109 3109 2
3112 3112 2
3114 3114 -2
3115 3115 -2
3118 3118 4
3120 3120 2
3122 3122 -2
3124 3124 -2
3125 3125 -2
3126 3126 -2
3127 3127 -2
3129 3129 4
3130 3130 2
3131 3131 2
3132 3132 2
3136 3136 2
3140 3140 -4
3141 3141 2
3142 3142 2
3144 3144 2
3145 3145 2
3146 3146 2
3148 3148 4
3149 3149 4
3150 3150 4
3153 3153 2
3154 3154 -2
3155 3155 -2
3156 3156 2
3157 3157 -2
3160 3160 2
3161 3161 -2
3162 3162 -2
3164 3164 2
3169 3169 -4
3170 3170 -2
3172 3172 4
3173 3173 2
3176 3176 -2
3179 3179 -2
3180 3180 -2
3181 3181 -2
3183 3183 -4
3187 3187 4
3188 3188 2
3192 3192 2
3193 3193 2
3195 3195 -2
3196 3196 -2
3197 3197 2
3198 3198 4
3199 3199 2
3200 3200 -2
3202 3202 4
3203 3203 4
3204 3204 2
3206 3206 4
3207 3207 -2
3208 3208 -2
3209 3209 2
3211 3211 -2
3213 3213 4
3215 3215 2
3216 3216 2
3217 3217 2
3220 3220 4
3221 3221 4
3223 3223 2
3224 3224 -2
3225 3225 -2
3226 3226 -2
3227 3227 -2
3230 3230 2
3234 3234 -2
3236 3236 2
3240 3240 2
3242 3242 -2
3243 3243 2
3246 3246 2
3247 3247 4
3248 3248 4
3250 3250 -2
3251 3251 -2
3252 3252 2
3256 3256 -2
3257 3257 -2
3258 3258 -2
3259 3259 2
3260 3260 4
3261 3261 2
3262 3262 2
3263 3263 2
3264 3264 2
3265 3265 -2
3267 3267 -2
3270 3270 -2
3272 3272 -2
3273 3273 2
3274 3274 2
3277 3277 2
3278 3278 2
3279 3279 -2
3280 3280 2
3282 3282 2
3283 3283 2
3285 3285 2
3287 3287 2
3288 3288 -2
3290 3290 2
3291 3291 2
3293 3293 2
3294 3294 -4
3295 3295 2
3296 3296 2
3297 3297 2
3303 3303 -2
3304 3304 -2
3305 3305 -4
3306 3306 2
3307 3307 2
3310 3310 -2
3311 3311 -4
3312 3312 -2
3317 3317 -2
3319 3319 -2
3320 3320 2
3321 3321 2
3322 3322 2
3324 3324 2
3325 3325 2
3326 3326 -2
3327 3327 -4
3329 3329 2
3332 3332 2
3333 3333 2
3334 3334 2
3340 3340 2
3341 3341 2
3342 3342 -2
3344 3344 -4
3345 3345 -2
3346 3346 -2
3348 3348 -2
3352 3352 4
3353 3353 2
3355 3355 -2
3356 3356 -2
3357 3357 2
3358 3358 2
3359 3359 -2
3361 3361 2
3362 3362 -2
3364 3364 2
3367 3367 2
3371 3371 2
3373 3373 -2
3374 3374 2
3377 3377 -2
3380 3380 -2
3381 3381 -2
3384 3384 4
3385 3385 4
3386 3386 2
3390 3390 2
3391 3391 -2
3392 3392 -2
3393 3393 2
3394 3394 4
3395 3395 4
3396 3396 2
3397 3397 2
3398 3398 -2
3400 3400 2
3401 3401 -2
3402 3402 2
3404 3404 -2
3405 3405 -2
3410 3410 2
3411 3411 4
3413 3413 -2
3414 3414 -2
3415 3415 -2
3416 3416 2
3418 3418 -4
3420 3420 -4
3421 3421 2
3423 3423 2
3424 3424 2
3426 3426 2
3427 3427 2
3429 3429 -2
3430 3430 2
3431 3431 4
3432 3432 2
3433 3433 2
3434 3434 4
3443 3443 -4
3444 3444 -2
3445 3445 -4
3446 3446 -2
3447 3447 2
3448 3448 2
3449 3449 -4
3451 3451 -2
3453 3453 2
3454 3454 2
3457 3457 4
3458 3458 2
3459 3459 4
3460 3460 -2
3461 3461 -2
3463 3463 2
3464 3464 2
3465 3465 2
3468 3468 -2
3469 3469 2
3470 3470 2
3471 3471 2
3473 3473 -2
3475 3475 2
3476 3476 -2
3477 3477 -2
3478 3478 4
3481 3481 2
3483 3483 -4
3486 3486 4
3487 3487 4
3488 3488 2
3489 3489 2
3491 3491 2
3492 3492 -2
3494 3494 2
3495 3495 2
3496 3496 2
3499 3499 4
3500 3500 -2
3501 3501 -2
3502 3502 2
3503 3503 2
3504 3504 2
3505 3505 -4
3507 3507 -2
3509 3509 2
3510 3510 4
3511 3511 2
3513 3513 -2
3514 3514 2
3516 3516 2
3518 3518 2
3521 3521 4
3522 3522 2
3524 3524 -2
3526 3526 4
3527 3527 2
3528 3528 -2
3533 3533 2
3534 3534 2
3535 3535 2
3536 3536 -2
3538 3538 2
3539 3539 2
3541 3541 2
3543 3543 -2
3545 3545 2
3546 3546 -2
3547 3547 -4
3550 3550 2
3551 3551 2
3553 3553 -2
3557 3557 2
3562 3562 -2
3563 3563 -4
3565 3565 2
3571 3571 2
3572 3572 2
3573 3573 2
3574 3574 2
3576 3576 2
3579 3579 -2
3581 3581 2
3582 3582 -2
3583 3583 -2
3588 3588 4
3589 3589 2
3590 3590 2
3591 3591 2
3592 3592 4
3594 3594 -2
3596 3596 2
3597 3597 4
3598 3598 2
3600 3600 2
3601 3601 -2
3602 3602 -2
3603 3603 -2
3604 3604 2
3606 3606 -2
3607 3607 2
3608 3608 -2
3610 3610 2
3613 3613 -2
3614 3614 2
3617 3617 -2
3621 3621 2
3623 3623 -2
3625 3625 2
3626 3626 2
3627 3627 4
3628 3628 2
3629 3629 4
3630 3630 4
3632 3632 -2
3633 3633 -2
3635 3635 2
3636 3636 2
3638 3638 -4
3640 3640 -2
3641 3641 -2
3642 3642 -4
3646 3646 2
3648 3648 -2
3649 3649 -2
3653 3653 -2
3654 3654 -2
3655 3655 -2
3658 3658 -2
3661 3661 -2
3662 3662 2
3664 3664 -2
3665 3665 -2
3667 3667 -2
3668 3668 -2
3669 3669 -2
3675 3675 -4
3676 3676 -4
3677 3677 -2
3680 3680 2
3681 3681 -2
3683 3683 -2
3684 3684 -2
3685 3685 -2
3686 3686 2
3687 3687 2
3688 3688 2
3689 3689 -2
3690 3690 -2
3691 3691 2
3693 3693 -2
3694 3694 -2
3695 3695 2
3698 3698 2
3699 3699 2
3700 3700 -2
3701 3701 -2
3703 3703 2
3704 3704 4
3705 3705 2
3706 3706 -2
3707 3707 -4
3709 3709 2
3711 3711 -2
3712 3712 -2
3713 3713 2
3714 3714 2
3715 3715 2
3718 3718 2
3719 3719 -2
3721 3721 -2
3722 3722 -2
3723 3723 2
3724 3724 4
3725 3725 2
3726 3726 2
3727 3727 4
3729 3729 2
3730 3730 -2
3731 3731 2
3733 3733 -2
3734 3734 -2
3735 3735 2
3737 3737 -2
3738 3738 2
3739 3739 -2
3747 3747 -2
3752 3752 2
3755 3755 -2
3757 3757 2
3758 3758 2
3759 3759 -2
3760 3760 -2
3761 3761 2
3762 3762 2
3767 3767 -2
3770 3770 -4
3771 3771 -4
3772 3772 -4
3773 3773 -2
3775 3775 2
3776 3776 -2
3777 3777 -4
3779 3779 2
3781 3781 2
3783 3783 -2
3784 3784 -2
3785 3785 -2
3786 3786 -2
3787 3787 -2
3788 3788 -2
3789 3789 -2
3791 3791 -2
3793 3793 4
3794 3794 2
3795 3795 4
3797 3797 4
3798 3798 -2
3800 3800 -4
3802 3802 2
3803 3803 2
3804 3804 -2
3806 3806 2
3809 3809 -4
3810 3810 2
3811 3811 2
3812 3812 4
3813 3813 2
3814 3814 2
3816 3816 2
3817 3817 -2
3818 3818 -2
3819 3819 2
3820 3820 -2
3825 3825 -2
3826 3826 -4
3828 3828 -2
3829 3829 -2
3830 3830 2
3831 3831 2
3832 3832 2
3833 3833 -2
3834 3834 -2
3835 3835 -4
3836 3836 -2
3837 3837 2
3838 3838 2
3839 3839 -2
3840 3840 2
3841 3841 -2
3842 3842 -2
3844 3844 2
3845 3845 2
3846 3846 -2
3847 3847 -2
3848 3848 -2
3851 3851 -2
3853 3853 2
3856 3856 -2
3857 3857 -2
3858 3858 2
3860 3860 2
3862 3862 -2
3863 3863 2
3864 3864 2
3866 3866 -2
3867 3867 -2
3869 3869 2
3870 3870 -4
3872 3872 2
3873 3873 4
3874 3874 -2
3875 3875 -4
3876 3876 -2
3877 3877 -2
3878 3878 2
3879 3879 2
3880 3880 2
3881 3881 -2
3882 3882 2
3883 3883 2
3884 3884 -2
3886 3886 4
3891 3891 -4
3892 3892 -2
3893 3893 -4
3895 3895 4
3896 3896 2
3897 3897 4
3899 3899 -2
3900 3900 2
3901 3901 2
3902 3902 2
3906 3906 2
3907 3907 2
3909 3909 -2
3910 3910 2
3912 3912 2
3913 3913 -2
3914 3914 -2
3917 3917 -2
3918 3918 2
3919 3919 4
3921 3921 -2
3922 3922 2
3923 3923 2
3926 3926 -2
3927 3927 -2
3928 3928 4
3929 3929 2
3930 3930 2
3934 3934 2
3935 3935 -2
3936 3936 2
3938 3938 4
3939 3939 4
3941 3941 2
3942 3942 2
3943 3943 2
3944 3944 -2
3945 3945 -2
3947 3947 -2
3948 3948 2
3949 3949 2
3950 3950 2
3952 3952 2
3955 3955 2
3956 3956 2
3957 3957 -4
3958 3958 -2
3960 3960 -2
3962 3962 2
3964 3964 2
3966 3966 -2
3967 3967 2
3969 3969 -2
3973 3973 4
3974 3974 4
3975 3975 2
3976 3976 4
3977 3977 2
3978 3978 -4
3979 3979 -4
3980 3980 -2
3982 3982 2
3983 3983 2
3984 3984 2
3985 3985 2
3986 3986 -2
3987 3987 -2
3991 3991 -4
3993 3993 2
3994 3994 2
3995 3995 2
3996 3996 2
3997 3997 -4
3999 3999 2
4001 4001 -4
4002 4002 2
4003 4003 -2
4004 4004 2
4005 4005 2
4006 4006 2
4007 4007 -2
4009 4009 -2
4010 4010 -2
4014 4014 2
4016 4016 2
4018 4018 -2
4019 4019 2
4023 4023 -4
4024 4024 -2
4025 4025 2
4026 4026 2
4027 4027 -2
4028 4028 -4
4032 4032 -2
4033 4033 -2
4034 4034 -2
4035 4035 2
4036 4036 2
4037 4037 2
4039 4039 -2
4040 4040 -4
4042 4042 -2
4047 4047 2
4048 4048 -2
4049 4049 -2
4051 4051 2
4054 4054 -2
4055 4055 2
4056 4056 -2
4058 4058 4
4060 4060 2
4063 4063 2
4065 4065 4
4066 4066 2
4067 4067 -2
4068 4068 -2
4069 4069 -2
4070 4070 -2
4071 4071 -2
4074 4074 2
4075 4075 4
4077 4077 -2
4081 4081 -2
4085 4085 -2
4086 4086 -2
4088 4088 -2
4091 4091 -4
4092 4092 -2
4093 4093 -4
4094 4094 -4
4098 4098 -2
4099 4099 2
4100 4100 2
4101 4101 2
4103 4103 -2
4106 4106 2
4108 4108 -2
4109 4109 -2
4110 4110 2
4111 4111 2
4112 4112 2
4114 4114 -2
4115 4115 -2
4116 4116 -2
4117 4117 -2
4118 4118 -4
4119 4119 -2
4121 4121 -2
4122 4122 2
4124 4124 2
4125 4125 2
4126 4126 -2
4129 4129 -2
4131 4131 2
4133 4133 2
4135 4135 4
4136 4136 2
4137 4137 -2
4139 4139 2
4141 4141 -4
4142 4142 -2
4145 4145 4
4146 4146 2
4148 4148 2
4149 4149 4
4150 4150 2
4152 4152 2
4154 4154 -2
4157 4157 -2
4158 4158 -2
4160 4160 2
4161 4161 -2
4163 4163 -2
4165 4165 2
4166 4166 2
4167 4167 4
4168 4168 2
4169 4169 2
4170 4170 -4
4171 4171 -2
4174 4174 2
4176 4176 -2
4180 4180 2
4183 4183 -2
4186 4186 -2
4188 4188 -2
4189 4189 -2
4193 4193 -4
4196 4196 -2
4199 4199 -2
4200 4200 -2
4201 4201 2
4203 4203 2
4205 4205 4
4206 4206 4
4209 4209 -2
4211 4211 2
4212 4212 -2
4213 4213 2
4215 4215 -2
4216 4216 2
4217 4217 2
4218 4218 2
4219 4219 2
4220 4220 -4
4221 4221 -2
4223 4223 -2
4224 4224 -2
4230 4230 2
4231 4231 -2
4232 4232 -2
4233 4233 -4
4234 4234 -2
4235 4235 -2
4238 4238 -2
4240 4240 -2
4241 4241 -2
4243 4243 2
4245 4245 -4
4246 4246 -2
4247 4247 2
4248 4248 -2
4249 4249 2
4250 4250 2
4251 4251 2
4252 4252 -2
4255 4255 -4
4257 4257 2
4258 4258 -2
4261 4261 2
4262 4262 2
4263 4263 2
4264 4264 2
4265 4265 2
4267 4267 -2
4268 4268 -2
4269 4269 -2
4271 4271 2
4272 4272 -2
4273 4273 -2
4276 4276 2
4277 4277 -2
4280 4280 -2
4282 4282 2
4284 4284 -2
4286 4286 2
4287 4287 2
4288 4288 -2
4289 4289 4
4290 4290 2
4292 4292 2
4294 4294 -2
4297 4297 -2
4298 4298 -2
4299 4299 -2
4300 4300 2
4301 4301 2
4302 4302 4
4305 4305 -2
4306 4306 2
4308 4308 -2
4309 4309 -4
4310 4310 2
4314 4314 4
4315 4315 -2
4316 4316 -2
4320 4320 2
4321 4321 -2
4322 4322 -2
4324 4324 -2
4325 4325 -4
4326 4326 2
4327 4327 4
4329 4329 -2
4330 4330 2
4335 4335 -2
4336 4336 -2
4339 4339 2
4340 4340 -4
4342 4342 2
4343 4343 -2
4345 4345 2
4346 4346 2
4347 4347 -4
4349 4349 2
4351 4351 -2
4352 4352 2
4356 4356 -2
4357 4357 2
4363 4363 -2
4366 4366 -2
4370 4370 2
4372 4372 4
4373 4373 -2
4374 4374 -2
4375 4375 -2
4379 4379 -2
4381 4381 -4
4383 4383 -2
4384 4384 2
4385 4385 -2
4387 4387 2
4388 4388 2
4390 4390 2
4391 4391 2
4394 4394 -2
4395 4395 -2
4398 4398 -2
4400 4400 2
4405 4405 -2
4407 4407 -2
4408 4408 -2
4410 4410 -2
4411 4411 2
4412 4412 -2
4413 4413 -4
4414 4414 -2
4415 4415 2
4416 4416 -2
4417 4417 -4
4419 4419 2
4420 4420 -2
4422 4422 2
4424 4424 -4
4426 4426 2
4428 4428 -2
4430 4430 2
4431 4431 2
4433 4433 -4
4434 4434 -2
4435 4435 2
4440 4440 2
4441 4441 2
4442 4442 4
4449 4449 -2
4451 4451 2
4452 4452 4
4455 4455 -2
4457 4457 2
4458 4458 -4
4459 4459 -2
4460 4460 2
4461 4461 2
4462 4462 -2
4467 4467 2
4469 4469 2
4470 4470 -2
4472 4472 -2
4476 4476 -2
4477 4477 -4
4478 4478 -4
4480 4480 -2
4481 4481 2
4482 4482 -2
4483 4483 -2
4485 4485 -2
4488 4488 -2
4489 4489 4
4490 4490 -2
4492 4492 -2
4493 4493 2
4495 4495 2
4496 4496 2
4498 4498 -2
4499 4499 -4
4500 4500 -2
4502 4502 -2
4506 4506 2
4507 4507 -2
4510 4510 2
4511 4511 2
4513 4513 2
4515 4515 -2
4519 4519 2
4521 4521 -2
4522 4522 -2
4523 4523 -2
4524 4524 4
4525 4525 2
4526 4526 2
4529 4529 -2
4532 4532 -2
4533 4533 2
4535 4535 -2
4536 4536 -2
4537 4537 -4
4540 4540 -2
4541 4541 2
4542 4542 -2
4543 4543 -2
4545 4545 2
4546 4546 2
4548 4548 -2
4551 4551 2
4552 4552 -2
4554 4554 2
4555 4555 -2
4556 4556 4
4557 4557 2
4559 4559 4
4561 4561 2
4562 4562 -2
4563 4563 2
4564 4564 2
4565 4565 2
4567 4567 2
4568 4568 -2
4570 4570 2
4571 4571 -2
4572 4572 -2
4573 4573 2
4577 4577 -4
4578 4578 -2
4579 4579 -2
4580 4580 2
4581 4581 -2
4582 4582 -2
4583 4583 2
4584 4584 2
4586 4586 -2
4587 4587 -2
4590 4590 -2
4591 4591 -2
4592 4592 -2
4593 4593 -2
4594 4594 -2
4595 4595 -4
4597 4597 -2
4599 4599 -4
4601 4601 4
4603 4603 4
4604 4604 2
4606 4606 -2
4607 4607 -2
4610 4610 4
4611 4611 2
4612 4612 -2
4613 4613 2
4614 4614 -2
4615 4615 -2
4616 4616 2
4619 4619 2
4621 4621 2
4624 4624 -2
4625 4625 -4
4626 4626 2
4627 4627 -2
4628 4628 -4
4629 4629 2
4632 4632 -4
4633 4633 -2
4634 4634 -2
4636 4636 2
4638 4638 -4
4639 4639 2
4640 4640 4
4641 4641 -2
4642 4642 -2
4643 4643 2
4644 4644 2
4645 4645 4
4648 4648 2
4649 4649 -2
4650 4650 -2
4651 4651 -2
4653 4653 4
4654 4654 2
4656 4656 -2
4657 4657 -2
4658 4658 -2
4659 4659 -2
4660 4660 -2
4661 4661 -2
4662 4662 -2
4664 4664 -2
4665 4665 -2
4667 4667 -4
4669 4669 -2
4670 4670 -2
4671 4671 2
4672 4672 2
4673 4673 2
4675 4675 4
4676 4676 2
4679 4679 -4
4680 4680 2
4685 4685 2
4687 4687 2
4692 4692 2
4693 4693 2
4694 4694 2
4695 4695 2
4696 4696 4
4697 4697 2
4698 4698 -2
4699 4699 -2
4700 4700 -2
4701 4701 -2
4702 4702 -2
4703 4703 4
4705 4705 -2
4706 4706 -2
4707 4707 -2
4711 4711 -2
4713 4713 -2
4714 4714 -2
4715 4715 2
4716 4716 -4
4717 4717 -2
4718 4718 2
4719 4719 2
4720 4720 -2
4721 4721 -2
4722 4722 -2
4724 4724 2
4725 4725 2
4727 4727 2
4729 4729 -2
4730 4730 -2
4731 4731 -4
4732 4732 -2
4733 4733 -2
4734 4734 -4
4735 4735 -2
4736 4736 2
4737 4737 -2
4740 4740 -2
4744 4744 2
4745 4745 4
4746 4746 2
4747 4747 -2
4749 4749 -4
4754 4754 2
4756 4756 -4
4757 4757 2
4758 4758 2
4761 4761 4
4762 4762 2
4763 4763 -2
4764 4764 2
4765 4765 2
4769 4769 -2
4770 4770 -2
4771 4771 2
4772 4772 -2
4773 4773 -2
4774 4774 -2
4777 4777 2
4779 4779 -2
4782 4782 2
4784 4784 -2
4787 4787 2
4789 4789 -2
4790 4790 -2
4791 4791 2
4792 4792 -2
4795 4795 -4
4796 4796 -2
4799 4799 -2
4800 4800 -2
4801 4801 -4
4802 4802 -4
4803 4803 -2
4805 4805 -2
4807 4807 -2
4808 4808 2
4809 4809 2
4810 4810 -2
4812 4812 2
4814 4814 -4
4815 4815 -2
4817 4817 -2
4819 4819 -4
4820 4820 -2
4821 4821 4
4822 4822 2
4823 4823 -2
4824 4824 -2
4825 4825 2
4826 4826 -2
4828 4828 2
4830 4830 -4
4836 4836 -2
4837 4837 -2
4838 4838 -2
4839 4839 -4
4840 4840 -2
4841 4841 2
4842 4842 -2
4843 4843 -2
4844 4844 -2
4845 4845 2
4848 4848 -2
4849 4849 -2
4850 4850 4
4853 4853 2
4856 4856 -2
4857 4857 2
4858 4858 2
4860 4860 2
4861 4861 4
4863 4863 -2
4864 4864 -2
4865 4865 -2
4867 4867 -4
4868 4868 -2
4869 4869 2
4870 4870 2
4871 4871 2
4873 4873 -2
4875 4875 2
4878 4878 2
4879 4879 4
4881 4881 -2
4883 4883 -2
4884 4884 -4
4885 4885 -2
4888 4888 2
4889 4889 -2
4890 4890 -2
4892 4892 -2
4893 4893 -2
4894 4894 2
4897 4897 -2
4898 4898 2
4899 4899 2
4901 4901 -2
4902 4902 -2
4904 4904 -2
4906 4906 -2
4908 4908 2
4909 4909 -2
4911 4911 2
4912 4912 -4
4913 4913 -2
4914 4914 -2
4915 4915 -2
4916 4916 -2
4917 4917 -2
4918 4918 -2
4919 4919 -4
4921 4921 -2
4925 4925 4
4926 4926 -2
4928 4928 4
4929 4929 4
4930 4930 4
4931 4931 4
4932 4932 2
4933 4933 -4
4935 4935 -2
4936 4936 -2
4937 4937 -2
4938 4938 -2
4939 4939 -2
4941 4941 -2
4944 4944 4
4945 4945 4
4946 4946 2
4952 4952 4
4953 4953 2
4956 4956 -2
4957 4957 -2
4958 4958 -2
4959 4959 -2
4961 4961 -2
4964 4964 2
4967 4967 2
4972 4972 4
4973 4973 2
4976 4976 -2
4977 4977 2
4979 4979 -4
4981 4981 -2
4983 4983 4
4984 4984 2
4986 4986 2
4988 4988 2
4989 4989 -2
4991 4991 -2
4993 4993 -2
4994 4994 -2
4995 4995 2
4996 4996 -2
4997 4997 2
4998 4998 2
5000 5000 2
5004 5004 2
5007 5007 -2
5011 5011 -2
5012 5012 2
5013 5013 -4
5015 5015 2
5016 5016 2
5017 5017 2
5020 5020 -2
5024 5024 2
5025 5025 4
5026 5026 2
5027 5027 2
5029 5029 2
5030 5030 4
5032 5032 2
5035 5035 2
5036 5036 -2
5037 5037 4
5038 5038 -2
5039 5039 2
5040 5040 -2
5041 5041 -2
5042 5042 2
5043 5043 4
5044 5044 2
5045 5045 -4
5046 5046 -4
5047 5047 -2
5048 5048 -4
5049 5049 -2
5050 5050 2
5051 5051 2
5054 5054 -2
5055 5055 -2
5057 5057 -2
5058 5058 2
5059 5059 -2
5060 5060 -2
5062 5062 2
5063 5063 -2
5064 5064 -4
5066 5066 -4
5067 5067 -2
5068 5068 -2
5069 5069 -2
5070 5070 4
5071 5071 2
5072 5072 -4
5073 5073 -2
5078 5078 2
5079 5079 -2
5084 5084 2
5085 5085 -2
5086 5086 -2
5087 5087 2
5088 5088 -2
5089 5089 -2
5095 5095 2
5096 5096 2
5098 5098 -2
5100 5100 2
5101 5101 -4
5103 5103 4
5105 5105 2
5106 5106 -2
5107 5107 2
5108 5108 -2
5109 5109 2
5110 5110 2
5111 5111 -4
5112 5112 -2
5113 5113 -2
5114 5114 -2
5116 5116 -2
5119 5119 2
5120 5120 2
5127 5127 -2
5128 5128 2
5129 5129 2
5130 5130 4
5131 5131 2
5133 5133 -2
5134 5134 -4
5135 5135 2
5137 5137 2
5138 5138 -2
5139 5139 -4
5140 5140 -2
5141 5141 2
5142 5142 -2
5144 5144 4
5145 5145 -2
5146 5146 -4
5147 5147 -2
5149 5149 2
5150 5150 2
5151 5151 4
5152 5152 2
5153 5153 -2
5155 5155 -2
5158 5158 -2
5159 5159 -2
5161 5161 -4
5163 5163 -2
5164 5164 2
5165 5165 2
5166 5166 -2
5167 5167 -2
5168 5168 -4
5172 5172 2
5173 5173 2
5174 5174 2
5175 5175 2
5176 5176 2
5179 5179 2
5180 5180 2
5181 5181 -2
5182 5182 -2
5186 5186 -4
5188 5188 2
5190 5190 -2
5191 5191 2
5193 5193 -2
5194 5194 2
5197 5197 4
5198 5198 2
5199 5199 -4
5200 5200 -2
5202 5202 -2
5203 5203 -2
5205 5205 4
5207 5207 4
5208 5208 2
5210 5210 -4
5211 5211 -2
5212 5212 -2
5213 5213 4
5214 5214 2
5216 5216 -2
5217 5217 -2
5220 5220 2
5224 5224 2
5225 5225 -2
5226 5226 -4
5227 5227 -2
5228 5228 2
5230 5230 -2
5231 5231 -4
5232 5232 -4
5233 5233 -4
5234 5234 2
5235 5235 -2
5236 5236 -2
5237 5237 -2
5239 5239 2
5241 5241 4
5242 5242 2
5244 5244 4
5245 5245 2
5251 5251 -2
5253 5253 2
5256 5256 -2
5257 5257 2
5258 5258 4
5259 5259 2
5261 5261 -2
5262 5262 -4
5263 5263 -2
5265 5265 -2
5268 5268 -2
5269 5269 -2
5270 5270 -2
5271 5271 -2
5272 5272 -2
5273 5273 -4
5274 5274 -4
5276 5276 -2
5278 5278 4
5279 5279 2
5283 5283 -2
5284 5284 -2
5285 5285 -2
5291 5291 2
5292 5292 4
5296 5296 -2
5297 5297 -2
5299 5299 -2
5301 5301 -2
5303 5303 -2
5304 5304 2
5306 5306 2
5307 5307 2
5308 5308 2
5310 5310 2
5311 5311 2
5312 5312 -2
5314 5314 -2
5315 5315 2
5318 5318 -2
5319 5319 2
5320 5320 -4
5321 5321 -4
5322 5322 -2
5323 5323 -2
5324 5324 -2
5325 5325 -2
5327 5327 2
5329 5329 2
5331 5331 2
5332 5332 2
5335 5335 2
5336 5336 4
5337 5337 -2
5338 5338 -4
5339 5339 -4
5340 5340 -2
5341 5341 -2
5343 5343 -2
5344 5344 -2
5345 5345 2
5346 5346 4
5349 5349 -2
5350 5350 -4
5352 5352 2
5353 5353 -2
5354 5354 2
5355 5355 -2
5358 5358 -4
5359 5359 2
5360 5360 -2
5361 5361 2
5362 5362 4
5365 5365 2
5367 5367 -2
5368 5368 2
5369 5369 2
5373 5373 -2
5374 5374 2
5376 5376 -2
5377 5377 -2
5378 5378 -2
5379 5379 2
5380 5380 4
5382 5382 -4
5383 5383 2
5384 5384 2
5387 5387 -2
5391 5391 -2
5392 5392 -4
5393 5393 -4
5395 5395 -2
5397 5397 2
5398 5398 -2
5399 5399 -2
5405 5405 -2
5409 5409 -2
5413 5413 4
5414 5414 4
5416 5416 -2
5418 5418 2
5419 5419 4
5420 5420 -2
5423 5423 -2
5424 5424 -2
5426 5426 -2
5427 5427 -2
5430 5430 -2
5431 5431 -2
5432 5432 2
5433 5433 -2
5434 5434 -2
5440 5440 -2
5442 5442 -2
5446 5446 2
5447 5447 2
5449 5449 2
5450 5450 -2
5451 5451 -2
5454 5454 2
5455 5455 -2
5457 5457 -2
5458 5458 2
5459 5459 2
5461 5461 -2
5462 5462 -2
5463 5463 -2
5464 5464 -2
5465 5465 -2
5466 5466 -2
5467 5467 -2
5473 5473 -4
5475 5475 2
5477 5477 -2
5479 5479 -2
5480 5480 -4
5481 5481 2
5482 5482 2
5485 5485 -4
5487 5487 2
5491 5491 4
5492 5492 4
5493 5493 4
5495 5495 -2
5496 5496 -2
5498 5498 -2
5499 5499 -4
5501 5501 -2
5502 5502 2
5504 5504 -2
5505 5505 -2
5507 5507 4
5509 5509 -2
5513 5513 4
5515 5515 2
5516 5516 2
5517 5517 2
5519 5519 4
5520 5520 -2
5521 5521 -4
5522 5522 -2
5525 5525 -4
5526 5526 2
5527 5527 2
5530 5530 -4
5533 5533 -2
5535 5535 2
5536 5536 -4
5537 5537 -2
5540 5540 2
5542 5542 -2
5543 5543 -4
5545 5545 4
5546 5546 2
5547 5547 2
5551 5551 4
5556 5556 2
5558 5558 2
5559 5559 -2
5561 5561 2
5562 5562 2
5563 5563 4
5564 5564 4
5566 5566 -2
5568 5568 -2
5570 5570 -2
5572 5572 -2
5573 5573 -2
5574 5574 -2
5575 5575 -2
5576 5576 -2
5577 5577 4
5578 5578 2
5581 5581 -2
5582 5582 2
5583 5583 4
5584 5584 -2
5585 5585 2
5586 5586 4
5587 5587 2
5588 5588 2
5591 5591 -2
5592 5592 -4
5593 5593 -2
5595 5595 2
5596 5596 4
5597 5597 4
5602 5602 2
5603 5603 2
5604 5604 2
5605 5605 2
5606 5606 -2
5607 5607 -2
5609 5609 -2
5611 5611 2
5612 5612 2
5614 5614 -2
5615 5615 -2
5617 5617 2
5620 5620 -4
5621 5621 -2
5622 5622 -2
5623 5623 2
5624 5624 -2
5625 5625 2
5626 5626 2
5627 5627 -2
5628 5628 -2
5630 5630 2
5631 5631 2
5633 5633 4
5634 5634 2
5635 5635 2
5638 5638 -2
5639 5639 -2
5640 5640 -4
5647 5647 2
5650 5650 2
5651 5651 -4
5652 5652 -2
5653 5653 2
5655 5655 -2
5656 5656 -2
5657 5657 -2
5658 5658 2
5659 5659 2
5664 5664 -2
5665 5665 2
5666 5666 4
5667 5667 2
5669 5669 4
5670 5670 4
5672 5672 2
5673 5673 4
5674 5674 4
5676 5676 -2
5677 5677 2
5679 5679 -2
5680 5680 -2
5682 5682 2
5683 5683 4
5684 5684 4
5685 5685 2
5688 5688 -2
5693 5693 2
5694 5694 -2
5695 5695 2
5696 5696 2
5698 5698 -2
5699 5699 -2
5701 5701 2
5702 5702 2
5703 5703 2
5705 5705 2
5713 5713 2
5714 5714 4
5715 5715 2
5716 5716 2
5717 5717 -4
5718 5718 -4
5720 5720 2
5722 5722 -2
5723 5723 4
5724 5724 2
5725 5725 -2
5726 5726 -2
5727 5727 4
5728 5728 2
5730 5730 -2
5731 5731 -2
5733 5733 -2
5735 5735 2
5736 5736 2
5737 5737 2
5739 5739 2
5740 5740 2
5741 5741 -2
5742 5742 -4
5743 5743 2
5744 5744 2
5746 5746 -2
5747 5747 -2
5748 5748 -2
5749 5749 2
5750 5750 2
5751 5751 4
5755 5755 4
5758 5758 2
5759 5759 -2
5760 5760 2
5761 5761 2
5762 5762 -2
5763 5763 4
5764 5764 2
5766 5766 -2
5767 5767 -4
5768 5768 -2
5769 5769 -4
5771 5771 4
5772 5772 2
5773 5773 4
5774 5774 2
5775 5775 4
5776 5776 4
5777 5777 4
5778 5778 -2
5779 5779 -4
5780 5780 -4
5782 5782 4
5783 5783 2
5785 5785 -2
5786 5786 -2
5787 5787 -4
5788 5788 -2
5789 5789 -2
5790 5790 -4
5793 5793 -2
5794 5794 -2
5796 5796 -2
5797 5797 2
5798 5798 -2
5799 5799 -4
5801 5801 2
5802 5802 -2
5804 5804 2
5805 5805 4
5806 5806 4
5809 5809 2
5810 5810 -2
5813 5813 2
5814 5814 -4
5815 5815 2
5818 5818 -4
5820 5820 -2
5822 5822 -2
5828 5828 2
5830 5830 -4
5832 5832 2
5833 5833 4
5835 5835 -2
5837 5837 2
5838 5838 2
5839 5839 -2
5840 5840 -2
5841 5841 4
5843 5843 -2
5845 5845 4
5846 5846 2
5848 5848 -2
5850 5850 -2
5851 5851 2
5852 5852 -2
5855 5855 -4
5856 5856 -2
5857 5857 -2
5858 5858 4
5859 5859 4
5861 5861 -4
5863 5863 -2
5864 5864 -2
5865 5865 2
5866 5866 -2
5867 5867 -2
5869 5869 -2
5870 5870 -4
5871 5871 2
5874 5874 -2
5875 5875 -2
5876 5876 2
5877 5877 2
5878 5878 2
5879 5879 -2
5880 5880 2
5881 5881 -2
5882 5882 -2
5884 5884 -4
5888 5888 -2
5890 5890 -2
5892 5892 -2
5893 5893 -4
5896 5896 2
5897 5897 2
5900 5900 -2
5901 5901 -2
5902 5902 -2
5903 5903 -2
5904 5904 -2
5905 5905 2
5907 5907 -2
5908 5908 -2
5909 5909 2
5913 5913 -2
5918 5918 2
5920 5920 -4
5922 5922 -2
5923 5923 -2
5924 5924 2
5926 5926 -2
5927 5927 -2
5928 5928 2
5929 5929 2
5930 5930 2
5932 5932 2
5933 5933 2
5934 5934 2
5935 5935 2
5936 5936 -4
5937 5937 -2
5938 5938 2
5939 5939 2
5940 5940 -2
5941 5941 4
5942 5942 4
5943 5943 -2
5944 5944 -2
5945 5945 2
5949 5949 -2
5950 5950 4
5951 5951 -2
5952 5952 2
5953 5953 2
5954 5954 -2
5955 5955 -4
5956 5956 2
5957 5957 4
5960 5960 2
5961 5961 2
5962 5962 2
5965 5965 -2
5966 5966 2
5969 5969 -2
5970 5970 -2
5971 5971 -2
5973 5973 2
5974 5974 4
5975 5975 2
5976 5976 -2
5977 5977 2
5978 5978 2
5979 5979 2
5980 5980 -2
5981 5981 -2
5983 5983 4
5984 5984 4
5986 5986 -2
5987 5987 -2
5989 5989 2
5990 5990 2
5991 5991 -2
5994 5994 -2
5995 5995 -2
5996 5996 -2
5997 5997 2
5998 5998 2
5999 5999 -2
6000 6000 -4
6001 6001 2
6002 6002 2
6003 6003 -2
6005 6005 4
6010 6010 -2
6012 6012 -2
6014 6014 -2
6016 6016 2
6018 6018 -2
6019 6019 -2
6022 6022 2
6023 6023 -4
6024 6024 -2
6026 6026 4
6027 6027 2
6029 6029 2
6030 6030 2
6032 6032 2
6035 6035 2
6036 6036 -2
6044 6044 4
6046 6046 -2
6047 6047 2
6050 6050 2
6051 6051 2
6052 6052 2
6053 6053 4
6054 6054 2
6055 6055 2
6056 6056 2
6058 6058 -2
6059 6059 2
6060 6060 2
6061 6061 -2
6063 6063 -2
6065 6065 2
6066 6066 2
6067 6067 4
6068 6068 4
6069 6069 2
6071 6071 4
6072 6072 4
6073 6073 2
6076 6076 -4
6078 6078 -2
6079 6079 -2
6081 6081 2
6083 6083 2
6085 6085 -2
6087 6087 2
6088 6088 4
6089 6089 2
6090 6090 -2
6092 6092 2
6094 6094 2
6095 6095 4
6096 6096 2
6097 6097 2
6098 6098 4
6099 6099 2
6100 6100 2
6101 6101 -2
6102 6102 2
6104 6104 -2
6105 6105 2
6106 6106 -2
6107 6107 -2
6111 6111 2
6112 6112 2
6113 6113 -4
6115 6115 2
6116 6116 4
6117 6117 4
6120 6120 4
6121 6121 2
6123 6123 2
6124 6124 -2
6126 6126 2
6127 6127 2
6130 6130 -2
6131 6131 -2
6132 6132 -2
6133 6133 -4
6134 6134 -2
6135 6135 2
6137 6137 2
6139 6139 -2
6140 6140 -4
6141 6141 -2
6143 6143 2
6144 6144 -2
6146 6146 -2
6147 6147 2
6149 6149 -2
6151 6151 4
6152 6152 4
6153 6153 4
6154 6154 2
6156 6156 -2
6158 6158 2
6160 6160 4
6163 6163 -2
6165 6165 2
6167 6167 4
6169 6169 -2
6171 6171 -4
6172 6172 -2
6174 6174 -2
6175 6175 -2
6176 6176 2
6177 6177 2
6178 6178 4
6179 6179 2
6181 6181 -2
6182 6182 -2
6186 6186 2
6187 6187 4
6189 6189 -4
6191 6191 2
6192 6192 -2
6195 6195 2
6196 6196 -2
6197 6197 4
6198 6198 2
6199 6199 2
6200 6200 2
6201 6201 -2
6202 6202 -2
6203 6203 -2
6204 6204 2
6205 6205 2
6206 6206 -2
6207 6207 2
6208 6208 -2
6209 6209 -2
6210 6210 -4
6211 6211 -2
6212 6212 -2
6214 6214 -2
6215 6215 2
6216 6216 -4
6217 6217 -2
6218 6218 -2
6219 6219 -4
6220 6220 -2
6221 6221 4
6222 6222 2
6224 6224 -4
6225 6225 -4
6226 6226 -2
6233 6233 -2
6234 6234 -2
6235 6235 4
6236 6236 2
6237 6237 2
6238 6238 2
6239 6239 2
6240 6240 2
6241 6241 -2
6242 6242 -2
6243 6243 2
6245 6245 2
6246 6246 4
6247 6247 2
6248 6248 -2
6250 6250 -2
6251 6251 2
6252 6252 2
6253 6253 4
6254 6254 2
6255 6255 -2
6256 6256 2
6258 6258 -2
6259 6259 -2
6260 6260 -2
6262 6262 -4
6266 6266 -2
6268 6268 -2
6271 6271 -2
6274 6274 -2
6275 6275 2
6276 6276 2
6277 6277 2
6279 6279 2
6281 6281 4
6282 6282 2
6283 6283 2
6285 6285 2
6286 6286 -2
6287 6287 -2
6288 6288 -2
6289 6289 2
6291 6291 2
6293 6293 -2
6294 6294 -2
6295 6295 -2
6296 6296 -2
6297 6297 4
6298 6298 2
6299 6299 -2
6303 6303 2
6304 6304 -4
6306 6306 2
6307 6307 2
6308 6308 2
6309 6309 -2
6310 6310 -4
6311 6311 -2
6315 6315 2
6318 6318 -2
6319 6319 2
6321 6321 -2
6322 6322 2
6323 6323 2
6324 6324 2
6325 6325 -2
6327 6327 2
6333 6333 4
6334 6334 2
6339 6339 -2
6340 6340 -4
6341 6341 2
6343 6343 -2
6344 6344 -4
6345 6345 2
6348 6348 2
6350 6350 -4
6351 6351 -2
6352 6352 -2
6354 6354 -4
6355 6355 -4
6356 6356 -2
6360 6360 -4
6363 6363 -2
6364 6364 -2
6365 6365 -2
6366 6366 -2
6369 6369 -2
6371 6371 2
6372 6372 2
6373 6373 -2
6374 6374 -4
6377 6377 -2
6378 6378 -2
6380 6380 -2
6382 6382 -4
6383 6383 -2
6384 6384 -4
6388 6388 2
6389 6389 4
6390 6390 4
6392 6392 4
6394 6394 4
6395 6395 2
6397 6397 2
6398 6398 -2
6400 6400 4
6402 6402 -4
6404 6404 2
6405 6405 4
6406 6406 2
6407 6407 2
6408 6408 2
6409 6409 2
6411 6411 4
6414 6414 2
6415 6415 4
6416 6416 -2
6417 6417 -2
6418 6418 -2
6419 6419 -4
6420 6420 -2
6421 6421 -2
6426 6426 -2
6427 6427 -2
6429 6429 4
6432 6432 -2
6433 6433 2
6434 6434 4
6437 6437 -2
6439 6439 -2
6442 6442 2
6444 6444 -2
6445 6445 2
6447 6447 -2
6448 6448 -2
6449 6449 -2
6450 6450 -2
6451 6451 2
6453 6453 -2
6456 6456 2
6457 6457 4
6458 6458 2
6459 6459 2
6460 6460 4
6461 6461 -2
6462 6462 -2
6464 6464 4
6468 6468 2
6469 6469 2
6475 6475 4
6478 6478 2
6479 6479 2
6480 6480 -2
6484 6484 2
6488 6488 2
6489 6489 2
6490 6490 2
6493 6493 -2
6494 6494 2
6495 6495 -2
6498 6498 -2
6501 6501 -4
6502 6502 -2
6503 6503 2
6504 6504 2
6505 6505 -2
6506 6506 2
6508 6508 2
6509 6509 -2
6511 6511 -2
6512 6512 2
6513 6513 2
6514 6514 -2
6515 6515 2
6516 6516 -2
6517 6517 -2
6519 6519 2
6520 6520 2
6521 6521 2
6523 6523 -2
6524 6524 -2
6525 6525 2
6529 6529 -2
6534 6534 4
6537 6537 -2
6538 6538 2
6539 6539 2
6540 6540 2
6542 6542 -2
6546 6546 2
6547 6547 2
6549 6549 -2
6551 6551 -2
6552 6552 2
6553 6553 4
6555 6555 -2
6556 6556 -2
6557 6557 -2
6558 6558 2
6559 6559 2
6561 6561 2
6562 6562 4
6563 6563 2
6564 6564 2
6565 6565 -2
6567 6567 -2
6570 6570 4
6572 6572 -2
6573 6573 2
6574 6574 2
6575 6575 -2
6576 6576 2
6577 6577 -2
6583 6583 2
6584 6584 -2
6586 6586 2
6587 6587 2
6588 6588 -2
6589 6589 2
6590 6590 2
6591 6591 -2
6593 6593 4
6594 6594 -2
6596 6596 -2
6597 6597 2
6598 6598 2
6601 6601 2
6602 6602 2
6603 6603 -2
6605 6605 2
6606 6606 4
6607 6607 2
6610 6610 2
6611 6611 2
6612 6612 2
6613 6613 2
6614 6614 4
6615 6615 -2
6616 6616 -2
6617 6617 2
6620 6620 -2
6621 6621 -2
6622 6622 -2
6625 6625 -2
6627 6627 4
6630 6630 2
6631 6631 2
6633 6633 2
6634 6634 2
6636 6636 -2
6637 6637 -2
6639 6639 -2
6645 6645 2
6646 6646 4
6647 6647 2
6648 6648 2
6650 6650 -2
6652 6652 -4
6657 6657 -2
6658 6658 -2
6660 6660 2
6661 6661 2
6662 6662 4
6663 6663 4
6666 6666 -2
6667 6667 -4
6671 6671 2
6672 6672 2
6673 6673 4
6676 6676 2
6678 6678 -2
6679 6679 2
6680 6680 2
6685 6685 -2
6686 6686 -2
6687 6687 4
6690 6690 2
6692 6692 -2
6694 6694 -2
6697 6697 -2
6700 6700 2
6702 6702 -2
6704 6704 2
6705 6705 2
6707 6707 -2
6709 6709 -2
6710 6710 -2
6711 6711 -2
6712 6712 -2
6713 6713 2
6715 6715 -2
6718 6718 2
6719 6719 -2
6720 6720 -4
6723 6723 2
6724 6724 4
6725 6725 -2
6726 6726 -2
6727 6727 -2
6728 6728 -2
6730 6730 2
6732 6732 2
6734 6734 -2
6736 6736 2
6738 6738 -2
6741 6741 4
6742 6742 -2
6743 6743 -2
6745 6745 2
6746 6746 2
6747 6747 -2
6748 6748 -4
6750 6750 2
6752 6752 2
6753 6753 4
6754 6754 2
6755 6755 2
6756 6756 -2
6757 6757 2
6758 6758 4
6759 6759 2
6760 6760 -2
6761 6761 -2
6762 6762 -2
6763 6763 2
6764 6764 2
6766 6766 -2
6768 6768 2
6769 6769 -2
6770 6770 2
6774 6774 2
6776 6776 2
6777 6777 2
6779 6779 -4
6780 6780 -2
6781 6781 -4
6782 6782 -2
6785 6785 2
6787 6787 -2
6788 6788 2
6789 6789 -2
6790 6790 -2
6792 6792 2
6794 6794 -2
6795 6795 -2
6798 6798 -2
6799 6799 -2
6800 6800 -2
6802 6802 4
6808 6808 2
6809 6809 2
6810 6810 -2
6811 6811 2
6812 6812 -2
6814 6814 2
6815 6815 2
6817 6817 -2
6820 6820 -2
6824 6824 -2
6826 6826 -2
6827 6827 -2
6828 6828 -2
6829 6829 -2
6830 6830 -2
6832 6832 -2
6835 6835 2
6837 6837 2
6840 6840 2
6841 6841 -2
6844 6844 2
6845 6845 -4
6846 6846 2
6847 6847 2
6848 6848 2
6849 6849 -2
6850 6850 -2
6851 6851 -2
6853 6853 2
6854 6854 2
6855 6855 4
6856 6856 -2
6857 6857 -2
6858 6858 2
6859 6859 2
6861 6861 -2
6864 6864 2
6865 6865 2
6868 6868 -4
6869 6869 2
6871 6871 -2
6873 6873 4
6875 6875 -4
6877 6877 -2
6878 6878 2
6880 6880 -2
6882 6882 2
6883 6883 2
6884 6884 -2
6888 6888 2
6889 6889 2
6891 6891 2
6894 6894 -2
6895 6895 2
6896 6896 2
6897 6897 2
6899 6899 -2
6900 6900 -2
6901 6901 -2
6903 6903 2
6904 6904 -2
6905 6905 2
6906 6906 2
6908 6908 -4
6909 6909 2
6911 6911 -2
6912 6912 -2
6916 6916 2
6921 6921 2
6922 6922 -4
6923 6923 -2
6924 6924 2
6925 6925 2
6927 6927 -2
6928 6928 2
6930 6930 2
6931 6931 -2
6932 6932 -2
6933 6933 -2
6934 6934 2
6935 6935 2
6937 6937 2
6938 6938 2
6939 6939 2
6941 6941 2
6942 6942 -4
6943 6943 2
6946 6946 2
6947 6947 2
6948 6948 2
6949 6949 -2
6951 6951 -2
6952 6952 4
6953 6953 2
6954 6954 2
6955 6955 2
6956 6956 -2
6957 6957 -2
6960 6960 2
6961 6961 2
6962 6962 -2
6963 6963 2
6966 6966 4
6967 6967 2
6968 6968 2
6970 6970 -2
6971 6971 -2
6973 6973 -2
6975 6975 2
6976 6976 -2
6980 6980 -2
6982 6982 -2
6983 6983 -2
6984 6984 -2
6985 6985 2
6986 6986 2
6987 6987 -2
6988 6988 -4
6990 6990 -2
6991 6991 2
6992 6992 -2
6993 6993 -2
6996 6996 -2
6997 6997 -4
6998 6998 2