7000 48459 -589 1
0 7 2
0 8 2
0 10 2
0 13 2
0 16 2
0 19 2
0 22 2
0 27 2
0 32 2
0 33 2
0 37 2
0 45 2
0 63 2
0 66 2
0 70 2
0 79 2
0 90 2
0 92 2
0 93 2
0 100 2
0 104 2
0 115 2
0 120 2
0 125 2
0 145 2
0 148 2
0 161 2
0 164 2
0 191 2
0 193 2
0 198 2
0 199 2
0 206 2
0 220 2
0 221 2
0 235 2
0 243 2
0 249 2
0 258 2
0 284 2
0 294 2
0 316 2
0 317 2
0 318 2
0 328 2
0 332 2
0 342 2
0 346 2
0 349 2
0 360 2
0 361 2
0 381 2
0 399 2
0 404 2
0 407 2
0 415 2
0 445 2
0 446 2
0 448 2
0 469 2
0 483 2
0 494 2
0 507 2
0 509 2
0 513 2
0 522 2
0 535 2
0 556 2
0 560 2
0 570 2
0 594 2
0 613 2
0 620 2
0 631 2
0 643 2
0 653 2
0 655 2
0 692 2
0 722 2
0 751 2
0 754 2
0 817 2
0 825 2
0 865 2
0 920 2
0 921 2
0 959 2
0 976 2
0 1051 2
0 1082 2
0 1120 2
0 1125 2
0 1135 2
0 1156 2
0 1175 2
0 1198 2
0 1208 2
0 1213 2
0 1219 2
0 1227 2
0 1229 2
0 1308 2
0 1318 2
0 1331 2
0 1386 2
0 1396 2
0 1402 2
0 1437 2
0 1444 2
0 1465 2
0 1482 2
0 1575 2
0 1668 2
0 1706 2
0 1717 2
0 1729 2
0 1746 2
0 1760 2
0 1810 2
0 1823 2
0 1831 2
0 1863 2
0 1883 2
0 1899 2
0 1904 2
0 1906 2
0 1938 2
0 1946 2
0 1949 2
0 1973 2
0 1976 2
0 1977 2
0 1984 2
0 1995 2
0 2027 2
0 2054 2
0 2070 2
0 2085 2
0 2140 2
0 2219 2
0 2223 2
0 2225 2
0 2271 2
0 2325 2
0 2363 2
0 2481 2
0 2520 2
0 2534 2
0 2545 2
0 2560 2
0 2561 2
0 2565 2
0 2569 2
0 2590 2
0 2671 2
0 2717 2
0 2849 2
0 2916 2
0 2933 2
0 2970 2
0 2996 2
0 3032 2
0 3053 2
0 3100 2
0 3111 2
0 3133 2
0 3161 2
0 3177 2
0 3213 2
0 3250 2
0 3251 2
0 3269 2
0 3278 2
0 3286 2
0 3301 2
0 3311 2
0 3367 2
0 3381 2
0 3433 2
0 3507 2
0 3512 2
0 3520 2
0 3554 2
0 3567 2
0 3574 2
0 3704 2
0 3717 2
0 3787 2
0 3833 2
0 3857 2
0 3880 2
0 4008 2
0 4196 2
0 4240 2
0 4320 2
0 4360 2
0 4412 2
0 4422 2
0 4435 2
0 4457 2
0 4479 2
0 4499 2
0 4535 2
0 4538 2
0 4546 2
0 4562 2
0 4567 2
0 4597 2
0 4619 2
0 4641 2
0 4695 2
0 4707 2
0 4851 2
0 4899 2
0 4903 2
0 4926 2
0 4971 2
0 5136 2
0 5164 2
0 5172 2
0 5183 2
0 5189 2
0 5241 2
0 5261 2
0 5315 2
0 5404 2
0 5438 2
0 5513 2
0 5570 2
0 5666 2
0 5754 2
0 5827 2
0 5833 2
0 5994 2
0 5997 2
0 6008 2
0 6020 2
0 6031 2
0 6052 2
0 6100 2
0 6102 2
0 6186 2
0 6271 2
0 6280 2
0 6309 2
0 6349 2
0 6456 2
0 6504 2
0 6508 2
0 6641 2
0 6663 2
0 6671 2
0 6743 2
0 6764 2
0 6848 2
0 6869 2
0 6927 2
0 1 2
0 2 2
0 3 2
0 4 2
0 5 2
0 6 2
0 15 2
0 17 2
0 18 2
0 20 2
0 21 2
0 23 2
0 24 2
0 34 2
0 36 2
0 40 2
0 42 2
0 47 2
0 48 2
0 50 2
0 52 2
0 57 2
0 62 2
0 84 2
0 87 2
0 88 2
0 89 2
0 97 2
0 105 2
0 116 2
0 119 2
0 121 2
0 135 2
0 144 2
0 147 2
0 149 2
0 160 2
0 192 2
0 212 2
0 231 2
0 254 2
0 273 2
0 312 2
0 367 2
0 385 2
0 398 2
0 409 2
0 418 2
0 427 2
0 505 2
0 511 2
0 519 2
0 549 2
0 554 2
0 569 2
0 586 2
0 621 2
0 642 2
0 666 2
0 760 2
0 784 2
0 833 2
0 860 2
0 866 2
0 880 2
0 960 2
0 971 2
0 1053 2
0 1116 2
0 1124 2
0 1126 2
0 1177 2
0 1232 2
0 1244 2
0 1271 2
0 1325 2
0 1362 2
0 1372 2
0 1423 2
0 1460 2
0 1463 2
0 1492 2
0 1495 2
0 1498 2
0 1505 2
0 1511 2
0 1547 2
0 1566 2
0 1589 2
0 1634 2
0 1647 2
0 1648 2
0 1711 2
0 1718 2
0 1726 2
0 1824 2
0 1873 2
0 1920 2
0 1948 2
0 2199 2
0 2240 2
0 2302 2
0 2367 2
0 2457 2
0 2541 2
0 2578 2
0 2597 2
0 2714 2
0 2748 2
0 2810 2
0 2921 2
0 2924 2
0 3028 2
0 3054 2
0 3192 2
0 3211 2
0 3227 2
0 3239 2
0 3398 2
0 3438 2
0 3715 2
0 3751 2
0 3873 2
0 3981 2
0 4005 2
0 4048 2
0 4180 2
0 4198 2
0 4227 2
0 4230 2
0 4410 2
0 4445 2
0 4448 2
0 4466 2
0 4552 2
0 4561 2
0 4579 2
0 4698 2
0 4710 2
0 4796 2
0 4835 2
0 4916 2
0 4972 2
0 5059 2
0 5066 2
0 5074 2
0 5260 2
0 5330 2
0 5332 2
0 5382 2
0 5427 2
0 5457 2
0 5517 2
0 5649 2
0 6192 2
0 6260 2
0 6265 2
0 6321 2
0 6346 2
0 6348 2
0 6470 2
0 6484 2
0 6543 2
0 6674 2
0 6709 2
0 6786 2
0 6791 2
0 6852 2
1 5 2
1 28 2
1 47 2
1 51 2
1 64 2
1 118 2
1 124 2
1 228 2
1 234 2
1 248 2
1 249 2
1 280 2
1 283 2
1 288 2
1 307 2
1 429 2
1 431 2
1 461 2
1 463 2
1 503 2
1 568 2
1 631 2
1 677 2
1 790 2
1 820 2
1 821 2
1 833 2
1 852 2
1 952 2
1 971 2
1 1051 2
1 1066 2
1 1145 2
1 1157 2
1 1176 2
1 1180 2
1 1228 2
1 1273 2
1 1313 2
1 1348 2
1 1405 2
1 1459 2
1 1485 2
1 1496 2
1 1592 2
1 1701 2
1 1742 2
1 1808 2
1 1820 2
1 1834 2
1 1859 2
1 1893 2
1 1974 2
1 2026 2
1 2033 2
1 2043 2
1 2058 2
1 2095 2
1 2185 2
1 2265 2
1 2339 2
1 2371 2
1 2698 2
1 2759 2
1 2793 2
1 2808 2
1 2844 2
1 3019 2
1 3022 2
1 3074 2
1 3140 2
1 3186 2
1 3386 2
1 3598 2
1 3800 2
1 3868 2
1 3986 2
1 4076 2
1 4139 2
1 4163 2
1 4164 2
1 4168 2
1 4187 2
1 4333 2
1 4407 2
1 4485 2
1 4509 2
1 4634 2
1 4686 2
1 4791 2
1 4839 2
1 4859 2
1 5093 2
1 5131 2
1 5158 2
1 5253 2
1 5396 2
1 5644 2
1 5654 2
1 5858 2
1 5917 2
1 6018 2
1 6106 2
1 6196 2
1 6989 2
1 6380 2
1 6487 2
1 6528 2
1 2 2
1 3 2
1 4 2
1 6 2
1 7 2
1 9 2
1 12 2
1 13 2
1 16 2
1 19 2
1 23 2
1 29 2
1 31 2
1 32 2
1 38 2
1 49 2
1 59 2
1 73 2
1 76 2
1 91 2
1 103 2
1 107 2
1 146 2
1 150 2
1 152 2
1 159 2
1 175 2
1 183 2
1 184 2
1 195 2
1 201 2
1 204 2
1 212 2
1 225 2
1 230 2
1 233 2
1 256 2
1 272 2
1 277 2
1 278 2
1 293 2
1 297 2
1 335 2
1 337 2
1 338 2
1 339 2
1 354 2
1 356 2
1 372 2
1 379 2
1 387 2
1 412 2
1 416 2
1 419 2
1 423 2
1 488 2
1 518 2
1 528 2
1 533 2
1 583 2
1 607 2
1 632 2
1 636 2
1 733 2
1 740 2
1 742 2
1 750 2
1 799 2
1 805 2
1 854 2
1 874 2
1 890 2
1 986 2
1 1010 2
1 1035 2
1 1093 2
1 1131 2
1 1226 2
1 1231 2
1 1291 2
1 1350 2
1 1356 2
1 1381 2
1 1436 2
1 1525 2
1 1613 2
1 1617 2
1 1712 2
1 1770 2
1 1811 2
1 1866 2
1 1888 2
1 1903 2
1 1992 2
1 1994 2
1 2006 2
1 2020 2
1 2023 2
1 2041 2
1 2046 2
1 2083 2
1 2120 2
1 2184 2
1 2202 2
1 2205 2
1 2208 2
1 2209 2
1 2278 2
1 2356 2
1 2409 2
1 2427 2
1 2470 2
1 2507 2
1 2549 2
1 2614 2
1 2622 2
1 2627 2
1 2757 2
1 2769 2
1 2772 2
1 2820 2
1 2970 2
1 2997 2
1 2998 2
1 3029 2
1 3047 2
1 3119 2
1 3173 2
1 3228 2
1 3268 2
1 3306 2
1 3357 2
1 3519 2
1 3607 2
1 3685 2
1 3704 2
1 3845 2
1 3918 2
1 3925 2
1 3927 2
1 3932 2
1 3952 2
1 3984 2
1 3993 2
1 4040 2
1 4194 2
1 4216 2
1 4236 2
1 4311 2
1 4352 2
1 4377 2
1 4429 2
1 4434 2
1 4544 2
1 4554 2
1 4581 2
1 4609 2
1 4749 2
1 4757 2
1 4853 2
1 5017 2
1 5023 2
1 5063 2
1 5144 2
1 5239 2
1 5249 2
1 5273 2
1 5314 2
1 5320 2
1 5433 2
1 5535 2
1 5569 2
1 5656 2
1 5675 2
1 5799 2
1 5877 2
1 5895 2
1 5933 2
1 5953 2
1 5981 2
1 6009 2
1 6115 2
1 6137 2
1 6169 2
1 6191 2
1 6324 2
1 6969 2
1 6753 2
1 6885 2
2 27 2
2 142 2
2 211 2
2 338 2
2 693 2
2 760 2
2 1146 2
2 1240 2
2 1247 2
2 1801 2
2 2081 2
2 2211 2
2 2301 2
2 2392 2
2 2458 2
2 2528 2
2 2964 2
2 3702 2
2 3796 2
2 3892 2
2 4259 2
2 4791 2
2 6187 2
2 6748 2
2 3 2
2 7 2
2 12 2
2 15 2
2 17 2
2 26 2
2 38 2
2 41 2
2 46 2
2 63 2
2 64 2
2 66 2
2 70 2
2 72 2
2 108 2
2 109 2
2 115 2
2 120 2
2 152 2
2 167 2
2 218 2
2 237 2
2 241 2
2 272 2
2 273 2
2 279 2
2 344 2
2 453 2
2 600 2
2 652 2
2 709 2
2 729 2
2 735 2
2 739 2
2 890 2
2 910 2
2 967 2
2 1017 2
2 1047 2
2 1083 2
2 1111 2
2 1149 2
2 1176 2
2 1364 2
2 1391 2
2 1405 2
2 1542 2
2 1664 2
2 1741 2
2 1770 2
2 1837 2
2 1871 2
2 1950 2
2 1988 2
2 2089 2
2 2200 2
2 2203 2
2 2220 2
2 2279 2
2 2372 2
2 2390 2
2 2402 2
2 2467 2
2 2504 2
2 2651 2
2 2741 2
2 2742 2
2 2839 2
2 2984 2
2 3187 2
2 3353 2
2 3608 2
2 3616 2
2 3620 2
2 3655 2
2 3707 2
2 3712 2
2 3762 2
2 3772 2
2 3823 2
2 3861 2
2 3863 2
2 3878 2
2 3912 2
2 4072 2
2 4162 2
2 4233 2
2 4253 2
2 4589 2
2 4705 2
2 4706 2
2 4798 2
2 4810 2
2 4886 2
2 5244 2
2 5339 2
2 5406 2
2 5580 2
2 5639 2
2 5905 2
2 5951 2
2 6090 2
2 6383 2
2 6409 2
2 6417 2
2 6638 2
2 6732 2
3 6 2
3 27 2
3 64 2
3 119 2
3 122 2
3 142 2
3 211 2
3 276 2
3 292 2
3 301 2
3 308 2
3 342 2
3 361 2
3 385 2
3 437 2
3 443 2
3 475 2
3 483 2
3 548 2
3 575 2
3 582 2
3 607 2
3 686 2
3 693 2
3 738 2
3 760 2
3 784 2
3 822 2
3 824 2
3 826 2
3 870 2
3 896 2
3 911 2
3 1081 2
3 1250 2
3 1402 2
3 1525 2
3 1675 2
3 1856 2
3 1906 2
3 1944 2
3 1974 2
3 2007 2
3 2012 2
3 2032 2
3 2043 2
3 2180 2
3 2340 2
3 2376 2
3 2394 2
3 2427 2
3 2727 2
3 2799 2
3 2819 2
3 3041 2
3 3216 2
3 3281 2
3 3382 2
3 3614 2
3 3629 2
3 3653 2
3 3841 2
3 3922 2
3 4339 2
3 4402 2
3 4485 2
3 4568 2
3 4650 2
3 4775 2
3 5217 2
3 5409 2
3 5526 2
3 5667 2
3 5958 2
3 6361 2
3 6789 2
3 4 2
3 5 2
3 7 2
3 8 2
3 9 2
3 10 2
3 11 2
3 14 2
3 15 2
3 18 2
3 19 2
3 22 2
3 40 2
3 43 2
3 49 2
3 54 2
3 57 2
3 58 2
3 60 2
3 65 2
3 74 2
3 81 2
3 86 2
3 92 2
3 111 2
3 128 2
3 129 2
3 137 2
3 141 2
3 148 2
3 169 2
3 172 2
3 177 2
3 203 2
3 206 2
3 216 2
3 220 2
3 235 2
3 236 2
3 242 2
3 250 2
3 262 2
3 291 2
3 294 2
3 298 2
3 306 2
3 337 2
3 338 2
3 346 2
3 365 2
3 394 2
3 401 2
3 406 2
3 447 2
3 464 2
3 481 2
3 490 2
3 494 2
3 501 2
3 505 2
3 514 2
3 525 2
3 555 2
3 601 2
3 633 2
3 670 2
3 743 2
3 752 2
3 777 2
3 795 2
3 850 2
3 873 2
3 876 2
3 889 2
3 931 2
3 977 2
3 989 2
3 990 2
3 6950 2
3 1001 2
3 1020 2
3 1058 2
3 1128 2
3 1211 2
3 1221 2
3 1264 2
3 1276 2
3 1278 2
3 1294 2
3 1340 2
3 1479 2
3 1499 2
3 1501 2
3 1531 2
3 1611 2
3 1613 2
3 1639 2
3 1679 2
3 1737 2
3 1862 2
3 1948 2
3 1949 2
3 1992 2
3 2106 2
3 2123 2
3 2187 2
3 2265 2
3 2321 2
3 2440 2
3 2509 2
3 2648 2
3 2684 2
3 2712 2
3 2730 2
3 2879 2
3 2904 2
3 2965 2
3 3057 2
3 3100 2
3 3177 2
3 3179 2
3 3200 2
3 3204 2
3 3209 2
3 3220 2
3 3274 2
3 3335 2
3 3365 2
3 3431 2
3 3448 2
3 3566 2
3 3707 2
3 3715 2
3 3749 2
3 3756 2
3 3770 2
3 3778 2
3 3785 2
3 3892 2
3 3971 2
3 3973 2
3 4012 2
3 4116 2
3 4149 2
3 4199 2
3 4226 2
3 4232 2
3 4288 2
3 4313 2
3 4314 2
3 4407 2
3 4453 2
3 4463 2
3 4468 2
3 4539 2
3 4547 2
3 4564 2
3 4622 2
3 4642 2
3 4657 2
3 4735 2
3 4793 2
3 4938 2
3 4962 2
3 4987 2
3 5029 2
3 5104 2
3 5130 2
3 5134 2
3 5197 2
3 5280 2
3 5332 2
3 5368 2
3 5433 2
3 5481 2
3 5485 2
3 5538 2
3 5680 2
3 5881 2
3 6989 2
3 5940 2
3 6002 2
3 6056 2
3 6088 2
3 6186 2
3 6187 2
3 6196 2
3 6198 2
3 6207 2
3 6341 2
3 6504 2
3 6656 2
3 6681 2
3 6701 2
4 7 2
4 12 2
4 15 2
4 17 2
4 24 2
4 26 2
4 29 2
4 30 2
4 31 2
4 37 2
4 41 2
4 44 2
4 49 2
4 53 2
4 54 2
4 55 2
4 61 2
4 66 2
4 68 2
4 69 2
4 80 2
4 82 2
4 92 2
4 107 2
4 119 2
4 122 2
4 126 2
4 134 2
4 136 2
4 137 2
4 138 2
4 141 2
4 158 2
4 166 2
4 170 2
4 173 2
4 179 2
4 186 2
4 189 2
4 194 2
4 201 2
4 205 2
4 208 2
4 217 2
4 227 2
4 232 2
4 234 2
4 239 2
4 247 2
4 251 2
4 263 2
4 264 2
4 274 2
4 278 2
4 286 2
4 288 2
4 301 2
4 307 2
4 313 2
4 314 2
4 339 2
4 369 2
4 382 2
4 386 2
4 405 2
4 414 2
4 431 2
4 441 2
4 458 2
4 459 2
4 463 2
4 465 2
4 493 2
4 497 2
4 506 2
4 508 2
4 521 2
4 541 2
4 548 2
4 568 2
4 580 2
4 585 2
4 589 2
4 604 2
4 611 2
4 630 2
4 650 2
4 658 2
4 659 2
4 660 2
4 664 2
4 685 2
4 689 2
4 696 2
4 698 2
4 714 2
4 726 2
4 727 2
4 731 2
4 790 2
4 826 2
4 842 2
4 858 2
4 865 2
4 877 2
4 878 2
4 889 2
4 895 2
4 913 2
4 934 2
4 973 2
4 1005 2
4 1007 2
4 1010 2
4 1023 2
4 1029 2
4 1046 2
4 1047 2
4 1053 2
4 1056 2
4 1067 2
4 1073 2
4 1119 2
4 1123 2
4 1154 2
4 1202 2
4 6966 2
4 1218 2
4 1238 2
4 1239 2
4 1244 2
4 1256 2
4 1259 2
4 1308 2
4 1310 2
4 1316 2
4 1320 2
4 1323 2
4 1324 2
4 1351 2
4 1363 2
4 1390 2
4 1391 2
4 1416 2
4 1431 2
4 1453 2
4 1473 2
4 1477 2
4 1526 2
4 1533 2
4 1547 2
4 1568 2
4 1573 2
4 1588 2
4 1590 2
4 6949 2
4 1632 2
4 1643 2
4 1683 2
4 1700 2
4 1737 2
4 1787 2
4 1794 2
4 1826 2
4 1827 2
4 1830 2
4 1840 2
4 1870 2
4 1895 2
4 1913 2
4 1915 2
4 1941 2
4 1949 2
4 1978 2
4 2033 2
4 2038 2
4 2047 2
4 2083 2
4 2127 2
4 2145 2
4 2161 2
4 2179 2
4 2198 2
4 2203 2
4 2207 2
4 2212 2
4 2217 2
4 2264 2
4 2295 2
4 2309 2
4 2316 2
4 2353 2
4 2402 2
4 2407 2
4 2415 2
4 2442 2
4 2454 2
4 2459 2
4 2518 2
4 2525 2
4 2541 2
4 2543 2
4 2548 2
4 2556 2
4 2587 2
4 2616 2
4 2624 2
4 2661 2
4 2724 2
4 2747 2
4 2776 2
4 2802 2
4 2809 2
4 2816 2
4 2817 2
4 2822 2
4 2837 2
4 2848 2
4 2881 2
4 2900 2
4 6997 2
4 2954 2
4 2971 2
4 2995 2
4 3031 2
4 3034 2
4 3068 2
4 3077 2
4 3101 2
4 3115 2
4 3156 2
4 3167 2
4 3179 2
4 3198 2
4 3238 2
4 3333 2
4 3343 2
4 3368 2
4 3404 2
4 3409 2
4 3431 2
4 3483 2
4 3487 2
4 3511 2
4 3519 2
4 3538 2
4 3540 2
4 3570 2
4 3571 2
4 3572 2
4 3580 2
4 3591 2
4 3627 2
4 3659 2
4 3662 2
4 3743 2
4 3771 2
4 3779 2
4 3861 2
4 3894 2
4 3896 2
4 3913 2
4 3946 2
4 4004 2
4 4025 2
4 4039 2
4 4048 2
4 4110 2
4 4155 2
4 4156 2
4 4192 2
4 4205 2
4 4236 2
4 4257 2
4 4260 2
4 4273 2
4 4276 2
4 4325 2
4 4380 2
4 4461 2
4 4486 2
4 4488 2
4 4627 2
4 4673 2
4 4732 2
4 4734 2
4 4750 2
4 4751 2
4 4803 2
4 4810 2
4 4815 2
4 4924 2
4 4977 2
4 4987 2
4 5006 2
4 5015 2
4 5022 2
4 5060 2
4 5068 2
4 5108 2
4 5140 2
4 5157 2
4 5170 2
4 5176 2
4 5182 2
4 5280 2
4 5310 2
4 5318 2
4 5319 2
4 5334 2
4 5355 2
4 5362 2
4 5371 2
4 5403 2
4 5432 2
4 5436 2
4 5483 2
4 5519 2
4 5535 2
4 5561 2
4 5564 2
4 5591 2
4 5612 2
4 5643 2
4 5671 2
4 5709 2
4 5714 2
4 5720 2
4 5722 2
4 5776 2
4 5842 2
4 5853 2
4 5912 2
4 5919 2
4 5940 2
4 5962 2
4 5966 2
4 5988 2
4 6025 2
4 6081 2
4 6126 2
4 6148 2
4 6181 2
4 6207 2
4 6221 2
4 6240 2
4 6261 2
4 6386 2
4 6411 2
4 6420 2
4 6481 2
4 6529 2
4 6572 2
4 6577 2
4 6578 2
4 6706 2
4 6707 2
4 6724 2
4 6732 2
4 6739 2
4 6770 2
4 6816 2
4 6901 2
4 6920 2
4 6922 2
4 5 2
4 6 2
4 8 2
4 9 2
4 10 2
4 11 2
4 13 2
4 14 2
4 16 2
4 32 2
4 34 2
4 39 2
4 43 2
4 59 2
4 62 2
4 67 2
4 71 2
4 84 2
4 87 2
4 105 2
4 124 2
4 128 2
4 135 2
4 139 2
4 161 2
4 184 2
4 200 2
4 229 2
4 246 2
4 254 2
4 282 2
4 284 2
4 285 2
4 287 2
4 290 2
4 292 2
4 297 2
4 303 2
4 316 2
4 318 2
4 336 2
4 362 2
4 364 2
4 370 2
4 374 2
4 387 2
4 408 2
4 420 2
4 446 2
4 448 2
4 457 2
4 464 2
4 467 2
4 469 2
4 488 2
4 535 2
4 561 2
4 562 2
4 573 2
4 613 2
4 669 2
4 683 2
4 702 2
4 704 2
4 744 2
4 767 2
4 773 2
4 785 2
4 788 2
4 793 2
4 817 2
4 822 2
4 852 2
4 856 2
4 867 2
4 886 2
4 907 2
4 981 2
4 993 2
4 1001 2
4 1035 2
4 1066 2
4 1108 2
4 1122 2
4 1140 2
4 1161 2
4 1167 2
4 1181 2
4 1187 2
4 1188 2
4 1211 2
4 1279 2
4 1315 2
4 1330 2
4 1348 2
4 1420 2
4 1437 2
4 1499 2
4 1541 2
4 1572 2
4 1600 2
4 1637 2
4 1649 2
4 1681 2
4 1719 2
4 1745 2
4 1749 2
4 1759 2
4 1785 2
4 1876 2
4 1944 2
4 1946 2
4 1972 2
4 1980 2
4 2017 2
4 2062 2
4 2075 2
4 2098 2
4 2146 2
4 2183 2
4 2410 2
4 2427 2
4 2439 2
4 2478 2
4 2516 2
4 2521 2
4 2558 2
4 2619 2
4 2642 2
4 2645 2
4 2677 2
4 2703 2
4 2745 2
4 2764 2
4 2799 2
4 2862 2
4 2917 2
4 2944 2
4 2950 2
4 3109 2
4 3336 2
4 3339 2
4 3420 2
4 3444 2
4 3491 2
4 3499 2
4 3508 2
4 3516 2
4 3536 2
4 3568 2
4 3588 2
4 3677 2
4 3694 2
4 3702 2
4 3783 2
4 3816 2
4 3820 2
4 3857 2
4 3918 2
4 3926 2
4 4066 2
4 4071 2
4 4073 2
4 4095 2
4 4206 2
4 4214 2
4 4226 2
4 4274 2
4 4375 2
4 4388 2
4 4393 2
4 4469 2
4 4489 2
4 4510 2
4 4532 2
4 4543 2
4 4544 2
4 4566 2
4 4628 2
4 4719 2
4 4721 2
4 4844 2
4 4884 2
4 4900 2
4 4982 2
4 5019 2
4 5062 2
4 5087 2
4 5089 2
4 5142 2
4 5152 2
4 5177 2
4 5311 2
4 5345 2
4 5379 2
4 5392 2
4 5445 2
4 5525 2
4 5531 2
4 5602 2
4 5632 2
4 5688 2
4 5695 2
4 5715 2
4 5736 2
4 5803 2
4 5936 2
4 5948 2
4 5965 2
4 6041 2
4 6080 2
4 6101 2
4 6112 2
4 6249 2
4 6536 2
4 6719 2
4 6720 2
4 6730 2
4 6741 2
4 6805 2
4 6906 2
5 12 2
5 13 2
5 16 2
5 24 2
5 26 2
5 28 2
5 32 2
5 35 2
5 42 2
5 44 2
5 47 2
5 49 2
5 54 2
5 56 2
5 67 2
5 88 2
5 95 2
5 108 2
5 112 2
5 116 2
5 118 2
5 129 2
5 160 2
5 162 2
5 169 2
5 183 2
5 194 2
5 195 2
5 204 2
5 260 2
5 261 2
5 281 2
5 289 2
5 291 2
5 298 2
5 320 2
5 352 2
5 380 2
5 438 2
5 442 2
5 462 2
5 473 2
5 488 2
5 497 2
5 503 2
5 514 2
5 526 2
5 535 2
5 547 2
5 565 2
5 579 2
5 583 2
5 585 2
5 603 2
5 609 2
5 638 2
5 677 2
5 685 2
5 725 2
5 810 2
5 839 2
5 874 2
5 888 2
5 893 2
5 907 2
5 924 2
5 991 2
5 1026 2
5 1080 2
5 1121 2
5 1143 2
5 1151 2
5 1236 2
5 1265 2
5 1276 2
5 1333 2
5 1389 2
5 1400 2
5 1413 2
5 1459 2
5 1489 2
5 1533 2
5 1579 2
5 1620 2
5 1625 2
5 1642 2
5 1673 2
5 1693 2
5 1763 2
5 1786 2
5 1807 2
5 1845 2
5 1893 2
5 1955 2
5 1956 2
5 1979 2
5 2031 2
5 2035 2
5 2065 2
5 2066 2
5 2080 2
5 2191 2
5 2256 2
5 2287 2
5 2294 2
5 2422 2
5 2439 2
5 2440 2
5 2479 2
5 2494 2
5 2657 2
5 2662 2
5 2671 2
5 2682 2
5 2775 2
5 2805 2
5 2865 2
5 2869 2
5 2880 2
5 2885 2
5 2905 2
5 2993 2
5 3028 2
5 3061 2
5 3062 2
5 3088 2
5 3104 2
5 3108 2
5 3110 2
5 3111 2
5 3318 2
5 3350 2
5 3396 2
5 3416 2
5 3426 2
5 3460 2
5 3499 2
5 3537 2
5 3579 2
5 3584 2
5 3648 2
5 3673 2
5 3778 2
5 3781 2
5 3826 2
5 3827 2
5 3851 2
5 3879 2
5 3893 2
5 3894 2
5 3971 2
5 3984 2
5 3985 2
5 3986 2
5 3989 2
5 4112 2
5 4125 2
5 4237 2
5 4249 2
5 4263 2
5 4332 2
5 4342 2
5 4354 2
5 4372 2
5 4506 2
5 4604 2
5 4669 2
5 4773 2
5 4876 2
5 4878 2
5 4937 2
5 4989 2
5 5036 2
5 5091 2
5 5124 2
5 5235 2
5 5293 2
5 5413 2
5 5414 2
5 5447 2
5 5470 2
5 5548 2
5 5596 2
5 5609 2
5 5774 2
5 5828 2
5 5937 2
5 5947 2
5 5962 2
5 5978 2
5 6044 2
5 6180 2
5 6219 2
5 6238 2
5 6356 2
5 6464 2
5 6552 2
5 6560 2
5 6606 2
5 6633 2
5 6634 2
5 6726 2
5 6732 2
5 6761 2
5 6772 2
5 6855 2
5 8 2
5 39 2
5 57 2
5 62 2
5 86 2
5 121 2
5 188 2
5 208 2
5 263 2
5 406 2
5 432 2
5 455 2
5 467 2
5 517 2
5 683 2
5 713 2
5 1256 2
5 1498 2
5 1600 2
5 1655 2
5 2017 2
5 2210 2
5 2687 2
5 3437 2
5 3740 2
5 3886 2
5 4095 2
5 6987 2
5 4487 2
5 5345 2
5 5556 2
5 5608 2
5 5906 2
5 6411 2
5 6434 2
5 6652 2
6 9 2
6 14 2
6 29 2
6 210 2
6 288 2
6 414 2
6 429 2
6 521 2
6 658 2
6 952 2
6 968 2
6 1178 2
6 1436 2
6 1460 2
6 1788 2
6 1860 2
6 1974 2
6 2095 2
6 2319 2
6 2453 2
6 2756 2
6 3077 2
6 3186 2
6 3275 2
6 3487 2
6 3497 2
6 3571 2
6 3693 2
6 3898 2
6 4194 2
6 4233 2
6 5020 2
6 5093 2
6 5259 2
6 5850 2
6 5880 2
6 6366 2
6 23 2
6 34 2
6 59 2
6 71 2
6 107 2
6 146 2
6 171 2
6 200 2
6 229 2
6 282 2
6 382 2
6 384 2
6 524 2
6 629 2
6 630 2
6 701 2
6 733 2
6 793 2
6 806 2
6 1220 2
6 1289 2
6 1317 2
6 1459 2
6 1485 2
6 1488 2
6 1495 2
6 1548 2
6 1858 2
6 1972 2
6 2004 2
6 2037 2
6 2071 2
6 2214 2
6 2236 2
6 2502 2
6 2511 2
6 2708 2
6 2824 2
6 2871 2
6 3351 2
6 3450 2
6 3817 2
6 3830 2
6 3936 2
6 3984 2
6 4151 2
6 4272 2
6 4337 2
6 4357 2
6 4398 2
6 4440 2
6 4448 2
6 4715 2
6 4737 2
6 4850 2
6 5077 2
6 5291 2
6 6065 2
6 6117 2
6 6314 2
6 6704 2
6 6809 2
7 8 2
7 15 2
7 87 2
7 140 2
7 149 2
7 153 2
7 296 2
7 304 2
7 325 2
7 343 2
7 408 2
7 515 2
7 548 2
7 575 2
7 607 2
7 639 2
7 669 2
7 679 2
7 860 2
7 1059 2
7 1090 2
7 1132 2
7 1207 2
7 1208 2
7 1359 2
7 1365 2
7 1610 2
7 1754 2
7 1802 2
7 1900 2
7 1944 2
7 2009 2
7 2045 2
7 2139 2
7 2153 2
7 2545 2
7 2635 2
7 2727 2
7 2757 2
7 2772 2
7 3125 2
7 3163 2
7 3167 2
7 3558 2
7 3651 2
7 3808 2
7 4097 2
7 4346 2
7 4524 2
7 5251 2
7 5404 2
7 5516 2
7 5583 2
7 5814 2
7 5865 2
7 6081 2
7 6277 2
7 6420 2
7 12 2
7 19 2
7 29 2
7 33 2
7 68 2
7 72 2
7 201 2
7 233 2
7 277 2
7 330 2
7 339 2
7 346 2
7 431 2
7 547 2
7 627 2
7 641 2
7 841 2
7 1065 2
7 1105 2
7 1130 2
7 1267 2
7 1303 2
7 1404 2
7 1555 2
7 1581 2
7 1592 2
7 1596 2
7 1658 2
7 1744 2
7 1895 2
7 1978 2
7 2095 2
7 2116 2
7 2124 2
7 2279 2
7 2364 2
7 2429 2
7 2548 2
7 2583 2
7 2742 2
7 2838 2
7 2839 2
7 2927 2
7 2980 2
7 3553 2
7 3616 2
7 3707 2
7 3734 2
7 3871 2
7 3919 2
7 3923 2
7 3989 2
7 4280 2
7 4495 2
7 4614 2
7 4620 2
7 4976 2
7 5026 2
7 5119 2
7 5324 2
7 5329 2
7 5426 2
7 5492 2
7 5651 2
7 5762 2
7 5990 2
7 6074 2
7 6164 2
7 6471 2
7 6540 2
7 6550 2
7 6712 2
8 10 2
8 15 2
8 33 2
8 45 2
8 53 2
8 74 2
8 117 2
8 125 2
8 126 2
8 140 2
8 146 2
8 153 2
8 156 2
8 212 2
8 240 2
8 246 2
8 254 2
8 270 2
8 295 2
8 306 2
8 309 2
8 325 2
8 346 2
8 362 2
8 511 2
8 534 2
8 560 2
8 571 2
8 590 2
8 612 2
8 639 2
8 669 2
8 719 2
8 829 2
8 840 2
8 851 2
8 891 2
8 905 2
8 945 2
8 977 2
8 1111 2
8 1126 2
8 1133 2
8 1147 2
8 1160 2
8 1186 2
8 1234 2
8 1324 2
8 1347 2
8 1378 2
8 1433 2
8 1444 2
8 1450 2
8 1492 2
8 1500 2
8 1522 2
8 1542 2
8 1545 2
8 1681 2
8 1691 2
8 1762 2
8 1804 2
8 1844 2
8 1867 2
8 1928 2
8 1993 2
8 2133 2
8 2138 2
8 2147 2
8 2156 2
8 2209 2
8 2289 2
8 2386 2
8 2432 2
8 2635 2
8 2683 2
8 2772 2
8 2860 2
8 2939 2
8 2973 2
8 3075 2
8 3125 2
8 3180 2
8 3262 2
8 3343 2
8 3417 2
8 3567 2
8 3582 2
8 3749 2
8 6967 2
8 3942 2
8 4226 2
8 4228 2
8 4238 2
8 4592 2
8 5202 2
8 5207 2
8 5262 2
8 5386 2
8 5517 2
8 5693 2
8 5982 2
8 6257 2
8 6399 2
8 6587 2
8 6621 2
8 6704 2
8 11 2
8 39 2
8 86 2
8 139 2
8 188 2
8 263 2
8 432 2
8 568 2
8 601 2
8 812 2
8 907 2
8 931 2
8 1333 2
8 1360 2
8 1534 2
8 1610 2
8 1833 2
8 1979 2
8 1980 2
8 2127 2
8 2157 2
8 2305 2
8 2440 2
8 2498 2
8 2756 2
8 3019 2
8 3043 2
8 3066 2
8 3149 2
8 3346 2
8 3373 2
8 3783 2
8 4606 2
8 4832 2
8 4965 2
8 5028 2
8 5289 2
8 5306 2
8 5368 2
8 5876 2
8 5929 2
8 6111 2
8 6891 2
9 14 2
9 59 2
9 119 2
9 210 2
9 973 2
9 1053 2
9 1737 2
9 2489 2
9 3038 2
9 3258 2
9 3264 2
9 3303 2
9 4964 2
9 5391 2
9 5656 2
9 10 2
9 13 2
9 31 2
9 103 2
9 216 2
9 266 2
9 285 2
9 338 2
9 348 2
9 412 2
9 466 2
9 516 2
9 518 2
9 788 2
9 855 2
9 876 2
9 1005 2
9 1218 2
9 1225 2
9 1781 2
9 1812 2
9 1885 2
9 2106 2
9 2208 2
9 2258 2
9 2410 2
9 2501 2
9 2509 2
9 2512 2
9 2804 2
9 3119 2
9 3435 2
9 3439 2
9 3491 2
9 3499 2
9 3938 2
9 3961 2
9 3963 2
9 4218 2
9 4271 2
9 4416 2
9 4450 2
9 4508 2
9 4685 2
9 5436 2
9 5471 2
9 5540 2
9 5553 2
9 5646 2
9 5695 2
9 5909 2
9 5992 2
9 6086 2
9 6458 2
10 11 2
10 17 2
10 33 2
10 63 2
10 92 2
10 141 2
10 145 2
10 146 2
10 189 2
10 198 2
10 271 2
10 316 2
10 332 2
10 335 2
10 353 2
10 422 2
10 459 2
10 484 2
10 495 2
10 539 2
10 673 2
10 699 2
10 716 2
10 736 2
10 817 2
10 832 2
10 838 2
10 846 2
10 951 2
10 960 2
10 994 2
10 1136 2
10 1214 2
10 1288 2
10 1327 2
10 1344 2
10 1409 2
10 1426 2
10 1531 2
10 1608 2
10 1658 2
10 1663 2
10 1783 2
10 1792 2
10 1794 2
10 1865 2
10 2124 2
10 2470 2
10 2511 2
10 2518 2
10 2590 2
10 2700 2
10 2812 2
10 2852 2
10 2879 2
10 2924 2
10 3048 2
10 3058 2
10 3105 2
10 3261 2
10 3581 2
10 3646 2
10 3663 2
10 3751 2
10 3759 2
10 3784 2
10 3820 2
10 4124 2
10 4247 2
10 4272 2
10 4406 2
10 4469 2
10 4497 2
10 4647 2
10 4858 2
10 4891 2
10 6998 2
10 5285 2
10 5424 2
10 5428 2
10 5531 2
10 5739 2
10 5801 2
10 5852 2
10 5984 2
10 6504 2
10 6639 2
10 6792 2
10 14 2
10 22 2
10 216 2
10 220 2
10 223 2
10 242 2
10 251 2
10 285 2
10 298 2
10 365 2
10 458 2
10 480 2
10 494 2
10 610 2
10 751 2
10 782 2
10 855 2
10 979 2
10 1005 2
10 1146 2
10 1187 2
10 1218 2
10 1399 2
10 1733 2
10 1745 2
10 1840 2
10 1970 2
10 2286 2
10 2534 2
10 2821 2
10 3255 2
10 3341 2
10 3347 2
10 3671 2
10 3997 2
10 4071 2
10 4424 2
10 5073 2
10 5149 2
10 5194 2
10 5280 2
10 5493 2
10 5787 2
10 5842 2
10 6743 2
11 17 2
11 80 2
11 126 2
11 137 2
11 156 2
11 207 2
11 214 2
11 227 2
11 300 2
11 335 2
11 402 2
11 534 2
11 676 2
11 904 2
11 945 2
11 956 2
11 1000 2
11 1209 2
11 1218 2
11 1326 2
11 1378 2
11 2015 2
11 2075 2
11 2552 2
11 2719 2
11 2804 2
11 3134 2
11 3622 2
11 3720 2
11 3877 2
11 4607 2
11 5029 2
11 5033 2
11 5285 2
11 5606 2
11 139 2
11 290 2
11 568 2
11 601 2
11 738 2
11 812 2
11 1058 2
11 1499 2
11 1534 2
11 6950 2
11 2730 2
11 3857 2
11 5929 2
12 28 2
12 31 2
12 35 2
12 40 2
12 44 2
12 51 2
12 67 2
12 116 2
12 129 2
12 143 2
12 150 2
12 165 2
12 228 2
12 239 2
12 279 2
12 280 2
12 293 2
12 559 2
12 565 2
12 583 2
12 615 2
12 874 2
12 889 2
12 1118 2
12 1173 2
12 1313 2
12 1330 2
12 1591 2
12 1660 2
12 1892 2
12 2026 2
12 2239 2
12 2278 2
12 2739 2
12 3086 2
12 3158 2
12 3390 2
12 3505 2
12 3577 2
12 3630 2
12 3680 2
12 3688 2
12 3793 2
12 3994 2
12 4064 2
12 4268 2
12 4456 2
12 4640 2
12 6989 2
12 5161 2
12 5195 2
12 5412 2
12 5687 2
12 5725 2
12 6374 2
12 6474 2
12 6579 2
12 6613 2
12 38 2
12 72 2
12 120 2
12 233 2
12 388 2
12 616 2
12 735 2
12 739 2
12 1093 2
12 1117 2
12 1434 2
12 1686 2
12 1744 2
12 1895 2
12 1978 2
12 2200 2
12 2390 2
12 2451 2
12 2470 2
12 2472 2
12 2507 2
12 2627 2
12 3165 2
12 3171 2
12 3538 2
12 4674 2
12 4817 2
12 4974 2
12 5119 2
12 5398 2
12 5539 2
12 5830 2
12 6018 2
12 6078 2
13 18 2
13 20 2
13 22 2
13 23 2
13 24 2
13 30 2
13 34 2
13 36 2
13 37 2
13 43 2
13 50 2
13 52 2
13 60 2
13 71 2
13 78 2
13 85 2
13 86 2
13 6949 2
13 95 2
13 96 2
13 97 2
13 99 2
13 100 2
13 107 2
13 113 2
13 114 2
13 134 2
13 136 2
13 144 2
13 152 2
13 159 2
13 169 2
13 171 2
13 175 2
13 179 2
13 186 2
13 190 2
13 219 2
13 231 2
13 233 2
13 256 2
13 259 2
13 275 2
13 277 2
13 290 2
13 297 2
13 356 2
13 358 2
13 370 2
13 375 2
13 379 2
13 401 2
13 404 2
13 410 2
13 424 2
13 433 2
13 442 2
13 450 2
13 467 2
13 476 2
13 489 2
13 491 2
13 504 2
13 509 2
13 540 2
13 557 2
13 581 2
13 598 2
13 633 2
13 652 2
13 662 2
13 683 2
13 690 2
13 724 2
13 757 2
13 770 2
13 771 2
13 776 2
13 778 2
13 786 2
13 795 2
13 796 2
13 812 2
13 920 2
13 931 2
13 933 2
13 967 2
13 972 2
13 975 2
13 989 2
13 993 2
13 1036 2
13 1083 2
13 1104 2
13 1130 2
13 1233 2
13 1261 2
13 1285 2
13 1289 2
13 1303 2
13 1307 2
13 1381 2
13 1383 2
13 1397 2
13 1414 2
13 1432 2
13 1439 2
13 1449 2
13 1455 2
13 1457 2
13 1508 2
13 1519 2
13 1534 2
13 1646 2
13 1664 2
13 1665 2
13 1698 2
13 1711 2
13 1744 2
13 1752 2
13 1799 2
13 1814 2
13 1836 2
13 1841 2
13 1842 2
13 1879 2
13 1882 2
13 1967 2
13 1979 2
13 2016 2
13 2059 2
13 2073 2
13 2084 2
13 2099 2
13 2101 2
13 2122 2
13 2126 2
13 2144 2
13 2150 2
13 2151 2
13 2242 2
13 2277 2
13 2331 2
13 2362 2
13 2384 2
13 2388 2
13 2398 2
13 2410 2
13 2449 2
13 2467 2
13 2492 2
13 2540 2
13 2546 2
13 2562 2
13 2636 2
13 2637 2
13 2649 2
13 2677 2
13 2740 2
13 2782 2
13 2785 2
13 2823 2
13 2831 2
13 2912 2
13 2928 2
13 2945 2
13 2974 2
13 2987 2
13 2994 2
13 3004 2
13 3010 2
13 3011 2
13 3042 2
13 3051 2
13 3059 2
13 3107 2
13 3113 2
13 3189 2
13 3201 2
13 3215 2
13 3324 2
13 3365 2
13 3395 2
13 3479 2
13 3517 2
13 3546 2
13 3549 2
13 3578 2
13 3597 2
13 3607 2
13 3616 2
13 3623 2
13 3694 2
13 3716 2
13 3740 2
13 3778 2
13 3809 2
13 3874 2
13 3927 2
13 3934 2
13 3965 2
13 3966 2
13 4027 2
13 4140 2
13 4142 2
13 4203 2
13 4224 2
13 4255 2
13 4264 2
13 4279 2
13 4371 2
13 6952 2
13 4379 2
13 4488 2
13 4523 2
13 4554 2
13 4587 2
13 4625 2
13 4649 2
13 4799 2
13 6960 2
13 4856 2
13 4869 2
13 4907 2
13 4978 2
13 4993 2
13 4998 2
13 5028 2
13 5080 2
13 5090 2
13 5095 2
13 5231 2
13 5256 2
13 5342 2
13 5362 2
13 5394 2
13 5402 2
13 5457 2
13 5578 2
13 5580 2
13 5614 2
13 5691 2
13 5692 2
13 5766 2
13 5810 2
13 5849 2
13 5897 2
13 5915 2
13 5949 2
13 5960 2
13 5974 2
13 6001 2
13 6022 2
13 6075 2
13 6098 2
13 6143 2
13 6227 2
13 6268 2
13 6282 2
13 6312 2
13 6318 2
13 6341 2
13 6413 2
13 6551 2
13 6567 2
13 6647 2
13 6667 2
13 6680 2
13 6950 2
13 6730 2
13 6766 2
13 16 2
13 31 2
13 67 2
13 76 2
13 91 2
13 127 2
13 161 2
13 243 2
13 266 2
13 463 2
13 473 2
13 503 2
13 521 2
13 628 2
13 649 2
13 788 2
13 789 2
13 810 2
13 837 2
13 859 2
13 917 2
13 1042 2
13 1064 2
13 1108 2
13 1178 2
13 1225 2
13 1356 2
13 1692 2
13 1890 2
13 2375 2
13 2389 2
13 2496 2
13 2820 2
13 2883 2
13 2899 2
13 2903 2
13 3519 2
13 3685 2
13 4373 2
13 4432 2
13 4967 2
13 5182 2
13 5314 2
13 5497 2
13 5719 2
13 6120 2
13 6127 2
13 6602 2
14 29 2
14 59 2
14 166 2
14 201 2
14 205 2
14 210 2
14 224 2
14 274 2
14 305 2
14 611 2
14 823 2
14 913 2
14 968 2
14 1097 2
14 1178 2
14 1798 2
14 1860 2
14 1921 2
14 2595 2
14 2929 2
14 2958 2
14 3036 2
14 3070 2
14 3258 2
14 3268 2
14 3275 2
14 3438 2
14 3556 2
14 3590 2
14 3890 2
14 3973 2
14 4018 2
14 4194 2
14 4932 2
14 5620 2
14 5899 2
14 6630 2
14 22 2
14 43 2
14 58 2
14 81 2
14 151 2
14 206 2
14 223 2
14 333 2
14 408 2
14 529 2
14 675 2
14 715 2
14 725 2
14 797 2
14 869 2
14 959 2
14 1198 2
14 1399 2
14 1708 2
14 1737 2
14 1745 2
14 2163 2
14 6980 2
14 2884 2
14 2959 2
14 3048 2
14 3123 2
14 3148 2
14 3196 2
14 3197 2
14 3274 2
14 3279 2
14 3281 2
14 3307 2
14 3574 2
14 3735 2
14 4019 2
14 4238 2
14 4284 2
14 4425 2
14 4484 2
14 4498 2
14 5379 2
14 5897 2
14 5934 2
14 6021 2
14 6189 2
14 6319 2
14 6344 2
14 6532 2
14 6696 2
14 6836 2
15 53 2
15 69 2
15 74 2
15 83 2
15 87 2
15 127 2
15 140 2
15 174 2
15 232 2
15 246 2
15 501 2
15 550 2
15 664 2
15 741 2
15 743 2
15 834 2
15 958 2
15 1090 2
15 1186 2
15 1286 2
15 1305 2
15 1328 2
15 1514 2
15 1781 2
15 1802 2
15 1844 2
15 1939 2
15 2011 2
15 2232 2
15 2368 2
15 2385 2
15 2426 2
15 2432 2
15 2588 2
15 2854 2
15 3049 2
15 3535 2
15 3576 2
15 3632 2
15 3753 2
15 3812 2
15 3943 2
15 3991 2
15 4102 2
15 4445 2
15 4555 2
15 4571 2
15 4806 2
15 5289 2
15 5686 2
15 5912 2
15 6109 2
15 6545 2
15 6557 2
15 6940 2
15 17 2
15 18 2
15 20 2
15 21 2
15 24 2
15 25 2
15 26 2
15 35 2
15 36 2
15 44 2
15 48 2
15 50 2
15 61 2
15 65 2
15 77 2
15 80 2
15 99 2
15 125 2
15 133 2
15 136 2
15 158 2
15 179 2
15 202 2
15 205 2
15 207 2
15 209 2
15 235 2
15 253 2
15 262 2
15 268 2
15 296 2
15 324 2
15 332 2
15 342 2
15 345 2
15 373 2
15 390 2
15 414 2
15 492 2
15 502 2
15 537 2
15 552 2
15 563 2
15 598 2
15 719 2
15 732 2
15 784 2
15 818 2
15 848 2
15 892 2
15 984 2
15 1097 2
15 1104 2
15 1107 2
15 1137 2
15 1179 2
15 1263 2
15 1281 2
15 1311 2
15 1401 2
15 1418 2
15 1449 2
15 1489 2
15 1588 2
15 1711 2
15 1724 2
15 1769 2
15 1778 2
15 1863 2
15 1926 2
15 2192 2
15 2240 2
15 2334 2
15 2340 2
15 2358 2
15 2545 2
15 2590 2
15 2615 2
15 2668 2
15 2759 2
15 2827 2
15 2896 2
15 2918 2
15 3004 2
15 3130 2
15 3154 2
15 3185 2
15 3227 2
15 3250 2
15 3269 2
15 3399 2
15 3549 2
15 3658 2
15 3858 2
15 3901 2
15 3956 2
15 4016 2
15 4059 2
15 4208 2
15 4279 2
15 4348 2
15 4472 2
15 4547 2
15 4588 2
15 4654 2
15 4681 2
15 4736 2
15 5069 2
15 5319 2
15 5562 2
15 5613 2
15 6098 2
15 6141 2
15 6448 2
15 6968 2
15 6705 2
16 18 2
16 43 2
16 89 2
16 96 2
16 111 2
16 169 2
16 281 2
16 315 2
16 349 2
16 438 2
16 451 2
16 486 2
16 490 2
16 522 2
16 542 2
16 626 2
16 655 2
16 856 2
16 969 2
16 1122 2
16 1129 2
16 1435 2
16 1437 2
16 1455 2
16 1552 2
16 1647 2
16 1687 2
16 1694 2
16 1958 2
16 2192 2
16 2332 2
16 2388 2
16 2440 2
16 2494 2
16 2506 2
16 2515 2
16 2623 2
16 2893 2
16 2919 2
16 2931 2
16 3448 2
16 3456 2
16 3945 2
16 4511 2
16 4564 2
16 4587 2
16 4616 2
16 4843 2
16 5089 2
16 5290 2
16 5293 2
16 5408 2
16 5450 2
16 5576 2
16 5938 2
16 6646 2
16 6890 2
16 6893 2
16 32 2
16 67 2
16 73 2
16 76 2
16 127 2
16 145 2
16 185 2
16 195 2
16 197 2
16 226 2
16 234 2
16 328 2
16 389 2
16 452 2
16 521 2
16 528 2
16 645 2
16 674 2
16 679 2
16 774 2
16 1003 2
16 1042 2
16 1247 2
16 1433 2
16 1510 2
16 1538 2
16 1692 2
16 1734 2
16 1803 2
16 1880 2
16 2120 2
16 2458 2
16 2588 2
16 2610 2
16 2620 2
16 2628 2
16 2629 2
16 2943 2
16 2964 2
16 3101 2
16 3416 2
16 3480 2
16 3586 2
16 3813 2
16 4406 2
16 4469 2
16 4719 2
16 5010 2
16 5204 2
16 5524 2
16 5988 2
16 6137 2
16 6367 2
16 6551 2
16 6928 2
17 80 2
17 139 2
17 141 2
17 335 2
17 384 2
17 396 2
17 422 2
17 1214 2
17 1544 2
17 4090 2
17 4429 2
17 6334 2
17 6878 2
17 20 2
17 25 2
17 26 2
17 27 2
17 28 2
17 30 2
17 37 2
17 41 2
17 44 2
17 45 2
17 46 2
17 56 2
17 63 2
17 75 2
17 78 2
17 79 2
17 82 2
17 88 2
17 95 2
17 96 2
17 99 2
17 100 2
17 101 2
17 102 2
17 106 2
17 108 2
17 114 2
17 122 2
17 125 2
17 130 2
17 142 2
17 156 2
17 157 2
17 163 2
17 168 2
17 176 2
17 205 2
17 217 2
17 238 2
17 252 2
17 258 2
17 265 2
17 273 2
17 288 2
17 310 2
17 342 2
17 352 2
17 363 2
17 371 2
17 377 2
17 385 2
17 400 2
17 403 2
17 421 2
17 430 2
17 443 2
17 456 2
17 506 2
17 509 2
17 512 2
17 513 2
17 522 2
17 531 2
17 539 2
17 543 2
17 550 2
17 570 2
17 593 2
17 624 2
17 654 2
17 665 2
17 666 2
17 668 2
17 676 2
17 696 2
17 741 2
17 746 2
17 778 2
17 779 2
17 790 2
17 809 2
17 814 2
17 827 2
17 836 2
17 865 2
17 938 2
17 941 2
17 961 2
17 994 2
17 1004 2
17 1029 2
17 1056 2
17 1059 2
17 1071 2
17 1083 2
17 1123 2
17 1215 2
17 1223 2
17 1266 2
17 1312 2
17 1321 2
17 1324 2
17 1346 2
17 1385 2
17 1411 2
17 1450 2
17 1473 2
17 1483 2
17 1507 2
17 1512 2
17 1533 2
17 1563 2
17 1608 2
17 1629 2
17 1635 2
17 1662 2
17 1699 2
17 1727 2
17 1735 2
17 1874 2
17 1906 2
17 1914 2
17 2013 2
17 2016 2
17 2053 2
17 2175 2
17 2177 2
17 2198 2
17 2309 2
17 2325 2
17 2340 2
17 2351 2
17 2369 2
17 2408 2
17 2421 2
17 2437 2
17 2465 2
17 2469 2
17 2510 2
17 2530 2
17 2532 2
17 2546 2
17 2560 2
17 2598 2
17 2600 2
17 2607 2
17 2631 2
17 2656 2
17 2698 2
17 2729 2
17 2775 2
17 2788 2
17 2795 2
17 2800 2
17 2846 2
17 2852 2
17 2875 2
17 2878 2
17 2906 2
17 2945 2
17 2962 2
17 2986 2
17 2989 2
17 3040 2
17 3163 2
17 3242 2
17 3302 2
17 3400 2
17 3405 2
17 3425 2
17 3457 2
17 3477 2
17 3545 2
17 3584 2
17 3623 2
17 3628 2
17 3643 2
17 3699 2
17 3712 2
17 3721 2
17 3737 2
17 3769 2
17 3855 2
17 3883 2
17 3988 2
17 4000 2
17 4002 2
17 4014 2
17 4080 2
17 4204 2
17 4394 2
17 4411 2
17 4418 2
17 4447 2
17 4457 2
17 4485 2
17 4525 2
17 4556 2
17 4743 2
17 4744 2
17 4786 2
17 4852 2
17 4943 2
17 4947 2
17 4991 2
17 5035 2
17 5056 2
17 5059 2
17 5136 2
17 5178 2
17 5179 2
17 5237 2
17 5356 2
17 5385 2
17 5432 2
17 5479 2
17 5508 2
17 5576 2
17 5577 2
17 5592 2
17 5595 2
17 5609 2
17 5622 2
17 5628 2
17 5805 2
17 5814 2
17 6003 2
17 6040 2
17 6118 2
17 6147 2
17 6219 2
17 6380 2
17 6401 2
17 6451 2
17 6478 2
17 6515 2
17 6672 2
17 6789 2
17 6914 2
18 20 2
18 23 2
18 25 2
18 36 2
18 43 2
18 48 2
18 57 2
18 58 2
18 70 2
18 72 2
18 73 2
18 77 2
18 78 2
18 81 2
18 89 2
18 91 2
18 101 2
18 105 2
18 109 2
18 110 2
18 128 2
18 133 2
18 135 2
18 163 2
18 164 2
18 167 2
18 168 2
18 176 2
18 181 2
18 235 2
18 253 2
18 257 2
18 267 2
18 285 2
18 323 2
18 341 2
18 366 2
18 373 2
18 413 2
18 428 2
18 464 2
18 468 2
18 480 2
18 481 2
18 482 2
18 487 2
18 490 2
18 518 2
18 570 2
18 600 2
18 602 2
18 617 2
18 624 2
18 670 2
18 687 2
18 787 2
18 791 2
18 797 2
18 801 2
18 856 2
18 923 2
18 953 2
18 980 2
18 995 2
18 1003 2
18 1019 2
18 1055 2
18 1076 2
18 1122 2
18 1141 2
18 1188 2
18 1211 2
18 1246 2
18 1290 2
18 1296 2
18 1336 2
18 1345 2
18 1438 2
18 1457 2
18 1461 2
18 1462 2
18 1502 2
18 1523 2
18 1555 2
18 1570 2
18 1580 2
18 1599 2
18 1616 2
18 1622 2
18 1805 2
18 1853 2
18 1854 2
18 1878 2
18 1924 2
18 1932 2
18 1977 2
18 1981 2
18 1989 2
18 2028 2
18 2064 2
18 2102 2
18 2167 2
18 2194 2
18 2197 2
18 2298 2
18 2333 2
18 2391 2
18 2425 2
18 2766 2
18 2786 2
18 2842 2
18 2861 2
18 2935 2
18 3039 2
18 3091 2
18 3094 2
18 3095 2
18 3098 2
18 3138 2
18 3143 2
18 3251 2
18 3328 2
18 3366 2
18 3418 2
18 3559 2
18 3561 2
18 3603 2
18 3757 2
18 3772 2
18 3817 2
18 3836 2
18 3883 2
18 3885 2
18 3887 2
18 3888 2
18 4001 2
18 4146 2
18 4150 2
18 4167 2
18 4297 2
18 4353 2
18 4392 2
18 4449 2
18 4451 2
18 4464 2
18 4511 2
18 4525 2
18 4552 2
18 4565 2
18 4615 2
18 4631 2
18 4690 2
18 4796 2
18 5105 2
18 5180 2
18 5298 2
18 5300 2
18 5358 2
18 5361 2
18 5398 2
18 5505 2
18 5565 2
18 5638 2
18 5659 2
18 5747 2
18 5753 2
18 5885 2
18 5896 2
18 5909 2
18 5923 2
18 6042 2
18 6115 2
18 6178 2
18 6189 2
18 6336 2
18 6500 2
18 6593 2
18 6682 2
18 6700 2
18 21 2
18 40 2
18 47 2
18 52 2
18 65 2
18 172 2
18 202 2
18 203 2
18 219 2
18 245 2
18 260 2
18 269 2
18 276 2
18 291 2
18 401 2
18 433 2
18 476 2
18 497 2
18 552 2
18 576 2
18 625 2
18 694 2
18 819 2
18 833 2
18 866 2
18 880 2
18 952 2
18 1148 2
18 1283 2
18 1343 2
18 1417 2
18 1532 2
18 1537 2
18 1574 2
18 1750 2
18 1774 2
18 1777 2
18 1949 2
18 2039 2
18 2358 2
18 2382 2
18 2818 2
18 2853 2
18 2894 2
18 2987 2
18 3742 2
18 3868 2
18 4268 2
18 4320 2
18 4467 2
18 4576 2
18 4816 2
18 5265 2
18 5495 2
18 5704 2
18 6015 2
18 6186 2
18 6807 2
18 6904 2
19 149 2
19 361 2
19 385 2
19 443 2
19 575 2
19 822 2
19 870 2
19 1187 2
19 1364 2
19 1668 2
19 1723 2
19 1761 2
19 2130 2
19 2305 2
19 2394 2
19 2508 2
19 2703 2
19 2841 2
19 3841 2
19 4512 2
19 4892 2
19 4934 2
19 5251 2
19 6130 2
19 6142 2
19 6166 2
19 6607 2
19 29 2
19 33 2
19 49 2
19 54 2
19 60 2
19 68 2
19 69 2
19 111 2
19 117 2
19 150 2
19 159 2
19 180 2
19 193 2
19 196 2
19 198 2
19 232 2
19 236 2
19 256 2
19 257 2
19 264 2
19 271 2
19 275 2
19 301 2
19 311 2
19 334 2
19 346 2
19 383 2
19 413 2
19 445 2
19 483 2
19 484 2
19 487 2
19 540 2
19 684 2
19 716 2
19 776 2
19 802 2
19 813 2
19 841 2
19 842 2
19 843 2
19 844 2
19 851 2
19 893 2
19 902 2
19 940 2
19 1038 2
19 1040 2
19 1074 2
19 1089 2
19 1170 2
19 1200 2
19 1298 2
19 1303 2
19 1352 2
19 1451 2
19 1540 2
19 1621 2
19 1638 2
19 1677 2
19 1789 2
19 1811 2
19 1939 2
19 2040 2
19 2193 2
19 2196 2
19 2211 2
19 2222 2
19 2297 2
19 2422 2
19 2518 2
19 2536 2
19 2548 2
19 2552 2
19 2595 2
19 2792 2
19 2866 2
19 2910 2
19 2915 2
19 3113 2
19 3143 2
19 3193 2
19 3248 2
19 3458 2
19 3572 2
19 3683 2
19 3687 2
19 3747 2
19 3796 2
19 3836 2
19 3864 2
19 3945 2
19 3962 2
19 4141 2
19 4145 2
19 4158 2
19 4201 2
19 4257 2
19 4321 2
19 4401 2
19 4412 2
19 4464 2
19 4471 2
19 4521 2
19 4578 2
19 4610 2
19 4725 2
19 6996 2
19 4964 2
19 4983 2
19 5030 2
19 5134 2
19 5226 2
19 5256 2
19 5359 2
19 5519 2
19 5614 2
19 5630 2
19 6054 2
19 6173 2
19 6177 2
19 6306 2
19 6374 2
19 6397 2
19 6630 2
19 6637 2
19 6864 2
20 21 2
20 22 2
20 23 2
20 58 2
20 60 2
20 72 2
20 102 2
20 115 2
20 128 2
20 131 2
20 151 2
20 185 2
20 242 2
20 273 2
20 317 2
20 375 2
20 389 2
20 444 2
20 449 2
20 494 2
20 507 2
20 584 2
20 640 2
20 651 2
20 713 2
20 739 2
20 746 2
20 749 2
20 753 2
20 774 2
20 809 2
20 844 2
20 866 2
20 976 2
20 978 2
20 1263 2
20 1266 2
20 1304 2
20 1331 2
20 1385 2
20 1600 2
20 1623 2
20 1664 2
20 1682 2
20 1718 2
20 1780 2
20 1803 2
20 1932 2
20 1960 2
20 1966 2
20 2010 2
20 2297 2
20 2314 2
20 2401 2
20 2726 2
20 2735 2
20 2810 2
20 2986 2
20 3017 2
20 3237 2
20 3372 2
20 3437 2
20 3459 2
20 3699 2
20 3822 2
20 3947 2
20 3963 2
20 3999 2
20 4068 2
20 4267 2
20 4279 2
20 4320 2
20 4552 2
20 4795 2
20 4824 2
20 4958 2
20 5142 2
20 5238 2
20 5365 2
20 5369 2
20 5399 2
20 5427 2
20 5435 2
20 5440 2
20 5898 2
20 6115 2
20 6154 2
20 6224 2
20 6360 2
20 6404 2
20 6473 2
20 6558 2
20 25 2
20 27 2
20 30 2
20 48 2
20 61 2
20 80 2
20 88 2
20 130 2
20 190 2
20 207 2
20 231 2
20 252 2
20 327 2
20 331 2
20 332 2
20 345 2
20 347 2
20 367 2
20 373 2
20 411 2
20 414 2
20 471 2
20 472 2
20 489 2
20 499 2
20 523 2
20 608 2
20 617 2
20 619 2
20 705 2
20 778 2
20 780 2
20 790 2
20 845 2
20 879 2
20 888 2
20 900 2
20 6972 2
20 932 2
20 950 2
20 1087 2
20 1091 2
20 1159 2
20 1208 2
20 1234 2
20 1257 2
20 1368 2
20 1407 2
20 1422 2
20 1426 2
20 1450 2
20 1462 2
20 1494 2
20 1509 2
20 1546 2
20 1603 2
20 1657 2
20 1671 2
20 1821 2
20 1824 2
20 1846 2
20 1926 2
20 2052 2
20 2091 2
20 2147 2
20 2181 2
20 2256 2
20 2365 2
20 2383 2
20 2532 2
20 2550 2
20 2652 2
20 2655 2
20 2711 2
20 2785 2
20 2896 2
20 2901 2
20 2985 2
20 3142 2
20 3276 2
20 3299 2
20 3302 2
20 3381 2
20 3403 2
20 3646 2
20 3743 2
20 3787 2
20 4089 2
20 4155 2
20 4294 2
20 4371 2
20 4528 2
20 4558 2
20 4608 2
20 4703 2
20 4734 2
20 4814 2
20 4873 2
20 5335 2
20 5536 2
20 5642 2
20 5731 2
20 5744 2
20 5832 2
20 5908 2
20 6004 2
20 6028 2
20 6094 2
20 6420 2
20 6456 2
21 25 2
21 70 2
21 81 2
21 103 2
21 115 2
21 132 2
21 148 2
21 180 2
21 193 2
21 328 2
21 347 2
21 394 2
21 399 2
21 449 2
21 453 2
21 502 2
21 753 2
21 755 2
21 847 2
21 894 2
21 898 2
21 987 2
21 992 2
21 1076 2
21 1149 2
21 1167 2
21 1249 2
21 1271 2
21 1367 2
21 1495 2
21 1541 2
21 1566 2
21 1570 2
21 1581 2
21 1653 2
21 1720 2
21 1775 2
21 1823 2
21 1897 2
21 1945 2
21 1970 2
21 1982 2
21 2299 2
21 2500 2
21 2631 2
21 2916 2
21 2952 2
21 3045 2
21 3489 2
21 3512 2
21 3847 2
21 4184 2
21 4540 2
21 4615 2
21 4722 2
21 5071 2
21 5097 2
21 5344 2
21 5437 2
21 5473 2
21 5575 2
21 5579 2
21 5729 2
21 5743 2
21 24 2
21 35 2
21 47 2
21 53 2
21 97 2
21 116 2
21 136 2
21 138 2
21 160 2
21 219 2
21 227 2
21 239 2
21 276 2
21 353 2
21 366 2
21 378 2
21 428 2
21 433 2
21 454 2
21 460 2
21 548 2
21 576 2
21 591 2
21 612 2
21 623 2
21 730 2
21 816 2
21 826 2
21 892 2
21 975 2
21 1022 2
21 1147 2
21 1363 2
21 1383 2
21 1401 2
21 1502 2
21 1565 2
21 1567 2
21 1730 2
21 1742 2
21 1764 2
21 1767 2
21 1834 2
21 1868 2
21 1898 2
21 1940 2
21 1958 2
21 2049 2
21 2136 2
21 2234 2
21 2354 2
21 2355 2
21 2358 2
21 2382 2
21 2575 2
21 2621 2
21 2626 2
21 2737 2
21 2857 2
21 2907 2
21 2967 2
21 3070 2
21 3073 2
21 3112 2
21 3184 2
21 3189 2
21 3211 2
21 3218 2
21 3231 2
21 3385 2
21 3413 2
21 3468 2
21 3531 2
21 3657 2
21 3904 2
21 4246 2
21 4410 2
21 4553 2
21 4771 2
21 5008 2
21 5234 2
21 5353 2
21 5568 2
21 5956 2
21 6007 2
21 6039 2
21 6330 2
21 6333 2
21 6435 2
21 6588 2
21 6683 2
21 6767 2
21 6868 2
22 34 2
22 84 2
22 98 2
22 187 2
22 203 2
22 231 2
22 245 2
22 355 2
22 454 2
22 512 2
22 601 2
22 653 2
22 827 2
22 976 2
22 993 2
22 1032 2
22 1744 2
22 1835 2
22 1836 2
22 2063 2
22 2219 2
22 2277 2
22 2318 2
22 2981 2
22 3100 2
22 3192 2
22 3230 2
22 3384 2
22 3424 2
22 4281 2
22 4458 2
22 4563 2
22 4907 2
22 5056 2
22 5135 2
22 5151 2
22 5153 2
22 5748 2
22 5908 2
22 6016 2
22 6549 2
22 6730 2
22 58 2
22 92 2
22 151 2
22 223 2
22 242 2
22 251 2
22 333 2
22 458 2
22 529 2
22 675 2
22 725 2
22 751 2
22 770 2
22 839 2
22 1057 2
22 1076 2
22 1329 2
22 1586 2
22 1642 2
22 2031 2
22 2096 2
22 2336 2
22 2419 2
22 2592 2
22 2608 2
22 2662 2
22 2676 2
22 2682 2
22 3093 2
22 3196 2
22 3234 2
22 3277 2
22 3703 2
22 3778 2
22 3885 2
22 4062 2
22 4275 2
22 5088 2
22 5094 2
22 5261 2
22 5940 2
22 6189 2
22 6312 2
22 6654 2
22 6860 2
23 36 2
23 48 2
23 60 2
23 73 2
23 99 2
23 109 2
23 151 2
23 272 2
23 303 2
23 331 2
23 366 2
23 624 2
23 795 2
23 866 2
23 1361 2
23 1682 2
23 1704 2
23 1724 2
23 1878 2
23 1961 2
23 2134 2
23 2286 2
23 2401 2
23 2660 2
23 2911 2
23 3453 2
23 4060 2
23 4368 2
23 5021 2
23 5518 2
23 5795 2
23 6077 2
23 6237 2
23 6262 2
23 146 2
23 212 2
23 416 2
23 805 2
23 971 2
23 1116 2
23 1495 2
23 1511 2
23 2488 2
23 3058 2
23 3976 2
23 4236 2
23 4334 2
23 4715 2
23 4885 2
23 5346 2
23 5427 2
23 5788 2
23 5933 2
23 5963 2
23 6204 2
23 6750 2
24 26 2
24 30 2
24 41 2
24 61 2
24 65 2
24 71 2
24 95 2
24 108 2
24 144 2
24 155 2
24 172 2
24 192 2
24 264 2
24 291 2
24 440 2
24 456 2
24 547 2
24 627 2
24 642 2
24 675 2
24 745 2
24 813 2
24 926 2
24 1063 2
24 1164 2
24 1332 2
24 1474 2
24 1614 2
24 1674 2
24 1710 2
24 2083 2
24 2148 2
24 2184 2
24 2240 2
24 2275 2
24 2341 2
24 2601 2
24 2612 2
24 2619 2
24 2675 2
24 2729 2
24 3142 2
24 3461 2
24 3472 2
24 3661 2
24 3664 2
24 3701 2
24 3859 2
24 4354 2
24 4742 2
24 4769 2
24 4862 2
24 5772 2
24 6117 2
24 6245 2
24 6511 2
24 6767 2
24 35 2
24 36 2
24 42 2
24 53 2
24 160 2
24 366 2
24 422 2
24 454 2
24 511 2
24 637 2
24 840 2
24 860 2
24 1054 2
24 1079 2
24 1124 2
24 1129 2
24 1457 2
24 1472 2
24 1521 2
24 1791 2
24 1799 2
24 1918 2
24 2014 2
24 2136 2
24 2269 2
24 2354 2
24 2696 2
24 2902 2
24 2929 2
24 3053 2
24 3240 2
24 3636 2
24 3713 2
24 4049 2
24 4472 2
24 4500 2
24 4627 2
24 5038 2
24 5278 2
24 5376 2
24 5461 2
24 5853 2
24 5912 2
24 6039 2
24 6443 2
24 6917 2
25 753 2
25 1076 2
25 1211 2
25 1271 2
25 2299 2
25 4552 2
25 4722 2
25 5238 2
25 5505 2
25 27 2
25 28 2
25 44 2
25 75 2
25 77 2
25 98 2
25 165 2
25 207 2
25 324 2
25 347 2
25 542 2
25 598 2
25 780 2
25 807 2
25 820 2
25 900 2
25 1097 2
25 1101 2
25 1214 2
25 1327 2
25 1366 2
25 1546 2
25 2065 2
25 2455 2
25 2476 2
25 2486 2
25 2616 2
25 2882 2
25 2949 2
25 3004 2
25 3010 2
25 3084 2
25 6988 2
25 4155 2
25 4298 2
25 4504 2
25 4673 2
25 4861 2
25 5100 2
25 5315 2
25 5714 2
25 6040 2
25 6050 2
25 6069 2
25 6795 2
26 108 2
26 194 2
26 195 2
26 286 2
26 330 2
26 496 2
26 638 2
26 1063 2
26 1095 2
26 1128 2
26 1276 2
26 1333 2
26 1474 2
26 1486 2
26 2031 2
26 2365 2
26 2586 2
26 2750 2
26 2768 2
26 2798 2
26 2802 2
26 2993 2
26 3016 2
26 3026 2
26 3047 2
26 3065 2
26 3426 2
26 3920 2
26 4697 2
26 4701 2
26 4944 2
26 5796 2
26 6485 2
26 6574 2
26 6816 2
26 41 2
26 64 2
26 125 2
26 131 2
26 253 2
26 349 2
26 380 2
26 403 2
26 478 2
26 696 2
26 724 2
26 809 2
26 853 2
26 899 2
26 934 2
26 1199 2
26 1575 2
26 1869 2
26 1983 2
26 2010 2
26 2334 2
26 2402 2
26 2406 2
26 2491 2
26 2651 2
26 2694 2
26 2704 2
26 2893 2
26 3280 2
26 3344 2
26 3520 2
26 3723 2
26 4162 2
26 4362 2
26 5107 2
26 5360 2
26 5753 2
26 6118 2
26 6638 2
26 6827 2
27 142 2
27 206 2
27 236 2
27 552 2
27 890 2
27 1904 2
27 2180 2
27 2392 2
27 3081 2
27 3161 2
27 3346 2
27 5486 2
27 5855 2
27 6664 2
27 6715 2
27 28 2
27 30 2
27 37 2
27 51 2
27 55 2
27 98 2
27 100 2
27 114 2
27 153 2
27 331 2
27 357 2
27 395 2
27 475 2
27 507 2
27 542 2
27 579 2
27 584 2
27 639 2
27 640 2
27 655 2
27 746 2
27 780 2
27 807 2
27 823 2
27 1100 2
27 1157 2
27 1229 2
27 1251 2
27 1351 2
27 1603 2
27 2063 2
27 2141 2
27 2237 2
27 2260 2
27 2277 2
27 2477 2
27 2492 2
27 2611 2
27 2949 2
27 2979 2
27 3065 2
27 3068 2
27 3121 2
27 3142 2
27 3150 2
27 3477 2
27 3719 2
27 3841 2
27 3897 2
27 4138 2
27 4153 2
27 4215 2
27 4291 2
27 4488 2
27 4861 2
27 4937 2
27 5056 2
27 5061 2
27 5093 2
27 5238 2
27 5388 2
27 5404 2
27 5523 2
27 5930 2
27 6052 2
27 6057 2
27 6256 2
27 6297 2
27 6450 2
27 6866 2
28 35 2
28 38 2
28 39 2
28 42 2
28 75 2
28 94 2
28 118 2
28 123 2
28 130 2
28 143 2
28 202 2
28 213 2
28 229 2
28 237 2
28 250 2
28 287 2
28 320 2
28 326 2
28 363 2
28 376 2
28 432 2
28 498 2
28 543 2
28 708 2
28 734 2
28 849 2
28 882 2
28 988 2
28 1027 2
28 1087 2
28 1302 2
28 1407 2
28 1591 2
28 1672 2
28 1699 2
28 1770 2
28 1872 2
28 1927 2
28 2049 2
28 2173 2
28 2280 2
28 2326 2
28 2592 2
28 2777 2
28 2808 2
28 3407 2
28 3688 2
28 3882 2
28 3889 2
28 3994 2
28 4244 2
28 4578 2
28 4729 2
28 5011 2
28 5150 2
28 5287 2
28 5458 2
28 5782 2
28 6051 2
28 6225 2
28 6383 2
28 6651 2
28 6714 2
28 98 2
28 114 2
28 122 2
28 153 2
28 283 2
28 357 2
28 439 2
28 475 2
28 911 2
28 1143 2
28 1253 2
28 1308 2
28 1313 2
28 1587 2
28 1635 2
28 1738 2
28 2018 2
28 2028 2
28 2045 2
28 2065 2
28 2277 2
28 2856 2
28 2897 2
28 3030 2
28 3180 2
28 3287 2
28 3314 2
28 3362 2
28 3411 2
28 3897 2
28 4215 2
28 4317 2
28 4458 2
28 4780 2
28 4937 2
28 5305 2
28 6133 2
28 6517 2
28 6707 2
29 166 2
29 1921 2
29 2442 2
29 3077 2
29 3898 2
29 4194 2
29 4673 2
29 5114 2
29 33 2
29 150 2
29 201 2
29 264 2
29 293 2
29 335 2
29 356 2
29 684 2
29 821 2
29 1120 2
29 1130 2
29 1291 2
29 1557 2
29 1581 2
29 1592 2
29 1658 2
29 2080 2
29 2211 2
29 2222 2
29 2552 2
29 2583 2
29 2634 2
29 2881 2
29 3829 2
29 4145 2
29 4505 2
29 4585 2
29 4752 2
29 4984 2
29 5168 2
29 5357 2
29 5473 2
29 5696 2
29 5728 2
29 5764 2
29 6144 2
29 6164 2
29 6324 2
29 6440 2
30 61 2
30 65 2
30 71 2
30 107 2
30 114 2
30 155 2
30 158 2
30 172 2
30 173 2
30 209 2
30 262 2
30 314 2
30 377 2
30 420 2
30 520 2
30 540 2
30 6999 2
30 704 2
30 986 2
30 1005 2
30 1047 2
30 1235 2
30 1332 2
30 1411 2
30 1631 2
30 1710 2
30 1843 2
30 2003 2
30 2144 2
30 2184 2
30 2200 2
30 2274 2
30 2275 2
30 2357 2
30 2415 2
30 2531 2
30 2589 2
30 2593 2
30 2610 2
30 2666 2
30 2675 2
30 2699 2
30 2779 2
30 2832 2
30 2940 2
30 2972 2
30 3314 2
30 3331 2
30 3400 2
30 3449 2
30 3492 2
30 3496 2
30 3676 2
30 3728 2
30 3838 2
30 3912 2
30 3962 2
30 4349 2
30 4357 2
30 4382 2
30 4386 2
30 4413 2
30 4627 2
30 4656 2
30 4662 2
30 4893 2
30 4924 2
30 4961 2
30 5038 2
30 5081 2
30 5282 2
30 5351 2
30 5420 2
30 5465 2
30 5727 2
30 5762 2
30 6226 2
30 6301 2
30 37 2
30 45 2
30 51 2
30 56 2
30 78 2
30 85 2
30 90 2
30 93 2
30 126 2
30 132 2
30 166 2
30 178 2
30 199 2
30 252 2
30 281 2
30 331 2
30 395 2
30 472 2
30 522 2
30 527 2
30 531 2
30 556 2
30 558 2
30 609 2
30 619 2
30 662 2
30 787 2
30 811 2
30 845 2
30 879 2
30 939 2
30 1061 2
30 1171 2
30 1228 2
30 1257 2
30 1284 2
30 1341 2
30 1345 2
30 1380 2
30 1543 2
30 1748 2
30 1841 2
30 1852 2
30 1884 2
30 6961 2
30 2134 2
30 2158 2
30 2227 2
30 2347 2
30 2855 2
30 3038 2
30 3276 2
30 3356 2
30 3792 2
30 3867 2
30 3937 2
30 3998 2
30 4104 2
30 4293 2
30 4392 2
30 4486 2
30 4571 2
30 4635 2
30 4722 2
30 5165 2
30 5281 2
30 5439 2
30 5453 2
30 5507 2
30 5508 2
30 5561 2
30 5600 2
30 5705 2
30 5805 2
30 6042 2
30 6176 2
30 6213 2
30 6557 2
30 6845 2
30 6890 2
31 51 2
31 124 2
31 157 2
31 216 2
31 225 2
31 234 2
31 460 2
31 6933 2
31 573 2
31 821 2
31 889 2
31 1007 2
31 1011 2
31 1273 2
31 1325 2
31 1721 2
31 1753 2
31 1785 2
31 2154 2
31 2283 2
31 2621 2
31 2668 2
31 2886 2
31 3066 2
31 3202 2
31 3263 2
31 3505 2
31 3583 2
31 3598 2
31 3685 2
31 3800 2
31 4064 2
31 4169 2
31 4270 2
31 5064 2
31 5503 2
31 5556 2
31 6080 2
31 6223 2
31 6285 2
31 6430 2
31 6765 2
31 91 2
31 103 2
31 175 2
31 183 2
31 230 2
31 248 2
31 266 2
31 274 2
31 348 2
31 386 2
31 466 2
31 473 2
31 485 2
31 503 2
31 516 2
31 559 2
31 599 2
31 685 2
31 720 2
31 1008 2
31 1064 2
31 1112 2
31 1131 2
31 1145 2
31 1173 2
31 1197 2
31 1202 2
31 1248 2
31 1482 2
31 1526 2
31 1570 2
31 1580 2
31 1584 2
31 1646 2
31 1700 2
31 1775 2
31 1781 2
31 1808 2
31 1890 2
31 2005 2
31 2204 2
31 2292 2
31 2461 2
31 2528 2
31 2653 2
31 2727 2
31 2752 2
31 3082 2
31 3645 2
31 3955 2
31 4007 2
31 4074 2
31 4259 2
31 4599 2
31 4909 2
31 5363 2
31 5471 2
31 5509 2
31 5540 2
31 5760 2
31 5867 2
31 6051 2
31 6109 2
31 6514 2
31 6740 2
32 349 2
32 486 2
32 535 2
32 537 2
32 620 2
32 2440 2
32 3648 2
32 4991 2
32 5450 2
32 6114 2
32 6346 2
32 6482 2
32 73 2
32 145 2
32 184 2
32 197 2
32 246 2
32 389 2
32 686 2
32 2558 2
32 2842 2
32 3827 2
32 6969 2
32 4469 2
32 4853 2
32 5618 2
32 5656 2
32 5675 2
32 5777 2
32 6367 2
32 6629 2
32 6884 2
32 6908 2
33 45 2
33 63 2
33 79 2
33 269 2
33 435 2
33 539 2
33 673 2
33 838 2
33 1133 2
33 1159 2
33 1448 2
33 1702 2
33 1865 2
33 1899 2
33 2021 2
33 2133 2
33 2554 2
33 3417 2
33 3759 2
33 3780 2
33 4204 2
33 5513 2
33 5623 2
33 5657 2
33 6335 2
33 68 2
33 330 2
33 487 2
33 1065 2
33 1310 2
33 1451 2
33 1515 2
33 1592 2
33 1638 2
33 2124 2
33 2536 2
33 3232 2
33 3589 2
33 3775 2
33 3842 2
33 3949 2
33 4078 2
33 4145 2
33 4187 2
33 4779 2
33 5018 2
33 5115 2
33 5168 2
33 5477 2
33 5669 2
33 5735 2
33 5793 2
33 5852 2
33 6181 2
33 6525 2
33 6636 2
33 6901 2
34 90 2
34 98 2
34 187 2
34 509 2
34 517 2
34 556 2
34 594 2
34 671 2
34 722 2
34 751 2
34 808 2
34 885 2
34 919 2
34 921 2
34 966 2
34 975 2
34 993 2
34 1077 2
34 1082 2
34 1254 2
34 1583 2
34 1601 2
34 1874 2
34 1887 2
34 2048 2
34 2187 2
34 2226 2
34 2480 2
34 2557 2
34 2679 2
34 2936 2
34 3904 2
34 4162 2
34 4211 2
34 4255 2
34 4659 2
34 4661 2
34 4948 2
34 5026 2
34 5172 2
34 5807 2
34 6063 2
34 6241 2
34 6622 2
34 6780 2
34 71 2
34 84 2
34 147 2
34 173 2
34 318 2
34 362 2
34 409 2
34 469 2
34 554 2
34 629 2
34 767 2
34 817 2
34 822 2
34 1066 2
34 1328 2
34 1437 2
34 1548 2
34 1944 2
34 2000 2
34 2079 2
34 2183 2
34 2345 2
34 2380 2
34 2524 2
34 2710 2
34 2938 2
34 3020 2
34 3054 2
34 4393 2
34 4466 2
34 4669 2
34 4966 2
34 5295 2
34 6180 2
34 6216 2
34 6236 2
35 38 2
35 39 2
35 40 2
35 46 2
35 56 2
35 67 2
35 75 2
35 121 2
35 147 2
35 162 2
35 202 2
35 218 2
35 261 2
35 310 2
35 363 2
35 412 2
35 447 2
35 462 2
35 477 2
35 531 2
35 554 2
35 610 2
35 702 2
35 721 2
35 811 2
35 849 2
35 897 2
35 912 2
35 916 2
35 928 2
35 930 2
35 965 2
35 1079 2
35 1195 2
35 1200 2
35 1349 2
35 1479 2
35 1521 2
35 1557 2
35 1771 2
35 1916 2
35 1930 2
35 2172 2
35 2237 2
35 2241 2
35 2310 2
35 2396 2
35 2418 2
35 2514 2
35 2574 2
35 2706 2
35 2714 2
35 2732 2
35 2736 2
35 2765 2
35 2904 2
35 2957 2
35 3193 2
35 3326 2
35 3339 2
35 3443 2
35 3642 2
35 3684 2
35 3819 2
35 4057 2
35 4069 2
35 4075 2
35 4114 2
35 4470 2
35 4529 2
35 4715 2
35 4745 2
35 4940 2
35 4968 2
35 5169 2
35 5230 2
35 5349 2
35 5455 2
35 5757 2
35 6051 2
35 6123 2
35 6147 2
35 6307 2
35 6431 2
35 6547 2
35 6665 2
35 6776 2
35 53 2
35 179 2
35 422 2
35 460 2
35 537 2
35 566 2
35 637 2
35 848 2
35 1054 2
35 1077 2
35 1107 2
35 1300 2
35 1363 2
35 1989 2
35 2403 2
35 2543 2
35 2659 2
35 2681 2
35 2737 2
35 3541 2
35 4024 2
35 4146 2
35 4540 2
35 4771 2
35 5546 2
35 5549 2
35 6311 2
35 6462 2
35 6657 2
36 78 2
36 97 2
36 110 2
36 184 2
36 366 2
36 428 2
36 470 2
36 795 2
36 818 2
36 1704 2
36 1961 2
36 2101 2
36 2126 2
36 2591 2
36 2766 2
36 3094 2
36 3168 2
36 3422 2
36 3830 2
36 4060 2
36 5021 2
36 5030 2
36 5079 2
36 5533 2
36 42 2
36 50 2
36 94 2
36 112 2
36 119 2
36 192 2
36 213 2
36 215 2
36 390 2
36 410 2
36 479 2
36 530 2
36 580 2
36 651 2
36 891 2
36 983 2
36 1177 2
36 1331 2
36 1423 2
36 1552 2
36 1582 2
36 1791 2
36 1927 2
36 2253 2
36 2269 2
36 2314 2
36 2753 2
36 2810 2
36 2902 2
36 2969 2
36 2972 2
36 3208 2
36 3573 2
36 3840 2
36 3852 2
36 3901 2
36 4262 2
36 4359 2
36 4472 2
36 4621 2
36 4627 2
36 4668 2
36 4690 2
36 4864 2
36 5015 2
36 5109 2
36 5112 2
36 5148 2
36 5423 2
36 5800 2
36 6048 2
36 6202 2
36 6260 2
36 6308 2
36 6368 2
36 6449 2
36 6859 2
37 50 2
37 66 2
37 86 2
37 136 2
37 152 2
37 175 2
37 208 2
37 238 2
37 313 2
37 334 2
37 410 2
37 417 2
37 441 2
37 500 2
37 529 2
37 580 2
37 613 2
37 731 2
37 748 2
37 789 2
37 796 2
37 1049 2
37 1050 2
37 1125 2
37 1170 2
37 1182 2
37 1383 2
37 1393 2
37 1536 2
37 1612 2
37 1637 2
37 1638 2
37 1652 2
37 1656 2
37 1799 2
37 1815 2
37 1818 2
37 1901 2
37 1913 2
37 1914 2
37 1929 2
37 1964 2
37 1975 2
37 2041 2
37 2127 2
37 2720 2
37 2782 2
37 2815 2
37 2892 2
37 2995 2
37 3020 2
37 3124 2
37 3257 2
37 3302 2
37 3475 2
37 3531 2
37 3627 2
37 3732 2
37 3767 2
37 3872 2
37 3875 2
37 3908 2
37 3996 2
37 4173 2
37 4313 2
37 4324 2
37 4490 2
37 4553 2
37 4916 2
37 4969 2
37 5109 2
37 5220 2
37 5438 2
37 5555 2
37 5944 2
37 6062 2
37 6141 2
37 6956 2
37 6440 2
37 6450 2
37 6975 2
37 6609 2
37 6623 2
37 6740 2
37 6837 2
37 6923 2
37 45 2
37 51 2
37 55 2
37 85 2
37 90 2
37 100 2
37 168 2
37 221 2
37 281 2
37 289 2
37 381 2
37 443 2
37 556 2
37 579 2
37 584 2
37 639 2
37 662 2
37 664 2
37 710 2
37 849 2
37 928 2
37 948 2
37 968 2
37 1044 2
37 1102 2
37 1153 2
37 1222 2
37 1285 2
37 1323 2
37 1438 2
37 1443 2
37 1571 2
37 1806 2
37 2105 2
37 2164 2
37 2332 2
37 2351 2
37 2692 2
37 3023 2
37 3067 2
37 3207 2
37 3264 2
37 3629 2
37 3950 2
37 4153 2
37 4573 2
37 4659 2
37 4880 2
37 5202 2
37 5203 2
37 5277 2
37 5644 2
37 5705 2
37 5896 2
37 5982 2
37 6188 2
37 6270 2
37 6405 2
37 6506 2
37 6669 2
37 6724 2
37 6812 2
38 40 2
38 46 2
38 62 2
38 75 2
38 94 2
38 143 2
38 154 2
38 229 2
38 244 2
38 265 2
38 397 2
38 406 2
38 447 2
38 498 2
38 538 2
38 599 2
38 610 2
38 765 2
38 892 2
38 897 2
38 965 2
38 1087 2
38 1105 2
38 1152 2
38 1185 2
38 1196 2
38 1267 2
38 1302 2
38 1330 2
38 1498 2
38 1501 2
38 1633 2
38 1809 2
38 1898 2
38 1912 2
38 1916 2
38 2068 2
38 2168 2
38 2204 2
38 2218 2
38 2230 2
38 2239 2
38 2328 2
38 2413 2
38 2502 2
38 2532 2
38 2570 2
38 3005 2
38 3120 2
38 3151 2
38 3200 2
38 3255 2
38 3279 2
38 3300 2
38 3446 2
38 3451 2
38 3452 2
38 3577 2
38 3722 2
38 4098 2
38 4151 2
38 4359 2
38 4389 2
38 4979 2
38 5173 2
38 5412 2
38 5655 2
38 5660 2
38 6116 2
38 6598 2
38 6799 2
38 6870 2
38 120 2
38 152 2
38 225 2
38 388 2
38 592 2
38 634 2
38 798 2
38 901 2
38 910 2
38 1013 2
38 1274 2
38 1686 2
38 2020 2
38 2467 2
38 3125 2
38 3331 2
38 3772 2
38 3823 2
38 4086 2
38 4178 2
38 5052 2
38 5541 2
38 5862 2
38 5951 2
38 6538 2
38 6659 2
39 42 2
39 56 2
39 112 2
39 121 2
39 123 2
39 130 2
39 160 2
39 204 2
39 326 2
39 363 2
39 425 2
39 775 2
39 882 2
39 991 2
39 1293 2
39 1368 2
39 1410 2
39 1413 2
39 1529 2
39 1672 2
39 1758 2
39 1872 2
39 1927 2
39 2290 2
39 2497 2
39 2976 2
39 3585 2
39 3588 2
39 4114 2
39 4611 2
39 4689 2
39 4773 2
39 4778 2
39 5127 2
39 5155 2
39 5478 2
39 5490 2
39 5610 2
39 5763 2
39 6565 2
39 6824 2
39 188 2
39 517 2
39 907 2
39 1333 2
39 1979 2
39 2017 2
39 2153 2
39 2793 2
39 5556 2
39 5736 2
39 5970 2
39 6497 2
40 46 2
40 62 2
40 147 2
40 218 2
40 252 2
40 302 2
40 310 2
40 516 2
40 527 2
40 567 2
40 595 2
40 765 2
40 875 2
40 6946 2
40 1206 2
40 1330 2
40 1366 2
40 1415 2
40 2068 2
40 2396 2
40 2532 2
40 2673 2
40 3005 2
40 3605 2
40 3959 2
40 3982 2
40 4009 2
40 4055 2
40 4141 2
40 4271 2
40 4733 2
40 4745 2
40 4901 2
40 4947 2
40 5295 2
40 5539 2
40 5599 2
40 5687 2
40 5835 2
40 6443 2
40 833 2
40 1949 2
40 3770 2
40 3981 2
41 1063 2
41 1095 2
41 1128 2
41 2341 2
41 2830 2
41 4519 2
41 4742 2
41 5023 2
41 6816 2
41 46 2
41 64 2
41 79 2
41 95 2
41 106 2
41 131 2
41 218 2
41 344 2
41 349 2
41 371 2
41 403 2
41 438 2
41 665 2
41 858 2
41 1047 2
41 1309 2
41 1441 2
41 1512 2
41 1835 2
41 1931 2
41 2036 2
41 2113 2
41 2170 2
41 2203 2
41 2291 2
41 2829 2
41 3194 2
41 3280 2
41 3520 2
41 3723 2
41 3980 2
41 4196 2
41 4297 2
41 4678 2
41 5021 2
41 5136 2
41 5141 2
41 5447 2
41 5548 2
41 5785 2
42 112 2
42 123 2
42 260 2
42 289 2
42 320 2
42 376 2
42 425 2
42 432 2
42 526 2
42 734 2
42 869 2
42 879 2
42 1041 2
42 1113 2
42 1116 2
42 1576 2
42 2182 2
42 2334 2
42 2380 2
42 2510 2
42 2620 2
42 2682 2
42 2731 2
42 3136 2
42 3245 2
42 4026 2
42 4244 2
42 4676 2
42 5184 2
42 5287 2
42 5350 2
42 5384 2
42 5414 2
42 5454 2
42 5894 2
42 192 2
42 215 2
42 255 2
42 299 2
42 358 2
42 402 2
42 545 2
42 580 2
42 626 2
42 643 2
42 718 2
42 765 2
42 791 2
42 860 2
42 898 2
42 1331 2
42 1415 2
42 1648 2
42 1710 2
42 1791 2
42 1831 2
42 3017 2
42 3456 2
42 3880 2
42 4808 2
42 4968 2
42 5066 2
42 5111 2
42 5187 2
42 5297 2
42 5800 2
42 5811 2
42 6505 2
42 6844 2
43 52 2
43 57 2
43 76 2
43 96 2
43 111 2
43 222 2
43 233 2
43 256 2
43 315 2
43 359 2
43 392 2
43 400 2
43 490 2
43 542 2
43 551 2
43 605 2
43 617 2
43 778 2
43 787 2
43 801 2
43 867 2
43 929 2
43 957 2
43 995 2
43 1033 2
43 1161 2
43 1171 2
43 1231 2
43 1237 2
43 1258 2
43 1527 2
43 1757 2
43 2206 2
43 2332 2
43 2441 2
43 2495 2
43 2501 2
43 2539 2
43 2737 2
43 2859 2
43 2925 2
43 2962 2
43 3008 2
43 3063 2
43 3345 2
43 3455 2
43 3623 2
43 3626 2
43 3667 2
43 3697 2
43 3700 2
43 3977 2
43 4189 2
43 4232 2
43 4326 2
43 4631 2
43 4633 2
43 4761 2
43 4896 2
43 5024 2
43 5185 2
43 5187 2
43 5284 2
43 5544 2
43 5766 2
43 5964 2
43 6596 2
43 6620 2
43 6851 2
43 81 2
43 128 2
43 141 2
43 177 2
43 267 2
43 320 2
43 374 2
43 408 2
43 437 2
43 562 2
43 590 2
43 604 2
43 618 2
43 659 2
43 731 2
43 773 2
43 797 2
43 999 2
43 1198 2
43 1319 2
43 1373 2
43 1432 2
43 1480 2
43 1637 2
43 1763 2
43 1876 2
43 2301 2
43 2323 2
43 2424 2
43 2699 2
43 2947 2
43 3048 2
43 3281 2
43 3650 2
43 4229 2
43 4368 2
43 4375 2
43 4402 2
43 4415 2
43 4566 2
43 4936 2
43 5099 2
43 5146 2
43 5171 2
43 5531 2
43 5542 2
43 6092 2
43 6130 2
43 6149 2
43 6499 2
43 6609 2
43 6912 2
44 49 2
44 239 2
44 565 2
44 1173 2
44 1389 2
44 1489 2
44 2296 2
44 2869 2
44 3110 2
44 4933 2
44 75 2
44 77 2
44 99 2
44 133 2
44 165 2
44 181 2
44 209 2
44 238 2
44 296 2
44 377 2
44 400 2
44 407 2
44 425 2
44 708 2
44 754 2
44 820 2
44 830 2
44 1099 2
44 1327 2
44 1626 2
44 1724 2
44 1731 2
44 1935 2
44 1974 2
44 2270 2
44 2366 2
44 2437 2
44 2567 2
44 2813 2
44 2991 2
44 3151 2
44 3355 2
44 3367 2
44 3890 2
44 4156 2
44 4205 2
44 4307 2
44 4975 2
44 5621 2
44 5844 2
44 6011 2
44 6072 2
44 6558 2
44 6757 2
45 125 2
45 284 2
45 367 2
45 423 2
45 829 2
45 1093 2
45 1133 2
45 1545 2
45 2653 2
45 3180 2
45 5513 2
45 5657 2
45 6037 2
45 6335 2
45 6924 2
45 56 2
45 85 2
45 93 2
45 96 2
45 126 2
45 162 2
45 166 2
45 168 2
45 210 2
45 240 2
45 247 2
45 421 2
45 515 2
45 526 2
45 6984 2
45 550 2
45 581 2
45 587 2
45 650 2
45 677 2
45 710 2
45 928 2
45 942 2
45 1006 2
45 1228 2
45 1302 2
45 1543 2
45 1694 2
45 2105 2
45 2158 2
45 2165 2
45 2230 2
45 2254 2
45 2347 2
45 2408 2
45 2430 2
45 2546 2
45 2604 2
45 2666 2
45 2889 2
45 2913 2
45 2996 2
45 3472 2
45 3876 2
45 4097 2
45 4329 2
45 4758 2
45 5190 2
45 5193 2
45 5236 2
45 5288 2
45 5323 2
45 5666 2
45 5913 2
45 6020 2
45 6049 2
45 6399 2
45 6412 2
45 6423 2
45 6512 2
45 6812 2
46 147 2
46 252 2
46 302 2
46 610 2
46 1415 2
46 1430 2
46 1479 2
46 1498 2
46 1557 2
46 1633 2
46 1813 2
46 1898 2
46 1959 2
46 2474 2
46 2667 2
46 2685 2
46 2732 2
46 3132 2
46 4070 2
46 5048 2
46 6116 2
46 6665 2
46 6689 2
46 63 2
46 66 2
46 79 2
46 82 2
46 83 2
46 104 2
46 109 2
46 134 2
46 155 2
46 163 2
46 167 2
46 170 2
46 218 2
46 228 2
46 237 2
46 249 2
46 261 2
46 304 2
46 341 2
46 392 2
46 438 2
46 564 2
46 681 2
46 709 2
46 761 2
46 815 2
46 878 2
46 918 2
46 1062 2
46 1073 2
46 1111 2
46 1135 2
46 1149 2
46 1250 2
46 1344 2
46 1524 2
46 1604 2
46 1650 2
46 1820 2
46 2369 2
46 2399 2
46 2460 2
46 2529 2
46 2555 2
46 2765 2
46 2909 2
46 2957 2
46 2994 2
46 3194 2
46 3298 2
46 3309 2
46 3476 2
46 3631 2
46 3870 2
46 3881 2
46 3970 2
46 4058 2
46 4310 2
46 4433 2
46 4595 2
46 4650 2
46 4687 2
46 4910 2
46 5021 2
46 5141 2
46 5158 2
46 5592 2
46 5732 2
46 5961 2
47 249 2
47 415 2
47 833 2
47 1459 2
47 1820 2
47 2085 2
47 2363 2
47 2509 2
47 3111 2
47 3520 2
47 3781 2
47 4506 2
47 5236 2
47 5891 2
47 6355 2
47 6523 2
47 52 2
47 97 2
47 219 2
47 269 2
47 312 2
47 476 2
47 510 2
47 553 2
47 952 2
47 1244 2
47 1326 2
47 1362 2
47 1460 2
47 1605 2
47 1774 2
47 1962 2
47 2049 2
47 2678 2
47 2714 2
47 2988 2
47 3231 2
47 3239 2
47 3292 2
47 3556 2
47 3575 2
47 3698 2
47 3983 2
47 4774 2
47 4935 2
47 5045 2
47 5596 2
47 6339 2
47 6379 2
48 58 2
48 73 2
48 101 2
48 133 2
48 135 2
48 168 2
48 354 2
48 416 2
48 480 2
48 691 2
48 805 2
48 866 2
48 1141 2
48 1304 2
48 1312 2
48 1321 2
48 1560 2
48 1718 2
48 1853 2
48 1894 2
48 1960 2
48 2286 2
48 2423 2
48 2452 2
48 2763 2
48 3109 2
48 3232 2
48 3254 2
48 3344 2
48 3360 2
48 3434 2
48 3810 2
48 3955 2
48 4190 2
48 4408 2
48 4824 2
48 4884 2
48 4890 2
48 4897 2
48 5376 2
48 5405 2
48 5625 2
48 5955 2
48 6077 2
48 6156 2
48 6550 2
48 61 2
48 231 2
48 471 2
48 608 2
48 617 2
48 1711 2
48 2235 2
48 6972 2
48 3483 2
48 4005 2
48 4497 2
48 4846 2
48 4898 2
48 5443 2
48 5984 2
48 6925 2
49 55 2
49 82 2
49 88 2
49 177 2
49 329 2
49 364 2
49 545 2
49 678 2
49 729 2
49 1169 2
49 1202 2
49 1291 2
49 1329 2
49 1403 2
49 1428 2
49 1440 2
49 1456 2
49 1466 2
49 1489 2
49 1624 2
49 1669 2
49 1824 2
49 2069 2
49 2454 2
49 2475 2
49 2576 2
49 2684 2
49 3000 2
49 3030 2
49 3064 2
49 3410 2
49 3444 2
49 3488 2
49 3799 2
49 3854 2
49 4227 2
49 4252 2
49 4288 2
49 4330 2
49 4344 2
49 4573 2
49 4612 2
49 4681 2
49 4921 2
49 5096 2
49 6496 2
49 6810 2
49 54 2
49 117 2
49 257 2
49 337 2
49 723 2
49 982 2
49 1089 2
49 1221 2
49 2187 2
49 2397 2
49 3660 2
49 3851 2
49 4054 2
49 4299 2
49 4312 2
49 6432 2
49 6864 2
50 86 2
50 100 2
50 190 2
50 221 2
50 358 2
50 646 2
50 652 2
50 695 2
50 773 2
50 776 2
50 901 2
50 1425 2
50 1434 2
50 2930 2
50 3399 2
50 3737 2
50 3739 2
50 4062 2
50 6956 2
50 4175 2
50 4542 2
50 4929 2
50 5250 2
50 5438 2
50 6314 2
50 89 2
50 94 2
50 110 2
50 112 2
50 270 2
50 390 2
50 468 2
50 784 2
50 980 2
50 1237 2
50 1243 2
50 1418 2
50 2668 2
50 6957 2
50 2969 2
50 2972 2
50 3160 2
50 3505 2
50 3670 2
50 4359 2
50 4869 2
50 5109 2
50 5195 2
50 5268 2
50 6368 2
51 124 2
51 157 2
51 216 2
51 228 2
51 248 2
51 279 2
51 606 2
51 615 2
51 712 2
51 715 2
51 850 2
51 1037 2
51 1144 2
51 1162 2
51 1180 2
51 1189 2
51 1243 2
51 1348 2
51 1496 2
51 2485 2
51 2975 2
51 3102 2
51 3140 2
51 3364 2
51 3505 2
51 3529 2
51 4169 2
51 4268 2
51 4433 2
51 4640 2
51 5248 2
51 5373 2
51 5913 2
51 6055 2
51 6080 2
51 6094 2
51 6146 2
51 55 2
51 289 2
51 381 2
51 461 2
51 556 2
51 574 2
51 687 2
51 1153 2
51 1351 2
51 1736 2
51 1861 2
51 1938 2
51 2058 2
51 2332 2
51 2423 2
51 3207 2
51 4781 2
51 5013 2
51 5042 2
51 5478 2
51 5690 2
51 5822 2
51 5899 2
51 6022 2
51 6256 2
51 6405 2
51 6447 2
52 57 2
52 76 2
52 159 2
52 178 2
52 222 2
52 359 2
52 434 2
52 476 2
52 605 2
52 836 2
52 1061 2
52 1345 2
52 1432 2
52 1527 2
52 1580 2
52 2073 2
52 2150 2
52 3626 2
52 3757 2
52 4326 2
52 4586 2
52 6358 2
52 6680 2
52 269 2
52 1460 2
52 2748 2
52 2853 2
52 4397 2
52 6904 2
53 69 2
53 83 2
53 117 2
53 127 2
53 174 2
53 241 2
53 351 2
53 390 2
53 393 2
53 525 2
53 546 2
53 550 2
53 641 2
53 741 2
53 900 2
53 1238 2
53 1376 2
53 1450 2
53 1619 2
53 1781 2
53 1869 2
53 2114 2
53 2120 2
53 2231 2
53 2348 2
53 2377 2
53 2455 2
53 2487 2
53 2616 2
53 2961 2
53 3001 2
53 3217 2
53 3591 2
53 3610 2
53 4025 2
53 4091 2
53 4205 2
53 4483 2
53 5386 2
53 5731 2
53 5791 2
53 6010 2
53 6053 2
53 6733 2
53 422 2
53 454 2
53 1363 2
53 1472 2
53 1918 2
53 1940 2
53 2014 2
53 2067 2
53 2659 2
53 2681 2
53 3713 2
53 4500 2
53 6657 2
54 55 2
54 68 2
54 88 2
54 247 2
54 329 2
54 336 2
54 350 2
54 364 2
54 558 2
54 562 2
54 585 2
54 616 2
54 632 2
54 680 2
54 763 2
54 895 2
54 907 2
54 925 2
54 1072 2
54 1075 2
54 1102 2
54 1447 2
54 1456 2
54 1466 2
54 1509 2
54 1528 2
54 1692 2
54 1935 2
54 2542 2
54 2797 2
54 3062 2
54 3236 2
54 3584 2
54 3779 2
54 4423 2
54 4480 2
54 4810 2
54 4973 2
54 5919 2
54 6000 2
54 6056 2
54 6275 2
54 6610 2
54 6701 2
54 60 2
54 69 2
54 74 2
54 117 2
54 180 2
54 193 2
54 222 2
54 445 2
54 449 2
54 520 2
54 723 2
54 889 2
54 973 2
54 1038 2
54 1751 2
54 2294 2
54 2304 2
54 2321 2
54 2397 2
54 2635 2
54 2911 2
54 3284 2
54 3851 2
54 4088 2
54 4199 2
54 4613 2
54 5264 2
54 6441 2
54 6464 2
55 68 2
55 82 2
55 138 2
55 170 2
55 177 2
55 197 2
55 200 2
55 217 2
55 282 2
55 322 2
55 364 2
55 387 2
55 458 2
55 499 2
55 587 2
55 608 2
55 636 2
55 644 2
55 720 2
55 729 2
55 848 2
55 935 2
55 946 2
55 984 2
55 1072 2
55 1109 2
55 1153 2
55 1177 2
55 1215 2
55 1360 2
55 1428 2
55 1447 2
55 1499 2
55 1621 2
55 1850 2
55 1905 2
55 1907 2
55 1948 2
55 2069 2
55 2145 2
55 2367 2
55 2472 2
55 2556 2
55 2744 2
55 2748 2
55 2783 2
55 2797 2
55 2982 2
55 3159 2
55 3284 2
55 3341 2
55 3371 2
55 3427 2
55 3444 2
55 3513 2
55 3638 2
55 3712 2
55 3797 2
55 4063 2
55 4192 2
55 4250 2
55 4287 2
55 4380 2
55 4397 2
55 4400 2
55 4442 2
55 4544 2
55 4809 2
55 4918 2
55 4951 2
55 5009 2
55 5118 2
55 5226 2
55 5410 2
55 5489 2
55 5572 2
55 5708 2
55 5808 2
55 5811 2
55 5818 2
55 5830 2
55 6024 2
55 6072 2
55 6204 2
55 6611 2
55 6701 2
55 6867 2
55 289 2
55 574 2
55 584 2
55 664 2
55 687 2
55 763 2
55 6985 2
55 1134 2
55 1351 2
55 1861 2
55 1938 2
55 2141 2
55 2317 2
55 2611 2
55 2892 2
55 3089 2
55 3150 2
55 3504 2
55 3777 2
55 5042 2
55 5318 2
55 5644 2
55 5954 2
55 6022 2
55 6052 2
55 6644 2
56 121 2
56 162 2
56 775 2
56 811 2
56 991 2
56 1080 2
56 1110 2
56 1143 2
56 1349 2
56 1368 2
56 1685 2
56 2000 2
56 2237 2
56 2493 2
56 2519 2
56 2752 2
56 3310 2
56 3337 2
56 3585 2
56 3803 2
56 4470 2
56 4628 2
56 5763 2
56 6228 2
56 6491 2
56 6746 2
56 78 2
56 93 2
56 96 2
56 101 2
56 102 2
56 113 2
56 118 2
56 123 2
56 132 2
56 176 2
56 187 2
56 258 2
56 309 2
56 319 2
56 396 2
56 397 2
56 404 2
56 474 2
56 504 2
56 572 2
56 577 2
56 611 2
56 668 2
56 756 2
56 759 2
56 824 2
56 828 2
56 906 2
56 909 2
56 942 2
56 1007 2
56 1025 2
56 1028 2
56 1059 2
56 1096 2
56 1113 2
56 1114 2
56 1132 2
56 1190 2
56 1204 2
56 1207 2
56 1241 2
56 1261 2
56 1262 2
56 1342 2
56 1359 2
56 1377 2
56 1392 2
56 1393 2
56 1410 2
56 1427 2
56 1470 2
56 1471 2
56 1619 2
56 1622 2
56 1631 2
56 1661 2
56 1669 2
56 1693 2
56 1696 2
56 1703 2
56 1713 2
56 1762 2
56 1790 2
56 1793 2
56 1878 2
56 1894 2
56 1934 2
56 1959 2
56 2048 2
56 2093 2
56 2109 2
56 2229 2
56 2243 2
56 2293 2
56 2316 2
56 2374 2
56 2392 2
56 2417 2
56 2475 2
56 2539 2
56 2674 2
56 2726 2
56 2732 2
56 2736 2
56 2766 2
56 2767 2
56 2912 2
56 2974 2
56 2995 2
56 3007 2
56 3059 2
56 3191 2
56 3321 2
56 3392 2
56 3394 2
56 3400 2
56 3537 2
56 3681 2
56 3689 2
56 3697 2
56 4008 2
56 4053 2
56 4123 2
56 4235 2
56 4341 2
56 4702 2
56 4707 2
56 6954 2
56 4758 2
56 4890 2
56 5040 2
56 5043 2
56 5051 2
56 5110 2
56 5122 2
56 5159 2
56 5190 2
56 5216 2
56 5217 2
56 5233 2
56 5270 2
56 5334 2
56 5370 2
56 5391 2
56 5434 2
56 5555 2
56 5720 2
56 5918 2
56 6077 2
56 6760 2
56 6806 2
57 222 2
57 400 2
57 492 2
57 617 2
57 1161 2
57 1237 2
57 1345 2
57 1757 2
57 2221 2
57 3345 2
57 3977 2
57 4245 2
57 4586 2
57 5198 2
57 5529 2
57 6358 2
57 6596 2
57 406 2
57 505 2
57 1862 2
57 3438 2
57 3649 2
57 6748 2
58 72 2
58 77 2
58 91 2
58 101 2
58 102 2
58 105 2
58 106 2
58 131 2
58 196 2
58 479 2
58 566 2
58 584 2
58 663 2
58 914 2
58 1317 2
58 1319 2
58 1423 2
58 1748 2
58 2079 2
58 2194 2
58 2611 2
58 2773 2
58 3862 2
58 4590 2
58 4824 2
58 4884 2
58 5376 2
58 5834 2
58 6002 2
58 6360 2
58 6475 2
58 6635 2
58 6636 2
58 92 2
58 151 2
58 169 2
58 206 2
58 300 2
58 369 2
58 481 2
58 839 2
58 869 2
58 959 2
58 1264 2
58 1590 2
58 1642 2
58 1847 2
58 1860 2
58 1956 2
58 2163 2
58 2172 2
58 2519 2
58 2671 2
58 3093 2
58 3100 2
58 3158 2
58 3653 2
58 3865 2
58 3893 2
58 4062 2
58 4557 2
58 4731 2
58 4851 2
58 4952 2
58 5094 2
58 5162 2
58 5309 2
58 5373 2
58 5784 2
58 6946 2
58 6319 2
59 274 2
59 405 2
59 696 2
59 973 2
59 1239 2
59 4134 2
59 4294 2
59 4872 2
59 5325 2
59 6025 2
59 6922 2
59 107 2
59 171 2
59 182 2
59 200 2
59 278 2
59 384 2
59 1035 2
59 1231 2
59 1474 2
59 1688 2
59 2037 2
59 2057 2
59 2863 2
59 3071 2
59 4791 2
59 5142 2
59 5144 2
59 5619 2
59 6684 2
59 6870 2
60 99 2
60 113 2
60 151 2
60 242 2
60 272 2
60 331 2
60 365 2
60 648 2
60 654 2
60 884 2
60 972 2
60 1223 2
60 1469 2
60 1664 2
60 1780 2
60 1918 2
60 6964 2
60 2082 2
60 2169 2
60 2676 2
60 2821 2
60 2827 2
60 2986 2
60 3013 2
60 3775 2
60 3867 2
60 4625 2
60 4649 2
60 4668 2
60 4837 2
60 6857 2
60 69 2
60 74 2
60 111 2
60 129 2
60 137 2
60 148 2
60 154 2
60 196 2
60 211 2
60 222 2
60 311 2
60 326 2
60 508 2
60 520 2
60 575 2
60 631 2
60 646 2
60 667 2
60 691 2
60 777 2
60 857 2
60 951 2
60 973 2
60 1024 2
60 1074 2
60 1080 2
60 1128 2
60 1293 2
60 1301 2
60 1314 2
60 1397 2
60 1424 2
60 2294 2
60 2643 2
60 2684 2
60 2850 2
60 3106 2
60 3113 2
60 3141 2
60 3193 2
60 3212 2
60 3217 2
60 3521 2
60 3676 2
60 3720 2
60 4004 2
60 4475 2
60 4696 2
60 5362 2
60 6212 2
60 6310 2
60 6413 2
60 6769 2
61 65 2
61 209 2
61 262 2
61 264 2
61 371 2
61 420 2
61 440 2
61 456 2
61 520 2
61 524 2
61 596 2
61 627 2
61 1018 2
61 1089 2
61 1119 2
61 1568 2
61 1674 2
61 1772 2
61 1811 2
61 6943 2
61 2253 2
61 2612 2
61 2672 2
61 3210 2
61 3664 2
61 3687 2
61 3823 2
61 3876 2
61 6963 2
61 5101 2
61 5186 2
61 5197 2
61 5224 2
61 5590 2
61 5701 2
61 5882 2
61 5916 2
61 80 2
61 158 2
61 190 2
61 321 2
61 327 2
61 608 2
61 884 2
61 1023 2
61 1087 2
61 1091 2
61 1336 2
61 1721 2
61 2901 2
61 2942 2
61 3013 2
61 3025 2
61 3678 2
61 4112 2
61 4423 2
61 4517 2
61 4727 2
61 5298 2
61 5589 2
61 5633 2
61 5843 2
61 5977 2
61 6693 2
62 252 2
62 765 2
62 1206 2
62 1430 2
62 1633 2
62 2230 2
62 2320 2
62 5655 2
62 121 2
62 208 2
62 308 2
62 467 2
62 772 2
62 1547 2
62 1628 2
62 2296 2
62 3370 2
62 4045 2
62 4172 2
62 5231 2
62 5845 2
62 6784 2
63 79 2
63 145 2
63 269 2
63 271 2
63 368 2
63 421 2
63 435 2
63 452 2
63 469 2
63 523 2
63 539 2
63 625 2
63 831 2
63 1138 2
63 1448 2
63 1484 2
63 1551 2
63 1608 2
63 1628 2
63 6954 2
63 1861 2
63 1877 2
63 2021 2
63 2040 2
63 2899 2
63 2970 2
63 3096 2
63 3154 2
63 3197 2
63 3389 2
63 3658 2
63 3914 2
63 4103 2
63 4962 2
63 6981 2
63 5469 2
63 5531 2
63 5623 2
63 6167 2
63 6425 2
63 6804 2
63 6874 2
63 6927 2
63 66 2
63 70 2
63 82 2
63 83 2
63 104 2
63 108 2
63 115 2
63 140 2
63 143 2
63 157 2
63 217 2
63 241 2
63 429 2
63 543 2
63 596 2
63 706 2
63 736 2
63 737 2
63 741 2
63 745 2
63 768 2
63 804 2
63 882 2
63 1034 2
63 1067 2
63 1156 2
63 1191 2
63 1238 2
63 1347 2
63 1387 2
63 1594 2
63 1729 2
63 1867 2
63 1991 2
63 2135 2
63 2298 2
63 2299 2
63 2372 2
63 2527 2
63 2555 2
63 2705 2
63 2797 2
63 2830 2
63 2834 2
63 3044 2
63 3201 2
63 3530 2
63 3570 2
63 3633 2
63 3656 2
63 3757 2
63 3915 2
63 3942 2
63 4076 2
63 4524 2
63 4535 2
63 4651 2
63 4769 2
63 5208 2
63 5244 2
63 5272 2
63 5279 2
63 5636 2
63 6507 2
63 6527 2
64 1801 2
64 3796 2
64 4153 2
64 4530 2
64 4775 2
64 4791 2
64 4839 2
64 6187 2
64 6196 2
64 131 2
64 344 2
64 600 2
64 1176 2
64 2036 2
64 2807 2
64 3471 2
65 262 2
65 524 2
65 1332 2
65 1674 2
65 3859 2
65 5186 2
65 5224 2
65 5420 2
65 6999 2
65 172 2
65 202 2
65 235 2
65 245 2
65 260 2
65 393 2
65 405 2
65 462 2
65 717 2
65 769 2
65 819 2
65 829 2
65 861 2
65 1020 2
65 1283 2
65 1304 2
65 1585 2
65 1653 2
65 2008 2
65 2268 2
65 2495 2
65 2827 2
65 2849 2
65 2905 2
65 2987 2
65 3175 2
65 3185 2
65 3700 2
65 4208 2
65 4594 2
65 4657 2
65 4840 2
65 4959 2
65 6184 2
65 6334 2
65 6501 2
66 93 2
66 104 2
66 161 2
66 191 2
66 208 2
66 251 2
66 382 2
66 549 2
66 613 2
66 630 2
66 742 2
66 815 2
66 959 2
66 1175 2
66 1284 2
66 1396 2
66 1476 2
66 1604 2
66 1684 2
66 1831 2
66 1910 2
66 2199 2
66 2309 2
66 2347 2
66 2375 2
66 2530 2
66 2792 2
66 3665 2
66 4231 2
66 4273 2
66 4336 2
66 4447 2
66 4881 2
66 5286 2
66 5340 2
66 5652 2
66 5658 2
66 5825 2
66 5927 2
66 6418 2
66 6992 2
66 6663 2
66 70 2
66 83 2
66 109 2
66 134 2
66 143 2
66 170 2
66 189 2
66 249 2
66 317 2
66 341 2
66 350 2
66 361 2
66 486 2
66 536 2
66 680 2
66 706 2
66 771 2
66 991 2
66 1034 2
66 1072 2
66 1238 2
66 1390 2
66 1761 2
66 1815 2
66 1859 2
66 2021 2
66 2220 2
66 2282 2
66 2295 2
66 2425 2
66 2432 2
66 2460 2
66 6953 2
66 2700 2
66 2760 2
66 2844 2
66 2888 2
66 2952 2
66 2957 2
66 3018 2
66 3077 2
66 3118 2
66 3155 2
66 3161 2
66 3201 2
66 3315 2
66 3526 2
66 3594 2
66 3602 2
66 4147 2
66 4252 2
66 4344 2
66 4871 2
66 5189 2
66 5437 2
66 5583 2
66 5725 2
66 5750 2
66 5904 2
66 5972 2
66 6292 2
66 6294 2
66 6436 2
66 6452 2
66 6841 2
67 116 2
67 150 2
67 182 2
67 293 2
67 298 2
67 488 2
67 559 2
67 576 2
67 799 2
67 1013 2
67 1165 2
67 1340 2
67 1468 2
67 1821 2
67 1931 2
67 2468 2
67 2790 2
67 3272 2
67 3325 2
67 4533 2
67 4637 2
67 5200 2
67 6879 2
67 127 2
67 161 2
67 226 2
67 243 2
67 328 2
67 364 2
67 415 2
67 420 2
67 444 2
67 463 2
67 482 2
67 551 2
67 614 2
67 628 2
67 764 2
67 837 2
67 875 2
67 922 2
67 993 2
67 1235 2
67 1286 2
67 1315 2
67 1316 2
67 1794 2
67 1816 2
67 1879 2
67 2252 2
67 2387 2
67 2411 2
67 2439 2
67 2441 2
67 2523 2
67 2537 2
67 2579 2
67 2619 2
67 2702 2
67 2770 2
67 2961 2
67 3021 2
67 3416 2
67 3803 2
67 3804 2
67 3866 2
67 3939 2
67 4325 2
67 4432 2
67 4607 2
67 4680 2
67 4717 2
67 4990 2
67 5342 2
67 5450 2
67 5901 2
67 5921 2
67 6193 2
67 6575 2
68 170 2
68 197 2
68 247 2
68 255 2
68 282 2
68 350 2
68 608 2
68 616 2
68 804 2
68 1072 2
68 1314 2
68 1360 2
68 1556 2
68 1965 2
68 3052 2
68 3469 2
68 3542 2
68 3843 2
68 4358 2
68 4486 2
68 5352 2
68 6150 2
68 6306 2
68 6905 2
68 330 2
68 487 2
68 547 2
68 627 2
68 641 2
68 671 2
68 1068 2
68 1310 2
68 1515 2
68 2548 2
68 2838 2
68 3232 2
68 3319 2
68 3589 2
68 3949 2
68 4615 2
68 4921 2
68 5041 2
68 5585 2
68 5651 2
68 6374 2
69 174 2
69 525 2
69 664 2
69 1238 2
69 1270 2
69 1376 2
69 1564 2
69 2179 2
69 4603 2
69 180 2
69 186 2
69 375 2
69 383 2
69 520 2
69 541 2
69 926 2
69 1032 2
69 1701 2
69 2064 2
69 2587 2
69 3113 2
69 3333 2
69 3412 2
69 3835 2
69 4047 2
69 4430 2
69 5256 2
69 5389 2
69 5634 2
69 6534 2
70 81 2
70 103 2
70 120 2
70 148 2
70 163 2
70 188 2
70 243 2
70 258 2
70 312 2
70 318 2
70 321 2
70 398 2
70 407 2
70 464 2
70 670 2
70 684 2
70 700 2
70 755 2
70 781 2
70 883 2
70 949 2
70 985 2
70 1030 2
70 1120 2
70 1188 2
70 1197 2
70 1251 2
70 1445 2
70 1454 2
70 1566 2
70 1795 2
70 1806 2
70 1863 2
70 2042 2
70 2071 2
70 2086 2
70 2100 2
70 2165 2
70 2222 2
70 2234 2
70 2338 2
70 2360 2
70 2569 2
70 2596 2
70 2615 2
70 2861 2
70 2888 2
70 2902 2
70 2942 2
70 3274 2
70 3388 2
70 3413 2
70 3419 2
70 3489 2
70 3557 2
70 3690 2
70 3758 2
70 4129 2
70 4131 2
70 4239 2
70 4274 2
70 4278 2
70 4285 2
70 4805 2
70 5106 2
70 5263 2
70 5500 2
70 5571 2
70 5575 2
70 5768 2
70 6036 2
70 6048 2
70 6060 2
70 6076 2
70 6357 2
70 6456 2
70 6521 2
70 6543 2
70 6676 2
70 115 2
70 140 2
70 706 2
70 729 2
70 946 2
70 1390 2
70 1609 2
70 1837 2
70 2224 2
70 2295 2
70 4018 2
70 4076 2
70 4343 2
70 5521 2
70 6581 2
71 85 2
71 155 2
71 259 2
71 377 2
71 536 2
71 561 2
71 598 2
71 812 2
71 1017 2
71 1086 2
71 1411 2
71 1797 2
71 2003 2
71 2451 2
71 2482 2
71 2589 2
71 2740 2
71 2795 2
71 3204 2
71 3305 2
71 3729 2
71 3765 2
71 4166 2
71 4193 2
71 4645 2
71 4656 2
71 4684 2
71 4959 2
71 5215 2
71 5429 2
71 5705 2
71 6124 2
71 6648 2
71 229 2
71 362 2
71 382 2
71 436 2
71 613 2
71 629 2
71 630 2
71 714 2
71 766 2
71 921 2
71 936 2
71 1018 2
71 1230 2
71 1289 2
71 1370 2
71 1485 2
71 2249 2
71 2353 2
71 2733 2
71 2862 2
71 3060 2
71 3639 2
71 3694 2
71 3921 2
71 4119 2
71 4451 2
71 4532 2
71 4562 2
71 4592 2
71 4913 2
71 5176 2
71 5220 2
71 5525 2
71 5677 2
71 5938 2
71 5960 2
71 6041 2
71 6167 2
71 6414 2
72 77 2
72 102 2
72 128 2
72 176 2
72 185 2
72 267 2
72 273 2
72 333 2
72 341 2
72 444 2
72 622 2
72 640 2
72 694 2
72 713 2
72 759 2
72 793 2
72 857 2
72 1266 2
72 1319 2
72 1523 2
72 1600 2
72 2079 2
72 2261 2
72 2298 2
72 2573 2
72 2794 2
72 4014 2
72 4675 2
72 4700 2
72 5196 2
72 5740 2
72 6170 2
72 735 2
72 1364 2
72 1744 2
72 2279 2
72 2504 2
72 3165 2
72 3638 2
72 3762 2
72 5426 2
72 6485 2
73 109 2
73 303 2
73 311 2
73 345 2
73 416 2
73 752 2
73 963 2
73 1599 2
73 1894 2
73 2769 2
73 3360 2
73 5190 2
73 145 2
73 185 2
73 194 2
73 195 2
73 343 2
73 636 2
73 686 2
73 897 2
73 1358 2
73 1478 2
73 1601 2
73 1853 2
73 1925 2
73 2102 2
73 2121 2
73 2160 2
73 2161 2
73 2217 2
73 2435 2
73 2506 2
73 2802 2
73 2934 2
73 2970 2
73 3164 2
73 3228 2
73 4031 2
73 4037 2
73 4365 2
73 4755 2
73 4853 2
73 5044 2
73 5618 2
73 5798 2
73 5910 2
74 83 2
74 117 2
74 241 2
74 501 2
74 546 2
74 719 2
74 900 2
74 922 2
74 999 2
74 1012 2
74 1186 2
74 1286 2
74 1328 2
74 1514 2
74 1885 2
74 1939 2
74 2426 2
74 2547 2
74 2695 2
74 2710 2
74 2889 2
74 2980 2
74 3139 2
74 3482 2
74 3777 2
74 3801 2
74 3812 2
74 4036 2
74 4217 2
74 5045 2
74 5208 2
74 5242 2
74 5294 2
74 5303 2
74 5449 2
74 5560 2
74 5686 2
74 5696 2
74 5928 2
74 5936 2
74 6465 2
74 6524 2
74 129 2
74 222 2
74 449 2
74 498 2
74 691 2
74 693 2
74 889 2
74 1052 2
74 1080 2
74 1479 2
74 1656 2
74 1960 2
74 3106 2
74 3461 2
74 3749 2
74 3892 2
74 3990 2
74 4088 2
74 4503 2
74 6989 2
74 6701 2
74 6769 2
75 94 2
75 154 2
75 202 2
75 213 2
75 250 2
75 447 2
75 538 2
75 702 2
75 721 2
75 779 2
75 828 2
75 892 2
75 906 2
75 1027 2
75 1106 2
75 1185 2
75 1230 2
75 1371 2
75 1375 2
75 1395 2
75 1408 2
75 1738 2
75 1986 2
75 2029 2
75 2157 2
75 2218 2
75 2408 2
75 2592 2
75 2647 2
75 2678 2
75 3296 2
75 3446 2
75 4385 2
75 4434 2
75 4539 2
75 4817 2
75 4954 2
75 5003 2
75 5163 2
75 5512 2
75 5601 2
75 5605 2
75 5738 2
75 5924 2
75 6542 2
75 6561 2
75 6728 2
75 6818 2
75 6875 2
75 165 2
75 181 2
75 441 2
75 966 2
75 1924 2
75 2337 2
75 2616 2
75 3320 2
75 4278 2
75 4350 2
75 6040 2
75 6050 2
75 6658 2
76 159 2
76 171 2
76 178 2
76 233 2
76 359 2
76 370 2
76 392 2
76 555 2
76 586 2
76 628 2
76 647 2
76 709 2
76 777 2
76 957 2
76 1181 2
76 1311 2
76 1341 2
76 1773 2
76 2053 2
76 2270 2
76 2464 2
76 2585 2
76 3121 2
76 3534 2
76 3667 2
76 3789 2
76 3855 2
76 4006 2
76 4305 2
76 4459 2
76 4476 2
76 4990 2
76 5138 2
76 5641 2
76 2820 2
76 6137 2
77 91 2
77 176 2
77 257 2
77 323 2
77 413 2
77 528 2
77 566 2
77 663 2
77 758 2
77 762 2
77 937 2
77 1092 2
77 1472 2
77 1555 2
77 2064 2
77 2079 2
77 2521 2
77 3342 2
77 3603 2
77 4489 2
77 4790 2
77 5367 2
77 5747 2
77 6442 2
77 133 2
77 324 2
77 719 2
77 1327 2
77 2615 2
77 3658 2
77 3890 2
77 4504 2
78 97 2
78 110 2
78 167 2
78 184 2
78 482 2
78 1155 2
78 1457 2
78 2028 2
78 2425 2
78 2591 2
78 3398 2
78 4266 2
78 4796 2
78 6252 2
78 6379 2
78 101 2
78 113 2
78 132 2
78 174 2
78 178 2
78 191 2
78 199 2
78 265 2
78 319 2
78 351 2
78 396 2
78 397 2
78 470 2
78 477 2
78 522 2
78 539 2
78 571 2
78 577 2
78 622 2
78 624 2
78 711 2
78 828 2
78 885 2
78 909 2
78 920 2
78 6977 2
78 1015 2
78 1028 2
78 1207 2
78 1382 2
78 1756 2
78 1838 2
78 1845 2
78 1850 2
78 2150 2
78 2333 2
78 2431 2
78 2747 2
78 3132 2
78 3140 2
78 3152 2
78 3369 2
78 3511 2
78 3769 2
78 3792 2
78 3883 2
78 4179 2
78 4204 2
78 4247 2
78 4360 2
78 4569 2
78 5005 2
78 5110 2
78 5233 2
78 5347 2
78 5577 2
78 6965 2
78 5914 2
78 5973 2
78 6338 2
78 6416 2
78 6433 2
78 6616 2
78 6758 2
78 6825 2
78 6874 2
79 269 2
79 469 2
79 625 2
79 1318 2
79 1589 2
79 1899 2
79 2132 2
79 2554 2
79 2770 2
79 2857 2
79 2933 2
79 5615 2
79 95 2
79 2369 2
79 2829 2
79 3194 2
79 4310 2
80 139 2
80 384 2
80 864 2
80 1100 2
80 2171 2
80 2847 2
80 5007 2
80 5751 2
80 6084 2
80 6907 2
80 190 2
80 259 2
80 321 2
80 325 2
80 411 2
80 496 2
80 565 2
80 656 2
80 697 2
80 727 2
80 753 2
80 863 2
80 1023 2
80 1203 2
80 1407 2
80 1564 2
80 1788 2
80 1921 2
80 1926 2
80 1963 2
80 2100 2
80 2288 2
80 2759 2
80 2865 2
80 3145 2
80 6958 2
80 3366 2
80 3748 2
80 5298 2
80 5319 2
80 5761 2
80 6245 2
81 103 2
81 132 2
81 163 2
81 188 2
81 223 2
81 312 2
81 321 2
81 324 2
81 347 2
81 383 2
81 471 2
81 681 2
81 684 2
81 728 2
81 781 2
81 798 2
81 819 2
81 1004 2
81 1048 2
81 1257 2
81 1282 2
81 1362 2
81 1380 2
81 1507 2
81 1537 2
81 1635 2
81 1679 2
81 1696 2
81 1778 2
81 2170 2
81 2322 2
81 2342 2
81 2403 2
81 2599 2
81 2615 2
81 2627 2
81 3024 2
81 3241 2
81 3362 2
81 4364 2
81 4526 2
81 4615 2
81 4690 2
81 5201 2
81 5308 2
81 5456 2
81 5487 2
81 5632 2
81 6242 2
81 6263 2
81 6273 2
81 6454 2
81 141 2
81 250 2
81 294 2
81 451 2
81 604 2
81 925 2
81 1319 2
81 1378 2
81 2233 2
81 2514 2
81 2670 2
81 2976 2
81 3048 2
81 3894 2
81 3944 2
81 4415 2
81 5802 2
81 6149 2
81 6395 2
81 6511 2
82 138 2
82 177 2
82 387 2
82 499 2
82 544 2
82 545 2
82 587 2
82 618 2
82 659 2
82 756 2
82 814 2
82 1034 2
82 1040 2
82 1201 2
82 1202 2
82 1269 2
82 1283 2
82 1329 2
82 1363 2
82 1499 2
82 1586 2
82 1597 2
82 1659 2
82 1669 2
82 1707 2
82 1890 2
82 2020 2
82 2038 2
82 2047 2
82 2214 2
82 2236 2
82 2251 2
82 2262 2
82 2424 2
82 2641 2
82 2684 2
82 2748 2
82 2753 2
82 2956 2
82 3040 2
82 3401 2
82 3425 2
82 3441 2
82 3555 2
82 3712 2
82 3727 2
82 3799 2
82 4010 2
82 4252 2
82 4409 2
82 4639 2
82 4770 2
82 4845 2
82 5669 2
82 5734 2
82 5769 2
82 6148 2
82 6654 2
82 6736 2
82 104 2
82 155 2
82 163 2
82 570 2
82 741 2
82 768 2
82 804 2
82 941 2
82 1155 2
82 1250 2
82 1594 2
82 1822 2
82 2330 2
82 2395 2
82 3794 2
82 4396 2
82 4651 2
82 4803 2
82 5209 2
82 5931 2
82 6100 2
82 6183 2
82 6322 2
82 6398 2
82 6520 2
83 127 2
83 501 2
83 546 2
83 641 2
83 732 2
83 922 2
83 958 2
83 999 2
83 1012 2
83 1524 2
83 1774 2
83 1891 2
83 1934 2
83 2201 2
83 2778 2
83 2965 2
83 3217 2
83 3466 2
83 3991 2
83 4107 2
83 4439 2
83 4561 2
83 6463 2
83 143 2
83 249 2
83 536 2
83 2555 2
83 5208 2
84 90 2
84 98 2
84 203 2
84 454 2
84 517 2
84 569 2
84 591 2
84 653 2
84 1373 2
84 1715 2
84 1729 2
84 4218 2
84 4458 2
84 4538 2
84 5026 2
84 5056 2
84 5146 2
84 5271 2
84 5321 2
84 5748 2
84 6016 2
84 6279 2
84 6546 2
84 6744 2
84 124 2
84 147 2
84 164 2
84 292 2
84 316 2
84 318 2
84 398 2
84 427 2
84 588 2
84 673 2
84 728 2
84 847 2
84 915 2
84 1049 2
84 1127 2
84 1558 2
84 1877 2
84 2000 2
84 2002 2
84 2168 2
84 2541 2
84 2667 2
84 2874 2
84 3006 2
84 4173 2
84 5299 2
84 5888 2
84 6598 2
84 6814 2
84 6852 2
85 114 2
85 259 2
85 536 2
85 757 2
85 783 2
85 899 2
85 986 2
85 1315 2
85 1458 2
85 1649 2
85 1797 2
85 2003 2
85 2109 2
85 2158 2
85 2357 2
85 2666 2
85 3239 2
85 3465 2
85 3492 2
85 3496 2
85 3515 2
85 3765 2
85 3788 2
85 3992 2
85 4100 2
85 4455 2
85 4508 2
85 4998 2
85 5296 2
85 5991 2
85 90 2
85 126 2
85 162 2
85 515 2
85 832 2
85 928 2
85 2731 2
85 3472 2
85 3629 2
85 4549 2
85 5281 2
85 6237 2
85 6437 2
86 358 2
86 401 2
86 410 2
86 436 2
86 500 2
86 837 2
86 1096 2
86 1184 2
86 1205 2
86 1233 2
86 1261 2
86 1275 2
86 1299 2
86 1337 2
86 1355 2
86 1399 2
86 1638 2
86 1866 2
86 1964 2
86 2162 2
86 2463 2
86 2930 2
86 2966 2
86 3297 2
86 3671 2
86 4106 2
86 4175 2
86 4319 2
86 5206 2
86 5240 2
86 6956 2
86 6912 2
86 263 2
86 455 2
86 532 2
86 4349 2
86 4768 2
86 4842 2
86 5368 2
86 5876 2
87 232 2
87 1090 2
87 3049 2
87 3525 2
87 3743 2
87 3829 2
87 4092 2
87 4806 2
87 6420 2
87 105 2
87 124 2
87 164 2
87 284 2
87 427 2
87 495 2
87 519 2
87 588 2
87 669 2
87 728 2
87 801 2
87 915 2
87 981 2
87 1476 2
87 1496 2
87 1597 2
87 1759 2
87 1857 2
87 3133 2
87 3170 2
87 3224 2
87 3533 2
87 4109 2
87 4213 2
87 4214 2
87 4265 2
87 4526 2
87 5378 2
87 5637 2
87 6554 2
88 329 2
88 336 2
88 678 2
88 763 2
88 768 2
88 907 2
88 1102 2
88 1114 2
88 1168 2
88 1169 2
88 1291 2
88 1353 2
88 1506 2
88 1884 2
88 1896 2
88 3211 2
88 3611 2
88 3916 2
88 3971 2
88 4423 2
88 5522 2
88 130 2
88 288 2
88 363 2
88 489 2
88 513 2
88 647 2
88 666 2
88 747 2
88 755 2
88 827 2
88 938 2
88 1435 2
88 1660 2
88 1824 2
88 2878 2
88 2953 2
88 3028 2
88 3360 2
88 3378 2
88 3873 2
88 4060 2
88 4370 2
88 5179 2
88 5731 2
88 6003 2
88 6574 2
89 164 2
89 445 2
89 468 2
89 522 2
89 856 2
89 969 2
89 1595 2
89 1947 2
89 2070 2
89 2623 2
89 3448 2
89 3786 2
89 4759 2
89 4898 2
89 6052 2
89 6251 2
89 6886 2
89 94 2
89 110 2
89 119 2
89 213 2
89 286 2
89 479 2
89 1019 2
89 1224 2
89 1927 2
89 2367 2
89 2542 2
89 3104 2
89 3327 2
89 3558 2
89 3736 2
89 5014 2
89 5285 2
89 6348 2
89 6709 2
90 517 2
90 594 2
90 919 2
90 1729 2
90 2226 2
90 2936 2
90 3032 2
90 3473 2
90 3704 2
90 4196 2
90 4218 2
90 4242 2
90 4430 2
90 5321 2
90 6845 2
90 281 2
90 1171 2
90 2134 2
90 2692 2
91 323 2
91 528 2
91 566 2
91 937 2
91 1472 2
91 1562 2
91 1596 2
91 1688 2
91 1766 2
91 1954 2
91 2194 2
91 3406 2
91 3853 2
91 4089 2
91 4489 2
91 4590 2
91 4917 2
91 5608 2
91 5834 2
91 6276 2
91 175 2
91 248 2
91 274 2
91 295 2
91 329 2
91 386 2
91 485 2
91 589 2
91 603 2
91 649 2
91 720 2
91 750 2
91 789 2
91 810 2
91 917 2
91 924 2
91 1011 2
91 1021 2
91 1037 2
91 1151 2
91 1206 2
91 1212 2
91 1217 2
91 1248 2
91 1356 2
91 1361 2
91 1396 2
91 1416 2
91 1493 2
91 1580 2
91 1947 2
91 2169 2
91 2280 2
91 2436 2
91 2479 2
91 2886 2
91 2903 2
91 3041 2
91 3565 2
91 3610 2
91 3645 2
91 3732 2
91 3884 2
91 3993 2
91 4477 2
91 4795 2
91 5034 2
91 5071 2
91 5102 2
91 5326 2
91 5713 2
91 5796 2
91 5953 2
91 5975 2
91 6082 2
91 6106 2
91 6109 2
91 6304 2
91 6562 2
91 6678 2
92 189 2
92 316 2
92 339 2
92 353 2
92 699 2
92 865 2
92 1505 2
92 1658 2
92 1783 2
92 1784 2
92 2246 2
92 2654 2
92 2758 2
92 2787 2
92 2809 2
92 3381 2
92 4048 2
92 4159 2
92 4844 2
92 6019 2
92 6370 2
92 6411 2
92 6668 2
92 169 2
92 300 2
92 839 2
92 1076 2
92 1354 2
92 1847 2
92 2267 2
92 2419 2
92 2960 2
92 3039 2
92 3778 2
92 3865 2
92 4030 2
92 4828 2
92 4979 2
92 5090 2
92 5154 2
93 104 2
93 251 2
93 650 2
93 815 2
93 1308 2
93 1477 2
93 2878 2
93 3313 2
93 4216 2
93 4643 2
93 5535 2
93 5812 2
93 6522 2
93 118 2
93 123 2
93 166 2
93 404 2
93 504 2
93 1508 2
93 1959 2
93 2889 2
93 3237 2
93 6210 2
94 154 2
94 229 2
94 244 2
94 250 2
94 265 2
94 266 2
94 397 2
94 419 2
94 779 2
94 1650 2
94 2049 2
94 2502 2
94 2647 2
94 3279 2
94 3889 2
94 4765 2
94 5003 2
94 5014 2
94 5166 2
94 6225 2
94 110 2
94 112 2
94 213 2
94 270 2
94 286 2
94 313 2
94 376 2
94 410 2
94 530 2
94 1019 2
94 1121 2
94 2114 2
94 2253 2
94 2740 2
94 3208 2
94 3262 2
94 4668 2
94 5112 2
95 144 2
95 291 2
95 379 2
95 442 2
95 859 2
95 1108 2
95 1117 2
95 1508 2
95 2122 2
95 2397 2
95 2619 2
95 2680 2
95 3135 2
95 3668 2
95 4145 2
95 4203 2
95 4559 2
95 5552 2
95 6117 2
95 6788 2
95 106 2
95 142 2
95 224 2
95 314 2
95 998 2
95 1029 2
95 1160 2
95 1219 2
95 1252 2
95 1782 2
95 1832 2
95 2829 2
95 2835 2
95 2847 2
95 5252 2
95 6455 2
96 111 2
96 256 2
96 290 2
96 450 2
96 467 2
96 626 2
96 902 2
96 1033 2
96 1204 2
96 1277 2
96 1455 2
96 1611 2
96 1687 2
96 1694 2
96 1958 2
96 2213 2
96 2273 2
96 2303 2
96 2650 2
96 2893 2
96 2931 2
96 3308 2
96 3349 2
96 3709 2
96 4020 2
96 5013 2
96 5401 2
96 5408 2
96 5820 2
96 6152 2
96 6858 2
96 102 2
96 421 2
96 526 2
96 756 2
96 942 2
96 1180 2
96 1392 2
96 1886 2
96 2392 2
96 2713 2
96 3392 2
96 4023 2
96 4866 2
96 4867 2
96 5242 2
96 5554 2
96 6837 2
97 470 2
97 818 2
97 2101 2
97 2562 2
97 3740 2
97 3830 2
97 4299 2
97 6384 2
97 116 2
97 138 2
97 149 2
97 227 2
97 312 2
97 428 2
97 500 2
97 510 2
97 602 2
97 663 2
97 1000 2
97 1152 2
97 1705 2
97 1986 2
97 2049 2
97 2462 2
97 3129 2
97 3181 2
97 3285 2
97 3528 2
97 5517 2
97 6208 2
97 6339 2
97 6626 2
97 6694 2
97 6868 2
98 187 2
98 203 2
98 245 2
98 355 2
98 591 2
98 601 2
98 710 2
98 808 2
98 917 2
98 1032 2
98 1280 2
98 1373 2
98 1467 2
98 1578 2
98 2063 2
98 2603 2
98 3384 2
98 3424 2
98 6962 2
98 4712 2
98 5026 2
98 5153 2
98 5311 2
98 5448 2
98 6433 2
98 6622 2
98 6628 2
98 6760 2
98 153 2
98 542 2
98 2065 2
98 3068 2
98 4673 2
98 5093 2
98 6031 2
98 6133 2
98 6559 2
99 113 2
99 365 2
99 489 2
99 648 2
99 996 2
99 1074 2
99 1379 2
99 1646 2
99 1918 2
99 1969 2
99 2461 2
99 3804 2
99 4290 2
99 4309 2
99 4668 2
99 6330 2
99 209 2
99 238 2
99 342 2
99 425 2
99 676 2
99 699 2
99 748 2
99 818 2
99 830 2
99 937 2
99 954 2
99 1030 2
99 1099 2
99 1215 2
99 1561 2
99 1684 2
99 1728 2
99 1935 2
99 2497 2
99 2758 2
99 2795 2
99 2983 2
99 3258 2
99 3603 2
99 3837 2
99 3988 2
99 4016 2
99 4296 2
99 4369 2
99 4583 2
99 4759 2
99 5075 2
99 5631 2
99 6033 2
99 6067 2
99 6073 2
99 6079 2
99 6174 2
99 6396 2
100 190 2
100 219 2
100 221 2
100 404 2
100 427 2
100 466 2
100 474 2
100 629 2
100 646 2
100 773 2
100 803 2
100 962 2
100 1036 2
100 1156 2
100 1166 2
100 1279 2
100 1289 2
100 1309 2
100 1338 2
100 1374 2
100 1425 2
100 1441 2
100 1532 2
100 1574 2
100 1598 2
100 1727 2
100 2606 2
100 2741 2
100 3196 2
100 3199 2
100 3782 2
100 4467 2
100 4808 2
100 5491 2
100 5629 2
100 6341 2
100 6488 2
100 579 2
100 746 2
100 1608 2
100 6976 2
100 5238 2
100 6057 2
101 105 2
101 106 2
101 133 2
101 181 2
101 196 2
101 479 2
101 487 2
101 510 2
101 518 2
101 914 2
101 947 2
101 961 2
101 1019 2
101 1849 2
101 2044 2
101 2093 2
101 2628 2
101 2738 2
101 2963 2
101 3328 2
101 3862 2
101 3917 2
101 4241 2
101 4286 2
101 4341 2
101 4642 2
101 4644 2
101 4868 2
101 4904 2
101 5059 2
101 5273 2
101 5565 2
101 5989 2
101 113 2
101 174 2
101 176 2
101 187 2
101 265 2
101 359 2
101 360 2
101 430 2
101 512 2
101 885 2
101 949 2
101 957 2
101 1056 2
101 1094 2
101 1236 2
101 1260 2
101 1382 2
101 1691 2
101 1753 2
101 1805 2
101 2070 2
101 2150 2
101 2276 2
101 2398 2
101 3408 2
101 4080 2
101 4121 2
101 4639 2
101 5371 2
101 5396 2
101 5446 2
101 5486 2
101 5522 2
101 5559 2
101 5917 2
101 5973 2
101 6401 2
101 6472 2
101 6788 2
102 131 2
102 273 2
102 844 2
102 1319 2
102 4675 2
102 6154 2
102 756 2
102 1180 2
102 3400 2
102 3537 2
102 4890 2
102 5370 2
102 5479 2
103 132 2
103 180 2
103 188 2
103 223 2
103 327 2
103 502 2
103 563 2
103 682 2
103 816 2
103 1004 2
103 1039 2
103 1224 2
103 1566 2
103 1922 2
103 2019 2
103 2087 2
103 2103 2
103 2352 2
103 3147 2
103 3388 2
103 3696 2
103 4235 2
103 5366 2
103 5442 2
103 5689 2
103 5768 2
103 6036 2
103 6468 2
103 6497 2
103 6856 2
103 183 2
103 348 2
103 354 2
103 412 2
103 459 2
103 1226 2
103 1584 2
103 2097 2
103 2139 2
103 2180 2
103 2405 2
103 2501 2
103 2601 2
103 3332 2
103 3615 2
103 3788 2
103 4352 2
103 4918 2
103 5760 2
103 5957 2
103 6086 2
103 6962 2
104 161 2
104 815 2
104 1219 2
104 3313 2
104 5340 2
104 6244 2
104 155 2
104 261 2
104 768 2
104 1155 2
104 1822 2
104 2312 2
104 2330 2
104 3309 2
104 3429 2
104 3874 2
104 5417 2
104 5931 2
104 6183 2
105 106 2
105 181 2
105 697 2
105 961 2
105 1423 2
105 1805 2
105 2044 2
105 2091 2
105 2825 2
105 4167 2
105 4446 2
105 4758 2
105 5059 2
105 5492 2
105 6403 2
105 6783 2
105 6850 2
105 135 2
105 144 2
105 322 2
105 336 2
105 418 2
105 495 2
105 569 2
105 586 2
105 985 2
105 1271 2
105 1299 2
105 1332 2
105 1372 2
105 1412 2
105 1597 2
105 1945 2
105 2185 2
105 2242 2
105 2386 2
105 2661 2
105 3241 2
105 3626 2
105 3902 2
105 3964 2
105 4065 2
105 4308 2
105 4835 2
105 4948 2
105 5341 2
105 5607 2
105 6470 2
106 196 2
106 510 2
106 697 2
106 1423 2
106 2611 2
106 2738 2
106 3298 2
106 4241 2
106 4341 2
106 4779 2
106 5581 2
106 6302 2
106 6850 2
106 142 2
106 156 2
106 224 2
106 244 2
106 314 2
106 371 2
106 442 2
106 465 2
106 506 2
106 698 2
106 1088 2
106 1252 2
106 1530 2
106 1672 2
106 2053 2
106 2103 2
106 2170 2
106 2453 2
106 3190 2
106 3221 2
106 3581 2
106 3684 2
106 3744 2
106 4001 2
106 4189 2
106 4351 2
106 4461 2
106 4704 2
106 4996 2
106 5173 2
106 5482 2
106 5547 2
106 5658 2
106 6490 2
107 134 2
107 698 2
107 931 2
107 2099 2
107 2264 2
107 2415 2
107 2779 2
107 2972 2
107 3580 2
107 3607 2
107 3718 2
107 3938 2
107 3966 2
107 4059 2
107 4251 2
107 4415 2
107 4523 2
107 5002 2
107 5133 2
107 5342 2
107 5443 2
107 5631 2
107 5793 2
107 5802 2
107 6516 2
107 171 2
107 182 2
107 278 2
107 733 2
107 970 2
107 1367 2
107 2456 2
107 2794 2
107 3071 2
107 3117 2
107 3136 2
107 3561 2
107 3920 2
107 5340 2
107 5496 2
107 5652 2
108 195 2
108 473 2
108 1002 2
108 1042 2
108 2065 2
108 2597 2
108 3104 2
108 3122 2
108 3155 2
108 4086 2
108 4746 2
108 6402 2
108 157 2
108 241 2
108 429 2
108 1083 2
108 1867 2
108 1906 2
108 2251 2
108 4253 2
108 5873 2
108 6380 2
108 6921 2
109 303 2
109 311 2
109 624 2
109 1889 2
109 2564 2
109 3256 2
109 3453 2
109 5361 2
109 134 2
109 167 2
109 228 2
109 304 2
109 307 2
109 340 2
109 350 2
109 424 2
109 544 2
109 681 2
109 967 2
109 1227 2
109 1820 2
109 2145 2
109 2220 2
109 3022 2
109 3118 2
109 3514 2
109 3631 2
109 3746 2
109 4043 2
109 4154 2
109 4886 2
109 5124 2
109 5889 2
109 5905 2
109 6855 2
110 167 2
110 184 2
110 1155 2
110 5870 2
110 6189 2
110 468 2
110 980 2
110 1019 2
110 1121 2
110 1224 2
110 1716 2
110 2542 2
110 3262 2
110 5570 2
110 5836 2
111 315 2
111 626 2
111 1277 2
111 1647 2
111 5284 2
111 6773 2
111 137 2
111 154 2
111 196 2
111 232 2
111 236 2
111 301 2
111 326 2
111 334 2
111 391 2
111 490 2
111 813 2
111 851 2
111 951 2
111 1024 2
111 1075 2
111 1081 2
111 1275 2
111 1487 2
111 1491 2
111 1503 2
111 1677 2
111 1865 2
111 2213 2
111 2363 2
111 2464 2
111 2643 2
111 2850 2
111 3244 2
111 3247 2
111 3252 2
111 3322 2
111 3605 2
111 3682 2
111 3683 2
111 3708 2
111 4389 2
111 4516 2
111 4548 2
111 4667 2
111 4760 2
111 5048 2
111 5247 2
111 5410 2
111 5743 2
111 6084 2
111 6199 2
111 6313 2
111 6323 2
111 6531 2
112 160 2
112 260 2
112 425 2
112 1236 2
112 1529 2
112 2702 2
112 2731 2
112 2976 2
112 5894 2
112 6110 2
112 6219 2
112 270 2
112 1237 2
112 1334 2
112 1454 2
112 2253 2
112 2314 2
112 2438 2
112 2603 2
112 4359 2
112 5060 2
112 6000 2
112 6243 2
112 6389 2
112 6545 2
112 6560 2
113 365 2
113 489 2
113 972 2
113 1064 2
113 1083 2
113 1223 2
113 1285 2
113 1569 2
113 1709 2
113 1743 2
113 2115 2
113 2346 2
113 2384 2
113 2656 2
113 2884 2
113 2928 2
113 6964 2
113 3978 2
113 4309 2
113 4816 2
113 5907 2
113 6098 2
113 6903 2
113 174 2
113 187 2
113 191 2
113 351 2
113 359 2
113 360 2
113 396 2
113 474 2
113 571 2
113 622 2
113 711 2
113 1046 2
113 1288 2
113 1470 2
113 1793 2
113 1844 2
113 1845 2
113 3273 2
113 3369 2
113 3383 2
113 4121 2
113 4805 2
113 4863 2
113 5327 2
113 5967 2
113 6798 2
114 540 2
114 986 2
114 2531 2
114 2593 2
114 3912 2
114 4413 2
114 4600 2
114 4928 2
114 5616 2
114 122 2
114 283 2
114 352 2
114 357 2
114 368 2
114 640 2
114 1063 2
114 1253 2
114 1915 2
114 1930 2
114 2215 2
114 2237 2
114 3110 2
114 3182 2
114 3275 2
114 4593 2
114 4802 2
114 5056 2
114 5388 2
114 5572 2
114 5817 2
114 6388 2
115 317 2
115 399 2
115 449 2
115 651 2
115 761 2
115 847 2
115 987 2
115 1382 2
115 2617 2
115 3184 2
115 3237 2
115 4894 2
115 5365 2
115 5399 2
115 5445 2
115 5827 2
115 5841 2
115 6165 2
115 6169 2
115 6503 2
115 140 2
115 596 2
115 729 2
115 945 2
115 974 2
115 1379 2
115 1720 2
115 1991 2
115 2224 2
115 2372 2
115 2448 2
115 2654 2
115 2755 2
115 3436 2
115 3608 2
115 4328 2
115 4917 2
115 5011 2
115 5259 2
115 5279 2
115 5521 2
116 129 2
116 150 2
116 165 2
116 182 2
116 298 2
116 855 2
116 1013 2
116 1468 2
116 6959 2
116 1642 2
116 1673 2
116 1807 2
116 1931 2
116 1955 2
116 2118 2
116 2405 2
116 2722 2
116 3158 2
116 4003 2
116 4261 2
116 4637 2
116 5077 2
116 5466 2
116 6375 2
116 6655 2
116 6718 2
116 138 2
116 149 2
116 3129 2
116 4410 2
116 6786 2
117 241 2
117 351 2
117 393 2
117 719 2
117 1450 2
117 1869 2
117 1873 2
117 2547 2
117 2558 2
117 4238 2
117 5208 2
117 5936 2
117 6192 2
117 257 2
117 445 2
117 716 2
117 723 2
117 893 2
117 902 2
117 916 2
117 982 2
117 1654 2
117 2808 2
117 3169 2
117 3512 2
117 3844 2
117 4105 2
117 4663 2
117 5264 2
117 6929 2
118 183 2
118 283 2
118 1026 2
118 1228 2
118 1742 2
118 2339 2
118 2657 2
118 3176 2
118 3652 2
118 5235 2
118 5378 2
118 5525 2
118 6172 2
118 6396 2
118 123 2
118 1508 2
119 122 2
119 824 2
119 1053 2
119 1123 2
119 1256 2
119 1473 2
119 1559 2
119 2288 2
119 3038 2
119 3602 2
119 3662 2
119 5561 2
119 5656 2
119 5675 2
119 6562 2
119 1177 2
119 2367 2
119 4180 2
119 4198 2
119 4227 2
119 5050 2
119 6192 2
120 235 2
120 253 2
120 294 2
120 299 2
120 372 2
120 407 2
120 464 2
120 481 2
120 830 2
120 939 2
120 940 2
120 1055 2
120 1924 2
120 2197 2
120 2222 2
120 2434 2
120 2462 2
120 2651 2
120 2849 2
120 3097 2
120 3123 2
120 3418 2
120 3507 2
120 3926 2
120 3935 2
120 4000 2
120 4541 2
120 4748 2
120 4922 2
120 4975 2
120 5167 2
120 5179 2
120 5520 2
120 6078 2
120 6118 2
120 6500 2
120 388 2
120 616 2
120 634 2
120 901 2
120 910 2
120 1274 2
120 2179 2
120 2272 2
120 2472 2
120 6993 2
120 2823 2
121 775 2
121 2237 2
121 2493 2
121 6431 2
121 208 2
121 308 2
121 6992 2
121 919 2
121 1498 2
121 1547 2
121 1566 2
121 1628 2
121 1726 2
121 1809 2
121 1887 2
121 2442 2
121 2454 2
121 3215 2
121 3342 2
121 4136 2
121 4184 2
121 4185 2
121 4946 2
121 5231 2
121 5845 2
121 6411 2
121 6639 2
122 301 2
122 369 2
122 660 2
122 824 2
122 998 2
122 1123 2
122 1520 2
122 1530 2
122 1838 2
122 2288 2
122 2316 2
122 2711 2
122 2913 2
122 3896 2
122 3901 2
122 4658 2
122 5217 2
122 6111 2
122 6763 2
122 283 2
122 352 2
122 368 2
122 439 2
122 814 2
122 1071 2
122 1143 2
122 1186 2
122 1313 2
122 1635 2
122 1913 2
122 1915 2
122 2215 2
122 2856 2
122 3199 2
122 4267 2
122 4586 2
122 5284 2
122 5749 2
123 130 2
123 237 2
123 287 2
123 374 2
123 376 2
123 403 2
123 543 2
123 717 2
123 841 2
123 903 2
123 2176 2
123 2182 2
123 2280 2
123 2626 2
123 3072 2
123 3194 2
123 3439 2
123 3588 2
123 3636 2
123 3683 2
123 3881 2
123 4293 2
123 4398 2
123 4527 2
123 4545 2
123 5337 2
123 5350 2
123 6324 2
123 404 2
123 1508 2
123 1762 2
123 4161 2
124 157 2
124 225 2
124 460 2
124 712 2
124 1180 2
124 1394 2
124 1925 2
124 1951 2
124 2058 2
124 2258 2
124 2283 2
124 2633 2
124 2668 2
124 2745 2
124 3092 2
124 3102 2
124 3112 2
124 4503 2
124 4995 2
124 5064 2
124 6018 2
124 6762 2
124 6918 2
124 164 2
124 284 2
124 292 2
124 1127 2
124 1558 2
124 1740 2
124 2075 2
124 3006 2
124 5378 2
124 6112 2
124 6632 2
124 6718 2
124 6741 2
124 6754 2
125 240 2
125 254 2
125 284 2
125 295 2
125 367 2
125 423 2
125 511 2
125 1142 2
125 1160 2
125 1274 2
125 1339 2
125 1352 2
125 1522 2
125 3433 2
125 3656 2
125 3850 2
125 4695 2
125 5017 2
125 5494 2
125 205 2
125 696 2
125 1311 2
125 1324 2
125 2334 2
125 2491 2
125 2698 2
125 3648 2
125 3956 2
126 137 2
126 156 2
126 207 2
126 212 2
126 214 2
126 215 2
126 268 2
126 362 2
126 395 2
126 411 2
126 505 2
126 577 2
126 635 2
126 730 2
126 904 2
126 936 2
126 1058 2
126 1069 2
126 1324 2
126 1416 2
126 1512 2
126 1547 2
126 1681 2
126 1767 2
126 2104 2
126 2445 2
126 2552 2
126 2681 2
126 2746 2
126 2862 2
126 2922 2
126 3714 2
126 4466 2
126 4596 2
126 5372 2
126 6095 2
126 6261 2
126 6319 2
126 6803 2
126 6860 2
126 162 2
126 240 2
126 648 2
126 832 2
126 838 2
126 1543 2
126 1852 2
126 2259 2
126 2310 2
126 2490 2
126 2854 2
126 3087 2
126 4097 2
126 4127 2
126 4549 2
126 5193 2
126 5236 2
126 5281 2
126 5288 2
126 6512 2
127 641 2
127 741 2
127 2232 2
127 2487 2
127 3991 2
127 5731 2
127 6933 2
127 226 2
127 234 2
127 463 2
127 482 2
127 521 2
127 679 2
127 774 2
127 875 2
127 930 2
127 1069 2
127 1337 2
127 1395 2
127 1468 2
127 1734 2
127 1902 2
127 2061 2
127 2250 2
127 2387 2
127 2416 2
127 2458 2
127 2639 2
127 2943 2
127 3390 2
127 3487 2
127 3674 2
127 4114 2
127 4133 2
127 5828 2
127 6229 2
127 6583 2
127 6666 2
128 185 2
128 333 2
128 341 2
128 622 2
128 759 2
128 1003 2
128 1932 2
128 1989 2
128 2196 2
128 2794 2
128 2840 2
128 3559 2
128 4033 2
128 5331 2
128 6410 2
128 177 2
128 267 2
128 374 2
128 464 2
128 590 2
128 618 2
128 638 2
128 731 2
128 6951 2
128 1118 2
128 1142 2
128 1144 2
128 1330 2
128 1338 2
128 1373 2
128 1465 2
128 1550 2
128 1839 2
128 1875 2
128 1951 2
128 1957 2
128 2015 2
128 2066 2
128 2099 2
128 2101 2
128 2965 2
128 3225 2
128 3517 2
128 3618 2
128 3774 2
128 3791 2
128 3798 2
128 3934 2
128 3959 2
128 4408 2
128 4854 2
128 5488 2
128 5520 2
128 5528 2
128 5603 2
128 5810 2
128 6130 2
128 6508 2
129 1642 2
129 4003 2
129 6959 2
129 691 2
129 693 2
129 777 2
129 857 2
129 1314 2
129 1479 2
129 2140 2
129 3141 2
129 3220 2
129 4709 2
130 237 2
130 326 2
130 374 2
130 3128 2
130 3588 2
130 5011 2
130 6565 2
130 288 2
130 489 2
130 499 2
130 778 2
130 961 2
130 1353 2
130 1517 2
130 1660 2
130 1969 2
130 3513 2
130 5465 2
130 5663 2
131 584 2
131 844 2
131 5142 2
131 5427 2
131 6473 2
131 349 2
131 380 2
131 724 2
131 899 2
131 934 2
131 1309 2
131 1928 2
131 2034 2
131 2126 2
131 2275 2
131 3571 2
131 3739 2
131 5753 2
132 6968 2
132 180 2
132 223 2
132 324 2
132 327 2
132 347 2
132 348 2
132 394 2
132 563 2
132 682 2
132 740 2
132 816 2
132 876 2
132 1039 2
132 1497 2
132 1541 2
132 1629 2
132 1769 2
132 1816 2
132 1851 2
132 2183 2
132 2652 2
132 3166 2
132 3440 2
132 3919 2
132 4345 2
132 4364 2
132 4495 2
132 4672 2
132 4952 2
132 5344 2
132 5433 2
132 5737 2
132 6305 2
132 6612 2
132 178 2
132 319 2
132 470 2
132 759 2
132 1583 2
132 2229 2
132 3928 2
132 4181 2
132 4309 2
133 168 2
133 354 2
133 518 2
133 687 2
133 1124 2
133 1422 2
133 1462 2
133 1560 2
133 1888 2
133 2067 2
133 2559 2
133 2983 2
133 3039 2
133 3254 2
133 4328 2
133 4744 2
133 5587 2
133 6540 2
133 6682 2
133 6757 2
133 719 2
133 732 2
133 1179 2
133 1724 2
133 1863 2
133 2590 2
133 4714 2
134 186 2
134 698 2
134 786 2
134 1390 2
134 2099 2
134 2195 2
134 2543 2
134 3174 2
134 4393 2
134 5108 2
134 5802 2
134 170 2
134 189 2
134 304 2
134 307 2
134 317 2
134 340 2
134 350 2
134 392 2
134 399 2
134 424 2
134 486 2
134 544 2
134 564 2
134 585 2
134 726 2
134 761 2
134 846 2
134 997 2
134 1026 2
134 1036 2
134 1106 2
134 1446 2
134 1704 2
134 1815 2
134 1933 2
134 2086 2
134 2130 2
134 2282 2
134 2489 2
134 2952 2
134 2982 2
134 3116 2
134 3257 2
134 3298 2
134 3410 2
134 3514 2
134 3625 2
134 3877 2
134 3972 2
134 4391 2
134 4718 2
134 4988 2
134 5303 2
134 5582 2
134 5729 2
134 5816 2
134 6620 2
134 6777 2
135 480 2
135 1599 2
135 1894 2
135 2763 2
135 3883 2
135 4890 2
135 5190 2
135 144 2
135 254 2
135 322 2
135 336 2
135 446 2
135 538 2
135 573 2
135 606 2
135 621 2
135 760 2
135 883 2
135 978 2
135 1053 2
135 1174 2
135 1282 2
135 1452 2
135 1757 2
135 2199 2
135 2473 2
135 2642 2
135 3046 2
135 3294 2
135 3359 2
135 3516 2
135 3619 2
135 4026 2
135 4308 2
135 4611 2
135 4692 2
135 4856 2
135 4903 2
135 4954 2
135 4970 2
135 5458 2
135 5552 2
135 5754 2
135 5858 2
135 6359 2
135 6415 2
136 152 2
136 238 2
136 277 2
136 297 2
136 356 2
136 417 2
136 441 2
136 541 2
136 574 2
136 621 2
136 661 2
136 662 2
136 718 2
136 748 2
136 1536 2
136 1832 2
136 1901 2
136 1914 2
136 1926 2
136 1953 2
136 1972 2
136 1975 2
136 2250 2
136 2324 2
136 2353 2
136 2417 2
136 2419 2
136 2446 2
136 2447 2
136 2614 2
136 2661 2
136 2800 2
136 2823 2
136 2937 2
136 2971 2
136 3130 2
136 3170 2
136 3395 2
136 3476 2
136 3705 2
136 3746 2
136 3750 2
136 3761 2
136 3763 2
136 4085 2
136 4521 2
136 4704 2
136 4720 2
136 4889 2
136 4909 2
136 4956 2
136 4988 2
136 5016 2
136 5050 2
136 5374 2
136 5461 2
136 5977 2
136 6038 2
136 6062 2
136 6201 2
136 6337 2
136 6777 2
136 6882 2
136 6910 2
136 179 2
136 268 2
136 280 2
136 460 2
136 730 2
136 826 2
136 892 2
136 984 2
136 1588 2
136 1730 2
136 1932 2
136 2355 2
136 2599 2
136 2621 2
136 2623 2
136 3391 2
136 3609 2
136 3891 2
136 3999 2
136 4009 2
136 4017 2
136 5255 2
136 5546 2
136 5564 2
136 5645 2
136 6867 2
137 227 2
137 904 2
137 1326 2
137 4155 2
137 4401 2
137 5690 2
137 148 2
137 154 2
137 211 2
137 391 2
137 490 2
137 508 2
137 555 2
137 631 2
137 752 2
137 850 2
137 862 2
137 1009 2
137 1196 2
137 1265 2
137 1293 2
137 1516 2
137 1611 2
137 1754 2
137 1797 2
137 1865 2
137 1984 2
137 2029 2
137 2213 2
137 6949 2
137 2379 2
137 3105 2
137 3226 2
137 3244 2
137 3304 2
137 3583 2
137 3716 2
137 4044 2
137 4075 2
137 4254 2
137 4533 2
137 5025 2
137 6310 2
137 6661 2
137 6880 2
138 499 2
138 544 2
138 659 2
138 814 2
138 1201 2
138 1269 2
138 1404 2
138 1617 2
138 1707 2
138 1782 2
138 1919 2
138 2145 2
138 2238 2
138 2259 2
138 2313 2
138 3015 2
138 3341 2
138 3494 2
138 4160 2
138 5134 2
138 5669 2
138 227 2
138 239 2
138 493 2
138 500 2
138 567 2
138 591 2
138 602 2
138 872 2
138 895 2
138 943 2
138 1133 2
138 1514 2
138 1568 2
138 2900 2
138 3129 2
138 3139 2
138 4878 2
138 4969 2
138 5169 2
138 5657 2
138 6121 2
138 6626 2
139 384 2
139 396 2
139 864 2
139 909 2
139 1544 2
139 2847 2
139 3099 2
139 4829 2
139 5007 2
139 5225 2
139 6012 2
139 6373 2
139 290 2
139 568 2
139 738 2
139 1980 2
139 3019 2
139 3317 2
139 5253 2
140 153 2
140 246 2
140 270 2
140 296 2
140 306 2
140 309 2
140 408 2
140 515 2
140 592 2
140 634 2
140 1059 2
140 1800 2
140 2092 2
140 2718 2
140 2826 2
140 2860 2
140 2877 2
140 2920 2
140 3361 2
140 4041 2
140 4197 2
140 4258 2
140 5147 2
140 5790 2
140 5886 2
140 6390 2
140 6466 2
140 6742 2
140 596 2
140 945 2
140 974 2
140 1154 2
140 1191 2
140 1379 2
140 1445 2
140 1729 2
140 2624 2
140 4076 2
140 6507 2
141 422 2
141 459 2
141 736 2
141 2511 2
141 6998 2
141 4429 2
141 4497 2
141 4595 2
141 5008 2
141 5309 2
141 5493 2
141 5557 2
141 6181 2
141 6878 2
141 250 2
141 604 2
141 1378 2
141 2233 2
141 2514 2
141 2976 2
141 4756 2
141 5739 2
141 5874 2
142 211 2
142 236 2
142 292 2
142 552 2
142 794 2
142 890 2
142 979 2
142 1174 2
142 1264 2
142 6936 2
142 1776 2
142 2189 2
142 2392 2
142 2458 2
142 2526 2
142 2528 2
142 3012 2
142 3162 2
142 3346 2
142 3614 2
142 4113 2
142 4133 2
142 4259 2
142 5551 2
142 5633 2
142 156 2
142 224 2
142 244 2
142 442 2
142 450 2
142 1029 2
142 1411 2
142 1625 2
142 1782 2
142 1855 2
142 3188 2
142 3190 2
142 3329 2
142 4193 2
142 4784 2
142 6093 2
142 6394 2
142 6649 2
143 498 2
143 708 2
143 1105 2
143 1407 2
143 1591 2
143 1699 2
143 1923 2
143 2739 2
143 3577 2
143 3609 2
143 3680 2
143 4986 2
143 5173 2
143 6328 2
143 6525 2
143 1034 2
143 2527 2
143 2797 2
143 3155 2
143 4560 2
143 5208 2
143 6641 2
143 6770 2
144 379 2
144 424 2
144 859 2
144 1698 2
144 2137 2
144 2393 2
144 2619 2
144 2785 2
144 2912 2
144 3106 2
144 3135 2
144 3485 2
144 3995 2
144 3997 2
144 4440 2
144 4653 2
144 6015 2
144 6029 2
144 6122 2
144 6129 2
144 322 2
144 418 2
144 760 2
144 883 2
144 978 2
144 985 2
144 1299 2
144 1452 2
144 1873 2
144 2242 2
144 2247 2
144 2271 2
144 3167 2
144 3454 2
144 3460 2
144 3619 2
144 3717 2
144 3902 2
144 4096 2
144 4164 2
144 4478 2
144 4695 2
144 4970 2
144 5074 2
144 5989 2
144 6378 2
145 198 2
145 271 2
145 368 2
145 484 2
145 1015 2
145 1765 2
145 2527 2
145 3048 2
145 3242 2
145 5536 2
145 6927 2
145 185 2
145 194 2
145 197 2
145 214 2
145 686 2
145 897 2
145 1469 2
145 1601 2
145 2412 2
145 2506 2
145 2628 2
145 2812 2
145 2993 2
145 3480 2
145 4037 2
145 4063 2
145 4460 2
145 4906 2
145 5304 2
145 5691 2
145 5798 2
145 6745 2
146 534 2
146 1000 2
146 1492 2
146 1998 2
146 2499 2
146 2563 2
146 5285 2
146 416 2
146 3268 2
146 3976 2
146 3984 2
147 218 2
147 477 2
147 527 2
147 1557 2
147 1813 2
147 2172 2
147 2356 2
147 2733 2
147 3132 2
147 3299 2
147 173 2
147 398 2
147 409 2
147 1505 2
147 1877 2
147 4966 2
147 5295 2
147 5847 2
147 6814 2
148 193 2
148 199 2
148 243 2
148 360 2
148 755 2
148 894 2
148 1720 2
148 2260 2
148 3557 2
148 3677 2
148 4499 2
148 5164 2
148 5232 2
148 5997 2
148 6367 2
148 6679 2
148 211 2
148 555 2
148 1128 2
148 1196 2
148 1501 2
148 1754 2
148 2265 2
148 2721 2
148 2932 2
148 3521 2
148 3758 2
148 5466 2
148 5485 2
148 6418 2
149 1668 2
149 1761 2
149 3397 2
149 6786 2
150 165 2
150 182 2
150 855 2
150 1660 2
150 3086 2
150 5466 2
150 6375 2
150 159 2
150 198 2
150 204 2
150 264 2
150 293 2
150 302 2
150 315 2
150 578 2
150 583 2
150 695 2
150 712 2
150 835 2
150 842 2
150 1120 2
150 1193 2
150 1246 2
150 1254 2
150 1458 2
150 1504 2
150 1520 2
150 1544 2
150 1557 2
150 1722 2
150 1908 2
150 2068 2
150 2083 2
150 2318 2
150 2324 2
150 2343 2
150 2346 2
150 2360 2
150 2596 2
150 2936 2
150 2992 2
150 3049 2
150 3050 2
150 3233 2
150 3524 2
150 3644 2
150 3718 2
150 3795 2
150 4110 2
150 4219 2
150 4521 2
150 5017 2
150 5037 2
150 5091 2
150 5114 2
150 5219 2
150 5313 2
150 5336 2
150 5529 2
150 6144 2
150 6281 2
150 6404 2
150 6772 2
151 242 2
151 272 2
151 1682 2
151 1803 2
151 2082 2
151 2297 2
151 2821 2
151 4368 2
151 4484 2
151 959 2
151 1642 2
151 6946 2
151 6189 2
152 175 2
152 238 2
152 275 2
152 334 2
152 530 2
152 621 2
152 772 2
152 1170 2
152 1303 2
152 1764 2
152 2017 2
152 2084 2
152 2255 2
152 2496 2
152 3107 2
152 3657 2
152 3721 2
152 3872 2
152 4629 2
152 4663 2
152 4727 2
152 4814 2
152 5831 2
152 5839 2
152 5948 2
152 5967 2
152 225 2
152 272 2
152 279 2
152 423 2
152 546 2
152 582 2
152 592 2
152 652 2
152 653 2
152 658 2
152 831 2
152 976 2
152 1010 2
152 1043 2
152 1175 2
152 1674 2
152 1866 2
152 2051 2
152 2228 2
152 2467 2
152 2984 2
152 3061 2
152 3354 2
152 3493 2
152 3582 2
152 3811 2
152 6944 2
152 5282 2
152 5862 2
152 6006 2
152 6793 2
153 296 2
153 304 2
153 306 2
153 325 2
153 343 2
153 634 2
153 737 2
153 891 2
153 1463 2
153 1725 2
153 2718 2
153 2851 2
153 2978 2
153 3560 2
153 3733 2
153 3972 2
153 4350 2
153 6838 2
153 4937 2
153 5305 2
154 538 2
154 326 2
154 391 2
154 508 2
154 646 2
154 660 2
154 2029 2
154 2038 2
154 3716 2
154 4044 2
154 4075 2
154 4511 2
154 4577 2
154 4604 2
154 5227 2
154 5325 2
154 6064 2
154 6244 2
154 6331 2
154 6377 2
155 172 2
155 192 2
155 226 2
155 319 2
155 340 2
155 377 2
155 439 2
155 675 2
155 1343 2
155 1843 2
155 2200 2
155 2795 2
155 3285 2
155 3288 2
155 3461 2
155 3729 2
155 3735 2
155 4671 2
155 4747 2
155 4943 2
155 5025 2
155 5381 2
155 5452 2
155 5772 2
155 5804 2
155 6556 2
155 6599 2
155 261 2
155 878 2
155 1135 2
155 1155 2
155 1250 2
155 1524 2
155 1766 2
155 2395 2
155 2739 2
155 2765 2
155 3429 2
155 3874 2
155 4803 2
155 5209 2
155 5417 2
155 6024 2
156 207 2
156 212 2
156 215 2
156 268 2
156 300 2
156 378 2
156 409 2
156 457 2
156 505 2
156 730 2
156 945 2
156 956 2
156 1262 2
156 1804 2
156 1928 2
156 2267 2
156 3134 2
156 3240 2
156 3454 2
156 3738 2
156 4352 2
156 4696 2
156 6437 2
156 244 2
156 506 2
156 509 2
156 2453 2
156 4512 2
156 4744 2
156 4784 2
157 216 2
157 460 2
157 573 2
157 606 2
157 1325 2
157 1394 2
157 1721 2
157 2123 2
157 2886 2
157 3112 2
157 3364 2
157 3748 2
157 3928 2
157 6285 2
157 217 2
157 429 2
157 456 2
157 736 2
157 745 2
157 882 2
157 1067 2
157 1683 2
157 1825 2
157 2544 2
157 2560 2
157 2606 2
157 2717 2
157 2718 2
157 2819 2
157 4836 2
157 4849 2
157 4953 2
157 5272 2
157 5386 2
157 5698 2
157 5873 2
157 6380 2
157 6625 2
157 6921 2
158 173 2
158 209 2
158 371 2
158 472 2
158 1018 2
158 1119 2
158 1235 2
158 1310 2
158 1490 2
158 1712 2
158 1747 2
158 1895 2
158 2023 2
158 2207 2
158 2291 2
158 2672 2
158 3210 2
158 3293 2
158 3532 2
158 3773 2
158 4708 2
158 4725 2
158 4871 2
158 5197 2
158 5444 2
158 5703 2
158 6427 2
158 259 2
158 321 2
158 325 2
158 355 2
158 565 2
158 697 2
158 884 2
158 913 2
158 1164 2
158 1169 2
158 1788 2
158 1842 2
158 2571 2
158 2935 2
158 3145 2
158 3748 2
158 4740 2
158 5633 2
159 171 2
159 178 2
159 434 2
159 647 2
159 705 2
159 1054 2
159 1061 2
159 1432 2
159 1613 2
159 1752 2
159 2005 2
159 2410 2
159 2897 2
159 3510 2
159 3863 2
159 5479 2
159 5554 2
159 5942 2
159 6591 2
159 6747 2
159 198 2
159 204 2
159 6935 2
159 256 2
159 302 2
159 372 2
159 578 2
159 712 2
159 776 2
159 854 2
159 935 2
159 969 2
159 972 2
159 1002 2
159 1246 2
159 1522 2
159 1544 2
159 1680 2
159 1712 2
159 1888 2
159 2007 2
159 2360 2
159 2445 2
159 2584 2
159 2596 2
159 2690 2
159 2814 2
159 2880 2
159 2908 2
159 2975 2
159 2992 2
159 3267 2
159 3301 2
159 3313 2
159 3474 2
159 3507 2
159 3617 2
159 3845 2
159 4039 2
159 4537 2
159 5286 2
159 5661 2
159 5854 2
159 5860 2
159 5870 2
159 6114 2
159 6221 2
159 6225 2
159 6277 2
159 6282 2
159 6596 2
160 204 2
160 380 2
160 1236 2
160 1293 2
160 1410 2
160 1480 2
160 2345 2
160 2702 2
160 2976 2
160 3043 2
160 3233 2
160 3350 2
160 3526 2
160 4291 2
160 4321 2
160 5155 2
160 5496 2
160 5828 2
160 6238 2
160 6281 2
160 366 2
160 511 2
160 840 2
160 1079 2
160 1129 2
160 1492 2
160 1607 2
160 1892 2
160 1996 2
160 2042 2
160 2173 2
160 2515 2
160 3211 2
160 3442 2
160 3443 2
160 3468 2
160 4049 2
160 4553 2
160 4698 2
160 4904 2
160 5004 2
160 6203 2
160 6330 2
160 6474 2
160 6569 2
160 6617 2
161 191 2
161 1219 2
161 1386 2
161 1717 2
161 1973 2
161 2950 2
161 3665 2
161 6992 2
161 4229 2
161 4323 2
161 4562 2
161 4707 2
161 5307 2
161 5340 2
161 6244 2
161 6778 2
161 243 2
161 364 2
161 444 2
161 620 2
161 635 2
161 1235 2
161 1292 2
161 1864 2
161 1907 2
161 2148 2
161 2434 2
161 3497 2
161 3804 2
161 3866 2
161 4148 2
161 5342 2
161 5719 2
162 261 2
162 352 2
162 430 2
162 531 2
162 788 2
162 811 2
162 983 2
162 1008 2
162 1080 2
162 1110 2
162 1115 2
162 1121 2
162 1521 2
162 1625 2
162 2304 2
162 2418 2
162 2604 2
162 3148 2
162 3203 2
162 3220 2
162 3339 2
162 3358 2
162 3637 2
162 3713 2
162 4137 2
162 4148 2
162 4249 2
162 4372 2
162 4514 2
162 5219 2
162 5335 2
162 6147 2
162 240 2
162 247 2
162 515 2
162 648 2
162 832 2
162 962 2
162 1060 2
162 1302 2
162 1322 2
162 1371 2
162 1439 2
162 1694 2
162 1916 2
162 2060 2
162 2254 2
162 2259 2
162 2490 2
162 6948 2
162 2731 2
162 2854 2
162 2996 2
162 3085 2
162 3384 2
162 4127 2
162 6237 2
162 6247 2
162 6437 2
162 6476 2
162 6645 2
163 312 2
163 471 2
163 670 2
163 883 2
163 1806 2
163 3098 2
163 5383 2
163 6948 2
163 6191 2
163 6273 2
163 6297 2
163 6861 2
163 570 2
163 654 2
163 779 2
163 894 2
163 1048 2
163 1055 2
163 1084 2
163 1779 2
163 1883 2
163 3102 2
163 3229 2
163 4361 2
163 4396 2
163 5174 2
163 5837 2
164 445 2
164 468 2
164 570 2
164 1135 2
164 1947 2
164 2174 2
164 3286 2
164 3366 2
164 3647 2
164 3786 2
164 5670 2
164 6131 2
164 6251 2
164 588 2
164 673 2
164 847 2
164 1245 2
164 1496 2
164 1539 2
164 1636 2
164 2050 2
164 2059 2
164 2368 2
164 2378 2
164 2480 2
164 2513 2
164 3334 2
164 3427 2
164 3543 2
164 3967 2
164 5108 2
164 5361 2
164 5378 2
165 1660 2
165 3158 2
165 6375 2
165 181 2
165 441 2
165 820 2
165 966 2
165 1924 2
165 2337 2
165 2443 2
165 2455 2
165 2476 2
165 2616 2
165 2882 2
165 2937 2
165 3576 2
165 6997 2
165 3692 2
165 4084 2
165 4156 2
165 4694 2
165 5100 2
165 5143 2
165 5464 2
165 5579 2
165 5621 2
165 5724 2
165 6385 2
165 6680 2
166 201 2
166 224 2
166 230 2
166 337 2
166 506 2
166 508 2
166 533 2
166 656 2
166 1370 2
166 1921 2
166 2442 2
166 2471 2
166 2929 2
166 2958 2
166 3070 2
166 3268 2
166 3323 2
166 4152 2
166 4932 2
166 6492 2
166 6796 2
166 1228 2
166 2227 2
166 2889 2
166 3237 2
166 3251 2
167 482 2
167 1296 2
167 1398 2
167 1690 2
167 2252 2
167 4565 2
167 6189 2
167 6252 2
167 228 2
167 967 2
167 1149 2
167 1227 2
167 1579 2
167 2909 2
167 3599 2
167 3746 2
167 4058 2
168 354 2
168 691 2
168 1124 2
168 1141 2
168 1312 2
168 2067 2
168 2559 2
168 2983 2
168 3138 2
168 3178 2
168 3955 2
168 4623 2
168 5495 2
168 5955 2
168 210 2
168 221 2
168 305 2
168 443 2
168 550 2
168 581 2
168 587 2
168 661 2
168 1223 2
168 1266 2
168 1438 2
168 1823 2
168 2283 2
168 2325 2
168 2421 2
168 2604 2
168 3465 2
168 3545 2
168 3554 2
168 3710 2
168 4443 2
168 4456 2
168 4493 2
168 4652 2
168 4895 2
168 5350 2
168 5418 2
168 5545 2
168 5655 2
168 6850 2
169 281 2
169 451 2
169 514 2
169 1150 2
169 2349 2
169 2483 2
169 3778 2
169 3852 2
169 4125 2
169 5231 2
169 5439 2
169 5470 2
169 300 2
169 369 2
169 2267 2
169 2433 2
169 2930 2
169 3039 2
169 3100 2
169 3120 2
169 3396 2
169 3856 2
169 4901 2
169 4979 2
169 5784 2
170 197 2
170 200 2
170 217 2
170 255 2
170 278 2
170 357 2
170 391 2
170 854 2
170 872 2
170 1210 2
170 2072 2
170 2146 2
170 2783 2
170 2927 2
170 3118 2
170 3442 2
170 3711 2
170 4370 2
170 4387 2
170 4836 2
170 6672 2
170 189 2
170 341 2
170 361 2
170 564 2
170 680 2
170 771 2
170 1446 2
170 1843 2
170 1964 2
170 2025 2
170 2489 2
170 2724 2
170 2844 2
170 3077 2
170 3330 2
170 3604 2
170 3970 2
170 4718 2
170 5629 2
170 5759 2
170 6600 2
170 6640 2
171 1752 2
171 3004 2
171 182 2
171 384 2
171 524 2
171 722 2
171 775 2
171 970 2
171 1367 2
171 1459 2
171 1474 2
171 2794 2
171 2863 2
171 3159 2
171 4905 2
171 5571 2
172 192 2
172 226 2
172 319 2
172 340 2
172 1343 2
172 1429 2
172 1607 2
172 1843 2
172 2275 2
172 2858 2
172 2999 2
172 3009 2
172 3334 2
172 3735 2
172 3814 2
172 4671 2
172 4717 2
172 5762 2
172 6556 2
172 6656 2
172 203 2
172 245 2
172 393 2
172 440 2
172 462 2
172 491 2
172 497 2
172 597 2
172 625 2
172 792 2
172 1020 2
172 1098 2
172 1497 2
172 1585 2
172 2011 2
172 2039 2
172 2069 2
172 2593 2
172 2870 2
172 3131 2
172 3727 2
172 3728 2
172 3742 2
172 3821 2
172 3909 2
172 4149 2
172 4534 2
172 4559 2
172 4567 2
172 4793 2
172 4961 2
172 5499 2
172 5857 2
172 5941 2
172 6172 2
172 6894 2
172 6920 2
173 314 2
173 604 2
173 704 2
173 842 2
173 843 2
173 886 2
173 1179 2
173 1242 2
173 1310 2
173 1387 2
173 1453 2
173 1490 2
173 1503 2
173 1632 2
173 1666 2
173 1839 2
173 2364 2
173 2699 2
173 3532 2
173 3618 2
173 3621 2
173 3899 2
173 4594 2
173 4708 2
173 4787 2
173 6185 2
173 6387 2
173 6880 2
173 1877 2
173 4966 2
173 5847 2
173 6180 2
174 390 2
174 525 2
174 1270 2
174 1305 2
174 1418 2
174 1619 2
174 1740 2
174 1750 2
174 2361 2
174 2622 2
174 3001 2
174 3347 2
174 3523 2
174 3610 2
174 4365 2
174 4381 2
174 4502 2
174 4603 2
174 191 2
174 359 2
174 885 2
174 920 2
174 947 2
174 1103 2
174 1288 2
174 1442 2
174 1691 2
174 1850 2
174 2047 2
174 3273 2
174 3908 2
174 4530 2
174 4637 2
174 4881 2
174 5225 2
174 5943 2
174 6758 2
174 6881 2
175 275 2
175 433 2
175 1383 2
175 1833 2
175 6985 2
175 2637 2
175 3872 2
175 4626 2
175 4969 2
175 5755 2
175 5831 2
175 6806 2
175 230 2
175 599 2
175 607 2
175 720 2
175 750 2
175 757 2
175 1201 2
175 1786 2
175 1808 2
175 3565 2
175 5758 2
175 6304 2
176 257 2
176 267 2
176 285 2
176 3772 2
176 4525 2
176 5196 2
176 5885 2
176 5896 2
176 6293 2
176 258 2
176 309 2
176 310 2
176 430 2
176 557 2
176 572 2
176 593 2
176 906 2
176 6936 2
176 1236 2
176 1287 2
176 1342 2
176 1620 2
176 1870 2
176 2030 2
176 2072 2
176 2182 2
176 2686 2
176 4143 2
176 6960 2
176 5035 2
176 5046 2
176 5396 2
176 6215 2
176 6364 2
176 6589 2
177 322 2
177 545 2
177 618 2
177 756 2
177 1034 2
177 1040 2
177 1109 2
177 1215 2
177 1403 2
177 1419 2
177 2214 2
177 2498 2
177 3002 2
177 3401 2
177 3854 2
177 5434 2
177 5639 2
177 6654 2
177 6810 2
177 267 2
177 320 2
177 2965 2
177 3618 2
177 4854 2
178 434 2
178 647 2
178 705 2
178 709 2
178 836 2
178 863 2
178 1567 2
178 1613 2
178 1773 2
178 2005 2
178 2585 2
178 4046 2
178 5957 2
178 6591 2
178 6813 2
178 199 2
178 470 2
178 477 2
178 929 2
178 1748 2
178 3924 2
178 4181 2
178 4309 2
178 5463 2
178 5561 2
179 277 2
179 344 2
179 557 2
179 771 2
179 1217 2
179 1572 2
179 2353 2
179 2407 2
179 2581 2
179 2974 2
179 3208 2
179 3476 2
179 3750 2
179 3951 2
179 4338 2
179 4988 2
179 268 2
179 280 2
179 537 2
179 566 2
179 615 2
179 1449 2
179 5546 2
180 348 2
180 394 2
180 502 2
180 740 2
180 1249 2
180 1922 2
180 1945 2
180 2103 2
180 2183 2
180 2524 2
180 2629 2
180 2709 2
180 3147 2
180 3696 2
180 4179 2
180 4345 2
180 5475 2
180 5805 2
180 6267 2
180 6856 2
180 186 2
180 193 2
180 271 2
180 275 2
180 375 2
180 483 2
180 689 2
180 995 2
180 1163 2
180 1295 2
180 1746 2
180 1776 2
180 2342 2
180 2563 2
180 2816 2
180 2866 2
180 3333 2
180 6129 2
180 6445 2
181 487 2
181 1246 2
181 1805 2
181 2091 2
181 2233 2
181 2988 2
181 3076 2
181 5059 2
181 441 2
181 2937 2
181 3320 2
181 3691 2
181 4156 2
182 855 2
182 1013 2
182 1165 2
182 2055 2
182 2722 2
182 2992 2
182 3961 2
182 4261 2
182 4533 2
182 6655 2
182 970 2
182 2456 2
182 3071 2
182 3561 2
182 3920 2
182 5097 2
182 5496 2
183 503 2
183 1026 2
183 1151 2
183 1742 2
183 2479 2
183 2513 2
183 3019 2
183 3652 2
183 5322 2
183 6396 2
183 354 2
183 459 2
183 6947 2
183 963 2
183 986 2
183 1131 2
183 1350 2
183 1394 2
183 1584 2
183 2139 2
183 2180 2
183 2327 2
183 2601 2
183 2948 2
183 3615 2
183 3927 2
183 4195 2
183 4259 2
183 5240 2
184 1155 2
184 5870 2
184 246 2
184 287 2
184 297 2
184 426 2
184 435 2
184 535 2
184 594 2
184 856 2
184 1041 2
184 1258 2
184 1398 2
184 1406 2
184 1535 2
184 1709 2
184 2764 2
184 3508 2
184 3588 2
184 3755 2
184 3827 2
184 4405 2
184 4857 2
184 5656 2
184 6080 2
184 6280 2
184 6468 2
185 333 2
185 444 2
185 746 2
185 749 2
185 970 2
185 3522 2
185 4528 2
185 5781 2
185 6224 2
185 6410 2
185 194 2
185 214 2
185 343 2
185 2412 2
185 2809 2
185 4824 2
185 4906 2
186 786 2
186 4393 2
186 4488 2
186 5264 2
186 5280 2
186 6143 2
186 271 2
186 375 2
186 383 2
186 541 2
186 689 2
186 762 2
186 903 2
186 926 2
186 940 2
186 995 2
186 1295 2
186 1306 2
186 1414 2
186 1481 2
186 1518 2
186 1527 2
186 1621 2
186 1701 2
186 1776 2
186 1856 2
186 2143 2
186 2342 2
186 2572 2
186 2641 2
186 2685 2
186 2774 2
186 3009 2
186 3789 2
186 4159 2
186 4217 2
186 4239 2
186 4319 2
186 4367 2
186 5054 2
186 5248 2
186 5308 2
186 5399 2
186 5634 2
186 5712 2
186 5809 2
186 6129 2
186 6238 2
186 6445 2
186 6611 2
187 355 2
187 808 2
187 827 2
187 1280 2
187 1377 2
187 2522 2
187 3230 2
187 6962 2
187 4902 2
187 5592 2
187 5604 2
187 6190 2
187 474 2
187 611 2
187 6819 2
188 3388 2
188 4285 2
188 432 2
188 517 2
188 1256 2
188 1655 2
188 1833 2
188 1979 2
188 2153 2
188 2305 2
188 2562 2
188 4965 2
188 5301 2
188 5306 2
188 6481 2
188 6497 2
189 339 2
189 353 2
189 1023 2
189 1344 2
189 1505 2
189 1558 2
189 2924 2
189 4768 2
189 5270 2
189 5379 2
189 6370 2
189 6873 2
189 361 2
189 1761 2
189 3330 2
189 4713 2
189 6640 2
190 219 2
190 466 2
190 474 2
190 776 2
190 901 2
190 962 2
190 1279 2
190 1598 2
190 2281 2
190 3309 2
190 3399 2
190 3716 2
190 4043 2
190 4467 2
190 4710 2
190 5692 2
190 6314 2
190 6323 2
190 327 2
190 411 2
190 496 2
190 888 2
190 1234 2
190 1320 2
190 1422 2
190 1606 2
190 1615 2
190 1657 2
190 2092 2
190 2118 2
190 2359 2
190 2990 2
190 3013 2
190 4089 2
190 5863 2
190 6209 2
190 6384 2
190 6742 2
191 1386 2
191 1984 2
191 3311 2
191 3574 2
191 3665 2
191 5307 2
191 5315 2
191 351 2
191 920 2
191 947 2
191 1442 2
191 1844 2
191 2500 2
191 3273 2
191 4805 2
191 4881 2
191 5818 2
192 226 2
192 439 2
192 675 2
192 745 2
192 1248 2
192 3009 2
192 4943 2
192 5113 2
192 215 2
192 255 2
192 626 2
192 643 2
192 808 2
192 864 2
192 1582 2
192 1739 2
192 2735 2
192 2810 2
192 3037 2
192 4808 2
192 5015 2
192 5095 2
192 5111 2
192 5241 2
192 6142 2
192 6239 2
193 199 2
193 328 2
193 418 2
193 453 2
193 862 2
193 894 2
193 898 2
193 992 2
193 1149 2
193 1167 2
193 1518 2
193 2520 2
193 2565 2
193 3213 2
193 3932 2
193 5388 2
193 5471 2
193 5473 2
193 5569 2
193 5588 2
193 6570 2
193 275 2
193 2816 2
194 263 2
194 286 2
194 330 2
194 496 2
194 638 2
194 893 2
194 1226 2
194 1281 2
194 1590 2
194 1645 2
194 1735 2
194 3023 2
194 3065 2
194 3179 2
194 5068 2
194 5733 2
194 5979 2
194 6049 2
194 6233 2
194 6520 2
194 214 2
194 343 2
194 897 2
194 1358 2
194 1469 2
194 2809 2
194 2993 2
194 4031 2
194 4824 2
194 6032 2
194 6390 2
194 6612 2
195 473 2
195 1002 2
195 1276 2
195 1486 2
195 1763 2
195 1943 2
195 2287 2
195 2355 2
195 3155 2
195 3573 2
195 4342 2
195 4706 2
195 4788 2
195 5291 2
195 5947 2
195 6555 2
195 6772 2
195 528 2
195 636 2
195 742 2
195 1478 2
195 1666 2
195 1903 2
195 2121 2
195 2217 2
195 2629 2
195 3305 2
195 3532 2
195 5044 2
196 479 2
196 947 2
196 2093 2
196 2228 2
196 2611 2
196 2738 2
196 3298 2
196 3596 2
196 3839 2
196 3917 2
196 4582 2
196 5058 2
196 5759 2
196 6415 2
196 6467 2
196 232 2
196 311 2
196 575 2
196 667 2
196 951 2
196 1075 2
196 1298 2
196 1419 2
196 1424 2
196 1503 2
196 6998 2
196 1999 2
196 2090 2
196 2297 2
196 2723 2
196 2851 2
196 3183 2
196 3322 2
196 3903 2
196 4169 2
196 6177 2
196 6284 2
196 6305 2
197 200 2
197 255 2
197 282 2
197 357 2
197 636 2
197 649 2
197 1177 2
197 1272 2
197 2477 2
197 3843 2
197 4836 2
197 5803 2
197 6171 2
197 389 2
197 452 2
197 1247 2
197 1760 2
197 2428 2
197 2628 2
197 2842 2
197 3088 2
197 3368 2
197 5204 2
198 1015 2
198 1409 2
198 2527 2
198 3536 2
198 4272 2
198 6639 2
198 712 2
198 835 2
198 842 2
198 1150 2
198 1254 2
198 1520 2
198 1529 2
198 1985 2
198 2665 2
198 2814 2
198 3795 2
198 4422 2
198 5030 2
198 5211 2
198 5587 2
198 5660 2
198 5721 2
198 6105 2
199 360 2
199 418 2
199 1575 2
199 1936 2
199 2260 2
199 2663 2
199 4619 2
199 4851 2
199 5588 2
199 477 2
199 929 2
199 1268 2
199 1723 2
199 1748 2
199 2266 2
199 2446 2
199 3792 2
199 3924 2
199 4635 2
199 5106 2
199 5347 2
199 5974 2
199 6058 2
199 6376 2
199 6825 2
200 1177 2
200 1948 2
200 3675 2
200 5009 2
200 5803 2
200 6531 2
200 282 2
200 806 2
200 1279 2
200 2037 2
200 2201 2
200 2214 2
200 3293 2
200 3622 2
200 4092 2
200 4272 2
200 4874 2
200 5132 2
200 6684 2
200 6809 2
201 205 2
201 224 2
201 230 2
201 305 2
201 337 2
201 388 2
201 465 2
201 478 2
201 485 2
201 506 2
201 656 2
201 689 2
201 823 2
201 871 2
201 948 2
201 1067 2
201 1097 2
201 1971 2
201 2317 2
201 2327 2
201 2595 2
201 2643 2
201 3044 2
201 3260 2
201 3319 2
201 3369 2
201 4121 2
201 4275 2
201 4348 2
201 4363 2
201 4431 2
201 5052 2
201 5370 2
201 5481 2
201 5806 2
201 6003 2
201 6290 2
201 6407 2
201 6448 2
201 6712 2
201 1130 2
201 1291 2
201 2023 2
201 4216 2
201 4775 2
201 4984 2
201 5026 2
201 5502 2
201 6927 2
202 213 2
202 702 2
202 849 2
202 928 2
202 988 2
202 1106 2
202 1375 2
202 1639 2
202 1733 2
202 1771 2
202 2574 2
202 2904 2
202 3631 2
202 3666 2
202 4037 2
202 4075 2
202 4101 2
202 4183 2
202 4766 2
202 4784 2
202 4968 2
202 4984 2
202 5756 2
202 260 2
202 552 2
202 769 2
202 1148 2
202 2827 2
202 3700 2
202 3868 2
202 4348 2
202 4467 2
202 6015 2
203 245 2
203 454 2
203 512 2
203 569 2
203 591 2
203 917 2
203 1107 2
203 2789 2
203 3192 2
203 4128 2
203 4202 2
203 5094 2
203 5146 2
203 5636 2
203 5908 2
203 6090 2
203 6433 2
203 6734 2
203 291 2
203 1276 2
203 6088 2
204 380 2
204 1293 2
204 1480 2
204 1716 2
204 2290 2
204 2345 2
204 5496 2
204 302 2
204 315 2
204 372 2
204 379 2
204 417 2
204 695 2
204 740 2
204 868 2
204 972 2
204 992 2
204 1239 2
204 1522 2
204 1525 2
204 1617 2
204 1689 2
204 1994 2
204 2083 2
204 2115 2
204 2144 2
204 2209 2
204 2409 2
204 2445 2
204 2690 2
204 2720 2
204 6945 2
204 2873 2
204 2975 2
204 6940 2
204 3049 2
204 3166 2
204 3168 2
204 4248 2
204 4300 2
204 6935 2
204 4912 2
204 4927 2
204 5012 2
204 5230 2
204 5232 2
204 5476 2
205 305 2
205 465 2
205 493 2
205 871 2
205 913 2
205 1073 2
205 1798 2
205 2327 2
205 3183 2
205 4275 2
205 5052 2
205 5709 2
205 6630 2
205 6697 2
205 1311 2
205 1324 2
205 2600 2
205 3128 2
205 6141 2
206 220 2
206 276 2
206 308 2
206 750 2
206 785 2
206 1022 2
206 1904 2
206 2180 2
206 2340 2
206 3081 2
206 6401 2
206 6715 2
206 481 2
206 501 2
206 743 2
206 869 2
206 1590 2
206 1737 2
206 1798 2
206 2172 2
206 2449 2
206 3200 2
206 3805 2
206 4851 2
206 5806 2
206 6407 2
207 214 2
207 215 2
207 300 2
207 395 2
207 402 2
207 457 2
207 578 2
207 593 2
207 637 2
207 645 2
207 672 2
207 1789 2
207 2015 2
207 2104 2
207 2135 2
207 2267 2
207 2430 2
207 3018 2
207 3240 2
207 3267 2
207 3592 2
207 3622 2
207 6364 2
207 6590 2
207 332 2
207 347 2
207 1097 2
207 1101 2
207 1137 2
207 1494 2
207 3358 2
207 3596 2
207 3750 2
207 4998 2
207 5804 2
208 313 2
208 386 2
208 747 2
208 853 2
208 1652 2
208 3156 2
208 3282 2
208 3307 2
208 3431 2
208 3654 2
208 5555 2
208 6440 2
208 6987 2
208 308 2
208 772 2
208 919 2
208 1707 2
208 1887 2
208 1942 2
208 2296 2
208 3198 2
208 4182 2
208 6062 2
208 6411 2
209 371 2
209 472 2
209 520 2
209 1235 2
209 2832 2
209 5444 2
209 296 2
209 407 2
209 425 2
209 699 2
209 754 2
209 818 2
209 1255 2
209 1281 2
209 1561 2
209 1769 2
209 1828 2
209 1974 2
209 2001 2
209 2189 2
209 2238 2
209 2273 2
209 2377 2
209 3603 2
209 4279 2
209 4583 2
209 4588 2
209 4618 2
209 4688 2
209 4818 2
209 5214 2
209 5344 2
209 6448 2
209 6757 2
210 968 2
210 2319 2
210 3036 2
210 3258 2
210 3303 2
210 3556 2
210 4964 2
210 5850 2
210 6843 2
210 221 2
210 305 2
210 581 2
210 677 2
210 710 2
210 849 2
210 948 2
210 1222 2
210 2165 2
210 2666 2
210 4899 2
210 5127 2
210 5418 2
210 6023 2
210 6350 2
210 6399 2
211 292 2
211 338 2
211 437 2
211 738 2
211 794 2
211 1146 2
211 1240 2
211 1247 2
211 1295 2
211 1358 2
211 1427 2
211 1446 2
211 1911 2
211 2189 2
211 2376 2
211 2382 2
211 2427 2
211 2431 2
211 2458 2
211 2807 2
211 2836 2
211 2977 2
211 3221 2
211 3892 2
211 4071 2
211 5663 2
211 6457 2
211 6695 2
211 631 2
211 3521 2
211 3676 2
212 268 2
212 362 2
212 378 2
212 409 2
212 1475 2
212 1762 2
212 1804 2
212 2681 2
212 2683 2
212 3408 2
212 3454 2
212 3762 2
212 4034 2
212 4696 2
212 4743 2
212 5694 2
212 5878 2
212 6043 2
212 6371 2
212 805 2
212 971 2
212 1647 2
212 2488 2
212 2622 2
212 3058 2
212 4167 2
212 5430 2
213 988 2
213 1375 2
213 2173 2
213 3631 2
213 4729 2
213 6834 2
213 286 2
213 313 2
213 410 2
213 479 2
213 651 2
213 734 2
213 1270 2
213 1784 2
213 2114 2
213 2644 2
213 3104 2
213 3364 2
213 4304 2
213 4864 2
213 6202 2
213 6392 2
214 2015 2
214 2412 2
214 2809 2
214 4063 2
215 395 2
215 411 2
215 455 2
215 577 2
215 674 2
215 730 2
215 936 2
215 1025 2
215 1069 2
215 1140 2
215 1222 2
215 2267 2
215 3414 2
215 3958 2
215 4208 2
215 5061 2
215 6409 2
215 6803 2
215 255 2
215 299 2
215 580 2
215 718 2
215 1339 2
215 1582 2
215 1702 2
215 1710 2
215 2003 2
215 2261 2
215 2973 2
215 3372 2
215 5693 2
216 573 2
216 1011 2
216 3364 2
216 4169 2
216 6933 2
216 220 2
216 394 2
216 434 2
216 534 2
216 595 2
216 670 2
216 782 2
216 855 2
216 1138 2
216 1752 2
216 1812 2
216 2328 2
216 2381 2
216 2505 2
216 2954 2
216 3973 2
216 3997 2
216 4102 2
216 5149 2
216 5526 2
216 5538 2
216 5567 2
216 5717 2
216 5748 2
216 6087 2
216 6686 2
217 278 2
217 458 2
217 872 2
217 877 2
217 942 2
217 984 2
217 1384 2
217 1630 2
217 1920 2
217 2072 2
217 2098 2
217 2119 2
217 2811 2
217 3371 2
217 3983 2
217 4387 2
217 4918 2
217 6258 2
217 543 2
217 736 2
217 737 2
217 1662 2
217 1683 2
217 1825 2
217 2135 2
217 2530 2
217 2786 2
217 2923 2
217 3389 2
217 4125 2
217 4633 2
217 5636 2
218 310 2
218 412 2
218 477 2
218 516 2
218 527 2
218 564 2
218 567 2
218 595 2
218 1306 2
218 1366 2
218 1561 2
218 2254 2
218 2356 2
218 2957 2
218 3225 2
218 4498 2
218 4915 2
218 5341 2
218 5785 2
218 6059 2
218 6264 2
218 6287 2
218 6534 2
218 237 2
218 438 2
218 1062 2
218 1835 2
218 1953 2
218 2399 2
218 6045 2
219 466 2
219 629 2
219 1036 2
219 1338 2
219 1374 2
219 3113 2
219 4042 2
219 5692 2
219 276 2
219 353 2
219 378 2
219 476 2
219 553 2
219 612 2
219 682 2
219 700 2
219 816 2
219 988 2
219 996 2
219 1455 2
219 1537 2
219 1758 2
219 1848 2
219 1977 2
219 2043 2
219 2077 2
219 2357 2
219 2376 2
219 2483 2
219 2551 2
219 3138 2
219 3231 2
219 3246 2
219 4050 2
219 4144 2
219 4431 2
219 4819 2
219 4892 2
219 5175 2
219 5292 2
219 5518 2
219 5584 2
219 6027 2
219 6140 2
219 6170 2
219 6469 2
220 276 2
220 342 2
220 475 2
220 686 2
220 785 2
220 873 2
220 1172 2
220 1250 2
220 1705 2
220 2039 2
220 2533 2
220 2947 2
220 4650 2
220 4826 2
220 6832 2
220 365 2
220 394 2
220 782 2
220 989 2
220 1138 2
220 1340 2
220 2286 2
220 2328 2
220 2517 2
220 3341 2
220 3642 2
220 4923 2
220 5472 2
220 6075 2
220 6341 2
221 427 2
221 773 2
221 887 2
221 1434 2
221 1483 2
221 2606 2
221 3739 2
221 4808 2
221 305 2
221 948 2
221 1438 2
221 6188 2
222 400 2
222 492 2
222 605 2
222 867 2
222 929 2
222 1287 2
222 1369 2
222 2351 2
222 2609 2
222 2632 2
222 2689 2
222 2774 2
222 3669 2
222 3697 2
222 3907 2
222 4189 2
222 4586 2
222 4636 2
222 4692 2
222 4705 2
222 4980 2
222 449 2
222 498 2
222 933 2
222 1080 2
222 1233 2
222 2294 2
222 4696 2
222 6081 2
222 6875 2
223 324 2
223 327 2
223 681 2
223 1004 2
223 1629 2
223 1851 2
223 2019 2
223 3374 2
223 5617 2
223 5630 2
223 5632 2
223 6179 2
223 6612 2
223 333 2
223 751 2
223 1329 2
223 1399 2
223 1708 2
223 2225 2
223 2676 2
223 3885 2
223 5261 2
223 6233 2
223 6312 2
223 6700 2
224 230 2
224 388 2
224 572 2
224 614 2
224 823 2
224 944 2
224 948 2
224 1420 2
224 1648 2
224 2014 2
224 2406 2
224 2958 2
224 3435 2
224 3438 2
224 3518 2
224 5073 2
224 5481 2
224 5679 2
224 5681 2
224 5951 2
224 314 2
224 450 2
224 465 2
224 698 2
224 998 2
224 1612 2
224 1782 2
224 1832 2
224 2335 2
224 2658 2
224 2835 2
224 2847 2
224 3221 2
224 3473 2
224 3544 2
224 3672 2
224 4083 2
224 4491 2
224 4646 2
224 4679 2
224 5006 2
224 5173 2
224 6163 2
224 6372 2
224 6394 2
224 6475 2
224 6726 2
225 1157 2
225 1825 2
225 2154 2
225 2668 2
225 3092 2
225 3695 2
225 5556 2
225 592 2
225 653 2
225 1013 2
225 1175 2
225 1866 2
225 2020 2
225 2046 2
225 3125 2
225 3303 2
225 3546 2
225 4178 2
225 4773 2
225 5924 2
225 6463 2
226 319 2
226 439 2
226 1607 2
226 3009 2
226 4717 2
226 5025 2
226 5346 2
226 234 2
226 328 2
226 415 2
226 645 2
226 688 2
226 964 2
226 1337 2
226 1433 2
226 3126 2
226 3326 2
226 3470 2
226 3875 2
226 4513 2
226 6838 2
227 1218 2
227 2075 2
227 4155 2
227 4401 2
227 239 2
227 428 2
227 493 2
227 500 2
227 1147 2
227 1152 2
227 1616 2
227 1651 2
227 1898 2
227 1986 2
227 3218 2
227 4438 2
227 5686 2
227 6121 2
227 6435 2
227 6683 2
228 248 2
228 279 2
228 280 2
228 715 2
228 764 2
228 850 2
228 1066 2
228 1118 2
228 1144 2
228 1405 2
228 1892 2
228 1968 2
228 2577 2
228 3289 2
228 5464 2
228 6007 2
228 6752 2
228 1820 2
228 2909 2
228 3476 2
228 3746 2
229 244 2
229 266 2
229 406 2
229 599 2
229 711 2
229 1302 2
229 1452 2
229 1650 2
229 1770 2
229 2049 2
229 2204 2
229 2326 2
229 3200 2
229 4073 2
229 5014 2
229 5126 2
229 5324 2
229 5890 2
229 382 2
229 436 2
229 701 2
229 714 2
229 793 2
229 887 2
229 1488 2
229 3387 2
229 3677 2
229 3936 2
229 4119 2
229 4532 2
229 4562 2
229 4737 2
229 4963 2
229 6622 2
230 337 2
230 388 2
230 478 2
230 533 2
230 572 2
230 723 2
230 1021 2
230 1245 2
230 1370 2
230 1755 2
230 2014 2
230 2335 2
230 2505 2
230 2953 2
230 3021 2
230 3375 2
230 3754 2
230 4460 2
230 5370 2
230 5621 2
230 5716 2
230 599 2
230 607 2
230 757 2
230 799 2
230 874 2
230 1008 2
230 1280 2
230 1536 2
230 1786 2
230 1905 2
230 2167 2
230 3254 2
230 6291 2
231 375 2
231 389 2
231 1836 2
231 2151 2
231 2318 2
231 2583 2
231 3011 2
231 3380 2
231 4212 2
231 6197 2
231 367 2
231 471 2
231 1208 2
231 2235 2
231 4005 2
231 4230 2
231 5812 2
231 5984 2
232 3743 2
232 6940 2
232 4806 2
232 5319 2
232 5912 2
232 813 2
232 1298 2
232 2851 2
232 3248 2
232 3322 2
232 3790 2
232 4201 2
232 5226 2
232 5598 2
232 6782 2
233 370 2
233 778 2
233 957 2
233 1130 2
233 1311 2
233 1397 2
233 1678 2
233 1988 2
233 2828 2
233 3121 2
233 3993 2
233 4130 2
233 4581 2
233 4703 2
233 277 2
233 419 2
233 533 2
233 1093 2
233 1117 2
233 1136 2
233 1978 2
233 2350 2
233 2997 2
233 3826 2
233 4674 2
233 4817 2
233 5063 2
233 5273 2
233 6664 2
234 568 2
234 3598 2
234 5318 2
234 6707 2
234 6724 2
234 6846 2
234 679 2
234 1069 2
234 1337 2
234 1468 2
234 1510 2
234 2024 2
234 2078 2
234 2610 2
234 2639 2
234 3350 2
234 3500 2
234 3679 2
234 3828 2
234 5480 2
234 5849 2
234 6136 2
234 6273 2
235 253 2
235 294 2
235 299 2
235 372 2
235 373 2
235 519 2
235 588 2
235 825 2
235 845 2
235 940 2
235 1024 2
235 1052 2
235 1134 2
235 1203 2
235 1297 2
235 1502 2
235 1563 2
235 1977 2
235 1994 2
235 2128 2
235 2193 2
235 2205 2
235 2481 2
235 2651 2
235 2725 2
235 3990 2
235 4473 2
235 4748 2
235 4801 2
235 5497 2
235 5547 2
235 6042 2
235 6671 2
235 262 2
235 525 2
235 877 2
235 1639 2
235 1706 2
235 2082 2
235 2248 2
235 4384 2
236 552 2
236 5551 2
236 301 2
236 2363 2
236 5134 2
236 5410 2
236 6531 2
236 6799 2
237 287 2
237 374 2
237 403 2
237 717 2
237 841 2
237 2176 2
237 3128 2
237 3881 2
237 3882 2
237 3949 2
237 4398 2
237 4527 2
237 5072 2
237 6214 2
237 709 2
237 2741 2
237 2994 2
237 3187 2
238 334 2
238 417 2
238 530 2
238 621 2
238 718 2
238 1393 2
238 1972 2
238 2250 2
238 2255 2
238 2419 2
238 2446 2
238 2853 2
238 3721 2
238 4324 2
238 4629 2
238 4847 2
238 4953 2
238 6004 2
238 6083 2
238 6882 2
238 377 2
238 1215 2
238 1935 2
238 5385 2
238 5631 2
238 6033 2
238 6558 2
239 1173 2
239 4933 2
239 493 2
239 567 2
239 591 2
239 872 2
239 895 2
239 1133 2
239 1147 2
239 6990 2
239 1632 2
239 1651 2
239 1682 2
239 1868 2
239 2487 2
239 2559 2
239 2716 2
239 3055 2
239 3139 2
239 3482 2
239 5491 2
239 6815 2
240 295 2
240 423 2
240 829 2
240 840 2
240 1071 2
240 1142 2
240 1147 2
240 1339 2
240 1352 2
240 2444 2
240 2469 2
240 2653 2
240 3354 2
240 3656 2
240 3747 2
240 4630 2
240 5017 2
240 5019 2
240 5695 2
240 5893 2
240 247 2
240 648 2
240 650 2
240 838 2
240 962 2
240 1060 2
240 1461 2
240 1523 2
240 2171 2
240 3933 2
240 4097 2
240 4340 2
240 5673 2
240 6303 2
240 6412 2
241 351 2
241 900 2
241 1873 2
241 2535 2
241 2547 2
241 4217 2
241 4465 2
241 5294 2
241 1867 2
241 2251 2
241 4769 2
241 5244 2
242 1780 2
242 1803 2
242 3867 2
242 3999 2
242 5440 2
242 5558 2
242 5843 2
242 6107 2
242 251 2
242 298 2
242 306 2
242 480 2
242 605 2
242 610 2
242 633 2
242 794 2
242 1095 2
242 1109 2
242 6991 2
242 1733 2
242 1783 2
242 1929 2
242 2031 2
242 2076 2
242 2096 2
242 2264 2
242 2326 2
242 2585 2
242 2592 2
242 2719 2
242 2821 2
242 3012 2
242 3343 2
242 3347 2
242 3404 2
242 3853 2
242 4847 2
242 4941 2
242 5032 2
242 5194 2
242 5387 2
242 5403 2
242 5408 2
242 5842 2
242 5940 2
242 6056 2
242 6325 2
242 6647 2
243 258 2
243 381 2
243 448 2
243 769 2
243 981 2
243 2634 2
243 2902 2
243 2996 2
243 3127 2
243 3557 2
243 3677 2
243 3756 2
243 4384 2
243 6938 2
243 5889 2
243 5997 2
243 6543 2
243 6641 2
243 6904 2
243 444 2
243 620 2
243 628 2
243 635 2
243 1178 2
243 1813 2
243 1816 2
243 2244 2
243 2523 2
243 3091 2
243 3195 2
243 3235 2
243 3567 2
243 4131 2
243 4865 2
243 4990 2
243 5212 2
243 5511 2
243 5719 2
243 6910 2
244 265 2
244 266 2
244 406 2
244 711 2
244 954 2
244 1020 2
244 1346 2
244 1452 2
244 2272 2
244 2686 2
244 3832 2
244 4073 2
244 4215 2
244 5040 2
244 5324 2
244 5553 2
244 5660 2
244 5890 2
244 6598 2
244 3190 2
244 4784 2
244 6649 2
245 601 2
245 710 2
245 1578 2
245 1835 2
245 2696 2
245 2824 2
245 3192 2
245 4967 2
245 5151 2
245 5313 2
245 5724 2
245 5732 2
245 6433 2
245 6549 2
245 6628 2
245 6734 2
245 393 2
245 405 2
245 440 2
245 497 2
245 694 2
245 707 2
245 717 2
245 1168 2
245 1283 2
245 1403 2
245 1408 2
245 1417 2
245 1665 2
245 1954 2
245 1995 2
245 2008 2
245 2054 2
245 3690 2
245 3725 2
245 3781 2
245 4140 2
245 4662 2
245 5394 2
245 6357 2
246 270 2
246 571 2
246 592 2
246 743 2
246 1084 2
246 1334 2
246 1516 2
246 1550 2
246 1864 2
246 2359 2
246 2368 2
246 2877 2
246 3547 2
246 4102 2
246 4905 2
246 5188 2
246 5856 2
246 287 2
246 303 2
246 426 2
246 435 2
246 758 2
246 785 2
246 825 2
246 944 2
246 1630 2
246 2032 2
246 2558 2
246 2977 2
246 3336 2
246 3486 2
246 3827 2
246 4301 2
246 4506 2
246 4900 2
246 4919 2
246 5087 2
246 5274 2
246 5544 2
246 5737 2
246 5777 2
246 6629 2
247 350 2
247 804 2
247 895 2
247 1323 2
247 3471 2
247 4257 2
247 4486 2
247 4666 2
247 4973 2
247 5060 2
247 5283 2
247 6056 2
247 650 2
247 1060 2
247 1322 2
247 1374 2
247 1461 2
247 1467 2
247 2289 2
247 2400 2
247 2430 2
247 2471 2
247 2996 2
247 3882 2
247 4329 2
247 4624 2
247 5323 2
247 5560 2
247 6218 2
247 6796 2
248 850 2
248 3140 2
248 6942 2
248 274 2
248 295 2
248 323 2
248 329 2
248 589 2
248 649 2
248 912 2
248 1021 2
248 1064 2
248 1212 2
248 1272 2
248 1361 2
248 1482 2
248 1827 2
248 2292 2
248 2313 2
248 3206 2
248 3243 2
248 3900 2
248 3969 2
248 4056 2
248 4452 2
248 4499 2
248 4909 2
248 5269 2
248 6301 2
248 6369 2
249 415 2
249 446 2
249 631 2
249 782 2
249 833 2
249 1127 2
249 1482 2
249 1746 2
249 1760 2
249 2734 2
249 2806 2
249 2835 2
249 3209 2
249 3322 2
249 3420 2
249 4411 2
249 4420 2
249 4767 2
249 5236 2
249 6097 2
249 6168 2
249 6812 2
249 536 2
249 1072 2
249 1273 2
249 6436 2
250 779 2
250 828 2
250 1027 2
250 1230 2
250 1371 2
250 1408 2
250 2029 2
250 4385 2
250 4735 2
250 294 2
250 451 2
250 1378 2
250 3270 2
250 4800 2
251 382 2
251 549 2
251 650 2
251 742 2
251 1573 2
251 1594 2
251 1683 2
251 2375 2
251 2580 2
251 3146 2
251 458 2
251 480 2
251 605 2
251 794 2
251 979 2
251 1772 2
251 1970 2
251 2031 2
251 2817 2
251 3249 2
251 3277 2
251 3453 2
251 3731 2
251 5024 2
251 5196 2
251 5408 2
251 6076 2
251 6151 2
251 6647 2
251 6822 2
252 302 2
252 875 2
252 1430 2
252 2667 2
252 472 2
252 523 2
252 609 2
252 705 2
252 790 2
252 1125 2
252 1341 2
252 1346 2
252 2091 2
252 3737 2
252 3814 2
252 4612 2
253 299 2
253 373 2
253 519 2
253 733 2
253 953 2
253 990 2
253 1052 2
253 1055 2
253 1212 2
253 1994 2
253 2094 2
253 3888 2
253 5069 2
253 5638 2
253 6593 2
253 2402 2
253 3344 2
253 3863 2
253 4362 2
253 6827 2
254 511 2
254 590 2
254 1234 2
254 1274 2
254 1444 2
254 3463 2
254 3834 2
254 4695 2
254 5099 2
254 5115 2
254 5501 2
254 5816 2
254 5914 2
254 6100 2
254 6759 2
254 573 2
254 621 2
254 1126 2
254 1167 2
254 1174 2
254 2457 2
254 2473 2
254 2638 2
254 3420 2
254 4026 2
254 4206 2
254 4274 2
254 6223 2
254 6359 2
255 357 2
255 391 2
255 666 2
255 706 2
255 854 2
255 880 2
255 1272 2
255 1817 2
255 2146 2
255 2437 2
255 2690 2
255 2914 2
255 3393 2
255 3608 2
255 3711 2
255 4021 2
255 4191 2
255 5460 2
255 5480 2
255 5577 2
255 5903 2
255 6030 2
255 6171 2
255 6798 2
255 299 2
255 358 2
255 402 2
255 626 2
255 864 2
255 1475 2
255 1755 2
255 1810 2
255 1831 2
255 1990 2
255 2885 2
255 2973 2
255 3037 2
255 3324 2
255 3372 2
255 3456 2
255 3551 2
255 3818 2
255 4968 2
255 5095 2
255 5864 2
255 6250 2
256 290 2
256 1033 2
256 5401 2
256 5766 2
256 484 2
256 802 2
256 969 2
256 1002 2
256 1016 2
256 1456 2
256 1540 2
256 1712 2
256 1811 2
256 1965 2
256 3143 2
256 3494 2
256 3611 2
256 3637 2
256 4383 2
256 4983 2
256 5078 2
256 5578 2
256 5667 2
256 5850 2
256 6329 2
256 6371 2
256 6735 2
257 285 2
257 413 2
257 762 2
257 5367 2
257 6876 2
257 982 2
257 1089 2
257 1939 2
257 4845 2
257 4872 2
257 6035 2
258 318 2
258 381 2
258 398 2
258 513 2
258 623 2
258 692 2
258 769 2
258 932 2
258 950 2
258 1197 2
258 1221 2
258 1470 2
258 1857 2
258 1999 2
258 2220 2
258 2325 2
258 2607 2
258 2902 2
258 3117 2
258 3172 2
258 3795 2
258 4240 2
258 4278 2
258 4318 2
258 5106 2
258 5174 2
258 5288 2
258 5749 2
258 5783 2
258 6193 2
258 6216 2
258 309 2
258 310 2
258 557 2
258 668 2
258 1685 2
258 2072 2
258 2466 2
258 2846 2
258 3706 2
258 5046 2
258 5375 2
258 6410 2
259 536 2
259 561 2
259 598 2
259 757 2
259 783 2
259 899 2
259 943 2
259 1315 2
259 1458 2
259 1649 2
259 1711 2
259 2308 2
259 2482 2
259 2871 2
259 3204 2
259 3365 2
259 3412 2
259 3470 2
259 3545 2
259 3941 2
259 4193 2
259 4337 2
259 4516 2
259 5991 2
259 325 2
259 355 2
259 727 2
259 781 2
259 863 2
259 1085 2
259 1591 2
259 1644 2
259 1801 2
259 3015 2
259 3540 2
259 5319 2
259 6425 2
259 6846 2
260 289 2
260 869 2
260 2191 2
260 3028 2
260 5894 2
260 6110 2
260 769 2
260 819 2
260 829 2
260 1148 2
260 1777 2
260 1787 2
260 2268 2
260 4594 2
261 352 2
261 430 2
261 462 2
261 531 2
261 554 2
261 603 2
261 788 2
261 802 2
261 839 2
261 924 2
261 1008 2
261 1091 2
261 1115 2
261 1728 2
261 2294 2
261 2304 2
261 2491 2
261 2856 2
261 3116 2
261 3243 2
261 3253 2
261 4154 2
261 4214 2
261 4529 2
261 4780 2
261 5018 2
261 5277 2
261 5511 2
261 5911 2
261 5972 2
261 6307 2
261 6480 2
261 878 2
261 3309 2
261 3429 2
261 3709 2
261 6024 2
262 420 2
262 524 2
262 1811 2
262 2253 2
262 2940 2
262 3277 2
262 5101 2
262 5390 2
262 5420 2
262 5509 2
262 6449 2
262 492 2
262 502 2
262 525 2
262 877 2
262 1706 2
262 2082 2
262 2248 2
262 3034 2
262 4021 2
262 4384 2
262 4547 2
262 4920 2
262 6504 2
262 6523 2
262 6909 2
263 497 2
263 589 2
263 668 2
263 835 2
263 934 2
263 1010 2
263 1038 2
263 1590 2
263 2030 2
263 2066 2
263 2108 2
263 2399 2
263 2598 2
263 2674 2
263 2890 2
263 3023 2
263 3108 2
263 3335 2
263 4138 2
263 4377 2
263 4487 2
263 4823 2
263 5267 2
263 455 2
263 532 2
263 2210 2
263 2612 2
263 2687 2
263 3213 2
263 3447 2
263 4349 2
263 5067 2
263 5557 2
263 5765 2
263 5876 2
263 6541 2
264 440 2
264 596 2
264 1164 2
264 2295 2
264 3142 2
264 3835 2
264 684 2
264 821 2
264 1120 2
264 4277 2
264 4464 2
264 4521 2
264 5091 2
264 5728 2
264 6404 2
265 397 2
265 419 2
265 1546 2
265 5660 2
265 512 2
265 624 2
265 1015 2
265 1318 2
265 1382 2
265 1670 2
265 2175 2
265 2598 2
265 3831 2
265 5446 2
265 5622 2
265 5914 2
266 1452 2
266 1650 2
266 2272 2
266 4765 2
266 5995 2
266 473 2
266 1781 2
267 2298 2
267 3772 2
267 5196 2
267 6293 2
267 320 2
267 437 2
267 590 2
267 638 2
267 2015 2
267 3618 2
267 3745 2
267 5810 2
267 6508 2
268 378 2
268 505 2
268 635 2
268 1199 2
268 2517 2
268 2681 2
268 3762 2
268 5476 2
268 5864 2
268 6095 2
268 6437 2
268 280 2
268 615 2
268 984 2
268 1183 2
268 1449 2
268 1932 2
268 2837 2
268 5412 2
268 5564 2
268 5958 2
269 435 2
269 625 2
269 1159 2
269 1589 2
269 1702 2
269 1822 2
269 2132 2
269 2554 2
269 2770 2
269 2857 2
269 3035 2
269 3197 2
269 3389 2
269 3394 2
269 3871 2
269 4867 2
269 4873 2
269 5329 2
269 5469 2
269 6313 2
269 1774 2
269 2853 2
270 309 2
270 571 2
270 592 2
270 1084 2
270 1516 2
270 1550 2
270 1800 2
270 1864 2
270 1993 2
270 2359 2
270 2829 2
270 4171 2
270 5188 2
270 6212 2
270 6791 2
270 1237 2
270 1334 2
270 3452 2
270 5866 2
271 368 2
271 421 2
271 452 2
271 484 2
271 495 2
271 523 2
271 597 2
271 657 2
271 665 2
271 831 2
271 832 2
271 908 2
271 918 2
271 1098 2
271 1190 2
271 1253 2
271 1354 2
271 1551 2
271 1657 2
271 1765 2
271 1777 2
271 1858 2
271 1996 2
271 2096 2
271 2188 2
271 2781 2
271 2941 2
271 3087 2
271 3188 2
271 3242 2
271 3649 2
271 4038 2
271 4265 2
271 4404 2
271 4532 2
271 4647 2
271 4927 2
271 4962 2
271 5110 2
271 5320 2
271 5333 2
271 5507 2
271 5844 2
271 5984 2
271 6021 2
271 6068 2
271 6103 2
271 6826 2
271 413 2
271 540 2
271 995 2
271 1163 2
271 1667 2
271 1746 2
271 3349 2
271 5068 2
271 6892 2
272 331 2
272 1361 2
272 2082 2
272 2134 2
272 4368 2
272 4484 2
272 279 2
272 423 2
272 453 2
272 546 2
272 582 2
272 890 2
272 976 2
272 1017 2
272 1172 2
272 1391 2
272 1664 2
272 1919 2
272 2549 2
272 3029 2
272 3099 2
272 3726 2
272 3925 2
272 4518 2
272 4801 2
272 5199 2
272 5569 2
272 6675 2
272 6793 2
273 713 2
273 1263 2
273 1677 2
273 1855 2
273 2573 2
273 2726 2
273 4675 2
273 5898 2
273 6154 2
273 6205 2
273 385 2
273 549 2
273 1563 2
273 1920 2
273 3712 2
273 4561 2
273 4584 2
273 6265 2
274 405 2
274 611 2
274 726 2
274 1192 2
274 4018 2
274 4294 2
274 5355 2
274 6104 2
274 6386 2
274 295 2
274 323 2
274 386 2
274 1217 2
274 1416 2
274 1482 2
274 2586 2
274 3900 2
275 433 2
275 989 2
275 1303 2
275 1833 2
275 2362 2
275 3189 2
275 4379 2
275 4626 2
275 4663 2
275 4814 2
275 5252 2
275 5628 2
275 5691 2
275 5755 2
275 5831 2
275 483 2
275 2816 2
276 308 2
276 475 2
276 750 2
276 784 2
276 785 2
276 873 2
276 1022 2
276 1081 2
276 1158 2
276 1172 2
276 1255 2
276 1298 2
276 1417 2
276 1481 2
276 1535 2
276 1703 2
276 1705 2
276 2051 2
276 2060 2
276 2106 2
276 2178 2
276 2358 2
276 2533 2
276 2947 2
276 3060 2
276 3084 2
276 3173 2
276 3391 2
276 3870 2
276 3900 2
276 4095 2
276 4355 2
276 4680 2
276 5422 2
276 5707 2
276 6296 2
276 6583 2
276 353 2
276 433 2
276 623 2
276 690 2
276 1209 2
276 1383 2
276 1773 2
276 1958 2
276 2575 2
276 2605 2
276 3138 2
276 3614 2
276 4522 2
276 5390 2
276 5676 2
277 297 2
277 344 2
277 557 2
277 661 2
277 683 2
277 2614 2
277 2664 2
277 2677 2
277 3925 2
277 4856 2
277 5034 2
277 6201 2
277 6567 2
277 339 2
277 419 2
277 431 2
277 923 2
277 1033 2
277 1349 2
277 2112 2
277 2763 2
277 3634 2
277 4501 2
277 5422 2
277 5821 2
277 6074 2
277 6550 2
278 872 2
278 877 2
278 942 2
278 1210 2
278 1320 2
278 1391 2
278 1494 2
278 1630 2
278 1670 2
278 1980 2
278 2002 2
278 3118 2
278 4370 2
278 4450 2
278 4985 2
278 5170 2
278 5563 2
278 5975 2
278 1231 2
278 2057 2
278 4354 2
279 615 2
279 715 2
279 764 2
279 1118 2
279 1189 2
279 1243 2
279 1968 2
279 2177 2
279 2602 2
279 3079 2
279 3390 2
279 3563 2
279 4012 2
279 4195 2
279 4301 2
279 4433 2
279 5195 2
279 5248 2
279 5913 2
279 6234 2
279 6417 2
279 6434 2
279 453 2
279 582 2
279 652 2
279 658 2
279 721 2
279 1542 2
279 1919 2
279 2255 2
279 2307 2
279 2484 2
279 2780 2
279 3042 2
279 3063 2
279 3417 2
279 4580 2
279 4629 2
279 4636 2
279 5082 2
279 5339 2
279 5650 2
279 5789 2
279 6691 2
280 1066 2
280 1892 2
280 5464 2
280 615 2
280 1183 2
280 1932 2
280 2837 2
280 3147 2
280 3174 2
280 3311 2
280 5255 2
280 5958 2
280 6610 2
281 438 2
281 451 2
281 514 2
281 579 2
281 725 2
281 1129 2
281 1150 2
281 1693 2
281 2080 2
281 2192 2
281 2349 2
281 2483 2
281 2551 2
281 2919 2
281 3061 2
281 3088 2
281 4833 2
281 5010 2
281 5098 2
281 5124 2
281 5290 2
281 6231 2
281 662 2
281 1044 2
281 1171 2
281 1380 2
281 1971 2
281 2547 2
281 2692 2
281 3356 2
281 3937 2
281 5202 2
282 608 2
282 636 2
282 649 2
282 1314 2
282 1587 2
282 1905 2
282 2744 2
282 3171 2
282 3187 2
282 3843 2
282 4534 2
282 4544 2
282 5808 2
282 6867 2
282 806 2
282 1279 2
282 2201 2
282 2478 2
282 2502 2
282 3622 2
282 6938 2
282 6593 2
282 6907 2
283 1228 2
283 3176 2
283 4859 2
283 368 2
283 439 2
283 911 2
283 1063 2
283 1308 2
283 1930 2
283 3411 2
283 3612 2
283 3651 2
283 4404 2
283 6698 2
284 367 2
284 1093 2
284 1756 2
284 2323 2
284 3433 2
284 3850 2
284 4422 2
284 4802 2
284 5676 2
284 669 2
284 867 2
284 904 2
284 914 2
284 1476 2
284 1807 2
284 1857 2
284 2075 2
284 2146 2
284 2151 2
284 2573 2
284 2693 2
284 3109 2
284 3170 2
284 3568 2
284 3812 2
284 6754 2
285 4525 2
285 1187 2
285 2410 2
285 2534 2
285 3439 2
285 4336 2
285 5152 2
285 5803 2
285 5909 2
286 330 2
286 2802 2
286 3179 2
286 3659 2
286 3771 2
286 3910 2
286 4084 2
286 5826 2
286 5842 2
286 313 2
286 376 2
286 1027 2
286 1039 2
286 1386 2
286 1528 2
286 1559 2
286 1676 2
286 2033 2
286 2274 2
286 2569 2
286 3104 2
286 5053 2
286 5131 2
286 5442 2
286 5665 2
287 717 2
287 903 2
287 2280 2
287 2626 2
287 2867 2
287 3194 2
287 3882 2
287 5337 2
287 6175 2
287 303 2
287 426 2
287 457 2
287 535 2
287 594 2
287 825 2
287 1535 2
287 1577 2
287 1946 2
287 2320 2
287 2677 2
287 2798 2
287 2981 2
287 3444 2
287 3445 2
287 3509 2
287 4301 2
287 4590 2
287 5409 2
287 5737 2
287 5900 2
287 6834 2
288 307 2
288 414 2
288 429 2
288 461 2
288 1351 2
288 1808 2
288 2105 2
288 2265 2
288 2655 2
288 2760 2
288 3921 2
288 4164 2
288 4601 2
288 5032 2
288 5314 2
288 5798 2
288 6716 2
288 363 2
288 747 2
288 800 2
288 961 2
288 1012 2
288 1312 2
288 1435 2
288 1448 2
288 1507 2
288 1517 2
288 1533 2
288 1624 2
288 1660 2
288 1678 2
288 1997 2
288 2311 2
288 2788 2
288 3363 2
288 3824 2
288 4358 2
288 4483 2
288 4893 2
288 5431 2
288 5451 2
288 5887 2
289 526 2
289 609 2
289 869 2
289 2191 2
289 2620 2
289 3552 2
289 4234 2
289 4332 2
289 381 2
289 461 2
289 574 2
289 763 2
289 2892 2
289 4821 2
289 5644 2
290 450 2
290 902 2
290 997 2
290 1381 2
290 1406 2
290 5401 2
290 5874 2
290 738 2
290 3317 2
290 3857 2
290 4073 2
290 5089 2
290 6101 2
290 6293 2
290 6723 2
291 547 2
291 810 2
291 813 2
291 2409 2
291 2601 2
291 3493 2
291 5598 2
291 401 2
291 990 2
291 1276 2
291 1679 2
291 3057 2
291 5104 2
292 738 2
292 794 2
292 1295 2
292 3221 2
292 3614 2
292 6457 2
292 316 2
292 370 2
292 678 2
292 1127 2
292 1402 2
292 2002 2
292 3922 2
292 4025 2
292 4812 2
292 6632 2
293 559 2
293 3086 2
293 3630 2
293 6374 2
293 335 2
293 583 2
293 1557 2
293 1722 2
293 2614 2
293 2881 2
293 3233 2
293 4377 2
293 5239 2
293 5468 2
294 372 2
294 588 2
294 825 2
294 830 2
294 939 2
294 1163 2
294 1297 2
294 1603 2
294 2462 2
294 2849 2
294 3123 2
294 3269 2
294 4473 2
294 4541 2
294 4975 2
294 5833 2
294 5860 2
294 6008 2
294 6020 2
294 6118 2
294 6438 2
294 451 2
294 925 2
294 3270 2
294 3944 2
295 5494 2
295 323 2
295 329 2
295 603 2
295 912 2
295 1400 2
295 1416 2
295 2169 2
295 2280 2
295 2396 2
295 2586 2
295 3206 2
295 4499 2
295 5269 2
295 5326 2
295 6044 2
295 6749 2
296 304 2
296 408 2
296 1359 2
296 1463 2
296 1554 2
296 1917 2
296 2718 2
296 2826 2
296 2920 2
296 3560 2
296 3939 2
296 5147 2
296 5886 2
296 6838 2
296 407 2
296 708 2
296 1281 2
296 1731 2
296 2273 2
296 2366 2
296 2377 2
296 4013 2
296 4473 2
296 5844 2
296 6736 2
297 356 2
297 581 2
297 661 2
297 683 2
297 1044 2
297 1814 2
297 1832 2
297 1953 2
297 2136 2
297 2366 2
297 2664 2
297 3316 2
297 3925 2
297 5116 2
297 5788 2
297 6625 2
297 6877 2
297 387 2
297 2202 2
297 2764 2
297 5249 2
298 488 2
298 576 2
298 1028 2
298 1468 2
298 1620 2
298 1673 2
298 2118 2
298 2405 2
298 2468 2
298 2790 2
298 3376 2
298 3416 2
298 3537 2
298 5596 2
298 6552 2
298 6560 2
298 6839 2
298 306 2
298 447 2
298 494 2
298 610 2
298 692 2
298 783 2
298 871 2
298 1095 2
298 1119 2
298 1146 2
298 1783 2
298 1840 2
298 2326 2
298 2553 2
298 3255 2
298 3469 2
298 3566 2
298 3671 2
298 3992 2
298 4288 2
298 4772 2
298 5007 2
298 5503 2
298 5591 2
298 5709 2
298 5998 2
298 6494 2
298 6619 2
298 6849 2
299 519 2
299 733 2
299 845 2
299 1024 2
299 1134 2
299 1563 2
299 1848 2
299 2094 2
299 2608 2
299 2651 2
299 2990 2
299 3813 2
299 3856 2
299 3903 2
299 4256 2
299 4307 2
299 4390 2
299 5673 2
299 5704 2
299 5706 2
299 6640 2
299 6727 2
299 6827 2
299 358 2
299 545 2
299 718 2
299 1339 2
299 1702 2
299 2885 2
299 2973 2
299 4809 2
299 5163 2
299 6113 2
299 6505 2
300 402 2
300 457 2
300 578 2
300 593 2
300 676 2
300 6976 2
300 956 2
300 1262 2
300 1582 2
300 1789 2
300 2088 2
300 2430 2
300 2555 2
300 2642 2
300 2670 2
300 3014 2
300 4543 2
300 5323 2
300 5359 2
300 6099 2
300 6510 2
300 369 2
300 1847 2
300 1860 2
300 2267 2
300 2433 2
300 2671 2
300 2791 2
300 2930 2
300 3120 2
300 3396 2
300 4557 2
300 4901 2
300 5349 2
300 5878 2
301 369 2
301 826 2
301 998 2
301 1029 2
301 1046 2
301 1056 2
301 1651 2
301 1796 2
301 1940 2
301 2315 2
301 2350 2
301 2669 2
301 2721 2
301 3126 2
301 3936 2
301 5453 2
301 6041 2
301 6159 2
301 6578 2
301 334 2
301 1275 2
301 1955 2
301 2363 2
301 2518 2
301 3124 2
301 4093 2
301 5048 2
301 5247 2
301 5310 2
301 6313 2
302 875 2
302 1415 2
302 1959 2
302 2685 2
302 4141 2
302 4391 2
302 4453 2
302 4749 2
302 5037 2
302 6174 2
302 315 2
302 578 2
302 868 2
302 1193 2
302 1522 2
302 2007 2
302 2197 2
302 2318 2
302 3166 2
302 5114 2
302 5147 2
302 5229 2
302 5476 2
302 6063 2
302 6862 2
303 311 2
303 345 2
303 1889 2
303 2564 2
303 3218 2
303 4660 2
303 6332 2
303 457 2
303 561 2
303 785 2
303 825 2
303 1122 2
303 2799 2
303 2890 2
303 2981 2
303 4197 2
303 4590 2
304 343 2
304 679 2
304 6939 2
304 1207 2
304 1463 2
304 1554 2
304 1754 2
304 1900 2
304 2978 2
304 3181 2
304 3733 2
304 5067 2
304 5758 2
304 5946 2
304 6311 2
304 6871 2
304 307 2
304 392 2
304 399 2
304 560 2
304 585 2
304 644 2
304 657 2
304 681 2
304 918 2
304 1014 2
304 1162 2
304 1166 2
304 1344 2
304 2145 2
304 2194 2
304 2485 2
304 2630 2
304 3022 2
304 3410 2
304 3485 2
304 3870 2
304 4043 2
304 4331 2
304 4476 2
304 4830 2
304 4887 2
304 4989 2
304 5124 2
304 5155 2
304 5156 2
304 5582 2
304 5605 2
304 5703 2
304 5816 2
304 5889 2
304 5928 2
305 1097 2
305 1798 2
305 2327 2
305 2643 2
305 3183 2
305 3369 2
305 3590 2
305 3911 2
305 5620 2
305 6290 2
306 634 2
306 2092 2
306 2851 2
306 2860 2
306 4197 2
306 4258 2
306 4395 2
306 4436 2
306 6390 2
306 447 2
306 633 2
306 692 2
306 795 2
306 1095 2
306 1413 2
306 1896 2
306 1929 2
306 2585 2
306 2712 2
306 2719 2
306 2722 2
306 2836 2
306 3156 2
306 3343 2
306 3469 2
306 3992 2
306 4126 2
306 4224 2
306 4564 2
306 4778 2
306 5402 2
306 5709 2
306 5716 2
306 6320 2
306 6922 2
307 431 2
307 1145 2
307 1351 2
307 1485 2
307 1808 2
307 1834 2
307 2105 2
307 3921 2
307 4044 2
307 5158 2
307 5258 2
307 5314 2
307 6023 2
307 6539 2
307 6885 2
307 340 2
307 1106 2
307 2145 2
307 3410 2
307 4391 2
308 750 2
308 784 2
308 1158 2
308 1255 2
308 1417 2
308 1481 2
308 1571 2
308 1779 2
308 1812 2
308 2116 2
308 2340 2
308 2799 2
308 2834 2
308 3041 2
308 3644 2
308 3870 2
308 4122 2
308 4283 2
308 4329 2
308 4688 2
308 5035 2
308 6299 2
308 6401 2
308 6793 2
308 772 2
308 919 2
308 1809 2
308 2968 2
308 4182 2
308 4185 2
309 557 2
309 572 2
309 1287 2
309 1685 2
309 2030 2
309 2466 2
309 2995 2
309 4142 2
309 6903 2
310 412 2
310 516 2
310 564 2
310 1101 2
310 1195 2
310 2373 2
310 2706 2
310 2736 2
310 2764 2
310 3326 2
310 3587 2
310 4009 2
310 4104 2
310 4591 2
310 4947 2
310 5785 2
310 5941 2
310 6322 2
310 2846 2
310 5035 2
310 5046 2
310 6410 2
311 345 2
311 752 2
311 1889 2
311 575 2
311 1074 2
311 1301 2
311 1999 2
311 2297 2
311 3183 2
311 3720 2
311 3864 2
311 4321 2
311 5614 2
311 5682 2
311 6413 2
312 321 2
312 383 2
312 426 2
312 471 2
312 728 2
312 798 2
312 819 2
312 883 2
312 1030 2
312 1045 2
312 1257 2
312 6945 2
312 1676 2
312 1828 2
312 2004 2
312 2042 2
312 2378 2
312 3413 2
312 4052 2
312 4176 2
312 6566 2
312 510 2
312 1000 2
312 1244 2
312 1326 2
312 1605 2
312 1962 2
312 2306 2
312 2522 2
312 2860 2
312 5137 2
312 5517 2
312 6624 2
313 386 2
313 731 2
313 747 2
313 853 2
313 1035 2
313 1652 2
313 1818 2
313 2212 2
313 2917 2
313 3129 2
313 3282 2
313 3475 2
313 3572 2
313 4343 2
313 4553 2
313 376 2
313 1027 2
313 1676 2
314 604 2
314 704 2
314 714 2
314 881 2
314 886 2
314 1005 2
314 1216 2
314 1292 2
314 1387 2
314 1503 2
314 1903 2
314 1978 2
314 2229 2
314 2274 2
314 2389 2
314 2503 2
314 3175 2
314 3331 2
314 3449 2
314 3483 2
314 3565 2
314 3791 2
314 3849 2
314 4028 2
314 4983 2
314 5306 2
314 5351 2
314 5829 2
314 6600 2
314 6683 2
314 6709 2
314 465 2
314 998 2
314 1088 2
314 1252 2
314 1530 2
314 1602 2
314 1672 2
314 1675 2
314 2281 2
314 2493 2
314 2919 2
314 2963 2
314 3122 2
314 3522 2
314 4565 2
314 4646 2
314 4704 2
314 5348 2
314 6372 2
314 6924 2
315 542 2
315 1647 2
315 3945 2
315 5024 2
315 5284 2
315 5582 2
315 6971 2
315 6674 2
315 6773 2
315 695 2
315 868 2
315 992 2
315 2197 2
315 2318 2
315 5012 2
315 5147 2
315 5230 2
316 332 2
316 846 2
316 1658 2
316 1784 2
316 2516 2
316 3650 2
316 3960 2
316 4752 2
316 6119 2
316 6505 2
316 370 2
316 678 2
316 702 2
316 749 2
316 1188 2
316 1541 2
316 2104 2
316 2557 2
316 2917 2
316 3032 2
316 3176 2
316 4950 2
316 5113 2
316 5469 2
316 5532 2
316 6513 2
316 6702 2
317 494 2
317 1213 2
317 2010 2
317 3237 2
317 5827 2
317 6165 2
317 6404 2
317 991 2
317 1815 2
317 3625 2
317 4252 2
318 398 2
318 623 2
318 692 2
318 950 2
318 985 2
318 1043 2
318 1065 2
318 1221 2
318 1442 2
318 1464 2
318 1863 2
318 1999 2
318 2086 2
318 2100 2
318 2282 2
318 2379 2
318 2751 2
318 3117 2
318 3419 2
318 4007 2
318 4022 2
318 4248 2
318 4665 2
318 4786 2
318 4830 2
318 5199 2
318 5363 2
318 5504 2
318 5921 2
318 6215 2
318 6677 2
318 469 2
318 2000 2
318 2079 2
318 3498 2
319 340 2
319 1429 2
319 1607 2
319 2858 2
319 3334 2
319 6993 2
319 4747 2
319 5025 2
319 5346 2
319 5452 2
319 6656 2
319 6841 2
319 397 2
319 759 2
319 824 2
319 1025 2
319 1045 2
319 1132 2
319 1262 2
319 1464 2
319 1583 2
319 1652 2
319 1923 2
319 1975 2
319 2747 2
319 3216 2
319 4648 2
319 5005 2
319 6166 2
320 432 2
320 1116 2
320 1576 2
320 2682 2
320 5950 2
320 437 2
320 5542 2
321 383 2
321 426 2
321 532 2
321 684 2
321 700 2
321 949 2
321 1030 2
321 1045 2
321 1070 2
321 1537 2
321 1719 2
321 1997 2
321 2170 2
321 2378 2
321 3164 2
321 4052 2
321 4239 2
321 4373 2
321 5027 2
321 5214 2
321 5905 2
321 6125 2
321 6454 2
321 565 2
321 884 2
321 1023 2
321 1169 2
321 2085 2
321 2571 2
321 2865 2
321 3419 2
321 4160 2
321 4231 2
321 4740 2
321 5589 2
322 387 2
322 720 2
322 756 2
322 848 2
322 935 2
322 1109 2
322 1419 2
322 1621 2
322 1850 2
322 2984 2
322 3089 2
322 3284 2
322 4397 2
322 5118 2
322 5840 2
322 6986 2
322 6351 2
322 883 2
322 985 2
322 1409 2
322 2247 2
322 3241 2
322 3663 2
322 4308 2
322 4954 2
323 528 2
323 1555 2
323 1596 2
323 3887 2
323 5608 2
323 2586 2
323 3579 2
323 4499 2
324 681 2
324 1507 2
324 3362 2
324 4364 2
324 6612 2
324 598 2
324 2486 2
324 2918 2
324 4504 2
325 612 2
325 639 2
325 737 2
325 905 2
325 2209 2
325 6694 2
325 355 2
325 697 2
325 727 2
325 781 2
325 913 2
325 1085 2
325 1164 2
325 1591 2
325 1801 2
325 1842 2
325 1982 2
325 2218 2
325 2239 2
325 2285 2
325 3869 2
325 4647 2
325 5181 2
325 5183 2
325 5397 2
325 6046 2
325 6085 2
325 6477 2
326 1672 2
326 5011 2
326 6565 2
326 646 2
326 660 2
326 1024 2
326 1141 2
326 1397 2
326 1421 2
326 2038 2
326 2761 2
326 4604 2
326 5955 2
327 563 2
327 876 2
327 1224 2
327 1629 2
327 1816 2
327 1991 2
327 5617 2
327 5689 2
327 5737 2
327 6112 2
327 6179 2
327 1091 2
327 1336 2
327 1643 2
327 1657 2
327 1721 2
327 2942 2
327 2990 2
327 3013 2
327 3025 2
327 3678 2
327 3695 2
327 6975 2
327 4423 2
327 4823 2
327 5536 2
327 5977 2
327 5985 2
327 6004 2
327 6028 2
327 6456 2
327 6828 2
328 453 2
328 862 2
328 1131 2
328 1241 2
328 2343 2
328 2565 2
328 2843 2
328 3415 2
328 5388 2
328 6814 2
328 415 2
328 645 2
328 688 2
328 764 2
328 958 2
328 964 2
328 1259 2
328 1486 2
328 1645 2
328 1747 2
328 1771 2
328 1881 2
328 2027 2
328 2580 2
328 2832 2
328 3003 2
328 3126 2
328 3416 2
328 3470 2
328 3875 2
328 4449 2
328 4513 2
328 5036 2
328 6466 2
328 6838 2
329 336 2
329 558 2
329 562 2
329 678 2
329 1114 2
329 1335 2
329 1456 2
329 1624 2
329 1680 2
329 1896 2
329 1992 2
329 2969 2
329 3055 2
329 589 2
329 603 2
329 912 2
329 924 2
329 1400 2
329 1663 2
329 2313 2
329 2396 2
329 2886 2
329 5975 2
329 6106 2
329 6678 2
330 496 2
330 1226 2
330 6233 2
330 547 2
330 671 2
330 1065 2
330 1192 2
330 1310 2
330 2009 2
330 2388 2
330 4187 2
330 4615 2
330 5294 2
330 5365 2
330 5395 2
330 5685 2
330 5762 2
330 6157 2
331 1361 2
331 6262 2
331 395 2
331 527 2
331 811 2
331 879 2
331 1061 2
331 1428 2
331 2650 2
331 3121 2
331 3142 2
331 4293 2
331 4542 2
331 4973 2
331 5449 2
331 6042 2
331 6176 2
331 6438 2
332 817 2
332 846 2
332 2516 2
332 3960 2
332 6505 2
332 345 2
332 1104 2
332 1137 2
332 1494 2
332 2052 2
332 3008 2
332 3358 2
332 3381 2
332 3502 2
332 3596 2
332 3750 2
332 3948 2
332 4203 2
332 4558 2
332 5335 2
332 5613 2
332 5616 2
333 622 2
333 4014 2
333 5178 2
333 529 2
333 1329 2
333 1708 2
333 2225 2
333 2336 2
333 2682 2
333 2959 2
333 3703 2
333 4484 2
333 4498 2
333 4655 2
333 5942 2
333 6021 2
333 6532 2
333 6577 2
333 6779 2
334 530 2
334 772 2
334 806 2
334 982 2
334 1170 2
334 1548 2
334 1731 2
334 1764 2
334 2369 2
334 2433 2
334 3355 2
334 3902 2
334 4081 2
334 4221 2
334 4421 2
334 4574 2
334 6295 2
334 6388 2
334 6428 2
334 6740 2
334 6835 2
334 6923 2
334 1955 2
334 3124 2
334 3683 2
334 4120 2
334 4760 2
335 1214 2
335 6334 2
335 356 2
335 2881 2
335 4377 2
335 5320 2
335 5357 2
335 5468 2
336 558 2
336 632 2
336 763 2
336 768 2
336 780 2
336 1001 2
336 1353 2
336 1627 2
336 1935 2
336 1987 2
336 2210 2
336 3611 2
336 446 2
336 448 2
336 538 2
336 2663 2
336 2783 2
336 2950 2
336 3380 2
336 6182 2
337 478 2
337 485 2
337 533 2
337 553 2
337 723 2
337 915 2
337 1602 2
337 1755 2
337 2257 2
337 2883 2
337 3764 2
337 4438 2
337 5204 2
337 5846 2
337 6235 2
337 1221 2
337 1278 2
337 1613 2
337 2006 2
337 2648 2
337 3179 2
337 3204 2
337 3431 2
337 3910 2
337 4118 2
337 4312 2
337 4427 2
337 4938 2
337 4987 2
337 6342 2
337 6877 2
337 6897 2
338 437 2
338 693 2
338 1146 2
338 2081 2
338 2382 2
338 2807 2
338 3149 2
338 5627 2
338 5663 2
338 6278 2
338 876 2
338 1531 2
338 1992 2
338 2186 2
338 2208 2
338 2904 2
338 4429 2
338 4450 2
338 5992 2
339 1023 2
339 1244 2
339 1505 2
339 1558 2
339 1734 2
339 2809 2
339 3037 2
339 5216 2
339 6019 2
339 6079 2
339 6873 2
339 431 2
339 923 2
339 1033 2
339 1105 2
339 1792 2
339 2364 2
339 2763 2
339 3098 2
339 3919 2
339 5419 2
340 1343 2
340 1429 2
340 4747 2
340 6993 2
340 544 2
340 1106 2
340 6620 2
341 1003 2
341 1523 2
341 2196 2
341 2794 2
341 2935 2
341 5227 2
341 680 2
341 2460 2
341 2529 2
341 3161 2
341 3602 2
341 5328 2
341 5583 2
342 483 2
342 582 2
342 686 2
342 701 2
342 1675 2
342 1856 2
342 1908 2
342 2039 2
342 2701 2
342 3069 2
342 3278 2
342 3402 2
342 3698 2
342 4730 2
342 5409 2
342 5764 2
342 6199 2
342 6678 2
342 676 2
342 2340 2
342 3837 2
342 4016 2
342 4852 2
342 6079 2
343 679 2
343 2978 2
343 3181 2
343 5067 2
343 1358 2
343 2435 2
343 4824 2
343 6390 2
344 3476 2
344 4338 2
344 6201 2
344 600 2
344 1047 2
344 1441 2
344 2036 2
344 2073 2
344 2113 2
344 2807 2
344 3471 2
344 4196 2
344 4297 2
344 5785 2
344 6733 2
345 752 2
345 963 2
345 6444 2
345 6601 2
345 373 2
345 563 2
345 1104 2
345 1778 2
345 1830 2
345 2052 2
345 2535 2
345 2706 2
345 3008 2
345 3064 2
345 3079 2
345 3130 2
345 3948 2
345 4203 2
345 4241 2
345 4338 2
345 4736 2
345 5778 2
345 5856 2
345 6095 2
345 6386 2
345 6650 2
346 560 2
346 669 2
346 1132 2
346 1208 2
346 1347 2
346 1542 2
346 1553 2
346 1726 2
346 1810 2
346 2045 2
346 2749 2
346 3651 2
346 3749 2
346 4315 2
346 5261 2
346 5693 2
346 5770 2
346 6031 2
346 6349 2
346 6669 2
346 841 2
346 843 2
346 844 2
346 1189 2
346 1200 2
346 1240 2
346 1388 2
346 1431 2
346 2044 2
346 2074 2
346 2095 2
346 2371 2
346 2647 2
346 2657 2
346 3553 2
346 6996 2
346 3597 2
346 4070 2
346 4908 2
346 5702 2
346 6498 2
347 1541 2
347 1653 2
347 2952 2
347 3166 2
347 3891 2
347 4495 2
347 900 2
347 1101 2
347 1214 2
347 1366 2
347 3782 2
347 5804 2
347 6803 2
348 2103 2
348 466 2
348 559 2
348 796 2
348 1112 2
348 1145 2
348 1570 2
348 4403 2
348 4922 2
348 5760 2
348 5949 2
348 6029 2
348 6086 2
349 486 2
349 537 2
349 655 2
349 667 2
349 1229 2
349 4564 2
349 4693 2
349 6255 2
349 380 2
349 478 2
349 1309 2
349 1928 2
349 2034 2
349 2315 2
349 3563 2
349 3723 2
349 4678 2
349 6918 2
350 616 2
350 680 2
350 804 2
350 3469 2
350 3542 2
350 4973 2
350 5352 2
350 6610 2
350 424 2
350 486 2
350 846 2
350 1026 2
350 1182 2
350 1933 2
350 2130 2
350 2221 2
350 2444 2
350 2831 2
350 2982 2
350 3118 2
350 4154 2
350 4237 2
350 4676 2
351 393 2
351 1873 2
351 2535 2
351 2558 2
351 571 2
351 1844 2
351 2500 2
351 3978 2
351 5611 2
352 430 2
352 603 2
352 1121 2
352 2422 2
352 2856 2
352 3637 2
352 5219 2
352 5883 2
352 814 2
352 865 2
352 1123 2
352 1186 2
352 6955 2
352 1357 2
352 1913 2
352 1915 2
352 1966 2
352 2019 2
352 2026 2
352 2176 2
352 2418 2
352 2775 2
352 3103 2
352 3182 2
352 3275 2
352 4212 2
352 4437 2
352 4586 2
352 5172 2
352 5275 2
352 5333 2
352 5668 2
352 5749 2
352 5950 2
352 6037 2
352 6343 2
353 699 2
353 994 2
353 1344 2
353 1426 2
353 1792 2
353 2124 2
353 2129 2
353 2276 2
353 2654 2
353 3998 2
353 4124 2
353 4768 2
353 4891 2
353 5270 2
353 5484 2
353 5702 2
353 6320 2
353 6327 2
353 6376 2
353 6532 2
353 378 2
353 623 2
353 682 2
353 690 2
353 996 2
353 1209 2
353 1455 2
353 1553 2
353 2119 2
353 2219 2
353 2407 2
353 2452 2
353 3259 2
353 3263 2
353 4356 2
353 5390 2
353 6605 2
354 691 2
354 805 2
354 1560 2
354 1888 2
354 2067 2
354 3178 2
354 3182 2
354 3232 2
354 4328 2
354 4536 2
354 4623 2
354 6550 2
354 6757 2
354 459 2
354 986 2
354 1394 2
354 2948 2
354 3173 2
355 827 2
355 1032 2
355 1377 2
355 4174 2
355 4254 2
355 4563 2
355 6962 2
355 5162 2
355 5604 2
355 5888 2
355 6203 2
355 1164 2
355 1591 2
355 1644 2
355 2218 2
355 3540 2
355 4647 2
355 5181 2
355 6477 2
355 6846 2
356 581 2
356 662 2
356 724 2
356 1044 2
356 1953 2
356 2059 2
356 2136 2
356 2300 2
356 2366 2
356 2370 2
356 6931 2
356 2948 2
356 2994 2
356 3316 2
356 3356 2
356 3842 2
356 5211 2
356 5328 2
356 6625 2
356 6828 2
356 5357 2
356 6324 2
357 391 2
357 666 2
357 706 2
357 1272 2
357 1487 2
357 1549 2
357 1593 2
357 1655 2
357 1662 2
357 1817 2
357 1852 2
357 4213 2
357 4477 2
357 4836 2
357 5085 2
357 5382 2
357 5480 2
357 475 2
357 507 2
357 640 2
357 672 2
357 1157 2
357 1229 2
357 1253 2
357 1738 2
357 2018 2
357 2744 2
357 3287 2
357 3841 2
357 4306 2
357 4317 2
357 4593 2
357 5061 2
357 5081 2
357 5767 2
357 6388 2
357 6503 2
357 6599 2
358 401 2
358 436 2
358 652 2
358 695 2
358 933 2
358 1009 2
358 1094 2
358 1096 2
358 1184 2
358 1205 2
358 1414 2
358 1449 2
358 1609 2
358 1618 2
358 2435 2
358 2930 2
358 4428 2
358 4993 2
358 5402 2
358 402 2
358 545 2
358 791 2
358 896 2
358 1216 2
358 1755 2
358 1810 2
358 1990 2
358 2885 2
358 2898 2
358 3017 2
358 3501 2
358 3880 2
358 4387 2
358 4555 2
358 4809 2
358 5163 2
358 5454 2
358 5864 2
358 6113 2
358 6689 2
359 392 2
359 551 2
359 555 2
359 777 2
359 974 2
359 1078 2
359 1137 2
359 1606 2
359 2050 2
359 3206 2
359 3626 2
359 3794 2
359 4032 2
359 4476 2
359 4633 2
359 4960 2
359 360 2
359 949 2
359 957 2
359 1288 2
359 1691 2
359 1753 2
359 1976 2
359 2047 2
359 2257 2
359 3000 2
359 4637 2
359 4902 2
359 5327 2
359 6692 2
360 2260 2
360 4499 2
360 949 2
360 4121 2
361 385 2
361 1906 2
361 2054 2
361 3653 2
361 4512 2
361 5063 2
361 5183 2
361 6725 2
361 6729 2
361 1964 2
361 3330 2
361 4713 2
361 5759 2
362 1681 2
362 1762 2
362 2156 2
362 2289 2
362 4849 2
362 5510 2
362 5694 2
362 5878 2
362 613 2
362 744 2
362 766 2
362 822 2
362 1161 2
362 1370 2
362 1425 2
362 2098 2
362 2249 2
362 2380 2
362 2524 2
362 3062 2
362 3230 2
362 4069 2
362 5501 2
363 882 2
363 2497 2
363 4114 2
363 5127 2
363 5478 2
363 513 2
363 647 2
363 747 2
363 800 2
363 956 2
363 1012 2
363 1312 2
363 1376 2
363 1473 2
363 1973 2
363 1997 2
363 2331 2
363 2581 2
363 2715 2
363 3222 2
363 3954 2
363 4276 2
363 4483 2
363 5381 2
363 5490 2
363 5606 2
363 5966 2
363 6139 2
363 6275 2
363 6574 2
363 6586 2
363 6653 2
363 6824 2
364 729 2
364 1440 2
364 1466 2
364 2475 2
364 2576 2
364 2797 2
364 3445 2
364 4480 2
364 6072 2
364 420 2
364 551 2
364 2961 2
364 3115 2
364 3804 2
364 5901 2
365 648 2
365 654 2
365 996 2
365 1031 2
365 1469 2
365 1969 2
365 2037 2
365 3370 2
365 1340 2
365 2286 2
365 2517 2
365 4012 2
365 4831 2
365 5280 2
365 5472 2
365 6743 2
366 428 2
366 1336 2
366 1854 2
366 2006 2
366 2113 2
366 5191 2
366 5685 2
366 840 2
366 1457 2
366 2042 2
366 2136 2
366 2696 2
366 3442 2
366 4553 2
366 6569 2
367 1093 2
367 1756 2
367 2323 2
367 3544 2
367 3850 2
367 3858 2
367 4674 2
367 5000 2
367 6037 2
368 421 2
368 597 2
368 657 2
368 1628 2
368 1765 2
368 2040 2
368 3188 2
368 3568 2
368 4682 2
368 4865 2
368 1063 2
368 2215 2
368 3110 2
369 660 2
369 998 2
369 1029 2
369 1520 2
369 1530 2
369 1751 2
369 1796 2
369 2155 2
369 2488 2
369 2688 2
369 2711 2
369 3126 2
369 3198 2
369 3936 2
369 1860 2
369 2791 2
369 3120 2
369 5784 2
369 5878 2
370 1130 2
370 1513 2
370 1665 2
370 3273 2
370 3479 2
370 5421 2
370 678 2
370 702 2
370 749 2
370 852 2
370 1402 2
370 2394 2
370 2557 2
370 2675 2
370 3210 2
370 3352 2
370 4025 2
370 4207 2
370 4366 2
370 4380 2
370 4388 2
370 4812 2
370 6702 2
371 472 2
371 1018 2
371 1712 2
371 1747 2
371 2291 2
371 3229 2
371 3773 2
371 4725 2
371 5590 2
371 6427 2
371 665 2
371 1629 2
371 1690 2
371 1961 2
371 2053 2
371 2103 2
371 2170 2
371 2800 2
371 2946 2
371 3425 2
371 5547 2
372 588 2
372 830 2
372 940 2
372 1163 2
372 2193 2
372 2434 2
372 3639 2
372 4755 2
372 6183 2
372 379 2
372 417 2
372 786 2
372 854 2
372 6945 2
372 972 2
372 1768 2
372 2115 2
372 2880 2
372 2908 2
372 4194 2
372 5484 2
372 5756 2
372 6017 2
372 6225 2
373 953 2
373 1502 2
373 1994 2
373 2205 2
373 2391 2
373 2842 2
373 3143 2
373 4449 2
373 5049 2
373 5279 2
373 5778 2
373 6771 2
373 6840 2
373 414 2
373 563 2
373 2535 2
373 2706 2
373 3154 2
373 3787 2
373 5206 2
374 403 2
374 3128 2
374 618 2
374 773 2
374 886 2
374 1142 2
374 1338 2
374 1432 2
374 2101 2
374 2699 2
374 2806 2
374 3953 2
374 5188 2
374 5400 2
374 6912 2
375 389 2
375 2151 2
375 3051 2
375 3578 2
375 4119 2
375 5810 2
375 6197 2
375 689 2
375 762 2
375 903 2
375 926 2
375 1032 2
375 1518 2
375 1981 2
375 2035 2
375 2393 2
375 2563 2
375 3333 2
375 4047 2
375 4790 2
375 4924 2
375 4931 2
375 5712 2
375 5809 2
375 6238 2
375 6773 2
376 543 2
376 2182 2
376 2777 2
376 3072 2
376 3636 2
376 4026 2
376 4244 2
376 5454 2
376 1027 2
376 1528 2
376 1551 2
376 1826 2
376 5184 2
376 5512 2
377 1411 2
377 1631 2
377 2795 2
377 3285 2
377 3288 2
377 4386 2
377 400 2
377 1626 2
377 2813 2
377 4166 2
377 4785 2
377 4947 2
377 5385 2
377 6025 2
377 6728 2
377 6876 2
378 409 2
378 1475 2
378 6371 2
378 612 2
378 682 2
378 700 2
378 1022 2
378 1139 2
378 1502 2
378 1553 2
378 2357 2
378 2407 2
378 2452 2
378 2459 2
378 2613 2
378 2796 2
378 2971 2
378 3112 2
378 3263 2
378 3904 2
378 4330 2
378 4431 2
378 4672 2
378 4794 2
378 4819 2
378 5221 2
378 5584 2
378 6103 2
378 6549 2
378 6605 2
379 424 2
379 491 2
379 504 2
379 859 2
379 1104 2
379 1117 2
379 1268 2
379 2022 2
379 2122 2
379 2393 2
379 2397 2
379 2761 2
379 3106 2
379 3546 2
379 3997 2
379 4031 2
379 4560 2
379 6129 2
379 417 2
379 740 2
379 786 2
379 1689 2
379 1768 2
379 1910 2
379 2041 2
379 2107 2
379 2144 2
379 3096 2
379 3799 2
379 3846 2
379 4194 2
379 4783 2
379 4927 2
379 5232 2
379 5405 2
379 6096 2
379 6230 2
380 2345 2
380 3233 2
380 5828 2
380 478 2
380 724 2
380 853 2
380 2034 2
380 2275 2
380 2315 2
380 3286 2
380 3571 2
380 4708 2
380 5393 2
380 6918 2
381 448 2
381 513 2
381 643 2
381 769 2
381 981 2
381 1470 2
381 1857 2
381 2163 2
381 2220 2
381 6932 2
381 3795 2
381 3975 2
381 4641 2
381 5292 2
381 6750 2
381 461 2
381 1153 2
381 1736 2
381 5080 2
381 5296 2
381 5478 2
381 6565 2
382 549 2
382 630 2
382 1284 2
382 1316 2
382 1573 2
382 2203 2
382 2436 2
382 2891 2
382 3511 2
382 3909 2
382 4447 2
382 4881 2
382 4900 2
382 436 2
382 701 2
382 921 2
382 1943 2
382 2004 2
382 3387 2
382 3817 2
382 4223 2
382 4963 2
382 5498 2
382 6123 2
383 426 2
383 532 2
383 798 2
383 1048 2
383 1537 2
383 1635 2
383 1676 2
383 4635 2
383 4723 2
383 541 2
383 940 2
383 1170 2
383 1306 2
383 1414 2
383 2040 2
383 2587 2
383 2910 2
383 4732 2
383 5256 2
383 6611 2
383 6839 2
384 396 2
384 864 2
384 909 2
384 910 2
384 1100 2
384 1491 2
384 2121 2
384 2490 2
384 3067 2
384 3276 2
384 3429 2
384 3615 2
384 3785 2
384 3906 2
384 3948 2
384 4165 2
384 4685 2
384 4829 2
384 5225 2
384 5668 2
384 6373 2
384 6530 2
384 524 2
384 722 2
384 775 2
384 1086 2
384 1220 2
384 1317 2
384 1474 2
384 1688 2
384 1715 2
384 2404 2
384 3159 2
384 3666 2
384 3914 2
384 4077 2
384 4107 2
384 4992 2
384 5571 2
385 443 2
385 1187 2
385 2130 2
385 3706 2
385 4512 2
385 549 2
385 642 2
385 1563 2
385 3163 2
385 3405 2
385 3624 2
385 4261 2
385 4447 2
385 4494 2
385 4584 2
385 5355 2
385 5946 2
385 6155 2
385 6321 2
386 747 2
386 2212 2
386 2817 2
386 3156 2
386 4343 2
386 4694 2
386 4885 2
386 5483 2
386 6770 2
386 485 2
386 685 2
386 1217 2
386 4477 2
386 5713 2
386 6514 2
387 587 2
387 644 2
387 720 2
387 2020 2
387 2640 2
387 3427 2
387 3848 2
387 4764 2
387 5226 2
387 488 2
387 632 2
387 703 2
387 1381 2
387 1556 2
387 1889 2
387 2202 2
387 2414 2
387 2772 2
387 3272 2
387 4598 2
387 5936 2
388 572 2
388 614 2
388 707 2
388 944 2
388 1245 2
388 1420 2
388 1488 2
388 1875 2
388 2406 2
388 2420 2
388 3353 2
388 3518 2
388 4460 2
388 4500 2
388 4941 2
388 5084 2
388 5380 2
388 5530 2
388 5716 2
388 6407 2
388 6823 2
388 616 2
388 634 2
388 798 2
388 1434 2
388 1686 2
388 3538 2
388 4081 2
388 6993 2
389 6197 2
389 452 2
389 674 2
389 1051 2
389 1760 2
389 1880 2
389 2842 2
389 4363 2
389 5782 2
389 6367 2
389 6928 2
390 550 2
390 834 2
390 1305 2
390 1418 2
390 1615 2
390 1619 2
390 1750 2
390 2011 2
390 2077 2
390 2078 2
390 2114 2
390 2120 2
390 2231 2
390 2377 2
390 2438 2
390 2788 2
390 2961 2
390 3185 2
390 3195 2
390 3244 2
390 3270 2
390 3502 2
390 3628 2
390 3643 2
390 3707 2
390 3837 2
390 3840 2
390 4120 2
390 4126 2
390 4381 2
390 6182 2
390 6253 2
390 6259 2
390 6957 2
390 2668 2
390 2969 2
390 3505 2
390 3901 2
390 4869 2
390 5701 2
390 6048 2
390 6968 2
390 6716 2
390 6900 2
391 666 2
391 854 2
391 1549 2
391 1593 2
391 1852 2
391 4477 2
391 5203 2
391 5460 2
391 5697 2
391 2029 2
391 6377 2
392 551 2
392 555 2
392 586 2
392 974 2
392 1078 2
392 2053 2
392 2478 2
392 2943 2
392 3474 2
392 3667 2
392 3878 2
392 4032 2
392 4181 2
392 4200 2
392 5586 2
392 399 2
392 560 2
392 726 2
392 761 2
392 815 2
392 997 2
392 1290 2
392 1344 2
392 1604 2
392 1795 2
392 3051 2
392 3972 2
392 4595 2
392 5441 2
393 405 2
393 440 2
393 462 2
393 491 2
393 597 2
393 707 2
393 861 2
393 955 2
393 1168 2
393 1242 2
393 1304 2
393 1408 2
393 1429 2
393 1497 2
393 1653 2
393 1995 2
393 2069 2
393 2373 2
393 2777 2
393 3175 2
393 3767 2
393 3781 2
393 4303 2
393 4815 2
393 5865 2
393 6175 2
393 6357 2
393 6752 2
393 6765 2
393 6882 2
394 740 2
394 1945 2
394 2524 2
394 2652 2
394 2687 2
394 5344 2
394 434 2
394 514 2
394 534 2
394 595 2
394 927 2
394 989 2
394 3542 2
394 5002 2
394 5526 2
394 6075 2
394 6861 2
395 411 2
395 455 2
395 688 2
395 1058 2
395 1539 2
395 1605 2
395 1902 2
395 2104 2
395 2421 2
395 2648 2
395 4029 2
395 5931 2
395 527 2
395 558 2
395 1884 2
395 2284 2
395 3038 2
395 3121 2
395 4287 2
395 4956 2
395 5449 2
395 6557 2
396 909 2
396 910 2
396 1301 2
396 1544 2
396 2605 2
396 3099 2
396 4090 2
396 4165 2
396 6012 2
396 6489 2
396 577 2
396 711 2
396 1838 2
396 2475 2
396 3383 2
396 4247 2
396 4290 2
396 4414 2
396 4754 2
396 5740 2
396 5741 2
396 5752 2
396 5819 2
396 6019 2
396 6338 2
396 6433 2
396 6798 2
397 419 2
397 1546 2
397 2502 2
397 3151 2
397 1207 2
397 1262 2
397 1393 2
397 1652 2
397 2174 2
397 2679 2
397 2747 2
397 2767 2
397 3441 2
397 4360 2
397 5734 2
398 623 2
398 985 2
398 1197 2
398 1251 2
398 1445 2
398 1454 2
398 1464 2
398 1689 2
398 3731 2
398 4022 2
398 4136 2
398 4199 2
398 4830 2
398 5571 2
398 5744 2
398 6076 2
399 847 2
399 1823 2
399 1897 2
399 3184 2
399 4567 2
399 5723 2
399 560 2
399 585 2
399 644 2
399 726 2
399 1036 2
399 1290 2
399 1641 2
399 2664 2
399 3051 2
399 3485 2
399 4068 2
399 4087 2
399 4263 2
399 4399 2
399 5155 2
399 6486 2
399 6544 2
400 492 2
400 867 2
400 1369 2
400 1757 2
400 2689 2
400 2774 2
400 3455 2
400 3669 2
400 3907 2
400 4980 2
400 5198 2
400 5544 2
400 6121 2
400 6569 2
400 6892 2
400 1626 2
400 2437 2
400 4166 2
400 4785 2
400 4947 2
400 6789 2
401 436 2
401 837 2
401 1009 2
401 1233 2
401 1275 2
401 1355 2
401 1449 2
401 1866 2
401 1882 2
401 2966 2
401 2979 2
401 3297 2
401 4106 2
401 4319 2
401 4428 2
401 5206 2
401 5794 2
401 6013 2
401 6490 2
401 6912 2
401 990 2
401 4313 2
402 578 2
402 637 2
402 676 2
402 735 2
402 1708 2
402 2076 2
402 2135 2
402 2642 2
402 2670 2
402 2959 2
402 3252 2
402 3622 2
402 3736 2
402 4771 2
402 5078 2
402 5347 2
402 6099 2
402 6510 2
402 1755 2
402 1831 2
402 3818 2
402 6135 2
403 2176 2
403 5072 2
403 3280 2
404 920 2
404 1156 2
404 1289 2
404 1465 2
404 1727 2
404 1759 2
404 1933 2
404 1946 2
404 3484 2
404 4394 2
404 5629 2
404 504 2
404 1762 2
404 3577 2
404 4161 2
405 696 2
405 726 2
405 1154 2
405 1192 2
405 3540 2
405 4652 2
405 4719 2
405 5022 2
405 707 2
405 717 2
405 861 2
405 955 2
405 1403 2
405 1513 2
405 3312 2
405 3475 2
405 3490 2
405 3690 2
405 4662 2
405 4840 2
405 4848 2
405 6820 2
406 599 2
406 711 2
406 954 2
406 1020 2
406 1152 2
406 1196 2
406 1346 2
406 1644 2
406 1661 2
406 2074 2
406 2168 2
406 2466 2
406 2686 2
406 2780 2
406 3462 2
406 3467 2
406 3521 2
406 3604 2
406 3744 2
406 4678 2
406 4957 2
406 5126 2
406 5712 2
406 5821 2
406 873 2
406 4463 2
406 5680 2
406 6652 2
407 1120 2
407 2222 2
407 3926 2
407 4129 2
407 4580 2
407 708 2
407 754 2
407 1255 2
407 1828 2
407 3367 2
407 3548 2
407 4205 2
407 4473 2
407 4818 2
408 515 2
408 860 2
408 1359 2
408 1365 2
408 1917 2
408 2757 2
408 2920 2
408 3939 2
408 5524 2
408 5965 2
408 6519 2
408 6685 2
408 562 2
408 797 2
408 1348 2
408 2521 2
408 4368 2
408 5897 2
409 1475 2
409 554 2
409 1505 2
409 4579 2
409 5295 2
409 6216 2
410 500 2
410 529 2
410 766 2
410 796 2
410 1261 2
410 1307 2
410 1337 2
410 1577 2
410 1637 2
410 1640 2
410 2162 2
410 2202 2
410 2268 2
410 2486 2
410 2523 2
410 2815 2
410 2908 2
410 3227 2
410 3259 2
410 3302 2
410 3436 2
410 3458 2
410 3734 2
410 4005 2
410 4149 2
410 4157 2
410 4243 2
410 4295 2
410 4811 2
410 5074 2
410 6400 2
410 6412 2
410 6452 2
410 6691 2
410 6815 2
410 530 2
410 891 2
410 983 2
410 1552 2
410 2114 2
410 2740 2
410 6202 2
411 455 2
411 577 2
411 674 2
411 688 2
411 1025 2
411 1058 2
411 1183 2
411 1222 2
411 1539 2
411 1902 2
411 1963 2
411 2336 2
411 2448 2
411 2862 2
411 3503 2
411 3678 2
411 3958 2
411 6096 2
411 496 2
411 656 2
411 753 2
411 888 2
411 1407 2
411 1426 2
411 1500 2
411 1564 2
411 1606 2
411 1818 2
411 1987 2
411 2081 2
411 2092 2
411 2640 2
411 2985 2
411 3052 2
411 3403 2
411 4186 2
411 4190 2
411 4444 2
411 5761 2
411 5861 2
411 5868 2
411 6262 2
411 6403 2
411 6813 2
412 1195 2
412 5785 2
412 6123 2
412 518 2
412 1226 2
412 2258 2
412 2501 2
412 3162 2
412 3306 2
412 3332 2
412 3607 2
412 4218 2
412 6406 2
413 762 2
413 1092 2
413 2521 2
413 6442 2
413 540 2
413 1040 2
413 1746 2
413 1789 2
413 2866 2
413 2887 2
413 4057 2
413 5068 2
413 5359 2
413 5827 2
413 6185 2
414 521 2
414 858 2
414 1788 2
414 2848 2
414 2915 2
414 6377 2
414 6684 2
414 3154 2
414 3250 2
414 3787 2
415 446 2
415 782 2
415 1127 2
415 2085 2
415 2509 2
415 3321 2
415 3498 2
415 4066 2
415 5932 2
415 6436 2
415 6564 2
415 6812 2
415 764 2
415 964 2
415 1486 2
415 1743 2
415 1967 2
415 3003 2
415 3810 2
415 5036 2
415 6205 2
416 2286 2
416 3360 2
416 4190 2
416 5518 2
416 3268 2
416 5933 2
417 718 2
417 748 2
417 1393 2
417 1656 2
417 2937 2
417 3124 2
417 4953 2
417 5297 2
417 6083 2
417 786 2
417 2115 2
417 2144 2
417 3096 2
417 4783 2
418 1575 2
418 1936 2
418 2520 2
418 2550 2
418 2663 2
418 3383 2
418 3486 2
418 4253 2
418 5348 2
418 5471 2
418 5588 2
418 5622 2
418 5637 2
418 6394 2
418 569 2
418 1873 2
418 2271 2
418 2661 2
418 3717 2
419 1546 2
419 533 2
419 2278 2
419 3766 2
419 4029 2
419 5460 2
420 2940 2
420 3277 2
420 5101 2
420 5390 2
420 5509 2
420 551 2
420 1286 2
420 3115 2
420 4587 2
420 4717 2
420 5001 2
420 5062 2
420 5727 2
421 452 2
421 597 2
421 665 2
421 868 2
421 908 2
421 1138 2
421 1190 2
421 1443 2
421 1628 2
421 1861 2
421 2141 2
421 3317 2
421 3423 2
421 3506 2
421 3566 2
421 4794 2
421 5110 2
421 5678 2
421 5786 2
421 6775 2
421 526 2
421 1006 2
421 2546 2
421 3260 2
421 3957 2
421 4418 2
421 4866 2
421 5242 2
421 6020 2
422 2511 2
422 3820 2
422 4429 2
422 5008 2
422 5309 2
422 637 2
422 1300 2
422 1472 2
422 2659 2
422 2782 2
422 3240 2
423 1142 2
423 2469 2
423 2653 2
423 546 2
423 1043 2
423 1269 2
423 1904 2
423 3186 2
423 3493 2
423 3580 2
423 5448 2
423 5569 2
423 5980 2
424 491 2
424 1439 2
424 1698 2
424 1967 2
424 2022 2
424 2137 2
424 2393 2
424 2636 2
424 2728 2
424 2796 2
424 4405 2
424 5648 2
424 6046 2
424 6632 2
424 1026 2
424 1182 2
424 1936 2
424 2110 2
424 2221 2
424 2831 2
424 4260 2
424 4858 2
424 4926 2
424 5729 2
424 6402 2
425 1529 2
425 2731 2
425 5384 2
425 699 2
425 748 2
425 803 2
425 830 2
425 1030 2
425 1070 2
425 1728 2
425 1974 2
425 2001 2
425 2238 2
425 2567 2
425 2738 2
425 2941 2
425 3024 2
425 3094 2
425 3151 2
425 3525 2
425 4108 2
425 4209 2
425 4240 2
425 4618 2
425 5057 2
425 5214 2
425 5824 2
425 6396 2
425 6459 2
425 6590 2
426 532 2
426 1045 2
426 1070 2
426 1388 2
426 1676 2
426 1828 2
426 1997 2
426 2190 2
426 3950 2
426 4635 2
426 4963 2
426 5027 2
426 6566 2
426 435 2
426 758 2
426 944 2
426 987 2
426 1158 2
426 1184 2
426 1258 2
426 1375 2
426 1484 2
426 1535 2
426 2133 2
426 2977 2
426 3203 2
426 3409 2
426 3755 2
426 3906 2
426 3979 2
426 4301 2
426 5820 2
426 5883 2
427 887 2
427 1227 2
427 1483 2
427 3974 2
427 5603 2
427 6580 2
427 915 2
427 2168 2
427 2541 2
427 3533 2
428 1336 2
428 2006 2
428 2766 2
428 3168 2
428 4392 2
428 5813 2
428 548 2
428 1986 2
428 3070 2
428 3528 2
428 6683 2
429 461 2
429 952 2
429 4233 2
429 6603 2
429 882 2
429 2544 2
429 2637 2
429 5873 2
429 6808 2
430 788 2
430 802 2
430 983 2
430 1091 2
430 1099 2
430 1294 2
430 1357 2
430 1686 2
430 1722 2
430 2400 2
430 2715 2
430 2856 2
430 3220 2
430 3312 2
430 3637 2
430 3713 2
430 4148 2
430 5018 2
430 5125 2
430 5589 2
430 593 2
430 836 2
430 1236 2
430 1483 2
430 1620 2
430 1804 2
430 2182 2
430 3730 2
430 3887 2
430 4601 2
430 6936 2
430 6589 2
430 6591 2
431 463 2
431 820 2
431 1145 2
431 1176 2
431 1588 2
431 2541 2
431 3913 2
431 4210 2
431 4726 2
431 5171 2
431 5258 2
431 5832 2
431 6023 2
431 6493 2
431 923 2
431 1105 2
431 1349 2
431 1792 2
431 2112 2
431 2138 2
431 2561 2
431 3098 2
431 3773 2
431 3871 2
431 4501 2
431 4620 2
431 5072 2
431 5128 2
431 5566 2
431 6074 2
431 6254 2
431 6633 2
432 734 2
432 879 2
432 1041 2
432 1113 2
432 1116 2
432 1350 2
432 1732 2
432 2057 2
432 3057 2
432 4118 2
432 4807 2
432 5458 2
432 5950 2
432 6269 2
432 6631 2
432 1256 2
432 1833 2
432 3437 2
432 4832 2
432 5301 2
433 989 2
433 1833 2
433 5095 2
433 5252 2
433 6985 2
433 6217 2
433 576 2
433 1565 2
433 1764 2
433 3977 2
433 4052 2
434 836 2
434 863 2
434 1567 2
434 2005 2
434 2897 2
434 3863 2
434 4046 2
434 5554 2
434 6813 2
434 514 2
434 534 2
434 670 2
434 927 2
434 2381 2
434 4962 2
434 5002 2
434 6207 2
434 6861 2
435 1159 2
435 1822 2
435 2021 2
435 3197 2
435 3871 2
435 3914 2
435 4620 2
435 758 2
435 1258 2
435 1406 2
435 1630 2
435 2056 2
435 6970 2
435 3409 2
435 3486 2
436 837 2
436 1009 2
436 1094 2
436 1096 2
436 1299 2
436 2025 2
436 2639 2
436 3027 2
436 3543 2
436 4437 2
436 5745 2
436 5794 2
436 6898 2
436 714 2
436 887 2
436 921 2
436 1554 2
436 1943 2
436 3060 2
436 3387 2
436 3986 2
436 4234 2
436 5498 2
437 2382 2
437 5542 2
438 725 2
438 1786 2
438 2494 2
438 2919 2
438 3499 2
438 3985 2
438 5010 2
438 5089 2
438 5098 2
438 5463 2
438 6356 2
438 858 2
438 1062 2
438 1073 2
438 1931 2
438 2291 2
438 3980 2
438 4165 2
438 4514 2
438 4766 2
438 6548 2
438 6739 2
438 6747 2
439 4943 2
439 911 2
439 1143 2
439 1587 2
439 2045 2
439 3362 2
439 3651 2
439 5235 2
439 5898 2
439 6400 2
440 6943 2
440 456 2
440 596 2
440 642 2
440 1164 2
440 1322 2
440 1614 2
440 1654 2
440 1772 2
440 1957 2
440 2240 2
440 3835 2
440 4418 2
440 4443 2
440 5055 2
440 5123 2
440 5719 2
440 491 2
440 792 2
440 1168 2
440 1429 2
440 1490 2
440 3728 2
440 5120 2
440 5880 2
441 541 2
441 574 2
441 580 2
441 789 2
441 938 2
441 1536 2
441 1826 2
441 1837 2
441 1840 2
441 2324 2
441 2459 2
441 2630 2
441 2646 2
441 2755 2
441 2909 2
441 3378 2
441 3763 2
441 3996 2
441 4111 2
441 4776 2
441 5815 2
441 6512 2
441 966 2
441 2937 2
441 3320 2
441 3691 2
441 6997 2
441 4350 2
441 4376 2
441 5586 2
442 1108 2
442 1979 2
442 2439 2
442 4604 2
442 5578 2
442 450 2
442 698 2
442 1612 2
442 1625 2
442 2570 2
442 2815 2
442 3188 2
442 4519 2
442 6093 2
442 6552 2
442 6764 2
443 822 2
443 1187 2
443 1364 2
443 1723 2
443 3216 2
443 3922 2
443 5070 2
443 6142 2
443 6260 2
443 6758 2
443 1223 2
443 2351 2
444 640 2
444 694 2
444 746 2
444 793 2
444 857 2
444 1148 2
444 1671 2
444 2046 2
444 3464 2
444 4877 2
444 620 2
444 1235 2
444 1292 2
444 1316 2
444 1816 2
444 2244 2
444 3497 2
444 3680 2
444 5101 2
444 5742 2
445 1135 2
445 1198 2
445 1947 2
445 2070 2
445 2174 2
445 3224 2
445 4759 2
445 4898 2
445 5317 2
445 5994 2
445 716 2
445 1038 2
445 1654 2
445 1751 2
445 2304 2
445 2911 2
445 3296 2
445 4385 2
445 5264 2
445 6397 2
446 782 2
446 1746 2
446 2245 2
446 3209 2
446 3321 2
446 3322 2
446 3670 2
446 4767 2
446 5385 2
446 5416 2
446 5932 2
446 448 2
446 538 2
446 606 2
446 704 2
446 1335 2
446 1899 2
446 2642 2
446 2663 2
446 2783 2
446 3005 2
446 3308 2
446 3380 2
446 4266 2
446 4985 2
446 5290 2
446 6810 2
447 721 2
447 912 2
447 930 2
447 1062 2
447 1185 2
447 1267 2
447 1912 2
447 2018 2
447 2157 2
447 4558 2
447 4577 2
447 5512 2
447 5647 2
447 5738 2
447 6728 2
447 692 2
447 783 2
447 1119 2
447 1413 2
447 2568 2
447 2712 2
447 2722 2
447 2836 2
447 2920 2
447 3566 2
447 4126 2
447 4407 2
447 5007 2
447 5343 2
447 5402 2
448 754 2
448 2634 2
448 3975 2
448 4926 2
448 6932 2
448 704 2
448 1335 2
448 1899 2
448 2783 2
448 2950 2
448 3157 2
448 3291 2
448 4170 2
448 5290 2
448 6182 2
448 6805 2
449 651 2
449 761 2
449 987 2
449 1342 2
449 1382 2
449 1970 2
449 2149 2
449 2938 2
449 3459 2
449 4793 2
449 5953 2
449 6169 2
449 498 2
449 933 2
449 1052 2
449 1185 2
449 1194 2
449 1233 2
449 1369 2
449 4088 2
449 4090 2
449 4503 2
449 5164 2
449 5730 2
449 6354 2
449 6853 2
450 467 2
450 690 2
450 902 2
450 997 2
450 1085 2
450 1204 2
450 1381 2
450 1406 2
450 1611 2
450 6658 2
450 6785 2
450 1625 2
450 2570 2
450 3329 2
450 6394 2
451 1129 2
451 1435 2
451 2483 2
451 4108 2
451 5439 2
451 925 2
451 3270 2
451 4800 2
452 523 2
452 665 2
452 868 2
452 1088 2
452 1138 2
452 1354 2
452 1484 2
452 1510 2
452 2694 2
452 3317 2
452 3566 2
452 3640 2
452 4246 2
452 4794 2
452 4927 2
452 6021 2
452 6425 2
452 674 2
452 1051 2
452 1247 2
452 1760 2
452 2428 2
452 2673 2
452 3088 2
452 3368 2
452 3539 2
452 3994 2
452 5782 2
453 862 2
453 992 2
453 1131 2
453 1241 2
453 1518 2
453 5736 2
453 6661 2
453 1017 2
453 1919 2
453 2089 2
453 3063 2
453 3847 2
453 5339 2
453 5789 2
453 6675 2
453 6691 2
454 512 2
454 569 2
454 1107 2
454 2789 2
454 5054 2
454 1918 2
454 1940 2
454 5278 2
455 674 2
455 688 2
455 1183 2
455 1565 2
455 4029 2
455 4463 2
455 6065 2
455 6526 2
455 532 2
455 2210 2
455 2612 2
455 2926 2
455 3213 2
455 4183 2
455 4842 2
455 6541 2
456 627 2
456 642 2
456 1089 2
456 1322 2
456 2729 2
456 3490 2
456 4065 2
456 1662 2
456 1683 2
456 2560 2
456 2606 2
456 2786 2
456 3389 2
456 3699 2
456 4485 2
456 4849 2
457 3240 2
457 3738 2
457 561 2
457 1946 2
457 2890 2
457 2944 2
457 2981 2
457 5900 2
458 984 2
458 2098 2
458 2119 2
458 2243 2
458 4380 2
458 5708 2
458 5811 2
458 6899 2
458 3277 2
458 6076 2
459 736 2
459 1794 2
459 1915 2
459 2470 2
459 3068 2
459 3663 2
459 4595 2
459 6181 2
459 963 2
459 1394 2
459 2327 2
459 2405 2
459 2589 2
459 3788 2
459 3807 2
459 4409 2
459 4918 2
459 6580 2
460 2283 2
460 2886 2
460 3112 2
460 730 2
460 1742 2
460 1765 2
460 1796 2
460 3278 2
460 3705 2
460 4771 2
460 6785 2
462 839 2
462 3460 2
462 4023 2
462 4529 2
462 4940 2
462 5651 2
462 6776 2
462 597 2
462 1242 2
462 1304 2
462 2011 2
462 3767 2
462 3968 2
463 820 2
463 1588 2
463 1701 2
463 2371 2
463 4210 2
463 4726 2
463 6495 2
463 482 2
463 614 2
463 837 2
463 1031 2
463 1277 2
463 2411 2
463 2702 2
463 3323 2
463 3585 2
463 3674 2
463 3797 2
463 4570 2
463 5684 2
463 6542 2
463 6883 2
464 481 2
464 600 2
464 2861 2
464 3091 2
464 1001 2
464 1330 2
464 3335 2
464 4489 2
464 5047 2
465 493 2
465 689 2
465 871 2
465 2724 2
465 3044 2
465 3550 2
465 4121 2
465 4308 2
465 5661 2
465 1088 2
465 1602 2
465 2281 2
465 2335 2
465 2493 2
465 2919 2
465 2963 2
465 3122 2
465 3221 2
465 3473 2
465 3581 2
465 3684 2
465 4001 2
465 4679 2
465 4996 2
465 5006 2
465 5135 2
465 5348 2
465 6930 2
465 5658 2
465 5783 2
465 6125 2
465 6668 2
465 6818 2
466 474 2
466 629 2
466 803 2
466 1166 2
466 1309 2
466 1532 2
466 1695 2
466 4043 2
466 516 2
466 559 2
466 796 2
466 908 2
466 1599 2
466 2653 2
466 2841 2
466 5509 2
466 5945 2
466 6051 2
466 6555 2
467 967 2
467 1204 2
467 3201 2
467 6658 2
467 683 2
467 713 2
467 1725 2
467 3886 2
467 4177 2
467 5906 2
468 980 2
468 1243 2
468 1716 2
468 2542 2
468 3160 2
468 3736 2
468 5138 2
468 5570 2
468 6214 2
469 1318 2
469 2970 2
469 767 2
469 1328 2
469 1572 2
469 2079 2
469 3498 2
469 3820 2
469 6295 2
469 6919 2
470 818 2
470 2591 2
470 3398 2
470 3422 2
470 5533 2
470 6384 2
470 6441 2
470 4181 2
471 728 2
471 6273 2
471 617 2
471 932 2
471 1208 2
471 2235 2
471 2550 2
471 3483 2
471 4497 2
471 5443 2
471 5812 2
472 1712 2
472 5444 2
472 523 2
472 609 2
472 619 2
472 787 2
472 1125 2
472 1284 2
472 1345 2
472 1462 2
472 1800 2
472 2181 2
472 2531 2
472 2655 2
472 3529 2
472 3801 2
472 3814 2
472 4571 2
472 6422 2
472 6863 2
473 1002 2
473 1042 2
473 1763 2
473 2065 2
473 2597 2
473 3122 2
473 3137 2
473 4086 2
473 4220 2
473 6555 2
473 503 2
473 1173 2
473 1700 2
473 3838 2
473 4967 2
474 803 2
474 962 2
474 1574 2
474 3199 2
474 4043 2
474 6243 2
474 611 2
474 1470 2
474 1894 2
474 1934 2
474 4863 2
474 5892 2
474 6819 2
475 1081 2
475 1250 2
475 1525 2
475 1705 2
475 3900 2
475 5595 2
475 507 2
475 672 2
475 823 2
475 2018 2
475 2277 2
475 2744 2
475 3719 2
475 4138 2
475 4306 2
475 4436 2
475 4780 2
475 4813 2
476 2073 2
476 3757 2
476 553 2
476 952 2
476 1532 2
476 1537 2
476 3983 2
477 2957 2
477 3642 2
477 929 2
477 1268 2
477 2446 2
477 5347 2
477 5974 2
478 485 2
478 553 2
478 744 2
478 2317 2
478 2473 2
478 3601 2
478 5316 2
478 5370 2
478 6184 2
478 6854 2
478 853 2
478 2315 2
478 2893 2
478 3563 2
478 4708 2
478 5107 2
478 5393 2
479 914 2
479 947 2
479 1317 2
479 1748 2
479 2228 2
479 2628 2
479 3596 2
479 4147 2
479 4582 2
479 4642 2
479 4644 2
479 4781 2
479 6795 2
479 651 2
479 734 2
479 1270 2
479 1927 2
479 2753 2
479 3395 2
479 3558 2
479 3852 2
479 4094 2
479 5014 2
479 5452 2
479 6146 2
479 6190 2
480 1853 2
480 2763 2
480 3883 2
480 4150 2
480 605 2
480 979 2
480 1109 2
480 1560 2
480 1733 2
480 2076 2
480 2264 2
480 2817 2
480 2868 2
480 3249 2
480 3453 2
480 3731 2
480 4011 2
480 4896 2
480 5647 2
480 5786 2
480 6296 2
481 600 2
481 602 2
481 1438 2
481 1924 2
481 4146 2
481 4369 2
481 5520 2
481 6078 2
481 501 2
481 1264 2
481 3893 2
481 3971 2
481 4116 2
481 4851 2
482 1296 2
482 1398 2
482 4796 2
482 5298 2
482 6252 2
482 6379 2
482 614 2
482 875 2
482 930 2
482 2128 2
482 2441 2
482 2537 2
482 3021 2
482 3674 2
482 3834 2
482 4820 2
482 5016 2
483 582 2
483 701 2
483 896 2
483 3069 2
483 3278 2
483 5031 2
483 5136 2
483 5764 2
483 6011 2
483 6199 2
484 495 2
484 716 2
484 1327 2
484 2536 2
484 2613 2
484 3058 2
484 3087 2
484 4406 2
484 4410 2
484 5265 2
484 5424 2
484 6161 2
484 6462 2
484 776 2
484 802 2
484 935 2
484 969 2
484 1016 2
484 1296 2
484 1780 2
484 1965 2
484 2584 2
484 2792 2
484 3301 2
484 3386 2
484 3611 2
484 4619 2
484 4745 2
484 5667 2
484 6221 2
484 6222 2
484 6371 2
485 553 2
485 744 2
485 2317 2
485 3319 2
485 3601 2
485 4284 2
485 5872 2
485 685 2
485 1526 2
485 1580 2
485 1627 2
485 1646 2
485 2005 2
485 2245 2
485 2660 2
485 2955 2
485 3082 2
485 3510 2
485 3776 2
485 4082 2
486 537 2
486 667 2
486 4564 2
486 4693 2
486 4843 2
486 5450 2
486 846 2
487 1246 2
487 3076 2
487 5565 2
487 5635 2
487 1068 2
487 1451 2
487 2193 2
487 2649 2
487 3842 2
487 5018 2
487 5041 2
487 5585 2
488 576 2
488 799 2
488 1028 2
488 1060 2
488 1620 2
488 1956 2
488 2575 2
488 2905 2
488 3392 2
488 4496 2
488 5364 2
488 6395 2
488 632 2
488 703 2
488 1889 2
488 3932 2
488 4765 2
488 5936 2
489 1064 2
489 1534 2
489 1841 2
489 2024 2
489 2578 2
489 3153 2
489 4309 2
489 6128 2
489 6330 2
489 499 2
489 950 2
489 1353 2
489 1368 2
489 1846 2
489 1882 2
489 1969 2
489 4157 2
489 4630 2
489 5731 2
490 787 2
490 1258 2
490 2332 2
490 4511 2
490 5964 2
490 1611 2
490 1865 2
491 504 2
491 633 2
491 1057 2
491 1439 2
491 1842 2
491 1871 2
491 2022 2
491 2728 2
491 2761 2
491 2796 2
491 3059 2
491 3093 2
491 3324 2
491 3524 2
491 3956 2
491 4142 2
491 4471 2
491 4782 2
491 5542 2
491 6339 2
491 6614 2
491 6632 2
491 6822 2
491 792 2
491 1490 2
491 5120 2
491 5880 2
492 3907 2
492 502 2
492 1706 2
492 3034 2
492 4021 2
493 1073 2
493 1643 2
493 2724 2
493 5334 2
493 5996 2
493 6575 2
493 6920 2
493 567 2
493 1568 2
493 1632 2
493 2154 2
493 2300 2
493 2697 2
493 4420 2
493 5243 2
493 5550 2
493 6424 2
494 507 2
494 619 2
494 739 2
494 964 2
494 1006 2
494 1213 2
494 1730 2
494 2010 2
494 2271 2
494 2302 2
494 2810 2
494 3250 2
494 3379 2
494 3634 2
494 4117 2
494 5353 2
494 3671 2
494 5998 2
495 832 2
495 951 2
495 1136 2
495 1327 2
495 2034 2
495 2536 2
495 3087 2
495 3287 2
495 4247 2
495 4410 2
495 4469 2
495 4691 2
495 6249 2
495 6462 2
495 6515 2
495 519 2
495 586 2
495 801 2
495 960 2
495 1115 2
495 1634 2
495 1945 2
495 2386 2
495 2618 2
495 2924 2
495 2956 2
495 3133 2
495 3627 2
495 4020 2
495 4022 2
495 4109 2
495 4210 2
495 4526 2
495 6978 2
495 4951 2
495 5607 2
495 6467 2
495 6618 2
496 1226 2
496 656 2
496 2081 2
496 2092 2
496 2877 2
496 5861 2
496 5932 2
496 6255 2
497 589 2
497 668 2
497 685 2
497 727 2
497 835 2
497 888 2
497 1220 2
497 1232 2
497 1471 2
497 1526 2
497 1540 2
497 1741 2
497 1787 2
497 2108 2
497 2399 2
497 2476 2
497 2548 2
497 2900 2
497 2926 2
497 2967 2
497 3115 2
497 3373 2
497 3641 2
497 3953 2
497 4030 2
497 4377 2
497 4383 2
497 4702 2
497 4756 2
497 4823 2
497 5519 2
497 5640 2
497 5866 2
497 5978 2
497 5987 2
497 6073 2
497 6825 2
497 625 2
497 694 2
497 1098 2
497 1750 2
497 2054 2
497 3727 2
497 5265 2
497 6089 2
497 6172 2
497 6287 2
497 6840 2
498 708 2
498 1087 2
498 1105 2
498 1501 2
498 1923 2
498 4578 2
498 5233 2
498 933 2
498 1052 2
498 1185 2
498 1194 2
498 1389 2
498 3421 2
498 4993 2
498 5730 2
499 544 2
499 2748 2
499 3341 2
499 950 2
499 1159 2
499 1353 2
499 1671 2
500 529 2
500 766 2
500 1049 2
500 1182 2
500 1577 2
500 1638 2
500 1815 2
500 1929 2
500 2162 2
500 2244 2
500 2720 2
500 3006 2
500 3020 2
500 3227 2
500 4820 2
500 4965 2
500 5001 2
500 602 2
500 663 2
500 1078 2
500 1152 2
500 1514 2
500 1616 2
500 1698 2
500 1705 2
500 2462 2
500 2688 2
500 4438 2
500 6121 2
501 732 2
501 1012 2
501 1286 2
501 1524 2
501 1891 2
501 2980 2
501 3576 2
501 4571 2
501 743 2
501 5806 2
502 1249 2
502 1775 2
502 1922 2
502 2087 2
502 3034 2
503 677 2
503 852 2
503 1151 2
503 3019 2
503 3396 2
503 3969 2
503 4112 2
503 4163 2
503 4753 2
503 5175 2
503 6528 2
503 6626 2
503 6720 2
503 1173 2
503 1202 2
503 2727 2
503 4826 2
503 4967 2
503 5363 2
503 6597 2
504 633 2
504 767 2
504 770 2
504 1057 2
504 1104 2
504 1268 2
504 2242 2
504 3524 2
504 4763 2
504 5128 2
504 6339 2
504 1959 2
504 6210 2
505 635 2
505 1199 2
505 6437 2
505 1862 2
505 1948 2
505 3438 2
505 3649 2
505 3756 2
505 4232 2
505 6748 2
506 508 2
506 656 2
506 2471 2
506 3323 2
506 3477 2
506 6003 2
506 509 2
506 1004 2
506 2453 2
506 4189 2
506 4351 2
506 4512 2
507 619 2
507 1331 2
507 2271 2
507 3634 2
507 5353 2
507 672 2
507 823 2
507 2477 2
507 2492 2
507 2750 2
507 2768 2
507 3841 2
507 4813 2
507 5699 2
507 5930 2
508 2471 2
508 6492 2
508 1293 2
508 1984 2
508 3716 2
509 556 2
509 671 2
509 800 2
509 975 2
509 1392 2
509 1511 2
509 2187 2
509 5181 2
509 1004 2
509 2177 2
509 3289 2
509 4135 2
509 4744 2
509 4855 2
510 697 2
510 961 2
510 2600 2
510 2825 2
510 2898 2
510 2921 2
510 3930 2
510 4209 2
510 4241 2
510 4758 2
510 4779 2
510 6211 2
510 1000 2
510 1605 2
510 2306 2
510 2678 2
510 2988 2
510 3292 2
510 3345 2
510 4446 2
510 4935 2
511 590 2
511 851 2
511 1111 2
511 1126 2
511 1160 2
511 1274 2
511 1433 2
511 3463 2
511 3582 2
511 3834 2
511 4074 2
511 5099 2
511 1079 2
511 1124 2
511 1492 2
511 1521 2
511 1799 2
511 1892 2
511 2155 2
511 2290 2
511 2864 2
511 3053 2
511 3086 2
511 3283 2
511 3443 2
511 3809 2
511 4353 2
511 4523 2
512 1107 2
512 4128 2
512 5054 2
512 5908 2
512 1056 2
512 1094 2
512 1260 2
512 2276 2
512 2398 2
512 2598 2
512 5446 2
513 643 2
513 1470 2
513 2163 2
513 2325 2
513 3053 2
513 3457 2
513 4080 2
513 4318 2
513 4925 2
513 5292 2
513 647 2
513 755 2
513 938 2
513 1165 2
513 1473 2
513 2331 2
513 2469 2
513 2565 2
513 2581 2
513 2607 2
513 2811 2
513 3011 2
513 3222 2
513 3295 2
513 3424 2
513 3954 2
513 4060 2
513 4115 2
513 4139 2
513 4634 2
513 5588 2
513 6061 2
513 6671 2
514 579 2
514 1150 2
514 1400 2
514 2551 2
514 3852 2
514 4833 2
514 6231 2
514 927 2
514 3542 2
514 4962 2
515 860 2
515 1059 2
515 3361 2
515 1302 2
515 1371 2
515 6237 2
515 6530 2
516 564 2
516 567 2
516 1101 2
516 1306 2
516 1478 2
516 2254 2
516 2373 2
516 3564 2
516 4009 2
516 4271 2
516 4498 2
516 4733 2
516 5933 2
516 5973 2
516 6264 2
516 6287 2
516 6486 2
516 5509 2
516 5945 2
517 5321 2
517 1655 2
517 6497 2
518 687 2
518 797 2
518 923 2
518 1019 2
518 1422 2
518 1424 2
518 1881 2
518 2062 2
518 2249 2
518 2716 2
518 5273 2
518 5537 2
518 6887 2
518 2258 2
518 3119 2
518 3162 2
518 3306 2
518 4311 2
518 4675 2
518 6009 2
519 733 2
519 845 2
519 990 2
519 1052 2
519 1515 2
519 2330 2
519 2725 2
519 3856 2
519 4296 2
519 4482 2
519 5069 2
519 6082 2
519 6595 2
519 6953 2
519 801 2
519 2924 2
519 3627 2
520 5916 2
520 973 2
520 6212 2
520 6441 2
520 6570 2
521 658 2
521 858 2
521 1460 2
521 1634 2
521 1788 2
521 2453 2
521 2544 2
521 2624 2
521 2756 2
521 3119 2
521 3359 2
521 3421 2
521 3745 2
521 5259 2
521 5880 2
521 6684 2
521 1003 2
521 2375 2
521 2458 2
521 2588 2
521 3586 2
521 4373 2
522 969 2
522 1437 2
522 1595 2
522 2515 2
522 6052 2
522 531 2
522 539 2
522 1321 2
522 2309 2
522 2431 2
522 2689 2
522 3266 2
522 3590 2
522 3667 2
522 4682 2
522 5116 2
522 5223 2
522 5283 2
522 5576 2
523 831 2
523 918 2
523 1098 2
523 1354 2
523 1510 2
523 1877 2
523 2096 2
523 3214 2
523 3294 2
523 5246 2
523 5488 2
523 6425 2
523 6981 2
523 705 2
523 2181 2
523 2383 2
523 2652 2
523 3814 2
523 4612 2
523 4873 2
524 1811 2
524 3687 2
524 5224 2
524 6449 2
524 722 2
524 1086 2
524 1205 2
524 1220 2
524 1459 2
524 3450 2
524 4107 2
524 5826 2
524 6704 2
525 1270 2
525 1376 2
525 1564 2
525 2348 2
525 3001 2
525 877 2
525 1639 2
525 5029 2
526 609 2
526 2620 2
526 3552 2
526 4234 2
526 1006 2
526 3260 2
526 3414 2
526 3957 2
526 4866 2
527 595 2
527 2356 2
527 6059 2
527 558 2
527 811 2
527 1428 2
527 2855 2
527 4956 2
527 5439 2
527 6438 2
528 1596 2
528 1688 2
528 3406 2
528 6657 2
528 6891 2
528 2120 2
528 2629 2
529 766 2
529 1049 2
529 1050 2
529 1612 2
529 1640 2
529 1793 2
529 2244 2
529 3302 2
529 4149 2
529 4403 2
529 4716 2
529 5220 2
529 5600 2
529 6691 2
529 715 2
529 1057 2
529 2336 2
529 3036 2
529 3153 2
529 6012 2
530 772 2
530 806 2
530 941 2
530 1548 2
530 2017 2
530 3131 2
530 3432 2
530 3721 2
530 3807 2
530 3902 2
530 4727 2
530 5645 2
530 5839 2
530 891 2
530 6859 2
531 554 2
531 1008 2
531 2418 2
531 3243 2
531 4514 2
531 2309 2
531 4682 2
531 5500 2
531 5508 2
531 6226 2
532 1997 2
532 2190 2
532 2791 2
532 4373 2
532 4963 2
532 5905 2
532 2612 2
532 2926 2
532 3447 2
532 4183 2
532 4349 2
532 4768 2
532 4842 2
532 4934 2
532 5557 2
532 6036 2
533 723 2
533 915 2
533 1021 2
533 1103 2
533 1370 2
533 1543 2
533 1602 2
533 2257 2
533 2845 2
533 2863 2
533 3987 2
533 6235 2
533 6796 2
533 6821 2
533 2278 2
533 3704 2
533 3766 2
533 5460 2
534 1000 2
534 1209 2
534 1492 2
534 1998 2
534 2499 2
534 2563 2
534 4797 2
534 595 2
534 1752 2
534 2954 2
534 4787 2
534 6861 2
534 6869 2
535 620 2
535 2671 2
535 3857 2
535 4991 2
535 6114 2
535 594 2
535 856 2
535 881 2
535 1041 2
535 1398 2
535 1549 2
535 1577 2
535 2677 2
535 2778 2
535 2798 2
535 3445 2
535 4405 2
535 4417 2
535 4543 2
535 4799 2
535 4857 2
535 5459 2
536 561 2
536 783 2
536 1017 2
536 2109 2
536 2451 2
536 3239 2
536 3305 2
536 3470 2
536 3788 2
536 4078 2
536 4684 2
536 4848 2
536 5876 2
536 6124 2
536 1072 2
536 1273 2
536 2021 2
536 2111 2
536 2338 2
536 2805 2
536 3547 2
536 5271 2
536 6292 2
536 6496 2
537 667 2
537 566 2
537 848 2
537 1077 2
537 1989 2
537 3889 2
537 6311 2
538 892 2
538 906 2
538 3620 2
538 3846 2
538 6091 2
538 6188 2
538 606 2
538 2663 2
538 3308 2
538 6810 2
539 673 2
539 960 2
539 1448 2
539 1608 2
539 1847 2
539 3658 2
539 5357 2
539 5868 2
539 6804 2
539 1321 2
539 2431 2
539 2689 2
539 3152 2
539 3266 2
539 3667 2
539 3769 2
539 4014 2
539 6616 2
539 6768 2
539 6851 2
540 4413 2
540 1040 2
540 2887 2
540 4471 2
540 5575 2
541 574 2
541 1826 2
541 1837 2
541 2372 2
541 2465 2
541 2661 2
541 2909 2
541 5566 2
541 1701 2
541 2064 2
541 2143 2
541 2572 2
541 2587 2
541 3412 2
541 3668 2
541 3835 2
541 4295 2
541 5133 2
541 5389 2
541 5590 2
541 6611 2
542 5024 2
542 5582 2
542 6620 2
542 3068 2
542 4673 2
542 4861 2
542 5714 2
542 6031 2
542 6559 2
543 2777 2
543 3636 2
543 737 2
543 1347 2
543 2298 2
543 2530 2
543 2669 2
543 4000 2
543 6762 2
544 814 2
544 1404 2
544 4770 2
544 3514 2
544 3877 2
544 6620 2
545 618 2
545 1403 2
545 1824 2
545 3799 2
545 4010 2
545 5639 2
545 6133 2
545 791 2
545 896 2
545 1216 2
545 1415 2
545 2349 2
545 4099 2
545 4809 2
545 5105 2
545 6505 2
546 922 2
546 976 2
546 1043 2
546 1172 2
546 1269 2
546 3580 2
546 3811 2
546 4518 2
546 5980 2
546 6006 2
546 6999 2
547 6930 2
547 810 2
547 813 2
547 926 2
547 1265 2
547 1819 2
547 2008 2
547 2409 2
547 3493 2
547 3988 2
547 4058 2
547 4354 2
547 6767 2
547 627 2
547 671 2
547 1192 2
547 3319 2
547 5762 2
548 607 2
548 911 2
548 2009 2
548 2923 2
548 3167 2
548 4339 2
548 4524 2
548 3070 2
548 3528 2
548 6868 2
549 742 2
549 1594 2
549 1684 2
549 2580 2
549 4447 2
549 5884 2
549 642 2
549 4561 2
549 5355 2
549 6155 2
550 834 2
550 1781 2
550 2077 2
550 2078 2
550 2120 2
550 2788 2
550 3185 2
550 3535 2
550 3628 2
550 3840 2
550 3886 2
550 4537 2
550 5144 2
550 5327 2
550 6250 2
550 6538 2
550 587 2
550 2325 2
550 2408 2
550 2465 2
550 2510 2
550 2729 2
550 2875 2
550 2906 2
550 3072 2
550 4493 2
550 5666 2
550 6049 2
551 1078 2
551 1137 2
551 1606 2
551 2160 2
551 2943 2
551 3500 2
551 3931 2
551 4633 2
551 4960 2
551 5239 2
551 2961 2
551 3115 2
552 979 2
552 2526 2
552 5551 2
553 744 2
553 2473 2
553 5316 2
553 6184 2
554 6307 2
554 3054 2
554 4579 2
554 6216 2
554 6543 2
555 586 2
555 628 2
555 703 2
555 777 2
555 974 2
555 1181 2
555 1278 2
555 2050 2
555 2387 2
555 2478 2
555 2991 2
555 3206 2
555 3385 2
555 3501 2
555 3789 2
555 5138 2
555 6136 2
555 6501 2
555 6853 2
555 752 2
555 977 2
555 1196 2
555 1265 2
555 1294 2
555 1501 2
555 1673 2
555 2087 2
555 2188 2
555 2721 2
555 2725 2
555 2932 2
555 3105 2
555 6981 2
555 4435 2
556 671 2
556 722 2
556 800 2
556 1077 2
556 1194 2
556 1392 2
556 2048 2
556 2311 2
556 3332 2
556 4211 2
556 4827 2
556 4949 2
557 771 2
557 1217 2
557 6977 2
557 2016 2
557 2638 2
557 3951 2
557 4856 2
557 6702 2
557 1685 2
557 2072 2
557 2686 2
557 3706 2
557 4326 2
558 562 2
558 632 2
558 780 2
558 861 2
558 925 2
558 927 2
558 1075 2
558 1260 2
558 1335 2
558 1509 2
558 1680 2
558 2584 2
558 3055 2
558 4158 2
558 4608 2
558 4832 2
558 5137 2
558 5278 2
558 6786 2
558 1884 2
558 2284 2
558 4956 2
559 3630 2
559 796 2
559 908 2
559 1112 2
559 1197 2
559 1297 2
559 1466 2
559 1578 2
559 1802 2
559 1901 2
559 2653 2
559 2841 2
559 3092 2
559 3095 2
559 3097 2
559 3635 2
559 3696 2
559 4111 2
559 4925 2
559 5841 2
559 6555 2
560 1347 2
560 1810 2
560 2561 2
560 3567 2
560 3942 2
560 4569 2
560 6967 2
560 1290 2
560 2664 2
560 4068 2
560 4263 2
560 5155 2
561 1017 2
561 2482 2
561 4516 2
561 5705 2
561 2799 2
561 2890 2
561 2944 2
561 4197 2
561 4510 2
561 6536 2
561 6721 2
562 1335 2
562 1509 2
562 1992 2
562 3236 2
562 5278 2
562 6057 2
562 659 2
562 1348 2
562 1785 2
562 2062 2
562 4229 2
562 4375 2
562 5763 2
563 682 2
563 876 2
563 1224 2
563 1497 2
563 1769 2
563 1991 2
563 3228 2
563 3440 2
563 4235 2
563 6305 2
563 1778 2
563 1830 2
563 2535 2
563 3064 2
563 4241 2
563 5092 2
563 5778 2
563 5797 2
564 1101 2
564 1306 2
564 1478 2
564 3821 2
564 5902 2
564 1446 2
564 2025 2
564 2086 2
564 3298 2
564 3406 2
564 3604 2
564 3675 2
564 3970 2
564 4188 2
564 5971 2
564 6893 2
565 583 2
565 1389 2
565 2296 2
565 2813 2
565 3150 2
565 3766 2
565 3802 2
565 4818 2
565 5082 2
565 5274 2
565 5937 2
565 6613 2
565 1788 2
565 2571 2
565 3419 2
566 663 2
566 758 2
566 792 2
566 937 2
566 1112 2
566 1562 2
566 1829 2
566 2111 2
566 2723 2
566 2773 2
566 3165 2
566 3853 2
566 4093 2
566 4424 2
566 4721 2
566 4864 2
566 6455 2
566 6597 2
566 1077 2
566 3889 2
567 4271 2
567 4498 2
567 872 2
567 943 2
567 1090 2
567 6939 2
567 1568 2
567 1632 2
567 2154 2
567 2300 2
567 2716 2
567 3014 2
567 3016 2
567 3055 2
567 3402 2
567 4420 2
567 5033 2
567 5205 2
567 5263 2
567 5550 2
567 6220 2
568 790 2
568 878 2
568 1859 2
568 2161 2
568 2759 2
568 3719 2
568 5318 2
568 1534 2
568 2756 2
568 3019 2
568 5253 2
568 5289 2
569 5146 2
569 1271 2
569 1412 2
569 2578 2
569 2661 2
569 3397 2
569 4032 2
569 4065 2
569 5995 2
570 3251 2
570 3366 2
570 3647 2
570 5241 2
570 6087 2
570 6869 2
570 654 2
570 4396 2
571 1084 2
571 1993 2
571 4171 2
571 6791 2
571 622 2
571 1046 2
572 614 2
572 707 2
572 1245 2
572 2014 2
572 2953 2
572 3353 2
572 906 2
572 1287 2
572 1471 2
572 2995 2
572 4143 2
572 5391 2
573 1011 2
573 1325 2
573 2123 2
573 3263 2
573 6723 2
573 1167 2
573 1174 2
573 1181 2
573 1993 2
573 3516 2
573 4903 2
574 2324 2
574 2800 2
574 2909 2
574 4956 2
574 4994 2
574 687 2
574 763 2
574 1134 2
574 1307 2
574 1891 2
574 3089 2
574 4693 2
574 4821 2
574 6038 2
574 6430 2
574 6771 2
575 1944 2
575 2007 2
575 3629 2
575 3841 2
575 4838 2
575 4892 2
575 5251 2
575 5526 2
575 5650 2
575 6027 2
575 6166 2
575 6541 2
575 667 2
575 1301 2
575 1419 2
575 1477 2
575 1999 2
575 3002 2
575 3217 2
575 4004 2
575 6998 2
575 6047 2
576 799 2
576 1028 2
576 1060 2
576 1340 2
576 1821 2
576 2468 2
576 3272 2
576 3325 2
576 4396 2
576 6395 2
576 1565 2
576 1767 2
576 2156 2
576 2626 2
576 3977 2
576 4249 2
576 6337 2
577 1025 2
577 1069 2
577 1140 2
577 2445 2
577 2746 2
577 3414 2
577 5066 2
577 828 2
577 1007 2
577 1838 2
577 1937 2
577 2206 2
577 2333 2
577 2475 2
577 3140 2
577 3995 2
577 4290 2
577 5741 2
578 593 2
578 637 2
578 645 2
578 672 2
578 735 2
578 807 2
578 1582 2
578 1708 2
578 1950 2
578 2088 2
578 2175 2
578 2642 2
578 3014 2
578 3080 2
578 3226 2
578 4771 2
578 5078 2
578 6364 2
578 6568 2
578 1193 2
578 1246 2
578 1504 2
578 1680 2
578 1908 2
578 2068 2
578 4980 2
578 5064 2
578 5229 2
578 6063 2
578 6862 2
579 1400 2
579 1693 2
579 2256 2
579 2775 2
579 3246 2
579 4833 2
579 4153 2
579 5238 2
580 789 2
580 938 2
580 1493 2
580 2127 2
580 2755 2
580 2881 2
580 3531 2
580 4916 2
580 5109 2
580 1331 2
580 2261 2
580 5423 2
581 724 2
581 1044 2
581 1814 2
581 2300 2
581 2370 2
581 2398 2
581 3356 2
581 3517 2
581 6931 2
581 4224 2
581 4493 2
581 4737 2
581 5257 2
581 6877 2
581 661 2
581 677 2
581 3554 2
581 5418 2
581 5770 2
582 701 2
582 1675 2
582 2701 2
582 658 2
582 721 2
582 831 2
582 834 2
582 1210 2
582 1917 2
582 2780 2
582 2958 2
582 3652 2
582 4305 2
582 5282 2
582 5475 2
582 5791 2
582 6267 2
582 6793 2
583 874 2
583 3318 2
583 3793 2
583 6613 2
583 2614 2
583 3233 2
584 639 2
584 655 2
584 664 2
584 968 2
584 1082 2
584 1102 2
584 1443 2
584 1714 2
584 1814 2
584 2141 2
584 2317 2
584 3023 2
584 3600 2
584 4573 2
584 4753 2
584 4932 2
584 5277 2
584 5318 2
584 6644 2
584 6878 2
585 3062 2
585 3779 2
585 3894 2
585 6000 2
585 644 2
585 657 2
585 1014 2
585 1036 2
585 1641 2
585 2485 2
585 2784 2
585 3669 2
585 3701 2
585 4168 2
585 4399 2
585 4830 2
585 5703 2
585 6099 2
585 6168 2
585 6486 2
585 6571 2
585 6777 2
586 628 2
586 703 2
586 2053 2
586 2478 2
586 3474 2
586 5641 2
586 6136 2
586 960 2
586 1115 2
586 1232 2
586 1372 2
586 1589 2
586 1897 2
586 1945 2
586 2185 2
586 2956 2
586 4020 2
586 4210 2
586 4951 2
586 6618 2
587 644 2
587 1153 2
587 1499 2
587 2020 2
587 2640 2
587 2753 2
587 3555 2
587 3848 2
587 4639 2
587 5304 2
587 5830 2
587 4493 2
587 5655 2
587 5666 2
588 2193 2
588 4755 2
588 6183 2
588 673 2
588 728 2
588 1049 2
588 1496 2
588 1636 2
588 2050 2
588 3543 2
588 3967 2
588 6285 2
588 6729 2
589 668 2
589 934 2
589 1232 2
589 2030 2
589 2890 2
589 3115 2
589 4138 2
589 4388 2
589 5987 2
589 6913 2
589 924 2
589 1011 2
589 1021 2
589 1037 2
589 1206 2
589 1272 2
589 1827 2
589 2191 2
589 2313 2
589 2436 2
589 3426 2
589 3935 2
589 3969 2
589 4010 2
589 4171 2
589 4452 2
589 4482 2
589 4496 2
589 5455 2
589 5776 2
589 6276 2
589 6301 2
589 6482 2
590 851 2
590 1234 2
590 1500 2
590 3834 2
590 4074 2
590 5816 2
590 6587 2
590 638 2
590 1118 2
590 1951 2
590 3745 2
590 4101 2
590 5520 2
590 6130 2
591 917 2
591 1373 2
591 1715 2
591 1768 2
591 4202 2
591 4712 2
591 5311 2
591 1868 2
591 2559 2
591 3139 2
591 3929 2
591 4041 2
591 4878 2
592 1334 2
592 1800 2
592 2877 2
592 3547 2
592 653 2
592 1013 2
593 645 2
593 1582 2
593 1789 2
593 1950 2
593 2175 2
593 3003 2
593 3018 2
593 3679 2
593 5323 2
593 6209 2
593 6393 2
593 6896 2
593 836 2
593 2182 2
593 3730 2
593 5617 2
593 6591 2
593 6823 2
594 919 2
594 921 2
594 966 2
594 1254 2
594 1962 2
594 2061 2
594 2142 2
594 2537 2
594 3704 2
594 6845 2
594 881 2
594 1041 2
594 1549 2
594 2320 2
594 2778 2
594 3137 2
594 3848 2
594 4400 2
595 1366 2
595 1561 2
595 1584 2
595 3605 2
595 3959 2
595 4335 2
595 5787 2
595 6059 2
595 1752 2
595 5526 2
595 6087 2
595 6665 2
595 6869 2
596 1772 2
596 3823 2
596 945 2
596 1154 2
596 1191 2
596 1720 2
596 1991 2
596 2319 2
596 2755 2
596 4524 2
596 6122 2
597 657 2
597 1190 2
597 1253 2
597 1372 2
597 1443 2
597 1504 2
597 2036 2
597 4188 2
597 4865 2
597 5507 2
597 5550 2
597 6103 2
597 6353 2
597 6670 2
597 1242 2
597 1497 2
597 2011 2
597 5857 2
597 5941 2
598 812 2
598 1086 2
598 1225 2
598 2831 2
598 3403 2
598 4193 2
598 4306 2
598 6270 2
598 2486 2
598 2918 2
598 3084 2
598 3724 2
599 1152 2
599 1661 2
599 1880 2
599 2001 2
599 2204 2
599 1008 2
599 1808 2
599 2167 2
599 3763 2
599 5795 2
600 602 2
600 980 2
600 1176 2
600 3471 2
601 710 2
601 1835 2
601 2696 2
601 2824 2
601 4281 2
601 5153 2
601 5448 2
601 5771 2
601 812 2
601 931 2
601 1058 2
601 1360 2
601 2157 2
601 2498 2
601 2574 2
601 2879 2
601 3149 2
601 3896 2
601 5028 2
602 980 2
602 1438 2
602 3561 2
602 663 2
602 1078 2
602 1514 2
602 1698 2
602 1732 2
603 2294 2
603 4154 2
603 5774 2
603 1400 2
603 1663 2
603 2280 2
603 2886 2
603 3041 2
604 714 2
604 842 2
604 843 2
604 881 2
604 6942 2
604 1179 2
604 1216 2
604 1666 2
604 2266 2
604 2918 2
604 3291 2
604 4028 2
604 4077 2
604 4082 2
604 4772 2
604 6849 2
604 6862 2
604 1319 2
604 2514 2
604 2670 2
604 3894 2
604 4756 2
604 6979 2
604 5739 2
604 5802 2
605 929 2
605 1287 2
605 1527 2
605 2206 2
605 2351 2
605 2495 2
605 2609 2
605 2872 2
605 4636 2
605 5132 2
605 5873 2
605 6447 2
605 794 2
605 1109 2
605 1560 2
605 1772 2
605 2817 2
605 3996 2
605 4055 2
605 5032 2
605 6991 2
605 5726 2
605 6151 2
605 6345 2
606 712 2
606 1037 2
606 1162 2
606 1394 2
606 1451 2
606 1925 2
606 1951 2
606 6918 2
606 3308 2
607 911 2
607 2009 2
607 2923 2
607 757 2
607 799 2
607 1201 2
607 1280 2
607 1536 2
607 1905 2
607 3047 2
607 3254 2
607 3822 2
607 4434 2
607 5364 2
607 6291 2
607 6759 2
607 6886 2
608 1314 2
608 1360 2
608 1556 2
608 1587 2
608 1965 2
608 3171 2
608 4544 2
608 5410 2
608 5489 2
608 5922 2
608 6317 2
608 1087 2
608 2711 2
608 3299 2
608 3646 2
608 6972 2
608 6843 2
609 787 2
609 1125 2
609 1341 2
609 6961 2
610 897 2
610 1479 2
610 1498 2
610 3684 2
610 3722 2
610 3730 2
610 4070 2
610 4098 2
610 5245 2
610 6808 2
610 6897 2
610 6925 2
610 1146 2
610 1783 2
610 5194 2
611 5355 2
611 6819 2
612 737 2
612 891 2
612 905 2
612 1725 2
612 2089 2
612 3972 2
612 4350 2
612 4592 2
612 5202 2
612 5425 2
612 5545 2
612 5662 2
612 5961 2
612 6694 2
612 816 2
612 975 2
612 988 2
612 1022 2
612 1567 2
612 2043 2
612 2357 2
612 2483 2
612 2971 2
612 2978 2
612 3947 2
613 959 2
613 1125 2
613 3717 2
613 4313 2
613 4714 2
613 5305 2
613 744 2
613 766 2
613 936 2
613 1018 2
613 1140 2
613 1425 2
613 1749 2
613 2516 2
613 2862 2
613 3422 2
613 4628 2
613 4862 2
613 5700 2
613 6414 2
613 6573 2
614 707 2
614 2420 2
614 3468 2
614 3518 2
614 4941 2
614 2441 2
614 3834 2
614 4346 2
614 4665 2
614 6097 2
615 1243 2
615 3563 2
615 4301 2
615 5943 2
615 1183 2
616 680 2
616 1528 2
616 2542 2
616 3469 2
616 4548 2
616 6306 2
616 1434 2
616 2472 2
616 2823 2
616 5254 2
616 6993 2
616 6895 2
617 791 2
617 801 2
617 1161 2
617 1171 2
617 1231 2
617 1290 2
617 1461 2
617 2221 2
617 2333 2
617 2737 2
617 3008 2
617 3222 2
617 4109 2
617 6618 2
617 6895 2
617 932 2
617 3743 2
617 3991 2
617 4528 2
618 2214 2
618 3002 2
618 3040 2
618 4409 2
618 5562 2
618 5639 2
618 731 2
618 999 2
618 1142 2
618 1763 2
618 2099 2
618 3791 2
618 3959 2
618 5151 2
618 5369 2
618 5400 2
618 6491 2
618 6662 2
618 6912 2
619 739 2
619 964 2
619 1006 2
619 2735 2
619 5083 2
619 5326 2
619 5431 2
619 6153 2
619 6392 2
619 845 2
619 939 2
619 1462 2
620 3857 2
620 4991 2
620 6346 2
620 635 2
620 1292 2
620 1864 2
620 1907 2
620 2244 2
620 2434 2
620 4865 2
620 6910 2
621 1972 2
621 2255 2
621 2447 2
621 2853 2
621 3657 2
621 4047 2
621 4521 2
621 4909 2
621 5102 2
621 5967 2
621 1126 2
621 1463 2
621 2199 2
621 2302 2
621 2473 2
621 2638 2
621 5754 2
621 6223 2
622 759 2
622 4014 2
622 5178 2
622 1046 2
623 1464 2
623 1999 2
623 4248 2
623 1209 2
623 1383 2
623 1773 2
623 1834 2
623 2119 2
623 2219 2
623 2401 2
623 4572 2
624 1878 2
624 2102 2
624 2660 2
624 3453 2
624 5361 2
624 5753 2
624 1015 2
624 1318 2
624 1670 2
624 2175 2
624 3883 2
624 4067 2
624 6416 2
625 1589 2
625 3389 2
625 4867 2
625 4873 2
625 1098 2
625 2039 2
625 2818 2
625 4567 2
625 4961 2
625 6840 2
625 6894 2
626 1277 2
626 1687 2
626 2213 2
626 2273 2
626 2650 2
626 4132 2
626 5576 2
626 643 2
626 765 2
626 808 2
626 864 2
626 898 2
626 1249 2
626 1475 2
626 1739 2
626 2735 2
626 3026 2
626 3324 2
626 3379 2
626 4968 2
626 6014 2
626 6104 2
627 6963 2
627 1089 2
627 2612 2
627 3490 2
627 3661 2
627 3876 2
627 5701 2
627 641 2
627 1267 2
628 703 2
628 2991 2
628 5641 2
628 6501 2
628 1178 2
628 1813 2
628 2523 2
628 2899 2
628 3527 2
628 5624 2
628 6916 2
629 1309 2
629 630 2
629 1230 2
629 1548 2
629 3020 2
629 3761 2
629 3921 2
629 4669 2
629 6314 2
630 1284 2
630 1316 2
630 1476 2
630 2309 2
630 2436 2
630 2529 2
630 2792 2
630 3909 2
630 4088 2
630 4300 2
630 5652 2
630 5825 2
630 5927 2
630 6502 2
630 1230 2
630 1289 2
630 1858 2
630 2071 2
630 2236 2
630 2733 2
630 3202 2
630 3761 2
630 4255 2
630 4850 2
630 5302 2
630 5537 2
630 6932 2
631 1051 2
631 1482 2
631 2223 2
631 2835 2
631 4411 2
631 5062 2
631 6660 2
632 780 2
632 861 2
632 925 2
632 927 2
632 955 2
632 1001 2
632 1401 2
632 1627 2
632 1935 2
632 4116 2
632 4608 2
632 5137 2
632 5193 2
632 6458 2
632 6588 2
632 703 2
632 1381 2
632 1556 2
632 2414 2
632 3272 2
632 3932 2
632 4342 2
632 4765 2
632 5338 2
633 767 2
633 770 2
633 1519 2
633 2546 2
633 3324 2
633 3491 2
633 4782 2
633 5897 2
633 6254 2
633 795 2
633 2585 2
633 3853 2
633 4776 2
634 2092 2
634 2851 2
634 4041 2
634 5767 2
634 798 2
634 901 2
634 2179 2
634 2636 2
634 3899 2
634 4081 2
634 4086 2
634 5161 2
635 1199 2
635 2517 2
635 5688 2
635 1907 2
635 6910 2
636 649 2
636 1905 2
636 2477 2
636 2910 2
636 4534 2
636 742 2
636 1478 2
636 1666 2
636 2102 2
636 2241 2
636 2970 2
636 4554 2
636 4631 2
636 4728 2
637 735 2
637 807 2
637 2076 2
637 2097 2
637 2135 2
637 3252 2
637 3267 2
637 3290 2
637 3514 2
637 4414 2
637 4939 2
637 5634 2
637 1054 2
637 1300 2
637 2782 2
637 3240 2
637 5549 2
637 6108 2
638 893 2
638 1281 2
638 2031 2
638 2750 2
638 2798 2
638 3065 2
638 3920 2
638 4701 2
638 4878 2
638 5780 2
638 6354 2
638 6582 2
638 1118 2
638 2015 2
638 3745 2
638 4101 2
638 4408 2
639 2209 2
639 2635 2
639 2939 2
639 4226 2
639 4724 2
639 5393 2
639 5583 2
639 655 2
639 968 2
639 1082 2
639 1100 2
639 1571 2
639 3854 2
640 694 2
640 2261 2
640 4700 2
640 1157 2
640 2237 2
640 2260 2
640 5572 2
640 6503 2
641 2487 2
641 3217 2
641 5791 2
641 1267 2
641 2838 2
641 2980 2
641 4280 2
641 4976 2
641 5467 2
641 5492 2
642 1322 2
642 1614 2
642 1654 2
642 1739 2
642 1868 2
642 1957 2
642 2148 2
642 2691 2
642 2729 2
642 2864 2
642 3103 2
642 3692 2
642 4065 2
642 4492 2
642 4613 2
642 6245 2
642 6928 2
642 5355 2
642 6321 2
643 2163 2
643 3457 2
643 4641 2
643 4903 2
643 6280 2
643 765 2
643 808 2
643 4808 2
643 5187 2
643 6014 2
644 1153 2
644 2640 2
644 3159 2
644 3427 2
644 4063 2
644 4764 2
644 4951 2
644 6024 2
644 6642 2
644 657 2
644 1162 2
644 1166 2
644 1305 2
644 3485 2
644 4258 2
644 4333 2
644 4399 2
644 5487 2
644 6168 2
644 6746 2
645 672 2
645 6984 2
645 1950 2
645 3003 2
645 3018 2
645 3226 2
645 3679 2
645 5859 2
645 688 2
645 958 2
645 965 2
645 1259 2
645 1433 2
645 1645 2
645 3326 2
645 3813 2
645 3940 2
645 4027 2
645 6102 2
645 6373 2
646 1425 2
646 4467 2
646 6314 2
646 6323 2
646 660 2
646 1141 2
646 5325 2
647 705 2
647 709 2
647 1054 2
647 1341 2
647 3510 2
647 755 2
647 1165 2
647 2012 2
647 2308 2
647 2331 2
647 4323 2
647 4327 2
647 4883 2
647 5733 2
647 6421 2
647 6574 2
648 654 2
648 884 2
648 996 2
648 1031 2
648 1074 2
648 1379 2
648 2169 2
648 2461 2
648 2579 2
648 2665 2
648 2827 2
648 3755 2
648 3954 2
648 4314 2
648 838 2
648 962 2
648 1523 2
648 2171 2
648 2594 2
648 5276 2
648 5838 2
648 6303 2
648 6489 2
648 6509 2
649 2477 2
649 2910 2
649 3831 2
649 789 2
649 859 2
649 1396 2
649 1453 2
649 1633 2
649 2262 2
649 5250 2
649 5497 2
649 6356 2
650 1477 2
650 1683 2
650 1700 2
650 2747 2
650 2878 2
650 3082 2
650 3533 2
650 4216 2
650 4638 2
650 4643 2
650 5122 2
650 6522 2
650 1461 2
650 1467 2
650 2430 2
650 2825 2
651 761 2
651 1342 2
651 1421 2
651 3459 2
651 3725 2
651 4310 2
651 4894 2
651 5365 2
651 734 2
651 1784 2
651 2644 2
651 3852 2
651 4864 2
652 695 2
652 933 2
652 1609 2
652 3737 2
652 5956 2
652 1542 2
652 2984 2
652 3878 2
652 6383 2
653 3100 2
653 4458 2
653 4538 2
653 5271 2
653 1175 2
653 2051 2
653 6463 2
654 884 2
654 1469 2
654 2037 2
654 2579 2
654 2676 2
654 779 2
654 894 2
654 1048 2
654 1084 2
654 1874 2
654 2895 2
654 4977 2
654 5356 2
655 1229 2
655 3880 2
655 5237 2
655 6074 2
655 6198 2
655 1082 2
655 1100 2
655 1251 2
655 1714 2
655 3854 2
655 4046 2
655 6450 2
656 3323 2
656 3477 2
656 4919 2
656 6003 2
656 753 2
656 1500 2
656 1818 2
656 1921 2
656 1987 2
656 2100 2
656 2877 2
656 3052 2
656 3388 2
656 3451 2
656 4841 2
656 5915 2
656 6255 2
656 6535 2
656 6813 2
657 3188 2
657 4865 2
657 1014 2
657 1162 2
657 1305 2
657 2194 2
657 2361 2
657 2784 2
657 4168 2
657 4258 2
657 4891 2
657 5487 2
657 5681 2
657 5922 2
658 1460 2
658 1634 2
658 2544 2
658 2624 2
658 3487 2
658 4589 2
658 5819 2
658 721 2
658 831 2
658 834 2
658 1210 2
658 1674 2
658 1917 2
658 2255 2
658 2307 2
658 2484 2
658 2958 2
658 3061 2
658 3430 2
658 3652 2
658 4629 2
658 5058 2
658 5475 2
658 6267 2
659 1363 2
659 1597 2
659 4229 2
659 4368 2
660 1530 2
660 1751 2
660 1838 2
660 2155 2
660 1141 2
660 2038 2
660 4511 2
660 4577 2
660 5325 2
661 1832 2
661 2614 2
661 2604 2
661 3554 2
661 4443 2
661 4652 2
661 5770 2
661 6217 2
662 2059 2
662 2823 2
662 2948 2
662 5211 2
662 5328 2
662 1044 2
662 1380 2
662 1971 2
662 2164 2
662 2547 2
662 3108 2
662 4104 2
662 4392 2
662 5705 2
663 758 2
663 792 2
663 1112 2
663 2224 2
663 2450 2
663 2773 2
663 3165 2
663 3967 2
663 4289 2
663 6002 2
663 6643 2
663 1078 2
663 2462 2
663 3181 2
664 1443 2
664 2317 2
664 3067 2
664 4880 2
664 4932 2
664 5098 2
664 6878 2
665 868 2
665 908 2
665 1088 2
665 1952 2
665 2818 2
665 2941 2
665 3363 2
665 6941 2
665 4265 2
665 5777 2
665 5954 2
665 6021 2
665 6775 2
665 1629 2
665 1690 2
665 3242 2
665 5316 2
665 5626 2
665 6835 2
666 706 2
666 880 2
666 1487 2
666 1549 2
666 3393 2
666 3980 2
666 4213 2
666 5085 2
666 5130 2
666 5418 2
666 5697 2
666 5779 2
666 5877 2
666 827 2
666 2953 2
666 3584 2
666 3873 2
666 5059 2
667 4693 2
667 6255 2
667 1419 2
667 1477 2
667 5722 2
668 835 2
668 1038 2
668 1232 2
668 1540 2
668 1714 2
668 2030 2
668 2693 2
668 2926 2
668 3335 2
668 3373 2
668 4186 2
668 4756 2
668 4992 2
668 5088 2
668 5267 2
668 5735 2
668 5926 2
668 1059 2
668 1261 2
668 5217 2
669 977 2
669 1132 2
669 1553 2
669 2749 2
669 5770 2
669 5982 2
669 867 2
669 904 2
669 914 2
669 981 2
669 1430 2
669 1476 2
669 1595 2
669 1807 2
669 2132 2
669 2195 2
669 2329 2
669 2384 2
669 2645 2
669 3733 2
669 4302 2
669 5602 2
669 5637 2
669 5638 2
669 5664 2
669 6034 2
670 1188 2
670 3098 2
670 4274 2
670 4451 2
670 5415 2
670 5789 2
670 6191 2
670 6297 2
670 6576 2
670 2381 2
670 2505 2
670 3973 2
670 5567 2
670 5748 2
671 800 2
671 1511 2
671 2311 2
671 3306 2
671 4211 2
671 4494 2
671 4827 2
671 4948 2
671 5807 2
671 1192 2
671 2009 2
671 3319 2
671 3559 2
671 3601 2
671 5294 2
672 3226 2
672 5859 2
672 6359 2
672 6364 2
672 6568 2
672 2744 2
672 4813 2
673 838 2
673 960 2
673 1288 2
673 1663 2
673 1847 2
673 2457 2
673 3612 2
673 3646 2
673 4002 2
673 6429 2
673 847 2
673 1245 2
673 2050 2
673 2368 2
673 2378 2
673 3427 2
673 5299 2
673 5757 2
673 6729 2
673 6826 2
674 1051 2
674 1880 2
674 3539 2
674 4363 2
674 5010 2
674 5510 2
675 745 2
675 1248 2
675 2306 2
675 3461 2
675 4769 2
675 5113 2
675 715 2
675 725 2
675 770 2
675 1057 2
675 1586 2
675 2474 2
675 3036 2
675 3148 2
675 3849 2
675 3911 2
676 2670 2
676 2959 2
676 5347 2
676 3837 2
677 852 2
677 971 2
677 3386 2
677 3969 2
677 3986 2
677 2165 2
678 1114 2
678 1169 2
678 1506 2
678 3916 2
678 749 2
678 1402 2
678 2394 2
678 4207 2
679 1207 2
679 1610 2
679 3181 2
679 4097 2
679 4584 2
679 5758 2
679 5857 2
679 774 2
679 1069 2
679 1195 2
679 1395 2
679 1510 2
679 1538 2
679 1687 2
679 2024 2
679 2061 2
679 2117 2
679 2250 2
679 3101 2
679 3500 2
679 3802 2
679 4419 2
679 4474 2
679 5170 2
679 5480 2
679 5849 2
679 6551 2
679 6583 2
680 771 2
680 1843 2
680 2888 2
680 3219 2
680 3479 2
680 3602 2
680 3860 2
680 6600 2
680 6841 2
681 1507 2
681 2599 2
681 3320 2
681 5487 2
681 5632 2
681 918 2
681 2630 2
681 3631 2
681 6855 2
682 816 2
682 1497 2
682 3919 2
682 4952 2
682 5442 2
682 5646 2
682 700 2
682 996 2
682 1139 2
682 1553 2
682 1848 2
682 2376 2
682 2796 2
682 3987 2
682 4050 2
682 4459 2
682 5221 2
682 6027 2
682 6289 2
683 2664 2
683 2677 2
683 2945 2
683 5034 2
683 6551 2
683 713 2
683 1600 2
683 1725 2
683 3740 2
683 4177 2
684 700 2
684 781 2
684 1282 2
684 1795 2
684 2170 2
684 5214 2
684 821 2
684 2211 2
684 2422 2
684 3747 2
684 4277 2
684 4464 2
684 4578 2
684 4739 2
685 727 2
685 1220 2
685 1471 2
685 1533 2
685 1741 2
685 1745 2
685 1886 2
685 2344 2
685 2822 2
685 4039 2
685 4263 2
685 5978 2
685 6173 2
685 6717 2
685 6825 2
685 1526 2
685 1627 2
685 2245 2
685 6514 2
686 2039 2
686 4650 2
686 4037 2
686 5618 2
686 6908 2
687 797 2
687 1422 2
687 1424 2
687 2249 2
687 3039 2
687 3617 2
687 3703 2
687 3836 2
687 3924 2
687 5587 2
687 1134 2
687 1307 2
687 1861 2
687 1891 2
687 5822 2
687 6194 2
688 1183 2
688 1539 2
688 1565 2
688 1605 2
688 1963 2
688 2279 2
688 2336 2
688 2421 2
688 3504 2
688 4029 2
688 5482 2
688 5931 2
688 6065 2
688 6286 2
688 6533 2
688 6863 2
688 958 2
688 965 2
688 2084 2
688 3126 2
688 3326 2
688 3940 2
688 4027 2
688 6055 2
689 1067 2
689 1431 2
689 1971 2
689 3260 2
689 3315 2
689 762 2
689 1481 2
689 1519 2
689 1562 2
689 2342 2
689 2563 2
689 3722 2
689 4924 2
689 5248 2
689 5331 2
690 967 2
690 5080 2
690 6312 2
690 1455 2
690 3138 2
690 3246 2
690 4522 2
690 5292 2
690 6469 2
691 805 2
691 1321 2
691 2390 2
691 2423 2
691 2567 2
691 3689 2
691 3944 2
691 3955 2
691 3976 2
691 4623 2
691 693 2
691 857 2
691 1656 2
691 2140 2
691 3069 2
691 3990 2
691 4645 2
692 932 2
692 2379 2
692 2751 2
692 2814 2
692 4240 2
692 4547 2
692 6193 2
692 6215 2
692 6345 2
692 783 2
692 871 2
692 1213 2
692 1413 2
692 1896 2
692 3415 2
692 5343 2
693 760 2
693 2012 2
693 2081 2
693 2211 2
693 2301 2
693 2850 2
693 3783 2
693 3915 2
693 4067 2
693 5302 2
693 5485 2
693 1656 2
693 1960 2
693 2246 2
693 2344 2
693 3236 2
693 4645 2
693 4763 2
694 793 2
694 1671 2
694 2046 2
694 2261 2
694 3806 2
694 5417 2
694 1417 2
694 1750 2
694 1954 2
694 2054 2
694 6089 2
695 3737 2
695 5956 2
695 992 2
695 1239 2
696 1154 2
696 1239 2
696 4652 2
696 4719 2
696 809 2
696 1199 2
696 2656 2
696 2698 2
696 2989 2
696 3648 2
696 4457 2
696 5871 2
696 5993 2
697 2825 2
697 2898 2
697 4446 2
697 913 2
697 6046 2
697 6361 2
698 1870 2
698 2195 2
698 2235 2
698 2264 2
698 2572 2
698 3034 2
698 3174 2
698 3873 2
698 3938 2
698 5443 2
698 6419 2
698 1612 2
698 2658 2
698 2815 2
698 4519 2
698 4770 2
698 4825 2
699 994 2
699 1531 2
699 1783 2
699 2246 2
699 2404 2
699 2654 2
699 2787 2
699 3998 2
699 5281 2
699 5484 2
699 6320 2
699 6327 2
699 6376 2
699 6532 2
699 6792 2
699 748 2
699 803 2
699 937 2
699 954 2
699 1070 2
699 2001 2
699 2983 2
699 3033 2
699 3094 2
699 3603 2
699 4108 2
699 4807 2
699 5322 2
699 5991 2
700 949 2
700 1719 2
700 1876 2
700 6972 2
700 2292 2
700 2868 2
700 2960 2
700 3056 2
700 3152 2
700 3480 2
700 4426 2
700 5299 2
700 5998 2
700 1139 2
700 1848 2
700 1977 2
700 2077 2
700 2459 2
700 3987 2
700 4819 2
700 5191 2
700 6289 2
701 2701 2
701 3069 2
701 3698 2
701 4730 2
701 5031 2
701 1488 2
701 2004 2
701 4963 2
702 1106 2
702 1395 2
702 1771 2
702 1930 2
702 2678 2
702 2765 2
702 3249 2
702 3666 2
702 3723 2
702 4037 2
702 4269 2
702 4984 2
702 5042 2
702 6833 2
702 852 2
702 1188 2
702 2675 2
702 3032 2
702 4066 2
703 2991 2
703 6136 2
703 1889 2
703 2414 2
703 4765 2
704 886 2
704 1903 2
704 2274 2
704 2503 2
704 2699 2
704 3175 2
704 3849 2
704 4983 2
704 5969 2
704 1335 2
704 3005 2
705 1054 2
705 1613 2
705 5479 2
705 6139 2
705 6315 2
705 6747 2
705 2091 2
705 2383 2
705 4371 2
705 4612 2
706 880 2
706 1487 2
706 3980 2
706 4021 2
706 5480 2
706 5577 2
706 5779 2
706 6030 2
706 1390 2
706 1859 2
706 2760 2
706 2928 2
706 3201 2
706 3315 2
706 4871 2
706 5374 2
706 5643 2
706 5972 2
706 6387 2
706 6763 2
706 6889 2
707 2420 2
707 3353 2
707 3468 2
707 955 2
707 1513 2
707 1995 2
707 3312 2
707 3455 2
707 3475 2
707 3490 2
707 3725 2
707 4395 2
707 6752 2
708 1407 2
708 1731 2
708 3367 2
708 4473 2
709 1341 2
709 1773 2
709 2464 2
709 4305 2
709 5824 2
709 5957 2
709 1111 2
709 1405 2
709 1950 2
709 2741 2
709 2994 2
709 3074 2
709 3353 2
709 4671 2
710 1578 2
710 4967 2
710 5724 2
710 849 2
710 1323 2
710 1909 2
710 6350 2
710 6601 2
710 6812 2
711 1020 2
711 4215 2
711 5126 2
711 1845 2
711 3383 2
711 3511 2
711 4754 2
711 6338 2
711 6461 2
712 1037 2
712 1451 2
712 1925 2
712 2258 2
712 2633 2
712 2745 2
712 2907 2
712 3102 2
712 5209 2
712 835 2
712 1150 2
712 1544 2
712 2346 2
712 2814 2
712 2936 2
712 3253 2
712 3578 2
712 4537 2
712 4603 2
712 4797 2
712 4915 2
712 5661 2
712 6457 2
712 6687 2
712 6794 2
713 1263 2
713 1266 2
713 1677 2
713 1855 2
713 1966 2
713 2573 2
713 5740 2
713 6205 2
713 3886 2
714 881 2
714 1292 2
714 1978 2
714 2229 2
714 2389 2
714 2918 2
714 3686 2
714 4017 2
714 4077 2
714 4687 2
714 4754 2
714 5310 2
714 5573 2
714 6600 2
714 6836 2
714 887 2
714 1554 2
714 3060 2
714 3986 2
714 4119 2
714 4592 2
714 4882 2
714 4913 2
714 5228 2
714 6622 2
714 6706 2
715 764 2
715 1144 2
715 1189 2
715 2177 2
715 3529 2
715 3594 2
715 5269 2
715 6007 2
716 3048 2
716 4406 2
716 4858 2
716 5536 2
716 6288 2
716 893 2
716 1654 2
716 2808 2
716 3296 2
716 4105 2
716 4610 2
717 841 2
717 903 2
717 3683 2
717 6324 2
717 1403 2
717 4840 2
718 2250 2
718 2417 2
718 2937 2
718 3761 2
718 4953 2
718 6004 2
718 1339 2
718 1710 2
718 2003 2
719 4238 2
719 732 2
719 2615 2
719 3269 2
719 3399 2
719 3793 2
719 3905 2
719 4656 2
720 848 2
720 2367 2
720 2984 2
720 1248 2
720 2204 2
720 3565 2
720 5758 2
721 912 2
721 916 2
721 1062 2
721 1300 2
721 1412 2
721 1909 2
721 2208 2
721 2625 2
721 3548 2
721 3599 2
721 3818 2
721 4558 2
721 5512 2
721 5647 2
721 834 2
721 2255 2
721 2780 2
721 4305 2
721 4580 2
721 4636 2
721 5082 2
722 751 2
722 1068 2
722 1077 2
722 1194 2
722 1585 2
722 2216 2
722 2730 2
722 3904 2
722 3937 2
722 4949 2
722 5255 2
722 5800 2
722 6507 2
722 775 2
722 1086 2
722 1205 2
722 1365 2
722 1623 2
722 1715 2
722 2404 2
722 2728 2
722 3027 2
722 3666 2
722 3958 2
722 4077 2
722 4152 2
722 4905 2
722 6010 2
723 915 2
723 1021 2
723 1103 2
723 1139 2
723 1543 2
723 1755 2
723 2505 2
723 2845 2
723 2863 2
723 3348 2
723 3375 2
723 3754 2
723 3987 2
723 6352 2
723 2397 2
723 3660 2
723 4299 2
723 4613 2
723 6432 2
724 2370 2
724 3517 2
724 3549 2
724 4737 2
724 5257 2
724 899 2
724 1575 2
724 2126 2
724 3571 2
724 5000 2
725 1786 2
725 5010 2
725 5463 2
725 5881 2
725 770 2
725 3148 2
725 3196 2
726 1192 2
726 3540 2
726 4815 2
726 6104 2
726 6386 2
726 3051 2
726 6544 2
727 1220 2
727 1526 2
727 1886 2
727 2476 2
727 2587 2
727 2967 2
727 6966 2
727 781 2
727 863 2
727 1203 2
727 5183 2
728 1257 2
728 1049 2
728 2874 2
728 2931 2
728 4173 2
728 6285 2
729 1428 2
729 1440 2
729 1907 2
729 2472 2
729 4135 2
729 5626 2
729 6378 2
729 946 2
729 1609 2
729 1988 2
729 2224 2
729 2448 2
729 2701 2
729 3436 2
729 3620 2
729 4018 2
729 4328 2
729 4930 2
729 6231 2
730 936 2
730 6409 2
730 826 2
730 1742 2
730 1765 2
730 1796 2
730 2055 2
730 2966 2
730 2967 2
730 3340 2
730 3609 2
730 3888 2
730 4413 2
730 4751 2
730 4777 2
730 5983 2
730 6242 2
730 6785 2
731 1913 2
731 3572 2
731 4553 2
731 999 2
731 1144 2
731 1465 2
731 1480 2
731 1545 2
731 2099 2
731 2216 2
731 2385 2
731 2564 2
731 3517 2
731 4402 2
731 5146 2
731 5505 2
731 6156 2
731 6426 2
731 6572 2
731 6662 2
732 958 2
732 1524 2
732 1774 2
732 2201 2
732 2385 2
732 2566 2
732 2875 2
732 3645 2
732 4107 2
732 4439 2
732 4571 2
732 5289 2
732 1179 2
732 1263 2
732 1384 2
732 1640 2
732 3269 2
732 3492 2
732 3905 2
732 4656 2
732 4897 2
733 990 2
733 1212 2
733 1515 2
733 1990 2
733 2094 2
733 2330 2
733 3169 2
733 3856 2
734 879 2
734 4807 2
734 5287 2
734 5458 2
734 6058 2
734 1270 2
734 1784 2
734 4304 2
734 6190 2
735 807 2
735 1708 2
735 2076 2
735 2097 2
735 3290 2
735 3736 2
735 4222 2
735 4507 2
735 4648 2
735 4939 2
735 1364 2
735 1741 2
735 3165 2
735 3638 2
735 4211 2
735 5580 2
735 5639 2
735 6393 2
735 6483 2
736 4595 2
736 5557 2
736 745 2
736 1825 2
736 2135 2
736 2717 2
736 2819 2
736 3530 2
736 3570 2
736 4535 2
736 5698 2
737 4350 2
737 5425 2
737 1347 2
737 1387 2
737 2299 2
737 2468 2
737 2705 2
737 3506 2
737 5636 2
737 6762 2
737 6830 2
738 2376 2
738 3221 2
738 3281 2
738 3317 2
738 6293 2
738 6723 2
739 964 2
739 1730 2
739 2302 2
739 2735 2
739 3372 2
739 4462 2
739 4605 2
739 5083 2
739 5431 2
739 5752 2
739 6392 2
739 2200 2
739 3171 2
740 2183 2
740 2524 2
740 2629 2
740 2652 2
740 2687 2
740 4179 2
740 6267 2
740 1525 2
740 1689 2
740 2041 2
740 2107 2
740 4300 2
740 5405 2
741 2232 2
741 941 2
741 1385 2
741 4651 2
741 6322 2
742 1594 2
742 1684 2
742 2375 2
742 3146 2
742 5658 2
742 5884 2
742 1903 2
742 2205 2
743 1844 2
743 2368 2
743 3943 2
743 4445 2
743 3200 2
743 5806 2
743 6407 2
744 2473 2
744 1140 2
744 2098 2
744 3062 2
744 3230 2
744 5266 2
744 6719 2
745 1248 2
745 2306 2
745 4769 2
745 1067 2
745 1156 2
745 3530 2
745 3633 2
745 6625 2
746 749 2
746 774 2
746 970 2
746 1014 2
746 1356 2
746 1636 2
746 2374 2
746 3207 2
746 3963 2
746 5538 2
746 1608 2
746 1727 2
746 3477 2
747 853 2
747 1035 2
747 2285 2
747 2381 2
747 2704 2
747 2917 2
747 3307 2
747 3405 2
747 4694 2
747 4885 2
747 5243 2
747 6140 2
747 6499 2
747 800 2
747 956 2
747 1435 2
747 1678 2
747 2352 2
747 3378 2
747 3562 2
747 5490 2
747 5996 2
747 6275 2
748 1656 2
748 1914 2
748 2041 2
748 3257 2
748 803 2
748 937 2
748 1728 2
748 2738 2
748 2941 2
748 3033 2
748 3328 2
748 3960 2
748 4759 2
748 5057 2
749 774 2
749 809 2
749 970 2
749 1014 2
749 1016 2
749 1356 2
749 1385 2
749 1623 2
749 1636 2
749 1641 2
749 1942 2
749 2164 2
749 2443 2
749 2456 2
749 2571 2
749 2882 2
749 2896 2
749 3387 2
749 3522 2
749 4016 2
749 4267 2
749 4528 2
749 4783 2
749 2557 2
749 4207 2
750 1158 2
750 1298 2
750 4329 2
750 4997 2
750 5035 2
750 6749 2
750 3993 2
751 885 2
751 1068 2
751 1601 2
751 1887 2
751 4162 2
751 4302 2
751 4614 2
751 4855 2
751 5218 2
751 5332 2
751 5653 2
751 3885 2
752 963 2
752 2769 2
752 6444 2
752 6601 2
752 6865 2
752 6981 2
752 850 2
752 862 2
752 870 2
752 905 2
752 977 2
752 1009 2
752 1050 2
752 1444 2
752 3105 2
752 3177 2
752 3318 2
752 6982 2
753 5238 2
753 1921 2
753 1963 2
753 3052 2
753 4841 2
753 5761 2
754 2634 2
754 2996 2
754 3177 2
754 3756 2
754 4412 2
754 4549 2
754 4908 2
754 4926 2
754 5889 2
754 1255 2
754 6757 2
755 3489 2
755 5437 2
755 1165 2
755 2012 2
755 2122 2
755 3295 2
755 3424 2
755 4060 2
755 4115 2
755 4575 2
755 4634 2
755 5588 2
755 5733 2
756 1034 2
756 1283 2
756 2549 2
756 1180 2
756 1886 2
756 3537 2
757 1315 2
757 1711 2
757 3412 2
757 4100 2
757 4455 2
757 4508 2
757 4554 2
757 4998 2
757 5090 2
757 5394 2
757 5915 2
757 6326 2
757 1201 2
757 1280 2
757 1786 2
758 792 2
758 1829 2
758 2224 2
758 4468 2
758 5934 2
758 6597 2
758 6769 2
758 944 2
758 987 2
758 1184 2
758 1355 2
758 1630 2
758 1819 2
758 1851 2
758 2032 2
758 2533 2
758 2861 2
758 4006 2
758 4364 2
758 4919 2
759 824 2
759 1045 2
759 1190 2
759 1583 2
759 1622 2
759 1923 2
759 2229 2
759 2263 2
759 2779 2
759 3059 2
759 3779 2
759 3928 2
759 4235 2
759 4374 2
759 5918 2
759 6166 2
760 2012 2
760 2032 2
760 2211 2
760 3783 2
760 5302 2
760 978 2
760 1053 2
760 1092 2
760 1282 2
760 1325 2
760 1757 2
760 1968 2
760 2526 2
760 3294 2
760 3359 2
760 4666 2
760 4729 2
760 5074 2
760 6673 2
761 1342 2
761 1382 2
761 2149 2
761 2617 2
761 2938 2
761 3725 2
761 4894 2
761 5223 2
761 5445 2
761 5920 2
761 815 2
761 997 2
761 1704 2
761 1795 2
761 4741 2
762 1092 2
762 5367 2
762 6876 2
762 903 2
762 1481 2
762 1519 2
762 2393 2
762 3144 2
762 3382 2
762 4243 2
762 4372 2
762 4843 2
762 4924 2
762 5331 2
762 5969 2
762 6068 2
763 768 2
763 1102 2
763 1168 2
763 1987 2
763 2892 2
763 3089 2
763 4821 2
763 6038 2
763 6771 2
764 2177 2
764 2602 2
764 2754 2
764 3541 2
764 3594 2
764 6234 2
764 1486 2
764 1743 2
764 1967 2
764 2207 2
764 3271 2
764 5745 2
764 6529 2
764 6553 2
765 1206 2
765 2068 2
765 2320 2
765 2673 2
765 3982 2
765 6970 2
765 4901 2
765 5539 2
765 5655 2
765 6408 2
765 6443 2
765 898 2
765 1249 2
765 2617 2
765 2632 2
765 3379 2
765 4150 2
766 1577 2
766 1640 2
766 1793 2
766 2244 2
766 2268 2
766 2523 2
766 3006 2
766 3734 2
766 4005 2
766 4243 2
766 936 2
766 1370 2
766 1425 2
766 3422 2
766 3639 2
766 4862 2
766 6224 2
766 6801 2
767 1057 2
767 1871 2
767 4115 2
767 5128 2
767 817 2
767 1328 2
767 1572 2
767 1649 2
767 1719 2
767 1912 2
767 2212 2
767 2345 2
767 4015 2
767 6295 2
767 6919 2
768 1987 2
768 804 2
768 3794 2
768 5931 2
768 6100 2
768 6520 2
769 981 2
769 1857 2
769 3127 2
769 5288 2
769 829 2
769 1787 2
770 1519 2
770 1879 2
770 2987 2
770 3491 2
770 3726 2
771 1217 2
771 1572 2
771 2016 2
771 2492 2
771 2638 2
771 2974 2
771 3208 2
771 6977 2
771 4061 2
771 6751 2
771 6953 2
771 1843 2
771 2844 2
771 2888 2
771 3219 2
771 4051 2
771 4546 2
771 5189 2
771 5437 2
771 5629 2
771 5674 2
771 5779 2
771 6873 2
772 806 2
772 941 2
772 982 2
772 1764 2
772 2017 2
772 2369 2
772 2433 2
772 2496 2
772 3355 2
772 3432 2
772 5948 2
772 6645 2
772 2296 2
772 3198 2
772 4182 2
773 1434 2
773 2606 2
773 4929 2
773 886 2
773 1432 2
773 1637 2
773 1681 2
773 2323 2
773 2424 2
773 2745 2
773 2806 2
773 3478 2
773 6092 2
774 809 2
774 978 2
774 1014 2
774 1016 2
774 1252 2
774 2507 2
774 2571 2
774 2882 2
774 3963 2
774 4651 2
774 5272 2
774 6719 2
774 6959 2
774 1538 2
774 1734 2
774 1803 2
774 2232 2
774 2250 2
774 3662 2
774 4191 2
774 6229 2
774 6271 2
775 1368 2
775 3159 2
775 3914 2
775 4077 2
775 4905 2
775 4992 2
776 901 2
776 3716 2
776 5250 2
776 935 2
776 1296 2
776 2792 2
776 2915 2
776 4619 2
777 1181 2
777 1278 2
777 2050 2
777 2387 2
777 3501 2
777 3534 2
777 4476 2
777 6108 2
777 2684 2
777 3220 2
778 3623 2
778 2532 2
778 2945 2
778 2986 2
778 3245 2
778 6634 2
779 828 2
779 2647 2
779 894 2
779 994 2
779 1055 2
779 1874 2
779 1883 2
779 2822 2
779 3102 2
779 3643 2
779 4361 2
779 4470 2
779 4525 2
779 4977 2
779 5947 2
779 6211 2
780 861 2
780 1001 2
780 1401 2
780 4116 2
780 5193 2
780 6588 2
780 807 2
780 1603 2
780 2063 2
780 4155 2
781 1282 2
781 1795 2
781 2615 2
781 5201 2
781 5263 2
781 5726 2
781 1085 2
781 1982 2
781 2413 2
781 3869 2
781 4192 2
781 4811 2
781 5183 2
781 6425 2
781 6717 2
782 1127 2
782 2734 2
782 3321 2
782 3322 2
782 3498 2
782 3670 2
782 4066 2
782 6097 2
782 6168 2
782 6919 2
782 1138 2
782 3997 2
782 4102 2
782 4923 2
782 5073 2
782 6556 2
783 899 2
783 943 2
783 1626 2
783 2109 2
783 2158 2
783 2395 2
783 3470 2
783 3545 2
783 871 2
783 1119 2
783 1213 2
783 2553 2
783 2568 2
783 3415 2
783 4492 2
783 5343 2
783 5591 2
783 6494 2
784 1255 2
784 1779 2
784 4680 2
784 1418 2
784 1489 2
784 1573 2
784 1697 2
784 2240 2
784 3686 2
785 873 2
785 1022 2
785 2106 2
785 2178 2
785 3391 2
785 3845 2
785 4826 2
785 5075 2
785 6050 2
785 1122 2
785 3336 2
785 5544 2
786 4393 2
786 5264 2
786 6143 2
786 6647 2
786 1768 2
786 1910 2
786 2771 2
786 2790 2
786 4942 2
786 5484 2
786 5756 2
786 6642 2
787 1258 2
787 2859 2
787 6917 2
787 1284 2
787 6961 2
787 4486 2
788 802 2
788 983 2
788 1099 2
788 1115 2
788 1686 2
788 1728 2
788 1791 2
788 2491 2
788 2715 2
788 3358 2
788 4127 2
788 4454 2
788 4667 2
788 4711 2
788 4819 2
788 4895 2
788 5511 2
788 5901 2
788 6774 2
788 1108 2
788 1225 2
788 1885 2
788 3499 2
788 6120 2
789 938 2
789 1493 2
789 1985 2
789 2428 2
789 3531 2
789 3996 2
789 810 2
789 859 2
789 1396 2
789 1453 2
789 1618 2
789 1633 2
789 1849 2
789 1998 2
789 2389 2
789 3466 2
789 3610 2
789 4640 2
789 5250 2
789 5768 2
789 6127 2
789 6356 2
789 6734 2
790 878 2
790 1827 2
790 1859 2
790 1862 2
790 2033 2
790 1346 2
790 1450 2
790 1509 2
790 1699 2
790 1821 2
790 2147 2
790 2482 2
790 3361 2
790 3659 2
790 3711 2
790 4608 2
790 5201 2
790 5710 2
790 6154 2
790 6347 2
791 896 2
791 1415 2
791 2349 2
791 3017 2
791 4387 2
791 5105 2
791 5620 2
791 5811 2
792 1112 2
792 1829 2
792 2224 2
792 2450 2
792 3967 2
792 4468 2
792 6769 2
792 1490 2
792 3728 2
793 857 2
793 1148 2
793 1671 2
793 2644 2
793 2833 2
793 3806 2
793 4019 2
793 4083 2
793 4877 2
793 5210 2
793 5276 2
793 6753 2
793 1972 2
793 2511 2
793 3677 2
793 3936 2
793 4398 2
793 6720 2
794 1295 2
794 2189 2
794 2836 2
794 3162 2
794 1772 2
794 3996 2
794 5024 2
794 5032 2
794 5196 2
794 5408 2
794 5726 2
794 6030 2
794 6822 2
795 1704 2
795 1724 2
795 2126 2
795 2618 2
795 3934 2
795 5030 2
795 4564 2
796 6987 2
796 1307 2
796 1637 2
796 2202 2
796 2908 2
796 3271 2
796 4173 2
796 4399 2
796 5356 2
796 5407 2
796 5597 2
796 6318 2
796 6412 2
796 908 2
796 1599 2
796 1614 2
796 1872 2
796 3696 2
796 3729 2
796 4875 2
796 4925 2
796 5086 2
797 923 2
797 1881 2
797 2249 2
797 2716 2
797 3617 2
797 3691 2
797 3708 2
797 3869 2
797 3884 2
797 4739 2
797 5537 2
797 6014 2
797 1198 2
797 2884 2
797 4019 2
797 4238 2
797 5897 2
798 819 2
798 1048 2
798 1191 2
798 1362 2
798 1778 2
798 2004 2
798 2166 2
798 2263 2
798 2312 2
798 2412 2
798 3635 2
798 4054 2
798 4828 2
798 4981 2
798 6242 2
798 6527 2
798 4081 2
798 5161 2
799 1060 2
799 1340 2
799 5364 2
799 874 2
799 1436 2
799 2184 2
799 2356 2
799 3047 2
799 6291 2
800 1392 2
800 1511 2
800 2311 2
800 3306 2
800 4494 2
800 5181 2
800 6236 2
800 956 2
800 1012 2
800 1376 2
800 1448 2
800 1973 2
800 2088 2
800 2715 2
800 2858 2
800 2872 2
800 3363 2
800 3564 2
800 4276 2
800 4439 2
800 5380 2
800 5381 2
800 6161 2
800 6442 2
800 6586 2
801 995 2
801 1290 2
801 2441 2
801 2737 2
801 2786 2
801 5187 2
801 5923 2
801 3133 2
801 3224 2
801 3627 2
802 1091 2
802 1099 2
802 1294 2
802 1357 2
802 1791 2
802 2491 2
802 3312 2
802 4780 2
802 5901 2
802 6774 2
802 1016 2
802 1540 2
802 1780 2
802 6637 2
803 1166 2
803 2741 2
803 2846 2
803 2998 2
803 4087 2
803 4522 2
803 6604 2
803 1070 2
803 3033 2
803 3328 2
803 4209 2
804 3542 2
804 1594 2
804 3044 2
804 3794 2
804 6398 2
805 1321 2
805 2390 2
805 2452 2
805 2932 2
805 3182 2
805 3232 2
805 3944 2
805 4536 2
805 6033 2
805 2622 2
805 3058 2
805 4236 2
805 6204 2
806 941 2
806 982 2
806 1548 2
806 1731 2
806 3131 2
806 3807 2
806 4221 2
806 4421 2
806 4774 2
806 6645 2
806 2201 2
806 2214 2
806 2502 2
806 2708 2
806 2824 2
806 3293 2
806 4357 2
806 4874 2
806 6408 2
806 6593 2
806 6907 2
807 3290 2
807 2063 2
807 2949 2
807 4488 2
808 1280 2
808 1467 2
808 5592 2
808 6014 2
809 978 2
809 1016 2
809 1252 2
809 1385 2
809 1942 2
809 2507 2
809 3017 2
809 3947 2
809 4651 2
809 4795 2
809 6137 2
809 6414 2
809 1199 2
809 1869 2
809 2656 2
809 5993 2
809 6118 2
809 6219 2
809 6451 2
809 6561 2
810 1265 2
810 1819 2
810 3050 2
810 4876 2
810 5848 2
810 917 2
811 1349 2
811 1521 2
811 4057 2
811 4628 2
811 6547 2
811 1428 2
811 2650 2
811 2855 2
811 6042 2
812 1086 2
812 1225 2
812 2740 2
812 3403 2
812 3694 2
812 4427 2
812 6270 2
812 6648 2
812 6690 2
812 3149 2
812 5929 2
812 6071 2
813 926 2
813 2409 2
813 2601 2
813 851 2
813 1081 2
813 2094 2
814 1201 2
814 1404 2
814 1586 2
814 2236 2
814 2251 2
814 2329 2
814 2424 2
814 3441 2
814 4770 2
814 5389 2
814 5441 2
814 5734 2
814 6093 2
814 6151 2
814 6246 2
814 6781 2
814 6906 2
814 865 2
814 1071 2
814 1186 2
814 1966 2
814 2019 2
814 2026 2
814 2198 2
814 2426 2
814 3081 2
814 3103 2
814 3134 2
814 3199 2
814 4002 2
814 5224 2
814 5440 2
814 5919 2
814 6043 2
814 6473 2
814 6790 2
815 3313 2
815 1795 2
815 4595 2
815 4741 2
816 1039 2
816 3919 2
816 975 2
816 988 2
816 1758 2
816 2551 2
816 5470 2
817 2590 2
817 3751 2
817 5754 2
817 1066 2
817 1649 2
817 1912 2
817 2212 2
817 3784 2
817 3816 2
817 4015 2
817 5019 2
818 5533 2
818 6384 2
818 1561 2
818 2497 2
818 4688 2
818 5344 2
818 6643 2
819 1191 2
819 2004 2
819 2166 2
819 1777 2
819 4594 2
820 1701 2
820 4726 2
820 4913 2
820 5171 2
820 5981 2
820 6495 2
820 2455 2
820 5621 2
821 1157 2
821 1273 2
821 1825 2
821 2154 2
821 3583 2
821 3776 2
821 4277 2
821 4739 2
821 5728 2
822 870 2
822 1723 2
822 2508 2
822 2703 2
822 2705 2
822 3216 2
822 5070 2
822 6130 2
822 6758 2
822 1161 2
822 1437 2
823 948 2
823 1648 2
823 2595 2
823 3438 2
823 3973 2
823 4348 2
823 4363 2
823 5899 2
823 6304 2
823 6712 2
823 2477 2
823 2768 2
823 3719 2
824 2288 2
824 5217 2
824 1025 2
824 1045 2
824 1113 2
824 1190 2
824 1410 2
824 1427 2
824 1440 2
824 1703 2
824 1878 2
824 2263 2
824 2293 2
824 2417 2
824 3282 2
824 4103 2
824 5125 2
824 5257 2
824 5801 2
824 6178 2
825 1297 2
825 2128 2
825 6020 2
825 4590 2
825 5409 2
825 5737 2
826 2355 2
826 3609 2
826 5234 2
826 5983 2
827 1377 2
827 2522 2
827 3230 2
827 4174 2
827 4254 2
827 4902 2
827 5162 2
827 6203 2
827 2953 2
827 3584 2
827 5179 2
828 2029 2
828 909 2
828 1007 2
828 1096 2
828 1359 2
828 1377 2
828 1717 2
828 1756 2
828 1937 2
828 3132 2
828 3140 2
828 6963 2
828 4541 2
828 4707 2
828 5070 2
828 6977 2
828 5555 2
828 5962 2
828 6874 2
829 840 2
829 1071 2
829 1545 2
829 1713 2
829 2444 2
829 3075 2
829 4322 2
829 6085 2
829 6120 2
829 6924 2
829 1787 2
829 2268 2
830 939 2
830 1163 2
830 1603 2
830 2434 2
830 3231 2
830 3639 2
830 4000 2
830 4922 2
830 1030 2
830 1099 2
830 1684 2
830 2270 2
830 3258 2
830 3355 2
830 4322 2
830 4975 2
830 5075 2
831 918 2
831 1551 2
831 1657 2
831 1877 2
831 2188 2
831 2899 2
831 3774 2
831 4532 2
831 5320 2
831 5488 2
831 5664 2
831 1674 2
831 1917 2
831 5058 2
831 5157 2
831 5282 2
832 951 2
832 2034 2
832 4647 2
832 1439 2
832 1916 2
832 2731 2
832 4549 2
832 6247 2
833 1820 2
833 5236 2
833 866 2
833 1343 2
833 3981 2
833 4710 2
834 2077 2
834 3535 2
834 3753 2
834 5144 2
834 5327 2
834 6250 2
834 1210 2
834 3430 2
834 4305 2
834 5791 2
835 1038 2
835 1540 2
835 1714 2
835 2399 2
835 2693 2
835 4702 2
835 5088 2
835 5345 2
835 1150 2
835 2346 2
835 3253 2
835 3578 2
835 3718 2
835 3780 2
835 3795 2
835 4221 2
835 5587 2
835 6281 2
836 863 2
836 1483 2
836 1804 2
836 3111 2
836 3730 2
836 3887 2
836 4601 2
836 5617 2
836 6608 2
837 1275 2
837 1299 2
837 1399 2
837 1538 2
837 2639 2
837 2934 2
837 2979 2
837 4170 2
837 5945 2
837 922 2
837 1031 2
837 1110 2
837 1277 2
837 1794 2
837 1879 2
837 2579 2
837 2762 2
837 2843 2
837 3371 2
837 3488 2
837 4098 2
837 4113 2
837 4432 2
837 4859 2
837 5267 2
837 6888 2
837 6915 2
837 6926 2
838 1865 2
838 3646 2
838 3780 2
838 5428 2
838 3933 2
838 6303 2
838 6489 2
839 924 2
839 3253 2
839 3460 2
839 3989 2
839 4023 2
839 4857 2
839 5277 2
839 5451 2
839 5651 2
839 5742 2
839 1076 2
839 1354 2
839 1569 2
839 2695 2
839 3093 2
839 4275 2
839 4952 2
839 5126 2
839 5167 2
839 5516 2
839 6654 2
840 1071 2
840 1147 2
840 1713 2
840 3562 2
840 4322 2
840 6704 2
840 1129 2
840 1457 2
840 1607 2
840 2042 2
840 2173 2
840 3636 2
840 5376 2
840 5853 2
841 4398 2
841 6324 2
841 843 2
841 1240 2
841 1303 2
841 1352 2
841 1404 2
841 1555 2
841 1598 2
841 1817 2
841 2074 2
841 2095 2
841 2116 2
841 2680 2
841 3265 2
841 3449 2
841 3661 2
841 3989 2
841 4220 2
841 5329 2
841 6495 2
841 6540 2
842 1179 2
842 1242 2
842 1632 2
842 1839 2
842 2159 2
842 2784 2
842 3351 2
842 6849 2
842 6880 2
842 1254 2
842 1458 2
842 1529 2
842 2324 2
842 2609 2
842 2859 2
842 3524 2
842 4110 2
842 5030 2
842 5721 2
843 1503 2
843 1666 2
843 2266 2
843 2903 2
843 3618 2
843 3899 2
843 4028 2
843 4082 2
843 6185 2
843 6362 2
843 6608 2
843 6683 2
843 844 2
843 1189 2
843 1240 2
843 1388 2
843 1431 2
843 1817 2
843 2044 2
843 2371 2
843 3597 2
843 4070 2
843 4079 2
843 6500 2
844 5142 2
844 1189 2
844 1200 2
844 2647 2
844 4079 2
844 5702 2
844 6246 2
845 1024 2
845 1203 2
845 2411 2
845 2944 2
845 2949 2
845 939 2
846 2516 2
846 3650 2
846 4045 2
846 4752 2
846 6119 2
846 6681 2
847 3184 2
847 1245 2
847 1539 2
847 3338 2
847 5299 2
848 935 2
848 946 2
848 2367 2
848 2713 2
848 2984 2
848 6986 2
848 6589 2
848 1107 2
848 3541 2
848 6710 2
849 928 2
849 1079 2
849 1193 2
849 1639 2
849 1733 2
849 2241 2
849 2337 2
849 3895 2
849 4766 2
849 4800 2
849 6051 2
849 1222 2
849 1323 2
849 1909 2
849 2633 2
849 4033 2
849 5127 2
849 5952 2
849 6350 2
850 862 2
850 870 2
850 3226 2
850 3825 2
850 4533 2
850 4574 2
850 5747 2
851 1111 2
851 1500 2
851 1867 2
851 6257 2
851 6453 2
851 1081 2
851 1677 2
851 2094 2
851 4106 2
851 6323 2
852 971 2
852 3969 2
852 4753 2
852 2675 2
852 3210 2
852 4066 2
852 4388 2
853 2917 2
853 3129 2
853 3307 2
853 3405 2
853 3654 2
853 5585 2
853 6499 2
853 2893 2
853 5360 2
853 5393 2
854 2146 2
854 2690 2
854 3442 2
854 5460 2
854 6798 2
854 2908 2
854 3845 2
854 4749 2
855 2722 2
855 2992 2
855 5466 2
855 1005 2
855 1812 2
855 3435 2
855 5149 2
856 1122 2
856 1552 2
856 3448 2
856 6178 2
856 3588 2
856 4405 2
856 4543 2
856 5459 2
856 6468 2
857 1148 2
857 2644 2
857 3248 2
857 3464 2
857 4083 2
857 6220 2
857 1314 2
857 6964 2
857 2140 2
857 3069 2
857 3212 2
857 4709 2
858 2848 2
858 2915 2
858 3330 2
858 3538 2
858 3905 2
858 4182 2
858 5377 2
858 5564 2
858 6160 2
858 6240 2
858 6684 2
858 1835 2
858 1931 2
858 1953 2
858 3800 2
858 4766 2
858 6045 2
858 6521 2
859 1117 2
859 2680 2
859 3106 2
859 3668 2
859 3995 2
859 4378 2
859 4559 2
859 1453 2
859 1618 2
859 1998 2
859 2131 2
859 2262 2
859 2389 2
859 4958 2
859 5497 2
860 1648 2
860 2921 2
861 927 2
861 955 2
861 2584 2
861 5193 2
861 1653 2
861 6184 2
862 1518 2
862 2343 2
862 3932 2
862 5474 2
862 5736 2
862 6859 2
862 870 2
862 905 2
862 1009 2
862 1444 2
862 1516 2
862 1893 2
862 3226 2
862 3318 2
862 3583 2
862 3825 2
862 5103 2
862 6982 2
862 5694 2
862 5747 2
862 6661 2
863 1567 2
863 1203 2
864 1100 2
864 2121 2
864 2171 2
864 2847 2
864 3429 2
864 3785 2
864 3906 2
864 4829 2
864 5751 2
864 6084 2
864 6907 2
864 1475 2
864 1739 2
864 3037 2
864 3551 2
864 6250 2
865 3381 2
865 1123 2
865 1357 2
865 1922 2
865 2026 2
865 2418 2
865 3134 2
865 4002 2
865 4212 2
865 4605 2
865 5180 2
865 5354 2
865 6037 2
865 6539 2
865 6790 2
866 1304 2
866 2314 2
866 2401 2
866 6077 2
866 880 2
866 1343 2
866 4710 2
866 5495 2
867 1369 2
867 3697 2
867 4761 2
867 904 2
867 1430 2
867 2146 2
867 2151 2
867 2339 2
867 2645 2
867 2703 2
868 1088 2
868 1952 2
868 2818 2
868 3317 2
868 3506 2
868 3640 2
868 4246 2
868 5523 2
868 2197 2
868 3166 2
868 5230 2
869 1590 2
869 1798 2
869 1956 2
869 2163 2
869 2751 2
869 3158 2
869 3735 2
869 4551 2
869 4712 2
869 4742 2
869 5309 2
869 5565 2
869 6576 2
870 2394 2
870 3382 2
870 6607 2
870 905 2
870 1893 2
870 2743 2
870 4228 2
870 5563 2
870 5747 2
871 3044 2
871 3550 2
871 3724 2
871 5052 2
871 1213 2
871 2553 2
871 5503 2
871 6697 2
872 942 2
872 1210 2
872 1384 2
872 1670 2
872 1920 2
872 2002 2
872 2072 2
872 2484 2
872 2538 2
872 2927 2
872 2989 2
872 3983 2
872 4450 2
872 5532 2
872 5698 2
872 5918 2
872 6731 2
872 895 2
872 943 2
872 1090 2
872 1682 2
872 2900 2
872 2916 2
872 4623 2
872 4723 2
872 4726 2
872 4969 2
872 5263 2
872 5594 2
873 1172 2
873 2106 2
873 2358 2
873 4826 2
873 6832 2
873 4463 2
873 6652 2
873 6656 2
874 3318 2
874 3793 2
874 1436 2
875 930 2
875 953 2
875 1576 2
875 2387 2
875 2537 2
875 3487 2
875 3595 2
875 3939 2
875 4114 2
875 4538 2
875 4820 2
875 4986 2
875 5016 2
875 5921 2
875 6158 2
876 6305 2
876 1531 2
876 2106 2
876 2123 2
876 2186 2
876 2415 2
876 2804 2
876 3001 2
876 3785 2
876 4642 2
876 4670 2
876 4806 2
877 1320 2
877 1630 2
877 2217 2
877 5403 2
877 5618 2
877 6258 2
877 2082 2
878 1827 2
878 1862 2
878 2161 2
878 4236 2
878 6706 2
878 1135 2
878 1650 2
878 1766 2
878 2739 2
878 3753 2
878 4433 2
878 5153 2
878 6024 2
879 1041 2
879 1732 2
879 2057 2
879 2510 2
879 4598 2
879 4804 2
879 4807 2
879 6058 2
879 6631 2
879 1061 2
879 1257 2
879 2256 2
879 3867 2
879 4973 2
879 6083 2
880 3393 2
880 3980 2
880 4021 2
880 4191 2
880 5495 2
881 1216 2
881 1292 2
881 2918 2
881 3291 2
881 3565 2
881 3686 2
881 4687 2
881 4754 2
881 6942 2
881 6709 2
881 6836 2
881 1577 2
881 2320 2
881 4400 2
882 2497 2
882 2544 2
882 2637 2
882 3523 2
882 6808 2
883 1806 2
883 3413 2
883 3758 2
883 5383 2
883 6676 2
883 1452 2
883 2247 2
883 3046 2
883 3462 2
883 3663 2
883 4164 2
883 4767 2
883 5891 2
884 2579 2
884 2827 2
884 1169 2
884 2085 2
884 5633 2
885 1068 2
885 1601 2
885 2216 2
885 2557 2
885 2679 2
885 2730 2
885 3114 2
885 3235 2
885 3904 2
885 3937 2
885 4024 2
885 4225 2
885 4302 2
885 4614 2
885 4855 2
885 5156 2
885 5221 2
885 5332 2
885 6069 2
885 5973 2
886 1387 2
886 1903 2
886 3791 2
886 2745 2
886 3339 2
887 1227 2
887 1483 2
887 3974 2
887 4008 2
887 6580 2
887 1554 2
887 4882 2
887 6622 2
888 2066 2
888 2108 2
888 2598 2
888 2674 2
888 1234 2
888 1320 2
888 1426 2
888 1606 2
888 2322 2
888 3375 2
888 4186 2
888 5775 2
888 5863 2
888 6420 2
889 1007 2
889 1259 2
889 2112 2
889 3685 2
889 4049 2
889 2321 2
889 3749 2
889 6196 2
890 979 2
890 1174 2
890 1264 2
890 6936 2
890 1776 2
890 2321 2
890 2985 2
890 3346 2
890 3569 2
890 3672 2
890 5486 2
890 5855 2
890 1664 2
890 1770 2
890 2549 2
890 4609 2
891 1725 2
891 2089 2
891 983 2
891 3573 2
891 6859 2
892 906 2
892 3446 2
892 3620 2
892 4954 2
892 5368 2
892 1401 2
892 1730 2
892 2234 2
892 2599 2
892 3184 2
892 3391 2
892 3531 2
892 3891 2
892 3999 2
892 6994 2
892 6119 2
892 6755 2
893 1281 2
893 1645 2
893 2594 2
893 4472 2
893 4878 2
893 5780 2
893 902 2
893 916 2
893 1447 2
893 1659 2
893 1829 2
893 2196 2
893 2776 2
893 2925 2
893 4596 2
893 4610 2
893 4660 2
893 5420 2
893 5630 2
893 6340 2
894 898 2
894 1367 2
894 1720 2
894 6329 2
894 1048 2
894 1779 2
894 2895 2
894 4361 2
894 6986 2
894 5174 2
894 5198 2
894 5947 2
895 1323 2
895 3471 2
895 3570 2
895 6997 2
895 4666 2
895 4810 2
895 5283 2
895 6056 2
895 1133 2
895 1682 2
895 2487 2
895 2900 2
895 4623 2
895 4726 2
895 5169 2
895 5293 2
895 5657 2
896 1402 2
896 2248 2
896 3866 2
896 4144 2
896 5136 2
896 5730 2
896 5959 2
896 6011 2
896 6089 2
896 1216 2
896 2349 2
896 4099 2
896 4555 2
896 5620 2
896 6005 2
897 965 2
897 2413 2
897 2570 2
897 3443 2
897 1469 2
897 1601 2
897 1853 2
897 2160 2
897 2178 2
897 2812 2
897 2934 2
898 1167 2
898 1367 2
898 3045 2
898 5579 2
898 6329 2
898 1249 2
898 2617 2
898 2632 2
898 3026 2
898 3550 2
899 943 2
899 1458 2
899 1626 2
899 2158 2
899 2308 2
899 2395 2
899 3516 2
899 3633 2
899 5360 2
899 5838 2
899 6067 2
899 934 2
899 1575 2
899 1983 2
899 2010 2
899 2126 2
899 2406 2
899 2848 2
899 3078 2
899 3214 2
899 3739 2
899 5000 2
899 6898 2
900 1214 2
900 1546 2
900 3782 2
900 4945 2
901 3399 2
901 5250 2
901 2179 2
901 2636 2
901 3899 2
901 4086 2
901 6659 2
902 997 2
902 1085 2
902 5874 2
902 916 2
902 1447 2
902 2196 2
902 2776 2
902 3687 2
902 6307 2
903 6983 2
903 2626 2
903 2867 2
903 3683 2
903 6175 2
903 6208 2
903 1518 2
903 1981 2
903 2035 2
903 2393 2
903 2685 2
903 2709 2
903 3759 2
903 4243 2
903 4355 2
903 4372 2
903 4602 2
903 4843 2
903 6150 2
904 1326 2
904 2552 2
904 2719 2
904 2804 2
904 3877 2
904 4910 2
904 5836 2
904 1430 2
904 1595 2
904 2151 2
904 2195 2
904 2339 2
904 4302 2
904 4382 2
904 5638 2
905 4592 2
905 5517 2
905 6694 2
905 1444 2
905 1893 2
905 2743 2
905 2840 2
905 3238 2
905 6248 2
906 3620 2
906 3846 2
906 5368 2
906 6091 2
906 6188 2
906 1342 2
906 1471 2
906 1693 2
906 2108 2
906 2499 2
906 4143 2
907 3584 2
907 3971 2
907 4423 2
907 1333 2
907 1610 2
907 3373 2
907 5736 2
908 2941 2
908 3363 2
908 5110 2
908 6775 2
908 1297 2
908 1466 2
908 1599 2
908 1614 2
908 1872 2
908 2152 2
908 2508 2
908 3464 2
908 3598 2
908 3729 2
908 4875 2
908 5706 2
908 6555 2
909 910 2
909 1301 2
909 1491 2
909 2490 2
909 2605 2
909 3067 2
909 3770 2
909 4375 2
909 4452 2
909 5472 2
909 6819 2
909 1028 2
909 1377 2
909 1619 2
909 1756 2
909 1790 2
909 2048 2
909 4541 2
909 5160 2
909 5334 2
909 6651 2
909 6847 2
909 6899 2
910 1301 2
910 1491 2
910 4165 2
910 4685 2
910 5668 2
910 6489 2
910 1274 2
910 2272 2
910 3331 2
910 3823 2
910 4347 2
910 6538 2
911 4339 2
911 1308 2
911 1587 2
911 3612 2
911 3651 2
911 4458 2
911 5235 2
911 5683 2
911 6400 2
912 916 2
912 930 2
912 1062 2
912 1412 2
912 2018 2
912 3247 2
912 5104 2
912 6942 2
912 3206 2
913 5709 2
913 6630 2
913 1842 2
913 2285 2
913 2935 2
913 4617 2
913 5337 2
913 6046 2
914 1317 2
914 2628 2
914 3862 2
914 4147 2
914 4781 2
914 1595 2
914 1807 2
914 2132 2
914 2329 2
914 2362 2
914 2693 2
914 3733 2
914 5020 2
914 6258 2
915 1543 2
915 1602 2
915 2883 2
915 5204 2
915 2168 2
915 3533 2
915 4700 2
915 5888 2
916 1300 2
916 1909 2
916 2310 2
916 4069 2
916 1447 2
916 1659 2
916 1829 2
916 2925 2
916 3169 2
916 3512 2
916 4129 2
916 4944 2
916 5118 2
916 6298 2
916 6307 2
916 6802 2
917 4202 2
917 4712 2
917 5094 2
917 6760 2
917 2903 2
918 1098 2
918 1517 2
918 1657 2
918 1777 2
918 2855 2
918 4738 2
918 4923 2
918 5488 2
918 6105 2
918 6826 2
918 2630 2
918 3870 2
919 1254 2
919 1874 2
919 1962 2
919 2107 2
919 2226 2
919 3473 2
919 4367 2
919 5699 2
919 6063 2
919 6629 2
919 1707 2
919 1809 2
919 1942 2
919 2968 2
919 3045 2
919 4946 2
919 6062 2
920 1465 2
920 1933 2
920 2225 2
920 6960 2
920 4585 2
920 5580 2
920 947 2
920 1103 2
920 1850 2
920 2370 2
920 3640 2
920 4530 2
920 6381 2
920 6528 2
921 966 2
921 1082 2
921 1583 2
921 1706 2
921 1937 2
921 2568 2
921 2658 2
921 3367 2
921 4597 2
921 4841 2
921 4911 2
921 5260 2
921 4223 2
921 6059 2
922 999 2
922 2695 2
922 2778 2
922 4834 2
922 5275 2
922 1031 2
922 1110 2
922 1794 2
922 1952 2
922 2252 2
922 2411 2
922 3323 2
922 3515 2
922 4245 2
922 4570 2
922 4859 2
922 5267 2
923 1881 2
923 2062 2
923 6014 2
923 1033 2
923 1349 2
923 1792 2
923 2138 2
923 2561 2
923 3634 2
923 4273 2
923 5422 2
923 6254 2
924 3116 2
924 4857 2
924 1011 2
924 1493 2
924 2869 2
924 3426 2
924 4315 2
924 4482 2
924 6106 2
925 1075 2
925 1260 2
925 4158 2
925 4608 2
925 5051 2
925 6162 2
925 6446 2
925 6460 2
925 6786 2
925 3944 2
925 6511 2
926 6767 2
926 1032 2
926 4430 2
926 5809 2
926 6773 2
927 955 2
927 2584 2
927 6458 2
927 3542 2
927 5002 2
928 1079 2
928 1193 2
928 1200 2
928 1639 2
928 2293 2
928 2337 2
928 2514 2
928 2904 2
928 5169 2
928 2105 2
928 3264 2
928 3472 2
928 3629 2
929 1287 2
929 2206 2
929 2872 2
929 3063 2
929 3792 2
929 4189 2
929 4232 2
929 5873 2
929 6592 2
929 6851 2
929 1268 2
929 1723 2
929 2266 2
929 4889 2
929 5890 2
930 2018 2
930 953 2
930 1576 2
930 2128 2
930 2149 2
930 3487 2
930 4538 2
930 6564 2
931 2144 2
931 2610 2
931 2779 2
931 3607 2
931 3718 2
931 4027 2
931 4040 2
931 4327 2
931 4825 2
931 6301 2
931 1360 2
931 2127 2
931 2440 2
931 2879 2
931 3066 2
931 3261 2
931 3316 2
931 3365 2
931 3896 2
931 5968 2
932 950 2
932 1043 2
932 1065 2
932 2379 2
932 2814 2
932 4618 2
932 5921 2
932 6193 2
932 2550 2
932 3743 2
932 3991 2
933 1414 2
933 1609 2
933 1618 2
933 2435 2
933 1233 2
933 1369 2
933 5730 2
933 6081 2
933 6354 2
934 1010 2
934 2890 2
934 4388 2
934 6126 2
934 6913 2
934 1983 2
934 5753 2
935 6986 2
935 946 2
935 2713 2
935 3089 2
935 3797 2
935 5117 2
935 5840 2
935 6589 2
935 1296 2
935 3301 2
935 4745 2
936 6409 2
936 6803 2
936 1018 2
936 2353 2
936 3422 2
936 3639 2
936 5176 2
936 5700 2
936 6224 2
937 1472 2
937 1562 2
937 2111 2
937 4721 2
937 6455 2
937 954 2
937 2758 2
937 4837 2
938 1493 2
938 1985 2
938 2755 2
938 4111 2
938 5728 2
938 2878 2
938 3360 2
938 3569 2
938 3623 2
938 4394 2
938 4747 2
938 6453 2
939 1603 2
939 2462 2
939 3231 2
939 4922 2
940 1170 2
940 1306 2
940 1527 2
940 1621 2
940 2137 2
940 2774 2
940 4217 2
940 5903 2
940 6240 2
940 6328 2
941 3432 2
941 1385 2
941 2016 2
941 2159 2
941 2481 2
942 1384 2
942 2002 2
942 2484 2
942 2538 2
942 2811 2
942 3071 2
942 3742 2
942 4624 2
942 5005 2
942 5532 2
942 5563 2
942 6435 2
942 1392 2
942 2674 2
942 2713 2
942 4509 2
942 4758 2
942 5043 2
943 1626 2
943 2308 2
943 3516 2
943 3545 2
943 3633 2
943 6955 2
943 5360 2
943 5527 2
943 1090 2
943 2916 2
943 4969 2
943 5205 2
943 5581 2
944 1420 2
944 1488 2
944 6407 2
944 987 2
944 1158 2
944 1375 2
944 1484 2
944 1851 2
944 2032 2
944 2133 2
944 2538 2
944 2977 2
944 3819 2
944 4175 2
944 4506 2
944 4683 2
944 5597 2
944 5883 2
944 6781 2
945 1378 2
945 3134 2
945 5606 2
945 1154 2
945 1720 2
945 2319 2
945 4716 2
945 4917 2
945 6122 2
946 2713 2
946 5117 2
946 1609 2
946 1837 2
946 1988 2
946 2701 2
946 4343 2
947 2093 2
947 2228 2
947 4644 2
947 5058 2
947 1103 2
947 1442 2
947 2370 2
947 2803 2
947 3908 2
947 4531 2
947 5831 2
948 1648 2
948 6188 2
949 1719 2
949 1876 2
949 3164 2
949 4426 2
949 5998 2
949 957 2
949 1805 2
949 1976 2
949 2391 2
949 4269 2
949 6107 2
950 1043 2
950 1221 2
950 1442 2
950 2607 2
950 4007 2
950 4618 2
950 4786 2
950 6248 2
950 6605 2
950 1159 2
950 1368 2
950 1882 2
950 2785 2
950 4630 2
950 4734 2
951 1136 2
951 2034 2
951 3287 2
951 4691 2
951 5468 2
951 5971 2
951 6249 2
951 1075 2
951 1424 2
951 1487 2
951 2090 2
951 2591 2
951 2723 2
951 2850 2
951 3682 2
951 4389 2
951 6084 2
951 6305 2
952 1436 2
952 3497 2
952 4233 2
952 6603 2
952 1532 2
952 1574 2
952 3983 2
952 4774 2
953 2391 2
953 3888 2
953 4464 2
953 5778 2
953 6294 2
953 6771 2
953 1576 2
953 2128 2
953 2149 2
953 2691 2
953 3595 2
953 4820 2
953 4986 2
953 6564 2
954 1196 2
954 1346 2
954 1644 2
954 2466 2
954 3923 2
954 2758 2
954 2983 2
954 4296 2
954 4807 2
954 4837 2
955 6458 2
955 1513 2
955 3455 2
955 3481 2
956 1262 2
956 1376 2
956 5490 2
956 6139 2
957 1311 2
957 1678 2
957 1988 2
957 2270 2
957 2708 2
957 1805 2
957 1976 2
957 2391 2
957 6107 2
958 2385 2
958 2875 2
958 4107 2
958 4292 2
958 6109 2
958 965 2
958 1259 2
958 1881 2
958 2084 2
958 2832 2
958 2922 2
958 6055 2
958 6373 2
959 1175 2
959 1604 2
959 1995 2
959 2143 2
959 2152 2
959 2530 2
959 2692 2
959 3717 2
959 4535 2
959 5613 2
959 5713 2
960 1288 2
960 1847 2
960 2879 2
960 3495 2
960 3612 2
960 5980 2
960 1115 2
960 1232 2
960 1634 2
960 1897 2
960 1900 2
960 2618 2
960 2749 2
960 3496 2
960 3751 2
960 4796 2
960 5599 2
960 6467 2
960 6484 2
961 1849 2
961 2044 2
961 2600 2
961 2963 2
961 4728 2
961 1507 2
961 1517 2
961 1624 2
962 1279 2
962 1574 2
962 3309 2
962 3782 2
962 5491 2
962 6243 2
962 6488 2
962 6637 2
962 1523 2
962 4340 2
962 5673 2
963 2769 2
963 6444 2
963 6865 2
963 2097 2
963 2327 2
963 2405 2
963 2589 2
963 4409 2
963 5957 2
964 1006 2
964 1730 2
964 4462 2
964 5326 2
964 5752 2
964 3875 2
964 5036 2
964 5999 2
965 1916 2
965 2413 2
965 3255 2
965 3443 2
965 3452 2
965 4151 2
965 5312 2
965 2084 2
965 3940 2
966 1924 2
966 2443 2
966 4350 2
966 5464 2
966 5978 2
966 6091 2
967 3201 2
967 3874 2
967 5080 2
967 1227 2
967 3599 2
967 4886 2
967 6409 2
968 1178 2
968 2319 2
968 3036 2
968 5020 2
968 1102 2
968 1285 2
968 1571 2
968 1814 2
968 3600 2
968 3950 2
968 4061 2
968 4711 2
968 5203 2
968 5711 2
969 1595 2
969 2623 2
969 6886 2
969 1002 2
969 1456 2
969 2584 2
969 3386 2
969 3611 2
969 4039 2
969 4383 2
969 4911 2
969 5200 2
969 5578 2
969 5625 2
969 5850 2
969 5959 2
969 6222 2
969 6722 2
970 1636 2
970 1641 2
970 2896 2
970 3207 2
970 3522 2
970 5781 2
970 1367 2
970 2456 2
970 3117 2
970 5515 2
971 3386 2
971 5917 2
971 1116 2
971 1647 2
971 2488 2
971 4167 2
971 4552 2
971 4885 2
971 4972 2
971 5346 2
971 5430 2
971 5457 2
971 5649 2
972 1083 2
972 1223 2
972 1569 2
972 1790 2
972 2346 2
972 4649 2
972 6903 2
972 6945 2
972 2880 2
972 2975 2
972 6017 2
972 6114 2
973 1737 2
973 2198 2
973 2489 2
973 6338 2
973 6922 2
973 6212 2
973 6441 2
973 6570 2
974 3206 2
974 1379 2
974 1445 2
974 2624 2
974 2654 2
974 4716 2
975 2187 2
975 1567 2
975 2857 2
975 3947 2
975 4091 2
976 2219 2
976 2981 2
976 4320 2
976 4588 2
976 5435 2
976 1172 2
976 3099 2
976 4860 2
976 6006 2
977 1542 2
977 1553 2
977 1691 2
977 2873 2
977 4315 2
977 4946 2
977 5982 2
977 6283 2
977 1050 2
977 1294 2
977 2087 2
977 2188 2
977 3177 2
977 4435 2
977 5881 2
978 1252 2
978 3947 2
978 6137 2
978 1092 2
978 1282 2
978 2526 2
978 3167 2
978 3619 2
978 4096 2
978 4666 2
978 4692 2
978 4695 2
978 5428 2
978 5902 2
978 6444 2
979 1174 2
979 2526 2
979 2985 2
979 4113 2
979 4133 2
979 1970 2
979 3453 2
980 1243 2
980 1716 2
980 6967 2
980 3670 2
980 3764 2
980 5138 2
981 3127 2
981 4384 2
981 1759 2
981 3926 2
981 5602 2
981 5637 2
981 5664 2
982 1731 2
982 2369 2
982 4574 2
982 6645 2
983 1686 2
983 3220 2
983 3358 2
983 4127 2
983 4137 2
983 5125 2
983 6230 2
983 1552 2
983 3573 2
984 2119 2
984 2243 2
984 4918 2
984 1588 2
984 2623 2
984 3858 2
984 5564 2
984 6867 2
985 1251 2
985 2086 2
985 2596 2
985 4830 2
985 1299 2
985 1332 2
985 1409 2
985 3460 2
985 4225 2
985 5855 2
986 2531 2
986 2666 2
986 3400 2
986 4600 2
986 4893 2
986 4928 2
986 6721 2
986 6852 2
986 3173 2
986 3927 2
986 6885 2
987 1970 2
987 6169 2
987 1158 2
987 1184 2
987 1355 2
987 1851 2
987 2533 2
987 2538 2
987 2861 2
987 3205 2
987 3974 2
987 4175 2
987 4364 2
987 4644 2
988 2173 2
988 3407 2
988 1758 2
988 2043 2
988 2978 2
988 4144 2
989 2362 2
989 3597 2
989 5095 2
989 5252 2
989 6217 2
989 6075 2
989 6341 2
990 1212 2
990 1515 2
990 1990 2
990 4482 2
990 6082 2
990 3057 2
990 4313 2
990 4314 2
991 1143 2
991 1413 2
991 1685 2
991 2000 2
991 3481 2
991 3585 2
991 4611 2
991 6044 2
991 6228 2
991 6824 2
991 1761 2
991 3018 2
991 3594 2
991 4677 2
992 1149 2
992 1239 2
992 5012 2
993 1744 2
993 4255 2
993 6780 2
993 1286 2
993 1315 2
993 1420 2
993 4587 2
993 4680 2
993 5001 2
993 5062 2
993 5177 2
993 5543 2
993 5558 2
993 6575 2
994 1531 2
994 2124 2
994 2129 2
994 2767 2
994 3581 2
994 4646 2
994 6320 2
994 1055 2
994 2822 2
994 3643 2
994 5178 2
995 2441 2
995 2501 2
995 4631 2
995 5765 2
995 1163 2
995 1295 2
995 1667 2
995 2641 2
995 3349 2
995 6892 2
996 1031 2
996 1379 2
996 1969 2
996 2665 2
996 3755 2
996 3804 2
996 3954 2
996 4219 2
996 4474 2
996 6688 2
996 2376 2
996 4459 2
997 1085 2
997 5874 2
997 1704 2
997 3972 2
997 5441 2
998 1520 2
998 1796 2
998 2488 2
998 3606 2
998 5540 2
998 6159 2
998 1160 2
998 1219 2
998 1675 2
998 1832 2
998 2125 2
998 2754 2
998 3489 2
998 3544 2
998 3916 2
998 6128 2
998 6372 2
998 6475 2
998 6660 2
999 1934 2
999 2695 2
999 2778 2
999 3139 2
999 3466 2
999 4036 2
999 4834 2
999 5044 2
999 5275 2
999 5303 2
999 1480 2
999 1545 2
999 1763 2
999 2301 2
999 5171 2
999 5369 2
999 6358 2
1000 1209 2
1000 1998 2
1001 1401 2
1001 1627 2
1001 2210 2
1001 1211 2
1001 3335 2
1001 5047 2
1002 1042 2
1002 3137 2
1002 3155 2
1002 4706 2
1002 1456 2
1002 4039 2
1002 4911 2
1002 5078 2
1002 5200 2
1002 5773 2
1002 6016 2
1002 6735 2
1003 1989 2
1003 2196 2
1003 2840 2
1003 2935 2
1003 3715 2
1003 5227 2
1003 5331 2
1003 1042 2
1003 2375 2
1003 2496 2
1003 2964 2
1003 3325 2
1003 3586 2
1003 3630 2
1003 4406 2
1003 5213 2
1003 5662 2
1003 5988 2
1003 6124 2
1003 6335 2
1004 2019 2
1004 5630 2
1004 2177 2
1004 2962 2
1004 3289 2
1004 4135 2
1004 4855 2
1005 1047 2
1005 3331 2
1005 3483 2
1005 4382 2
1005 1218 2
1005 3435 2
1005 5787 2
1006 5326 2
1006 3260 2
1006 3414 2
1007 1259 2
1007 1830 2
1007 2112 2
1007 2284 2
1007 2771 2
1007 3685 2
1007 5711 2
1007 1096 2
1007 1241 2
1007 1717 2
1007 1937 2
1007 2142 2
1007 2206 2
1007 6956 2
1007 2494 2
1007 2726 2
1007 2940 2
1007 5070 2
1007 5210 2
1007 5962 2
1007 6563 2
1007 6857 2
1008 2304 2
1008 2604 2
1008 3148 2
1008 3243 2
1008 4514 2
1008 4698 2
1008 4938 2
1008 5222 2
1008 5911 2
1008 6406 2
1008 2167 2
1008 3763 2
1008 5795 2
1009 1094 2
1009 2025 2
1009 5794 2
1009 1516 2
1009 3318 2
1009 5103 2
1009 5772 2
1010 3354 2
1010 3582 2
1010 4256 2
1011 6933 2
1011 1037 2
1011 1151 2
1011 1493 2
1011 1947 2
1011 2420 2
1011 2479 2
1011 2554 2
1011 2869 2
1011 3426 2
1011 3732 2
1011 3935 2
1011 4035 2
1011 4315 2
1011 4879 2
1011 5808 2
1011 6145 2
1011 6351 2
1011 6482 2
1012 2980 2
1012 1448 2
1012 4358 2
1012 5381 2
1012 5833 2
1013 1165 2
1013 2055 2
1013 4261 2
1013 4637 2
1013 3125 2
1013 3546 2
1013 4999 2
1013 5052 2
1013 6131 2
1014 1356 2
1014 2374 2
1014 2882 2
1014 3387 2
1014 5272 2
1014 6719 2
1014 2194 2
1014 2361 2
1014 2485 2
1014 2784 2
1014 4891 2
1015 1409 2
1015 2527 2
1015 3261 2
1015 3536 2
1015 4664 2
1015 1318 2
1015 3831 2
1015 3907 2
1015 4067 2
1016 2507 2
1016 2571 2
1016 6414 2
1016 1780 2
1016 1965 2
1017 3305 2
1017 4078 2
1017 1391 2
1017 2089 2
1017 3655 2
1017 4705 2
1017 6731 2
1018 1747 2
1018 2023 2
1018 3210 2
1018 5549 2
1018 5590 2
1018 2353 2
1019 3328 2
1019 5273 2
1019 1121 2
1019 1224 2
1019 3327 2
1019 5413 2
1020 4215 2
1020 1585 2
1020 2495 2
1020 2593 2
1020 4149 2
1020 4559 2
1020 4657 2
1020 4959 2
1021 1103 2
1021 1139 2
1021 1736 2
1021 2383 2
1021 2416 2
1021 2505 2
1021 3160 2
1021 6821 2
1021 1212 2
1021 1272 2
1021 2191 2
1021 2436 2
1021 4056 2
1021 6276 2
1021 6562 2
1022 2178 2
1022 3845 2
1022 5075 2
1022 5422 2
1022 6050 2
1022 1502 2
1022 2907 2
1022 2971 2
1022 3189 2
1022 3385 2
1022 3693 2
1022 4330 2
1022 4794 2
1022 5746 2
1022 6278 2
1023 1244 2
1023 2816 2
1023 3037 2
1023 5379 2
1023 5720 2
1023 2865 2
1023 5298 2
1023 5589 2
1023 6245 2
1024 1134 2
1024 1203 2
1024 1848 2
1024 2411 2
1024 2608 2
1024 3478 2
1024 3586 2
1024 4256 2
1024 4366 2
1024 1397 2
1024 1421 2
1024 2643 2
1024 2761 2
1024 4475 2
1024 4667 2
1024 5150 2
1024 5421 2
1024 5851 2
1025 1222 2
1025 4208 2
1025 5061 2
1025 1113 2
1025 1114 2
1025 1132 2
1025 1204 2
1025 1440 2
1025 1464 2
1025 1669 2
1025 1696 2
1025 2736 2
1025 2833 2
1025 3407 2
1025 3985 2
1025 4008 2
1025 4746 2
1025 5720 2
1025 6178 2
1026 2657 2
1026 5378 2
1026 6172 2
1026 6396 2
1026 1182 2
1026 1933 2
1026 1936 2
1026 2110 2
1026 2129 2
1026 2190 2
1026 2444 2
1026 3080 2
1026 3146 2
1026 3613 2
1026 3738 2
1026 4428 2
1026 5083 2
1026 5729 2
1027 1230 2
1027 2408 2
1027 2592 2
1027 4735 2
1027 1039 2
1027 1386 2
1027 1551 2
1027 1559 2
1027 1676 2
1027 2274 2
1027 2503 2
1027 5053 2
1027 5131 2
1027 5184 2
1027 5875 2
1027 5926 2
1027 6842 2
1028 3376 2
1028 6395 2
1028 1619 2
1028 5160 2
1028 5233 2
1028 6847 2
1029 1046 2
1029 1940 2
1029 3126 2
1029 3198 2
1029 6991 2
1029 1411 2
1029 1855 2
1029 2013 2
1029 3031 2
1029 4034 2
1030 2042 2
1030 2234 2
1030 3274 2
1030 4239 2
1030 4955 2
1030 6914 2
1030 1684 2
1030 6174 2
1030 6396 2
1030 6459 2
1031 3755 2
1031 4219 2
1031 4474 2
1031 1110 2
1031 1277 2
1031 1952 2
1031 2762 2
1031 3300 2
1031 3323 2
1031 3515 2
1031 3585 2
1031 3797 2
1031 4245 2
1031 5366 2
1031 6235 2
1031 6542 2
1031 6883 2
1032 2063 2
1032 2603 2
1032 4563 2
1032 5135 2
1032 5888 2
1032 4047 2
1032 4430 2
1032 4790 2
1033 2763 2
1033 3634 2
1034 1040 2
1034 1283 2
1034 2549 2
1034 5434 2
1034 1238 2
1034 2527 2
1034 2700 2
1034 2830 2
1034 2834 2
1034 3155 2
1034 3526 2
1034 3688 2
1034 3754 2
1034 3757 2
1034 3915 2
1034 4202 2
1034 4560 2
1034 4684 2
1034 5096 2
1034 5483 2
1034 5766 2
1034 6567 2
1034 6635 2
1034 6770 2
1035 2285 2
1035 2381 2
1035 4343 2
1035 4694 2
1035 5243 2
1035 2427 2
1035 5142 2
1036 1338 2
1036 3113 2
1036 4042 2
1036 6341 2
1036 1641 2
1036 3669 2
1036 6099 2
1036 6571 2
1036 6777 2
1037 1162 2
1037 1451 2
1037 2907 2
1037 5477 2
1037 6146 2
1037 1151 2
1037 1206 2
1037 3935 2
1037 5455 2
1037 5796 2
1037 6145 2
1038 1714 2
1038 5267 2
1038 1751 2
1038 3284 2
1038 3446 2
1038 4385 2
1038 6397 2
1039 1386 2
1039 1528 2
1039 1551 2
1039 1826 2
1039 2033 2
1039 2503 2
1039 4955 2
1039 5771 2
1039 6165 2
1040 5434 2
1040 6654 2
1040 1789 2
1040 2887 2
1040 4057 2
1040 4471 2
1040 4725 2
1040 5575 2
1040 6516 2
1041 1113 2
1041 1350 2
1041 1732 2
1041 2380 2
1041 2510 2
1041 3057 2
1041 3245 2
1041 4185 2
1041 4311 2
1041 4351 2
1041 4598 2
1041 4804 2
1041 5212 2
1041 5887 2
1041 6469 2
1041 1398 2
1041 1549 2
1041 1709 2
1041 5530 2
1041 5925 2
1042 2597 2
1042 3137 2
1042 4220 2
1042 1692 2
1042 2496 2
1042 2883 2
1042 2964 2
1042 3325 2
1042 3555 2
1042 3630 2
1042 4928 2
1042 5213 2
1042 5662 2
1043 1065 2
1043 1442 2
1043 4618 2
1043 1269 2
1043 1904 2
1043 3493 2
1043 3811 2
1044 2136 2
1044 2300 2
1044 4493 2
1044 5116 2
1044 5682 2
1044 5788 2
1044 2164 2
1044 3108 2
1044 4659 2
1045 1070 2
1045 1388 2
1045 2378 2
1045 4176 2
1045 1923 2
1045 1975 2
1045 2263 2
1045 2779 2
1045 3463 2
1045 3779 2
1045 6708 2
1046 6991 2
1046 1056 2
1046 1651 2
1046 1940 2
1046 2350 2
1046 2721 2
1046 3031 2
1046 5453 2
1046 6041 2
1047 4382 2
1047 5727 2
1047 1441 2
1047 2073 2
1047 2203 2
1047 5140 2
1048 1362 2
1048 1380 2
1048 1635 2
1048 1667 2
1048 2263 2
1048 2403 2
1048 2553 2
1048 2645 2
1048 3190 2
1048 3530 2
1048 4723 2
1048 4789 2
1048 5336 2
1048 5499 2
1048 5546 2
1048 5721 2
1048 5863 2
1048 6535 2
1048 1084 2
1048 1779 2
1048 2895 2
1048 3229 2
1048 5198 2
1049 1050 2
1049 1182 2
1049 4713 2
1049 4716 2
1049 6141 2
1049 6450 2
1049 2874 2
1049 2931 2
1049 6285 2
1050 1612 2
1050 4403 2
1050 4713 2
1050 4716 2
1050 5600 2
1050 2087 2
1050 6981 2
1051 3539 2
1051 4363 2
1052 2725 2
1052 4296 2
1052 5069 2
1052 1185 2
1053 1473 2
1053 1559 2
1053 1846 2
1053 2525 2
1053 3038 2
1053 3264 2
1053 4206 2
1053 5619 2
1053 6652 2
1053 1325 2
1053 1757 2
1053 1968 2
1053 4729 2
1054 3510 2
1054 5942 2
1054 6747 2
1054 5549 2
1054 6108 2
1055 2197 2
1055 3097 2
1055 5638 2
1055 1883 2
1055 2822 2
1055 4470 2
1055 5837 2
1055 6211 2
1056 1651 2
1056 2315 2
1056 6578 2
1056 1094 2
1056 4080 2
1056 5609 2
1057 1871 2
1057 3524 2
1057 4115 2
1057 4763 2
1057 5128 2
1057 1586 2
1057 2474 2
1057 2608 2
1057 6012 2
1058 2862 2
1058 2922 2
1058 3575 2
1058 2730 2
1059 3361 2
1059 1261 2
1059 2243 2
1059 2374 2
1059 5593 2
1059 5697 2
1059 6832 2
1060 5364 2
1060 1322 2
1060 1374 2
1060 3882 2
1060 4174 2
1060 4624 2
1060 6848 2
1061 3863 2
1061 4293 2
1061 4973 2
1062 1412 2
1062 3247 2
1062 1073 2
1062 2399 2
1062 4165 2
1062 4514 2
1062 4650 2
1063 1095 2
1063 1474 2
1063 2341 2
1063 2830 2
1063 3026 2
1063 4697 2
1063 6289 2
1063 6426 2
1063 1930 2
1063 3110 2
1063 4404 2
1063 4802 2
1063 5003 2
1063 6821 2
1064 1534 2
1064 2384 2
1064 1890 2
1064 3955 2
1064 4909 2
1065 5921 2
1065 2124 2
1065 3923 2
1065 4078 2
1065 4187 2
1065 4779 2
1066 1405 2
1066 1944 2
1066 3816 2
1066 5948 2
1067 1431 2
1067 1971 2
1067 3315 2
1067 5426 2
1067 1156 2
1067 5272 2
1067 6625 2
1068 2216 2
1068 4614 2
1068 3949 2
1068 5018 2
1068 5115 2
1068 5669 2
1068 5793 2
1068 5852 2
1069 1140 2
1069 2445 2
1069 5066 2
1069 1195 2
1069 1468 2
1069 1902 2
1069 2078 2
1069 2117 2
1069 2625 2
1069 4133 2
1069 4335 2
1069 5849 2
1069 6273 2
1069 6519 2
1070 1388 2
1070 2946 2
1070 3094 2
1070 3525 2
1070 4209 2
1070 4597 2
1071 1713 2
1071 2444 2
1071 3562 2
1071 3747 2
1071 4630 2
1071 4736 2
1071 6085 2
1071 2198 2
1071 3457 2
1071 4267 2
1072 1447 2
1072 1692 2
1072 6275 2
1072 1273 2
1072 2021 2
1072 2111 2
1072 2338 2
1072 2425 2
1072 2520 2
1072 5904 2
1072 6436 2
1072 6496 2
1073 1643 2
1073 5015 2
1073 5714 2
1073 4165 2
1073 6548 2
1074 1918 2
1074 2169 2
1074 4321 2
1075 1260 2
1075 6162 2
1075 6446 2
1075 1487 2
1075 1503 2
1075 2464 2
1075 3247 2
1075 3252 2
1075 3605 2
1075 3903 2
1075 4169 2
1075 4548 2
1075 5641 2
1075 5916 2
1075 6305 2
1075 6479 2
1075 6879 2
1076 1211 2
1076 1271 2
1076 1495 2
1076 1570 2
1076 1616 2
1076 4001 2
1076 5300 2
1076 5717 2
1076 1354 2
1076 1569 2
1076 2419 2
1076 2695 2
1076 2960 2
1076 4275 2
1076 5088 2
1076 5090 2
1076 5126 2
1076 5167 2
1076 5516 2
1077 1194 2
1077 1585 2
1077 2048 2
1077 2480 2
1077 3332 2
1077 1989 2
1077 3889 2
1077 4024 2
1078 1137 2
1078 2943 2
1078 3500 2
1078 4032 2
1078 5586 2
1078 6222 2
1079 1193 2
1079 1200 2
1079 2241 2
1079 2293 2
1079 6368 2
1079 2929 2
1079 5004 2
1079 5461 2
1080 1110 2
1080 4249 2
1080 3106 2
1081 1525 2
1081 1535 2
1081 4402 2
1081 5595 2
1081 2094 2
1081 4106 2
1082 1583 2
1082 1706 2
1082 1937 2
1082 2140 2
1082 2568 2
1082 2658 2
1082 2742 2
1082 2894 2
1082 4479 2
1082 4659 2
1082 4911 2
1082 5172 2
1082 1714 2
1082 3854 2
1082 4046 2
1083 1285 2
1083 1569 2
1083 1709 2
1083 1790 2
1083 2884 2
1083 2951 2
1083 3655 2
1083 3978 2
1083 4816 2
1083 5120 2
1083 5907 2
1083 1914 2
1083 4253 2
1083 4810 2
1084 1550 2
1084 2829 2
1084 3327 2
1084 6071 2
1084 6514 2
1084 6791 2
1084 3229 2
1085 1982 2
1085 2239 2
1085 2413 2
1085 2576 2
1085 6425 2
1086 6270 2
1086 1205 2
1086 1365 2
1086 1668 2
1086 1715 2
1086 3027 2
1086 3433 2
1086 4529 2
1086 6816 2
1087 1501 2
1087 4578 2
1087 5233 2
1087 2711 2
1087 2901 2
1088 1952 2
1088 3640 2
1088 1602 2
1088 3684 2
1088 3744 2
1088 4565 2
1089 3490 2
1089 1939 2
1089 2348 2
1089 4738 2
1089 4872 2
1089 6035 2
1089 6864 2
1089 6913 2
1090 1802 2
1090 2588 2
1090 3049 2
1090 3525 2
1090 3829 2
1090 4555 2
1090 4622 2
1090 6794 2
1090 2916 2
1090 4723 2
1090 5205 2
1090 5263 2
1090 5581 2
1091 1294 2
1091 1722 2
1091 4780 2
1091 5018 2
1091 5589 2
1091 6480 2
1091 1336 2
1091 5536 2
1091 5985 2
1092 2521 2
1092 3167 2
1092 4666 2
1093 1756 2
1093 3544 2
1093 5676 2
1093 6037 2
1093 1117 2
1093 1136 2
1093 2470 2
1093 2997 2
1093 4974 2
1093 5895 2
1093 6070 2
1093 6078 2
1093 6753 2
1094 2025 2
1094 3027 2
1094 4361 2
1094 5745 2
1094 1260 2
1094 4639 2
1094 5522 2
1094 5610 2
1094 5718 2
1094 6833 2
1095 1128 2
1095 2365 2
1095 2830 2
1095 3026 2
1095 4519 2
1095 6574 2
1095 1929 2
1095 3012 2
1095 3469 2
1095 6619 2
1096 1184 2
1096 1241 2
1096 1359 2
1096 1661 2
1096 1713 2
1096 1717 2
1096 2142 2
1096 3076 2
1096 3337 2
1096 5049 2
1096 5210 2
1096 6077 2
1097 2643 2
1097 3590 2
1097 3004 2
1097 4298 2
1097 6988 2
1097 5562 2
1097 5839 2
1098 1517 2
1098 1996 2
1098 2096 2
1098 2354 2
1098 2697 2
1098 3214 2
1098 3294 2
1098 3595 2
1098 3649 2
1098 4038 2
1098 4262 2
1098 5683 2
1098 5952 2
1098 3727 2
1098 4534 2
1098 4567 2
1098 6840 2
1099 1357 2
1099 1791 2
1099 2715 2
1099 4667 2
1099 4819 2
1099 6844 2
1099 2270 2
1099 4307 2
1099 5075 2
1100 2121 2
1100 2171 2
1100 3276 2
1100 4920 2
1100 1251 2
1100 3065 2
1101 2373 2
1101 3564 2
1101 5804 2
1101 6803 2
1102 1168 2
1102 1285 2
1102 1806 2
1102 1814 2
1102 5277 2
1103 1139 2
1103 1736 2
1103 2383 2
1103 2416 2
1103 2582 2
1103 2845 2
1103 4051 2
1103 4835 2
1103 5985 2
1103 6821 2
1103 2370 2
1103 2803 2
1103 3640 2
1103 3908 2
1103 5831 2
1104 1268 2
1104 2242 2
1104 3008 2
1104 5613 2
1105 1923 2
1105 2364 2
1105 3098 2
1105 3871 2
1105 5072 2
1105 5128 2
1105 5419 2
1105 6471 2
1106 1738 2
1106 1986 2
1106 3249 2
1106 4875 2
1106 4984 2
1106 5605 2
1106 6132 2
1107 2789 2
1107 4128 2
1107 5054 2
1107 5636 2
1107 2403 2
1107 2543 2
1107 3310 2
1107 3401 2
1107 3541 2
1107 4146 2
1107 4454 2
1107 6710 2
1108 1508 2
1108 2449 2
1108 5552 2
1108 5578 2
1108 5960 2
1108 6120 2
1109 1419 2
1109 1621 2
1109 4442 2
1109 1560 2
1109 2264 2
1109 3404 2
1109 4055 2
1109 4941 2
1109 5647 2
1109 5786 2
1109 6251 2
1109 6345 2
1110 1952 2
1110 4859 2
1111 1867 2
1111 4178 2
1111 6453 2
1111 1405 2
1111 1871 2
1111 4233 2
1111 5372 2
1111 6090 2
1111 6195 2
1111 6579 2
1112 2450 2
1112 3165 2
1112 4093 2
1112 1145 2
1112 1197 2
1112 1578 2
1112 1775 2
1112 1802 2
1112 1911 2
1112 2287 2
1112 4289 2
1112 4403 2
1112 5949 2
1113 1350 2
1113 2380 2
1113 4118 2
1113 4185 2
1113 1114 2
1113 1440 2
1113 1631 2
1113 2293 2
1113 2602 2
1113 2732 2
1113 3007 2
1113 3282 2
1113 3394 2
1113 3407 2
1113 3641 2
1113 4103 2
1113 4123 2
1113 4661 2
1113 5411 2
1113 5801 2
1114 1506 2
1114 1896 2
1114 2969 2
1114 3211 2
1114 1204 2
1114 1631 2
1114 2602 2
1114 3407 2
1114 3641 2
1114 4829 2
1114 5872 2
1114 6391 2
1114 6911 2
1115 1728 2
1115 4214 2
1115 4454 2
1115 4895 2
1115 6298 2
1115 2618 2
1115 2956 2
1116 1576 2
1116 2334 2
1116 3136 2
1116 4676 2
1116 5184 2
1116 5950 2
1116 6439 2
1116 1511 2
1116 3192 2
1116 4334 2
1116 4386 2
1116 4552 2
1116 5262 2
1116 5346 2
1116 6302 2
1117 2397 2
1117 2680 2
1117 4031 2
1117 4145 2
1117 1136 2
1117 2350 2
1117 3826 2
1117 4674 2
1117 4974 2
1117 5830 2
1117 6070 2
1118 1968 2
1118 2577 2
1118 3390 2
1118 6752 2
1118 1951 2
1118 1957 2
1118 3934 2
1118 4408 2
1119 1568 2
1119 2672 2
1119 2568 2
1119 2920 2
1119 6494 2
1120 2569 2
1120 4129 2
1121 1625 2
1121 1845 2
1121 2422 2
1121 3203 2
1121 4416 2
1121 6180 2
1121 3262 2
1121 5836 2
1121 6905 2
1122 1552 2
1122 6178 2
1123 1256 2
1123 2316 2
1123 4803 2
1123 1357 2
1123 1922 2
1123 2176 2
1123 2775 2
1123 3484 2
1123 4437 2
1123 4605 2
1124 1462 2
1124 2559 2
1124 3138 2
1124 4297 2
1124 6540 2
1124 1521 2
1124 2155 2
1124 4523 2
1125 4313 2
1125 4714 2
1125 5305 2
1126 3582 2
1126 4178 2
1126 1463 2
1127 2734 2
1127 3420 2
1127 3498 2
1127 6812 2
1127 6919 2
1127 1558 2
1127 1740 2
1127 2002 2
1127 2226 2
1127 2667 2
1127 3922 2
1127 4264 2
1127 4378 2
1127 4490 2
1127 4626 2
1127 5574 2
1127 6315 2
1127 6632 2
1128 2365 2
1128 2265 2
1128 5466 2
1128 6418 2
1129 1435 2
1129 2192 2
1129 2506 2
1129 4108 2
1129 4356 2
1129 1607 2
1129 1996 2
1129 2303 2
1129 2525 2
1129 2540 2
1129 3535 2
1129 4049 2
1129 4904 2
1129 5573 2
1129 5813 2
1130 1397 2
1130 1513 2
1130 1665 2
1130 3042 2
1130 3273 2
1130 4581 2
1130 4703 2
1130 4863 2
1130 5086 2
1130 6696 2
1130 1581 2
1130 2634 2
1130 3256 2
1130 5026 2
1130 5473 2
1130 6440 2
1131 1241 2
1131 2343 2
1131 2843 2
1131 3265 2
1131 3415 2
1131 4572 2
1131 4670 2
1131 4931 2
1131 5736 2
1131 1350 2
1131 4259 2
1131 5907 2
1132 2045 2
1132 2749 2
1132 3558 2
1132 3769 2
1132 1464 2
1132 4008 2
1133 2133 2
1133 3180 2
1133 4204 2
1133 5207 2
1133 5262 2
1133 5169 2
1134 1563 2
1134 1848 2
1134 2990 2
1134 3478 2
1134 3551 2
1134 3593 2
1134 3813 2
1134 6017 2
1134 1307 2
1134 4693 2
1134 4733 2
1135 1198 2
1135 2174 2
1135 3224 2
1135 3286 2
1135 5670 2
1135 5775 2
1135 1524 2
1135 1650 2
1135 1766 2
1135 4687 2
1135 5961 2
1135 6336 2
1136 4247 2
1136 2350 2
1136 6070 2
1137 1606 2
1137 2160 2
1137 3500 2
1137 3794 2
1137 3964 2
1137 3358 2
1137 3502 2
1138 1484 2
1138 2694 2
1138 6874 2
1138 2328 2
1138 4923 2
1139 1736 2
1139 4051 2
1139 4835 2
1139 2459 2
1139 2796 2
1139 5191 2
1139 6289 2
1140 3414 2
1140 1749 2
1141 1312 2
1141 3109 2
1141 5495 2
1142 2469 2
1142 3354 2
1142 3656 2
1142 4419 2
1142 5019 2
1142 5893 2
1142 1338 2
1142 3953 2
1142 3959 2
1142 5151 2
1142 5400 2
1142 6491 2
1143 1685 2
1143 1313 2
1143 2028 2
1143 2045 2
1143 4876 2
1143 6707 2
1144 6007 2
1144 1373 2
1144 1465 2
1144 1550 2
1144 2066 2
1144 2216 2
1144 2947 2
1144 4332 2
1144 4402 2
1144 4658 2
1144 5505 2
1144 6156 2
1145 1176 2
1145 1485 2
1145 1592 2
1145 2185 2
1145 3868 2
1145 5131 2
1145 5249 2
1145 5258 2
1145 6005 2
1145 1570 2
1145 1775 2
1145 2528 2
1145 4403 2
1145 4922 2
1145 5867 2
1146 1240 2
1146 3702 2
1146 4424 2
1146 5435 2
1147 6704 2
1147 6990 2
1147 1651 2
1147 1898 2
1147 5686 2
1148 2644 2
1148 2833 2
1148 3248 2
1148 3464 2
1148 4877 2
1148 3868 2
1148 5704 2
1149 5473 2
1149 4058 2
1150 2349 2
1150 2551 2
1150 3852 2
1150 5587 2
1150 5660 2
1151 2513 2
1151 3280 2
1151 3396 2
1151 5121 2
1151 6634 2
1151 2479 2
1151 4035 2
1151 5102 2
1151 6145 2
1151 6316 2
1152 1661 2
1152 1880 2
1152 2001 2
1152 2168 2
1152 3467 2
1152 5712 2
1152 5862 2
1152 1616 2
1152 1705 2
1152 2688 2
1152 3285 2
1152 6208 2
1153 3159 2
1153 1736 2
1153 2332 2
1153 4781 2
1153 5080 2
1153 5296 2
1154 4652 2
1154 5022 2
1154 2319 2
1155 5870 2
1155 1822 2
1155 2312 2
1155 2395 2
1157 1825 2
1157 3695 2
1157 3776 2
1157 1229 2
1157 6503 2
1157 6599 2
1158 1298 2
1158 1417 2
1158 1571 2
1158 2834 2
1158 4329 2
1158 4688 2
1158 4997 2
1158 6749 2
1158 1375 2
1158 3819 2
1158 4175 2
1158 4644 2
1158 4720 2
1158 4827 2
1158 4877 2
1158 5886 2
1158 6370 2
1159 1702 2
1159 1822 2
1159 1671 2
1160 1433 2
1160 1522 2
1160 2138 2
1160 2973 2
1160 3411 2
1160 6308 2
1160 1219 2
1160 1675 2
1160 3489 2
1160 3916 2
1160 5252 2
1160 6128 2
1161 1171 2
1161 1237 2
1161 2221 2
1161 4109 2
1161 4896 2
1161 6618 2
1162 5477 2
1162 6146 2
1162 1166 2
1162 1305 2
1162 4331 2
1162 4333 2
1162 5928 2
1162 6746 2
1163 3639 2
1163 1667 2
1164 3835 2
1164 4418 2
1164 5055 2
1164 5123 2
1164 5330 2
1164 5719 2
1164 2218 2
1165 2055 2
1165 3961 2
1165 4533 2
1165 2012 2
1165 2122 2
1165 2308 2
1165 3295 2
1165 3771 2
1165 4323 2
1165 6671 2
1165 6751 2
1166 1532 2
1166 1695 2
1166 1983 2
1166 2741 2
1166 2846 2
1166 3805 2
1166 3815 2
1166 4331 2
1166 4333 2
1166 4476 2
1167 3045 2
1167 1181 2
1167 1993 2
1167 3420 2
1167 5392 2
1168 1408 2
1168 1429 2
1168 1665 2
1168 4140 2
1168 5438 2
1168 6882 2
1169 1291 2
1169 1884 2
1169 3352 2
1169 3916 2
1169 4161 2
1169 5522 2
1169 2085 2
1170 6740 2
1170 2040 2
1170 2137 2
1171 1231 2
1171 2962 2
1171 4896 2
1171 2134 2
1171 3356 2
1172 2358 2
1172 2533 2
1172 3060 2
1172 5700 2
1172 6583 2
1172 6832 2
1172 3099 2
1172 4518 2
1172 4860 2
1172 6621 2
1173 4933 2
1173 1202 2
1173 1700 2
1173 3838 2
1173 4007 2
1173 4826 2
1173 6597 2
1174 1264 2
1174 2321 2
1174 3012 2
1174 3569 2
1174 4974 2
1174 4903 2
1175 1396 2
1175 1604 2
1175 1883 2
1175 1910 2
1175 1995 2
1175 2143 2
1175 2347 2
1175 3828 2
1175 5613 2
1175 6418 2
1175 2051 2
1175 2228 2
1175 6463 2
1176 1592 2
1177 1948 2
1177 3513 2
1177 3675 2
1177 5803 2
1177 1423 2
1177 4180 2
1177 4621 2
1177 5050 2
1177 5672 2
1178 1860 2
1178 3890 2
1178 6366 2
1178 1813 2
1178 2899 2
1178 3091 2
1178 3114 2
1178 3195 2
1178 3527 2
1178 3557 2
1178 5117 2
1178 5212 2
1178 5624 2
1178 6582 2
1178 6602 2
1178 6623 2
1178 6811 2
1179 1242 2
1179 2364 2
1179 3351 2
1179 3621 2
1179 6387 2
1179 6849 2
1179 6862 2
1179 1263 2
1179 1384 2
1179 1863 2
1179 2192 2
1179 2545 2
1179 6008 2
1180 1348 2
1180 2058 2
1180 5858 2
1180 1886 2
1180 4023 2
1180 5554 2
1180 6631 2
1181 1278 2
1181 3534 2
1181 3789 2
1181 4006 2
1181 4853 2
1181 6853 2
1181 1993 2
1181 5392 2
1182 1815 2
1182 6450 2
1182 1936 2
1182 2190 2
1182 2221 2
1182 3146 2
1182 3613 2
1182 4515 2
1182 4761 2
1182 5218 2
1183 1565 2
1183 4463 2
1183 5076 2
1183 5100 2
1183 5412 2
1183 5958 2
1184 1205 2
1184 1355 2
1184 1819 2
1184 2773 2
1184 3205 2
1184 3839 2
1185 1267 2
1185 2157 2
1185 2218 2
1185 3451 2
1185 4434 2
1185 4577 2
1185 5924 2
1185 1194 2
1185 1389 2
1185 1695 2
1185 2223 2
1185 3879 2
1185 5185 2
1186 1328 2
1186 1885 2
1186 2854 2
1186 2889 2
1186 3090 2
1186 3212 2
1186 4888 2
1186 1913 2
1186 1966 2
1186 3199 2
1186 5284 2
1186 5440 2
1187 1364 2
1187 2130 2
1187 3706 2
1187 4105 2
1187 2534 2
1187 4071 2
1188 4274 2
1188 4451 2
1188 5415 2
1188 6576 2
1188 1541 2
1188 2104 2
1188 3032 2
1188 3176 2
1188 5113 2
1188 5445 2
1188 5532 2
1188 5893 2
1188 6160 2
1189 3529 2
1189 4433 2
1189 2044 2
1189 4079 2
1189 6246 2
1190 1253 2
1190 1372 2
1190 1443 2
1190 1504 2
1190 2141 2
1190 3219 2
1190 6911 2
1190 1410 2
1190 1622 2
1190 3191 2
1191 2166 2
1191 2412 2
1191 1729 2
1192 6104 2
1192 2009 2
1192 2388 2
1192 3559 2
1192 3601 2
1192 5395 2
1193 2293 2
1193 2337 2
1193 6368 2
1193 6941 2
1193 2068 2
1193 5037 2
1193 5114 2
1193 5219 2
1193 5229 2
1193 5313 2
1194 1585 2
1194 3332 2
1194 4949 2
1194 5255 2
1194 5800 2
1194 1389 2
1194 1695 2
1194 3421 2
1194 3913 2
1195 2706 2
1195 2764 2
1195 6123 2
1195 6933 2
1195 1395 2
1195 1687 2
1195 1902 2
1195 2117 2
1195 2416 2
1195 2625 2
1195 3390 2
1195 3534 2
1195 3741 2
1195 5251 2
1195 5679 2
1195 6666 2
1196 2466 2
1196 2780 2
1196 3744 2
1196 3957 2
1196 5515 2
1196 1265 2
1196 1673 2
1196 1754 2
1196 1797 2
1196 2721 2
1196 2725 2
1196 2787 2
1196 4028 2
1196 4686 2
1196 6518 2
1197 1454 2
1197 4131 2
1197 1578 2
1197 1901 2
1197 1911 2
1197 4289 2
1198 3224 2
1198 5775 2
1198 5994 2
1198 6032 2
1198 2884 2
1199 2517 2
1199 5476 2
1199 5688 2
1199 1869 2
1199 2704 2
1199 5840 2
1199 6561 2
1199 6780 2
1200 2514 2
1200 6996 2
1200 2647 2
1200 3348 2
1200 3591 2
1200 3965 2
1200 4701 2
1200 5601 2
1200 6498 2
1201 1269 2
1201 1586 2
1201 1617 2
1201 1659 2
1201 2238 2
1201 2955 2
1201 2968 2
1201 4444 2
1201 5389 2
1201 5710 2
1202 1329 2
1202 2038 2
1202 2402 2
1202 2454 2
1202 2803 2
1202 3000 2
1202 4344 2
1202 4448 2
1202 6134 2
1202 6705 2
1202 2727 2
1202 4826 2
1203 2411 2
1203 2944 2
1204 1611 2
1204 2303 2
1204 6658 2
1204 6785 2
1204 1669 2
1204 2833 2
1204 5270 2
1204 5312 2
1205 1365 2
1205 1623 2
1205 1668 2
1205 2166 2
1205 2463 2
1205 2789 2
1205 2845 2
1205 3083 2
1205 3958 2
1205 4929 2
1205 5009 2
1205 6865 2
1206 2320 2
1206 2673 2
1206 5796 2
1207 1610 2
1207 1754 2
1207 2139 2
1207 2153 2
1207 3029 2
1207 3357 2
1207 4584 2
1207 6311 2
1207 6871 2
1207 1393 2
1207 4053 2
1207 5110 2
1208 1726 2
1208 2545 2
1208 3651 2
1208 5516 2
1209 1773 2
1209 2119 2
1209 4572 2
1209 5429 2
1210 1670 2
1210 2927 2
1210 3118 2
1210 5975 2
1210 3430 2
1210 3652 2
1210 5791 2
1211 4001 2
1211 5505 2
1211 5659 2
1211 4226 2
1212 1361 2
1212 5034 2
1212 6562 2
1213 3415 2
1213 4492 2
1214 6334 2
1214 1366 2
1214 3782 2
1214 4945 2
1215 3444 2
1215 5818 2
1215 2795 2
1215 5631 2
1216 6942 2
1216 6709 2
1217 6977 2
1217 1572 2
1217 3951 2
1217 6702 2
1217 6751 2
1217 4477 2
1218 2075 2
1218 5787 2
1219 1717 2
1219 2950 2
1219 5252 2
1219 6128 2
1219 6660 2
1220 1471 2
1220 1745 2
1220 1886 2
1220 2344 2
1220 2476 2
1220 3141 2
1220 3641 2
1220 4906 2
1220 5148 2
1220 5640 2
1220 6206 2
1220 1317 2
1220 4107 2
1220 5826 2
1220 6704 2
1221 2607 2
1221 3172 2
1221 6248 2
1221 1278 2
1221 2187 2
1221 4054 2
1221 4312 2
1221 4468 2
1221 6342 2
1221 6681 2
1222 3958 2
1222 4208 2
1222 6096 2
1222 5127 2
1223 2346 2
1223 2656 2
1223 6964 2
1223 1266 2
1223 1823 2
1223 2283 2
1223 3710 2
1223 4064 2
1224 1991 2
1224 4235 2
1224 5689 2
1224 6112 2
1224 6497 2
1224 3327 2
1224 5413 2
1225 2831 2
1225 3403 2
1225 4306 2
1225 4427 2
1225 5111 2
1225 6127 2
1225 6690 2
1225 1885 2
1225 2512 2
1225 4685 2
1226 6233 2
1226 4352 2
1226 6962 2
1227 4008 2
1227 6580 2
1227 1579 2
1228 2339 2
1228 3176 2
1228 4859 2
1228 5253 2
1228 5525 2
1228 2227 2
1228 3251 2
1228 5687 2
1229 3880 2
1229 5237 2
1229 6074 2
1229 6599 2
1230 1371 2
1230 2408 2
1230 4539 2
1230 4735 2
1230 2733 2
1230 3761 2
1230 3921 2
1230 4255 2
1230 4451 2
1230 5220 2
1230 5677 2
1230 5979 2
1230 6167 2
1231 2962 2
1231 5185 2
1231 2057 2
1231 4354 2
1231 5144 2
1232 2926 2
1232 5987 2
1232 1589 2
1232 1718 2
1232 1897 2
1232 1900 2
1232 2556 2
1232 2749 2
1232 3398 2
1232 3496 2
1232 3760 2
1232 4699 2
1232 4949 2
1232 5885 2
1232 6804 2
1233 1866 2
1233 1369 2
1233 4090 2
1233 6081 2
1234 5816 2
1234 5914 2
1234 6587 2
1234 1320 2
1234 1422 2
1234 1615 2
1234 2118 2
1234 2322 2
1234 2359 2
1234 2914 2
1234 3375 2
1234 4814 2
1234 5707 2
1234 5794 2
1234 5964 2
1234 6420 2
1235 2832 2
1235 1316 2
1235 3680 2
1235 3866 2
1235 4325 2
1235 5101 2
1235 5450 2
1236 2702 2
1236 3350 2
1236 6219 2
1236 1620 2
1236 1870 2
1236 6960 2
1236 3503 2
1236 5396 2
1236 6215 2
1237 6596 2
1237 1334 2
1237 1454 2
1237 1506 2
1237 1593 2
1237 2231 2
1237 2438 2
1237 2566 2
1237 3452 2
1237 6000 2
1238 2179 2
1238 2616 2
1238 2700 2
1238 2830 2
1238 3518 2
1238 3688 2
1238 3754 2
1238 4202 2
1238 4978 2
1239 4134 2
1240 1247 2
1240 1358 2
1240 1446 2
1240 2052 2
1240 2866 2
1240 2964 2
1240 3702 2
1240 6748 2
1240 1388 2
1240 1598 2
1240 2074 2
1240 2657 2
1240 2680 2
1240 2939 2
1240 3075 2
1240 4220 2
1240 6013 2
1241 3415 2
1241 4572 2
1241 1661 2
1241 2726 2
1241 6563 2
1242 1839 2
1242 2159 2
1242 2364 2
1242 3351 2
1242 4787 2
1243 3563 2
1243 5248 2
1243 3160 2
1243 3670 2
1243 3764 2
1243 5138 2
1243 6214 2
1244 2816 2
1244 3037 2
1244 5140 2
1244 1326 2
1244 1362 2
1244 2860 2
1244 3556 2
1245 4460 2
1245 4500 2
1245 5621 2
1245 6823 2
1245 1539 2
1245 2059 2
1245 2378 2
1245 3334 2
1245 3338 2
1245 3440 2
1245 5108 2
1245 5807 2
1246 2233 2
1246 3076 2
1246 5635 2
1246 1504 2
1246 1680 2
1246 2343 2
1246 2992 2
1246 3474 2
1246 5064 2
1246 5640 2
1246 5870 2
1246 6266 2
1247 1358 2
1247 1427 2
1247 2866 2
1247 2964 2
1247 3589 2
1247 3892 2
1247 2428 2
1247 2673 2
1247 5055 2
1247 5204 2
1248 2306 2
1248 5113 2
1248 2204 2
1248 2461 2
1248 3172 2
1248 6109 2
1249 1775 2
1249 5071 2
1249 2617 2
1249 3026 2
1249 3379 2
1249 4150 2
1249 6104 2
1250 2765 2
1250 5209 2
1251 1445 2
1251 1689 2
1251 2071 2
1251 2596 2
1251 3731 2
1251 5500 2
1251 6829 2
1251 3065 2
1251 6450 2
1252 4651 2
1252 1530 2
1252 3522 2
1253 1372 2
1253 3219 2
1253 5507 2
1253 5844 2
1253 1738 2
1253 4593 2
1253 5767 2
1253 6517 2
1253 6546 2
1254 1874 2
1254 1962 2
1254 2061 2
1254 2107 2
1254 2142 2
1254 3929 2
1254 4850 2
1254 6518 2
1254 6902 2
1254 1458 2
1254 1520 2
1254 1529 2
1254 1985 2
1254 2609 2
1254 2665 2
1254 4422 2
1254 5211 2
1255 1779 2
1255 1812 2
1255 2116 2
1255 1828 2
1255 3548 2
1256 3662 2
1256 3437 2
1256 5301 2
1257 2256 2
1257 2365 2
1257 3276 2
1257 3867 2
1257 6083 2
1258 2859 2
1258 5964 2
1258 6917 2
1258 1406 2
1258 2056 2
1258 3409 2
1258 3755 2
1258 3906 2
1258 5820 2
1258 6280 2
1259 1830 2
1259 2112 2
1259 2284 2
1259 2771 2
1259 2820 2
1259 3940 2
1259 4049 2
1259 5823 2
1259 5963 2
1259 6424 2
1259 1645 2
1259 1747 2
1259 1881 2
1259 2027 2
1259 2580 2
1259 2922 2
1259 4449 2
1259 4455 2
1259 4939 2
1259 6102 2
1259 6327 2
1259 6373 2
1259 6466 2
1259 6585 2
1259 6887 2
1260 4158 2
1260 5051 2
1260 6162 2
1260 6460 2
1260 2276 2
1260 3408 2
1260 4639 2
1260 5610 2
1260 6472 2
1261 1337 2
1261 2486 2
1261 4811 2
1261 5240 2
1261 2243 2
1261 5217 2
1261 5593 2
1261 5697 2
1261 5911 2
1261 6832 2
1262 1652 2
1262 2174 2
1262 3216 2
1262 4117 2
1262 4442 2
1263 1677 2
1263 1966 2
1263 2726 2
1263 1384 2
1263 1640 2
1263 2545 2
1263 2646 2
1263 3492 2
1263 6066 2
1263 6098 2
1264 1776 2
1264 2321 2
1264 3012 2
1264 3672 2
1264 3893 2
1264 3971 2
1264 4731 2
1265 1819 2
1265 2008 2
1265 4876 2
1265 5848 2
1265 1673 2
1266 1600 2
1266 1823 2
1266 3545 2
1267 1912 2
1267 6799 2
1267 2980 2
1267 5467 2
1268 1723 2
1268 2446 2
1268 5890 2
1269 1617 2
1269 1707 2
1269 1782 2
1269 1919 2
1269 2125 2
1269 2313 2
1269 2839 2
1269 2968 2
1269 3494 2
1269 3727 2
1269 5710 2
1269 1904 2
1269 3186 2
1269 5448 2
1270 1564 2
1270 4603 2
1270 4304 2
1270 6190 2
1270 6392 2
1271 1495 2
1271 1581 2
1271 2299 2
1271 2500 2
1271 2631 2
1271 4540 2
1271 5462 2
1271 5717 2
1271 1412 2
1271 2578 2
1271 3397 2
1271 3626 2
1271 3859 2
1271 4032 2
1271 4835 2
1271 5995 2
1271 6355 2
1271 6817 2
1272 1817 2
1272 2437 2
1272 2914 2
1272 3608 2
1272 5159 2
1272 5382 2
1272 6171 2
1272 1827 2
1272 2191 2
1272 4010 2
1272 4056 2
1272 6369 2
1273 3583 2
1273 6430 2
1273 2111 2
1273 2520 2
1273 2805 2
1273 4888 2
1274 3463 2
1274 2272 2
1274 3331 2
1274 4347 2
1275 1355 2
1275 2463 2
1275 2979 2
1275 6013 2
1275 1955 2
1275 3708 2
1275 4120 2
1275 4760 2
1276 1486 2
1276 1579 2
1276 1943 2
1276 2287 2
1276 2355 2
1276 2586 2
1276 2768 2
1276 3016 2
1276 4677 2
1276 6321 2
1276 6554 2
1276 1679 2
1276 6088 2
1277 2213 2
1277 2762 2
1277 2843 2
1277 3300 2
1277 3371 2
1277 3585 2
1277 5755 2
1277 6235 2
1277 6663 2
1278 6853 2
1278 4468 2
1278 4987 2
1278 6342 2
1279 2281 2
1279 3309 2
1279 3782 2
1279 4710 2
1279 6637 2
1279 2478 2
1279 3622 2
1280 1467 2
1280 5592 2
1280 6190 2
1280 1536 2
1280 3822 2
1281 1645 2
1281 1735 2
1281 2594 2
1281 5979 2
1281 1769 2
1281 2189 2
1281 2273 2
1281 4013 2
1281 4421 2
1281 4654 2
1281 5835 2
1281 6736 2
1282 2526 2
1282 4692 2
1282 5428 2
1282 5458 2
1282 5902 2
1283 2549 2
1283 2008 2
1283 2849 2
1283 2867 2
1283 2987 2
1283 5358 2
1283 6334 2
1283 6460 2
1284 1476 2
1284 2529 2
1284 3909 2
1284 4881 2
1284 5268 2
1284 1345 2
1284 1800 2
1284 1841 2
1284 1854 2
1284 3998 2
1284 4486 2
1284 5453 2
1284 5507 2
1284 5635 2
1284 6365 2
1284 6422 2
1284 6831 2
1284 6863 2
1285 1709 2
1285 1743 2
1285 2117 2
1285 2269 2
1285 2504 2
1285 2512 2
1285 2659 2
1285 2895 2
1285 2928 2
1285 3616 2
1285 3655 2
1285 6659 2
1285 1806 2
1285 5203 2
1285 5896 2
1286 1939 2
1286 3482 2
1286 3576 2
1286 5045 2
1286 4587 2
1286 4717 2
1286 5727 2
1286 6575 2
1287 2351 2
1287 2872 2
1287 3792 2
1287 5132 2
1287 5845 2
1287 6045 2
1287 6592 2
1287 2030 2
1288 1663 2
1288 2457 2
1288 2700 2
1288 2879 2
1288 3428 2
1288 3495 2
1288 3600 2
1288 4002 2
1288 5004 2
1288 5980 2
1288 6429 2
1288 2047 2
1288 2257 2
1288 2341 2
1288 3000 2
1288 3632 2
1288 5327 2
1288 5967 2
1288 6692 2
1289 1727 2
1289 1759 2
1289 5457 2
1289 6066 2
1289 1485 2
1289 1858 2
1289 2871 2
1289 3056 2
1289 3202 2
1289 4789 2
1289 6065 2
1290 1461 2
1290 1981 2
1290 2786 2
1290 3095 2
1290 4741 2
1290 5234 2
1290 5358 2
1290 6700 2
1290 2664 2
1290 4087 2
1291 1884 2
1291 3352 2
1291 2023 2
1291 4581 2
1291 4984 2
1291 5877 2
1292 3565 2
1292 4754 2
1292 5306 2
1292 6600 2
1292 1864 2
1292 2148 2
1292 3497 2
1293 1410 2
1293 1480 2
1293 1716 2
1293 1758 2
1293 2090 2
1293 2290 2
1293 3043 2
1293 3526 2
1293 4201 2
1293 4291 2
1293 4321 2
1293 4689 2
1293 5129 2
1293 5430 2
1293 5514 2
1293 1984 2
1293 6310 2
1294 1722 2
1294 2400 2
1294 3312 2
1294 5799 2
1295 1776 2
1295 1856 2
1295 2641 2
1296 1398 2
1296 1690 2
1296 4565 2
1296 4619 2
1296 4745 2
1297 2128 2
1297 3990 2
1297 4473 2
1297 5497 2
1297 6573 2
1297 1466 2
1297 3097 2
1297 3696 2
1297 4875 2
1297 5086 2
1298 6749 2
1298 2851 2
1298 3790 2
1298 5598 2
1299 1399 2
1299 2639 2
1299 2934 2
1299 5939 2
1299 2242 2
1299 3460 2
1299 4225 2
1299 4948 2
1299 6378 2
1300 1909 2
1300 2208 2
1300 2310 2
1300 2625 2
1300 3046 2
1300 3816 2
1300 4840 2
1300 2782 2
1301 2605 2
1301 3217 2
1301 3720 2
1301 5362 2
1302 1770 2
1302 3200 2
1302 6870 2
1302 6934 2
1302 1371 2
1302 1694 2
1302 2060 2
1302 2230 2
1302 3876 2
1302 6530 2
1302 6984 2
1303 2084 2
1303 4663 2
1303 5949 2
1303 6001 2
1303 6506 2
1303 1352 2
1303 1404 2
1303 3449 2
1303 3661 2
1304 1718 2
1304 2314 2
1304 3175 2
1304 3767 2
1304 3968 2
1304 4815 2
1305 1418 2
1305 1615 2
1305 1740 2
1305 1749 2
1305 2011 2
1305 2438 2
1305 3244 2
1305 4365 2
1305 6779 2
1305 6801 2
1305 4258 2
1306 1478 2
1306 2254 2
1306 3821 2
1306 4813 2
1306 4874 2
1306 5902 2
1306 5933 2
1306 6486 2
1306 6594 2
1306 1414 2
1306 1527 2
1306 4239 2
1306 4319 2
1306 4732 2
1306 6328 2
1306 6349 2
1307 6318 2
1307 6412 2
1307 1891 2
1307 4693 2
1307 4733 2
1307 4833 2
1307 6430 2
1308 1949 2
1308 2954 2
1308 3554 2
1308 6247 2
1308 3411 2
1308 3612 2
1308 4458 2
1308 5683 2
1309 1928 2
1310 1453 2
1310 1490 2
1310 1895 2
1310 3519 2
1310 4594 2
1310 4871 2
1310 5750 2
1310 6619 2
1310 6872 2
1310 1515 2
1310 4615 2
1310 5365 2
1311 1678 2
1311 2270 2
1311 2708 2
1311 2828 2
1311 3121 2
1311 3234 2
1311 4130 2
1311 5809 2
1311 6141 2
1312 3109 2
1312 3434 2
1312 3539 2
1312 4897 2
1312 1533 2
1312 1997 2
1312 2311 2
1313 2026 2
1313 2808 2
1313 3994 2
1313 4333 2
1313 5161 2
1313 5644 2
1313 5992 2
1313 6284 2
1313 6651 2
1313 6693 2
1313 2028 2
1313 4876 2
1314 1587 2
1314 5922 2
1314 6445 2
1314 3141 2
1314 3212 2
1314 4709 2
1315 1649 2
1315 2871 2
1315 3465 2
1315 3515 2
1315 3941 2
1315 4100 2
1315 1420 2
1315 2439 2
1315 4680 2
1315 5543 2
1316 2436 2
1316 2891 2
1316 4900 2
1316 5145 2
1316 3680 2
1317 1748 2
1317 4147 2
1318 1670 2
1318 3831 2
1318 3907 2
1318 4067 2
1318 5987 2
1318 6465 2
1319 4415 2
1319 6395 2
1320 1391 2
1320 1494 2
1320 2131 2
1320 2217 2
1320 2776 2
1320 3157 2
1320 3741 2
1320 4156 2
1320 4985 2
1320 5395 2
1320 5618 2
1320 1615 2
1320 2322 2
1320 5707 2
1321 2390 2
1321 2423 2
1321 2452 2
1321 2567 2
1321 2932 2
1321 3689 2
1321 3976 2
1321 2689 2
1321 5576 2
1321 6768 2
1322 1374 2
1323 3471 2
1323 3570 2
1323 4257 2
1323 6901 2
1323 1909 2
1323 2633 2
1323 5952 2
1323 6601 2
1324 1416 2
1324 1512 2
1324 1697 2
1324 1767 2
1324 2307 2
1324 3343 2
1324 3447 2
1324 6292 2
1324 6536 2
1324 2600 2
1324 2631 2
1324 3128 2
1325 1721 2
1325 1753 2
1325 2123 2
1325 6974 2
1325 3263 2
1325 3748 2
1325 3760 2
1325 3824 2
1325 3860 2
1325 3928 2
1325 5503 2
1325 5879 2
1325 6223 2
1325 6723 2
1325 1968 2
1326 2804 2
1326 4607 2
1326 4910 2
1326 2860 2
1326 3556 2
1326 3698 2
1326 5300 2
1327 2536 2
1327 2613 2
1327 3058 2
1327 4469 2
1327 5265 2
1327 6710 2
1327 3890 2
1328 1514 2
1328 1885 2
1328 2710 2
1328 2712 2
1328 2854 2
1328 3212 2
1328 3801 2
1328 4888 2
1328 2345 2
1328 6295 2
1329 1669 2
1329 1890 2
1329 2956 2
1329 2676 2
1329 3234 2
1329 4568 2
1330 6958 2
1330 2239 2
1330 2328 2
1330 2870 2
1330 3005 2
1330 3120 2
1330 4425 2
1330 4798 2
1330 4866 2
1330 5392 2
1330 5687 2
1330 5725 2
1330 4489 2
1330 5688 2
1331 5423 2
1332 1710 2
1332 2181 2
1332 3314 2
1332 3859 2
1332 1409 2
1332 3241 2
1333 1579 2
1333 2586 2
1333 2993 2
1333 4944 2
1333 5339 2
1333 5837 2
1333 1610 2
1334 1516 2
1334 6212 2
1334 1454 2
1334 1506 2
1334 1593 2
1334 1836 2
1334 2603 2
1334 3452 2
1334 5060 2
1334 5494 2
1334 5866 2
1335 1680 2
1335 1992 2
1335 4832 2
1335 5278 2
1335 1899 2
1335 3005 2
1335 3157 2
1335 3291 2
1335 4170 2
1335 4266 2
1335 4985 2
1335 5401 2
1335 5407 2
1336 1854 2
1336 2006 2
1336 2113 2
1336 5685 2
1336 5813 2
1336 6213 2
1336 1643 2
1336 1721 2
1337 2486 2
1337 3458 2
1337 5240 2
1337 2639 2
1338 1374 2
1338 1441 2
1338 2110 2
1338 2101 2
1338 3774 2
1338 3806 2
1338 3953 2
1338 5488 2
1339 1352 2
1339 5494 2
1339 5695 2
1339 1702 2
1339 2003 2
1340 1821 2
1340 2517 2
1340 4012 2
1340 4831 2
1342 1421 2
1343 3735 2
1343 3814 2
1343 5103 2
1344 1426 2
1344 2276 2
1344 2812 2
1344 2924 2
1344 3292 2
1344 4768 2
1344 4870 2
1344 1604 2
1344 3881 2
1345 1580 2
1345 1622 2
1345 3083 2
1345 6358 2
1345 1800 2
1345 1841 2
1345 1854 2
1345 2531 2
1345 4571 2
1345 5635 2
1345 5976 2
1345 6365 2
1345 6375 2
1346 1644 2
1346 2074 2
1346 2686 2
1346 3604 2
1346 3923 2
1346 5821 2
1346 5904 2
1346 3737 2
1347 3749 2
1347 1387 2
1347 2298 2
1347 2669 2
1347 3656 2
1347 6762 2
1347 6830 2
1348 1496 2
1348 2485 2
1348 2975 2
1348 1785 2
1348 2521 2
1348 5632 2
1348 6249 2
1349 4470 2
1349 4628 2
1349 5230 2
1349 6491 2
1349 6547 2
1349 2112 2
1349 2138 2
1349 3773 2
1349 5422 2
1349 5821 2
1350 3057 2
1350 4118 2
1350 4351 2
1350 6009 2
1350 6269 2
1350 5907 2
1351 1938 2
1351 2058 2
1351 3150 2
1351 3504 2
1351 3777 2
1351 6132 2
1351 6256 2
1351 6866 2
1352 5017 2
1352 5695 2
1352 3449 2
1353 3611 2
1353 1969 2
1353 3513 2
1353 4157 2
1353 5192 2
1353 5465 2
1354 1510 2
1354 4927 2
1354 1569 2
1354 5090 2
1354 5154 2
1355 2463 2
1355 4106 2
1355 1819 2
1355 2773 2
1355 3839 2
1355 4364 2
1356 2374 2
1356 3519 2
1356 5182 2
1357 1922 2
1357 2176 2
1357 3484 2
1357 5414 2
1358 1427 2
1358 1446 2
1358 1911 2
1358 2052 2
1358 2431 2
1358 2866 2
1358 2977 2
1358 3589 2
1358 6982 2
1358 3811 2
1358 4515 2
1358 5205 2
1358 6092 2
1358 6451 2
1358 2435 2
1358 3164 2
1358 4031 2
1358 5910 2
1358 6032 2
1358 6390 2
1359 1365 2
1359 1917 2
1359 5524 2
1359 5965 2
1359 1713 2
1359 3076 2
1359 3337 2
1359 3815 2
1359 4707 2
1360 1556 2
1360 3052 2
1360 3638 2
1360 4883 2
1360 5410 2
1360 2127 2
1360 2157 2
1360 3261 2
1360 3316 2
1360 3896 2
1360 4480 2
1360 6111 2
1361 2134 2
1361 2911 2
1361 3864 2
1361 6237 2
1361 6262 2
1361 5034 2
1361 6082 2
1362 1380 2
1362 1778 2
1362 2263 2
1362 2312 2
1362 2342 2
1362 2553 2
1362 3635 2
1362 5336 2
1362 5970 2
1362 3239 2
1362 3575 2
1363 1597 2
1363 2047 2
1363 2262 2
1363 4699 2
1363 2681 2
1363 6462 2
1364 6142 2
1364 1741 2
1364 3762 2
1364 4211 2
1365 2757 2
1365 3808 2
1365 5524 2
1365 6685 2
1365 1623 2
1365 1668 2
1365 2166 2
1365 2728 2
1365 2845 2
1365 3027 2
1365 3083 2
1365 3433 2
1365 4152 2
1365 4529 2
1365 4929 2
1365 5129 2
1365 6010 2
1365 6200 2
1365 6648 2
1366 1561 2
1366 3605 2
1366 4335 2
1366 5787 2
1367 5579 2
1367 6329 2
1367 2794 2
1368 1846 2
1368 1882 2
1368 2785 2
1369 2689 2
1369 6121 2
1369 4090 2
1369 5164 2
1369 6354 2
1370 6796 2
1371 1408 2
1371 6530 2
1372 3219 2
1373 1715 2
1373 1768 2
1373 5311 2
1373 5746 2
1373 6744 2
1373 2066 2
1373 2947 2
1373 3225 2
1373 4332 2
1373 5846 2
1374 1441 2
1374 2110 2
1374 3196 2
1374 3882 2
1374 4174 2
1375 3631 2
1375 4784 2
1375 6372 2
1375 6650 2
1375 6834 2
1375 1484 2
1375 3819 2
1375 3979 2
1375 5886 2
1376 2348 2
1376 1973 2
1376 2088 2
1376 2872 2
1376 3178 2
1376 5966 2
1377 2522 2
1377 4174 2
1377 5604 2
1377 2048 2
1377 4341 2
1377 4541 2
1377 6651 2
1377 6899 2
1378 2233 2
1379 2461 2
1379 2665 2
1379 4290 2
1379 4314 2
1379 6782 2
1379 1445 2
1380 1667 2
1380 2342 2
1380 2403 2
1380 3024 2
1380 3530 2
1380 4526 2
1380 4579 2
1380 4789 2
1380 5308 2
1380 5499 2
1380 5546 2
1380 5970 2
1380 1971 2
1380 4104 2
1381 1406 2
1381 1556 2
1381 2772 2
1381 5338 2
1382 2149 2
1382 2617 2
1382 5223 2
1382 5841 2
1382 5920 2
1382 6889 2
1382 2150 2
1382 6965 2
1382 5914 2
1383 1799 2
1383 2637 2
1383 6806 2
1383 1834 2
1383 1958 2
1383 2401 2
1383 2801 2
1383 6333 2
1384 1920 2
1384 2484 2
1384 2811 2
1384 3742 2
1384 5918 2
1384 6435 2
1384 1640 2
1384 2646 2
1384 6737 2
1385 1623 2
1385 1942 2
1385 2164 2
1385 2443 2
1385 3017 2
1385 3437 2
1385 3822 2
1385 3897 2
1385 4617 2
1385 5400 2
1385 2016 2
1385 2159 2
1385 2481 2
1385 2582 2
1385 2852 2
1385 5859 2
1386 1973 2
1386 1984 2
1386 2027 2
1386 2227 2
1386 4229 2
1386 4303 2
1386 4709 2
1386 5851 2
1386 1559 2
1386 2503 2
1386 5442 2
1386 5665 2
1386 5771 2
1386 6165 2
1387 2299 2
1387 2468 2
1387 3506 2
1388 2946 2
1388 3950 2
1388 1431 2
1389 2296 2
1389 2813 2
1389 2869 2
1389 3150 2
1389 5937 2
1389 1695 2
1389 2223 2
1389 3421 2
1389 3913 2
1389 4993 2
1390 1870 2
1390 1941 2
1390 2195 2
1390 2235 2
1390 2543 2
1390 3861 2
1390 3873 2
1390 4550 2
1390 5988 2
1390 1859 2
1390 2295 2
1390 2432 2
1390 2928 2
1390 4344 2
1390 5374 2
1390 6452 2
1391 1494 2
1391 1980 2
1391 2131 2
1391 2776 2
1391 3333 2
1391 3741 2
1391 4325 2
1391 6947 2
1391 5170 2
1391 3655 2
1391 6731 2
1392 2392 2
1392 2674 2
1392 2713 2
1392 4509 2
1392 6806 2
1393 3124 2
1393 4324 2
1393 5297 2
1393 6083 2
1393 2767 2
1393 4053 2
1393 5159 2
1394 6918 2
1394 2948 2
1394 4195 2
1394 4550 2
1395 1738 2
1395 2678 2
1395 3249 2
1395 4875 2
1395 6132 2
1395 6476 2
1395 1687 2
1395 2061 2
1395 3390 2
1395 4474 2
1395 5251 2
1395 6983 2
1395 6317 2
1396 1831 2
1396 1883 2
1396 1938 2
1396 3133 2
1396 4013 2
1396 4336 2
1396 5286 2
1396 3610 2
1396 5250 2
1397 4581 2
1397 1421 2
1397 4475 2
1397 5150 2
1397 5851 2
1398 1690 2
1398 2252 2
1398 3681 2
1398 6256 2
1398 1709 2
1398 4857 2
1398 5925 2
1399 1538 2
1399 5939 2
1400 2775 2
1400 3673 2
1400 5092 2
1400 6325 2
1400 1663 2
1400 2396 2
1400 6749 2
1401 4116 2
1401 2234 2
1402 1976 2
1402 2248 2
1402 3866 2
1402 5666 2
1402 2394 2
1402 4025 2
1402 4366 2
1403 1824 2
1403 2498 2
1403 6133 2
1403 4662 2
1403 5394 2
1404 1555 2
1404 6495 2
1405 1871 2
1405 1950 2
1405 3074 2
1405 3861 2
1405 4072 2
1405 4671 2
1406 2056 2
1406 6970 2
1407 1564 2
1407 2288 2
1407 3403 2
1407 4190 2
1407 6262 2
1407 6403 2
1408 4385 2
1408 1665 2
1408 3781 2
1408 6882 2
1409 3261 2
1409 3784 2
1409 4272 2
1409 4664 2
1409 5594 2
1410 1758 2
1410 3043 2
1410 5430 2
1410 6954 2
1410 1427 2
1410 2766 2
1410 6676 2
1411 1631 2
1411 2589 2
1411 4349 2
1411 1855 2
1411 2013 2
1411 3031 2
1411 4034 2
1412 3247 2
1412 5104 2
1412 3626 2
1412 3859 2
1412 4032 2
1412 6053 2
1413 4611 2
1413 4773 2
1413 4937 2
1413 6044 2
1413 1896 2
1413 3156 2
1413 4126 2
1413 5716 2
1414 4993 2
1414 4239 2
1414 4367 2
1414 4732 2
1414 5065 2
1414 5815 2
1414 5848 2
1414 6349 2
1415 1959 2
1415 4141 2
1415 4453 2
1415 5105 2
1416 1512 2
1416 1547 2
1416 1697 2
1416 3101 2
1416 3409 2
1416 3553 2
1416 3981 2
1416 4570 2
1416 4596 2
1416 4972 2
1416 6461 2
1416 6536 2
1416 2169 2
1416 3884 2
1417 1481 2
1417 1571 2
1417 1703 2
1417 3084 2
1417 3644 2
1417 6350 2
1417 6793 2
1417 1954 2
1418 1615 2
1418 1740 2
1418 1749 2
1418 1750 2
1418 2361 2
1418 3195 2
1418 3643 2
1418 6779 2
1418 6801 2
1418 1489 2
1418 1573 2
1418 1697 2
1418 2022 2
1418 3374 2
1418 3467 2
1418 4339 2
1418 5069 2
1418 5186 2
1418 6286 2
1419 1477 2
1419 3002 2
1419 5722 2
1420 1488 2
1420 1875 2
1420 2406 2
1420 2876 2
1420 3377 2
1420 3435 2
1420 4312 2
1420 4556 2
1420 5084 2
1420 5380 2
1420 6980 2
1420 5530 2
1420 5559 2
1421 3725 2
1421 4310 2
1421 2761 2
1421 5150 2
1421 5421 2
1421 5955 2
1422 1424 2
1422 3703 2
1422 4531 2
1422 4657 2
1422 2118 2
1422 4089 2
1422 4814 2
1423 6850 2
1423 4621 2
1423 6260 2
1424 3703 2
1424 4531 2
1424 4657 2
1424 2090 2
1424 6284 2
1426 2276 2
1426 2812 2
1426 3292 2
1426 2985 2
1426 4186 2
1426 4444 2
1426 5642 2
1427 6982 2
1427 2431 2
1427 3589 2
1427 3811 2
1427 6092 2
1427 1703 2
1427 2766 2
1427 5125 2
1427 6676 2
1428 1907 2
1428 2069 2
1428 2982 2
1428 3030 2
1428 5096 2
1428 5572 2
1428 2650 2
1428 4542 2
1428 6438 2
1429 3334 2
1429 6993 2
1430 2667 2
1430 2195 2
1430 2384 2
1430 4382 2
1431 3315 2
1431 5426 2
1431 2371 2
1431 4908 2
1431 5415 2
1432 2150 2
1432 2410 2
1432 2424 2
1432 2699 2
1432 2806 2
1432 5099 2
1432 5188 2
1433 2138 2
1433 2147 2
1433 2386 2
1433 2429 2
1433 4679 2
1433 3813 2
1434 3739 2
1434 4062 2
1434 4542 2
1434 4929 2
1435 4108 2
1435 4356 2
1435 1678 2
1435 2352 2
1435 3378 2
1435 5996 2
1436 3186 2
1436 3497 2
1436 6487 2
1436 2184 2
1437 2515 2
1437 4393 2
1437 6730 2
1438 3561 2
1438 3885 2
1438 5398 2
1439 1842 2
1439 2636 2
1439 2728 2
1439 6075 2
1439 6158 2
1439 6282 2
1439 6614 2
1439 1916 2
1439 2259 2
1439 3085 2
1439 6948 2
1439 5506 2
1439 5997 2
1440 3282 2
1440 6178 2
1441 2110 2
1441 3196 2
1441 2073 2
1441 2113 2
1441 5140 2
1441 5447 2
1441 6332 2
1441 6733 2
1442 4007 2
1442 4665 2
1442 5043 2
1442 5375 2
1443 1504 2
1443 2036 2
1443 2056 2
1443 2141 2
1443 3145 2
1443 3423 2
1443 4510 2
1443 6494 2
1443 6911 2
1443 3023 2
1443 3067 2
1443 6270 2
1443 6669 2
1445 1689 2
1445 2071 2
1445 2888 2
1445 2942 2
1445 3509 2
1445 4136 2
1445 5571 2
1445 6829 2
1445 2624 2
1446 1911 2
1446 2052 2
1446 4515 2
1446 4606 2
1446 2025 2
1446 2086 2
1446 2489 2
1446 3116 2
1446 3406 2
1446 3675 2
1446 3975 2
1446 4188 2
1446 5121 2
1446 5303 2
1446 5927 2
1446 5971 2
1446 6893 2
1447 1692 2
1447 6701 2
1447 1659 2
1447 4596 2
1447 5118 2
1447 6307 2
1448 5623 2
1448 3363 2
1448 3824 2
1448 4358 2
1448 5833 2
1448 6161 2
1448 6442 2
1449 1882 2
1449 4428 2
1449 5256 2
1449 5459 2
1449 6026 2
1450 1869 2
1450 5386 2
1450 6733 2
1450 1509 2
1450 1699 2
1450 1735 2
1450 2482 2
1450 3361 2
1450 3711 2
1450 3917 2
1450 4591 2
1450 4703 2
1450 5462 2
1451 2907 2
1451 5209 2
1451 1638 2
1451 2193 2
1451 2649 2
1451 3135 2
1451 3458 2
1451 3775 2
1451 3796 2
1451 3842 2
1451 4412 2
1451 4462 2
1451 5477 2
1451 6587 2
1451 6901 2
1452 2272 2
1452 3832 2
1452 4073 2
1452 5040 2
1452 5995 2
1452 6070 2
1452 3046 2
1452 3454 2
1452 3462 2
1452 4970 2
1453 4594 2
1453 6619 2
1453 6872 2
1453 6894 2
1453 1618 2
1453 1633 2
1453 1849 2
1453 2262 2
1454 4131 2
1454 6048 2
1454 6076 2
1454 1506 2
1454 2438 2
1454 2603 2
1454 6243 2
1454 6389 2
1454 6545 2
1454 6685 2
1455 2388 2
1455 2893 2
1455 3456 2
1455 4842 2
1455 5112 2
1455 6646 2
1455 6900 2
1455 3246 2
1456 1624 2
1456 4383 2
1456 5078 2
1456 5200 2
1456 5773 2
1456 5959 2
1456 6016 2
1457 2028 2
1457 4266 2
1457 4792 2
1457 3636 2
1458 2324 2
1458 2609 2
1458 2859 2
1458 6299 2
1459 1893 2
1459 3781 2
1459 3851 2
1459 3918 2
1459 5891 2
1459 3450 2
1460 1634 2
1460 2453 2
1460 3359 2
1460 2714 2
1460 2748 2
1460 4397 2
1461 1981 2
1461 2333 2
1461 3222 2
1461 4966 2
1461 6895 2
1461 1467 2
1461 2289 2
1461 2400 2
1461 2471 2
1461 2825 2
1461 2999 2
1461 3768 2
1461 4788 2
1461 6253 2
1461 6796 2
1462 6682 2
1463 1554 2
1464 4022 2
1464 4248 2
1465 1946 2
1465 2225 2
1465 3787 2
1465 4394 2
1465 4585 2
1465 1550 2
1465 1839 2
1465 2216 2
1465 2385 2
1465 2564 2
1465 3517 2
1465 4658 2
1465 5627 2
1465 5937 2
1465 6572 2
1465 6744 2
1466 2475 2
1466 3064 2
1466 3445 2
1466 4936 2
1466 6581 2
1466 3097 2
1467 2289 2
1467 2825 2
1467 3768 2
1467 4481 2
1468 1931 2
1468 2118 2
1468 6879 2
1468 2078 2
1468 3350 2
1468 4133 2
1468 4335 2
1469 2037 2
1469 2676 2
1469 3370 2
1469 5715 2
1469 2812 2
1469 2993 2
1469 5304 2
1469 6612 2
1470 2220 2
1470 5174 2
1470 5292 2
1470 6750 2
1470 1793 2
1470 1894 2
1470 2109 2
1470 3321 2
1470 4863 2
1470 5892 2
1471 1741 2
1471 1745 2
1471 4906 2
1471 5640 2
1471 6173 2
1471 1693 2
1471 2108 2
1471 5391 2
1472 4489 2
1472 2014 2
1472 2067 2
1472 5038 2
1473 1559 2
1473 1846 2
1473 2525 2
1473 3602 2
1473 3946 2
1473 5619 2
1473 6652 2
1473 2469 2
1473 2565 2
1473 3222 2
1473 4139 2
1473 4556 2
1473 6478 2
1474 4697 2
1474 6289 2
1474 1688 2
1474 2863 2
1474 4791 2
1474 5571 2
1474 5619 2
1474 6870 2
1475 6371 2
1475 3324 2
1476 2529 2
1476 2792 2
1476 4088 2
1476 5268 2
1476 6472 2
1476 6502 2
1476 1857 2
1476 2573 2
1476 4270 2
1477 4638 2
1477 4757 2
1477 5122 2
1477 5535 2
1477 3002 2
1477 5722 2
1477 6047 2
1478 3821 2
1478 4813 2
1478 4874 2
1478 5933 2
1478 5973 2
1478 1666 2
1478 2102 2
1478 2121 2
1478 2241 2
1478 2683 2
1478 3305 2
1478 3872 2
1478 4631 2
1478 4755 2
1479 2732 2
1479 3684 2
1479 4831 2
1479 5245 2
1479 6808 2
1479 3892 2
1479 4539 2
1480 1716 2
1480 2090 2
1480 3526 2
1480 4201 2
1480 5338 2
1480 5514 2
1480 1545 2
1480 5146 2
1480 6426 2
1481 1703 2
1481 2051 2
1481 3644 2
1481 3870 2
1481 1519 2
1481 1562 2
1481 3144 2
1481 3382 2
1481 3418 2
1481 3722 2
1481 5248 2
1482 1760 2
1482 2223 2
1482 2560 2
1482 2806 2
1482 2835 2
1482 2906 2
1482 3710 2
1482 4277 2
1482 2292 2
1482 2752 2
1482 3243 2
1482 3900 2
1482 5139 2
1483 3974 2
1483 6937 2
1483 5603 2
1483 1804 2
1483 3111 2
1484 2694 2
1484 6874 2
1484 2133 2
1484 3203 2
1484 3979 2
1485 2185 2
1485 2844 2
1485 3338 2
1485 4187 2
1485 4686 2
1485 4945 2
1486 1943 2
1486 2768 2
1486 6321 2
1486 1743 2
1486 2207 2
1486 2891 2
1486 3003 2
1486 3810 2
1486 6553 2
1487 1491 2
1487 2591 2
1487 3247 2
1487 6199 2
1487 6879 2
1488 1875 2
1488 2876 2
1488 3085 2
1488 4312 2
1488 4576 2
1488 6028 2
1488 6713 2
1488 6916 2
1489 3110 2
1489 1573 2
1489 2022 2
1489 3686 2
1489 5069 2
1490 3532 2
1490 4871 2
1490 5703 2
1490 5750 2
1490 5120 2
1491 2490 2
1491 4685 2
1491 2591 2
1491 4389 2
1492 2499 2
1492 4797 2
1492 1892 2
1492 2515 2
1493 1985 2
1493 2428 2
1493 5728 2
1493 1947 2
1493 2420 2
1493 2869 2
1493 4879 2
1493 5071 2
1493 5808 2
1493 6351 2
1494 1980 2
1494 2131 2
1494 3157 2
1494 4985 2
1494 3596 2
1494 4998 2
1495 1581 2
1495 5717 2
1495 4448 2
1495 4715 2
1495 5788 2
1495 6117 2
1496 2485 2
1496 6094 2
1496 1636 2
1497 1769 2
1497 3228 2
1497 2069 2
1497 2373 2
1497 2777 2
1497 2870 2
1497 3290 2
1497 3909 2
1497 5857 2
1498 1898 2
1498 3722 2
1498 3730 2
1498 4070 2
1498 4359 2
1498 5048 2
1498 6689 2
1498 6897 2
1498 6925 2
1498 1566 2
1498 2597 2
1499 3712 2
1499 4845 2
1499 5830 2
1499 6611 2
1499 6950 2
1500 6257 2
1500 1818 2
1500 2081 2
1500 2640 2
1500 2877 2
1500 3451 2
1500 5915 2
1500 5932 2
1501 1809 2
1501 4979 2
1501 5485 2
1502 2205 2
1502 3143 2
1502 4801 2
1502 5279 2
1502 2907 2
1502 3112 2
1502 3413 2
1502 3693 2
1502 4794 2
1502 5568 2
1502 6767 2
1503 3618 2
1503 6362 2
1503 6683 2
1503 2464 2
1503 3903 2
1504 2036 2
1504 2056 2
1504 4188 2
1504 6670 2
1504 6911 2
1504 1908 2
1504 2343 2
1504 3050 2
1504 4980 2
1504 5064 2
1504 5640 2
1505 1558 2
1505 1734 2
1505 6370 2
1506 3211 2
1506 1593 2
1506 1836 2
1506 2162 2
1506 2231 2
1506 3495 2
1506 4222 2
1506 4251 2
1506 6488 2
1507 2599 2
1507 3320 2
1507 3362 2
1507 5584 2
1508 2449 2
1508 4203 2
1508 5552 2
1508 6022 2
1508 6788 2
1509 3236 2
1509 6057 2
1509 1821 2
1509 3711 2
1509 4591 2
1509 4703 2
1509 5201 2
1509 6154 2
1510 2024 2
1510 2610 2
1510 2620 2
1510 3101 2
1510 3679 2
1510 3802 2
1510 5170 2
1510 6136 2
1510 6259 2
1511 4494 2
1511 5181 2
1511 3192 2
1511 4334 2
1511 4386 2
1511 5427 2
1511 5963 2
1511 6206 2
1512 1697 2
1512 1767 2
1512 2307 2
1512 3447 2
1512 3553 2
1512 4596 2
1512 4972 2
1512 6951 2
1512 6292 2
1512 5136 2
1513 3273 2
1513 4703 2
1513 4863 2
1513 5086 2
1513 6333 2
1513 6696 2
1513 3312 2
1513 3455 2
1513 3481 2
1513 4848 2
1514 2426 2
1514 2710 2
1514 2712 2
1514 3777 2
1514 4505 2
1514 5560 2
1514 6144 2
1514 1698 2
1514 1732 2
1514 3946 2
1515 1990 2
1515 2330 2
1515 3169 2
1515 4482 2
1515 6595 2
1515 3232 2
1515 4921 2
1516 6212 2
1516 5103 2
1516 5772 2
1516 6366 2
1516 6661 2
1517 1996 2
1517 2354 2
1517 5333 2
1517 5952 2
1517 1624 2
1518 3932 2
1518 5474 2
1518 1981 2
1518 2685 2
1518 2709 2
1518 2781 2
1518 4355 2
1518 4602 2
1518 5712 2
1519 1879 2
1519 2331 2
1519 2546 2
1519 2649 2
1519 2874 2
1519 3491 2
1519 1562 2
1519 3144 2
1520 2711 2
1520 4658 2
1520 1985 2
1521 4057 2
1521 1799 2
1521 2155 2
1521 2290 2
1521 2864 2
1521 2876 2
1521 2951 2
1521 3086 2
1521 3621 2
1521 4582 2
1521 5027 2
1521 6159 2
1522 2007 2
1522 2445 2
1522 2873 2
1522 3168 2
1522 4036 2
1522 5854 2
1523 2171 2
1523 2594 2
1523 4340 2
1523 6509 2
1524 1774 2
1524 1891 2
1524 2566 2
1524 2965 2
1524 4561 2
1524 5773 2
1524 4687 2
1524 4910 2
1524 5158 2
1524 6336 2
1524 6896 2
1525 4402 2
1525 1617 2
1525 4248 2
1525 4300 2
1525 4912 2
1526 1787 2
1526 2587 2
1526 3953 2
1526 4110 2
1526 5065 2
1526 1627 2
1526 1646 2
1527 2495 2
1527 4326 2
1527 2774 2
1527 3009 2
1527 5399 2
1527 6328 2
1528 2542 2
1528 4548 2
1528 1826 2
1528 2033 2
1528 2569 2
1528 4955 2
1528 5215 2
1528 5512 2
1528 5781 2
1529 2665 2
1529 6105 2
1530 1751 2
1530 1838 2
1530 2688 2
1530 2913 2
1530 1672 2
1530 3522 2
1531 3581 2
1531 4646 2
1531 2123 2
1531 2186 2
1531 2415 2
1531 2904 2
1531 5384 2
1531 5884 2
1531 6126 2
1532 1695 2
1532 1983 2
1532 1574 2
1533 2822 2
1533 4263 2
1533 6732 2
1533 2788 2
1533 4893 2
1534 2756 2
1534 3043 2
1534 6715 2
1535 3900 2
1535 4095 2
1535 4355 2
1535 5595 2
1535 6232 2
1536 1901 2
1536 1926 2
1536 4889 2
1536 1905 2
1536 3822 2
1536 5364 2
1538 2934 2
1538 4170 2
1538 5939 2
1538 1803 2
1538 3662 2
1538 5524 2
1538 6362 2
1539 1605 2
1539 1902 2
1539 1963 2
1539 2279 2
1539 2448 2
1539 2648 2
1539 3078 2
1539 3304 2
1539 3504 2
1539 3678 2
1539 4172 2
1539 5508 2
1539 6286 2
1539 6863 2
1539 2059 2
1539 2513 2
1539 3338 2
1539 5361 2
1540 2693 2
1540 4702 2
1540 4756 2
1540 4992 2
1540 5345 2
1540 5926 2
1540 6073 2
1540 6637 2
1541 1653 2
1541 1982 2
1541 2414 2
1541 3166 2
1541 3527 2
1541 3619 2
1541 2104 2
1541 2917 2
1541 5445 2
1541 5893 2
1541 6160 2
1541 6858 2
1542 1691 2
1542 2873 2
1542 3262 2
1542 3266 2
1542 4282 2
1542 4912 2
1542 6283 2
1542 6399 2
1543 3987 2
1543 6352 2
1543 1852 2
1543 2158 2
1543 4722 2
1543 5193 2
1543 5913 2
1543 6592 2
1543 6890 2
1544 3099 2
1544 4090 2
1544 2360 2
1544 2936 2
1544 3644 2
1544 4537 2
1544 4797 2
1544 5286 2
1544 5336 2
1544 5879 2
1544 6110 2
1544 6687 2
1544 6794 2
1545 3075 2
1545 6924 2
1545 6426 2
1547 3101 2
1547 3368 2
1547 3981 2
1547 4570 2
1547 6163 2
1547 6261 2
1547 1628 2
1547 1726 2
1547 2442 2
1547 2454 2
1547 3342 2
1547 3370 2
1547 4003 2
1547 4045 2
1547 5514 2
1548 3131 2
1548 3902 2
1548 4221 2
1548 6835 2
1548 3020 2
1548 6314 2
1549 1593 2
1549 1655 2
1549 2707 2
1549 4213 2
1549 5697 2
1549 2778 2
1549 3137 2
1549 5031 2
1550 1864 2
1550 2829 2
1550 3327 2
1550 4905 2
1550 6071 2
1550 6514 2
1550 1839 2
1550 1875 2
1550 1941 2
1550 3798 2
1550 3951 2
1550 6257 2
1551 2899 2
1551 4103 2
1551 4532 2
1551 4962 2
1551 6068 2
1551 5184 2
1551 6842 2
1553 4315 2
1553 4946 2
1553 6931 2
1553 2407 2
1553 2577 2
1553 5221 2
1553 6103 2
1553 6318 2
1554 4882 2
1555 2064 2
1555 2167 2
1555 3007 2
1555 3342 2
1555 3887 2
1555 4353 2
1555 5053 2
1555 2116 2
1555 2429 2
1555 4520 2
1555 5207 2
1555 6495 2
1556 1965 2
1556 3052 2
1556 4358 2
1556 4883 2
1556 6317 2
1556 5338 2
1557 6995 2
1557 1813 2
1557 2172 2
1557 2474 2
1557 2714 2
1557 2733 2
1557 2901 2
1557 3299 2
1557 4513 2
1557 6979 2
1557 6665 2
1557 1722 2
1557 6144 2
1558 1734 2
1558 5216 2
1558 6079 2
1558 6873 2
1558 1740 2
1558 2226 2
1558 3006 2
1559 1846 2
1559 3602 2
1559 4206 2
1559 5131 2
1559 5665 2
1559 5875 2
1560 1888 2
1560 3254 2
1560 3344 2
1560 4408 2
1560 6550 2
1560 6817 2
1560 4055 2
1560 5647 2
1560 6296 2
1561 1584 2
1561 3225 2
1561 5787 2
1561 2497 2
1561 4583 2
1561 4688 2
1562 2111 2
1562 2723 2
1562 3853 2
1562 6276 2
1562 3722 2
1563 2990 2
1563 4307 2
1563 5706 2
1563 3163 2
1563 4494 2
1563 4584 2
1563 6526 2
1564 2288 2
1564 6262 2
1565 4463 2
1565 5076 2
1565 5100 2
1565 6065 2
1565 6526 2
1565 1764 2
1565 1767 2
1565 2156 2
1565 3977 2
1565 4052 2
1565 5956 2
1566 6036 2
1566 2597 2
1567 6813 2
1567 2857 2
1567 3947 2
1567 4091 2
1569 1790 2
1569 2884 2
1569 2951 2
1569 5119 2
1569 5120 2
1569 2695 2
1570 1616 2
1570 2528 2
1570 4074 2
1570 4599 2
1570 4922 2
1570 5079 2
1570 5825 2
1570 6738 2
1571 2834 2
1571 6793 2
1571 3950 2
1571 4061 2
1571 4894 2
1571 5711 2
1572 6751 2
1572 1719 2
1572 3820 2
1572 4884 2
1573 2203 2
1573 1697 2
1573 2022 2
1573 3374 2
1573 3686 2
1573 4339 2
1573 5186 2
1573 6533 2
1574 3199 2
1574 5491 2
1574 6243 2
1575 1936 2
1575 2550 2
1575 4619 2
1575 2010 2
1575 2848 2
1575 5000 2
1575 6898 2
1576 2334 2
1576 2149 2
1576 2691 2
1576 3393 2
1576 3595 2
1576 6502 2
1577 2523 2
1577 3227 2
1577 4846 2
1577 4965 2
1577 5001 2
1577 3445 2
1577 4417 2
1578 4967 2
1578 6628 2
1578 1802 2
1578 1901 2
1578 1911 2
1578 2287 2
1578 3092 2
1578 3095 2
1578 4111 2
1579 3599 2
1580 1622 2
1580 3083 2
1580 3645 2
1581 2631 2
1581 2634 2
1581 3256 2
1581 4505 2
1581 4957 2
1581 5696 2
1581 6164 2
1582 2088 2
1582 2175 2
1582 4930 2
1582 6209 2
1582 6896 2
1582 5015 2
1582 6142 2
1583 2568 2
1583 4659 2
1583 6166 2
1584 3225 2
1584 4915 2
1584 2139 2
1585 5255 2
1585 6507 2
1585 2495 2
1585 2593 2
1585 6920 2
1586 1659 2
1586 2236 2
1586 2329 2
1586 5389 2
1586 6093 2
1586 6736 2
1586 6781 2
1587 3171 2
1587 5922 2
1587 6445 2
1587 3362 2
1587 5898 2
1587 6400 2
1588 2541 2
1588 4210 2
1588 6493 2
1588 2623 2
1589 2132 2
1589 4867 2
1589 5329 2
1589 6313 2
1589 1718 2
1590 3023 2
1590 5068 2
1590 5733 2
1590 6049 2
1590 6805 2
1590 1798 2
1590 1956 2
1590 2172 2
1590 2449 2
1590 2519 2
1590 2751 2
1590 3653 2
1590 3665 2
1590 3714 2
1590 5162 2
1590 5670 2
1590 6576 2
1591 1699 2
1591 2739 2
1591 3609 2
1591 3688 2
1591 5150 2
1591 6176 2
1591 6177 2
1591 6525 2
1591 6579 2
1591 1644 2
1591 1801 2
1591 3015 2
1591 6085 2
1591 6283 2
1592 3868 2
1592 4509 2
1592 1596 2
1592 5168 2
1593 1655 2
1593 1662 2
1593 1852 2
1593 2707 2
1593 1836 2
1593 2162 2
1593 2231 2
1593 2566 2
1593 2734 2
1593 3752 2
1593 4995 2
1593 5039 2
1593 5494 2
1593 6488 2
1594 2580 2
1594 3044 2
1594 6398 2
1595 6886 2
1595 2329 2
1595 5020 2
1595 5638 2
1596 1688 2
1596 1766 2
1596 4917 2
1596 5608 2
1596 5910 2
1596 6891 2
1596 1658 2
1596 2080 2
1596 2927 2
1596 3035 2
1596 3423 2
1596 3850 2
1596 4585 2
1596 4641 2
1596 4724 2
1596 6300 2
1597 2262 2
1597 4699 2
1597 5607 2
1598 2281 2
1598 1817 2
1598 4220 2
1598 6500 2
1599 5190 2
1599 1614 2
1599 2152 2
1599 2508 2
1599 3765 2
1600 3740 2
1600 5345 2
1600 5608 2
1600 5923 2
1601 1887 2
1601 2557 2
1601 3114 2
1601 3235 2
1601 4302 2
1601 5156 2
1601 5218 2
1601 1853 2
1601 1925 2
1601 2161 2
1601 2506 2
1601 4365 2
1602 2257 2
1602 2883 2
1602 3764 2
1602 4438 2
1602 5846 2
1602 2493 2
1602 4565 2
1603 3231 2
1604 1910 2
1604 2143 2
1604 2152 2
1604 2199 2
1604 2530 2
1604 2692 2
1604 4050 2
1604 4860 2
1604 6478 2
1604 3881 2
1605 2279 2
1605 2421 2
1605 2648 2
1605 3078 2
1605 3283 2
1605 3304 2
1605 5482 2
1605 5508 2
1605 6533 2
1605 1962 2
1605 2306 2
1605 2522 2
1605 2678 2
1605 3345 2
1605 5045 2
1605 5137 2
1605 6379 2
1605 6624 2
1605 6655 2
1606 2160 2
1606 3794 2
1606 3931 2
1606 3964 2
1606 4960 2
1606 5863 2
1606 6209 2
1607 2858 2
1607 2999 2
1607 4717 2
1607 5346 2
1607 6389 2
1607 6737 2
1607 1996 2
1607 2173 2
1607 2303 2
1608 3658 2
1608 5357 2
1608 5531 2
1608 5868 2
1608 1727 2
1609 1618 2
1609 4343 2
1610 2139 2
1610 3163 2
1610 3825 2
1610 4097 2
1610 4584 2
1610 5865 2
1610 6277 2
1610 3373 2
1611 2303 2
1612 4403 2
1612 5220 2
1612 2658 2
1612 2815 2
1612 3672 2
1612 3941 2
1612 5383 2
1613 5479 2
1613 6315 2
1613 2006 2
1613 2648 2
1613 2998 2
1613 3448 2
1613 3910 2
1613 4118 2
1613 4622 2
1613 5433 2
1613 6792 2
1614 1654 2
1614 1739 2
1614 2148 2
1614 2240 2
1614 2864 2
1614 3701 2
1614 6928 2
1614 1872 2
1614 2152 2
1614 3464 2
1614 3598 2
1614 5834 2
1615 2438 2
1615 3270 2
1615 4362 2
1615 6779 2
1615 2359 2
1615 2914 2
1615 6384 2
1616 5300 2
1616 2688 2
1616 4438 2
1617 1782 2
1617 2238 2
1617 2259 2
1617 2955 2
1617 2968 2
1617 3015 2
1617 6940 2
1617 1994 2
1617 2757 2
1617 4248 2
1617 4804 2
1618 2435 2
1618 1998 2
1618 2131 2
1618 3466 2
1618 3862 2
1618 3898 2
1618 4958 2
1618 6734 2
1619 2114 2
1619 2455 2
1619 3502 2
1619 4381 2
1619 4502 2
1619 6842 2
1619 1790 2
1619 5160 2
1620 1956 2
1620 2575 2
1620 3054 2
1620 3191 2
1620 3392 2
1620 3416 2
1620 4718 2
1620 5057 2
1620 1870 2
1620 3503 2
1620 4638 2
1620 6589 2
1621 1850 2
1621 4442 2
1622 3083 2
1622 3191 2
1622 5918 2
1623 4267 2
1623 2728 2
1623 3958 2
1623 4929 2
1623 6865 2
1625 1845 2
1625 2035 2
1625 3203 2
1625 4372 2
1625 4416 2
1625 6464 2
1625 2570 2
1625 3188 2
1625 3329 2
1625 4193 2
1626 2395 2
1626 6955 2
1626 3633 2
1626 5838 2
1626 2813 2
1626 4166 2
1626 6025 2
1626 6728 2
1626 6876 2
1627 2210 2
1627 2245 2
1627 2660 2
1627 2955 2
1627 6973 2
1628 1861 2
1628 2040 2
1628 3096 2
1628 3154 2
1628 3568 2
1628 4682 2
1628 5624 2
1628 5786 2
1628 3370 2
1628 4003 2
1628 5231 2
1629 1816 2
1629 1851 2
1629 3374 2
1629 4672 2
1629 5617 2
1629 1690 2
1629 1961 2
1629 2946 2
1629 3242 2
1629 3931 2
1629 5316 2
1629 5432 2
1629 5626 2
1629 5920 2
1629 6672 2
1629 6835 2
1630 6258 2
1630 3486 2
1630 4919 2
1631 4386 2
1631 2602 2
1631 2732 2
1631 4829 2
1631 5872 2
1631 6391 2
1631 6911 2
1632 2154 2
1632 2697 2
1632 2716 2
1632 3014 2
1632 4914 2
1632 5243 2
1632 6227 2
1632 6424 2
1633 2230 2
1633 1849 2
1633 5768 2
1634 2544 2
1634 3119 2
1634 3359 2
1634 3421 2
1634 3745 2
1634 4143 2
1634 4589 2
1634 5819 2
1634 3751 2
1634 6467 2
1635 1679 2
1635 1696 2
1635 2215 2
1635 2322 2
1635 3241 2
1635 3624 2
1635 4723 2
1635 6666 2
1635 2856 2
1635 2897 2
1635 3030 2
1635 4649 2
1636 1641 2
1636 3207 2
1636 5538 2
1636 6996 2
1637 2202 2
1637 2815 2
1637 3259 2
1637 4173 2
1637 4399 2
1637 5356 2
1637 6815 2
1637 1681 2
1637 1876 2
1637 2323 2
1637 3478 2
1637 4285 2
1638 1929 2
1638 1964 2
1638 2892 2
1638 5944 2
1638 2536 2
1638 2595 2
1638 3458 2
1638 3572 2
1638 3775 2
1638 5735 2
1639 1733 2
1639 3895 2
1639 5029 2
1640 1793 2
1640 2268 2
1640 4149 2
1640 5074 2
1640 6400 2
1640 2646 2
1640 6995 2
1640 3492 2
1640 6066 2
1640 6153 2
1640 6737 2
1641 2896 2
1641 4783 2
1641 3669 2
1641 3701 2
1641 6486 2
1642 1955 2
1642 4003 2
1642 6946 2
1642 4062 2
1643 5015 2
1643 5334 2
1643 5671 2
1643 5996 2
1643 6575 2
1643 6649 2
1643 5985 2
1644 2074 2
1644 3462 2
1644 3798 2
1644 3923 2
1644 4583 2
1644 5165 2
1644 5194 2
1644 5904 2
1644 3540 2
1644 5939 2
1645 1735 2
1645 2594 2
1645 4472 2
1645 1747 2
1645 1771 2
1645 2933 2
1645 3223 2
1645 4455 2
1645 6102 2
1645 6327 2
1645 6585 2
1645 6887 2
1646 1841 2
1646 2024 2
1646 2578 2
1646 2005 2
1646 6740 2
1647 3945 2
1647 6773 2
1647 4972 2
1648 2921 2
1648 5066 2
1648 6791 2
1649 2871 2
1649 3465 2
1649 5991 2
1649 1912 2
1650 4765 2
1650 4433 2
1651 2315 2
1651 2721 2
1651 6990 2
1651 5686 2
1652 1818 2
1652 3282 2
1652 5555 2
1652 2174 2
1652 2679 2
1652 3216 2
1652 3552 2
1652 4117 2
1652 4137 2
1652 4318 2
1652 4441 2
1652 4442 2
1652 4648 2
1653 1982 2
1653 2414 2
1653 2952 2
1653 3619 2
1653 3768 2
1653 3891 2
1653 5143 2
1653 6184 2
1654 1739 2
1654 1868 2
1654 1957 2
1654 2691 2
1654 3528 2
1654 4443 2
1654 2808 2
1654 3296 2
1654 3844 2
1654 5527 2
1654 6929 2
1655 1662 2
1655 2707 2
1656 2246 2
1656 2344 2
1656 2447 2
1656 3461 2
1656 3832 2
1656 3990 2
1656 4645 2
1656 6001 2
1657 1777 2
1657 2188 2
1657 2781 2
1657 2855 2
1657 3774 2
1657 4404 2
1657 4738 2
1657 5664 2
1657 6040 2
1657 6416 2
1657 6586 2
1657 2990 2
1657 4823 2
1657 6004 2
1658 1784 2
1658 2080 2
1658 2583 2
1658 2927 2
1658 3035 2
1658 3423 2
1658 3734 2
1658 3829 2
1658 6300 2
1659 1829 2
1659 4129 2
1659 4596 2
1659 4660 2
1659 5118 2
1661 1880 2
1661 3467 2
1661 4957 2
1661 5862 2
1662 2786 2
1662 2923 2
1662 4125 2
1662 4838 2
1662 5237 2
1663 2457 2
1663 2700 2
1663 3428 2
1663 3430 2
1663 5680 2
1663 5801 2
1663 6994 2
1663 6687 2
1664 4625 2
1664 6857 2
1665 3042 2
1665 3479 2
1665 4869 2
1665 5421 2
1665 4140 2
1665 5438 2
1666 2266 2
1666 2903 2
1666 3899 2
1667 2553 2
1667 2645 2
1667 3190 2
1667 3530 2
1667 4579 2
1667 3349 2
1668 1761 2
1668 2305 2
1668 3397 2
1668 4072 2
1668 6385 2
1668 2166 2
1668 2463 2
1668 2789 2
1668 3433 2
1668 5076 2
1668 5894 2
1668 6162 2
1668 6682 2
1668 6690 2
1668 6816 2
1669 1890 2
1669 2684 2
1669 1696 2
1669 2833 2
1669 3985 2
1669 5040 2
1669 5216 2
1669 5270 2
1669 5312 2
1669 5352 2
1669 6264 2
1671 2046 2
1671 3806 2
1672 1872 2
1672 4778 2
1672 4704 2
1673 1807 2
1673 2405 2
1673 2865 2
1673 2880 2
1673 2885 2
1673 3674 2
1673 3826 2
1673 3879 2
1673 4096 2
1673 4609 2
1673 5077 2
1673 5139 2
1673 5397 2
1673 5596 2
1673 5649 2
1673 6606 2
1673 6839 2
1673 6866 2
1673 2725 2
1673 4028 2
1673 4426 2
1674 5186 2
1674 3061 2
1675 1856 2
1675 1908 2
1675 3402 2
1675 4475 2
1675 2125 2
1675 2754 2
1675 3489 2
1676 1828 2
1676 4635 2
1676 2274 2
1677 1855 2
1677 6323 2
1678 1988 2
1678 2708 2
1678 2828 2
1678 3234 2
1678 3993 2
1678 2352 2
1678 3562 2
1679 1696 2
1679 2215 2
1679 6666 2
1680 3055 2
1680 4832 2
1680 5870 2
1680 6266 2
1681 2156 2
1682 2297 2
1682 2487 2
1682 4623 2
1682 5293 2
1683 1700 2
1683 3082 2
1683 4849 2
1684 5884 2
1684 3258 2
1684 4322 2
1684 4369 2
1684 5751 2
1684 6174 2
1685 2000 2
1685 3310 2
1685 3481 2
1685 2466 2
1685 4142 2
1685 5375 2
1685 6903 2
1686 4127 2
1686 5125 2
1686 6230 2
1686 3538 2
1686 6018 2
1687 1694 2
1687 2273 2
1687 4616 2
1687 5013 2
1687 5576 2
1687 4419 2
1687 5251 2
1687 6317 2
1688 1766 2
1688 1954 2
1688 2247 2
1688 3406 2
1688 5910 2
1688 6657 2
1688 6891 2
1688 6870 2
1689 3731 2
1689 4136 2
1689 4199 2
1689 5301 2
1689 5744 2
1689 5232 2
1689 5405 2
1690 2252 2
1690 3681 2
1690 6256 2
1690 1961 2
1690 5316 2
1691 2873 2
1691 3262 2
1691 3266 2
1691 4228 2
1691 4282 2
1691 4654 2
1691 4912 2
1691 6272 2
1691 1753 2
1691 2070 2
1691 2450 2
1691 4637 2
1692 6275 2
1693 2080 2
1693 2256 2
1693 2805 2
1693 3246 2
1693 3579 2
1693 6054 2
1693 6761 2
1693 2108 2
1693 2499 2
1693 2707 2
1693 2826 2
1693 3107 2
1693 5723 2
1694 1958 2
1694 3349 2
1694 3625 2
1694 4616 2
1694 2060 2
1694 2230 2
1694 2254 2
1694 6934 2
1695 1983 2
1695 3805 2
1695 2223 2
1695 3879 2
1695 3913 2
1695 5185 2
1696 2215 2
1696 2322 2
1696 2627 2
1696 2736 2
1696 3985 2
1696 4746 2
1696 5040 2
1696 5352 2
1696 6264 2
1697 2307 2
1697 3553 2
1697 3374 2
1697 3467 2
1698 1967 2
1698 2137 2
1698 2785 2
1698 4405 2
1698 5648 2
1698 1732 2
1698 3946 2
1699 3609 2
1699 4986 2
1699 6035 2
1699 1735 2
1699 2482 2
1699 3855 2
1699 3917 2
1699 5462 2
1700 2747 2
1700 3082 2
1700 3533 2
1700 4566 2
1700 5602 2
1700 3838 2
1700 4007 2
1701 2371 2
1701 3022 2
1701 3074 2
1701 4407 2
1701 4913 2
1701 6423 2
1701 2064 2
1701 2143 2
1701 3668 2
1701 5308 2
1703 2051 2
1703 2060 2
1703 3084 2
1703 3173 2
1703 3790 2
1703 6350 2
1703 1878 2
1703 2539 2
1703 5125 2
1704 1724 2
1704 1961 2
1704 2618 2
1704 5030 2
1705 3285 2
1706 1937 2
1706 2140 2
1706 2717 2
1706 2742 2
1706 2894 2
1706 3367 2
1706 3970 2
1706 4546 2
1706 6848 2
1706 2248 2
1706 4021 2
1706 4920 2
1707 2313 2
1707 2839 2
1707 3727 2
1707 5669 2
1707 1887 2
1707 1942 2
1707 3045 2
1707 3215 2
1707 3377 2
1707 4379 2
1708 3736 2
1708 4507 2
1708 2225 2
1708 2959 2
1708 3123 2
1708 3307 2
1708 4655 2
1708 6233 2
1708 6604 2
1708 6700 2
1709 1743 2
1709 2115 2
1709 2117 2
1709 2186 2
1709 2269 2
1709 3655 2
1709 3978 2
1709 4785 2
1709 5530 2
1710 2181 2
1710 2184 2
1710 3314 2
1711 3365 2
1711 3412 2
1711 4337 2
1711 4554 2
1712 4725 2
1712 1888 2
1712 3267 2
1712 3313 2
1713 3562 2
1713 4322 2
1713 6085 2
1713 6120 2
1713 3076 2
1713 6077 2
1714 5088 2
1714 4046 2
1715 1768 2
1715 5746 2
1715 6744 2
1716 2090 2
1716 5570 2
1717 2950 2
1717 4323 2
1717 2142 2
1718 1960 2
1718 3699 2
1718 4094 2
1718 6156 2
1718 6218 2
1718 3398 2
1718 5382 2
1718 5885 2
1718 6346 2
1719 1876 2
1719 2292 2
1719 2762 2
1719 2868 2
1719 2960 2
1719 3056 2
1719 3073 2
1719 3152 2
1719 3164 2
1719 3480 2
1719 6972 2
1719 4942 2
1719 5177 2
1719 6039 2
1719 6088 2
1719 6125 2
1719 4884 2
1719 4982 2
1720 2755 2
1720 4917 2
1720 5011 2
1720 6122 2
1721 1753 2
1721 1785 2
1721 2621 2
1721 2997 2
1721 3748 2
1721 3752 2
1721 3760 2
1721 3860 2
1721 4270 2
1721 5534 2
1721 5879 2
1721 6365 2
1721 6653 2
1721 2942 2
1721 3695 2
1722 2400 2
1722 5799 2
1723 2508 2
1723 2705 2
1723 3205 2
1723 3450 2
1723 6831 2
1723 6847 2
1723 2266 2
1723 4889 2
1723 5890 2
1724 2618 2
1725 2089 2
1725 3972 2
1725 5662 2
1725 4177 2
1726 2442 2
1727 1759 2
1727 3484 2
1727 5629 2
1727 6066 2
1728 4214 2
1728 4454 2
1728 4711 2
1728 5498 2
1728 5511 2
1728 6298 2
1728 2738 2
1728 3960 2
1728 4759 2
1728 6067 2
1729 3032 2
1729 4218 2
1729 6279 2
1729 6546 2
1730 2302 2
1730 4462 2
1730 3531 2
1730 3891 2
1730 4246 2
1730 6994 2
1730 4281 2
1730 5678 2
1730 5769 2
1731 4421 2
1731 4774 2
1731 6428 2
1731 2366 2
1731 6072 2
1732 2057 2
1732 4598 2
1732 3946 2
1733 3895 2
1733 4766 2
1733 4800 2
1733 2076 2
1733 2821 2
1733 2868 2
1733 4847 2
1733 4896 2
1733 5387 2
1733 6428 2
1734 5216 2
1734 2232 2
1734 2943 2
1734 6271 2
1734 6326 2
1735 5979 2
1735 3855 2
1736 2383 2
1736 2582 2
1736 3160 2
1736 3613 2
1736 4051 2
1736 5080 2
1736 5478 2
1736 6565 2
1737 2198 2
1737 2489 2
1737 5391 2
1737 6338 2
1737 6529 2
1737 6937 2
1737 3274 2
1737 6344 2
1738 1986 2
1738 3296 2
1738 4491 2
1738 4875 2
1738 5163 2
1738 6476 2
1738 4317 2
1738 6517 2
1738 6546 2
1739 1868 2
1739 2864 2
1739 3103 2
1739 2735 2
1740 1749 2
1740 2361 2
1740 2622 2
1740 3347 2
1740 3523 2
1740 4365 2
1740 5784 2
1740 6363 2
1740 2226 2
1741 4211 2
1741 5580 2
1741 6393 2
1742 3652 2
1742 1765 2
1742 2055 2
1742 2966 2
1742 2967 2
1742 4413 2
1742 6522 2
1743 2115 2
1743 2117 2
1743 2186 2
1743 2504 2
1743 2659 2
1743 4481 2
1743 4785 2
1743 5406 2
1743 6113 2
1743 6509 2
1743 1967 2
1743 2207 2
1743 2891 2
1743 3271 2
1743 4200 2
1743 5745 2
1743 6529 2
1743 6703 2
1744 2277 2
1744 2540 2
1744 1895 2
1744 2451 2
1744 4495 2
1744 5426 2
1744 5444 2
1744 6952 2
1744 6485 2
1745 4906 2
1745 5148 2
1745 6173 2
1745 6717 2
1745 5379 2
1746 2245 2
1746 2534 2
1746 3209 2
1746 4053 2
1746 5068 2
1746 6185 2
1747 2023 2
1747 2291 2
1747 3229 2
1747 3293 2
1747 4099 2
1747 5549 2
1747 1771 2
1747 2027 2
1747 2933 2
1747 3223 2
1747 3943 2
1747 4244 2
1747 4455 2
1747 6595 2
1748 4635 2
1748 5106 2
1748 5561 2
1749 6801 2
1749 2516 2
1750 3195 2
1750 6259 2
1750 5265 2
1750 6089 2
1751 2155 2
1751 2688 2
1751 2304 2
1751 2635 2
1751 3284 2
1751 3446 2
1751 4385 2
1751 5307 2
1752 3004 2
1752 2954 2
1752 4787 2
1752 6869 2
1753 1785 2
1753 2013 2
1753 6957 2
1753 2838 2
1753 3760 2
1753 3824 2
1753 3844 2
1753 4011 2
1753 5534 2
1753 5847 2
1753 6223 2
1753 6316 2
1753 2070 2
1753 2450 2
1754 6939 2
1754 1900 2
1754 5946 2
1754 6311 2
1754 1797 2
1754 2787 2
1754 3127 2
1754 4254 2
1754 4686 2
1755 3348 2
1755 1810 2
1755 2898 2
1755 3818 2
1755 6135 2
1755 6689 2
1756 2323 2
1756 3544 2
1756 3858 2
1756 4674 2
1756 5000 2
1756 5676 2
1756 3132 2
1757 3345 2
1757 3455 2
1757 4245 2
1757 5198 2
1757 3294 2
1757 4611 2
1757 4856 2
1757 6902 2
1758 4689 2
1758 2551 2
1758 4144 2
1758 5470 2
1758 5518 2
1758 6170 2
1759 3484 2
1759 6066 2
1759 3926 2
1759 4214 2
1759 6554 2
1760 2560 2
1760 2906 2
1760 3710 2
1760 4435 2
1760 4457 2
1760 3088 2
1760 5782 2
1761 2305 2
1761 2841 2
1761 3397 2
1761 3018 2
1761 4730 2
1762 5694 2
1762 2093 2
1762 3577 2
1762 4161 2
1763 6555 2
1763 2301 2
1763 3650 2
1763 4316 2
1763 5369 2
1763 6358 2
1764 2496 2
1764 3355 2
1764 4081 2
1764 4052 2
1765 3242 2
1765 1796 2
1765 2055 2
1765 3278 2
1765 3340 2
1765 3843 2
1765 3888 2
1765 4132 2
1765 4751 2
1765 4777 2
1765 6242 2
1765 6290 2
1765 6522 2
1766 1954 2
1766 2247 2
1766 4089 2
1766 4917 2
1766 5910 2
1766 2739 2
1766 3753 2
1767 3447 2
1767 6951 2
1767 2156 2
1767 2626 2
1767 4249 2
1767 5956 2
1768 5746 2
1768 1910 2
1768 2771 2
1768 2790 2
1768 5484 2
1768 6642 2
1769 3228 2
1769 3440 2
1769 2189 2
1769 4279 2
1769 4421 2
1769 4654 2
1769 4681 2
1770 2326 2
1771 1930 2
1771 2574 2
1771 3193 2
1771 3666 2
1771 4183 2
1771 4269 2
1771 5968 2
1771 6266 2
1771 6833 2
1771 2933 2
1771 3943 2
1771 4244 2
1772 6943 2
1772 3823 2
1772 3996 2
1772 5024 2
1772 6030 2
1772 6151 2
1773 2464 2
1773 2585 2
1773 3855 2
1773 5824 2
1773 5957 2
1773 4572 2
1773 5429 2
1774 2201 2
1774 2566 2
1774 2965 2
1774 3645 2
1775 5071 2
1776 6936 2
1776 1856 2
1776 6129 2
1777 1858 2
1777 2781 2
1777 2855 2
1777 4923 2
1777 6105 2
1778 2312 2
1778 4054 2
1778 6242 2
1778 1830 2
1778 3079 2
1778 3130 2
1778 6095 2
1778 6493 2
1779 1812 2
1779 5174 2
1780 2986 2
1780 3013 2
1780 3867 2
1780 4068 2
1780 4837 2
1780 5149 2
1780 5440 2
1780 6558 2
1782 1919 2
1782 2125 2
1782 4160 2
1782 5046 2
1782 5134 2
1783 2246 2
1783 2404 2
1783 2460 2
1783 2758 2
1783 3025 2
1783 3295 2
1783 4159 2
1783 4879 2
1783 4976 2
1783 5281 2
1783 6792 2
1783 2326 2
1783 6849 2
1784 2644 2
1784 3364 2
1785 2013 2
1785 2621 2
1785 2838 2
1785 2997 2
1785 3066 2
1785 3202 2
1785 3340 2
1785 4011 2
1785 6316 2
1785 2062 2
1785 5632 2
1785 5763 2
1785 5780 2
1786 6356 2
1787 2548 2
1787 3953 2
1787 4030 2
1787 4110 2
1787 4383 2
1787 4593 2
1787 5065 2
1787 5776 2
1787 5999 2
1788 2756 2
1788 3145 2
1789 6976 2
1789 2430 2
1789 2555 2
1789 5323 2
1789 6662 2
1789 4725 2
1789 5359 2
1790 5120 2
1791 4667 2
1791 6844 2
1791 2269 2
1791 4262 2
1791 5800 2
1791 5912 2
1792 4891 2
1793 2109 2
1794 1915 2
1794 2470 2
1794 2518 2
1794 2852 2
1794 3105 2
1794 3144 2
1794 1879 2
1794 2252 2
1794 3803 2
1794 4098 2
1794 6888 2
1795 5263 2
1795 5726 2
1795 4741 2
1796 2488 2
1796 3606 2
1796 3936 2
1796 5540 2
1796 3278 2
1796 3705 2
1796 3888 2
1796 4132 2
1796 4697 2
1796 5935 2
1796 6263 2
1796 6785 2
1797 2451 2
1797 3239 2
1797 3765 2
1797 4645 2
1797 5429 2
1797 5876 2
1797 2787 2
1797 3127 2
1797 3606 2
1797 4254 2
1797 6234 2
1797 6518 2
1798 3183 2
1798 5620 2
1798 6697 2
1798 2751 2
1798 5565 2
1799 2782 2
1799 2290 2
1799 2876 2
1799 2951 2
1799 3053 2
1799 3621 2
1799 3809 2
1799 4176 2
1800 1854 2
1800 2531 2
1800 5976 2
1800 6422 2
1801 3796 2
1801 4153 2
1801 4530 2
1801 4775 2
1801 6085 2
1801 6283 2
1802 2588 2
1802 4622 2
1802 5761 2
1802 6794 2
1802 2287 2
1802 3092 2
1803 3999 2
1803 5558 2
1803 3662 2
1803 4191 2
1803 5524 2
1803 6362 2
1804 1928 2
1804 2683 2
1804 3408 2
1804 3454 2
1804 4352 2
1804 5574 2
1804 3111 2
1804 3887 2
1805 2091 2
1805 4167 2
1805 5492 2
1805 2391 2
1805 4269 2
1806 6948 2
1806 3758 2
1806 5383 2
1806 5896 2
1807 2865 2
1807 5139 2
1807 2132 2
1807 2362 2
1807 2693 2
1808 1834 2
1808 2105 2
1808 2265 2
1808 2655 2
1808 2698 2
1808 2760 2
1808 4044 2
1808 4168 2
1808 4601 2
1808 5032 2
1808 6699 2
1808 6716 2
1808 6885 2
1809 4979 2
1809 2968 2
1809 4185 2
1809 4946 2
1810 2561 2
1810 4569 2
1810 5160 2
1810 5261 2
1810 1990 2
1810 2898 2
1810 3501 2
1810 5454 2
1810 5551 2
1811 2253 2
1811 3687 2
1811 6449 2
1811 3143 2
1811 3494 2
1811 3637 2
1812 2116 2
1813 2474 2
1813 2901 2
1813 3132 2
1813 3299 2
1813 6061 2
1813 3091 2
1813 3114 2
1813 3235 2
1813 3567 2
1813 5117 2
1813 6623 2
1814 2398 2
1814 2467 2
1814 3965 2
1814 4317 2
1814 5028 2
1814 5423 2
1814 5854 2
1814 6877 2
1814 3600 2
1814 4625 2
1814 4753 2
1815 2720 2
1815 3732 2
1815 4760 2
1815 2282 2
1815 3625 2
1815 4252 2
1816 5737 2
1817 2437 2
1817 5382 2
1817 6500 2
1818 3475 2
1818 1987 2
1818 3451 2
1819 2008 2
1819 3050 2
1819 2773 2
1821 3325 2
1821 5200 2
1821 2147 2
1821 3659 2
1821 5710 2
1822 3871 2
1822 2312 2
1822 2330 2
1823 1897 2
1823 2916 2
1823 3301 2
1823 4567 2
1823 5097 2
1823 5723 2
1823 2283 2
1823 4456 2
1824 6133 2
1824 3028 2
1824 4048 2
1825 3695 2
1825 3776 2
1825 2717 2
1826 1837 2
1826 1840 2
1826 2372 2
1826 2465 2
1826 2630 2
1826 4632 2
1826 4776 2
1826 5642 2
1826 4955 2
1826 5512 2
1826 5781 2
1827 1862 2
1827 4452 2
1828 6945 2
1828 6566 2
1828 3548 2
1828 4818 2
1829 6597 2
1829 4129 2
1830 2284 2
1830 2820 2
1830 3079 2
1830 4241 2
1830 5092 2
1830 6493 2
1831 4336 2
1831 6663 2
1831 3456 2
1831 5297 2
1832 2835 2
1832 3544 2
1832 6163 2
1832 6455 2
1833 6985 2
1833 4626 2
1833 4832 2
1833 4965 2
1834 5158 2
1834 6885 2
1834 2401 2
1834 2801 2
1834 4653 2
1835 2696 2
1835 4281 2
1835 5313 2
1835 5732 2
1835 5771 2
1835 6549 2
1835 1953 2
1835 3800 2
1836 2318 2
1836 2583 2
1836 4212 2
1836 6730 2
1836 6766 2
1836 2162 2
1836 3495 2
1836 4251 2
1836 4981 2
1836 5494 2
1837 2372 2
1837 4776 2
1837 5566 2
1838 2913 2
1838 3901 2
1838 4740 2
1838 5543 2
1838 5674 2
1838 2333 2
1838 3995 2
1838 4247 2
1838 5740 2
1839 2159 2
1839 2784 2
1839 4787 2
1839 6880 2
1839 1875 2
1839 1941 2
1839 6257 2
1840 2459 2
1840 2630 2
1840 2646 2
1840 3378 2
1840 4632 2
1840 5387 2
1840 5642 2
1840 5815 2
1840 3255 2
1840 4424 2
1840 5435 2
1841 3998 2
1841 6831 2
1842 3059 2
1842 3093 2
1842 6075 2
1842 6158 2
1842 6822 2
1842 2285 2
1842 2935 2
1842 4617 2
1842 5337 2
1843 2200 2
1843 3728 2
1843 4357 2
1843 4671 2
1843 5381 2
1843 5762 2
1843 5935 2
1843 2724 2
1843 6600 2
1844 2432 2
1844 3632 2
1844 2500 2
1844 3978 2
1844 4805 2
1844 5818 2
1845 2035 2
1845 4416 2
1845 6180 2
1845 3369 2
1845 3511 2
1845 4179 2
1845 6461 2
1846 4206 2
1847 3612 2
1847 3865 2
1847 4828 2
1848 2608 2
1848 3478 2
1848 3551 2
1848 3586 2
1848 3593 2
1848 4366 2
1848 6727 2
1848 1977 2
1848 3987 2
1848 4050 2
1848 5175 2
1849 2600 2
1849 3930 2
1849 4209 2
1849 4728 2
1849 5568 2
1849 5593 2
1849 5768 2
1850 3284 2
1850 6351 2
1850 4530 2
1850 6758 2
1851 6968 2
1851 3374 2
1851 4672 2
1851 2533 2
1851 2538 2
1851 3974 2
1851 4006 2
1851 4683 2
1851 5597 2
1852 4477 2
1852 5203 2
1852 5506 2
1852 5976 2
1852 4722 2
1852 5165 2
1853 1925 2
1853 2160 2
1853 2178 2
1853 2802 2
1854 2113 2
1854 5191 2
1854 6213 2
1854 5635 2
1855 4034 2
1856 1908 2
1856 5409 2
1856 6678 2
1857 3795 2
1857 5288 2
1857 5783 2
1857 2573 2
1857 3170 2
1857 4270 2
1858 4923 2
1858 6826 2
1858 2071 2
1858 6932 2
1858 2871 2
1858 3056 2
1858 3202 2
1859 2759 2
1859 3719 2
1859 2760 2
1859 2928 2
1859 4344 2
1860 3275 2
1860 3693 2
1860 3890 2
1860 6366 2
1860 2671 2
1860 2791 2
1860 5349 2
1861 5786 2
1861 5822 2
1861 6022 2
1861 6194 2
1862 3649 2
1862 3756 2
1862 5481 2
1863 2192 2
1863 2590 2
1863 4714 2
1863 6008 2
1864 2359 2
1864 4905 2
1864 2148 2
1864 2434 2
1864 4148 2
1865 3759 2
1865 3780 2
1865 5428 2
1865 2213 2
1865 2379 2
1865 3304 2
1865 5025 2
1866 2966 2
1866 2046 2
1866 3303 2
1866 5535 2
1867 6453 2
1867 2251 2
1867 4769 2
1868 2559 2
1868 3929 2
1869 6733 2
1869 2704 2
1869 5840 2
1869 6561 2
1870 1941 2
1870 2235 2
1870 4750 2
1870 4977 2
1870 6627 2
1870 3503 2
1870 4638 2
1870 6215 2
1870 6364 2
1871 4115 2
1871 3861 2
1871 4233 2
1871 5372 2
1871 6579 2
1872 1927 2
1872 4778 2
1872 5782 2
1872 6714 2
1872 3598 2
1872 3729 2
1873 2535 2
1873 2271 2
1873 4478 2
1874 4525 2
1874 4977 2
1874 5356 2
1875 2876 2
1875 3085 2
1875 3377 2
1875 4576 2
1875 5084 2
1875 6616 2
1875 6916 2
1875 1941 2
1875 3798 2
1875 3951 2
1875 5603 2
1876 2292 2
1876 2762 2
1876 3073 2
1876 4426 2
1876 5299 2
1877 5847 2
1877 6814 2
1878 2102 2
1878 2660 2
1878 6336 2
1878 2417 2
1878 2539 2
1878 2912 2
1878 3681 2
1878 3697 2
1878 4122 2
1878 4134 2
1878 4750 2
1878 5456 2
1879 2331 2
1879 2874 2
1879 2987 2
1879 3010 2
1879 3726 2
1879 4015 2
1879 4140 2
1879 2579 2
1879 3803 2
1879 4098 2
1879 4113 2
1879 4607 2
1879 6566 2
1880 2001 2
1880 5010 2
1880 5510 2
1880 6928 2
1881 2062 2
1881 6014 2
1881 6887 2
1881 2580 2
1881 2832 2
1881 2922 2
1881 4939 2
1882 5256 2
1882 5459 2
1882 6026 2
1882 6405 2
1882 4630 2
1883 1938 2
1883 3102 2
1883 4470 2
1883 5837 2
1884 3352 2
1884 4161 2
1884 2284 2
1884 3038 2
1884 4287 2
1885 2889 2
1885 3090 2
1885 3212 2
1885 4822 2
1885 5928 2
1885 2512 2
1886 2344 2
1886 3141 2
1886 5672 2
1886 6206 2
1886 6559 2
1886 4023 2
1886 4867 2
1886 6631 2
1887 4162 2
1887 4661 2
1887 5653 2
1887 5677 2
1887 3215 2
1887 3377 2
1887 4184 2
1888 3267 2
1889 2564 2
1889 3218 2
1889 3256 2
1889 4660 2
1889 5760 2
1889 6421 2
1890 2956 2
1890 3955 2
1891 6430 2
1892 5464 2
1892 2515 2
1892 3443 2
1893 2743 2
1893 2840 2
1893 3238 2
1893 4228 2
1893 5563 2
1893 6667 2
1893 6761 2
1894 1934 2
1894 2316 2
1894 3321 2
1894 5892 2
1895 2207 2
1895 3519 2
1895 2451 2
1895 4495 2
1895 5444 2
1895 5990 2
1896 2969 2
1896 3156 2
1897 1900 2
1897 2556 2
1898 4359 2
1898 6116 2
1898 3218 2
1898 5353 2
1899 2933 2
1899 5570 2
1899 3157 2
1899 4266 2
1899 5290 2
1900 5946 2
1900 2556 2
1900 2749 2
1900 3760 2
1900 4699 2
1900 5367 2
1900 5599 2
1901 1926 2
1901 3130 2
1901 3095 2
1902 2448 2
1902 3503 2
1902 2416 2
1903 3175 2
1903 3791 2
1903 2205 2
1904 3081 2
1904 3161 2
1904 4360 2
1904 3186 2
1905 2744 2
1905 3187 2
1905 4534 2
1905 3254 2
1905 5364 2
1905 6886 2
1906 2054 2
1906 3653 2
1906 5063 2
1906 6725 2
1906 1914 2
1907 2472 2
1907 2982 2
1907 4135 2
1907 4287 2
1907 5626 2
1908 3402 2
1908 4475 2
1908 3050 2
1908 4980 2
1909 2208 2
1909 3046 2
1909 3548 2
1909 3599 2
1909 4504 2
1909 2633 2
1909 4033 2
1909 6601 2
1910 2199 2
1910 2347 2
1910 3828 2
1910 4231 2
1910 4860 2
1910 6478 2
1910 6563 2
1910 2771 2
1910 4942 2
1911 2977 2
1911 4289 2
1912 6799 2
1912 2212 2
1912 3784 2
1913 5284 2
1914 1975 2
1914 2041 2
1915 3068 2
1915 3238 2
1915 4004 2
1915 3182 2
1915 4586 2
1915 5333 2
1915 5817 2
1916 3255 2
1916 5312 2
1917 3939 2
1917 5965 2
1917 6519 2
1917 2958 2
1917 5058 2
1917 5157 2
1918 4668 2
1918 3713 2
1918 5278 2
1919 2125 2
1919 4160 2
1919 5046 2
1919 3063 2
1919 3847 2
1919 6675 2
1920 3983 2
1920 5918 2
1921 2929 2
1921 1963 2
1921 2100 2
1921 3366 2
1921 3388 2
1921 4664 2
1921 6958 2
1922 2087 2
1922 2352 2
1922 3147 2
1922 4605 2
1923 2779 2
1923 3463 2
1923 6708 2
1924 3418 2
1924 5520 2
1924 2337 2
1924 2443 2
1924 3576 2
1924 3692 2
1924 4278 2
1924 4286 2
1924 4691 2
1924 5978 2
1924 6091 2
1924 6385 2
1924 6658 2
1925 1951 2
1925 2258 2
1925 6762 2
1925 2161 2
1926 3130 2
1926 4889 2
1926 2759 2
1926 2896 2
1926 3549 2
1926 4282 2
1926 4563 2
1927 5782 2
1927 2753 2
1927 3395 2
1927 3558 2
1927 4094 2
1927 4690 2
1927 5452 2
1928 4352 2
1928 5574 2
1929 2892 2
1929 3020 2
1929 3875 2
1929 4490 2
1929 6347 2
1929 3012 2
1930 2765 2
1930 3723 2
1930 3819 2
1930 4854 2
1930 6644 2
1930 4404 2
1930 6698 2
1930 6821 2
1931 6879 2
1931 2291 2
1931 4766 2
1931 6521 2
1931 6739 2
1932 6115 2
1932 6422 2
1932 2837 2
1932 3147 2
1932 3174 2
1932 3311 2
1932 4536 2
1932 5255 2
1933 5580 2
1933 2130 2
1933 2444 2
1934 3139 2
1934 3466 2
1934 5044 2
1934 5696 2
1934 6463 2
1934 2316 2
1935 6033 2
1935 6558 2
1936 2550 2
1936 2663 2
1936 3486 2
1936 4253 2
1936 5348 2
1936 6047 2
1936 6331 2
1936 2110 2
1936 2129 2
1936 2190 2
1936 3080 2
1936 3738 2
1936 4260 2
1936 4761 2
1936 4858 2
1936 4997 2
1937 2894 2
1937 4911 2
1937 2206 2
1937 2494 2
1937 2940 2
1937 3966 2
1937 5070 2
1937 6956 2
1938 3133 2
1938 4013 2
1938 4982 2
1938 2058 2
1938 2423 2
1938 3504 2
1938 5042 2
1938 5690 2
1939 3482 2
1939 3812 2
1939 2348 2
1939 4738 2
1939 4845 2
1940 2350 2
1940 2669 2
1940 6991 2
1941 4750 2
1941 5988 2
1941 6577 2
1941 3951 2
1941 6257 2
1942 2164 2
1942 4617 2
1942 3045 2
1942 4379 2
1942 6062 2
1943 4223 2
1943 4234 2
1943 6059 2
1943 6123 2
1944 2007 2
1944 2727 2
1944 2819 2
1944 4346 2
1944 4838 2
1944 5929 2
1944 2183 2
1944 5948 2
1945 2185 2
1945 2386 2
1945 4022 2
1945 4210 2
1945 5341 2
1945 6179 2
1946 3787 2
1946 4394 2
1946 3444 2
1946 3509 2
1947 3786 2
1947 4759 2
1947 2420 2
1947 2554 2
1947 3732 2
1947 5071 2
1948 3513 2
1948 3675 2
1948 4250 2
1948 5009 2
1948 6531 2
1948 3715 2
1949 2954 2
1949 3554 2
1949 6247 2
1949 3770 2
1949 6186 2
1950 6984 2
1950 3003 2
1950 3074 2
1951 6762 2
1951 1957 2
1951 5520 2
1951 5528 2
1951 6537 2
1952 2818 2
1952 5523 2
1953 3316 2
1953 3842 2
1953 6828 2
1953 3800 2
1953 6045 2
1954 2247 2
1954 4089 2
1955 3124 2
1955 4093 2
1955 4120 2
1956 2575 2
1956 2905 2
1956 3054 2
1956 3191 2
1956 3223 2
1956 4417 2
1956 4496 2
1956 4718 2
1956 4996 2
1956 5254 2
1956 2519 2
1956 3714 2
1956 4085 2
1956 4940 2
1956 5309 2
1956 5670 2
1956 6576 2
1957 2691 2
1957 3528 2
1957 3692 2
1957 4443 2
1957 4492 2
1957 3934 2
1957 5528 2
1957 6537 2
1958 2931 2
1958 3308 2
1958 3349 2
1958 3625 2
1958 3709 2
1958 6152 2
1958 6908 2
1958 2575 2
1958 2605 2
1958 3614 2
1958 3657 2
1958 3982 2
1958 5008 2
1958 5659 2
1958 6333 2
1959 2685 2
1959 4391 2
1959 4453 2
1959 4749 2
1959 6210 2
1960 3699 2
1960 4094 2
1960 2246 2
1960 3461 2
1960 4763 2
1961 4060 2
1961 2946 2
1961 5920 2
1961 6268 2
1962 2061 2
1962 4367 2
1962 4850 2
1962 6479 2
1962 6518 2
1962 6902 2
1962 2522 2
1962 6379 2
1963 2336 2
1963 3504 2
1963 3678 2
1963 6958 2
1964 3077 2
1965 6317 2
1965 5667 2
1966 2019 2
1966 2426 2
1966 3428 2
1966 5440 2
1966 5919 2
1967 5648 2
1967 6046 2
1967 6484 2
1967 3271 2
1968 2577 2
1968 3289 2
1968 5012 2
1968 4729 2
1969 3804 2
1969 3513 2
1969 4157 2
1969 5192 2
1969 5663 2
1971 3260 2
1971 2547 2
1972 2419 2
1972 2447 2
1972 3170 2
1972 4047 2
1972 5102 2
1972 2511 2
1972 3351 2
1972 6720 2
1973 2027 2
1973 2227 2
1973 4229 2
1973 4303 2
1973 4562 2
1973 4709 2
1973 5343 2
1973 2088 2
1973 2715 2
1973 2858 2
1973 3564 2
1973 3786 2
1973 4439 2
1973 4782 2
1973 5869 2
1973 5966 2
1974 2043 2
1974 2095 2
1974 2238 2
1974 2567 2
1974 2991 2
1974 3376 2
1974 3664 2
1974 6011 2
1975 6062 2
1975 6975 2
1975 3463 2
1976 2248 2
1976 5666 2
1976 6107 2
1977 2481 2
1977 4198 2
1977 6830 2
1977 2077 2
1977 4892 2
1978 2229 2
1978 4017 2
1978 5310 2
1978 5119 2
1979 2439 2
1979 2662 2
1979 2153 2
1979 2305 2
1979 2562 2
1979 2793 2
1979 3346 2
1979 5970 2
1979 6481 2
1980 3783 2
1981 2035 2
1981 3759 2
1981 4527 2
1981 4931 2
1982 2414 2
1982 3527 2
1982 3768 2
1982 3847 2
1982 4184 2
1982 4599 2
1982 6397 2
1982 2239 2
1982 2413 2
1982 2576 2
1982 3869 2
1982 4192 2
1982 5397 2
1983 3805 2
1983 3815 2
1983 2406 2
1984 5315 2
1985 2428 2
1985 5728 2
1985 4422 2
1986 3296 2
1986 4491 2
1986 5605 2
1988 3993 2
1988 2701 2
1988 3620 2
1988 5084 2
1989 3559 2
1989 4033 2
1989 4024 2
1989 4540 2
1989 6311 2
1990 3169 2
1991 6112 2
1991 4524 2
1992 4429 2
1993 4171 2
1994 2209 2
1994 2757 2
1994 4040 2
1994 4804 2
1994 6940 2
1995 4535 2
1995 5613 2
1995 6752 2
1996 2354 2
1996 2697 2
1996 5333 2
1996 2303 2
1996 2525 2
1996 2540 2
1996 3535 2
1996 3833 2
1996 4292 2
1996 4904 2
1996 5222 2
1996 6524 2
1997 2190 2
1997 2791 2
1997 4373 2
1997 5027 2
1997 2311 2
1997 4483 2
1997 6824 2
1998 2563 2
1998 2131 2
1998 3466 2
1998 3862 2
1998 3898 2
1998 4640 2
1998 4792 2
1998 6547 2
1998 6578 2
1999 3117 2
1999 6998 2
1999 3183 2
1999 5682 2
2000 3310 2
2000 3481 2
2000 6228 2
2001 4618 2
2002 2538 2
2002 2989 2
2002 3071 2
2002 4450 2
2002 5563 2
2002 5792 2
2002 6754 2
2002 2667 2
2002 3922 2
2002 4264 2
2002 4378 2
2002 4490 2
2002 5574 2
2002 6360 2
2003 2357 2
2003 4656 2
2004 3817 2
2004 4151 2
2005 2897 2
2005 4046 2
2005 6591 2
2005 3082 2
2005 3510 2
2005 3560 2
2005 6740 2
2006 5813 2
2006 2998 2
2006 4118 2
2006 6792 2
2007 3629 2
2007 4838 2
2007 5929 2
2007 5854 2
2008 2849 2
2008 2867 2
2008 2905 2
2008 3434 2
2008 5358 2
2008 5504 2
2008 5513 2
2008 6501 2
2009 2923 2
2009 2388 2
2009 3559 2
2009 5294 2
2010 2810 2
2010 4117 2
2010 6404 2
2010 2848 2
2010 3078 2
2010 3214 2
2010 3930 2
2012 2032 2
2012 3783 2
2012 5958 2
2012 2122 2
2012 2308 2
2012 3771 2
2012 4327 2
2012 5733 2
2012 6421 2
2013 2838 2
2013 3340 2
2013 3844 2
2013 3952 2
2013 6921 2
2013 3031 2
2014 2335 2
2014 2953 2
2014 3021 2
2014 5679 2
2014 6909 2
2014 2067 2
2014 5038 2
2015 5810 2
2016 2492 2
2016 2638 2
2016 2159 2
2016 2582 2
2016 2852 2
2016 3592 2
2016 5859 2
2017 4727 2
2017 5645 2
2017 4095 2
2017 5556 2
2017 6434 2
2018 3287 2
2019 5630 2
2019 6468 2
2019 2426 2
2019 3081 2
2019 3428 2
2019 5246 2
2020 2753 2
2020 4178 2
2020 4773 2
2020 5924 2
2021 3914 2
2021 4620 2
2021 2425 2
2021 5750 2
2021 6292 2
2022 2761 2
2022 2796 2
2022 3956 2
2022 4339 2
2023 4216 2
2023 4581 2
2023 4775 2
2024 2578 2
2024 3153 2
2024 6330 2
2024 6617 2
2024 3500 2
2024 3679 2
2024 3802 2
2024 3828 2
2025 3027 2
2025 3543 2
2025 4361 2
2025 3604 2
2025 3675 2
2025 3975 2
2025 5121 2
2026 2278 2
2026 5161 2
2026 5644 2
2026 5992 2
2026 6474 2
2026 6693 2
2026 2418 2
2026 3103 2
2026 3134 2
2026 5180 2
2026 6043 2
2026 6473 2
2027 2227 2
2027 5343 2
2027 4449 2
2028 2425 2
2028 4266 2
2028 4792 2
2028 4876 2
2029 6377 2
2030 3335 2
2030 4138 2
2030 4186 2
2030 5735 2
2031 2750 2
2031 6582 2
2031 2096 2
2032 5958 2
2032 4506 2
2033 2569 2
2033 5215 2
2034 3287 2
2034 2275 2
2034 3286 2
2035 3759 2
2035 4527 2
2035 4931 2
2036 2056 2
2036 3145 2
2036 4188 2
2036 4510 2
2036 5550 2
2036 2807 2
2037 3370 2
2037 4621 2
2037 5715 2
2037 5822 2
2037 6684 2
2037 6809 2
2038 2402 2
2038 2803 2
2038 3682 2
2038 4260 2
2038 6207 2
2038 4511 2
2038 4604 2
2038 6244 2
2039 2818 2
2039 3742 2
2039 4320 2
2039 4576 2
2039 4961 2
2039 5689 2
2039 6807 2
2040 3096 2
2040 3568 2
2040 2910 2
2040 6839 2
2041 3257 2
2041 2107 2
2042 2234 2
2042 4955 2
2042 6934 2
2042 6914 2
2042 3442 2
2042 6203 2
2043 4485 2
2043 2978 2
2044 2963 2
2044 4286 2
2044 4518 2
2044 4861 2
2044 4904 2
2044 3597 2
2045 3558 2
2045 3769 2
2045 6707 2
2046 3303 2
2046 5535 2
2047 6148 2
2047 6481 2
2047 2257 2
2047 2341 2
2047 3632 2
2048 2480 2
2048 4341 2
2048 5122 2
2048 5334 2
2048 6651 2
2049 3889 2
2049 5014 2
2049 6339 2
2050 2387 2
2050 3385 2
2050 6108 2
2050 2368 2
2050 2480 2
2050 2672 2
2050 3543 2
2050 3593 2
2050 5757 2
2051 2060 2
2051 2228 2
2051 6944 2
2052 4515 2
2052 4606 2
2052 5205 2
2052 3381 2
2052 4294 2
2053 3474 2
2053 3878 2
2053 4347 2
2053 2103 2
2053 2800 2
2053 5628 2
2054 5183 2
2054 6725 2
2054 6729 2
2055 3961 2
2055 2966 2
2055 3340 2
2055 3843 2
2055 6522 2
2056 3145 2
2057 4354 2
2058 5858 2
2058 6018 2
2058 2423 2
2059 2948 2
2059 2994 2
2059 2513 2
2059 3334 2
2059 3440 2
2060 3173 2
2061 2142 2
2061 2537 2
2061 3929 2
2061 4850 2
2061 6983 2
2061 4474 2
2061 6583 2
2062 6887 2
2062 5763 2
2062 5780 2
2063 2603 2
2063 3384 2
2063 4488 2
2064 2167 2
2064 3007 2
2064 3342 2
2064 3603 2
2064 4790 2
2064 6195 2
2064 3412 2
2064 5133 2
2064 6534 2
2065 3104 2
2065 3122 2
2065 4746 2
2065 3314 2
2066 2674 2
2066 3108 2
2066 4487 2
2066 4517 2
2066 6735 2
2066 3225 2
2066 5846 2
2067 3178 2
2067 4328 2
2068 2532 2
2068 5539 2
2068 6408 2
2068 6941 2
2068 5037 2
2069 3030 2
2069 3410 2
2069 5572 2
2069 2373 2
2069 2870 2
2069 3290 2
2069 3459 2
2069 6175 2
2069 6765 2
2070 4898 2
2070 5317 2
2070 2450 2
2071 2888 2
2071 5500 2
2071 6829 2
2071 6932 2
2071 2236 2
2071 5077 2
2071 5302 2
2072 2686 2
2072 3706 2
2072 4326 2
2072 4345 2
2073 5140 2
2073 6733 2
2074 3462 2
2074 3798 2
2074 4177 2
2074 4304 2
2074 5821 2
2074 5904 2
2074 6194 2
2074 6811 2
2074 2657 2
2074 2680 2
2074 2939 2
2074 3075 2
2074 3265 2
2074 4907 2
2075 6112 2
2075 6754 2
2076 2097 2
2076 4222 2
2076 2868 2
2076 5387 2
2077 2078 2
2077 4537 2
2077 5327 2
2077 6807 2
2077 4892 2
2078 2788 2
2078 3837 2
2078 4126 2
2078 4537 2
2078 6382 2
2078 6807 2
2078 3350 2
2079 3498 2
2080 3061 2
2080 6761 2
2080 3035 2
2080 3850 2
2080 4585 2
2080 4641 2
2080 4724 2
2081 2301 2
2081 2850 2
2081 2887 2
2081 3329 2
2081 2640 2
2081 5861 2
2081 5868 2
2081 5932 2
2082 2821 2
2083 2295 2
2083 3142 2
2083 3472 2
2083 4501 2
2083 3049 2
2083 5017 2
2084 3107 2
2084 5949 2
2084 6268 2
2084 6055 2
2085 2363 2
2085 2509 2
2085 6355 2
2085 6436 2
2086 2100 2
2086 2165 2
2086 2282 2
2086 2338 2
2086 4207 2
2086 4575 2
2086 5244 2
2086 5528 2
2086 6624 2
2086 3406 2
2087 2352 2
2087 5366 2
2087 2188 2
2088 2858 2
2088 2872 2
2088 3178 2
2088 5380 2
2088 5869 2
2088 6646 2
2090 4201 2
2090 5129 2
2090 5338 2
2090 6202 2
2090 6342 2
2090 2723 2
2090 6284 2
2092 4041 2
2092 4258 2
2092 4436 2
2092 4683 2
2092 5767 2
2093 5058 2
2093 3577 2
2094 4106 2
2095 3553 2
2095 3989 2
2095 5324 2
2096 3214 2
2096 3649 2
2096 2592 2
2096 2662 2
2097 4222 2
2098 3062 2
2098 5501 2
2098 6719 2
2098 6906 2
2099 3966 2
2099 4251 2
2099 4978 2
2099 5002 2
2099 5793 2
2099 5802 2
2099 6802 2
2099 3791 2
2099 6662 2
2100 2165 2
2100 2282 2
2100 3419 2
2100 3660 2
2100 3690 2
2100 4575 2
2100 5244 2
2100 6060 2
2100 6357 2
2100 6624 2
2100 3366 2
2100 3388 2
2100 4664 2
2101 2562 2
2101 3830 2
2101 4299 2
2101 5079 2
2101 5974 2
2101 6951 2
2101 3774 2
2101 3806 2
2101 6613 2
2102 5753 2
2102 6336 2
2102 2241 2
2102 2683 2
2102 3808 2
2102 4755 2
2102 5416 2
2102 6171 2
2103 3696 2
2104 3176 2
2104 4950 2
2104 5893 2
2104 6858 2
2105 2655 2
2105 3921 2
2105 4044 2
2105 3264 2
2106 3391 2
2106 5707 2
2106 2509 2
2106 2804 2
2106 4271 2
2106 4416 2
2106 4642 2
2106 4670 2
2106 4806 2
2106 5197 2
2107 4367 2
2107 6479 2
2107 6902 2
2108 2598 2
2108 2499 2
2108 2707 2
2108 2826 2
2108 6725 2
2110 2129 2
2110 4260 2
2110 4997 2
2110 5671 2
2111 2723 2
2111 4721 2
2111 4864 2
2111 2338 2
2111 2520 2
2111 2805 2
2111 3547 2
2111 4888 2
2111 5271 2
2112 4049 2
2112 6424 2
2112 4501 2
2112 5566 2
2112 5604 2
2113 5191 2
2113 5685 2
2113 6213 2
2113 4196 2
2113 5447 2
2113 5548 2
2113 6332 2
2114 2231 2
2114 3502 2
2114 4120 2
2114 6842 2
2114 2740 2
2115 2186 2
2115 5406 2
2116 2429 2
2116 4520 2
2116 5329 2
2117 2504 2
2117 2512 2
2117 4481 2
2117 2625 2
2117 3534 2
2119 2243 2
2119 2219 2
2120 3185 2
2120 3886 2
2121 3276 2
2121 3615 2
2121 4920 2
2121 2217 2
2121 3305 2
2121 3532 2
2122 3546 2
2123 6723 2
2123 2415 2
2123 3001 2
2123 3785 2
2123 4128 2
2123 5384 2
2123 5884 2
2124 2129 2
2124 2767 2
2124 4124 2
2124 3923 2
2124 4078 2
2124 4614 2
2125 5046 2
2125 2754 2
2126 3934 2
2126 4799 2
2126 3739 2
2127 2881 2
2127 2995 2
2127 4461 2
2127 5109 2
2127 3261 2
2127 5968 2
2127 6111 2
2128 3990 2
2128 6564 2
2129 2767 2
2129 3080 2
2129 4997 2
2129 5671 2
2130 3706 2
2130 4105 2
2130 2982 2
2130 4988 2
2131 3157 2
2131 4958 2
2131 6547 2
2132 2770 2
2132 3035 2
2132 5329 2
2132 2362 2
2133 3417 2
2133 4204 2
2133 5262 2
2133 3203 2
2133 5883 2
2134 2911 2
2134 3864 2
2135 3252 2
2135 3267 2
2135 3514 2
2135 4414 2
2135 5634 2
2135 6926 2
2135 3570 2
2136 2366 2
2136 5116 2
2136 5682 2
2136 2354 2
2136 2696 2
2136 3073 2
2136 3673 2
2136 6007 2
2137 4405 2
2138 2147 2
2138 2973 2
2138 3411 2
2138 4679 2
2138 6498 2
2138 2561 2
2138 3773 2
2138 4273 2
2139 2153 2
2139 3029 2
2139 3163 2
2139 3357 2
2139 3825 2
2139 3933 2
2139 4079 2
2139 4950 2
2139 5168 2
2139 2180 2
2140 2717 2
2140 2742 2
2140 3970 2
2140 4376 2
2140 4479 2
2140 5047 2
2140 5087 2
2140 5192 2
2140 6309 2
2140 6508 2
2140 3069 2
2140 6964 2
2141 3423 2
2141 6494 2
2141 2611 2
2142 2537 2
2142 3929 2
2142 5210 2
2143 2152 2
2143 5713 2
2143 2572 2
2143 3668 2
2143 3789 2
2143 4250 2
2143 4283 2
2143 4295 2
2144 2610 2
2144 3838 2
2144 3096 2
2144 3799 2
2144 3846 2
2144 4927 2
2145 2556 2
2145 3022 2
2146 2690 2
2146 3442 2
2146 3711 2
2146 5903 2
2146 3109 2
2146 3812 2
2147 2386 2
2147 2429 2
2147 4679 2
2147 5107 2
2147 6621 2
2147 3659 2
2147 4608 2
2147 6347 2
2148 4148 2
2149 2938 2
2149 4793 2
2149 5223 2
2149 5953 2
2149 6889 2
2149 2691 2
2149 3393 2
2150 6680 2
2150 6965 2
2151 3011 2
2151 3051 2
2151 3215 2
2151 3380 2
2151 4119 2
2151 5446 2
2151 6155 2
2151 2339 2
2152 2692 2
2152 4050 2
2152 5713 2
2152 2508 2
2152 3464 2
2152 3765 2
2152 4242 2
2152 5706 2
2152 5834 2
2153 3029 2
2153 3933 2
2153 4079 2
2153 2793 2
2153 6481 2
2154 5556 2
2154 2300 2
2154 2697 2
2154 3016 2
2154 3090 2
2154 6227 2
2155 2864 2
2155 4523 2
2156 2289 2
2156 4849 2
2157 4577 2
2157 5924 2
2157 2498 2
2157 2574 2
2157 3288 2
2158 2347 2
2158 2913 2
2158 6890 2
2159 2784 2
2159 2481 2
2159 2582 2
2159 3592 2
2160 3931 2
2160 3964 2
2160 5239 2
2160 2178 2
2160 2802 2
2160 2934 2
2161 4236 2
2161 5371 2
2162 3495 2
2162 4222 2
2162 4981 2
2163 3457 2
2163 3158 2
2163 3735 2
2163 4551 2
2163 4712 2
2163 4742 2
2163 4971 2
2163 6319 2
2163 6696 2
2164 2443 2
2164 2456 2
2164 2801 2
2164 4617 2
2164 5400 2
2164 3108 2
2164 4659 2
2165 2338 2
2165 2360 2
2165 3660 2
2165 3690 2
2165 4207 2
2165 2666 2
2165 4899 2
2165 6023 2
2165 6241 2
2165 6480 2
2166 2412 2
2166 2463 2
2166 2845 2
2166 6162 2
2167 3007 2
2167 5053 2
2167 3763 2
2168 5712 2
2168 4700 2
2169 3884 2
2169 4795 2
2169 5326 2
2169 6044 2
2170 5214 2
2170 6454 2
2170 5547 2
2171 5751 2
2171 2594 2
2171 5276 2
2171 5838 2
2171 6670 2
2172 2714 2
2172 2733 2
2172 4513 2
2172 5349 2
2172 5455 2
2172 6979 2
2172 6797 2
2172 2449 2
2172 3653 2
2172 3805 2
2173 4729 2
2174 5670 2
2174 2679 2
2174 3441 2
2174 3552 2
2174 4442 2
2174 5615 2
2174 5734 2
2174 6699 2
2175 4930 2
2175 6209 2
2176 3881 2
2176 3949 2
2176 4293 2
2176 5072 2
2176 6214 2
2176 3484 2
2176 4437 2
2176 5172 2
2176 5414 2
2177 2602 2
2177 2754 2
2177 3079 2
2177 3594 2
2177 4012 2
2177 4195 2
2177 5269 2
2177 2962 2
2177 3289 2
2177 3721 2
2178 3845 2
2178 5422 2
2178 6296 2
2179 2636 2
2180 6715 2
2180 2601 2
2181 2652 2
2181 2655 2
2181 3529 2
2182 3072 2
2182 3439 2
2182 4026 2
2182 4545 2
2182 5350 2
2182 6965 2
2182 6936 2
2183 2629 2
2183 4345 2
2183 5433 2
2184 2675 2
2184 4862 2
2184 2356 2
2185 2844 2
2185 3338 2
2185 5249 2
2186 4785 2
2186 5406 2
2186 6113 2
2186 6509 2
2187 4054 2
2187 6681 2
2188 3774 2
2188 5320 2
2188 6040 2
2188 4435 2
2189 2836 2
2189 3162 2
2189 4421 2
2189 5835 2
2190 2791 2
2190 4963 2
2190 3146 2
2190 4761 2
2190 5218 2
2190 5708 2
2190 6134 2
2191 3028 2
2191 4332 2
2191 4010 2
2191 4171 2
2191 4496 2
2192 2506 2
2192 6008 2
2193 4755 2
2193 2649 2
2193 3135 2
2194 4590 2
2194 2361 2
2195 2572 2
2195 3873 2
2195 4550 2
2195 2384 2
2195 4302 2
2195 4382 2
2196 2840 2
2196 3715 2
2196 4374 2
2196 2776 2
2196 3687 2
2196 5420 2
2197 3097 2
2197 5147 2
2198 6529 2
2198 3457 2
2199 4231 2
2199 4860 2
2199 2302 2
2199 5754 2
2200 3728 2
2200 5381 2
2200 2390 2
2200 3171 2
2200 5406 2
2200 6628 2
2200 6732 2
2201 4874 2
2201 6593 2
2202 2908 2
2202 3271 2
2202 3436 2
2202 6815 2
2202 5249 2
2203 3511 2
2204 2461 2
2204 3172 2
2205 4801 2
2205 5547 2
2206 3063 2
2206 5873 2
2206 6447 2
2206 2494 2
2206 3966 2
2207 2891 2
2207 4200 2
2207 5424 2
2207 5745 2
2207 6553 2
2207 6703 2
2208 2625 2
2208 3046 2
2208 3548 2
2208 3816 2
2208 3818 2
2208 4504 2
2208 4840 2
2208 6722 2
2208 4450 2
2209 4226 2
2209 4724 2
2209 5393 2
2209 5861 2
2209 2409 2
2210 2687 2
2210 4487 2
2210 6541 2
2210 6856 2
2211 2222 2
2211 2422 2
2211 3836 2
2211 3962 2
2211 4257 2
2211 4752 2
2211 4964 2
2211 6487 2
2212 2817 2
2212 3784 2
2212 4015 2
2213 2650 2
2213 4132 2
2213 4852 2
2213 5213 2
2213 6949 2
2213 3244 2
2213 3304 2
2214 3002 2
2214 3040 2
2214 3401 2
2214 3425 2
2214 4230 2
2214 5562 2
2214 2824 2
2214 3293 2
2214 4092 2
2214 4272 2
2214 4337 2
2214 5132 2
2214 6408 2
2214 6775 2
2215 6666 2
2216 2730 2
2216 2385 2
2216 4658 2
2216 5505 2
2216 5627 2
2216 5937 2
2217 4156 2
2217 5182 2
2217 5395 2
2217 5403 2
2217 5618 2
2217 3532 2
2217 5044 2
2218 3451 2
2218 4434 2
2218 4817 2
2218 4647 2
2219 2981 2
2219 4588 2
2220 5174 2
2220 5905 2
2221 2831 2
2221 4926 2
2222 3926 2
2222 3935 2
2222 4035 2
2222 4580 2
2222 3836 2
2222 4158 2
2222 4752 2
2222 4960 2
2222 5519 2
2222 6487 2
2222 6714 2
2223 5185 2
2224 3967 2
2224 4468 2
2224 5934 2
2224 2448 2
2224 4018 2
2224 5521 2
2224 6231 2
2224 6288 2
2224 6581 2
2225 4585 2
2225 4655 2
2225 5942 2
2225 6233 2
2226 2936 2
2226 3473 2
2226 5699 2
2226 6063 2
2226 6241 2
2226 6629 2
2227 4303 2
2227 5343 2
2227 5851 2
2227 3251 2
2227 5687 2
2228 3596 2
2228 5759 2
2228 6944 2
2229 2389 2
2229 4017 2
2229 5573 2
2229 3059 2
2229 3928 2
2230 3876 2
2230 6934 2
2231 2377 2
2231 2566 2
2231 2734 2
2231 3752 2
2231 4042 2
2231 4632 2
2231 4995 2
2231 6488 2
2232 6959 2
2232 6229 2
2232 6271 2
2232 6326 2
2233 2988 2
2233 3817 2
2234 3274 2
2234 4955 2
2234 6934 2
2234 3184 2
2235 3483 2
2235 5812 2
2236 2251 2
2236 2329 2
2236 2641 2
2236 5769 2
2236 4850 2
2236 5077 2
2236 5302 2
2236 5537 2
2237 2493 2
2237 2519 2
2237 6431 2
2237 2260 2
2237 5388 2
2237 5572 2
2238 2259 2
2238 2955 2
2238 4444 2
2238 5665 2
2238 5214 2
2239 2328 2
2239 2870 2
2239 4389 2
2239 4425 2
2239 2576 2
2240 3701 2
2240 3227 2
2241 2683 2
2241 3808 2
2241 3872 2
2241 4631 2
2241 5416 2
2242 3902 2
2242 3964 2
2242 4130 2
2242 4948 2
2242 6378 2
2243 2974 2
2243 5593 2
2244 3006 2
2244 4820 2
2244 4865 2
2245 2534 2
2245 4053 2
2245 5189 2
2245 2660 2
2245 4082 2
2245 6783 2
2246 2404 2
2246 2460 2
2246 2758 2
2246 3295 2
2246 3865 2
2246 3968 2
2246 4844 2
2246 4879 2
2246 2344 2
2246 2447 2
2246 3236 2
2246 4748 2
2246 4763 2
2246 6001 2
2247 3663 2
2247 4767 2
2248 3866 2
2248 4144 2
2248 4384 2
2248 4920 2
2248 6909 2
2249 2716 2
2249 3617 2
2249 3691 2
2249 3708 2
2249 3869 2
2249 3884 2
2249 3924 2
2249 4739 2
2249 6864 2
2249 2380 2
2249 2710 2
2249 2746 2
2249 2828 2
2250 2417 2
2250 3746 2
2250 4720 2
2250 5016 2
2250 6004 2
2250 6882 2
2250 6910 2
2251 2424 2
2251 2641 2
2252 3681 2
2253 2314 2
2253 3208 2
2254 6264 2
2255 2853 2
2255 4629 2
2255 2307 2
2255 3042 2
2255 4580 2
2255 6606 2
2256 2805 2
2256 3246 2
2256 2365 2
2257 4438 2
2257 6235 2
2257 2341 2
2257 3000 2
2257 4902 2
2258 2633 2
2258 4503 2
2258 3162 2
2259 3015 2
2259 2310 2
2259 2490 2
2259 3085 2
2259 3087 2
2259 3384 2
2259 5506 2
2259 5654 2
2261 4700 2
2261 5417 2
2261 6170 2
2262 4699 2
2264 3034 2
2264 3580 2
2264 3938 2
2264 4059 2
2264 4415 2
2264 3404 2
2264 5403 2
2264 5786 2
2265 2698 2
2265 2760 2
2265 2793 2
2265 4139 2
2265 4164 2
2265 5466 2
2266 2903 2
2266 4082 2
2266 4889 2
2267 6590 2
2267 2433 2
2267 3039 2
2268 4005 2
2268 6400 2
2268 6452 2
2269 2512 2
2269 2895 2
2269 4316 2
2269 6348 2
2269 6659 2
2269 2902 2
2269 4262 2
2269 5912 2
2269 6443 2
2270 3355 2
2270 4307 2
2271 3250 2
2271 3379 2
2271 3634 2
2271 4899 2
2271 3717 2
2271 4478 2
2272 3832 2
2272 4347 2
2273 5013 2
2273 2377 2
2273 4013 2
2274 2503 2
2274 3449 2
2274 6226 2
2274 5053 2
2274 5926 2
2275 3286 2
2276 2398 2
2276 3408 2
2276 5371 2
2276 5486 2
2276 5559 2
2276 5917 2
2277 2540 2
2277 4907 2
2277 3897 2
2277 4138 2
2277 4436 2
2277 4780 2
2278 6989 2
2278 6474 2
2278 3704 2
2278 3766 2
2278 4029 2
2279 6533 2
2279 2504 2
2279 2742 2
2279 6417 2
2280 5337 2
2280 3041 2
2281 2335 2
2281 2919 2
2281 4646 2
2282 4575 2
2282 2952 2
2283 3710 2
2283 4064 2
2283 4456 2
2284 2771 2
2284 2820 2
2284 3940 2
2284 5711 2
2284 5823 2
2284 5963 2
2284 4287 2
2285 2381 2
2285 2704 2
2285 4617 2
2286 4190 2
2286 5518 2
2286 5625 2
2286 6239 2
2286 3341 2
2286 3642 2
2286 5472 2
2286 6743 2
2287 2355 2
2287 3573 2
2287 4342 2
2287 4677 2
2287 5291 2
2287 5521 2
2287 5718 2
2287 6554 2
2289 4849 2
2289 5510 2
2289 2400 2
2289 3768 2
2289 4481 2
2289 4788 2
2289 5560 2
2290 2876 2
2290 3809 2
2290 4176 2
2290 4353 2
2290 5027 2
2290 6279 2
2291 3229 2
2291 3293 2
2291 3773 2
2291 4099 2
2291 5925 2
2291 3980 2
2292 2762 2
2292 2868 2
2292 4942 2
2292 2752 2
2292 3243 2
2292 5139 2
2293 6368 2
2293 3394 2
2293 3689 2
2293 4465 2
2294 4154 2
2294 5774 2
2294 4696 2
2294 6875 2
2295 2432 2
2296 2813 2
2296 3198 2
2297 3864 2
2297 6177 2
2298 2669 2
2298 3656 2
2298 3942 2
2299 2500 2
2299 4722 2
2299 5462 2
2299 5729 2
2299 2468 2
2299 2705 2
2300 6931 2
2300 4493 2
2300 3016 2
2300 3090 2
2300 4420 2
2300 5033 2
2300 6220 2
2301 2850 2
2301 2887 2
2301 3915 2
2301 3979 2
2301 4067 2
2301 3650 2
2301 4316 2
2301 4936 2
2301 5171 2
2303 2525 2
2303 6524 2
2304 2604 2
2304 5335 2
2304 5911 2
2304 5972 2
2304 2635 2
2304 2911 2
2305 2841 2
2305 4072 2
2305 4934 2
2305 6385 2
2305 2562 2
2305 3346 2
2305 5306 2
2306 5137 2
2307 2484 2
2307 3042 2
2307 3417 2
2307 6606 2
2308 3516 2
2308 5527 2
2308 6067 2
2308 3771 2
2308 4323 2
2308 4327 2
2308 4883 2
2308 6751 2
2309 4273 2
2309 5652 2
2309 6221 2
2309 4682 2
2309 5500 2
2309 6226 2
2310 4069 2
2311 3306 2
2311 4827 2
2312 3635 2
2312 4054 2
2312 4828 2
2312 4981 2
2312 6527 2
2313 2839 2
2313 3969 2
2315 3563 2
2315 4708 2
2315 6918 2
2316 3896 2
2316 4803 2
2316 6111 2
2317 3319 2
2317 3601 2
2317 4284 2
2317 5872 2
2317 4932 2
2317 5318 2
2317 5954 2
2318 2583 2
2319 5020 2
2320 4400 2
2321 3672 2
2321 4199 2
2321 6196 2
2322 2627 2
2322 3241 2
2322 3624 2
2322 5456 2
2322 3375 2
2322 5707 2
2322 5775 2
2322 5794 2
2322 5964 2
2323 4674 2
2323 3478 2
2323 4285 2
2323 4324 2
2323 6092 2
2324 2800 2
2324 3763 2
2324 4085 2
2324 4994 2
2324 5039 2
2324 6512 2
2324 6571 2
2324 3524 2
2325 3053 2
2325 4080 2
2325 4318 2
2325 4925 2
2325 6216 2
2325 2421 2
2325 2465 2
2325 3465 2
2325 3587 2
2325 3647 2
2325 4895 2
2325 5350 2
2326 6849 2
2327 4275 2
2327 5806 2
2327 6006 2
2327 6290 2
2327 6448 2
2327 6471 2
2327 6883 2
2327 2589 2
2327 3807 2
2328 2870 2
2328 3120 2
2328 4389 2
2328 4798 2
2328 4866 2
2328 5392 2
2329 6093 2
2329 6151 2
2329 3733 2
2329 5020 2
2329 6258 2
2330 6183 2
2331 2649 2
2331 2874 2
2331 4015 2
2331 4140 2
2331 2581 2
2331 5606 2
2332 3207 2
2332 4781 2
2332 5013 2
2332 5899 2
2332 6026 2
2332 6447 2
2333 3222 2
2333 4966 2
2333 3995 2
2334 3136 2
2334 3956 2
2334 4059 2
2335 5679 2
2335 3473 2
2335 4083 2
2335 6125 2
2336 2682 2
2337 3576 2
2337 4278 2
2337 4691 2
2338 2360 2
2338 4207 2
2338 3547 2
2338 6496 2
2339 5253 2
2340 2799 2
2340 4122 2
2340 6401 2
2340 4852 2
2341 4742 2
2341 5023 2
2341 3632 2
2342 3024 2
2342 5970 2
2342 6263 2
2342 6445 2
2343 2843 2
2343 3265 2
2343 4180 2
2343 4223 2
2343 4340 2
2343 5817 2
2343 6291 2
2343 6814 2
2343 5640 2
2344 3141 2
2344 5672 2
2344 2447 2
2344 3236 2
2344 3832 2
2344 4124 2
2344 4748 2
2345 3233 2
2345 5496 2
2345 6281 2
2346 2656 2
2346 6903 2
2346 3253 2
2346 3718 2
2346 3780 2
2346 4221 2
2346 5994 2
2346 6772 2
2347 3828 2
2347 6418 2
2347 6563 2
2347 2913 2
2348 4738 2
2348 4845 2
2348 4872 2
2349 4099 2
2349 5620 2
2349 6005 2
2350 2669 2
2350 5453 2
2350 3826 2
2350 6664 2
2351 2609 2
2351 2632 2
2351 2743 2
2351 4610 2
2351 4692 2
2351 4914 2
2351 5132 2
2351 5502 2
2352 5366 2
2352 3562 2
2353 2407 2
2353 2581 2
2353 2837 2
2353 3033 2
2354 2697 2
2354 3595 2
2354 5952 2
2354 3073 2
2354 3673 2
2354 6039 2
2355 3573 2
2355 4677 2
2355 5521 2
2355 5718 2
2355 2621 2
2355 5234 2
2355 5645 2
2357 3492 2
2357 5081 2
2357 2483 2
2357 4431 2
2357 4672 2
2357 6140 2
2358 2382 2
2358 2894 2
2358 4268 2
2359 5188 2
2359 2914 2
2359 6384 2
2359 6742 2
2360 2596 2
2360 5286 2
2360 5336 2
2360 5860 2
2360 5879 2
2360 6277 2
2360 6352 2
2361 2622 2
2361 6969 2
2361 5784 2
2361 4891 2
2362 3189 2
2362 3597 2
2362 3809 2
2362 4264 2
2362 4371 2
2362 5628 2
2362 6064 2
2363 6355 2
2363 6523 2
2363 5247 2
2363 5310 2
2363 5410 2
2363 6799 2
2364 3621 2
2364 3919 2
2364 6471 2
2365 6574 2
2366 6625 2
2366 5844 2
2366 6072 2
2367 4198 2
2367 6348 2
2368 4102 2
2368 4445 2
2368 5856 2
2368 2480 2
2368 2672 2
2368 3593 2
2368 5623 2
2368 5757 2
2368 6201 2
2369 2433 2
2369 4574 2
2369 6295 2
2369 6388 2
2369 4310 2
2369 5592 2
2369 5732 2
2370 3356 2
2370 2803 2
2370 3640 2
2370 4531 2
2370 6381 2
2370 6528 2
2371 4407 2
2371 4070 2
2371 4908 2
2371 5415 2
2372 2465 2
2372 5566 2
2372 3608 2
2372 5279 2
2372 6527 2
2373 3564 2
2373 2777 2
2373 4303 2
2373 6175 2
2374 2974 2
2375 3146 2
2375 5658 2
2375 4373 2
2376 2427 2
2376 3281 2
2376 4459 2
2376 6027 2
2377 2961 2
2377 3707 2
2377 6010 2
2377 6182 2
2377 6265 2
2378 4052 2
2378 4176 2
2378 6943 2
2378 3427 2
2378 5108 2
2378 5807 2
2378 6826 2
2379 2751 2
2379 2814 2
2379 4547 2
2379 5199 2
2380 3245 2
2380 4185 2
2380 4311 2
2380 6469 2
2380 2524 2
2380 2710 2
2380 2746 2
2380 2828 2
2380 2938 2
2380 3432 2
2380 5474 2
2380 6236 2
2381 2704 2
2381 5243 2
2381 2505 2
2381 6686 2
2382 2807 2
2382 3149 2
2382 2894 2
2382 4816 2
2383 2416 2
2383 2582 2
2383 3160 2
2383 3613 2
2383 5985 2
2383 4371 2
2383 4873 2
2385 2875 2
2385 4292 2
2385 5289 2
2385 6109 2
2385 6557 2
2385 2564 2
2385 5627 2
2386 2429 2
2386 5107 2
2386 5229 2
2386 6621 2
2386 6787 2
2386 4022 2
2386 6978 2
2386 5341 2
2386 6179 2
2387 3385 2
2387 3501 2
2387 6108 2
2387 3939 2
2387 6158 2
2388 4587 2
2388 5614 2
2388 5395 2
2388 5685 2
2389 5573 2
2389 6127 2
2390 3689 2
2390 5406 2
2390 6628 2
2391 2842 2
2391 4464 2
2391 5049 2
2391 5778 2
2391 6294 2
2391 4269 2
2392 2528 2
2392 5633 2
2392 3392 2
2392 6806 2
2392 6837 2
2393 3997 2
2393 4243 2
2394 3382 2
2394 6607 2
2394 6789 2
2395 4803 2
2396 3326 2
2396 3587 2
2396 4745 2
2396 6749 2
2397 4031 2
2397 4145 2
2397 4560 2
2397 3660 2
2397 3851 2
2397 4613 2
2398 2467 2
2398 4317 2
2398 5371 2
2399 4377 2
2399 4650 2
2400 5799 2
2400 2471 2
2400 2999 2
2400 4788 2
2400 5560 2
2400 5823 2
2400 6218 2
2400 6253 2
2401 2801 2
2401 4653 2
2401 5692 2
2402 2803 2
2402 3682 2
2402 4260 2
2402 4448 2
2402 6134 2
2402 2651 2
2402 2694 2
2402 3863 2
2402 4362 2
2402 4589 2
2402 4706 2
2402 6228 2
2403 4526 2
2403 5499 2
2403 2543 2
2403 3310 2
2403 4454 2
2403 6261 2
2403 6492 2
2404 2460 2
2404 3025 2
2404 3508 2
2404 3865 2
2404 5281 2
2404 6310 2
2404 3666 2
2405 5077 2
2405 3788 2
2405 5957 2
2406 3435 2
2406 4556 2
2406 5073 2
2406 5681 2
2406 5875 2
2407 2581 2
2407 2837 2
2407 3033 2
2407 2452 2
2407 2577 2
2407 2613 2
2407 3259 2
2407 4356 2
2407 6318 2
2407 6549 2
2407 6677 2
2408 4539 2
2408 6561 2
2408 2729 2
2409 3493 2
2409 3988 2
2409 6930 2
2409 5598 2
2410 3439 2
2410 3491 2
2410 3938 2
2410 3961 2
2410 3963 2
2410 4336 2
2411 2944 2
2411 2949 2
2411 4999 2
2411 2702 2
2411 4570 2
2411 5684 2
2412 4063 2
2412 4460 2
2412 4906 2
2412 5691 2
2413 2570 2
2413 4151 2
2413 4192 2
2413 4811 2
2414 3527 2
2414 3619 2
2414 4599 2
2414 4812 2
2414 3272 2
2414 4342 2
2414 4598 2
2415 4627 2
2415 3001 2
2415 4128 2
2415 5384 2
2416 3741 2
2416 5828 2
2417 3746 2
2417 2912 2
2417 4134 2
2417 4750 2
2417 4868 2
2417 5051 2
2417 5317 2
2417 5434 2
2418 3339 2
2418 4715 2
2418 4212 2
2418 5180 2
2418 5354 2
2418 5668 2
2418 6539 2
2419 2446 2
2419 3170 2
2419 3705 2
2419 4847 2
2419 6038 2
2419 6777 2
2419 2960 2
2419 4030 2
2419 5088 2
2420 3468 2
2420 4941 2
2420 2554 2
2420 5808 2
2421 5482 2
2421 5931 2
2421 3465 2
2421 3587 2
2421 3647 2
2421 4933 2
2422 3747 2
2422 4257 2
2423 2567 2
2423 5690 2
2424 3441 2
2424 5441 2
2424 5099 2
2425 5750 2
2425 5904 2
2426 5560 2
2426 5686 2
2426 3081 2
2426 3428 2
2426 5224 2
2426 5246 2
2426 5919 2
2427 3918 2
2428 2673 2
2428 5055 2
2429 5107 2
2429 5229 2
2429 4520 2
2429 5207 2
2430 2555 2
2430 3592 2
2430 4543 2
2430 6584 2
2430 4329 2
2431 4071 2
2431 3152 2
2431 3266 2
2431 3590 2
2431 4569 2
2431 5223 2
2432 3632 2
2432 6545 2
2432 6452 2
2433 2930 2
2434 4000 2
2435 3164 2
2436 2891 2
2436 5145 2
2436 6276 2
2437 2914 2
2438 3244 2
2438 3270 2
2438 4362 2
2438 4520 2
2438 6000 2
2438 6243 2
2439 4604 2
2439 2619 2
2439 2770 2
2440 3648 2
2440 5293 2
2440 5938 2
2440 6890 2
2440 3066 2
2440 3365 2
2440 5287 2
2441 2501 2
2441 2539 2
2441 5187 2
2441 5765 2
2441 6868 2
2441 3021 2
2441 3834 2
2441 4346 2
2441 6097 2
2441 6193 2
2441 6454 2
2441 6679 2
2442 2454 2
2442 4136 2
2443 2456 2
2443 2801 2
2443 4016 2
2443 4551 2
2443 5266 2
2443 5400 2
2443 5464 2
2443 5978 2
2444 3747 2
2444 4736 2
2445 2746 2
2445 3714 2
2445 5066 2
2445 2690 2
2445 2720 2
2445 2873 2
2445 3617 2
2445 4036 2
2446 3705 2
2446 4847 2
2447 4047 2
2447 4521 2
2447 3832 2
2447 4124 2
2447 4748 2
2447 6001 2
2448 3503 2
2448 3436 2
2448 4930 2
2449 5960 2
2449 3805 2
2450 4289 2
2451 4959 2
2451 5876 2
2452 2932 2
2452 6033 2
2452 2613 2
2452 3259 2
2452 3263 2
2453 5880 2
2453 4189 2
2453 4512 2
2454 4344 2
2454 6496 2
2454 3342 2
2454 4136 2
2455 6842 2
2455 2476 2
2456 2801 2
2456 4016 2
2456 4551 2
2456 5266 2
2456 5611 2
2456 3117 2
2456 3136 2
2456 3920 2
2456 5097 2
2456 5515 2
2456 5652 2
2456 6060 2
2457 4002 2
2458 4259 2
2458 2588 2
2459 3378 2
2459 5191 2
2460 3025 2
2460 3508 2
2460 3865 2
2460 6310 2
2460 2529 2
2460 2957 2
2460 3161 2
2460 5328 2
2460 6446 2
2461 4290 2
2461 6782 2
2461 3172 2
2462 3123 2
2462 3181 2
2463 2789 2
2463 5009 2
2463 5076 2
2463 5085 2
2463 5894 2
2463 6162 2
2463 6682 2
2463 6690 2
2464 4305 2
2464 5824 2
2464 3605 2
2464 4516 2
2464 5916 2
2465 2510 2
2465 4943 2
2466 2780 2
2466 3521 2
2466 3957 2
2466 4280 2
2466 5515 2
2466 6915 2
2466 4142 2
2466 5375 2
2467 3965 2
2467 4317 2
2467 5423 2
2467 3772 2
2467 5862 2
2468 2790 2
2468 3272 2
2468 4396 2
2468 3506 2
2469 3354 2
2469 4419 2
2469 2565 2
2469 2607 2
2469 2811 2
2469 3011 2
2469 4479 2
2469 4556 2
2469 4743 2
2469 4762 2
2469 6272 2
2469 6510 2
2470 3105 2
2470 3663 2
2470 2507 2
2470 2769 2
2470 5895 2
2470 5981 2
2471 6492 2
2471 2999 2
2471 5823 2
2471 6218 2
2471 6796 2
2472 4135 2
2472 4287 2
2472 6378 2
2472 2823 2
2472 5254 2
2472 6895 2
2473 5316 2
2473 2638 2
2473 4026 2
2473 5858 2
2474 6995 2
2474 2901 2
2474 5154 2
2474 6061 2
2474 3036 2
2474 3153 2
2474 3849 2
2475 2576 2
2475 3064 2
2475 3445 2
2475 4227 2
2475 4330 2
2475 4681 2
2475 4936 2
2475 4290 2
2475 4414 2
2475 5819 2
2476 2967 2
2476 3641 2
2476 5100 2
2477 2910 2
2477 3831 2
2477 4432 2
2477 2492 2
2477 2750 2
2477 2768 2
2477 2979 2
2477 5404 2
2477 5523 2
2479 2513 2
2479 3280 2
2479 5121 2
2479 5322 2
2479 6634 2
2479 6888 2
2479 4035 2
2479 5102 2
2479 6316 2
2480 2672 2
2480 5623 2
2481 4198 2
2481 6671 2
2481 6830 2
2482 3204 2
2482 4516 2
2482 5705 2
2482 3361 2
2482 3917 2
2483 5439 2
2484 5532 2
2484 3417 2
2484 4629 2
2485 2975 2
2485 5869 2
2485 4830 2
2486 3458 2
2486 4811 2
2486 3084 2
2486 3724 2
2487 5731 2
2487 5791 2
2487 5293 2
2488 3606 2
2488 4167 2
2488 4885 2
2489 5391 2
2489 6338 2
2489 3116 2
2489 3257 2
2489 3297 2
2489 4718 2
2489 5927 2
2490 3067 2
2490 3770 2
2490 4123 2
2490 2854 2
2490 3087 2
2490 3384 2
2490 5654 2
2491 5901 2
2491 3648 2
2491 5871 2
2492 2750 2
2492 2979 2
2492 5699 2
2493 2519 2
2493 2752 2
2493 3803 2
2493 3122 2
2493 5783 2
2493 6924 2
2494 3499 2
2494 3827 2
2494 6855 2
2494 2940 2
2494 3966 2
2495 4959 2
2496 5948 2
2496 2883 2
2496 5213 2
2498 3854 2
2498 2574 2
2498 3288 2
2498 5028 2
2498 6891 2
2499 4797 2
2499 2707 2
2500 4540 2
2500 5462 2
2500 3978 2
2500 5611 2
2500 5818 2
2501 2539 2
2501 2925 2
2501 4557 2
2501 5765 2
2501 6868 2
2501 3332 2
2501 4218 2
2501 4390 2
2502 3151 2
2502 3279 2
2502 3300 2
2502 2708 2
2503 3849 2
2503 5969 2
2503 5771 2
2504 2659 2
2504 4481 2
2505 3754 2
2505 5567 2
2505 5717 2
2505 6686 2
2506 4365 2
2506 5798 2
2507 6414 2
2507 2627 2
2507 2769 2
2507 5023 2
2507 5398 2
2507 5539 2
2507 6854 2
2508 2703 2
2508 2705 2
2508 3205 2
2508 6831 2
2508 6847 2
2508 3765 2
2508 4242 2
2508 5706 2
2509 6436 2
2509 4416 2
2509 5646 2
2510 4804 2
2510 5887 2
2510 2906 2
2510 3628 2
2510 4943 2
2511 3820 2
2511 4497 2
2511 5309 2
2511 5493 2
2511 5739 2
2511 3351 2
2511 3830 2
2512 2895 2
2512 4316 2
2512 6348 2
2512 4685 2
2512 5553 2
2513 3280 2
2513 5322 2
2513 6888 2
2514 2976 2
2514 4756 2
2514 5874 2
2516 3650 2
2516 3960 2
2516 4045 2
2517 5476 2
2517 5688 2
2518 2852 2
2518 3144 2
2519 3337 2
2519 3665 2
2519 4085 2
2519 5162 2
2520 3213 2
2520 5471 2
2520 5569 2
2520 6570 2
2520 4888 2
2521 6249 2
2523 3734 2
2523 4990 2
2524 2709 2
2524 5805 2
2525 3946 2
2525 5619 2
2525 2540 2
2525 3833 2
2525 6524 2
2526 4113 2
2527 3536 2
2527 2797 2
2527 3757 2
2527 4560 2
2527 4684 2
2527 5766 2
2527 6567 2
2527 6641 2
2528 5633 2
2528 4074 2
2528 5079 2
2528 5867 2
2528 6738 2
2529 5268 2
2530 4000 2
2531 2593 2
2531 4600 2
2531 5616 2
2531 6721 2
2531 3801 2
2531 5976 2
2532 2945 2
2532 3302 2
2533 2947 2
2533 3060 2
2533 5700 2
2533 2861 2
2533 3974 2
2534 4053 2
2534 5189 2
2535 2706 2
2535 3064 2
2535 4338 2
2535 5206 2
2535 5856 2
2536 2613 2
2536 2595 2
2536 5735 2
2537 5016 2
2538 2989 2
2538 3071 2
2538 4624 2
2538 5698 2
2538 5792 2
2538 6731 2
2538 6745 2
2538 4683 2
2538 6781 2
2539 2925 2
2539 4557 2
2539 3697 2
2539 4122 2
2539 4616 2
2540 3535 2
2540 3833 2
2540 4292 2
2540 5222 2
2540 5573 2
2540 5774 2
2540 5813 2
2541 3913 2
2541 5832 2
2541 6852 2
2542 4548 2
2542 3736 2
2543 3861 2
2543 5108 2
2543 3310 2
2543 3401 2
2543 4146 2
2543 6261 2
2544 3119 2
2544 4589 2
2544 2637 2
2544 3523 2
2545 5404 2
2545 5516 2
2545 6098 2
2546 6020 2
2547 4217 2
2547 4465 2
2547 5208 2
2547 6192 2
2547 6465 2
2548 2900 2
2548 3404 2
2548 4030 2
2548 4276 2
2548 5776 2
2548 5651 2
2548 6374 2
2549 3029 2
2549 3357 2
2549 3726 2
2549 4100 2
2549 4609 2
2549 4764 2
2549 4801 2
2549 5351 2
2549 5829 2
2550 3486 2
2550 6047 2
2551 5470 2
2551 5518 2
2552 2719 2
2552 3720 2
2552 5033 2
2552 4158 2
2552 4960 2
2553 2645 2
2553 5336 2
2553 5721 2
2553 5503 2
2553 5591 2
2553 6697 2
2555 4543 2
2555 6976 2
2555 6584 2
2556 4192 2
2556 3760 2
2556 5367 2
2557 2679 2
2557 3114 2
2557 4024 2
2557 6702 2
2558 4900 2
2558 5274 2
2558 5777 2
2559 2983 2
2559 4744 2
2559 6944 2
2559 5684 2
2559 6540 2
2559 3929 2
2559 4041 2
2560 3710 2
2560 4277 2
2560 4435 2
2560 2606 2
2560 2718 2
2560 3699 2
2560 5386 2
2561 4569 2
2561 5160 2
2561 4273 2
2561 6254 2
2562 5974 2
2564 3218 2
2564 3256 2
2564 6332 2
2565 4139 2
2565 6272 2
2566 3645 2
2566 2734 2
2566 4632 2
2567 3976 2
2567 2991 2
2567 3151 2
2567 3376 2
2567 4240 2
2568 2658 2
2568 2920 2
2569 6456 2
2569 5215 2
2571 3419 2
2571 4740 2
2571 4834 2
2572 3174 2
2572 6419 2
2572 3789 2
2572 4159 2
2572 4283 2
2572 4507 2
2573 5740 2
2573 6205 2
2573 4270 2
2574 3193 2
2574 4183 2
2574 5968 2
2574 6266 2
2574 3288 2
2575 3054 2
2575 3223 2
2575 3392 2
2575 4496 2
2575 2605 2
2575 3657 2
2575 3982 2
2576 4330 2
2577 3289 2
2577 5012 2
2577 6752 2
2577 6318 2
2578 3153 2
2578 6128 2
2578 6617 2
2578 3397 2
2578 6817 2
2579 4113 2
2579 4607 2
2579 6566 2
2579 6926 2
2580 4939 2
2581 3033 2
2581 3954 2
2581 5606 2
2582 3613 2
2582 5985 2
2582 3592 2
2583 4212 2
2583 3829 2
2584 3386 2
2584 6221 2
2585 3855 2
2585 4990 2
2585 2719 2
2585 3853 2
2585 4776 2
2585 4870 2
2586 3016 2
2586 4944 2
2586 5339 2
2586 6483 2
2586 3579 2
2587 6966 2
2587 3835 2
2587 5590 2
2588 4622 2
2588 5761 2
2589 4349 2
2589 3807 2
2589 4409 2
2589 6580 2
2590 3751 2
2590 5754 2
2590 5852 2
2590 6271 2
2590 4714 2
2591 3398 2
2591 3422 2
2591 6441 2
2592 2662 2
2593 3912 2
2593 3962 2
2593 4056 2
2593 5465 2
2593 5616 2
2593 6638 2
2593 4559 2
2593 6920 2
2594 4472 2
2594 5276 2
2594 6509 2
2594 6670 2
2595 3973 2
2595 4348 2
2595 4431 2
2597 4220 2
2598 5622 2
2599 3320 2
2599 5487 2
2599 5584 2
2599 5895 2
2599 3391 2
2599 6755 2
2600 3930 2
2600 4728 2
2600 5568 2
2600 5593 2
2600 2631 2
2600 3128 2
2601 3615 2
2602 2754 2
2602 3079 2
2602 3541 2
2602 6234 2
2602 6434 2
2602 4829 2
2603 5060 2
2603 6545 2
2603 6560 2
2603 6685 2
2604 3148 2
2604 4698 2
2604 4938 2
2604 5335 2
2604 4443 2
2604 6217 2
2605 4375 2
2605 4452 2
2605 5411 2
2605 6138 2
2605 3614 2
2606 4808 2
2606 2718 2
2606 4836 2
2606 6797 2
2607 3172 2
2607 2811 2
2607 4743 2
2607 4762 2
2608 3586 2
2608 4256 2
2608 4390 2
2608 5704 2
2608 6727 2
2608 6012 2
2609 2632 2
2609 4610 2
2609 4636 2
2609 2859 2
2609 6299 2
2610 3838 2
2610 4961 2
2610 2620 2
2610 6259 2
2611 3298 2
2611 3839 2
2611 5581 2
2611 6302 2
2611 6340 2
2612 3661 2
2612 3664 2
2612 3876 2
2612 2926 2
2612 3213 2
2612 3447 2
2612 4934 2
2612 5067 2
2612 5245 2
2612 6036 2
2613 6549 2
2615 5201 2
2615 3658 2
2616 3591 2
2616 4091 2
2616 2882 2
2616 3010 2
2616 5143 2
2616 5489 2
2616 6069 2
2616 6680 2
2617 5841 2
2617 5920 2
2617 2632 2
2617 3550 2
2617 4150 2
2619 3135 2
2619 6117 2
2619 6511 2
2619 2770 2
2620 3552 2
2620 6259 2
2621 3066 2
2621 3752 2
2621 4270 2
2621 6391 2
2621 6653 2
2621 6765 2
2621 5645 2
2622 3347 2
2622 5784 2
2622 6363 2
2625 3816 2
2625 3818 2
2625 6537 2
2625 6722 2
2625 3534 2
2625 5679 2
2626 6983 2
2626 2867 2
2626 3194 2
2626 6208 2
2626 4249 2
2626 6337 2
2627 5398 2
2628 4642 2
2628 4781 2
2628 6795 2
2628 3480 2
2629 4179 2
2629 5475 2
2630 2646 2
2630 4632 2
2630 5387 2
2632 2743 2
2632 4610 2
2632 4914 2
2632 5502 2
2632 6755 2
2632 6884 2
2632 3550 2
2633 2745 2
2633 4503 2
2633 4033 2
2633 5952 2
2634 3756 2
2634 3256 2
2634 4505 2
2634 4957 2
2634 5764 2
2634 6429 2
2635 2772 2
2635 2939 2
2635 5583 2
2636 3899 2
2637 6806 2
2637 3523 2
2637 6808 2
2638 6223 2
2640 3848 2
2640 4764 2
2640 5304 2
2642 3014 2
2642 3080 2
2642 4771 2
2642 5741 2
2642 5871 2
2642 6510 2
2643 3369 2
2643 4667 2
2644 2833 2
2644 3248 2
2644 4019 2
2644 4083 2
2644 5210 2
2644 5276 2
2644 6220 2
2644 3364 2
2645 3190 2
2645 5721 2
2645 5863 2
2645 2703 2
2646 5387 2
2646 5815 2
2646 6066 2
2646 6153 2
2646 6737 2
2647 5003 2
2647 5166 2
2647 6542 2
2647 6818 2
2647 3348 2
2647 3591 2
2647 5702 2
2648 3078 2
2648 3283 2
2648 4172 2
2648 3179 2
2648 3209 2
2648 3448 2
2648 3910 2
2648 5130 2
2649 3135 2
2650 4132 2
2650 4852 2
2650 5213 2
2650 6741 2
2650 4542 2
2651 4748 2
2651 2694 2
2651 4162 2
2652 2687 2
2653 2841 2
2653 3635 2
2654 2787 2
2654 3998 2
2654 5702 2
2654 4716 2
2655 3529 2
2656 4457 2
2656 5993 2
2656 6219 2
2656 6914 2
2657 5235 2
2657 5378 2
2658 3672 2
2658 3941 2
2658 4825 2
2658 5986 2
2660 2955 2
2660 3776 2
2660 4082 2
2660 6973 2
2660 6783 2
2661 2971 2
2661 4987 2
2661 6739 2
2661 4065 2
2663 3383 2
2663 6331 2
2663 3380 2
2664 3925 2
2664 4068 2
2664 4087 2
2665 4314 2
2665 5211 2
2666 3400 2
2666 3496 2
2666 5296 2
2666 4899 2
2666 6241 2
2666 6399 2
2667 4264 2
2668 3092 2
2668 4995 2
2668 5064 2
2668 6968 2
2668 3505 2
2668 5195 2
2668 5701 2
2670 2959 2
2670 6099 2
2670 3894 2
2670 6979 2
2671 4557 2
2672 5197 2
2672 3593 2
2673 3982 2
2673 5835 2
2673 5055 2
2675 4862 2
2675 3210 2
2675 3352 2
2676 3234 2
2676 4568 2
2676 5261 2
2676 6860 2
2677 2945 2
2677 5034 2
2677 6567 2
2677 2798 2
2677 6834 2
2678 2988 2
2678 3345 2
2678 4446 2
2678 5045 2
2678 6655 2
2679 4024 2
2679 3441 2
2679 3552 2
2679 4318 2
2679 4441 2
2679 5615 2
2679 6699 2
2680 3668 2
2680 2939 2
2680 3265 2
2681 3762 2
2681 4034 2
2681 4441 2
2681 4743 2
2681 5864 2
2681 6095 2
2681 6698 2
2681 6860 2
2681 6657 2
2682 5414 2
2682 3703 2
2682 6577 2
2683 3408 2
2683 3808 2
2683 3872 2
2685 4391 2
2685 6174 2
2685 2709 2
2685 2781 2
2686 3604 2
2687 4487 2
2687 6856 2
2689 2774 2
2689 4705 2
2689 6121 2
2689 3667 2
2689 5283 2
2689 6584 2
2689 6768 2
2690 6935 2
2690 2720 2
2690 3617 2
2691 3528 2
2691 3692 2
2691 3393 2
2691 6502 2
2692 4050 2
2692 5202 2
2693 4992 2
2693 5345 2
2695 5126 2
2696 2824 2
2696 5313 2
2696 5771 2
2697 3595 2
2697 4262 2
2697 4914 2
2697 6227 2
2698 2793 2
2698 4168 2
2698 5654 2
2698 2989 2
2698 3040 2
2699 5188 2
2700 6994 2
2700 3428 2
2700 3430 2
2700 5801 2
2700 6687 2
2700 3526 2
2700 4147 2
2700 4202 2
2700 4502 2
2700 4978 2
2700 5653 2
2700 5792 2
2701 3698 2
2703 6130 2
2704 5840 2
2704 6780 2
2705 3205 2
2705 3450 2
2706 2736 2
2706 2764 2
2706 5757 2
2706 5941 2
2706 6548 2
2706 4338 2
2706 5206 2
2707 2826 2
2707 3107 2
2707 6725 2
2708 4357 2
2708 4440 2
2709 6267 2
2709 2781 2
2709 4355 2
2710 2712 2
2710 3777 2
2710 3801 2
2710 4505 2
2710 5242 2
2710 5449 2
2710 6144 2
2710 2746 2
2710 2938 2
2710 5474 2
2711 4658 2
2711 3299 2
2711 6843 2
2712 4505 2
2712 2722 2
2712 4407 2
2712 4453 2
2712 6320 2
2713 5117 2
2713 6589 2
2713 4509 2
2714 6979 2
2714 5349 2
2715 3564 2
2715 3786 2
2715 4276 2
2715 5790 2
2715 6152 2
2716 3691 2
2716 5537 2
2716 6864 2
2716 3014 2
2716 3055 2
2716 3402 2
2716 3482 2
2716 5491 2
2717 6309 2
2717 6848 2
2717 2819 2
2717 4953 2
2718 2826 2
2718 3560 2
2718 5790 2
2718 4836 2
2718 5386 2
2718 6797 2
2719 6961 2
2719 3720 2
2719 3877 2
2719 5836 2
2719 3343 2
2719 4224 2
2720 3732 2
2720 3767 2
2720 4760 2
2721 6041 2
2721 2932 2
2721 3758 2
2722 6655 2
2722 2836 2
2722 4778 2
2722 6320 2
2724 6920 2
2725 6953 2
2725 4296 2
2725 4028 2
2725 4426 2
2726 5898 2
2726 6563 2
2727 2819 2
2727 4346 2
2727 4568 2
2727 4970 2
2727 5667 2
2727 6361 2
2727 6553 2
2727 5363 2
2728 6614 2
2728 6010 2
2728 6200 2
2728 6382 2
2729 4065 2
2729 6245 2
2729 2875 2
2729 3072 2
2731 5384 2
2731 6247 2
2731 6437 2
2731 6476 2
2731 6645 2
2732 3007 2
2732 4661 2
2732 6711 2
2733 4513 2
2733 6797 2
2733 4255 2
2733 6167 2
2734 3420 2
2734 3752 2
2734 4042 2
2734 4632 2
2734 5039 2
2735 3372 2
2735 4605 2
2735 5083 2
2735 6153 2
2736 5757 2
2736 5941 2
2736 6548 2
2736 4746 2
2737 3008 2
2737 3700 2
2737 6462 2
2738 3917 2
2738 4341 2
2738 6467 2
2738 2941 2
2738 3024 2
2738 3960 2
2738 4839 2
2738 6590 2
2739 3680 2
2739 6328 2
2739 6525 2
2739 6579 2
2739 3753 2
2739 5153 2
2740 3694 2
2740 6648 2
2741 2846 2
2741 2998 2
2741 6604 2
2741 3187 2
2741 3353 2
2742 3970 2
2742 4376 2
2742 5047 2
2742 5192 2
2742 2839 2
2742 6417 2
2743 4692 2
2743 4914 2
2743 6884 2
2743 2840 2
2743 4228 2
2744 3187 2
2744 6867 2
2744 4306 2
2745 3339 2
2745 3536 2
2745 6778 2
2746 3714 2
2746 4466 2
2746 5372 2
2746 6319 2
2746 2828 2
2746 3432 2
2746 5474 2
2747 3533 2
2747 4566 2
2747 5602 2
2747 4360 2
2747 5005 2
2748 4397 2
2749 5770 2
2749 3496 2
2749 4699 2
2749 4949 2
2749 5599 2
2749 6804 2
2750 2798 2
2750 3047 2
2750 5796 2
2750 6485 2
2750 6582 2
2750 5699 2
2751 4547 2
2751 5199 2
2751 6215 2
2751 6345 2
2751 6677 2
2751 5565 2
2752 3337 2
2752 3803 2
2752 6746 2
2752 5139 2
2753 3555 2
2753 3395 2
2753 4690 2
2753 6146 2
2753 6627 2
2754 3541 2
2755 4111 2
2755 5011 2
2756 5259 2
2756 3043 2
2756 4606 2
2756 6715 2
2757 3808 2
2757 6685 2
2757 4040 2
2757 4804 2
2758 3295 2
2758 3968 2
2758 4159 2
2758 4844 2
2758 4976 2
2758 4837 2
2759 3719 2
2759 3549 2
2759 4282 2
2759 4563 2
2760 4601 2
2760 5798 2
2760 3315 2
2760 5643 2
2760 6387 2
2761 3956 2
2761 5421 2
2761 5955 2
2762 3073 2
2762 4942 2
2762 2843 2
2762 3300 2
2762 3488 2
2762 5755 2
2762 6663 2
2763 4890 2
2763 5405 2
2764 3508 2
2765 3723 2
2765 3819 2
2765 4854 2
2765 5042 2
2765 5228 2
2765 6644 2
2766 3094 2
2766 3168 2
2766 4392 2
2766 6954 2
2766 6676 2
2767 5159 2
2768 6321 2
2769 6865 2
2769 5023 2
2769 6854 2
2770 2857 2
2770 3035 2
2770 3394 2
2770 5615 2
2770 6517 2
2771 5711 2
2771 5823 2
2771 2790 2
2771 4942 2
2772 3125 2
2772 5814 2
2773 6002 2
2773 6643 2
2774 3669 2
2774 4705 2
2774 6569 2
2774 6974 2
2774 4217 2
2774 5903 2
2774 6240 2
2775 3673 2
2775 5092 2
2776 3333 2
2776 3336 2
2776 3741 2
2776 5567 2
2776 5420 2
2777 4303 2
2778 4834 2
2778 3137 2
2778 3848 2
2778 5031 2
2778 6766 2
2779 2972 2
2779 3676 2
2779 4662 2
2779 5038 2
2779 6301 2
2779 3779 2
2779 4374 2
2779 6708 2
2780 3521 2
2780 3744 2
2780 3957 2
2780 6990 2
2780 4280 2
2780 4678 2
2781 4404 2
2781 6416 2
2783 3371 2
2783 4387 2
2783 6672 2
2784 4168 2
2785 2912 2
2785 3485 2
2785 4653 2
2785 6029 2
2785 4734 2
2785 5832 2
2786 3095 2
2786 4741 2
2786 5923 2
2786 2923 2
2786 3389 2
2786 4633 2
2786 4838 2
2787 3127 2
2787 3606 2
2787 4686 2
2787 5022 2
2787 6518 2
2788 3628 2
2788 3837 2
2788 6253 2
2788 6382 2
2788 4893 2
2788 5431 2
2788 5451 2
2788 6594 2
2789 5636 2
2789 5076 2
2789 5085 2
2791 5349 2
2791 5878 2
2792 4088 2
2792 4300 2
2792 4334 2
2792 6472 2
2792 2915 2
2792 3945 2
2792 6054 2
2793 4139 2
2793 5654 2
2793 5970 2
2795 3285 2
2795 3729 2
2795 4166 2
2795 5215 2
2795 5804 2
2795 3988 2
2795 6073 2
2795 6147 2
2796 6632 2
2797 4480 2
2797 6072 2
2798 3047 2
2798 4701 2
2798 6834 2
2799 3041 2
2799 4122 2
2799 4283 2
2799 4197 2
2799 6536 2
2800 4085 2
2800 4956 2
2800 4994 2
2800 5039 2
2800 5374 2
2800 6571 2
2800 6615 2
2800 6703 2
2800 3425 2
2800 5628 2
2801 5266 2
2801 4653 2
2801 5692 2
2802 5842 2
2803 3682 2
2803 4448 2
2803 4531 2
2803 5831 2
2804 4607 2
2804 4910 2
2804 5029 2
2804 4271 2
2805 3579 2
2805 6054 2
2805 5271 2
2806 2906 2
2807 3149 2
2807 5627 2
2807 5663 2
2807 6278 2
2807 6695 2
2808 4333 2
2808 6651 2
2808 3844 2
2808 4105 2
2808 5527 2
2808 6269 2
2809 4048 2
2809 5436 2
2809 6019 2
2809 6200 2
2809 6668 2
2810 4117 2
2811 3742 2
2811 3011 2
2811 4479 2
2811 4762 2
2811 6061 2
2811 6510 2
2812 3292 2
2812 4870 2
2812 5304 2
2813 3150 2
2813 3766 2
2813 3802 2
2813 5419 2
2813 6876 2
2815 3259 2
2815 3908 2
2815 4157 2
2815 4295 2
2815 4298 2
2815 5141 2
2815 4519 2
2815 4770 2
2815 6552 2
2816 5140 2
2816 5720 2
2817 6770 2
2817 3249 2
2817 4011 2
2818 5523 2
2818 4320 2
2818 5689 2
2819 4970 2
2819 6553 2
2819 5698 2
2820 3940 2
2820 5314 2
2821 3347 2
2821 4847 2
2821 6428 2
2822 4039 2
2822 5176 2
2822 6432 2
2822 6211 2
2823 3395 2
2823 3927 2
2823 5254 2
2825 2898 2
2825 2921 2
2825 4446 2
2825 4758 2
2825 6783 2
2826 5147 2
2826 5790 2
2826 3107 2
2826 5723 2
2826 6725 2
2827 3185 2
2827 3700 2
2827 4348 2
2827 5123 2
2828 3234 2
2828 4130 2
2828 5809 2
2828 3432 2
2829 3327 2
2830 4519 2
2830 2834 2
2830 3518 2
2830 5096 2
2830 5258 2
2831 4926 2
2831 6402 2
2833 4019 2
2833 5312 2
2834 4688 2
2834 6299 2
2834 3915 2
2834 5096 2
2834 5258 2
2834 5483 2
2834 6635 2
2834 6756 2
2835 4411 2
2835 4420 2
2835 5062 2
2835 5930 2
2835 2847 2
2835 6455 2
2835 6726 2
2836 4778 2
2836 6922 2
2837 3147 2
2838 3340 2
2838 3844 2
2838 3952 2
2838 4011 2
2838 5847 2
2838 6921 2
2838 4280 2
2839 3616 2
2840 3715 2
2840 4374 2
2840 5331 2
2840 3238 2
2840 6248 2
2841 4934 2
2841 3635 2
2842 4449 2
2842 5049 2
2842 5180 2
2843 3265 2
2843 4180 2
2843 6814 2
2843 3371 2
2843 3488 2
2843 5755 2
2844 3338 2
2844 4187 2
2844 4945 2
2844 6106 2
2844 6300 2
2844 5629 2
2845 2863 2
2845 3083 2
2845 5129 2
2846 2998 2
2846 4087 2
2846 6410 2
2847 6726 2
2848 2915 2
2848 3330 2
2848 3538 2
2848 3905 2
2848 4182 2
2848 5377 2
2848 6377 2
2848 3078 2
2848 6898 2
2849 3269 2
2849 3507 2
2849 4975 2
2849 5167 2
2849 5179 2
2849 6438 2
2849 6743 2
2849 2867 2
2849 2905 2
2849 3434 2
2849 4381 2
2849 5504 2
2849 6334 2
2849 6460 2
2850 2887 2
2850 3329 2
2850 3915 2
2850 3979 2
2850 6145 2
2850 6881 2
2850 3682 2
2850 5743 2
2851 5598 2
2852 3144 2
2852 5859 2
2853 6904 2
2854 4127 2
2855 4738 2
2855 6105 2
2855 5439 2
2856 2897 2
2857 3394 2
2857 5615 2
2857 6517 2
2857 4091 2
2858 2999 2
2858 6389 2
2858 6656 2
2858 6737 2
2858 6841 2
2858 4439 2
2859 6917 2
2859 6299 2
2860 4197 2
2860 4395 2
2860 4935 2
2860 6466 2
2860 6742 2
2861 3091 2
2862 2922 2
2862 3575 2
2862 5607 2
2862 3694 2
2862 4628 2
2862 5311 2
2862 6414 2
2863 4791 2
2864 3103 2
2864 4613 2
2864 6928 2
2864 3086 2
2864 3283 2
2864 3654 2
2865 2880 2
2865 3674 2
2865 4731 2
2865 4886 2
2865 5139 2
2866 5827 2
2867 6175 2
2867 6208 2
2867 5358 2
2868 2960 2
2868 6039 2
2868 4896 2
2869 4315 2
2869 4879 2
2870 4425 2
2870 4798 2
2870 3131 2
2870 3290 2
2870 3459 2
2870 3821 2
2870 3895 2
2870 3909 2
2870 5738 2
2871 3941 2
2871 3056 2
2871 4789 2
2871 6065 2
2872 3792 2
2872 5845 2
2872 6045 2
2872 3178 2
2872 5380 2
2872 6646 2
2873 3266 2
2873 4654 2
2873 6283 2
2873 3168 2
2873 4036 2
2874 4015 2
2874 2931 2
2874 4173 2
2875 4292 2
2875 3072 2
2876 3085 2
2876 3377 2
2876 4312 2
2876 5559 2
2876 6028 2
2876 6616 2
2876 6713 2
2876 2951 2
2876 4176 2
2876 4582 2
2876 5027 2
2876 6159 2
2876 6279 2
2877 3547 2
2877 5915 2
2877 6255 2
2877 6535 2
2878 4216 2
2878 4638 2
2878 4757 2
2878 6344 2
2878 3360 2
2878 3569 2
2878 3623 2
2878 4370 2
2878 6003 2
2878 6453 2
2879 3495 2
2879 3600 2
2879 5004 2
2880 2885 2
2880 3674 2
2880 4096 2
2880 4731 2
2880 4762 2
2880 6017 2
2880 6114 2
2880 6596 2
2881 4461 2
2881 5432 2
2881 5468 2
2882 3387 2
2882 5272 2
2882 3010 2
2882 5143 2
2882 5315 2
2882 5489 2
2883 3764 2
2883 5204 2
2884 2951 2
2884 5119 2
2884 5907 2
2884 4019 2
2885 3826 2
2885 4096 2
2885 4609 2
2885 5397 2
2885 5649 2
2885 6866 2
2885 5163 2
2885 5864 2
2886 6285 2
2886 5975 2
2887 3329 2
2887 3979 2
2887 6145 2
2887 4057 2
2887 5575 2
2887 6516 2
2888 2942 2
2888 3509 2
2888 3219 2
2888 3479 2
2888 4051 2
2888 4546 2
2888 4822 2
2888 5189 2
2888 5674 2
2888 6841 2
2889 3090 2
2889 4822 2
2889 5928 2
2889 3237 2
2890 6913 2
2891 4900 2
2891 5145 2
2891 4200 2
2891 5424 2
2892 3875 2
2892 5944 2
2892 6347 2
2892 6459 2
2892 6609 2
2893 3456 2
2893 4842 2
2893 5112 2
2893 5107 2
2893 5360 2
2894 4268 2
2894 4816 2
2895 4316 2
2895 6659 2
2895 5198 2
2896 4783 2
2897 3030 2
2897 3180 2
2897 4649 2
2897 6872 2
2898 2921 2
2898 3501 2
2898 6689 2
2899 4103 2
2899 3527 2
2899 6602 2
2900 3404 2
2900 5519 2
2901 5154 2
2901 6061 2
2902 4278 2
2902 5749 2
2902 4627 2
2902 6917 2
2904 6973 2
2904 6988 2
2904 4075 2
2904 5169 2
2904 5756 2
2905 3434 2
2905 4381 2
2905 5513 2
2905 6501 2
2906 3628 2
2907 5209 2
2907 3189 2
2907 3413 2
2907 3693 2
2907 5746 2
2908 3271 2
2908 3436 2
2909 3476 2
2910 3831 2
2910 4432 2
2910 6839 2
2911 6237 2
2912 3485 2
2912 4440 2
2912 3681 2
2912 4134 2
2912 4868 2
2912 5051 2
2912 5317 2
2912 5534 2
2913 3901 2
2913 4740 2
2913 6763 2
2914 3608 2
2914 5159 2
2915 3330 2
2915 6377 2
2915 3945 2
2915 4141 2
2916 3301 2
2916 3512 2
2916 5097 2
2916 4723 2
2916 5581 2
2916 5594 2
2917 3129 2
2917 3405 2
2917 6140 2
2918 3291 2
2918 3686 2
2918 4077 2
2918 4772 2
2919 5089 2
2919 5290 2
2919 6893 2
2919 2963 2
2922 3575 2
2922 5607 2
2923 4838 2
2925 4557 2
2925 3169 2
2925 4663 2
2926 3373 2
2926 5866 2
2926 4183 2
2926 4934 2
2926 5245 2
2927 3423 2
2927 3734 2
2928 3616 2
2928 6098 2
2928 5374 2
2929 3070 2
2929 4152 2
2929 5004 2
2929 5461 2
2930 4175 2
2931 3308 2
2931 5408 2
2931 6908 2
2932 6033 2
2932 3758 2
2932 4689 2
2933 5570 2
2933 3223 2
2933 3943 2
2933 6595 2
2934 4170 2
2934 5945 2
2935 5227 2
2936 6241 2
2936 3644 2
2936 4219 2
2936 6110 2
2936 6687 2
2937 3761 2
2937 6997 2
2938 4793 2
2938 6236 2
2939 3075 2
2939 6013 2
2940 3277 2
2940 6956 2
2941 3363 2
2941 4265 2
2941 5777 2
2941 3024 2
2941 4839 2
2941 5057 2
2942 3025 2
2942 3695 2
2942 4112 2
2942 4517 2
2942 4727 2
2942 5843 2
2943 5586 2
2943 6222 2
2944 2949 2
2944 4999 2
2944 4510 2
2944 6721 2
2945 6551 2
2945 2986 2
2945 3245 2
2945 4786 2
2945 5166 2
2945 6634 2
2946 3950 2
2946 3931 2
2946 5920 2
2946 6268 2
2947 4332 2
2948 5211 2
2948 4195 2
2948 4550 2
2948 5240 2
2948 6947 2
2949 4999 2
2950 6778 2
2950 6182 2
2950 6805 2
2951 5119 2
2951 3621 2
2951 4582 2
2952 3891 2
2952 5143 2
2953 3021 2
2953 6909 2
2954 6247 2
2954 4787 2
2955 4444 2
2955 5665 2
2955 6973 2
2955 3776 2
2956 4020 2
2957 3642 2
2957 6294 2
2958 3268 2
2959 5347 2
2959 3123 2
2959 3197 2
2959 4484 2
2959 4600 2
2959 5934 2
2959 6836 2
2960 3056 2
2960 6039 2
2960 6088 2
2960 4030 2
2961 3707 2
2961 6010 2
2962 5185 2
2962 3721 2
2962 4991 2
2963 4286 2
2963 4518 2
2963 4868 2
2963 5989 2
2963 5348 2
2964 6748 2
2964 3325 2
2964 3555 2
2964 5988 2
2964 6688 2
2965 4561 2
2965 5773 2
2965 4854 2
2966 3297 2
2966 3671 2
2967 4413 2
2968 5710 2
2969 2972 2
2969 3840 2
2969 4869 2
2969 5268 2
2970 3228 2
2970 3952 2
2970 4554 2
2970 4728 2
2971 4987 2
2971 4330 2
2972 3676 2
2972 3840 2
2972 5109 2
2972 5148 2
2972 5268 2
2972 6308 2
2973 3411 2
2973 6308 2
2973 6498 2
2973 3372 2
2973 5693 2
2974 3208 2
2974 4061 2
2975 5869 2
2976 5155 2
2976 5490 2
2976 5986 2
2976 5874 2
2978 3733 2
2978 5067 2
2979 6013 2
2979 6490 2
2979 5404 2
2979 6297 2
2980 5467 2
2981 4588 2
2981 5900 2
2982 4988 2
2983 4744 2
2983 5684 2
2983 4296 2
2983 4807 2
2984 3878 2
2985 3569 2
2985 4974 2
2985 5642 2
2986 3013 2
2986 3775 2
2986 4068 2
2986 6692 2
2986 3245 2
2986 4786 2
2986 5166 2
2987 3010 2
2987 3726 2
2988 3817 2
2988 5909 2
2988 3292 2
2989 5698 2
2989 3040 2
2989 4411 2
2989 5595 2
2990 3813 2
2990 3903 2
2990 4307 2
2990 4478 2
2990 6017 2
2990 4823 2
2991 6501 2
2991 3376 2
2991 3664 2
2991 6011 2
2992 3474 2
2993 3426 2
2993 6612 2
2995 3627 2
2996 3177 2
2996 4549 2
2996 4908 2
2997 3752 2
2997 6365 2
2997 6391 2
2997 5063 2
2997 6169 2
2998 4087 2
2998 4522 2
2998 6604 2
2999 6389 2
2999 5823 2
2999 6253 2
3000 4902 2
3000 6692 2
3001 3610 2
3001 4483 2
3001 4777 2
3001 4882 2
3001 6274 2
3001 4128 2
3002 5562 2
3002 6047 2
3003 6984 2
3003 3679 2
3003 3810 2
3003 6205 2
3004 4298 2
3004 5562 2
3004 5839 2
3006 4820 2
3007 5053 2
3007 4123 2
3007 4661 2
3007 5411 2
3007 6711 2
3008 3700 2
3008 3948 2
3008 5616 2
3009 4319 2
3009 5399 2
3010 5315 2
3010 5489 2
3010 6069 2
3010 6795 2
3011 3215 2
3011 3380 2
3011 6155 2
3011 4479 2
3011 6061 2
3013 3775 2
3013 4837 2
3013 6692 2
3013 5977 2
3014 3080 2
3014 5741 2
3014 6939 2
3014 3402 2
3016 3090 2
3017 3437 2
3017 3897 2
3017 4795 2
3017 4958 2
3017 3880 2
3017 4387 2
3017 5811 2
3018 3594 2
3018 4677 2
3018 4730 2
3018 5321 2
3019 4076 2
3019 4163 2
3019 5175 2
3019 5396 2
3019 5253 2
3019 5289 2
3020 4490 2
3020 4669 2
3021 6909 2
3021 6193 2
3022 3074 2
3022 4634 2
3022 4913 2
3022 5906 2
3022 5981 2
3022 6423 2
3022 6513 2
3022 4043 2
3023 5733 2
3023 6520 2
3023 6805 2
3023 4573 2
3023 6669 2
3024 6263 2
3024 4839 2
3024 6590 2
3025 3508 2
3025 3678 2
3025 4112 2
3025 6693 2
3027 3543 2
3027 4361 2
3027 4437 2
3027 5745 2
3027 6898 2
3027 4152 2
3027 4529 2
3027 6648 2
3028 4048 2
3029 3933 2
3029 5168 2
3029 3357 2
3029 3726 2
3029 3925 2
3029 4100 2
3029 5199 2
3030 3410 2
3030 3488 2
3030 5096 2
3030 3180 2
3030 4649 2
3030 6872 2
3033 3328 2
3035 3850 2
3036 3153 2
3036 3849 2
3036 3911 2
3037 3551 2
3037 5095 2
3037 5241 2
3038 6978 2
3038 3264 2
3038 5656 2
3038 5675 2
3038 6557 2
3038 6845 2
3039 3836 2
3039 5587 2
3039 4979 2
3040 4409 2
3040 4411 2
3042 4869 2
3042 6227 2
3042 6606 2
3043 4291 2
3043 5430 2
3043 4606 2
3043 6715 2
3044 3550 2
3044 4121 2
3044 4308 2
3044 5661 2
3045 4379 2
3046 3462 2
3046 5891 2
3047 5796 2
3047 4434 2
3047 4757 2
3047 6759 2
3048 5536 2
3048 6288 2
3048 3281 2
3048 4284 2
3048 5425 2
3048 6149 2
3049 3525 2
3049 4555 2
3051 4119 2
3051 5446 2
3051 5810 2
3051 6544 2
3052 4358 2
3052 4883 2
3052 6150 2
3052 6905 2
3052 4841 2
3052 6813 2
3053 4080 2
3054 3191 2
3054 3223 2
3054 4417 2
3054 4466 2
3054 6543 2
3055 3482 2
3055 6815 2
3056 3152 2
3056 5177 2
3056 6088 2
3056 4789 2
3057 4351 2
3057 5212 2
3057 6009 2
3057 6269 2
3057 6768 2
3057 5104 2
3058 5265 2
3058 6161 2
3058 6710 2
3059 3093 2
3059 4142 2
3059 4471 2
3059 5542 2
3059 4235 2
3060 5700 2
3060 6583 2
3060 3986 2
3060 4592 2
3060 5228 2
3060 6706 2
3061 3088 2
3062 3230 2
3062 4069 2
3062 5266 2
3062 5501 2
3063 6851 2
3063 3847 2
3064 4227 2
3064 4612 2
3064 4921 2
3064 5856 2
3064 6650 2
3065 3920 2
3066 3202 2
3067 3770 2
3067 4123 2
3067 5472 2
3067 6819 2
3067 4880 2
3067 5098 2
3067 5982 2
3067 6270 2
3067 6506 2
3067 6724 2
3068 3238 2
3068 5643 2
3068 5093 2
3068 6031 2
3069 4730 2
3069 5031 2
3069 5764 2
3069 6964 2
3070 4152 2
3071 4624 2
3071 5005 2
3071 5792 2
3071 6745 2
3071 6754 2
3071 3561 2
3072 3439 2
3073 3673 2
3073 6007 2
3073 6588 2
3074 4634 2
3074 5906 2
3074 4671 2
3075 6013 2
3076 5635 2
3076 3337 2
3076 3815 2
3076 5049 2
3077 3898 2
3077 4673 2
3077 5114 2
3078 3283 2
3078 3304 2
3078 4172 2
3078 3214 2
3078 3930 2
3079 4012 2
3079 6434 2
3079 6095 2
3079 6386 2
3079 6493 2
3080 5741 2
3080 5871 2
3080 3738 2
3081 5224 2
3081 5246 2
3082 3510 2
3082 3560 2
3082 4163 2
3082 4545 2
3083 5129 2
3084 6350 2
3084 3724 2
3085 4576 2
3085 6028 2
3085 6616 2
3085 6948 2
3085 5506 2
3085 5997 2
3086 3283 2
3086 3654 2
3087 4410 2
3087 6515 2
3088 5124 2
3088 5447 2
3088 3368 2
3088 3994 2
3089 3797 2
3089 5840 2
3089 6038 2
3090 4822 2
3091 3114 2
3091 3195 2
3091 3235 2
3091 3557 2
3091 6582 2
3092 4995 2
3093 6822 2
3093 4952 2
3093 6654 2
3094 3525 2
3094 4597 2
3094 5322 2
3094 5824 2
3095 4741 2
3095 5234 2
3095 5358 2
3095 4111 2
3096 3154 2
3096 5624 2
3096 3799 2
3096 4783 2
3096 6096 2
3098 6191 2
3098 6861 2
3098 5072 2
3098 5419 2
3099 6012 2
3099 4860 2
3099 6621 2
3101 3368 2
3101 3409 2
3101 3981 2
3101 5612 2
3101 5722 2
3101 6163 2
3101 6461 2
3101 5170 2
3101 6551 2
3103 4613 2
3103 6473 2
3106 3995 2
3106 4378 2
3106 6015 2
3106 6129 2
3106 6769 2
3107 6268 2
3107 6413 2
3107 5723 2
3108 4487 2
3108 4517 2
3109 3434 2
3109 3539 2
3109 3568 2
3109 3702 2
3109 3812 2
3109 4038 2
3110 4802 2
3110 5003 2
3111 3520 2
3111 4506 2
3112 3904 2
3112 5568 2
3113 4042 2
3113 3193 2
3113 4401 2
3114 3235 2
3114 3557 2
3114 5117 2
3116 3253 2
3116 4857 2
3116 3257 2
3116 3297 2
3116 5303 2
3116 5927 2
3116 6148 2
3116 6568 2
3117 3136 2
3117 5340 2
3117 5515 2
3118 4370 2
3118 5975 2
3118 4154 2
3118 4237 2
3118 4676 2
3119 3421 2
3119 4143 2
3120 4866 2
3120 3396 2
3120 3856 2
3121 5449 2
3122 4746 2
3122 6402 2
3122 5783 2
3122 6924 2
3123 3197 2
3123 3279 2
3123 3307 2
3123 4600 2
3123 6604 2
3124 5297 2
3124 4093 2
3125 5814 2
3125 3546 2
3125 4999 2
3125 5052 2
3125 5541 2
3125 5612 2
3125 6131 2
3126 3470 2
3127 4384 2
3127 3606 2
3127 5022 2
3127 6234 2
3129 6626 2
3129 6694 2
3130 4704 2
3130 4736 2
3131 3807 2
3131 3821 2
3131 3895 2
3132 6977 2
3133 4013 2
3133 4982 2
3133 6086 2
3133 3224 2
3133 4109 2
3133 4213 2
3134 5606 2
3134 6043 2
3136 4676 2
3136 6439 2
3136 5340 2
3136 5652 2
3136 6060 2
3137 3848 2
3137 5031 2
3137 6766 2
3138 4297 2
3138 4522 2
3138 5676 2
3138 6274 2
3139 4036 2
3139 5044 2
3139 5696 2
3139 4878 2
3140 6963 2
3140 6874 2
3141 5672 2
3141 6206 2
3141 6559 2
3142 3472 2
3142 4501 2
3143 5279 2
3143 3494 2
3144 3382 2
3144 3418 2
3144 6068 2
3145 4510 2
3145 3748 2
3146 3613 2
3146 4428 2
3146 4515 2
3147 3174 2
3147 6610 2
3148 4698 2
3149 5627 2
3149 6071 2
3150 3766 2
3150 4818 2
3150 5082 2
3150 5274 2
3150 3777 2
3150 6132 2
3150 6866 2
3151 4240 2
3152 3480 2
3152 5177 2
3152 4569 2
3152 6616 2
3152 6851 2
3153 6128 2
3153 6617 2
3154 5624 2
3154 3250 2
3155 4706 2
3155 4788 2
3155 6770 2
3156 3431 2
3156 5483 2
3156 6572 2
3157 3291 2
3158 4742 2
3159 3914 2
3160 6214 2
3161 4360 2
3161 5328 2
3161 6446 2
3163 3825 2
3163 4950 2
3163 3405 2
3163 3624 2
3163 4261 2
3163 4494 2
3163 6526 2
3164 6125 2
3164 5910 2
3165 4093 2
3165 4424 2
3165 3638 2
3165 5882 2
3165 6483 2
3166 4495 2
3166 5476 2
3167 4524 2
3167 6081 2
3169 3512 2
3169 4663 2
3169 4944 2
3170 6038 2
3173 3790 2
3173 6885 2
3174 6419 2
3174 3311 2
3174 4536 2
3174 6610 2
3175 4815 2
3175 5865 2
3176 5525 2
3176 4950 2
3176 5113 2
3176 5469 2
3177 4412 2
3177 4549 2
3177 5881 2
3178 6646 2
3179 3659 2
3179 5591 2
3179 5940 2
3179 6149 2
3179 3204 2
3179 3209 2
3179 4427 2
3179 6877 2
3180 5207 2
3180 6872 2
3181 5758 2
3181 5857 2
3182 3944 2
3182 4536 2
3182 3275 2
3182 5275 2
3182 5817 2
3183 6697 2
3183 5682 2
3185 3886 2
3185 4208 2
3185 5123 2
3185 6705 2
3186 5093 2
3186 6487 2
3186 5448 2
3188 6093 2
3188 6764 2
3189 4379 2
3189 5628 2
3189 3385 2
3190 5863 2
3190 6535 2
3191 4417 2
3191 4718 2
3191 4996 2
3191 5057 2
3192 5151 2
3193 5968 2
3193 4401 2
3194 5021 2
3195 3643 2
3195 6259 2
3195 5212 2
3195 6811 2
3197 6980 2
3197 3279 2
3197 3574 2
3197 4425 2
3197 4600 2
3197 5934 2
3200 6870 2
3201 3874 2
3201 4871 2
3201 6889 2
3204 3431 2
3204 4427 2
3205 3450 2
3205 6831 2
3205 3839 2
3206 6942 2
3206 5269 2
3207 6996 2
3207 5538 2
3207 5013 2
3207 6405 2
3208 4668 2
3209 4767 2
3209 5385 2
3209 5416 2
3210 3352 2
3210 4380 2
3211 3468 2
3211 4698 2
3211 5260 2
3211 5330 2
3211 6474 2
3211 6617 2
3212 4888 2
3213 5569 2
3213 5067 2
3214 3294 2
3214 5246 2
3214 3930 2
3215 6155 2
3215 6992 2
3215 3377 2
3215 4184 2
3216 3922 2
3216 5070 2
3216 6260 2
3216 4117 2
3216 4137 2
3216 4648 2
3217 4004 2
3218 4660 2
3218 5760 2
3218 6332 2
3218 5353 2
3218 6435 2
3219 3479 2
3219 3860 2
3219 4051 2
3219 4822 2
3219 5779 2
3219 6873 2
3220 3713 2
3221 6457 2
3221 3581 2
3221 4679 2
3221 5173 2
3221 5482 2
3221 6490 2
3222 4966 2
3222 6895 2
3224 5775 2
3224 6032 2
3225 4915 2
3225 5341 2
3225 5846 2
3226 5859 2
3226 6359 2
3226 3583 2
3226 3825 2
3226 4533 2
3226 4574 2
3226 5694 2
3226 6880 2
3227 4846 2
3227 4965 2
3228 3952 2
3229 4099 2
3229 5925 2
3230 4902 2
3230 4069 2
3230 5266 2
3232 3589 2
3232 4921 2
3232 6116 2
3234 4568 2
3234 6860 2
3235 3567 2
3235 4131 2
3235 5511 2
3236 6057 2
3238 4004 2
3238 5643 2
3238 6248 2
3239 3788 2
3239 4848 2
3239 3575 2
3239 5596 2
3240 3738 2
3241 3624 2
3241 5456 2
3242 5432 2
3245 6634 2
3246 5292 2
3247 5104 2
3247 3252 2
3247 6966 2
3247 5641 2
3247 6199 2
3247 6479 2
3247 6879 2
3248 3790 2
3248 4201 2
3248 6782 2
3249 6132 2
3249 4011 2
3250 3379 2
3250 4899 2
3251 5241 2
3251 6087 2
3251 6764 2
3251 5687 2
3252 3514 2
3252 5641 2
3253 5277 2
3253 3578 2
3253 3780 2
3253 4603 2
3253 6457 2
3254 3344 2
3254 3810 2
3254 6817 2
3255 3452 2
3255 5312 2
3256 4957 2
3257 3297 2
3257 6568 2
3258 3556 2
3258 4964 2
3258 6843 2
3258 4322 2
3258 4369 2
3258 5751 2
3259 4356 2
3259 6677 2
3260 3414 2
3260 3957 2
3261 3784 2
3261 4664 2
3261 5594 2
3261 3316 2
3261 4480 2
3261 5968 2
3262 4228 2
3262 4282 2
3262 6272 2
3262 6399 2
3262 5836 2
3262 6905 2
3263 5503 2
3263 6605 2
3265 4180 2
3265 4223 2
3265 4907 2
3266 4654 2
3266 3590 2
3267 3313 2
3267 3507 2
3267 6282 2
3268 4932 2
3269 5833 2
3269 5860 2
3269 6438 2
3269 6743 2
3269 3399 2
3269 3793 2
3269 3905 2
3270 4362 2
3270 4520 2
3270 4800 2
3272 4396 2
3272 4342 2
3272 4598 2
3273 4863 2
3273 4881 2
3273 5225 2
3274 6937 2
3274 6344 2
3275 3693 2
3275 5275 2
3275 5950 2
3276 3615 2
3276 4920 2
3277 5390 2
3277 6076 2
3278 6199 2
3278 3705 2
3278 4132 2
3278 4697 2
3278 5935 2
3278 6263 2
3279 3300 2
3279 3574 2
3280 5121 2
3280 6888 2
3280 3520 2
3281 4284 2
3281 5425 2
3282 4103 2
3282 5257 2
3283 3654 2
3284 4397 2
3284 6351 2
3284 3446 2
3284 5307 2
3284 6464 2
3285 3288 2
3285 6599 2
3285 6208 2
3287 4691 2
3287 5468 2
3287 5971 2
3287 6602 2
3288 6599 2
3289 5012 2
3289 4135 2
3290 4939 2
3290 3459 2
3291 4170 2
3291 5401 2
3292 4870 2
3292 4935 2
3293 4092 2
3293 6408 2
3294 5246 2
3294 3359 2
3294 5552 2
3294 6673 2
3294 6774 2
3294 6776 2
3294 6902 2
3295 3968 2
3295 3424 2
3295 4575 2
3295 6671 2
3296 4491 2
3296 5163 2
3297 3671 2
3297 4319 2
3297 6568 2
3298 3839 2
3298 5581 2
3298 6340 2
3299 3646 2
3299 6094 2
3299 6843 2
3300 6235 2
3301 3833 2
3303 5850 2
3304 5508 2
3304 6949 2
3304 5025 2
3305 4078 2
3305 4684 2
3306 6236 2
3306 3607 2
3306 4311 2
3306 5799 2
3306 6406 2
3307 3654 2
3307 5585 2
3307 6604 2
3308 6152 2
3308 6908 2
3308 6810 2
3309 4710 2
3309 6637 2
3310 3401 2
3310 4454 2
3310 6261 2
3310 6492 2
3310 6695 2
3311 3574 2
3311 4971 2
3311 5041 2
3311 4536 2
3312 3475 2
3312 4848 2
3313 3507 2
3314 6133 2
3315 5426 2
3315 5643 2
3315 5972 2
3315 6763 2
3316 3842 2
3316 4480 2
3317 3506 2
3317 3566 2
3317 5678 2
3317 6293 2
3318 6982 2
3319 4284 2
3320 5584 2
3320 5895 2
3320 3691 2
3320 4376 2
3320 5586 2
3320 6713 2
3321 3670 2
3321 4066 2
3321 5932 2
3321 6564 2
3322 6097 2
3323 3477 2
3323 4919 2
3323 6381 2
3323 3515 2
3323 3797 2
3323 5366 2
3324 4782 2
3324 5897 2
3324 6254 2
3325 5200 2
3325 3555 2
3325 3630 2
3325 4928 2
3325 6688 2
3325 6871 2
3326 3587 2
3326 4104 2
3327 6071 2
3327 5413 2
3329 4193 2
3330 3905 2
3330 4713 2
3330 5759 2
3330 6640 2
3331 5351 2
3331 5829 2
3331 6538 2
3333 6947 2
3333 3336 2
3333 4325 2
3333 4732 2
3333 5567 2
3334 3440 2
3335 4186 2
3335 5047 2
3336 4732 2
3336 5567 2
3336 5853 2
3336 5544 2
3337 6746 2
3337 3815 2
3337 5049 2
3339 4715 2
3339 6147 2
3339 3536 2
3339 6778 2
3340 3843 2
3340 4751 2
3341 3642 2
3343 4224 2
3344 3810 2
3344 4408 2
3344 6817 2
3345 3977 2
3345 4245 2
3345 5529 2
3345 4446 2
3345 6655 2
3346 5486 2
3347 3523 2
3347 5493 2
3348 3375 2
3348 3591 2
3348 3965 2
3348 6498 2
3349 3625 2
3349 3709 2
3349 4020 2
3349 6892 2
3350 6238 2
3350 6633 2
3351 3830 2
3352 4161 2
3352 4380 2
3354 4419 2
3354 3582 2
3354 4256 2
3355 4081 2
3355 4975 2
3356 3937 2
3358 4137 2
3358 3502 2
3359 3745 2
3359 6673 2
3359 6774 2
3360 3569 2
3360 4370 2
3360 4747 2
3362 5898 2
3363 5777 2
3363 5954 2
3363 3824 2
3363 6161 2
3365 4337 2
3365 5287 2
3366 3647 2
3366 6131 2
3366 4664 2
3367 4546 2
3367 4597 2
3367 4841 2
3367 4205 2
3368 5612 2
3368 6163 2
3368 3994 2
3370 4621 2
3370 5822 2
3370 4003 2
3370 4045 2
3370 4172 2
3370 5514 2
3372 4605 2
3372 5693 2
3373 5866 2
3374 3467 2
3374 6286 2
3375 5775 2
3375 5964 2
3376 3664 2
3378 5996 2
3379 6104 2
3381 4294 2
3381 4558 2
3382 6789 2
3382 3418 2
3382 6068 2
3383 4253 2
3383 5637 2
3383 6331 2
3383 6394 2
3383 4754 2
3383 6798 2
3384 3424 2
3384 5654 2
3386 5917 2
3386 6380 2
3386 6756 2
3387 5498 2
3388 4285 2
3388 5768 2
3389 5469 2
3389 6167 2
3389 4633 2
3390 5195 2
3390 6666 2
3391 5707 2
3391 3999 2
3391 4009 2
3391 4017 2
3391 6119 2
3391 6755 2
3392 6837 2
3393 4191 2
3393 6502 2
3394 3689 2
3394 4465 2
3394 4702 2
3394 6760 2
3394 6829 2
3395 3927 2
3395 6146 2
3395 6627 2
3396 4112 2
3396 3856 2
3396 4901 2
3397 6817 2
3398 5382 2
3398 5885 2
3398 6674 2
3399 3793 2
3400 4893 2
3400 6852 2
3400 5370 2
3400 5479 2
3401 3425 2
3401 4230 2
3402 4475 2
3402 6939 2
3403 4306 2
3403 4427 2
3403 5111 2
3403 6127 2
3403 4190 2
3404 4276 2
3404 4941 2
3404 5403 2
3404 6251 2
3405 6140 2
3405 3624 2
3405 4447 2
3406 6657 2
3406 4188 2
3408 5486 2
3409 5722 2
3409 6461 2
3409 5820 2
3410 3488 2
3410 4288 2
3410 4391 2
3410 5582 2
3411 6308 2
3411 6498 2
3412 5133 2
3412 6534 2
3413 6676 2
3415 4572 2
3415 4670 2
3415 4931 2
3415 4492 2
3416 3537 2
3416 3984 2
3418 6500 2
3419 6060 2
3419 4160 2
3419 4231 2
3419 4834 2
3420 4206 2
3421 4143 2
3421 4993 2
3422 6441 2
3422 4862 2
3422 5700 2
3422 6224 2
3422 6573 2
3422 6801 2
3423 6494 2
3423 6300 2
3424 4575 2
3425 4230 2
3426 4482 2
3426 6482 2
3427 4063 2
3427 4809 2
3427 5152 2
3427 5226 2
3427 6826 2
3428 3430 2
3428 5680 2
3429 3785 2
3429 3948 2
3429 3709 2
3429 3874 2
3430 5680 2
3430 6687 2
3431 4938 2
3433 4422 2
3433 4802 2
3433 4880 2
3433 5797 2
3433 6816 2
3434 3539 2
3434 4897 2
3434 4381 2
3434 5504 2
3434 5513 2
3435 4556 2
3435 5073 2
3436 4328 2
3436 4930 2
3436 5259 2
3437 3822 2
3437 3897 2
3438 5899 2
3439 6965 2
3439 4545 2
3439 3938 2
3439 4336 2
3439 5909 2
3441 5441 2
3441 6246 2
3441 6398 2
3441 5734 2
3442 6203 2
3442 6569 2
3444 5818 2
3444 3509 2
3445 4936 2
3445 6581 2
3445 4417 2
3445 4799 2
3446 4954 2
3446 5307 2
3447 6951 2
3447 6292 2
3447 5557 2
3447 5765 2
3447 6439 2
3448 4622 2
3448 5130 2
3448 6198 2
3449 6226 2
3449 3661 2
3452 5866 2
3453 3731 2
3454 4696 2
3454 4164 2
3455 5544 2
3455 3481 2
3456 6646 2
3456 6900 2
3456 5297 2
3458 3572 2
3458 3796 2
3458 4462 2
3458 4643 2
3458 6173 2
3458 6630 2
3460 3989 2
3460 4023 2
3460 5451 2
3460 4225 2
3461 5772 2
3462 3798 2
3462 4177 2
3462 4304 2
3462 4583 2
3462 6135 2
3462 5891 2
3463 5099 2
3463 5115 2
3463 6759 2
3464 5834 2
3465 3515 2
3465 3992 2
3465 3587 2
3465 4895 2
3465 4933 2
3465 5545 2
3466 6463 2
3466 3862 2
3466 4640 2
3466 4792 2
3466 6578 2
3466 6734 2
3467 4957 2
3467 5862 2
3467 6286 2
3468 6330 2
3469 3992 2
3469 6619 2
3470 4513 2
3471 4666 2
3472 4501 2
3473 5699 2
3473 6930 2
3473 4083 2
3473 4491 2
3473 6125 2
3474 3878 2
3474 4181 2
3474 4347 2
3474 4821 2
3475 3490 2
3475 4395 2
3475 6820 2
3476 3750 2
3476 4338 2
3477 4919 2
3477 6381 2
3478 3551 2
3478 4285 2
3478 4324 2
3479 5421 2
3479 3860 2
3480 6972 2
3482 5045 2
3482 5491 2
3482 6815 2
3483 4497 2
3483 4846 2
3483 4898 2
3484 5414 2
3485 4440 2
3485 4653 2
3485 6122 2
3486 6047 2
3487 3571 2
3487 4114 2
3487 4538 2
3488 4288 2
3489 5437 2
3489 5575 2
3489 3916 2
3490 4395 2
3490 6820 2
3492 5081 2
3493 3988 2
3493 4058 2
3493 5598 2
3494 3637 2
3495 3600 2
3495 5980 2
3495 4222 2
3495 4251 2
3495 4981 2
3496 5296 2
3496 6804 2
3498 6919 2
3499 3827 2
3499 3985 2
3499 4669 2
3499 6726 2
3499 5695 2
3500 5480 2
3501 5454 2
3501 5551 2
3502 4120 2
3503 4638 2
3504 6286 2
3505 4064 2
3505 4268 2
3505 4456 2
3505 6080 2
3505 6957 2
3505 5195 2
3505 5701 2
3505 6716 2
3505 6900 2
3506 5678 2
3507 5179 2
3507 6282 2
3508 6310 2
3510 5942 2
3510 3560 2
3510 4163 2
3510 4545 2
3510 5648 2
3511 4179 2
3511 6461 2
3512 4944 2
3512 6298 2
3513 4250 2
3513 4400 2
3513 4655 2
3513 5192 2
3513 5465 2
3513 5663 2
3514 4414 2
3514 6926 2
3514 3877 2
3515 4245 2
3516 5360 2
3516 5527 2
3516 6067 2
3517 3549 2
3517 4224 2
3517 4737 2
3517 5849 2
3517 6572 2
3518 3688 2
3519 3685 2
3519 5182 2
3521 3676 2
3522 5781 2
3524 4763 2
3524 6339 2
3524 4110 2
3525 6935 2
3525 3829 2
3525 4092 2
3525 4331 2
3525 4597 2
3526 4321 2
3526 4147 2
3526 4502 2
3526 5725 2
3527 4599 2
3527 4812 2
3527 5624 2
3527 6916 2
3530 4579 2
3530 4789 2
3530 3633 2
3531 4916 2
3531 6837 2
3531 6994 2
3531 4246 2
3531 4281 2
3531 5678 2
3532 4708 2
3534 5679 2
3535 3753 2
3535 5144 2
3535 4292 2
3535 5573 2
3535 5774 2
3536 6778 2
3537 3984 2
3537 4989 2
3537 5609 2
3537 6157 2
3537 4890 2
3538 5377 2
3538 5564 2
3538 6160 2
3540 4815 2
3540 5006 2
3540 5966 2
3540 5939 2
3540 6846 2
3541 6710 2
3542 5352 2
3543 4437 2
3543 3967 2
3544 3858 2
3544 6163 2
3544 6475 2
3546 4999 2
3546 5612 2
3548 3599 2
3548 4504 2
3549 5849 2
3549 4282 2
3550 3724 2
3550 4308 2
3551 3593 2
3551 6250 2
3552 4234 2
3552 4318 2
3552 5615 2
3553 4972 2
3553 6712 2
3554 4652 2
3554 5770 2
3555 4639 2
3555 4928 2
3555 6688 2
3555 6871 2
3556 6843 2
3556 3698 2
3556 5300 2
3557 3677 2
3557 6543 2
3557 6582 2
3558 3769 2
3558 4094 2
3558 5014 2
3558 5285 2
3558 5377 2
3559 4033 2
3559 3601 2
3560 6838 2
3560 4163 2
3561 5398 2
3561 5496 2
3563 4301 2
3563 5943 2
3564 3786 2
3564 4782 2
3564 5790 2
3564 6152 2
3565 5306 2
3565 5758 2
3565 6304 2
3566 4794 2
3566 4288 2
3566 4735 2
3566 4772 2
3566 5007 2
3567 3942 2
3567 4131 2
3568 4682 2
3568 3702 2
3568 4038 2
3569 4974 2
3569 4747 2
3570 6901 2
3570 4535 2
3572 6630 2
3573 5521 2
3574 4971 2
3574 5041 2
3574 6470 2
3574 4425 2
3575 5607 2
3575 5596 2
3576 3692 2
3576 4084 2
3576 4286 2
3576 4691 2
3576 5579 2
3576 5724 2
3577 5173 2
3577 5412 2
3578 4279 2
3578 4603 2
3578 4915 2
3579 6054 2
3580 6999 2
3580 5980 2
3581 4646 2
3581 4001 2
3581 6490 2
3581 6818 2
3582 4256 2
3583 6430 2
3583 5694 2
3585 5610 2
3585 5763 2
3585 6542 2
3586 4366 2
3586 4406 2
3586 6335 2
3587 4104 2
3587 4591 2
3587 6322 2
3587 3647 2
3587 4933 2
3588 6080 2
3588 6468 2
3589 3811 2
3589 6116 2
3590 3911 2
3590 5223 2
3591 4025 2
3591 4091 2
3591 5157 2
3591 6053 2
3591 3965 2
3591 4701 2
3593 6201 2
3594 5269 2
3594 4677 2
3594 5321 2
3595 4262 2
3595 5683 2
3596 4582 2
3596 5759 2
3596 6415 2
3596 3750 2
3596 4998 2
3597 3809 2
3598 3800 2
3600 5004 2
3600 4625 2
3600 4711 2
3600 4753 2
3600 6363 2
3601 5872 2
3602 5583 2
3603 4790 2
3603 6195 2
3605 3959 2
3605 4055 2
3605 4335 2
3605 5295 2
3605 6210 2
3605 4516 2
3605 4548 2
3605 5916 2
3606 5022 2
3606 6234 2
3607 3718 2
3607 4027 2
3607 4040 2
3607 4327 2
3607 4825 2
3607 4887 2
3607 5342 2
3607 5631 2
3607 5799 2
3607 6406 2
3608 5159 2
3609 4986 2
3609 6035 2
3609 5983 2
3610 4483 2
3610 4777 2
3610 4882 2
3611 5578 2
3611 6222 2
3611 6722 2
3612 5683 2
3613 4428 2
3613 4515 2
3613 5083 2
3617 3869 2
3617 3924 2
3618 6185 2
3618 6362 2
3618 6608 2
3618 6508 2
3619 4096 2
3619 6444 2
3620 3846 2
3620 5368 2
3620 3912 2
3620 5084 2
3621 6387 2
3623 4394 2
3623 6453 2
3624 4261 2
3624 5946 2
3626 3859 2
3626 6053 2
3628 3840 2
3628 6538 2
3630 6374 2
3631 4784 2
3631 6372 2
3631 6834 2
3631 6855 2
3632 6545 2
3633 6955 2
3633 5838 2
3634 5353 2
3636 5376 2
3637 4148 2
3637 5219 2
3637 5883 2
3638 5882 2
3639 5176 2
3640 4246 2
3640 6381 2
3643 5178 2
3644 4219 2
3644 5529 2
3644 6110 2
3646 6094 2
3647 6131 2
3648 5871 2
3649 4038 2
3649 6748 2
3650 4045 2
3650 4752 2
3650 6681 2
3650 4316 2
3650 4936 2
3650 6499 2
3651 5235 2
3652 5475 2
3653 5063 2
3654 5585 2
3655 4705 2
3655 6731 2
3656 5019 2
3656 3942 2
3657 5967 2
3657 3982 2
3657 5008 2
3657 5659 2
3658 5357 2
3658 6804 2
3659 3771 2
3659 3910 2
3659 4084 2
3659 4734 2
3659 5591 2
3659 5826 2
3659 6149 2
3659 5710 2
3660 4299 2
3662 5561 2
3662 4191 2
3662 6362 2
3665 5307 2
3665 3714 2
3665 4085 2
3665 4940 2
3666 4037 2
3666 4101 2
3666 4269 2
3667 5116 2
3668 4559 2
3668 4250 2
3668 4295 2
3669 6569 2
3669 6892 2
3669 3701 2
3669 6099 2
3670 6967 2
3670 3764 2
3671 5998 2
3672 3941 2
3672 5383 2
3672 5533 2
3672 5986 2
3673 5092 2
3673 6325 2
3674 4731 2
3674 4762 2
3674 4886 2
3675 6531 2
3675 3975 2
3675 5971 2
3676 4662 2
3678 4423 2
3678 6693 2
3679 3828 2
3679 6136 2
3680 6328 2
3680 5101 2
3680 5742 2
3682 5743 2
3684 4831 2
3684 5245 2
3684 3744 2
3684 4461 2
3684 5658 2
3686 4687 2
3688 5150 2
3688 6176 2
3688 6383 2
3688 3754 2
3689 4465 2
3689 4702 2
3689 6829 2
3690 4805 2
3690 6521 2
3690 3725 2
3691 3708 2
3691 6864 2
3691 4376 2
3692 4492 2
3692 4286 2
3692 4694 2
3692 6385 2
3693 5746 2
3693 6278 2
3694 5311 2
3696 6856 2
3696 4925 2
3696 5841 2
3697 4761 2
3697 4122 2
3697 4616 2
3698 5300 2
3699 4094 2
3699 5369 2
3699 6218 2
3699 4485 2
3699 5814 2
3702 4038 2
3703 4531 2
3703 6577 2
3704 4196 2
3704 4242 2
3704 4430 2
3704 6102 2
3704 6845 2
3705 5935 2
3706 4105 2
3706 4326 2
3706 4345 2
3707 6182 2
3707 6265 2
3708 3884 2
3708 5048 2
3709 4020 2
3709 5820 2
3710 4277 2
3710 4064 2
3711 5903 2
3711 4591 2
3711 5201 2
3712 4845 2
3712 6611 2
3713 4500 2
3714 4466 2
3714 4940 2
3714 5670 2
3715 4374 2
3715 5332 2
3716 4044 2
3716 5227 2
3716 6331 2
3718 4040 2
3718 5631 2
3718 4221 2
3718 5994 2
3718 6281 2
3718 6772 2
3720 5033 2
3720 5362 2
3720 6413 2
3721 4991 2
3722 4098 2
3723 5042 2
3723 4678 2
3725 4310 2
3726 4100 2
3726 4764 2
3726 4801 2
3726 5351 2
3727 4534 2
3727 6172 2
3727 6287 2
3728 4357 2
3728 5282 2
3728 5935 2
3729 4166 2
3729 5804 2
3730 6897 2
3730 4601 2
3730 5617 2
3730 6591 2
3730 6608 2
3730 6823 2
3731 4199 2
3731 5301 2
3732 3767 2
3732 4760 2
3735 3814 2
3735 5103 2
3735 4551 2
3735 6696 2
3736 4507 2
3736 4648 2
3737 5956 2
3739 4062 2
3741 5828 2
3742 6435 2
3742 4576 2
3743 5319 2
3743 3991 2
3743 4528 2
3743 5744 2
3744 6990 2
3744 4678 2
3744 4461 2
3745 4101 2
3746 4720 2
3746 6337 2
3747 4630 2
3747 4736 2
3747 4578 2
3748 3928 2
3748 5879 2
3748 6974 2
3749 5693 2
3749 6669 2
3749 6989 2
3750 4988 2
3750 5461 2
3751 5852 2
3751 4796 2
3752 6365 2
3752 6391 2
3752 6653 2
3752 4042 2
3752 4995 2
3752 5039 2
3753 5153 2
3755 3954 2
3755 4219 2
3755 3906 2
3755 6280 2
3756 5889 2
3756 6938 2
3756 6904 2
3756 4232 2
3756 5481 2
3756 6252 2
3757 6567 2
3758 4689 2
3759 4527 2
3760 6957 2
3760 3824 2
3760 3860 2
3760 5534 2
3760 5367 2
3762 4034 2
3762 4441 2
3762 5864 2
3762 5993 2
3762 6164 2
3763 6512 2
3763 5795 2
3764 5846 2
3764 6967 2
3765 4645 2
3765 4242 2
3766 3802 2
3766 4818 2
3766 5419 2
3766 6673 2
3766 4029 2
3766 5460 2
3767 3968 2
3768 3847 2
3768 6397 2
3768 4481 2
3769 4014 2
3769 4204 2
3770 4123 2
3770 5472 2
3771 3910 2
3771 4734 2
3771 4751 2
3771 6751 2
3773 6427 2
3774 5664 2
3774 6040 2
3774 6586 2
3774 6951 2
3774 3806 2
3774 5488 2
3774 6613 2
3775 6692 2
3775 5477 2
3777 5242 2
3777 6144 2
3777 6132 2
3778 6952 2
3778 4125 2
3778 5091 2
3778 5231 2
3779 5919 2
3779 6000 2
3779 4374 2
3781 3851 2
3781 3893 2
3781 3918 2
3781 5891 2
3781 6675 2
3781 6800 2
3781 6357 2
3782 6488 2
3782 4945 2
3783 5302 2
3784 5594 2
3785 3906 2
3785 3948 2
3785 6530 2
3786 6251 2
3786 4782 2
3786 5790 2
3788 4848 2
3788 4918 2
3789 4006 2
3789 4459 2
3789 4853 2
3789 5138 2
3789 5541 2
3789 4159 2
3789 4283 2
3789 4507 2
3790 6782 2
3792 5845 2
3792 6592 2
3794 6520 2
3795 5783 2
3796 4153 2
3796 6187 2
3796 4412 2
3796 4462 2
3796 4643 2
3796 6173 2
3796 6587 2
3797 5366 2
3797 6883 2
3798 4177 2
3798 4583 2
3798 5165 2
3798 6135 2
3798 6194 2
3798 5603 2
3799 4010 2
3799 4252 2
3799 4573 2
3799 6784 2
3799 3846 2
3799 6096 2
3799 6230 2
3802 5419 2
3802 6673 2
3804 5342 2
3804 5901 2
3805 3815 2
3806 6613 2
3807 6580 2
3808 5416 2
3808 6171 2
3809 4264 2
3809 6064 2
3809 6667 2
3809 4353 2
3810 6205 2
3811 6092 2
3811 6451 2
3813 3903 2
3813 4478 2
3813 6017 2
3814 5103 2
3816 4840 2
3816 6537 2
3816 5019 2
3817 5909 2
3817 4151 2
3818 6135 2
3819 4854 2
3819 5228 2
3819 5886 2
3820 5739 2
3821 4813 2
3821 5902 2
3821 3895 2
3821 5738 2
3823 5951 2
3824 6957 2
3825 4950 2
3826 3879 2
3826 4609 2
3826 6664 2
3827 6855 2
3827 6629 2
3827 6884 2
3828 6563 2
3829 4092 2
3829 4331 2
3829 6935 2
3830 4299 2
3830 5079 2
3831 4432 2
3831 3907 2
3831 5987 2
3832 4124 2
3834 4074 2
3834 4346 2
3834 4665 2
3834 6454 2
3835 4418 2
3835 5389 2
3835 5590 2
3836 3962 2
3836 5519 2
3836 6487 2
3836 6714 2
3837 4126 2
3837 6253 2
3837 6382 2
3838 4961 2
3840 6538 2
3840 5148 2
3841 4892 2
3841 5526 2
3841 5650 2
3841 6027 2
3841 6929 2
3841 5061 2
3841 5081 2
3841 5930 2
3842 6828 2
3844 5847 2
3844 6921 2
3844 5527 2
3844 6269 2
3844 6929 2
3845 5075 2
3845 4749 2
3846 6091 2
3847 4184 2
3847 6397 2
3848 5304 2
3848 6766 2
3849 4983 2
3849 5969 2
3849 3911 2
3851 3893 2
3851 3918 2
3851 4237 2
3851 6675 2
3851 6800 2
3853 6276 2
3853 4776 2
3853 4870 2
3854 6810 2
3855 4990 2
3857 4073 2
3858 5000 2
3859 6053 2
3861 4072 2
3862 3898 2
3862 4792 2
3863 5554 2
3863 4589 2
3864 5614 2
3865 4828 2
3866 4144 2
3866 5730 2
3866 5959 2
3866 6089 2
3866 4325 2
3867 5149 2
3867 6083 2
3868 4509 2
3868 5131 2
3868 6005 2
3868 6544 2
3868 4467 2
3868 5704 2
3869 5397 2
3871 4620 2
3871 5128 2
3871 6633 2
3872 4969 2
3873 4550 2
3874 5417 2
3875 6347 2
3875 6459 2
3875 6609 2
3875 6623 2
3875 5999 2
3875 6838 2
3876 5701 2
3876 5882 2
3876 6984 2
3877 6961 2
3877 5836 2
3878 4181 2
3878 4200 2
3878 4347 2
3878 4821 2
3878 6820 2
3878 6383 2
3880 5237 2
3881 3949 2
3881 4293 2
3882 4174 2
3882 6848 2
3883 4150 2
3883 6416 2
3884 4739 2
3884 4795 2
3885 4146 2
3885 4369 2
3886 5906 2
3887 4353 2
3887 5105 2
3889 6225 2
3891 5143 2
3892 4539 2
3892 6701 2
3893 4237 2
3893 6675 2
3893 4731 2
3893 5373 2
3894 5962 2
3894 6979 2
3894 5802 2
3895 5738 2
3896 6111 2
3897 4215 2
3897 4291 2
3900 4095 2
3901 4740 2
3901 5543 2
3901 6763 2
3901 6048 2
3901 6449 2
3902 6835 2
3902 3964 2
3902 4130 2
3903 4478 2
3903 4169 2
3904 3937 2
3904 4225 2
3904 5247 2
3905 4182 2
3905 4656 2
3905 4897 2
3907 4980 2
3907 5987 2
3907 6465 2
3908 4157 2
3908 4298 2
3908 4602 2
3908 5141 2
3908 6034 2
3910 4084 2
3912 3962 2
3912 4056 2
3912 5084 2
3913 5832 2
3914 4620 2
3915 4067 2
3915 5485 2
3915 6635 2
3916 5522 2
3917 6467 2
3917 5462 2
3918 4544 2
3919 4952 2
3919 5646 2
3920 5097 2
3921 5314 2
3921 4451 2
3921 5979 2
3922 6260 2
3922 4378 2
3923 4614 2
3925 5199 2
3926 3935 2
3926 4035 2
3926 4580 2
3929 4041 2
3930 4209 2
3930 6211 2
3931 5239 2
3932 5474 2
3933 4079 2
3933 5168 2
3934 4799 2
3935 4035 2
3935 5455 2
3936 4398 2
3936 4737 2
3937 4225 2
3937 5221 2
3937 5247 2
3938 4059 2
3938 5133 2
3938 5443 2
3938 6516 2
3938 3961 2
3938 5436 2
3939 5921 2
3939 6158 2
3940 5963 2
3940 4027 2
3941 5383 2
3941 5533 2
3941 5986 2
3942 6967 2
3943 4244 2
3943 6595 2
3944 6511 2
3945 4141 2
3945 6054 2
3947 6137 2
3948 6530 2
3948 4203 2
3948 5616 2
3949 6214 2
3949 5115 2
3950 4061 2
3950 4894 2
3951 6702 2
3953 4383 2
3953 4593 2
3953 5999 2
3954 6688 2
3955 5955 2
3956 4059 2
3957 4280 2
3957 5515 2
3957 6915 2
3958 6096 2
3959 4055 2
3959 5151 2
3960 6505 2
3961 3963 2
3961 5436 2
3962 4056 2
3962 5465 2
3962 6638 2
3964 4130 2
3965 5028 2
3965 5423 2
3965 5854 2
3965 4701 2
3965 5601 2
3966 4251 2
3966 4523 2
3966 4978 2
3969 4753 2
3969 6301 2
3970 4376 2
3970 5087 2
3971 4116 2
3972 5662 2
3972 5961 2
3972 5441 2
3973 5538 2
3973 5748 2
3974 6937 2
3974 5603 2
3975 6932 2
3975 5121 2
3978 4816 2
3978 5611 2
3979 6145 2
3979 6881 2
3980 5130 2
3981 4570 2
3982 4901 2
3982 6970 2
3982 5835 2
3982 5659 2
3983 4774 2
3984 4989 2
3984 6157 2
3985 4669 2
3985 5036 2
3985 5548 2
3985 5352 2
3986 5228 2
3987 6352 2
3988 6930 2
3988 4058 2
3988 6073 2
3988 6147 2
3989 6540 2
3992 5709 2
3993 5953 2
3995 4378 2
3995 6015 2
3996 5726 2
3997 4102 2
3997 5073 2
3997 6556 2
3998 5484 2
3998 5702 2
3998 6831 2
3999 5558 2
3999 5843 2
3999 6107 2
3999 4009 2
3999 6119 2
4001 5659 2
4001 4996 2
4001 5135 2
4001 5145 2
4001 6431 2
4001 6818 2
4002 6429 2
4002 6790 2
4003 6959 2
4003 5514 2
4005 4243 2
4005 6452 2
4005 4230 2
4005 5984 2
4006 4459 2
4006 4853 2
4006 5541 2
4007 4665 2
4007 4786 2
4007 5043 2
4007 5363 2
4007 5375 2
4007 6605 2
4008 5720 2
4009 4947 2
4009 4017 2
4010 4171 2
4011 6316 2
4012 4195 2
4012 6417 2
4012 4831 2
4013 4982 2
4013 6086 2
4013 6736 2
4014 5178 2
4016 4551 2
4016 5611 2
4016 6079 2
4018 4294 2
4018 4872 2
4018 5325 2
4018 6231 2
4018 6288 2
4018 6581 2
4019 6753 2
4019 4238 2
4020 5820 2
4020 6858 2
4020 6618 2
4022 6978 2
4022 6179 2
4023 5451 2
4023 5651 2
4023 5742 2
4023 5892 2
4023 4867 2
4023 5554 2
4023 6631 2
4024 4540 2
4025 4205 2
4025 5157 2
4025 6053 2
4025 4366 2
4025 4812 2
4026 5858 2
4026 6359 2
4027 4327 2
4027 4887 2
4028 4426 2
4031 4560 2
4031 6032 2
4032 5995 2
4032 6355 2
4034 4441 2
4034 4743 2
4034 5993 2
4034 6164 2
4034 6698 2
4036 5303 2
4037 4101 2
4039 5176 2
4039 6432 2
4039 4911 2
4039 5625 2
4041 5767 2
4043 5124 2
4044 4075 2
4044 5227 2
4044 6064 2
4045 4172 2
4047 5102 2
4047 4790 2
4048 5436 2
4048 6200 2
4048 6411 2
4048 6477 2
4048 6668 2
4049 6424 2
4050 5175 2
4051 4835 2
4051 4546 2
4051 4822 2
4051 5779 2
4054 4828 2
4055 5295 2
4055 6210 2
4055 6345 2
4056 6638 2
4056 6369 2
4057 6516 2
4057 6603 2
4059 4415 2
4059 5133 2
4060 5021 2
4060 5795 2
4060 4115 2
4061 4894 2
4061 5711 2
4062 4542 2
4062 5094 2
4063 4809 2
4063 4951 2
4063 5152 2
4063 6642 2
4063 4460 2
4063 6745 2
4066 6564 2
4067 5485 2
4068 6558 2
4068 4263 2
4070 5048 2
4072 6385 2
4073 5040 2
4073 5324 2
4073 5553 2
4073 6070 2
4073 6101 2
4073 5089 2
4073 5965 2
4074 4599 2
4074 5079 2
4074 5825 2
4075 5756 2
4075 6973 2
4076 5396 2
4076 6507 2
4077 4772 2
4077 4992 2
4079 6246 2
4080 4925 2
4080 5609 2
4080 6401 2
4081 5161 2
4082 6783 2
4083 5210 2
4083 6220 2
4083 4491 2
4084 5826 2
4084 4694 2
4084 5579 2
4085 5039 2
4085 5374 2
4085 5977 2
4085 6615 2
4085 6703 2
4086 6659 2
4087 4522 2
4088 4300 2
4088 4334 2
4088 6472 2
4088 6502 2
4088 6853 2
4090 5164 2
4092 4331 2
4093 4424 2
4094 6218 2
4094 5452 2
4095 4355 2
4095 6232 2
4096 5397 2
4096 4695 2
4096 5989 2
4096 6444 2
4097 5865 2
4097 5236 2
4097 6412 2
4098 6888 2
4099 5925 2
4099 6005 2
4100 4455 2
4100 4764 2
4102 5856 2
4102 6556 2
4103 5257 2
4103 5801 2
4104 4591 2
4104 4392 2
4106 5206 2
4107 4439 2
4107 5826 2
4108 4356 2
4108 5322 2
4108 5824 2
4108 5991 2
4109 6618 2
4109 4213 2
4109 4526 2
4110 5065 2
4112 4517 2
4113 4133 2
4113 6926 2
4114 5127 2
4115 4634 2
4117 4137 2
4118 6792 2
4119 5446 2
4119 4562 2
4119 4913 2
4119 5960 2
4119 6427 2
4121 5661 2
4122 4283 2
4122 4616 2
4123 5411 2
4125 5091 2
4125 5413 2
4125 5470 2
4125 5237 2
4125 6515 2
4126 5402 2
4126 5716 2
4130 5809 2
4131 6048 2
4131 5511 2
4132 4852 2
4132 6741 2
4132 4697 2
4133 4335 2
4134 6025 2
4134 4750 2
4134 4868 2
4134 5456 2
4134 5534 2
4135 5626 2
4135 6378 2
4135 4855 2
4136 5744 2
4138 4436 2
4140 5438 2
4142 4471 2
4142 6903 2
4144 5730 2
4146 4369 2
4147 4502 2
4147 5725 2
4149 5074 2
4149 6691 2
4149 4793 2
4149 5499 2
4149 6002 2
4152 6648 2
4153 4530 2
4154 4237 2
4155 4401 2
4155 5690 2
4156 5182 2
4156 5395 2
4157 4295 2
4157 4298 2
4157 4602 2
4158 5051 2
4158 6786 2
4158 4960 2
4159 4976 2
4159 4507 2
4160 5134 2
4160 4231 2
4160 4834 2
4162 4661 2
4162 5653 2
4162 5677 2
4162 6638 2
4163 6528 2
4163 6626 2
4163 6720 2
4163 4545 2
4163 5648 2
4165 6489 2
4165 4514 2
4165 6548 2
4166 5215 2
4166 4785 2
4166 6025 2
4167 5492 2
4167 6403 2
4167 5430 2
4170 5945 2
4170 5401 2
4171 4496 2
4171 5776 2
4173 4399 2
4173 5407 2
4174 5162 2
4174 6848 2
4175 4644 2
4175 4720 2
4176 6279 2
4177 4304 2
4177 6194 2
4177 6811 2
4178 4773 2
4179 5475 2
4180 4223 2
4180 4340 2
4180 4227 2
4180 4445 2
4180 5050 2
4180 5672 2
4181 4200 2
4181 4821 2
4181 6820 2
4181 4309 2
4181 5463 2
4185 4311 2
4186 5735 2
4186 4444 2
4187 4686 2
4187 4945 2
4187 6106 2
4187 6300 2
4187 4779 2
4188 5550 2
4188 6670 2
4189 4232 2
4189 4351 2
4190 5625 2
4190 6239 2
4192 4811 2
4192 6717 2
4192 6787 2
4195 6417 2
4195 4550 2
4195 5240 2
4196 4242 2
4196 6102 2
4196 4297 2
4197 4395 2
4197 4935 2
4197 6390 2
4197 6466 2
4198 6830 2
4199 5301 2
4200 6820 2
4200 5424 2
4201 5129 2
4201 5338 2
4201 5514 2
4201 6202 2
4201 6342 2
4201 5226 2
4201 6306 2
4202 5094 2
4202 6090 2
4202 4978 2
4202 5653 2
4203 6022 2
4204 5577 2
4206 4274 2
4206 4721 2
4206 4994 2
4206 5944 2
4206 6197 2
4208 5061 2
4208 6705 2
4209 6211 2
4210 4951 2
4211 4948 2
4211 6393 2
4212 5668 2
4212 6037 2
4213 5085 2
4213 5418 2
4213 5467 2
4213 5877 2
4213 4265 2
4214 6298 2
4214 6554 2
4215 4291 2
4216 4643 2
4216 5812 2
4216 4775 2
4216 5502 2
4216 6927 2
4217 4465 2
4217 5294 2
4217 6465 2
4217 6974 2
4217 5903 2
4218 6279 2
4218 4390 2
4218 4508 2
4218 6458 2
4219 4474 2
4219 5529 2
4221 5994 2
4223 4340 2
4223 5817 2
4223 6123 2
4225 5221 2
4225 5247 2
4225 5855 2
4226 4724 2
4226 5861 2
4227 4612 2
4227 4681 2
4227 4445 2
4227 4916 2
4227 6192 2
4228 6272 2
4228 5563 2
4228 6667 2
4233 6603 2
4233 5372 2
4233 6090 2
4233 6195 2
4234 6059 2
4236 5371 2
4236 6706 2
4236 6204 2
4236 6750 2
4237 4676 2
4239 4367 2
4239 5054 2
4239 5065 2
4239 5815 2
4239 5848 2
4239 6349 2
4241 4779 2
4241 5092 2
4241 5778 2
4241 5797 2
4242 4430 2
4243 4372 2
4244 5454 2
4245 5529 2
4246 4281 2
4246 5769 2
4247 5740 2
4247 5752 2
4247 6433 2
4247 6607 2
4249 6337 2
4250 4400 2
4250 4655 2
4250 6585 2
4251 5002 2
4251 6802 2
4252 4573 2
4252 6784 2
4253 5348 2
4253 5622 2
4253 5637 2
4253 4810 2
4254 6203 2
4255 6780 2
4256 4390 2
4256 6827 2
4257 5060 2
4257 4964 2
4258 4436 2
4258 5487 2
4258 5681 2
4258 5922 2
4260 6207 2
4260 4858 2
4261 5946 2
4262 5683 2
4264 4371 2
4264 6064 2
4264 6667 2
4264 5574 2
4266 4792 2
4266 4985 2
4266 5407 2
4268 4456 2
4268 4640 2
4268 5373 2
4269 6833 2
4270 6765 2
4271 4733 2
4271 5599 2
4272 6639 2
4272 4337 2
4272 5132 2
4272 6775 2
4273 6221 2
4274 4721 2
4274 4844 2
4274 4994 2
4274 5944 2
4274 6923 2
4275 5806 2
4275 6006 2
4275 6738 2
4277 4739 2
4278 5106 2
4278 5749 2
4278 6658 2
4279 4588 2
4279 4681 2
4280 6915 2
4280 4976 2
4281 5678 2
4281 5769 2
4282 4912 2
4282 4563 2
4284 5425 2
4285 4324 2
4286 4518 2
4286 4861 2
4286 4868 2
4286 4904 2
4288 4735 2
4288 4772 2
4290 6782 2
4290 4414 2
4290 5741 2
4292 5222 2
4293 6176 2
4293 6213 2
4294 4872 2
4296 6953 2
4297 5785 2
4298 4602 2
4298 5141 2
4298 6034 2
4298 6988 2
4299 6432 2
4300 4334 2
4300 4912 2
4301 5943 2
4302 4855 2
4302 5156 2
4302 5218 2
4302 6069 2
4302 6790 2
4303 4709 2
4303 5851 2
4304 6811 2
4304 6392 2
4307 5706 2
4308 4954 2
4308 6415 2
4309 5463 2
4311 6469 2
4311 4675 2
4311 6009 2
4312 5559 2
4312 6980 2
4312 6713 2
4313 4714 2
4313 4314 2
4315 4946 2
4316 6348 2
4318 6216 2
4318 4441 2
4319 6912 2
4320 5435 2
4320 5689 2
4320 6807 2
4322 5751 2
4323 6778 2
4323 4883 2
4325 6947 2
4325 5450 2
4326 4345 2
4327 4825 2
4327 4887 2
4327 6421 2
4328 6757 2
4328 5259 2
4329 4997 2
4329 5035 2
4329 5323 2
4331 6935 2
4331 4476 2
4331 4887 2
4331 4989 2
4331 5928 2
4331 6138 2
4331 6309 2
4331 6615 2
4333 6746 2
4334 4386 2
4334 5262 2
4334 6206 2
4336 5286 2
4339 5186 2
4339 6533 2
4340 5817 2
4340 6291 2
4340 5673 2
4341 5122 2
4342 5291 2
4342 5947 2
4344 6496 2
4345 5433 2
4346 4665 2
4346 6097 2
4346 6454 2
4346 6679 2
4348 4363 2
4348 4431 2
4348 6304 2
4349 4768 2
4350 5425 2
4351 5212 2
4351 6009 2
4351 6768 2
4352 5574 2
4352 6962 2
4353 5105 2
4355 6232 2
4355 4602 2
4356 6677 2
4357 5282 2
4357 5935 2
4357 4440 2
4357 5291 2
4358 6150 2
4358 5833 2
4359 6368 2
4361 6986 2
4361 5947 2
4362 4520 2
4362 6827 2
4363 6304 2
4363 6712 2
4367 6479 2
4367 5054 2
4367 5065 2
4368 4484 2
4372 6464 2
4372 4843 2
4372 6150 2
4373 5905 2
4375 4452 2
4375 5411 2
4375 4566 2
4375 6609 2
4376 5047 2
4376 5087 2
4376 5586 2
4376 6713 2
4377 4823 2
4377 5239 2
4377 5320 2
4378 4490 2
4378 4626 2
4378 6315 2
4378 6360 2
4379 5691 2
4380 5708 2
4380 6899 2
4381 4502 2
4382 5727 2
4383 4593 2
4384 6909 2
4386 5262 2
4386 6206 2
4386 6302 2
4387 6672 2
4388 6126 2
4389 6084 2
4390 5673 2
4390 6640 2
4390 6827 2
4390 4508 2
4391 4749 2
4391 5037 2
4391 6174 2
4393 5264 2
4393 6730 2
4395 4935 2
4397 5118 2
4398 4527 2
4399 5356 2
4399 5407 2
4399 5597 2
4399 6168 2
4400 4655 2
4400 6585 2
4401 5690 2
4403 5600 2
4403 5949 2
4403 6029 2
4404 6416 2
4404 6698 2
4404 6821 2
4406 4858 2
4406 5424 2
4406 6335 2
4407 4453 2
4410 6462 2
4410 6515 2
4411 4420 2
4411 5062 2
4411 5930 2
4411 6660 2
4411 5595 2
4414 5634 2
4414 6926 2
4414 5819 2
4415 6395 2
4416 5646 2
4417 4996 2
4417 5254 2
4417 4799 2
4418 5055 2
4418 5330 2
4420 5930 2
4420 5033 2
4420 5550 2
4421 4774 2
4421 6428 2
4421 5835 2
4422 4802 2
4424 5435 2
4425 6980 2
4426 5299 2
4426 5998 2
4427 5111 2
4427 6690 2
4427 6877 2
4427 6897 2
4428 5083 2
4429 5008 2
4429 6878 2
4431 4672 2
4431 6140 2
4433 5913 2
4434 4817 2
4434 5601 2
4434 5983 2
4434 6229 2
4434 4757 2
4434 6759 2
4435 4457 2
4436 4683 2
4437 5172 2
4437 6343 2
4440 6122 2
4440 5291 2
4441 5993 2
4443 6217 2
4444 5665 2
4445 4916 2
4446 6783 2
4448 6134 2
4448 6705 2
4449 5180 2
4449 6466 2
4450 5992 2
4451 5415 2
4451 5789 2
4451 5990 2
4451 6369 2
4451 5220 2
4451 5938 2
4451 5979 2
4451 6143 2
4452 5411 2
4452 6138 2
4454 4711 2
4454 4895 2
4454 5498 2
4455 4508 2
4455 6585 2
4458 5056 2
4458 5271 2
4459 5541 2
4460 4500 2
4460 5621 2
4460 5716 2
4460 6745 2
4461 5432 2
4462 5752 2
4462 4643 2
4462 6587 2
4463 5076 2
4463 6526 2
4463 5680 2
4463 6656 2
4464 6294 2
4465 6829 2
4466 5372 2
4467 6015 2
4468 5934 2
4468 6769 2
4469 4719 2
4469 5715 2
4470 5230 2
4470 6491 2
4471 5542 2
4473 5497 2
4473 6573 2
4474 6983 2
4476 4887 2
4476 6138 2
4477 5203 2
4477 5506 2
4477 5713 2
4482 6082 2
4482 6595 2
4483 4777 2
4483 6824 2
4484 4498 2
4484 6836 2
4485 5814 2
4486 5453 2
4487 4517 2
4487 6735 2
4487 6856 2
4488 5280 2
4488 5362 2
4489 5688 2
4490 4626 2
4490 6360 2
4493 5655 2
4494 6526 2
4495 5444 2
4495 5990 2
4496 5776 2
4497 6998 2
4497 5493 2
4497 4846 2
4497 5443 2
4497 6925 2
4498 6021 2
4498 6779 2
4499 5164 2
4499 5232 2
4499 6303 2
4500 6823 2
4501 5566 2
4501 5604 2
4503 6853 2
4505 5696 2
4505 5764 2
4505 6429 2
4507 4648 2
4508 6458 2
4510 6721 2
4511 4577 2
4511 6244 2
4513 6797 2
4515 4606 2
4515 5205 2
4517 6735 2
4517 4727 2
4518 4861 2
4519 4770 2
4519 6552 2
4520 5207 2
4521 4909 2
4521 5050 2
4521 5091 2
4522 5676 2
4522 6274 2
4525 5885 2
4526 5308 2
4528 5744 2
4529 4940 2
4531 4657 2
4532 6068 2
4532 5525 2
4533 4574 2
4533 6880 2
4537 6807 2
4537 4797 2
4539 6561 2
4541 6899 2
4543 6584 2
4543 5459 2
4544 5808 2
4545 6965 2
4545 5648 2
4546 5674 2
4547 6504 2
4547 6523 2
4549 4908 2
4551 5611 2
4551 4712 2
4551 4971 2
4554 5090 2
4554 4728 2
4556 6478 2
4558 5647 2
4558 5335 2
4558 5908 2
4560 4684 2
4560 6641 2
4561 5773 2
4561 6265 2
4562 4707 2
4563 5135 2
4563 5888 2
4564 4843 2
4566 5602 2
4566 5531 2
4566 6609 2
4567 5723 2
4568 4970 2
4568 5667 2
4569 5160 2
4570 5684 2
4572 4670 2
4572 5429 2
4573 6784 2
4574 6295 2
4575 5244 2
4575 5528 2
4575 6686 2
4576 6916 2
4578 5233 2
4580 4636 2
4581 5877 2
4581 6115 2
4582 6415 2
4583 5165 2
4583 5194 2
4583 6135 2
4585 4641 2
4586 6955 2
4586 5333 2
4586 5749 2
4587 5614 2
4587 5001 2
4588 6448 2
4589 5819 2
4589 4706 2
4589 4798 2
4589 6228 2
4590 5834 2
4590 5409 2
4591 6322 2
4592 5202 2
4592 5517 2
4592 5545 2
4592 5867 2
4593 5999 2
4593 5767 2
4593 6388 2
4594 6343 2
4594 6619 2
4595 5557 2
4596 4660 2
4597 4841 2
4597 5260 2
4599 4812 2
4599 5825 2
4600 4928 2
4600 6721 2
4601 5032 2
4601 5798 2
4601 6699 2
4602 6034 2
4603 4915 2
4603 6457 2
4607 5029 2
4607 6566 2
4608 5137 2
4608 6347 2
4609 5649 2
4610 5502 2
4610 6755 2
4610 5630 2
4610 6340 2
4611 4856 2
4611 5552 2
4611 6776 2
4611 6902 2
4612 4921 2
4615 4690 2
4615 5365 2
4617 5337 2
4619 4851 2
4620 6633 2
4621 5715 2
4621 5822 2
4622 5761 2
4622 6794 2
4623 4726 2
4624 5005 2
4625 4711 2
4625 6363 2
4626 5755 2
4626 6315 2
4627 4924 2
4627 6917 2
4632 5642 2
4634 5906 2
4634 5588 2
4635 5106 2
4636 5082 2
4638 4757 2
4638 5122 2
4638 6344 2
4639 5522 2
4639 5610 2
4639 5718 2
4639 6472 2
4639 6788 2
4639 6833 2
4640 5373 2
4640 6055 2
4640 6578 2
4641 4903 2
4641 4724 2
4642 4670 2
4642 5197 2
4643 5812 2
4643 6522 2
4644 4720 2
4644 4827 2
4644 4877 2
4645 5429 2
4647 5984 2
4647 5181 2
4651 6322 2
4652 4719 2
4653 6029 2
4653 5692 2
4655 6585 2
4655 5942 2
4656 4897 2
4658 5937 2
4658 6744 2
4660 5760 2
4660 6421 2
4661 6711 2
4662 5038 2
4662 5394 2
4663 4814 2
4665 5043 2
4666 5283 2
4667 4819 2
4667 6844 2
4668 5112 2
4669 5036 2
4669 6726 2
4670 4931 2
4670 4806 2
4671 6556 2
4672 6968 2
4673 5114 2
4673 5714 2
4674 4817 2
4674 5830 2
4676 5184 2
4676 6439 2
4677 6554 2
4677 5321 2
4678 6990 2
4679 5006 2
4679 6668 2
4680 5543 2
4682 5500 2
4683 5597 2
4683 6781 2
4684 6124 2
4684 5766 2
4685 5668 2
4685 5553 2
4687 4910 2
4687 5961 2
4687 6336 2
4687 6896 2
4688 6299 2
4688 5344 2
4688 6643 2
4691 5468 2
4691 6249 2
4692 5428 2
4692 5458 2
4693 6255 2
4693 4733 2
4693 4833 2
4694 4885 2
4695 6100 2
4695 5989 2
4696 6875 2
4697 6289 2
4697 6426 2
4697 6263 2
4698 4938 2
4698 5222 2
4698 6809 2
4698 5260 2
4698 6474 2
4699 4949 2
4700 5888 2
4700 6598 2
4701 5601 2
4702 6760 2
4703 5086 2
4703 6333 2
4706 4788 2
4706 4798 2
4706 6228 2
4707 5555 2
4711 5498 2
4711 6363 2
4712 6760 2
4712 4971 2
4713 6141 2
4714 5305 2
4715 5788 2
4715 6117 2
4717 5727 2
4718 5057 2
4719 5715 2
4720 5016 2
4720 6337 2
4720 4827 2
4720 6370 2
4721 4864 2
4721 6455 2
4721 4844 2
4721 4994 2
4721 6923 2
4722 5729 2
4722 5743 2
4722 5165 2
4723 5594 2
4724 5393 2
4724 5861 2
4726 5171 2
4726 6495 2
4727 5645 2
4727 5839 2
4727 5843 2
4728 5568 2
4731 4762 2
4731 4886 2
4731 5373 2
4732 5853 2
4733 5599 2
4733 4833 2
4734 4751 2
4734 5832 2
4737 5257 2
4740 5543 2
4740 5674 2
4741 5234 2
4742 5023 2
4743 6698 2
4744 6944 2
4744 5684 2
4746 6402 2
4747 5452 2
4749 5037 2
4750 4977 2
4750 6627 2
4751 4777 2
4752 6119 2
4752 6681 2
4754 6836 2
4755 6183 2
4756 6073 2
4756 5739 2
4757 6344 2
4758 5043 2
4758 5190 2
4759 6067 2
4761 5218 2
4761 5708 2
4761 6134 2
4762 6510 2
4766 4800 2
4766 6521 2
4766 6739 2
4766 6747 2
4767 5385 2
4768 5270 2
4771 5078 2
4773 4937 2
4773 5924 2
4776 4870 2
4777 4882 2
4777 6274 2
4777 6242 2
4777 6290 2
4778 6922 2
4780 6480 2
4781 6795 2
4782 6254 2
4784 6372 2
4784 6650 2
4784 6649 2
4785 6509 2
4786 5363 2
4786 5504 2
4786 6605 2
4786 5166 2
4790 6195 2
4791 4839 2
4791 5619 2
4793 5953 2
4793 5499 2
4793 6002 2
4793 6187 2
4795 4958 2
4796 5298 2
4796 6484 2
4801 5547 2
4801 5351 2
4801 5829 2
4802 4880 2
4802 5797 2
4802 5003 2
4804 5887 2
4805 6521 2
4806 6940 2
4807 6058 2
4807 6631 2
4808 5111 2
4808 5187 2
4808 6239 2
4808 6844 2
4809 5152 2
4810 6997 2
4811 6717 2
4811 6787 2
4813 4874 2
4813 6594 2
4815 5006 2
4815 5865 2
4817 5601 2
4817 5983 2
4817 6229 2
4817 6875 2
4818 5082 2
4819 5584 2
4820 4986 2
4821 6771 2
4824 4884 2
4824 6360 2
4826 6597 2
4827 4877 2
4827 6370 2
4828 4981 2
4829 5872 2
4830 5703 2
4833 6231 2
4834 5275 2
4835 6470 2
4836 6797 2
4838 5929 2
4841 5260 2
4842 5112 2
4843 6150 2
4846 4898 2
4846 6925 2
4847 6428 2
4849 5510 2
4850 6518 2
4852 5213 2
4852 6741 2
4854 5228 2
4854 6644 2
4855 5332 2
4859 5267 2
4859 6971 2
4859 6915 2
4860 6478 2
4860 6621 2
4862 6573 2
4866 6958 2
4866 5392 2
4866 5242 2
4867 4873 2
4867 6313 2
4868 5989 2
4868 5317 2
4868 5534 2
4869 6227 2
4871 5703 2
4871 5750 2
4871 6889 2
4872 5325 2
4872 6035 2
4872 6913 2
4874 6594 2
4875 6476 2
4875 5086 2
4876 5848 2
4878 5780 2
4878 6354 2
4879 6351 2
4880 5797 2
4880 5098 2
4880 5982 2
4881 5225 2
4881 5943 2
4882 6274 2
4884 5376 2
4884 6475 2
4884 4982 2
4886 6409 2
4887 4989 2
4887 5156 2
4887 5605 2
4887 6138 2
4887 6232 2
4887 6309 2
4887 6353 2
4887 6615 2
4890 5405 2
4892 5650 2
4892 6166 2
4892 6541 2
4892 6929 2
4893 6852 2
4893 5431 2
4893 6594 2
4894 5445 2
4894 6503 2
4895 5350 2
4895 5545 2
4895 6850 2
4898 5317 2
4899 6023 2
4899 6241 2
4899 6480 2
4900 5087 2
4900 5274 2
4901 6970 2
4903 6280 2
4906 5148 2
4906 5691 2
4908 5415 2
4909 5050 2
4910 5158 2
4911 5625 2
4913 5981 2
4913 6423 2
4913 6513 2
4913 5960 2
4913 6427 2
4913 6727 2
4914 6884 2
4914 5243 2
4915 5341 2
4916 6837 2
4919 6381 2
4924 5331 2
4924 5969 2
4925 5841 2
4926 6402 2
4928 6871 2
4929 6865 2
4932 6878 2
4934 5245 2
4934 6036 2
4936 6581 2
4936 6499 2
4937 5305 2
4938 5222 2
4938 6406 2
4938 6809 2
4940 6776 2
4941 6251 2
4944 5339 2
4944 5837 2
4944 6483 2
4944 6298 2
4944 6802 2
4945 6300 2
4947 6789 2
4948 5807 2
4951 6024 2
4951 6642 2
4952 5646 2
4954 6415 2
4955 6934 2
4955 6914 2
4961 6894 2
4962 6207 2
4965 5001 2
4966 6180 2
4967 5724 2
4970 6553 2
4971 5041 2
4971 6470 2
4972 5457 2
4973 6610 2
4974 6078 2
4975 5167 2
4975 6118 2
4976 5492 2
4977 6627 2
4978 5653 2
4978 5792 2
4982 6086 2
4985 5407 2
4986 6035 2
4987 6739 2
4988 5461 2
4989 5609 2
4989 6157 2
4989 5156 2
4989 6232 2
4989 6309 2
4989 6353 2
4991 6114 2
4991 6346 2
4991 6482 2
4992 5926 2
4993 5402 2
4994 5944 2
4994 6197 2
4996 5254 2
4996 5135 2
4996 5145 2
4997 5671 2
4998 5394 2
4998 6326 2
4999 5612 2
5002 5793 2
5002 6802 2
5003 5166 2
5003 6542 2
5006 5966 2
5006 6668 2
5009 5085 2
5010 5098 2
5010 5463 2
5010 5881 2
5010 5510 2
5013 5899 2
5013 6026 2
5014 5285 2
5014 5377 2
5015 5714 2
5015 6142 2
5018 5589 2
5019 5893 2
5020 6258 2
5021 5795 2
5021 5141 2
5023 6854 2
5024 6971 2
5024 5582 2
5024 6620 2
5024 6674 2
5024 5196 2
5024 6030 2
5026 6622 2
5027 6159 2
5028 5854 2
5028 6891 2
5030 5721 2
5032 6699 2
5032 6716 2
5032 6991 2
5033 6220 2
5034 6082 2
5036 5548 2
5037 6941 2
5037 5219 2
5039 6571 2
5039 6615 2
5040 6070 2
5040 6101 2
5040 5216 2
5041 6470 2
5041 5585 2
5043 5375 2
5047 5192 2
5048 6689 2
5048 6313 2
5050 5672 2
5051 5434 2
5052 6131 2
5053 5926 2
5055 5123 2
5055 5330 2
5055 5354 2
5056 5748 2
5058 5157 2
5060 6560 2
5061 5081 2
5062 6660 2
5062 5177 2
5062 5558 2
5063 5273 2
5063 6169 2
5063 6191 2
5065 5815 2
5066 6791 2
5068 6049 2
5068 6185 2
5070 6758 2
5070 5962 2
5070 6857 2
5073 5681 2
5073 5875 2
5073 5951 2
5075 6050 2
5076 5100 2
5076 5894 2
5078 6016 2
5078 6735 2
5079 6738 2
5080 6312 2
5080 5296 2
5080 6565 2
5082 5274 2
5083 5431 2
5083 6153 2
5084 5380 2
5085 5418 2
5085 5467 2
5085 6708 2
5086 6333 2
5086 6696 2
5089 5965 2
5089 6101 2
5090 6950 2
5090 5915 2
5090 5154 2
5091 5413 2
5091 6404 2
5092 6325 2
5092 5797 2
5094 6090 2
5095 5241 2
5096 5258 2
5096 5483 2
5096 6756 2
5099 5115 2
5099 5501 2
5099 5900 2
5101 5742 2
5102 6316 2
5103 5772 2
5103 6366 2
5107 5229 2
5107 6787 2
5108 5807 2
5108 6943 2
5109 6308 2
5111 6127 2
5111 6239 2
5113 5469 2
5113 5532 2
5113 6513 2
5115 5501 2
5115 5900 2
5115 6759 2
5115 5669 2
5116 5682 2
5116 5788 2
5116 5283 2
5116 6584 2
5117 6623 2
5120 5880 2
5123 5354 2
5123 5719 2
5124 5447 2
5124 5889 2
5125 6230 2
5126 5167 2
5127 5478 2
5130 5779 2
5130 6198 2
5131 6005 2
5131 6544 2
5131 5875 2
5132 6775 2
5135 5145 2
5135 6431 2
5136 6011 2
5137 6624 2
5143 6680 2
5145 6431 2
5147 5886 2
5150 6176 2
5150 6177 2
5150 5851 2
5152 5803 2
5153 5448 2
5154 6995 2
5155 5490 2
5155 5986 2
5156 6069 2
5156 6790 2
5156 5605 2
5156 6232 2
5160 6847 2
5161 5992 2
5161 6284 2
5164 5232 2
5164 6367 2
5165 5194 2
5165 5600 2
5167 5516 2
5169 5657 2
5172 6343 2
5173 5482 2
5176 6432 2
5177 5558 2
5180 5354 2
5181 6477 2
5183 6729 2
5184 6842 2
5186 6533 2
5187 6844 2
5189 5437 2
5193 6588 2
5193 5913 2
5193 6423 2
5193 6592 2
5196 6293 2
5199 6677 2
5200 5773 2
5200 5959 2
5201 6154 2
5202 5545 2
5202 5867 2
5203 5506 2
5203 5976 2
5208 5936 2
5208 6192 2
5208 6524 2
5210 5276 2
5211 5328 2
5212 6768 2
5212 6811 2
5213 5662 2
5213 6124 2
5213 6419 2
5216 6079 2
5218 5708 2
5219 5883 2
5219 5313 2
5220 5677 2
5220 5938 2
5220 6143 2
5221 6931 2
5221 6103 2
5222 6406 2
5222 6809 2
5225 6373 2
5225 5943 2
5225 6881 2
5226 6306 2
5227 6064 2
5227 6331 2
5228 6706 2
5229 6787 2
5229 6063 2
5231 6952 2
5231 5845 2
5231 6639 2
5231 6784 2
5232 6303 2
5232 6367 2
5232 6679 2
5236 5288 2
5237 6074 2
5237 6198 2
5237 6515 2
5238 6976 2
5238 6057 2
5240 6947 2
5241 6087 2
5241 6764 2
5241 6869 2
5242 5449 2
5243 6424 2
5244 5528 2
5244 6624 2
5244 6686 2
5245 6808 2
5247 5310 2
5250 6356 2
5251 6317 2
5252 6217 2
5254 6895 2
5255 5800 2
5255 6507 2
5256 5459 2
5258 6023 2
5258 6539 2
5258 6756 2
5260 5330 2
5261 6031 2
5261 6186 2
5261 6312 2
5262 6302 2
5263 5726 2
5265 6161 2
5265 6710 2
5267 6971 2
5267 6915 2
5272 6719 2
5273 6191 2
5275 5950 2
5276 5838 2
5276 6670 2
5279 6527 2
5283 6584 2
5285 5377 2
5286 5860 2
5286 5879 2
5288 6512 2
5289 6557 2
5290 6893 2
5292 6750 2
5292 6469 2
5293 5938 2
5295 6210 2
5302 5537 2
5308 5634 2
5313 5732 2
5315 6795 2
5316 6184 2
5316 6854 2
5316 5626 2
5318 6707 2
5318 6846 2
5318 6985 2
5318 5954 2
5318 6644 2
5322 5991 2
5323 5359 2
5323 6393 2
5323 6662 2
5324 5553 2
5324 5890 2
5324 6712 2
5326 6044 2
5327 6250 2
5327 5967 2
5328 6446 2
5331 5969 2
5334 5671 2
5334 5996 2
5334 6649 2
5335 5908 2
5338 6202 2
5339 5837 2
5339 6483 2
5339 5650 2
5340 6992 2
5340 6244 2
5344 6643 2
5345 5608 2
5345 5923 2
5347 5974 2
5347 6058 2
5347 6376 2
5347 6825 2
5348 5622 2
5349 5455 2
5350 6850 2
5351 5829 2
5352 6264 2
5354 6539 2
5355 6155 2
5356 6987 2
5356 5597 2
5357 5868 2
5358 6700 2
5362 6949 2
5363 5504 2
5364 6886 2
5365 5399 2
5367 6876 2
5369 6358 2
5371 5559 2
5372 6319 2
5372 6579 2
5373 6055 2
5374 5977 2
5376 6475 2
5376 6635 2
5376 6636 2
5378 6172 2
5380 5530 2
5381 6586 2
5381 6653 2
5382 6346 2
5382 6674 2
5383 6948 2
5383 5533 2
5384 5884 2
5384 6126 2
5385 5416 2
5390 5509 2
5392 6958 2
5394 6326 2
5395 5685 2
5395 6157 2
5396 6960 2
5398 5539 2
5400 6491 2
5404 5523 2
5404 6297 2
5406 6113 2
5406 6628 2
5406 6732 2
5408 6647 2
5408 6822 2
5409 6678 2
5410 5489 2
5410 6531 2
5410 6799 2
5411 6138 2
5415 5789 2
5415 5990 2
5415 6369 2
5415 6576 2
5416 6171 2
5417 6170 2
5418 5467 2
5418 5877 2
5418 6708 2
5419 6673 2
5420 6999 2
5422 6296 2
5422 5821 2
5426 6952 2
5426 6485 2
5427 6473 2
5427 5963 2
5428 5902 2
5431 6392 2
5431 5451 2
5431 5887 2
5431 6594 2
5431 6800 2
5432 6672 2
5436 6200 2
5436 6477 2
5436 6711 2
5437 6953 2
5442 6165 2
5445 6503 2
5445 6160 2
5447 5548 2
5447 6332 2
5451 5742 2
5451 5892 2
5451 5887 2
5451 6800 2
5453 5507 2
5454 5551 2
5457 5649 2
5459 6026 2
5459 6405 2
5460 6798 2
5463 5881 2
5466 6418 2
5467 6708 2
5468 5971 2
5468 6602 2
5469 6167 2
5469 6513 2
5471 6570 2
5471 5540 2
5472 6819 2
5473 6440 2
5475 6267 2
5477 6901 2
5479 6139 2
5480 5577 2
5481 6252 2
5483 6572 2
5484 6327 2
5484 5756 2
5484 6642 2
5486 5855 2
5486 6664 2
5487 5681 2
5490 5986 2
5490 6139 2
5490 6275 2
5492 6403 2
5496 6281 2
5497 6573 2
5499 5546 2
5500 6226 2
5501 5900 2
5502 6755 2
5502 6927 2
5503 6697 2
5505 6156 2
5506 5976 2
5506 5997 2
5507 5844 2
5507 6103 2
5507 6353 2
5508 5805 2
5509 5945 2
5512 5738 2
5512 5781 2
5513 5657 2
5518 6170 2
5520 6078 2
5521 5718 2
5522 6788 2
5522 6833 2
5525 6041 2
5526 6087 2
5526 6665 2
5527 6269 2
5528 6686 2
5528 6537 2
5530 5925 2
5536 6288 2
5536 6975 2
5536 6028 2
5538 6996 2
5539 6946 2
5539 6408 2
5539 6443 2
5540 6159 2
5543 5674 2
5545 5867 2
5549 6108 2
5552 6788 2
5552 6776 2
5555 6440 2
5556 6434 2
5557 5765 2
5557 6439 2
5558 5843 2
5559 6980 2
5559 5917 2
5562 5839 2
5563 6667 2
5563 6761 2
5564 6160 2
5564 6240 2
5564 6867 2
5566 5604 2
5567 5717 2
5568 5593 2
5568 6767 2
5573 5774 2
5573 5813 2
5577 6030 2
5578 5850 2
5578 6329 2
5579 5724 2
5580 6960 2
5580 5639 2
5581 6302 2
5581 6340 2
5582 6674 2
5582 5816 2
5584 5895 2
5586 6222 2
5586 6713 2
5587 5660 2
5591 5940 2
5591 6149 2
5592 6190 2
5592 5732 2
5593 5697 2
5593 5911 2
5593 6614 2
5596 6552 2
5596 6606 2
5596 6839 2
5597 6987 2
5601 5983 2
5601 6875 2
5602 5664 2
5602 6034 2
5603 6937 2
5608 5923 2
5610 6824 2
5610 5718 2
5615 6517 2
5615 6699 2
5617 6179 2
5617 6608 2
5618 6908 2
5619 6652 2
5624 6916 2
5625 6239 2
5626 6835 2
5630 6340 2
5635 6365 2
5635 6375 2
5637 6394 2
5638 6593 2
5641 6479 2
5641 6966 2
5643 6387 2
5644 6693 2
5647 6296 2
5648 6046 2
5648 6484 2
5649 6866 2
5650 6027 2
5650 6541 2
5650 6929 2
5650 5789 2
5652 5825 2
5652 6060 2
5653 5677 2
5653 5792 2
5656 6978 2
5656 6562 2
5656 5675 2
5657 6335 2
5660 6598 2
5662 5961 2
5662 6124 2
5662 6419 2
5663 6278 2
5663 6695 2
5664 6586 2
5664 6034 2
5666 6049 2
5667 6361 2
5667 6371 2
5669 5793 2
5671 6649 2
5673 5704 2
5675 6978 2
5675 6562 2
5675 6969 2
5676 6274 2
5681 5875 2
5681 5951 2
5681 5922 2
5684 6944 2
5685 6157 2
5687 5725 2
5689 6497 2
5693 6669 2
5694 5878 2
5694 6043 2
5697 5911 2
5697 6614 2
5697 6832 2
5698 6731 2
5699 6629 2
5701 6963 2
5701 5882 2
5701 6716 2
5707 5794 2
5708 5811 2
5708 6204 2
5708 6899 2
5708 6134 2
5712 6238 2
5729 5743 2
5730 5959 2
5733 6520 2
5733 6805 2
5734 6246 2
5734 6398 2
5734 6906 2
5736 6661 2
5736 6859 2
5738 6728 2
5740 5752 2
5740 6019 2
5740 6607 2
5741 5871 2
5742 5892 2
5745 6898 2
5745 6529 2
5745 6703 2
5746 6278 2
5747 6442 2
5748 6016 2
5749 6955 2
5751 6084 2
5752 6019 2
5752 6607 2
5755 6663 2
5756 6988 2
5756 6973 2
5758 5857 2
5760 6421 2
5763 5780 2
5764 6429 2
5765 6868 2
5765 6439 2
5769 6736 2
5772 6366 2
5775 6032 2
5777 6941 2
5778 6771 2
5778 6840 2
5779 6873 2
5780 6354 2
5782 6714 2
5784 6969 2
5784 6363 2
5789 5990 2
5789 6691 2
5790 6152 2
5792 6745 2
5792 6754 2
5793 5852 2
5793 6181 2
5793 6525 2
5796 6485 2
5801 6994 2
5806 6006 2
5806 6738 2
5806 6407 2
5807 6943 2
5809 6773 2
5811 6204 2
5815 5848 2
5816 5914 2
5817 6291 2
5822 6194 2
5825 5927 2
5827 6165 2
5833 5860 2
5833 6008 2
5836 6961 2
5836 6905 2
5840 6780 2
5843 6107 2
5845 6045 2
5845 6639 2
5845 6784 2
5849 6273 2
5849 6519 2
5850 6329 2
5852 6181 2
5852 6636 2
5855 6664 2
5856 6650 2
5857 5941 2
5859 6359 2
5860 6277 2
5860 6352 2
5861 5868 2
5863 6535 2
5863 6209 2
5865 6277 2
5870 6266 2
5872 6391 2
5873 6447 2
5877 6115 2
5878 6043 2
5879 6974 2
5882 6483 2
5884 6126 2
5885 5896 2
5887 6800 2
5888 6598 2
5889 6904 2
5893 6858 2
5894 6110 2
5895 5981 2
5895 6753 2
5899 6026 2
5899 6447 2
5901 6774 2
5903 6974 2
5903 6240 2
5911 5972 2
5911 6614 2
5912 6443 2
5913 6423 2
5913 6592 2
5915 6950 2
5917 6380 2
5917 6756 2
5920 6268 2
5922 6445 2
5927 6148 2
5931 6100 2
5933 5973 2
5933 6486 2
5936 6524 2
5937 6744 2
5938 6890 2
5938 6143 2
5940 6056 2
5940 6325 2
5941 6548 2
5943 6881 2
5944 6197 2
5946 6939 2
5947 6772 2
5947 6986 2
5949 6001 2
5949 6506 2
5949 6029 2
5954 6941 2
5959 6089 2
5960 6427 2
5960 6727 2
5962 6857 2
5965 6519 2
5968 6266 2
5971 6602 2
5971 6893 2
5972 6763 2
5974 6058 2
5978 6825 2
5978 6091 2
5980 6999 2
5981 6513 2
5982 6506 2
5983 6229 2
5987 6465 2
5988 6577 2
5990 6369 2
5992 6284 2
5993 6164 2
5995 6355 2
5996 6575 2
5997 6641 2
6001 6506 2
6002 6643 2
6002 6187 2
6004 6456 2
6004 6828 2
6005 6544 2
6006 6738 2
6007 6588 2
6010 6200 2
6010 6382 2
6013 6490 2
6021 6532 2
6021 6779 2
6023 6539 2
6025 6728 2
6026 6405 2
6028 6975 2
6031 6186 2
6031 6349 2
6035 6913 2
6038 6777 2
6040 6050 2
6046 6484 2
6046 6361 2
6048 6449 2
6056 6325 2
6057 6976 2
6058 6376 2
6060 6357 2
6062 6975 2
6063 6862 2
6066 6995 2
6066 6153 2
6069 6790 2
6070 6101 2
6071 6514 2
6074 6198 2
6074 6550 2
6075 6158 2
6075 6282 2
6084 6907 2
6085 6120 2
6085 6283 2
6087 6665 2
6090 6195 2
6091 6188 2
6092 6982 2
6092 6451 2
6093 6151 2
6093 6781 2
6093 6764 2
6095 6860 2
6095 6386 2
6096 6230 2
6097 6168 2
6097 6679 2
6102 6327 2
6103 6353 2
6103 6931 2
6106 6678 2
6112 6741 2
6115 6422 2
6117 6511 2
6124 6419 2
6125 6930 2
6128 6660 2
6134 6705 2
6139 6315 2
6143 6647 2
6145 6881 2
6146 6627 2
6148 6481 2
6150 6905 2
6153 6995 2
6161 6442 2
6162 6446 2
6162 6460 2
6162 6682 2
6167 6954 2
6172 6287 2
6173 6717 2
6175 6765 2
6176 6177 2
6176 6213 2
6181 6525 2
6181 6636 2
6182 6265 2
6184 6854 2
6185 6608 2
6191 6297 2
6191 6861 2
6200 6477 2
6200 6711 2
6200 6382 2
6202 6342 2
6204 6750 2
6206 6559 2
6208 6983 2
6209 6896 2
6212 6570 2
6215 6345 2
6215 6364 2
6219 6451 2
6219 6914 2
6222 6722 2
6224 6410 2
6224 6801 2
6225 6596 2
6229 6959 2
6231 6288 2
6233 6700 2
6238 6633 2
6241 6480 2
6242 6290 2
6243 6389 2
6246 6398 2
6246 6906 2
6247 6476 2
6252 6379 2
6255 6535 2
6261 6492 2
6261 6695 2
6262 6403 2
6264 6287 2
6264 6534 2
6268 6413 2
6271 6504 2
6271 6326 2
6273 6519 2
6277 6352 2
6279 6546 2
6286 6863 2
6287 6534 2
6289 6426 2
6290 6448 2
6290 6471 2
6293 6723 2
6295 6388 2
6295 6919 2
6298 6802 2
6303 6679 2
6309 6508 2
6309 6353 2
6309 6615 2
6311 6871 2
6314 6323 2
6320 6376 2
6327 6887 2
6334 6460 2
6336 6896 2
6344 6937 2
6346 6482 2
6347 6459 2
6348 6709 2
6355 6523 2
6364 6568 2
6365 6375 2
6372 6650 2
6375 6718 2
6376 6532 2
6380 6756 2
6380 6921 2
6381 6528 2
6384 6742 2
6389 6737 2
6393 6662 2
6396 6459 2
6411 6987 2
6422 6863 2
6425 6981 2
6427 6727 2
6433 6734 2
6443 6946 2
6444 6601 2
6448 6471 2
6448 6883 2
6456 6828 2
6466 6742 2
6471 6883 2
6474 6617 2
6475 6635 2
6476 6645 2
6477 6711 2
6479 6966 2
6485 6952 2
6487 6714 2
6492 6695 2
6504 6523 2
6506 6724 2
6516 6603 2
6517 6546 2
6528 6626 2
6537 6722 2
6542 6818 2
6545 6685 2
6552 6560 2
6557 6845 2
6566 6945 2
6569 6892 2
6586 6653 2
6591 6823 2
6593 6938 2
6593 6907 2
6609 6623 2
6615 6703 2
6616 6851 2
6619 6872 2
6619 6894 2
6626 6720 2
6626 6694 2
6629 6884 2
6632 6718 2
6635 6636 2
6644 6985 2
6646 6900 2
6656 6841 2
6658 6785 2
6661 6859 2
6666 6933 2
6667 6761 2
6673 6774 2
6674 6971 2
6675 6800 2
6682 6690 2
6687 6794 2
6707 6846 2
6716 6900 2
6717 6787 2
6719 6906 2
6730 6766 2
6739 6747 2
6740 6923 2
6762 6830 2
6771 6840 2
6831 6847 2
6872 6894 2
6874 6963 2
6877 6897 2
6882 6910 2
6897 6925 2
6904 6938 2
6907 6938 2
6915 6971 2
6973 6988 2
0 0 -425
1 1 -298
2 2 -133
3 3 -273
4 4 -589
5 5 -246
6 6 -103
7 7 -135
8 8 -155
9 9 -73
10 10 -138
11 11 -52
12 12 -97
13 13 -324
14 14 -94
15 15 -177
16 16 -118
17 17 -258
18 18 -243
19 19 -158
20 20 -207
21 21 -161
22 22 -93
23 23 -62
24 24 -109
25 25 -59
26 26 -81
27 27 -91
28 28 -108
29 29 -53
30 30 -164
31 31 -112
32 32 -38
33 33 -63
34 34 -86
35 35 -122
36 36 -87
37 37 -154
38 38 -103
39 39 -58
40 40 -50
41 41 -54
42 42 -75
43 43 -127
44 44 -60
45 45 -82
46 46 -98
47 47 -54
48 48 -67
49 49 -70
50 50 -55
51 51 -70
52 52 -34
53 53 -63
54 54 -78
55 55 -119
56 56 -164
57 57 -29
58 58 -77
59 59 -36
60 60 -90
61 61 -70
62 62 -27
63 63 -114
64 64 -21
65 65 -51
66 66 -113
67 67 -85
68 68 -51
69 69 -36
70 70 -100
71 71 -78
72 72 -48
73 73 -52
74 74 -69
75 75 -68
76 76 -41
77 77 -38
78 78 -87
79 79 -23
80 80 -48
81 81 -78
82 82 -90
83 83 -34
84 84 -58
85 85 -48
86 86 -46
87 87 -43
88 88 -53
89 89 -40
90 90 -25
91 91 -86
92 92 -46
93 93 -28
94 94 -44
95 95 -42
96 96 -54
97 97 -40
98 98 -43
99 99 -61
100 100 -49
101 101 -78
102 102 -19
103 103 -58
104 104 -25
105 105 -54
106 106 -53
107 107 -47
108 108 -29
109 109 -41
110 110 -21
111 111 -61
112 112 -32
113 113 -55
114 114 -37
115 115 -47
116 116 -37
117 117 -36
118 118 -21
119 119 -28
120 120 -52
121 121 -33
122 122 -44
123 123 -38
124 124 -43
125 125 -34
126 126 -66
127 127 -44
128 128 -64
129 129 -19
130 130 -25
131 131 -24
132 132 -50
133 133 -33
134 134 -65
135 135 -51
136 136 -95
137 137 -51
138 138 -49
139 139 -24
140 140 -45
141 141 -29
142 142 -49
143 143 -29
144 144 -52
145 145 -39
146 146 -16
147 147 -25
148 148 -36
149 149 -9
150 150 -69
151 151 -19
152 152 -63
153 153 -26
154 154 -26
155 155 -49
156 156 -36
157 157 -45
158 158 -49
159 159 -77
160 160 -52
161 161 -39
162 162 -67
163 163 -33
164 164 -39
165 165 -35
166 166 -32
167 167 -23
168 168 -50
169 169 -31
170 170 -49
171 171 -22
172 172 -63
173 173 -37
174 174 -44
175 175 -30
176 176 -41
177 177 -30
178 178 -31
179 179 -28
180 180 -45
181 181 -19
182 182 -23
183 183 -34
184 184 -33
185 185 -23
186 186 -55
187 187 -21
188 188 -22
189 189 -23
190 190 -44
191 191 -23
192 192 -32
193 193 -29
194 194 -38
195 195 -35
196 196 -44
197 197 -29
198 198 -30
199 199 -31
200 200 -26
201 201 -55
202 202 -39
203 203 -27
204 204 -53
205 205 -25
206 206 -31
207 207 -41
208 208 -30
209 209 -40
210 210 -30
211 211 -37
212 212 -33
213 213 -28
214 214 -10
215 215 -37
216 216 -37
217 217 -38
218 218 -36
219 219 -52
220 220 -35
221 221 -18
222 222 -36
223 223 -31
224 224 -53
225 225 -26
226 226 -27
227 227 -26
228 228 -27
229 229 -40
230 230 -40
231 231 -23
232 232 -21
233 233 -35
234 234 -29
235 235 -47
236 236 -13
237 237 -24
238 238 -33
239 239 -28
240 240 -40
241 241 -18
242 242 -54
243 243 -45
244 244 -28
245 245 -46
246 246 -48
247 247 -36
248 248 -35
249 249 -32
250 250 -20
251 251 -36
252 252 -22
253 253 -25
254 254 -34
255 255 -52
256 256 -33
257 257 -17
258 258 -49
259 259 -43
260 260 -20
261 261 -43
262 262 -32
263 263 -41
264 264 -21
265 265 -22
266 266 -13
267 267 -19
268 268 -27
269 269 -28
270 270 -25
271 271 -63
272 272 -35
273 273 -24
274 274 -23
275 275 -23
276 276 -58
277 277 -33
278 278 -27
279 279 -50
280 280 -19
281 281 -38
282 282 -29
283 283 -19
284 284 -32
285 285 -15
286 286 -31
287 287 -37
288 288 -48
289 289 -21
290 290 -21
291 291 -19
292 292 -22
293 293 -19
294 294 -31
295 295 -23
296 296 -31
297 297 -27
298 298 -52
299 299 -40
300 300 -41
301 301 -36
302 302 -31
303 303 -23
304 304 -58
305 305 -16
306 306 -41
307 307 -26
308 308 -36
309 309 -15
310 310 -28
311 311 -21
312 312 -39
313 313 -24
314 314 -57
315 315 -23
316 316 -33
317 317 -16
318 318 -41
319 319 -35
320 320 -13
321 321 -41
322 322 -30
323 323 -14
324 324 -15
325 325 -34
326 326 -19
327 327 -38
328 328 -41
329 329 -31
330 330 -24
331 331 -24
332 332 -28
333 333 -25
334 334 -33
335 335 -14
336 336 -26
337 337 -38
338 338 -24
339 339 -27
340 340 -13
341 341 -19
342 342 -30
343 343 -14
344 344 -20
345 345 -32
346 346 -46
347 347 -19
348 348 -18
349 349 -24
350 350 -29
351 351 -15
352 352 -42
353 353 -43
354 354 -24
355 355 -26
356 356 -28
357 357 -44
358 358 -46
359 359 -36
360 360 -10
361 361 -19
362 362 -29
363 363 -39
364 364 -21
365 365 -22
366 366 -21
367 367 -15
368 368 -19
369 369 -25
370 370 -29
371 371 -27
372 372 -30
373 373 -26
374 374 -21
375 375 -32
376 376 -20
377 377 -22
378 378 -36
379 379 -43
380 380 -20
381 381 -28
382 382 -30
383 383 -27
384 384 -45
385 385 -25
386 386 -21
387 387 -27
388 388 -35
389 389 -17
390 390 -49
391 391 -17
392 392 -35
393 393 -36
394 394 -23
395 395 -28
396 396 -33
397 397 -21
398 398 -22
399 399 -29
400 400 -27
401 401 -28
402 402 -28
403 403 -9
404 404 -21
405 405 -28
406 406 -34
407 407 -20
408 408 -24
409 409 -12
410 410 -48
411 411 -50
412 412 -19
413 413 -20
414 414 -16
415 415 -27
416 416 -11
417 417 -20
418 418 -24
419 419 -12
420 420 -19
421 421 -35
422 422 -17
423 423 -19
424 424 -31
425 425 -36
426 426 -39
427 427 -15
428 428 -17
429 429 -15
430 430 -39
431 431 -38
432 432 -26
433 433 -17
434 434 -23
435 435 -21
436 436 -29
437 437 -8
438 438 -29
439 439 -16
440 440 -31
441 441 -36
442 442 -21
443 443 -18
444 444 -26
445 445 -26
446 446 -33
447 447 -36
448 448 -22
449 449 -32
450 450 -21
451 451 -14
452 452 -34
453 453 -22
454 454 -14
455 455 -22
456 456 -21
457 457 -14
458 458 -16
459 459 -24
460 460 -17
461 461 -6
462 462 -19
463 463 -28
464 464 -15
465 465 -39
466 466 -25
467 467 -16
468 468 -14
469 469 -16
470 470 -13
471 471 -17
472 472 -26
473 473 -21
474 474 -19
475 475 -24
476 476 -12
477 477 -13
478 478 -23
479 479 -32
480 480 -27
481 481 -20
482 482 -23
483 483 -16
484 484 -37
485 485 -26
486 486 -13
487 487 -18
488 488 -24
489 489 -25
490 490 -13
491 491 -33
492 492 -10
493 493 -23
494 494 -24
495 495 -43
496 496 -14
497 497 -54
498 498 -21
499 499 -13
500 500 -35
501 501 -16
502 502 -11
503 503 -26
504 504 -19
505 505 -16
506 506 -18
507 507 -21
508 508 -11
509 509 -20
510 510 -26
511 511 -34
512 512 -17
513 513 -39
514 514 -16
515 515 -13
516 516 -25
517 517 -9
518 518 -26
519 519 -23
520 520 -11
521 521 -28
522 522 -25
523 523 -26
524 524 -19
525 525 -14
526 526 -15
527 527 -16
528 528 -13
529 529 -26
530 530 -21
531 531 -16
532 532 -22
533 533 -24
534 534 -19
535 535 -28
536 536 -30
537 537 -13
538 538 -16
539 539 -26
540 540 -11
541 541 -27
542 542 -15
543 543 -15
544 544 -12
545 545 -22
546 546 -17
547 547 -24
548 548 -15
549 549 -16
550 550 -34
551 551 -18
552 552 -9
553 553 -10
554 554 -11
555 555 -40
556 556 -18
557 557 -19
558 558 -28
559 559 -27
560 560 -18
561 561 -17
562 562 -19
563 563 -24
564 564 -22
565 565 -21
566 566 -26
567 567 -27
568 568 -18
569 569 -15
570 570 -14
571 571 -12
572 572 -18
573 573 -17
574 574 -22
575 575 -28
576 576 -23
577 577 -24
578 578 -36
579 579 -14
580 580 -18
581 581 -25
582 582 -24
583 583 -12
584 584 -26
585 585 -28
586 586 -26
587 587 -20
588 588 -19
589 589 -39
590 590 -20
591 591 -19
592 592 -12
593 593 -24
594 594 -24
595 595 -19
596 596 -17
597 597 -25
598 598 -18
599 599 -16
600 600 -10
601 601 -25
602 602 -14
603 603 -14
604 604 -31
605 605 -30
606 606 -14
607 607 -23
608 608 -23
609 609 -10
610 610 -21
611 611 -8
612 612 -30
613 613 -27
614 614 -16
615 615 -11
616 616 -18
617 617 -25
618 618 -25
619 619 -17
620 620 -17
621 621 -24
622 622 -10
623 623 -17
624 624 -19
625 625 -17
626 626 -28
627 627 -15
628 628 -17
629 629 -15
630 630 -33
631 631 -13
632 632 -30
633 633 -19
634 634 -18
635 635 -11
636 636 -20
637 637 -24
638 638 -23
639 639 -19
640 640 -14
641 641 -16
642 642 -25
643 643 -16
644 644 -26
645 645 -26
646 646 -12
647 647 -22
648 648 -30
649 649 -18
650 650 -22
651 651 -19
652 652 -15
653 653 -13
654 654 -19
655 655 -18
656 656 -25
657 657 -20
658 658 -30
659 659 -9
660 660 -15
661 661 -13
662 662 -20
663 663 -20
664 664 -13
665 665 -25
666 666 -24
667 667 -11
668 668 -26
669 669 -32
670 670 -20
671 671 -21
672 672 -13
673 673 -26
674 674 -12
675 675 -21
676 676 -10
677 677 -12
678 678 -14
679 679 -34
680 680 -15
681 681 -15
682 682 -25
683 683 -16
684 684 -20
685 685 -25
686 686 -11
687 687 -22
688 688 -30
689 689 -21
690 690 -13
691 691 -23
692 692 -22
693 693 -24
694 694 -17
695 695 -10
696 696 -19
697 697 -12
698 698 -23
699 699 -35
700 700 -28
701 701 -14
702 702 -25
703 703 -11
704 704 -17
705 705 -16
706 706 -27
707 707 -19
708 708 -10
709 709 -20
710 710 -15
711 711 -15
712 712 -31
713 713 -15
714 714 -32
715 715 -14
716 716 -16
717 717 -12
718 718 -15
719 719 -14
720 720 -13
721 721 -27
722 722 -34
723 723 -25
724 724 -16
725 725 -13
726 726 -13
727 727 -17
728 728 -12
729 729 -25
730 730 -24
731 731 -26
732 732 -26
733 733 -14
734 734 -15
735 735 -25
736 736 -17
737 737 -17
738 738 -12
739 739 -18
740 740 -19
741 741 -11
742 742 -14
743 743 -12
744 744 -13
745 745 -14
746 746 -19
747 747 -29
748 748 -20
749 749 -31
750 750 -13
751 751 -18
752 752 -24
753 753 -12
754 754 -16
755 755 -19
756 756 -12
757 757 -21
758 758 -26
759 759 -22
760 760 -25
761 761 -21
762 762 -22
763 763 -15
764 764 -20
765 765 -23
766 766 -24
767 767 -20
768 768 -12
769 769 -12
770 770 -11
771 771 -29
772 772 -21
773 773 -19
774 774 -28
775 775 -12
776 776 -14
777 777 -16
778 778 -12
779 779 -22
780 780 -16
781 781 -21
782 782 -22
783 783 -24
784 784 -15
785 785 -18
786 786 -18
787 787 -12
788 788 -30
789 789 -29
790 790 -26
791 791 -13
792 792 -15
793 793 -24
794 794 -19
795 795 -13
796 796 -28
797 797 -23
798 798 -24
799 799 -15
800 800 -31
801 801 -16
802 802 -20
803 803 -17
804 804 -11
805 805 -19
806 806 -27
807 807 -10
808 808 -10
809 809 -26
810 810 -12
811 811 -15
812 812 -18
813 813 -12
814 814 -42
815 815 -10
816 816 -13
817 817 -17
818 818 -13
819 819 -11
820 820 -14
821 821 -14
822 822 -17
823 823 -19
824 824 -26
825 825 -12
826 826 -10
827 827 -17
828 828 -25
829 829 -18
830 830 -23
831 831 -22
832 832 -14
833 833 -12
834 834 -16
835 835 -24
836 836 -15
837 837 -34
838 838 -13
839 839 -27
840 840 -20
841 841 -28
842 842 -25
843 843 -29
844 844 -13
845 845 -12
846 846 -12
847 847 -11
848 848 -16
849 849 -25
850 850 -13
851 851 -16
852 852 -13
853 853 -16
854 854 -14
855 855 -13
856 856 -15
857 857 -18
858 858 -23
859 859 -21
860 860 -8
861 861 -12
862 862 -27
863 863 -8
864 864 -22
865 865 -21
866 866 -14
867 867 -16
868 868 -17
869 869 -19
870 870 -15
871 871 -14
872 872 -35
873 873 -13
874 874 -9
875 875 -21
876 876 -18
877 877 -13
878 878 -19
879 879 -21
880 880 -11
881 881 -19
882 882 -11
883 883 -19
884 884 -11
885 885 -25
886 886 -11
887 887 -13
888 888 -19
889 889 -14
890 890 -21
891 891 -11
892 892 -23
893 893 -26
894 894 -18
895 895 -23
896 896 -20
897 897 -17
898 898 -16
899 899 -29
900 900 -10
901 901 -13
902 902 -15
903 903 -25
904 904 -21
905 905 -15
906 906 -17
907 907 -13
908 908 -23
909 909 -29
910 910 -18
911 911 -15
912 912 -15
913 913 -14
914 914 -19
915 915 -14
916 916 -22
917 917 -11
918 918 -18
919 919 -23
920 920 -20
921 921 -20
922 922 -22
923 923 -18
924 924 -15
925 925 -17
926 926 -11
927 927 -11
928 928 -19
929 929 -21
930 930 -14
931 931 -25
932 932 -16
933 933 -15
934 934 -13
935 935 -17
936 936 -15
937 937 -14
938 938 -18
939 939 -10
940 940 -16
941 941 -11
942 942 -24
943 943 -19
944 944 -24
945 945 -15
946 946 -12
947 947 -17
948 948 -8
949 949 -17
950 950 -21
951 951 -24
952 952 -14
953 953 -19
954 954 -15
955 955 -10
956 956 -10
957 957 -15
958 958 -19
959 959 -17
960 960 -25
961 961 -14
962 962 -17
963 963 -14
964 964 -14
965 965 -15
966 966 -12
967 967 -13
968 968 -20
969 969 -24
970 970 -16
971 971 -19
972 972 -18
973 973 -14
974 974 -11
975 975 -11
976 976 -15
977 977 -20
978 978 -21
979 979 -13
980 980 -12
981 981 -13
982 982 -10
983 983 -15
984 984 -14
985 985 -16
986 986 -17
987 987 -20
988 988 -12
989 989 -13
990 990 -14
991 991 -19
992 992 -9
993 993 -19
994 994 -16
995 995 -16
996 996 -18
997 997 -11
998 998 -25
999 999 -23
1000 1000 -8
1001 1001 -12
1002 1002 -18
1003 1003 -25
1004 1004 -13
1005 1005 -13
1006 1006 -9
1007 1007 -28
1008 1008 -19
1009 1009 -13
1010 1010 -8
1011 1011 -25
1012 1012 -11
1013 1013 -15
1014 1014 -17
1015 1015 -14
1016 1016 -11
1017 1017 -13
1018 1018 -12
1019 1019 -12
1020 1020 -14
1021 1021 -21
1022 1022 -21
1023 1023 -15
1024 1024 -24
1025 1025 -25
1026 1026 -24
1027 1027 -23
1028 1028 -12
1029 1029 -16
1030 1030 -16
1031 1031 -23
1032 1032 -14
1033 1033 -8
1034 1034 -30
1035 1035 -12
1036 1036 -15
1037 1037 -17
1038 1038 -13
1039 1039 -14
1040 1040 -15
1041 1041 -26
1042 1042 -19
1043 1043 -13
1044 1044 -15
1045 1045 -17
1046 1046 -15
1047 1047 -12
1048 1048 -29
1049 1049 -15
1050 1050 -12
1051 1051 -8
1052 1052 -10
1053 1053 -19
1054 1054 -11
1055 1055 -14
1056 1056 -12
1057 1057 -15
1058 1058 -10
1059 1059 -13
1060 1060 -13
1061 1061 -8
1062 1062 -13
1063 1063 -20
1064 1064 -10
1065 1065 -12
1066 1066 -10
1067 1067 -13
1068 1068 -13
1069 1069 -20
1070 1070 -12
1071 1071 -16
1072 1072 -18
1073 1073 -11
1074 1074 -8
1075 1075 -23
1076 1076 -25
1077 1077 -14
1078 1078 -12
1079 1079 -14
1080 1080 -9
1081 1081 -12
1082 1082 -21
1083 1083 -20
1084 1084 -13
1085 1085 -11
1086 1086 -15
1087 1087 -11
1088 1088 -12
1089 1089 -14
1090 1090 -19
1091 1091 -15
1092 1092 -8
1093 1093 -19
1094 1094 -16
1095 1095 -16
1096 1096 -18
1097 1097 -13
1098 1098 -23
1099 1099 -15
1100 1100 -12
1101 1101 -10
1102 1102 -11
1103 1103 -21
1104 1104 -10
1105 1105 -14
1106 1106 -13
1107 1107 -18
1108 1108 -11
1109 1109 -18
1110 1110 -8
1111 1111 -16
1112 1112 -19
1113 1113 -26
1114 1114 -19
1115 1115 -13
1116 1116 -21
1117 1117 -17
1118 1118 -14
1119 1119 -11
1120 1120 -8
1121 1121 -15
1122 1122 -8
1123 1123 -16
1124 1124 -13
1125 1125 -9
1126 1126 -8
1127 1127 -24
1128 1128 -10
1129 1129 -21
1130 1130 -22
1131 1131 -17
1132 1132 -12
1133 1133 -12
1134 1134 -17
1135 1135 -18
1136 1136 -9
1137 1137 -13
1138 1138 -11
1139 1139 -13
1140 1140 -8
1141 1141 -9
1142 1142 -18
1143 1143 -12
1144 1144 -17
1145 1145 -21
1146 1146 -10
1147 1147 -11
1148 1148 -13
1149 1149 -8
1150 1150 -11
1151 1151 -16
1152 1152 -18
1153 1153 -12
1154 1154 -9
1155 1155 -10
1156 1156 -6
1157 1157 -12
1158 1158 -23
1159 1159 -9
1160 1160 -17
1161 1161 -12
1162 1162 -14
1163 1163 -8
1164 1164 -13
1165 1165 -17
1166 1166 -16
1167 1167 -11
1168 1168 -12
1169 1169 -13
1170 1170 -9
1171 1171 -11
1172 1172 -16
1173 1173 -13
1174 1174 -12
1175 1175 -19
1176 1176 -7
1177 1177 -15
1178 1178 -23
1179 1179 -19
1180 1180 -13
1181 1181 -14
1182 1182 -16
1183 1183 -12
1184 1184 -12
1185 1185 -19
1186 1186 -18
1187 1187 -12
1188 1188 -19
1189 1189 -11
1190 1190 -16
1191 1191 -8
1192 1192 -12
1193 1193 -16
1194 1194 -15
1195 1195 -21
1196 1196 -21
1197 1197 -12
1198 1198 -11
1199 1199 -14
1200 1200 -15
1201 1201 -16
1202 1202 -18
1203 1203 -8
1204 1204 -14
1205 1205 -18
1206 1206 -9
1207 1207 -18
1208 1208 -10
1209 1209 -10
1210 1210 -13
1211 1211 -10
1212 1212 -9
1213 1213 -8
1214 1214 -10
1215 1215 -9
1216 1216 -8
1217 1217 -12
1218 1218 -8
1219 1219 -11
1220 1220 -21
1221 1221 -16
1222 1222 -10
1223 1223 -14
1224 1224 -13
1225 1225 -15
1226 1226 -9
1227 1227 -9
1228 1228 -14
1229 1229 -10
1230 1230 -19
1231 1231 -11
1232 1232 -21
1233 1233 -10
1234 1234 -22
1235 1235 -13
1236 1236 -15
1237 1237 -16
1238 1238 -15
1239 1239 -7
1240 1240 -23
1241 1241 -11
1242 1242 -11
1243 1243 -13
1244 1244 -13
1245 1245 -18
1246 1246 -18
1247 1247 -16
1248 1248 -12
1249 1249 -13
1250 1250 -8
1251 1251 -15
1252 1252 -9
1253 1253 -15
1254 1254 -23
1255 1255 -11
1256 1256 -9
1257 1257 -11
1258 1258 -16
1259 1259 -31
1260 1260 -15
1261 1261 -16
1262 1262 -11
1263 1263 -16
1264 1264 -13
1265 1265 -11
1266 1266 -9
1267 1267 -10
1268 1268 -9
1269 1269 -20
1270 1270 -11
1271 1271 -24
1272 1272 -18
1273 1273 -12
1274 1274 -10
1275 1275 -13
1276 1276 -19
1277 1277 -15
1278 1278 -10
1279 1279 -13
1280 1280 -11
1281 1281 -18
1282 1282 -11
1283 1283 -14
1284 1284 -24
1285 1285 -21
1286 1286 -14
1287 1287 -14
1288 1288 -25
1289 1289 -17
1290 1290 -16
1291 1291 -12
1292 1292 -13
1293 1293 -23
1294 1294 -10
1295 1295 -9
1296 1296 -11
1297 1297 -15
1298 1298 -10
1299 1299 -15
1300 1300 -13
1301 1301 -10
1302 1302 -17
1303 1303 -15
1304 1304 -12
1305 1305 -17
1306 1306 -22
1307 1307 -13
1308 1308 -14
1309 1309 -7
1310 1310 -18
1311 1311 -15
1312 1312 -13
1313 1313 -17
1314 1314 -12
1315 1315 -16
1316 1316 -11
1317 1317 -8
1318 1318 -12
1319 1319 -8
1320 1320 -20
1321 1321 -16
1322 1322 -7
1323 1323 -14
1324 1324 -18
1325 1325 -21
1326 1326 -13
1327 1327 -13
1328 1328 -16
1329 1329 -12
1330 1330 -20
1331 1331 -7
1332 1332 -11
1333 1333 -12
1334 1334 -16
1335 1335 -19
1336 1336 -14
1337 1337 -10
1338 1338 -14
1339 1339 -10
1340 1340 -10
1341 1341 -6
1342 1342 -7
1343 1343 -9
1344 1344 -15
1345 1345 -19
1346 1346 -14
1347 1347 -13
1348 1348 -13
1349 1349 -16
1350 1350 -12
1351 1351 -14
1352 1352 -9
1353 1353 -11
1354 1354 -11
1355 1355 -12
1356 1356 -9
1357 1357 -10
1358 1358 -26
1359 1359 -15
1360 1360 -18
1361 1361 -13
1362 1362 -17
1363 1363 -12
1364 1364 -10
1365 1365 -25
1366 1366 -10
1367 1367 -9
1368 1368 -9
1369 1369 -11
1370 1370 -7
1371 1371 -8
1372 1372 -7
1373 1373 -16
1374 1374 -11
1375 1375 -15
1376 1376 -12
1377 1377 -14
1378 1378 -7
1379 1379 -12
1380 1380 -20
1381 1381 -10
1382 1382 -15
1383 1383 -14
1384 1384 -15
1385 1385 -22
1386 1386 -20
1387 1387 -9
1388 1388 -9
1389 1389 -16
1390 1390 -21
1391 1391 -17
1392 1392 -11
1393 1393 -13
1394 1394 -10
1395 1395 -18
1396 1396 -15
1397 1397 -11
1398 1398 -13
1399 1399 -8
1400 1400 -13
1401 1401 -8
1402 1402 -13
1403 1403 -11
1404 1404 -8
1405 1405 -12
1406 1406 -8
1407 1407 -12
1408 1408 -10
1409 1409 -11
1410 1410 -13
1411 1411 -13
1412 1412 -12
1413 1413 -14
1414 1414 -14
1415 1415 -10
1416 1416 -20
1417 1417 -14
1418 1418 -25
1419 1419 -9
1420 1420 -19
1421 1421 -11
1422 1422 -13
1423 1423 -9
1424 1424 -11
1425 1425 -6
1426 1426 -13
1427 1427 -15
1428 1428 -15
1429 1429 -8
1430 1430 -10
1431 1431 -11
1432 1432 -13
1433 1433 -12
1434 1434 -10
1435 1435 -12
1436 1436 -9
1437 1437 -9
1438 1438 -9
1439 1439 -18
1440 1440 -8
1441 1441 -14
1442 1442 -10
1443 1443 -19
1444 1444 -6
1445 1445 -15
1446 1446 -23
1447 1447 -12
1448 1448 -13
1449 1449 -11
1450 1450 -19
1451 1451 -21
1452 1452 -16
1453 1453 -14
1454 1454 -16
1455 1455 -14
1456 1456 -13
1457 1457 -10
1458 1458 -10
1459 1459 -12
1460 1460 -12
1461 1461 -21
1462 1462 -7
1463 1463 -7
1464 1464 -8
1465 1465 -22
1466 1466 -12
1467 1467 -10
1468 1468 -13
1469 1469 -14
1470 1470 -16
1471 1471 -14
1472 1472 -10
1473 1473 -19
1474 1474 -14
1475 1475 -8
1476 1476 -15
1477 1477 -13
1478 1478 -20
1479 1479 -13
1480 1480 -15
1481 1481 -17
1482 1482 -19
1483 1483 -11
1484 1484 -11
1485 1485 -12
1486 1486 -15
1487 1487 -11
1488 1488 -14
1489 1489 -11
1490 1490 -11
1491 1491 -9
1492 1492 -10
1493 1493 -16
1494 1494 -12
1495 1495 -12
1496 1496 -9
1497 1497 -15
1498 1498 -17
1499 1499 -11
1500 1500 -13
1501 1501 -9
1502 1502 -17
1503 1503 -11
1504 1504 -17
1505 1505 -9
1506 1506 -15
1507 1507 -10
1508 1508 -11
1509 1509 -14
1510 1510 -15
1511 1511 -14
1512 1512 -15
1513 1513 -15
1514 1514 -16
1515 1515 -13
1516 1516 -11
1517 1517 -10
1518 1518 -15
1519 1519 -14
1520 1520 -9
1521 1521 -18
1522 1522 -12
1523 1523 -10
1524 1524 -17
1525 1525 -11
1526 1526 -13
1527 1527 -12
1528 1528 -14
1529 1529 -8
1530 1530 -12
1531 1531 -15
1532 1532 -9
1533 1533 -11
1534 1534 -9
1535 1535 -10
1536 1536 -12
1537 1537 -6
1538 1538 -12
1539 1539 -24
1540 1540 -14
1541 1541 -18
1542 1542 -14
1543 1543 -15
1544 1544 -19
1545 1545 -9
1546 1546 -6
1547 1547 -21
1548 1548 -12
1549 1549 -14
1550 1550 -18
1551 1551 -13
1552 1552 -6
1553 1553 -14
1554 1554 -7
1555 1555 -18
1556 1556 -12
1557 1557 -19
1558 1558 -13
1559 1559 -12
1560 1560 -15
1561 1561 -12
1562 1562 -11
1563 1563 -13
1564 1564 -8
1565 1565 -17
1566 1566 -8
1567 1567 -10
1568 1568 -6
1569 1569 -12
1570 1570 -14
1571 1571 -12
1572 1572 -10
1573 1573 -14
1574 1574 -9
1575 1575 -13
1576 1576 -12
1577 1577 -13
1578 1578 -15
1579 1579 -6
1580 1580 -9
1581 1581 -13
1582 1582 -13
1583 1583 -9
1584 1584 -8
1585 1585 -11
1586 1586 -13
1587 1587 -12
1588 1588 -10
1589 1589 -11
1590 1590 -23
1591 1591 -20
1592 1592 -10
1593 1593 -20
1594 1594 -9
1595 1595 -10
1596 1596 -21
1597 1597 -8
1598 1598 -8
1599 1599 -11
1600 1600 -10
1601 1601 -18
1602 1602 -13
1603 1603 -7
1604 1604 -16
1605 1605 -25
1606 1606 -13
1607 1607 -15
1608 1608 -11
1609 1609 -8
1610 1610 -14
1611 1611 -7
1612 1612 -13
1613 1613 -17
1614 1614 -18
1615 1615 -13
1616 1616 -9
1617 1617 -17
1618 1618 -14
1619 1619 -14
1620 1620 -18
1621 1621 -8
1622 1622 -9
1623 1623 -11
1624 1624 -6
1625 1625 -16
1626 1626 -15
1627 1627 -11
1628 1628 -17
1629 1629 -22
1630 1630 -9
1631 1631 -13
1632 1632 -14
1633 1633 -9
1634 1634 -16
1635 1635 -18
1636 1636 -10
1637 1637 -18
1638 1638 -16
1639 1639 -9
1640 1640 -17
1641 1641 -11
1642 1642 -10
1643 1643 -12
1644 1644 -16
1645 1645 -18
1646 1646 -10
1647 1647 -9
1648 1648 -9
1649 1649 -10
1650 1650 -8
1651 1651 -10
1652 1652 -19
1653 1653 -14
1654 1654 -17
1655 1655 -8
1656 1656 -14
1657 1657 -20
1658 1658 -15
1659 1659 -11
1660 1660 -6
1661 1661 -10
1662 1662 -11
1663 1663 -14
1664 1664 -8
1665 1665 -12
1666 1666 -9
1667 1667 -11
1668 1668 -21
1669 1669 -17
1670 1670 -6
1671 1671 -8
1672 1672 -9
1673 1673 -27
1674 1674 -8
1675 1675 -13
1676 1676 -9
1677 1677 -8
1678 1678 -13
1679 1679 -8
1680 1680 -10
1681 1681 -7
1682 1682 -10
1683 1683 -9
1684 1684 -12
1685 1685 -13
1686 1686 -11
1687 1687 -14
1688 1688 -14
1689 1689 -13
1690 1690 -11
1691 1691 -18
1692 1692 -7
1693 1693 -19
1694 1694 -14
1695 1695 -12
1696 1696 -15
1697 1697 -10
1698 1698 -13
1699 1699 -14
1700 1700 -13
1701 1701 -16
1702 1702 -6
1703 1703 -15
1704 1704 -10
1705 1705 -7
1706 1706 -18
1707 1707 -15
1708 1708 -16
1709 1709 -15
1710 1710 -9
1711 1711 -10
1712 1712 -10
1713 1713 -12
1714 1714 -8
1715 1715 -9
1716 1716 -8
1717 1717 -9
1718 1718 -15
1719 1719 -24
1720 1720 -10
1721 1721 -21
1722 1722 -8
1723 1723 -15
1724 1724 -7
1725 1725 -9
1726 1726 -6
1727 1727 -10
1728 1728 -16
1729 1729 -10
1730 1730 -15
1731 1731 -11
1732 1732 -9
1733 1733 -16
1734 1734 -11
1735 1735 -8
1736 1736 -14
1737 1737 -14
1738 1738 -15
1739 1739 -10
1740 1740 -15
1741 1741 -9
1742 1742 -13
1743 1743 -24
1744 1744 -15
1745 1745 -11
1746 1746 -12
1747 1747 -20
1748 1748 -9
1749 1749 -8
1750 1750 -10
1751 1751 -14
1752 1752 -10
1753 1753 -20
1754 1754 -15
1755 1755 -12
1756 1756 -13
1757 1757 -14
1758 1758 -12
1759 1759 -11
1760 1760 -13
1761 1761 -11
1762 1762 -10
1763 1763 -12
1764 1764 -10
1765 1765 -19
1766 1766 -13
1767 1767 -12
1768 1768 -12
1769 1769 -13
1770 1770 -7
1771 1771 -18
1772 1772 -12
1773 1773 -13
1774 1774 -10
1775 1775 -7
1776 1776 -9
1777 1777 -11
1778 1778 -14
1779 1779 -8
1780 1780 -14
1781 1781 -6
1782 1782 -11
1783 1783 -19
1784 1784 -8
1785 1785 -19
1786 1786 -7
1787 1787 -15
1788 1788 -8
1789 1789 -13
1790 1790 -7
1791 1791 -12
1792 1792 -6
1793 1793 -7
1794 1794 -17
1795 1795 -9
1796 1796 -18
1797 1797 -17
1798 1798 -11
1799 1799 -14
1800 1800 -10
1801 1801 -11
1802 1802 -12
1803 1803 -12
1804 1804 -14
1805 1805 -11
1806 1806 -10
1807 1807 -11
1808 1808 -19
1809 1809 -9
1810 1810 -15
1811 1811 -12
1812 1812 -7
1813 1813 -17
1814 1814 -17
1815 1815 -12
1816 1816 -7
1817 1817 -9
1818 1818 -9
1819 1819 -9
1820 1820 -6
1821 1821 -11
1822 1822 -9
1823 1823 -14
1824 1824 -9
1825 1825 -9
1826 1826 -17
1827 1827 -8
1828 1828 -10
1829 1829 -8
1830 1830 -12
1831 1831 -10
1832 1832 -10
1833 1833 -10
1834 1834 -11
1835 1835 -14
1836 1836 -16
1837 1837 -9
1838 1838 -15
1839 1839 -13
1840 1840 -16
1841 1841 -8
1842 1842 -15
1843 1843 -15
1844 1844 -12
1845 1845 -13
1846 1846 -7
1847 1847 -9
1848 1848 -17
1849 1849 -12
1850 1850 -10
1851 1851 -15
1852 1852 -12
1853 1853 -10
1854 1854 -10
1855 1855 -7
1856 1856 -9
1857 1857 -12
1858 1858 -12
1859 1859 -11
1860 1860 -13
1861 1861 -10
1862 1862 -9
1863 1863 -10
1864 1864 -11
1865 1865 -13
1866 1866 -10
1867 1867 -9
1868 1868 -8
1869 1869 -10
1870 1870 -15
1871 1871 -11
1872 1872 -12
1873 1873 -9
1874 1874 -9
1875 1875 -17
1876 1876 -11
1877 1877 -8
1878 1878 -18
1879 1879 -19
1880 1880 -10
1881 1881 -13
1882 1882 -11
1883 1883 -10
1884 1884 -11
1885 1885 -12
1886 1886 -14
1887 1887 -13
1888 1888 -7
1889 1889 -12
1890 1890 -8
1891 1891 -7
1892 1892 -9
1893 1893 -13
1894 1894 -10
1895 1895 -12
1896 1896 -8
1897 1897 -8
1898 1898 -10
1899 1899 -11
1900 1900 -13
1901 1901 -9
1902 1902 -9
1903 1903 -9
1904 1904 -10
1905 1905 -12
1906 1906 -10
1907 1907 -11
1908 1908 -10
1909 1909 -14
1910 1910 -15
1911 1911 -8
1912 1912 -9
1913 1913 -7
1914 1914 -8
1915 1915 -13
1916 1916 -8
1917 1917 -12
1918 1918 -9
1919 1919 -12
1920 1920 -7
1921 1921 -13
1922 1922 -10
1923 1923 -9
1924 1924 -19
1925 1925 -10
1926 1926 -13
1927 1927 -13
1928 1928 -8
1929 1929 -12
1930 1930 -14
1931 1931 -11
1932 1932 -14
1933 1933 -8
1934 1934 -11
1935 1935 -8
1936 1936 -22
1937 1937 -14
1938 1938 -14
1939 1939 -11
1940 1940 -9
1941 1941 -11
1942 1942 -11
1943 1943 -9
1944 1944 -14
1945 1945 -12
1946 1946 -10
1947 1947 -12
1948 1948 -12
1949 1949 -11
1950 1950 -9
1951 1951 -11
1952 1952 -8
1953 1953 -11
1954 1954 -8
1955 1955 -9
1956 1956 -23
1957 1957 -14
1958 1958 -21
1959 1959 -11
1960 1960 -10
1961 1961 -10
1962 1962 -14
1963 1963 -10
1964 1964 -6
1965 1965 -8
1966 1966 -11
1967 1967 -10
1968 1968 -10
1969 1969 -11
1970 1970 -6
1971 1971 -8
1972 1972 -14
1973 1973 -22
1974 1974 -14
1975 1975 -8
1976 1976 -8
1977 1977 -11
1978 1978 -10
1979 1979 -15
1980 1980 -7
1981 1981 -10
1982 1982 -19
1983 1983 -9
1984 1984 -7
1985 1985 -9
1986 1986 -9
1987 1987 -6
1988 1988 -10
1989 1989 -11
1990 1990 -7
1991 1991 -8
1992 1992 -7
1993 1993 -7
1994 1994 -11
1995 1995 -9
1996 1996 -18
1997 1997 -13
1998 1998 -15
1999 1999 -10
2000 2000 -9
2001 2001 -7
2002 2002 -20
2003 2003 -8
2004 2004 -8
2005 2005 -13
2006 2006 -10
2007 2007 -10
2008 2008 -14
2009 2009 -10
2010 2010 -13
2011 2011 -6
2012 2012 -15
2013 2013 -11
2014 2014 -13
2015 2015 -7
2016 2016 -13
2017 2017 -11
2018 2018 -7
2019 2019 -12
2020 2020 -10
2021 2021 -11
2022 2022 -10
2023 2023 -9
2024 2024 -13
2025 2025 -13
2026 2026 -18
2027 2027 -9
2028 2028 -10
2029 2029 -7
2030 2030 -10
2031 2031 -9
2032 2032 -8
2033 2033 -8
2034 2034 -9
2035 2035 -9
2036 2036 -12
2037 2037 -12
2038 2038 -14
2039 2039 -13
2040 2040 -10
2041 2041 -8
2042 2042 -12
2043 2043 -8
2044 2044 -12
2045 2045 -9
2046 2046 -8
2047 2047 -11
2048 2048 -11
2049 2049 -9
2050 2050 -15
2051 2051 -9
2052 2052 -11
2053 2053 -12
2054 2054 -9
2055 2055 -11
2056 2056 -7
2057 2057 -7
2058 2058 -9
2059 2059 -11
2060 2060 -7
2061 2061 -13
2062 2062 -9
2063 2063 -9
2064 2064 -15
2065 2065 -10
2066 2066 -13
2067 2067 -8
2068 2068 -11
2069 2069 -15
2070 2070 -9
2071 2071 -13
2072 2072 -10
2073 2073 -8
2074 2074 -20
2075 2075 -8
2076 2076 -10
2077 2077 -11
2078 2078 -13
2079 2079 -7
2080 2080 -13
2081 2081 -14
2082 2082 -7
2083 2083 -11
2084 2084 -10
2085 2085 -10
2086 2086 -16
2087 2087 -9
2088 2088 -12
2089 2089 -6
2090 2090 -13
2091 2091 -6
2092 2092 -11
2093 2093 -7
2094 2094 -7
2095 2095 -9
2096 2096 -10
2097 2097 -6
2098 2098 -9
2099 2099 -15
2100 2100 -19
2101 2101 -15
2102 2102 -14
2103 2103 -7
2104 2104 -10
2105 2105 -10
2106 2106 -16
2107 2107 -8
2108 2108 -11
2109 2109 -6
2110 2110 -10
2111 2111 -15
2112 2112 -11
2113 2113 -13
2114 2114 -11
2115 2115 -8
2116 2116 -9
2117 2117 -11
2118 2118 -6
2119 2119 -8
2120 2120 -8
2121 2121 -12
2122 2122 -7
2123 2123 -13
2124 2124 -12
2125 2125 -7
2126 2126 -9
2127 2127 -13
2128 2128 -8
2129 2129 -10
2130 2130 -10
2131 2131 -9
2132 2132 -10
2133 2133 -11
2134 2134 -8
2135 2135 -13
2136 2136 -14
2137 2137 -6
2138 2138 -14
2139 2139 -16
2140 2140 -18
2141 2141 -9
2142 2142 -9
2143 2143 -14
2144 2144 -12
2145 2145 -8
2146 2146 -12
2147 2147 -14
2148 2148 -7
2149 2149 -13
2150 2150 -8
2151 2151 -14
2152 2152 -15
2153 2153 -11
2154 2154 -12
2155 2155 -8
2156 2156 -8
2157 2157 -11
2158 2158 -9
2159 2159 -10
2160 2160 -12
2161 2161 -8
2162 2162 -9
2163 2163 -15
2164 2164 -13
2165 2165 -16
2166 2166 -10
2167 2167 -9
2168 2168 -8
2169 2169 -10
2170 2170 -9
2171 2171 -11
2172 2172 -16
2173 2173 -7
2174 2174 -14
2175 2175 -8
2176 2176 -15
2177 2177 -16
2178 2178 -9
2179 2179 -7
2180 2180 -8
2181 2181 -8
2182 2182 -13
2183 2183 -9
2184 2184 -9
2185 2185 -9
2186 2186 -10
2187 2187 -8
2188 2188 -10
2189 2189 -10
2190 2190 -13
2191 2191 -11
2192 2192 -8
2193 2193 -9
2194 2194 -8
2195 2195 -12
2196 2196 -12
2197 2197 -8
2198 2198 -8
2199 2199 -10
2200 2200 -13
2201 2201 -8
2202 2202 -11
2203 2203 -7
2204 2204 -8
2205 2205 -8
2206 2206 -11
2207 2207 -12
2208 2208 -15
2209 2209 -11
2210 2210 -10
2211 2211 -14
2212 2212 -9
2213 2213 -13
2214 2214 -20
2215 2215 -7
2216 2216 -12
2217 2217 -13
2218 2218 -10
2219 2219 -8
2220 2220 -8
2221 2221 -8
2222 2222 -17
2223 2223 -7
2224 2224 -15
2225 2225 -10
2226 2226 -12
2227 2227 -11
2228 2228 -9
2229 2229 -11
2230 2230 -8
2231 2231 -14
2232 2232 -9
2233 2233 -7
2234 2234 -10
2235 2235 -8
2236 2236 -14
2237 2237 -12
2238 2238 -11
2239 2239 -11
2240 2240 -8
2241 2241 -11
2242 2242 -11
2243 2243 -8
2244 2244 -9
2245 2245 -11
2246 2246 -20
2247 2247 -8
2248 2248 -11
2249 2249 -18
2250 2250 -13
2251 2251 -8
2252 2252 -7
2253 2253 -8
2254 2254 -7
2255 2255 -12
2256 2256 -9
2257 2257 -11
2258 2258 -9
2259 2259 -14
2260 2260 -6
2261 2261 -8
2262 2262 -7
2263 2263 -6
2264 2264 -14
2265 2265 -12
2266 2266 -9
2267 2267 -9
2268 2268 -9
2269 2269 -14
2270 2270 -8
2271 2271 -12
2272 2272 -8
2273 2273 -9
2274 2274 -11
2275 2275 -7
2276 2276 -12
2277 2277 -12
2278 2278 -10
2279 2279 -10
2280 2280 -8
2281 2281 -8
2282 2282 -8
2283 2283 -9
2284 2284 -13
2285 2285 -8
2286 2286 -14
2287 2287 -14
2288 2288 -6
2289 2289 -13
2290 2290 -12
2291 2291 -12
2292 2292 -12
2293 2293 -10
2294 2294 -10
2295 2295 -7
2296 2296 -8
2297 2297 -8
2298 2298 -9
2299 2299 -12
2300 2300 -13
2301 2301 -15
2302 2302 -6
2303 2303 -8
2304 2304 -12
2305 2305 -13
2306 2306 -7
2307 2307 -10
2308 2308 -14
2309 2309 -12
2310 2310 -6
2311 2311 -8
2312 2312 -11
2313 2313 -8
2314 2314 -6
2315 2315 -9
2316 2316 -9
2317 2317 -13
2318 2318 -7
2319 2319 -7
2320 2320 -7
2321 2321 -9
2322 2322 -15
2323 2323 -11
2324 2324 -14
2325 2325 -18
2326 2326 -7
2327 2327 -15
2328 2328 -12
2329 2329 -11
2330 2330 -7
2331 2331 -12
2332 2332 -12
2333 2333 -9
2334 2334 -9
2335 2335 -9
2336 2336 -7
2337 2337 -9
2338 2338 -10
2339 2339 -7
2340 2340 -10
2341 2341 -9
2342 2342 -10
2343 2343 -15
2344 2344 -13
2345 2345 -9
2346 2346 -14
2347 2347 -10
2348 2348 -8
2349 2349 -9
2350 2350 -10
2351 2351 -14
2352 2352 -8
2353 2353 -10
2354 2354 -12
2355 2355 -13
2356 2356 -6
2357 2357 -12
2358 2358 -9
2359 2359 -10
2360 2360 -13
2361 2361 -10
2362 2362 -13
2363 2363 -12
2364 2364 -9
2365 2365 -7
2366 2366 -9
2367 2367 -8
2368 2368 -15
2369 2369 -13
2370 2370 -12
2371 2371 -10
2372 2372 -11
2373 2373 -10
2374 2374 -6
2375 2375 -9
2376 2376 -10
2377 2377 -11
2378 2378 -13
2379 2379 -9
2380 2380 -18
2381 2381 -10
2382 2382 -10
2383 2383 -13
2384 2384 -6
2385 2385 -13
2386 2386 -15
2387 2387 -11
2388 2388 -10
2389 2389 -8
2390 2390 -9
2391 2391 -12
2392 2392 -11
2393 2393 -8
2394 2394 -9
2395 2395 -7
2396 2396 -9
2397 2397 -12
2398 2398 -9
2399 2399 -8
2400 2400 -14
2401 2401 -9
2402 2402 -18
2403 2403 -12
2404 2404 -12
2405 2405 -9
2406 2406 -11
2407 2407 -17
2408 2408 -9
2409 2409 -10
2410 2410 -12
2411 2411 -12
2412 2412 -10
2413 2413 -10
2414 2414 -13
2415 2415 -10
2416 2416 -8
2417 2417 -14
2418 2418 -13
2419 2419 -15
2420 2420 -10
2421 2421 -12
2422 2422 -8
2423 2423 -8
2424 2424 -9
2425 2425 -8
2426 2426 -13
2427 2427 -7
2428 2428 -8
2429 2429 -10
2430 2430 -11
2431 2431 -12
2432 2432 -9
2433 2433 -7
2434 2434 -7
2435 2435 -7
2436 2436 -9
2437 2437 -7
2438 2438 -12
2439 2439 -9
2440 2440 -13
2441 2441 -18
2442 2442 -8
2443 2443 -14
2444 2444 -8
2445 2445 -14
2446 2446 -8
2447 2447 -12
2448 2448 -9
2449 2449 -8
2450 2450 -7
2451 2451 -8
2452 2452 -11
2453 2453 -9
2454 2454 -10
2455 2455 -7
2456 2456 -18
2457 2457 -6
2458 2458 -8
2459 2459 -8
2460 2460 -15
2461 2461 -9
2462 2462 -8
2463 2463 -14
2464 2464 -11
2465 2465 -8
2466 2466 -14
2467 2467 -11
2468 2468 -10
2469 2469 -18
2470 2470 -12
2471 2471 -11
2472 2472 -12
2473 2473 -10
2474 2474 -12
2475 2475 -16
2476 2476 -9
2477 2477 -15
2478 2478 -6
2479 2479 -14
2480 2480 -8
2481 2481 -9
2482 2482 -11
2483 2483 -7
2484 2484 -9
2485 2485 -9
2486 2486 -10
2487 2487 -9
2488 2488 -9
2489 2489 -13
2490 2490 -13
2491 2491 -8
2492 2492 -9
2493 2493 -12
2494 2494 -11
2495 2495 -7
2496 2496 -9
2497 2497 -6
2498 2498 -10
2499 2499 -8
2500 2500 -11
2501 2501 -14
2502 2502 -10
2503 2503 -9
2504 2504 -8
2505 2505 -10
2506 2506 -8
2507 2507 -13
2508 2508 -14
2509 2509 -9
2510 2510 -11
2511 2511 -13
2512 2512 -11
2513 2513 -9
2514 2514 -9
2515 2515 -6
2516 2516 -9
2517 2517 -8
2518 2518 -7
2519 2519 -10
2520 2520 -11
2521 2521 -7
2522 2522 -6
2523 2523 -8
2524 2524 -8
2525 2525 -11
2526 2526 -7
2527 2527 -14
2528 2528 -11
2529 2529 -7
2530 2530 -7
2531 2531 -12
2532 2532 -8
2533 2533 -11
2534 2534 -8
2535 2535 -11
2536 2536 -9
2537 2537 -7
2538 2538 -15
2539 2539 -11
2540 2540 -13
2541 2541 -9
2542 2542 -8
2543 2543 -12
2544 2544 -10
2545 2545 -9
2546 2546 -7
2547 2547 -11
2548 2548 -13
2549 2549 -15
2550 2550 -8
2551 2551 -8
2552 2552 -10
2553 2553 -12
2554 2554 -6
2555 2555 -9
2556 2556 -9
2557 2557 -10
2558 2558 -8
2559 2559 -13
2560 2560 -13
2561 2561 -10
2562 2562 -7
2563 2563 -6
2564 2564 -9
2565 2565 -8
2566 2566 -9
2567 2567 -11
2568 2568 -8
2569 2569 -8
2570 2570 -6
2571 2571 -9
2572 2572 -11
2573 2573 -9
2574 2574 -11
2575 2575 -13
2576 2576 -7
2577 2577 -9
2578 2578 -11
2579 2579 -10
2580 2580 -7
2581 2581 -9
2582 2582 -9
2583 2583 -8
2584 2584 -8
2585 2585 -12
2586 2586 -11
2587 2587 -9
2588 2588 -8
2589 2589 -10
2590 2590 -11
2591 2591 -9
2592 2592 -7
2593 2593 -14
2594 2594 -10
2595 2595 -9
2596 2596 -6
2597 2597 -7
2598 2598 -7
2599 2599 -11
2600 2600 -12
2601 2601 -7
2602 2602 -12
2603 2603 -10
2604 2604 -12
2605 2605 -11
2606 2606 -10
2607 2607 -10
2608 2608 -11
2609 2609 -11
2610 2610 -10
2611 2611 -11
2612 2612 -16
2613 2613 -7
2614 2614 -6
2615 2615 -8
2616 2616 -14
2617 2617 -11
2618 2618 -6
2619 2619 -10
2620 2620 -8
2621 2621 -13
2622 2622 -9
2623 2623 -6
2624 2624 -6
2625 2625 -12
2626 2626 -12
2627 2627 -7
2628 2628 -10
2629 2629 -8
2630 2630 -9
2631 2631 -6
2632 2632 -13
2633 2633 -10
2634 2634 -12
2635 2635 -9
2636 2636 -7
2637 2637 -9
2638 2638 -7
2639 2639 -6
2640 2640 -9
2641 2641 -6
2642 2642 -12
2643 2643 -8
2644 2644 -14
2645 2645 -10
2646 2646 -11
2647 2647 -13
2648 2648 -14
2649 2649 -7
2650 2650 -11
2651 2651 -9
2652 2652 -7
2653 2653 -8
2654 2654 -9
2655 2655 -7
2656 2656 -10
2657 2657 -8
2658 2658 -10
2659 2659 -6
2660 2660 -11
2661 2661 -10
2662 2662 -5
2663 2663 -9
2664 2664 -9
2665 2665 -8
2666 2666 -12
2667 2667 -7
2668 2668 -13
2669 2669 -6
2670 2670 -9
2671 2671 -7
2672 2672 -8
2673 2673 -9
2674 2674 -6
2675 2675 -9
2676 2676 -10
2677 2677 -11
2678 2678 -11
2679 2679 -13
2680 2680 -9
2681 2681 -15
2682 2682 -9
2683 2683 -9
2684 2684 -6
2685 2685 -10
2686 2686 -7
2687 2687 -8
2688 2688 -6
2689 2689 -13
2690 2690 -9
2691 2691 -10
2692 2692 -8
2693 2693 -8
2694 2694 -6
2695 2695 -7
2696 2696 -9
2697 2697 -10
2698 2698 -11
2699 2699 -7
2700 2700 -18
2701 2701 -7
2702 2702 -6
2703 2703 -7
2704 2704 -8
2705 2705 -8
2706 2706 -13
2707 2707 -9
2708 2708 -8
2709 2709 -8
2710 2710 -16
2711 2711 -9
2712 2712 -11
2713 2713 -9
2714 2714 -8
2715 2715 -11
2716 2716 -14
2717 2717 -10
2718 2718 -12
2719 2719 -12
2720 2720 -9
2721 2721 -9
2722 2722 -10
2723 2723 -6
2724 2724 -6
2725 2725 -10
2726 2726 -8
2727 2727 -14
2728 2728 -10
2729 2729 -10
2730 2730 -6
2731 2731 -11
2732 2732 -9
2733 2733 -10
2734 2734 -11
2735 2735 -10
2736 2736 -10
2737 2737 -8
2738 2738 -14
2739 2739 -12
2740 2740 -8
2741 2741 -11
2742 2742 -12
2743 2743 -10
2744 2744 -9
2745 2745 -9
2746 2746 -13
2747 2747 -11
2748 2748 -7
2749 2749 -12
2750 2750 -12
2751 2751 -12
2752 2752 -9
2753 2753 -11
2754 2754 -7
2755 2755 -8
2756 2756 -10
2757 2757 -10
2758 2758 -12
2759 2759 -10
2760 2760 -11
2761 2761 -9
2762 2762 -13
2763 2763 -8
2764 2764 -7
2765 2765 -12
2766 2766 -11
2767 2767 -7
2768 2768 -7
2769 2769 -9
2770 2770 -11
2771 2771 -10
2772 2772 -8
2773 2773 -8
2774 2774 -13
2775 2775 -8
2776 2776 -11
2777 2777 -7
2778 2778 -11
2779 2779 -14
2780 2780 -12
2781 2781 -8
2782 2782 -6
2783 2783 -8
2784 2784 -7
2785 2785 -12
2786 2786 -13
2787 2787 -11
2788 2788 -14
2789 2789 -9
2790 2790 -6
2791 2791 -8
2792 2792 -13
2793 2793 -9
2794 2794 -6
2795 2795 -14
2796 2796 -7
2797 2797 -8
2798 2798 -9
2799 2799 -11
2800 2800 -16
2801 2801 -9
2802 2802 -7
2803 2803 -10
2804 2804 -10
2805 2805 -9
2806 2806 -6
2807 2807 -11
2808 2808 -12
2809 2809 -11
2810 2810 -7
2811 2811 -12
2812 2812 -9
2813 2813 -11
2814 2814 -6
2815 2815 -15
2816 2816 -8
2817 2817 -9
2818 2818 -9
2819 2819 -9
2820 2820 -8
2821 2821 -9
2822 2822 -10
2823 2823 -9
2824 2824 -6
2825 2825 -11
2826 2826 -11
2827 2827 -10
2828 2828 -10
2829 2829 -7
2830 2830 -11
2831 2831 -8
2832 2832 -6
2833 2833 -8
2834 2834 -14
2835 2835 -13
2836 2836 -8
2837 2837 -7
2838 2838 -13
2839 2839 -7
2840 2840 -11
2841 2841 -8
2842 2842 -9
2843 2843 -12
2844 2844 -12
2845 2845 -9
2846 2846 -9
2847 2847 -7
2848 2848 -15
2849 2849 -20
2850 2850 -14
2851 2851 -7
2852 2852 -8
2853 2853 -7
2854 2854 -7
2855 2855 -9
2856 2856 -7
2857 2857 -10
2858 2858 -12
2859 2859 -8
2860 2860 -11
2861 2861 -7
2862 2862 -13
2863 2863 -7
2864 2864 -12
2865 2865 -11
2866 2866 -7
2867 2867 -9
2868 2868 -9
2869 2869 -8
2870 2870 -15
2871 2871 -10
2872 2872 -12
2873 2873 -11
2874 2874 -9
2875 2875 -8
2876 2876 -19
2877 2877 -10
2878 2878 -15
2879 2879 -9
2880 2880 -14
2881 2881 -9
2882 2882 -12
2883 2883 -8
2884 2884 -10
2885 2885 -14
2886 2886 -8
2887 2887 -12
2888 2888 -16
2889 2889 -10
2890 2890 -7
2891 2891 -10
2892 2892 -11
2893 2893 -11
2894 2894 -8
2895 2895 -9
2896 2896 -7
2897 2897 -10
2898 2898 -9
2899 2899 -9
2900 2900 -8
2901 2901 -8
2902 2902 -10
2903 2903 -6
2904 2904 -11
2905 2905 -10
2906 2906 -7
2907 2907 -11
2908 2908 -8
2909 2909 -7
2910 2910 -9
2911 2911 -7
2912 2912 -14
2913 2913 -9
2914 2914 -8
2915 2915 -10
2916 2916 -12
2917 2917 -9
2918 2918 -10
2919 2919 -10
2920 2920 -6
2921 2921 -6
2922 2922 -8
2923 2923 -7
2924 2924 -6
2925 2925 -8
2926 2926 -11
2927 2927 -8
2928 2928 -9
2929 2929 -9
2930 2930 -7
2931 2931 -9
2932 2932 -9
2933 2933 -10
2934 2934 -8
2935 2935 -7
2936 2936 -11
2937 2937 -8
2938 2938 -8
2939 2939 -8
2940 2940 -8
2941 2941 -12
2942 2942 -12
2943 2943 -8
2944 2944 -10
2945 2945 -12
2946 2946 -9
2947 2947 -7
2948 2948 -11
2949 2949 -7
2950 2950 -9
2951 2951 -9
2952 2952 -8
2953 2953 -8
2954 2954 -8
2955 2955 -10
2956 2956 -7
2957 2957 -8
2958 2958 -7
2959 2959 -13
2960 2960 -10
2961 2961 -8
2962 2962 -9
2963 2963 -11
2964 2964 -11
2965 2965 -9
2966 2966 -8
2967 2967 -7
2968 2968 -7
2969 2969 -10
2970 2970 -10
2971 2971 -8
2972 2972 -12
2973 2973 -11
2974 2974 -8
2975 2975 -7
2976 2976 -10
2977 2977 -6
2978 2978 -8
2979 2979 -10
2980 2980 -7
2981 2981 -8
2982 2982 -7
2983 2983 -10
2984 2984 -7
2985 2985 -8
2986 2986 -13
2987 2987 -8
2988 2988 -8
2989 2989 -10
2990 2990 -12
2991 2991 -10
2992 2992 -6
2993 2993 -8
2994 2994 -6
2995 2995 -7
2996 2996 -9
2997 2997 -10
2998 2998 -9
2999 2999 -9
3000 3000 -7
3001 3001 -12
3002 3002 -8
3003 3003 -10
3004 3004 -9
3005 3005 -6
3006 3006 -7
3007 3007 -11
3008 3008 -9
3009 3009 -7
3010 3010 -10
3011 3011 -11
3012 3012 -6
3013 3013 -10
3014 3014 -10
3015 3015 -5
3016 3016 -7
3017 3017 -13
3018 3018 -10
3019 3019 -12
3020 3020 -8
3021 3021 -8
3022 3022 -13
3023 3023 -11
3024 3024 -9
3025 3025 -10
3026 3026 -6
3027 3027 -14
3028 3028 -7
3029 3029 -13
3030 3030 -12
3031 3031 -5
3032 3032 -6
3033 3033 -7
3034 3034 -6
3035 3035 -7
3036 3036 -9
3037 3037 -9
3038 3038 -12
3039 3039 -9
3040 3040 -8
3041 3041 -6
3042 3042 -9
3043 3043 -10
3044 3044 -10
3045 3045 -7
3046 3046 -8
3047 3047 -10
3048 3048 -12
3049 3049 -8
3050 3050 -5
3051 3051 -10
3052 3052 -12
3053 3053 -7
3054 3054 -11
3055 3055 -8
3056 3056 -10
3057 3057 -12
3058 3058 -9
3059 3059 -11
3060 3060 -12
3061 3061 -7
3062 3062 -10
3063 3063 -8
3064 3064 -11
3065 3065 -7
3066 3066 -7
3067 3067 -16
3068 3068 -10
3069 3069 -10
3070 3070 -7
3071 3071 -12
3072 3072 -7
3073 3073 -9
3074 3074 -9
3075 3075 -7
3076 3076 -10
3077 3077 -9
3078 3078 -11
3079 3079 -11
3080 3080 -9
3081 3081 -8
3082 3082 -10
3083 3083 -7
3084 3084 -8
3085 3085 -12
3086 3086 -8
3087 3087 -8
3088 3088 -10
3089 3089 -8
3090 3090 -7
3091 3091 -11
3092 3092 -7
3093 3093 -9
3094 3094 -10
3095 3095 -10
3096 3096 -11
3097 3097 -6
3098 3098 -10
3099 3099 -9
3100 3100 -6
3101 3101 -15
3102 3102 -6
3103 3103 -8
3104 3104 -6
3105 3105 -6
3106 3106 -11
3107 3107 -9
3108 3108 -8
3109 3109 -12
3110 3110 -8
3111 3111 -8
3112 3112 -8
3113 3113 -9
3114 3114 -9
3115 3115 -6
3116 3116 -13
3117 3117 -9
3118 3118 -11
3119 3119 -8
3120 3120 -9
3121 3121 -7
3122 3122 -10
3123 3123 -11
3124 3124 -8
3125 3125 -13
3126 3126 -7
3127 3127 -10
3128 3128 -6
3129 3129 -8
3130 3130 -8
3131 3131 -8
3132 3132 -7
3133 3133 -12
3134 3134 -8
3135 3135 -6
3136 3136 -11
3137 3137 -9
3138 3138 -10
3139 3139 -10
3140 3140 -8
3141 3141 -9
3142 3142 -8
3143 3143 -8
3144 3144 -9
3145 3145 -8
3146 3146 -9
3147 3147 -8
3148 3148 -7
3149 3149 -8
3150 3150 -13
3151 3151 -7
3152 3152 -11
3153 3153 -8
3154 3154 -8
3155 3155 -9
3156 3156 -9
3157 3157 -7
3158 3158 -7
3159 3159 -7
3160 3160 -7
3161 3161 -9
3162 3162 -6
3163 3163 -13
3164 3164 -8
3165 3165 -11
3166 3166 -8
3167 3167 -8
3168 3168 -6
3169 3169 -9
3170 3170 -7
3171 3171 -6
3172 3172 -6
3173 3173 -8
3174 3174 -10
3175 3175 -8
3176 3176 -10
3177 3177 -9
3178 3178 -7
3179 3179 -14
3180 3180 -8
3181 3181 -8
3182 3182 -10
3183 3183 -8
3184 3184 -6
3185 3185 -10
3186 3186 -9
3187 3187 -6
3188 3188 -8
3189 3189 -9
3190 3190 -8
3191 3191 -10
3192 3192 -7
3193 3193 -8
3194 3194 -7
3195 3195 -10
3196 3196 -6
3197 3197 -12
3198 3198 -6
3199 3199 -6
3200 3200 -7
3201 3201 -9
3202 3202 -6
3203 3203 -6
3204 3204 -8
3205 3205 -8
3206 3206 -8
3207 3207 -10
3208 3208 -7
3209 3209 -9
3210 3210 -8
3211 3211 -12
3212 3212 -7
3213 3213 -8
3214 3214 -9
3215 3215 -10
3216 3216 -12
3217 3217 -7
3218 3218 -11
3219 3219 -12
3220 3220 -7
3221 3221 -12
3222 3222 -8
3223 3223 -6
3224 3224 -8
3225 3225 -9
3226 3226 -14
3227 3227 -8
3228 3228 -7
3229 3229 -8
3230 3230 -9
3231 3231 -6
3232 3232 -9
3233 3233 -6
3234 3234 -8
3235 3235 -9
3236 3236 -7
3237 3237 -6
3238 3238 -9
3239 3239 -10
3240 3240 -7
3241 3241 -8
3242 3242 -7
3243 3243 -6
3244 3244 -6
3245 3245 -7
3246 3246 -7
3247 3247 -13
3248 3248 -8
3249 3249 -8
3250 3250 -8
3251 3251 -10
3252 3252 -8
3253 3253 -11
3254 3254 -9
3255 3255 -8
3256 3256 -7
3257 3257 -8
3258 3258 -12
3259 3259 -8
3260 3260 -8
3261 3261 -12
3262 3262 -12
3263 3263 -8
3264 3264 -6
3265 3265 -9
3266 3266 -8
3267 3267 -9
3268 3268 -7
3269 3269 -13
3270 3270 -9
3271 3271 -6
3272 3272 -9
3273 3273 -9
3274 3274 -8
3275 3275 -9
3276 3276 -8
3277 3277 -8
3278 3278 -12
3279 3279 -8
3280 3280 -9
3281 3281 -8
3282 3282 -8
3283 3283 -7
3284 3284 -11
3285 3285 -9
3286 3286 -6
3287 3287 -10
3288 3288 -7
3289 3289 -8
3290 3290 -8
3291 3291 -8
3292 3292 -8
3293 3293 -8
3294 3294 -13
3295 3295 -10
3296 3296 -8
3297 3297 -9
3298 3298 -9
3299 3299 -9
3300 3300 -7
3301 3301 -7
3302 3302 -6
3303 3303 -6
3304 3304 -9
3305 3305 -8
3306 3306 -11
3307 3307 -9
3308 3308 -9
3309 3309 -8
3310 3310 -11
3311 3311 -9
3312 3312 -8
3313 3313 -7
3314 3314 -6
3315 3315 -10
3316 3316 -8
3317 3317 -10
3318 3318 -7
3319 3319 -7
3320 3320 -12
3321 3321 -10
3322 3322 -7
3323 3323 -12
3324 3324 -9
3325 3325 -12
3326 3326 -8
3327 3327 -8
3328 3328 -6
3329 3329 -7
3330 3330 -10
3331 3331 -9
3332 3332 -6
3333 3333 -11
3334 3334 -7
3335 3335 -8
3336 3336 -9
3337 3337 -9
3338 3338 -6
3339 3339 -10
3340 3340 -8
3341 3341 -7
3342 3342 -6
3343 3343 -7
3344 3344 -8
3345 3345 -11
3346 3346 -7
3347 3347 -8
3348 3348 -8
3349 3349 -10
3350 3350 -8
3351 3351 -7
3352 3352 -8
3353 3353 -6
3354 3354 -8
3355 3355 -8
3356 3356 -7
3357 3357 -5
3358 3358 -8
3359 3359 -9
3360 3360 -9
3361 3361 -6
3362 3362 -7
3363 3363 -10
3364 3364 -6
3365 3365 -8
3366 3366 -9
3367 3367 -10
3368 3368 -9
3369 3369 -6
3370 3370 -12
3371 3371 -6
3372 3372 -8
3373 3373 -7
3374 3374 -8
3375 3375 -8
3376 3376 -6
3377 3377 -6
3378 3378 -7
3379 3379 -7
3380 3380 -6
3381 3381 -8
3382 3382 -9
3383 3383 -11
3384 3384 -8
3385 3385 -6
3386 3386 -9
3387 3387 -7
3388 3388 -8
3389 3389 -9
3390 3390 -8
3391 3391 -12
3392 3392 -7
3393 3393 -8
3394 3394 -11
3395 3395 -9
3396 3396 -9
3397 3397 -7
3398 3398 -9
3399 3399 -7
3400 3400 -10
3401 3401 -8
3402 3402 -8
3403 3403 -11
3404 3404 -10
3405 3405 -9
3406 3406 -8
3407 3407 -5
3408 3408 -7
3409 3409 -9
3410 3410 -10
3411 3411 -8
3412 3412 -8
3413 3413 -7
3414 3414 -6
3415 3415 -10
3416 3416 -8
3417 3417 -6
3418 3418 -7
3419 3419 -10
3420 3420 -7
3421 3421 -8
3422 3422 -12
3423 3423 -8
3424 3424 -7
3425 3425 -7
3426 3426 -8
3427 3427 -11
3428 3428 -8
3429 3429 -9
3430 3430 -8
3431 3431 -7
3432 3432 -6
3433 3433 -11
3434 3434 -11
3435 3435 -8
3436 3436 -9
3437 3437 -8
3438 3438 -7
3439 3439 -11
3440 3440 -6
3441 3441 -10
3442 3442 -8
3443 3443 -6
3444 3444 -8
3445 3445 -10
3446 3446 -8
3447 3447 -11
3448 3448 -9
3449 3449 -8
3450 3450 -6
3451 3451 -6
3452 3452 -7
3453 3453 -7
3454 3454 -7
3455 3455 -8
3456 3456 -9
3457 3457 -6
3458 3458 -12
3459 3459 -6
3460 3460 -10
3461 3461 -7
3462 3462 -12
3463 3463 -9
3464 3464 -7
3465 3465 -12
3466 3466 -12
3467 3467 -9
3468 3468 -7
3469 3469 -8
3470 3470 -7
3471 3471 -7
3472 3472 -7
3473 3473 -11
3474 3474 -10
3475 3475 -9
3476 3476 -8
3477 3477 -8
3478 3478 -9
3479 3479 -8
3480 3480 -7
3481 3481 -6
3482 3482 -9
3483 3483 -9
3484 3484 -7
3485 3485 -9
3486 3486 -7
3487 3487 -9
3488 3488 -7
3489 3489 -9
3490 3490 -8
3491 3491 -6
3492 3492 -7
3493 3493 -9
3494 3494 -6
3495 3495 -11
3496 3496 -8
3497 3497 -6
3498 3498 -7
3499 3499 -11
3500 3500 -7
3501 3501 -8
3502 3502 -7
3503 3503 -7
3504 3504 -7
3505 3505 -15
3506 3506 -7
3507 3507 -8
3508 3508 -7
3509 3509 -5
3510 3510 -11
3511 3511 -8
3512 3512 -8
3513 3513 -12
3514 3514 -9
3515 3515 -7
3516 3516 -9
3517 3517 -11
3518 3518 -6
3519 3519 -8
3520 3520 -6
3521 3521 -7
3522 3522 -7
3523 3523 -6
3524 3524 -9
3525 3525 -11
3526 3526 -10
3527 3527 -10
3528 3528 -6
3529 3529 -6
3530 3530 -9
3531 3531 -12
3532 3532 -7
3533 3533 -6
3534 3534 -7
3535 3535 -11
3536 3536 -7
3537 3537 -11
3538 3538 -9
3539 3539 -6
3540 3540 -11
3541 3541 -7
3542 3542 -7
3543 3543 -8
3544 3544 -9
3545 3545 -6
3546 3546 -8
3547 3547 -6
3548 3548 -8
3549 3549 -8
3550 3550 -8
3551 3551 -8
3552 3552 -9
3553 3553 -8
3554 3554 -8
3555 3555 -10
3556 3556 -9
3557 3557 -9
3558 3558 -11
3559 3559 -8
3560 3560 -8
3561 3561 -8
3562 3562 -6
3563 3563 -8
3564 3564 -10
3565 3565 -9
3566 3566 -11
3567 3567 -8
3568 3568 -9
3569 3569 -8
3570 3570 -8
3571 3571 -6
3572 3572 -7
3573 3573 -7
3574 3574 -10
3575 3575 -8
3576 3576 -12
3577 3577 -8
3578 3578 -8
3579 3579 -6
3580 3580 -7
3581 3581 -10
3582 3582 -7
3583 3583 -8
3584 3584 -6
3585 3585 -9
3586 3586 -9
3587 3587 -11
3588 3588 -8
3589 3589 -8
3590 3590 -8
3591 3591 -12
3592 3592 -5
3593 3593 -7
3594 3594 -9
3595 3595 -8
3596 3596 -11
3597 3597 -7
3598 3598 -7
3599 3599 -6
3600 3600 -11
3601 3601 -7
3602 3602 -7
3603 3603 -8
3604 3604 -6
3605 3605 -14
3606 3606 -8
3607 3607 -16
3608 3608 -7
3609 3609 -9
3610 3610 -9
3611 3611 -9
3612 3612 -7
3613 3613 -9
3614 3614 -6
3615 3615 -6
3616 3616 -6
3617 3617 -8
3618 3618 -10
3619 3619 -8
3620 3620 -10
3621 3621 -7
3622 3622 -6
3623 3623 -8
3624 3624 -8
3625 3625 -6
3626 3626 -8
3627 3627 -6
3628 3628 -8
3629 3629 -6
3630 3630 -7
3631 3631 -10
3632 3632 -7
3633 3633 -8
3634 3634 -7
3635 3635 -6
3636 3636 -7
3637 3637 -9
3638 3638 -6
3639 3639 -7
3640 3640 -8
3641 3641 -5
3642 3642 -6
3643 3643 -7
3644 3644 -9
3645 3645 -6
3646 3646 -7
3647 3647 -7
3648 3648 -7
3649 3649 -8
3650 3650 -12
3651 3651 -7
3652 3652 -7
3653 3653 -7
3654 3654 -7
3655 3655 -8
3656 3656 -8
3657 3657 -9
3658 3658 -8
3659 3659 -14
3660 3660 -6
3661 3661 -6
3662 3662 -9
3663 3663 -6
3664 3664 -6
3665 3665 -9
3666 3666 -9
3667 3667 -7
3668 3668 -9
3669 3669 -10
3670 3670 -8
3671 3671 -7
3672 3672 -10
3673 3673 -8
3674 3674 -9
3675 3675 -9
3676 3676 -7
3677 3677 -6
3678 3678 -8
3679 3679 -8
3680 3680 -9
3681 3681 -6
3682 3682 -7
3683 3683 -6
3684 3684 -11
3685 3685 -6
3686 3686 -7
3687 3687 -6
3688 3688 -10
3689 3689 -9
3690 3690 -8
3691 3691 -9
3692 3692 -10
3693 3693 -8
3694 3694 -7
3695 3695 -6
3696 3696 -9
3697 3697 -9
3698 3698 -7
3699 3699 -11
3700 3700 -6
3701 3701 -6
3702 3702 -7
3703 3703 -8
3704 3704 -11
3705 3705 -7
3706 3706 -9
3707 3707 -8
3708 3708 -7
3709 3709 -7
3710 3710 -8
3711 3711 -9
3712 3712 -8
3713 3713 -7
3714 3714 -9
3715 3715 -8
3716 3716 -9
3717 3717 -6
3718 3718 -12
3719 3719 -6
3720 3720 -9
3721 3721 -7
3722 3722 -7
3723 3723 -8
3724 3724 -5
3725 3725 -7
3726 3726 -10
3727 3727 -9
3728 3728 -9
3729 3729 -8
3730 3730 -11
3731 3731 -8
3732 3732 -8
3733 3733 -6
3734 3734 -6
3735 3735 -10
3736 3736 -8
3737 3737 -7
3738 3738 -6
3739 3739 -7
3740 3740 -5
3741 3741 -6
3742 3742 -8
3743 3743 -10
3744 3744 -9
3745 3745 -7
3746 3746 -8
3747 3747 -9
3748 3748 -9
3749 3749 -9
3750 3750 -8
3751 3751 -8
3752 3752 -12
3753 3753 -7
3754 3754 -6
3755 3755 -10
3756 3756 -12
3757 3757 -7
3758 3758 -7
3759 3759 -7
3760 3760 -11
3761 3761 -6
3762 3762 -11
3763 3763 -8
3764 3764 -8
3765 3765 -8
3766 3766 -12
3767 3767 -7
3768 3768 -8
3769 3769 -8
3770 3770 -8
3771 3771 -10
3772 3772 -6
3773 3773 -7
3774 3774 -13
3775 3775 -8
3776 3776 -6
3777 3777 -9
3778 3778 -10
3779 3779 -9
3780 3780 -6
3781 3781 -13
3782 3782 -8
3783 3783 -7
3784 3784 -7
3785 3785 -9
3786 3786 -9
3787 3787 -6
3788 3788 -8
3789 3789 -14
3790 3790 -6
3791 3791 -6
3792 3792 -8
3793 3793 -6
3794 3794 -7
3795 3795 -7
3796 3796 -13
3797 3797 -8
3798 3798 -12
3799 3799 -13
3800 3800 -6
3801 3801 -5
3802 3802 -8
3803 3803 -6
3804 3804 -8
3805 3805 -7
3806 3806 -7
3807 3807 -7
3808 3808 -8
3809 3809 -10
3810 3810 -7
3811 3811 -8
3812 3812 -6
3813 3813 -9
3814 3814 -7
3815 3815 -6
3816 3816 -9
3817 3817 -8
3818 3818 -7
3819 3819 -9
3820 3820 -7
3821 3821 -10
3822 3822 -6
3823 3823 -7
3824 3824 -7
3825 3825 -7
3826 3826 -9
3827 3827 -9
3828 3828 -7
3829 3829 -9
3830 3830 -8
3831 3831 -9
3832 3832 -7
3833 3833 -5
3834 3834 -10
3835 3835 -9
3836 3836 -10
3837 3837 -9
3838 3838 -7
3839 3839 -6
3840 3840 -8
3841 3841 -14
3842 3842 -7
3843 3843 -6
3844 3844 -11
3845 3845 -8
3846 3846 -7
3847 3847 -8
3848 3848 -8
3849 3849 -9
3850 3850 -6
3851 3851 -11
3852 3852 -6
3853 3853 -9
3854 3854 -7
3855 3855 -7
3856 3856 -6
3857 3857 -7
3858 3858 -6
3859 3859 -7
3860 3860 -6
3861 3861 -7
3862 3862 -8
3863 3863 -8
3864 3864 -6
3865 3865 -7
3866 3866 -11
3867 3867 -8
3868 3868 -12
3869 3869 -7
3870 3870 -6
3871 3871 -9
3872 3872 -7
3873 3873 -7
3874 3874 -7
3875 3875 -12
3876 3876 -9
3877 3877 -8
3878 3878 -12
3879 3879 -5
3880 3880 -7
3881 3881 -8
3882 3882 -8
3883 3883 -8
3884 3884 -8
3885 3885 -7
3886 3886 -7
3887 3887 -8
3888 3888 -6
3889 3889 -7
3890 3890 -6
3891 3891 -7
3892 3892 -8
3893 3893 -10
3894 3894 -9
3895 3895 -7
3896 3896 -7
3897 3897 -8
3898 3898 -6
3899 3899 -6
3900 3900 -7
3901 3901 -11
3902 3902 -9
3903 3903 -8
3904 3904 -9
3905 3905 -9
3906 3906 -6
3907 3907 -9
3908 3908 -10
3909 3909 -6
3910 3910 -7
3911 3911 -5
3912 3912 -8
3913 3913 -7
3914 3914 -7
3915 3915 -9
3916 3916 -7
3917 3917 -8
3918 3918 -7
3919 3919 -8
3920 3920 -7
3921 3921 -9
3922 3922 -8
3923 3923 -7
3924 3924 -5
3925 3925 -7
3926 3926 -9
3927 3927 -6
3928 3928 -6
3929 3929 -7
3930 3930 -8
3931 3931 -6
3932 3932 -7
3933 3933 -7
3934 3934 -7
3935 3935 -8
3936 3936 -8
3937 3937 -9
3938 3938 -12
3939 3939 -8
3940 3940 -8
3941 3941 -9
3942 3942 -7
3943 3943 -7
3944 3944 -7
3945 3945 -8
3946 3946 -6
3947 3947 -7
3948 3948 -9
3949 3949 -8
3950 3950 -8
3951 3951 -7
3952 3952 -5
3953 3953 -9
3954 3954 -7
3955 3955 -7
3956 3956 -7
3957 3957 -9
3958 3958 -7
3959 3959 -8
3960 3960 -7
3961 3961 -8
3962 3962 -9
3963 3963 -6
3964 3964 -7
3965 3965 -11
3966 3966 -9
3967 3967 -6
3968 3968 -6
3969 3969 -8
3970 3970 -8
3971 3971 -7
3972 3972 -9
3973 3973 -8
3974 3974 -8
3975 3975 -7
3976 3976 -5
3977 3977 -6
3978 3978 -8
3979 3979 -8
3980 3980 -7
3981 3981 -7
3982 3982 -10
3983 3983 -7
3984 3984 -8
3985 3985 -10
3986 3986 -7
3987 3987 -7
3988 3988 -10
3989 3989 -7
3990 3990 -6
3991 3991 -6
3992 3992 -6
3993 3993 -7
3994 3994 -6
3995 3995 -8
3996 3996 -7
3997 3997 -9
3998 3998 -9
3999 3999 -11
4000 4000 -6
4001 4001 -12
4002 4002 -8
4003 4003 -8
4004 4004 -6
4005 4005 -10
4006 4006 -8
4007 4007 -12
4008 4008 -7
4009 4009 -8
4010 4010 -7
4011 4011 -7
4012 4012 -9
4013 4013 -9
4014 4014 -7
4015 4015 -6
4016 4016 -9
4017 4017 -6
4018 4018 -11
4019 4019 -8
4020 4020 -9
4021 4021 -6
4022 4022 -8
4023 4023 -13
4024 4024 -7
4025 4025 -11
4026 4026 -8
4027 4027 -8
4028 4028 -7
4029 4029 -6
4030 4030 -6
4031 4031 -8
4032 4032 -8
4033 4033 -6
4034 4034 -11
4035 4035 -6
4036 4036 -7
4037 4037 -7
4038 4038 -6
4039 4039 -10
4040 4040 -6
4041 4041 -7
4042 4042 -6
4043 4043 -7
4044 4044 -9
4045 4045 -7
4046 4046 -6
4047 4047 -8
4048 4048 -11
4049 4049 -7
4050 4050 -7
4051 4051 -10
4052 4052 -6
4053 4053 -6
4054 4054 -7
4055 4055 -9
4056 4056 -8
4057 4057 -8
4058 4058 -6
4059 4059 -8
4060 4060 -9
4061 4061 -7
4062 4062 -8
4063 4063 -12
4064 4064 -6
4065 4065 -6
4066 4066 -7
4067 4067 -7
4068 4068 -8
4069 4069 -6
4070 4070 -7
4071 4071 -5
4072 4072 -6
4073 4073 -13
4074 4074 -9
4075 4075 -8
4076 4076 -7
4077 4077 -8
4078 4078 -6
4079 4079 -7
4080 4080 -9
4081 4081 -7
4082 4082 -7
4083 4083 -9
4084 4084 -8
4085 4085 -11
4086 4086 -6
4087 4087 -7
4088 4088 -11
4089 4089 -6
4090 4090 -7
4091 4091 -6
4092 4092 -7
4093 4093 -7
4094 4094 -8
4095 4095 -8
4096 4096 -10
4097 4097 -9
4098 4098 -7
4099 4099 -8
4100 4100 -8
4101 4101 -6
4102 4102 -8
4103 4103 -8
4104 4104 -8
4105 4105 -6
4106 4106 -7
4107 4107 -8
4108 4108 -9
4109 4109 -8
4110 4110 -7
4111 4111 -6
4112 4112 -7
4113 4113 -8
4114 4114 -7
4115 4115 -7
4116 4116 -6
4117 4117 -7
4118 4118 -7
4119 4119 -11
4120 4120 -6
4121 4121 -7
4122 4122 -8
4123 4123 -7
4124 4124 -6
4125 4125 -10
4126 4126 -8
4127 4127 -6
4128 4128 -6
4129 4129 -6
4130 4130 -7
4131 4131 -8
4132 4132 -9
4133 4133 -7
4134 4134 -10
4135 4135 -9
4136 4136 -7
4137 4137 -6
4138 4138 -7
4139 4139 -6
4140 4140 -7
4141 4141 -6
4142 4142 -8
4143 4143 -6
4144 4144 -7
4145 4145 -6
4146 4146 -7
4147 4147 -8
4148 4148 -6
4149 4149 -11
4150 4150 -6
4151 4151 -6
4152 4152 -7
4153 4153 -7
4154 4154 -7
4155 4155 -8
4156 4156 -8
4157 4157 -9
4158 4158 -9
4159 4159 -8
4160 4160 -8
4161 4161 -6
4162 4162 -10
4163 4163 -11
4164 4164 -6
4165 4165 -9
4166 4166 -9
4167 4167 -9
4168 4168 -6
4169 4169 -6
4170 4170 -8
4171 4171 -8
4172 4172 -6
4173 4173 -8
4174 4174 -8
4175 4175 -8
4176 4176 -7
4177 4177 -9
4178 4178 -6
4179 4179 -7
4180 4180 -12
4181 4181 -11
4182 4182 -6
4183 4183 -6
4184 4184 -6
4185 4185 -7
4186 4186 -8
4187 4187 -11
4188 4188 -8
4189 4189 -8
4190 4190 -8
4191 4191 -6
4192 4192 -9
4193 4193 -6
4194 4194 -6
4195 4195 -9
4196 4196 -9
4197 4197 -10
4198 4198 -6
4199 4199 -7
4200 4200 -8
4201 4201 -13
4202 4202 -10
4203 4203 -7
4204 4204 -7
4205 4205 -6
4206 4206 -11
4207 4207 -6
4208 4208 -8
4209 4209 -7
4210 4210 -7
4211 4211 -8
4212 4212 -8
4213 4213 -11
4214 4214 -8
4215 4215 -7
4216 4216 -11
4217 4217 -11
4218 4218 -10
4219 4219 -8
4220 4220 -6
4221 4221 -7
4222 4222 -6
4223 4223 -9
4224 4224 -6
4225 4225 -9
4226 4226 -8
4227 4227 -11
4228 4228 -9
4229 4229 -6
4230 4230 -6
4231 4231 -6
4232 4232 -6
4233 4233 -10
4234 4234 -6
4235 4235 -6
4236 4236 -10
4237 4237 -7
4238 4238 -6
4239 4239 -12
4240 4240 -6
4241 4241 -10
4242 4242 -7
4243 4243 -7
4244 4244 -7
4245 4245 -7
4246 4246 -8
4247 4247 -10
4248 4248 -6
4249 4249 -7
4250 4250 -8
4251 4251 -8
4252 4252 -8
4253 4253 -10
4254 4254 -6
4255 4255 -7
4256 4256 -8
4257 4257 -8
4258 4258 -10
4259 4259 -6
4260 4260 -8
4261 4261 -7
4262 4262 -7
4263 4263 -6
4264 4264 -10
4265 4265 -5
4266 4266 -9
4267 4267 -5
4268 4268 -9
4269 4269 -7
4270 4270 -7
4271 4271 -8
4272 4272 -10
4273 4273 -7
4274 4274 -11
4275 4275 -9
4276 4276 -6
4277 4277 -7
4278 4278 -9
4279 4279 -8
4280 4280 -8
4281 4281 -8
4282 4282 -8
4283 4283 -6
4284 4284 -7
4285 4285 -7
4286 4286 -10
4287 4287 -6
4288 4288 -8
4289 4289 -5
4290 4290 -9
4291 4291 -6
4292 4292 -7
4293 4293 -8
4294 4294 -7
4295 4295 -6
4296 4296 -7
4297 4297 -7
4298 4298 -10
4299 4299 -7
4300 4300 -8
4301 4301 -7
4302 4302 -11
4303 4303 -8
4304 4304 -8
4305 4305 -6
4306 4306 -6
4307 4307 -7
4308 4308 -8
4309 4309 -7
4310 4310 -6
4311 4311 -9
4312 4312 -9
4313 4313 -8
4314 4314 -6
4315 4315 -7
4316 4316 -7
4317 4317 -6
4318 4318 -8
4319 4319 -7
4320 4320 -9
4321 4321 -6
4322 4322 -7
4323 4323 -7
4324 4324 -6
4325 4325 -8
4326 4326 -7
4327 4327 -9
4328 4328 -8
4329 4329 -9
4330 4330 -6
4331 4331 -14
4332 4332 -6
4333 4333 -7
4334 4334 -9
4335 4335 -6
4336 4336 -7
4337 4337 -6
4338 4338 -6
4339 4339 -8
4340 4340 -9
4341 4341 -7
4342 4342 -8
4343 4343 -6
4344 4344 -7
4345 4345 -7
4346 4346 -10
4347 4347 -6
4348 4348 -9
4349 4349 -7
4350 4350 -7
4351 4351 -9
4352 4352 -8
4353 4353 -7
4354 4354 -6
4355 4355 -8
4356 4356 -7
4357 4357 -10
4358 4358 -8
4359 4359 -7
4360 4360 -6
4361 4361 -8
4362 4362 -8
4363 4363 -8
4364 4364 -6
4365 4365 -6
4366 4366 -6
4367 4367 -9
4368 4368 -7
4369 4369 -6
4370 4370 -6
4371 4371 -6
4372 4372 -9
4373 4373 -7
4374 4374 -6
4375 4375 -9
4376 4376 -10
4377 4377 -9
4378 4378 -10
4379 4379 -7
4380 4380 -8
4381 4381 -7
4382 4382 -7
4383 4383 -7
4384 4384 -7
4385 4385 -6
4386 4386 -9
4387 4387 -7
4388 4388 -6
4389 4389 -7
4390 4390 -9
4391 4391 -9
4392 4392 -6
4393 4393 -8
4394 4394 -6
4395 4395 -7
4396 4396 -6
4397 4397 -7
4398 4398 -7
4399 4399 -10
4400 4400 -8
4401 4401 -7
4402 4402 -6
4403 4403 -9
4404 4404 -9
4405 4405 -6
4406 4406 -9
4407 4407 -7
4408 4408 -6
4409 4409 -6
4410 4410 -8
4411 4411 -11
4412 4412 -6
4413 4413 -6
4414 4414 -9
4415 4415 -7
4416 4416 -7
4417 4417 -9
4418 4418 -7
4419 4419 -5
4420 4420 -9
4421 4421 -9
4422 4422 -7
4423 4423 -6
4424 4424 -7
4425 4425 -7
4426 4426 -8
4427 4427 -10
4428 4428 -7
4429 4429 -8
4430 4430 -6
4431 4431 -8
4432 4432 -6
4433 4433 -7
4434 4434 -12
4435 4435 -7
4436 4436 -7
4437 4437 -8
4438 4438 -6
4439 4439 -6
4440 4440 -8
4441 4441 -7
4442 4442 -6
4443 4443 -7
4444 4444 -7
4445 4445 -7
4446 4446 -7
4447 4447 -6
4448 4448 -8
4449 4449 -8
4450 4450 -7
4451 4451 -14
4452 4452 -8
4453 4453 -6
4454 4454 -9
4455 4455 -8
4456 4456 -6
4457 4457 -6
4458 4458 -8
4459 4459 -7
4460 4460 -10
4461 4461 -7
4462 4462 -9
4463 4463 -10
4464 4464 -7
4465 4465 -7
4466 4466 -7
4467 4467 -7
4468 4468 -8
4469 4469 -8
4470 4470 -8
4471 4471 -7
4472 4472 -6
4473 4473 -8
4474 4474 -7
4475 4475 -6
4476 4476 -8
4477 4477 -9
4478 4478 -6
4479 4479 -6
4480 4480 -6
4481 4481 -6
4482 4482 -8
4483 4483 -8
4484 4484 -8
4485 4485 -7
4486 4486 -7
4487 4487 -9
4488 4488 -8
4489 4489 -7
4490 4490 -8
4491 4491 -6
4492 4492 -6
4493 4493 -7
4494 4494 -7
4495 4495 -8
4496 4496 -7
4497 4497 -11
4498 4498 -8
4499 4499 -9
4500 4500 -7
4501 4501 -8
4502 4502 -6
4503 4503 -6
4504 4504 -6
4505 4505 -9
4506 4506 -6
4507 4507 -7
4508 4508 -7
4509 4509 -6
4510 4510 -7
4511 4511 -8
4512 4512 -6
4513 4513 -7
4514 4514 -6
4515 4515 -8
4516 4516 -6
4517 4517 -8
4518 4518 -7
4519 4519 -8
4520 4520 -7
4521 4521 -9
4522 4522 -8
4523 4523 -6
4524 4524 -6
4525 4525 -7
4526 4526 -7
4527 4527 -6
4528 4528 -6
4529 4529 -7
4530 4530 -6
4531 4531 -7
4532 4532 -8
4533 4533 -8
4534 4534 -6
4535 4535 -6
4536 4536 -6
4537 4537 -8
4538 4538 -6
4539 4539 -7
4540 4540 -6
4541 4541 -6
4542 4542 -6
4543 4543 -8
4544 4544 -7
4545 4545 -8
4546 4546 -7
4547 4547 -8
4548 4548 -6
4549 4549 -7
4550 4550 -6
4551 4551 -9
4552 4552 -6
4553 4553 -6
4554 4554 -8
4555 4555 -5
4556 4556 -7
4557 4557 -6
4558 4558 -8
4559 4559 -6
4560 4560 -8
4561 4561 -8
4562 4562 -7
4563 4563 -8
4564 4564 -7
4565 4565 -6
4566 4566 -8
4567 4567 -7
4568 4568 -7
4569 4569 -7
4570 4570 -7
4571 4571 -6
4572 4572 -8
4573 4573 -7
4574 4574 -7
4575 4575 -9
4576 4576 -7
4577 4577 -6
4578 4578 -7
4579 4579 -6
4580 4580 -7
4581 4581 -8
4582 4582 -7
4583 4583 -9
4584 4584 -6
4585 4585 -7
4586 4586 -9
4587 4587 -8
4588 4588 -7
4589 4589 -10
4590 4590 -8
4591 4591 -7
4592 4592 -10
4593 4593 -9
4594 4594 -8
4595 4595 -7
4596 4596 -7
4597 4597 -8
4598 4598 -6
4599 4599 -8
4600 4600 -8
4601 4601 -9
4602 4602 -7
4603 4603 -8
4604 4604 -6
4605 4605 -6
4606 4606 -6
4607 4607 -8
4608 4608 -8
4609 4609 -7
4610 4610 -10
4611 4611 -9
4612 4612 -7
4613 4613 -6
4614 4614 -6
4615 4615 -8
4616 4616 -6
4617 4617 -7
4618 4618 -6
4619 4619 -7
4620 4620 -7
4621 4621 -7
4622 4622 -8
4623 4623 -7
4624 4624 -6
4625 4625 -7
4626 4626 -8
4627 4627 -8
4628 4628 -6
4629 4629 -6
4630 4630 -6
4631 4631 -6
4632 4632 -7
4633 4633 -6
4634 4634 -8
4635 4635 -7
4636 4636 -7
4637 4637 -6
4638 4638 -9
4639 4639 -12
4640 4640 -9
4641 4641 -8
4642 4642 -8
4643 4643 -8
4644 4644 -9
4645 4645 -7
4646 4646 -6
4647 4647 -8
4648 4648 -6
4649 4649 -6
4650 4650 -6
4651 4651 -7
4652 4652 -7
4653 4653 -8
4654 4654 -6
4655 4655 -8
4656 4656 -7
4657 4657 -6
4658 4658 -8
4659 4659 -6
4660 4660 -8
4661 4661 -7
4662 4662 -8
4663 4663 -7
4664 4664 -6
4665 4665 -7
4666 4666 -7
4667 4667 -8
4668 4668 -7
4669 4669 -8
4670 4670 -8
4671 4671 -7
4672 4672 -7
4673 4673 -8
4674 4674 -8
4675 4675 -5
4676 4676 -8
4677 4677 -8
4678 4678 -7
4679 4679 -8
4680 4680 -6
4681 4681 -6
4682 4682 -7
4683 4683 -7
4684 4684 -8
4685 4685 -8
4686 4686 -6
4687 4687 -10
4688 4688 -9
4689 4689 -5
4690 4690 -6
4691 4691 -8
4692 4692 -8
4693 4693 -9
4694 4694 -7
4695 4695 -8
4696 4696 -7
4697 4697 -9
4698 4698 -11
4699 4699 -7
4700 4700 -7
4701 4701 -7
4702 4702 -7
4703 4703 -8
4704 4704 -5
4705 4705 -6
4706 4706 -9
4707 4707 -7
4708 4708 -6
4709 4709 -6
4710 4710 -6
4711 4711 -8
4712 4712 -8
4713 4713 -6
4714 4714 -7
4715 4715 -8
4716 4716 -6
4717 4717 -7
4718 4718 -7
4719 4719 -7
4720 4720 -10
4721 4721 -11
4722 4722 -9
4723 4723 -7
4724 4724 -8
4725 4725 -6
4726 4726 -8
4727 4727 -9
4728 4728 -7
4729 4729 -6
4730 4730 -5
4731 4731 -9
4732 4732 -7
4733 4733 -8
4734 4734 -8
4735 4735 -6
4736 4736 -6
4737 4737 -7
4738 4738 -6
4739 4739 -6
4740 4740 -8
4741 4741 -7
4742 4742 -7
4743 4743 -7
4744 4744 -8
4745 4745 -6
4746 4746 -7
4747 4747 -7
4748 4748 -6
4749 4749 -7
4750 4750 -8
4751 4751 -7
4752 4752 -8
4753 4753 -6
4754 4754 -7
4755 4755 -7
4756 4756 -8
4757 4757 -7
4758 4758 -8
4759 4759 -7
4760 4760 -6
4761 4761 -9
4762 4762 -7
4763 4763 -6
4764 4764 -6
4765 4765 -6
4766 4766 -10
4767 4767 -6
4768 4768 -7
4769 4769 -6
4770 4770 -6
4771 4771 -7
4772 4772 -6
4773 4773 -8
4774 4774 -6
4775 4775 -6
4776 4776 -7
4777 4777 -10
4778 4778 -7
4779 4779 -6
4780 4780 -7
4781 4781 -7
4782 4782 -7
4783 4783 -6
4784 4784 -9
4785 4785 -7
4786 4786 -10
4787 4787 -6
4788 4788 -6
4789 4789 -6
4790 4790 -7
4791 4791 -8
4792 4792 -6
4793 4793 -10
4794 4794 -6
4795 4795 -7
4796 4796 -8
4797 4797 -6
4798 4798 -6
4799 4799 -6
4800 4800 -6
4801 4801 -9
4802 4802 -9
4803 4803 -6
4804 4804 -7
4805 4805 -6
4806 4806 -7
4807 4807 -8
4808 4808 -10
4809 4809 -7
4810 4810 -7
4811 4811 -8
4812 4812 -6
4813 4813 -8
4814 4814 -6
4815 4815 -8
4816 4816 -6
4817 4817 -10
4818 4818 -7
4819 4819 -7
4820 4820 -7
4821 4821 -7
4822 4822 -6
4823 4823 -6
4824 4824 -8
4825 4825 -5
4826 4826 -7
4827 4827 -8
4828 4828 -7
4829 4829 -7
4830 4830 -7
4831 4831 -5
4832 4832 -6
4833 4833 -7
4834 4834 -7
4835 4835 -7
4836 4836 -7
4837 4837 -6
4838 4838 -7
4839 4839 -6
4840 4840 -6
4841 4841 -7
4842 4842 -6
4843 4843 -7
4844 4844 -6
4845 4845 -6
4846 4846 -7
4847 4847 -7
4848 4848 -6
4849 4849 -7
4850 4850 -7
4851 4851 -6
4852 4852 -8
4853 4853 -6
4854 4854 -8
4855 4855 -7
4856 4856 -6
4857 4857 -6
4858 4858 -6
4859 4859 -9
4860 4860 -8
4861 4861 -6
4862 4862 -7
4863 4863 -6
4864 4864 -6
4865 4865 -6
4866 4866 -9
4867 4867 -8
4868 4868 -9
4869 4869 -7
4870 4870 -6
4871 4871 -9
4872 4872 -9
4873 4873 -6
4874 4874 -7
4875 4875 -8
4876 4876 -7
4877 4877 -6
4878 4878 -8
4879 4879 -6
4880 4880 -8
4881 4881 -8
4882 4882 -7
4883 4883 -6
4884 4884 -9
4885 4885 -6
4886 4886 -7
4887 4887 -14
4888 4888 -6
4889 4889 -6
4890 4890 -7
4891 4891 -6
4892 4892 -10
4893 4893 -9
4894 4894 -8
4895 4895 -9
4896 4896 -6
4897 4897 -6
4898 4898 -7
4899 4899 -9
4900 4900 -8
4901 4901 -7
4902 4902 -6
4903 4903 -7
4904 4904 -6
4905 4905 -6
4906 4906 -8
4907 4907 -5
4908 4908 -7
4909 4909 -7
4910 4910 -7
4911 4911 -7
4912 4912 -6
4913 4913 -12
4914 4914 -7
4915 4915 -7
4916 4916 -7
4917 4917 -6
4918 4918 -6
4919 4919 -7
4920 4920 -6
4921 4921 -6
4922 4922 -6
4923 4923 -6
4924 4924 -8
4925 4925 -7
4926 4926 -7
4927 4927 -6
4928 4928 -7
4929 4929 -7
4930 4930 -5
4931 4931 -6
4932 4932 -7
4933 4933 -6
4934 4934 -8
4935 4935 -6
4936 4936 -8
4937 4937 -7
4938 4938 -9
4939 4939 -6
4940 4940 -7
4941 4941 -7
4942 4942 -6
4943 4943 -6
4944 4944 -11
4945 4945 -7
4946 4946 -6
4947 4947 -7
4948 4948 -7
4949 4949 -6
4950 4950 -6
4951 4951 -8
4952 4952 -7
4953 4953 -5
4954 4954 -7
4955 4955 -8
4956 4956 -6
4957 4957 -6
4958 4958 -6
4959 4959 -5
4960 4960 -6
4961 4961 -7
4962 4962 -7
4963 4963 -6
4964 4964 -6
4965 4965 -7
4966 4966 -7
4967 4967 -7
4968 4968 -5
4969 4969 -6
4970 4970 -7
4971 4971 -8
4972 4972 -7
4973 4973 -7
4974 4974 -7
4975 4975 -8
4976 4976 -7
4977 4977 -7
4978 4978 -8
4979 4979 -6
4980 4980 -6
4981 4981 -6
4982 4982 -7
4983 4983 -5
4984 4984 -6
4985 4985 -7
4986 4986 -7
4987 4987 -7
4988 4988 -7
4989 4989 -12
4990 4990 -6
4991 4991 -9
4992 4992 -7
4993 4993 -7
4994 4994 -8
4995 4995 -6
4996 4996 -9
4997 4997 -7
4998 4998 -8
4999 4999 -7
5000 5000 -6
5001 5001 -6
5002 5002 -8
5003 5003 -8
5004 5004 -6
5005 5005 -6
5006 5006 -8
5007 5007 -5
5008 5008 -6
5009 5009 -6
5010 5010 -10
5011 5011 -6
5012 5012 -6
5013 5013 -8
5014 5014 -8
5015 5015 -8
5016 5016 -6
5017 5017 -6
5018 5018 -7
5019 5019 -7
5020 5020 -7
5021 5021 -8
5022 5022 -6
5023 5023 -7
5024 5024 -12
5025 5025 -6
5026 5026 -7
5027 5027 -7
5028 5028 -8
5029 5029 -6
5030 5030 -7
5031 5031 -6
5032 5032 -9
5033 5033 -7
5034 5034 -7
5035 5035 -6
5036 5036 -7
5037 5037 -8
5038 5038 -6
5039 5039 -8
5040 5040 -9
5041 5041 -7
5042 5042 -6
5043 5043 -7
5044 5044 -6
5045 5045 -6
5046 5046 -6
5047 5047 -7
5048 5048 -8
5049 5049 -6
5050 5050 -7
5051 5051 -7
5052 5052 -7
5053 5053 -7
5054 5054 -6
5055 5055 -9
5056 5056 -7
5057 5057 -6
5058 5058 -7
5059 5059 -6
5060 5060 -7
5061 5061 -7
5062 5062 -9
5063 5063 -9
5064 5064 -6
5065 5065 -7
5066 5066 -7
5067 5067 -6
5068 5068 -8
5069 5069 -6
5070 5070 -9
5071 5071 -6
5072 5072 -6
5073 5073 -9
5074 5074 -6
5075 5075 -7
5076 5076 -8
5077 5077 -6
5078 5078 -8
5079 5079 -7
5080 5080 -9
5081 5081 -6
5082 5082 -7
5083 5083 -8
5084 5084 -7
5085 5085 -9
5086 5086 -8
5087 5087 -6
5088 5088 -6
5089 5089 -8
5090 5090 -9
5091 5091 -8
5092 5092 -8
5093 5093 -6
5094 5094 -7
5095 5095 -7
5096 5096 -9
5097 5097 -6
5098 5098 -6
5099 5099 -9
5100 5100 -6
5101 5101 -7
5102 5102 -7
5103 5103 -8
5104 5104 -6
5105 5105 -6
5106 5106 -6
5107 5107 -8
5108 5108 -8
5109 5109 -7
5110 5110 -6
5111 5111 -8
5112 5112 -6
5113 5113 -9
5114 5114 -6
5115 5115 -10
5116 5116 -9
5117 5117 -7
5118 5118 -6
5119 5119 -6
5120 5120 -7
5121 5121 -6
5122 5122 -6
5123 5123 -7
5124 5124 -8
5125 5125 -7
5126 5126 -7
5127 5127 -7
5128 5128 -6
5129 5129 -6
5130 5130 -7
5131 5131 -9
5132 5132 -7
5133 5133 -6
5134 5134 -6
5135 5135 -8
5136 5136 -7
5137 5137 -7
5138 5138 -6
5139 5139 -6
5140 5140 -6
5141 5141 -6
5142 5142 -6
5143 5143 -7
5144 5144 -6
5145 5145 -7
5146 5146 -6
5147 5147 -7
5148 5148 -6
5149 5149 -5
5150 5150 -9
5151 5151 -6
5152 5152 -6
5153 5153 -7
5154 5154 -6
5155 5155 -8
5156 5156 -10
5157 5157 -6
5158 5158 -6
5159 5159 -6
5160 5160 -7
5161 5161 -8
5162 5162 -6
5163 5163 -6
5164 5164 -8
5165 5165 -8
5166 5166 -6
5167 5167 -7
5168 5168 -6
5169 5169 -7
5170 5170 -6
5171 5171 -6
5172 5172 -7
5173 5173 -7
5174 5174 -6
5175 5175 -5
5176 5176 -7
5177 5177 -7
5178 5178 -6
5179 5179 -6
5180 5180 -7
5181 5181 -7
5182 5182 -6
5183 5183 -7
5184 5184 -7
5185 5185 -6
5186 5186 -7
5187 5187 -7
5188 5188 -6
5189 5189 -7
5190 5190 -6
5191 5191 -6
5192 5192 -6
5193 5193 -10
5194 5194 -6
5195 5195 -6
5196 5196 -7
5197 5197 -6
5198 5198 -6
5199 5199 -7
5200 5200 -8
5201 5201 -7
5202 5202 -8
5203 5203 -8
5204 5204 -6
5205 5205 -6
5206 5206 -6
5207 5207 -6
5208 5208 -9
5209 5209 -6
5210 5210 -7
5211 5211 -7
5212 5212 -8
5213 5213 -9
5214 5214 -6
5215 5215 -6
5216 5216 -7
5217 5217 -6
5218 5218 -7
5219 5219 -8
5220 5220 -9
5221 5221 -8
5222 5222 -8
5223 5223 -6
5224 5224 -6
5225 5225 -8
5226 5226 -7
5227 5227 -8
5228 5228 -7
5229 5229 -8
5230 5230 -6
5231 5231 -10
5232 5232 -9
5233 5233 -6
5234 5234 -6
5235 5235 -6
5236 5236 -7
5237 5237 -9
5238 5238 -8
5239 5239 -6
5240 5240 -7
5241 5241 -9
5242 5242 -7
5243 5243 -7
5244 5244 -9
5245 5245 -7
5246 5246 -6
5247 5247 -7
5248 5248 -6
5249 5249 -5
5250 5250 -7
5251 5251 -7
5252 5252 -7
5253 5253 -6
5254 5254 -7
5255 5255 -8
5256 5256 -7
5257 5257 -6
5258 5258 -9
5259 5259 -6
5260 5260 -7
5261 5261 -9
5262 5262 -7
5263 5263 -7
5264 5264 -6
5265 5265 -8
5266 5266 -6
5267 5267 -8
5268 5268 -6
5269 5269 -6
5270 5270 -6
5271 5271 -6
5272 5272 -7
5273 5273 -7
5274 5274 -6
5275 5275 -7
5276 5276 -8
5277 5277 -6
5278 5278 -6
5279 5279 -7
5280 5280 -6
5281 5281 -6
5282 5282 -6
5283 5283 -7
5284 5284 -6
5285 5285 -7
5286 5286 -8
5287 5287 -5
5288 5288 -7
5289 5289 -7
5290 5290 -7
5291 5291 -6
5292 5292 -8
5293 5293 -7
5294 5294 -6
5295 5295 -7
5296 5296 -6
5297 5297 -6
5298 5298 -6
5299 5299 -6
5300 5300 -6
5301 5301 -6
5302 5302 -7
5303 5303 -6
5304 5304 -6
5305 5305 -6
5306 5306 -6
5307 5307 -6
5308 5308 -6
5309 5309 -6
5310 5310 -6
5311 5311 -6
5312 5312 -6
5313 5313 -7
5314 5314 -6
5315 5315 -7
5316 5316 -9
5317 5317 -6
5318 5318 -11
5319 5319 -6
5320 5320 -6
5321 5321 -6
5322 5322 -7
5323 5323 -9
5324 5324 -8
5325 5325 -6
5326 5326 -7
5327 5327 -8
5328 5328 -7
5329 5329 -6
5330 5330 -6
5331 5331 -7
5332 5332 -6
5333 5333 -6
5334 5334 -9
5335 5335 -7
5336 5336 -6
5337 5337 -6
5338 5338 -7
5339 5339 -9
5340 5340 -8
5341 5341 -6
5342 5342 -6
5343 5343 -6
5344 5344 -7
5345 5345 -8
5346 5346 -6
5347 5347 -10
5348 5348 -7
5349 5349 -7
5350 5350 -7
5351 5351 -7
5352 5352 -7
5353 5353 -6
5354 5354 -6
5355 5355 -7
5356 5356 -8
5357 5357 -7
5358 5358 -7
5359 5359 -5
5360 5360 -6
5361 5361 -5
5362 5362 -7
5363 5363 -7
5364 5364 -7
5365 5365 -7
5366 5366 -6
5367 5367 -7
5368 5368 -6
5369 5369 -6
5370 5370 -6
5371 5371 -7
5372 5372 -8
5373 5373 -7
5374 5374 -7
5375 5375 -6
5376 5376 -9
5377 5377 -6
5378 5378 -7
5379 5379 -5
5380 5380 -7
5381 5381 -8
5382 5382 -8
5383 5383 -8
5384 5384 -8
5385 5385 -7
5386 5386 -6
5387 5387 -6
5388 5388 -5
5389 5389 -6
5390 5390 -6
5391 5391 -6
5392 5392 -7
5393 5393 -6
5394 5394 -7
5395 5395 -8
5396 5396 -7
5397 5397 -6
5398 5398 -7
5399 5399 -6
5400 5400 -7
5401 5401 -6
5402 5402 -6
5403 5403 -6
5404 5404 -8
5405 5405 -6
5406 5406 -9
5407 5407 -6
5408 5408 -8
5409 5409 -7
5410 5410 -9
5411 5411 -7
5412 5412 -5
5413 5413 -6
5414 5414 -6
5415 5415 -10
5416 5416 -7
5417 5417 -6
5418 5418 -9
5419 5419 -7
5420 5420 -7
5421 5421 -6
5422 5422 -8
5423 5423 -6
5424 5424 -6
5425 5425 -6
5426 5426 -8
5427 5427 -7
5428 5428 -7
5429 5429 -6
5430 5430 -6
5431 5431 -11
5432 5432 -7
5433 5433 -6
5434 5434 -6
5435 5435 -6
5436 5436 -9
5437 5437 -7
5438 5438 -6
5439 5439 -6
5440 5440 -6
5441 5441 -6
5442 5442 -5
5443 5443 -6
5444 5444 -6
5445 5445 -8
5446 5446 -6
5447 5447 -8
5448 5448 -6
5449 5449 -6
5450 5450 -6
5451 5451 -10
5452 5452 -6
5453 5453 -7
5454 5454 -7
5455 5455 -6
5456 5456 -5
5457 5457 -6
5458 5458 -6
5459 5459 -8
5460 5460 -7
5461 5461 -6
5462 5462 -6
5463 5463 -7
5464 5464 -6
5465 5465 -6
5466 5466 -7
5467 5467 -7
5468 5468 -8
5469 5469 -8
5470 5470 -6
5471 5471 -7
5472 5472 -7
5473 5473 -6
5474 5474 -6
5475 5475 -7
5476 5476 -6
5477 5477 -6
5478 5478 -6
5479 5479 -7
5480 5480 -7
5481 5481 -6
5482 5482 -6
5483 5483 -7
5484 5484 -9
5485 5485 -6
5486 5486 -8
5487 5487 -7
5488 5488 -6
5489 5489 -6
5490 5490 -9
5491 5491 -6
5492 5492 -7
5493 5493 -5
5494 5494 -6
5495 5495 -5
5496 5496 -7
5497 5497 -7
5498 5498 -6
5499 5499 -7
5500 5500 -7
5501 5501 -7
5502 5502 -7
5503 5503 -7
5504 5504 -6
5505 5505 -7
5506 5506 -8
5507 5507 -9
5508 5508 -7
5509 5509 -7
5510 5510 -6
5511 5511 -6
5512 5512 -8
5513 5513 -7
5514 5514 -6
5515 5515 -6
5516 5516 -6
5517 5517 -6
5518 5518 -7
5519 5519 -6
5520 5520 -7
5521 5521 -7
5522 5522 -8
5523 5523 -6
5524 5524 -6
5525 5525 -7
5526 5526 -8
5527 5527 -7
5528 5528 -8
5529 5529 -6
5530 5530 -6
5531 5531 -6
5532 5532 -6
5533 5533 -6
5534 5534 -6
5535 5535 -6
5536 5536 -9
5537 5537 -6
5538 5538 -7
5539 5539 -9
5540 5540 -6
5541 5541 -5
5542 5542 -6
5543 5543 -7
5544 5544 -6
5545 5545 -7
5546 5546 -6
5547 5547 -6
5548 5548 -6
5549 5549 -6
5550 5550 -6
5551 5551 -6
5552 5552 -8
5553 5553 -6
5554 5554 -6
5555 5555 -7
5556 5556 -7
5557 5557 -8
5558 5558 -7
5559 5559 -8
5560 5560 -6
5561 5561 -6
5562 5562 -7
5563 5563 -8
5564 5564 -9
5565 5565 -6
5566 5566 -7
5567 5567 -7
5568 5568 -8
5569 5569 -6
5570 5570 -6
5571 5571 -6
5572 5572 -6
5573 5573 -8
5574 5574 -6
5575 5575 -6
5576 5576 -6
5577 5577 -7
5578 5578 -8
5579 5579 -7
5580 5580 -8
5581 5581 -8
5582 5582 -8
5583 5583 -6
5584 5584 -7
5585 5585 -6
5586 5586 -8
5587 5587 -7
5588 5588 -6
5589 5589 -6
5590 5590 -6
5591 5591 -8
5592 5592 -8
5593 5593 -9
5594 5594 -6
5595 5595 -6
5596 5596 -9
5597 5597 -7
5598 5598 -6
5599 5599 -6
5600 5600 -5
5601 5601 -8
5602 5602 -8
5603 5603 -7
5604 5604 -6
5605 5605 -6
5606 5606 -6
5607 5607 -6
5608 5608 -7
5609 5609 -6
5610 5610 -7
5611 5611 -6
5612 5612 -6
5613 5613 -6
5614 5614 -6
5615 5615 -8
5616 5616 -6
5617 5617 -8
5618 5618 -7
5619 5619 -7
5620 5620 -6
5621 5621 -6
5622 5622 -6
5623 5623 -5
5624 5624 -7
5625 5625 -7
5626 5626 -7
5627 5627 -6
5628 5628 -6
5629 5629 -6
5630 5630 -7
5631 5631 -6
5632 5632 -6
5633 5633 -6
5634 5634 -6
5635 5635 -8
5636 5636 -6
5637 5637 -7
5638 5638 -7
5639 5639 -6
5640 5640 -6
5641 5641 -8
5642 5642 -6
5643 5643 -7
5644 5644 -7
5645 5645 -6
5646 5646 -6
5647 5647 -7
5648 5648 -8
5649 5649 -7
5650 5650 -9
5651 5651 -6
5652 5652 -8
5653 5653 -8
5654 5654 -6
5655 5655 -6
5656 5656 -9
5657 5657 -7
5658 5658 -6
5659 5659 -6
5660 5660 -7
5661 5661 -5
5662 5662 -9
5663 5663 -8
5664 5664 -8
5665 5665 -6
5666 5666 -7
5667 5667 -8
5668 5668 -6
5669 5669 -7
5670 5670 -6
5671 5671 -7
5672 5672 -6
5673 5673 -6
5674 5674 -6
5675 5675 -8
5676 5676 -7
5677 5677 -6
5678 5678 -6
5679 5679 -6
5680 5680 -6
5681 5681 -9
5682 5682 -6
5683 5683 -6
5684 5684 -7
5685 5685 -7
5686 5686 -6
5687 5687 -7
5688 5688 -6
5689 5689 -7
5690 5690 -6
5691 5691 -6
5692 5692 -6
5693 5693 -7
5694 5694 -8
5695 5695 -6
5696 5696 -6
5697 5697 -9
5698 5698 -7
5699 5699 -7
5700 5700 -6
5701 5701 -9
5702 5702 -6
5703 5703 -6
5704 5704 -6
5705 5705 -6
5706 5706 -6
5707 5707 -7
5708 5708 -10
5709 5709 -6
5710 5710 -6
5711 5711 -6
5712 5712 -7
5713 5713 -6
5714 5714 -6
5715 5715 -6
5716 5716 -6
5717 5717 -6
5718 5718 -6
5719 5719 -6
5720 5720 -6
5721 5721 -6
5722 5722 -6
5723 5723 -6
5724 5724 -6
5725 5725 -6
5726 5726 -6
5727 5727 -6
5728 5728 -6
5729 5729 -7
5730 5730 -7
5731 5731 -6
5732 5732 -6
5733 5733 -8
5734 5734 -8
5735 5735 -6
5736 5736 -8
5737 5737 -6
5738 5738 -7
5739 5739 -6
5740 5740 -9
5741 5741 -7
5742 5742 -7
5743 5743 -6
5744 5744 -6
5745 5745 -9
5746 5746 -7
5747 5747 -6
5748 5748 -7
5749 5749 -7
5750 5750 -6
5751 5751 -7
5752 5752 -8
5753 5753 -6
5754 5754 -6
5755 5755 -7
5756 5756 -8
5757 5757 -6
5758 5758 -7
5759 5759 -6
5760 5760 -7
5761 5761 -6
5762 5762 -6
5763 5763 -7
5764 5764 -7
5765 5765 -8
5766 5766 -6
5767 5767 -6
5768 5768 -6
5769 5769 -6
5770 5770 -6
5771 5771 -6
5772 5772 -7
5773 5773 -6
5774 5774 -6
5775 5775 -7
5776 5776 -6
5777 5777 -7
5778 5778 -8
5779 5779 -7
5780 5780 -7
5781 5781 -6
5782 5782 -7
5783 5783 -6
5784 5784 -8
5785 5785 -6
5786 5786 -6
5787 5787 -6
5788 5788 -6
5789 5789 -8
5790 5790 -7
5791 5791 -6
5792 5792 -8
5793 5793 -9
5794 5794 -6
5795 5795 -6
5796 5796 -7
5797 5797 -6
5798 5798 -6
5799 5799 -6
5800 5800 -6
5801 5801 -7
5802 5802 -6
5803 5803 -6
5804 5804 -6
5805 5805 -5
5806 5806 -9
5807 5807 -7
5808 5808 -6
5809 5809 -7
5810 5810 -6
5811 5811 -7
5812 5812 -6
5813 5813 -6
5814 5814 -6
5815 5815 -7
5816 5816 -7
5817 5817 -7
5818 5818 -6
5819 5819 -6
5820 5820 -6
5821 5821 -6
5822 5822 -7
5823 5823 -6
5824 5824 -6
5825 5825 -7
5826 5826 -6
5827 5827 -6
5828 5828 -6
5829 5829 -5
5830 5830 -6
5831 5831 -6
5832 5832 -6
5833 5833 -8
5834 5834 -6
5835 5835 -6
5836 5836 -8
5837 5837 -6
5838 5838 -6
5839 5839 -6
5840 5840 -7
5841 5841 -6
5842 5842 -5
5843 5843 -7
5844 5844 -6
5845 5845 -9
5846 5846 -6
5847 5847 -6
5848 5848 -6
5849 5849 -8
5850 5850 -7
5851 5851 -6
5852 5852 -8
5853 5853 -5
5854 5854 -6
5855 5855 -6
5856 5856 -7
5857 5857 -7
5858 5858 -6
5859 5859 -7
5860 5860 -8
5861 5861 -7
5862 5862 -6
5863 5863 -8
5864 5864 -6
5865 5865 -7
5866 5866 -6
5867 5867 -6
5868 5868 -6
5869 5869 -4
5870 5870 -7
5871 5871 -6
5872 5872 -7
5873 5873 -7
5874 5874 -6
5875 5875 -6
5876 5876 -6
5877 5877 -7
5878 5878 -7
5879 5879 -7
5880 5880 -6
5881 5881 -6
5882 5882 -6
5883 5883 -6
5884 5884 -7
5885 5885 -7
5886 5886 -6
5887 5887 -7
5888 5888 -7
5889 5889 -7
5890 5890 -6
5891 5891 -6
5892 5892 -6
5893 5893 -7
5894 5894 -7
5895 5895 -8
5896 5896 -6
5897 5897 -6
5898 5898 -6
5899 5899 -8
5900 5900 -6
5901 5901 -7
5902 5902 -6
5903 5903 -8
5904 5904 -6
5905 5905 -6
5906 5906 -6
5907 5907 -5
5908 5908 -6
5909 5909 -6
5910 5910 -6
5911 5911 -8
5912 5912 -7
5913 5913 -8
5914 5914 -6
5915 5915 -7
5916 5916 -5
5917 5917 -8
5918 5918 -6
5919 5919 -6
5920 5920 -7
5921 5921 -6
5922 5922 -7
5923 5923 -6
5924 5924 -6
5925 5925 -6
5926 5926 -6
5927 5927 -7
5928 5928 -6
5929 5929 -6
5930 5930 -6
5931 5931 -7
5932 5932 -6
5933 5933 -8
5934 5934 -6
5935 5935 -6
5936 5936 -7
5937 5937 -7
5938 5938 -8
5939 5939 -5
5940 5940 -8
5941 5941 -7
5942 5942 -6
5943 5943 -7
5944 5944 -7
5945 5945 -6
5946 5946 -7
5947 5947 -8
5948 5948 -6
5949 5949 -9
5950 5950 -6
5951 5951 -6
5952 5952 -6
5953 5953 -6
5954 5954 -6
5955 5955 -6
5956 5956 -6
5957 5957 -6
5958 5958 -6
5959 5959 -7
5960 5960 -8
5961 5961 -6
5962 5962 -7
5963 5963 -6
5964 5964 -6
5965 5965 -7
5966 5966 -6
5967 5967 -6
5968 5968 -7
5969 5969 -6
5970 5970 -6
5971 5971 -8
5972 5972 -7
5973 5973 -6
5974 5974 -7
5975 5975 -6
5976 5976 -6
5977 5977 -6
5978 5978 -8
5979 5979 -6
5980 5980 -7
5981 5981 -7
5982 5982 -7
5983 5983 -7
5984 5984 -6
5985 5985 -6
5986 5986 -6
5987 5987 -7
5988 5988 -7
5989 5989 -6
5990 5990 -7
5991 5991 -6
5992 5992 -7
5993 5993 -7
5994 5994 -6
5995 5995 -6
5996 5996 -7
5997 5997 -7
5998 5998 -6
5999 5999 -5
6000 6000 -6
6001 6001 -7
6002 6002 -8
6003 6003 -6
6004 6004 -8
6005 6005 -7
6006 6006 -7
6007 6007 -7
6008 6008 -6
6009 6009 -6
6010 6010 -8
6011 6011 -6
6012 6012 -6
6013 6013 -7
6014 6014 -6
6015 6015 -6
6016 6016 -6
6017 6017 -6
6018 6018 -5
6019 6019 -6
6020 6020 -6
6021 6021 -8
6022 6022 -6
6023 6023 -7
6024 6024 -6
6025 6025 -7
6026 6026 -7
6027 6027 -6
6028 6028 -7
6029 6029 -6
6030 6030 -6
6031 6031 -8
6032 6032 -6
6033 6033 -6
6034 6034 -6
6035 6035 -7
6036 6036 -6
6037 6037 -6
6038 6038 -7
6039 6039 -6
6040 6040 -7
6041 6041 -6
6042 6042 -5
6043 6043 -6
6044 6044 -6
6045 6045 -6
6046 6046 -8
6047 6047 -6
6048 6048 -7
6049 6049 -6
6050 6050 -6
6051 6051 -5
6052 6052 -5
6053 6053 -6
6054 6054 -6
6055 6055 -6
6056 6056 -7
6057 6057 -7
6058 6058 -7
6059 6059 -6
6060 6060 -7
6061 6061 -6
6062 6062 -7
6063 6063 -7
6064 6064 -6
6065 6065 -6
6066 6066 -8
6067 6067 -6
6068 6068 -6
6069 6069 -7
6070 6070 -7
6071 6071 -6
6072 6072 -6
6073 6073 -6
6074 6074 -8
6075 6075 -8
6076 6076 -6
6077 6077 -6
6078 6078 -6
6079 6079 -6
6080 6080 -6
6081 6081 -6
6082 6082 -6
6083 6083 -6
6084 6084 -7
6085 6085 -8
6086 6086 -6
6087 6087 -7
6088 6088 -6
6089 6089 -6
6090 6090 -7
6091 6091 -7
6092 6092 -8
6093 6093 -9
6094 6094 -5
6095 6095 -8
6096 6096 -7
6097 6097 -8
6098 6098 -6
6099 6099 -6
6100 6100 -6
6101 6101 -6
6102 6102 -7
6103 6103 -8
6104 6104 -6
6105 6105 -5
6106 6106 -7
6107 6107 -6
6108 6108 -6
6109 6109 -6
6110 6110 -6
6111 6111 -6
6112 6112 -7
6113 6113 -5
6114 6114 -6
6115 6115 -7
6116 6116 -5
6117 6117 -7
6118 6118 -6
6119 6119 -6
6120 6120 -6
6121 6121 -6
6122 6122 -6
6123 6123 -6
6124 6124 -7
6125 6125 -7
6126 6126 -6
6127 6127 -6
6128 6128 -7
6129 6129 -6
6130 6130 -6
6131 6131 -6
6132 6132 -6
6133 6133 -6
6134 6134 -7
6135 6135 -6
6136 6136 -6
6137 6137 -6
6138 6138 -6
6139 6139 -6
6140 6140 -6
6141 6141 -6
6142 6142 -6
6143 6143 -7
6144 6144 -6
6145 6145 -7
6146 6146 -7
6147 6147 -6
6148 6148 -6
6149 6149 -6
6150 6150 -7
6151 6151 -6
6152 6152 -6
6153 6153 -7
6154 6154 -6
6155 6155 -6
6156 6156 -5
6157 6157 -6
6158 6158 -6
6159 6159 -6
6160 6160 -6
6161 6161 -7
6162 6162 -9
6163 6163 -6
6164 6164 -6
6165 6165 -6
6166 6166 -6
6167 6167 -7
6168 6168 -6
6169 6169 -6
6170 6170 -6
6171 6171 -6
6172 6172 -7
6173 6173 -7
6174 6174 -6
6175 6175 -7
6176 6176 -8
6177 6177 -6
6178 6178 -6
6179 6179 -6
6180 6180 -6
6181 6181 -8
6182 6182 -7
6183 6183 -6
6184 6184 -7
6185 6185 -7
6186 6186 -6
6187 6187 -6
6188 6188 -6
6189 6189 -6
6190 6190 -6
6191 6191 -8
6192 6192 -6
6193 6193 -6
6194 6194 -6
6195 6195 -6
6196 6196 -5
6197 6197 -6
6198 6198 -6
6199 6199 -6
6200 6200 -9
6201 6201 -5
6202 6202 -7
6203 6203 -6
6204 6204 -7
6205 6205 -6
6206 6206 -7
6207 6207 -6
6208 6208 -7
6209 6209 -7
6210 6210 -6
6211 6211 -6
6212 6212 -7
6213 6213 -6
6214 6214 -6
6215 6215 -8
6216 6216 -6
6217 6217 -6
6218 6218 -6
6219 6219 -8
6220 6220 -6
6221 6221 -6
6222 6222 -7
6223 6223 -6
6224 6224 -7
6225 6225 -6
6226 6226 -6
6227 6227 -6
6228 6228 -6
6229 6229 -7
6230 6230 -6
6231 6231 -7
6232 6232 -6
6233 6233 -7
6234 6234 -6
6235 6235 -6
6236 6236 -5
6237 6237 -6
6238 6238 -7
6239 6239 -6
6240 6240 -6
6241 6241 -7
6242 6242 -7
6243 6243 -7
6244 6244 -6
6245 6245 -5
6246 6246 -8
6247 6247 -7
6248 6248 -5
6249 6249 -6
6250 6250 -6
6251 6251 -6
6252 6252 -6
6253 6253 -6
6254 6254 -6
6255 6255 -7
6256 6256 -5
6257 6257 -6
6258 6258 -6
6259 6259 -6
6260 6260 -6
6261 6261 -8
6262 6262 -7
6263 6263 -6
6264 6264 -8
6265 6265 -6
6266 6266 -6
6267 6267 -6
6268 6268 -7
6269 6269 -6
6270 6270 -6
6271 6271 -7
6272 6272 -5
6273 6273 -7
6274 6274 -6
6275 6275 -6
6276 6276 -6
6277 6277 -7
6278 6278 -6
6279 6279 -7
6280 6280 -6
6281 6281 -6
6282 6282 -6
6283 6283 -6
6284 6284 -6
6285 6285 -6
6286 6286 -7
6287 6287 -7
6288 6288 -6
6289 6289 -7
6290 6290 -8
6291 6291 -6
6292 6292 -6
6293 6293 -7
6294 6294 -5
6295 6295 -8
6296 6296 -6
6297 6297 -6
6298 6298 -7
6299 6299 -6
6300 6300 -6
6301 6301 -6
6302 6302 -6
6303 6303 -6
6304 6304 -6
6305 6305 -6
6306 6306 -5
6307 6307 -6
6308 6308 -6
6309 6309 -9
6310 6310 -6
6311 6311 -7
6312 6312 -6
6313 6313 -6
6314 6314 -7
6315 6315 -6
6316 6316 -6
6317 6317 -6
6318 6318 -6
6319 6319 -6
6320 6320 -7
6321 6321 -6
6322 6322 -6
6323 6323 -6
6324 6324 -6
6325 6325 -6
6326 6326 -6
6327 6327 -7
6328 6328 -6
6329 6329 -6
6330 6330 -6
6331 6331 -6
6332 6332 -6
6333 6333 -6
6334 6334 -7
6335 6335 -6
6336 6336 -7
6337 6337 -6
6338 6338 -6
6339 6339 -6
6340 6340 -6
6341 6341 -6
6342 6342 -6
6343 6343 -4
6344 6344 -7
6345 6345 -6
6346 6346 -7
6347 6347 -7
6348 6348 -7
6349 6349 -6
6350 6350 -6
6351 6351 -6
6352 6352 -6
6353 6353 -6
6354 6354 -6
6355 6355 -7
6356 6356 -6
6357 6357 -6
6358 6358 -6
6359 6359 -6
6360 6360 -6
6361 6361 -5
6362 6362 -6
6363 6363 -6
6364 6364 -7
6365 6365 -7
6366 6366 -6
6367 6367 -6
6368 6368 -6
6369 6369 -6
6370 6370 -6
6371 6371 -6
6372 6372 -7
6373 6373 -6
6374 6374 -6
6375 6375 -7
6376 6376 -7
6377 6377 -6
6378 6378 -6
6379 6379 -6
6380 6380 -8
6381 6381 -7
6382 6382 -6
6383 6383 -5
6384 6384 -7
6385 6385 -6
6386 6386 -6
6387 6387 -6
6388 6388 -6
6389 6389 -7
6390 6390 -6
6391 6391 -6
6392 6392 -6
6393 6393 -6
6394 6394 -6
6395 6395 -6
6396 6396 -7
6397 6397 -6
6398 6398 -6
6399 6399 -6
6400 6400 -6
6401 6401 -6
6402 6402 -6
6403 6403 -6
6404 6404 -6
6405 6405 -6
6406 6406 -6
6407 6407 -6
6408 6408 -6
6409 6409 -6
6410 6410 -6
6411 6411 -7
6412 6412 -6
6413 6413 -6
6414 6414 -6
6415 6415 -6
6416 6416 -6
6417 6417 -6
6418 6418 -6
6419 6419 -6
6420 6420 -6
6421 6421 -6
6422 6422 -6
6423 6423 -6
6424 6424 -6
6425 6425 -7
6426 6426 -6
6427 6427 -7
6428 6428 -6
6429 6429 -6
6430 6430 -6
6431 6431 -6
6432 6432 -6
6433 6433 -7
6434 6434 -6
6435 6435 -6
6436 6436 -6
6437 6437 -6
6438 6438 -6
6439 6439 -6
6440 6440 -6
6441 6441 -6
6442 6442 -6
6443 6443 -7
6444 6444 -7
6445 6445 -6
6446 6446 -6
6447 6447 -6
6448 6448 -8
6449 6449 -6
6450 6450 -6
6451 6451 -6
6452 6452 -6
6453 6453 -6
6454 6454 -6
6455 6455 -6
6456 6456 -7
6457 6457 -6
6458 6458 -6
6459 6459 -6
6460 6460 -6
6461 6461 -6
6462 6462 -6
6463 6463 -6
6464 6464 -5
6465 6465 -6
6466 6466 -7
6467 6467 -6
6468 6468 -5
6469 6469 -6
6470 6470 -6
6471 6471 -7
6472 6472 -6
6473 6473 -6
6474 6474 -7
6475 6475 -7
6476 6476 -7
6477 6477 -7
6478 6478 -6
6479 6479 -7
6480 6480 -6
6481 6481 -6
6482 6482 -6
6483 6483 -6
6484 6484 -6
6485 6485 -7
6486 6486 -6
6487 6487 -7
6488 6488 -6
6489 6489 -5
6490 6490 -6
6491 6491 -6
6492 6492 -7
6493 6493 -5
6494 6494 -6
6495 6495 -6
6496 6496 -6
6497 6497 -6
6498 6498 -6
6499 6499 -5
6500 6500 -6
6501 6501 -6
6502 6502 -6
6503 6503 -6
6504 6504 -7
6505 6505 -6
6506 6506 -7
6507 6507 -6
6508 6508 -6
6509 6509 -6
6510 6510 -6
6511 6511 -6
6512 6512 -6
6513 6513 -6
6514 6514 -6
6515 6515 -6
6516 6516 -6
6517 6517 -7
6518 6518 -6
6519 6519 -6
6520 6520 -6
6521 6521 -6
6522 6522 -6
6523 6523 -6
6524 6524 -6
6525 6525 -6
6526 6526 -6
6527 6527 -5
6528 6528 -7
6529 6529 -6
6530 6530 -6
6531 6531 -6
6532 6532 -6
6533 6533 -6
6534 6534 -6
6535 6535 -6
6536 6536 -5
6537 6537 -6
6538 6538 -6
6539 6539 -6
6540 6540 -6
6541 6541 -6
6542 6542 -7
6543 6543 -6
6544 6544 -6
6545 6545 -7
6546 6546 -6
6547 6547 -5
6548 6548 -6
6549 6549 -6
6550 6550 -6
6551 6551 -6
6552 6552 -7
6553 6553 -6
6554 6554 -6
6555 6555 -6
6556 6556 -6
6557 6557 -7
6558 6558 -6
6559 6559 -5
6560 6560 -6
6561 6561 -6
6562 6562 -6
6563 6563 -6
6564 6564 -6
6565 6565 -6
6566 6566 -7
6567 6567 -6
6568 6568 -6
6569 6569 -7
6570 6570 -6
6571 6571 -5
6572 6572 -6
6573 6573 -6
6574 6574 -6
6575 6575 -6
6576 6576 -6
6577 6577 -6
6578 6578 -6
6579 6579 -6
6580 6580 -6
6581 6581 -6
6582 6582 -6
6583 6583 -6
6584 6584 -6
6585 6585 -6
6586 6586 -7
6587 6587 -6
6588 6588 -6
6589 6589 -6
6590 6590 -5
6591 6591 -7
6592 6592 -6
6593 6593 -8
6594 6594 -6
6595 6595 -6
6596 6596 -6
6597 6597 -6
6598 6598 -6
6599 6599 -6
6600 6600 -6
6601 6601 -6
6602 6602 -6
6603 6603 -5
6604 6604 -6
6605 6605 -6
6606 6606 -6
6607 6607 -6
6608 6608 -6
6609 6609 -7
6610 6610 -6
6611 6611 -6
6612 6612 -6
6613 6613 -6
6614 6614 -6
6615 6615 -7
6616 6616 -7
6617 6617 -6
6618 6618 -6
6619 6619 -8
6620 6620 -6
6621 6621 -6
6622 6622 -6
6623 6623 -6
6624 6624 -6
6625 6625 -6
6626 6626 -8
6627 6627 -6
6628 6628 -6
6629 6629 -7
6630 6630 -6
6631 6631 -6
6632 6632 -7
6633 6633 -6
6634 6634 -6
6635 6635 -7
6636 6636 -6
6637 6637 -6
6638 6638 -6
6639 6639 -6
6640 6640 -5
6641 6641 -6
6642 6642 -6
6643 6643 -6
6644 6644 -7
6645 6645 -6
6646 6646 -7
6647 6647 -6
6648 6648 -6
6649 6649 -6
6650 6650 -6
6651 6651 -6
6652 6652 -6
6653 6653 -6
6654 6654 -6
6655 6655 -6
6656 6656 -7
6657 6657 -6
6658 6658 -7
6659 6659 -6
6660 6660 -6
6661 6661 -6
6662 6662 -6
6663 6663 -6
6664 6664 -6
6665 6665 -6
6666 6666 -7
6667 6667 -7
6668 6668 -6
6669 6669 -6
6670 6670 -6
6671 6671 -6
6672 6672 -6
6673 6673 -7
6674 6674 -7
6675 6675 -7
6676 6676 -6
6677 6677 -6
6678 6678 -6
6679 6679 -6
6680 6680 -6
6681 6681 -6
6682 6682 -7
6683 6683 -6
6684 6684 -6
6685 6685 -6
6686 6686 -6
6687 6687 -7
6688 6688 -5
6689 6689 -6
6690 6690 -6
6691 6691 -6
6692 6692 -6
6693 6693 -6
6694 6694 -6
6695 6695 -6
6696 6696 -6
6697 6697 -6
6698 6698 -6
6699 6699 -6
6700 6700 -6
6701 6701 -6
6702 6702 -6
6703 6703 -6
6704 6704 -6
6705 6705 -6
6706 6706 -6
6707 6707 -7
6708 6708 -6
6709 6709 -6
6710 6710 -6
6711 6711 -6
6712 6712 -6
6713 6713 -6
6714 6714 -6
6715 6715 -6
6716 6716 -7
6717 6717 -7
6718 6718 -4
6719 6719 -7
6720 6720 -6
6721 6721 -6
6722 6722 -6
6723 6723 -6
6724 6724 -5
6725 6725 -6
6726 6726 -6
6727 6727 -6
6728 6728 -6
6729 6729 -5
6730 6730 -7
6731 6731 -6
6732 6732 -6
6733 6733 -6
6734 6734 -6
6735 6735 -6
6736 6736 -6
6737 6737 -6
6738 6738 -6
6739 6739 -7
6740 6740 -7
6741 6741 -6
6742 6742 -6
6743 6743 -6
6744 6744 -6
6745 6745 -6
6746 6746 -6
6747 6747 -6
6748 6748 -6
6749 6749 -6
6750 6750 -6
6751 6751 -6
6752 6752 -6
6753 6753 -5
6754 6754 -6
6755 6755 -6
6756 6756 -6
6757 6757 -6
6758 6758 -6
6759 6759 -6
6760 6760 -6
6761 6761 -6
6762 6762 -7
6763 6763 -6
6764 6764 -6
6765 6765 -6
6766 6766 -6
6767 6767 -6
6768 6768 -6
6769 6769 -6
6770 6770 -6
6771 6771 -7
6772 6772 -6
6773 6773 -6
6774 6774 -6
6775 6775 -6
6776 6776 -6
6777 6777 -6
6778 6778 -6
6779 6779 -6
6780 6780 -6
6781 6781 -6
6782 6782 -6
6783 6783 -6
6784 6784 -6
6785 6785 -6
6786 6786 -6
6787 6787 -6
6788 6788 -6
6789 6789 -6
6790 6790 -6
6791 6791 -6
6792 6792 -6
6793 6793 -6
6794 6794 -6
6795 6795 -6
6796 6796 -6
6797 6797 -6
6798 6798 -6
6799 6799 -6
6800 6800 -6
6801 6801 -6
6802 6802 -6
6803 6803 -5
6804 6804 -6
6805 6805 -6
6806 6806 -6
6807 6807 -6
6808 6808 -6
6809 6809 -6
6810 6810 -6
6811 6811 -6
6812 6812 -6
6813 6813 -6
6814 6814 -6
6815 6815 -6
6816 6816 -6
6817 6817 -6
6818 6818 -6
6819 6819 -6
6820 6820 -6
6821 6821 -6
6822 6822 -6
6823 6823 -6
6824 6824 -6
6825 6825 -6
6826 6826 -6
6827 6827 -6
6828 6828 -6
6829 6829 -6
6830 6830 -6
6831 6831 -7
6832 6832 -6
6833 6833 -6
6834 6834 -6
6835 6835 -6
6836 6836 -6
6837 6837 -6
6838 6838 -6
6839 6839 -6
6840 6840 -6
6841 6841 -6
6842 6842 -6
6843 6843 -6
6844 6844 -6
6845 6845 -6
6846 6846 -6
6847 6847 -6
6848 6848 -6
6849 6849 -6
6850 6850 -6
6851 6851 -6
6852 6852 -6
6853 6853 -6
6854 6854 -6
6855 6855 -6
6856 6856 -6
6857 6857 -5
6858 6858 -5
6859 6859 -6
6860 6860 -6
6861 6861 -6
6862 6862 -5
6863 6863 -6
6864 6864 -6
6865 6865 -6
6866 6866 -6
6867 6867 -6
6868 6868 -6
6869 6869 -6
6870 6870 -6
6871 6871 -6
6872 6872 -7
6873 6873 -6
6874 6874 -7
6875 6875 -6
6876 6876 -6
6877 6877 -7
6878 6878 -6
6879 6879 -6
6880 6880 -6
6881 6881 -6
6882 6882 -7
6883 6883 -6
6884 6884 -6
6885 6885 -6
6886 6886 -6
6887 6887 -6
6888 6888 -6
6889 6889 -5
6890 6890 -6
6891 6891 -6
6892 6892 -6
6893 6893 -6
6894 6894 -6
6895 6895 -6
6896 6896 -6
6897 6897 -7
6898 6898 -6
6899 6899 -6
6900 6900 -6
6901 6901 -6
6902 6902 -6
6903 6903 -6
6904 6904 -7
6905 6905 -6
6906 6906 -6
6907 6907 -7
6908 6908 -6
6909 6909 -6
6910 6910 -6
6911 6911 -5
6912 6912 -6
6913 6913 -6
6914 6914 -6
6915 6915 -7
6916 6916 -6
6917 6917 -6
6918 6918 -6
6919 6919 -6
6920 6920 -6
6921 6921 -6
6922 6922 -6
6923 6923 -5
6924 6924 -6
6925 6925 -6
6926 6926 -6
6927 6927 -6
6928 6928 -6
6929 6929 -6
6930 6930 -6
6931 6931 -6
6932 6932 -6
6933 6933 -6
6934 6934 -6
6935 6935 -6
6936 6936 -6
6937 6937 -6
6938 6938 -6
6939 6939 -6
6940 6940 -6
6941 6941 -6
6942 6942 -6
6943 6943 -6
6944 6944 -6
6945 6945 -6
6946 6946 -6
6947 6947 -6
6948 6948 -6
6949 6949 -6
6950 6950 -6
6951 6951 -6
6952 6952 -6
6953 6953 -6
6954 6954 -5
6955 6955 -6
6956 6956 -6
6957 6957 -6
6958 6958 -6
6959 6959 -6
6960 6960 -6
6961 6961 -6
6962 6962 -6
6963 6963 -6
6964 6964 -6
6965 6965 -6
6966 6966 -6
6967 6967 -6
6968 6968 -6
6969 6969 -5
6970 6970 -5
6971 6971 -6
6972 6972 -6
6973 6973 -7
6974 6974 -6
6975 6975 -6
6976 6976 -6
6977 6977 -6
6978 6978 -6
6979 6979 -6
6980 6980 -6
6981 6981 -6
6982 6982 -6
6983 6983 -6
6984 6984 -6
6985 6985 -6
6986 6986 -6
6987 6987 -6
6988 6988 -6
6989 6989 -6
6990 6990 -6
6991 6991 -6
6992 6992 -5
6993 6993 -6
6994 6994 -6
6995 6995 -6
6996 6996 -6
6997 6997 -6
6998 6998 -6
6999 6999 -6