10000 18645 -9 1
0 3468 2
1 6497 2
1 7178 2
1 7462 2
2 7228 2
3 6902 2
3 9488 2
3 8718 2
3 9713 2
3 5103 2
4 8230 2
4 7247 2
4 1286 2
5 9135 2
5 9328 2
5 7792 2
6 2530 2
6 5154 2
6 918 2
6 5626 2
6 3047 2
7 3653 2
7 6399 2
7 2921 2
9 6396 2
10 124 2
10 9443 2
10 2355 2
10 24 2
10 6743 2
11 7837 2
11 9297 2
12 1923 2
13 6790 2
13 8193 2
13 7635 2
13 957 2
13 9085 2
14 9911 2
14 9147 2
14 2317 2
15 909 2
15 9867 2
18 6846 2
18 671 2
19 141 2
19 6959 2
20 9753 2
20 5473 2
20 8706 2
20 5674 2
20 2438 2
21 4670 2
22 9438 2
23 443 2
23 1886 2
24 3407 2
24 8071 2
24 4089 2
24 324 2
26 6722 2
27 5831 2
28 1805 2
28 983 2
28 6695 2
28 8296 2
29 994 2
29 4799 2
29 4038 2
29 3586 2
32 1526 2
32 8497 2
33 7418 2
33 7381 2
34 5337 2
34 3573 2
35 6008 2
36 7786 2
36 4703 2
37 8611 2
38 8772 2
38 3230 2
38 1339 2
38 2343 2
38 4334 2
39 278 2
39 4233 2
40 4785 2
40 2833 2
41 666 2
42 6087 2
42 9679 2
42 4312 2
43 5277 2
43 3970 2
43 8754 2
43 2238 2
43 1918 2
44 623 2
45 6053 2
45 3759 2
46 9908 2
47 4545 2
47 377 2
48 7020 2
49 5636 2
49 1998 2
50 2718 2
50 8554 2
50 749 2
50 3036 2
51 8232 2
52 9405 2
52 3848 2
53 4452 2
54 6380 2
54 2570 2
55 2934 2
55 849 2
55 2493 2
56 873 2
56 2295 2
56 573 2
56 4533 2
57 6345 2
59 1405 2
59 7290 2
59 1094 2
59 2476 2
59 9595 2
60 3043 2
60 4955 2
60 913 2
61 6439 2
61 3497 2
63 5658 2
63 7040 2
64 5920 2
66 1594 2
66 3134 2
67 9517 2
67 9574 2
68 9844 2
68 4117 2
68 9418 2
68 8936 2
69 5325 2
69 1478 2
70 4994 2
71 8791 2
71 1078 2
71 8786 2
73 5181 2
73 4953 2
73 9830 2
73 1400 2
73 7576 2
74 2662 2
74 6456 2
74 4064 2
75 4505 2
75 7305 2
76 5802 2
76 9621 2
76 242 2
76 6149 2
76 1550 2
77 8700 2
77 2604 2
78 2095 2
78 6883 2
78 3536 2
79 5913 2
80 3248 2
81 1633 2
81 5826 2
81 306 2
81 3763 2
81 2350 2
82 457 2
82 6007 2
82 4409 2
82 1113 2
82 3522 2
83 1322 2
83 5831 2
83 3934 2
83 1908 2
84 3488 2
84 1732 2
85 1751 2
85 9153 2
86 4412 2
86 6730 2
87 9301 2
87 9706 2
87 8044 2
88 1225 2
88 6722 2
89 4427 2
89 4148 2
89 3359 2
90 6556 2
91 6934 2
91 7573 2
92 1895 2
93 8958 2
93 8226 2
94 2982 2
95 4088 2
95 2035 2
96 4106 2
96 5983 2
96 4524 2
96 3677 2
97 7590 2
97 4415 2
97 4355 2
97 989 2
97 5256 2
97 4948 2
98 6922 2
99 7996 2
100 3314 2
100 1916 2
100 491 2
101 6282 2
101 8876 2
101 7114 2
101 3286 2
101 1454 2
102 5832 2
104 9757 2
104 6402 2
105 9528 2
105 9297 2
105 3728 2
105 4931 2
107 7362 2
107 2416 2
108 2282 2
108 6506 2
109 6326 2
109 8866 2
109 4361 2
110 8298 2
111 6882 2
111 2934 2
112 3612 2
112 1812 2
112 8708 2
113 3799 2
113 8953 2
113 9211 2
114 6172 2
116 8798 2
116 8355 2
116 7308 2
117 2469 2
118 4333 2
118 2603 2
118 7574 2
119 9716 2
119 1329 2
119 5312 2
120 9527 2
121 1610 2
121 2292 2
122 5984 2
122 8394 2
123 9160 2
124 2262 2
125 9199 2
125 4154 2
125 5649 2
126 3549 2
126 6863 2
126 6763 2
127 5695 2
127 9385 2
128 1511 2
128 1795 2
128 8020 2
128 160 2
128 8173 2
129 8657 2
129 9150 2
131 8884 2
131 8532 2
132 6883 2
132 3674 2
133 2292 2
133 5830 2
133 8535 2
134 2284 2
134 411 2
134 7746 2
135 663 2
135 3352 2
135 1299 2
135 9125 2
136 9822 2
136 8382 2
136 9724 2
137 7818 2
137 460 2
138 6837 2
138 2103 2
138 1177 2
139 5362 2
139 4856 2
140 4082 2
140 4344 2
140 2511 2
142 5840 2
142 2753 2
143 3529 2
143 7407 2
144 8436 2
145 3136 2
145 6423 2
147 9757 2
148 7224 2
149 9604 2
150 3724 2
150 6787 2
150 5216 2
150 9230 2
150 8328 2
151 9871 2
151 305 2
152 7555 2
152 530 2
152 3670 2
153 7011 2
154 8015 2
154 4429 2
154 4386 2
155 7646 2
155 9177 2
155 9113 2
155 5099 2
155 5693 2
156 6490 2
156 2280 2
156 8089 2
156 7479 2
157 9751 2
157 1304 2
157 2976 2
158 9852 2
158 5201 2
159 7580 2
160 1717 2
160 9548 2
160 1647 2
160 9121 2
161 7196 2
162 7871 2
162 9578 2
163 6070 2
163 683 2
163 5109 2
164 3869 2
164 8887 2
165 5658 2
166 1435 2
166 1124 2
167 6716 2
167 3105 2
167 7372 2
167 2393 2
168 5911 2
168 9657 2
168 5406 2
168 1523 2
168 4776 2
169 4750 2
169 2617 2
171 823 2
172 7750 2
172 4605 2
172 9208 2
172 3446 2
172 1912 2
173 2210 2
174 7385 2
174 6091 2
175 1595 2
175 4732 2
176 1766 2
176 6069 2
176 3053 2
176 6722 2
177 7142 2
177 5760 2
180 6451 2
181 8384 2
181 2918 2
182 8048 2
182 8310 2
184 1783 2
184 5039 2
185 8922 2
185 892 2
187 4711 2
187 2298 2
187 6686 2
188 6622 2
188 9193 2
188 2333 2
189 1520 2
189 8904 2
190 3231 2
190 3060 2
190 5411 2
191 5868 2
192 8390 2
193 3221 2
194 4278 2
194 5238 2
196 1758 2
196 5696 2
197 5458 2
198 8294 2
198 1222 2
200 3549 2
201 5268 2
202 9086 2
202 8161 2
202 7846 2
203 2532 2
203 4602 2
203 9357 2
203 7186 2
203 8201 2
204 2631 2
205 569 2
206 2102 2
206 3962 2
206 2292 2
206 8243 2
207 524 2
210 4747 2
210 2448 2
211 8226 2
212 3996 2
213 9853 2
213 6172 2
213 4434 2
214 7129 2
216 4225 2
216 797 2
216 9425 2
216 6930 2
217 7795 2
217 4997 2
218 9406 2
220 9060 2
220 2896 2
220 8297 2
221 6898 2
221 6178 2
222 5986 2
222 8263 2
222 6035 2
223 5936 2
223 6508 2
223 5433 2
224 7034 2
224 960 2
224 4605 2
225 6735 2
226 5221 2
226 1781 2
227 8942 2
228 8875 2
228 6806 2
228 9451 2
229 3302 2
229 5184 2
230 6689 2
230 3401 2
231 6489 2
231 3143 2
231 5172 2
231 6339 2
232 9729 2
232 1831 2
232 6756 2
233 3237 2
233 4687 2
233 5951 2
233 1139 2
233 6205 2
234 2168 2
234 6364 2
234 1982 2
235 2712 2
235 8540 2
235 7810 2
235 4442 2
236 2736 2
236 3599 2
237 2254 2
238 6166 2
238 5949 2
238 7805 2
239 490 2
239 8197 2
239 9047 2
241 4109 2
242 5545 2
243 5157 2
243 2827 2
244 7065 2
245 529 2
245 5445 2
246 7632 2
247 8841 2
248 4608 2
249 5577 2
249 1311 2
249 3324 2
249 6599 2
251 6913 2
251 7127 2
252 2183 2
253 8163 2
253 4233 2
253 1946 2
254 7858 2
254 5162 2
254 5947 2
255 5173 2
256 1452 2
257 9039 2
257 8796 2
257 8774 2
257 3864 2
258 2378 2
258 8616 2
258 2645 2
258 2515 2
259 3847 2
259 3996 2
260 1117 2
260 5322 2
260 8834 2
261 7764 2
261 8534 2
261 2416 2
261 777 2
261 8510 2
262 1490 2
262 3187 2
262 8813 2
263 3472 2
264 8943 2
264 8281 2
264 3411 2
264 5718 2
265 4316 2
265 3191 2
265 8788 2
265 8410 2
265 8656 2
266 6613 2
266 799 2
268 6201 2
268 8559 2
268 6688 2
269 8926 2
270 3029 2
270 4524 2
272 3905 2
274 6492 2
274 3102 2
274 4120 2
275 6137 2
275 4891 2
275 6035 2
275 3911 2
277 724 2
277 7751 2
277 3923 2
279 5270 2
279 1197 2
279 6720 2
280 5888 2
282 6531 2
282 2975 2
282 4842 2
285 5911 2
285 481 2
286 2731 2
288 4239 2
290 7085 2
292 4061 2
293 9837 2
294 7606 2
294 3175 2
295 9602 2
296 1911 2
296 9749 2
296 3410 2
297 602 2
297 6380 2
297 6700 2
297 8433 2
297 4230 2
298 7432 2
298 7402 2
298 4344 2
298 2684 2
299 4275 2
299 655 2
300 3297 2
300 3234 2
300 5129 2
301 1545 2
301 2243 2
303 9687 2
303 7786 2
303 9657 2
304 9143 2
304 955 2
304 9711 2
305 8388 2
305 7730 2
306 7488 2
306 2041 2
308 6477 2
309 2623 2
309 7667 2
310 1972 2
310 6494 2
310 8266 2
310 4687 2
310 4642 2
310 8888 2
311 2361 2
311 7241 2
312 6602 2
312 7122 2
312 1372 2
313 990 2
314 7909 2
314 4106 2
315 665 2
315 1923 2
315 668 2
316 9962 2
316 4093 2
316 8585 2
317 6209 2
317 5285 2
318 8971 2
319 6927 2
319 5131 2
320 6190 2
321 3432 2
322 6445 2
322 1369 2
322 2735 2
323 3787 2
323 751 2
323 5379 2
324 2745 2
324 3824 2
324 6217 2
326 4406 2
326 4324 2
326 6180 2
326 4570 2
326 3282 2
327 2431 2
327 1036 2
327 8446 2
328 7314 2
329 1137 2
329 1723 2
329 3006 2
329 1982 2
329 2530 2
330 8348 2
330 859 2
330 7270 2
331 9847 2
332 5000 2
332 2767 2
332 1839 2
333 7670 2
333 1212 2
336 7058 2
338 7964 2
338 7305 2
338 7457 2
338 9167 2
338 9446 2
339 4648 2
339 9932 2
340 412 2
340 3169 2
340 1207 2
341 1460 2
341 1402 2
342 9064 2
342 807 2
343 1735 2
343 6950 2
345 9371 2
345 6300 2
345 7701 2
346 6752 2
347 788 2
347 7328 2
348 4857 2
348 7278 2
349 4510 2
349 4593 2
349 903 2
350 3305 2
350 2435 2
352 4911 2
352 4716 2
352 4378 2
353 1874 2
353 8967 2
353 2307 2
354 1564 2
354 4996 2
355 7791 2
355 1267 2
356 2749 2
357 4140 2
357 2753 2
357 3581 2
357 8767 2
358 848 2
358 1674 2
358 4491 2
359 1926 2
360 3984 2
360 930 2
361 2789 2
362 9292 2
362 5839 2
363 7132 2
363 9837 2
364 8501 2
364 8731 2
365 6546 2
366 2449 2
367 8176 2
367 7225 2
367 3825 2
368 5538 2
368 2204 2
369 9605 2
369 9673 2
370 3032 2
370 6544 2
370 6480 2
371 428 2
371 3155 2
371 2006 2
371 4462 2
372 6813 2
372 6473 2
372 3067 2
372 1071 2
372 2240 2
373 5442 2
373 9276 2
374 5293 2
375 3736 2
375 2292 2
376 9042 2
376 8898 2
377 2839 2
377 658 2
377 1507 2
379 8671 2
379 7532 2
380 3580 2
380 6925 2
381 1788 2
381 9875 2
382 8861 2
382 7124 2
383 410 2
383 1650 2
383 9874 2
383 5002 2
384 4599 2
385 7139 2
385 3339 2
386 3624 2
386 7196 2
388 3891 2
388 3766 2
389 4005 2
389 6903 2
390 3438 2
391 4199 2
392 7734 2
393 8144 2
394 6089 2
396 7091 2
396 1233 2
396 940 2
397 4940 2
398 1345 2
398 2204 2
398 8757 2
398 4890 2
398 4277 2
399 9350 2
399 6740 2
399 4537 2
399 4018 2
399 4013 2
401 4464 2
402 6825 2
402 4939 2
402 443 2
403 4107 2
403 7279 2
404 1075 2
405 6680 2
405 9527 2
405 3429 2
405 1559 2
406 9577 2
406 498 2
408 2846 2
408 4443 2
408 932 2
409 2785 2
409 5576 2
409 6492 2
410 1279 2
411 9711 2
411 929 2
411 7446 2
411 5788 2
412 6728 2
415 8293 2
415 8669 2
415 716 2
415 5838 2
418 7460 2
418 1670 2
420 8807 2
420 955 2
421 8468 2
421 2629 2
421 431 2
422 4754 2
423 860 2
423 933 2
423 3336 2
423 4650 2
423 9432 2
424 1539 2
425 6279 2
425 5435 2
426 7656 2
426 8073 2
427 4596 2
427 2854 2
427 7894 2
428 8834 2
428 1959 2
429 3160 2
430 1772 2
432 3744 2
432 7342 2
433 3030 2
433 982 2
433 9207 2
434 4160 2
434 8246 2
435 2812 2
435 4349 2
435 3638 2
435 4272 2
436 8061 2
437 1697 2
439 3978 2
441 8162 2
441 1647 2
442 8811 2
442 4111 2
443 8657 2
443 3042 2
443 1974 2
444 1258 2
445 2929 2
445 3021 2
446 3369 2
446 1369 2
447 6851 2
447 8522 2
447 3495 2
448 9282 2
449 5115 2
449 9542 2
449 9579 2
450 7974 2
450 8710 2
450 1758 2
451 4710 2
451 9220 2
451 8269 2
453 6240 2
454 7693 2
454 5978 2
455 8584 2
455 5940 2
455 9311 2
456 6534 2
456 3916 2
459 4078 2
460 8695 2
460 6561 2
460 5342 2
461 895 2
461 9975 2
462 5242 2
463 8092 2
463 3122 2
463 8959 2
464 3569 2
464 6622 2
465 7317 2
465 3672 2
465 7432 2
466 6613 2
466 2316 2
468 6713 2
468 5558 2
469 7955 2
469 1046 2
470 7535 2
470 2622 2
470 9411 2
471 9130 2
471 2514 2
471 6517 2
471 485 2
472 9366 2
473 2820 2
473 826 2
474 4352 2
474 3535 2
476 1047 2
476 7319 2
477 4158 2
478 8953 2
478 9437 2
478 8955 2
478 5522 2
479 9935 2
479 6454 2
479 4787 2
479 2149 2
479 1762 2
480 9999 2
480 1705 2
480 4449 2
481 5858 2
481 9525 2
482 8073 2
482 5584 2
483 4606 2
483 4451 2
483 837 2
484 633 2
484 4587 2
485 8034 2
485 6804 2
487 1602 2
487 3897 2
487 7661 2
488 3113 2
488 2528 2
489 4240 2
489 3045 2
489 1156 2
489 8614 2
489 3001 2
490 6116 2
492 9136 2
493 3709 2
493 9977 2
494 8571 2
494 7495 2
494 1438 2
495 7518 2
495 1002 2
496 2950 2
496 5285 2
496 3044 2
496 6309 2
498 895 2
498 2308 2
499 1645 2
502 6082 2
502 9773 2
502 6017 2
503 2749 2
504 2679 2
504 7754 2
505 1623 2
506 4823 2
507 8469 2
507 4508 2
507 7354 2
507 4824 2
507 1191 2
508 4209 2
508 4165 2
509 8885 2
509 4427 2
509 7603 2
510 2920 2
511 5453 2
512 4171 2
513 3860 2
513 2762 2
514 5666 2
514 5727 2
514 6631 2
514 6852 2
517 4923 2
517 1393 2
517 867 2
518 7591 2
519 6850 2
519 3778 2
520 6478 2
520 9924 2
520 5314 2
520 6693 2
522 7874 2
523 2255 2
524 6059 2
524 1857 2
524 8698 2
524 2655 2
524 5958 2
524 1743 2
524 1086 2
526 7005 2
526 6790 2
526 1972 2
527 9130 2
527 1725 2
528 2930 2
528 4999 2
528 6942 2
530 9559 2
530 3478 2
532 2240 2
532 6502 2
532 7115 2
533 5547 2
533 2096 2
534 9509 2
534 3081 2
535 2558 2
537 4355 2
538 4558 2
540 7016 2
540 3968 2
540 4223 2
541 3489 2
541 1420 2
542 6143 2
542 1333 2
543 2553 2
543 8828 2
544 5351 2
544 4096 2
545 3299 2
545 2219 2
545 5224 2
546 6822 2
547 3679 2
547 2738 2
548 3225 2
548 5015 2
550 3889 2
550 9948 2
551 7346 2
552 2881 2
552 7533 2
553 1349 2
554 1876 2
554 632 2
554 3645 2
554 1921 2
554 3593 2
554 8320 2
554 6258 2
555 3975 2
556 9143 2
556 8338 2
557 5272 2
557 578 2
558 3287 2
559 8396 2
560 9908 2
560 9303 2
562 827 2
562 1235 2
562 4977 2
563 2672 2
563 8749 2
563 1697 2
563 8940 2
565 6420 2
565 4884 2
566 8761 2
566 3513 2
566 1309 2
566 5564 2
566 3946 2
567 2151 2
567 8569 2
568 4498 2
570 8226 2
570 9074 2
570 8841 2
571 9587 2
571 8413 2
571 8693 2
572 4603 2
573 9018 2
575 1293 2
575 6719 2
576 5571 2
577 7294 2
577 5991 2
577 8834 2
577 1399 2
578 7914 2
579 3933 2
580 6820 2
581 7470 2
582 1346 2
582 9019 2
582 6687 2
582 1995 2
582 7304 2
583 7834 2
583 3432 2
583 2746 2
583 1447 2
584 7994 2
584 2717 2
584 6322 2
584 4124 2
584 3984 2
585 3152 2
586 2116 2
587 9180 2
587 2501 2
587 3128 2
588 7898 2
588 8251 2
589 8131 2
590 2671 2
590 3292 2
591 5486 2
592 6814 2
592 1785 2
592 6158 2
592 7307 2
592 5611 2
592 2930 2
593 3042 2
595 9251 2
596 2242 2
597 5866 2
597 8162 2
597 3317 2
598 7252 2
599 3214 2
600 2561 2
600 1532 2
600 8471 2
601 9640 2
603 5429 2
604 6198 2
605 8166 2
605 2055 2
605 8948 2
606 6985 2
606 1425 2
607 9959 2
607 4092 2
607 6605 2
607 886 2
609 8671 2
609 1791 2
611 6648 2
611 2312 2
612 7140 2
613 9694 2
614 8504 2
614 8190 2
616 5310 2
618 3580 2
618 7941 2
618 9117 2
620 9265 2
620 4812 2
620 9397 2
620 2736 2
622 3966 2
622 9865 2
623 4387 2
623 3103 2
624 7439 2
624 1547 2
624 6564 2
624 5159 2
625 8929 2
625 1323 2
625 9948 2
625 6628 2
626 9126 2
626 3503 2
626 9896 2
626 887 2
626 7877 2
627 1869 2
628 680 2
632 1292 2
633 7713 2
635 6537 2
635 3467 2
635 8878 2
635 4096 2
635 7858 2
636 1287 2
636 945 2
637 8292 2
637 3488 2
638 4477 2
638 4549 2
639 6433 2
640 8851 2
640 2859 2
640 1920 2
641 6529 2
641 8251 2
642 781 2
643 4844 2
643 9787 2
644 2128 2
644 5333 2
644 9663 2
644 9912 2
645 4528 2
647 5377 2
647 1055 2
648 2009 2
648 8614 2
649 5461 2
651 7272 2
651 1759 2
652 4942 2
652 4531 2
652 5699 2
653 4796 2
655 1206 2
655 9911 2
656 1335 2
657 2780 2
658 9985 2
658 1329 2
659 9401 2
659 4629 2
659 2673 2
660 9735 2
660 4448 2
661 9656 2
662 8417 2
662 1893 2
663 4952 2
664 4393 2
664 6002 2
665 6908 2
666 4733 2
666 5688 2
667 2299 2
667 8427 2
667 2248 2
667 8443 2
667 5081 2
668 8299 2
669 7642 2
669 6063 2
670 6324 2
671 3327 2
671 4802 2
671 7738 2
671 2728 2
672 4129 2
672 3640 2
672 872 2
673 3969 2
673 6272 2
673 3192 2
674 1557 2
674 9832 2
674 3556 2
674 3057 2
675 2970 2
675 3865 2
675 4846 2
676 3049 2
677 1988 2
677 9936 2
677 8580 2
678 9588 2
678 9799 2
678 1756 2
679 3616 2
679 926 2
680 1794 2
680 8409 2
680 9261 2
681 7913 2
682 2265 2
683 4050 2
683 9136 2
684 5244 2
684 6463 2
684 4808 2
685 7823 2
687 8532 2
689 8259 2
689 3186 2
690 1659 2
691 2608 2
691 6728 2
691 1221 2
691 5853 2
692 8282 2
692 3427 2
692 9219 2
692 5556 2
693 4190 2
693 6772 2
693 8466 2
694 5182 2
694 2622 2
694 9457 2
694 4626 2
695 6739 2
696 949 2
696 8980 2
697 976 2
699 2649 2
699 4489 2
699 4054 2
699 2361 2
699 5173 2
700 3728 2
700 5386 2
701 5717 2
702 757 2
702 7267 2
702 8348 2
702 4433 2
703 7940 2
703 2218 2
703 8144 2
704 9873 2
704 6298 2
704 1566 2
705 2874 2
705 7071 2
705 9017 2
706 6365 2
708 9177 2
708 4001 2
708 9183 2
708 5978 2
709 5633 2
709 6682 2
709 8531 2
710 8039 2
710 6709 2
710 5818 2
711 1193 2
712 724 2
712 7973 2
713 2818 2
713 9786 2
713 6991 2
716 5280 2
716 2963 2
716 7904 2
716 3152 2
716 9019 2
716 1982 2
717 9204 2
717 5284 2
717 4644 2
718 7437 2
718 2274 2
718 3518 2
719 9324 2
719 1998 2
723 9675 2
723 5379 2
723 1804 2
724 7361 2
724 4034 2
725 7263 2
726 3387 2
726 2968 2
726 7633 2
727 7580 2
728 5492 2
728 7599 2
730 1031 2
730 9604 2
731 9894 2
732 2282 2
733 2636 2
734 4637 2
735 7629 2
736 7203 2
736 6606 2
736 1816 2
736 8745 2
737 3150 2
737 1212 2
737 8989 2
738 7050 2
738 2839 2
738 3579 2
739 4046 2
739 3340 2
739 3250 2
739 9720 2
739 9288 2
739 5537 2
740 1148 2
740 9752 2
741 1608 2
741 9942 2
741 3791 2
742 1100 2
744 3816 2
744 7878 2
745 1221 2
746 4078 2
747 2348 2
747 9813 2
747 4199 2
747 6099 2
748 3533 2
748 3303 2
748 1445 2
749 4522 2
750 5016 2
750 6269 2
751 3398 2
751 9162 2
752 9599 2
754 6522 2
754 8904 2
755 5031 2
756 9959 2
756 7369 2
756 3568 2
756 6260 2
758 8657 2
762 1183 2
763 1685 2
763 8977 2
763 1406 2
763 6287 2
764 5419 2
765 4502 2
766 1061 2
766 9954 2
767 3498 2
768 7490 2
768 1307 2
769 6525 2
770 6427 2
770 6163 2
770 4993 2
770 4042 2
771 8887 2
775 5169 2
775 2481 2
775 2898 2
775 7866 2
776 7027 2
776 3837 2
777 9350 2
778 6873 2
779 9839 2
780 3182 2
781 1407 2
781 8413 2
782 2342 2
782 1217 2
782 7231 2
783 8997 2
783 1421 2
783 7886 2
783 4714 2
784 5655 2
784 9568 2
785 5540 2
785 3576 2
785 9848 2
786 5857 2
786 5328 2
786 818 2
787 9213 2
787 5558 2
788 7986 2
788 3585 2
789 4386 2
790 5585 2
790 1498 2
794 4303 2
794 1152 2
794 8095 2
795 7869 2
796 3482 2
796 6784 2
796 5533 2
797 3465 2
800 8529 2
801 1385 2
801 1221 2
801 1384 2
802 3887 2
803 9153 2
804 1562 2
805 3050 2
805 7667 2
806 8401 2
806 1292 2
806 8111 2
806 8481 2
806 4304 2
807 9882 2
807 4246 2
807 3576 2
807 3074 2
807 1665 2
808 4420 2
808 5003 2
808 5621 2
808 3837 2
809 5459 2
809 5486 2
811 1804 2
811 5082 2
813 4669 2
815 7644 2
815 2577 2
816 3821 2
816 1503 2
817 3783 2
818 3194 2
818 9941 2
818 9281 2
818 6436 2
819 9508 2
819 7705 2
820 3440 2
820 8931 2
821 8729 2
821 7539 2
824 2481 2
824 9740 2
824 7547 2
825 7279 2
825 3983 2
826 2646 2
826 5549 2
826 2438 2
827 7309 2
827 5585 2
827 9965 2
827 2411 2
828 6506 2
828 4804 2
828 8858 2
828 1066 2
828 8173 2
829 8741 2
829 2103 2
830 8967 2
830 9538 2
830 6388 2
830 5720 2
831 5441 2
831 6273 2
832 8641 2
832 6969 2
832 1129 2
834 8474 2
834 6000 2
835 1654 2
835 8480 2
835 7897 2
835 9224 2
835 847 2
836 3411 2
837 6890 2
837 6608 2
837 9133 2
839 9345 2
840 9807 2
840 3747 2
841 7272 2
842 5380 2
842 9911 2
843 6242 2
843 2667 2
843 6588 2
843 6234 2
843 7770 2
844 9218 2
845 7604 2
845 2152 2
846 6035 2
846 5534 2
847 8079 2
847 8975 2
848 3186 2
848 3705 2
849 3226 2
850 3001 2
853 3989 2
853 9828 2
854 9651 2
855 1708 2
855 5713 2
855 8899 2
856 1187 2
856 2680 2
857 6586 2
858 4567 2
858 7421 2
858 3580 2
859 1255 2
860 9750 2
861 3725 2
861 4478 2
862 8782 2
863 1622 2
864 1483 2
864 3095 2
865 5874 2
865 1430 2
866 9249 2
867 1289 2
867 3927 2
868 8246 2
868 1703 2
868 8600 2
868 3205 2
868 4202 2
869 2484 2
870 2523 2
871 7586 2
871 3779 2
871 8358 2
872 9763 2
874 7038 2
874 9974 2
876 8824 2
876 5107 2
876 9173 2
877 1307 2
877 8995 2
877 2278 2
878 7283 2
879 5015 2
879 1662 2
879 5135 2
879 5735 2
880 6972 2
881 8975 2
882 2062 2
882 6253 2
883 5669 2
883 4982 2
883 6358 2
884 7607 2
885 8949 2
887 6771 2
889 3970 2
889 2284 2
890 1267 2
890 8562 2
891 2415 2
894 8108 2
896 9435 2
896 3621 2
897 2545 2
897 8959 2
897 1988 2
898 8879 2
899 3888 2
899 4143 2
901 3380 2
902 4227 2
903 2061 2
903 7396 2
904 4578 2
904 8401 2
905 7419 2
905 4672 2
905 3131 2
905 2296 2
906 8039 2
907 7102 2
907 2609 2
908 3954 2
908 4041 2
908 5447 2
909 3919 2
910 3478 2
910 6240 2
910 1314 2
910 8737 2
910 3630 2
912 1869 2
912 4101 2
913 1303 2
913 2938 2
914 6132 2
914 6615 2
914 6345 2
915 8510 2
915 6467 2
916 8183 2
916 7453 2
916 5728 2
917 4001 2
918 5758 2
919 4873 2
919 7659 2
920 9374 2
920 6091 2
921 2374 2
921 9640 2
922 7296 2
922 8652 2
922 1097 2
922 1799 2
922 3716 2
923 4697 2
924 4215 2
924 2502 2
925 9030 2
925 6341 2
926 9490 2
926 3469 2
928 1117 2
928 4661 2
928 3444 2
929 1581 2
929 2898 2
930 4905 2
930 2851 2
931 7702 2
931 1719 2
933 6624 2
933 3269 2
933 3710 2
933 5385 2
936 7654 2
938 8588 2
938 4033 2
939 9924 2
939 2072 2
939 2639 2
940 8764 2
941 3918 2
941 4648 2
942 1184 2
943 2317 2
943 7525 2
944 5198 2
944 4917 2
944 2142 2
944 5242 2
944 9174 2
945 3602 2
945 1283 2
946 7715 2
947 4165 2
948 4818 2
949 8881 2
949 2825 2
950 2104 2
950 4591 2
950 3644 2
950 1612 2
951 6266 2
951 6225 2
951 3607 2
951 6902 2
952 9725 2
953 1287 2
953 3436 2
953 5220 2
953 2459 2
953 8910 2
954 4594 2
954 4828 2
955 8863 2
955 9013 2
955 2821 2
956 3233 2
956 1760 2
957 5085 2
957 1603 2
957 4965 2
958 6304 2
958 2449 2
958 8103 2
958 7064 2
959 5782 2
959 3931 2
959 9197 2
960 9566 2
960 3453 2
961 4130 2
961 3917 2
962 3741 2
966 3150 2
967 3291 2
967 4844 2
967 9165 2
968 1901 2
968 9471 2
968 7112 2
968 3367 2
969 1830 2
969 7905 2
970 1309 2
970 4553 2
970 9336 2
970 3546 2
972 5800 2
972 3745 2
972 8413 2
973 8202 2
974 6237 2
974 8704 2
975 7009 2
976 4361 2
976 5073 2
976 3069 2
976 8403 2
977 3704 2
977 3587 2
977 2111 2
977 7738 2
977 2469 2
977 5166 2
978 6233 2
978 5790 2
978 2381 2
978 999 2
978 8601 2
979 7525 2
979 6252 2
979 7541 2
981 3701 2
981 5788 2
981 2525 2
982 6629 2
982 8657 2
983 7391 2
983 8958 2
984 7597 2
985 6641 2
986 8223 2
986 2548 2
988 6150 2
988 2639 2
989 8072 2
990 6144 2
992 8552 2
993 8728 2
993 8674 2
994 9394 2
994 8731 2
996 3310 2
996 7145 2
996 2006 2
997 1042 2
998 4319 2
998 6493 2
998 1776 2
999 2028 2
999 2716 2
999 9363 2
1000 5523 2
1000 6168 2
1001 3335 2
1001 6849 2
1002 5031 2
1002 8776 2
1007 8145 2
1007 2815 2
1007 4852 2
1009 8187 2
1009 3068 2
1010 9811 2
1011 3827 2
1013 9326 2
1014 1714 2
1014 6388 2
1015 5241 2
1015 3472 2
1016 6921 2
1016 1577 2
1017 1125 2
1017 8492 2
1017 1940 2
1018 2115 2
1019 3377 2
1019 6740 2
1020 8811 2
1020 4204 2
1020 3441 2
1020 3507 2
1020 5347 2
1021 7415 2
1021 7137 2
1022 1124 2
1022 1259 2
1023 1548 2
1024 1099 2
1025 3239 2
1025 4843 2
1026 6716 2
1026 8264 2
1027 8250 2
1027 7424 2
1028 7256 2
1028 3514 2
1030 8693 2
1031 6008 2
1031 3205 2
1031 1286 2
1031 4599 2
1032 2708 2
1033 5609 2
1033 5233 2
1033 8702 2
1033 4942 2
1034 8437 2
1034 8549 2
1034 4692 2
1035 3597 2
1035 2540 2
1036 4878 2
1038 5619 2
1038 4978 2
1039 4599 2
1039 9315 2
1040 8242 2
1040 1166 2
1040 2257 2
1041 5290 2
1041 5269 2
1041 8118 2
1041 2959 2
1042 3684 2
1042 7429 2
1043 6805 2
1044 3392 2
1045 7862 2
1045 7874 2
1046 4700 2
1046 6327 2
1048 7410 2
1048 4635 2
1049 7485 2
1049 3357 2
1050 2952 2
1050 9645 2
1050 4436 2
1050 2486 2
1051 2427 2
1052 2309 2
1052 2949 2
1053 4829 2
1055 7000 2
1055 7462 2
1055 9148 2
1055 4018 2
1056 6108 2
1057 6522 2
1058 8752 2
1058 7942 2
1058 3476 2
1059 5181 2
1059 9520 2
1060 1737 2
1061 3015 2
1062 7452 2
1063 2279 2
1063 5701 2
1063 9373 2
1063 2293 2
1064 9014 2
1064 9556 2
1066 4727 2
1066 5359 2
1068 1380 2
1071 8646 2
1071 7022 2
1072 7074 2
1072 8192 2
1073 5274 2
1073 9714 2
1074 2916 2
1075 1464 2
1075 8652 2
1075 1812 2
1076 6993 2
1076 5304 2
1078 8493 2
1078 1505 2
1081 1826 2
1081 3028 2
1081 1737 2
1082 4178 2
1082 3060 2
1082 3645 2
1083 2867 2
1084 8780 2
1086 2946 2
1087 4940 2
1087 3514 2
1088 6425 2
1088 4555 2
1089 8869 2
1090 2692 2
1090 9003 2
1090 6402 2
1091 9196 2
1091 7295 2
1093 7785 2
1093 5065 2
1094 8350 2
1094 1897 2
1094 9540 2
1095 9593 2
1096 3914 2
1097 8688 2
1097 3124 2
1097 5743 2
1098 1102 2
1098 1125 2
1098 2585 2
1098 1964 2
1099 2805 2
1099 8101 2
1099 9800 2
1101 1337 2
1101 4420 2
1101 5325 2
1101 7034 2
1102 3040 2
1102 9263 2
1102 5212 2
1103 7413 2
1103 2346 2
1105 8475 2
1105 2801 2
1106 3994 2
1106 9015 2
1107 1623 2
1107 3863 2
1108 4733 2
1110 9152 2
1111 5998 2
1112 6778 2
1113 4276 2
1113 8149 2
1114 2271 2
1116 1187 2
1116 8396 2
1116 6096 2
1118 1269 2
1118 4866 2
1119 8773 2
1119 3305 2
1119 1707 2
1120 7866 2
1120 7940 2
1121 4480 2
1122 3212 2
1122 5446 2
1122 8754 2
1122 5847 2
1123 5451 2
1123 8893 2
1123 3824 2
1127 8728 2
1127 5659 2
1127 8198 2
1128 9495 2
1128 7168 2
1129 6962 2
1130 8219 2
1130 3941 2
1131 8053 2
1131 2588 2
1132 5202 2
1132 7337 2
1132 8420 2
1133 4299 2
1134 7610 2
1134 2963 2
1135 3843 2
1135 3245 2
1136 5482 2
1136 4767 2
1137 8821 2
1137 7017 2
1138 8299 2
1139 4973 2
1139 2610 2
1139 9112 2
1140 3323 2
1140 1426 2
1140 1744 2
1141 4600 2
1141 9804 2
1141 4204 2
1142 7659 2
1143 5256 2
1143 9453 2
1143 5401 2
1144 6645 2
1144 2914 2
1145 8751 2
1145 9036 2
1145 4739 2
1145 9626 2
1146 6315 2
1147 4380 2
1148 6153 2
1150 3632 2
1151 3440 2
1151 3303 2
1151 7240 2
1151 4645 2
1152 2516 2
1152 8470 2
1153 3182 2
1153 5254 2
1153 1837 2
1154 7861 2
1155 2052 2
1156 3612 2
1156 2244 2
1157 8100 2
1158 4591 2
1158 6101 2
1158 2136 2
1158 7099 2
1158 6864 2
1160 1281 2
1160 1698 2
1161 2044 2
1161 2244 2
1161 5003 2
1163 2241 2
1163 5996 2
1163 9965 2
1164 5053 2
1165 9102 2
1167 2039 2
1167 3334 2
1167 6898 2
1168 5089 2
1168 1404 2
1168 5235 2
1169 8241 2
1169 9112 2
1170 8776 2
1171 8811 2
1171 4081 2
1172 1306 2
1172 3229 2
1173 9142 2
1173 7555 2
1173 7108 2
1173 1498 2
1174 6036 2
1175 7897 2
1175 6946 2
1176 5701 2
1176 9220 2
1176 8099 2
1176 4532 2
1177 3874 2
1177 7068 2
1178 9882 2
1179 4413 2
1180 4318 2
1180 6859 2
1180 5585 2
1180 9595 2
1180 4906 2
1181 5341 2
1184 6448 2
1184 3356 2
1185 9448 2
1186 3664 2
1187 1536 2
1187 4766 2
1188 2845 2
1189 8376 2
1190 7557 2
1190 2866 2
1190 7722 2
1190 6645 2
1191 2443 2
1191 7285 2
1191 1741 2
1192 8477 2
1192 9296 2
1193 5147 2
1193 8606 2
1193 1735 2
1193 6147 2
1195 7552 2
1195 7279 2
1197 6607 2
1197 9145 2
1198 4011 2
1198 7039 2
1199 2788 2
1200 5154 2
1200 4178 2
1200 5292 2
1200 6787 2
1201 3385 2
1201 4405 2
1202 5247 2
1203 7815 2
1203 8219 2
1203 1736 2
1204 1884 2
1204 6940 2
1204 4986 2
1205 7716 2
1205 2949 2
1206 2686 2
1206 1789 2
1206 3444 2
1206 3837 2
1206 7072 2
1207 1492 2
1207 9954 2
1208 9592 2
1208 7184 2
1208 9943 2
1209 6843 2
1210 8270 2
1210 8657 2
1210 4836 2
1211 2548 2
1211 2651 2
1211 5839 2
1211 9039 2
1211 6172 2
1212 3815 2
1212 5389 2
1214 9472 2
1216 8328 2
1216 2432 2
1217 7244 2
1217 3280 2
1217 1805 2
1218 2631 2
1218 4051 2
1218 7598 2
1218 8878 2
1218 9051 2
1222 5335 2
1223 5716 2
1224 3723 2
1224 8968 2
1224 7069 2
1224 2011 2
1224 5884 2
1225 2373 2
1226 9668 2
1229 3842 2
1230 7442 2
1230 5913 2
1230 7288 2
1230 3111 2
1231 2192 2
1231 9670 2
1231 9887 2
1232 2813 2
1232 3590 2
1232 3451 2
1233 2170 2
1234 5065 2
1234 3522 2
1234 5674 2
1234 3604 2
1235 3546 2
1235 8115 2
1235 8915 2
1235 7769 2
1237 9260 2
1237 4787 2
1237 3693 2
1237 6782 2
1238 2276 2
1239 6792 2
1239 2987 2
1241 1413 2
1241 7471 2
1241 3977 2
1243 9524 2
1244 2979 2
1244 1594 2
1245 6884 2
1245 7815 2
1245 1530 2
1245 6098 2
1246 4309 2
1247 7346 2
1247 2860 2
1248 3631 2
1248 8155 2
1249 9392 2
1249 9897 2
1249 8661 2
1254 2441 2
1254 7559 2
1254 2648 2
1254 8893 2
1255 8050 2
1255 3103 2
1255 2427 2
1255 6897 2
1256 8330 2
1256 2741 2
1257 4101 2
1257 6432 2
1258 6938 2
1258 7317 2
1259 5797 2
1261 8852 2
1261 5660 2
1261 3504 2
1261 4425 2
1262 1514 2
1262 2962 2
1263 7393 2
1264 3645 2
1264 6335 2
1264 7317 2
1264 7831 2
1265 1304 2
1267 5160 2
1268 4792 2
1268 5836 2
1268 6876 2
1269 5391 2
1270 7109 2
1270 5070 2
1270 6387 2
1270 5114 2
1272 4455 2
1273 6592 2
1273 1842 2
1275 6724 2
1275 3888 2
1276 8890 2
1276 5054 2
1277 5240 2
1277 9577 2
1277 1387 2
1277 8822 2
1277 9972 2
1277 1941 2
1277 7049 2
1279 6618 2
1279 9119 2
1279 3081 2
1279 5240 2
1279 9727 2
1280 8717 2
1282 5778 2
1282 2239 2
1283 1792 2
1283 8103 2
1283 4785 2
1283 4396 2
1284 5769 2
1285 2855 2
1285 5450 2
1288 8028 2
1289 6131 2
1289 3860 2
1289 2553 2
1290 8060 2
1292 9914 2
1292 5588 2
1292 9487 2
1293 9902 2
1294 9559 2
1294 4002 2
1294 5343 2
1294 4839 2
1294 4061 2
1295 8652 2
1296 5301 2
1296 1812 2
1296 9495 2
1298 7422 2
1298 8440 2
1299 3961 2
1299 3852 2
1299 8422 2
1300 2956 2
1301 3485 2
1302 5984 2
1302 8619 2
1305 7840 2
1305 9614 2
1306 5358 2
1306 3043 2
1306 5369 2
1307 7266 2
1307 5260 2
1308 8385 2
1308 3136 2
1309 7116 2
1309 8295 2
1310 5572 2
1311 6001 2
1311 4694 2
1311 2979 2
1311 3933 2
1312 7881 2
1312 3192 2
1313 8478 2
1314 6439 2
1314 3101 2
1314 5740 2
1314 8407 2
1315 2283 2
1316 9593 2
1316 7416 2
1316 4688 2
1316 8596 2
1317 9239 2
1318 7504 2
1319 8428 2
1321 7824 2
1323 6170 2
1324 2383 2
1324 1555 2
1325 1665 2
1325 3007 2
1325 3538 2
1325 5555 2
1325 2779 2
1325 1551 2
1326 3858 2
1326 7628 2
1326 4472 2
1328 5718 2
1328 5130 2
1330 1619 2
1331 4549 2
1333 6905 2
1335 6977 2
1335 3711 2
1335 4054 2
1336 9719 2
1336 4327 2
1336 2815 2
1337 8551 2
1337 3133 2
1338 8660 2
1338 8019 2
1339 2882 2
1339 7541 2
1339 7851 2
1339 5498 2
1340 5253 2
1341 1696 2
1341 8758 2
1341 3807 2
1341 3656 2
1342 4407 2
1343 6554 2
1343 2800 2
1344 3725 2
1345 5792 2
1346 5077 2
1346 1560 2
1346 8802 2
1346 5366 2
1347 2538 2
1347 4636 2
1348 7262 2
1348 4729 2
1348 3633 2
1349 1810 2
1350 9681 2
1351 4629 2
1351 3528 2
1352 3936 2
1352 4028 2
1353 8582 2
1353 9213 2
1354 2649 2
1354 5418 2
1354 7863 2
1355 9921 2
1355 5283 2
1356 3191 2
1357 6532 2
1359 5858 2
1360 9243 2
1360 2844 2
1361 8914 2
1361 6849 2
1361 3145 2
1363 7690 2
1364 5052 2
1365 7555 2
1365 1548 2
1365 6551 2
1365 1708 2
1366 3179 2
1366 7353 2
1367 9332 2
1368 8305 2
1370 4655 2
1370 7829 2
1371 7497 2
1371 8121 2
1372 7090 2
1372 1947 2
1374 9145 2
1374 4252 2
1374 5619 2
1376 5971 2
1376 8293 2
1377 9446 2
1378 2451 2
1380 6486 2
1380 2077 2
1380 4601 2
1381 8072 2
1382 3179 2
1382 2181 2
1382 2072 2
1383 3146 2
1384 2979 2
1384 7208 2
1384 1424 2
1384 7708 2
1385 6460 2
1385 2208 2
1386 6127 2
1386 7360 2
1386 3721 2
1387 2362 2
1387 2332 2
1389 6336 2
1389 9427 2
1390 4769 2
1391 8526 2
1392 6798 2
1394 2289 2
1394 2739 2
1394 8157 2
1394 4836 2
1395 1975 2
1395 8057 2
1396 9492 2
1396 7897 2
1398 2733 2
1398 8841 2
1398 3276 2
1399 5360 2
1399 8558 2
1400 4200 2
1401 3346 2
1401 7260 2
1402 1969 2
1402 9244 2
1402 3066 2
1402 6001 2
1403 7009 2
1403 2389 2
1403 6985 2
1404 9879 2
1405 7132 2
1406 3147 2
1406 7333 2
1407 4648 2
1407 3713 2
1407 2462 2
1408 9354 2
1408 6854 2
1410 2324 2
1411 5339 2
1411 2174 2
1412 7173 2
1413 5886 2
1414 9988 2
1414 6365 2
1414 6990 2
1415 4868 2
1415 7656 2
1416 4832 2
1416 6259 2
1416 9704 2
1417 8483 2
1417 5727 2
1418 9447 2
1419 8230 2
1420 6952 2
1420 7846 2
1421 4650 2
1421 7690 2
1421 5617 2
1422 4178 2
1424 6539 2
1424 6459 2
1425 6025 2
1425 6878 2
1426 9353 2
1426 9637 2
1427 6346 2
1427 8844 2
1430 8679 2
1430 7042 2
1430 2314 2
1430 8236 2
1431 1489 2
1431 3441 2
1432 3462 2
1432 9887 2
1432 9781 2
1433 4969 2
1433 5823 2
1436 5586 2
1436 6077 2
1436 8045 2
1436 7491 2
1437 5048 2
1437 6250 2
1437 2420 2
1439 3798 2
1440 8454 2
1442 8167 2
1443 4320 2
1444 8185 2
1444 8248 2
1445 6613 2
1446 7288 2
1446 5636 2
1446 6121 2
1446 5939 2
1447 7555 2
1448 7017 2
1448 4121 2
1449 5105 2
1449 6531 2
1450 3217 2
1450 8316 2
1450 7413 2
1450 4173 2
1451 6625 2
1451 2403 2
1452 9658 2
1454 2971 2
1455 6504 2
1456 3717 2
1456 8250 2
1457 5184 2
1457 3218 2
1458 5492 2
1458 5288 2
1460 2778 2
1460 5574 2
1462 6803 2
1463 5864 2
1464 1578 2
1464 6787 2
1465 9817 2
1465 7988 2
1465 2383 2
1465 7080 2
1467 1713 2
1467 5808 2
1467 5789 2
1468 5931 2
1468 2759 2
1469 4157 2
1469 1751 2
1469 7249 2
1471 1996 2
1471 7626 2
1472 7788 2
1473 9220 2
1473 2262 2
1474 8928 2
1475 6799 2
1476 1579 2
1476 7175 2
1476 8189 2
1476 9372 2
1477 7201 2
1479 6588 2
1480 7002 2
1480 7394 2
1480 7975 2
1480 4877 2
1481 7930 2
1483 6541 2
1483 3621 2
1484 5366 2
1486 6380 2
1486 5343 2
1487 8840 2
1487 4812 2
1488 7254 2
1488 7623 2
1489 8020 2
1489 4985 2
1489 2135 2
1490 9698 2
1490 8918 2
1491 2806 2
1492 1568 2
1493 7677 2
1493 9908 2
1493 9659 2
1494 6457 2
1494 2518 2
1495 1750 2
1495 4324 2
1495 6786 2
1495 5383 2
1496 5078 2
1497 6286 2
1497 6833 2
1497 4366 2
1498 2042 2
1498 7258 2
1499 7434 2
1499 5073 2
1499 2992 2
1500 9890 2
1502 3879 2
1503 3292 2
1504 8671 2
1505 7987 2
1505 4258 2
1508 3092 2
1508 9748 2
1508 8155 2
1509 9520 2
1510 7645 2
1510 1950 2
1511 9486 2
1512 5383 2
1513 9265 2
1514 4638 2
1514 8443 2
1514 7587 2
1515 5879 2
1515 6313 2
1516 8709 2
1516 2346 2
1517 8575 2
1517 2516 2
1517 9120 2
1517 9628 2
1518 8253 2
1520 1935 2
1520 3905 2
1521 4853 2
1521 2935 2
1522 7543 2
1525 7664 2
1525 2080 2
1525 2869 2
1525 5534 2
1528 6556 2
1528 3724 2
1528 5825 2
1529 2297 2
1529 7477 2
1530 7450 2
1531 7198 2
1532 5429 2
1533 6377 2
1535 9288 2
1537 3638 2
1537 9035 2
1538 9759 2
1538 9481 2
1539 4831 2
1539 4544 2
1540 2404 2
1540 3175 2
1540 2616 2
1541 4228 2
1541 6194 2
1541 6268 2
1541 2585 2
1542 7354 2
1542 8584 2
1543 3444 2
1543 6362 2
1544 7062 2
1544 6141 2
1544 9610 2
1545 2921 2
1545 8642 2
1545 4738 2
1545 3100 2
1546 9119 2
1547 5994 2
1547 8690 2
1552 3639 2
1553 8051 2
1553 2131 2
1554 1721 2
1555 6793 2
1556 1586 2
1556 5329 2
1558 5920 2
1559 7271 2
1560 2836 2
1561 5029 2
1562 3163 2
1564 5224 2
1564 6532 2
1565 2148 2
1565 5430 2
1566 6053 2
1566 8177 2
1566 7674 2
1567 5969 2
1567 7712 2
1567 2223 2
1568 8876 2
1568 3758 2
1570 4073 2
1571 4890 2
1571 2410 2
1571 6930 2
1571 3816 2
1573 4619 2
1573 8711 2
1573 2390 2
1573 9499 2
1574 7301 2
1576 4853 2
1577 3723 2
1577 3122 2
1578 8245 2
1579 9293 2
1579 5271 2
1579 9222 2
1580 5563 2
1580 1757 2
1581 2596 2
1582 8207 2
1582 4628 2
1582 7547 2
1583 3043 2
1583 9777 2
1583 7780 2
1584 7794 2
1584 5892 2
1585 6663 2
1585 3590 2
1585 1755 2
1586 8405 2
1588 2501 2
1588 6309 2
1588 4197 2
1588 8323 2
1589 1622 2
1589 3468 2
1590 7722 2
1591 3530 2
1593 4529 2
1593 8686 2
1593 5861 2
1593 7687 2
1594 5346 2
1594 9769 2
1595 4389 2
1595 3216 2
1595 7776 2
1597 9082 2
1598 7891 2
1598 6216 2
1598 1940 2
1599 9278 2
1600 3727 2
1601 6502 2
1601 5665 2
1602 4627 2
1602 3326 2
1602 6851 2
1604 9983 2
1605 6516 2
1605 8817 2
1606 1909 2
1606 4741 2
1607 3401 2
1607 6415 2
1608 8363 2
1608 2246 2
1608 6213 2
1608 9251 2
1609 3632 2
1610 9849 2
1610 6329 2
1610 7789 2
1610 2268 2
1611 5738 2
1611 9516 2
1611 1702 2
1612 7597 2
1613 6653 2
1614 9752 2
1614 8920 2
1615 5947 2
1617 6098 2
1617 1633 2
1617 2988 2
1618 8119 2
1619 9687 2
1620 9315 2
1621 4046 2
1621 4027 2
1622 6112 2
1622 3711 2
1623 3040 2
1624 6879 2
1625 2202 2
1625 3761 2
1627 1939 2
1627 7468 2
1627 6252 2
1628 2251 2
1628 3988 2
1628 6040 2
1628 5681 2
1629 7283 2
1629 7030 2
1629 8411 2
1630 2807 2
1630 6695 2
1631 7451 2
1631 7554 2
1631 8589 2
1631 1659 2
1632 3160 2
1634 8550 2
1634 9462 2
1635 9823 2
1635 6737 2
1636 6234 2
1637 7883 2
1637 2755 2
1637 8060 2
1637 9851 2
1638 8812 2
1638 9850 2
1638 9596 2
1638 2487 2
1639 2052 2
1639 6699 2
1639 2341 2
1639 2346 2
1640 8373 2
1641 8625 2
1641 8698 2
1642 9185 2
1642 2072 2
1644 1846 2
1645 6187 2
1645 3779 2
1645 1875 2
1646 6589 2
1646 8333 2
1647 1987 2
1647 3253 2
1647 7216 2
1647 4768 2
1648 3213 2
1648 6017 2
1649 8695 2
1649 8144 2
1649 2206 2
1649 4218 2
1649 9690 2
1650 3817 2
1651 9921 2
1651 6442 2
1652 2376 2
1652 2607 2
1652 3461 2
1652 2093 2
1654 7869 2
1656 9875 2
1656 4910 2
1657 4733 2
1657 4864 2
1658 4805 2
1658 9885 2
1659 5113 2
1659 8542 2
1659 7823 2
1661 9128 2
1662 2311 2
1662 9643 2
1663 8921 2
1666 3023 2
1667 2994 2
1668 6485 2
1669 6668 2
1670 9397 2
1671 4161 2
1673 5942 2
1674 4651 2
1674 6303 2
1674 3539 2
1675 4024 2
1678 9699 2
1678 6373 2
1678 4353 2
1678 3233 2
1680 4261 2
1681 4203 2
1681 5166 2
1681 8772 2
1681 2153 2
1681 2456 2
1682 5705 2
1682 3184 2
1682 6568 2
1683 8446 2
1684 9867 2
1684 3895 2
1684 3266 2
1685 7363 2
1685 9979 2
1688 9723 2
1688 6852 2
1690 9138 2
1690 9395 2
1691 7709 2
1691 2386 2
1691 8003 2
1691 3589 2
1692 4447 2
1692 8155 2
1694 4823 2
1694 8656 2
1695 9528 2
1696 6518 2
1697 3108 2
1697 7394 2
1697 2448 2
1698 7651 2
1698 9282 2
1699 6238 2
1699 9674 2
1700 7395 2
1702 2282 2
1704 8143 2
1706 8652 2
1707 3507 2
1707 7035 2
1708 9648 2
1708 7156 2
1709 8145 2
1710 7967 2
1710 7784 2
1710 4284 2
1711 6222 2
1711 7433 2
1711 8919 2
1712 8160 2
1712 7442 2
1714 5142 2
1714 5132 2
1715 5721 2
1716 3583 2
1717 7248 2
1718 3454 2
1718 8193 2
1718 5394 2
1719 2579 2
1720 4735 2
1720 3404 2
1721 8285 2
1721 5802 2
1722 4011 2
1722 9462 2
1723 2591 2
1723 8232 2
1723 9046 2
1723 8195 2
1723 2446 2
1724 9934 2
1724 3135 2
1725 3847 2
1725 6316 2
1725 8914 2
1725 8283 2
1726 9560 2
1727 2782 2
1728 9097 2
1729 6748 2
1730 9681 2
1731 5639 2
1732 5069 2
1732 3916 2
1734 7309 2
1734 8772 2
1735 6201 2
1735 8615 2
1736 2002 2
1736 2061 2
1736 7819 2
1737 7074 2
1738 4292 2
1739 6937 2
1739 9338 2
1740 6569 2
1740 6868 2
1741 1821 2
1741 5163 2
1742 9372 2
1743 1998 2
1746 8039 2
1746 7582 2
1747 4961 2
1748 4143 2
1749 9675 2
1749 8834 2
1749 5054 2
1749 9557 2
1750 2316 2
1751 2461 2
1751 3584 2
1752 8534 2
1752 7192 2
1754 7064 2
1755 6684 2
1755 4945 2
1755 7115 2
1756 8315 2
1756 8665 2
1758 6943 2
1759 9353 2
1759 1910 2
1760 4063 2
1760 3626 2
1761 2194 2
1761 4756 2
1762 7217 2
1762 5577 2
1762 3521 2
1763 9939 2
1765 4160 2
1766 5374 2
1767 2229 2
1768 3280 2
1769 4950 2
1770 6122 2
1770 7018 2
1771 8914 2
1772 5129 2
1772 8998 2
1772 5585 2
1773 7936 2
1773 8020 2
1774 5742 2
1775 9301 2
1775 2600 2
1775 2145 2
1776 5805 2
1776 6842 2
1776 8350 2
1776 6700 2
1780 9427 2
1780 3582 2
1780 9802 2
1781 7342 2
1781 5268 2
1782 5341 2
1783 8689 2
1783 8354 2
1783 7526 2
1783 2099 2
1785 3676 2
1785 9014 2
1785 4382 2
1786 5860 2
1786 4230 2
1790 8715 2
1791 8150 2
1791 9166 2
1792 3232 2
1793 7063 2
1793 4280 2
1794 3597 2
1794 5823 2
1794 6374 2
1797 8541 2
1798 4844 2
1798 8587 2
1799 4404 2
1799 5459 2
1800 6421 2
1801 7888 2
1801 3654 2
1802 2025 2
1802 8957 2
1802 3536 2
1802 3419 2
1803 3925 2
1804 5416 2
1805 2872 2
1805 9526 2
1806 8941 2
1806 4836 2
1807 5567 2
1807 2352 2
1808 4935 2
1808 4527 2
1812 6371 2
1812 3382 2
1813 6395 2
1813 9410 2
1814 8428 2
1815 2283 2
1815 9723 2
1816 5578 2
1816 6927 2
1817 7342 2
1818 5417 2
1819 7256 2
1820 9083 2
1820 3571 2
1821 7649 2
1822 6327 2
1822 6071 2
1824 6655 2
1824 6431 2
1824 8212 2
1825 6323 2
1827 5520 2
1827 2136 2
1828 1898 2
1828 4658 2
1830 3594 2
1830 5417 2
1831 8876 2
1832 6084 2
1832 5899 2
1832 3947 2
1833 5032 2
1834 3277 2
1834 5572 2
1834 4885 2
1834 7723 2
1835 9095 2
1836 7894 2
1837 7691 2
1837 8087 2
1837 6674 2
1838 4496 2
1838 7464 2
1838 8919 2
1839 3726 2
1839 2013 2
1840 8822 2
1841 2627 2
1841 3532 2
1842 5560 2
1842 6267 2
1842 4444 2
1842 2263 2
1843 8975 2
1843 5793 2
1844 5512 2
1844 6832 2
1844 4437 2
1844 6596 2
1844 4560 2
1844 5303 2
1844 2537 2
1845 4626 2
1845 1875 2
1846 4902 2
1847 7078 2
1847 9310 2
1849 1997 2
1850 3420 2
1851 8820 2
1851 8463 2
1851 2714 2
1852 7063 2
1853 7605 2
1853 5629 2
1853 6192 2
1854 9867 2
1855 5111 2
1856 2766 2
1856 2553 2
1856 9448 2
1856 7311 2
1856 6653 2
1857 2027 2
1859 9097 2
1859 2324 2
1859 4786 2
1860 4809 2
1860 2442 2
1860 7985 2
1860 4873 2
1861 5278 2
1861 9024 2
1862 7842 2
1862 5566 2
1862 6321 2
1863 8446 2
1864 4054 2
1865 9643 2
1866 9805 2
1867 9972 2
1868 2630 2
1869 8603 2
1870 2202 2
1870 8318 2
1870 6119 2
1870 2490 2
1871 8718 2
1871 6858 2
1872 9632 2
1872 9129 2
1873 5978 2
1874 5032 2
1874 9077 2
1874 2211 2
1875 8553 2
1876 9876 2
1877 9021 2
1877 9553 2
1877 4488 2
1878 5996 2
1878 9993 2
1879 6946 2
1882 7503 2
1884 7272 2
1884 3405 2
1885 7322 2
1886 6496 2
1887 6206 2
1888 6364 2
1888 5784 2
1888 9484 2
1889 3569 2
1889 3227 2
1890 9284 2
1891 2245 2
1891 6633 2
1892 3104 2
1892 1946 2
1892 9745 2
1892 7902 2
1893 4792 2
1893 2283 2
1893 3855 2
1893 3505 2
1893 7953 2
1893 2733 2
1894 7129 2
1895 6534 2
1896 2928 2
1896 7429 2
1896 6746 2
1897 7291 2
1897 3969 2
1898 9354 2
1898 9287 2
1899 9667 2
1901 9459 2
1902 3752 2
1902 9194 2
1903 5255 2
1907 2836 2
1907 8944 2
1907 6989 2
1907 9969 2
1908 6682 2
1908 3812 2
1908 3624 2
1909 8909 2
1910 7642 2
1910 8821 2
1911 8442 2
1912 8858 2
1913 3124 2
1914 8564 2
1914 9986 2
1915 8695 2
1917 6421 2
1918 9741 2
1920 3146 2
1921 8829 2
1922 2683 2
1923 9432 2
1924 5200 2
1924 8354 2
1924 5319 2
1924 3332 2
1925 9621 2
1925 5957 2
1926 5440 2
1929 9055 2
1929 6706 2
1929 3154 2
1930 3692 2
1931 5381 2
1931 7747 2
1932 6988 2
1932 2342 2
1932 6318 2
1933 6536 2
1933 7668 2
1934 4463 2
1934 7528 2
1934 9523 2
1935 7425 2
1938 3467 2
1938 8039 2
1939 8352 2
1939 7310 2
1941 4573 2
1941 9268 2
1941 7748 2
1941 3636 2
1942 9338 2
1942 8667 2
1943 7062 2
1944 9972 2
1944 9782 2
1945 9388 2
1945 7473 2
1948 6603 2
1948 6583 2
1949 6042 2
1950 6560 2
1951 6634 2
1951 2171 2
1951 3693 2
1951 7662 2
1952 7550 2
1952 6328 2
1953 3402 2
1953 7867 2
1953 5477 2
1954 8019 2
1954 2044 2
1954 3856 2
1957 7583 2
1957 4983 2
1959 3030 2
1959 6797 2
1961 5529 2
1961 2125 2
1961 8177 2
1962 9974 2
1962 2448 2
1962 8536 2
1962 2127 2
1963 2648 2
1965 4812 2
1966 9092 2
1966 4165 2
1966 3687 2
1967 2539 2
1967 9290 2
1968 3464 2
1968 5852 2
1968 2393 2
1968 6226 2
1969 5960 2
1970 3639 2
1970 8129 2
1970 8497 2
1971 3086 2
1972 7347 2
1972 3075 2
1973 3210 2
1973 6721 2
1973 5300 2
1973 5084 2
1974 4275 2
1974 3376 2
1974 4534 2
1975 2617 2
1976 9688 2
1979 9186 2
1980 4697 2
1980 7496 2
1981 4459 2
1982 3310 2
1983 2989 2
1984 4958 2
1984 8596 2
1985 5421 2
1985 9558 2
1985 7859 2
1985 3323 2
1986 3080 2
1986 2031 2
1988 7227 2
1988 6715 2
1989 7105 2
1989 4128 2
1989 5125 2
1991 2889 2
1992 3432 2
1992 9103 2
1993 5874 2
1993 9281 2
1994 8889 2
1994 3193 2
1994 7186 2
1996 6864 2
1997 4684 2
1998 5711 2
1999 5620 2
1999 7248 2
2000 9139 2
2001 6495 2
2002 2092 2
2002 7492 2
2002 3825 2
2003 8080 2
2003 9416 2
2003 5195 2
2004 7683 2
2005 3480 2
2005 4689 2
2005 7578 2
2006 9947 2
2006 2709 2
2007 6161 2
2007 9832 2
2008 6059 2
2009 4186 2
2009 5262 2
2009 7104 2
2010 9174 2
2010 8112 2
2010 6382 2
2010 6202 2
2012 8387 2
2013 9524 2
2014 7518 2
2014 4401 2
2015 7946 2
2016 7760 2
2017 4169 2
2017 7955 2
2018 7740 2
2018 3470 2
2018 5722 2
2019 4756 2
2019 3931 2
2019 9577 2
2019 4103 2
2019 5451 2
2020 5964 2
2020 7592 2
2020 5188 2
2020 3181 2
2020 3329 2
2021 3634 2
2022 8230 2
2023 5615 2
2023 3062 2
2023 2591 2
2024 7297 2
2026 4169 2
2026 4980 2
2027 2941 2
2028 5449 2
2028 5295 2
2029 7248 2
2030 9903 2
2030 6946 2
2030 7522 2
2031 9003 2
2032 6084 2
2032 2899 2
2033 9549 2
2033 8004 2
2033 5829 2
2033 6450 2
2033 7227 2
2033 2108 2
2034 3545 2
2035 7771 2
2035 2375 2
2035 3429 2
2036 7266 2
2036 7600 2
2036 8878 2
2037 2485 2
2037 9239 2
2037 6682 2
2039 9319 2
2039 9969 2
2041 7583 2
2041 3520 2
2042 3346 2
2042 9022 2
2042 7700 2
2043 9983 2
2043 7265 2
2044 4111 2
2044 4633 2
2045 2144 2
2045 8275 2
2046 6260 2
2047 7364 2
2049 2969 2
2051 3099 2
2052 3964 2
2053 8569 2
2053 7761 2
2053 5816 2
2054 6271 2
2055 9061 2
2055 6141 2
2055 6118 2
2056 6278 2
2056 3845 2
2057 8272 2
2057 3382 2
2057 8325 2
2057 7337 2
2058 9049 2
2059 6456 2
2060 9286 2
2060 6034 2
2060 5737 2
2060 2493 2
2061 2547 2
2061 2791 2
2062 4859 2
2063 8075 2
2063 9886 2
2063 3459 2
2063 7853 2
2063 2876 2
2063 2107 2
2064 4779 2
2064 5275 2
2068 9412 2
2068 5562 2
2068 8229 2
2069 3789 2
2070 7359 2
2071 3674 2
2071 8034 2
2071 6591 2
2072 2897 2
2072 4317 2
2073 8966 2
2074 2773 2
2074 2596 2
2076 6305 2
2076 6714 2
2076 9246 2
2077 7485 2
2078 9740 2
2079 9542 2
2081 3004 2
2081 4935 2
2082 4187 2
2082 8531 2
2083 7812 2
2085 4100 2
2085 6673 2
2085 6199 2
2087 4408 2
2087 7988 2
2087 9800 2
2089 3821 2
2089 2501 2
2089 8829 2
2090 9568 2
2090 6500 2
2090 8809 2
2091 4741 2
2091 6993 2
2091 7625 2
2091 8839 2
2092 2761 2
2093 9828 2
2094 7187 2
2094 3876 2
2094 8799 2
2095 7686 2
2095 5599 2
2095 3761 2
2096 8231 2
2097 3802 2
2097 3773 2
2098 5282 2
2098 7640 2
2098 5001 2
2098 2344 2
2099 4823 2
2099 9950 2
2099 3076 2
2099 9627 2
2100 2676 2
2100 6904 2
2100 4257 2
2101 7087 2
2101 7830 2
2101 8378 2
2101 7812 2
2102 2653 2
2102 7349 2
2103 8195 2
2104 3959 2
2104 4530 2
2105 7532 2
2105 6957 2
2105 8321 2
2105 3876 2
2106 7215 2
2106 6092 2
2106 8769 2
2107 7224 2
2107 8009 2
2107 6055 2
2107 4587 2
2108 2535 2
2108 4445 2
2109 8047 2
2110 3660 2
2111 4666 2
2112 4599 2
2113 9861 2
2114 9959 2
2114 6193 2
2115 7236 2
2115 7395 2
2115 8158 2
2116 5589 2
2117 5661 2
2117 3499 2
2119 9578 2
2119 8688 2
2120 3098 2
2120 3991 2
2121 8209 2
2122 9528 2
2123 5519 2
2123 4930 2
2123 5136 2
2124 2609 2
2124 5233 2
2125 6857 2
2126 6874 2
2126 3884 2
2126 3427 2
2127 4915 2
2127 5171 2
2127 8440 2
2128 7623 2
2128 5504 2
2129 8017 2
2130 5651 2
2131 7906 2
2131 7238 2
2131 7450 2
2131 8600 2
2132 6114 2
2133 6920 2
2133 7604 2
2133 6724 2
2134 2473 2
2135 3933 2
2136 4135 2
2136 2959 2
2138 4545 2
2138 3904 2
2138 3354 2
2138 3818 2
2138 7561 2
2138 2340 2
2139 5499 2
2140 2787 2
2141 2354 2
2142 8236 2
2143 7070 2
2144 9019 2
2144 9530 2
2146 6736 2
2146 4923 2
2147 2479 2
2147 9275 2
2147 3679 2
2147 8831 2
2148 9882 2
2148 3088 2
2149 5043 2
2150 6786 2
2150 9682 2
2151 6324 2
2151 8698 2
2151 2412 2
2152 2885 2
2152 7800 2
2153 5719 2
2153 2729 2
2153 4551 2
2154 3921 2
2154 2642 2
2155 4690 2
2155 2304 2
2156 5466 2
2156 9537 2
2156 2889 2
2158 7380 2
2158 4407 2
2160 3170 2
2160 7953 2
2160 8124 2
2166 4972 2
2166 7203 2
2167 8717 2
2167 3506 2
2167 4143 2
2168 7161 2
2168 5340 2
2168 2775 2
2169 6342 2
2170 9249 2
2171 6976 2
2171 5848 2
2172 7126 2
2173 7806 2
2174 6196 2
2174 7097 2
2175 6898 2
2176 5985 2
2176 5634 2
2178 7585 2
2179 2562 2
2180 9249 2
2180 5460 2
2180 5506 2
2181 4785 2
2181 2505 2
2181 7350 2
2182 2398 2
2182 3346 2
2182 9010 2
2182 5741 2
2182 7745 2
2183 7453 2
2183 4428 2
2184 2186 2
2184 5685 2
2185 8998 2
2185 9398 2
2186 5532 2
2187 3548 2
2187 6712 2
2188 5630 2
2188 6658 2
2188 3649 2
2188 5815 2
2188 6660 2
2190 9996 2
2191 4095 2
2192 3308 2
2193 3616 2
2193 6609 2
2193 7553 2
2193 7542 2
2194 9621 2
2194 8284 2
2195 5855 2
2196 7742 2
2197 8376 2
2197 5475 2
2197 5670 2
2197 5640 2
2199 3675 2
2199 8540 2
2199 4339 2
2200 9855 2
2201 7078 2
2201 5632 2
2201 4688 2
2202 9847 2
2202 2865 2
2202 4719 2
2202 6273 2
2203 3877 2
2204 4604 2
2204 2936 2
2204 4464 2
2204 4644 2
2204 3617 2
2205 3769 2
2207 7477 2
2207 3701 2
2208 5892 2
2210 3625 2
2210 4216 2
2211 7774 2
2213 3727 2
2214 6049 2
2214 9295 2
2215 6035 2
2216 8022 2
2218 8528 2
2220 4504 2
2220 5989 2
2222 4996 2
2223 7985 2
2223 7741 2
2224 4287 2
2224 7031 2
2225 9201 2
2225 4330 2
2225 6748 2
2226 4770 2
2226 8586 2
2228 9167 2
2228 9473 2
2228 5599 2
2229 2705 2
2230 4727 2
2231 4610 2
2231 7024 2
2232 6677 2
2232 5001 2
2232 5065 2
2233 9672 2
2233 2289 2
2234 7406 2
2235 8995 2
2236 6896 2
2237 5835 2
2238 9382 2
2239 3353 2
2239 7779 2
2239 3549 2
2240 3549 2
2240 8162 2
2241 3546 2
2241 9221 2
2241 8305 2
2242 8297 2
2243 7037 2
2243 3696 2
2244 7913 2
2246 4851 2
2246 3897 2
2246 9257 2
2246 6845 2
2246 9131 2
2247 9809 2
2250 6417 2
2251 6462 2
2251 7590 2
2251 2597 2
2252 2652 2
2252 6976 2
2252 6545 2
2252 4120 2
2252 4250 2
2253 5261 2
2253 5826 2
2254 7592 2
2255 3795 2
2255 3459 2
2256 2927 2
2256 2714 2
2256 4238 2
2257 6702 2
2257 7398 2
2258 9459 2
2259 5989 2
2260 5694 2
2260 4785 2
2260 5631 2
2260 3248 2
2261 7161 2
2262 2632 2
2262 5562 2
2262 2450 2
2262 7234 2
2262 9103 2
2263 7062 2
2263 6256 2
2264 8127 2
2264 3092 2
2265 2710 2
2265 9707 2
2265 2432 2
2266 2685 2
2267 9121 2
2268 4662 2
2270 6742 2
2271 5795 2
2271 7614 2
2272 3822 2
2272 3584 2
2272 7131 2
2273 5490 2
2273 3147 2
2273 4755 2
2274 2926 2
2274 8989 2
2274 4440 2
2275 6025 2
2275 8120 2
2276 2367 2
2276 6642 2
2277 7125 2
2277 4942 2
2277 4662 2
2278 6885 2
2279 9683 2
2279 4931 2
2279 6906 2
2281 9532 2
2281 7406 2
2282 9015 2
2282 8867 2
2283 4183 2
2283 2312 2
2284 4404 2
2284 6058 2
2285 7585 2
2286 3113 2
2286 3888 2
2287 8790 2
2287 8744 2
2288 5409 2
2289 8245 2
2289 9974 2
2290 9639 2
2291 8708 2
2291 5543 2
2291 4008 2
2292 7405 2
2293 2743 2
2293 7511 2
2293 9379 2
2294 9404 2
2294 7008 2
2295 8080 2
2295 5894 2
2295 5868 2
2296 4457 2
2296 9496 2
2297 7296 2
2297 3999 2
2297 4807 2
2297 2387 2
2298 6631 2
2299 6075 2
2300 7049 2
2301 4480 2
2301 4881 2
2302 5740 2
2303 7171 2
2303 5320 2
2304 4399 2
2304 3757 2
2305 2972 2
2305 4703 2
2305 6276 2
2306 5422 2
2306 4469 2
2308 7880 2
2308 9667 2
2308 9881 2
2309 5646 2
2309 7052 2
2309 2835 2
2310 3788 2
2311 3045 2
2311 4216 2
2314 3237 2
2317 9035 2
2319 8008 2
2319 5562 2
2319 6220 2
2319 3744 2
2319 9955 2
2320 9985 2
2320 4095 2
2323 4051 2
2323 2511 2
2323 9601 2
2324 9178 2
2324 5043 2
2324 7782 2
2325 2537 2
2325 8292 2
2326 5656 2
2327 9222 2
2328 3765 2
2329 7497 2
2330 4793 2
2330 7334 2
2330 8625 2
2331 6805 2
2332 7213 2
2333 3951 2
2334 2801 2
2334 5738 2
2335 8253 2
2335 3937 2
2335 7537 2
2336 9657 2
2337 7526 2
2337 7773 2
2339 9773 2
2340 3259 2
2341 6933 2
2341 6249 2
2341 8319 2
2342 3992 2
2342 6509 2
2343 6910 2
2344 9551 2
2344 9936 2
2345 5984 2
2345 9527 2
2345 9820 2
2346 6221 2
2346 9414 2
2347 9665 2
2347 5345 2
2348 3738 2
2349 8067 2
2350 3006 2
2350 5532 2
2350 7462 2
2351 3721 2
2352 3780 2
2352 6936 2
2352 4765 2
2354 3515 2
2356 9930 2
2359 4434 2
2359 3494 2
2360 8511 2
2360 3987 2
2362 2818 2
2362 9687 2
2364 2571 2
2366 7353 2
2366 2843 2
2366 3662 2
2367 8303 2
2368 9974 2
2371 4423 2
2371 6490 2
2371 2662 2
2372 4598 2
2372 2985 2
2372 3303 2
2372 3790 2
2374 4487 2
2375 3326 2
2376 5169 2
2377 9972 2
2378 3644 2
2379 6902 2
2379 6719 2
2379 8778 2
2381 5827 2
2382 4100 2
2382 7960 2
2382 7784 2
2383 6484 2
2384 6359 2
2385 2840 2
2386 5098 2
2386 4406 2
2386 4826 2
2386 7732 2
2387 5844 2
2387 4519 2
2387 9603 2
2388 9015 2
2388 3978 2
2388 4782 2
2388 7772 2
2388 5051 2
2389 2734 2
2390 2594 2
2390 7664 2
2391 8834 2
2393 5682 2
2393 8054 2
2394 7365 2
2394 2625 2
2394 8141 2
2395 7481 2
2396 9913 2
2396 3011 2
2397 8278 2
2397 3997 2
2398 6790 2
2401 3099 2
2404 7386 2
2404 6211 2
2404 4057 2
2404 8407 2
2404 6162 2
2404 5058 2
2405 6117 2
2405 5467 2
2405 3021 2
2407 5670 2
2407 2891 2
2408 8088 2
2408 6432 2
2409 4007 2
2411 5556 2
2411 5404 2
2411 5567 2
2412 3899 2
2413 4308 2
2416 4354 2
2417 3225 2
2418 8640 2
2418 9923 2
2419 8770 2
2419 4589 2
2420 7325 2
2420 7728 2
2421 3064 2
2422 9847 2
2422 3824 2
2422 8247 2
2423 3483 2
2423 5272 2
2423 7828 2
2423 5591 2
2424 2574 2
2425 8969 2
2426 9973 2
2426 3679 2
2426 5093 2
2426 8556 2
2426 3304 2
2426 9538 2
2427 6884 2
2428 8155 2
2428 8922 2
2428 2954 2
2428 9816 2
2429 6135 2
2429 2473 2
2430 9460 2
2430 5664 2
2430 6606 2
2431 7354 2
2432 2940 2
2434 7924 2
2434 6546 2
2435 5031 2
2435 3747 2
2436 5115 2
2437 7095 2
2437 9001 2
2437 5705 2
2438 4346 2
2438 6370 2
2438 5725 2
2439 4314 2
2439 9643 2
2440 4027 2
2440 9532 2
2440 3364 2
2441 9360 2
2441 6900 2
2441 3196 2
2441 2489 2
2441 3662 2
2442 5747 2
2443 6400 2
2443 9429 2
2443 8224 2
2444 5806 2
2446 7583 2
2447 5212 2
2448 3381 2
2448 8752 2
2448 4961 2
2448 2551 2
2450 2471 2
2450 6787 2
2452 2831 2
2453 3256 2
2454 3950 2
2454 7394 2
2454 3891 2
2454 7374 2
2455 5010 2
2455 2724 2
2455 5358 2
2455 2835 2
2455 5996 2
2455 3654 2
2456 6324 2
2456 2673 2
2457 2644 2
2457 5782 2
2458 6928 2
2458 7063 2
2458 4326 2
2459 7020 2
2459 3339 2
2459 3262 2
2460 5694 2
2460 6086 2
2460 5688 2
2461 2740 2
2462 3096 2
2463 5664 2
2464 3239 2
2464 7458 2
2466 5451 2
2467 5854 2
2468 8232 2
2468 4727 2
2470 7252 2
2470 2928 2
2471 6066 2
2472 7583 2
2473 5437 2
2474 8439 2
2474 9653 2
2474 2603 2
2475 9591 2
2475 9783 2
2476 8803 2
2476 9526 2
2476 8316 2
2477 3544 2
2477 9506 2
2477 4046 2
2478 5065 2
2478 4970 2
2478 8693 2
2479 8770 2
2479 7299 2
2479 6261 2
2479 4403 2
2482 9613 2
2482 7384 2
2483 5562 2
2483 2685 2
2483 7672 2
2483 3326 2
2484 3141 2
2485 5380 2
2486 5417 2
2486 3416 2
2486 9292 2
2488 4315 2
2488 8213 2
2489 7217 2
2490 4189 2
2490 9301 2
2491 7675 2
2491 7589 2
2491 8458 2
2492 3841 2
2492 8615 2
2492 8819 2
2493 5918 2
2493 4503 2
2493 3841 2
2494 5288 2
2494 6355 2
2495 4754 2
2497 9628 2
2497 5740 2
2498 9553 2
2499 9169 2
2499 6663 2
2500 5723 2
2500 7855 2
2501 9518 2
2501 4885 2
2502 6837 2
2503 3216 2
2503 8125 2
2503 4344 2
2503 8053 2
2505 3931 2
2510 9088 2
2512 3141 2
2512 7133 2
2513 6544 2
2513 6701 2
2515 4597 2
2515 3964 2
2515 4205 2
2516 3925 2
2516 4296 2
2518 8143 2
2518 9314 2
2520 8570 2
2521 3026 2
2521 8605 2
2525 9430 2
2525 4863 2
2526 5237 2
2526 4108 2
2526 4961 2
2527 5566 2
2527 4860 2
2530 8733 2
2530 8936 2
2531 2964 2
2531 6491 2
2531 8342 2
2531 5449 2
2532 9258 2
2534 9687 2
2534 8108 2
2535 9066 2
2536 7004 2
2537 4221 2
2538 5882 2
2540 7634 2
2540 3575 2
2540 5207 2
2541 8298 2
2541 9131 2
2542 5544 2
2542 4375 2
2543 9653 2
2543 3156 2
2545 4707 2
2547 7269 2
2547 8825 2
2548 4180 2
2548 9513 2
2549 6448 2
2549 4201 2
2549 5682 2
2549 8717 2
2549 4566 2
2552 2891 2
2552 8642 2
2553 7164 2
2553 4210 2
2555 4969 2
2557 4821 2
2558 5326 2
2559 3407 2
2560 7541 2
2561 6389 2
2563 6972 2
2564 2669 2
2564 9056 2
2565 3679 2
2565 3840 2
2566 6786 2
2566 7081 2
2567 6673 2
2567 3357 2
2568 7132 2
2568 5748 2
2568 6430 2
2568 2970 2
2569 8499 2
2569 8286 2
2570 8303 2
2570 3248 2
2571 9162 2
2571 4056 2
2571 4463 2
2572 3523 2
2572 9553 2
2574 3235 2
2574 2918 2
2576 8956 2
2576 7371 2
2577 6436 2
2578 4311 2
2581 8389 2
2581 2799 2
2582 2893 2
2582 6974 2
2582 4264 2
2583 6315 2
2584 8464 2
2585 4481 2
2585 9009 2
2586 9855 2
2586 5517 2
2586 5842 2
2587 4156 2
2587 9067 2
2587 7279 2
2587 6821 2
2587 4991 2
2589 5965 2
2589 4362 2
2590 4382 2
2591 9861 2
2592 8078 2
2593 6780 2
2594 6128 2
2594 8664 2
2596 5653 2
2597 3237 2
2597 3956 2
2600 5583 2
2600 9619 2
2600 7735 2
2600 9300 2
2600 3111 2
2601 4147 2
2601 4861 2
2601 8863 2
2602 5185 2
2602 6570 2
2604 8831 2
2604 7982 2
2604 4021 2
2606 9998 2
2606 5480 2
2607 7114 2
2607 4644 2
2608 7737 2
2608 8978 2
2608 3295 2
2609 3293 2
2609 8360 2
2610 2666 2
2610 5495 2
2610 8107 2
2611 5574 2
2611 8110 2
2612 6983 2
2613 5920 2
2613 7754 2
2613 4659 2
2614 5387 2
2615 4977 2
2615 8211 2
2615 6031 2
2616 5981 2
2616 7046 2
2616 4681 2
2616 4905 2
2617 9648 2
2618 6017 2
2620 3980 2
2620 9560 2
2620 9323 2
2622 4093 2
2623 4990 2
2624 3463 2
2625 3616 2
2625 7497 2
2625 5254 2
2626 4680 2
2627 4978 2
2627 4362 2
2627 8305 2
2628 5743 2
2628 3753 2
2629 9924 2
2630 3479 2
2630 5984 2
2631 5845 2
2631 6686 2
2632 5298 2
2634 4874 2
2634 3360 2
2635 3769 2
2636 3104 2
2637 4578 2
2637 2809 2
2637 9597 2
2638 5346 2
2638 9717 2
2638 8578 2
2638 3425 2
2639 9153 2
2643 5815 2
2644 3429 2
2644 2895 2
2644 2771 2
2645 5716 2
2645 3329 2
2646 3764 2
2646 4135 2
2646 8190 2
2647 4533 2
2647 8382 2
2649 4956 2
2650 8511 2
2650 4017 2
2650 5027 2
2652 4343 2
2652 8325 2
2657 8041 2
2658 6597 2
2659 8638 2
2660 5023 2
2661 2822 2
2661 3069 2
2662 9893 2
2663 9454 2
2663 8365 2
2663 8756 2
2664 7554 2
2665 6960 2
2665 2785 2
2665 9058 2
2666 2754 2
2666 2688 2
2666 7829 2
2666 8506 2
2667 9946 2
2667 8378 2
2667 3793 2
2669 3458 2
2669 2988 2
2670 9343 2
2670 3417 2
2671 4602 2
2671 5783 2
2672 6054 2
2673 9038 2
2675 6967 2
2676 3606 2
2677 6293 2
2677 7162 2
2678 9798 2
2678 8392 2
2680 6387 2
2680 7704 2
2681 4275 2
2682 6644 2
2683 4158 2
2684 5941 2
2684 4207 2
2685 6686 2
2686 3952 2
2686 9866 2
2686 2911 2
2687 4751 2
2688 9869 2
2688 9935 2
2691 3291 2
2691 9468 2
2692 8861 2
2693 4964 2
2694 9173 2
2695 8000 2
2695 4748 2
2698 4720 2
2698 9178 2
2701 3881 2
2701 2789 2
2701 5691 2
2702 9096 2
2703 6764 2
2703 6878 2
2704 3816 2
2704 3477 2
2704 4822 2
2705 2758 2
2705 7890 2
2706 9602 2
2706 7771 2
2706 6017 2
2708 3338 2
2708 4866 2
2708 4995 2
2710 5642 2
2710 5379 2
2710 8477 2
2711 2911 2
2711 9827 2
2711 8733 2
2711 3455 2
2713 3987 2
2714 7865 2
2714 5062 2
2714 3816 2
2715 6990 2
2716 6795 2
2716 3362 2
2716 7377 2
2716 8236 2
2717 7768 2
2719 5634 2
2721 4575 2
2722 4822 2
2723 4056 2
2723 7616 2
2724 9201 2
2725 7979 2
2725 9043 2
2726 7550 2
2726 4407 2
2727 5065 2
2727 7805 2
2728 5548 2
2728 3549 2
2728 6713 2
2729 3708 2
2730 6971 2
2731 9883 2
2732 4922 2
2732 5747 2
2733 7700 2
2733 8311 2
2733 6374 2
2733 9534 2
2734 6482 2
2734 6326 2
2734 5050 2
2735 6111 2
2736 6745 2
2737 9903 2
2737 4866 2
2738 6930 2
2738 7682 2
2738 2970 2
2738 9264 2
2740 9981 2
2741 6930 2
2744 6125 2
2744 3171 2
2745 5840 2
2747 5143 2
2748 7439 2
2748 4698 2
2748 8488 2
2749 5641 2
2750 3732 2
2750 8435 2
2750 5985 2
2750 4529 2
2750 2984 2
2751 7147 2
2752 9468 2
2752 4170 2
2752 7483 2
2753 3470 2
2755 5870 2
2756 9834 2
2756 8112 2
2756 8518 2
2757 9253 2
2758 9566 2
2758 8406 2
2758 7173 2
2760 3295 2
2760 6662 2
2761 8609 2
2761 6749 2
2763 4040 2
2763 5353 2
2763 9397 2
2764 9006 2
2764 3969 2
2765 3303 2
2765 3291 2
2766 5431 2
2766 6921 2
2766 9283 2
2767 7099 2
2767 4046 2
2767 9162 2
2767 9602 2
2768 7434 2
2768 4853 2
2769 6328 2
2770 4174 2
2770 7538 2
2771 9359 2
2771 8912 2
2772 3541 2
2772 6166 2
2772 9709 2
2773 6800 2
2773 9855 2
2774 8049 2
2775 5866 2
2775 4390 2
2775 9937 2
2776 8842 2
2779 4075 2
2779 5273 2
2780 4227 2
2781 9263 2
2782 9402 2
2782 4182 2
2783 7907 2
2783 4915 2
2784 5154 2
2784 4454 2
2787 7029 2
2789 6456 2
2790 6914 2
2791 9956 2
2792 3123 2
2792 9786 2
2792 5910 2
2793 5155 2
2793 5974 2
2794 3671 2
2794 8273 2
2795 2910 2
2795 7863 2
2795 5800 2
2795 7084 2
2795 6095 2
2796 4489 2
2797 3103 2
2797 4092 2
2798 6300 2
2798 2818 2
2798 4927 2
2799 3705 2
2799 8037 2
2800 8314 2
2802 9620 2
2803 8483 2
2803 8166 2
2803 4221 2
2805 9538 2
2806 5024 2
2806 7692 2
2807 4306 2
2807 4656 2
2808 4800 2
2808 3744 2
2808 8507 2
2809 6042 2
2811 7248 2
2811 3904 2
2812 3114 2
2812 6413 2
2812 6273 2
2812 4516 2
2812 9274 2
2813 5107 2
2813 3276 2
2813 4488 2
2814 6776 2
2814 7885 2
2814 3828 2
2815 4484 2
2816 7350 2
2817 7839 2
2819 3847 2
2820 8539 2
2821 5580 2
2824 8263 2
2825 8024 2
2826 3100 2
2826 8321 2
2827 7031 2
2827 9524 2
2828 7487 2
2829 8215 2
2830 4916 2
2831 3149 2
2834 9965 2
2835 5407 2
2836 5821 2
2836 4706 2
2836 6008 2
2836 8795 2
2836 7206 2
2837 6446 2
2838 7920 2
2838 8680 2
2840 3615 2
2841 4177 2
2841 3469 2
2843 8299 2
2846 3794 2
2847 3312 2
2847 5893 2
2847 8199 2
2847 6901 2
2848 3091 2
2848 4065 2
2850 7822 2
2852 8964 2
2853 3176 2
2854 7986 2
2854 7701 2
2854 8664 2
2856 4273 2
2858 9641 2
2859 6370 2
2860 4331 2
2860 9019 2
2861 6149 2
2861 6764 2
2861 6423 2
2862 5249 2
2862 4461 2
2862 3893 2
2863 8908 2
2864 8672 2
2864 5282 2
2865 9958 2
2865 7254 2
2865 8520 2
2866 6902 2
2866 4012 2
2868 7231 2
2869 3507 2
2869 8810 2
2870 4269 2
2872 4944 2
2873 4944 2
2874 8091 2
2874 6129 2
2874 8800 2
2875 8127 2
2877 4072 2
2878 7124 2
2879 7956 2
2879 3744 2
2879 7837 2
2879 6738 2
2880 5702 2
2880 9372 2
2880 5201 2
2881 8614 2
2882 8569 2
2882 7246 2
2882 8617 2
2882 6811 2
2882 3806 2
2883 3796 2
2883 7641 2
2884 4765 2
2884 4879 2
2885 8914 2
2885 8566 2
2885 7390 2
2885 7621 2
2886 6625 2
2887 8718 2
2887 7391 2
2889 7960 2
2891 7798 2
2891 4014 2
2892 5807 2
2892 8024 2
2893 6713 2
2893 2992 2
2893 3617 2
2895 9539 2
2897 7278 2
2897 8792 2
2897 7787 2
2898 4557 2
2898 5371 2
2899 2905 2
2900 9119 2
2900 5923 2
2901 7974 2
2902 4096 2
2902 6077 2
2903 6475 2
2903 6327 2
2903 3037 2
2903 7090 2
2903 6462 2
2903 8820 2
2904 8186 2
2904 4742 2
2904 6480 2
2905 8548 2
2905 6278 2
2906 3261 2
2907 7193 2
2908 7184 2
2908 4924 2
2909 4643 2
2910 9607 2
2911 6539 2
2911 9626 2
2914 4114 2
2914 3811 2
2914 8754 2
2915 8522 2
2916 5561 2
2917 4488 2
2917 9647 2
2918 4374 2
2919 9300 2
2919 7418 2
2920 5664 2
2922 4638 2
2923 7296 2
2924 5083 2
2924 4077 2
2924 7413 2
2925 8632 2
2926 5745 2
2926 9424 2
2926 7809 2
2926 8444 2
2926 9760 2
2927 3151 2
2928 8114 2
2929 6591 2
2929 4973 2
2930 6334 2
2930 4853 2
2930 4628 2
2931 3948 2
2931 3791 2
2933 7260 2
2933 8292 2
2934 9381 2
2934 8665 2
2935 3871 2
2936 7954 2
2938 5550 2
2938 7634 2
2939 3344 2
2939 9799 2
2939 8725 2
2939 6555 2
2939 3072 2
2939 5682 2
2940 4833 2
2940 7787 2
2942 3948 2
2942 6421 2
2944 8855 2
2946 8332 2
2948 6642 2
2948 7868 2
2949 8841 2
2950 8358 2
2950 9730 2
2951 6729 2
2952 7694 2
2953 4017 2
2953 4068 2
2953 8465 2
2955 6583 2
2955 7693 2
2957 3812 2
2957 9752 2
2957 4747 2
2958 7619 2
2958 6812 2
2959 5815 2
2959 7839 2
2960 8151 2
2960 6958 2
2960 7591 2
2960 3162 2
2961 4487 2
2961 9313 2
2961 7733 2
2962 4868 2
2963 6935 2
2963 3365 2
2964 5890 2
2966 8478 2
2966 8449 2
2966 5264 2
2969 7406 2
2970 8087 2
2971 6166 2
2973 7952 2
2973 6073 2
2973 8923 2
2975 9166 2
2978 8759 2
2978 8880 2
2979 7133 2
2981 5961 2
2981 8919 2
2982 8601 2
2982 4885 2
2982 6024 2
2982 3184 2
2983 9500 2
2984 8145 2
2985 6158 2
2986 4123 2
2987 4821 2
2988 8546 2
2988 9707 2
2988 7249 2
2988 4390 2
2989 3476 2
2990 4031 2
2990 5251 2
2991 8875 2
2991 9930 2
2992 9136 2
2992 5230 2
2993 4447 2
2994 9491 2
2995 8028 2
2995 4407 2
2995 4703 2
2996 7766 2
2996 4812 2
2997 4184 2
2997 4889 2
2997 6126 2
2997 7602 2
2999 8001 2
3000 8902 2
3000 4452 2
3001 3177 2
3002 9802 2
3003 4913 2
3004 6619 2
3005 8437 2
3005 8000 2
3006 8505 2
3006 5155 2
3008 3455 2
3010 7209 2
3011 4740 2
3013 4141 2
3013 3415 2
3014 3387 2
3015 4009 2
3015 7443 2
3015 6764 2
3016 4955 2
3016 5410 2
3019 6100 2
3019 3825 2
3019 5498 2
3020 3682 2
3020 9245 2
3020 7638 2
3021 6886 2
3022 3818 2
3023 9428 2
3024 6443 2
3025 6123 2
3025 6681 2
3026 6258 2
3026 7009 2
3026 7148 2
3027 4066 2
3028 3282 2
3029 4663 2
3029 9216 2
3030 4536 2
3032 9971 2
3033 8847 2
3033 5340 2
3033 9599 2
3034 5824 2
3034 5013 2
3034 8972 2
3034 8832 2
3036 4099 2
3036 4644 2
3036 8143 2
3036 3173 2
3038 5093 2
3038 6960 2
3039 8797 2
3040 3940 2
3040 9691 2
3041 9603 2
3042 6015 2
3043 5784 2
3044 6529 2
3044 4506 2
3045 9245 2
3047 5126 2
3047 6777 2
3048 6296 2
3049 8305 2
3049 4213 2
3051 9058 2
3053 6405 2
3054 5182 2
3054 6935 2
3054 6316 2
3054 9962 2
3055 3576 2
3055 5791 2
3056 4087 2
3056 4710 2
3056 3340 2
3057 3228 2
3058 7558 2
3058 3573 2
3058 3338 2
3058 6347 2
3059 6108 2
3060 9889 2
3061 6038 2
3063 6746 2
3064 7298 2
3067 7149 2
3068 7048 2
3069 8121 2
3069 8815 2
3070 5384 2
3070 8512 2
3070 7578 2
3070 9022 2
3071 4217 2
3072 7462 2
3072 6780 2
3074 5816 2
3074 3079 2
3074 6705 2
3076 8140 2
3076 3174 2
3077 4559 2
3078 9323 2
3078 8964 2
3079 6268 2
3081 3546 2
3084 5734 2
3084 9042 2
3088 6986 2
3089 5847 2
3091 5131 2
3091 3637 2
3091 9119 2
3092 9857 2
3093 7612 2
3096 5531 2
3096 5117 2
3096 9605 2
3097 4431 2
3097 9611 2
3097 4385 2
3099 6157 2
3101 9740 2
3102 3748 2
3103 3476 2
3104 6914 2
3104 5955 2
3105 9319 2
3105 8935 2
3106 5590 2
3106 6265 2
3108 8270 2
3109 4541 2
3109 9221 2
3111 3550 2
3111 9505 2
3112 6044 2
3113 3669 2
3113 3881 2
3116 8622 2
3116 8575 2
3117 3506 2
3117 7396 2
3118 5115 2
3118 4326 2
3118 7931 2
3119 7835 2
3119 3711 2
3119 5452 2
3120 8788 2
3121 9029 2
3121 7114 2
3121 6135 2
3122 3849 2
3123 4172 2
3125 9182 2
3126 8002 2
3126 5511 2
3127 8210 2
3130 9990 2
3136 8881 2
3136 9587 2
3139 7846 2
3139 9059 2
3140 7429 2
3140 6578 2
3141 3213 2
3141 6380 2
3141 6574 2
3142 5782 2
3142 3161 2
3144 6465 2
3144 4083 2
3144 3663 2
3145 7712 2
3145 6758 2
3147 8645 2
3148 7913 2
3149 8731 2
3149 3677 2
3149 9446 2
3149 4038 2
3150 9845 2
3150 6200 2
3151 6083 2
3152 3185 2
3152 5059 2
3152 3966 2
3153 3586 2
3153 7319 2
3154 5610 2
3155 3642 2
3156 8227 2
3156 5102 2
3157 3995 2
3157 8315 2
3157 9264 2
3158 5818 2
3158 4413 2
3158 6938 2
3159 5956 2
3160 4226 2
3161 8667 2
3162 7057 2
3164 8272 2
3165 7024 2
3166 6657 2
3167 4731 2
3167 6980 2
3168 5802 2
3169 4342 2
3169 7041 2
3170 7168 2
3170 5548 2
3171 4787 2
3173 7154 2
3174 4066 2
3174 6074 2
3175 4795 2
3176 3716 2
3176 6157 2
3176 6234 2
3177 4830 2
3177 7198 2
3178 5787 2
3178 4530 2
3179 7939 2
3179 5922 2
3181 8141 2
3182 6279 2
3183 9392 2
3183 4037 2
3184 5056 2
3184 3493 2
3184 4210 2
3184 4336 2
3186 8922 2
3187 5782 2
3188 3451 2
3188 4808 2
3190 9983 2
3193 5189 2
3195 8689 2
3196 7185 2
3197 8627 2
3197 7667 2
3197 8258 2
3197 3282 2
3198 5567 2
3198 4243 2
3198 9284 2
3198 6873 2
3198 5678 2
3199 3819 2
3199 8183 2
3200 7885 2
3200 3612 2
3200 8216 2
3201 6381 2
3201 7807 2
3202 3277 2
3203 6613 2
3203 6066 2
3204 9258 2
3206 6697 2
3206 4012 2
3207 4122 2
3210 8978 2
3210 7994 2
3210 8633 2
3210 7493 2
3210 9852 2
3210 8966 2
3212 6444 2
3212 4613 2
3212 5691 2
3213 7836 2
3213 5841 2
3213 5177 2
3214 9457 2
3214 3291 2
3216 3646 2
3216 6264 2
3218 3838 2
3219 3284 2
3219 5726 2
3220 3522 2
3222 6856 2
3224 6070 2
3224 6367 2
3224 9558 2
3225 7613 2
3225 3895 2
3225 4901 2
3226 5173 2
3226 5023 2
3228 9493 2
3228 4043 2
3229 7597 2
3229 8340 2
3231 6663 2
3232 9339 2
3232 4369 2
3233 7440 2
3233 3787 2
3234 4989 2
3234 4738 2
3234 9491 2
3236 5408 2
3236 4633 2
3237 5816 2
3238 5046 2
3238 3267 2
3238 8366 2
3239 9903 2
3240 5292 2
3241 5028 2
3241 4933 2
3242 9516 2
3244 7614 2
3244 4831 2
3244 5698 2
3244 8331 2
3245 8855 2
3246 3297 2
3246 3928 2
3247 7873 2
3247 6830 2
3248 9929 2
3248 9986 2
3248 5757 2
3250 7736 2
3250 7298 2
3251 4412 2
3251 9553 2
3252 7114 2
3253 9688 2
3253 9514 2
3254 7141 2
3254 3281 2
3254 9895 2
3255 7083 2
3258 5501 2
3259 9678 2
3259 6290 2
3259 7908 2
3260 8346 2
3262 5043 2
3263 8242 2
3264 3404 2
3264 7188 2
3264 5670 2
3264 6348 2
3264 7136 2
3266 4047 2
3266 5273 2
3269 5399 2
3272 7709 2
3272 7081 2
3276 5516 2
3276 8211 2
3278 5585 2
3279 6970 2
3281 3840 2
3282 9801 2
3283 6433 2
3284 5369 2
3284 8927 2
3286 4542 2
3287 4439 2
3287 6285 2
3289 5126 2
3291 9172 2
3293 8486 2
3293 4769 2
3293 8848 2
3294 3362 2
3294 3964 2
3296 9631 2
3296 8867 2
3297 5739 2
3298 5227 2
3299 7132 2
3299 5733 2
3302 8796 2
3302 6954 2
3302 6633 2
3304 4836 2
3304 8453 2
3304 6442 2
3304 4839 2
3305 9500 2
3305 5841 2
3307 7268 2
3308 8601 2
3310 8238 2
3312 7821 2
3312 7045 2
3312 6539 2
3313 8993 2
3313 9101 2
3314 3451 2
3314 8178 2
3314 8264 2
3316 7249 2
3316 7667 2
3317 6680 2
3317 3642 2
3320 3995 2
3322 3581 2
3323 6407 2
3323 5841 2
3323 3675 2
3325 9219 2
3325 5708 2
3326 5452 2
3326 3849 2
3327 7110 2
3328 7773 2
3329 6456 2
3330 4375 2
3330 7348 2
3331 9278 2
3331 5370 2
3332 3826 2
3332 4938 2
3332 7235 2
3335 7000 2
3338 5750 2
3340 5004 2
3340 5351 2
3341 8323 2
3341 3667 2
3341 8433 2
3343 4332 2
3344 6032 2
3345 8126 2
3345 5739 2
3346 4273 2
3346 9570 2
3349 6290 2
3349 8414 2
3350 8714 2
3352 7779 2
3353 5591 2
3353 9615 2
3355 9369 2
3356 3873 2
3356 8795 2
3357 7854 2
3360 8820 2
3361 8423 2
3361 9099 2
3363 8602 2
3363 4922 2
3363 9330 2
3364 8446 2
3364 8248 2
3364 8099 2
3366 7902 2
3367 4326 2
3368 4095 2
3369 7515 2
3370 6144 2
3371 3518 2
3372 7802 2
3373 4000 2
3375 6599 2
3376 4327 2
3376 8084 2
3377 4013 2
3379 8784 2
3379 4077 2
3380 5313 2
3381 4103 2
3382 7168 2
3382 7780 2
3382 4477 2
3383 7701 2
3383 5480 2
3383 8001 2
3384 3769 2
3385 5061 2
3385 8302 2
3386 4823 2
3387 6279 2
3387 7567 2
3387 4720 2
3388 5163 2
3388 8609 2
3390 9141 2
3392 7987 2
3393 3640 2
3393 9517 2
3393 4127 2
3394 5985 2
3395 4927 2
3396 4252 2
3398 8378 2
3399 6189 2
3400 4524 2
3402 3477 2
3402 5010 2
3403 4415 2
3403 5704 2
3404 7680 2
3405 4127 2
3406 5512 2
3407 7035 2
3407 7243 2
3407 9026 2
3407 4314 2
3408 6545 2
3410 5644 2
3410 8922 2
3410 3775 2
3410 4721 2
3411 5197 2
3411 8106 2
3412 3970 2
3414 7916 2
3415 5083 2
3415 9858 2
3415 8303 2
3416 7151 2
3419 3670 2
3420 7357 2
3422 4118 2
3422 8218 2
3424 9244 2
3425 5314 2
3425 4294 2
3425 8074 2
3427 8312 2
3428 5424 2
3429 9926 2
3429 4167 2
3430 5074 2
3430 6591 2
3431 9336 2
3433 8679 2
3434 3670 2
3434 6817 2
3435 9893 2
3435 9099 2
3435 4522 2
3436 7795 2
3438 4798 2
3438 6765 2
3440 8937 2
3440 6402 2
3440 7211 2
3442 7067 2
3442 4115 2
3442 7508 2
3443 3468 2
3445 5385 2
3445 7133 2
3446 7507 2
3446 7629 2
3446 8423 2
3447 9130 2
3447 7739 2
3448 9379 2
3449 7980 2
3449 9038 2
3449 7982 2
3450 5718 2
3450 8254 2
3450 8760 2
3452 9394 2
3454 4939 2
3455 4796 2
3456 8906 2
3457 3749 2
3458 3700 2
3458 3695 2
3458 6137 2
3461 5391 2
3461 4840 2
3462 8223 2
3463 8077 2
3464 7324 2
3464 4512 2
3465 7503 2
3467 6543 2
3470 8771 2
3470 5756 2
3470 8653 2
3471 5144 2
3471 8801 2
3471 9059 2
3472 6482 2
3472 3571 2
3473 8395 2
3476 8749 2
3477 8362 2
3477 4463 2
3477 5566 2
3478 5337 2
3480 6495 2
3482 9922 2
3483 5784 2
3484 8793 2
3485 7660 2
3485 8888 2
3485 7565 2
3488 9821 2
3490 5494 2
3490 7754 2
3492 8337 2
3493 6976 2
3494 5615 2
3495 4061 2
3496 5478 2
3496 7075 2
3497 9212 2
3498 7812 2
3499 7251 2
3503 9204 2
3503 7340 2
3504 3586 2
3504 7408 2
3504 5132 2
3504 4001 2
3504 9456 2
3505 8619 2
3505 4708 2
3506 9320 2
3507 7043 2
3508 6588 2
3509 6318 2
3510 7172 2
3510 6392 2
3510 9572 2
3511 5242 2
3512 5204 2
3512 5137 2
3513 4813 2
3518 8852 2
3520 7709 2
3520 4819 2
3521 3579 2
3522 6892 2
3522 6911 2
3522 4210 2
3522 8197 2
3525 5220 2
3525 3810 2
3525 9304 2
3526 3804 2
3526 8285 2
3526 5074 2
3526 6518 2
3527 7192 2
3528 4216 2
3528 4449 2
3528 4099 2
3529 6965 2
3529 7720 2
3530 6649 2
3530 8208 2
3530 4795 2
3530 9599 2
3531 8573 2
3531 6497 2
3531 6927 2
3532 6253 2
3533 9561 2
3534 3874 2
3535 9562 2
3535 7623 2
3537 4493 2
3537 9289 2
3539 8771 2
3539 8750 2
3539 6333 2
3541 4681 2
3541 5829 2
3542 4935 2
3542 9616 2
3543 7633 2
3543 9664 2
3543 8954 2
3544 8559 2
3545 8688 2
3545 3906 2
3547 8270 2
3547 6413 2
3547 4983 2
3549 7762 2
3550 6147 2
3550 7281 2
3552 7772 2
3552 6063 2
3553 9124 2
3553 5952 2
3555 7355 2
3557 5165 2
3557 8793 2
3558 7438 2
3558 7341 2
3558 7058 2
3559 5936 2
3560 5282 2
3561 5843 2
3561 9061 2
3562 6786 2
3562 9293 2
3563 6691 2
3563 6536 2
3565 6809 2
3565 4431 2
3566 7572 2
3566 9369 2
3568 9069 2
3568 4714 2
3569 5141 2
3569 7046 2
3570 6666 2
3570 3956 2
3570 5340 2
3570 7356 2
3570 5859 2
3571 7138 2
3572 4229 2
3573 5928 2
3576 8762 2
3576 4186 2
3576 6154 2
3577 4625 2
3578 7659 2
3579 6782 2
3579 8305 2
3580 8692 2
3580 9405 2
3580 4614 2
3581 4200 2
3581 4665 2
3582 8515 2
3582 9383 2
3583 8591 2
3583 9685 2
3583 8842 2
3585 6763 2
3585 6635 2
3586 8182 2
3588 4522 2
3588 5763 2
3588 5687 2
3589 3844 2
3590 4293 2
3590 5506 2
3590 4541 2
3592 9337 2
3593 9534 2
3593 8251 2
3593 4945 2
3595 3701 2
3596 8708 2
3596 6645 2
3597 4015 2
3598 8505 2
3598 7092 2
3599 8039 2
3600 6230 2
3600 7565 2
3600 8856 2
3602 4314 2
3603 8943 2
3605 6342 2
3605 7032 2
3606 7112 2
3611 9770 2
3614 5818 2
3614 8188 2
3614 7702 2
3615 4091 2
3615 6755 2
3616 8996 2
3617 6324 2
3618 4174 2
3618 7213 2
3619 6034 2
3619 7143 2
3619 5659 2
3619 7552 2
3620 8866 2
3620 5501 2
3621 4566 2
3622 4217 2
3623 8310 2
3624 7702 2
3624 5079 2
3625 7350 2
3626 4340 2
3628 7872 2
3628 7194 2
3628 9487 2
3629 6968 2
3629 7848 2
3632 6290 2
3634 4183 2
3634 8616 2
3634 4221 2
3635 9373 2
3636 8327 2
3638 7630 2
3639 3928 2
3639 8536 2
3639 9308 2
3643 8476 2
3643 6395 2
3644 8978 2
3644 5537 2
3646 6880 2
3646 7154 2
3647 7676 2
3648 7919 2
3648 8732 2
3649 6130 2
3650 5218 2
3651 5634 2
3652 9845 2
3653 6720 2
3654 4244 2
3655 4838 2
3656 8570 2
3656 7870 2
3659 9317 2
3660 7458 2
3661 6285 2
3661 9785 2
3661 8329 2
3661 4732 2
3661 8594 2
3663 6914 2
3664 7058 2
3664 9736 2
3665 8905 2
3666 7437 2
3666 5843 2
3667 9695 2
3667 6314 2
3667 3821 2
3667 7402 2
3669 8466 2
3669 8609 2
3669 9395 2
3672 5480 2
3672 8265 2
3673 7174 2
3673 5748 2
3674 7373 2
3675 7526 2
3676 5914 2
3681 7678 2
3681 5698 2
3681 6121 2
3681 8339 2
3682 3932 2
3682 7707 2
3682 8899 2
3682 7723 2
3683 8570 2
3683 8394 2
3685 7276 2
3686 5669 2
3686 8572 2
3687 7825 2
3690 4429 2
3690 4623 2
3690 7188 2
3691 9011 2
3693 6943 2
3693 9847 2
3693 5348 2
3693 6521 2
3694 8208 2
3694 4885 2
3695 6627 2
3695 7108 2
3696 9666 2
3696 6778 2
3696 6409 2
3697 9287 2
3698 7173 2
3698 6117 2
3699 4900 2
3700 7994 2
3700 7962 2
3701 4552 2
3701 3818 2
3701 7397 2
3702 6057 2
3702 9717 2
3704 7464 2
3704 8033 2
3705 4855 2
3706 5835 2
3707 5042 2
3708 5936 2
3708 8464 2
3710 3859 2
3713 4190 2
3713 8865 2
3713 3797 2
3716 8965 2
3716 5748 2
3716 8298 2
3718 5738 2
3720 6768 2
3721 7848 2
3722 5169 2
3723 4832 2
3725 5204 2
3726 4177 2
3727 3968 2
3727 8695 2
3727 7498 2
3728 5842 2
3728 7024 2
3729 6945 2
3730 9306 2
3731 8824 2
3734 6010 2
3734 4638 2
3735 9076 2
3735 6517 2
3736 6778 2
3736 4521 2
3737 9661 2
3738 9960 2
3738 4280 2
3739 6701 2
3739 7676 2
3741 6432 2
3743 8819 2
3744 9265 2
3745 6416 2
3746 6881 2
3746 4281 2
3748 6543 2
3749 6991 2
3749 7734 2
3749 9674 2
3750 6354 2
3750 4963 2
3753 8478 2
3754 9200 2
3754 4938 2
3754 5549 2
3754 9993 2
3755 9878 2
3755 7106 2
3755 8127 2
3756 5417 2
3757 4699 2
3758 8198 2
3761 8824 2
3761 7844 2
3762 5706 2
3763 9277 2
3764 7245 2
3764 9259 2
3770 7040 2
3770 5745 2
3770 3818 2
3771 9367 2
3771 3929 2
3771 6519 2
3772 7941 2
3774 7039 2
3775 7683 2
3775 7870 2
3776 6871 2
3778 5627 2
3778 4858 2
3779 9161 2
3781 7296 2
3782 7127 2
3782 4866 2
3782 4348 2
3783 8560 2
3783 5355 2
3783 8229 2
3784 8825 2
3784 7056 2
3785 5553 2
3788 7089 2
3788 6584 2
3790 9529 2
3791 3873 2
3792 7994 2
3792 6945 2
3792 5442 2
3794 9347 2
3798 9118 2
3798 4226 2
3799 7185 2
3799 5212 2
3799 7447 2
3801 4186 2
3801 9513 2
3803 9281 2
3803 4872 2
3804 7595 2
3805 6039 2
3805 6047 2
3807 9521 2
3809 8107 2
3811 5555 2
3812 8230 2
3814 5533 2
3815 7210 2
3816 4825 2
3816 9054 2
3818 8624 2
3821 4026 2
3821 7790 2
3822 7762 2
3823 6422 2
3823 8675 2
3824 6069 2
3824 7005 2
3825 7043 2
3825 4159 2
3826 6551 2
3826 7484 2
3827 9535 2
3828 8549 2
3829 9345 2
3830 9709 2
3830 9751 2
3830 4810 2
3830 4947 2
3830 8462 2
3831 8599 2
3831 9232 2
3832 7505 2
3833 7797 2
3833 7484 2
3835 6406 2
3836 6906 2
3838 4909 2
3839 5172 2
3839 8084 2
3841 7820 2
3841 7125 2
3841 9638 2
3841 6928 2
3843 8142 2
3843 9106 2
3844 8064 2
3845 8239 2
3845 6625 2
3846 5206 2
3846 9433 2
3847 5950 2
3847 4436 2
3847 4152 2
3848 7312 2
3848 5586 2
3849 6031 2
3850 8902 2
3851 7218 2
3851 8835 2
3854 4883 2
3864 8830 2
3864 7752 2
3865 8560 2
3865 5285 2
3866 6830 2
3866 3894 2
3867 7801 2
3867 9324 2
3868 9469 2
3869 5261 2
3871 7953 2
3872 6085 2
3872 4080 2
3873 5545 2
3874 4553 2
3874 3912 2
3876 8222 2
3877 5492 2
3877 7200 2
3877 4698 2
3877 7717 2
3879 7861 2
3879 9228 2
3879 4101 2
3880 9545 2
3881 7112 2
3881 9496 2
3881 7053 2
3883 3896 2
3885 6565 2
3885 7720 2
3885 6840 2
3886 5657 2
3886 4191 2
3886 8201 2
3887 8067 2
3887 9050 2
3888 9433 2
3890 5038 2
3890 4527 2
3891 5917 2
3891 8876 2
3892 6305 2
3892 9177 2
3892 6826 2
3892 9228 2
3893 9802 2
3893 5173 2
3893 9598 2
3894 4048 2
3895 9817 2
3896 7369 2
3897 6669 2
3898 6908 2
3898 5502 2
3898 8509 2
3899 9021 2
3901 4801 2
3902 9905 2
3903 8104 2
3903 8971 2
3904 7291 2
3905 4011 2
3908 6869 2
3908 5448 2
3908 9902 2
3909 6941 2
3911 9681 2
3912 5459 2
3913 7815 2
3913 8938 2
3914 8025 2
3914 8367 2
3915 5766 2
3915 5223 2
3916 6328 2
3917 5204 2
3918 7788 2
3919 4076 2
3919 8704 2
3920 4234 2
3921 8132 2
3921 5950 2
3921 5376 2
3922 9178 2
3923 4242 2
3924 7303 2
3924 4838 2
3924 7013 2
3925 8549 2
3926 3956 2
3928 8063 2
3930 9721 2
3931 6672 2
3931 7653 2
3933 7234 2
3934 6864 2
3934 6982 2
3939 9892 2
3939 8502 2
3941 4674 2
3941 4224 2
3941 6550 2
3942 8738 2
3944 8753 2
3945 5700 2
3946 7586 2
3947 9348 2
3947 5940 2
3947 6683 2
3948 7649 2
3948 4455 2
3949 8350 2
3949 5619 2
3950 6070 2
3951 5001 2
3953 4030 2
3954 4521 2
3954 8936 2
3955 5110 2
3955 8638 2
3956 4987 2
3958 6655 2
3958 5330 2
3958 6420 2
3959 8425 2
3959 9745 2
3960 5287 2
3960 9238 2
3960 4734 2
3961 7469 2
3963 5044 2
3963 5423 2
3963 6335 2
3963 8377 2
3964 8732 2
3964 4403 2
3965 4498 2
3965 4403 2
3967 8276 2
3967 7843 2
3969 7474 2
3969 9167 2
3969 8301 2
3970 9834 2
3970 8209 2
3971 9651 2
3971 6215 2
3975 5192 2
3975 6679 2
3977 5541 2
3977 5602 2
3978 7842 2
3978 4510 2
3979 7205 2
3979 8048 2
3979 4678 2
3980 9524 2
3981 9340 2
3982 6300 2
3985 8246 2
3986 7437 2
3986 9883 2
3987 7038 2
3987 9255 2
3987 4188 2
3987 5022 2
3989 4558 2
3989 9107 2
3990 7906 2
3991 4993 2
3992 8124 2
3993 9652 2
3993 5372 2
3993 8108 2
3993 6481 2
3994 7840 2
3994 9359 2
3996 5110 2
3996 9817 2
3996 4136 2
4000 6353 2
4004 4686 2
4005 4143 2
4007 7636 2
4007 5724 2
4008 4565 2
4009 4666 2
4009 4171 2
4009 4474 2
4010 4143 2
4011 4706 2
4013 4220 2
4013 4077 2
4013 4920 2
4013 6026 2
4014 9543 2
4015 6088 2
4015 5044 2
4015 8366 2
4015 9031 2
4017 6591 2
4018 7868 2
4019 4624 2
4019 9497 2
4019 6925 2
4019 9686 2
4021 8098 2
4021 5853 2
4021 5717 2
4022 4714 2
4022 4503 2
4022 4846 2
4023 8067 2
4023 9172 2
4024 4657 2
4024 4076 2
4024 9431 2
4025 7050 2
4026 6904 2
4027 7325 2
4027 4729 2
4029 5255 2
4029 9202 2
4031 5253 2
4031 9960 2
4032 9675 2
4033 9710 2
4033 4725 2
4036 4113 2
4036 8975 2
4037 5471 2
4039 4250 2
4039 5654 2
4039 6082 2
4041 4246 2
4044 5561 2
4044 4655 2
4045 4887 2
4046 8200 2
4050 6891 2
4052 6815 2
4052 7885 2
4053 7677 2
4053 6277 2
4053 5095 2
4054 4759 2
4055 6616 2
4055 8365 2
4057 9254 2
4058 9854 2
4058 4131 2
4059 6818 2
4060 9242 2
4061 5189 2
4061 9698 2
4064 7186 2
4064 5726 2
4064 8788 2
4065 6422 2
4065 7995 2
4066 9175 2
4066 6657 2
4067 9109 2
4068 4369 2
4069 8142 2
4070 8417 2
4071 8128 2
4071 8741 2
4072 7938 2
4073 7911 2
4074 9679 2
4074 8629 2
4075 8691 2
4076 6390 2
4077 4630 2
4078 8035 2
4078 8331 2
4078 7853 2
4079 8963 2
4082 4830 2
4083 4645 2
4084 4544 2
4084 6316 2
4087 6475 2
4087 9491 2
4088 8965 2
4089 6116 2
4090 4812 2
4090 8957 2
4090 7731 2
4091 8743 2
4092 8936 2
4092 4803 2
4092 6897 2
4094 8828 2
4094 6619 2
4094 7916 2
4094 9208 2
4094 6924 2
4095 8119 2
4095 9643 2
4096 7477 2
4096 9004 2
4097 8679 2
4097 6647 2
4098 6187 2
4098 8398 2
4100 4154 2
4100 7238 2
4101 7276 2
4102 5255 2
4102 9605 2
4102 7317 2
4102 5663 2
4103 9553 2
4103 9721 2
4104 8185 2
4105 6851 2
4106 5005 2
4106 5116 2
4107 8289 2
4107 4911 2
4107 4798 2
4109 8239 2
4109 9046 2
4110 7213 2
4111 7275 2
4113 7466 2
4114 5825 2
4115 6475 2
4117 8412 2
4117 5281 2
4118 6783 2
4119 9998 2
4119 5841 2
4122 5171 2
4122 4462 2
4123 8887 2
4126 8647 2
4127 7231 2
4127 7209 2
4128 9379 2
4129 4261 2
4129 9660 2
4130 4840 2
4130 6750 2
4130 5814 2
4131 8131 2
4131 7328 2
4133 4787 2
4133 6351 2
4133 9145 2
4134 7305 2
4134 6372 2
4135 4539 2
4137 5447 2
4139 7623 2
4140 7615 2
4141 6514 2
4142 9970 2
4142 4915 2
4144 8928 2
4146 4798 2
4146 4922 2
4147 8416 2
4148 6499 2
4149 5097 2
4150 8177 2
4150 9329 2
4151 8738 2
4152 7427 2
4153 4218 2
4155 9328 2
4155 7319 2
4158 7701 2
4158 5578 2
4159 7790 2
4159 8709 2
4162 4656 2
4162 7985 2
4162 7738 2
4163 4785 2
4164 8972 2
4165 8754 2
4165 8193 2
4165 7597 2
4165 7172 2
4167 9434 2
4168 9129 2
4169 9037 2
4171 5499 2
4173 7129 2
4175 9697 2
4176 5327 2
4177 8428 2
4178 6821 2
4178 5369 2
4179 8018 2
4180 5186 2
4180 7352 2
4182 6178 2
4183 6988 2
4183 9649 2
4183 9561 2
4185 6837 2
4187 7542 2
4187 5760 2
4187 7998 2
4188 5965 2
4190 8492 2
4190 6720 2
4190 5208 2
4191 4862 2
4191 7415 2
4191 8320 2
4192 7041 2
4192 5103 2
4193 6950 2
4193 4864 2
4193 4622 2
4195 4897 2
4197 6160 2
4197 7906 2
4198 4509 2
4198 5909 2
4199 6004 2
4199 7070 2
4200 4422 2
4201 7265 2
4202 4532 2
4202 4882 2
4203 5177 2
4204 8250 2
4207 5320 2
4208 8304 2
4208 7620 2
4210 5595 2
4210 4412 2
4211 7897 2
4212 6261 2
4212 9271 2
4212 7705 2
4213 9580 2
4217 9307 2
4217 6139 2
4218 4580 2
4218 4809 2
4219 9597 2
4219 7525 2
4220 9882 2
4220 8778 2
4220 8165 2
4221 7025 2
4221 7260 2
4221 7239 2
4222 6515 2
4224 5490 2
4225 6860 2
4226 8209 2
4229 9366 2
4229 6221 2
4230 5330 2
4231 6979 2
4232 8878 2
4232 5799 2
4232 9307 2
4234 9974 2
4235 6880 2
4236 5815 2
4236 8147 2
4239 7057 2
4239 7109 2
4239 6019 2
4239 5607 2
4240 9103 2
4240 8857 2
4240 6604 2
4240 7994 2
4240 9185 2
4240 8146 2
4240 8962 2
4241 4730 2
4243 5865 2
4243 6339 2
4243 7426 2
4245 8618 2
4245 6869 2
4246 4680 2
4249 9682 2
4250 5609 2
4251 6756 2
4253 6232 2
4253 7980 2
4254 7046 2
4254 6149 2
4254 6896 2
4256 6641 2
4256 6849 2
4256 7777 2
4257 4565 2
4259 6574 2
4259 5526 2
4260 6159 2
4260 5443 2
4261 5312 2
4261 9453 2
4263 8504 2
4265 8439 2
4265 5458 2
4267 4687 2
4267 7582 2
4267 7822 2
4267 7654 2
4268 5625 2
4268 5315 2
4271 4776 2
4272 9423 2
4273 8000 2
4274 9390 2
4275 7975 2
4275 6181 2
4277 6227 2
4278 7590 2
4278 8374 2
4279 6111 2
4279 5467 2
4282 6848 2
4282 8500 2
4284 9585 2
4284 4966 2
4284 9761 2
4287 6991 2
4288 5223 2
4288 5188 2
4288 6032 2
4289 5773 2
4289 7589 2
4289 7434 2
4290 5978 2
4290 7158 2
4295 6445 2
4295 7221 2
4295 4970 2
4300 5563 2
4302 4890 2
4302 4627 2
4304 4643 2
4304 4799 2
4304 4924 2
4304 9367 2
4306 6041 2
4306 4750 2
4306 8601 2
4307 8026 2
4308 8965 2
4308 6404 2
4310 9905 2
4312 5407 2
4313 6905 2
4314 7646 2
4315 7583 2
4317 5999 2
4319 9921 2
4319 7324 2
4320 5573 2
4320 8037 2
4320 7856 2
4321 8612 2
4321 5352 2
4325 9445 2
4325 8641 2
4326 9986 2
4326 7648 2
4326 8451 2
4327 8492 2
4327 4693 2
4327 5047 2
4328 8516 2
4328 7882 2
4331 4721 2
4331 9422 2
4332 7426 2
4335 4438 2
4335 7832 2
4335 6576 2
4336 5867 2
4337 9677 2
4337 5154 2
4340 5276 2
4340 8661 2
4342 4646 2
4342 5626 2
4344 8151 2
4345 4476 2
4345 9490 2
4346 9516 2
4347 9280 2
4348 9990 2
4348 5830 2
4349 5762 2
4355 4863 2
4356 6534 2
4360 9855 2
4360 9004 2
4362 7559 2
4362 9697 2
4364 4558 2
4364 6147 2
4365 7036 2
4367 8548 2
4369 6888 2
4371 7842 2
4373 8416 2
4373 8695 2
4374 8656 2
4375 6087 2
4376 9651 2
4377 7770 2
4377 6882 2
4378 6211 2
4378 7995 2
4378 8342 2
4381 7282 2
4382 7529 2
4383 7845 2
4384 6497 2
4386 8307 2
4386 8963 2
4386 5183 2
4388 6461 2
4388 8416 2
4388 8936 2
4389 6924 2
4390 9293 2
4391 8456 2
4391 8545 2
4391 4846 2
4392 9526 2
4393 7689 2
4394 8066 2
4395 6066 2
4395 9079 2
4396 8684 2
4397 8140 2
4397 4893 2
4398 6329 2
4399 7793 2
4400 9462 2
4400 5935 2
4400 6267 2
4401 6533 2
4401 5389 2
4401 6557 2
4404 4861 2
4404 6313 2
4405 6803 2
4406 6300 2
4407 4616 2
4410 9456 2
4411 7202 2
4412 4774 2
4413 4739 2
4413 9966 2
4414 7709 2
4415 4661 2
4415 5480 2
4416 5593 2
4416 6423 2
4417 8622 2
4417 4520 2
4418 8721 2
4419 9188 2
4419 7554 2
4424 4574 2
4424 6122 2
4424 5770 2
4425 9965 2
4426 9184 2
4427 7337 2
4427 6664 2
4428 7713 2
4429 4969 2
4434 8694 2
4435 4532 2
4435 7090 2
4435 5252 2
4436 8962 2
4437 5737 2
4439 5184 2
4439 9151 2
4439 9643 2
4440 4817 2
4441 8955 2
4441 9862 2
4442 7380 2
4442 6922 2
4443 4956 2
4444 8554 2
4446 6006 2
4446 9137 2
4447 6400 2
4448 5965 2
4449 8702 2
4450 9628 2
4451 4626 2
4451 6722 2
4451 7434 2
4452 6613 2
4453 6399 2
4453 7061 2
4453 9713 2
4454 9098 2
4455 9622 2
4455 6339 2
4456 8028 2
4456 6835 2
4459 7145 2
4461 7388 2
4461 8384 2
4463 4909 2
4464 4743 2
4464 9284 2
4465 7728 2
4467 7461 2
4468 7624 2
4469 7086 2
4469 8339 2
4472 8388 2
4473 5682 2
4473 8175 2
4473 6116 2
4474 7227 2
4474 8934 2
4475 7853 2
4478 9790 2
4478 7118 2
4479 8780 2
4479 4934 2
4481 5375 2
4482 4918 2
4482 9065 2
4484 4792 2
4486 6147 2
4486 7422 2
4487 7861 2
4487 6709 2
4488 4598 2
4488 9955 2
4489 4638 2
4490 8262 2
4490 6196 2
4490 8017 2
4490 5053 2
4491 8933 2
4492 4850 2
4496 7958 2
4499 5458 2
4500 5456 2
4500 5642 2
4502 7995 2
4502 7560 2
4502 8848 2
4503 6279 2
4505 5277 2
4507 7288 2
4507 9982 2
4507 5190 2
4507 9635 2
4511 6639 2
4513 7022 2
4513 7002 2
4515 5987 2
4516 4815 2
4516 9011 2
4516 4987 2
4517 9085 2
4517 5948 2
4517 6796 2
4518 4690 2
4521 5227 2
4521 8252 2
4523 7334 2
4523 9529 2
4524 8203 2
4525 8432 2
4525 8700 2
4526 7820 2
4527 6949 2
4528 6660 2
4528 9464 2
4529 9042 2
4529 9053 2
4530 5992 2
4530 9854 2
4531 5208 2
4532 5823 2
4532 6353 2
4533 5503 2
4533 5722 2
4535 6152 2
4536 9538 2
4537 9046 2
4540 7702 2
4541 9552 2
4542 5589 2
4542 8590 2
4543 9802 2
4543 9666 2
4543 7345 2
4544 7578 2
4545 8842 2
4548 5995 2
4549 8790 2
4549 5275 2
4550 9211 2
4551 7950 2
4552 7776 2
4552 4891 2
4553 9315 2
4555 8087 2
4557 7522 2
4557 7794 2
4558 8961 2
4559 5686 2
4559 6806 2
4559 9465 2
4560 4831 2
4561 9716 2
4563 6829 2
4563 6502 2
4565 5760 2
4566 4953 2
4566 5038 2
4569 9264 2
4570 6122 2
4571 9106 2
4572 7625 2
4572 5114 2
4572 8089 2
4573 5767 2
4575 9362 2
4578 5557 2
4579 5270 2
4580 6429 2
4580 8708 2
4580 6821 2
4581 6920 2
4581 9048 2
4582 8316 2
4582 8472 2
4583 5951 2
4584 8283 2
4584 8419 2
4589 6968 2
4589 6497 2
4590 4788 2
4591 7892 2
4592 5787 2
4593 7534 2
4593 9019 2
4593 7586 2
4597 9546 2
4598 9380 2
4600 7183 2
4600 7563 2
4600 6050 2
4601 6329 2
4602 7910 2
4602 7420 2
4602 8503 2
4604 8501 2
4604 9237 2
4605 6002 2
4605 9444 2
4605 5009 2
4608 5760 2
4609 8578 2
4610 7622 2
4610 9208 2
4611 6621 2
4612 6090 2
4612 6674 2
4612 5110 2
4612 5305 2
4616 8480 2
4617 7878 2
4619 6441 2
4619 5377 2
4623 9866 2
4623 8304 2
4624 6595 2
4624 4761 2
4626 9015 2
4627 7862 2
4628 9304 2
4628 8704 2
4631 8207 2
4632 7341 2
4632 4716 2
4633 4787 2
4633 8868 2
4633 8265 2
4633 5676 2
4634 6330 2
4635 7456 2
4636 8893 2
4637 8925 2
4639 7345 2
4640 5105 2
4642 6876 2
4644 8253 2
4645 9810 2
4645 5011 2
4647 6461 2
4648 6109 2
4648 5683 2
4648 7714 2
4649 4887 2
4649 5055 2
4649 8907 2
4650 6547 2
4651 5283 2
4651 9078 2
4652 4735 2
4652 7603 2
4653 9959 2
4654 8146 2
4657 7159 2
4659 7928 2
4660 5439 2
4662 9909 2
4663 9665 2
4664 7301 2
4664 7220 2
4664 9719 2
4665 8624 2
4666 8065 2
4667 5144 2
4667 5787 2
4668 9597 2
4669 7040 2
4671 6456 2
4673 9992 2
4673 6401 2
4676 9618 2
4677 7591 2
4678 8836 2
4678 9213 2
4679 9837 2
4679 6729 2
4680 7947 2
4682 5976 2
4682 9288 2
4682 5953 2
4683 7102 2
4684 7754 2
4687 6694 2
4687 9968 2
4687 9971 2
4689 8522 2
4689 9112 2
4689 7514 2
4690 6298 2
4691 4780 2
4692 6949 2
4693 4840 2
4694 7490 2
4699 7498 2
4702 7407 2
4703 5983 2
4703 7000 2
4703 4829 2
4704 5736 2
4704 7815 2
4706 6180 2
4707 6632 2
4707 7312 2
4708 8350 2
4708 6306 2
4709 7135 2
4710 7736 2
4710 9706 2
4711 5706 2
4711 7708 2
4712 9606 2
4712 9262 2
4712 6418 2
4712 5199 2
4714 8374 2
4714 4880 2
4715 5783 2
4715 5003 2
4716 8603 2
4717 9686 2
4718 9596 2
4719 6410 2
4723 9738 2
4723 8228 2
4724 5271 2
4724 9755 2
4725 7845 2
4726 4876 2
4726 7588 2
4726 7512 2
4727 6990 2
4728 7753 2
4729 7261 2
4730 9054 2
4731 9512 2
4731 8524 2
4732 6775 2
4732 5666 2
4733 5661 2
4735 9852 2
4735 8809 2
4735 7266 2
4737 6586 2
4738 9373 2
4739 9965 2
4742 6042 2
4743 8768 2
4749 8181 2
4749 7425 2
4750 6144 2
4752 5120 2
4752 7483 2
4752 9709 2
4754 5158 2
4755 8784 2
4758 6733 2
4758 4768 2
4760 8708 2
4762 5725 2
4764 9433 2
4766 9219 2
4766 7667 2
4766 5555 2
4767 8594 2
4769 5931 2
4769 5210 2
4770 7442 2
4770 8002 2
4770 6349 2
4771 9013 2
4772 8899 2
4772 6364 2
4774 6574 2
4778 4816 2
4779 5255 2
4781 8840 2
4784 6871 2
4784 9038 2
4786 7097 2
4787 8163 2
4787 9328 2
4788 6391 2
4790 6676 2
4791 4976 2
4791 7657 2
4791 8420 2
4794 8710 2
4794 8089 2
4794 9712 2
4794 8137 2
4795 8679 2
4796 7437 2
4797 6702 2
4797 6384 2
4798 7489 2
4799 5609 2
4799 6188 2
4800 5577 2
4801 8459 2
4804 7583 2
4806 8512 2
4807 4973 2
4808 7310 2
4809 7481 2
4809 7213 2
4809 5480 2
4809 8204 2
4809 7112 2
4811 6033 2
4812 9934 2
4812 7749 2
4813 9458 2
4813 7300 2
4813 8596 2
4814 8655 2
4815 9598 2
4815 5175 2
4817 6343 2
4818 6598 2
4820 5663 2
4820 6800 2
4821 8529 2
4821 8249 2
4823 7966 2
4823 6358 2
4829 6088 2
4830 8443 2
4830 5108 2
4831 4912 2
4833 8504 2
4837 6251 2
4840 6905 2
4841 9077 2
4842 5348 2
4842 8632 2
4843 6639 2
4844 7690 2
4844 5029 2
4845 5106 2
4846 9136 2
4847 6068 2
4847 9857 2
4847 6578 2
4848 4973 2
4848 7287 2
4849 7963 2
4852 9482 2
4852 5482 2
4854 9859 2
4854 6795 2
4856 6187 2
4860 6903 2
4861 5549 2
4862 5120 2
4863 8086 2
4863 9570 2
4864 4886 2
4864 8127 2
4865 6642 2
4868 4923 2
4870 8873 2
4871 7003 2
4873 4875 2
4875 8794 2
4875 8039 2
4876 5016 2
4876 8590 2
4879 7693 2
4879 6234 2
4880 7686 2
4880 9231 2
4880 7200 2
4881 7769 2
4882 5075 2
4882 9436 2
4884 7469 2
4885 7127 2
4886 5119 2
4890 7392 2
4891 9054 2
4891 8634 2
4892 9256 2
4893 7003 2
4893 6962 2
4894 8596 2
4894 5172 2
4895 9314 2
4896 6684 2
4897 8894 2
4897 6971 2
4897 4999 2
4898 9143 2
4900 8091 2
4901 8388 2
4902 5302 2
4902 8311 2
4902 7799 2
4902 6331 2
4903 7895 2
4903 6918 2
4903 7153 2
4905 6679 2
4907 6324 2
4908 7433 2
4909 8826 2
4910 7329 2
4910 8685 2
4912 6076 2
4912 7291 2
4915 5721 2
4920 7732 2
4921 6691 2
4921 7657 2
4922 8434 2
4922 6175 2
4924 7003 2
4924 7779 2
4924 8869 2
4924 8568 2
4926 9788 2
4926 9345 2
4928 8399 2
4928 9910 2
4929 5133 2
4930 6055 2
4931 5433 2
4931 6403 2
4932 9891 2
4933 8744 2
4934 5581 2
4935 8749 2
4936 9021 2
4937 7026 2
4937 9501 2
4938 4967 2
4941 6641 2
4942 7525 2
4943 4947 2
4944 5245 2
4945 6330 2
4945 8307 2
4946 5025 2
4947 5264 2
4949 8981 2
4949 8909 2
4950 5399 2
4951 5903 2
4953 5120 2
4953 5615 2
4953 6654 2
4954 7305 2
4954 8589 2
4955 4993 2
4956 8810 2
4957 8705 2
4957 7808 2
4958 6786 2
4959 6842 2
4959 9325 2
4960 5811 2
4960 6735 2
4960 8705 2
4964 5599 2
4965 8366 2
4965 6950 2
4966 8567 2
4969 7753 2
4972 6514 2
4972 8420 2
4973 7925 2
4973 6034 2
4973 9845 2
4973 6749 2
4973 5985 2
4974 9139 2
4975 9612 2
4976 8633 2
4977 9051 2
4977 6966 2
4979 8973 2
4979 4995 2
4979 7564 2
4980 5471 2
4981 6877 2
4983 9288 2
4983 9904 2
4985 6269 2
4985 6095 2
4986 6188 2
4986 6233 2
4987 7474 2
4988 8376 2
4989 6679 2
4989 7268 2
4990 9717 2
4990 6230 2
4990 8120 2
4994 6477 2
4995 9855 2
4996 6810 2
4998 6335 2
5000 9343 2
5000 6533 2
5000 9464 2
5002 5806 2
5002 6621 2
5003 8422 2
5006 8555 2
5006 8837 2
5008 9190 2
5009 5285 2
5010 9995 2
5012 7196 2
5012 7988 2
5013 6257 2
5015 9176 2
5016 7549 2
5016 7711 2
5017 9988 2
5017 9142 2
5018 7575 2
5018 5277 2
5018 6526 2
5018 9610 2
5019 6844 2
5021 6917 2
5022 7445 2
5026 7195 2
5026 7100 2
5026 7069 2
5026 6449 2
5027 8365 2
5028 6346 2
5028 8459 2
5030 6554 2
5033 6549 2
5033 5557 2
5034 5759 2
5034 5743 2
5035 5047 2
5036 5359 2
5036 6880 2
5038 8987 2
5038 9863 2
5040 9954 2
5041 7586 2
5042 9828 2
5043 7558 2
5043 8156 2
5045 7218 2
5047 6376 2
5047 9472 2
5049 8001 2
5049 5668 2
5051 6785 2
5054 8378 2
5055 5598 2
5055 6041 2
5057 6521 2
5057 5799 2
5057 8551 2
5060 8905 2
5061 5283 2
5061 5631 2
5062 9033 2
5067 5361 2
5067 6928 2
5068 7376 2
5068 7621 2
5070 5164 2
5071 6985 2
5076 7923 2
5077 6390 2
5078 7840 2
5080 5370 2
5080 5396 2
5080 7935 2
5081 6846 2
5082 9104 2
5083 8904 2
5083 8669 2
5085 5992 2
5085 7539 2
5085 7022 2
5085 9073 2
5087 6331 2
5087 9382 2
5088 9028 2
5089 7485 2
5090 8259 2
5092 7114 2
5095 5204 2
5096 5442 2
5098 5990 2
5099 9530 2
5102 6872 2
5102 5797 2
5103 6896 2
5103 6021 2
5104 6165 2
5106 6797 2
5106 7741 2
5108 8991 2
5108 9427 2
5109 7017 2
5110 9531 2
5111 6155 2
5113 7357 2
5117 5155 2
5118 5346 2
5119 9385 2
5119 8076 2
5120 7122 2
5121 5417 2
5122 5283 2
5123 6620 2
5123 8768 2
5123 7982 2
5124 8760 2
5124 5831 2
5128 7319 2
5130 8613 2
5130 7781 2
5132 8593 2
5134 9164 2
5136 9615 2
5136 6954 2
5136 8835 2
5138 5607 2
5139 8113 2
5143 8036 2
5143 5397 2
5143 6718 2
5146 7290 2
5148 6588 2
5149 8703 2
5149 6463 2
5150 5278 2
5150 8885 2
5153 5698 2
5154 9405 2
5155 6505 2
5156 7849 2
5156 8221 2
5158 9960 2
5159 5498 2
5159 5175 2
5160 6145 2
5160 9564 2
5161 6133 2
5162 7972 2
5162 5283 2
5162 7077 2
5164 7302 2
5166 5775 2
5168 8895 2
5168 5682 2
5171 9890 2
5172 7673 2
5172 7940 2
5173 5736 2
5174 6172 2
5174 7515 2
5176 9842 2
5177 8578 2
5178 8262 2
5179 5656 2
5179 7000 2
5179 7448 2
5179 6733 2
5180 7458 2
5182 6355 2
5184 5841 2
5185 6376 2
5190 8069 2
5190 9542 2
5190 8016 2
5190 6367 2
5191 7442 2
5191 5385 2
5193 8614 2
5194 9731 2
5194 5472 2
5196 8076 2
5198 5932 2
5198 6804 2
5199 7150 2
5200 6302 2
5200 6273 2
5201 8156 2
5205 8182 2
5206 7288 2
5206 6769 2
5208 5965 2
5210 7940 2
5210 7400 2
5211 5475 2
5211 9434 2
5211 5350 2
5212 7270 2
5215 6624 2
5216 5274 2
5217 8906 2
5218 9117 2
5218 7339 2
5218 8302 2
5221 7852 2
5223 5904 2
5224 8595 2
5224 5854 2
5225 5714 2
5226 7545 2
5226 7407 2
5226 7639 2
5227 8665 2
5228 8262 2
5228 8891 2
5229 8600 2
5230 9496 2
5230 8071 2
5230 7888 2
5231 9902 2
5231 7190 2
5234 9477 2
5235 6311 2
5237 7922 2
5238 5591 2
5238 9232 2
5239 8513 2
5239 8715 2
5239 9594 2
5239 9286 2
5243 8264 2
5244 6235 2
5244 8918 2
5244 7177 2
5244 7231 2
5245 8038 2
5247 6452 2
5251 7341 2
5251 7461 2
5253 7998 2
5253 8013 2
5253 8123 2
5254 7702 2
5254 9840 2
5258 7119 2
5258 6274 2
5259 6372 2
5259 6316 2
5260 6462 2
5260 6224 2
5261 5963 2
5263 6111 2
5264 5725 2
5264 8437 2
5266 7681 2
5266 7831 2
5267 8540 2
5269 6913 2
5270 6943 2
5271 5994 2
5271 8880 2
5272 6628 2
5273 9168 2
5274 9188 2
5274 8117 2
5275 9325 2
5276 7946 2
5279 9240 2
5279 8060 2
5280 6035 2
5280 8988 2
5282 9288 2
5282 6152 2
5282 6553 2
5282 8093 2
5283 5439 2
5285 5677 2
5285 6961 2
5288 8012 2
5288 6100 2
5288 9604 2
5290 9075 2
5290 7749 2
5291 7235 2
5291 8805 2
5296 8039 2
5298 5722 2
5298 6820 2
5299 6844 2
5299 7008 2
5299 9393 2
5301 7618 2
5303 7183 2
5304 9535 2
5304 8037 2
5304 7136 2
5306 5953 2
5306 7707 2
5308 8854 2
5308 9974 2
5308 6534 2
5309 7442 2
5309 5486 2
5310 6916 2
5312 7159 2
5314 6320 2
5315 6000 2
5316 7409 2
5318 9023 2
5320 7335 2
5322 8009 2
5323 9470 2
5326 9104 2
5326 7922 2
5327 9020 2
5327 5437 2
5327 8117 2
5328 8016 2
5329 9188 2
5330 8343 2
5331 9317 2
5331 9823 2
5332 9912 2
5333 9571 2
5334 6354 2
5334 9939 2
5334 5518 2
5335 7462 2
5336 5705 2
5336 8458 2
5337 6112 2
5337 6797 2
5338 9813 2
5338 6865 2
5340 8739 2
5341 9793 2
5341 9605 2
5342 5953 2
5343 7535 2
5344 6373 2
5346 9135 2
5346 5871 2
5348 9469 2
5349 9900 2
5349 9602 2
5349 9603 2
5350 9833 2
5350 5495 2
5351 5704 2
5352 7770 2
5353 9163 2
5354 8995 2
5354 5468 2
5354 6522 2
5355 8680 2
5356 9133 2
5356 9543 2
5356 8905 2
5357 7619 2
5357 7127 2
5358 6138 2
5359 5442 2
5360 9269 2
5361 7086 2
5365 7169 2
5365 8192 2
5365 6361 2
5366 6479 2
5366 8766 2
5369 9713 2
5369 5643 2
5370 9261 2
5371 5563 2
5373 7766 2
5373 7520 2
5375 7447 2
5375 8374 2
5375 8178 2
5378 7081 2
5379 5401 2
5380 9932 2
5381 5936 2
5381 7552 2
5382 7124 2
5384 7474 2
5386 8777 2
5388 6234 2
5389 7724 2
5391 8159 2
5391 9459 2
5391 8851 2
5392 9882 2
5394 8003 2
5395 6887 2
5396 5795 2
5398 9828 2
5400 8806 2
5401 8152 2
5401 7901 2
5401 5525 2
5402 6934 2
5403 7463 2
5403 7432 2
5404 9800 2
5407 6378 2
5411 6244 2
5413 9576 2
5418 6894 2
5418 5419 2
5419 5451 2
5421 8424 2
5422 7646 2
5425 5991 2
5428 9078 2
5430 6926 2
5430 9397 2
5432 8258 2
5432 8092 2
5435 5563 2
5435 5726 2
5436 9532 2
5438 9850 2
5438 9173 2
5438 5839 2
5438 7720 2
5438 9859 2
5438 9820 2
5440 9227 2
5441 5755 2
5442 6776 2
5443 7833 2
5446 6318 2
5446 7456 2
5449 6832 2
5449 9830 2
5449 6057 2
5450 7609 2
5450 7732 2
5451 9460 2
5451 6217 2
5451 9438 2
5451 8955 2
5451 8140 2
5453 5650 2
5454 9456 2
5454 7351 2
5455 7735 2
5457 8598 2
5458 6363 2
5458 7533 2
5459 7628 2
5460 7949 2
5460 9539 2
5460 9172 2
5461 5781 2
5463 7663 2
5463 9685 2
5464 7808 2
5466 9300 2
5466 6736 2
5467 9782 2
5469 7086 2
5469 9169 2
5469 8345 2
5470 7174 2
5473 6064 2
5473 9600 2
5474 7078 2
5476 5773 2
5477 8924 2
5478 7845 2
5478 7910 2
5478 8147 2
5479 8584 2
5479 6900 2
5479 7571 2
5481 7375 2
5482 7723 2
5483 6846 2
5484 8675 2
5485 7423 2
5485 9952 2
5487 9769 2
5491 5709 2
5492 7155 2
5493 7714 2
5495 6045 2
5501 8914 2
5502 5545 2
5503 5570 2
5503 8196 2
5504 9806 2
5504 7377 2
5504 6661 2
5505 5607 2
5506 7826 2
5507 7381 2
5508 8790 2
5508 7701 2
5508 9634 2
5509 9310 2
5509 9690 2
5510 9371 2
5510 9200 2
5510 7940 2
5513 9118 2
5513 5568 2
5514 5831 2
5515 7598 2
5515 8711 2
5520 8736 2
5521 9459 2
5522 6220 2
5523 7397 2
5526 6176 2
5529 8989 2
5530 9894 2
5531 6451 2
5536 8239 2
5537 7636 2
5537 7958 2
5538 8307 2
5538 8673 2
5538 5708 2
5539 6988 2
5541 9249 2
5541 6732 2
5542 6859 2
5544 8306 2
5547 6120 2
5547 8892 2
5547 9668 2
5547 8058 2
5548 6082 2
5550 9981 2
5552 7233 2
5553 9795 2
5554 7125 2
5554 8601 2
5555 6584 2
5556 9599 2
5558 6917 2
5558 7841 2
5561 7624 2
5562 7520 2
5562 8331 2
5563 9081 2
5564 6152 2
5565 8513 2
5569 7991 2
5570 8002 2
5573 7121 2
5573 9726 2
5573 6180 2
5574 9448 2
5575 6648 2
5576 7243 2
5576 6813 2
5577 6251 2
5578 7810 2
5580 9906 2
5580 7955 2
5580 6598 2
5583 6089 2
5583 9010 2
5583 9810 2
5586 9801 2
5586 9345 2
5589 9770 2
5591 6965 2
5593 5963 2
5593 5645 2
5594 8094 2
5594 6159 2
5595 8983 2
5596 9461 2
5597 8050 2
5597 8686 2
5597 7595 2
5598 6507 2
5598 6525 2
5601 6705 2
5603 7293 2
5603 7355 2
5604 7319 2
5606 8963 2
5609 7200 2
5610 8087 2
5610 6789 2
5610 8572 2
5611 8554 2
5611 7151 2
5612 9622 2
5612 9962 2
5613 9777 2
5613 8796 2
5613 5731 2
5613 6555 2
5614 7610 2
5614 9379 2
5614 6627 2
5618 5772 2
5618 7388 2
5619 7452 2
5621 9654 2
5622 5940 2
5623 9927 2
5625 8946 2
5627 9056 2
5627 9853 2
5628 7692 2
5628 6884 2
5629 8384 2
5631 7476 2
5632 7166 2
5635 7371 2
5635 7841 2
5641 9947 2
5641 9655 2
5641 6217 2
5643 5921 2
5643 7606 2
5645 7007 2
5650 7717 2
5651 9423 2
5652 6601 2
5653 8363 2
5653 7867 2
5653 9925 2
5655 9138 2
5656 9308 2
5657 7877 2
5658 9164 2
5660 9187 2
5660 6811 2
5660 9835 2
5661 6116 2
5665 6463 2
5666 7335 2
5666 8850 2
5666 9223 2
5667 9398 2
5671 6703 2
5672 7963 2
5673 6892 2
5673 8977 2
5676 8624 2
5679 9650 2
5681 8577 2
5681 9091 2
5682 7795 2
5683 8822 2
5686 8983 2
5686 9131 2
5687 8283 2
5687 8884 2
5688 9448 2
5690 7997 2
5690 9321 2
5693 6565 2
5694 8657 2
5694 7764 2
5695 6346 2
5695 8048 2
5695 6408 2
5695 9046 2
5697 6722 2
5697 8629 2
5701 5835 2
5703 6866 2
5707 8147 2
5708 7550 2
5710 6197 2
5710 9237 2
5712 6283 2
5714 7938 2
5714 7224 2
5716 8386 2
5716 9267 2
5717 7559 2
5720 9368 2
5721 8468 2
5723 9461 2
5725 6018 2
5725 6963 2
5728 8205 2
5728 7387 2
5730 7437 2
5732 7754 2
5732 7631 2
5734 9751 2
5735 9493 2
5736 6532 2
5736 6272 2
5739 6396 2
5740 6558 2
5741 7726 2
5742 8318 2
5743 9873 2
5744 8750 2
5744 9124 2
5745 6349 2
5746 6793 2
5747 9792 2
5750 6821 2
5751 7072 2
5751 5919 2
5755 8350 2
5755 7153 2
5755 6077 2
5757 8590 2
5757 7472 2
5758 7823 2
5758 6087 2
5759 7661 2
5759 6713 2
5759 7751 2
5760 8709 2
5761 7571 2
5762 7354 2
5763 8384 2
5763 6633 2
5765 9334 2
5767 6004 2
5768 7105 2
5769 6049 2
5771 5978 2
5774 9443 2
5775 9650 2
5777 7920 2
5777 7052 2
5780 6720 2
5781 6044 2
5783 6533 2
5786 6814 2
5788 7704 2
5790 7705 2
5792 7606 2
5793 7858 2
5795 9591 2
5796 9177 2
5796 8892 2
5797 8805 2
5799 8421 2
5800 8744 2
5802 6178 2
5803 6043 2
5804 5950 2
5806 8645 2
5808 6346 2
5811 9286 2
5811 6115 2
5812 6485 2
5812 8830 2
5817 8941 2
5819 5930 2
5819 7153 2
5821 9883 2
5821 9966 2
5823 7439 2
5824 8790 2
5825 8616 2
5826 7993 2
5828 8062 2
5829 7185 2
5830 7501 2
5830 8848 2
5830 8784 2
5831 9761 2
5835 8229 2
5836 7275 2
5840 8129 2
5843 6956 2
5844 6226 2
5845 6393 2
5845 7233 2
5845 6303 2
5846 8074 2
5848 6384 2
5849 6927 2
5849 9275 2
5849 6150 2
5850 9543 2
5852 7787 2
5855 6424 2
5855 7517 2
5855 6353 2
5856 8259 2
5859 9656 2
5861 6382 2
5865 6746 2
5865 8481 2
5865 9425 2
5866 6072 2
5866 9732 2
5867 6640 2
5869 6453 2
5870 7505 2
5871 9352 2
5875 7925 2
5878 8052 2
5878 5890 2
5879 8117 2
5883 8239 2
5886 6951 2
5890 6591 2
5891 8614 2
5892 8283 2
5893 6055 2
5894 7699 2
5896 6710 2
5896 6626 2
5897 6209 2
5897 9107 2
5905 8634 2
5905 8672 2
5906 7960 2
5906 6633 2
5907 6523 2
5907 7823 2
5910 8880 2
5910 9422 2
5911 9700 2
5911 6698 2
5911 5950 2
5912 9504 2
5912 9762 2
5914 7724 2
5917 7011 2
5919 7669 2
5921 8039 2
5922 6599 2
5923 6911 2
5924 7222 2
5925 6009 2
5925 8472 2
5927 6783 2
5928 9560 2
5928 7969 2
5931 8474 2
5931 7197 2
5932 7218 2
5933 7223 2
5933 9757 2
5933 8134 2
5934 7660 2
5934 8575 2
5936 9013 2
5937 9372 2
5937 8170 2
5938 8867 2
5938 8263 2
5939 7773 2
5940 8944 2
5942 9346 2
5942 9510 2
5945 9812 2
5946 6714 2
5947 7721 2
5947 9651 2
5947 6918 2
5948 8010 2
5950 5976 2
5954 9996 2
5954 9922 2
5955 8368 2
5956 8572 2
5957 8487 2
5958 9852 2
5961 6597 2
5962 6618 2
5963 6904 2
5964 7870 2
5965 8940 2
5967 6417 2
5967 6474 2
5967 9541 2
5968 6034 2
5968 8613 2
5968 9757 2
5969 8336 2
5969 6949 2
5970 8077 2
5970 7968 2
5971 9888 2
5971 9702 2
5973 6100 2
5973 6478 2
5975 9074 2
5977 7808 2
5980 9545 2
5980 6452 2
5981 9100 2
5981 8046 2
5982 7202 2
5983 9309 2
5983 7246 2
5986 9832 2
5987 8692 2
5987 6755 2
5989 9971 2
5990 6396 2
5991 9212 2
5992 6916 2
5992 6073 2
5993 8014 2
5995 8634 2
5997 7048 2
5999 8176 2
6002 7397 2
6003 7056 2
6005 7504 2
6005 7473 2
6006 8408 2
6006 7720 2
6006 6698 2
6010 6153 2
6012 9657 2
6012 7476 2
6015 9712 2
6016 8779 2
6018 9558 2
6019 6340 2
6020 7203 2
6021 9367 2
6025 9108 2
6025 6274 2
6030 9146 2
6030 7512 2
6032 6309 2
6032 9646 2
6034 6106 2
6036 8514 2
6037 6423 2
6039 8874 2
6040 6041 2
6046 8621 2
6049 8934 2
6049 7587 2
6054 8990 2
6055 6246 2
6055 7984 2
6058 7673 2
6058 8547 2
6060 9592 2
6061 6776 2
6061 9691 2
6061 9389 2
6062 6130 2
6063 6794 2
6065 6194 2
6069 7719 2
6070 6242 2
6070 8818 2
6070 6506 2
6071 6207 2
6071 8937 2
6072 6684 2
6072 7800 2
6072 7189 2
6072 9583 2
6073 9629 2
6073 6299 2
6073 6547 2
6074 9847 2
6075 9111 2
6077 7175 2
6077 6915 2
6081 9476 2
6081 6144 2
6082 9848 2
6082 9135 2
6083 8976 2
6084 7371 2
6085 7656 2
6086 7217 2
6088 9794 2
6088 6736 2
6088 9221 2
6089 6619 2
6091 9039 2
6092 9775 2
6095 7617 2
6096 8924 2
6097 8012 2
6097 8391 2
6098 8258 2
6098 8911 2
6098 7031 2
6099 8397 2
6101 9365 2
6101 9440 2
6102 7735 2
6102 9850 2
6104 9772 2
6105 7910 2
6107 7401 2
6108 7702 2
6110 8868 2
6112 8684 2
6113 6945 2
6114 9565 2
6114 7690 2
6114 7499 2
6115 7592 2
6115 7192 2
6117 9788 2
6118 6697 2
6119 9936 2
6122 8171 2
6122 7553 2
6123 8318 2
6125 8341 2
6125 7628 2
6126 7180 2
6128 9375 2
6129 8615 2
6130 9375 2
6130 9556 2
6131 8875 2
6132 8097 2
6133 9757 2
6136 9979 2
6137 8321 2
6139 6811 2
6139 7558 2
6140 7181 2
6141 8266 2
6142 7063 2
6143 6361 2
6144 9018 2
6145 9023 2
6153 7241 2
6154 7845 2
6154 9632 2
6155 8506 2
6155 7455 2
6157 6721 2
6159 9586 2
6160 9189 2
6161 7057 2
6162 9829 2
6163 9380 2
6166 8189 2
6166 8333 2
6167 7247 2
6167 6636 2
6168 7786 2
6169 8803 2
6169 8600 2
6171 8696 2
6171 7469 2
6173 8535 2
6174 8818 2
6174 8256 2
6175 8207 2
6175 8288 2
6177 9287 2
6177 9919 2
6181 7978 2
6182 8218 2
6184 8253 2
6186 8947 2
6187 8905 2
6187 6829 2
6187 7375 2
6187 9498 2
6189 9956 2
6192 8418 2
6193 7555 2
6194 7787 2
6195 7272 2
6196 6491 2
6198 9978 2
6201 7988 2
6202 8204 2
6202 9620 2
6204 7225 2
6206 6573 2
6209 9757 2
6209 8560 2
6211 8037 2
6211 6883 2
6212 7542 2
6212 8874 2
6213 6464 2
6216 7803 2
6218 8938 2
6221 6966 2
6223 8671 2
6224 8472 2
6224 6519 2
6224 7231 2
6225 6346 2
6232 7302 2
6236 6266 2
6237 9684 2
6238 6338 2
6238 8847 2
6240 6346 2
6242 8188 2
6243 8756 2
6246 8308 2
6246 7045 2
6246 8328 2
6247 7604 2
6248 8301 2
6249 8028 2
6249 8804 2
6252 8577 2
6254 8259 2
6255 7116 2
6257 8917 2
6259 7488 2
6259 8014 2
6263 7719 2
6268 6979 2
6268 7727 2
6268 9923 2
6270 6330 2
6271 9624 2
6272 8472 2
6273 8691 2
6274 7029 2
6277 9453 2
6278 7224 2
6280 7902 2
6280 6343 2
6281 9596 2
6283 8030 2
6285 6324 2
6286 8656 2
6286 8592 2
6288 7769 2
6288 8245 2
6289 8617 2
6289 9941 2
6289 7691 2
6292 7027 2
6292 7715 2
6292 8293 2
6293 9633 2
6295 6689 2
6296 8765 2
6299 6711 2
6300 8154 2
6301 6719 2
6301 6371 2
6302 7455 2
6303 9927 2
6304 7105 2
6306 6432 2
6306 7721 2
6306 6989 2
6309 8003 2
6309 9233 2
6310 6662 2
6313 7144 2
6314 8233 2
6314 6845 2
6316 8117 2
6318 6584 2
6319 8728 2
6319 9006 2
6321 8382 2
6322 7358 2
6322 9917 2
6326 8275 2
6333 8983 2
6336 6939 2
6336 7787 2
6338 7407 2
6339 8592 2
6339 8497 2
6340 8818 2
6341 8055 2
6341 9577 2
6343 6997 2
6344 8974 2
6345 8390 2
6351 7253 2
6351 8676 2
6353 8464 2
6354 9436 2
6355 9745 2
6358 8115 2
6358 9200 2
6359 6864 2
6363 6619 2
6364 8669 2
6365 7493 2
6366 7645 2
6367 9995 2
6368 8697 2
6368 8944 2
6368 7356 2
6369 8633 2
6369 6528 2
6370 9128 2
6371 8131 2
6372 6904 2
6373 8531 2
6374 7683 2
6379 9079 2
6382 8981 2
6382 8935 2
6394 9716 2
6397 7157 2
6398 9886 2
6398 7130 2
6399 6939 2
6400 6983 2
6402 8240 2
6404 8150 2
6404 9101 2
6409 8514 2
6409 6980 2
6412 7796 2
6412 8479 2
6413 7986 2
6413 8921 2
6413 7210 2
6414 6911 2
6416 7006 2
6416 7123 2
6416 8393 2
6418 9068 2
6420 7126 2
6426 8190 2
6426 7762 2
6428 6551 2
6429 7927 2
6431 9698 2
6433 8832 2
6433 8964 2
6433 8582 2
6434 8128 2
6434 9105 2
6436 8422 2
6437 7745 2
6437 8511 2
6438 6919 2
6440 9973 2
6441 9596 2
6442 7011 2
6443 7456 2
6451 8614 2
6454 9448 2
6457 9312 2
6459 9659 2
6461 6494 2
6464 8127 2
6466 9440 2
6469 7573 2
6472 6634 2
6473 7669 2
6473 8026 2
6476 9256 2
6477 9297 2
6478 8587 2
6482 7092 2
6482 7378 2
6483 8403 2
6484 6833 2
6485 8403 2
6487 7984 2
6487 7554 2
6488 9054 2
6489 8494 2
6489 8754 2
6490 8984 2
6490 9506 2
6494 7252 2
6495 9065 2
6495 9668 2
6496 7611 2
6498 9914 2
6499 8761 2
6499 9833 2
6501 8975 2
6501 9738 2
6503 7682 2
6504 9979 2
6505 7389 2
6506 9532 2
6506 8392 2
6506 6914 2
6507 6874 2
6509 8640 2
6511 6755 2
6512 9413 2
6514 9256 2
6515 9136 2
6516 9956 2
6519 7136 2
6524 8162 2
6528 7147 2
6528 6760 2
6528 7285 2
6529 7983 2
6532 7249 2
6535 8181 2
6535 9947 2
6536 9058 2
6540 8866 2
6545 8862 2
6547 7243 2
6550 8826 2
6551 9558 2
6553 9022 2
6554 7228 2
6560 7767 2
6560 8494 2
6561 8674 2
6561 8382 2
6563 8149 2
6564 7610 2
6565 9444 2
6566 7558 2
6567 7056 2
6568 9789 2
6568 7565 2
6569 6714 2
6569 6832 2
6569 7555 2
6571 8782 2
6573 9595 2
6573 6839 2
6574 8725 2
6576 6898 2
6579 9180 2
6579 8357 2
6580 8892 2
6581 8492 2
6583 7814 2
6583 7396 2
6584 8846 2
6584 7627 2
6589 8928 2
6589 7277 2
6593 7726 2
6597 7510 2
6598 6851 2
6599 8888 2
6600 7252 2
6600 9395 2
6601 8256 2
6601 6632 2
6603 7884 2
6604 7700 2
6606 8501 2
6606 6888 2
6608 9702 2
6610 6921 2
6610 9723 2
6614 9847 2
6616 8658 2
6616 8568 2
6618 9336 2
6622 8953 2
6625 9737 2
6626 9290 2
6630 8330 2
6631 8817 2
6633 7992 2
6636 9263 2
6637 7612 2
6638 7987 2
6638 8054 2
6641 9388 2
6641 7306 2
6641 7845 2
6642 9219 2
6643 7177 2
6645 9712 2
6646 7023 2
6647 9012 2
6648 8626 2
6649 6841 2
6651 9039 2
6655 7615 2
6655 8635 2
6655 7961 2
6656 6939 2
6656 7493 2
6657 9956 2
6658 8416 2
6659 8479 2
6660 8423 2
6664 9043 2
6665 6682 2
6666 7405 2
6666 7045 2
6671 8392 2
6672 9572 2
6673 9503 2
6673 7448 2
6674 7781 2
6678 9857 2
6678 9230 2
6678 9585 2
6679 9765 2
6680 8777 2
6682 8432 2
6688 9840 2
6690 6779 2
6691 9844 2
6692 8432 2
6693 8839 2
6693 6954 2
6693 6846 2
6696 7377 2
6696 8189 2
6698 9825 2
6702 7594 2
6703 9309 2
6703 7093 2
6703 8807 2
6703 8423 2
6704 8518 2
6705 7368 2
6707 9627 2
6708 8374 2
6710 7425 2
6711 9697 2
6712 9346 2
6713 7449 2
6713 8438 2
6715 8612 2
6716 7062 2
6718 9250 2
6719 7109 2
6719 8732 2
6722 7437 2
6723 8200 2
6724 7993 2
6725 6830 2
6725 7368 2
6725 9670 2
6727 8693 2
6727 8929 2
6728 8329 2
6729 8696 2
6730 8156 2
6730 7682 2
6732 7925 2
6733 8955 2
6734 9406 2
6734 6839 2
6735 6791 2
6736 9506 2
6738 7319 2
6739 8397 2
6739 7670 2
6739 8401 2
6740 9046 2
6744 9596 2
6744 9627 2
6745 9033 2
6749 7162 2
6749 7643 2
6751 7426 2
6753 9068 2
6754 7722 2
6755 7549 2
6755 9944 2
6757 8381 2
6760 9089 2
6762 7805 2
6765 9749 2
6766 8716 2
6767 8622 2
6768 8612 2
6770 6984 2
6770 7074 2
6771 9025 2
6773 6981 2
6774 9814 2
6774 8968 2
6778 6815 2
6781 8761 2
6782 8672 2
6790 8445 2
6793 8112 2
6793 7115 2
6794 8851 2
6797 7768 2
6798 8505 2
6798 6987 2
6798 8188 2
6798 9585 2
6800 7436 2
6803 8212 2
6807 7145 2
6807 7849 2
6812 8393 2
6814 7567 2
6815 9697 2
6815 8221 2
6820 6852 2
6823 8167 2
6823 7846 2
6825 8371 2
6826 7860 2
6828 9832 2
6830 9922 2
6831 9615 2
6835 9190 2
6837 8105 2
6838 9796 2
6838 9819 2
6839 7663 2
6839 7211 2
6840 7992 2
6841 6945 2
6842 9005 2
6843 7428 2
6844 8111 2
6844 7026 2
6845 9669 2
6846 7437 2
6847 9107 2
6851 9940 2
6851 7486 2
6853 9417 2
6853 7236 2
6854 7326 2
6854 8400 2
6855 8698 2
6856 7654 2
6860 6879 2
6860 9919 2
6861 6979 2
6863 9200 2
6866 9415 2
6878 7907 2
6878 7842 2
6878 9439 2
6879 8785 2
6879 8146 2
6882 8029 2
6882 9648 2
6886 7783 2
6887 9937 2
6893 9013 2
6894 8207 2
6896 7305 2
6896 9765 2
6897 7745 2
6898 9986 2
6907 8572 2
6909 6994 2
6910 9543 2
6913 8104 2
6915 9825 2
6916 8838 2
6923 7285 2
6926 8842 2
6938 9166 2
6938 8727 2
6941 7207 2
6941 7995 2
6942 7636 2
6943 9155 2
6944 7953 2
6945 8528 2
6945 8241 2
6945 9897 2
6945 8594 2
6946 8570 2
6946 7269 2
6946 7432 2
6948 7883 2
6951 8986 2
6953 8376 2
6954 8512 2
6955 8692 2
6955 8645 2
6956 9128 2
6958 7599 2
6959 9779 2
6962 8558 2
6962 8330 2
6966 7589 2
6970 8367 2
6974 9865 2
6979 7171 2
6980 9641 2
6981 8746 2
6984 9215 2
6984 8568 2
6986 8946 2
6987 9421 2
6991 9427 2
6993 9263 2
6994 8302 2
6995 6999 2
7000 7875 2
7002 7776 2
7007 9594 2
7008 7927 2
7011 8558 2
7019 7972 2
7021 8352 2
7025 9964 2
7027 9639 2
7028 8714 2
7028 9692 2
7028 8780 2
7028 9689 2
7031 7741 2
7035 8580 2
7037 7749 2
7037 7577 2
7037 9075 2
7046 7976 2
7046 8388 2
7046 8199 2
7047 7552 2
7050 8424 2
7055 9487 2
7056 9772 2
7060 9514 2
7061 7610 2
7061 7622 2
7062 7798 2
7067 8695 2
7067 8954 2
7070 7297 2
7070 9521 2
7072 7881 2
7073 9664 2
7076 9931 2
7079 8855 2
7079 8860 2
7082 7839 2
7085 7568 2
7088 9197 2
7088 8472 2
7089 7874 2
7092 8461 2
7093 8719 2
7094 7116 2
7112 7627 2
7121 8935 2
7121 8942 2
7123 8783 2
7124 8612 2
7130 9979 2
7133 7544 2
7139 7826 2
7143 7188 2
7143 8561 2
7145 8552 2
7147 7883 2
7148 7510 2
7148 9824 2
7158 9101 2
7163 9102 2
7166 8014 2
7167 7925 2
7168 9314 2
7168 7319 2
7168 7369 2
7170 7885 2
7170 8387 2
7170 9614 2
7174 7945 2
7175 7805 2
7178 8521 2
7180 8285 2
7186 7360 2
7186 8558 2
7186 7464 2
7189 8099 2
7193 9200 2
7194 9611 2
7198 9587 2
7200 7526 2
7200 7232 2
7201 7884 2
7205 7589 2
7209 8848 2
7211 9202 2
7213 7843 2
7213 7623 2
7213 9878 2
7215 7904 2
7216 9115 2
7216 7978 2
7217 9389 2
7217 7610 2
7220 8533 2
7224 9100 2
7228 8062 2
7230 9072 2
7233 8915 2
7235 8179 2
7235 7927 2
7236 8308 2
7237 7259 2
7238 9090 2
7239 8950 2
7239 7343 2
7240 9564 2
7241 7465 2
7241 7627 2
7244 9553 2
7247 8741 2
7248 7394 2
7249 9952 2
7249 8731 2
7250 7920 2
7251 7694 2
7252 8966 2
7254 9581 2
7254 7334 2
7258 8515 2
7262 7489 2
7265 7890 2
7265 7788 2
7267 9916 2
7268 9102 2
7270 7972 2
7273 8673 2
7273 9570 2
7275 9652 2
7276 7880 2
7280 7289 2
7281 9654 2
7282 9932 2
7285 8303 2
7285 8197 2
7287 9955 2
7287 9133 2
7288 9264 2
7288 8391 2
7294 9071 2
7295 7968 2
7296 7784 2
7300 9312 2
7302 9092 2
7303 8282 2
7304 8969 2
7305 8993 2
7305 7963 2
7305 9713 2
7308 7890 2
7310 8280 2
7311 7389 2
7313 9158 2
7321 7688 2
7323 7715 2
7324 9620 2
7326 7986 2
7330 9743 2
7331 9899 2
7331 8700 2
7332 7852 2
7333 9762 2
7335 8996 2
7336 8615 2
7337 7945 2
7338 9455 2
7339 7937 2
7339 9566 2
7341 9465 2
7341 8104 2
7344 9801 2
7344 9151 2
7346 7741 2
7347 8299 2
7353 7934 2
7356 7593 2
7363 9339 2
7364 8696 2
7364 9349 2
7372 9209 2
7373 8720 2
7375 7439 2
7377 7433 2
7377 7419 2
7378 8200 2
7379 7593 2
7380 7860 2
7391 7760 2
7393 8052 2
7394 7701 2
7394 7633 2
7397 8608 2
7399 8869 2
7408 7892 2
7408 8813 2
7415 7746 2
7426 9673 2
7426 9491 2
7427 7442 2
7429 7966 2
7429 8542 2
7431 7858 2
7433 9594 2
7434 8488 2
7434 8195 2
7435 9388 2
7435 9979 2
7437 8716 2
7437 7885 2
7438 8470 2
7444 9112 2
7445 7627 2
7445 9896 2
7445 9924 2
7445 7666 2
7446 9337 2
7446 8008 2
7449 7966 2
7453 9517 2
7455 8822 2
7458 7482 2
7460 9331 2
7461 9612 2
7462 9080 2
7462 8242 2
7462 8001 2
7462 7867 2
7471 7674 2
7472 8801 2
7472 7995 2
7475 7867 2
7478 8909 2
7479 8938 2
7481 8502 2
7484 9170 2
7486 9202 2
7487 7876 2
7490 8567 2
7490 8603 2
7492 9969 2
7497 9051 2
7497 8950 2
7497 8202 2
7500 7557 2
7504 8451 2
7506 9831 2
7507 9168 2
7508 8699 2
7511 8241 2
7512 9324 2
7518 8915 2
7521 8997 2
7527 7576 2
7528 7869 2
7530 8099 2
7531 7611 2
7532 8320 2
7533 7679 2
7533 9431 2
7533 7941 2
7534 8171 2
7534 9538 2
7535 8585 2
7537 7947 2
7553 9328 2
7558 8783 2
7560 8047 2
7562 8857 2
7563 7950 2
7564 7823 2
7571 9203 2
7572 9033 2
7572 8916 2
7574 8975 2
7576 9874 2
7577 8329 2
7578 9454 2
7578 9798 2
7578 8802 2
7581 7897 2
7583 8449 2
7585 8527 2
7585 8773 2
7589 8697 2
7595 9475 2
7599 9241 2
7601 9366 2
7603 8247 2
7604 8361 2
7609 8272 2
7611 9978 2
7632 8681 2
7635 8057 2
7638 9086 2
7640 9770 2
7642 7785 2
7642 9519 2
7645 8022 2
7648 8165 2
7650 9561 2
7653 8703 2
7655 7810 2
7662 8743 2
7664 9992 2
7664 9589 2
7674 8035 2
7675 9134 2
7675 8087 2
7676 9046 2
7678 9032 2
7686 9951 2
7687 7973 2
7687 9064 2
7688 9032 2
7690 9052 2
7692 9744 2
7692 8094 2
7693 9002 2
7694 9087 2
7696 8538 2
7702 9999 2
7705 9060 2
7705 8055 2
7707 9288 2
7708 9725 2
7709 9823 2
7711 8472 2
7714 9469 2
7715 9293 2
7716 8521 2
7717 8142 2
7718 9278 2
7719 8656 2
7724 9949 2
7726 9147 2
7729 7832 2
7732 9071 2
7734 9226 2
7734 9247 2
7738 7769 2
7742 9376 2
7743 7749 2
7752 9885 2
7756 9422 2
7760 8750 2
7763 9958 2
7765 9106 2
7766 8142 2
7766 9096 2
7766 8389 2
7769 8985 2
7770 8543 2
7773 8160 2
7774 8603 2
7775 9701 2
7776 9196 2
7778 9583 2
7779 8474 2
7780 9011 2
7781 8779 2
7783 9015 2
7787 9406 2
7789 9885 2
7789 7965 2
7790 7836 2
7790 7793 2
7792 8481 2
7800 8038 2
7804 9336 2
7805 9884 2
7806 8430 2
7808 9546 2
7810 9197 2
7810 7819 2
7812 9769 2
7815 8097 2
7815 8157 2
7816 9331 2
7821 9102 2
7822 8929 2
7823 9985 2
7826 7887 2
7827 8508 2
7829 7888 2
7830 8318 2
7833 9456 2
7833 9282 2
7835 9251 2
7835 9301 2
7837 8559 2
7837 8459 2
7839 8717 2
7840 8513 2
7840 9595 2
7844 9518 2
7845 8803 2
7846 8220 2
7846 8653 2
7848 7887 2
7849 9464 2
7850 8773 2
7850 9653 2
7853 9802 2
7854 8477 2
7863 8513 2
7868 8420 2
7875 9619 2
7876 9530 2
7879 7990 2
7882 7969 2
7886 8362 2
7887 8450 2
7889 8983 2
7891 9530 2
7892 8278 2
7897 9688 2
7900 9448 2
7903 8856 2
7905 8993 2
7908 9532 2
7910 9348 2
7915 9972 2
7917 7938 2
7919 9235 2
7920 9421 2
7924 8839 2
7926 8346 2
7929 8487 2
7930 7967 2
7932 9893 2
7933 7960 2
7935 8031 2
7937 9541 2
7940 9817 2
7945 8629 2
7946 8957 2
7947 9701 2
7949 8910 2
7951 9279 2
7952 8684 2
7952 9211 2
7960 8097 2
7967 8461 2
7968 8145 2
7969 8681 2
7969 9212 2
7970 9001 2
7971 8851 2
7977 9521 2
7982 8205 2
7983 9914 2
7983 8114 2
7987 8799 2
7987 8162 2
7989 8536 2
7992 9564 2
7994 9102 2
7995 8732 2
8000 8648 2
8001 8526 2
8002 8280 2
8004 9724 2
8006 8877 2
8014 8444 2
8017 8096 2
8017 9806 2
8018 8916 2
8023 8186 2
8024 8226 2
8024 8957 2
8032 9928 2
8032 9740 2
8045 9689 2
8048 9467 2
8057 9255 2
8058 8316 2
8058 8294 2
8059 8323 2
8059 8144 2
8065 9338 2
8066 8548 2
8068 8599 2
8068 8801 2
8069 9717 2
8069 8906 2
8069 9142 2
8075 9319 2
8076 9225 2
8077 8818 2
8078 9294 2
8079 9964 2
8082 9988 2
8082 9080 2
8082 8619 2
8085 9519 2
8089 8647 2
8090 8823 2
8092 8291 2
8093 8412 2
8094 9652 2
8095 8461 2
8096 9711 2
8097 8401 2
8101 9718 2
8103 9154 2
8105 9977 2
8106 9365 2
8106 8424 2
8109 8594 2
8110 8636 2
8113 8117 2
8113 8667 2
8114 8767 2
8116 9087 2
8116 8389 2
8116 8479 2
8121 9773 2
8125 8677 2
8131 8500 2
8135 9569 2
8136 8708 2
8139 8388 2
8143 9989 2
8147 8625 2
8149 8654 2
8151 9879 2
8156 8862 2
8157 9277 2
8158 8724 2
8161 8800 2
8167 9233 2
8173 8976 2
8176 9609 2
8178 8951 2
8182 9107 2
8187 8604 2
8190 9408 2
8198 9454 2
8199 8211 2
8203 8635 2
8207 9914 2
8207 8409 2
8213 9584 2
8214 9633 2
8217 9179 2
8223 9641 2
8228 9794 2
8229 8956 2
8230 9566 2
8231 9679 2
8239 9976 2
8242 9032 2
8242 8981 2
8245 8596 2
8247 9645 2
8248 8502 2
8248 9089 2
8252 8900 2
8253 8959 2
8256 9480 2
8256 9986 2
8257 9256 2
8257 8293 2
8258 8747 2
8261 8455 2
8265 9702 2
8268 9027 2
8270 9047 2
8271 9173 2
8271 9520 2
8273 8831 2
8277 9361 2
8281 9981 2
8281 8449 2
8283 8825 2
8288 9836 2
8290 9857 2
8291 9074 2
8291 9286 2
8291 8778 2
8293 9560 2
8294 9311 2
8295 8681 2
8300 9366 2
8300 9392 2
8307 9701 2
8309 9061 2
8309 9920 2
8310 8358 2
8323 9484 2
8327 9758 2
8328 9643 2
8334 8879 2
8336 8592 2
8337 8931 2
8337 9385 2
8340 8798 2
8343 9309 2
8346 9848 2
8354 9057 2
8355 8908 2
8358 9508 2
8359 9388 2
8363 9574 2
8365 8469 2
8366 9800 2
8368 9560 2
8372 8399 2
8375 9752 2
8375 8394 2
8376 8830 2
8379 9378 2
8381 9295 2
8388 9675 2
8389 8991 2
8390 8578 2
8394 9155 2
8396 9192 2
8400 9074 2
8401 9650 2
8411 9086 2
8411 9861 2
8414 9777 2
8418 8532 2
8419 9493 2
8431 9388 2
8432 8712 2
8439 8858 2
8444 9510 2
8451 9079 2
8454 8842 2
8460 8976 2
8460 9543 2
8468 9576 2
8469 9008 2
8475 9301 2
8475 9013 2
8481 8636 2
8482 8887 2
8483 8881 2
8485 8785 2
8487 9189 2
8494 9717 2
8505 9258 2
8505 9934 2
8506 8760 2
8508 8760 2
8510 9517 2
8511 8587 2
8515 8565 2
8518 9398 2
8522 9016 2
8524 9914 2
8525 8555 2
8532 9381 2
8535 9343 2
8552 8810 2
8555 9155 2
8556 9169 2
8559 8702 2
8568 9634 2
8572 8910 2
8573 9724 2
8576 9377 2
8581 9049 2
8582 9446 2
8583 9582 2
8589 8982 2
8590 8782 2
8593 8851 2
8595 9271 2
8598 9120 2
8600 8804 2
8601 8651 2
8607 8816 2
8615 8674 2
8622 8872 2
8624 9764 2
8624 9725 2
8628 9262 2
8638 8976 2
8642 9823 2
8643 9362 2
8643 8975 2
8650 9207 2
8653 9053 2
8674 8827 2
8677 9870 2
8681 9489 2
8683 9892 2
8689 9961 2
8695 9824 2
8696 9683 2
8698 9384 2
8699 9286 2
8700 9973 2
8701 9695 2
8704 9291 2
8706 9432 2
8706 9750 2
8716 9601 2
8725 9489 2
8734 9076 2
8734 9157 2
8735 9887 2
8743 9430 2
8752 9878 2
8757 9853 2
8758 8799 2
8769 9580 2
8771 9595 2
8773 9351 2
8775 9137 2
8777 8838 2
8782 8951 2
8785 9512 2
8785 9221 2
8786 8813 2
8789 9175 2
8789 9076 2
8798 9284 2
8799 8802 2
8807 9718 2
8809 9848 2
8816 8971 2
8819 9104 2
8820 9507 2
8823 9393 2
8831 9066 2
8831 9582 2
8831 9971 2
8841 9437 2
8845 9087 2
8845 9928 2
8847 8917 2
8850 9548 2
8857 9409 2
8857 9671 2
8861 9880 2
8873 9709 2
8878 9964 2
8880 9661 2
8880 9387 2
8880 9643 2
8882 9626 2
8884 8904 2
8885 9633 2
8892 9233 2
8899 9642 2
8903 9017 2
8922 9545 2
8923 9995 2
8925 9886 2
8929 9977 2
8931 9072 2
8934 9648 2
8941 9848 2
8945 8975 2
8946 9767 2
8952 9753 2
8953 9739 2
8964 9491 2
8966 9384 2
8966 9602 2
8976 9556 2
8983 9164 2
8988 9294 2
8996 9591 2
9002 9757 2
9005 9550 2
9010 9905 2
9014 9052 2
9026 9289 2
9030 9446 2
9039 9432 2
9040 9304 2
9048 9050 2
9050 9780 2
9053 9086 2
9059 9758 2
9063 9155 2
9073 9427 2
9083 9306 2
9084 9394 2
9097 9147 2
9101 9844 2
9107 9584 2
9109 9232 2
9111 9466 2
9125 9139 2
9127 9667 2
9129 9728 2
9132 9481 2
9154 9433 2
9155 9911 2
9165 9294 2
9167 9438 2
9172 9938 2
9183 9946 2
9191 9522 2
9200 9227 2
9201 9316 2
9204 9643 2
9207 9876 2
9210 9614 2
9214 9806 2
9216 9655 2
9221 9267 2
9227 9611 2
9243 9873 2
9244 9476 2
9246 9706 2
9260 9737 2
9283 9997 2
9289 9959 2
9297 9822 2
9306 9619 2
9310 9638 2
9311 9433 2
9318 9538 2
9335 9479 2
9337 9705 2
9342 9656 2
9346 9404 2
9352 9650 2
9377 9488 2
9377 9926 2
9377 9462 2
9385 9652 2
9397 9449 2
9399 9460 2
9403 9807 2
9403 9553 2
9409 9494 2
9417 9423 2
9430 9805 2
9443 9581 2
9454 9872 2
9460 9702 2
9468 9797 2
9490 9851 2
9492 9970 2
9494 9590 2
9528 9910 2
9529 9674 2
9554 9997 2
9570 9612 2
9592 9786 2
9597 9987 2
9605 9823 2
9609 9824 2
9619 9647 2
9625 9858 2
9627 9637 2
9633 9704 2
9664 9767 2
9691 9781 2
9698 9879 2
9703 9796 2
9718 9732 2
9738 9795 2
9794 9824 2
9804 9821 2
9811 9867 2
9843 9872 2
9868 9972 2
9892 9908 2
0 0 -1
1 1 -3
2 2 -1
3 3 -5
4 4 -3
5 5 -3
6 6 -5
7 7 -3
9 9 -1
10 10 -5
11 11 -2
12 12 -1
13 13 -5
14 14 -3
15 15 -2
18 18 -2
19 19 -2
20 20 -5
21 21 -1
22 22 -1
23 23 -2
24 24 -5
26 26 -1
27 27 -1
28 28 -4
29 29 -4
32 32 -2
33 33 -2
34 34 -2
35 35 -1
36 36 -2
37 37 -1
38 38 -5
39 39 -2
40 40 -2
41 41 -1
42 42 -3
43 43 -5
44 44 -1
45 45 -2
46 46 -1
47 47 -2
48 48 -1
49 49 -2
50 50 -4
51 51 -1
52 52 -2
53 53 -1
54 54 -2
55 55 -3
56 56 -4
57 57 -1
59 59 -5
60 60 -3
61 61 -2
63 63 -2
64 64 -1
66 66 -2
67 67 -2
68 68 -4
69 69 -2
70 70 -1
71 71 -3
73 73 -5
74 74 -3
75 75 -2
76 76 -5
77 77 -2
78 78 -3
79 79 -1
80 80 -1
81 81 -5
82 82 -5
83 83 -4
84 84 -2
85 85 -2
86 86 -2
87 87 -3
88 88 -2
89 89 -3
90 90 -1
91 91 -2
92 92 -1
93 93 -2
94 94 -1
95 95 -2
96 96 -4
97 97 -6
98 98 -1
99 99 -1
100 100 -3
101 101 -5
102 102 -1
104 104 -2
105 105 -4
107 107 -2
108 108 -2
109 109 -3
110 110 -1
111 111 -2
112 112 -3
113 113 -3
114 114 -1
116 116 -3
117 117 -1
118 118 -3
119 119 -3
120 120 -1
121 121 -2
122 122 -2
123 123 -1
124 124 -2
125 125 -3
126 126 -3
127 127 -2
128 128 -5
129 129 -2
131 131 -2
132 132 -2
133 133 -3
134 134 -3
135 135 -4
136 136 -3
137 137 -2
138 138 -3
139 139 -2
140 140 -3
141 141 -1
142 142 -2
143 143 -2
144 144 -1
145 145 -2
147 147 -1
148 148 -1
149 149 -1
150 150 -5
151 151 -2
152 152 -3
153 153 -1
154 154 -3
155 155 -5
156 156 -4
157 157 -3
158 158 -2
159 159 -1
160 160 -5
161 161 -1
162 162 -2
163 163 -3
164 164 -2
165 165 -1
166 166 -2
167 167 -4
168 168 -5
169 169 -2
171 171 -1
172 172 -5
173 173 -1
174 174 -2
175 175 -2
176 176 -4
177 177 -2
180 180 -1
181 181 -2
182 182 -2
184 184 -2
185 185 -2
187 187 -3
188 188 -3
189 189 -2
190 190 -3
191 191 -1
192 192 -1
193 193 -1
194 194 -2
196 196 -2
197 197 -1
198 198 -2
200 200 -1
201 201 -1
202 202 -3
203 203 -5
204 204 -1
205 205 -1
206 206 -4
207 207 -1
210 210 -2
211 211 -1
212 212 -1
213 213 -3
214 214 -1
216 216 -4
217 217 -2
218 218 -1
220 220 -3
221 221 -2
222 222 -3
223 223 -3
224 224 -3
225 225 -1
226 226 -2
227 227 -1
228 228 -3
229 229 -2
230 230 -2
231 231 -4
232 232 -3
233 233 -5
234 234 -3
235 235 -4
236 236 -2
237 237 -1
238 238 -3
239 239 -3
241 241 -1
242 242 -2
243 243 -2
244 244 -1
245 245 -2
246 246 -1
247 247 -1
248 248 -1
249 249 -4
251 251 -2
252 252 -1
253 253 -3
254 254 -3
255 255 -1
256 256 -1
257 257 -4
258 258 -4
259 259 -2
260 260 -3
261 261 -5
262 262 -3
263 263 -1
264 264 -4
265 265 -5
266 266 -2
268 268 -3
269 269 -1
270 270 -2
272 272 -1
274 274 -3
275 275 -4
277 277 -3
278 278 -1
279 279 -3
280 280 -1
282 282 -3
285 285 -2
286 286 -1
288 288 -1
290 290 -1
292 292 -1
293 293 -1
294 294 -2
295 295 -1
296 296 -3
297 297 -5
298 298 -4
299 299 -2
300 300 -3
301 301 -2
303 303 -3
304 304 -3
305 305 -3
306 306 -3
308 308 -1
309 309 -2
310 310 -6
311 311 -2
312 312 -3
313 313 -1
314 314 -2
315 315 -3
316 316 -3
317 317 -2
318 318 -1
319 319 -2
320 320 -1
321 321 -1
322 322 -3
323 323 -3
324 324 -4
326 326 -5
327 327 -3
328 328 -1
329 329 -5
330 330 -3
331 331 -1
332 332 -3
333 333 -2
336 336 -1
338 338 -5
339 339 -2
340 340 -3
341 341 -2
342 342 -2
343 343 -2
345 345 -3
346 346 -1
347 347 -2
348 348 -2
349 349 -3
350 350 -2
352 352 -3
353 353 -3
354 354 -2
355 355 -2
356 356 -1
357 357 -4
358 358 -3
359 359 -1
360 360 -2
361 361 -1
362 362 -2
363 363 -2
364 364 -2
365 365 -1
366 366 -1
367 367 -3
368 368 -2
369 369 -2
370 370 -3
371 371 -4
372 372 -5
373 373 -2
374 374 -1
375 375 -2
376 376 -2
377 377 -4
379 379 -2
380 380 -2
381 381 -2
382 382 -2
383 383 -4
384 384 -1
385 385 -2
386 386 -2
388 388 -2
389 389 -2
390 390 -1
391 391 -1
392 392 -1
393 393 -1
394 394 -1
396 396 -3
397 397 -1
398 398 -5
399 399 -5
401 401 -1
402 402 -3
403 403 -2
404 404 -1
405 405 -4
406 406 -2
408 408 -3
409 409 -3
410 410 -2
411 411 -5
412 412 -2
415 415 -4
418 418 -2
420 420 -2
421 421 -3
422 422 -1
423 423 -5
424 424 -1
425 425 -2
426 426 -2
427 427 -3
428 428 -3
429 429 -1
430 430 -1
431 431 -1
432 432 -2
433 433 -3
434 434 -2
435 435 -4
436 436 -1
437 437 -1
439 439 -1
441 441 -2
442 442 -2
443 443 -5
444 444 -1
445 445 -2
446 446 -2
447 447 -3
448 448 -1
449 449 -3
450 450 -3
451 451 -3
453 453 -1
454 454 -2
455 455 -3
456 456 -2
457 457 -1
459 459 -1
460 460 -4
461 461 -2
462 462 -1
463 463 -3
464 464 -2
465 465 -3
466 466 -2
468 468 -2
469 469 -2
470 470 -3
471 471 -4
472 472 -1
473 473 -2
474 474 -2
476 476 -2
477 477 -1
478 478 -4
479 479 -5
480 480 -3
481 481 -3
482 482 -2
483 483 -3
484 484 -2
485 485 -3
487 487 -3
488 488 -2
489 489 -5
490 490 -2
491 491 -1
492 492 -1
493 493 -2
494 494 -3
495 495 -2
496 496 -4
498 498 -3
499 499 -1
502 502 -3
503 503 -1
504 504 -2
505 505 -1
506 506 -1
507 507 -5
508 508 -2
509 509 -3
510 510 -1
511 511 -1
512 512 -1
513 513 -2
514 514 -4
517 517 -3
518 518 -1
519 519 -2
520 520 -4
522 522 -1
523 523 -1
524 524 -8
526 526 -3
527 527 -2
528 528 -3
529 529 -1
530 530 -3
532 532 -3
533 533 -2
534 534 -2
535 535 -1
537 537 -1
538 538 -1
540 540 -3
541 541 -2
542 542 -2
543 543 -2
544 544 -2
545 545 -3
546 546 -1
547 547 -2
548 548 -2
550 550 -2
551 551 -1
552 552 -2
553 553 -1
554 554 -7
555 555 -1
556 556 -2
557 557 -2
558 558 -1
559 559 -1
560 560 -2
562 562 -3
563 563 -4
565 565 -2
566 566 -5
567 567 -2
568 568 -1
569 569 -1
570 570 -3
571 571 -3
572 572 -1
573 573 -2
575 575 -2
576 576 -1
577 577 -4
578 578 -2
579 579 -1
580 580 -1
581 581 -1
582 582 -5
583 583 -4
584 584 -5
585 585 -1
586 586 -1
587 587 -3
588 588 -2
589 589 -1
590 590 -2
591 591 -1
592 592 -6
593 593 -1
595 595 -1
596 596 -1
597 597 -3
598 598 -1
599 599 -1
600 600 -3
601 601 -1
602 602 -1
603 603 -1
604 604 -1
605 605 -3
606 606 -2
607 607 -4
609 609 -2
611 611 -2
612 612 -1
613 613 -1
614 614 -2
616 616 -1
618 618 -3
620 620 -4
622 622 -2
623 623 -3
624 624 -4
625 625 -4
626 626 -5
627 627 -1
628 628 -1
632 632 -2
633 633 -2
635 635 -5
636 636 -2
637 637 -2
638 638 -2
639 639 -1
640 640 -3
641 641 -2
642 642 -1
643 643 -2
644 644 -4
645 645 -1
647 647 -2
648 648 -2
649 649 -1
651 651 -2
652 652 -3
653 653 -1
655 655 -3
656 656 -1
657 657 -1
658 658 -3
659 659 -3
660 660 -2
661 661 -1
662 662 -2
663 663 -2
664 664 -2
665 665 -2
666 666 -3
667 667 -5
668 668 -2
669 669 -2
670 670 -1
671 671 -5
672 672 -3
673 673 -3
674 674 -4
675 675 -3
676 676 -1
677 677 -3
678 678 -3
679 679 -2
680 680 -4
681 681 -1
682 682 -1
683 683 -3
684 684 -3
685 685 -1
687 687 -1
689 689 -2
690 690 -1
691 691 -4
692 692 -4
693 693 -3
694 694 -4
695 695 -1
696 696 -2
697 697 -1
699 699 -5
700 700 -2
701 701 -1
702 702 -4
703 703 -3
704 704 -3
705 705 -3
706 706 -1
708 708 -4
709 709 -3
710 710 -3
711 711 -1
712 712 -2
713 713 -3
716 716 -7
717 717 -3
718 718 -3
719 719 -2
723 723 -3
724 724 -4
725 725 -1
726 726 -3
727 727 -1
728 728 -2
730 730 -2
731 731 -1
732 732 -1
733 733 -1
734 734 -1
735 735 -1
736 736 -4
737 737 -3
738 738 -3
739 739 -6
740 740 -2
741 741 -3
742 742 -1
744 744 -2
745 745 -1
746 746 -1
747 747 -4
748 748 -3
749 749 -2
750 750 -2
751 751 -3
752 752 -1
754 754 -2
755 755 -1
756 756 -4
757 757 -1
758 758 -1
762 762 -1
763 763 -4
764 764 -1
765 765 -1
766 766 -2
767 767 -1
768 768 -2
769 769 -1
770 770 -4
771 771 -1
775 775 -4
776 776 -2
777 777 -2
778 778 -1
779 779 -1
780 780 -1
781 781 -3
782 782 -3
783 783 -4
784 784 -2
785 785 -3
786 786 -3
787 787 -2
788 788 -3
789 789 -1
790 790 -2
794 794 -3
795 795 -1
796 796 -3
797 797 -2
799 799 -1
800 800 -1
801 801 -3
802 802 -1
803 803 -1
804 804 -1
805 805 -2
806 806 -5
807 807 -6
808 808 -4
809 809 -2
811 811 -2
813 813 -1
815 815 -2
816 816 -2
817 817 -1
818 818 -5
819 819 -2
820 820 -2
821 821 -2
823 823 -1
824 824 -3
825 825 -2
826 826 -4
827 827 -5
828 828 -5
829 829 -2
830 830 -4
831 831 -2
832 832 -3
834 834 -2
835 835 -5
836 836 -1
837 837 -4
839 839 -1
840 840 -2
841 841 -1
842 842 -2
843 843 -5
844 844 -1
845 845 -2
846 846 -2
847 847 -3
848 848 -3
849 849 -2
850 850 -1
853 853 -2
854 854 -1
855 855 -3
856 856 -2
857 857 -1
858 858 -3
859 859 -2
860 860 -2
861 861 -2
862 862 -1
863 863 -1
864 864 -2
865 865 -2
866 866 -1
867 867 -3
868 868 -5
869 869 -1
870 870 -1
871 871 -3
872 872 -2
873 873 -1
874 874 -2
876 876 -3
877 877 -3
878 878 -1
879 879 -4
880 880 -1
881 881 -1
882 882 -2
883 883 -3
884 884 -1
885 885 -1
886 886 -1
887 887 -2
889 889 -2
890 890 -2
891 891 -1
892 892 -1
894 894 -1
895 895 -2
896 896 -2
897 897 -3
898 898 -1
899 899 -2
901 901 -1
902 902 -1
903 903 -3
904 904 -2
905 905 -4
906 906 -1
907 907 -2
908 908 -3
909 909 -2
910 910 -5
912 912 -2
913 913 -3
914 914 -3
915 915 -2
916 916 -3
917 917 -1
918 918 -2
919 919 -2
920 920 -2
921 921 -2
922 922 -5
923 923 -1
924 924 -2
925 925 -2
926 926 -3
928 928 -3
929 929 -3
930 930 -3
931 931 -2
932 932 -1
933 933 -5
936 936 -1
938 938 -2
939 939 -3
940 940 -2
941 941 -2
942 942 -1
943 943 -2
944 944 -5
945 945 -3
946 946 -1
947 947 -1
948 948 -1
949 949 -3
950 950 -4
951 951 -4
952 952 -1
953 953 -5
954 954 -2
955 955 -5
956 956 -2
957 957 -4
958 958 -4
959 959 -3
960 960 -3
961 961 -2
962 962 -1
966 966 -1
967 967 -3
968 968 -4
969 969 -2
970 970 -4
972 972 -3
973 973 -1
974 974 -2
975 975 -1
976 976 -5
977 977 -6
978 978 -5
979 979 -3
981 981 -3
982 982 -3
983 983 -3
984 984 -1
985 985 -1
986 986 -2
988 988 -2
989 989 -2
990 990 -2
992 992 -1
993 993 -2
994 994 -3
996 996 -3
997 997 -1
998 998 -3
999 999 -4
1000 1000 -2
1001 1001 -2
1002 1002 -3
1007 1007 -3
1009 1009 -2
1010 1010 -1
1011 1011 -1
1013 1013 -1
1014 1014 -2
1015 1015 -2
1016 1016 -2
1017 1017 -3
1018 1018 -1
1019 1019 -2
1020 1020 -5
1021 1021 -2
1022 1022 -2
1023 1023 -1
1024 1024 -1
1025 1025 -2
1026 1026 -2
1027 1027 -2
1028 1028 -2
1030 1030 -1
1031 1031 -5
1032 1032 -1
1033 1033 -4
1034 1034 -3
1035 1035 -2
1036 1036 -2
1038 1038 -2
1039 1039 -2
1040 1040 -3
1041 1041 -4
1042 1042 -3
1043 1043 -1
1044 1044 -1
1045 1045 -2
1046 1046 -3
1047 1047 -1
1048 1048 -2
1049 1049 -2
1050 1050 -4
1051 1051 -1
1052 1052 -2
1053 1053 -1
1055 1055 -5
1056 1056 -1
1057 1057 -1
1058 1058 -3
1059 1059 -2
1060 1060 -1
1061 1061 -2
1062 1062 -1
1063 1063 -4
1064 1064 -2
1066 1066 -3
1068 1068 -1
1071 1071 -3
1072 1072 -2
1073 1073 -2
1074 1074 -1
1075 1075 -4
1076 1076 -2
1078 1078 -3
1081 1081 -3
1082 1082 -3
1083 1083 -1
1084 1084 -1
1086 1086 -2
1087 1087 -2
1088 1088 -2
1089 1089 -1
1090 1090 -3
1091 1091 -2
1093 1093 -2
1094 1094 -4
1095 1095 -1
1096 1096 -1
1097 1097 -4
1098 1098 -4
1099 1099 -4
1100 1100 -1
1101 1101 -4
1102 1102 -4
1103 1103 -2
1105 1105 -2
1106 1106 -2
1107 1107 -2
1108 1108 -1
1110 1110 -1
1111 1111 -1
1112 1112 -1
1113 1113 -3
1114 1114 -1
1116 1116 -3
1117 1117 -2
1118 1118 -2
1119 1119 -3
1120 1120 -2
1121 1121 -1
1122 1122 -4
1123 1123 -3
1124 1124 -2
1125 1125 -2
1127 1127 -3
1128 1128 -2
1129 1129 -2
1130 1130 -2
1131 1131 -2
1132 1132 -3
1133 1133 -1
1134 1134 -2
1135 1135 -2
1136 1136 -2
1137 1137 -3
1138 1138 -1
1139 1139 -4
1140 1140 -3
1141 1141 -3
1142 1142 -1
1143 1143 -3
1144 1144 -2
1145 1145 -4
1146 1146 -1
1147 1147 -1
1148 1148 -2
1150 1150 -1
1151 1151 -4
1152 1152 -3
1153 1153 -3
1154 1154 -1
1155 1155 -1
1156 1156 -3
1157 1157 -1
1158 1158 -5
1160 1160 -2
1161 1161 -3
1163 1163 -3
1164 1164 -1
1165 1165 -1
1166 1166 -1
1167 1167 -3
1168 1168 -3
1169 1169 -2
1170 1170 -1
1171 1171 -2
1172 1172 -2
1173 1173 -4
1174 1174 -1
1175 1175 -2
1176 1176 -4
1177 1177 -3
1178 1178 -1
1179 1179 -1
1180 1180 -5
1181 1181 -1
1183 1183 -1
1184 1184 -3
1185 1185 -1
1186 1186 -1
1187 1187 -4
1188 1188 -1
1189 1189 -1
1190 1190 -4
1191 1191 -4
1192 1192 -2
1193 1193 -5
1195 1195 -2
1197 1197 -3
1198 1198 -2
1199 1199 -1
1200 1200 -4
1201 1201 -2
1202 1202 -1
1203 1203 -3
1204 1204 -3
1205 1205 -2
1206 1206 -6
1207 1207 -3
1208 1208 -3
1209 1209 -1
1210 1210 -3
1211 1211 -5
1212 1212 -4
1214 1214 -1
1216 1216 -2
1217 1217 -4
1218 1218 -5
1221 1221 -3
1222 1222 -2
1223 1223 -1
1224 1224 -5
1225 1225 -2
1226 1226 -1
1229 1229 -1
1230 1230 -4
1231 1231 -3
1232 1232 -3
1233 1233 -2
1234 1234 -4
1235 1235 -5
1237 1237 -4
1238 1238 -1
1239 1239 -2
1241 1241 -3
1243 1243 -1
1244 1244 -2
1245 1245 -4
1246 1246 -1
1247 1247 -2
1248 1248 -2
1249 1249 -3
1254 1254 -4
1255 1255 -5
1256 1256 -2
1257 1257 -2
1258 1258 -3
1259 1259 -2
1261 1261 -4
1262 1262 -2
1263 1263 -1
1264 1264 -4
1265 1265 -1
1267 1267 -3
1268 1268 -3
1269 1269 -2
1270 1270 -4
1272 1272 -1
1273 1273 -2
1275 1275 -2
1276 1276 -2
1277 1277 -7
1279 1279 -6
1280 1280 -1
1281 1281 -1
1282 1282 -2
1283 1283 -5
1284 1284 -1
1285 1285 -2
1286 1286 -2
1287 1287 -2
1288 1288 -1
1289 1289 -4
1290 1290 -1
1292 1292 -5
1293 1293 -2
1294 1294 -5
1295 1295 -1
1296 1296 -3
1298 1298 -2
1299 1299 -4
1300 1300 -1
1301 1301 -1
1302 1302 -2
1303 1303 -1
1304 1304 -2
1305 1305 -2
1306 1306 -4
1307 1307 -4
1308 1308 -2
1309 1309 -4
1310 1310 -1
1311 1311 -5
1312 1312 -2
1313 1313 -1
1314 1314 -5
1315 1315 -1
1316 1316 -4
1317 1317 -1
1318 1318 -1
1319 1319 -1
1321 1321 -1
1322 1322 -1
1323 1323 -2
1324 1324 -2
1325 1325 -6
1326 1326 -3
1328 1328 -2
1329 1329 -2
1330 1330 -1
1331 1331 -1
1333 1333 -2
1335 1335 -4
1336 1336 -3
1337 1337 -3
1338 1338 -2
1339 1339 -5
1340 1340 -1
1341 1341 -4
1342 1342 -1
1343 1343 -2
1344 1344 -1
1345 1345 -2
1346 1346 -5
1347 1347 -2
1348 1348 -3
1349 1349 -2
1350 1350 -1
1351 1351 -2
1352 1352 -2
1353 1353 -2
1354 1354 -3
1355 1355 -2
1356 1356 -1
1357 1357 -1
1359 1359 -1
1360 1360 -2
1361 1361 -3
1363 1363 -1
1364 1364 -1
1365 1365 -4
1366 1366 -2
1367 1367 -1
1368 1368 -1
1369 1369 -2
1370 1370 -2
1371 1371 -2
1372 1372 -3
1374 1374 -3
1376 1376 -2
1377 1377 -1
1378 1378 -1
1380 1380 -4
1381 1381 -1
1382 1382 -3
1383 1383 -1
1384 1384 -5
1385 1385 -3
1386 1386 -3
1387 1387 -3
1389 1389 -2
1390 1390 -1
1391 1391 -1
1392 1392 -1
1393 1393 -1
1394 1394 -4
1395 1395 -2
1396 1396 -2
1398 1398 -3
1399 1399 -3
1400 1400 -2
1401 1401 -2
1402 1402 -5
1403 1403 -3
1404 1404 -2
1405 1405 -2
1406 1406 -3
1407 1407 -4
1408 1408 -2
1410 1410 -1
1411 1411 -2
1412 1412 -1
1413 1413 -2
1414 1414 -3
1415 1415 -2
1416 1416 -3
1417 1417 -2
1418 1418 -1
1419 1419 -1
1420 1420 -3
1421 1421 -4
1422 1422 -1
1424 1424 -3
1425 1425 -3
1426 1426 -3
1427 1427 -2
1430 1430 -5
1431 1431 -2
1432 1432 -3
1433 1433 -2
1435 1435 -1
1436 1436 -4
1437 1437 -3
1438 1438 -1
1439 1439 -1
1440 1440 -1
1442 1442 -1
1443 1443 -1
1444 1444 -2
1445 1445 -2
1446 1446 -4
1447 1447 -2
1448 1448 -2
1449 1449 -2
1450 1450 -4
1451 1451 -2
1452 1452 -2
1454 1454 -2
1455 1455 -1
1456 1456 -2
1457 1457 -2
1458 1458 -2
1460 1460 -3
1462 1462 -1
1463 1463 -1
1464 1464 -3
1465 1465 -4
1467 1467 -3
1468 1468 -2
1469 1469 -3
1471 1471 -2
1472 1472 -1
1473 1473 -2
1474 1474 -1
1475 1475 -1
1476 1476 -4
1477 1477 -1
1478 1478 -1
1479 1479 -1
1480 1480 -4
1481 1481 -1
1483 1483 -3
1484 1484 -1
1486 1486 -2
1487 1487 -2
1488 1488 -2
1489 1489 -4
1490 1490 -3
1491 1491 -1
1492 1492 -2
1493 1493 -3
1494 1494 -2
1495 1495 -4
1496 1496 -1
1497 1497 -3
1498 1498 -4
1499 1499 -3
1500 1500 -1
1502 1502 -1
1503 1503 -2
1504 1504 -1
1505 1505 -3
1507 1507 -1
1508 1508 -3
1509 1509 -1
1510 1510 -2
1511 1511 -2
1512 1512 -1
1513 1513 -1
1514 1514 -4
1515 1515 -2
1516 1516 -2
1517 1517 -4
1518 1518 -1
1520 1520 -3
1521 1521 -2
1522 1522 -1
1523 1523 -1
1525 1525 -4
1526 1526 -1
1528 1528 -3
1529 1529 -2
1530 1530 -2
1531 1531 -1
1532 1532 -2
1533 1533 -1
1535 1535 -1
1536 1536 -1
1537 1537 -2
1538 1538 -2
1539 1539 -3
1540 1540 -3
1541 1541 -4
1542 1542 -2
1543 1543 -2
1544 1544 -3
1545 1545 -5
1546 1546 -1
1547 1547 -3
1548 1548 -2
1550 1550 -1
1551 1551 -1
1552 1552 -1
1553 1553 -2
1554 1554 -1
1555 1555 -2
1556 1556 -2
1557 1557 -1
1558 1558 -1
1559 1559 -2
1560 1560 -2
1561 1561 -1
1562 1562 -2
1564 1564 -3
1565 1565 -2
1566 1566 -4
1567 1567 -3
1568 1568 -3
1570 1570 -1
1571 1571 -4
1573 1573 -4
1574 1574 -1
1576 1576 -1
1577 1577 -3
1578 1578 -2
1579 1579 -4
1580 1580 -2
1581 1581 -2
1582 1582 -3
1583 1583 -3
1584 1584 -2
1585 1585 -3
1586 1586 -2
1588 1588 -4
1589 1589 -2
1590 1590 -1
1591 1591 -1
1593 1593 -4
1594 1594 -4
1595 1595 -4
1597 1597 -1
1598 1598 -3
1599 1599 -1
1600 1600 -1
1601 1601 -2
1602 1602 -4
1603 1603 -1
1604 1604 -1
1605 1605 -2
1606 1606 -2
1607 1607 -2
1608 1608 -5
1609 1609 -1
1610 1610 -5
1611 1611 -3
1612 1612 -2
1613 1613 -1
1614 1614 -2
1615 1615 -1
1617 1617 -3
1618 1618 -1
1619 1619 -2
1620 1620 -1
1621 1621 -2
1622 1622 -4
1623 1623 -3
1624 1624 -1
1625 1625 -2
1627 1627 -3
1628 1628 -4
1629 1629 -3
1630 1630 -2
1631 1631 -4
1632 1632 -1
1633 1633 -2
1634 1634 -2
1635 1635 -2
1636 1636 -1
1637 1637 -4
1638 1638 -4
1639 1639 -4
1640 1640 -1
1641 1641 -2
1642 1642 -2
1644 1644 -1
1645 1645 -4
1646 1646 -2
1647 1647 -6
1648 1648 -2
1649 1649 -5
1650 1650 -2
1651 1651 -2
1652 1652 -4
1654 1654 -2
1656 1656 -2
1657 1657 -2
1658 1658 -2
1659 1659 -5
1661 1661 -1
1662 1662 -3
1663 1663 -1
1665 1665 -2
1666 1666 -1
1667 1667 -1
1668 1668 -1
1669 1669 -1
1670 1670 -2
1671 1671 -1
1673 1673 -1
1674 1674 -4
1675 1675 -1
1678 1678 -4
1680 1680 -1
1681 1681 -5
1682 1682 -3
1683 1683 -1
1684 1684 -3
1685 1685 -3
1688 1688 -2
1690 1690 -2
1691 1691 -4
1692 1692 -2
1694 1694 -2
1695 1695 -1
1696 1696 -2
1697 1697 -5
1698 1698 -3
1699 1699 -2
1700 1700 -1
1702 1702 -2
1703 1703 -1
1704 1704 -1
1705 1705 -1
1706 1706 -1
1707 1707 -3
1708 1708 -4
1709 1709 -1
1710 1710 -3
1711 1711 -3
1712 1712 -2
1713 1713 -1
1714 1714 -3
1715 1715 -1
1716 1716 -1
1717 1717 -2
1718 1718 -3
1719 1719 -2
1720 1720 -2
1721 1721 -3
1722 1722 -2
1723 1723 -6
1724 1724 -2
1725 1725 -5
1726 1726 -1
1727 1727 -1
1728 1728 -1
1729 1729 -1
1730 1730 -1
1731 1731 -1
1732 1732 -3
1734 1734 -2
1735 1735 -4
1736 1736 -4
1737 1737 -3
1738 1738 -1
1739 1739 -2
1740 1740 -2
1741 1741 -3
1742 1742 -1
1743 1743 -2
1744 1744 -1
1746 1746 -2
1747 1747 -1
1748 1748 -1
1749 1749 -4
1750 1750 -2
1751 1751 -4
1752 1752 -2
1754 1754 -1
1755 1755 -4
1756 1756 -3
1757 1757 -1
1758 1758 -3
1759 1759 -3
1760 1760 -3
1761 1761 -2
1762 1762 -4
1763 1763 -1
1765 1765 -1
1766 1766 -2
1767 1767 -1
1768 1768 -1
1769 1769 -1
1770 1770 -2
1771 1771 -1
1772 1772 -4
1773 1773 -2
1774 1774 -1
1775 1775 -3
1776 1776 -5
1780 1780 -3
1781 1781 -3
1782 1782 -1
1783 1783 -5
1785 1785 -4
1786 1786 -2
1788 1788 -1
1789 1789 -1
1790 1790 -1
1791 1791 -3
1792 1792 -2
1793 1793 -2
1794 1794 -4
1795 1795 -1
1797 1797 -1
1798 1798 -2
1799 1799 -3
1800 1800 -1
1801 1801 -2
1802 1802 -4
1803 1803 -1
1804 1804 -3
1805 1805 -4
1806 1806 -2
1807 1807 -2
1808 1808 -2
1810 1810 -1
1812 1812 -5
1813 1813 -2
1814 1814 -1
1815 1815 -2
1816 1816 -3
1817 1817 -1
1818 1818 -1
1819 1819 -1
1820 1820 -2
1821 1821 -2
1822 1822 -2
1824 1824 -3
1825 1825 -1
1826 1826 -1
1827 1827 -2
1828 1828 -2
1830 1830 -3
1831 1831 -2
1832 1832 -3
1833 1833 -1
1834 1834 -4
1835 1835 -1
1836 1836 -1
1837 1837 -4
1838 1838 -3
1839 1839 -3
1840 1840 -1
1841 1841 -2
1842 1842 -5
1843 1843 -2
1844 1844 -7
1845 1845 -2
1846 1846 -2
1847 1847 -2
1849 1849 -1
1850 1850 -1
1851 1851 -3
1852 1852 -1
1853 1853 -3
1854 1854 -1
1855 1855 -1
1856 1856 -5
1857 1857 -2
1859 1859 -3
1860 1860 -4
1861 1861 -2
1862 1862 -3
1863 1863 -1
1864 1864 -1
1865 1865 -1
1866 1866 -1
1867 1867 -1
1868 1868 -1
1869 1869 -3
1870 1870 -4
1871 1871 -2
1872 1872 -2
1873 1873 -1
1874 1874 -4
1875 1875 -3
1876 1876 -2
1877 1877 -3
1878 1878 -2
1879 1879 -1
1882 1882 -1
1884 1884 -3
1885 1885 -1
1886 1886 -2
1887 1887 -1
1888 1888 -3
1889 1889 -2
1890 1890 -1
1891 1891 -2
1892 1892 -4
1893 1893 -7
1894 1894 -1
1895 1895 -2
1896 1896 -3
1897 1897 -3
1898 1898 -3
1899 1899 -1
1901 1901 -2
1902 1902 -2
1903 1903 -1
1907 1907 -4
1908 1908 -4
1909 1909 -2
1910 1910 -3
1911 1911 -2
1912 1912 -2
1913 1913 -1
1914 1914 -2
1915 1915 -1
1916 1916 -1
1917 1917 -1
1918 1918 -2
1920 1920 -2
1921 1921 -2
1922 1922 -1
1923 1923 -3
1924 1924 -4
1925 1925 -2
1926 1926 -2
1929 1929 -3
1930 1930 -1
1931 1931 -2
1932 1932 -3
1933 1933 -2
1934 1934 -3
1935 1935 -2
1938 1938 -2
1939 1939 -3
1940 1940 -2
1941 1941 -5
1942 1942 -2
1943 1943 -1
1944 1944 -2
1945 1945 -2
1946 1946 -2
1947 1947 -1
1948 1948 -2
1949 1949 -1
1950 1950 -2
1951 1951 -4
1952 1952 -2
1953 1953 -3
1954 1954 -3
1957 1957 -2
1959 1959 -3
1961 1961 -3
1962 1962 -4
1963 1963 -1
1964 1964 -1
1965 1965 -1
1966 1966 -3
1967 1967 -2
1968 1968 -4
1969 1969 -2
1970 1970 -3
1971 1971 -1
1972 1972 -4
1973 1973 -4
1974 1974 -4
1975 1975 -2
1976 1976 -1
1979 1979 -1
1980 1980 -2
1981 1981 -1
1982 1982 -4
1983 1983 -1
1984 1984 -2
1985 1985 -4
1986 1986 -2
1987 1987 -1
1988 1988 -4
1989 1989 -3
1991 1991 -1
1992 1992 -2
1993 1993 -2
1994 1994 -3
1995 1995 -1
1996 1996 -2
1997 1997 -2
1998 1998 -4
1999 1999 -2
2000 2000 -1
2001 2001 -1
2002 2002 -4
2003 2003 -3
2004 2004 -1
2005 2005 -3
2006 2006 -4
2007 2007 -2
2008 2008 -1
2009 2009 -4
2010 2010 -4
2011 2011 -1
2012 2012 -1
2013 2013 -2
2014 2014 -2
2015 2015 -1
2016 2016 -1
2017 2017 -2
2018 2018 -3
2019 2019 -5
2020 2020 -5
2021 2021 -1
2022 2022 -1
2023 2023 -3
2024 2024 -1
2025 2025 -1
2026 2026 -2
2027 2027 -2
2028 2028 -3
2029 2029 -1
2030 2030 -3
2031 2031 -2
2032 2032 -2
2033 2033 -6
2034 2034 -1
2035 2035 -4
2036 2036 -3
2037 2037 -3
2039 2039 -3
2041 2041 -3
2042 2042 -4
2043 2043 -2
2044 2044 -4
2045 2045 -2
2046 2046 -1
2047 2047 -1
2049 2049 -1
2051 2051 -1
2052 2052 -3
2053 2053 -3
2054 2054 -1
2055 2055 -4
2056 2056 -2
2057 2057 -4
2058 2058 -1
2059 2059 -1
2060 2060 -4
2061 2061 -4
2062 2062 -2
2063 2063 -6
2064 2064 -2
2068 2068 -3
2069 2069 -1
2070 2070 -1
2071 2071 -3
2072 2072 -5
2073 2073 -1
2074 2074 -2
2076 2076 -3
2077 2077 -2
2078 2078 -1
2079 2079 -1
2080 2080 -1
2081 2081 -2
2082 2082 -2
2083 2083 -1
2085 2085 -3
2087 2087 -3
2089 2089 -3
2090 2090 -3
2091 2091 -4
2092 2092 -2
2093 2093 -2
2094 2094 -3
2095 2095 -4
2096 2096 -2
2097 2097 -2
2098 2098 -4
2099 2099 -5
2100 2100 -3
2101 2101 -4
2102 2102 -3
2103 2103 -3
2104 2104 -3
2105 2105 -4
2106 2106 -3
2107 2107 -5
2108 2108 -3
2109 2109 -1
2110 2110 -1
2111 2111 -2
2112 2112 -1
2113 2113 -1
2114 2114 -2
2115 2115 -4
2116 2116 -2
2117 2117 -2
2119 2119 -2
2120 2120 -2
2121 2121 -1
2122 2122 -1
2123 2123 -3
2124 2124 -2
2125 2125 -2
2126 2126 -3
2127 2127 -4
2128 2128 -3
2129 2129 -1
2130 2130 -1
2131 2131 -5
2132 2132 -1
2133 2133 -3
2134 2134 -1
2135 2135 -2
2136 2136 -4
2138 2138 -6
2139 2139 -1
2140 2140 -1
2141 2141 -1
2142 2142 -2
2143 2143 -1
2144 2144 -3
2145 2145 -1
2146 2146 -2
2147 2147 -4
2148 2148 -3
2149 2149 -2
2150 2150 -2
2151 2151 -4
2152 2152 -3
2153 2153 -4
2154 2154 -2
2155 2155 -2
2156 2156 -3
2158 2158 -2
2160 2160 -3
2166 2166 -2
2167 2167 -3
2168 2168 -4
2169 2169 -1
2170 2170 -2
2171 2171 -3
2172 2172 -1
2173 2173 -1
2174 2174 -3
2175 2175 -1
2176 2176 -2
2178 2178 -1
2179 2179 -1
2180 2180 -3
2181 2181 -4
2182 2182 -5
2183 2183 -3
2184 2184 -2
2185 2185 -2
2186 2186 -2
2187 2187 -2
2188 2188 -5
2190 2190 -1
2191 2191 -1
2192 2192 -2
2193 2193 -4
2194 2194 -3
2195 2195 -1
2196 2196 -1
2197 2197 -4
2199 2199 -3
2200 2200 -1
2201 2201 -3
2202 2202 -6
2203 2203 -1
2204 2204 -7
2205 2205 -1
2206 2206 -1
2207 2207 -2
2208 2208 -2
2210 2210 -3
2211 2211 -2
2213 2213 -1
2214 2214 -2
2215 2215 -1
2216 2216 -1
2218 2218 -2
2219 2219 -1
2220 2220 -2
2222 2222 -1
2223 2223 -3
2224 2224 -2
2225 2225 -3
2226 2226 -2
2228 2228 -3
2229 2229 -2
2230 2230 -1
2231 2231 -2
2232 2232 -3
2233 2233 -2
2234 2234 -1
2235 2235 -1
2236 2236 -1
2237 2237 -1
2238 2238 -2
2239 2239 -4
2240 2240 -4
2241 2241 -4
2242 2242 -2
2243 2243 -3
2244 2244 -3
2245 2245 -1
2246 2246 -6
2247 2247 -1
2248 2248 -1
2250 2250 -1
2251 2251 -4
2252 2252 -5
2253 2253 -2
2254 2254 -2
2255 2255 -3
2256 2256 -3
2257 2257 -3
2258 2258 -1
2259 2259 -1
2260 2260 -4
2261 2261 -1
2262 2262 -7
2263 2263 -3
2264 2264 -2
2265 2265 -4
2266 2266 -1
2267 2267 -1
2268 2268 -2
2270 2270 -1
2271 2271 -3
2272 2272 -3
2273 2273 -3
2274 2274 -4
2275 2275 -2
2276 2276 -3
2277 2277 -3
2278 2278 -2
2279 2279 -4
2280 2280 -1
2281 2281 -2
2282 2282 -5
2283 2283 -5
2284 2284 -4
2285 2285 -1
2286 2286 -2
2287 2287 -2
2288 2288 -1
2289 2289 -4
2290 2290 -1
2291 2291 -3
2292 2292 -5
2293 2293 -4
2294 2294 -2
2295 2295 -4
2296 2296 -3
2297 2297 -5
2298 2298 -2
2299 2299 -2
2300 2300 -1
2301 2301 -2
2302 2302 -1
2303 2303 -2
2304 2304 -3
2305 2305 -3
2306 2306 -2
2307 2307 -1
2308 2308 -4
2309 2309 -4
2310 2310 -1
2311 2311 -3
2312 2312 -2
2314 2314 -2
2316 2316 -2
2317 2317 -3
2319 2319 -5
2320 2320 -2
2323 2323 -3
2324 2324 -5
2325 2325 -2
2326 2326 -1
2327 2327 -1
2328 2328 -1
2329 2329 -1
2330 2330 -3
2331 2331 -1
2332 2332 -2
2333 2333 -2
2334 2334 -2
2335 2335 -3
2336 2336 -1
2337 2337 -2
2339 2339 -1
2340 2340 -2
2341 2341 -4
2342 2342 -4
2343 2343 -2
2344 2344 -3
2345 2345 -3
2346 2346 -5
2347 2347 -2
2348 2348 -2
2349 2349 -1
2350 2350 -4
2351 2351 -1
2352 2352 -4
2354 2354 -2
2355 2355 -1
2356 2356 -1
2359 2359 -2
2360 2360 -2
2361 2361 -2
2362 2362 -3
2364 2364 -1
2366 2366 -3
2367 2367 -2
2368 2368 -1
2371 2371 -3
2372 2372 -4
2373 2373 -1
2374 2374 -2
2375 2375 -2
2376 2376 -2
2377 2377 -1
2378 2378 -2
2379 2379 -3
2381 2381 -2
2382 2382 -3
2383 2383 -3
2384 2384 -1
2385 2385 -1
2386 2386 -5
2387 2387 -4
2388 2388 -5
2389 2389 -2
2390 2390 -3
2391 2391 -1
2393 2393 -4
2394 2394 -3
2395 2395 -1
2396 2396 -2
2397 2397 -2
2398 2398 -2
2401 2401 -1
2403 2403 -1
2404 2404 -7
2405 2405 -3
2407 2407 -2
2408 2408 -2
2409 2409 -1
2410 2410 -1
2411 2411 -4
2412 2412 -2
2413 2413 -1
2415 2415 -1
2416 2416 -3
2417 2417 -1
2418 2418 -2
2419 2419 -2
2420 2420 -3
2421 2421 -1
2422 2422 -3
2423 2423 -4
2424 2424 -1
2425 2425 -1
2426 2426 -6
2427 2427 -3
2428 2428 -4
2429 2429 -2
2430 2430 -3
2431 2431 -2
2432 2432 -3
2434 2434 -2
2435 2435 -3
2436 2436 -1
2437 2437 -3
2438 2438 -5
2439 2439 -2
2440 2440 -3
2441 2441 -6
2442 2442 -2
2443 2443 -4
2444 2444 -1
2446 2446 -2
2447 2447 -1
2448 2448 -7
2449 2449 -2
2450 2450 -3
2451 2451 -1
2452 2452 -1
2453 2453 -1
2454 2454 -4
2455 2455 -6
2456 2456 -3
2457 2457 -2
2458 2458 -3
2459 2459 -4
2460 2460 -3
2461 2461 -2
2462 2462 -2
2463 2463 -1
2464 2464 -2
2466 2466 -1
2467 2467 -1
2468 2468 -2
2469 2469 -2
2470 2470 -2
2471 2471 -2
2472 2472 -1
2473 2473 -3
2474 2474 -3
2475 2475 -2
2476 2476 -4
2477 2477 -3
2478 2478 -3
2479 2479 -5
2481 2481 -2
2482 2482 -2
2483 2483 -4
2484 2484 -2
2485 2485 -2
2486 2486 -4
2487 2487 -1
2488 2488 -2
2489 2489 -2
2490 2490 -3
2491 2491 -3
2492 2492 -3
2493 2493 -5
2494 2494 -2
2495 2495 -1
2497 2497 -2
2498 2498 -1
2499 2499 -2
2500 2500 -2
2501 2501 -5
2502 2502 -2
2503 2503 -4
2505 2505 -2
2510 2510 -1
2511 2511 -2
2512 2512 -2
2513 2513 -2
2514 2514 -1
2515 2515 -4
2516 2516 -4
2518 2518 -3
2520 2520 -1
2521 2521 -2
2523 2523 -1
2525 2525 -3
2526 2526 -3
2527 2527 -2
2528 2528 -1
2530 2530 -4
2531 2531 -4
2532 2532 -2
2534 2534 -2
2535 2535 -2
2536 2536 -1
2537 2537 -3
2538 2538 -2
2539 2539 -1
2540 2540 -4
2541 2541 -2
2542 2542 -2
2543 2543 -2
2545 2545 -2
2547 2547 -3
2548 2548 -4
2549 2549 -5
2551 2551 -1
2552 2552 -2
2553 2553 -5
2555 2555 -1
2557 2557 -1
2558 2558 -2
2559 2559 -1
2560 2560 -1
2561 2561 -2
2562 2562 -1
2563 2563 -1
2564 2564 -2
2565 2565 -2
2566 2566 -2
2567 2567 -2
2568 2568 -4
2569 2569 -2
2570 2570 -3
2571 2571 -4
2572 2572 -2
2574 2574 -3
2576 2576 -2
2577 2577 -2
2578 2578 -1
2579 2579 -1
2581 2581 -2
2582 2582 -3
2583 2583 -1
2584 2584 -1
2585 2585 -4
2586 2586 -3
2587 2587 -5
2588 2588 -1
2589 2589 -2
2590 2590 -1
2591 2591 -3
2592 2592 -1
2593 2593 -1
2594 2594 -3
2596 2596 -3
2597 2597 -3
2600 2600 -6
2601 2601 -3
2602 2602 -2
2603 2603 -2
2604 2604 -4
2606 2606 -2
2607 2607 -3
2608 2608 -4
2609 2609 -4
2610 2610 -4
2611 2611 -2
2612 2612 -1
2613 2613 -3
2614 2614 -1
2615 2615 -3
2616 2616 -5
2617 2617 -3
2618 2618 -1
2620 2620 -3
2622 2622 -3
2623 2623 -2
2624 2624 -1
2625 2625 -4
2626 2626 -1
2627 2627 -4
2628 2628 -2
2629 2629 -2
2630 2630 -3
2631 2631 -4
2632 2632 -2
2634 2634 -2
2635 2635 -1
2636 2636 -2
2637 2637 -3
2638 2638 -4
2639 2639 -3
2642 2642 -1
2643 2643 -1
2644 2644 -4
2645 2645 -3
2646 2646 -4
2647 2647 -2
2648 2648 -2
2649 2649 -3
2650 2650 -3
2651 2651 -1
2652 2652 -3
2653 2653 -1
2655 2655 -1
2657 2657 -1
2658 2658 -1
2659 2659 -1
2660 2660 -1
2661 2661 -2
2662 2662 -3
2663 2663 -3
2664 2664 -1
2665 2665 -3
2666 2666 -5
2667 2667 -4
2669 2669 -3
2670 2670 -2
2671 2671 -3
2672 2672 -2
2673 2673 -3
2675 2675 -1
2676 2676 -2
2677 2677 -2
2678 2678 -2
2679 2679 -1
2680 2680 -3
2681 2681 -1
2682 2682 -1
2683 2683 -2
2684 2684 -3
2685 2685 -3
2686 2686 -4
2687 2687 -1
2688 2688 -3
2691 2691 -2
2692 2692 -2
2693 2693 -1
2694 2694 -1
2695 2695 -2
2698 2698 -2
2701 2701 -3
2702 2702 -1
2703 2703 -2
2704 2704 -3
2705 2705 -3
2706 2706 -3
2708 2708 -4
2709 2709 -1
2710 2710 -4
2711 2711 -4
2712 2712 -1
2713 2713 -1
2714 2714 -5
2715 2715 -1
2716 2716 -5
2717 2717 -2
2718 2718 -1
2719 2719 -1
2721 2721 -1
2722 2722 -1
2723 2723 -2
2724 2724 -2
2725 2725 -2
2726 2726 -2
2727 2727 -2
2728 2728 -4
2729 2729 -2
2730 2730 -1
2731 2731 -2
2732 2732 -2
2733 2733 -6
2734 2734 -4
2735 2735 -2
2736 2736 -3
2737 2737 -2
2738 2738 -5
2739 2739 -1
2740 2740 -2
2741 2741 -2
2743 2743 -1
2744 2744 -2
2745 2745 -2
2746 2746 -1
2747 2747 -1
2748 2748 -3
2749 2749 -3
2750 2750 -5
2751 2751 -1
2752 2752 -3
2753 2753 -3
2754 2754 -1
2755 2755 -2
2756 2756 -3
2757 2757 -1
2758 2758 -4
2759 2759 -1
2760 2760 -2
2761 2761 -3
2762 2762 -1
2763 2763 -3
2764 2764 -2
2765 2765 -2
2766 2766 -4
2767 2767 -5
2768 2768 -2
2769 2769 -1
2770 2770 -2
2771 2771 -3
2772 2772 -3
2773 2773 -3
2774 2774 -1
2775 2775 -4
2776 2776 -1
2778 2778 -1
2779 2779 -3
2780 2780 -2
2781 2781 -1
2782 2782 -3
2783 2783 -2
2784 2784 -2
2785 2785 -2
2787 2787 -2
2788 2788 -1
2789 2789 -3
2790 2790 -1
2791 2791 -2
2792 2792 -3
2793 2793 -2
2794 2794 -2
2795 2795 -5
2796 2796 -1
2797 2797 -2
2798 2798 -3
2799 2799 -3
2800 2800 -2
2801 2801 -2
2802 2802 -1
2803 2803 -3
2805 2805 -2
2806 2806 -3
2807 2807 -3
2808 2808 -3
2809 2809 -2
2811 2811 -2
2812 2812 -6
2813 2813 -4
2814 2814 -3
2815 2815 -3
2816 2816 -1
2817 2817 -1
2818 2818 -3
2819 2819 -1
2820 2820 -2
2821 2821 -2
2822 2822 -1
2824 2824 -1
2825 2825 -2
2826 2826 -2
2827 2827 -3
2828 2828 -1
2829 2829 -1
2830 2830 -1
2831 2831 -2
2833 2833 -1
2834 2834 -1
2835 2835 -3
2836 2836 -7
2837 2837 -1
2838 2838 -2
2839 2839 -2
2840 2840 -2
2841 2841 -2
2843 2843 -2
2844 2844 -1
2845 2845 -1
2846 2846 -2
2847 2847 -4
2848 2848 -2
2850 2850 -1
2851 2851 -1
2852 2852 -1
2853 2853 -1
2854 2854 -4
2855 2855 -1
2856 2856 -1
2858 2858 -1
2859 2859 -2
2860 2860 -3
2861 2861 -3
2862 2862 -3
2863 2863 -1
2864 2864 -2
2865 2865 -4
2866 2866 -3
2867 2867 -1
2868 2868 -1
2869 2869 -3
2870 2870 -1
2872 2872 -2
2873 2873 -1
2874 2874 -4
2875 2875 -1
2876 2876 -1
2877 2877 -1
2878 2878 -1
2879 2879 -4
2880 2880 -3
2881 2881 -2
2882 2882 -6
2883 2883 -2
2884 2884 -2
2885 2885 -5
2886 2886 -1
2887 2887 -2
2889 2889 -3
2891 2891 -4
2892 2892 -2
2893 2893 -4
2895 2895 -2
2896 2896 -1
2897 2897 -4
2898 2898 -4
2899 2899 -2
2900 2900 -2
2901 2901 -1
2902 2902 -2
2903 2903 -6
2904 2904 -3
2905 2905 -3
2906 2906 -1
2907 2907 -1
2908 2908 -2
2909 2909 -1
2910 2910 -2
2911 2911 -4
2914 2914 -4
2915 2915 -1
2916 2916 -2
2917 2917 -2
2918 2918 -3
2919 2919 -2
2920 2920 -2
2921 2921 -2
2922 2922 -1
2923 2923 -1
2924 2924 -3
2925 2925 -1
2926 2926 -6
2927 2927 -2
2928 2928 -3
2929 2929 -3
2930 2930 -5
2931 2931 -2
2933 2933 -2
2934 2934 -4
2935 2935 -2
2936 2936 -2
2938 2938 -3
2939 2939 -6
2940 2940 -3
2941 2941 -1
2942 2942 -2
2944 2944 -1
2946 2946 -2
2948 2948 -2
2949 2949 -3
2950 2950 -3
2951 2951 -1
2952 2952 -2
2953 2953 -3
2954 2954 -1
2955 2955 -2
2956 2956 -1
2957 2957 -3
2958 2958 -2
2959 2959 -4
2960 2960 -4
2961 2961 -3
2962 2962 -2
2963 2963 -4
2964 2964 -2
2966 2966 -3
2968 2968 -1
2969 2969 -2
2970 2970 -4
2971 2971 -2
2972 2972 -1
2973 2973 -3
2975 2975 -2
2976 2976 -1
2978 2978 -2
2979 2979 -4
2981 2981 -2
2982 2982 -5
2983 2983 -1
2984 2984 -2
2985 2985 -2
2986 2986 -1
2987 2987 -2
2988 2988 -6
2989 2989 -2
2990 2990 -2
2991 2991 -2
2992 2992 -4
2993 2993 -1
2994 2994 -2
2995 2995 -3
2996 2996 -2
2997 2997 -4
2999 2999 -1
3000 3000 -2
3001 3001 -3
3002 3002 -1
3003 3003 -1
3004 3004 -2
3005 3005 -2
3006 3006 -4
3007 3007 -1
3008 3008 -1
3010 3010 -1
3011 3011 -2
3013 3013 -2
3014 3014 -1
3015 3015 -4
3016 3016 -2
3019 3019 -3
3020 3020 -3
3021 3021 -3
3022 3022 -1
3023 3023 -2
3024 3024 -1
3025 3025 -2
3026 3026 -4
3027 3027 -1
3028 3028 -2
3029 3029 -3
3030 3030 -3
3032 3032 -2
3033 3033 -3
3034 3034 -4
3036 3036 -5
3037 3037 -1
3038 3038 -2
3039 3039 -1
3040 3040 -4
3041 3041 -1
3042 3042 -3
3043 3043 -4
3044 3044 -3
3045 3045 -3
3047 3047 -3
3048 3048 -1
3049 3049 -3
3050 3050 -1
3051 3051 -1
3053 3053 -2
3054 3054 -4
3055 3055 -2
3056 3056 -3
3057 3057 -2
3058 3058 -4
3059 3059 -1
3060 3060 -3
3061 3061 -1
3062 3062 -1
3063 3063 -1
3064 3064 -2
3066 3066 -1
3067 3067 -2
3068 3068 -2
3069 3069 -4
3070 3070 -4
3071 3071 -1
3072 3072 -3
3074 3074 -4
3075 3075 -1
3076 3076 -3
3077 3077 -1
3078 3078 -2
3079 3079 -2
3080 3080 -1
3081 3081 -3
3084 3084 -2
3086 3086 -1
3088 3088 -2
3089 3089 -1
3091 3091 -4
3092 3092 -3
3093 3093 -1
3095 3095 -1
3096 3096 -4
3097 3097 -3
3098 3098 -1
3099 3099 -3
3100 3100 -2
3101 3101 -2
3102 3102 -2
3103 3103 -4
3104 3104 -4
3105 3105 -3
3106 3106 -2
3108 3108 -2
3109 3109 -2
3111 3111 -4
3112 3112 -1
3113 3113 -4
3114 3114 -1
3116 3116 -2
3117 3117 -2
3118 3118 -3
3119 3119 -3
3120 3120 -1
3121 3121 -3
3122 3122 -3
3123 3123 -2
3124 3124 -2
3125 3125 -1
3126 3126 -2
3127 3127 -1
3128 3128 -1
3130 3130 -1
3131 3131 -1
3133 3133 -1
3134 3134 -1
3135 3135 -1
3136 3136 -4
3139 3139 -2
3140 3140 -2
3141 3141 -5
3142 3142 -2
3143 3143 -1
3144 3144 -3
3145 3145 -3
3146 3146 -2
3147 3147 -3
3148 3148 -1
3149 3149 -5
3150 3150 -4
3151 3151 -2
3152 3152 -5
3153 3153 -2
3154 3154 -2
3155 3155 -2
3156 3156 -3
3157 3157 -3
3158 3158 -3
3159 3159 -1
3160 3160 -3
3161 3161 -2
3162 3162 -2
3163 3163 -1
3164 3164 -1
3165 3165 -1
3166 3166 -1
3167 3167 -2
3168 3168 -1
3169 3169 -3
3170 3170 -3
3171 3171 -2
3173 3173 -2
3174 3174 -3
3175 3175 -3
3176 3176 -4
3177 3177 -3
3178 3178 -2
3179 3179 -4
3181 3181 -2
3182 3182 -3
3183 3183 -2
3184 3184 -6
3185 3185 -1
3186 3186 -3
3187 3187 -2
3188 3188 -2
3190 3190 -1
3191 3191 -2
3192 3192 -2
3193 3193 -2
3194 3194 -1
3195 3195 -1
3196 3196 -2
3197 3197 -4
3198 3198 -5
3199 3199 -2
3200 3200 -3
3201 3201 -2
3202 3202 -1
3203 3203 -2
3204 3204 -1
3205 3205 -2
3206 3206 -2
3207 3207 -1
3210 3210 -7
3212 3212 -4
3213 3213 -5
3214 3214 -3
3216 3216 -4
3217 3217 -1
3218 3218 -2
3219 3219 -2
3220 3220 -1
3221 3221 -1
3222 3222 -1
3224 3224 -3
3225 3225 -5
3226 3226 -3
3227 3227 -1
3228 3228 -3
3229 3229 -3
3230 3230 -1
3231 3231 -2
3232 3232 -3
3233 3233 -4
3234 3234 -4
3235 3235 -1
3236 3236 -2
3237 3237 -4
3238 3238 -3
3239 3239 -3
3240 3240 -1
3241 3241 -2
3242 3242 -1
3244 3244 -4
3245 3245 -2
3246 3246 -2
3247 3247 -2
3248 3248 -6
3250 3250 -3
3251 3251 -2
3252 3252 -1
3253 3253 -3
3254 3254 -3
3255 3255 -1
3256 3256 -1
3258 3258 -1
3259 3259 -4
3260 3260 -1
3261 3261 -1
3262 3262 -2
3263 3263 -1
3264 3264 -5
3266 3266 -3
3267 3267 -1
3269 3269 -2
3272 3272 -2
3276 3276 -4
3277 3277 -2
3278 3278 -1
3279 3279 -1
3280 3280 -2
3281 3281 -2
3282 3282 -4
3283 3283 -1
3284 3284 -3
3286 3286 -2
3287 3287 -3
3289 3289 -1
3291 3291 -5
3292 3292 -2
3293 3293 -4
3294 3294 -2
3295 3295 -2
3296 3296 -2
3297 3297 -3
3298 3298 -1
3299 3299 -3
3302 3302 -4
3303 3303 -4
3304 3304 -5
3305 3305 -4
3307 3307 -1
3308 3308 -2
3310 3310 -3
3312 3312 -4
3313 3313 -2
3314 3314 -4
3316 3316 -2
3317 3317 -3
3320 3320 -1
3322 3322 -1
3323 3323 -5
3324 3324 -1
3325 3325 -2
3326 3326 -5
3327 3327 -2
3328 3328 -1
3329 3329 -3
3330 3330 -2
3331 3331 -2
3332 3332 -4
3334 3334 -1
3335 3335 -2
3336 3336 -1
3338 3338 -3
3339 3339 -2
3340 3340 -4
3341 3341 -3
3343 3343 -1
3344 3344 -2
3345 3345 -2
3346 3346 -5
3349 3349 -2
3350 3350 -1
3352 3352 -2
3353 3353 -3
3354 3354 -1
3355 3355 -1
3356 3356 -3
3357 3357 -3
3359 3359 -1
3360 3360 -2
3361 3361 -2
3362 3362 -2
3363 3363 -3
3364 3364 -4
3365 3365 -1
3366 3366 -1
3367 3367 -2
3368 3368 -1
3369 3369 -2
3370 3370 -1
3371 3371 -1
3372 3372 -1
3373 3373 -1
3375 3375 -1
3376 3376 -3
3377 3377 -2
3379 3379 -2
3380 3380 -2
3381 3381 -2
3382 3382 -5
3383 3383 -3
3384 3384 -1
3385 3385 -3
3386 3386 -1
3387 3387 -5
3388 3388 -2
3390 3390 -1
3392 3392 -2
3393 3393 -3
3394 3394 -1
3395 3395 -1
3396 3396 -1
3398 3398 -2
3399 3399 -1
3400 3400 -1
3401 3401 -2
3402 3402 -3
3403 3403 -2
3404 3404 -3
3405 3405 -2
3406 3406 -1
3407 3407 -6
3408 3408 -1
3410 3410 -5
3411 3411 -4
3412 3412 -1
3414 3414 -1
3415 3415 -4
3416 3416 -2
3417 3417 -1
3419 3419 -2
3420 3420 -2
3422 3422 -2
3424 3424 -1
3425 3425 -4
3427 3427 -3
3428 3428 -1
3429 3429 -5
3430 3430 -2
3431 3431 -1
3432 3432 -3
3433 3433 -1
3434 3434 -2
3435 3435 -3
3436 3436 -2
3438 3438 -3
3440 3440 -5
3441 3441 -2
3442 3442 -3
3443 3443 -1
3444 3444 -3
3445 3445 -2
3446 3446 -4
3447 3447 -2
3448 3448 -1
3449 3449 -3
3450 3450 -3
3451 3451 -3
3452 3452 -1
3453 3453 -1
3454 3454 -2
3455 3455 -3
3456 3456 -1
3457 3457 -1
3458 3458 -4
3459 3459 -2
3461 3461 -3
3462 3462 -2
3463 3463 -2
3464 3464 -3
3465 3465 -2
3467 3467 -3
3468 3468 -3
3469 3469 -2
3470 3470 -5
3471 3471 -3
3472 3472 -4
3473 3473 -1
3476 3476 -4
3477 3477 -5
3478 3478 -3
3479 3479 -1
3480 3480 -2
3482 3482 -2
3483 3483 -2
3484 3484 -1
3485 3485 -4
3488 3488 -3
3489 3489 -1
3490 3490 -2
3492 3492 -1
3493 3493 -2
3494 3494 -2
3495 3495 -2
3496 3496 -2
3497 3497 -2
3498 3498 -2
3499 3499 -2
3503 3503 -3
3504 3504 -6
3505 3505 -3
3506 3506 -3
3507 3507 -4
3508 3508 -1
3509 3509 -1
3510 3510 -3
3511 3511 -1
3512 3512 -2
3513 3513 -2
3514 3514 -2
3515 3515 -1
3518 3518 -3
3520 3520 -3
3521 3521 -2
3522 3522 -7
3523 3523 -1
3525 3525 -3
3526 3526 -4
3527 3527 -1
3528 3528 -4
3529 3529 -3
3530 3530 -5
3531 3531 -3
3532 3532 -2
3533 3533 -2
3534 3534 -1
3535 3535 -3
3536 3536 -2
3537 3537 -2
3538 3538 -1
3539 3539 -4
3541 3541 -3
3542 3542 -2
3543 3543 -3
3544 3544 -2
3545 3545 -3
3546 3546 -4
3547 3547 -3
3548 3548 -1
3549 3549 -6
3550 3550 -3
3552 3552 -2
3553 3553 -2
3555 3555 -1
3556 3556 -1
3557 3557 -2
3558 3558 -3
3559 3559 -1
3560 3560 -1
3561 3561 -2
3562 3562 -2
3563 3563 -2
3565 3565 -2
3566 3566 -2
3568 3568 -3
3569 3569 -4
3570 3570 -5
3571 3571 -3
3572 3572 -1
3573 3573 -3
3575 3575 -1
3576 3576 -6
3577 3577 -1
3578 3578 -1
3579 3579 -4
3580 3580 -6
3581 3581 -4
3582 3582 -3
3583 3583 -4
3584 3584 -2
3585 3585 -3
3586 3586 -4
3587 3587 -1
3588 3588 -3
3589 3589 -2
3590 3590 -5
3592 3592 -1
3593 3593 -4
3594 3594 -1
3595 3595 -1
3596 3596 -2
3597 3597 -3
3598 3598 -2
3599 3599 -2
3600 3600 -3
3602 3602 -2
3603 3603 -1
3604 3604 -1
3605 3605 -2
3606 3606 -2
3607 3607 -1
3611 3611 -1
3612 3612 -3
3614 3614 -3
3615 3615 -3
3616 3616 -4
3617 3617 -3
3618 3618 -2
3619 3619 -4
3620 3620 -2
3621 3621 -3
3622 3622 -1
3623 3623 -1
3624 3624 -4
3625 3625 -2
3626 3626 -2
3628 3628 -3
3629 3629 -2
3630 3630 -1
3631 3631 -1
3632 3632 -3
3633 3633 -1
3634 3634 -4
3635 3635 -1
3636 3636 -2
3637 3637 -1
3638 3638 -3
3639 3639 -5
3640 3640 -2
3642 3642 -2
3643 3643 -2
3644 3644 -4
3645 3645 -3
3646 3646 -3
3647 3647 -1
3648 3648 -2
3649 3649 -2
3650 3650 -1
3651 3651 -1
3652 3652 -1
3653 3653 -2
3654 3654 -3
3655 3655 -1
3656 3656 -3
3659 3659 -1
3660 3660 -2
3661 3661 -5
3662 3662 -2
3663 3663 -2
3664 3664 -3
3665 3665 -1
3666 3666 -2
3667 3667 -5
3669 3669 -4
3670 3670 -3
3671 3671 -1
3672 3672 -3
3673 3673 -2
3674 3674 -3
3675 3675 -3
3676 3676 -2
3677 3677 -2
3679 3679 -4
3681 3681 -4
3682 3682 -5
3683 3683 -2
3684 3684 -1
3685 3685 -1
3686 3686 -2
3687 3687 -2
3690 3690 -3
3691 3691 -1
3692 3692 -1
3693 3693 -6
3694 3694 -2
3695 3695 -3
3696 3696 -4
3697 3697 -1
3698 3698 -2
3699 3699 -1
3700 3700 -3
3701 3701 -6
3702 3702 -2
3704 3704 -3
3705 3705 -3
3706 3706 -1
3707 3707 -1
3708 3708 -3
3709 3709 -1
3710 3710 -2
3711 3711 -3
3713 3713 -4
3716 3716 -5
3717 3717 -1
3718 3718 -1
3720 3720 -1
3721 3721 -3
3722 3722 -1
3723 3723 -3
3724 3724 -2
3725 3725 -3
3726 3726 -2
3727 3727 -5
3728 3728 -4
3729 3729 -1
3730 3730 -1
3731 3731 -1
3732 3732 -1
3734 3734 -2
3735 3735 -2
3736 3736 -3
3737 3737 -1
3738 3738 -3
3739 3739 -2
3741 3741 -2
3743 3743 -1
3744 3744 -5
3745 3745 -2
3746 3746 -2
3747 3747 -2
3748 3748 -2
3749 3749 -4
3750 3750 -2
3752 3752 -1
3753 3753 -2
3754 3754 -4
3755 3755 -3
3756 3756 -1
3757 3757 -2
3758 3758 -2
3759 3759 -1
3761 3761 -4
3762 3762 -1
3763 3763 -2
3764 3764 -3
3765 3765 -1
3766 3766 -1
3769 3769 -3
3770 3770 -3
3771 3771 -3
3772 3772 -1
3773 3773 -1
3774 3774 -1
3775 3775 -3
3776 3776 -1
3778 3778 -3
3779 3779 -3
3780 3780 -1
3781 3781 -1
3782 3782 -3
3783 3783 -4
3784 3784 -2
3785 3785 -1
3787 3787 -2
3788 3788 -3
3789 3789 -1
3790 3790 -2
3791 3791 -3
3792 3792 -3
3793 3793 -1
3794 3794 -2
3795 3795 -1
3796 3796 -1
3797 3797 -1
3798 3798 -3
3799 3799 -4
3801 3801 -2
3802 3802 -1
3803 3803 -2
3804 3804 -2
3805 3805 -2
3806 3806 -1
3807 3807 -2
3809 3809 -1
3810 3810 -1
3811 3811 -2
3812 3812 -3
3814 3814 -1
3815 3815 -2
3816 3816 -6
3817 3817 -1
3818 3818 -5
3819 3819 -1
3821 3821 -5
3822 3822 -2
3823 3823 -2
3824 3824 -5
3825 3825 -5
3826 3826 -3
3827 3827 -2
3828 3828 -2
3829 3829 -1
3830 3830 -5
3831 3831 -2
3832 3832 -1
3833 3833 -2
3835 3835 -1
3836 3836 -1
3837 3837 -3
3838 3838 -2
3839 3839 -2
3840 3840 -2
3841 3841 -6
3842 3842 -1
3843 3843 -3
3844 3844 -2
3845 3845 -3
3846 3846 -2
3847 3847 -6
3848 3848 -3
3849 3849 -3
3850 3850 -1
3851 3851 -2
3852 3852 -1
3854 3854 -1
3855 3855 -1
3856 3856 -1
3858 3858 -1
3859 3859 -1
3860 3860 -2
3863 3863 -1
3864 3864 -3
3865 3865 -3
3866 3866 -2
3867 3867 -2
3868 3868 -1
3869 3869 -2
3871 3871 -2
3872 3872 -2
3873 3873 -3
3874 3874 -4
3876 3876 -3
3877 3877 -5
3879 3879 -4
3880 3880 -1
3881 3881 -5
3883 3883 -1
3884 3884 -1
3885 3885 -3
3886 3886 -3
3887 3887 -3
3888 3888 -4
3889 3889 -1
3890 3890 -2
3891 3891 -4
3892 3892 -4
3893 3893 -4
3894 3894 -2
3895 3895 -3
3896 3896 -2
3897 3897 -3
3898 3898 -3
3899 3899 -2
3901 3901 -1
3902 3902 -1
3903 3903 -2
3904 3904 -3
3905 3905 -3
3906 3906 -1
3908 3908 -3
3909 3909 -1
3911 3911 -2
3912 3912 -2
3913 3913 -2
3914 3914 -3
3915 3915 -2
3916 3916 -3
3917 3917 -2
3918 3918 -2
3919 3919 -3
3920 3920 -1
3921 3921 -4
3922 3922 -1
3923 3923 -2
3924 3924 -3
3925 3925 -3
3926 3926 -1
3927 3927 -1
3928 3928 -3
3929 3929 -1
3930 3930 -1
3931 3931 -5
3932 3932 -1
3933 3933 -4
3934 3934 -3
3936 3936 -1
3937 3937 -1
3939 3939 -2
3940 3940 -1
3941 3941 -4
3942 3942 -1
3944 3944 -1
3945 3945 -1
3946 3946 -2
3947 3947 -4
3948 3948 -4
3949 3949 -2
3950 3950 -2
3951 3951 -2
3952 3952 -1
3953 3953 -1
3954 3954 -3
3955 3955 -2
3956 3956 -4
3958 3958 -3
3959 3959 -3
3960 3960 -3
3961 3961 -2
3962 3962 -1
3963 3963 -4
3964 3964 -5
3965 3965 -2
3966 3966 -2
3967 3967 -2
3968 3968 -2
3969 3969 -6
3970 3970 -5
3971 3971 -2
3975 3975 -3
3977 3977 -3
3978 3978 -4
3979 3979 -3
3980 3980 -2
3981 3981 -1
3982 3982 -1
3983 3983 -1
3984 3984 -2
3985 3985 -1
3986 3986 -2
3987 3987 -6
3988 3988 -1
3989 3989 -3
3990 3990 -1
3991 3991 -2
3992 3992 -2
3993 3993 -4
3994 3994 -3
3995 3995 -2
3996 3996 -5
3997 3997 -1
3999 3999 -1
4000 4000 -2
4001 4001 -3
4002 4002 -1
4004 4004 -1
4005 4005 -2
4007 4007 -3
4008 4008 -2
4009 4009 -4
4010 4010 -1
4011 4011 -4
4012 4012 -2
4013 4013 -6
4014 4014 -2
4015 4015 -5
4017 4017 -3
4018 4018 -3
4019 4019 -4
4021 4021 -4
4022 4022 -3
4023 4023 -2
4024 4024 -4
4025 4025 -1
4026 4026 -2
4027 4027 -4
4028 4028 -1
4029 4029 -2
4030 4030 -1
4031 4031 -3
4032 4032 -1
4033 4033 -3
4034 4034 -1
4036 4036 -2
4037 4037 -2
4038 4038 -2
4039 4039 -3
4040 4040 -1
4041 4041 -2
4042 4042 -1
4043 4043 -1
4044 4044 -2
4045 4045 -1
4046 4046 -5
4047 4047 -1
4048 4048 -1
4050 4050 -2
4051 4051 -2
4052 4052 -2
4053 4053 -3
4054 4054 -4
4055 4055 -2
4056 4056 -2
4057 4057 -2
4058 4058 -2
4059 4059 -1
4060 4060 -1
4061 4061 -5
4063 4063 -1
4064 4064 -4
4065 4065 -3
4066 4066 -4
4067 4067 -1
4068 4068 -2
4069 4069 -1
4070 4070 -1
4071 4071 -2
4072 4072 -2
4073 4073 -2
4074 4074 -2
4075 4075 -2
4076 4076 -3
4077 4077 -4
4078 4078 -5
4079 4079 -1
4080 4080 -1
4081 4081 -1
4082 4082 -2
4083 4083 -2
4084 4084 -2
4087 4087 -3
4088 4088 -2
4089 4089 -2
4090 4090 -3
4091 4091 -2
4092 4092 -5
4093 4093 -2
4094 4094 -5
4095 4095 -5
4096 4096 -5
4097 4097 -2
4098 4098 -2
4099 4099 -2
4100 4100 -4
4101 4101 -4
4102 4102 -4
4103 4103 -4
4104 4104 -1
4105 4105 -1
4106 4106 -4
4107 4107 -4
4108 4108 -1
4109 4109 -3
4110 4110 -1
4111 4111 -3
4113 4113 -2
4114 4114 -2
4115 4115 -2
4117 4117 -3
4118 4118 -2
4119 4119 -2
4120 4120 -2
4121 4121 -1
4122 4122 -3
4123 4123 -2
4124 4124 -1
4126 4126 -1
4127 4127 -4
4128 4128 -2
4129 4129 -3
4130 4130 -4
4131 4131 -3
4133 4133 -3
4134 4134 -2
4135 4135 -3
4136 4136 -1
4137 4137 -1
4139 4139 -1
4140 4140 -2
4141 4141 -2
4142 4142 -2
4143 4143 -5
4144 4144 -1
4146 4146 -2
4147 4147 -2
4148 4148 -2
4149 4149 -1
4150 4150 -2
4151 4151 -1
4152 4152 -2
4153 4153 -1
4154 4154 -2
4155 4155 -2
4156 4156 -1
4157 4157 -1
4158 4158 -4
4159 4159 -3
4160 4160 -2
4161 4161 -1
4162 4162 -3
4163 4163 -1
4164 4164 -1
4165 4165 -7
4167 4167 -2
4168 4168 -1
4169 4169 -3
4170 4170 -1
4171 4171 -3
4172 4172 -1
4173 4173 -2
4174 4174 -2
4175 4175 -1
4176 4176 -1
4177 4177 -3
4178 4178 -5
4179 4179 -1
4180 4180 -3
4182 4182 -2
4183 4183 -5
4184 4184 -1
4185 4185 -1
4186 4186 -3
4187 4187 -4
4188 4188 -2
4189 4189 -1
4190 4190 -5
4191 4191 -4
4192 4192 -2
4193 4193 -3
4195 4195 -1
4197 4197 -3
4198 4198 -2
4199 4199 -4
4200 4200 -3
4201 4201 -2
4202 4202 -3
4203 4203 -2
4204 4204 -3
4205 4205 -1
4207 4207 -2
4208 4208 -2
4209 4209 -1
4210 4210 -5
4211 4211 -1
4212 4212 -3
4213 4213 -2
4215 4215 -1
4216 4216 -3
4217 4217 -4
4218 4218 -4
4219 4219 -2
4220 4220 -4
4221 4221 -6
4222 4222 -1
4223 4223 -1
4224 4224 -2
4225 4225 -2
4226 4226 -3
4227 4227 -2
4228 4228 -1
4229 4229 -3
4230 4230 -3
4231 4231 -1
4232 4232 -3
4233 4233 -2
4234 4234 -2
4235 4235 -1
4236 4236 -2
4238 4238 -1
4239 4239 -5
4240 4240 -8
4241 4241 -1
4242 4242 -1
4243 4243 -4
4244 4244 -1
4245 4245 -2
4246 4246 -3
4249 4249 -1
4250 4250 -3
4251 4251 -1
4252 4252 -2
4253 4253 -2
4254 4254 -3
4256 4256 -3
4257 4257 -2
4258 4258 -1
4259 4259 -2
4260 4260 -2
4261 4261 -4
4263 4263 -1
4264 4264 -1
4265 4265 -2
4267 4267 -4
4268 4268 -2
4269 4269 -1
4271 4271 -1
4272 4272 -2
4273 4273 -3
4274 4274 -1
4275 4275 -5
4276 4276 -1
4277 4277 -2
4278 4278 -3
4279 4279 -2
4280 4280 -2
4281 4281 -1
4282 4282 -2
4284 4284 -4
4287 4287 -2
4288 4288 -3
4289 4289 -3
4290 4290 -2
4292 4292 -1
4293 4293 -1
4294 4294 -1
4295 4295 -3
4296 4296 -1
4299 4299 -1
4300 4300 -1
4302 4302 -2
4303 4303 -1
4304 4304 -5
4306 4306 -4
4307 4307 -1
4308 4308 -3
4309 4309 -1
4310 4310 -1
4311 4311 -1
4312 4312 -2
4313 4313 -1
4314 4314 -4
4315 4315 -2
4316 4316 -1
4317 4317 -2
4318 4318 -1
4319 4319 -3
4320 4320 -4
4321 4321 -2
4324 4324 -2
4325 4325 -2
4326 4326 -6
4327 4327 -5
4328 4328 -2
4330 4330 -1
4331 4331 -3
4332 4332 -2
4333 4333 -1
4334 4334 -1
4335 4335 -3
4336 4336 -2
4337 4337 -2
4339 4339 -1
4340 4340 -3
4342 4342 -3
4343 4343 -1
4344 4344 -4
4345 4345 -2
4346 4346 -2
4347 4347 -1
4348 4348 -3
4349 4349 -2
4352 4352 -1
4353 4353 -1
4354 4354 -1
4355 4355 -3
4356 4356 -1
4360 4360 -2
4361 4361 -2
4362 4362 -4
4364 4364 -2
4365 4365 -1
4366 4366 -1
4367 4367 -1
4369 4369 -3
4371 4371 -1
4373 4373 -2
4374 4374 -2
4375 4375 -3
4376 4376 -1
4377 4377 -2
4378 4378 -4
4380 4380 -1
4381 4381 -1
4382 4382 -3
4383 4383 -1
4384 4384 -1
4385 4385 -1
4386 4386 -5
4387 4387 -1
4388 4388 -3
4389 4389 -2
4390 4390 -3
4391 4391 -3
4392 4392 -1
4393 4393 -2
4394 4394 -1
4395 4395 -2
4396 4396 -2
4397 4397 -2
4398 4398 -1
4399 4399 -2
4400 4400 -3
4401 4401 -4
4403 4403 -3
4404 4404 -4
4405 4405 -2
4406 4406 -3
4407 4407 -5
4408 4408 -1
4409 4409 -1
4410 4410 -1
4411 4411 -1
4412 4412 -4
4413 4413 -4
4414 4414 -1
4415 4415 -4
4416 4416 -2
4417 4417 -2
4418 4418 -1
4419 4419 -2
4420 4420 -2
4422 4422 -1
4423 4423 -1
4424 4424 -3
4425 4425 -2
4426 4426 -1
4427 4427 -4
4428 4428 -2
4429 4429 -3
4431 4431 -2
4433 4433 -1
4434 4434 -3
4435 4435 -3
4436 4436 -3
4437 4437 -2
4438 4438 -1
4439 4439 -4
4440 4440 -2
4441 4441 -2
4442 4442 -3
4443 4443 -2
4444 4444 -2
4445 4445 -1
4446 4446 -2
4447 4447 -3
4448 4448 -2
4449 4449 -3
4450 4450 -1
4451 4451 -4
4452 4452 -3
4453 4453 -3
4454 4454 -2
4455 4455 -4
4456 4456 -2
4457 4457 -1
4459 4459 -2
4461 4461 -3
4462 4462 -2
4463 4463 -4
4464 4464 -4
4465 4465 -1
4467 4467 -1
4468 4468 -1
4469 4469 -3
4472 4472 -2
4473 4473 -3
4474 4474 -3
4475 4475 -1
4476 4476 -1
4477 4477 -2
4478 4478 -3
4479 4479 -2
4480 4480 -2
4481 4481 -2
4482 4482 -2
4484 4484 -2
4486 4486 -2
4487 4487 -4
4488 4488 -5
4489 4489 -3
4490 4490 -4
4491 4491 -2
4492 4492 -1
4493 4493 -1
4496 4496 -2
4498 4498 -2
4499 4499 -1
4500 4500 -2
4502 4502 -4
4503 4503 -3
4504 4504 -1
4505 4505 -2
4506 4506 -1
4507 4507 -4
4508 4508 -1
4509 4509 -1
4510 4510 -2
4511 4511 -1
4512 4512 -1
4513 4513 -2
4515 4515 -1
4516 4516 -4
4517 4517 -3
4518 4518 -1
4519 4519 -1
4520 4520 -1
4521 4521 -4
4522 4522 -3
4523 4523 -2
4524 4524 -4
4525 4525 -2
4526 4526 -1
4527 4527 -3
4528 4528 -3
4529 4529 -4
4530 4530 -4
4531 4531 -2
4532 4532 -5
4533 4533 -4
4534 4534 -1
4535 4535 -1
4536 4536 -2
4537 4537 -2
4539 4539 -1
4540 4540 -1
4541 4541 -3
4542 4542 -3
4543 4543 -3
4544 4544 -3
4545 4545 -3
4548 4548 -1
4549 4549 -4
4550 4550 -1
4551 4551 -2
4552 4552 -3
4553 4553 -3
4555 4555 -2
4557 4557 -3
4558 4558 -4
4559 4559 -4
4560 4560 -2
4561 4561 -1
4563 4563 -2
4565 4565 -3
4566 4566 -4
4567 4567 -1
4569 4569 -1
4570 4570 -2
4571 4571 -1
4572 4572 -3
4573 4573 -2
4574 4574 -1
4575 4575 -2
4578 4578 -3
4579 4579 -1
4580 4580 -4
4581 4581 -2
4582 4582 -2
4583 4583 -1
4584 4584 -2
4587 4587 -2
4589 4589 -3
4590 4590 -1
4591 4591 -3
4592 4592 -1
4593 4593 -4
4594 4594 -1
4596 4596 -1
4597 4597 -2
4598 4598 -3
4599 4599 -4
4600 4600 -4
4601 4601 -2
4602 4602 -5
4603 4603 -1
4604 4604 -3
4605 4605 -5
4606 4606 -1
4608 4608 -2
4609 4609 -1
4610 4610 -3
4611 4611 -1
4612 4612 -4
4613 4613 -1
4614 4614 -1
4616 4616 -2
4617 4617 -1
4619 4619 -3
4622 4622 -1
4623 4623 -3
4624 4624 -3
4625 4625 -1
4626 4626 -4
4627 4627 -3
4628 4628 -4
4629 4629 -2
4630 4630 -1
4631 4631 -1
4632 4632 -2
4633 4633 -6
4634 4634 -1
4635 4635 -2
4636 4636 -2
4637 4637 -2
4638 4638 -4
4639 4639 -1
4640 4640 -1
4642 4642 -2
4643 4643 -2
4644 4644 -5
4645 4645 -4
4646 4646 -1
4647 4647 -1
4648 4648 -6
4649 4649 -3
4650 4650 -3
4651 4651 -3
4652 4652 -2
4653 4653 -1
4654 4654 -1
4655 4655 -2
4656 4656 -2
4657 4657 -2
4658 4658 -1
4659 4659 -2
4660 4660 -1
4661 4661 -2
4662 4662 -3
4663 4663 -2
4664 4664 -3
4665 4665 -2
4666 4666 -3
4667 4667 -2
4668 4668 -1
4669 4669 -2
4670 4670 -1
4671 4671 -1
4672 4672 -1
4673 4673 -2
4674 4674 -1
4676 4676 -1
4677 4677 -1
4678 4678 -3
4679 4679 -2
4680 4680 -3
4681 4681 -2
4682 4682 -3
4683 4683 -1
4684 4684 -2
4686 4686 -1
4687 4687 -6
4688 4688 -2
4689 4689 -4
4690 4690 -3
4691 4691 -1
4692 4692 -2
4693 4693 -2
4694 4694 -2
4697 4697 -2
4698 4698 -2
4699 4699 -2
4700 4700 -1
4702 4702 -1
4703 4703 -6
4704 4704 -2
4706 4706 -3
4707 4707 -3
4708 4708 -3
4709 4709 -1
4710 4710 -4
4711 4711 -3
4712 4712 -4
4714 4714 -5
4715 4715 -2
4716 4716 -3
4717 4717 -1
4718 4718 -1
4719 4719 -2
4720 4720 -2
4721 4721 -2
4723 4723 -2
4724 4724 -2
4725 4725 -2
4726 4726 -3
4727 4727 -4
4728 4728 -1
4729 4729 -3
4730 4730 -2
4731 4731 -3
4732 4732 -4
4733 4733 -4
4734 4734 -1
4735 4735 -5
4737 4737 -1
4738 4738 -3
4739 4739 -3
4740 4740 -1
4741 4741 -2
4742 4742 -2
4743 4743 -2
4747 4747 -2
4748 4748 -1
4749 4749 -2
4750 4750 -3
4751 4751 -1
4752 4752 -3
4754 4754 -3
4755 4755 -2
4756 4756 -2
4758 4758 -2
4759 4759 -1
4760 4760 -1
4761 4761 -1
4762 4762 -1
4764 4764 -1
4765 4765 -2
4766 4766 -4
4767 4767 -2
4768 4768 -2
4769 4769 -4
4770 4770 -4
4771 4771 -1
4772 4772 -2
4774 4774 -2
4776 4776 -2
4778 4778 -1
4779 4779 -2
4780 4780 -1
4781 4781 -1
4782 4782 -1
4784 4784 -2
4785 4785 -5
4786 4786 -2
4787 4787 -7
4788 4788 -2
4790 4790 -1
4791 4791 -3
4792 4792 -3
4793 4793 -1
4794 4794 -4
4795 4795 -3
4796 4796 -3
4797 4797 -2
4798 4798 -4
4799 4799 -4
4800 4800 -2
4801 4801 -2
4802 4802 -1
4803 4803 -1
4804 4804 -2
4805 4805 -1
4806 4806 -1
4807 4807 -2
4808 4808 -3
4809 4809 -7
4810 4810 -1
4811 4811 -1
4812 4812 -7
4813 4813 -4
4814 4814 -1
4815 4815 -3
4816 4816 -1
4817 4817 -2
4818 4818 -2
4819 4819 -1
4820 4820 -2
4821 4821 -4
4822 4822 -2
4823 4823 -6
4824 4824 -1
4825 4825 -1
4826 4826 -1
4828 4828 -1
4829 4829 -3
4830 4830 -4
4831 4831 -4
4832 4832 -2
4833 4833 -2
4836 4836 -4
4837 4837 -1
4838 4838 -2
4839 4839 -2
4840 4840 -4
4841 4841 -1
4842 4842 -3
4843 4843 -2
4844 4844 -5
4845 4845 -1
4846 4846 -4
4847 4847 -3
4848 4848 -2
4849 4849 -1
4850 4850 -1
4851 4851 -1
4852 4852 -3
4853 4853 -4
4854 4854 -2
4855 4855 -1
4856 4856 -2
4857 4857 -1
4858 4858 -1
4859 4859 -1
4860 4860 -2
4861 4861 -3
4862 4862 -2
4863 4863 -4
4864 4864 -4
4865 4865 -1
4866 4866 -4
4868 4868 -3
4870 4870 -1
4871 4871 -1
4872 4872 -1
4873 4873 -3
4874 4874 -1
4875 4875 -3
4876 4876 -3
4877 4877 -1
4878 4878 -1
4879 4879 -3
4880 4880 -4
4881 4881 -2
4882 4882 -3
4883 4883 -1
4884 4884 -2
4885 4885 -5
4886 4886 -2
4887 4887 -2
4889 4889 -1
4890 4890 -4
4891 4891 -4
4892 4892 -1
4893 4893 -3
4894 4894 -2
4895 4895 -1
4896 4896 -1
4897 4897 -4
4898 4898 -1
4900 4900 -2
4901 4901 -2
4902 4902 -5
4903 4903 -3
4905 4905 -3
4906 4906 -1
4907 4907 -1
4908 4908 -1
4909 4909 -3
4910 4910 -3
4911 4911 -2
4912 4912 -3
4913 4913 -1
4915 4915 -4
4916 4916 -1
4917 4917 -1
4918 4918 -1
4920 4920 -2
4921 4921 -2
4922 4922 -5
4923 4923 -3
4924 4924 -6
4926 4926 -2
4927 4927 -2
4928 4928 -2
4929 4929 -1
4930 4930 -2
4931 4931 -4
4932 4932 -1
4933 4933 -2
4934 4934 -2
4935 4935 -4
4936 4936 -1
4937 4937 -2
4938 4938 -3
4939 4939 -2
4940 4940 -2
4941 4941 -1
4942 4942 -4
4943 4943 -1
4944 4944 -3
4945 4945 -4
4946 4946 -1
4947 4947 -3
4948 4948 -1
4949 4949 -2
4950 4950 -2
4951 4951 -1
4952 4952 -1
4953 4953 -5
4954 4954 -2
4955 4955 -3
4956 4956 -3
4957 4957 -2
4958 4958 -2
4959 4959 -2
4960 4960 -3
4961 4961 -3
4963 4963 -1
4964 4964 -2
4965 4965 -3
4966 4966 -2
4967 4967 -1
4969 4969 -4
4970 4970 -2
4972 4972 -3
4973 4973 -9
4974 4974 -1
4975 4975 -1
4976 4976 -2
4977 4977 -4
4978 4978 -2
4979 4979 -3
4980 4980 -2
4981 4981 -1
4982 4982 -1
4983 4983 -4
4985 4985 -3
4986 4986 -3
4987 4987 -3
4988 4988 -1
4989 4989 -3
4990 4990 -4
4991 4991 -1
4993 4993 -3
4994 4994 -2
4995 4995 -3
4996 4996 -3
4997 4997 -1
4998 4998 -1
4999 4999 -2
5000 5000 -4
5001 5001 -3
5002 5002 -3
5003 5003 -4
5004 5004 -1
5005 5005 -1
5006 5006 -2
5008 5008 -1
5009 5009 -2
5010 5010 -3
5011 5011 -1
5012 5012 -2
5013 5013 -2
5015 5015 -3
5016 5016 -4
5017 5017 -2
5018 5018 -4
5019 5019 -1
5021 5021 -1
5022 5022 -2
5023 5023 -2
5024 5024 -1
5025 5025 -1
5026 5026 -4
5027 5027 -2
5028 5028 -3
5029 5029 -2
5030 5030 -1
5031 5031 -3
5032 5032 -2
5033 5033 -2
5034 5034 -2
5035 5035 -1
5036 5036 -2
5038 5038 -4
5039 5039 -1
5040 5040 -1
5041 5041 -1
5042 5042 -2
5043 5043 -5
5044 5044 -2
5045 5045 -1
5046 5046 -1
5047 5047 -4
5048 5048 -1
5049 5049 -2
5050 5050 -1
5051 5051 -2
5052 5052 -1
5053 5053 -2
5054 5054 -3
5055 5055 -3
5056 5056 -1
5057 5057 -3
5058 5058 -1
5059 5059 -1
5060 5060 -1
5061 5061 -3
5062 5062 -2
5065 5065 -5
5067 5067 -2
5068 5068 -2
5069 5069 -1
5070 5070 -2
5071 5071 -1
5073 5073 -2
5074 5074 -2
5075 5075 -1
5076 5076 -1
5077 5077 -2
5078 5078 -2
5079 5079 -1
5080 5080 -3
5081 5081 -2
5082 5082 -2
5083 5083 -4
5084 5084 -1
5085 5085 -5
5087 5087 -2
5088 5088 -1
5089 5089 -2
5090 5090 -1
5092 5092 -1
5093 5093 -2
5095 5095 -2
5096 5096 -1
5097 5097 -1
5098 5098 -2
5099 5099 -2
5102 5102 -3
5103 5103 -4
5104 5104 -1
5105 5105 -2
5106 5106 -3
5107 5107 -2
5108 5108 -3
5109 5109 -2
5110 5110 -4
5111 5111 -2
5113 5113 -2
5114 5114 -2
5115 5115 -3
5116 5116 -1
5117 5117 -2
5118 5118 -1
5119 5119 -3
5120 5120 -4
5121 5121 -1
5122 5122 -1
5123 5123 -3
5124 5124 -2
5125 5125 -1
5126 5126 -2
5128 5128 -1
5129 5129 -2
5130 5130 -3
5131 5131 -2
5132 5132 -3
5133 5133 -1
5134 5134 -1
5135 5135 -1
5136 5136 -4
5137 5137 -1
5138 5138 -1
5139 5139 -1
5141 5141 -1
5142 5142 -1
5143 5143 -4
5144 5144 -2
5146 5146 -1
5147 5147 -1
5148 5148 -1
5149 5149 -2
5150 5150 -2
5153 5153 -1
5154 5154 -5
5155 5155 -4
5156 5156 -2
5157 5157 -1
5158 5158 -2
5159 5159 -3
5160 5160 -3
5161 5161 -1
5162 5162 -4
5163 5163 -2
5164 5164 -2
5165 5165 -1
5166 5166 -3
5168 5168 -2
5169 5169 -3
5171 5171 -3
5172 5172 -5
5173 5173 -5
5174 5174 -2
5175 5175 -2
5176 5176 -1
5177 5177 -3
5178 5178 -1
5179 5179 -4
5180 5180 -1
5181 5181 -2
5182 5182 -3
5183 5183 -1
5184 5184 -4
5185 5185 -2
5186 5186 -1
5188 5188 -2
5189 5189 -2
5190 5190 -5
5191 5191 -2
5192 5192 -1
5193 5193 -1
5194 5194 -2
5195 5195 -1
5196 5196 -1
5197 5197 -1
5198 5198 -3
5199 5199 -2
5200 5200 -3
5201 5201 -3
5202 5202 -1
5204 5204 -4
5205 5205 -1
5206 5206 -3
5207 5207 -1
5208 5208 -3
5210 5210 -3
5211 5211 -3
5212 5212 -4
5215 5215 -1
5216 5216 -2
5217 5217 -1
5218 5218 -4
5220 5220 -2
5221 5221 -2
5223 5223 -3
5224 5224 -4
5225 5225 -1
5226 5226 -3
5227 5227 -3
5228 5228 -2
5229 5229 -1
5230 5230 -4
5231 5231 -2
5233 5233 -2
5234 5234 -1
5235 5235 -2
5237 5237 -2
5238 5238 -3
5239 5239 -4
5240 5240 -2
5241 5241 -1
5242 5242 -3
5243 5243 -1
5244 5244 -5
5245 5245 -2
5247 5247 -2
5249 5249 -1
5251 5251 -3
5252 5252 -1
5253 5253 -5
5254 5254 -4
5255 5255 -4
5256 5256 -2
5258 5258 -2
5259 5259 -2
5260 5260 -3
5261 5261 -3
5262 5262 -1
5263 5263 -1
5264 5264 -4
5266 5266 -2
5267 5267 -1
5268 5268 -2
5269 5269 -2
5270 5270 -3
5271 5271 -4
5272 5272 -3
5273 5273 -3
5274 5274 -4
5275 5275 -3
5276 5276 -2
5277 5277 -3
5278 5278 -2
5279 5279 -2
5280 5280 -3
5281 5281 -1
5282 5282 -7
5283 5283 -6
5284 5284 -1
5285 5285 -6
5287 5287 -1
5288 5288 -5
5290 5290 -3
5291 5291 -2
5292 5292 -2
5293 5293 -1
5295 5295 -1
5296 5296 -1
5298 5298 -3
5299 5299 -3
5300 5300 -1
5301 5301 -2
5302 5302 -1
5303 5303 -2
5304 5304 -4
5305 5305 -1
5306 5306 -2
5308 5308 -3
5309 5309 -2
5310 5310 -2
5312 5312 -3
5313 5313 -1
5314 5314 -3
5315 5315 -2
5316 5316 -1
5318 5318 -1
5319 5319 -1
5320 5320 -3
5322 5322 -2
5323 5323 -1
5325 5325 -2
5326 5326 -3
5327 5327 -4
5328 5328 -2
5329 5329 -2
5330 5330 -3
5331 5331 -2
5332 5332 -1
5333 5333 -2
5334 5334 -3
5335 5335 -2
5336 5336 -2
5337 5337 -4
5338 5338 -2
5339 5339 -1
5340 5340 -4
5341 5341 -4
5342 5342 -2
5343 5343 -3
5344 5344 -1
5345 5345 -1
5346 5346 -5
5347 5347 -1
5348 5348 -3
5349 5349 -3
5350 5350 -3
5351 5351 -3
5352 5352 -2
5353 5353 -2
5354 5354 -3
5355 5355 -2
5356 5356 -3
5357 5357 -2
5358 5358 -3
5359 5359 -3
5360 5360 -2
5361 5361 -2
5362 5362 -1
5365 5365 -3
5366 5366 -4
5369 5369 -5
5370 5370 -3
5371 5371 -2
5372 5372 -1
5373 5373 -2
5374 5374 -1
5375 5375 -4
5376 5376 -1
5377 5377 -2
5378 5378 -1
5379 5379 -4
5380 5380 -3
5381 5381 -3
5382 5382 -1
5383 5383 -2
5384 5384 -2
5385 5385 -3
5386 5386 -2
5387 5387 -1
5388 5388 -1
5389 5389 -3
5391 5391 -5
5392 5392 -1
5394 5394 -2
5395 5395 -1
5396 5396 -2
5397 5397 -1
5398 5398 -1
5399 5399 -2
5400 5400 -1
5401 5401 -5
5402 5402 -1
5403 5403 -2
5404 5404 -2
5406 5406 -1
5407 5407 -3
5408 5408 -1
5409 5409 -1
5410 5410 -1
5411 5411 -2
5413 5413 -1
5416 5416 -1
5417 5417 -5
5418 5418 -3
5419 5419 -3
5421 5421 -2
5422 5422 -2
5423 5423 -1
5424 5424 -1
5425 5425 -1
5428 5428 -1
5429 5429 -2
5430 5430 -3
5431 5431 -1
5432 5432 -2
5433 5433 -2
5435 5435 -3
5436 5436 -1
5437 5437 -2
5438 5438 -6
5439 5439 -2
5440 5440 -2
5441 5441 -2
5442 5442 -5
5443 5443 -2
5445 5445 -1
5446 5446 -3
5447 5447 -2
5448 5448 -1
5449 5449 -5
5450 5450 -3
5451 5451 -9
5452 5452 -2
5453 5453 -2
5454 5454 -2
5455 5455 -1
5456 5456 -1
5457 5457 -1
5458 5458 -5
5459 5459 -4
5460 5460 -4
5461 5461 -2
5463 5463 -2
5464 5464 -1
5466 5466 -3
5467 5467 -3
5468 5468 -1
5469 5469 -3
5470 5470 -1
5471 5471 -2
5472 5472 -1
5473 5473 -3
5474 5474 -1
5475 5475 -2
5476 5476 -1
5477 5477 -2
5478 5478 -4
5479 5479 -3
5480 5480 -5
5481 5481 -1
5482 5482 -3
5483 5483 -1
5484 5484 -1
5485 5485 -2
5486 5486 -3
5487 5487 -1
5490 5490 -2
5491 5491 -1
5492 5492 -4
5493 5493 -1
5494 5494 -1
5495 5495 -3
5498 5498 -3
5499 5499 -2
5501 5501 -3
5502 5502 -2
5503 5503 -3
5504 5504 -4
5505 5505 -1
5506 5506 -3
5507 5507 -1
5508 5508 -3
5509 5509 -2
5510 5510 -3
5511 5511 -1
5512 5512 -2
5513 5513 -2
5514 5514 -1
5515 5515 -2
5516 5516 -1
5517 5517 -1
5518 5518 -1
5519 5519 -1
5520 5520 -2
5521 5521 -1
5522 5522 -2
5523 5523 -2
5525 5525 -1
5526 5526 -2
5529 5529 -2
5530 5530 -1
5531 5531 -2
5532 5532 -2
5533 5533 -2
5534 5534 -2
5536 5536 -1
5537 5537 -4
5538 5538 -4
5539 5539 -1
5540 5540 -1
5541 5541 -3
5542 5542 -1
5543 5543 -1
5544 5544 -2
5545 5545 -3
5547 5547 -5
5548 5548 -3
5549 5549 -3
5550 5550 -2
5552 5552 -1
5553 5553 -2
5554 5554 -2
5555 5555 -4
5556 5556 -3
5557 5557 -2
5558 5558 -4
5560 5560 -1
5561 5561 -3
5562 5562 -6
5563 5563 -5
5564 5564 -2
5565 5565 -1
5566 5566 -3
5567 5567 -3
5568 5568 -1
5569 5569 -1
5570 5570 -2
5571 5571 -1
5572 5572 -2
5573 5573 -4
5574 5574 -3
5575 5575 -1
5576 5576 -3
5577 5577 -4
5578 5578 -3
5580 5580 -4
5581 5581 -1
5583 5583 -4
5584 5584 -1
5585 5585 -5
5586 5586 -4
5588 5588 -1
5589 5589 -3
5590 5590 -1
5591 5591 -4
5593 5593 -3
5594 5594 -2
5595 5595 -2
5596 5596 -1
5597 5597 -3
5598 5598 -3
5599 5599 -3
5601 5601 -1
5602 5602 -1
5603 5603 -2
5604 5604 -1
5606 5606 -1
5607 5607 -3
5609 5609 -4
5610 5610 -4
5611 5611 -3
5612 5612 -2
5613 5613 -4
5614 5614 -3
5615 5615 -3
5617 5617 -1
5618 5618 -2
5619 5619 -4
5620 5620 -1
5621 5621 -2
5622 5622 -1
5623 5623 -1
5625 5625 -2
5626 5626 -2
5627 5627 -3
5628 5628 -2
5629 5629 -2
5630 5630 -1
5631 5631 -3
5632 5632 -2
5633 5633 -1
5634 5634 -3
5635 5635 -2
5636 5636 -2
5639 5639 -1
5640 5640 -1
5641 5641 -4
5642 5642 -2
5643 5643 -3
5644 5644 -1
5645 5645 -2
5646 5646 -1
5649 5649 -1
5650 5650 -2
5651 5651 -2
5652 5652 -1
5653 5653 -4
5654 5654 -1
5655 5655 -2
5656 5656 -3
5657 5657 -2
5658 5658 -3
5659 5659 -2
5660 5660 -4
5661 5661 -3
5663 5663 -2
5664 5664 -3
5665 5665 -2
5666 5666 -5
5667 5667 -1
5668 5668 -1
5669 5669 -2
5670 5670 -3
5671 5671 -1
5672 5672 -1
5673 5673 -2
5674 5674 -2
5676 5676 -2
5677 5677 -1
5678 5678 -1
5679 5679 -1
5681 5681 -3
5682 5682 -6
5683 5683 -2
5685 5685 -1
5686 5686 -3
5687 5687 -3
5688 5688 -3
5690 5690 -2
5691 5691 -2
5693 5693 -2
5694 5694 -4
5695 5695 -5
5696 5696 -1
5697 5697 -2
5698 5698 -3
5699 5699 -1
5700 5700 -1
5701 5701 -3
5702 5702 -1
5703 5703 -1
5704 5704 -2
5705 5705 -3
5706 5706 -2
5707 5707 -1
5708 5708 -3
5709 5709 -1
5710 5710 -2
5711 5711 -1
5712 5712 -1
5713 5713 -1
5714 5714 -3
5716 5716 -4
5717 5717 -3
5718 5718 -3
5719 5719 -1
5720 5720 -2
5721 5721 -3
5722 5722 -3
5723 5723 -2
5724 5724 -1
5725 5725 -5
5726 5726 -3
5727 5727 -2
5728 5728 -3
5730 5730 -1
5731 5731 -1
5732 5732 -2
5733 5733 -1
5734 5734 -2
5735 5735 -2
5736 5736 -4
5737 5737 -2
5738 5738 -3
5739 5739 -3
5740 5740 -4
5741 5741 -2
5742 5742 -2
5743 5743 -4
5744 5744 -2
5745 5745 -3
5746 5746 -1
5747 5747 -3
5748 5748 -3
5750 5750 -2
5751 5751 -2
5755 5755 -4
5756 5756 -1
5757 5757 -3
5758 5758 -3
5759 5759 -4
5760 5760 -5
5761 5761 -1
5762 5762 -2
5763 5763 -3
5765 5765 -1
5766 5766 -1
5767 5767 -2
5768 5768 -1
5769 5769 -2
5770 5770 -1
5771 5771 -1
5772 5772 -1
5773 5773 -2
5774 5774 -1
5775 5775 -2
5777 5777 -2
5778 5778 -1
5780 5780 -1
5781 5781 -2
5782 5782 -4
5783 5783 -3
5784 5784 -3
5786 5786 -1
5787 5787 -3
5788 5788 -3
5789 5789 -1
5790 5790 -2
5791 5791 -1
5792 5792 -2
5793 5793 -2
5795 5795 -3
5796 5796 -2
5797 5797 -3
5799 5799 -3
5800 5800 -3
5802 5802 -4
5803 5803 -1
5804 5804 -1
5805 5805 -1
5806 5806 -3
5807 5807 -1
5808 5808 -2
5811 5811 -3
5812 5812 -2
5814 5814 -1
5815 5815 -4
5816 5816 -3
5817 5817 -1
5818 5818 -3
5819 5819 -2
5821 5821 -3
5823 5823 -4
5824 5824 -2
5825 5825 -3
5826 5826 -3
5827 5827 -1
5828 5828 -1
5829 5829 -3
5830 5830 -5
5831 5831 -5
5832 5832 -1
5835 5835 -4
5836 5836 -2
5838 5838 -1
5839 5839 -3
5840 5840 -3
5841 5841 -5
5842 5842 -2
5843 5843 -3
5844 5844 -2
5845 5845 -4
5846 5846 -1
5847 5847 -2
5848 5848 -2
5849 5849 -3
5850 5850 -1
5852 5852 -2
5853 5853 -2
5854 5854 -2
5855 5855 -4
5856 5856 -1
5857 5857 -1
5858 5858 -2
5859 5859 -2
5860 5860 -1
5861 5861 -2
5864 5864 -1
5865 5865 -4
5866 5866 -4
5867 5867 -2
5868 5868 -2
5869 5869 -1
5870 5870 -2
5871 5871 -2
5874 5874 -2
5875 5875 -1
5878 5878 -2
5879 5879 -2
5882 5882 -1
5883 5883 -1
5884 5884 -1
5886 5886 -2
5888 5888 -1
5890 5890 -3
5891 5891 -1
5892 5892 -3
5893 5893 -2
5894 5894 -2
5896 5896 -2
5897 5897 -2
5899 5899 -1
5903 5903 -1
5904 5904 -1
5905 5905 -2
5906 5906 -2
5907 5907 -2
5909 5909 -1
5910 5910 -3
5911 5911 -5
5912 5912 -2
5913 5913 -2
5914 5914 -2
5917 5917 -2
5918 5918 -1
5919 5919 -2
5920 5920 -3
5921 5921 -2
5922 5922 -2
5923 5923 -2
5924 5924 -1
5925 5925 -2
5927 5927 -1
5928 5928 -3
5930 5930 -1
5931 5931 -4
5932 5932 -2
5933 5933 -3
5934 5934 -2
5935 5935 -1
5936 5936 -5
5937 5937 -2
5938 5938 -2
5939 5939 -2
5940 5940 -4
5941 5941 -1
5942 5942 -3
5945 5945 -1
5946 5946 -1
5947 5947 -5
5948 5948 -2
5949 5949 -1
5950 5950 -5
5951 5951 -2
5952 5952 -1
5953 5953 -3
5954 5954 -2
5955 5955 -2
5956 5956 -2
5957 5957 -2
5958 5958 -2
5960 5960 -1
5961 5961 -2
5962 5962 -1
5963 5963 -3
5964 5964 -2
5965 5965 -5
5967 5967 -3
5968 5968 -3
5969 5969 -3
5970 5970 -2
5971 5971 -3
5973 5973 -2
5974 5974 -1
5975 5975 -1
5976 5976 -2
5977 5977 -1
5978 5978 -5
5980 5980 -2
5981 5981 -3
5982 5982 -1
5983 5983 -4
5984 5984 -4
5985 5985 -4
5986 5986 -2
5987 5987 -3
5989 5989 -3
5990 5990 -2
5991 5991 -3
5992 5992 -4
5993 5993 -1
5994 5994 -2
5995 5995 -2
5996 5996 -3
5997 5997 -1
5998 5998 -1
5999 5999 -2
6000 6000 -2
6001 6001 -2
6002 6002 -3
6003 6003 -1
6004 6004 -2
6005 6005 -2
6006 6006 -4
6007 6007 -1
6008 6008 -3
6009 6009 -1
6010 6010 -2
6012 6012 -2
6015 6015 -2
6016 6016 -1
6017 6017 -4
6018 6018 -2
6019 6019 -2
6020 6020 -1
6021 6021 -2
6024 6024 -1
6025 6025 -4
6026 6026 -1
6030 6030 -2
6031 6031 -2
6032 6032 -4
6033 6033 -1
6034 6034 -5
6035 6035 -5
6036 6036 -2
6037 6037 -1
6038 6038 -1
6039 6039 -2
6040 6040 -2
6041 6041 -3
6042 6042 -3
6043 6043 -1
6044 6044 -2
6045 6045 -1
6046 6046 -1
6047 6047 -1
6049 6049 -4
6050 6050 -1
6053 6053 -2
6054 6054 -2
6055 6055 -5
6057 6057 -2
6058 6058 -3
6059 6059 -2
6060 6060 -1
6061 6061 -3
6062 6062 -1
6063 6063 -3
6064 6064 -1
6065 6065 -1
6066 6066 -3
6068 6068 -1
6069 6069 -3
6070 6070 -6
6071 6071 -3
6072 6072 -5
6073 6073 -5
6074 6074 -2
6075 6075 -2
6076 6076 -1
6077 6077 -5
6081 6081 -2
6082 6082 -5
6083 6083 -2
6084 6084 -3
6085 6085 -2
6086 6086 -2
6087 6087 -3
6088 6088 -5
6089 6089 -3
6090 6090 -1
6091 6091 -3
6092 6092 -2
6095 6095 -3
6096 6096 -2
6097 6097 -2
6098 6098 -5
6099 6099 -2
6100 6100 -3
6101 6101 -3
6102 6102 -2
6104 6104 -1
6105 6105 -1
6106 6106 -1
6107 6107 -1
6108 6108 -3
6109 6109 -1
6110 6110 -1
6111 6111 -3
6112 6112 -3
6113 6113 -1
6114 6114 -4
6115 6115 -3
6116 6116 -4
6117 6117 -3
6118 6118 -2
6119 6119 -2
6120 6120 -1
6121 6121 -2
6122 6122 -5
6123 6123 -2
6125 6125 -3
6126 6126 -2
6127 6127 -1
6128 6128 -2
6129 6129 -2
6130 6130 -4
6131 6131 -2
6132 6132 -2
6133 6133 -2
6135 6135 -2
6136 6136 -1
6137 6137 -3
6138 6138 -1
6139 6139 -3
6140 6140 -1
6141 6141 -3
6142 6142 -1
6143 6143 -2
6144 6144 -5
6145 6145 -2
6147 6147 -4
6149 6149 -3
6150 6150 -2
6152 6152 -3
6153 6153 -3
6154 6154 -3
6155 6155 -3
6157 6157 -3
6158 6158 -2
6159 6159 -3
6160 6160 -2
6161 6161 -2
6162 6162 -2
6163 6163 -2
6165 6165 -1
6166 6166 -5
6167 6167 -2
6168 6168 -2
6169 6169 -2
6170 6170 -1
6171 6171 -2
6172 6172 -4
6173 6173 -1
6174 6174 -2
6175 6175 -3
6176 6176 -1
6177 6177 -2
6178 6178 -3
6180 6180 -3
6181 6181 -2
6182 6182 -1
6184 6184 -1
6186 6186 -1
6187 6187 -7
6188 6188 -2
6189 6189 -2
6190 6190 -1
6192 6192 -2
6193 6193 -2
6194 6194 -3
6195 6195 -1
6196 6196 -3
6197 6197 -1
6198 6198 -2
6199 6199 -1
6200 6200 -1
6201 6201 -3
6202 6202 -3
6204 6204 -1
6205 6205 -1
6206 6206 -2
6207 6207 -1
6209 6209 -4
6211 6211 -4
6212 6212 -2
6213 6213 -2
6215 6215 -1
6216 6216 -2
6217 6217 -3
6218 6218 -1
6220 6220 -2
6221 6221 -3
6222 6222 -1
6223 6223 -1
6224 6224 -4
6225 6225 -2
6226 6226 -2
6227 6227 -1
6230 6230 -2
6232 6232 -2
6233 6233 -2
6234 6234 -5
6235 6235 -1
6236 6236 -1
6237 6237 -2
6238 6238 -3
6240 6240 -3
6242 6242 -3
6243 6243 -1
6244 6244 -1
6246 6246 -4
6247 6247 -1
6248 6248 -1
6249 6249 -3
6250 6250 -1
6251 6251 -2
6252 6252 -3
6253 6253 -2
6254 6254 -1
6255 6255 -1
6256 6256 -1
6257 6257 -2
6258 6258 -2
6259 6259 -3
6260 6260 -2
6261 6261 -2
6263 6263 -1
6264 6264 -1
6265 6265 -1
6266 6266 -2
6267 6267 -2
6268 6268 -5
6269 6269 -2
6270 6270 -1
6271 6271 -2
6272 6272 -3
6273 6273 -5
6274 6274 -3
6276 6276 -1
6277 6277 -2
6278 6278 -3
6279 6279 -4
6280 6280 -2
6281 6281 -1
6282 6282 -1
6283 6283 -2
6285 6285 -3
6286 6286 -3
6287 6287 -1
6288 6288 -2
6289 6289 -3
6290 6290 -3
6292 6292 -3
6293 6293 -2
6295 6295 -1
6296 6296 -2
6298 6298 -2
6299 6299 -2
6300 6300 -5
6301 6301 -2
6302 6302 -2
6303 6303 -3
6304 6304 -2
6305 6305 -2
6306 6306 -4
6309 6309 -5
6310 6310 -1
6311 6311 -1
6313 6313 -3
6314 6314 -3
6315 6315 -2
6316 6316 -5
6318 6318 -4
6319 6319 -2
6320 6320 -1
6321 6321 -2
6322 6322 -3
6323 6323 -1
6324 6324 -6
6326 6326 -3
6327 6327 -3
6328 6328 -3
6329 6329 -3
6330 6330 -3
6331 6331 -2
6333 6333 -2
6334 6334 -1
6335 6335 -3
6336 6336 -3
6338 6338 -2
6339 6339 -5
6340 6340 -2
6341 6341 -3
6342 6342 -2
6343 6343 -3
6344 6344 -1
6345 6345 -3
6346 6346 -6
6347 6347 -1
6348 6348 -1
6349 6349 -2
6351 6351 -3
6353 6353 -4
6354 6354 -3
6355 6355 -3
6358 6358 -4
6359 6359 -2
6361 6361 -2
6362 6362 -1
6363 6363 -2
6364 6364 -4
6365 6365 -3
6366 6366 -1
6367 6367 -3
6368 6368 -3
6369 6369 -2
6370 6370 -3
6371 6371 -3
6372 6372 -3
6373 6373 -3
6374 6374 -3
6376 6376 -2
6377 6377 -1
6378 6378 -1
6379 6379 -1
6380 6380 -4
6381 6381 -1
6382 6382 -4
6384 6384 -2
6387 6387 -2
6388 6388 -2
6389 6389 -1
6390 6390 -2
6391 6391 -1
6392 6392 -1
6393 6393 -1
6394 6394 -1
6395 6395 -2
6396 6396 -3
6397 6397 -1
6398 6398 -2
6399 6399 -3
6400 6400 -3
6401 6401 -1
6402 6402 -4
6403 6403 -1
6404 6404 -3
6405 6405 -1
6406 6406 -1
6407 6407 -1
6408 6408 -1
6409 6409 -3
6410 6410 -1
6412 6412 -2
6413 6413 -5
6414 6414 -1
6415 6415 -1
6416 6416 -4
6417 6417 -2
6418 6418 -2
6420 6420 -3
6421 6421 -3
6422 6422 -2
6423 6423 -4
6424 6424 -1
6425 6425 -1
6426 6426 -2
6427 6427 -1
6428 6428 -1
6429 6429 -2
6430 6430 -1
6431 6431 -2
6432 6432 -4
6433 6433 -5
6434 6434 -2
6436 6436 -3
6437 6437 -2
6438 6438 -1
6439 6439 -2
6440 6440 -1
6441 6441 -2
6442 6442 -3
6443 6443 -2
6444 6444 -1
6445 6445 -2
6446 6446 -1
6448 6448 -2
6449 6449 -1
6450 6450 -1
6451 6451 -3
6452 6452 -2
6453 6453 -1
6454 6454 -2
6456 6456 -5
6457 6457 -2
6459 6459 -2
6460 6460 -1
6461 6461 -3
6462 6462 -3
6463 6463 -3
6464 6464 -2
6465 6465 -1
6466 6466 -1
6467 6467 -1
6469 6469 -1
6472 6472 -1
6473 6473 -3
6474 6474 -1
6475 6475 -3
6476 6476 -1
6477 6477 -3
6478 6478 -3
6479 6479 -1
6480 6480 -2
6481 6481 -1
6482 6482 -4
6483 6483 -1
6484 6484 -2
6485 6485 -3
6486 6486 -1
6487 6487 -2
6488 6488 -1
6489 6489 -3
6490 6490 -4
6491 6491 -2
6492 6492 -2
6493 6493 -1
6494 6494 -3
6495 6495 -4
6496 6496 -2
6497 6497 -4
6498 6498 -1
6499 6499 -3
6500 6500 -1
6501 6501 -2
6502 6502 -3
6503 6503 -1
6504 6504 -2
6505 6505 -2
6506 6506 -6
6507 6507 -2
6508 6508 -1
6509 6509 -2
6511 6511 -1
6512 6512 -1
6514 6514 -3
6515 6515 -2
6516 6516 -2
6517 6517 -2
6518 6518 -2
6519 6519 -3
6521 6521 -2
6522 6522 -3
6523 6523 -1
6524 6524 -1
6525 6525 -2
6526 6526 -1
6528 6528 -4
6529 6529 -3
6531 6531 -2
6532 6532 -4
6533 6533 -3
6534 6534 -4
6535 6535 -2
6536 6536 -3
6537 6537 -1
6539 6539 -3
6540 6540 -1
6541 6541 -1
6543 6543 -2
6544 6544 -2
6545 6545 -3
6546 6546 -2
6547 6547 -3
6549 6549 -1
6550 6550 -2
6551 6551 -4
6553 6553 -2
6554 6554 -3
6555 6555 -2
6556 6556 -2
6557 6557 -1
6558 6558 -1
6560 6560 -3
6561 6561 -3
6563 6563 -1
6564 6564 -2
6565 6565 -3
6566 6566 -1
6567 6567 -1
6568 6568 -3
6569 6569 -4
6570 6570 -1
6571 6571 -1
6573 6573 -3
6574 6574 -4
6576 6576 -2
6578 6578 -2
6579 6579 -2
6580 6580 -1
6581 6581 -1
6583 6583 -4
6584 6584 -5
6586 6586 -2
6588 6588 -4
6589 6589 -3
6591 6591 -5
6592 6592 -1
6593 6593 -1
6595 6595 -1
6596 6596 -1
6597 6597 -3
6598 6598 -3
6599 6599 -4
6600 6600 -2
6601 6601 -3
6602 6602 -1
6603 6603 -2
6604 6604 -2
6605 6605 -1
6606 6606 -4
6607 6607 -1
6608 6608 -2
6609 6609 -1
6610 6610 -2
6613 6613 -5
6614 6614 -1
6615 6615 -1
6616 6616 -3
6618 6618 -3
6619 6619 -4
6620 6620 -1
6621 6621 -2
6622 6622 -3
6624 6624 -2
6625 6625 -4
6626 6626 -2
6627 6627 -2
6628 6628 -2
6629 6629 -1
6630 6630 -1
6631 6631 -3
6632 6632 -2
6633 6633 -5
6634 6634 -2
6635 6635 -1
6636 6636 -2
6637 6637 -1
6638 6638 -2
6639 6639 -2
6640 6640 -1
6641 6641 -6
6642 6642 -4
6643 6643 -1
6644 6644 -1
6645 6645 -4
6646 6646 -1
6647 6647 -2
6648 6648 -3
6649 6649 -2
6651 6651 -1
6653 6653 -2
6654 6654 -1
6655 6655 -5
6656 6656 -2
6657 6657 -3
6658 6658 -2
6659 6659 -1
6660 6660 -3
6661 6661 -1
6662 6662 -2
6663 6663 -3
6664 6664 -2
6665 6665 -1
6666 6666 -3
6668 6668 -1
6669 6669 -1
6671 6671 -1
6672 6672 -2
6673 6673 -4
6674 6674 -3
6676 6676 -1
6677 6677 -1
6678 6678 -3
6679 6679 -4
6680 6680 -3
6681 6681 -1
6682 6682 -5
6683 6683 -1
6684 6684 -3
6686 6686 -3
6687 6687 -1
6688 6688 -2
6689 6689 -2
6690 6690 -1
6691 6691 -3
6692 6692 -1
6693 6693 -4
6694 6694 -1
6695 6695 -2
6696 6696 -2
6697 6697 -2
6698 6698 -3
6699 6699 -1
6700 6700 -2
6701 6701 -2
6702 6702 -3
6703 6703 -5
6704 6704 -1
6705 6705 -3
6706 6706 -1
6707 6707 -1
6708 6708 -1
6709 6709 -2
6710 6710 -2
6711 6711 -2
6712 6712 -2
6713 6713 -6
6714 6714 -3
6715 6715 -2
6716 6716 -3
6718 6718 -2
6719 6719 -5
6720 6720 -4
6721 6721 -2
6722 6722 -6
6723 6723 -1
6724 6724 -3
6725 6725 -3
6727 6727 -2
6728 6728 -3
6729 6729 -3
6730 6730 -3
6732 6732 -2
6733 6733 -3
6734 6734 -2
6735 6735 -3
6736 6736 -4
6737 6737 -1
6738 6738 -2
6739 6739 -4
6740 6740 -3
6742 6742 -1
6743 6743 -1
6744 6744 -2
6745 6745 -2
6746 6746 -3
6748 6748 -2
6749 6749 -4
6750 6750 -1
6751 6751 -1
6752 6752 -1
6753 6753 -1
6754 6754 -1
6755 6755 -5
6756 6756 -2
6757 6757 -1
6758 6758 -1
6760 6760 -2
6762 6762 -1
6763 6763 -2
6764 6764 -3
6765 6765 -2
6766 6766 -1
6767 6767 -1
6768 6768 -2
6769 6769 -1
6770 6770 -2
6771 6771 -2
6772 6772 -1
6773 6773 -1
6774 6774 -2
6775 6775 -1
6776 6776 -3
6777 6777 -1
6778 6778 -4
6779 6779 -1
6780 6780 -2
6781 6781 -1
6782 6782 -3
6783 6783 -2
6784 6784 -1
6785 6785 -1
6786 6786 -5
6787 6787 -4
6789 6789 -1
6790 6790 -4
6791 6791 -1
6792 6792 -1
6793 6793 -4
6794 6794 -2
6795 6795 -2
6796 6796 -1
6797 6797 -4
6798 6798 -5
6799 6799 -1
6800 6800 -3
6803 6803 -3
6804 6804 -2
6805 6805 -2
6806 6806 -2
6807 6807 -2
6809 6809 -1
6810 6810 -1
6811 6811 -3
6812 6812 -2
6813 6813 -2
6814 6814 -3
6815 6815 -4
6817 6817 -1
6818 6818 -1
6820 6820 -3
6821 6821 -4
6822 6822 -1
6823 6823 -2
6825 6825 -2
6826 6826 -2
6828 6828 -1
6829 6829 -2
6830 6830 -4
6831 6831 -1
6832 6832 -3
6833 6833 -2
6835 6835 -2
6837 6837 -4
6838 6838 -2
6839 6839 -4
6840 6840 -2
6841 6841 -2
6842 6842 -3
6843 6843 -2
6844 6844 -4
6845 6845 -3
6846 6846 -5
6847 6847 -1
6848 6848 -1
6849 6849 -3
6850 6850 -1
6851 6851 -6
6852 6852 -3
6853 6853 -2
6854 6854 -3
6855 6855 -1
6856 6856 -2
6857 6857 -1
6858 6858 -1
6859 6859 -2
6860 6860 -3
6861 6861 -1
6863 6863 -2
6864 6864 -4
6865 6865 -1
6866 6866 -2
6868 6868 -1
6869 6869 -2
6871 6871 -2
6872 6872 -1
6873 6873 -2
6874 6874 -2
6876 6876 -2
6877 6877 -1
6878 6878 -5
6879 6879 -4
6880 6880 -3
6881 6881 -1
6882 6882 -4
6883 6883 -3
6884 6884 -3
6885 6885 -1
6886 6886 -2
6887 6887 -2
6888 6888 -2
6890 6890 -1
6891 6891 -1
6892 6892 -2
6893 6893 -1
6894 6894 -2
6896 6896 -5
6897 6897 -3
6898 6898 -5
6900 6900 -2
6901 6901 -1
6902 6902 -4
6903 6903 -2
6904 6904 -4
6905 6905 -3
6906 6906 -2
6907 6907 -1
6908 6908 -2
6909 6909 -1
6910 6910 -2
6911 6911 -3
6913 6913 -3
6914 6914 -4
6915 6915 -2
6916 6916 -3
6917 6917 -2
6918 6918 -2
6919 6919 -1
6920 6920 -2
6921 6921 -3
6922 6922 -2
6923 6923 -1
6924 6924 -2
6925 6925 -2
6926 6926 -2
6927 6927 -4
6928 6928 -3
6930 6930 -4
6933 6933 -1
6934 6934 -2
6935 6935 -2
6936 6936 -1
6937 6937 -1
6938 6938 -4
6939 6939 -3
6940 6940 -1
6941 6941 -3
6942 6942 -2
6943 6943 -4
6944 6944 -1
6945 6945 -8
6946 6946 -6
6948 6948 -1
6949 6949 -3
6950 6950 -3
6951 6951 -2
6952 6952 -1
6953 6953 -1
6954 6954 -4
6955 6955 -2
6956 6956 -2
6957 6957 -1
6958 6958 -2
6959 6959 -2
6960 6960 -2
6961 6961 -1
6962 6962 -4
6963 6963 -1
6965 6965 -2
6966 6966 -3
6967 6967 -1
6968 6968 -2
6969 6969 -1
6970 6970 -2
6971 6971 -2
6972 6972 -2
6974 6974 -2
6976 6976 -3
6977 6977 -1
6979 6979 -4
6980 6980 -3
6981 6981 -2
6982 6982 -1
6983 6983 -2
6984 6984 -3
6985 6985 -3
6986 6986 -2
6987 6987 -2
6988 6988 -3
6989 6989 -2
6990 6990 -3
6991 6991 -4
6993 6993 -3
6994 6994 -2
6995 6995 -1
6997 6997 -1
6999 6999 -1
7000 7000 -5
7002 7002 -3
7003 7003 -3
7004 7004 -1
7005 7005 -2
7006 7006 -1
7007 7007 -2
7008 7008 -3
7009 7009 -3
7011 7011 -4
7013 7013 -1
7016 7016 -1
7017 7017 -3
7018 7018 -1
7019 7019 -1
7020 7020 -2
7021 7021 -1
7022 7022 -3
7023 7023 -1
7024 7024 -3
7025 7025 -2
7026 7026 -2
7027 7027 -3
7028 7028 -4
7029 7029 -2
7030 7030 -1
7031 7031 -4
7032 7032 -1
7034 7034 -2
7035 7035 -3
7036 7036 -1
7037 7037 -4
7038 7038 -2
7039 7039 -2
7040 7040 -3
7041 7041 -2
7042 7042 -1
7043 7043 -2
7045 7045 -3
7046 7046 -6
7047 7047 -1
7048 7048 -2
7049 7049 -2
7050 7050 -3
7052 7052 -2
7053 7053 -1
7055 7055 -1
7056 7056 -4
7057 7057 -3
7058 7058 -3
7060 7060 -1
7061 7061 -3
7062 7062 -5
7063 7063 -4
7064 7064 -2
7065 7065 -1
7067 7067 -3
7068 7068 -1
7069 7069 -2
7070 7070 -4
7071 7071 -1
7072 7072 -3
7073 7073 -1
7074 7074 -3
7075 7075 -1
7076 7076 -1
7077 7077 -1
7078 7078 -3
7079 7079 -2
7080 7080 -1
7081 7081 -3
7082 7082 -1
7083 7083 -1
7084 7084 -1
7085 7085 -2
7086 7086 -3
7087 7087 -1
7088 7088 -2
7089 7089 -2
7090 7090 -3
7091 7091 -1
7092 7092 -3
7093 7093 -2
7094 7094 -1
7095 7095 -1
7097 7097 -2
7099 7099 -2
7100 7100 -1
7102 7102 -2
7104 7104 -1
7105 7105 -3
7106 7106 -1
7108 7108 -2
7109 7109 -3
7110 7110 -1
7112 7112 -5
7114 7114 -5
7115 7115 -3
7116 7116 -3
7118 7118 -1
7119 7119 -1
7121 7121 -3
7122 7122 -2
7123 7123 -2
7124 7124 -4
7125 7125 -3
7126 7126 -2
7127 7127 -4
7129 7129 -3
7130 7130 -2
7131 7131 -1
7132 7132 -4
7133 7133 -4
7135 7135 -1
7136 7136 -3
7137 7137 -1
7138 7138 -1
7139 7139 -2
7140 7140 -1
7141 7141 -1
7142 7142 -1
7143 7143 -3
7144 7144 -1
7145 7145 -4
7147 7147 -3
7148 7148 -3
7149 7149 -1
7150 7150 -1
7151 7151 -2
7153 7153 -3
7154 7154 -2
7155 7155 -1
7156 7156 -1
7157 7157 -1
7158 7158 -2
7159 7159 -2
7161 7161 -2
7162 7162 -2
7163 7163 -1
7164 7164 -1
7166 7166 -2
7167 7167 -1
7168 7168 -6
7169 7169 -1
7170 7170 -3
7171 7171 -2
7172 7172 -2
7173 7173 -3
7174 7174 -3
7175 7175 -3
7177 7177 -2
7178 7178 -2
7180 7180 -2
7181 7181 -1
7183 7183 -2
7184 7184 -2
7185 7185 -3
7186 7186 -6
7187 7187 -1
7188 7188 -3
7189 7189 -2
7190 7190 -1
7192 7192 -3
7193 7193 -2
7194 7194 -2
7195 7195 -1
7196 7196 -3
7197 7197 -1
7198 7198 -3
7200 7200 -5
7201 7201 -2
7202 7202 -2
7203 7203 -3
7205 7205 -2
7206 7206 -1
7207 7207 -1
7208 7208 -1
7209 7209 -3
7210 7210 -2
7211 7211 -3
7213 7213 -7
7215 7215 -2
7216 7216 -3
7217 7217 -5
7218 7218 -3
7220 7220 -2
7221 7221 -1
7222 7222 -1
7223 7223 -1
7224 7224 -5
7225 7225 -2
7227 7227 -3
7228 7228 -3
7230 7230 -1
7231 7231 -5
7232 7232 -1
7233 7233 -3
7234 7234 -2
7235 7235 -4
7236 7236 -3
7237 7237 -1
7238 7238 -3
7239 7239 -3
7240 7240 -2
7241 7241 -4
7243 7243 -3
7244 7244 -2
7245 7245 -1
7246 7246 -2
7247 7247 -3
7248 7248 -5
7249 7249 -6
7250 7250 -1
7251 7251 -2
7252 7252 -5
7253 7253 -1
7254 7254 -4
7256 7256 -2
7258 7258 -2
7259 7259 -1
7260 7260 -3
7261 7261 -1
7262 7262 -2
7263 7263 -1
7265 7265 -4
7266 7266 -3
7267 7267 -2
7268 7268 -3
7269 7269 -2
7270 7270 -3
7271 7271 -1
7272 7272 -4
7273 7273 -2
7275 7275 -3
7276 7276 -3
7277 7277 -1
7278 7278 -2
7279 7279 -4
7280 7280 -1
7281 7281 -2
7282 7282 -2
7283 7283 -2
7285 7285 -5
7287 7287 -3
7288 7288 -6
7289 7289 -1
7290 7290 -2
7291 7291 -3
7293 7293 -1
7294 7294 -2
7295 7295 -2
7296 7296 -5
7297 7297 -2
7298 7298 -2
7299 7299 -1
7300 7300 -2
7301 7301 -2
7302 7302 -3
7303 7303 -2
7304 7304 -2
7305 7305 -8
7306 7306 -1
7307 7307 -1
7308 7308 -2
7309 7309 -2
7310 7310 -3
7311 7311 -2
7312 7312 -2
7313 7313 -1
7314 7314 -1
7317 7317 -4
7319 7319 -7
7321 7321 -1
7322 7322 -1
7323 7323 -1
7324 7324 -3
7325 7325 -2
7326 7326 -2
7328 7328 -2
7329 7329 -1
7330 7330 -1
7331 7331 -2
7332 7332 -1
7333 7333 -2
7334 7334 -3
7335 7335 -3
7336 7336 -1
7337 7337 -4
7338 7338 -1
7339 7339 -3
7340 7340 -1
7341 7341 -5
7342 7342 -3
7343 7343 -1
7344 7344 -2
7345 7345 -2
7346 7346 -3
7347 7347 -2
7348 7348 -1
7349 7349 -1
7350 7350 -3
7351 7351 -1
7352 7352 -1
7353 7353 -3
7354 7354 -4
7355 7355 -2
7356 7356 -3
7357 7357 -2
7358 7358 -1
7359 7359 -1
7360 7360 -2
7361 7361 -1
7362 7362 -1
7363 7363 -2
7364 7364 -3
7365 7365 -1
7368 7368 -2
7369 7369 -3
7371 7371 -3
7372 7372 -2
7373 7373 -2
7374 7374 -1
7375 7375 -3
7376 7376 -1
7377 7377 -5
7378 7378 -2
7379 7379 -1
7380 7380 -3
7381 7381 -2
7384 7384 -1
7385 7385 -1
7386 7386 -1
7387 7387 -1
7388 7388 -2
7389 7389 -2
7390 7390 -1
7391 7391 -3
7392 7392 -1
7393 7393 -2
7394 7394 -6
7395 7395 -2
7396 7396 -3
7397 7397 -4
7398 7398 -1
7399 7399 -1
7400 7400 -1
7401 7401 -1
7402 7402 -2
7405 7405 -2
7406 7406 -3
7407 7407 -4
7408 7408 -3
7409 7409 -1
7410 7410 -1
7413 7413 -3
7415 7415 -3
7416 7416 -1
7418 7418 -2
7419 7419 -2
7420 7420 -1
7421 7421 -1
7422 7422 -2
7423 7423 -1
7424 7424 -1
7425 7425 -3
7426 7426 -5
7427 7427 -2
7428 7428 -1
7429 7429 -5
7431 7431 -1
7432 7432 -4
7433 7433 -4
7434 7434 -6
7435 7435 -2
7436 7436 -1
7437 7437 -9
7438 7438 -2
7439 7439 -4
7440 7440 -1
7442 7442 -6
7443 7443 -1
7444 7444 -1
7445 7445 -5
7446 7446 -3
7447 7447 -2
7448 7448 -2
7449 7449 -2
7450 7450 -2
7451 7451 -1
7452 7452 -2
7453 7453 -3
7455 7455 -3
7456 7456 -3
7457 7457 -1
7458 7458 -4
7460 7460 -2
7461 7461 -3
7462 7462 -9
7463 7463 -1
7464 7464 -3
7465 7465 -1
7466 7466 -1
7468 7468 -1
7469 7469 -3
7470 7470 -1
7471 7471 -2
7472 7472 -3
7473 7473 -2
7474 7474 -3
7475 7475 -1
7476 7476 -2
7477 7477 -3
7478 7478 -1
7479 7479 -2
7481 7481 -3
7482 7482 -1
7483 7483 -2
7484 7484 -3
7485 7485 -3
7486 7486 -2
7487 7487 -2
7488 7488 -2
7489 7489 -2
7490 7490 -4
7491 7491 -1
7492 7492 -2
7493 7493 -3
7495 7495 -1
7496 7496 -1
7497 7497 -6
7498 7498 -2
7499 7499 -1
7500 7500 -1
7501 7501 -1
7503 7503 -2
7504 7504 -3
7505 7505 -2
7506 7506 -1
7507 7507 -2
7508 7508 -2
7510 7510 -2
7511 7511 -2
7512 7512 -3
7514 7514 -1
7515 7515 -2
7517 7517 -1
7518 7518 -3
7520 7520 -2
7521 7521 -1
7522 7522 -2
7525 7525 -4
7526 7526 -4
7527 7527 -1
7528 7528 -2
7529 7529 -1
7530 7530 -1
7531 7531 -1
7532 7532 -3
7533 7533 -5
7534 7534 -3
7535 7535 -3
7537 7537 -2
7538 7538 -1
7539 7539 -2
7541 7541 -3
7542 7542 -3
7543 7543 -1
7544 7544 -1
7545 7545 -1
7547 7547 -2
7549 7549 -2
7550 7550 -3
7552 7552 -4
7553 7553 -3
7554 7554 -4
7555 7555 -6
7557 7557 -2
7558 7558 -5
7559 7559 -3
7560 7560 -2
7561 7561 -1
7562 7562 -1
7563 7563 -2
7564 7564 -2
7565 7565 -3
7567 7567 -2
7568 7568 -1
7571 7571 -3
7572 7572 -3
7573 7573 -2
7574 7574 -2
7575 7575 -1
7576 7576 -3
7577 7577 -2
7578 7578 -6
7580 7580 -2
7581 7581 -1
7582 7582 -2
7583 7583 -7
7585 7585 -4
7586 7586 -4
7587 7587 -2
7588 7588 -1
7589 7589 -5
7590 7590 -3
7591 7591 -3
7592 7592 -3
7593 7593 -2
7594 7594 -1
7595 7595 -3
7597 7597 -4
7598 7598 -2
7599 7599 -3
7600 7600 -1
7601 7601 -1
7602 7602 -1
7603 7603 -3
7604 7604 -4
7605 7605 -1
7606 7606 -3
7607 7607 -1
7609 7609 -2
7610 7610 -5
7611 7611 -3
7612 7612 -2
7613 7613 -1
7614 7614 -2
7615 7615 -2
7616 7616 -1
7617 7617 -1
7618 7618 -1
7619 7619 -2
7620 7620 -1
7621 7621 -2
7622 7622 -2
7623 7623 -5
7624 7624 -2
7625 7625 -2
7626 7626 -1
7627 7627 -4
7628 7628 -3
7629 7629 -2
7630 7630 -1
7631 7631 -1
7632 7632 -2
7633 7633 -3
7634 7634 -2
7635 7635 -2
7636 7636 -3
7638 7638 -2
7639 7639 -1
7640 7640 -2
7641 7641 -1
7642 7642 -4
7643 7643 -1
7644 7644 -1
7645 7645 -3
7646 7646 -3
7648 7648 -2
7649 7649 -2
7650 7650 -1
7651 7651 -1
7653 7653 -2
7654 7654 -3
7655 7655 -1
7656 7656 -3
7657 7657 -2
7659 7659 -3
7660 7660 -2
7661 7661 -2
7662 7662 -2
7663 7663 -2
7664 7664 -4
7666 7666 -1
7667 7667 -5
7668 7668 -1
7669 7669 -2
7670 7670 -2
7672 7672 -1
7673 7673 -2
7674 7674 -3
7675 7675 -3
7676 7676 -3
7677 7677 -2
7678 7678 -2
7679 7679 -1
7680 7680 -1
7681 7681 -1
7682 7682 -3
7683 7683 -3
7686 7686 -3
7687 7687 -3
7688 7688 -2
7689 7689 -1
7690 7690 -5
7691 7691 -2
7692 7692 -4
7693 7693 -4
7694 7694 -3
7696 7696 -1
7699 7699 -1
7700 7700 -3
7701 7701 -6
7702 7702 -7
7704 7704 -2
7705 7705 -5
7707 7707 -3
7708 7708 -3
7709 7709 -5
7711 7711 -2
7712 7712 -2
7713 7713 -2
7714 7714 -3
7715 7715 -4
7716 7716 -2
7717 7717 -3
7718 7718 -1
7719 7719 -3
7720 7720 -4
7721 7721 -2
7722 7722 -3
7723 7723 -3
7724 7724 -3
7726 7726 -3
7727 7727 -1
7728 7728 -2
7729 7729 -1
7730 7730 -1
7731 7731 -1
7732 7732 -4
7733 7733 -1
7734 7734 -4
7735 7735 -3
7736 7736 -2
7737 7737 -1
7738 7738 -4
7739 7739 -1
7740 7740 -1
7741 7741 -4
7742 7742 -2
7743 7743 -1
7745 7745 -3
7746 7746 -2
7747 7747 -1
7748 7748 -1
7749 7749 -4
7750 7750 -1
7751 7751 -2
7752 7752 -2
7753 7753 -2
7754 7754 -5
7756 7756 -1
7760 7760 -3
7761 7761 -1
7762 7762 -3
7763 7763 -1
7764 7764 -2
7765 7765 -1
7766 7766 -5
7767 7767 -1
7768 7768 -2
7769 7769 -5
7770 7770 -4
7771 7771 -2
7772 7772 -2
7773 7773 -4
7774 7774 -2
7775 7775 -1
7776 7776 -4
7777 7777 -1
7778 7778 -1
7779 7779 -4
7780 7780 -3
7781 7781 -3
7782 7782 -1
7783 7783 -2
7784 7784 -3
7785 7785 -2
7786 7786 -3
7787 7787 -6
7788 7788 -3
7789 7789 -3
7790 7790 -4
7791 7791 -1
7792 7792 -2
7793 7793 -2
7794 7794 -2
7795 7795 -3
7796 7796 -1
7797 7797 -1
7798 7798 -2
7799 7799 -1
7800 7800 -3
7801 7801 -1
7802 7802 -1
7803 7803 -1
7804 7804 -1
7805 7805 -5
7806 7806 -2
7807 7807 -1
7808 7808 -4
7809 7809 -1
7810 7810 -5
7812 7812 -4
7814 7814 -1
7815 7815 -6
7816 7816 -1
7818 7818 -1
7819 7819 -2
7820 7820 -2
7821 7821 -2
7822 7822 -3
7823 7823 -6
7824 7824 -1
7825 7825 -1
7826 7826 -3
7827 7827 -1
7828 7828 -1
7829 7829 -3
7830 7830 -2
7831 7831 -2
7832 7832 -2
7833 7833 -3
7834 7834 -1
7835 7835 -3
7836 7836 -2
7837 7837 -4
7839 7839 -4
7840 7840 -5
7841 7841 -2
7842 7842 -4
7843 7843 -2
7844 7844 -2
7845 7845 -6
7846 7846 -6
7848 7848 -3
7849 7849 -3
7850 7850 -2
7851 7851 -1
7852 7852 -2
7853 7853 -4
7854 7854 -2
7855 7855 -1
7856 7856 -1
7858 7858 -4
7859 7859 -1
7860 7860 -2
7861 7861 -3
7862 7862 -2
7863 7863 -3
7865 7865 -1
7866 7866 -2
7867 7867 -4
7868 7868 -3
7869 7869 -3
7870 7870 -3
7871 7871 -1
7872 7872 -1
7873 7873 -1
7874 7874 -3
7875 7875 -2
7876 7876 -2
7877 7877 -2
7878 7878 -2
7879 7879 -1
7880 7880 -2
7881 7881 -2
7882 7882 -2
7883 7883 -3
7884 7884 -2
7885 7885 -5
7886 7886 -2
7887 7887 -3
7888 7888 -3
7889 7889 -1
7890 7890 -3
7891 7891 -2
7892 7892 -3
7894 7894 -2
7895 7895 -1
7897 7897 -6
7898 7898 -1
7900 7900 -1
7901 7901 -1
7902 7902 -3
7903 7903 -1
7904 7904 -2
7905 7905 -2
7906 7906 -3
7907 7907 -2
7908 7908 -2
7909 7909 -1
7910 7910 -4
7911 7911 -1
7913 7913 -3
7914 7914 -1
7915 7915 -1
7916 7916 -2
7917 7917 -1
7919 7919 -2
7920 7920 -4
7922 7922 -2
7923 7923 -1
7924 7924 -2
7925 7925 -4
7926 7926 -1
7927 7927 -3
7928 7928 -1
7929 7929 -1
7930 7930 -2
7931 7931 -1
7932 7932 -1
7933 7933 -1
7934 7934 -1
7935 7935 -2
7936 7936 -1
7937 7937 -2
7938 7938 -3
7939 7939 -1
7940 7940 -6
7941 7941 -3
7942 7942 -1
7945 7945 -3
7946 7946 -3
7947 7947 -3
7949 7949 -2
7950 7950 -2
7951 7951 -1
7952 7952 -3
7953 7953 -4
7954 7954 -1
7955 7955 -3
7956 7956 -1
7958 7958 -2
7960 7960 -5
7961 7961 -1
7962 7962 -1
7963 7963 -3
7964 7964 -1
7965 7965 -1
7966 7966 -3
7967 7967 -3
7968 7968 -3
7969 7969 -4
7970 7970 -1
7971 7971 -1
7972 7972 -3
7973 7973 -2
7974 7974 -2
7975 7975 -2
7976 7976 -1
7977 7977 -1
7978 7978 -2
7979 7979 -1
7980 7980 -2
7982 7982 -4
7983 7983 -3
7984 7984 -2
7985 7985 -3
7986 7986 -4
7987 7987 -5
7988 7988 -4
7989 7989 -1
7990 7990 -1
7991 7991 -1
7992 7992 -3
7993 7993 -2
7994 7994 -6
7995 7995 -6
7996 7996 -1
7997 7997 -1
7998 7998 -2
8000 8000 -4
8001 8001 -5
8002 8002 -4
8003 8003 -3
8004 8004 -2
8006 8006 -1
8008 8008 -2
8009 8009 -2
8010 8010 -1
8012 8012 -2
8013 8013 -1
8014 8014 -4
8015 8015 -1
8016 8016 -2
8017 8017 -4
8018 8018 -2
8019 8019 -2
8020 8020 -3
8022 8022 -2
8023 8023 -1
8024 8024 -4
8025 8025 -1
8026 8026 -2
8028 8028 -4
8029 8029 -1
8030 8030 -1
8031 8031 -1
8032 8032 -2
8033 8033 -1
8034 8034 -2
8035 8035 -2
8036 8036 -1
8037 8037 -4
8038 8038 -2
8039 8039 -8
8041 8041 -1
8044 8044 -1
8045 8045 -2
8046 8046 -1
8047 8047 -2
8048 8048 -4
8049 8049 -1
8050 8050 -2
8051 8051 -1
8052 8052 -2
8053 8053 -2
8054 8054 -2
8055 8055 -2
8057 8057 -3
8058 8058 -3
8059 8059 -2
8060 8060 -3
8061 8061 -1
8062 8062 -2
8063 8063 -1
8064 8064 -1
8065 8065 -2
8066 8066 -2
8067 8067 -3
8068 8068 -2
8069 8069 -4
8071 8071 -2
8072 8072 -2
8073 8073 -2
8074 8074 -2
8075 8075 -2
8076 8076 -3
8077 8077 -3
8078 8078 -2
8079 8079 -2
8080 8080 -2
8082 8082 -3
8084 8084 -2
8085 8085 -1
8086 8086 -1
8087 8087 -5
8088 8088 -1
8089 8089 -4
8090 8090 -1
8091 8091 -2
8092 8092 -3
8093 8093 -2
8094 8094 -3
8095 8095 -2
8096 8096 -2
8097 8097 -4
8098 8098 -1
8099 8099 -4
8100 8100 -1
8101 8101 -2
8103 8103 -3
8104 8104 -3
8105 8105 -2
8106 8106 -3
8107 8107 -2
8108 8108 -3
8109 8109 -1
8110 8110 -2
8111 8111 -2
8112 8112 -3
8113 8113 -3
8114 8114 -3
8115 8115 -2
8116 8116 -3
8117 8117 -5
8118 8118 -1
8119 8119 -2
8120 8120 -2
8121 8121 -3
8123 8123 -1
8124 8124 -2
8125 8125 -2
8126 8126 -1
8127 8127 -5
8128 8128 -2
8129 8129 -2
8131 8131 -4
8132 8132 -1
8134 8134 -1
8135 8135 -1
8136 8136 -1
8137 8137 -1
8139 8139 -1
8140 8140 -3
8141 8141 -2
8142 8142 -4
8143 8143 -4
8144 8144 -4
8145 8145 -4
8146 8146 -3
8147 8147 -4
8149 8149 -3
8150 8150 -2
8151 8151 -3
8152 8152 -1
8154 8154 -1
8155 8155 -4
8156 8156 -4
8157 8157 -3
8158 8158 -2
8159 8159 -1
8160 8160 -2
8161 8161 -2
8162 8162 -5
8163 8163 -2
8165 8165 -2
8166 8166 -2
8167 8167 -3
8170 8170 -1
8171 8171 -2
8173 8173 -3
8175 8175 -1
8176 8176 -3
8177 8177 -3
8178 8178 -3
8179 8179 -1
8181 8181 -2
8182 8182 -3
8183 8183 -2
8185 8185 -2
8186 8186 -2
8187 8187 -2
8188 8188 -3
8189 8189 -3
8190 8190 -4
8192 8192 -2
8193 8193 -3
8195 8195 -3
8196 8196 -1
8197 8197 -3
8198 8198 -3
8199 8199 -3
8200 8200 -3
8201 8201 -2
8202 8202 -2
8203 8203 -2
8204 8204 -2
8205 8205 -2
8207 8207 -6
8208 8208 -2
8209 8209 -3
8210 8210 -1
8211 8211 -3
8212 8212 -2
8213 8213 -2
8214 8214 -1
8215 8215 -1
8216 8216 -1
8217 8217 -1
8218 8218 -2
8219 8219 -2
8220 8220 -1
8221 8221 -2
8222 8222 -1
8223 8223 -3
8224 8224 -1
8226 8226 -4
8227 8227 -1
8228 8228 -2
8229 8229 -4
8230 8230 -5
8231 8231 -2
8232 8232 -3
8233 8233 -1
8236 8236 -3
8238 8238 -1
8239 8239 -5
8240 8240 -1
8241 8241 -3
8242 8242 -5
8243 8243 -1
8245 8245 -4
8246 8246 -3
8247 8247 -3
8248 8248 -4
8249 8249 -1
8250 8250 -3
8251 8251 -3
8252 8252 -2
8253 8253 -5
8254 8254 -1
8256 8256 -4
8257 8257 -2
8258 8258 -4
8259 8259 -4
8261 8261 -1
8262 8262 -3
8263 8263 -3
8264 8264 -3
8265 8265 -3
8266 8266 -2
8268 8268 -1
8269 8269 -1
8270 8270 -4
8271 8271 -2
8272 8272 -3
8273 8273 -2
8275 8275 -2
8276 8276 -1
8277 8277 -1
8278 8278 -2
8280 8280 -2
8281 8281 -3
8282 8282 -2
8283 8283 -5
8284 8284 -1
8285 8285 -3
8286 8286 -1
8288 8288 -2
8289 8289 -1
8290 8290 -1
8291 8291 -4
8292 8292 -3
8293 8293 -5
8294 8294 -3
8295 8295 -2
8296 8296 -1
8297 8297 -2
8298 8298 -3
8299 8299 -4
8300 8300 -2
8301 8301 -2
8302 8302 -3
8303 8303 -4
8304 8304 -2
8305 8305 -5
8306 8306 -1
8307 8307 -4
8308 8308 -2
8309 8309 -2
8310 8310 -3
8311 8311 -2
8312 8312 -1
8314 8314 -1
8315 8315 -2
8316 8316 -4
8318 8318 -4
8319 8319 -1
8320 8320 -3
8321 8321 -3
8323 8323 -4
8325 8325 -2
8327 8327 -2
8328 8328 -4
8329 8329 -3
8330 8330 -3
8331 8331 -3
8332 8332 -1
8333 8333 -2
8334 8334 -1
8336 8336 -2
8337 8337 -3
8338 8338 -1
8339 8339 -2
8340 8340 -2
8341 8341 -1
8342 8342 -2
8343 8343 -2
8345 8345 -1
8346 8346 -3
8348 8348 -2
8350 8350 -5
8352 8352 -2
8354 8354 -3
8355 8355 -2
8357 8357 -1
8358 8358 -4
8359 8359 -1
8360 8360 -1
8361 8361 -1
8362 8362 -2
8363 8363 -3
8365 8365 -4
8366 8366 -4
8367 8367 -2
8368 8368 -2
8371 8371 -1
8372 8372 -1
8373 8373 -1
8374 8374 -4
8375 8375 -2
8376 8376 -5
8377 8377 -1
8378 8378 -4
8379 8379 -1
8381 8381 -2
8382 8382 -4
8384 8384 -4
8385 8385 -1
8386 8386 -1
8387 8387 -2
8388 8388 -6
8389 8389 -4
8390 8390 -3
8391 8391 -2
8392 8392 -3
8393 8393 -2
8394 8394 -4
8395 8395 -1
8396 8396 -3
8397 8397 -2
8398 8398 -1
8399 8399 -2
8400 8400 -2
8401 8401 -5
8403 8403 -3
8405 8405 -1
8406 8406 -1
8407 8407 -2
8408 8408 -1
8409 8409 -2
8410 8410 -1
8411 8411 -3
8412 8412 -2
8413 8413 -3
8414 8414 -2
8416 8416 -4
8417 8417 -2
8418 8418 -2
8419 8419 -2
8420 8420 -4
8421 8421 -1
8422 8422 -3
8423 8423 -4
8424 8424 -3
8425 8425 -1
8427 8427 -1
8428 8428 -3
8430 8430 -1
8431 8431 -1
8432 8432 -4
8433 8433 -2
8434 8434 -1
8435 8435 -1
8436 8436 -1
8437 8437 -3
8438 8438 -1
8439 8439 -3
8440 8440 -2
8442 8442 -1
8443 8443 -3
8444 8444 -3
8445 8445 -1
8446 8446 -4
8449 8449 -3
8450 8450 -1
8451 8451 -3
8453 8453 -1
8454 8454 -2
8455 8455 -1
8456 8456 -1
8458 8458 -2
8459 8459 -3
8460 8460 -2
8461 8461 -3
8462 8462 -1
8463 8463 -1
8464 8464 -3
8465 8465 -1
8466 8466 -2
8468 8468 -3
8469 8469 -3
8470 8470 -2
8471 8471 -1
8472 8472 -6
8474 8474 -3
8475 8475 -3
8476 8476 -1
8477 8477 -3
8478 8478 -3
8479 8479 -3
8480 8480 -2
8481 8481 -4
8482 8482 -1
8483 8483 -3
8485 8485 -1
8486 8486 -1
8487 8487 -3
8488 8488 -2
8492 8492 -4
8493 8493 -1
8494 8494 -3
8497 8497 -3
8499 8499 -1
8500 8500 -2
8501 8501 -3
8502 8502 -3
8503 8503 -1
8504 8504 -3
8505 8505 -5
8506 8506 -3
8507 8507 -1
8508 8508 -2
8509 8509 -1
8510 8510 -3
8511 8511 -4
8512 8512 -3
8513 8513 -4
8514 8514 -2
8515 8515 -3
8516 8516 -1
8518 8518 -3
8520 8520 -1
8521 8521 -2
8522 8522 -4
8524 8524 -2
8525 8525 -1
8526 8526 -2
8527 8527 -1
8528 8528 -2
8529 8529 -2
8531 8531 -3
8532 8532 -4
8533 8533 -1
8534 8534 -2
8535 8535 -3
8536 8536 -3
8538 8538 -1
8539 8539 -1
8540 8540 -3
8541 8541 -1
8542 8542 -2
8543 8543 -1
8545 8545 -1
8546 8546 -1
8547 8547 -1
8548 8548 -3
8549 8549 -3
8550 8550 -1
8551 8551 -2
8552 8552 -3
8553 8553 -1
8554 8554 -3
8555 8555 -3
8556 8556 -2
8558 8558 -4
8559 8559 -4
8560 8560 -3
8561 8561 -1
8562 8562 -1
8564 8564 -1
8565 8565 -1
8566 8566 -1
8567 8567 -2
8568 8568 -4
8569 8569 -3
8570 8570 -4
8571 8571 -1
8572 8572 -5
8573 8573 -2
8575 8575 -3
8576 8576 -1
8577 8577 -2
8578 8578 -4
8580 8580 -2
8581 8581 -1
8582 8582 -3
8583 8583 -1
8584 8584 -3
8585 8585 -2
8586 8586 -1
8587 8587 -3
8588 8588 -1
8589 8589 -3
8590 8590 -4
8591 8591 -1
8592 8592 -3
8593 8593 -2
8594 8594 -4
8595 8595 -2
8596 8596 -5
8598 8598 -2
8599 8599 -2
8600 8600 -5
8601 8601 -6
8602 8602 -1
8603 8603 -4
8604 8604 -1
8605 8605 -1
8606 8606 -1
8607 8607 -1
8608 8608 -1
8609 8609 -3
8611 8611 -1
8612 8612 -4
8613 8613 -2
8614 8614 -6
8615 8615 -5
8616 8616 -3
8617 8617 -2
8618 8618 -1
8619 8619 -3
8621 8621 -1
8622 8622 -4
8624 8624 -5
8625 8625 -3
8626 8626 -1
8627 8627 -1
8628 8628 -1
8629 8629 -3
8632 8632 -2
8633 8633 -3
8634 8634 -3
8635 8635 -2
8636 8636 -2
8638 8638 -3
8640 8640 -2
8641 8641 -2
8642 8642 -3
8643 8643 -2
8645 8645 -3
8646 8646 -1
8647 8647 -2
8648 8648 -1
8650 8650 -1
8651 8651 -1
8652 8652 -4
8653 8653 -3
8654 8654 -1
8655 8655 -1
8656 8656 -5
8657 8657 -6
8658 8658 -1
8660 8660 -1
8661 8661 -2
8664 8664 -2
8665 8665 -3
8667 8667 -3
8669 8669 -3
8671 8671 -4
8672 8672 -3
8673 8673 -2
8674 8674 -4
8675 8675 -2
8676 8676 -1
8677 8677 -2
8679 8679 -4
8680 8680 -2
8681 8681 -4
8683 8683 -1
8684 8684 -3
8685 8685 -1
8686 8686 -2
8688 8688 -3
8689 8689 -3
8690 8690 -1
8691 8691 -2
8692 8692 -3
8693 8693 -4
8694 8694 -1
8695 8695 -7
8696 8696 -4
8697 8697 -2
8698 8698 -5
8699 8699 -2
8700 8700 -4
8701 8701 -1
8702 8702 -3
8703 8703 -2
8704 8704 -4
8705 8705 -2
8706 8706 -3
8708 8708 -6
8709 8709 -3
8710 8710 -2
8711 8711 -2
8712 8712 -1
8714 8714 -2
8715 8715 -2
8716 8716 -3
8717 8717 -4
8718 8718 -3
8719 8719 -1
8720 8720 -1
8721 8721 -1
8724 8724 -1
8725 8725 -3
8727 8727 -1
8728 8728 -3
8729 8729 -1
8731 8731 -4
8732 8732 -4
8733 8733 -2
8734 8734 -2
8735 8735 -1
8736 8736 -1
8737 8737 -1
8738 8738 -2
8739 8739 -1
8741 8741 -3
8743 8743 -3
8744 8744 -3
8745 8745 -1
8746 8746 -1
8747 8747 -1
8749 8749 -3
8750 8750 -3
8751 8751 -1
8752 8752 -3
8753 8753 -1
8754 8754 -5
8756 8756 -2
8757 8757 -2
8758 8758 -2
8759 8759 -1
8760 8760 -4
8761 8761 -3
8762 8762 -1
8764 8764 -1
8765 8765 -1
8766 8766 -1
8767 8767 -2
8768 8768 -2
8769 8769 -2
8770 8770 -2
8771 8771 -3
8772 8772 -3
8773 8773 -4
8774 8774 -1
8775 8775 -1
8776 8776 -2
8777 8777 -3
8778 8778 -3
8779 8779 -2
8780 8780 -3
8782 8782 -4
8783 8783 -2
8784 8784 -3
8785 8785 -4
8786 8786 -2
8788 8788 -3
8789 8789 -2
8790 8790 -4
8791 8791 -1
8792 8792 -1
8793 8793 -2
8794 8794 -1
8795 8795 -2
8796 8796 -3
8797 8797 -1
8798 8798 -3
8799 8799 -4
8800 8800 -2
8801 8801 -3
8802 8802 -3
8803 8803 -3
8804 8804 -2
8805 8805 -2
8806 8806 -1
8807 8807 -3
8809 8809 -3
8810 8810 -3
8811 8811 -3
8812 8812 -1
8813 8813 -3
8815 8815 -1
8816 8816 -2
8817 8817 -2
8818 8818 -4
8819 8819 -3
8820 8820 -4
8821 8821 -2
8822 8822 -4
8823 8823 -2
8824 8824 -3
8825 8825 -3
8826 8826 -2
8827 8827 -1
8828 8828 -2
8829 8829 -2
8830 8830 -3
8831 8831 -6
8832 8832 -2
8834 8834 -5
8835 8835 -2
8836 8836 -1
8837 8837 -1
8838 8838 -2
8839 8839 -3
8840 8840 -2
8841 8841 -5
8842 8842 -5
8844 8844 -1
8845 8845 -2
8846 8846 -1
8847 8847 -3
8848 8848 -4
8850 8850 -2
8851 8851 -5
8852 8852 -2
8854 8854 -1
8855 8855 -3
8856 8856 -2
8857 8857 -4
8858 8858 -3
8860 8860 -1
8861 8861 -3
8862 8862 -2
8863 8863 -2
8865 8865 -1
8866 8866 -3
8867 8867 -3
8868 8868 -2
8869 8869 -3
8872 8872 -1
8873 8873 -2
8874 8874 -2
8875 8875 -3
8876 8876 -4
8877 8877 -1
8878 8878 -5
8879 8879 -2
8880 8880 -6
8881 8881 -3
8882 8882 -1
8884 8884 -3
8885 8885 -3
8887 8887 -4
8888 8888 -3
8889 8889 -1
8890 8890 -1
8891 8891 -1
8892 8892 -4
8893 8893 -3
8894 8894 -1
8895 8895 -1
8898 8898 -1
8899 8899 -4
8900 8900 -1
8902 8902 -2
8903 8903 -1
8904 8904 -4
8905 8905 -4
8906 8906 -3
8907 8907 -1
8908 8908 -2
8909 8909 -3
8910 8910 -3
8911 8911 -1
8912 8912 -1
8914 8914 -5
8915 8915 -3
8916 8916 -2
8917 8917 -2
8918 8918 -2
8919 8919 -3
8920 8920 -1
8921 8921 -2
8922 8922 -5
8923 8923 -2
8924 8924 -2
8925 8925 -2
8926 8926 -1
8927 8927 -1
8928 8928 -3
8929 8929 -4
8931 8931 -3
8933 8933 -1
8934 8934 -3
8935 8935 -3
8936 8936 -5
8937 8937 -2
8938 8938 -3
8940 8940 -2
8941 8941 -3
8942 8942 -2
8943 8943 -2
8944 8944 -3
8945 8945 -1
8946 8946 -3
8947 8947 -1
8948 8948 -1
8949 8949 -1
8950 8950 -2
8951 8951 -2
8952 8952 -1
8953 8953 -4
8954 8954 -2
8955 8955 -4
8956 8956 -2
8957 8957 -4
8958 8958 -2
8959 8959 -3
8961 8961 -1
8962 8962 -2
8963 8963 -3
8964 8964 -4
8965 8965 -3
8966 8966 -5
8967 8967 -2
8968 8968 -2
8969 8969 -2
8971 8971 -3
8972 8972 -2
8973 8973 -1
8974 8974 -1
8975 8975 -8
8976 8976 -5
8977 8977 -2
8978 8978 -3
8980 8980 -1
8981 8981 -3
8982 8982 -1
8983 8983 -5
8984 8984 -1
8985 8985 -1
8986 8986 -1
8987 8987 -1
8988 8988 -2
8989 8989 -3
8990 8990 -1
8991 8991 -2
8993 8993 -3
8995 8995 -3
8996 8996 -3
8997 8997 -2
8998 8998 -2
9001 9001 -2
9002 9002 -2
9003 9003 -2
9004 9004 -2
9005 9005 -2
9006 9006 -2
9008 9008 -1
9009 9009 -1
9010 9010 -3
9011 9011 -3
9012 9012 -1
9013 9013 -5
9014 9014 -3
9015 9015 -5
9016 9016 -1
9017 9017 -2
9018 9018 -2
9019 9019 -5
9020 9020 -1
9021 9021 -3
9022 9022 -3
9023 9023 -2
9024 9024 -1
9025 9025 -1
9026 9026 -2
9027 9027 -1
9028 9028 -1
9029 9029 -1
9030 9030 -2
9031 9031 -1
9032 9032 -3
9033 9033 -3
9035 9035 -2
9036 9036 -1
9037 9037 -1
9038 9038 -3
9039 9039 -5
9040 9040 -1
9042 9042 -3
9043 9043 -2
9046 9046 -6
9047 9047 -2
9048 9048 -2
9049 9049 -2
9050 9050 -3
9051 9051 -3
9052 9052 -2
9053 9053 -3
9054 9054 -4
9055 9055 -1
9056 9056 -2
9057 9057 -1
9058 9058 -3
9059 9059 -3
9060 9060 -2
9061 9061 -3
9063 9063 -1
9064 9064 -2
9065 9065 -2
9066 9066 -2
9067 9067 -1
9068 9068 -2
9069 9069 -1
9071 9071 -2
9072 9072 -2
9073 9073 -2
9074 9074 -4
9075 9075 -2
9076 9076 -3
9077 9077 -2
9078 9078 -2
9079 9079 -3
9080 9080 -2
9081 9081 -1
9082 9082 -1
9083 9083 -2
9084 9084 -1
9085 9085 -2
9086 9086 -4
9087 9087 -3
9088 9088 -1
9089 9089 -2
9090 9090 -1
9091 9091 -1
9092 9092 -2
9095 9095 -1
9096 9096 -2
9097 9097 -3
9098 9098 -1
9099 9099 -2
9100 9100 -2
9101 9101 -4
9102 9102 -5
9103 9103 -3
9104 9104 -3
9105 9105 -1
9106 9106 -3
9107 9107 -5
9108 9108 -1
9109 9109 -2
9111 9111 -2
9112 9112 -4
9113 9113 -1
9115 9115 -1
9117 9117 -2
9118 9118 -2
9119 9119 -4
9120 9120 -2
9121 9121 -2
9124 9124 -2
9125 9125 -2
9126 9126 -1
9127 9127 -1
9128 9128 -3
9129 9129 -3
9130 9130 -3
9131 9131 -3
9132 9132 -1
9133 9133 -3
9134 9134 -1
9135 9135 -3
9136 9136 -5
9137 9137 -2
9138 9138 -2
9139 9139 -3
9141 9141 -1
9142 9142 -3
9143 9143 -3
9145 9145 -3
9146 9146 -1
9147 9147 -3
9148 9148 -1
9150 9150 -1
9151 9151 -2
9152 9152 -1
9153 9153 -3
9154 9154 -2
9155 9155 -5
9157 9157 -1
9158 9158 -1
9160 9160 -1
9161 9161 -1
9162 9162 -3
9163 9163 -1
9164 9164 -3
9165 9165 -2
9166 9166 -3
9167 9167 -4
9168 9168 -2
9169 9169 -3
9170 9170 -1
9172 9172 -4
9173 9173 -4
9174 9174 -2
9175 9175 -2
9176 9176 -1
9177 9177 -4
9178 9178 -3
9179 9179 -1
9180 9180 -2
9182 9182 -1
9183 9183 -2
9184 9184 -1
9185 9185 -2
9186 9186 -1
9187 9187 -1
9188 9188 -3
9189 9189 -2
9190 9190 -2
9191 9191 -1
9192 9192 -1
9193 9193 -1
9194 9194 -1
9196 9196 -2
9197 9197 -3
9199 9199 -1
9200 9200 -6
9201 9201 -3
9202 9202 -3
9203 9203 -1
9204 9204 -3
9207 9207 -3
9208 9208 -3
9209 9209 -1
9210 9210 -1
9211 9211 -3
9212 9212 -3
9213 9213 -3
9214 9214 -1
9215 9215 -1
9216 9216 -2
9218 9218 -1
9219 9219 -4
9220 9220 -3
9221 9221 -5
9222 9222 -2
9223 9223 -1
9224 9224 -1
9225 9225 -1
9226 9226 -1
9227 9227 -3
9228 9228 -2
9230 9230 -2
9231 9231 -1
9232 9232 -3
9233 9233 -3
9235 9235 -1
9237 9237 -2
9238 9238 -1
9239 9239 -2
9240 9240 -1
9241 9241 -1
9242 9242 -1
9243 9243 -2
9244 9244 -3
9245 9245 -2
9246 9246 -2
9247 9247 -1
9249 9249 -4
9250 9250 -1
9251 9251 -3
9253 9253 -1
9254 9254 -1
9255 9255 -2
9256 9256 -4
9257 9257 -1
9258 9258 -3
9259 9259 -1
9260 9260 -2
9261 9261 -2
9262 9262 -2
9263 9263 -4
9264 9264 -4
9265 9265 -3
9267 9267 -2
9268 9268 -1
9269 9269 -1
9271 9271 -2
9274 9274 -1
9275 9275 -2
9276 9276 -1
9277 9277 -2
9278 9278 -3
9279 9279 -1
9280 9280 -1
9281 9281 -3
9282 9282 -3
9283 9283 -2
9284 9284 -4
9286 9286 -5
9287 9287 -3
9288 9288 -6
9289 9289 -3
9290 9290 -2
9291 9291 -1
9292 9292 -2
9293 9293 -4
9294 9294 -3
9295 9295 -2
9296 9296 -1
9297 9297 -4
9300 9300 -3
9301 9301 -5
9303 9303 -1
9304 9304 -3
9306 9306 -3
9307 9307 -2
9308 9308 -2
9309 9309 -3
9310 9310 -3
9311 9311 -3
9312 9312 -2
9313 9313 -1
9314 9314 -3
9315 9315 -3
9316 9316 -1
9317 9317 -2
9318 9318 -1
9319 9319 -3
9320 9320 -1
9321 9321 -1
9323 9323 -2
9324 9324 -3
9325 9325 -2
9326 9326 -1
9328 9328 -4
9329 9329 -1
9330 9330 -1
9331 9331 -2
9332 9332 -1
9334 9334 -1
9335 9335 -1
9336 9336 -4
9337 9337 -3
9338 9338 -3
9339 9339 -2
9340 9340 -1
9342 9342 -1
9343 9343 -3
9345 9345 -4
9346 9346 -3
9347 9347 -1
9348 9348 -2
9349 9349 -1
9350 9350 -2
9351 9351 -1
9352 9352 -2
9353 9353 -2
9354 9354 -2
9357 9357 -1
9359 9359 -2
9360 9360 -1
9361 9361 -1
9362 9362 -2
9363 9363 -1
9365 9365 -2
9366 9366 -4
9367 9367 -3
9368 9368 -1
9369 9369 -2
9371 9371 -2
9372 9372 -4
9373 9373 -3
9374 9374 -1
9375 9375 -2
9376 9376 -1
9377 9377 -4
9378 9378 -1
9379 9379 -4
9380 9380 -2
9381 9381 -2
9382 9382 -2
9383 9383 -1
9384 9384 -2
9385 9385 -4
9387 9387 -1
9388 9388 -5
9389 9389 -2
9390 9390 -1
9392 9392 -3
9393 9393 -2
9394 9394 -3
9395 9395 -3
9397 9397 -5
9398 9398 -3
9399 9399 -1
9401 9401 -1
9402 9402 -1
9403 9403 -2
9404 9404 -2
9405 9405 -3
9406 9406 -3
9408 9408 -1
9409 9409 -2
9410 9410 -1
9411 9411 -1
9412 9412 -1
9413 9413 -1
9414 9414 -1
9415 9415 -1
9416 9416 -1
9417 9417 -2
9418 9418 -1
9421 9421 -2
9422 9422 -3
9423 9423 -3
9424 9424 -1
9425 9425 -2
9427 9427 -5
9428 9428 -1
9429 9429 -1
9430 9430 -3
9431 9431 -2
9432 9432 -4
9433 9433 -5
9434 9434 -2
9435 9435 -1
9436 9436 -2
9437 9437 -2
9438 9438 -3
9439 9439 -1
9440 9440 -2
9443 9443 -3
9444 9444 -2
9445 9445 -1
9446 9446 -5
9447 9447 -1
9448 9448 -6
9449 9449 -1
9451 9451 -1
9453 9453 -3
9454 9454 -4
9455 9455 -1
9456 9456 -4
9457 9457 -2
9458 9458 -1
9459 9459 -4
9460 9460 -4
9461 9461 -2
9462 9462 -4
9464 9464 -3
9465 9465 -2
9466 9466 -1
9467 9467 -1
9468 9468 -3
9469 9469 -3
9470 9470 -1
9471 9471 -1
9472 9472 -2
9473 9473 -1
9475 9475 -1
9476 9476 -2
9477 9477 -1
9479 9479 -1
9480 9480 -1
9481 9481 -2
9482 9482 -1
9484 9484 -2
9486 9486 -1
9487 9487 -3
9488 9488 -2
9489 9489 -2
9490 9490 -3
9491 9491 -5
9492 9492 -2
9493 9493 -3
9494 9494 -2
9495 9495 -2
9496 9496 -3
9497 9497 -1
9498 9498 -1
9499 9499 -1
9500 9500 -2
9501 9501 -1
9503 9503 -1
9504 9504 -1
9505 9505 -1
9506 9506 -3
9507 9507 -1
9508 9508 -2
9509 9509 -1
9510 9510 -2
9512 9512 -2
9513 9513 -2
9514 9514 -2
9516 9516 -3
9517 9517 -4
9518 9518 -2
9519 9519 -2
9520 9520 -3
9521 9521 -3
9522 9522 -1
9523 9523 -1
9524 9524 -4
9525 9525 -1
9526 9526 -3
9527 9527 -3
9528 9528 -4
9529 9529 -3
9530 9530 -4
9531 9531 -1
9532 9532 -5
9534 9534 -2
9535 9535 -2
9537 9537 -1
9538 9538 -6
9539 9539 -2
9540 9540 -1
9541 9541 -2
9542 9542 -3
9543 9543 -5
9545 9545 -3
9546 9546 -2
9548 9548 -2
9549 9549 -1
9550 9550 -1
9551 9551 -1
9552 9552 -1
9553 9553 -7
9554 9554 -1
9556 9556 -3
9557 9557 -1
9558 9558 -4
9559 9559 -2
9560 9560 -5
9561 9561 -3
9562 9562 -1
9564 9564 -3
9565 9565 -1
9566 9566 -4
9568 9568 -2
9569 9569 -1
9570 9570 -4
9571 9571 -1
9572 9572 -2
9574 9574 -2
9576 9576 -2
9577 9577 -4
9578 9578 -2
9579 9579 -1
9580 9580 -2
9581 9581 -2
9582 9582 -2
9583 9583 -2
9584 9584 -2
9585 9585 -3
9586 9586 -1
9587 9587 -3
9588 9588 -1
9589 9589 -1
9590 9590 -1
9591 9591 -3
9592 9592 -3
9593 9593 -2
9594 9594 -3
9595 9595 -5
9596 9596 -5
9597 9597 -4
9598 9598 -2
9599 9599 -4
9600 9600 -1
9601 9601 -2
9602 9602 -5
9603 9603 -3
9604 9604 -3
9605 9605 -5
9606 9606 -1
9607 9607 -1
9609 9609 -2
9610 9610 -2
9611 9611 -3
9612 9612 -3
9613 9613 -1
9614 9614 -3
9615 9615 -3
9616 9616 -1
9618 9618 -1
9619 9619 -4
9620 9620 -3
9621 9621 -3
9622 9622 -2
9624 9624 -1
9625 9625 -1
9626 9626 -3
9627 9627 -4
9628 9628 -3
9629 9629 -1
9631 9631 -1
9632 9632 -2
9633 9633 -4
9634 9634 -2
9635 9635 -1
9637 9637 -2
9638 9638 -2
9639 9639 -2
9640 9640 -2
9641 9641 -3
9642 9642 -1
9643 9643 -8
9645 9645 -2
9646 9646 -1
9647 9647 -2
9648 9648 -4
9649 9649 -1
9650 9650 -4
9651 9651 -4
9652 9652 -4
9653 9653 -3
9654 9654 -2
9655 9655 -2
9656 9656 -3
9657 9657 -4
9658 9658 -1
9659 9659 -2
9660 9660 -1
9661 9661 -2
9663 9663 -1
9664 9664 -3
9665 9665 -2
9666 9666 -2
9667 9667 -3
9668 9668 -3
9669 9669 -1
9670 9670 -2
9671 9671 -1
9672 9672 -1
9673 9673 -2
9674 9674 -3
9675 9675 -4
9677 9677 -1
9678 9678 -1
9679 9679 -3
9681 9681 -3
9682 9682 -2
9683 9683 -2
9684 9684 -1
9685 9685 -2
9686 9686 -2
9687 9687 -4
9688 9688 -3
9689 9689 -2
9690 9690 -2
9691 9691 -3
9692 9692 -1
9694 9694 -1
9695 9695 -2
9697 9697 -4
9698 9698 -4
9699 9699 -1
9700 9700 -1
9701 9701 -3
9702 9702 -4
9703 9703 -1
9704 9704 -2
9705 9705 -1
9706 9706 -3
9707 9707 -2
9709 9709 -4
9710 9710 -1
9711 9711 -3
9712 9712 -3
9713 9713 -4
9714 9714 -1
9716 9716 -3
9717 9717 -5
9718 9718 -3
9719 9719 -2
9720 9720 -1
9721 9721 -2
9723 9723 -3
9724 9724 -3
9725 9725 -3
9726 9726 -1
9727 9727 -1
9728 9728 -1
9729 9729 -1
9730 9730 -1
9731 9731 -1
9732 9732 -2
9735 9735 -1
9736 9736 -1
9737 9737 -2
9738 9738 -3
9739 9739 -1
9740 9740 -4
9741 9741 -1
9743 9743 -1
9744 9744 -1
9745 9745 -3
9748 9748 -1
9749 9749 -2
9750 9750 -2
9751 9751 -3
9752 9752 -4
9753 9753 -2
9755 9755 -1
9757 9757 -7
9758 9758 -2
9759 9759 -1
9760 9760 -1
9761 9761 -2
9762 9762 -2
9763 9763 -1
9764 9764 -1
9765 9765 -2
9767 9767 -2
9769 9769 -3
9770 9770 -3
9772 9772 -2
9773 9773 -3
9775 9775 -1
9777 9777 -3
9779 9779 -1
9780 9780 -1
9781 9781 -2
9782 9782 -2
9783 9783 -1
9785 9785 -1
9786 9786 -3
9787 9787 -1
9788 9788 -2
9789 9789 -1
9790 9790 -1
9792 9792 -1
9793 9793 -1
9794 9794 -3
9795 9795 -2
9796 9796 -2
9797 9797 -1
9798 9798 -2
9799 9799 -2
9800 9800 -4
9801 9801 -3
9802 9802 -5
9804 9804 -2
9805 9805 -2
9806 9806 -3
9807 9807 -2
9809 9809 -1
9810 9810 -2
9811 9811 -2
9812 9812 -1
9813 9813 -2
9814 9814 -1
9816 9816 -1
9817 9817 -4
9819 9819 -1
9820 9820 -2
9821 9821 -2
9822 9822 -2
9823 9823 -5
9824 9824 -4
9825 9825 -2
9827 9827 -1
9828 9828 -4
9829 9829 -1
9830 9830 -2
9831 9831 -1
9832 9832 -4
9833 9833 -2
9834 9834 -2
9835 9835 -1
9836 9836 -1
9837 9837 -3
9839 9839 -1
9840 9840 -2
9842 9842 -1
9843 9843 -1
9844 9844 -3
9845 9845 -3
9847 9847 -6
9848 9848 -5
9849 9849 -1
9850 9850 -3
9851 9851 -2
9852 9852 -4
9853 9853 -3
9854 9854 -2
9855 9855 -5
9857 9857 -4
9858 9858 -2
9859 9859 -2
9861 9861 -3
9862 9862 -1
9863 9863 -1
9865 9865 -2
9866 9866 -2
9867 9867 -4
9868 9868 -1
9869 9869 -1
9870 9870 -1
9871 9871 -1
9872 9872 -2
9873 9873 -3
9874 9874 -2
9875 9875 -2
9876 9876 -2
9878 9878 -3
9879 9879 -3
9880 9880 -1
9881 9881 -1
9882 9882 -5
9883 9883 -3
9884 9884 -1
9885 9885 -3
9886 9886 -3
9887 9887 -3
9888 9888 -1
9889 9889 -1
9890 9890 -2
9891 9891 -1
9892 9892 -3
9893 9893 -3
9894 9894 -2
9895 9895 -1
9896 9896 -2
9897 9897 -2
9899 9899 -1
9900 9900 -1
9902 9902 -3
9903 9903 -3
9904 9904 -1
9905 9905 -3
9906 9906 -1
9908 9908 -4
9909 9909 -1
9910 9910 -2
9911 9911 -4
9912 9912 -2
9913 9913 -1
9914 9914 -5
9916 9916 -1
9917 9917 -1
9919 9919 -2
9920 9920 -1
9921 9921 -3
9922 9922 -3
9923 9923 -2
9924 9924 -4
9925 9925 -1
9926 9926 -2
9927 9927 -2
9928 9928 -2
9929 9929 -1
9930 9930 -2
9931 9931 -1
9932 9932 -3
9934 9934 -3
9935 9935 -2
9936 9936 -3
9937 9937 -2
9938 9938 -1
9939 9939 -2
9940 9940 -1
9941 9941 -2
9942 9942 -1
9943 9943 -1
9944 9944 -1
9946 9946 -2
9947 9947 -3
9948 9948 -2
9949 9949 -1
9950 9950 -1
9951 9951 -1
9952 9952 -2
9954 9954 -3
9955 9955 -3
9956 9956 -4
9958 9958 -2
9959 9959 -5
9960 9960 -3
9961 9961 -1
9962 9962 -3
9964 9964 -3
9965 9965 -5
9966 9966 -2
9968 9968 -1
9969 9969 -3
9970 9970 -2
9971 9971 -4
9972 9972 -6
9973 9973 -3
9974 9974 -6
9975 9975 -1
9976 9976 -1
9977 9977 -3
9978 9978 -2
9979 9979 -5
9981 9981 -3
9982 9982 -1
9983 9983 -3
9985 9985 -3
9986 9986 -5
9987 9987 -1
9988 9988 -3
9989 9989 -1
9990 9990 -2
9992 9992 -2
9993 9993 -2
9995 9995 -3
9996 9996 -2
9997 9997 -2
9998 9998 -2
9999 9999 -2