20000 52644 -4 4
0 19900 2
0 100 -2
0 99 2
0 1 -2
1 19901 2
1 101 2
1 2 -2
2 19902 2
2 102 -2
2 3 -2
3 19903 -2
3 103 -2
3 4 2
4 19904 2
4 104 -2
4 5 -2
5 19905 2
5 105 -2
5 6 -2
6 19906 2
6 106 2
6 7 -2
7 19907 -2
7 107 2
7 8 2
8 19908 2
8 108 -2
8 9 -2
9 19909 2
9 109 2
9 10 2
10 19910 -2
10 110 2
10 11 2
11 19911 2
11 111 -2
11 12 2
12 19912 -2
12 112 -2
12 13 2
13 19913 -2
13 113 -2
13 14 2
14 19914 2
14 114 -2
14 15 2
15 19915 -2
15 115 -2
15 16 -2
16 19916 2
16 116 2
16 17 2
17 19917 -2
17 117 2
17 18 -2
18 19918 -2
18 118 -2
18 19 2
19 19919 -2
19 119 -2
19 20 2
20 19920 2
20 120 -2
20 21 2
21 19921 -2
21 121 2
21 22 2
22 19922 2
22 122 2
22 23 2
23 19923 2
23 123 2
23 24 -2
24 19924 2
24 124 2
24 25 -2
25 19925 2
25 125 -2
25 26 -2
26 19926 2
26 126 -2
26 27 -2
27 19927 -2
27 127 2
27 28 -2
28 19928 2
28 128 2
28 29 2
29 19929 -2
29 129 2
29 30 2
30 19930 -2
30 130 -2
30 31 2
31 19931 2
31 131 -2
31 32 -2
32 19932 2
32 132 -2
32 33 2
33 19933 2
33 133 -2
33 34 2
34 19934 -2
34 134 2
34 35 -2
35 19935 -2
35 135 -2
35 36 2
36 19936 -2
36 136 2
36 37 -2
37 19937 -2
37 137 -2
37 38 -2
38 19938 -2
38 138 -2
38 39 2
39 19939 -2
39 139 2
39 40 -2
40 19940 -2
40 140 -2
40 41 -2
41 19941 -2
41 141 2
41 42 2
42 19942 2
42 142 2
42 43 -2
43 19943 -2
43 143 2
43 44 2
44 19944 -2
44 144 2
44 45 -2
45 19945 2
45 145 -2
45 46 -2
46 19946 2
46 146 2
46 47 2
47 19947 2
47 147 2
47 48 2
48 19948 2
48 148 2
48 49 2
49 19949 2
49 149 -2
49 50 -2
50 19950 2
50 150 -2
50 51 2
51 19951 -2
51 151 -2
51 52 2
52 19952 -2
52 152 -2
52 53 -2
53 19953 2
53 153 -2
53 54 2
54 19954 2
54 154 2
54 55 2
55 19955 2
55 155 -2
55 56 -2
56 19956 -2
56 156 2
56 57 2
57 19957 2
57 157 2
57 58 -2
58 19958 2
58 158 2
58 59 2
59 19959 2
59 159 -2
59 60 2
60 19960 -2
60 160 -2
60 61 2
61 19961 2
61 161 -2
61 62 2
62 19962 2
62 162 2
62 63 -2
63 19963 2
63 163 -2
63 64 -2
64 19964 -2
64 164 2
64 65 2
65 19965 -2
65 165 2
65 66 2
66 19966 2
66 166 2
66 67 2
67 19967 2
67 167 -2
67 68 -2
68 19968 2
68 168 2
68 69 -2
69 19969 2
69 169 -2
69 70 -2
70 19970 -2
70 170 2
70 71 2
71 19971 2
71 171 2
71 72 -2
72 19972 -2
72 172 -2
72 73 2
73 19973 -2
73 173 -2
73 74 -2
74 19974 -2
74 174 2
74 75 2
75 19975 2
75 175 -2
75 76 2
76 19976 2
76 176 -2
76 77 -2
77 19977 2
77 177 2
77 78 2
78 19978 -2
78 178 2
78 79 -2
79 19979 -2
79 179 2
79 80 2
80 19980 2
80 180 -2
80 81 -2
81 19981 2
81 181 2
81 82 -2
82 19982 -2
82 182 2
82 83 -2
83 19983 -2
83 183 2
83 84 -2
84 19984 2
84 184 2
84 85 2
85 19985 -2
85 185 -2
85 86 2
86 19986 2
86 186 2
86 87 -2
87 19987 2
87 187 -2
87 88 2
88 19988 -2
88 188 2
88 89 2
89 19989 2
89 189 -2
89 90 -2
90 19990 -2
90 190 2
90 91 2
91 19991 2
91 191 -2
91 92 2
92 19992 2
92 192 2
92 93 -2
93 19993 -2
93 193 -2
93 94 2
94 19994 2
94 194 -2
94 95 2
95 19995 -2
95 195 -2
95 96 -2
96 19996 -2
96 196 -2
96 97 2
97 19997 -2
97 197 2
97 98 -2
98 19998 2
98 198 -2
98 99 2
99 19999 -2
99 199 -2
100 200 2
100 199 2
100 101 2
101 201 2
101 102 2
102 202 2
102 103 2
103 203 -2
103 104 2
104 204 2
104 105 -2
105 205 2
105 106 2
106 206 2
106 107 -2
107 207 -2
107 108 -2
108 208 2
108 109 2
109 209 -2
109 110 2
110 210 2
110 111 -2
111 211 2
111 112 -2
112 212 2
112 113 2
113 213 -2
113 114 2
114 214 -2
114 115 2
115 215 2
115 116 2
116 216 -2
116 117 2
117 217 2
117 118 -2
118 218 -2
118 119 -2
119 219 -2
119 120 2
120 220 -2
120 121 2
121 221 2
121 122 -2
122 222 2
122 123 2
123 223 2
123 124 -2
124 224 2
124 125 2
125 225 2
125 126 -2
126 226 2
126 127 2
127 227 -2
127 128 -2
128 228 2
128 129 2
129 229 2
129 130 -2
130 230 2
130 131 2
131 231 -2
131 132 -2
132 232 -2
132 133 2
133 233 2
133 134 -2
134 234 2
134 135 -2
135 235 2
135 136 2
136 236 2
136 137 -2
137 237 2
137 138 2
138 238 2
138 139 2
139 239 2
139 140 2
140 240 -2
140 141 -2
141 241 -2
141 142 2
142 242 -2
142 143 -2
143 243 2
143 144 -2
144 244 2
144 145 -2
145 245 -2
145 146 -2
146 246 -2
146 147 2
147 247 2
147 148 2
148 248 2
148 149 -2
149 249 -2
149 150 -2
150 250 2
150 151 2
151 251 2
151 152 2
152 252 -2
152 153 -2
153 253 -2
153 154 2
154 254 2
154 155 2
155 255 -2
155 156 -2
156 256 -2
156 157 2
157 257 -2
157 158 -2
158 258 -2
158 159 2
159 259 -2
159 160 2
160 260 -2
160 161 2
161 261 -2
161 162 2
162 262 -2
162 163 -2
163 263 2
163 164 -2
164 264 2
164 165 2
165 265 -2
165 166 -2
166 266 -2
166 167 2
167 267 -2
167 168 2
168 268 2
168 169 -2
169 269 2
169 170 -2
170 270 2
170 171 -2
171 271 2
171 172 -2
172 272 2
172 173 2
173 273 -2
173 174 -2
174 274 2
174 175 2
175 275 2
175 176 2
176 276 2
176 177 -2
177 277 2
177 178 -2
178 278 -2
178 179 2
179 279 -2
179 180 2
180 280 2
180 181 -2
181 281 -2
181 182 -2
182 282 2
182 183 2
183 283 2
183 184 2
184 284 2
184 185 2
185 285 -2
185 186 -2
186 286 -2
186 187 -2
187 287 -2
187 188 -2
188 288 2
188 189 -2
189 289 2
189 190 2
190 290 2
190 191 -2
191 291 2
191 192 2
192 292 2
192 193 -2
193 293 2
193 194 2
194 294 -2
194 195 2
195 295 2
195 196 2
196 296 -2
196 197 -2
197 297 2
197 198 2
198 298 -2
198 199 -2
199 299 2
200 300 -2
200 299 2
200 201 -2
201 301 2
201 202 2
202 302 -2
202 203 2
203 303 -2
203 204 2
204 304 -2
204 205 -2
205 305 -2
205 206 -2
206 306 -2
206 207 -2
207 307 2
207 208 -2
208 308 2
208 209 2
209 309 2
209 210 -2
210 310 -2
210 211 2
211 311 2
211 212 2
212 312 -2
212 213 -2
213 313 2
213 214 -2
214 314 2
214 215 -2
215 315 2
215 216 -2
216 316 -2
216 217 2
217 317 -2
217 218 -2
218 318 2
218 219 -2
219 319 -2
219 220 2
220 320 2
220 221 2
221 321 2
221 222 2
222 322 2
222 223 -2
223 323 -2
223 224 -2
224 324 -2
224 225 2
225 325 -2
225 226 2
226 326 -2
226 227 -2
227 327 -2
227 228 2
228 328 2
228 229 2
229 329 2
229 230 2
230 330 -2
230 231 2
231 331 -2
231 232 -2
232 332 -2
232 233 2
233 333 -2
233 234 -2
234 334 -2
234 235 -2
235 335 2
235 236 -2
236 336 -2
236 237 -2
237 337 2
237 238 2
238 338 -2
238 239 2
239 339 -2
239 240 -2
240 340 2
240 241 -2
241 341 -2
241 242 2
242 342 2
242 243 2
243 343 2
243 244 -2
244 344 -2
244 245 2
245 345 -2
245 246 -2
246 346 -2
246 247 2
247 347 2
247 248 2
248 348 2
248 249 2
249 349 2
249 250 2
250 350 2
250 251 -2
251 351 2
251 252 -2
252 352 -2
252 253 -2
253 353 2
253 254 2
254 354 -2
254 255 2
255 355 2
255 256 2
256 356 2
256 257 -2
257 357 -2
257 258 2
258 358 -2
258 259 -2
259 359 2
259 260 2
260 360 2
260 261 2
261 361 -2
261 262 2
262 362 2
262 263 -2
263 363 2
263 264 -2
264 364 2
264 265 -2
265 365 -2
265 266 2
266 366 -2
266 267 2
267 367 -2
267 268 -2
268 368 -2
268 269 2
269 369 2
269 270 2
270 370 2
270 271 -2
271 371 2
271 272 2
272 372 -2
272 273 2
273 373 -2
273 274 2
274 374 2
274 275 2
275 375 2
275 276 -2
276 376 2
276 277 2
277 377 2
277 278 2
278 378 2
278 279 2
279 379 2
279 280 2
280 380 2
280 281 2
281 381 -2
281 282 2
282 382 -2
282 283 2
283 383 2
283 284 2
284 384 -2
284 285 -2
285 385 -2
285 286 -2
286 386 2
286 287 2
287 387 2
287 288 2
288 388 -2
288 289 2
289 389 -2
289 290 -2
290 390 -2
290 291 2
291 391 2
291 292 2
292 392 2
292 293 -2
293 393 2
293 294 2
294 394 2
294 295 -2
295 395 -2
295 296 -2
296 396 -2
296 297 -2
297 397 2
297 298 -2
298 398 2
298 299 -2
299 399 -2
300 400 -2
300 399 2
300 301 2
301 401 2
301 302 2
302 402 -2
302 303 -2
303 403 2
303 304 -2
304 404 2
304 305 -2
305 405 -2
305 306 2
306 406 -2
306 307 -2
307 407 -2
307 308 -2
308 408 2
308 309 2
309 409 2
309 310 -2
310 410 -2
310 311 -2
311 411 -2
311 312 2
312 412 -2
312 313 -2
313 413 -2
313 314 2
314 414 -2
314 315 -2
315 415 2
315 316 2
316 416 -2
316 317 2
317 417 -2
317 318 2
318 418 -2
318 319 2
319 419 2
319 320 2
320 420 -2
320 321 2
321 421 -2
321 322 -2
322 422 2
322 323 2
323 423 2
323 324 2
324 424 -2
324 325 -2
325 425 -2
325 326 -2
326 426 2
326 327 2
327 427 -2
327 328 2
328 428 2
328 329 2
329 429 -2
329 330 2
330 430 2
330 331 -2
331 431 -2
331 332 -2
332 432 -2
332 333 -2
333 433 2
333 334 2
334 434 -2
334 335 -2
335 435 2
335 336 -2
336 436 -2
336 337 2
337 437 2
337 338 2
338 438 2
338 339 2
339 439 2
339 340 2
340 440 2
340 341 -2
341 441 2
341 342 2
342 442 2
342 343 -2
343 443 -2
343 344 2
344 444 -2
344 345 2
345 445 -2
345 346 2
346 446 -2
346 347 -2
347 447 2
347 348 2
348 448 2
348 349 -2
349 449 2
349 350 2
350 450 2
350 351 2
351 451 -2
351 352 2
352 452 2
352 353 -2
353 453 -2
353 354 2
354 454 2
354 355 2
355 455 2
355 356 2
356 456 2
356 357 2
357 457 2
357 358 2
358 458 2
358 359 2
359 459 -2
359 360 2
360 460 -2
360 361 -2
361 461 2
361 362 2
362 462 2
362 363 2
363 463 -2
363 364 -2
364 464 2
364 365 -2
365 465 -2
365 366 -2
366 466 2
366 367 2
367 467 -2
367 368 2
368 468 2
368 369 -2
369 469 2
369 370 2
370 470 -2
370 371 -2
371 471 2
371 372 2
372 472 2
372 373 -2
373 473 2
373 374 2
374 474 2
374 375 -2
375 475 -2
375 376 -2
376 476 -2
376 377 2
377 477 2
377 378 2
378 478 -2
378 379 -2
379 479 2
379 380 -2
380 480 2
380 381 2
381 481 -2
381 382 -2
382 482 -2
382 383 -2
383 483 -2
383 384 2
384 484 -2
384 385 -2
385 485 -2
385 386 2
386 486 2
386 387 2
387 487 2
387 388 2
388 488 -2
388 389 -2
389 489 2
389 390 2
390 490 2
390 391 -2
391 491 -2
391 392 2
392 492 -2
392 393 -2
393 493 -2
393 394 -2
394 494 2
394 395 2
395 495 -2
395 396 -2
396 496 2
396 397 2
397 497 -2
397 398 2
398 498 -2
398 399 -2
399 499 2
400 500 2
400 499 2
400 401 -2
401 501 -2
401 402 -2
402 502 -2
402 403 -2
403 503 -2
403 404 -2
404 504 -2
404 405 -2
405 505 -2
405 406 2
406 506 -2
406 407 2
407 507 2
407 408 2
408 508 2
408 409 -2
409 509 2
409 410 2
410 510 -2
410 411 2
411 511 -2
411 412 -2
412 512 2
412 413 2
413 513 2
413 414 2
414 514 -2
414 415 -2
415 515 -2
415 416 -2
416 516 2
416 417 2
417 517 -2
417 418 2
418 518 2
418 419 2
419 519 -2
419 420 2
420 520 2
420 421 2
421 521 -2
421 422 2
422 522 -2
422 423 -2
423 523 2
423 424 -2
424 524 2
424 425 2
425 525 2
425 426 2
426 526 2
426 427 2
427 527 -2
427 428 2
428 528 2
428 429 -2
429 529 2
429 430 -2
430 530 2
430 431 2
431 531 2
431 432 2
432 532 2
432 433 2
433 533 -2
433 434 -2
434 534 2
434 435 -2
435 535 2
435 436 2
436 536 -2
436 437 2
437 537 -2
437 438 2
438 538 2
438 439 -2
439 539 2
439 440 -2
440 540 2
440 441 -2
441 541 2
441 442 -2
442 542 2
442 443 2
443 543 2
443 444 2
444 544 -2
444 445 2
445 545 -2
445 446 -2
446 546 2
446 447 2
447 547 -2
447 448 2
448 548 -2
448 449 2
449 549 -2
449 450 -2
450 550 -2
450 451 2
451 551 -2
451 452 -2
452 552 -2
452 453 -2
453 553 -2
453 454 -2
454 554 -2
454 455 2
455 555 -2
455 456 2
456 556 2
456 457 2
457 557 2
457 458 2
458 558 -2
458 459 2
459 559 2
459 460 -2
460 560 2
460 461 2
461 561 2
461 462 -2
462 562 -2
462 463 -2
463 563 -2
463 464 2
464 564 2
464 465 2
465 565 2
465 466 2
466 566 2
466 467 2
467 567 2
467 468 -2
468 568 2
468 469 -2
469 569 2
469 470 -2
470 570 2
470 471 -2
471 571 -2
471 472 -2
472 572 -2
472 473 -2
473 573 2
473 474 2
474 574 -2
474 475 -2
475 575 2
475 476 -2
476 576 -2
476 477 2
477 577 2
477 478 2
478 578 2
478 479 2
479 579 2
479 480 -2
480 580 2
480 481 2
481 581 2
481 482 -2
482 582 -2
482 483 2
483 583 2
483 484 -2
484 584 2
484 485 -2
485 585 2
485 486 -2
486 586 2
486 487 -2
487 587 -2
487 488 -2
488 588 2
488 489 2
489 589 2
489 490 2
490 590 -2
490 491 2
491 591 2
491 492 -2
492 592 2
492 493 2
493 593 2
493 494 -2
494 594 2
494 495 2
495 595 -2
495 496 2
496 596 -2
496 497 2
497 597 -2
497 498 -2
498 598 -2
498 499 2
499 599 -2
500 600 -2
500 599 -2
500 501 -2
501 601 2
501 502 -2
502 602 -2
502 503 2
503 603 -2
503 504 2
504 604 2
504 505 2
505 605 -2
505 506 2
506 606 2
506 507 -2
507 607 -2
507 508 2
508 608 2
508 509 2
509 609 2
509 510 -2
510 610 2
510 511 2
511 611 -2
511 512 -2
512 612 -2
512 513 2
513 613 -2
513 514 -2
514 614 -2
514 515 -2
515 615 -2
515 516 2
516 616 -2
516 517 -2
517 617 2
517 518 -2
518 618 -2
518 519 2
519 619 -2
519 520 -2
520 620 -2
520 521 -2
521 621 2
521 522 -2
522 622 -2
522 523 -2
523 623 -2
523 524 2
524 624 -2
524 525 -2
525 625 -2
525 526 2
526 626 -2
526 527 2
527 627 -2
527 528 2
528 628 -2
528 529 2
529 629 -2
529 530 2
530 630 2
530 531 -2
531 631 -2
531 532 2
532 632 -2
532 533 2
533 633 2
533 534 -2
534 634 2
534 535 2
535 635 -2
535 536 -2
536 636 2
536 537 2
537 637 2
537 538 2
538 638 2
538 539 2
539 639 -2
539 540 2
540 640 -2
540 541 -2
541 641 -2
541 542 2
542 642 -2
542 543 -2
543 643 2
543 544 -2
544 644 2
544 545 2
545 645 -2
545 546 2
546 646 2
546 547 2
547 647 2
547 548 2
548 648 -2
548 549 -2
549 649 2
549 550 -2
550 650 -2
550 551 2
551 651 -2
551 552 2
552 652 2
552 553 -2
553 653 -2
553 554 2
554 654 2
554 555 -2
555 655 -2
555 556 -2
556 656 -2
556 557 2
557 657 -2
557 558 -2
558 658 -2
558 559 -2
559 659 2
559 560 -2
560 660 -2
560 561 -2
561 661 -2
561 562 -2
562 662 -2
562 563 -2
563 663 2
563 564 -2
564 664 -2
564 565 -2
565 665 -2
565 566 -2
566 666 -2
566 567 -2
567 667 2
567 568 -2
568 668 2
568 569 2
569 669 2
569 570 2
570 670 -2
570 571 -2
571 671 -2
571 572 -2
572 672 2
572 573 2
573 673 -2
573 574 2
574 674 2
574 575 -2
575 675 2
575 576 2
576 676 2
576 577 2
577 677 2
577 578 2
578 678 2
578 579 -2
579 679 -2
579 580 -2
580 680 2
580 581 2
581 681 -2
581 582 -2
582 682 2
582 583 2
583 683 -2
583 584 -2
584 684 2
584 585 2
585 685 -2
585 586 -2
586 686 -2
586 587 2
587 687 -2
587 588 -2
588 688 2
588 589 -2
589 689 2
589 590 2
590 690 2
590 591 -2
591 691 2
591 592 2
592 692 2
592 593 2
593 693 2
593 594 2
594 694 2
594 595 2
595 695 -2
595 596 -2
596 696 -2
596 597 2
597 697 -2
597 598 -2
598 698 -2
598 599 -2
599 699 -2
600 700 -2
600 699 2
600 601 -2
601 701 2
601 602 2
602 702 2
602 603 2
603 703 2
603 604 2
604 704 2
604 605 2
605 705 2
605 606 2
606 706 2
606 607 -2
607 707 -2
607 608 2
608 708 2
608 609 -2
609 709 2
609 610 2
610 710 2
610 611 2
611 711 -2
611 612 2
612 712 2
612 613 -2
613 713 2
613 614 2
614 714 2
614 615 -2
615 715 2
615 616 2
616 716 -2
616 617 -2
617 717 -2
617 618 2
618 718 2
618 619 -2
619 719 2
619 620 -2
620 720 2
620 621 2
621 721 2
621 622 -2
622 722 -2
622 623 2
623 723 -2
623 624 -2
624 724 -2
624 625 -2
625 725 2
625 626 2
626 726 -2
626 627 -2
627 727 2
627 628 -2
628 728 -2
628 629 2
629 729 2
629 630 -2
630 730 2
630 631 2
631 731 -2
631 632 2
632 732 -2
632 633 -2
633 733 -2
633 634 2
634 734 2
634 635 2
635 735 -2
635 636 -2
636 736 2
636 637 2
637 737 2
637 638 -2
638 738 -2
638 639 -2
639 739 -2
639 640 2
640 740 2
640 641 2
641 741 2
641 642 -2
642 742 -2
642 643 2
643 743 -2
643 644 -2
644 744 -2
644 645 -2
645 745 -2
645 646 -2
646 746 -2
646 647 -2
647 747 2
647 648 2
648 748 2
648 649 -2
649 749 -2
649 650 2
650 750 2
650 651 -2
651 751 2
651 652 -2
652 752 2
652 653 -2
653 753 -2
653 654 2
654 754 -2
654 655 -2
655 755 2
655 656 -2
656 756 -2
656 657 -2
657 757 2
657 658 2
658 758 -2
658 659 2
659 759 2
659 660 -2
660 760 -2
660 661 2
661 761 -2
661 662 2
662 762 -2
662 663 -2
663 763 2
663 664 -2
664 764 -2
664 665 2
665 765 -2
665 666 2
666 766 2
666 667 2
667 767 -2
667 668 2
668 768 -2
668 669 2
669 769 2
669 670 -2
670 770 2
670 671 -2
671 771 2
671 672 2
672 772 2
672 673 2
673 773 2
673 674 2
674 774 2
674 675 -2
675 775 2
675 676 2
676 776 2
676 677 -2
677 777 -2
677 678 2
678 778 2
678 679 2
679 779 2
679 680 -2
680 780 2
680 681 -2
681 781 2
681 682 -2
682 782 -2
682 683 -2
683 783 2
683 684 2
684 784 2
684 685 2
685 785 2
685 686 2
686 786 2
686 687 2
687 787 -2
687 688 -2
688 788 2
688 689 -2
689 789 2
689 690 -2
690 790 2
690 691 -2
691 791 2
691 692 2
692 792 -2
692 693 -2
693 793 2
693 694 2
694 794 2
694 695 2
695 795 2
695 696 -2
696 796 2
696 697 2
697 797 2
697 698 -2
698 798 -2
698 699 2
699 799 -2
700 800 2
700 799 2
700 701 -2
701 801 2
701 702 -2
702 802 -2
702 703 -2
703 803 -2
703 704 2
704 804 2
704 705 -2
705 805 -2
705 706 -2
706 806 -2
706 707 2
707 807 -2
707 708 -2
708 808 -2
708 709 -2
709 809 2
709 710 2
710 810 -2
710 711 -2
711 811 2
711 712 -2
712 812 -2
712 713 2
713 813 -2
713 714 2
714 814 -2
714 715 2
715 815 2
715 716 -2
716 816 2
716 717 -2
717 817 2
717 718 2
718 818 2
718 719 -2
719 819 2
719 720 -2
720 820 2
720 721 -2
721 821 -2
721 722 -2
722 822 -2
722 723 -2
723 823 -2
723 724 2
724 824 -2
724 725 2
725 825 -2
725 726 2
726 826 -2
726 727 2
727 827 -2
727 728 -2
728 828 -2
728 729 2
729 829 2
729 730 2
730 830 2
730 731 -2
731 831 -2
731 732 -2
732 832 2
732 733 2
733 833 2
733 734 2
734 834 2
734 735 2
735 835 -2
735 736 -2
736 836 2
736 737 -2
737 837 -2
737 738 2
738 838 2
738 739 2
739 839 2
739 740 2
740 840 -2
740 741 -2
741 841 2
741 742 2
742 842 2
742 743 -2
743 843 2
743 744 2
744 844 2
744 745 2
745 845 2
745 746 2
746 846 -2
746 747 -2
747 847 2
747 748 -2
748 848 2
748 749 2
749 849 2
749 750 2
750 850 -2
750 751 -2
751 851 -2
751 752 2
752 852 2
752 753 -2
753 853 -2
753 754 2
754 854 -2
754 755 -2
755 855 2
755 756 2
756 856 2
756 757 2
757 857 -2
757 758 2
758 858 -2
758 759 2
759 859 2
759 760 2
760 860 2
760 761 2
761 861 2
761 762 2
762 862 -2
762 763 -2
763 863 2
763 764 2
764 864 -2
764 765 -2
765 865 2
765 766 2
766 866 2
766 767 -2
767 867 2
767 768 2
768 868 -2
768 769 -2
769 869 2
769 770 -2
770 870 -2
770 771 2
771 871 2
771 772 -2
772 872 -2
772 773 -2
773 873 -2
773 774 -2
774 874 2
774 775 -2
775 875 -2
775 776 2
776 876 -2
776 777 2
777 877 -2
777 778 -2
778 878 2
778 779 2
779 879 2
779 780 -2
780 880 2
780 781 -2
781 881 -2
781 782 2
782 882 -2
782 783 2
783 883 2
783 784 2
784 884 2
784 785 -2
785 885 2
785 786 -2
786 886 2
786 787 2
787 887 -2
787 788 -2
788 888 2
788 789 -2
789 889 2
789 790 -2
790 890 2
790 791 2
791 891 -2
791 792 2
792 892 2
792 793 -2
793 893 2
793 794 2
794 894 -2
794 795 -2
795 895 -2
795 796 -2
796 896 -2
796 797 -2
797 897 -2
797 798 -2
798 898 -2
798 799 -2
799 899 2
800 900 2
800 899 -2
800 801 2
801 901 -2
801 802 2
802 902 -2
802 803 -2
803 903 2
803 804 2
804 904 2
804 805 2
805 905 2
805 806 -2
806 906 -2
806 807 -2
807 907 2
807 808 2
808 908 -2
808 809 2
809 909 2
809 810 2
810 910 -2
810 811 2
811 911 -2
811 812 2
812 912 -2
812 813 -2
813 913 -2
813 814 -2
814 914 -2
814 815 -2
815 915 -2
815 816 2
816 916 -2
816 817 2
817 917 2
817 818 2
818 918 2
818 819 2
819 919 2
819 820 -2
820 920 -2
820 821 2
821 921 -2
821 822 2
822 922 2
822 823 -2
823 923 2
823 824 -2
824 924 -2
824 825 2
825 925 -2
825 826 2
826 926 2
826 827 -2
827 927 -2
827 828 -2
828 928 -2
828 829 -2
829 929 -2
829 830 -2
830 930 -2
830 831 -2
831 931 -2
831 832 2
832 932 -2
832 833 2
833 933 2
833 834 2
834 934 -2
834 835 2
835 935 -2
835 836 2
836 936 2
836 837 2
837 937 -2
837 838 2
838 938 -2
838 839 -2
839 939 2
839 840 2
840 940 -2
840 841 2
841 941 2
841 842 -2
842 942 -2
842 843 2
843 943 2
843 844 -2
844 944 2
844 845 -2
845 945 2
845 846 2
846 946 -2
846 847 -2
847 947 2
847 848 2
848 948 -2
848 849 -2
849 949 2
849 850 2
850 950 2
850 851 -2
851 951 -2
851 852 2
852 952 -2
852 853 2
853 953 2
853 854 -2
854 954 -2
854 855 2
855 955 -2
855 856 -2
856 956 -2
856 857 2
857 957 -2
857 858 -2
858 958 2
858 859 -2
859 959 2
859 860 -2
860 960 2
860 861 -2
861 961 -2
861 862 -2
862 962 2
862 863 -2
863 963 -2
863 864 -2
864 964 -2
864 865 -2
865 965 -2
865 866 -2
866 966 -2
866 867 -2
867 967 2
867 868 2
868 968 -2
868 869 2
869 969 -2
869 870 -2
870 970 2
870 871 -2
871 971 -2
871 872 -2
872 972 -2
872 873 2
873 973 2
873 874 -2
874 974 -2
874 875 -2
875 975 2
875 876 2
876 976 2
876 877 -2
877 977 2
877 878 -2
878 978 -2
878 879 2
879 979 -2
879 880 2
880 980 2
880 881 -2
881 981 -2
881 882 -2
882 982 -2
882 883 2
883 983 -2
883 884 2
884 984 -2
884 885 -2
885 985 -2
885 886 -2
886 986 -2
886 887 -2
887 987 2
887 888 -2
888 988 2
888 889 2
889 989 2
889 890 2
890 990 2
890 891 2
891 991 -2
891 892 2
892 992 -2
892 893 2
893 993 2
893 894 -2
894 994 2
894 895 2
895 995 -2
895 896 2
896 996 2
896 897 -2
897 997 -2
897 898 2
898 998 -2
898 899 2
899 999 2
900 1000 2
900 999 2
900 901 2
901 1001 2
901 902 -2
902 1002 2
902 903 2
903 1003 -2
903 904 2
904 1004 -2
904 905 2
905 1005 2
905 906 -2
906 1006 2
906 907 -2
907 1007 2
907 908 2
908 1008 -2
908 909 -2
909 1009 -2
909 910 -2
910 1010 -2
910 911 2
911 1011 2
911 912 -2
912 1012 2
912 913 -2
913 1013 -2
913 914 2
914 1014 -2
914 915 -2
915 1015 2
915 916 -2
916 1016 -2
916 917 -2
917 1017 2
917 918 -2
918 1018 2
918 919 -2
919 1019 2
919 920 2
920 1020 2
920 921 2
921 1021 2
921 922 2
922 1022 2
922 923 -2
923 1023 -2
923 924 -2
924 1024 2
924 925 -2
925 1025 -2
925 926 2
926 1026 -2
926 927 2
927 1027 2
927 928 2
928 1028 2
928 929 2
929 1029 -2
929 930 2
930 1030 -2
930 931 -2
931 1031 -2
931 932 2
932 1032 -2
932 933 -2
933 1033 2
933 934 -2
934 1034 -2
934 935 -2
935 1035 2
935 936 2
936 1036 2
936 937 -2
937 1037 2
937 938 2
938 1038 2
938 939 -2
939 1039 -2
939 940 -2
940 1040 2
940 941 -2
941 1041 -2
941 942 2
942 1042 2
942 943 -2
943 1043 -2
943 944 2
944 1044 2
944 945 -2
945 1045 2
945 946 2
946 1046 2
946 947 2
947 1047 -2
947 948 2
948 1048 -2
948 949 -2
949 1049 -2
949 950 2
950 1050 2
950 951 -2
951 1051 -2
951 952 2
952 1052 2
952 953 -2
953 1053 2
953 954 2
954 1054 2
954 955 2
955 1055 -2
955 956 2
956 1056 2
956 957 2
957 1057 2
957 958 -2
958 1058 2
958 959 -2
959 1059 2
959 960 -2
960 1060 2
960 961 2
961 1061 2
961 962 -2
962 1062 2
962 963 -2
963 1063 -2
963 964 -2
964 1064 2
964 965 -2
965 1065 -2
965 966 2
966 1066 -2
966 967 2
967 1067 2
967 968 2
968 1068 -2
968 969 -2
969 1069 -2
969 970 -2
970 1070 2
970 971 -2
971 1071 2
971 972 -2
972 1072 2
972 973 2
973 1073 -2
973 974 -2
974 1074 2
974 975 -2
975 1075 -2
975 976 2
976 1076 -2
976 977 -2
977 1077 -2
977 978 2
978 1078 -2
978 979 2
979 1079 2
979 980 -2
980 1080 -2
980 981 -2
981 1081 2
981 982 2
982 1082 2
982 983 -2
983 1083 -2
983 984 2
984 1084 2
984 985 -2
985 1085 2
985 986 2
986 1086 -2
986 987 -2
987 1087 2
987 988 2
988 1088 -2
988 989 -2
989 1089 2
989 990 -2
990 1090 -2
990 991 2
991 1091 -2
991 992 2
992 1092 -2
992 993 2
993 1093 -2
993 994 -2
994 1094 2
994 995 2
995 1095 -2
995 996 -2
996 1096 2
996 997 -2
997 1097 2
997 998 2
998 1098 2
998 999 -2
999 1099 2
1000 1100 -2
1000 1099 2
1000 1001 2
1001 1101 -2
1001 1002 2
1002 1102 2
1002 1003 2
1003 1103 2
1003 1004 2
1004 1104 -2
1004 1005 2
1005 1105 -2
1005 1006 -2
1006 1106 -2
1006 1007 -2
1007 1107 2
1007 1008 -2
1008 1108 2
1008 1009 -2
1009 1109 2
1009 1010 -2
1010 1110 2
1010 1011 2
1011 1111 2
1011 1012 2
1012 1112 -2
1012 1013 2
1013 1113 -2
1013 1014 -2
1014 1114 2
1014 1015 2
1015 1115 -2
1015 1016 2
1016 1116 -2
1016 1017 2
1017 1117 2
1017 1018 -2
1018 1118 2
1018 1019 2
1019 1119 2
1019 1020 -2
1020 1120 2
1020 1021 2
1021 1121 -2
1021 1022 2
1022 1122 2
1022 1023 2
1023 1123 -2
1023 1024 -2
1024 1124 2
1024 1025 -2
1025 1125 -2
1025 1026 2
1026 1126 2
1026 1027 -2
1027 1127 -2
1027 1028 2
1028 1128 2
1028 1029 2
1029 1129 -2
1029 1030 -2
1030 1130 2
1030 1031 2
1031 1131 2
1031 1032 2
1032 1132 -2
1032 1033 -2
1033 1133 2
1033 1034 -2
1034 1134 -2
1034 1035 2
1035 1135 -2
1035 1036 2
1036 1136 2
1036 1037 2
1037 1137 2
1037 1038 -2
1038 1138 2
1038 1039 2
1039 1139 -2
1039 1040 -2
1040 1140 -2
1040 1041 2
1041 1141 2
1041 1042 2
1042 1142 -2
1042 1043 -2
1043 1143 -2
1043 1044 2
1044 1144 2
1044 1045 -2
1045 1145 2
1045 1046 -2
1046 1146 -2
1046 1047 -2
1047 1147 -2
1047 1048 -2
1048 1148 2
1048 1049 -2
1049 1149 -2
1049 1050 -2
1050 1150 2
1050 1051 2
1051 1151 2
1051 1052 2
1052 1152 -2
1052 1053 -2
1053 1153 -2
1053 1054 2
1054 1154 2
1054 1055 -2
1055 1155 -2
1055 1056 2
1056 1156 -2
1056 1057 -2
1057 1157 -2
1057 1058 2
1058 1158 2
1058 1059 -2
1059 1159 2
1059 1060 -2
1060 1160 -2
1060 1061 -2
1061 1161 2
1061 1062 2
1062 1162 -2
1062 1063 2
1063 1163 2
1063 1064 -2
1064 1164 -2
1064 1065 -2
1065 1165 2
1065 1066 -2
1066 1166 2
1066 1067 -2
1067 1167 2
1067 1068 -2
1068 1168 2
1068 1069 -2
1069 1169 -2
1069 1070 -2
1070 1170 -2
1070 1071 2
1071 1171 -2
1071 1072 -2
1072 1172 -2
1072 1073 2
1073 1173 2
1073 1074 2
1074 1174 2
1074 1075 2
1075 1175 -2
1075 1076 2
1076 1176 2
1076 1077 2
1077 1177 2
1077 1078 -2
1078 1178 -2
1078 1079 -2
1079 1179 -2
1079 1080 2
1080 1180 -2
1080 1081 2
1081 1181 -2
1081 1082 2
1082 1182 2
1082 1083 -2
1083 1183 2
1083 1084 2
1084 1184 -2
1084 1085 2
1085 1185 -2
1085 1086 2
1086 1186 2
1086 1087 -2
1087 1187 -2
1087 1088 -2
1088 1188 2
1088 1089 2
1089 1189 2
1089 1090 2
1090 1190 2
1090 1091 2
1091 1191 2
1091 1092 2
1092 1192 -2
1092 1093 2
1093 1193 2
1093 1094 -2
1094 1194 2
1094 1095 -2
1095 1195 -2
1095 1096 2
1096 1196 -2
1096 1097 2
1097 1197 2
1097 1098 -2
1098 1198 2
1098 1099 2
1099 1199 -2
1100 1200 -2
1100 1199 2
1100 1101 -2
1101 1201 -2
1101 1102 2
1102 1202 -2
1102 1103 -2
1103 1203 2
1103 1104 2
1104 1204 -2
1104 1105 2
1105 1205 2
1105 1106 2
1106 1206 2
1106 1107 -2
1107 1207 -2
1107 1108 2
1108 1208 2
1108 1109 2
1109 1209 2
1109 1110 -2
1110 1210 -2
1110 1111 -2
1111 1211 -2
1111 1112 2
1112 1212 -2
1112 1113 -2
1113 1213 -2
1113 1114 -2
1114 1214 -2
1114 1115 2
1115 1215 -2
1115 1116 2
1116 1216 2
1116 1117 -2
1117 1217 2
1117 1118 2
1118 1218 2
1118 1119 -2
1119 1219 2
1119 1120 2
1120 1220 -2
1120 1121 2
1121 1221 -2
1121 1122 2
1122 1222 -2
1122 1123 2
1123 1223 2
1123 1124 2
1124 1224 2
1124 1125 -2
1125 1225 2
1125 1126 2
1126 1226 -2
1126 1127 2
1127 1227 -2
1127 1128 -2
1128 1228 -2
1128 1129 2
1129 1229 -2
1129 1130 -2
1130 1230 -2
1130 1131 2
1131 1231 -2
1131 1132 2
1132 1232 -2
1132 1133 -2
1133 1233 -2
1133 1134 2
1134 1234 2
1134 1135 -2
1135 1235 -2
1135 1136 -2
1136 1236 2
1136 1137 -2
1137 1237 -2
1137 1138 -2
1138 1238 2
1138 1139 -2
1139 1239 2
1139 1140 -2
1140 1240 2
1140 1141 2
1141 1241 2
1141 1142 -2
1142 1242 -2
1142 1143 2
1143 1243 2
1143 1144 2
1144 1244 2
1144 1145 2
1145 1245 2
1145 1146 -2
1146 1246 2
1146 1147 -2
1147 1247 2
1147 1148 2
1148 1248 -2
1148 1149 2
1149 1249 -2
1149 1150 -2
1150 1250 2
1150 1151 -2
1151 1251 -2
1151 1152 -2
1152 1252 2
1152 1153 2
1153 1253 2
1153 1154 -2
1154 1254 2
1154 1155 2
1155 1255 -2
1155 1156 -2
1156 1256 2
1156 1157 -2
1157 1257 -2
1157 1158 2
1158 1258 2
1158 1159 2
1159 1259 2
1159 1160 2
1160 1260 -2
1160 1161 2
1161 1261 -2
1161 1162 -2
1162 1262 -2
1162 1163 -2
1163 1263 2
1163 1164 2
1164 1264 2
1164 1165 2
1165 1265 2
1165 1166 -2
1166 1266 -2
1166 1167 2
1167 1267 2
1167 1168 -2
1168 1268 -2
1168 1169 -2
1169 1269 2
1169 1170 2
1170 1270 2
1170 1171 2
1171 1271 -2
1171 1172 2
1172 1272 -2
1172 1173 2
1173 1273 2
1173 1174 2
1174 1274 -2
1174 1175 -2
1175 1275 2
1175 1176 -2
1176 1276 2
1176 1177 2
1177 1277 2
1177 1178 2
1178 1278 -2
1178 1179 -2
1179 1279 2
1179 1180 2
1180 1280 2
1180 1181 2
1181 1281 2
1181 1182 2
1182 1282 -2
1182 1183 -2
1183 1283 2
1183 1184 -2
1184 1284 2
1184 1185 -2
1185 1285 2
1185 1186 -2
1186 1286 -2
1186 1187 -2
1187 1287 -2
1187 1188 2
1188 1288 2
1188 1189 2
1189 1289 -2
1189 1190 2
1190 1290 2
1190 1191 2
1191 1291 2
1191 1192 2
1192 1292 -2
1192 1193 -2
1193 1293 2
1193 1194 -2
1194 1294 -2
1194 1195 2
1195 1295 -2
1195 1196 -2
1196 1296 -2
1196 1197 -2
1197 1297 -2
1197 1198 -2
1198 1298 -2
1198 1199 2
1199 1299 2
1200 1300 2
1200 1299 -2
1200 1201 2
1201 1301 -2
1201 1202 2
1202 1302 2
1202 1203 -2
1203 1303 -2
1203 1204 -2
1204 1304 2
1204 1205 2
1205 1305 2
1205 1206 -2
1206 1306 2
1206 1207 -2
1207 1307 -2
1207 1208 -2
1208 1308 -2
1208 1209 2
1209 1309 2
1209 1210 2
1210 1310 2
1210 1211 2
1211 1311 -2
1211 1212 2
1212 1312 2
1212 1213 -2
1213 1313 2
1213 1214 2
1214 1314 -2
1214 1215 2
1215 1315 2
1215 1216 -2
1216 1316 -2
1216 1217 2
1217 1317 2
1217 1218 -2
1218 1318 2
1218 1219 -2
1219 1319 -2
1219 1220 -2
1220 1320 2
1220 1221 2
1221 1321 2
1221 1222 -2
1222 1322 -2
1222 1223 2
1223 1323 -2
1223 1224 -2
1224 1324 -2
1224 1225 2
1225 1325 2
1225 1226 -2
1226 1326 -2
1226 1227 2
1227 1327 -2
1227 1228 2
1228 1328 2
1228 1229 2
1229 1329 -2
1229 1230 2
1230 1330 -2
1230 1231 2
1231 1331 2
1231 1232 -2
1232 1332 2
1232 1233 -2
1233 1333 2
1233 1234 -2
1234 1334 2
1234 1235 2
1235 1335 -2
1235 1236 -2
1236 1336 -2
1236 1237 2
1237 1337 2
1237 1238 -2
1238 1338 2
1238 1239 -2
1239 1339 2
1239 1240 2
1240 1340 -2
1240 1241 2
1241 1341 2
1241 1242 -2
1242 1342 -2
1242 1243 -2
1243 1343 -2
1243 1244 -2
1244 1344 -2
1244 1245 -2
1245 1345 2
1245 1246 -2
1246 1346 -2
1246 1247 2
1247 1347 -2
1247 1248 2
1248 1348 -2
1248 1249 -2
1249 1349 2
1249 1250 2
1250 1350 -2
1250 1251 -2
1251 1351 2
1251 1252 2
1252 1352 2
1252 1253 -2
1253 1353 -2
1253 1254 -2
1254 1354 2
1254 1255 2
1255 1355 -2
1255 1256 -2
1256 1356 2
1256 1257 2
1257 1357 2
1257 1258 2
1258 1358 -2
1258 1259 2
1259 1359 -2
1259 1260 -2
1260 1360 2
1260 1261 2
1261 1361 2
1261 1262 2
1262 1362 2
1262 1263 -2
1263 1363 2
1263 1264 2
1264 1364 -2
1264 1265 2
1265 1365 -2
1265 1266 -2
1266 1366 -2
1266 1267 2
1267 1367 2
1267 1268 2
1268 1368 -2
1268 1269 2
1269 1369 -2
1269 1270 2
1270 1370 2
1270 1271 -2
1271 1371 -2
1271 1272 2
1272 1372 -2
1272 1273 -2
1273 1373 2
1273 1274 -2
1274 1374 -2
1274 1275 -2
1275 1375 2
1275 1276 2
1276 1376 -2
1276 1277 -2
1277 1377 -2
1277 1278 -2
1278 1378 -2
1278 1279 2
1279 1379 -2
1279 1280 2
1280 1380 -2
1280 1281 2
1281 1381 -2
1281 1282 2
1282 1382 2
1282 1283 -2
1283 1383 -2
1283 1284 2
1284 1384 -2
1284 1285 2
1285 1385 2
1285 1286 -2
1286 1386 2
1286 1287 -2
1287 1387 -2
1287 1288 2
1288 1388 -2
1288 1289 2
1289 1389 2
1289 1290 -2
1290 1390 -2
1290 1291 -2
1291 1391 2
1291 1292 -2
1292 1392 -2
1292 1293 2
1293 1393 -2
1293 1294 -2
1294 1394 -2
1294 1295 -2
1295 1395 -2
1295 1296 -2
1296 1396 2
1296 1297 -2
1297 1397 -2
1297 1298 2
1298 1398 -2
1298 1299 2
1299 1399 -2
1300 1400 -2
1300 1399 2
1300 1301 2
1301 1401 2
1301 1302 2
1302 1402 -2
1302 1303 -2
1303 1403 -2
1303 1304 -2
1304 1404 -2
1304 1305 2
1305 1405 -2
1305 1306 -2
1306 1406 -2
1306 1307 -2
1307 1407 2
1307 1308 -2
1308 1408 -2
1308 1309 -2
1309 1409 2
1309 1310 -2
1310 1410 -2
1310 1311 2
1311 1411 2
1311 1312 -2
1312 1412 2
1312 1313 -2
1313 1413 2
1313 1314 2
1314 1414 -2
1314 1315 2
1315 1415 2
1315 1316 -2
1316 1416 -2
1316 1317 2
1317 1417 -2
1317 1318 -2
1318 1418 2
1318 1319 -2
1319 1419 -2
1319 1320 -2
1320 1420 2
1320 1321 -2
1321 1421 -2
1321 1322 2
1322 1422 -2
1322 1323 2
1323 1423 -2
1323 1324 -2
1324 1424 -2
1324 1325 2
1325 1425 -2
1325 1326 -2
1326 1426 -2
1326 1327 2
1327 1427 -2
1327 1328 -2
1328 1428 2
1328 1329 2
1329 1429 -2
1329 1330 2
1330 1430 2
1330 1331 2
1331 1431 2
1331 1332 2
1332 1432 2
1332 1333 2
1333 1433 -2
1333 1334 2
1334 1434 -2
1334 1335 2
1335 1435 -2
1335 1336 -2
1336 1436 -2
1336 1337 2
1337 1437 2
1337 1338 -2
1338 1438 2
1338 1339 2
1339 1439 -2
1339 1340 2
1340 1440 -2
1340 1341 -2
1341 1441 2
1341 1342 2
1342 1442 2
1342 1343 2
1343 1443 2
1343 1344 2
1344 1444 -2
1344 1345 2
1345 1445 -2
1345 1346 2
1346 1446 -2
1346 1347 -2
1347 1447 -2
1347 1348 -2
1348 1448 -2
1348 1349 -2
1349 1449 2
1349 1350 -2
1350 1450 -2
1350 1351 -2
1351 1451 -2
1351 1352 2
1352 1452 -2
1352 1353 2
1353 1453 -2
1353 1354 -2
1354 1454 -2
1354 1355 -2
1355 1455 2
1355 1356 -2
1356 1456 2
1356 1357 2
1357 1457 -2
1357 1358 2
1358 1458 -2
1358 1359 -2
1359 1459 2
1359 1360 -2
1360 1460 -2
1360 1361 2
1361 1461 2
1361 1362 2
1362 1462 -2
1362 1363 2
1363 1463 2
1363 1364 2
1364 1464 2
1364 1365 2
1365 1465 -2
1365 1366 -2
1366 1466 2
1366 1367 -2
1367 1467 2
1367 1368 2
1368 1468 -2
1368 1369 2
1369 1469 2
1369 1370 -2
1370 1470 2
1370 1371 2
1371 1471 -2
1371 1372 2
1372 1472 2
1372 1373 2
1373 1473 -2
1373 1374 2
1374 1474 2
1374 1375 2
1375 1475 2
1375 1376 2
1376 1476 -2
1376 1377 -2
1377 1477 -2
1377 1378 2
1378 1478 -2
1378 1379 -2
1379 1479 2
1379 1380 -2
1380 1480 2
1380 1381 2
1381 1481 2
1381 1382 -2
1382 1482 2
1382 1383 2
1383 1483 2
1383 1384 -2
1384 1484 -2
1384 1385 2
1385 1485 2
1385 1386 2
1386 1486 -2
1386 1387 2
1387 1487 -2
1387 1388 -2
1388 1488 -2
1388 1389 -2
1389 1489 -2
1389 1390 2
1390 1490 2
1390 1391 -2
1391 1491 -2
1391 1392 -2
1392 1492 -2
1392 1393 2
1393 1493 2
1393 1394 -2
1394 1494 2
1394 1395 -2
1395 1495 2
1395 1396 2
1396 1496 2
1396 1397 2
1397 1497 -2
1397 1398 2
1398 1498 -2
1398 1399 -2
1399 1499 -2
1400 1500 -2
1400 1499 2
1400 1401 2
1401 1501 2
1401 1402 2
1402 1502 -2
1402 1403 2
1403 1503 2
1403 1404 2
1404 1504 2
1404 1405 2
1405 1505 2
1405 1406 2
1406 1506 2
1406 1407 -2
1407 1507 2
1407 1408 -2
1408 1508 2
1408 1409 -2
1409 1509 -2
1409 1410 2
1410 1510 -2
1410 1411 -2
1411 1511 -2
1411 1412 -2
1412 1512 2
1412 1413 2
1413 1513 2
1413 1414 2
1414 1514 -2
1414 1415 -2
1415 1515 -2
1415 1416 -2
1416 1516 -2
1416 1417 -2
1417 1517 -2
1417 1418 -2
1418 1518 2
1418 1419 2
1419 1519 2
1419 1420 2
1420 1520 -2
1420 1421 2
1421 1521 -2
1421 1422 -2
1422 1522 2
1422 1423 2
1423 1523 -2
1423 1424 -2
1424 1524 -2
1424 1425 -2
1425 1525 -2
1425 1426 2
1426 1526 2
1426 1427 -2
1427 1527 -2
1427 1428 -2
1428 1528 -2
1428 1429 -2
1429 1529 2
1429 1430 2
1430 1530 2
1430 1431 2
1431 1531 2
1431 1432 2
1432 1532 2
1432 1433 -2
1433 1533 -2
1433 1434 2
1434 1534 -2
1434 1435 2
1435 1535 -2
1435 1436 -2
1436 1536 2
1436 1437 -2
1437 1537 2
1437 1438 2
1438 1538 -2
1438 1439 -2
1439 1539 2
1439 1440 2
1440 1540 2
1440 1441 -2
1441 1541 -2
1441 1442 2
1442 1542 -2
1442 1443 -2
1443 1543 2
1443 1444 2
1444 1544 2
1444 1445 -2
1445 1545 2
1445 1446 -2
1446 1546 -2
1446 1447 -2
1447 1547 -2
1447 1448 2
1448 1548 2
1448 1449 -2
1449 1549 -2
1449 1450 2
1450 1550 -2
1450 1451 -2
1451 1551 2
1451 1452 -2
1452 1552 -2
1452 1453 2
1453 1553 2
1453 1454 2
1454 1554 -2
1454 1455 -2
1455 1555 2
1455 1456 2
1456 1556 2
1456 1457 -2
1457 1557 2
1457 1458 2
1458 1558 2
1458 1459 2
1459 1559 2
1459 1460 2
1460 1560 -2
1460 1461 -2
1461 1561 -2
1461 1462 2
1462 1562 2
1462 1463 -2
1463 1563 2
1463 1464 -2
1464 1564 2
1464 1465 2
1465 1565 -2
1465 1466 2
1466 1566 -2
1466 1467 -2
1467 1567 -2
1467 1468 2
1468 1568 -2
1468 1469 -2
1469 1569 -2
1469 1470 -2
1470 1570 2
1470 1471 2
1471 1571 2
1471 1472 -2
1472 1572 -2
1472 1473 2
1473 1573 2
1473 1474 2
1474 1574 -2
1474 1475 -2
1475 1575 2
1475 1476 2
1476 1576 2
1476 1477 -2
1477 1577 2
1477 1478 2
1478 1578 -2
1478 1479 2
1479 1579 2
1479 1480 -2
1480 1580 -2
1480 1481 -2
1481 1581 2
1481 1482 -2
1482 1582 2
1482 1483 -2
1483 1583 -2
1483 1484 2
1484 1584 -2
1484 1485 -2
1485 1585 2
1485 1486 2
1486 1586 -2
1486 1487 -2
1487 1587 -2
1487 1488 -2
1488 1588 2
1488 1489 -2
1489 1589 -2
1489 1490 -2
1490 1590 2
1490 1491 -2
1491 1591 2
1491 1492 -2
1492 1592 -2
1492 1493 -2
1493 1593 2
1493 1494 -2
1494 1594 -2
1494 1495 2
1495 1595 -2
1495 1496 2
1496 1596 -2
1496 1497 -2
1497 1597 -2
1497 1498 -2
1498 1598 2
1498 1499 -2
1499 1599 2
1500 1600 -2
1500 1599 2
1500 1501 -2
1501 1601 2
1501 1502 2
1502 1602 2
1502 1503 2
1503 1603 2
1503 1504 2
1504 1604 2
1504 1505 -2
1505 1605 -2
1505 1506 -2
1506 1606 -2
1506 1507 2
1507 1607 2
1507 1508 2
1508 1608 -2
1508 1509 -2
1509 1609 -2
1509 1510 2
1510 1610 -2
1510 1511 2
1511 1611 2
1511 1512 -2
1512 1612 -2
1512 1513 2
1513 1613 -2
1513 1514 2
1514 1614 2
1514 1515 -2
1515 1615 -2
1515 1516 -2
1516 1616 2
1516 1517 2
1517 1617 2
1517 1518 2
1518 1618 -2
1518 1519 -2
1519 1619 -2
1519 1520 -2
1520 1620 -2
1520 1521 2
1521 1621 2
1521 1522 -2
1522 1622 2
1522 1523 2
1523 1623 -2
1523 1524 -2
1524 1624 2
1524 1525 -2
1525 1625 2
1525 1526 -2
1526 1626 2
1526 1527 2
1527 1627 -2
1527 1528 2
1528 1628 2
1528 1529 2
1529 1629 2
1529 1530 -2
1530 1630 -2
1530 1531 2
1531 1631 -2
1531 1532 -2
1532 1632 -2
1532 1533 -2
1533 1633 2
1533 1534 -2
1534 1634 -2
1534 1535 2
1535 1635 2
1535 1536 -2
1536 1636 2
1536 1537 -2
1537 1637 2
1537 1538 2
1538 1638 2
1538 1539 -2
1539 1639 -2
1539 1540 -2
1540 1640 2
1540 1541 -2
1541 1641 -2
1541 1542 2
1542 1642 2
1542 1543 -2
1543 1643 2
1543 1544 2
1544 1644 2
1544 1545 -2
1545 1645 2
1545 1546 -2
1546 1646 2
1546 1547 -2
1547 1647 -2
1547 1548 2
1548 1648 -2
1548 1549 2
1549 1649 -2
1549 1550 2
1550 1650 -2
1550 1551 2
1551 1651 -2
1551 1552 2
1552 1652 2
1552 1553 -2
1553 1653 -2
1553 1554 2
1554 1654 2
1554 1555 -2
1555 1655 -2
1555 1556 -2
1556 1656 -2
1556 1557 2
1557 1657 -2
1557 1558 -2
1558 1658 2
1558 1559 -2
1559 1659 -2
1559 1560 2
1560 1660 2
1560 1561 -2
1561 1661 -2
1561 1562 -2
1562 1662 2
1562 1563 2
1563 1663 -2
1563 1564 -2
1564 1664 2
1564 1565 2
1565 1665 -2
1565 1566 -2
1566 1666 -2
1566 1567 -2
1567 1667 2
1567 1568 2
1568 1668 2
1568 1569 -2
1569 1669 -2
1569 1570 -2
1570 1670 -2
1570 1571 -2
1571 1671 -2
1571 1572 -2
1572 1672 2
1572 1573 -2
1573 1673 2
1573 1574 -2
1574 1674 -2
1574 1575 -2
1575 1675 2
1575 1576 2
1576 1676 -2
1576 1577 -2
1577 1677 -2
1577 1578 2
1578 1678 -2
1578 1579 2
1579 1679 2
1579 1580 2
1580 1680 2
1580 1581 2
1581 1681 2
1581 1582 -2
1582 1682 -2
1582 1583 -2
1583 1683 -2
1583 1584 2
1584 1684 2
1584 1585 2
1585 1685 2
1585 1586 2
1586 1686 -2
1586 1587 -2
1587 1687 -2
1587 1588 2
1588 1688 2
1588 1589 -2
1589 1689 2
1589 1590 2
1590 1690 2
1590 1591 2
1591 1691 -2
1591 1592 -2
1592 1692 2
1592 1593 2
1593 1693 -2
1593 1594 2
1594 1694 -2
1594 1595 -2
1595 1695 -2
1595 1596 2
1596 1696 -2
1596 1597 2
1597 1697 2
1597 1598 -2
1598 1698 -2
1598 1599 -2
1599 1699 2
1600 1700 2
1600 1699 2
1600 1601 2
1601 1701 2
1601 1602 -2
1602 1702 -2
1602 1603 2
1603 1703 2
1603 1604 2
1604 1704 2
1604 1605 2
1605 1705 -2
1605 1606 2
1606 1706 2
1606 1607 -2
1607 1707 2
1607 1608 -2
1608 1708 -2
1608 1609 -2
1609 1709 2
1609 1610 2
1610 1710 2
1610 1611 2
1611 1711 2
1611 1612 -2
1612 1712 2
1612 1613 -2
1613 1713 2
1613 1614 -2
1614 1714 -2
1614 1615 -2
1615 1715 -2
1615 1616 2
1616 1716 2
1616 1617 2
1617 1717 2
1617 1618 2
1618 1718 -2
1618 1619 2
1619 1719 -2
1619 1620 2
1620 1720 2
1620 1621 2
1621 1721 2
1621 1622 2
1622 1722 2
1622 1623 2
1623 1723 -2
1623 1624 2
1624 1724 -2
1624 1625 2
1625 1725 -2
1625 1626 -2
1626 1726 -2
1626 1627 -2
1627 1727 -2
1627 1628 -2
1628 1728 2
1628 1629 2
1629 1729 2
1629 1630 2
1630 1730 -2
1630 1631 -2
1631 1731 2
1631 1632 2
1632 1732 2
1632 1633 2
1633 1733 -2
1633 1634 -2
1634 1734 -2
1634 1635 -2
1635 1735 -2
1635 1636 -2
1636 1736 2
1636 1637 2
1637 1737 2
1637 1638 -2
1638 1738 2
1638 1639 2
1639 1739 2
1639 1640 2
1640 1740 -2
1640 1641 -2
1641 1741 2
1641 1642 2
1642 1742 2
1642 1643 2
1643 1743 -2
1643 1644 -2
1644 1744 -2
1644 1645 2
1645 1745 2
1645 1646 2
1646 1746 -2
1646 1647 2
1647 1747 -2
1647 1648 -2
1648 1748 2
1648 1649 -2
1649 1749 -2
1649 1650 2
1650 1750 -2
1650 1651 -2
1651 1751 2
1651 1652 -2
1652 1752 -2
1652 1653 2
1653 1753 2
1653 1654 2
1654 1754 2
1654 1655 -2
1655 1755 -2
1655 1656 -2
1656 1756 2
1656 1657 2
1657 1757 -2
1657 1658 2
1658 1758 2
1658 1659 2
1659 1759 -2
1659 1660 -2
1660 1760 2
1660 1661 -2
1661 1761 2
1661 1662 -2
1662 1762 -2
1662 1663 2
1663 1763 2
1663 1664 2
1664 1764 2
1664 1665 2
1665 1765 2
1665 1666 2
1666 1766 2
1666 1667 -2
1667 1767 -2
1667 1668 2
1668 1768 -2
1668 1669 -2
1669 1769 2
1669 1670 2
1670 1770 2
1670 1671 -2
1671 1771 2
1671 1672 2
1672 1772 -2
1672 1673 -2
1673 1773 2
1673 1674 -2
1674 1774 -2
1674 1675 2
1675 1775 2
1675 1676 -2
1676 1776 -2
1676 1677 -2
1677 1777 2
1677 1678 -2
1678 1778 -2
1678 1679 2
1679 1779 2
1679 1680 2
1680 1780 -2
1680 1681 2
1681 1781 -2
1681 1682 2
1682 1782 -2
1682 1683 -2
1683 1783 2
1683 1684 -2
1684 1784 2
1684 1685 -2
1685 1785 2
1685 1686 -2
1686 1786 2
1686 1687 2
1687 1787 -2
1687 1688 -2
1688 1788 -2
1688 1689 2
1689 1789 2
1689 1690 2
1690 1790 -2
1690 1691 -2
1691 1791 -2
1691 1692 2
1692 1792 -2
1692 1693 -2
1693 1793 2
1693 1694 -2
1694 1794 -2
1694 1695 -2
1695 1795 2
1695 1696 2
1696 1796 -2
1696 1697 -2
1697 1797 -2
1697 1698 2
1698 1798 -2
1698 1699 2
1699 1799 -2
1700 1800 2
1700 1799 -2
1700 1701 -2
1701 1801 2
1701 1702 2
1702 1802 2
1702 1703 2
1703 1803 2
1703 1704 -2
1704 1804 2
1704 1705 2
1705 1805 -2
1705 1706 2
1706 1806 -2
1706 1707 -2
1707 1807 -2
1707 1708 2
1708 1808 -2
1708 1709 2
1709 1809 -2
1709 1710 -2
1710 1810 -2
1710 1711 2
1711 1811 -2
1711 1712 2
1712 1812 -2
1712 1713 -2
1713 1813 2
1713 1714 2
1714 1814 2
1714 1715 -2
1715 1815 -2
1715 1716 -2
1716 1816 -2
1716 1717 -2
1717 1817 2
1717 1718 -2
1718 1818 2
1718 1719 2
1719 1819 2
1719 1720 -2
1720 1820 -2
1720 1721 -2
1721 1821 2
1721 1722 -2
1722 1822 -2
1722 1723 -2
1723 1823 -2
1723 1724 -2
1724 1824 -2
1724 1725 2
1725 1825 2
1725 1726 -2
1726 1826 -2
1726 1727 -2
1727 1827 -2
1727 1728 -2
1728 1828 2
1728 1729 2
1729 1829 -2
1729 1730 -2
1730 1830 2
1730 1731 2
1731 1831 -2
1731 1732 -2
1732 1832 -2
1732 1733 2
1733 1833 2
1733 1734 -2
1734 1834 -2
1734 1735 2
1735 1835 2
1735 1736 -2
1736 1836 -2
1736 1737 -2
1737 1837 2
1737 1738 2
1738 1838 2
1738 1739 2
1739 1839 2
1739 1740 -2
1740 1840 2
1740 1741 -2
1741 1841 2
1741 1742 -2
1742 1842 -2
1742 1743 2
1743 1843 -2
1743 1744 2
1744 1844 -2
1744 1745 -2
1745 1845 2
1745 1746 -2
1746 1846 -2
1746 1747 2
1747 1847 -2
1747 1748 -2
1748 1848 -2
1748 1749 -2
1749 1849 2
1749 1750 2
1750 1850 -2
1750 1751 2
1751 1851 -2
1751 1752 -2
1752 1852 2
1752 1753 2
1753 1853 -2
1753 1754 2
1754 1854 -2
1754 1755 2
1755 1855 -2
1755 1756 2
1756 1856 -2
1756 1757 2
1757 1857 2
1757 1758 2
1758 1858 2
1758 1759 -2
1759 1859 -2
1759 1760 -2
1760 1860 -2
1760 1761 2
1761 1861 2
1761 1762 2
1762 1862 -2
1762 1763 2
1763 1863 -2
1763 1764 -2
1764 1864 -2
1764 1765 2
1765 1865 2
1765 1766 -2
1766 1866 2
1766 1767 2
1767 1867 -2
1767 1768 -2
1768 1868 -2
1768 1769 -2
1769 1869 -2
1769 1770 2
1770 1870 2
1770 1771 -2
1771 1871 2
1771 1772 -2
1772 1872 -2
1772 1773 -2
1773 1873 2
1773 1774 -2
1774 1874 2
1774 1775 2
1775 1875 -2
1775 1776 -2
1776 1876 -2
1776 1777 -2
1777 1877 -2
1777 1778 2
1778 1878 -2
1778 1779 -2
1779 1879 -2
1779 1780 2
1780 1880 -2
1780 1781 2
1781 1881 -2
1781 1782 2
1782 1882 -2
1782 1783 -2
1783 1883 -2
1783 1784 -2
1784 1884 -2
1784 1785 2
1785 1885 2
1785 1786 -2
1786 1886 -2
1786 1787 2
1787 1887 -2
1787 1788 -2
1788 1888 -2
1788 1789 2
1789 1889 2
1789 1790 2
1790 1890 2
1790 1791 -2
1791 1891 -2
1791 1792 -2
1792 1892 2
1792 1793 -2
1793 1893 2
1793 1794 2
1794 1894 2
1794 1795 -2
1795 1895 2
1795 1796 2
1796 1896 -2
1796 1797 -2
1797 1897 2
1797 1798 -2
1798 1898 -2
1798 1799 2
1799 1899 -2
1800 1900 -2
1800 1899 2
1800 1801 2
1801 1901 2
1801 1802 2
1802 1902 2
1802 1803 -2
1803 1903 -2
1803 1804 -2
1804 1904 -2
1804 1805 2
1805 1905 2
1805 1806 -2
1806 1906 -2
1806 1807 -2
1807 1907 2
1807 1808 2
1808 1908 -2
1808 1809 -2
1809 1909 -2
1809 1810 2
1810 1910 -2
1810 1811 -2
1811 1911 -2
1811 1812 -2
1812 1912 2
1812 1813 -2
1813 1913 2
1813 1814 -2
1814 1914 -2
1814 1815 -2
1815 1915 -2
1815 1816 -2
1816 1916 -2
1816 1817 2
1817 1917 -2
1817 1818 -2
1818 1918 -2
1818 1819 -2
1819 1919 2
1819 1820 -2
1820 1920 2
1820 1821 2
1821 1921 -2
1821 1822 2
1822 1922 -2
1822 1823 -2
1823 1923 2
1823 1824 -2
1824 1924 2
1824 1825 -2
1825 1925 -2
1825 1826 -2
1826 1926 -2
1826 1827 2
1827 1927 -2
1827 1828 -2
1828 1928 -2
1828 1829 -2
1829 1929 2
1829 1830 -2
1830 1930 -2
1830 1831 -2
1831 1931 2
1831 1832 2
1832 1932 2
1832 1833 -2
1833 1933 2
1833 1834 -2
1834 1934 -2
1834 1835 2
1835 1935 -2
1835 1836 -2
1836 1936 2
1836 1837 2
1837 1937 -2
1837 1838 -2
1838 1938 2
1838 1839 2
1839 1939 -2
1839 1840 2
1840 1940 2
1840 1841 2
1841 1941 -2
1841 1842 2
1842 1942 -2
1842 1843 -2
1843 1943 2
1843 1844 2
1844 1944 -2
1844 1845 2
1845 1945 2
1845 1846 -2
1846 1946 -2
1846 1847 2
1847 1947 -2
1847 1848 -2
1848 1948 2
1848 1849 -2
1849 1949 2
1849 1850 -2
1850 1950 -2
1850 1851 2
1851 1951 2
1851 1852 2
1852 1952 2
1852 1853 2
1853 1953 -2
1853 1854 2
1854 1954 2
1854 1855 -2
1855 1955 -2
1855 1856 2
1856 1956 2
1856 1857 2
1857 1957 2
1857 1858 2
1858 1958 -2
1858 1859 -2
1859 1959 -2
1859 1860 2
1860 1960 -2
1860 1861 -2
1861 1961 -2
1861 1862 -2
1862 1962 -2
1862 1863 -2
1863 1963 2
1863 1864 -2
1864 1964 2
1864 1865 2
1865 1965 -2
1865 1866 2
1866 1966 -2
1866 1867 -2
1867 1967 -2
1867 1868 2
1868 1968 2
1868 1869 -2
1869 1969 2
1869 1870 2
1870 1970 -2
1870 1871 2
1871 1971 2
1871 1872 -2
1872 1972 -2
1872 1873 2
1873 1973 -2
1873 1874 -2
1874 1974 -2
1874 1875 -2
1875 1975 -2
1875 1876 -2
1876 1976 -2
1876 1877 -2
1877 1977 -2
1877 1878 2
1878 1978 2
1878 1879 -2
1879 1979 -2
1879 1880 -2
1880 1980 2
1880 1881 -2
1881 1981 -2
1881 1882 -2
1882 1982 2
1882 1883 2
1883 1983 2
1883 1884 2
1884 1984 2
1884 1885 2
1885 1985 2
1885 1886 -2
1886 1986 2
1886 1887 -2
1887 1987 -2
1887 1888 2
1888 1988 -2
1888 1889 2
1889 1989 -2
1889 1890 2
1890 1990 -2
1890 1891 2
1891 1991 2
1891 1892 2
1892 1992 -2
1892 1893 -2
1893 1993 2
1893 1894 2
1894 1994 2
1894 1895 2
1895 1995 -2
1895 1896 -2
1896 1996 -2
1896 1897 -2
1897 1997 -2
1897 1898 -2
1898 1998 2
1898 1899 -2
1899 1999 2
1900 2000 2
1900 1999 -2
1900 1901 2
1901 2001 -2
1901 1902 2
1902 2002 2
1902 1903 -2
1903 2003 2
1903 1904 2
1904 2004 2
1904 1905 -2
1905 2005 -2
1905 1906 2
1906 2006 2
1906 1907 2
1907 2007 2
1907 1908 2
1908 2008 -2
1908 1909 -2
1909 2009 -2
1909 1910 -2
1910 2010 -2
1910 1911 2
1911 2011 -2
1911 1912 2
1912 2012 2
1912 1913 2
1913 2013 2
1913 1914 2
1914 2014 2
1914 1915 -2
1915 2015 2
1915 1916 2
1916 2016 2
1916 1917 -2
1917 2017 2
1917 1918 -2
1918 2018 2
1918 1919 2
1919 2019 2
1919 1920 -2
1920 2020 -2
1920 1921 -2
1921 2021 -2
1921 1922 2
1922 2022 2
1922 1923 -2
1923 2023 2
1923 1924 -2
1924 2024 -2
1924 1925 -2
1925 2025 2
1925 1926 -2
1926 2026 2
1926 1927 -2
1927 2027 -2
1927 1928 2
1928 2028 -2
1928 1929 -2
1929 2029 -2
1929 1930 -2
1930 2030 -2
1930 1931 2
1931 2031 -2
1931 1932 2
1932 2032 2
1932 1933 -2
1933 2033 -2
1933 1934 -2
1934 2034 2
1934 1935 2
1935 2035 -2
1935 1936 -2
1936 2036 -2
1936 1937 2
1937 2037 -2
1937 1938 -2
1938 2038 -2
1938 1939 -2
1939 2039 2
1939 1940 2
1940 2040 2
1940 1941 -2
1941 2041 2
1941 1942 2
1942 2042 -2
1942 1943 -2
1943 2043 2
1943 1944 -2
1944 2044 2
1944 1945 -2
1945 2045 2
1945 1946 2
1946 2046 -2
1946 1947 -2
1947 2047 2
1947 1948 -2
1948 2048 -2
1948 1949 2
1949 2049 -2
1949 1950 -2
1950 2050 2
1950 1951 -2
1951 2051 -2
1951 1952 -2
1952 2052 -2
1952 1953 2
1953 2053 -2
1953 1954 -2
1954 2054 -2
1954 1955 2
1955 2055 -2
1955 1956 2
1956 2056 2
1956 1957 2
1957 2057 2
1957 1958 -2
1958 2058 2
1958 1959 -2
1959 2059 2
1959 1960 2
1960 2060 -2
1960 1961 2
1961 2061 2
1961 1962 -2
1962 2062 2
1962 1963 -2
1963 2063 2
1963 1964 -2
1964 2064 -2
1964 1965 -2
1965 2065 2
1965 1966 -2
1966 2066 -2
1966 1967 2
1967 2067 2
1967 1968 -2
1968 2068 2
1968 1969 2
1969 2069 2
1969 1970 -2
1970 2070 -2
1970 1971 -2
1971 2071 -2
1971 1972 -2
1972 2072 -2
1972 1973 2
1973 2073 2
1973 1974 2
1974 2074 -2
1974 1975 -2
1975 2075 2
1975 1976 -2
1976 2076 2
1976 1977 -2
1977 2077 2
1977 1978 -2
1978 2078 -2
1978 1979 -2
1979 2079 -2
1979 1980 2
1980 2080 2
1980 1981 -2
1981 2081 -2
1981 1982 -2
1982 2082 -2
1982 1983 2
1983 2083 -2
1983 1984 2
1984 2084 2
1984 1985 -2
1985 2085 -2
1985 1986 -2
1986 2086 -2
1986 1987 2
1987 2087 2
1987 1988 2
1988 2088 2
1988 1989 -2
1989 2089 -2
1989 1990 2
1990 2090 2
1990 1991 2
1991 2091 -2
1991 1992 -2
1992 2092 2
1992 1993 -2
1993 2093 2
1993 1994 -2
1994 2094 -2
1994 1995 2
1995 2095 2
1995 1996 -2
1996 2096 -2
1996 1997 2
1997 2097 -2
1997 1998 2
1998 2098 -2
1998 1999 -2
1999 2099 -2
2000 2100 2
2000 2099 -2
2000 2001 2
2001 2101 -2
2001 2002 -2
2002 2102 2
2002 2003 -2
2003 2103 -2
2003 2004 -2
2004 2104 2
2004 2005 2
2005 2105 2
2005 2006 -2
2006 2106 2
2006 2007 -2
2007 2107 2
2007 2008 2
2008 2108 2
2008 2009 -2
2009 2109 -2
2009 2010 2
2010 2110 -2
2010 2011 -2
2011 2111 -2
2011 2012 -2
2012 2112 -2
2012 2013 -2
2013 2113 -2
2013 2014 2
2014 2114 -2
2014 2015 2
2015 2115 2
2015 2016 2
2016 2116 2
2016 2017 -2
2017 2117 2
2017 2018 2
2018 2118 -2
2018 2019 2
2019 2119 2
2019 2020 -2
2020 2120 2
2020 2021 2
2021 2121 2
2021 2022 -2
2022 2122 2
2022 2023 -2
2023 2123 -2
2023 2024 2
2024 2124 -2
2024 2025 -2
2025 2125 -2
2025 2026 2
2026 2126 2
2026 2027 -2
2027 2127 -2
2027 2028 -2
2028 2128 2
2028 2029 -2
2029 2129 -2
2029 2030 -2
2030 2130 2
2030 2031 2
2031 2131 2
2031 2032 2
2032 2132 2
2032 2033 -2
2033 2133 2
2033 2034 -2
2034 2134 -2
2034 2035 2
2035 2135 -2
2035 2036 2
2036 2136 2
2036 2037 -2
2037 2137 2
2037 2038 2
2038 2138 2
2038 2039 -2
2039 2139 2
2039 2040 -2
2040 2140 2
2040 2041 2
2041 2141 -2
2041 2042 -2
2042 2142 2
2042 2043 2
2043 2143 2
2043 2044 -2
2044 2144 -2
2044 2045 -2
2045 2145 2
2045 2046 -2
2046 2146 2
2046 2047 2
2047 2147 -2
2047 2048 -2
2048 2148 -2
2048 2049 2
2049 2149 -2
2049 2050 -2
2050 2150 -2
2050 2051 -2
2051 2151 2
2051 2052 -2
2052 2152 2
2052 2053 2
2053 2153 2
2053 2054 -2
2054 2154 -2
2054 2055 -2
2055 2155 -2
2055 2056 2
2056 2156 -2
2056 2057 2
2057 2157 -2
2057 2058 -2
2058 2158 -2
2058 2059 -2
2059 2159 -2
2059 2060 2
2060 2160 2
2060 2061 -2
2061 2161 -2
2061 2062 2
2062 2162 -2
2062 2063 -2
2063 2163 -2
2063 2064 -2
2064 2164 2
2064 2065 2
2065 2165 -2
2065 2066 2
2066 2166 -2
2066 2067 -2
2067 2167 -2
2067 2068 -2
2068 2168 2
2068 2069 2
2069 2169 2
2069 2070 2
2070 2170 -2
2070 2071 2
2071 2171 -2
2071 2072 2
2072 2172 2
2072 2073 2
2073 2173 2
2073 2074 -2
2074 2174 -2
2074 2075 -2
2075 2175 2
2075 2076 2
2076 2176 -2
2076 2077 -2
2077 2177 -2
2077 2078 2
2078 2178 -2
2078 2079 2
2079 2179 -2
2079 2080 2
2080 2180 -2
2080 2081 2
2081 2181 2
2081 2082 -2
2082 2182 2
2082 2083 -2
2083 2183 -2
2083 2084 2
2084 2184 2
2084 2085 -2
2085 2185 2
2085 2086 2
2086 2186 2
2086 2087 -2
2087 2187 2
2087 2088 2
2088 2188 2
2088 2089 -2
2089 2189 -2
2089 2090 2
2090 2190 -2
2090 2091 -2
2091 2191 -2
2091 2092 -2
2092 2192 2
2092 2093 -2
2093 2193 2
2093 2094 -2
2094 2194 -2
2094 2095 2
2095 2195 2
2095 2096 -2
2096 2196 -2
2096 2097 -2
2097 2197 2
2097 2098 2
2098 2198 2
2098 2099 -2
2099 2199 2
2100 2200 2
2100 2199 -2
2100 2101 2
2101 2201 2
2101 2102 -2
2102 2202 -2
2102 2103 2
2103 2203 2
2103 2104 -2
2104 2204 2
2104 2105 -2
2105 2205 -2
2105 2106 -2
2106 2206 -2
2106 2107 2
2107 2207 2
2107 2108 2
2108 2208 2
2108 2109 2
2109 2209 -2
2109 2110 2
2110 2210 -2
2110 2111 -2
2111 2211 -2
2111 2112 -2
2112 2212 2
2112 2113 -2
2113 2213 2
2113 2114 -2
2114 2214 -2
2114 2115 -2
2115 2215 -2
2115 2116 -2
2116 2216 2
2116 2117 -2
2117 2217 2
2117 2118 -2
2118 2218 2
2118 2119 2
2119 2219 -2
2119 2120 2
2120 2220 -2
2120 2121 -2
2121 2221 -2
2121 2122 -2
2122 2222 -2
2122 2123 -2
2123 2223 2
2123 2124 2
2124 2224 2
2124 2125 2
2125 2225 -2
2125 2126 -2
2126 2226 2
2126 2127 2
2127 2227 2
2127 2128 2
2128 2228 -2
2128 2129 2
2129 2229 2
2129 2130 -2
2130 2230 -2
2130 2131 -2
2131 2231 -2
2131 2132 2
2132 2232 2
2132 2133 2
2133 2233 -2
2133 2134 -2
2134 2234 2
2134 2135 2
2135 2235 2
2135 2136 2
2136 2236 2
2136 2137 -2
2137 2237 2
2137 2138 2
2138 2238 2
2138 2139 -2
2139 2239 -2
2139 2140 2
2140 2240 2
2140 2141 -2
2141 2241 2
2141 2142 -2
2142 2242 2
2142 2143 2
2143 2243 -2
2143 2144 -2
2144 2244 2
2144 2145 2
2145 2245 -2
2145 2146 -2
2146 2246 -2
2146 2147 -2
2147 2247 -2
2147 2148 -2
2148 2248 -2
2148 2149 -2
2149 2249 -2
2149 2150 2
2150 2250 2
2150 2151 2
2151 2251 2
2151 2152 2
2152 2252 2
2152 2153 2
2153 2253 2
2153 2154 -2
2154 2254 -2
2154 2155 -2
2155 2255 2
2155 2156 -2
2156 2256 2
2156 2157 -2
2157 2257 2
2157 2158 -2
2158 2258 -2
2158 2159 2
2159 2259 2
2159 2160 2
2160 2260 2
2160 2161 -2
2161 2261 -2
2161 2162 2
2162 2262 2
2162 2163 -2
2163 2263 -2
2163 2164 -2
2164 2264 -2
2164 2165 2
2165 2265 2
2165 2166 2
2166 2266 2
2166 2167 2
2167 2267 -2
2167 2168 -2
2168 2268 -2
2168 2169 2
2169 2269 2
2169 2170 -2
2170 2270 -2
2170 2171 2
2171 2271 -2
2171 2172 -2
2172 2272 -2
2172 2173 -2
2173 2273 -2
2173 2174 -2
2174 2274 -2
2174 2175 2
2175 2275 2
2175 2176 2
2176 2276 -2
2176 2177 -2
2177 2277 -2
2177 2178 2
2178 2278 2
2178 2179 2
2179 2279 2
2179 2180 2
2180 2280 -2
2180 2181 2
2181 2281 -2
2181 2182 -2
2182 2282 -2
2182 2183 -2
2183 2283 2
2183 2184 -2
2184 2284 -2
2184 2185 -2
2185 2285 -2
2185 2186 -2
2186 2286 2
2186 2187 2
2187 2287 -2
2187 2188 2
2188 2288 2
2188 2189 -2
2189 2289 2
2189 2190 -2
2190 2290 -2
2190 2191 -2
2191 2291 -2
2191 2192 -2
2192 2292 2
2192 2193 -2
2193 2293 -2
2193 2194 -2
2194 2294 -2
2194 2195 2
2195 2295 2
2195 2196 2
2196 2296 -2
2196 2197 2
2197 2297 -2
2197 2198 -2
2198 2298 -2
2198 2199 -2
2199 2299 2
2200 2300 -2
2200 2299 2
2200 2201 -2
2201 2301 -2
2201 2202 2
2202 2302 -2
2202 2203 -2
2203 2303 -2
2203 2204 -2
2204 2304 -2
2204 2205 2
2205 2305 2
2205 2206 -2
2206 2306 2
2206 2207 -2
2207 2307 -2
2207 2208 2
2208 2308 2
2208 2209 2
2209 2309 2
2209 2210 2
2210 2310 -2
2210 2211 2
2211 2311 2
2211 2212 2
2212 2312 2
2212 2213 -2
2213 2313 -2
2213 2214 2
2214 2314 -2
2214 2215 2
2215 2315 2
2215 2216 -2
2216 2316 -2
2216 2217 2
2217 2317 -2
2217 2218 2
2218 2318 -2
2218 2219 2
2219 2319 2
2219 2220 2
2220 2320 -2
2220 2221 2
2221 2321 2
2221 2222 2
2222 2322 -2
2222 2223 -2
2223 2323 2
2223 2224 2
2224 2324 2
2224 2225 -2
2225 2325 -2
2225 2226 -2
2226 2326 2
2226 2227 2
2227 2327 -2
2227 2228 2
2228 2328 -2
2228 2229 -2
2229 2329 -2
2229 2230 2
2230 2330 -2
2230 2231 2
2231 2331 2
2231 2232 -2
2232 2332 -2
2232 2233 -2
2233 2333 -2
2233 2234 -2
2234 2334 2
2234 2235 -2
2235 2335 -2
2235 2236 -2
2236 2336 2
2236 2237 -2
2237 2337 2
2237 2238 -2
2238 2338 2
2238 2239 2
2239 2339 2
2239 2240 2
2240 2340 2
2240 2241 2
2241 2341 2
2241 2242 -2
2242 2342 2
2242 2243 -2
2243 2343 -2
2243 2244 -2
2244 2344 2
2244 2245 2
2245 2345 -2
2245 2246 2
2246 2346 2
2246 2247 -2
2247 2347 2
2247 2248 2
2248 2348 -2
2248 2249 2
2249 2349 -2
2249 2250 -2
2250 2350 -2
2250 2251 -2
2251 2351 -2
2251 2252 -2
2252 2352 2
2252 2253 2
2253 2353 -2
2253 2254 -2
2254 2354 -2
2254 2255 2
2255 2355 -2
2255 2256 -2
2256 2356 -2
2256 2257 2
2257 2357 2
2257 2258 2
2258 2358 -2
2258 2259 2
2259 2359 2
2259 2260 -2
2260 2360 2
2260 2261 2
2261 2361 2
2261 2262 -2
2262 2362 2
2262 2263 2
2263 2363 2
2263 2264 2
2264 2364 2
2264 2265 2
2265 2365 2
2265 2266 2
2266 2366 2
2266 2267 2
2267 2367 -2
2267 2268 -2
2268 2368 2
2268 2269 2
2269 2369 2
2269 2270 -2
2270 2370 -2
2270 2271 2
2271 2371 2
2271 2272 -2
2272 2372 2
2272 2273 2
2273 2373 2
2273 2274 2
2274 2374 2
2274 2275 2
2275 2375 2
2275 2276 -2
2276 2376 2
2276 2277 -2
2277 2377 2
2277 2278 -2
2278 2378 -2
2278 2279 -2
2279 2379 2
2279 2280 2
2280 2380 -2
2280 2281 -2
2281 2381 2
2281 2282 2
2282 2382 -2
2282 2283 2
2283 2383 2
2283 2284 2
2284 2384 -2
2284 2285 2
2285 2385 -2
2285 2286 -2
2286 2386 2
2286 2287 2
2287 2387 -2
2287 2288 2
2288 2388 -2
2288 2289 -2
2289 2389 2
2289 2290 -2
2290 2390 2
2290 2291 -2
2291 2391 -2
2291 2292 2
2292 2392 -2
2292 2293 -2
2293 2393 -2
2293 2294 -2
2294 2394 -2
2294 2295 -2
2295 2395 -2
2295 2296 -2
2296 2396 -2
2296 2297 2
2297 2397 -2
2297 2298 2
2298 2398 -2
2298 2299 -2
2299 2399 -2
2300 2400 -2
2300 2399 2
2300 2301 2
2301 2401 2
2301 2302 2
2302 2402 -2
2302 2303 2
2303 2403 2
2303 2304 -2
2304 2404 2
2304 2305 2
2305 2405 2
2305 2306 2
2306 2406 2
2306 2307 -2
2307 2407 -2
2307 2308 2
2308 2408 2
2308 2309 -2
2309 2409 -2
2309 2310 2
2310 2410 2
2310 2311 2
2311 2411 -2
2311 2312 2
2312 2412 -2
2312 2313 -2
2313 2413 -2
2313 2314 -2
2314 2414 -2
2314 2315 -2
2315 2415 -2
2315 2316 -2
2316 2416 2
2316 2317 2
2317 2417 2
2317 2318 -2
2318 2418 2
2318 2319 -2
2319 2419 2
2319 2320 2
2320 2420 -2
2320 2321 2
2321 2421 -2
2321 2322 2
2322 2422 -2
2322 2323 2
2323 2423 2
2323 2324 2
2324 2424 2
2324 2325 -2
2325 2425 -2
2325 2326 2
2326 2426 2
2326 2327 -2
2327 2427 2
2327 2328 -2
2328 2428 2
2328 2329 -2
2329 2429 2
2329 2330 2
2330 2430 2
2330 2331 -2
2331 2431 -2
2331 2332 2
2332 2432 -2
2332 2333 2
2333 2433 -2
2333 2334 2
2334 2434 -2
2334 2335 2
2335 2435 2
2335 2336 2
2336 2436 -2
2336 2337 -2
2337 2437 2
2337 2338 2
2338 2438 2
2338 2339 -2
2339 2439 2
2339 2340 2
2340 2440 -2
2340 2341 2
2341 2441 -2
2341 2342 2
2342 2442 2
2342 2343 2
2343 2443 -2
2343 2344 -2
2344 2444 -2
2344 2345 2
2345 2445 2
2345 2346 -2
2346 2446 -2
2346 2347 2
2347 2447 2
2347 2348 2
2348 2448 2
2348 2349 -2
2349 2449 2
2349 2350 -2
2350 2450 2
2350 2351 2
2351 2451 -2
2351 2352 -2
2352 2452 -2
2352 2353 -2
2353 2453 -2
2353 2354 2
2354 2454 2
2354 2355 2
2355 2455 -2
2355 2356 2
2356 2456 2
2356 2357 -2
2357 2457 2
2357 2358 2
2358 2458 -2
2358 2359 -2
2359 2459 -2
2359 2360 2
2360 2460 -2
2360 2361 -2
2361 2461 -2
2361 2362 -2
2362 2462 -2
2362 2363 -2
2363 2463 2
2363 2364 2
2364 2464 -2
2364 2365 -2
2365 2465 2
2365 2366 -2
2366 2466 2
2366 2367 -2
2367 2467 -2
2367 2368 -2
2368 2468 2
2368 2369 2
2369 2469 2
2369 2370 -2
2370 2470 -2
2370 2371 -2
2371 2471 2
2371 2372 -2
2372 2472 -2
2372 2373 2
2373 2473 -2
2373 2374 2
2374 2474 2
2374 2375 2
2375 2475 -2
2375 2376 -2
2376 2476 2
2376 2377 2
2377 2477 -2
2377 2378 -2
2378 2478 -2
2378 2379 -2
2379 2479 -2
2379 2380 -2
2380 2480 2
2380 2381 2
2381 2481 -2
2381 2382 2
2382 2482 2
2382 2383 -2
2383 2483 2
2383 2384 -2
2384 2484 2
2384 2385 -2
2385 2485 -2
2385 2386 2
2386 2486 -2
2386 2387 -2
2387 2487 2
2387 2388 2
2388 2488 2
2388 2389 -2
2389 2489 -2
2389 2390 2
2390 2490 2
2390 2391 -2
2391 2491 -2
2391 2392 -2
2392 2492 2
2392 2393 2
2393 2493 2
2393 2394 -2
2394 2494 -2
2394 2395 -2
2395 2495 -2
2395 2396 2
2396 2496 2
2396 2397 -2
2397 2497 2
2397 2398 2
2398 2498 -2
2398 2399 -2
2399 2499 -2
2400 2500 2
2400 2499 -2
2400 2401 -2
2401 2501 -2
2401 2402 2
2402 2502 -2
2402 2403 2
2403 2503 2
2403 2404 2
2404 2504 2
2404 2405 2
2405 2505 -2
2405 2406 -2
2406 2506 -2
2406 2407 -2
2407 2507 2
2407 2408 2
2408 2508 -2
2408 2409 2
2409 2509 2
2409 2410 2
2410 2510 -2
2410 2411 2
2411 2511 -2
2411 2412 2
2412 2512 2
2412 2413 -2
2413 2513 2
2413 2414 -2
2414 2514 2
2414 2415 2
2415 2515 2
2415 2416 -2
2416 2516 -2
2416 2417 2
2417 2517 -2
2417 2418 -2
2418 2518 -2
2418 2419 -2
2419 2519 2
2419 2420 -2
2420 2520 2
2420 2421 2
2421 2521 -2
2421 2422 -2
2422 2522 -2
2422 2423 -2
2423 2523 -2
2423 2424 -2
2424 2524 -2
2424 2425 -2
2425 2525 -2
2425 2426 -2
2426 2526 -2
2426 2427 2
2427 2527 -2
2427 2428 2
2428 2528 2
2428 2429 -2
2429 2529 2
2429 2430 2
2430 2530 -2
2430 2431 2
2431 2531 2
2431 2432 2
2432 2532 -2
2432 2433 2
2433 2533 -2
2433 2434 2
2434 2534 2
2434 2435 2
2435 2535 -2
2435 2436 -2
2436 2536 -2
2436 2437 2
2437 2537 2
2437 2438 -2
2438 2538 -2
2438 2439 2
2439 2539 2
2439 2440 2
2440 2540 2
2440 2441 -2
2441 2541 -2
2441 2442 2
2442 2542 2
2442 2443 -2
2443 2543 -2
2443 2444 -2
2444 2544 2
2444 2445 2
2445 2545 -2
2445 2446 2
2446 2546 2
2446 2447 -2
2447 2547 2
2447 2448 -2
2448 2548 2
2448 2449 -2
2449 2549 -2
2449 2450 -2
2450 2550 2
2450 2451 2
2451 2551 -2
2451 2452 -2
2452 2552 2
2452 2453 -2
2453 2553 2
2453 2454 -2
2454 2554 2
2454 2455 2
2455 2555 -2
2455 2456 -2
2456 2556 -2
2456 2457 2
2457 2557 -2
2457 2458 -2
2458 2558 2
2458 2459 -2
2459 2559 -2
2459 2460 2
2460 2560 2
2460 2461 2
2461 2561 -2
2461 2462 2
2462 2562 -2
2462 2463 -2
2463 2563 -2
2463 2464 -2
2464 2564 2
2464 2465 -2
2465 2565 2
2465 2466 -2
2466 2566 -2
2466 2467 2
2467 2567 2
2467 2468 2
2468 2568 -2
2468 2469 -2
2469 2569 2
2469 2470 -2
2470 2570 -2
2470 2471 2
2471 2571 2
2471 2472 2
2472 2572 -2
2472 2473 2
2473 2573 2
2473 2474 -2
2474 2574 2
2474 2475 -2
2475 2575 -2
2475 2476 -2
2476 2576 -2
2476 2477 2
2477 2577 2
2477 2478 -2
2478 2578 2
2478 2479 -2
2479 2579 2
2479 2480 2
2480 2580 2
2480 2481 -2
2481 2581 -2
2481 2482 -2
2482 2582 -2
2482 2483 2
2483 2583 -2
2483 2484 -2
2484 2584 -2
2484 2485 2
2485 2585 2
2485 2486 -2
2486 2586 2
2486 2487 2
2487 2587 -2
2487 2488 -2
2488 2588 -2
2488 2489 2
2489 2589 -2
2489 2490 2
2490 2590 -2
2490 2491 2
2491 2591 2
2491 2492 -2
2492 2592 2
2492 2493 2
2493 2593 -2
2493 2494 2
2494 2594 2
2494 2495 2
2495 2595 -2
2495 2496 -2
2496 2596 2
2496 2497 2
2497 2597 2
2497 2498 2
2498 2598 2
2498 2499 2
2499 2599 2
2500 2600 2
2500 2599 2
2500 2501 2
2501 2601 2
2501 2502 2
2502 2602 -2
2502 2503 2
2503 2603 2
2503 2504 2
2504 2604 2
2504 2505 -2
2505 2605 -2
2505 2506 2
2506 2606 -2
2506 2507 2
2507 2607 -2
2507 2508 -2
2508 2608 2
2508 2509 2
2509 2609 -2
2509 2510 -2
2510 2610 2
2510 2511 2
2511 2611 2
2511 2512 2
2512 2612 -2
2512 2513 -2
2513 2613 2
2513 2514 2
2514 2614 -2
2514 2515 2
2515 2615 2
2515 2516 -2
2516 2616 2
2516 2517 2
2517 2617 2
2517 2518 2
2518 2618 -2
2518 2519 -2
2519 2619 2
2519 2520 2
2520 2620 2
2520 2521 2
2521 2621 -2
2521 2522 -2
2522 2622 -2
2522 2523 2
2523 2623 2
2523 2524 2
2524 2624 2
2524 2525 2
2525 2625 2
2525 2526 -2
2526 2626 2
2526 2527 2
2527 2627 2
2527 2528 -2
2528 2628 -2
2528 2529 2
2529 2629 -2
2529 2530 2
2530 2630 2
2530 2531 2
2531 2631 2
2531 2532 -2
2532 2632 -2
2532 2533 2
2533 2633 2
2533 2534 2
2534 2634 2
2534 2535 -2
2535 2635 -2
2535 2536 2
2536 2636 -2
2536 2537 -2
2537 2637 2
2537 2538 -2
2538 2638 -2
2538 2539 -2
2539 2639 2
2539 2540 -2
2540 2640 2
2540 2541 -2
2541 2641 -2
2541 2542 -2
2542 2642 2
2542 2543 2
2543 2643 -2
2543 2544 2
2544 2644 2
2544 2545 -2
2545 2645 -2
2545 2546 -2
2546 2646 -2
2546 2547 -2
2547 2647 -2
2547 2548 -2
2548 2648 2
2548 2549 -2
2549 2649 2
2549 2550 2
2550 2650 2
2550 2551 2
2551 2651 -2
2551 2552 -2
2552 2652 2
2552 2553 2
2553 2653 2
2553 2554 -2
2554 2654 -2
2554 2555 -2
2555 2655 -2
2555 2556 -2
2556 2656 -2
2556 2557 2
2557 2657 2
2557 2558 -2
2558 2658 -2
2558 2559 2
2559 2659 2
2559 2560 2
2560 2660 -2
2560 2561 -2
2561 2661 2
2561 2562 -2
2562 2662 2
2562 2563 -2
2563 2663 2
2563 2564 2
2564 2664 -2
2564 2565 2
2565 2665 -2
2565 2566 2
2566 2666 2
2566 2567 -2
2567 2667 -2
2567 2568 -2
2568 2668 -2
2568 2569 2
2569 2669 -2
2569 2570 2
2570 2670 -2
2570 2571 -2
2571 2671 -2
2571 2572 2
2572 2672 2
2572 2573 2
2573 2673 2
2573 2574 2
2574 2674 2
2574 2575 -2
2575 2675 -2
2575 2576 2
2576 2676 -2
2576 2577 -2
2577 2677 -2
2577 2578 2
2578 2678 2
2578 2579 2
2579 2679 -2
2579 2580 2
2580 2680 -2
2580 2581 2
2581 2681 -2
2581 2582 -2
2582 2682 2
2582 2583 -2
2583 2683 2
2583 2584 -2
2584 2684 2
2584 2585 2
2585 2685 2
2585 2586 2
2586 2686 2
2586 2587 -2
2587 2687 -2
2587 2588 -2
2588 2688 -2
2588 2589 2
2589 2689 -2
2589 2590 2
2590 2690 -2
2590 2591 -2
2591 2691 2
2591 2592 2
2592 2692 2
2592 2593 -2
2593 2693 2
2593 2594 -2
2594 2694 -2
2594 2595 2
2595 2695 2
2595 2596 2
2596 2696 -2
2596 2597 2
2597 2697 -2
2597 2598 2
2598 2698 -2
2598 2599 2
2599 2699 2
2600 2700 2
2600 2699 -2
2600 2601 2
2601 2701 -2
2601 2602 -2
2602 2702 -2
2602 2603 2
2603 2703 -2
2603 2604 2
2604 2704 -2
2604 2605 -2
2605 2705 -2
2605 2606 2
2606 2706 -2
2606 2607 2
2607 2707 2
2607 2608 2
2608 2708 2
2608 2609 2
2609 2709 2
2609 2610 2
2610 2710 -2
2610 2611 2
2611 2711 -2
2611 2612 -2
2612 2712 2
2612 2613 -2
2613 2713 2
2613 2614 2
2614 2714 -2
2614 2615 2
2615 2715 2
2615 2616 2
2616 2716 -2
2616 2617 -2
2617 2717 -2
2617 2618 2
2618 2718 2
2618 2619 2
2619 2719 2
2619 2620 -2
2620 2720 -2
2620 2621 -2
2621 2721 2
2621 2622 -2
2622 2722 2
2622 2623 2
2623 2723 2
2623 2624 2
2624 2724 2
2624 2625 2
2625 2725 -2
2625 2626 2
2626 2726 2
2626 2627 -2
2627 2727 2
2627 2628 -2
2628 2728 2
2628 2629 -2
2629 2729 2
2629 2630 2
2630 2730 2
2630 2631 -2
2631 2731 -2
2631 2632 2
2632 2732 -2
2632 2633 2
2633 2733 2
2633 2634 -2
2634 2734 -2
2634 2635 -2
2635 2735 -2
2635 2636 2
2636 2736 -2
2636 2637 2
2637 2737 2
2637 2638 2
2638 2738 -2
2638 2639 2
2639 2739 -2
2639 2640 -2
2640 2740 -2
2640 2641 -2
2641 2741 2
2641 2642 2
2642 2742 -2
2642 2643 -2
2643 2743 2
2643 2644 2
2644 2744 -2
2644 2645 2
2645 2745 -2
2645 2646 -2
2646 2746 -2
2646 2647 -2
2647 2747 2
2647 2648 -2
2648 2748 2
2648 2649 2
2649 2749 2
2649 2650 -2
2650 2750 -2
2650 2651 2
2651 2751 -2
2651 2652 2
2652 2752 2
2652 2653 2
2653 2753 2
2653 2654 -2
2654 2754 -2
2654 2655 -2
2655 2755 2
2655 2656 -2
2656 2756 -2
2656 2657 2
2657 2757 2
2657 2658 2
2658 2758 2
2658 2659 2
2659 2759 2
2659 2660 -2
2660 2760 2
2660 2661 -2
2661 2761 2
2661 2662 2
2662 2762 2
2662 2663 -2
2663 2763 2
2663 2664 -2
2664 2764 -2
2664 2665 2
2665 2765 -2
2665 2666 2
2666 2766 -2
2666 2667 2
2667 2767 2
2667 2668 2
2668 2768 -2
2668 2669 -2
2669 2769 -2
2669 2670 -2
2670 2770 2
2670 2671 2
2671 2771 -2
2671 2672 2
2672 2772 2
2672 2673 2
2673 2773 2
2673 2674 -2
2674 2774 2
2674 2675 -2
2675 2775 -2
2675 2676 2
2676 2776 2
2676 2677 -2
2677 2777 2
2677 2678 2
2678 2778 -2
2678 2679 2
2679 2779 -2
2679 2680 -2
2680 2780 2
2680 2681 2
2681 2781 2
2681 2682 2
2682 2782 2
2682 2683 2
2683 2783 -2
2683 2684 2
2684 2784 -2
2684 2685 2
2685 2785 2
2685 2686 -2
2686 2786 2
2686 2687 2
2687 2787 -2
2687 2688 -2
2688 2788 -2
2688 2689 2
2689 2789 2
2689 2690 2
2690 2790 2
2690 2691 2
2691 2791 2
2691 2692 2
2692 2792 -2
2692 2693 -2
2693 2793 2
2693 2694 2
2694 2794 2
2694 2695 -2
2695 2795 -2
2695 2696 2
2696 2796 2
2696 2697 -2
2697 2797 -2
2697 2698 2
2698 2798 -2
2698 2699 -2
2699 2799 -2
2700 2800 2
2700 2799 2
2700 2701 2
2701 2801 -2
2701 2702 2
2702 2802 2
2702 2703 2
2703 2803 -2
2703 2704 -2
2704 2804 -2
2704 2705 -2
2705 2805 2
2705 2706 2
2706 2806 -2
2706 2707 -2
2707 2807 -2
2707 2708 2
2708 2808 -2
2708 2709 2
2709 2809 -2
2709 2710 2
2710 2810 2
2710 2711 -2
2711 2811 2
2711 2712 -2
2712 2812 -2
2712 2713 -2
2713 2813 -2
2713 2714 -2
2714 2814 2
2714 2715 2
2715 2815 2
2715 2716 2
2716 2816 -2
2716 2717 2
2717 2817 -2
2717 2718 2
2718 2818 2
2718 2719 -2
2719 2819 -2
2719 2720 -2
2720 2820 2
2720 2721 -2
2721 2821 2
2721 2722 -2
2722 2822 -2
2722 2723 -2
2723 2823 -2
2723 2724 -2
2724 2824 2
2724 2725 2
2725 2825 -2
2725 2726 2
2726 2826 -2
2726 2727 -2
2727 2827 2
2727 2728 2
2728 2828 -2
2728 2729 2
2729 2829 2
2729 2730 -2
2730 2830 -2
2730 2731 -2
2731 2831 -2
2731 2732 2
2732 2832 2
2732 2733 -2
2733 2833 2
2733 2734 -2
2734 2834 -2
2734 2735 -2
2735 2835 2
2735 2736 2
2736 2836 -2
2736 2737 -2
2737 2837 2
2737 2738 2
2738 2838 -2
2738 2739 -2
2739 2839 -2
2739 2740 -2
2740 2840 2
2740 2741 2
2741 2841 -2
2741 2742 2
2742 2842 2
2742 2743 -2
2743 2843 -2
2743 2744 2
2744 2844 2
2744 2745 2
2745 2845 -2
2745 2746 -2
2746 2846 -2
2746 2747 -2
2747 2847 -2
2747 2748 2
2748 2848 2
2748 2749 -2
2749 2849 -2
2749 2750 -2
2750 2850 -2
2750 2751 2
2751 2851 -2
2751 2752 -2
2752 2852 2
2752 2753 2
2753 2853 -2
2753 2754 -2
2754 2854 -2
2754 2755 -2
2755 2855 2
2755 2756 -2
2756 2856 -2
2756 2757 -2
2757 2857 2
2757 2758 2
2758 2858 2
2758 2759 2
2759 2859 -2
2759 2760 2
2760 2860 -2
2760 2761 2
2761 2861 -2
2761 2762 -2
2762 2862 -2
2762 2763 -2
2763 2863 2
2763 2764 2
2764 2864 2
2764 2765 2
2765 2865 2
2765 2766 -2
2766 2866 -2
2766 2767 2
2767 2867 -2
2767 2768 -2
2768 2868 2
2768 2769 2
2769 2869 2
2769 2770 2
2770 2870 2
2770 2771 2
2771 2871 2
2771 2772 -2
2772 2872 -2
2772 2773 -2
2773 2873 -2
2773 2774 -2
2774 2874 -2
2774 2775 2
2775 2875 -2
2775 2776 2
2776 2876 2
2776 2777 -2
2777 2877 -2
2777 2778 -2
2778 2878 -2
2778 2779 2
2779 2879 -2
2779 2780 2
2780 2880 -2
2780 2781 2
2781 2881 -2
2781 2782 -2
2782 2882 2
2782 2783 -2
2783 2883 -2
2783 2784 -2
2784 2884 2
2784 2785 -2
2785 2885 -2
2785 2786 -2
2786 2886 2
2786 2787 2
2787 2887 2
2787 2788 -2
2788 2888 -2
2788 2789 2
2789 2889 2
2789 2790 2
2790 2890 2
2790 2791 -2
2791 2891 -2
2791 2792 2
2792 2892 2
2792 2793 2
2793 2893 -2
2793 2794 -2
2794 2894 2
2794 2795 2
2795 2895 -2
2795 2796 -2
2796 2896 2
2796 2797 2
2797 2897 2
2797 2798 2
2798 2898 -2
2798 2799 2
2799 2899 -2
2800 2900 -2
2800 2899 2
2800 2801 2
2801 2901 2
2801 2802 2
2802 2902 2
2802 2803 2
2803 2903 2
2803 2804 -2
2804 2904 -2
2804 2805 -2
2805 2905 -2
2805 2806 -2
2806 2906 -2
2806 2807 2
2807 2907 -2
2807 2808 2
2808 2908 -2
2808 2809 -2
2809 2909 2
2809 2810 -2
2810 2910 -2
2810 2811 2
2811 2911 -2
2811 2812 2
2812 2912 2
2812 2813 2
2813 2913 -2
2813 2814 2
2814 2914 -2
2814 2815 2
2815 2915 2
2815 2816 2
2816 2916 -2
2816 2817 -2
2817 2917 2
2817 2818 2
2818 2918 -2
2818 2819 2
2819 2919 2
2819 2820 -2
2820 2920 -2
2820 2821 2
2821 2921 2
2821 2822 2
2822 2922 -2
2822 2823 2
2823 2923 -2
2823 2824 -2
2824 2924 2
2824 2825 2
2825 2925 -2
2825 2826 -2
2826 2926 2
2826 2827 -2
2827 2927 2
2827 2828 2
2828 2928 2
2828 2829 2
2829 2929 -2
2829 2830 -2
2830 2930 -2
2830 2831 2
2831 2931 -2
2831 2832 2
2832 2932 2
2832 2833 2
2833 2933 2
2833 2834 -2
2834 2934 2
2834 2835 2
2835 2935 -2
2835 2836 2
2836 2936 -2
2836 2837 -2
2837 2937 2
2837 2838 -2
2838 2938 -2
2838 2839 -2
2839 2939 -2
2839 2840 2
2840 2940 2
2840 2841 -2
2841 2941 2
2841 2842 -2
2842 2942 2
2842 2843 2
2843 2943 2
2843 2844 -2
2844 2944 2
2844 2845 -2
2845 2945 2
2845 2846 2
2846 2946 2
2846 2847 -2
2847 2947 2
2847 2848 2
2848 2948 2
2848 2849 2
2849 2949 2
2849 2850 -2
2850 2950 2
2850 2851 -2
2851 2951 2
2851 2852 -2
2852 2952 -2
2852 2853 -2
2853 2953 -2
2853 2854 -2
2854 2954 -2
2854 2855 -2
2855 2955 -2
2855 2856 -2
2856 2956 2
2856 2857 2
2857 2957 -2
2857 2858 2
2858 2958 -2
2858 2859 2
2859 2959 2
2859 2860 2
2860 2960 -2
2860 2861 -2
2861 2961 -2
2861 2862 -2
2862 2962 -2
2862 2863 -2
2863 2963 2
2863 2864 2
2864 2964 -2
2864 2865 2
2865 2965 2
2865 2866 2
2866 2966 2
2866 2867 2
2867 2967 2
2867 2868 2
2868 2968 2
2868 2869 2
2869 2969 -2
2869 2870 2
2870 2970 2
2870 2871 -2
2871 2971 2
2871 2872 -2
2872 2972 -2
2872 2873 2
2873 2973 2
2873 2874 -2
2874 2974 -2
2874 2875 -2
2875 2975 2
2875 2876 2
2876 2976 -2
2876 2877 -2
2877 2977 2
2877 2878 2
2878 2978 2
2878 2879 2
2879 2979 -2
2879 2880 -2
2880 2980 2
2880 2881 -2
2881 2981 -2
2881 2882 -2
2882 2982 -2
2882 2883 2
2883 2983 2
2883 2884 2
2884 2984 -2
2884 2885 -2
2885 2985 -2
2885 2886 2
2886 2986 -2
2886 2887 2
2887 2987 -2
2887 2888 -2
2888 2988 2
2888 2889 2
2889 2989 2
2889 2890 -2
2890 2990 2
2890 2891 -2
2891 2991 -2
2891 2892 -2
2892 2992 2
2892 2893 2
2893 2993 -2
2893 2894 2
2894 2994 2
2894 2895 -2
2895 2995 2
2895 2896 2
2896 2996 -2
2896 2897 2
2897 2997 -2
2897 2898 -2
2898 2998 -2
2898 2899 2
2899 2999 -2
2900 3000 2
2900 2999 2
2900 2901 -2
2901 3001 -2
2901 2902 -2
2902 3002 -2
2902 2903 2
2903 3003 2
2903 2904 -2
2904 3004 -2
2904 2905 -2
2905 3005 2
2905 2906 -2
2906 3006 -2
2906 2907 2
2907 3007 -2
2907 2908 -2
2908 3008 2
2908 2909 2
2909 3009 2
2909 2910 2
2910 3010 -2
2910 2911 -2
2911 3011 -2
2911 2912 2
2912 3012 -2
2912 2913 2
2913 3013 -2
2913 2914 -2
2914 3014 -2
2914 2915 -2
2915 3015 -2
2915 2916 -2
2916 3016 -2
2916 2917 2
2917 3017 -2
2917 2918 2
2918 3018 2
2918 2919 2
2919 3019 2
2919 2920 2
2920 3020 -2
2920 2921 2
2921 3021 -2
2921 2922 2
2922 3022 2
2922 2923 2
2923 3023 -2
2923 2924 -2
2924 3024 -2
2924 2925 -2
2925 3025 -2
2925 2926 -2
2926 3026 -2
2926 2927 2
2927 3027 -2
2927 2928 -2
2928 3028 2
2928 2929 -2
2929 3029 -2
2929 2930 2
2930 3030 2
2930 2931 -2
2931 3031 2
2931 2932 -2
2932 3032 2
2932 2933 2
2933 3033 2
2933 2934 -2
2934 3034 2
2934 2935 -2
2935 3035 2
2935 2936 -2
2936 3036 2
2936 2937 -2
2937 3037 -2
2937 2938 -2
2938 3038 2
2938 2939 2
2939 3039 2
2939 2940 2
2940 3040 2
2940 2941 -2
2941 3041 -2
2941 2942 2
2942 3042 -2
2942 2943 2
2943 3043 2
2943 2944 -2
2944 3044 2
2944 2945 -2
2945 3045 2
2945 2946 -2
2946 3046 -2
2946 2947 2
2947 3047 -2
2947 2948 -2
2948 3048 -2
2948 2949 2
2949 3049 -2
2949 2950 -2
2950 3050 -2
2950 2951 -2
2951 3051 -2
2951 2952 -2
2952 3052 -2
2952 2953 2
2953 3053 2
2953 2954 -2
2954 3054 -2
2954 2955 2
2955 3055 2
2955 2956 -2
2956 3056 -2
2956 2957 -2
2957 3057 -2
2957 2958 -2
2958 3058 2
2958 2959 -2
2959 3059 2
2959 2960 -2
2960 3060 2
2960 2961 2
2961 3061 2
2961 2962 2
2962 3062 2
2962 2963 -2
2963 3063 -2
2963 2964 -2
2964 3064 -2
2964 2965 2
2965 3065 2
2965 2966 -2
2966 3066 2
2966 2967 2
2967 3067 2
2967 2968 2
2968 3068 -2
2968 2969 -2
2969 3069 2
2969 2970 2
2970 3070 2
2970 2971 2
2971 3071 2
2971 2972 2
2972 3072 -2
2972 2973 -2
2973 3073 2
2973 2974 -2
2974 3074 2
2974 2975 -2
2975 3075 2
2975 2976 2
2976 3076 -2
2976 2977 -2
2977 3077 -2
2977 2978 -2
2978 3078 -2
2978 2979 -2
2979 3079 -2
2979 2980 2
2980 3080 -2
2980 2981 -2
2981 3081 -2
2981 2982 2
2982 3082 -2
2982 2983 -2
2983 3083 2
2983 2984 2
2984 3084 2
2984 2985 2
2985 3085 2
2985 2986 2
2986 3086 -2
2986 2987 -2
2987 3087 2
2987 2988 2
2988 3088 2
2988 2989 -2
2989 3089 -2
2989 2990 -2
2990 3090 -2
2990 2991 -2
2991 3091 -2
2991 2992 2
2992 3092 2
2992 2993 2
2993 3093 -2
2993 2994 2
2994 3094 2
2994 2995 2
2995 3095 2
2995 2996 2
2996 3096 2
2996 2997 2
2997 3097 2
2997 2998 -2
2998 3098 -2
2998 2999 2
2999 3099 2
3000 3100 -2
3000 3099 -2
3000 3001 2
3001 3101 2
3001 3002 2
3002 3102 -2
3002 3003 -2
3003 3103 2
3003 3004 -2
3004 3104 -2
3004 3005 -2
3005 3105 2
3005 3006 -2
3006 3106 2
3006 3007 2
3007 3107 -2
3007 3008 2
3008 3108 2
3008 3009 -2
3009 3109 -2
3009 3010 2
3010 3110 2
3010 3011 2
3011 3111 -2
3011 3012 -2
3012 3112 -2
3012 3013 2
3013 3113 2
3013 3014 -2
3014 3114 -2
3014 3015 2
3015 3115 -2
3015 3016 -2
3016 3116 -2
3016 3017 -2
3017 3117 2
3017 3018 -2
3018 3118 2
3018 3019 2
3019 3119 2
3019 3020 2
3020 3120 2
3020 3021 -2
3021 3121 2
3021 3022 2
3022 3122 2
3022 3023 -2
3023 3123 2
3023 3024 2
3024 3124 2
3024 3025 -2
3025 3125 -2
3025 3026 -2
3026 3126 -2
3026 3027 -2
3027 3127 2
3027 3028 2
3028 3128 -2
3028 3029 -2
3029 3129 -2
3029 3030 2
3030 3130 2
3030 3031 -2
3031 3131 2
3031 3032 2
3032 3132 2
3032 3033 2
3033 3133 -2
3033 3034 -2
3034 3134 2
3034 3035 2
3035 3135 -2
3035 3036 -2
3036 3136 2
3036 3037 2
3037 3137 2
3037 3038 2
3038 3138 2
3038 3039 -2
3039 3139 -2
3039 3040 2
3040 3140 2
3040 3041 -2
3041 3141 2
3041 3042 2
3042 3142 2
3042 3043 2
3043 3143 2
3043 3044 2
3044 3144 2
3044 3045 -2
3045 3145 -2
3045 3046 2
3046 3146 -2
3046 3047 2
3047 3147 2
3047 3048 2
3048 3148 2
3048 3049 2
3049 3149 -2
3049 3050 -2
3050 3150 -2
3050 3051 -2
3051 3151 -2
3051 3052 2
3052 3152 -2
3052 3053 2
3053 3153 2
3053 3054 2
3054 3154 -2
3054 3055 2
3055 3155 2
3055 3056 2
3056 3156 2
3056 3057 2
3057 3157 -2
3057 3058 -2
3058 3158 -2
3058 3059 -2
3059 3159 -2
3059 3060 2
3060 3160 2
3060 3061 2
3061 3161 -2
3061 3062 2
3062 3162 2
3062 3063 -2
3063 3163 -2
3063 3064 2
3064 3164 -2
3064 3065 2
3065 3165 -2
3065 3066 -2
3066 3166 -2
3066 3067 -2
3067 3167 2
3067 3068 -2
3068 3168 -2
3068 3069 2
3069 3169 2
3069 3070 2
3070 3170 -2
3070 3071 2
3071 3171 2
3071 3072 -2
3072 3172 -2
3072 3073 2
3073 3173 -2
3073 3074 -2
3074 3174 -2
3074 3075 -2
3075 3175 -2
3075 3076 -2
3076 3176 2
3076 3077 -2
3077 3177 2
3077 3078 2
3078 3178 -2
3078 3079 -2
3079 3179 -2
3079 3080 2
3080 3180 -2
3080 3081 -2
3081 3181 -2
3081 3082 -2
3082 3182 2
3082 3083 -2
3083 3183 -2
3083 3084 2
3084 3184 -2
3084 3085 2
3085 3185 2
3085 3086 2
3086 3186 -2
3086 3087 2
3087 3187 -2
3087 3088 -2
3088 3188 -2
3088 3089 -2
3089 3189 2
3089 3090 2
3090 3190 -2
3090 3091 2
3091 3191 -2
3091 3092 -2
3092 3192 2
3092 3093 -2
3093 3193 -2
3093 3094 -2
3094 3194 -2
3094 3095 -2
3095 3195 2
3095 3096 2
3096 3196 2
3096 3097 2
3097 3197 2
3097 3098 2
3098 3198 -2
3098 3099 2
3099 3199 2
3100 3200 2
3100 3199 2
3100 3101 -2
3101 3201 -2
3101 3102 -2
3102 3202 -2
3102 3103 2
3103 3203 2
3103 3104 -2
3104 3204 -2
3104 3105 -2
3105 3205 -2
3105 3106 -2
3106 3206 -2
3106 3107 2
3107 3207 2
3107 3108 2
3108 3208 -2
3108 3109 -2
3109 3209 -2
3109 3110 2
3110 3210 2
3110 3111 -2
3111 3211 2
3111 3112 2
3112 3212 -2
3112 3113 -2
3113 3213 2
3113 3114 2
3114 3214 2
3114 3115 2
3115 3215 2
3115 3116 -2
3116 3216 2
3116 3117 -2
3117 3217 2
3117 3118 2
3118 3218 -2
3118 3119 2
3119 3219 -2
3119 3120 2
3120 3220 2
3120 3121 2
3121 3221 -2
3121 3122 2
3122 3222 2
3122 3123 -2
3123 3223 2
3123 3124 2
3124 3224 2
3124 3125 2
3125 3225 -2
3125 3126 2
3126 3226 -2
3126 3127 2
3127 3227 2
3127 3128 -2
3128 3228 2
3128 3129 2
3129 3229 -2
3129 3130 2
3130 3230 2
3130 3131 2
3131 3231 -2
3131 3132 -2
3132 3232 2
3132 3133 2
3133 3233 -2
3133 3134 2
3134 3234 2
3134 3135 2
3135 3235 -2
3135 3136 -2
3136 3236 -2
3136 3137 -2
3137 3237 2
3137 3138 2
3138 3238 2
3138 3139 -2
3139 3239 2
3139 3140 -2
3140 3240 2
3140 3141 2
3141 3241 -2
3141 3142 -2
3142 3242 2
3142 3143 2
3143 3243 -2
3143 3144 -2
3144 3244 -2
3144 3145 -2
3145 3245 2
3145 3146 -2
3146 3246 2
3146 3147 -2
3147 3247 -2
3147 3148 -2
3148 3248 2
3148 3149 2
3149 3249 -2
3149 3150 2
3150 3250 2
3150 3151 -2
3151 3251 -2
3151 3152 -2
3152 3252 2
3152 3153 -2
3153 3253 2
3153 3154 2
3154 3254 -2
3154 3155 -2
3155 3255 -2
3155 3156 2
3156 3256 -2
3156 3157 2
3157 3257 -2
3157 3158 -2
3158 3258 -2
3158 3159 -2
3159 3259 2
3159 3160 2
3160 3260 -2
3160 3161 2
3161 3261 2
3161 3162 -2
3162 3262 2
3162 3163 2
3163 3263 2
3163 3164 2
3164 3264 -2
3164 3165 -2
3165 3265 -2
3165 3166 2
3166 3266 2
3166 3167 -2
3167 3267 -2
3167 3168 2
3168 3268 2
3168 3169 -2
3169 3269 2
3169 3170 -2
3170 3270 -2
3170 3171 -2
3171 3271 -2
3171 3172 2
3172 3272 2
3172 3173 2
3173 3273 2
3173 3174 -2
3174 3274 -2
3174 3175 2
3175 3275 2
3175 3176 2
3176 3276 2
3176 3177 2
3177 3277 -2
3177 3178 -2
3178 3278 2
3178 3179 2
3179 3279 -2
3179 3180 -2
3180 3280 -2
3180 3181 -2
3181 3281 2
3181 3182 2
3182 3282 2
3182 3183 -2
3183 3283 -2
3183 3184 2
3184 3284 2
3184 3185 -2
3185 3285 2
3185 3186 2
3186 3286 -2
3186 3187 2
3187 3287 2
3187 3188 -2
3188 3288 -2
3188 3189 2
3189 3289 2
3189 3190 2
3190 3290 2
3190 3191 2
3191 3291 -2
3191 3192 2
3192 3292 -2
3192 3193 2
3193 3293 -2
3193 3194 2
3194 3294 2
3194 3195 2
3195 3295 2
3195 3196 -2
3196 3296 2
3196 3197 -2
3197 3297 2
3197 3198 2
3198 3298 -2
3198 3199 2
3199 3299 2
3200 3300 -2
3200 3299 -2
3200 3201 -2
3201 3301 2
3201 3202 -2
3202 3302 -2
3202 3203 2
3203 3303 -2
3203 3204 -2
3204 3304 2
3204 3205 2
3205 3305 2
3205 3206 2
3206 3306 2
3206 3207 2
3207 3307 -2
3207 3208 2
3208 3308 2
3208 3209 2
3209 3309 2
3209 3210 2
3210 3310 -2
3210 3211 2
3211 3311 -2
3211 3212 2
3212 3312 2
3212 3213 2
3213 3313 2
3213 3214 -2
3214 3314 2
3214 3215 -2
3215 3315 2
3215 3216 2
3216 3316 -2
3216 3217 2
3217 3317 2
3217 3218 -2
3218 3318 -2
3218 3219 2
3219 3319 -2
3219 3220 2
3220 3320 2
3220 3221 -2
3221 3321 -2
3221 3222 2
3222 3322 2
3222 3223 2
3223 3323 2
3223 3224 -2
3224 3324 -2
3224 3225 2
3225 3325 2
3225 3226 2
3226 3326 2
3226 3227 2
3227 3327 -2
3227 3228 2
3228 3328 -2
3228 3229 2
3229 3329 -2
3229 3230 -2
3230 3330 -2
3230 3231 2
3231 3331 2
3231 3232 2
3232 3332 2
3232 3233 -2
3233 3333 2
3233 3234 -2
3234 3334 -2
3234 3235 -2
3235 3335 2
3235 3236 2
3236 3336 -2
3236 3237 -2
3237 3337 -2
3237 3238 2
3238 3338 -2
3238 3239 -2
3239 3339 -2
3239 3240 2
3240 3340 -2
3240 3241 -2
3241 3341 -2
3241 3242 -2
3242 3342 2
3242 3243 2
3243 3343 2
3243 3244 -2
3244 3344 -2
3244 3245 2
3245 3345 -2
3245 3246 2
3246 3346 2
3246 3247 -2
3247 3347 -2
3247 3248 -2
3248 3348 2
3248 3249 2
3249 3349 -2
3249 3250 2
3250 3350 -2
3250 3251 2
3251 3351 -2
3251 3252 2
3252 3352 2
3252 3253 -2
3253 3353 2
3253 3254 -2
3254 3354 -2
3254 3255 -2
3255 3355 -2
3255 3256 2
3256 3356 -2
3256 3257 2
3257 3357 2
3257 3258 -2
3258 3358 -2
3258 3259 2
3259 3359 2
3259 3260 -2
3260 3360 2
3260 3261 2
3261 3361 2
3261 3262 -2
3262 3362 2
3262 3263 -2
3263 3363 -2
3263 3264 2
3264 3364 -2
3264 3265 2
3265 3365 -2
3265 3266 2
3266 3366 2
3266 3267 -2
3267 3367 2
3267 3268 2
3268 3368 2
3268 3269 2
3269 3369 2
3269 3270 -2
3270 3370 2
3270 3271 -2
3271 3371 -2
3271 3272 2
3272 3372 2
3272 3273 -2
3273 3373 2
3273 3274 -2
3274 3374 2
3274 3275 2
3275 3375 2
3275 3276 2
3276 3376 -2
3276 3277 -2
3277 3377 2
3277 3278 2
3278 3378 2
3278 3279 2
3279 3379 -2
3279 3280 -2
3280 3380 2
3280 3281 -2
3281 3381 2
3281 3282 -2
3282 3382 -2
3282 3283 -2
3283 3383 2
3283 3284 2
3284 3384 2
3284 3285 -2
3285 3385 -2
3285 3286 2
3286 3386 2
3286 3287 -2
3287 3387 2
3287 3288 2
3288 3388 -2
3288 3289 -2
3289 3389 -2
3289 3290 2
3290 3390 -2
3290 3291 2
3291 3391 2
3291 3292 2
3292 3392 2
3292 3293 2
3293 3393 2
3293 3294 -2
3294 3394 -2
3294 3295 -2
3295 3395 -2
3295 3296 2
3296 3396 -2
3296 3297 2
3297 3397 -2
3297 3298 2
3298 3398 -2
3298 3299 2
3299 3399 2
3300 3400 -2
3300 3399 2
3300 3301 2
3301 3401 -2
3301 3302 -2
3302 3402 -2
3302 3303 2
3303 3403 -2
3303 3304 2
3304 3404 2
3304 3305 -2
3305 3405 2
3305 3306 2
3306 3406 -2
3306 3307 -2
3307 3407 -2
3307 3308 -2
3308 3408 -2
3308 3309 2
3309 3409 2
3309 3310 2
3310 3410 -2
3310 3311 2
3311 3411 2
3311 3312 2
3312 3412 -2
3312 3313 -2
3313 3413 -2
3313 3314 2
3314 3414 -2
3314 3315 2
3315 3415 -2
3315 3316 2
3316 3416 2
3316 3317 2
3317 3417 -2
3317 3318 -2
3318 3418 2
3318 3319 -2
3319 3419 -2
3319 3320 2
3320 3420 -2
3320 3321 -2
3321 3421 2
3321 3322 2
3322 3422 -2
3322 3323 -2
3323 3423 -2
3323 3324 -2
3324 3424 -2
3324 3325 -2
3325 3425 2
3325 3326 -2
3326 3426 -2
3326 3327 -2
3327 3427 2
3327 3328 2
3328 3428 2
3328 3329 2
3329 3429 2
3329 3330 -2
3330 3430 -2
3330 3331 2
3331 3431 2
3331 3332 2
3332 3432 -2
3332 3333 2
3333 3433 2
3333 3334 -2
3334 3434 2
3334 3335 -2
3335 3435 -2
3335 3336 -2
3336 3436 -2
3336 3337 2
3337 3437 -2
3337 3338 -2
3338 3438 2
3338 3339 2
3339 3439 2
3339 3340 2
3340 3440 2
3340 3341 -2
3341 3441 2
3341 3342 2
3342 3442 -2
3342 3343 -2
3343 3443 -2
3343 3344 -2
3344 3444 -2
3344 3345 -2
3345 3445 -2
3345 3346 -2
3346 3446 2
3346 3347 -2
3347 3447 -2
3347 3348 -2
3348 3448 2
3348 3349 -2
3349 3449 2
3349 3350 -2
3350 3450 -2
3350 3351 -2
3351 3451 -2
3351 3352 2
3352 3452 2
3352 3353 -2
3353 3453 -2
3353 3354 2
3354 3454 2
3354 3355 -2
3355 3455 2
3355 3356 2
3356 3456 2
3356 3357 -2
3357 3457 -2
3357 3358 2
3358 3458 2
3358 3359 -2
3359 3459 2
3359 3360 2
3360 3460 -2
3360 3361 -2
3361 3461 2
3361 3362 2
3362 3462 -2
3362 3363 2
3363 3463 -2
3363 3364 -2
3364 3464 -2
3364 3365 2
3365 3465 2
3365 3366 2
3366 3466 2
3366 3367 2
3367 3467 -2
3367 3368 2
3368 3468 -2
3368 3369 2
3369 3469 2
3369 3370 -2
3370 3470 2
3370 3371 -2
3371 3471 -2
3371 3372 2
3372 3472 2
3372 3373 2
3373 3473 2
3373 3374 -2
3374 3474 -2
3374 3375 2
3375 3475 -2
3375 3376 -2
3376 3476 2
3376 3377 2
3377 3477 2
3377 3378 -2
3378 3478 -2
3378 3379 -2
3379 3479 2
3379 3380 -2
3380 3480 -2
3380 3381 -2
3381 3481 -2
3381 3382 -2
3382 3482 2
3382 3383 -2
3383 3483 -2
3383 3384 2
3384 3484 2
3384 3385 2
3385 3485 2
3385 3386 2
3386 3486 -2
3386 3387 -2
3387 3487 2
3387 3388 2
3388 3488 2
3388 3389 2
3389 3489 2
3389 3390 -2
3390 3490 2
3390 3391 2
3391 3491 -2
3391 3392 2
3392 3492 2
3392 3393 2
3393 3493 2
3393 3394 -2
3394 3494 2
3394 3395 2
3395 3495 2
3395 3396 2
3396 3496 -2
3396 3397 -2
3397 3497 2
3397 3398 2
3398 3498 -2
3398 3399 2
3399 3499 -2
3400 3500 2
3400 3499 2
3400 3401 -2
3401 3501 -2
3401 3402 -2
3402 3502 -2
3402 3403 2
3403 3503 -2
3403 3404 2
3404 3504 -2
3404 3405 -2
3405 3505 -2
3405 3406 2
3406 3506 -2
3406 3407 2
3407 3507 -2
3407 3408 2
3408 3508 2
3408 3409 2
3409 3509 2
3409 3410 -2
3410 3510 -2
3410 3411 2
3411 3511 2
3411 3412 -2
3412 3512 -2
3412 3413 2
3413 3513 -2
3413 3414 -2
3414 3514 2
3414 3415 2
3415 3515 -2
3415 3416 -2
3416 3516 2
3416 3417 -2
3417 3517 -2
3417 3418 2
3418 3518 2
3418 3419 2
3419 3519 2
3419 3420 -2
3420 3520 -2
3420 3421 2
3421 3521 -2
3421 3422 -2
3422 3522 -2
3422 3423 -2
3423 3523 2
3423 3424 -2
3424 3524 -2
3424 3425 -2
3425 3525 -2
3425 3426 2
3426 3526 2
3426 3427 -2
3427 3527 2
3427 3428 2
3428 3528 -2
3428 3429 2
3429 3529 -2
3429 3430 -2
3430 3530 -2
3430 3431 2
3431 3531 -2
3431 3432 2
3432 3532 2
3432 3433 -2
3433 3533 -2
3433 3434 2
3434 3534 2
3434 3435 2
3435 3535 -2
3435 3436 -2
3436 3536 -2
3436 3437 2
3437 3537 2
3437 3438 2
3438 3538 -2
3438 3439 -2
3439 3539 -2
3439 3440 -2
3440 3540 -2
3440 3441 2
3441 3541 -2
3441 3442 -2
3442 3542 -2
3442 3443 2
3443 3543 2
3443 3444 2
3444 3544 -2
3444 3445 2
3445 3545 -2
3445 3446 -2
3446 3546 -2
3446 3447 2
3447 3547 -2
3447 3448 2
3448 3548 2
3448 3449 2
3449 3549 -2
3449 3450 -2
3450 3550 -2
3450 3451 2
3451 3551 -2
3451 3452 2
3452 3552 2
3452 3453 2
3453 3553 -2
3453 3454 2
3454 3554 2
3454 3455 2
3455 3555 2
3455 3456 -2
3456 3556 -2
3456 3457 2
3457 3557 2
3457 3458 2
3458 3558 2
3458 3459 -2
3459 3559 -2
3459 3460 2
3460 3560 -2
3460 3461 2
3461 3561 -2
3461 3462 -2
3462 3562 -2
3462 3463 -2
3463 3563 -2
3463 3464 2
3464 3564 2
3464 3465 2
3465 3565 2
3465 3466 -2
3466 3566 2
3466 3467 -2
3467 3567 -2
3467 3468 -2
3468 3568 2
3468 3469 2
3469 3569 2
3469 3470 2
3470 3570 -2
3470 3471 2
3471 3571 -2
3471 3472 -2
3472 3572 2
3472 3473 2
3473 3573 2
3473 3474 -2
3474 3574 -2
3474 3475 2
3475 3575 -2
3475 3476 -2
3476 3576 -2
3476 3477 -2
3477 3577 -2
3477 3478 2
3478 3578 2
3478 3479 2
3479 3579 2
3479 3480 2
3480 3580 -2
3480 3481 2
3481 3581 2
3481 3482 2
3482 3582 2
3482 3483 -2
3483 3583 2
3483 3484 -2
3484 3584 -2
3484 3485 2
3485 3585 2
3485 3486 -2
3486 3586 2
3486 3487 2
3487 3587 2
3487 3488 2
3488 3588 2
3488 3489 -2
3489 3589 -2
3489 3490 2
3490 3590 -2
3490 3491 2
3491 3591 -2
3491 3492 -2
3492 3592 2
3492 3493 2
3493 3593 -2
3493 3494 -2
3494 3594 -2
3494 3495 2
3495 3595 2
3495 3496 -2
3496 3596 2
3496 3497 2
3497 3597 2
3497 3498 -2
3498 3598 2
3498 3499 2
3499 3599 -2
3500 3600 2
3500 3599 2
3500 3501 2
3501 3601 -2
3501 3502 -2
3502 3602 -2
3502 3503 2
3503 3603 -2
3503 3504 -2
3504 3604 2
3504 3505 -2
3505 3605 -2
3505 3506 -2
3506 3606 -2
3506 3507 2
3507 3607 2
3507 3508 2
3508 3608 -2
3508 3509 -2
3509 3609 -2
3509 3510 -2
3510 3610 -2
3510 3511 2
3511 3611 -2
3511 3512 -2
3512 3612 -2
3512 3513 -2
3513 3613 -2
3513 3514 -2
3514 3614 2
3514 3515 2
3515 3615 -2
3515 3516 -2
3516 3616 2
3516 3517 -2
3517 3617 2
3517 3518 2
3518 3618 2
3518 3519 -2
3519 3619 -2
3519 3520 2
3520 3620 2
3520 3521 2
3521 3621 2
3521 3522 2
3522 3622 -2
3522 3523 -2
3523 3623 -2
3523 3524 -2
3524 3624 -2
3524 3525 -2
3525 3625 2
3525 3526 -2
3526 3626 2
3526 3527 2
3527 3627 2
3527 3528 -2
3528 3628 -2
3528 3529 -2
3529 3629 2
3529 3530 -2
3530 3630 -2
3530 3531 2
3531 3631 2
3531 3532 2
3532 3632 -2
3532 3533 2
3533 3633 2
3533 3534 -2
3534 3634 2
3534 3535 2
3535 3635 2
3535 3536 2
3536 3636 2
3536 3537 2
3537 3637 2
3537 3538 2
3538 3638 -2
3538 3539 2
3539 3639 -2
3539 3540 2
3540 3640 2
3540 3541 -2
3541 3641 2
3541 3542 -2
3542 3642 2
3542 3543 2
3543 3643 2
3543 3544 -2
3544 3644 -2
3544 3545 2
3545 3645 2
3545 3546 -2
3546 3646 -2
3546 3547 -2
3547 3647 -2
3547 3548 2
3548 3648 2
3548 3549 2
3549 3649 2
3549 3550 2
3550 3650 2
3550 3551 2
3551 3651 -2
3551 3552 2
3552 3652 2
3552 3553 2
3553 3653 2
3553 3554 2
3554 3654 -2
3554 3555 -2
3555 3655 2
3555 3556 2
3556 3656 2
3556 3557 -2
3557 3657 2
3557 3558 -2
3558 3658 2
3558 3559 -2
3559 3659 2
3559 3560 -2
3560 3660 2
3560 3561 -2
3561 3661 -2
3561 3562 -2
3562 3662 -2
3562 3563 -2
3563 3663 -2
3563 3564 2
3564 3664 2
3564 3565 -2
3565 3665 2
3565 3566 -2
3566 3666 2
3566 3567 2
3567 3667 2
3567 3568 2
3568 3668 2
3568 3569 2
3569 3669 2
3569 3570 -2
3570 3670 -2
3570 3571 2
3571 3671 -2
3571 3572 -2
3572 3672 -2
3572 3573 2
3573 3673 -2
3573 3574 2
3574 3674 2
3574 3575 2
3575 3675 2
3575 3576 -2
3576 3676 -2
3576 3577 2
3577 3677 -2
3577 3578 -2
3578 3678 -2
3578 3579 2
3579 3679 2
3579 3580 -2
3580 3680 -2
3580 3581 -2
3581 3681 2
3581 3582 2
3582 3682 -2
3582 3583 2
3583 3683 2
3583 3584 2
3584 3684 -2
3584 3585 2
3585 3685 -2
3585 3586 2
3586 3686 -2
3586 3587 -2
3587 3687 2
3587 3588 2
3588 3688 -2
3588 3589 -2
3589 3689 -2
3589 3590 2
3590 3690 -2
3590 3591 2
3591 3691 -2
3591 3592 2
3592 3692 2
3592 3593 2
3593 3693 -2
3593 3594 2
3594 3694 -2
3594 3595 -2
3595 3695 -2
3595 3596 -2
3596 3696 -2
3596 3597 -2
3597 3697 -2
3597 3598 -2
3598 3698 -2
3598 3599 2
3599 3699 2
3600 3700 -2
3600 3699 -2
3600 3601 -2
3601 3701 -2
3601 3602 2
3602 3702 -2
3602 3603 2
3603 3703 2
3603 3604 -2
3604 3704 2
3604 3605 -2
3605 3705 -2
3605 3606 -2
3606 3706 2
3606 3607 2
3607 3707 2
3607 3608 -2
3608 3708 2
3608 3609 -2
3609 3709 -2
3609 3610 -2
3610 3710 -2
3610 3611 2
3611 3711 2
3611 3612 -2
3612 3712 -2
3612 3613 2
3613 3713 2
3613 3614 2
3614 3714 -2
3614 3615 2
3615 3715 2
3615 3616 2
3616 3716 -2
3616 3617 2
3617 3717 -2
3617 3618 -2
3618 3718 2
3618 3619 -2
3619 3719 2
3619 3620 -2
3620 3720 2
3620 3621 2
3621 3721 2
3621 3622 -2
3622 3722 2
3622 3623 -2
3623 3723 -2
3623 3624 -2
3624 3724 2
3624 3625 2
3625 3725 -2
3625 3626 2
3626 3726 -2
3626 3627 -2
3627 3727 -2
3627 3628 2
3628 3728 -2
3628 3629 2
3629 3729 2
3629 3630 -2
3630 3730 -2
3630 3631 -2
3631 3731 -2
3631 3632 2
3632 3732 -2
3632 3633 2
3633 3733 -2
3633 3634 -2
3634 3734 -2
3634 3635 2
3635 3735 2
3635 3636 2
3636 3736 -2
3636 3637 2
3637 3737 2
3637 3638 -2
3638 3738 -2
3638 3639 2
3639 3739 2
3639 3640 2
3640 3740 -2
3640 3641 2
3641 3741 -2
3641 3642 2
3642 3742 -2
3642 3643 2
3643 3743 -2
3643 3644 2
3644 3744 2
3644 3645 -2
3645 3745 -2
3645 3646 -2
3646 3746 2
3646 3647 -2
3647 3747 2
3647 3648 -2
3648 3748 -2
3648 3649 2
3649 3749 2
3649 3650 -2
3650 3750 2
3650 3651 -2
3651 3751 2
3651 3652 2
3652 3752 2
3652 3653 -2
3653 3753 2
3653 3654 2
3654 3754 2
3654 3655 -2
3655 3755 2
3655 3656 2
3656 3756 -2
3656 3657 -2
3657 3757 -2
3657 3658 2
3658 3758 2
3658 3659 2
3659 3759 2
3659 3660 2
3660 3760 2
3660 3661 -2
3661 3761 2
3661 3662 2
3662 3762 -2
3662 3663 -2
3663 3763 2
3663 3664 2
3664 3764 -2
3664 3665 2
3665 3765 -2
3665 3666 -2
3666 3766 -2
3666 3667 2
3667 3767 -2
3667 3668 -2
3668 3768 -2
3668 3669 2
3669 3769 -2
3669 3670 -2
3670 3770 -2
3670 3671 -2
3671 3771 -2
3671 3672 -2
3672 3772 -2
3672 3673 2
3673 3773 2
3673 3674 2
3674 3774 2
3674 3675 2
3675 3775 -2
3675 3676 2
3676 3776 2
3676 3677 -2
3677 3777 -2
3677 3678 -2
3678 3778 2
3678 3679 -2
3679 3779 2
3679 3680 -2
3680 3780 2
3680 3681 2
3681 3781 2
3681 3682 -2
3682 3782 2
3682 3683 -2
3683 3783 2
3683 3684 2
3684 3784 -2
3684 3685 2
3685 3785 2
3685 3686 -2
3686 3786 2
3686 3687 -2
3687 3787 -2
3687 3688 2
3688 3788 -2
3688 3689 2
3689 3789 -2
3689 3690 -2
3690 3790 2
3690 3691 2
3691 3791 2
3691 3692 -2
3692 3792 2
3692 3693 2
3693 3793 -2
3693 3694 2
3694 3794 -2
3694 3695 -2
3695 3795 -2
3695 3696 -2
3696 3796 -2
3696 3697 2
3697 3797 -2
3697 3698 -2
3698 3798 -2
3698 3699 2
3699 3799 2
3700 3800 2
3700 3799 -2
3700 3701 -2
3701 3801 2
3701 3702 -2
3702 3802 2
3702 3703 -2
3703 3803 -2
3703 3704 -2
3704 3804 -2
3704 3705 2
3705 3805 -2
3705 3706 2
3706 3806 2
3706 3707 -2
3707 3807 -2
3707 3708 -2
3708 3808 2
3708 3709 2
3709 3809 -2
3709 3710 -2
3710 3810 -2
3710 3711 2
3711 3811 2
3711 3712 2
3712 3812 2
3712 3713 2
3713 3813 -2
3713 3714 2
3714 3814 -2
3714 3715 -2
3715 3815 2
3715 3716 2
3716 3816 -2
3716 3717 2
3717 3817 2
3717 3718 2
3718 3818 -2
3718 3719 2
3719 3819 2
3719 3720 2
3720 3820 -2
3720 3721 -2
3721 3821 2
3721 3722 -2
3722 3822 2
3722 3723 -2
3723 3823 2
3723 3724 -2
3724 3824 -2
3724 3725 2
3725 3825 -2
3725 3726 -2
3726 3826 -2
3726 3727 -2
3727 3827 -2
3727 3728 -2
3728 3828 2
3728 3729 2
3729 3829 2
3729 3730 -2
3730 3830 2
3730 3731 -2
3731 3831 2
3731 3732 -2
3732 3832 2
3732 3733 -2
3733 3833 -2
3733 3734 -2
3734 3834 2
3734 3735 -2
3735 3835 2
3735 3736 -2
3736 3836 2
3736 3737 2
3737 3837 -2
3737 3738 -2
3738 3838 2
3738 3739 2
3739 3839 2
3739 3740 -2
3740 3840 2
3740 3741 -2
3741 3841 2
3741 3742 2
3742 3842 2
3742 3743 -2
3743 3843 2
3743 3744 -2
3744 3844 -2
3744 3745 2
3745 3845 -2
3745 3746 -2
3746 3846 2
3746 3747 2
3747 3847 -2
3747 3748 -2
3748 3848 2
3748 3749 -2
3749 3849 -2
3749 3750 2
3750 3850 2
3750 3751 2
3751 3851 -2
3751 3752 2
3752 3852 2
3752 3753 -2
3753 3853 2
3753 3754 2
3754 3854 -2
3754 3755 2
3755 3855 -2
3755 3756 2
3756 3856 2
3756 3757 -2
3757 3857 2
3757 3758 -2
3758 3858 -2
3758 3759 -2
3759 3859 2
3759 3760 -2
3760 3860 2
3760 3761 2
3761 3861 -2
3761 3762 -2
3762 3862 2
3762 3763 -2
3763 3863 -2
3763 3764 2
3764 3864 -2
3764 3765 -2
3765 3865 2
3765 3766 2
3766 3866 -2
3766 3767 2
3767 3867 -2
3767 3768 -2
3768 3868 -2
3768 3769 2
3769 3869 2
3769 3770 2
3770 3870 -2
3770 3771 2
3771 3871 2
3771 3772 2
3772 3872 2
3772 3773 2
3773 3873 2
3773 3774 -2
3774 3874 -2
3774 3775 2
3775 3875 -2
3775 3776 2
3776 3876 2
3776 3777 -2
3777 3877 -2
3777 3778 2
3778 3878 2
3778 3779 -2
3779 3879 2
3779 3780 2
3780 3880 -2
3780 3781 2
3781 3881 2
3781 3782 2
3782 3882 -2
3782 3783 2
3783 3883 -2
3783 3784 2
3784 3884 -2
3784 3785 2
3785 3885 2
3785 3786 2
3786 3886 2
3786 3787 2
3787 3887 -2
3787 3788 -2
3788 3888 2
3788 3789 -2
3789 3889 2
3789 3790 -2
3790 3890 -2
3790 3791 -2
3791 3891 -2
3791 3792 -2
3792 3892 -2
3792 3793 -2
3793 3893 -2
3793 3794 2
3794 3894 2
3794 3795 2
3795 3895 2
3795 3796 -2
3796 3896 -2
3796 3797 -2
3797 3897 2
3797 3798 2
3798 3898 2
3798 3799 -2
3799 3899 -2
3800 3900 -2
3800 3899 2
3800 3801 -2
3801 3901 -2
3801 3802 2
3802 3902 -2
3802 3803 2
3803 3903 -2
3803 3804 2
3804 3904 2
3804 3805 2
3805 3905 2
3805 3806 -2
3806 3906 -2
3806 3807 -2
3807 3907 -2
3807 3808 -2
3808 3908 2
3808 3809 -2
3809 3909 2
3809 3810 2
3810 3910 2
3810 3811 -2
3811 3911 2
3811 3812 2
3812 3912 -2
3812 3813 2
3813 3913 -2
3813 3814 2
3814 3914 2
3814 3815 2
3815 3915 2
3815 3816 -2
3816 3916 2
3816 3817 2
3817 3917 -2
3817 3818 2
3818 3918 -2
3818 3819 2
3819 3919 2
3819 3820 -2
3820 3920 -2
3820 3821 2
3821 3921 -2
3821 3822 2
3822 3922 -2
3822 3823 -2
3823 3923 -2
3823 3824 2
3824 3924 2
3824 3825 -2
3825 3925 2
3825 3826 -2
3826 3926 -2
3826 3827 2
3827 3927 2
3827 3828 -2
3828 3928 -2
3828 3829 -2
3829 3929 2
3829 3830 2
3830 3930 -2
3830 3831 2
3831 3931 -2
3831 3832 -2
3832 3932 -2
3832 3833 -2
3833 3933 2
3833 3834 2
3834 3934 2
3834 3835 -2
3835 3935 2
3835 3836 -2
3836 3936 -2
3836 3837 2
3837 3937 -2
3837 3838 2
3838 3938 -2
3838 3839 2
3839 3939 2
3839 3840 2
3840 3940 -2
3840 3841 -2
3841 3941 -2
3841 3842 2
3842 3942 2
3842 3843 2
3843 3943 2
3843 3844 2
3844 3944 2
3844 3845 2
3845 3945 2
3845 3846 2
3846 3946 2
3846 3847 -2
3847 3947 2
3847 3848 2
3848 3948 -2
3848 3849 -2
3849 3949 2
3849 3850 -2
3850 3950 -2
3850 3851 -2
3851 3951 -2
3851 3852 2
3852 3952 2
3852 3853 -2
3853 3953 2
3853 3854 -2
3854 3954 2
3854 3855 -2
3855 3955 -2
3855 3856 -2
3856 3956 -2
3856 3857 2
3857 3957 -2
3857 3858 -2
3858 3958 2
3858 3859 2
3859 3959 2
3859 3860 2
3860 3960 -2
3860 3861 2
3861 3961 -2
3861 3862 2
3862 3962 -2
3862 3863 -2
3863 3963 2
3863 3864 -2
3864 3964 -2
3864 3865 -2
3865 3965 -2
3865 3866 -2
3866 3966 -2
3866 3867 2
3867 3967 -2
3867 3868 -2
3868 3968 -2
3868 3869 -2
3869 3969 2
3869 3870 -2
3870 3970 -2
3870 3871 2
3871 3971 2
3871 3872 2
3872 3972 -2
3872 3873 -2
3873 3973 2
3873 3874 -2
3874 3974 -2
3874 3875 2
3875 3975 2
3875 3876 -2
3876 3976 2
3876 3877 -2
3877 3977 2
3877 3878 -2
3878 3978 2
3878 3879 -2
3879 3979 2
3879 3880 -2
3880 3980 -2
3880 3881 -2
3881 3981 -2
3881 3882 -2
3882 3982 -2
3882 3883 2
3883 3983 -2
3883 3884 -2
3884 3984 2
3884 3885 2
3885 3985 2
3885 3886 2
3886 3986 -2
3886 3887 -2
3887 3987 -2
3887 3888 2
3888 3988 2
3888 3889 2
3889 3989 -2
3889 3890 2
3890 3990 -2
3890 3891 2
3891 3991 -2
3891 3892 -2
3892 3992 -2
3892 3893 -2
3893 3993 -2
3893 3894 2
3894 3994 -2
3894 3895 2
3895 3995 -2
3895 3896 -2
3896 3996 -2
3896 3897 2
3897 3997 2
3897 3898 -2
3898 3998 2
3898 3899 2
3899 3999 2
3900 4000 2
3900 3999 -2
3900 3901 2
3901 4001 2
3901 3902 2
3902 4002 -2
3902 3903 -2
3903 4003 -2
3903 3904 -2
3904 4004 -2
3904 3905 -2
3905 4005 -2
3905 3906 2
3906 4006 2
3906 3907 2
3907 4007 -2
3907 3908 -2
3908 4008 -2
3908 3909 -2
3909 4009 -2
3909 3910 -2
3910 4010 2
3910 3911 -2
3911 4011 -2
3911 3912 2
3912 4012 -2
3912 3913 -2
3913 4013 2
3913 3914 -2
3914 4014 2
3914 3915 2
3915 4015 2
3915 3916 -2
3916 4016 2
3916 3917 -2
3917 4017 -2
3917 3918 -2
3918 4018 2
3918 3919 2
3919 4019 2
3919 3920 2
3920 4020 -2
3920 3921 2
3921 4021 -2
3921 3922 -2
3922 4022 -2
3922 3923 -2
3923 4023 -2
3923 3924 -2
3924 4024 2
3924 3925 2
3925 4025 -2
3925 3926 -2
3926 4026 2
3926 3927 2
3927 4027 -2
3927 3928 2
3928 4028 -2
3928 3929 -2
3929 4029 2
3929 3930 -2
3930 4030 -2
3930 3931 2
3931 4031 2
3931 3932 2
3932 4032 -2
3932 3933 2
3933 4033 2
3933 3934 -2
3934 4034 2
3934 3935 -2
3935 4035 -2
3935 3936 -2
3936 4036 -2
3936 3937 2
3937 4037 2
3937 3938 2
3938 4038 2
3938 3939 2
3939 4039 2
3939 3940 -2
3940 4040 2
3940 3941 2
3941 4041 2
3941 3942 -2
3942 4042 -2
3942 3943 -2
3943 4043 2
3943 3944 2
3944 4044 2
3944 3945 2
3945 4045 2
3945 3946 -2
3946 4046 2
3946 3947 -2
3947 4047 2
3947 3948 -2
3948 4048 -2
3948 3949 2
3949 4049 2
3949 3950 -2
3950 4050 2
3950 3951 2
3951 4051 -2
3951 3952 -2
3952 4052 2
3952 3953 -2
3953 4053 2
3953 3954 2
3954 4054 2
3954 3955 2
3955 4055 2
3955 3956 -2
3956 4056 2
3956 3957 2
3957 4057 2
3957 3958 2
3958 4058 -2
3958 3959 2
3959 4059 -2
3959 3960 -2
3960 4060 2
3960 3961 2
3961 4061 2
3961 3962 -2
3962 4062 2
3962 3963 2
3963 4063 -2
3963 3964 2
3964 4064 -2
3964 3965 2
3965 4065 -2
3965 3966 2
3966 4066 -2
3966 3967 2
3967 4067 2
3967 3968 2
3968 4068 -2
3968 3969 2
3969 4069 -2
3969 3970 -2
3970 4070 -2
3970 3971 -2
3971 4071 -2
3971 3972 2
3972 4072 2
3972 3973 -2
3973 4073 2
3973 3974 2
3974 4074 -2
3974 3975 -2
3975 4075 2
3975 3976 -2
3976 4076 2
3976 3977 -2
3977 4077 2
3977 3978 -2
3978 4078 2
3978 3979 -2
3979 4079 2
3979 3980 -2
3980 4080 2
3980 3981 -2
3981 4081 -2
3981 3982 -2
3982 4082 -2
3982 3983 2
3983 4083 2
3983 3984 -2
3984 4084 -2
3984 3985 2
3985 4085 2
3985 3986 -2
3986 4086 -2
3986 3987 2
3987 4087 2
3987 3988 -2
3988 4088 -2
3988 3989 2
3989 4089 2
3989 3990 2
3990 4090 -2
3990 3991 -2
3991 4091 2
3991 3992 2
3992 4092 2
3992 3993 2
3993 4093 -2
3993 3994 2
3994 4094 -2
3994 3995 2
3995 4095 2
3995 3996 -2
3996 4096 2
3996 3997 2
3997 4097 -2
3997 3998 2
3998 4098 -2
3998 3999 -2
3999 4099 2
4000 4100 -2
4000 4099 2
4000 4001 -2
4001 4101 2
4001 4002 -2
4002 4102 2
4002 4003 2
4003 4103 2
4003 4004 2
4004 4104 -2
4004 4005 2
4005 4105 2
4005 4006 2
4006 4106 2
4006 4007 -2
4007 4107 -2
4007 4008 -2
4008 4108 -2
4008 4009 2
4009 4109 -2
4009 4010 2
4010 4110 -2
4010 4011 -2
4011 4111 -2
4011 4012 2
4012 4112 2
4012 4013 2
4013 4113 -2
4013 4014 -2
4014 4114 2
4014 4015 -2
4015 4115 2
4015 4016 -2
4016 4116 -2
4016 4017 -2
4017 4117 2
4017 4018 -2
4018 4118 2
4018 4019 2
4019 4119 2
4019 4020 2
4020 4120 2
4020 4021 -2
4021 4121 2
4021 4022 2
4022 4122 2
4022 4023 -2
4023 4123 2
4023 4024 -2
4024 4124 -2
4024 4025 2
4025 4125 -2
4025 4026 2
4026 4126 2
4026 4027 2
4027 4127 -2
4027 4028 2
4028 4128 2
4028 4029 -2
4029 4129 -2
4029 4030 -2
4030 4130 -2
4030 4031 -2
4031 4131 -2
4031 4032 -2
4032 4132 -2
4032 4033 -2
4033 4133 -2
4033 4034 2
4034 4134 -2
4034 4035 2
4035 4135 2
4035 4036 2
4036 4136 2
4036 4037 2
4037 4137 2
4037 4038 2
4038 4138 2
4038 4039 -2
4039 4139 -2
4039 4040 -2
4040 4140 2
4040 4041 2
4041 4141 -2
4041 4042 2
4042 4142 2
4042 4043 2
4043 4143 2
4043 4044 -2
4044 4144 2
4044 4045 2
4045 4145 2
4045 4046 -2
4046 4146 -2
4046 4047 2
4047 4147 -2
4047 4048 -2
4048 4148 2
4048 4049 -2
4049 4149 -2
4049 4050 2
4050 4150 -2
4050 4051 2
4051 4151 -2
4051 4052 2
4052 4152 2
4052 4053 -2
4053 4153 2
4053 4054 -2
4054 4154 -2
4054 4055 -2
4055 4155 2
4055 4056 2
4056 4156 2
4056 4057 2
4057 4157 -2
4057 4058 -2
4058 4158 2
4058 4059 -2
4059 4159 2
4059 4060 2
4060 4160 2
4060 4061 2
4061 4161 2
4061 4062 -2
4062 4162 -2
4062 4063 -2
4063 4163 -2
4063 4064 2
4064 4164 -2
4064 4065 -2
4065 4165 -2
4065 4066 2
4066 4166 2
4066 4067 -2
4067 4167 -2
4067 4068 -2
4068 4168 2
4068 4069 2
4069 4169 -2
4069 4070 -2
4070 4170 2
4070 4071 -2
4071 4171 2
4071 4072 2
4072 4172 2
4072 4073 2
4073 4173 -2
4073 4074 -2
4074 4174 -2
4074 4075 2
4075 4175 2
4075 4076 -2
4076 4176 -2
4076 4077 2
4077 4177 -2
4077 4078 2
4078 4178 2
4078 4079 -2
4079 4179 2
4079 4080 2
4080 4180 -2
4080 4081 -2
4081 4181 2
4081 4082 -2
4082 4182 -2
4082 4083 -2
4083 4183 -2
4083 4084 -2
4084 4184 2
4084 4085 -2
4085 4185 -2
4085 4086 -2
4086 4186 2
4086 4087 2
4087 4187 2
4087 4088 2
4088 4188 -2
4088 4089 2
4089 4189 2
4089 4090 2
4090 4190 -2
4090 4091 -2
4091 4191 -2
4091 4092 -2
4092 4192 -2
4092 4093 2
4093 4193 2
4093 4094 -2
4094 4194 -2
4094 4095 2
4095 4195 2
4095 4096 2
4096 4196 -2
4096 4097 -2
4097 4197 -2
4097 4098 2
4098 4198 2
4098 4099 -2
4099 4199 -2
4100 4200 -2
4100 4199 2
4100 4101 -2
4101 4201 2
4101 4102 -2
4102 4202 -2
4102 4103 -2
4103 4203 -2
4103 4104 2
4104 4204 -2
4104 4105 -2
4105 4205 -2
4105 4106 -2
4106 4206 2
4106 4107 2
4107 4207 2
4107 4108 2
4108 4208 2
4108 4109 2
4109 4209 2
4109 4110 -2
4110 4210 -2
4110 4111 -2
4111 4211 2
4111 4112 2
4112 4212 2
4112 4113 -2
4113 4213 2
4113 4114 -2
4114 4214 2
4114 4115 2
4115 4215 -2
4115 4116 2
4116 4216 2
4116 4117 -2
4117 4217 2
4117 4118 2
4118 4218 2
4118 4119 -2
4119 4219 -2
4119 4120 2
4120 4220 2
4120 4121 -2
4121 4221 2
4121 4122 -2
4122 4222 -2
4122 4123 -2
4123 4223 2
4123 4124 -2
4124 4224 2
4124 4125 -2
4125 4225 2
4125 4126 2
4126 4226 -2
4126 4127 -2
4127 4227 2
4127 4128 2
4128 4228 -2
4128 4129 2
4129 4229 2
4129 4130 2
4130 4230 -2
4130 4131 -2
4131 4231 -2
4131 4132 2
4132 4232 -2
4132 4133 2
4133 4233 2
4133 4134 -2
4134 4234 2
4134 4135 -2
4135 4235 -2
4135 4136 -2
4136 4236 2
4136 4137 -2
4137 4237 2
4137 4138 2
4138 4238 2
4138 4139 2
4139 4239 -2
4139 4140 2
4140 4240 2
4140 4141 -2
4141 4241 2
4141 4142 2
4142 4242 -2
4142 4143 -2
4143 4243 2
4143 4144 2
4144 4244 -2
4144 4145 2
4145 4245 2
4145 4146 2
4146 4246 -2
4146 4147 2
4147 4247 2
4147 4148 2
4148 4248 -2
4148 4149 2
4149 4249 2
4149 4150 2
4150 4250 2
4150 4151 -2
4151 4251 2
4151 4152 -2
4152 4252 2
4152 4153 2
4153 4253 2
4153 4154 -2
4154 4254 2
4154 4155 -2
4155 4255 -2
4155 4156 -2
4156 4256 -2
4156 4157 -2
4157 4257 2
4157 4158 -2
4158 4258 -2
4158 4159 -2
4159 4259 2
4159 4160 -2
4160 4260 2
4160 4161 2
4161 4261 2
4161 4162 2
4162 4262 2
4162 4163 -2
4163 4263 2
4163 4164 -2
4164 4264 -2
4164 4165 -2
4165 4265 2
4165 4166 -2
4166 4266 2
4166 4167 2
4167 4267 -2
4167 4168 -2
4168 4268 -2
4168 4169 2
4169 4269 -2
4169 4170 -2
4170 4270 -2
4170 4171 -2
4171 4271 -2
4171 4172 -2
4172 4272 -2
4172 4173 -2
4173 4273 2
4173 4174 -2
4174 4274 2
4174 4175 -2
4175 4275 2
4175 4176 2
4176 4276 -2
4176 4177 2
4177 4277 -2
4177 4178 2
4178 4278 -2
4178 4179 2
4179 4279 2
4179 4180 2
4180 4280 -2
4180 4181 -2
4181 4281 2
4181 4182 -2
4182 4282 -2
4182 4183 2
4183 4283 2
4183 4184 -2
4184 4284 -2
4184 4185 -2
4185 4285 2
4185 4186 2
4186 4286 2
4186 4187 -2
4187 4287 -2
4187 4188 2
4188 4288 -2
4188 4189 -2
4189 4289 2
4189 4190 -2
4190 4290 2
4190 4191 -2
4191 4291 -2
4191 4192 2
4192 4292 -2
4192 4193 -2
4193 4293 -2
4193 4194 2
4194 4294 2
4194 4195 2
4195 4295 2
4195 4196 -2
4196 4296 -2
4196 4197 2
4197 4297 2
4197 4198 2
4198 4298 2
4198 4199 2
4199 4299 -2
4200 4300 -2
4200 4299 2
4200 4201 2
4201 4301 -2
4201 4202 2
4202 4302 2
4202 4203 2
4203 4303 -2
4203 4204 2
4204 4304 -2
4204 4205 2
4205 4305 -2
4205 4206 -2
4206 4306 -2
4206 4207 2
4207 4307 2
4207 4208 -2
4208 4308 2
4208 4209 2
4209 4309 2
4209 4210 2
4210 4310 2
4210 4211 2
4211 4311 -2
4211 4212 2
4212 4312 -2
4212 4213 -2
4213 4313 -2
4213 4214 -2
4214 4314 2
4214 4215 -2
4215 4315 2
4215 4216 2
4216 4316 -2
4216 4217 -2
4217 4317 -2
4217 4218 -2
4218 4318 2
4218 4219 2
4219 4319 -2
4219 4220 -2
4220 4320 -2
4220 4221 -2
4221 4321 -2
4221 4222 2
4222 4322 -2
4222 4223 2
4223 4323 -2
4223 4224 2
4224 4324 -2
4224 4225 2
4225 4325 2
4225 4226 2
4226 4326 2
4226 4227 -2
4227 4327 -2
4227 4228 2
4228 4328 -2
4228 4229 2
4229 4329 -2
4229 4230 2
4230 4330 2
4230 4231 2
4231 4331 2
4231 4232 -2
4232 4332 -2
4232 4233 -2
4233 4333 2
4233 4234 -2
4234 4334 2
4234 4235 -2
4235 4335 -2
4235 4236 2
4236 4336 2
4236 4237 -2
4237 4337 -2
4237 4238 -2
4238 4338 -2
4238 4239 -2
4239 4339 2
4239 4240 2
4240 4340 2
4240 4241 -2
4241 4341 2
4241 4242 2
4242 4342 -2
4242 4243 -2
4243 4343 -2
4243 4244 -2
4244 4344 2
4244 4245 -2
4245 4345 -2
4245 4246 -2
4246 4346 2
4246 4247 -2
4247 4347 -2
4247 4248 -2
4248 4348 -2
4248 4249 2
4249 4349 -2
4249 4250 -2
4250 4350 2
4250 4251 -2
4251 4351 -2
4251 4252 2
4252 4352 2
4252 4253 -2
4253 4353 2
4253 4254 -2
4254 4354 -2
4254 4255 2
4255 4355 2
4255 4256 -2
4256 4356 2
4256 4257 -2
4257 4357 -2
4257 4258 2
4258 4358 -2
4258 4259 -2
4259 4359 -2
4259 4260 -2
4260 4360 -2
4260 4261 2
4261 4361 2
4261 4262 -2
4262 4362 -2
4262 4263 -2
4263 4363 2
4263 4264 2
4264 4364 -2
4264 4265 2
4265 4365 -2
4265 4266 2
4266 4366 -2
4266 4267 -2
4267 4367 2
4267 4268 2
4268 4368 2
4268 4269 -2
4269 4369 2
4269 4270 -2
4270 4370 -2
4270 4271 -2
4271 4371 2
4271 4272 -2
4272 4372 2
4272 4273 2
4273 4373 2
4273 4274 2
4274 4374 -2
4274 4275 -2
4275 4375 2
4275 4276 -2
4276 4376 -2
4276 4277 2
4277 4377 2
4277 4278 2
4278 4378 -2
4278 4279 2
4279 4379 -2
4279 4280 -2
4280 4380 2
4280 4281 2
4281 4381 -2
4281 4282 -2
4282 4382 -2
4282 4283 -2
4283 4383 2
4283 4284 2
4284 4384 2
4284 4285 2
4285 4385 2
4285 4286 -2
4286 4386 -2
4286 4287 -2
4287 4387 2
4287 4288 -2
4288 4388 2
4288 4289 2
4289 4389 2
4289 4290 -2
4290 4390 -2
4290 4291 2
4291 4391 2
4291 4292 2
4292 4392 2
4292 4293 -2
4293 4393 -2
4293 4294 -2
4294 4394 2
4294 4295 -2
4295 4395 -2
4295 4296 -2
4296 4396 -2
4296 4297 -2
4297 4397 -2
4297 4298 -2
4298 4398 2
4298 4299 2
4299 4399 -2
4300 4400 -2
4300 4399 2
4300 4301 -2
4301 4401 2
4301 4302 -2
4302 4402 2
4302 4303 -2
4303 4403 2
4303 4304 -2
4304 4404 2
4304 4305 2
4305 4405 2
4305 4306 -2
4306 4406 2
4306 4307 2
4307 4407 2
4307 4308 2
4308 4408 -2
4308 4309 2
4309 4409 -2
4309 4310 -2
4310 4410 2
4310 4311 -2
4311 4411 -2
4311 4312 2
4312 4412 -2
4312 4313 2
4313 4413 -2
4313 4314 -2
4314 4414 2
4314 4315 2
4315 4415 2
4315 4316 -2
4316 4416 -2
4316 4317 -2
4317 4417 -2
4317 4318 -2
4318 4418 -2
4318 4319 2
4319 4419 2
4319 4320 -2
4320 4420 2
4320 4321 2
4321 4421 -2
4321 4322 -2
4322 4422 2
4322 4323 -2
4323 4423 -2
4323 4324 -2
4324 4424 2
4324 4325 -2
4325 4425 2
4325 4326 -2
4326 4426 2
4326 4327 -2
4327 4427 2
4327 4328 2
4328 4428 2
4328 4329 2
4329 4429 2
4329 4330 2
4330 4430 2
4330 4331 -2
4331 4431 2
4331 4332 2
4332 4432 -2
4332 4333 2
4333 4433 2
4333 4334 2
4334 4434 2
4334 4335 -2
4335 4435 -2
4335 4336 -2
4336 4436 2
4336 4337 -2
4337 4437 2
4337 4338 2
4338 4438 -2
4338 4339 -2
4339 4439 2
4339 4340 -2
4340 4440 2
4340 4341 -2
4341 4441 2
4341 4342 -2
4342 4442 2
4342 4343 2
4343 4443 2
4343 4344 -2
4344 4444 2
4344 4345 -2
4345 4445 2
4345 4346 -2
4346 4446 -2
4346 4347 2
4347 4447 2
4347 4348 -2
4348 4448 -2
4348 4349 -2
4349 4449 -2
4349 4350 -2
4350 4450 -2
4350 4351 -2
4351 4451 -2
4351 4352 2
4352 4452 2
4352 4353 -2
4353 4453 -2
4353 4354 2
4354 4454 -2
4354 4355 -2
4355 4455 -2
4355 4356 -2
4356 4456 -2
4356 4357 -2
4357 4457 -2
4357 4358 -2
4358 4458 -2
4358 4359 2
4359 4459 -2
4359 4360 -2
4360 4460 -2
4360 4361 2
4361 4461 -2
4361 4362 2
4362 4462 -2
4362 4363 -2
4363 4463 -2
4363 4364 -2
4364 4464 2
4364 4365 2
4365 4465 -2
4365 4366 -2
4366 4466 -2
4366 4367 2
4367 4467 2
4367 4368 2
4368 4468 2
4368 4369 2
4369 4469 2
4369 4370 2
4370 4470 -2
4370 4371 -2
4371 4471 2
4371 4372 -2
4372 4472 2
4372 4373 -2
4373 4473 2
4373 4374 -2
4374 4474 -2
4374 4375 -2
4375 4475 -2
4375 4376 2
4376 4476 2
4376 4377 2
4377 4477 2
4377 4378 2
4378 4478 -2
4378 4379 -2
4379 4479 -2
4379 4380 -2
4380 4480 2
4380 4381 -2
4381 4481 2
4381 4382 -2
4382 4482 2
4382 4383 -2
4383 4483 -2
4383 4384 2
4384 4484 2
4384 4385 -2
4385 4485 2
4385 4386 -2
4386 4486 2
4386 4387 2
4387 4487 -2
4387 4388 2
4388 4488 2
4388 4389 2
4389 4489 2
4389 4390 2
4390 4490 -2
4390 4391 -2
4391 4491 2
4391 4392 2
4392 4492 2
4392 4393 -2
4393 4493 -2
4393 4394 -2
4394 4494 2
4394 4395 -2
4395 4495 -2
4395 4396 2
4396 4496 2
4396 4397 -2
4397 4497 2
4397 4398 -2
4398 4498 -2
4398 4399 2
4399 4499 -2
4400 4500 2
4400 4499 -2
4400 4401 2
4401 4501 -2
4401 4402 2
4402 4502 -2
4402 4403 -2
4403 4503 2
4403 4404 -2
4404 4504 -2
4404 4405 -2
4405 4505 -2
4405 4406 2
4406 4506 -2
4406 4407 2
4407 4507 -2
4407 4408 2
4408 4508 2
4408 4409 -2
4409 4509 -2
4409 4410 -2
4410 4510 -2
4410 4411 -2
4411 4511 2
4411 4412 -2
4412 4512 2
4412 4413 -2
4413 4513 2
4413 4414 2
4414 4514 -2
4414 4415 2
4415 4515 2
4415 4416 2
4416 4516 2
4416 4417 2
4417 4517 2
4417 4418 2
4418 4518 -2
4418 4419 2
4419 4519 -2
4419 4420 -2
4420 4520 2
4420 4421 2
4421 4521 -2
4421 4422 2
4422 4522 -2
4422 4423 -2
4423 4523 -2
4423 4424 2
4424 4524 2
4424 4425 2
4425 4525 2
4425 4426 -2
4426 4526 2
4426 4427 2
4427 4527 -2
4427 4428 -2
4428 4528 -2
4428 4429 -2
4429 4529 -2
4429 4430 2
4430 4530 -2
4430 4431 -2
4431 4531 2
4431 4432 2
4432 4532 -2
4432 4433 -2
4433 4533 2
4433 4434 2
4434 4534 2
4434 4435 -2
4435 4535 2
4435 4436 -2
4436 4536 2
4436 4437 2
4437 4537 2
4437 4438 2
4438 4538 -2
4438 4439 -2
4439 4539 -2
4439 4440 -2
4440 4540 2
4440 4441 -2
4441 4541 2
4441 4442 2
4442 4542 2
4442 4443 2
4443 4543 -2
4443 4444 2
4444 4544 -2
4444 4445 -2
4445 4545 -2
4445 4446 2
4446 4546 -2
4446 4447 -2
4447 4547 -2
4447 4448 2
4448 4548 2
4448 4449 2
4449 4549 2
4449 4450 2
4450 4550 -2
4450 4451 2
4451 4551 -2
4451 4452 2
4452 4552 2
4452 4453 2
4453 4553 -2
4453 4454 2
4454 4554 -2
4454 4455 -2
4455 4555 2
4455 4456 -2
4456 4556 2
4456 4457 2
4457 4557 2
4457 4458 2
4458 4558 2
4458 4459 -2
4459 4559 2
4459 4460 2
4460 4560 -2
4460 4461 2
4461 4561 -2
4461 4462 2
4462 4562 -2
4462 4463 -2
4463 4563 2
4463 4464 -2
4464 4564 2
4464 4465 2
4465 4565 2
4465 4466 -2
4466 4566 -2
4466 4467 -2
4467 4567 -2
4467 4468 2
4468 4568 -2
4468 4469 -2
4469 4569 -2
4469 4470 2
4470 4570 2
4470 4471 2
4471 4571 -2
4471 4472 2
4472 4572 -2
4472 4473 -2
4473 4573 2
4473 4474 -2
4474 4574 -2
4474 4475 2
4475 4575 2
4475 4476 2
4476 4576 -2
4476 4477 -2
4477 4577 -2
4477 4478 -2
4478 4578 -2
4478 4479 -2
4479 4579 -2
4479 4480 -2
4480 4580 -2
4480 4481 2
4481 4581 2
4481 4482 -2
4482 4582 -2
4482 4483 2
4483 4583 2
4483 4484 2
4484 4584 -2
4484 4485 -2
4485 4585 -2
4485 4486 -2
4486 4586 -2
4486 4487 2
4487 4587 2
4487 4488 -2
4488 4588 2
4488 4489 -2
4489 4589 -2
4489 4490 2
4490 4590 -2
4490 4491 2
4491 4591 2
4491 4492 -2
4492 4592 2
4492 4493 -2
4493 4593 -2
4493 4494 -2
4494 4594 2
4494 4495 -2
4495 4595 -2
4495 4496 2
4496 4596 -2
4496 4497 2
4497 4597 2
4497 4498 2
4498 4598 -2
4498 4499 -2
4499 4599 -2
4500 4600 -2
4500 4599 -2
4500 4501 -2
4501 4601 2
4501 4502 2
4502 4602 -2
4502 4503 -2
4503 4603 2
4503 4504 2
4504 4604 -2
4504 4505 2
4505 4605 -2
4505 4506 -2
4506 4606 2
4506 4507 -2
4507 4607 2
4507 4508 2
4508 4608 -2
4508 4509 2
4509 4609 -2
4509 4510 -2
4510 4610 2
4510 4511 -2
4511 4611 2
4511 4512 -2
4512 4612 -2
4512 4513 2
4513 4613 2
4513 4514 2
4514 4614 2
4514 4515 2
4515 4615 -2
4515 4516 -2
4516 4616 -2
4516 4517 2
4517 4617 2
4517 4518 2
4518 4618 -2
4518 4519 -2
4519 4619 -2
4519 4520 2
4520 4620 2
4520 4521 2
4521 4621 -2
4521 4522 2
4522 4622 2
4522 4523 2
4523 4623 2
4523 4524 -2
4524 4624 -2
4524 4525 2
4525 4625 -2
4525 4526 2
4526 4626 -2
4526 4527 -2
4527 4627 -2
4527 4528 2
4528 4628 -2
4528 4529 2
4529 4629 -2
4529 4530 2
4530 4630 2
4530 4531 2
4531 4631 -2
4531 4532 -2
4532 4632 2
4532 4533 2
4533 4633 -2
4533 4534 -2
4534 4634 2
4534 4535 2
4535 4635 -2
4535 4536 -2
4536 4636 2
4536 4537 -2
4537 4637 2
4537 4538 2
4538 4638 -2
4538 4539 -2
4539 4639 -2
4539 4540 2
4540 4640 -2
4540 4541 -2
4541 4641 2
4541 4542 -2
4542 4642 -2
4542 4543 -2
4543 4643 -2
4543 4544 2
4544 4644 -2
4544 4545 2
4545 4645 2
4545 4546 -2
4546 4646 2
4546 4547 -2
4547 4647 2
4547 4548 2
4548 4648 2
4548 4549 2
4549 4649 2
4549 4550 -2
4550 4650 -2
4550 4551 -2
4551 4651 2
4551 4552 -2
4552 4652 2
4552 4553 -2
4553 4653 2
4553 4554 2
4554 4654 2
4554 4555 -2
4555 4655 -2
4555 4556 2
4556 4656 2
4556 4557 -2
4557 4657 -2
4557 4558 -2
4558 4658 2
4558 4559 -2
4559 4659 -2
4559 4560 -2
4560 4660 -2
4560 4561 2
4561 4661 -2
4561 4562 2
4562 4662 2
4562 4563 2
4563 4663 2
4563 4564 -2
4564 4664 -2
4564 4565 -2
4565 4665 -2
4565 4566 2
4566 4666 2
4566 4567 -2
4567 4667 2
4567 4568 2
4568 4668 -2
4568 4569 -2
4569 4669 -2
4569 4570 -2
4570 4670 2
4570 4571 2
4571 4671 -2
4571 4572 2
4572 4672 -2
4572 4573 2
4573 4673 -2
4573 4574 -2
4574 4674 -2
4574 4575 -2
4575 4675 2
4575 4576 -2
4576 4676 2
4576 4577 2
4577 4677 -2
4577 4578 2
4578 4678 -2
4578 4579 2
4579 4679 2
4579 4580 -2
4580 4680 2
4580 4581 2
4581 4681 -2
4581 4582 -2
4582 4682 2
4582 4583 2
4583 4683 2
4583 4584 2
4584 4684 2
4584 4585 -2
4585 4685 -2
4585 4586 2
4586 4686 -2
4586 4587 2
4587 4687 -2
4587 4588 2
4588 4688 -2
4588 4589 -2
4589 4689 -2
4589 4590 2
4590 4690 -2
4590 4591 -2
4591 4691 2
4591 4592 2
4592 4692 2
4592 4593 -2
4593 4693 2
4593 4594 2
4594 4694 2
4594 4595 2
4595 4695 -2
4595 4596 -2
4596 4696 2
4596 4597 -2
4597 4697 2
4597 4598 -2
4598 4698 -2
4598 4599 2
4599 4699 2
4600 4700 2
4600 4699 2
4600 4601 -2
4601 4701 -2
4601 4602 2
4602 4702 2
4602 4603 -2
4603 4703 2
4603 4604 -2
4604 4704 2
4604 4605 -2
4605 4705 -2
4605 4606 -2
4606 4706 -2
4606 4607 -2
4607 4707 -2
4607 4608 2
4608 4708 2
4608 4609 -2
4609 4709 2
4609 4610 2
4610 4710 2
4610 4611 2
4611 4711 -2
4611 4612 2
4612 4712 -2
4612 4613 -2
4613 4713 -2
4613 4614 2
4614 4714 2
4614 4615 2
4615 4715 2
4615 4616 2
4616 4716 -2
4616 4617 -2
4617 4717 2
4617 4618 -2
4618 4718 2
4618 4619 2
4619 4719 -2
4619 4620 -2
4620 4720 -2
4620 4621 -2
4621 4721 2
4621 4622 -2
4622 4722 -2
4622 4623 -2
4623 4723 2
4623 4624 -2
4624 4724 -2
4624 4625 2
4625 4725 2
4625 4626 2
4626 4726 -2
4626 4627 2
4627 4727 2
4627 4628 2
4628 4728 2
4628 4629 -2
4629 4729 -2
4629 4630 2
4630 4730 -2
4630 4631 2
4631 4731 -2
4631 4632 2
4632 4732 -2
4632 4633 -2
4633 4733 2
4633 4634 2
4634 4734 -2
4634 4635 -2
4635 4735 -2
4635 4636 2
4636 4736 -2
4636 4637 -2
4637 4737 2
4637 4638 2
4638 4738 2
4638 4639 -2
4639 4739 -2
4639 4640 -2
4640 4740 2
4640 4641 -2
4641 4741 2
4641 4642 -2
4642 4742 -2
4642 4643 -2
4643 4743 -2
4643 4644 -2
4644 4744 -2
4644 4645 -2
4645 4745 2
4645 4646 2
4646 4746 -2
4646 4647 -2
4647 4747 2
4647 4648 -2
4648 4748 -2
4648 4649 2
4649 4749 -2
4649 4650 -2
4650 4750 -2
4650 4651 -2
4651 4751 2
4651 4652 -2
4652 4752 2
4652 4653 2
4653 4753 -2
4653 4654 2
4654 4754 2
4654 4655 2
4655 4755 2
4655 4656 2
4656 4756 2
4656 4657 -2
4657 4757 2
4657 4658 2
4658 4758 -2
4658 4659 2
4659 4759 -2
4659 4660 -2
4660 4760 -2
4660 4661 2
4661 4761 -2
4661 4662 2
4662 4762 -2
4662 4663 -2
4663 4763 2
4663 4664 -2
4664 4764 -2
4664 4665 -2
4665 4765 2
4665 4666 2
4666 4766 -2
4666 4667 -2
4667 4767 -2
4667 4668 -2
4668 4768 2
4668 4669 -2
4669 4769 -2
4669 4670 2
4670 4770 2
4670 4671 2
4671 4771 2
4671 4672 -2
4672 4772 -2
4672 4673 -2
4673 4773 2
4673 4674 2
4674 4774 -2
4674 4675 -2
4675 4775 -2
4675 4676 -2
4676 4776 -2
4676 4677 2
4677 4777 -2
4677 4678 -2
4678 4778 -2
4678 4679 -2
4679 4779 -2
4679 4680 -2
4680 4780 -2
4680 4681 -2
4681 4781 -2
4681 4682 2
4682 4782 -2
4682 4683 2
4683 4783 -2
4683 4684 2
4684 4784 -2
4684 4685 -2
4685 4785 2
4685 4686 -2
4686 4786 2
4686 4687 -2
4687 4787 2
4687 4688 -2
4688 4788 -2
4688 4689 -2
4689 4789 -2
4689 4690 2
4690 4790 -2
4690 4691 2
4691 4791 -2
4691 4692 2
4692 4792 2
4692 4693 -2
4693 4793 2
4693 4694 -2
4694 4794 2
4694 4695 -2
4695 4795 2
4695 4696 -2
4696 4796 -2
4696 4697 2
4697 4797 -2
4697 4698 -2
4698 4798 -2
4698 4699 -2
4699 4799 2
4700 4800 -2
4700 4799 2
4700 4701 -2
4701 4801 2
4701 4702 2
4702 4802 -2
4702 4703 -2
4703 4803 -2
4703 4704 2
4704 4804 2
4704 4705 2
4705 4805 -2
4705 4706 -2
4706 4806 2
4706 4707 -2
4707 4807 -2
4707 4708 -2
4708 4808 2
4708 4709 -2
4709 4809 2
4709 4710 2
4710 4810 2
4710 4711 2
4711 4811 2
4711 4712 -2
4712 4812 2
4712 4713 -2
4713 4813 -2
4713 4714 -2
4714 4814 -2
4714 4715 2
4715 4815 -2
4715 4716 2
4716 4816 2
4716 4717 2
4717 4817 2
4717 4718 -2
4718 4818 -2
4718 4719 -2
4719 4819 -2
4719 4720 -2
4720 4820 2
4720 4721 -2
4721 4821 -2
4721 4722 2
4722 4822 -2
4722 4723 2
4723 4823 -2
4723 4724 -2
4724 4824 2
4724 4725 2
4725 4825 -2
4725 4726 2
4726 4826 -2
4726 4727 -2
4727 4827 -2
4727 4728 2
4728 4828 2
4728 4729 2
4729 4829 -2
4729 4730 -2
4730 4830 2
4730 4731 -2
4731 4831 2
4731 4732 2
4732 4832 2
4732 4733 2
4733 4833 -2
4733 4734 -2
4734 4834 -2
4734 4735 -2
4735 4835 -2
4735 4736 -2
4736 4836 -2
4736 4737 2
4737 4837 -2
4737 4738 2
4738 4838 -2
4738 4739 2
4739 4839 2
4739 4740 -2
4740 4840 -2
4740 4741 2
4741 4841 -2
4741 4742 2
4742 4842 -2
4742 4743 -2
4743 4843 2
4743 4744 -2
4744 4844 -2
4744 4745 2
4745 4845 -2
4745 4746 -2
4746 4846 -2
4746 4747 -2
4747 4847 -2
4747 4748 2
4748 4848 -2
4748 4749 -2
4749 4849 2
4749 4750 -2
4750 4850 2
4750 4751 -2
4751 4851 2
4751 4752 2
4752 4852 -2
4752 4753 2
4753 4853 -2
4753 4754 2
4754 4854 2
4754 4755 -2
4755 4855 -2
4755 4756 2
4756 4856 2
4756 4757 -2
4757 4857 -2
4757 4758 -2
4758 4858 -2
4758 4759 -2
4759 4859 -2
4759 4760 -2
4760 4860 -2
4760 4761 -2
4761 4861 -2
4761 4762 -2
4762 4862 2
4762 4763 -2
4763 4863 2
4763 4764 2
4764 4864 2
4764 4765 2
4765 4865 2
4765 4766 2
4766 4866 2
4766 4767 -2
4767 4867 2
4767 4768 2
4768 4868 -2
4768 4769 2
4769 4869 -2
4769 4770 -2
4770 4870 2
4770 4771 2
4771 4871 2
4771 4772 -2
4772 4872 2
4772 4773 2
4773 4873 -2
4773 4774 -2
4774 4874 2
4774 4775 -2
4775 4875 2
4775 4776 2
4776 4876 -2
4776 4777 2
4777 4877 -2
4777 4778 2
4778 4878 -2
4778 4779 2
4779 4879 2
4779 4780 2
4780 4880 2
4780 4781 2
4781 4881 2
4781 4782 -2
4782 4882 2
4782 4783 -2
4783 4883 2
4783 4784 -2
4784 4884 -2
4784 4785 2
4785 4885 -2
4785 4786 -2
4786 4886 2
4786 4787 -2
4787 4887 -2
4787 4788 2
4788 4888 -2
4788 4789 -2
4789 4889 2
4789 4790 -2
4790 4890 2
4790 4791 -2
4791 4891 -2
4791 4792 -2
4792 4892 -2
4792 4793 2
4793 4893 2
4793 4794 2
4794 4894 -2
4794 4795 2
4795 4895 2
4795 4796 -2
4796 4896 2
4796 4797 -2
4797 4897 2
4797 4798 -2
4798 4898 -2
4798 4799 2
4799 4899 -2
4800 4900 -2
4800 4899 -2
4800 4801 -2
4801 4901 2
4801 4802 2
4802 4902 2
4802 4803 2
4803 4903 2
4803 4804 2
4804 4904 2
4804 4805 -2
4805 4905 -2
4805 4806 -2
4806 4906 -2
4806 4807 -2
4807 4907 -2
4807 4808 -2
4808 4908 -2
4808 4809 -2
4809 4909 2
4809 4810 2
4810 4910 2
4810 4811 -2
4811 4911 -2
4811 4812 2
4812 4912 2
4812 4813 -2
4813 4913 2
4813 4814 -2
4814 4914 2
4814 4815 -2
4815 4915 -2
4815 4816 2
4816 4916 -2
4816 4817 2
4817 4917 2
4817 4818 -2
4818 4918 2
4818 4819 2
4819 4919 -2
4819 4820 2
4820 4920 -2
4820 4821 2
4821 4921 -2
4821 4822 -2
4822 4922 2
4822 4823 2
4823 4923 -2
4823 4824 -2
4824 4924 2
4824 4825 2
4825 4925 2
4825 4826 -2
4826 4926 -2
4826 4827 -2
4827 4927 -2
4827 4828 2
4828 4928 2
4828 4829 -2
4829 4929 2
4829 4830 2
4830 4930 2
4830 4831 2
4831 4931 -2
4831 4832 2
4832 4932 2
4832 4833 -2
4833 4933 2
4833 4834 -2
4834 4934 -2
4834 4835 -2
4835 4935 -2
4835 4836 2
4836 4936 2
4836 4837 -2
4837 4937 2
4837 4838 -2
4838 4938 2
4838 4839 -2
4839 4939 -2
4839 4840 2
4840 4940 2
4840 4841 2
4841 4941 -2
4841 4842 -2
4842 4942 -2
4842 4843 -2
4843 4943 2
4843 4844 -2
4844 4944 2
4844 4845 -2
4845 4945 2
4845 4846 -2
4846 4946 -2
4846 4847 -2
4847 4947 2
4847 4848 -2
4848 4948 -2
4848 4849 2
4849 4949 2
4849 4850 -2
4850 4950 2
4850 4851 2
4851 4951 2
4851 4852 2
4852 4952 2
4852 4853 -2
4853 4953 2
4853 4854 -2
4854 4954 -2
4854 4855 -2
4855 4955 2
4855 4856 2
4856 4956 -2
4856 4857 2
4857 4957 2
4857 4858 2
4858 4958 2
4858 4859 -2
4859 4959 -2
4859 4860 -2
4860 4960 2
4860 4861 2
4861 4961 2
4861 4862 2
4862 4962 -2
4862 4863 2
4863 4963 2
4863 4864 -2
4864 4964 -2
4864 4865 2
4865 4965 2
4865 4866 -2
4866 4966 -2
4866 4867 -2
4867 4967 -2
4867 4868 -2
4868 4968 -2
4868 4869 -2
4869 4969 -2
4869 4870 -2
4870 4970 -2
4870 4871 -2
4871 4971 2
4871 4872 2
4872 4972 -2
4872 4873 -2
4873 4973 2
4873 4874 2
4874 4974 2
4874 4875 2
4875 4975 2
4875 4876 2
4876 4976 2
4876 4877 -2
4877 4977 2
4877 4878 2
4878 4978 2
4878 4879 -2
4879 4979 2
4879 4880 -2
4880 4980 -2
4880 4881 -2
4881 4981 2
4881 4882 2
4882 4982 2
4882 4883 -2
4883 4983 -2
4883 4884 -2
4884 4984 -2
4884 4885 2
4885 4985 2
4885 4886 2
4886 4986 2
4886 4887 -2
4887 4987 2
4887 4888 2
4888 4988 -2
4888 4889 2
4889 4989 2
4889 4890 -2
4890 4990 -2
4890 4891 2
4891 4991 -2
4891 4892 2
4892 4992 -2
4892 4893 2
4893 4993 2
4893 4894 2
4894 4994 2
4894 4895 2
4895 4995 2
4895 4896 -2
4896 4996 2
4896 4897 -2
4897 4997 -2
4897 4898 -2
4898 4998 2
4898 4899 -2
4899 4999 2
4900 5000 2
4900 4999 -2
4900 4901 2
4901 5001 2
4901 4902 2
4902 5002 2
4902 4903 2
4903 5003 -2
4903 4904 2
4904 5004 -2
4904 4905 2
4905 5005 -2
4905 4906 -2
4906 5006 -2
4906 4907 -2
4907 5007 -2
4907 4908 -2
4908 5008 -2
4908 4909 2
4909 5009 2
4909 4910 -2
4910 5010 -2
4910 4911 2
4911 5011 -2
4911 4912 2
4912 5012 -2
4912 4913 -2
4913 5013 -2
4913 4914 -2
4914 5014 -2
4914 4915 -2
4915 5015 2
4915 4916 -2
4916 5016 -2
4916 4917 -2
4917 5017 2
4917 4918 2
4918 5018 -2
4918 4919 2
4919 5019 -2
4919 4920 -2
4920 5020 -2
4920 4921 -2
4921 5021 -2
4921 4922 2
4922 5022 -2
4922 4923 2
4923 5023 -2
4923 4924 2
4924 5024 2
4924 4925 2
4925 5025 2
4925 4926 2
4926 5026 -2
4926 4927 2
4927 5027 2
4927 4928 -2
4928 5028 2
4928 4929 -2
4929 5029 -2
4929 4930 -2
4930 5030 -2
4930 4931 -2
4931 5031 2
4931 4932 2
4932 5032 -2
4932 4933 -2
4933 5033 -2
4933 4934 2
4934 5034 2
4934 4935 2
4935 5035 -2
4935 4936 2
4936 5036 2
4936 4937 2
4937 5037 2
4937 4938 -2
4938 5038 -2
4938 4939 -2
4939 5039 -2
4939 4940 -2
4940 5040 -2
4940 4941 2
4941 5041 2
4941 4942 2
4942 5042 2
4942 4943 -2
4943 5043 -2
4943 4944 2
4944 5044 2
4944 4945 -2
4945 5045 -2
4945 4946 2
4946 5046 2
4946 4947 2
4947 5047 -2
4947 4948 2
4948 5048 -2
4948 4949 -2
4949 5049 2
4949 4950 -2
4950 5050 2
4950 4951 -2
4951 5051 2
4951 4952 -2
4952 5052 -2
4952 4953 2
4953 5053 2
4953 4954 2
4954 5054 2
4954 4955 2
4955 5055 2
4955 4956 -2
4956 5056 2
4956 4957 -2
4957 5057 -2
4957 4958 -2
4958 5058 2
4958 4959 2
4959 5059 2
4959 4960 2
4960 5060 -2
4960 4961 -2
4961 5061 -2
4961 4962 -2
4962 5062 2
4962 4963 2
4963 5063 -2
4963 4964 2
4964 5064 2
4964 4965 2
4965 5065 2
4965 4966 -2
4966 5066 -2
4966 4967 -2
4967 5067 2
4967 4968 2
4968 5068 2
4968 4969 -2
4969 5069 -2
4969 4970 -2
4970 5070 2
4970 4971 -2
4971 5071 -2
4971 4972 2
4972 5072 -2
4972 4973 -2
4973 5073 2
4973 4974 2
4974 5074 -2
4974 4975 2
4975 5075 2
4975 4976 -2
4976 5076 -2
4976 4977 -2
4977 5077 2
4977 4978 -2
4978 5078 -2
4978 4979 -2
4979 5079 2
4979 4980 2
4980 5080 -2
4980 4981 2
4981 5081 2
4981 4982 -2
4982 5082 2
4982 4983 -2
4983 5083 2
4983 4984 2
4984 5084 -2
4984 4985 2
4985 5085 2
4985 4986 2
4986 5086 -2
4986 4987 2
4987 5087 2
4987 4988 -2
4988 5088 -2
4988 4989 2
4989 5089 -2
4989 4990 -2
4990 5090 2
4990 4991 -2
4991 5091 2
4991 4992 2
4992 5092 2
4992 4993 -2
4993 5093 2
4993 4994 2
4994 5094 -2
4994 4995 2
4995 5095 2
4995 4996 -2
4996 5096 -2
4996 4997 2
4997 5097 2
4997 4998 -2
4998 5098 2
4998 4999 -2
4999 5099 -2
5000 5100 -2
5000 5099 -2
5000 5001 2
5001 5101 -2
5001 5002 2
5002 5102 -2
5002 5003 -2
5003 5103 -2
5003 5004 -2
5004 5104 -2
5004 5005 2
5005 5105 2
5005 5006 2
5006 5106 -2
5006 5007 -2
5007 5107 -2
5007 5008 2
5008 5108 -2
5008 5009 2
5009 5109 2
5009 5010 2
5010 5110 -2
5010 5011 2
5011 5111 2
5011 5012 -2
5012 5112 -2
5012 5013 -2
5013 5113 -2
5013 5014 2
5014 5114 -2
5014 5015 -2
5015 5115 -2
5015 5016 2
5016 5116 2
5016 5017 2
5017 5117 2
5017 5018 -2
5018 5118 2
5018 5019 2
5019 5119 2
5019 5020 -2
5020 5120 2
5020 5021 -2
5021 5121 2
5021 5022 -2
5022 5122 -2
5022 5023 -2
5023 5123 -2
5023 5024 -2
5024 5124 2
5024 5025 2
5025 5125 2
5025 5026 2
5026 5126 2
5026 5027 2
5027 5127 -2
5027 5028 2
5028 5128 -2
5028 5029 2
5029 5129 2
5029 5030 2
5030 5130 2
5030 5031 -2
5031 5131 -2
5031 5032 2
5032 5132 2
5032 5033 2
5033 5133 -2
5033 5034 -2
5034 5134 2
5034 5035 2
5035 5135 -2
5035 5036 -2
5036 5136 -2
5036 5037 -2
5037 5137 -2
5037 5038 -2
5038 5138 2
5038 5039 2
5039 5139 2
5039 5040 2
5040 5140 -2
5040 5041 -2
5041 5141 -2
5041 5042 -2
5042 5142 -2
5042 5043 -2
5043 5143 -2
5043 5044 2
5044 5144 -2
5044 5045 2
5045 5145 2
5045 5046 -2
5046 5146 2
5046 5047 -2
5047 5147 -2
5047 5048 2
5048 5148 -2
5048 5049 2
5049 5149 2
5049 5050 -2
5050 5150 -2
5050 5051 -2
5051 5151 2
5051 5052 2
5052 5152 -2
5052 5053 -2
5053 5153 2
5053 5054 -2
5054 5154 -2
5054 5055 -2
5055 5155 2
5055 5056 -2
5056 5156 2
5056 5057 -2
5057 5157 2
5057 5058 2
5058 5158 -2
5058 5059 2
5059 5159 -2
5059 5060 -2
5060 5160 -2
5060 5061 -2
5061 5161 2
5061 5062 -2
5062 5162 -2
5062 5063 -2
5063 5163 2
5063 5064 -2
5064 5164 -2
5064 5065 -2
5065 5165 2
5065 5066 2
5066 5166 2
5066 5067 -2
5067 5167 -2
5067 5068 -2
5068 5168 -2
5068 5069 2
5069 5169 2
5069 5070 2
5070 5170 2
5070 5071 -2
5071 5171 2
5071 5072 2
5072 5172 2
5072 5073 -2
5073 5173 2
5073 5074 2
5074 5174 2
5074 5075 2
5075 5175 2
5075 5076 2
5076 5176 -2
5076 5077 -2
5077 5177 2
5077 5078 -2
5078 5178 -2
5078 5079 2
5079 5179 2
5079 5080 -2
5080 5180 -2
5080 5081 2
5081 5181 2
5081 5082 2
5082 5182 2
5082 5083 -2
5083 5183 -2
5083 5084 2
5084 5184 -2
5084 5085 2
5085 5185 2
5085 5086 -2
5086 5186 2
5086 5087 2
5087 5187 -2
5087 5088 2
5088 5188 2
5088 5089 2
5089 5189 2
5089 5090 -2
5090 5190 -2
5090 5091 -2
5091 5191 -2
5091 5092 2
5092 5192 -2
5092 5093 -2
5093 5193 -2
5093 5094 -2
5094 5194 -2
5094 5095 -2
5095 5195 -2
5095 5096 -2
5096 5196 2
5096 5097 2
5097 5197 2
5097 5098 -2
5098 5198 -2
5098 5099 2
5099 5199 -2
5100 5200 -2
5100 5199 -2
5100 5101 2
5101 5201 -2
5101 5102 -2
5102 5202 2
5102 5103 -2
5103 5203 2
5103 5104 2
5104 5204 -2
5104 5105 2
5105 5205 2
5105 5106 2
5106 5206 -2
5106 5107 -2
5107 5207 -2
5107 5108 -2
5108 5208 -2
5108 5109 -2
5109 5209 -2
5109 5110 2
5110 5210 -2
5110 5111 -2
5111 5211 2
5111 5112 2
5112 5212 -2
5112 5113 -2
5113 5213 2
5113 5114 2
5114 5214 -2
5114 5115 2
5115 5215 -2
5115 5116 2
5116 5216 -2
5116 5117 -2
5117 5217 2
5117 5118 2
5118 5218 2
5118 5119 2
5119 5219 2
5119 5120 2
5120 5220 2
5120 5121 -2
5121 5221 2
5121 5122 2
5122 5222 -2
5122 5123 2
5123 5223 -2
5123 5124 2
5124 5224 2
5124 5125 2
5125 5225 2
5125 5126 -2
5126 5226 2
5126 5127 2
5127 5227 -2
5127 5128 2
5128 5228 -2
5128 5129 2
5129 5229 2
5129 5130 -2
5130 5230 2
5130 5131 2
5131 5231 -2
5131 5132 2
5132 5232 2
5132 5133 -2
5133 5233 2
5133 5134 2
5134 5234 -2
5134 5135 2
5135 5235 -2
5135 5136 -2
5136 5236 -2
5136 5137 -2
5137 5237 2
5137 5138 -2
5138 5238 -2
5138 5139 2
5139 5239 -2
5139 5140 2
5140 5240 2
5140 5141 2
5141 5241 2
5141 5142 2
5142 5242 2
5142 5143 -2
5143 5243 2
5143 5144 2
5144 5244 -2
5144 5145 2
5145 5245 -2
5145 5146 2
5146 5246 -2
5146 5147 2
5147 5247 2
5147 5148 2
5148 5248 -2
5148 5149 -2
5149 5249 -2
5149 5150 2
5150 5250 2
5150 5151 2
5151 5251 -2
5151 5152 2
5152 5252 -2
5152 5153 2
5153 5253 -2
5153 5154 -2
5154 5254 -2
5154 5155 2
5155 5255 2
5155 5156 -2
5156 5256 2
5156 5157 -2
5157 5257 -2
5157 5158 2
5158 5258 2
5158 5159 -2
5159 5259 -2
5159 5160 -2
5160 5260 -2
5160 5161 2
5161 5261 2
5161 5162 2
5162 5262 -2
5162 5163 2
5163 5263 2
5163 5164 -2
5164 5264 2
5164 5165 -2
5165 5265 -2
5165 5166 2
5166 5266 2
5166 5167 2
5167 5267 -2
5167 5168 -2
5168 5268 -2
5168 5169 2
5169 5269 -2
5169 5170 -2
5170 5270 -2
5170 5171 -2
5171 5271 2
5171 5172 2
5172 5272 -2
5172 5173 -2
5173 5273 -2
5173 5174 2
5174 5274 -2
5174 5175 -2
5175 5275 2
5175 5176 -2
5176 5276 2
5176 5177 -2
5177 5277 -2
5177 5178 -2
5178 5278 2
5178 5179 -2
5179 5279 2
5179 5180 2
5180 5280 2
5180 5181 2
5181 5281 -2
5181 5182 -2
5182 5282 -2
5182 5183 -2
5183 5283 -2
5183 5184 -2
5184 5284 2
5184 5185 -2
5185 5285 2
5185 5186 -2
5186 5286 2
5186 5187 2
5187 5287 -2
5187 5188 -2
5188 5288 2
5188 5189 -2
5189 5289 2
5189 5190 2
5190 5290 -2
5190 5191 -2
5191 5291 -2
5191 5192 2
5192 5292 -2
5192 5193 2
5193 5293 -2
5193 5194 -2
5194 5294 2
5194 5195 2
5195 5295 -2
5195 5196 2
5196 5296 2
5196 5197 -2
5197 5297 -2
5197 5198 2
5198 5298 2
5198 5199 2
5199 5299 -2
5200 5300 -2
5200 5299 -2
5200 5201 2
5201 5301 -2
5201 5202 -2
5202 5302 -2
5202 5203 2
5203 5303 2
5203 5204 -2
5204 5304 -2
5204 5205 2
5205 5305 2
5205 5206 2
5206 5306 2
5206 5207 2
5207 5307 2
5207 5208 2
5208 5308 -2
5208 5209 -2
5209 5309 2
5209 5210 2
5210 5310 -2
5210 5211 2
5211 5311 -2
5211 5212 2
5212 5312 -2
5212 5213 2
5213 5313 2
5213 5214 -2
5214 5314 -2
5214 5215 -2
5215 5315 2
5215 5216 2
5216 5316 -2
5216 5217 2
5217 5317 2
5217 5218 -2
5218 5318 2
5218 5219 -2
5219 5319 -2
5219 5220 -2
5220 5320 2
5220 5221 -2
5221 5321 2
5221 5222 2
5222 5322 -2
5222 5223 2
5223 5323 -2
5223 5224 -2
5224 5324 -2
5224 5225 -2
5225 5325 2
5225 5226 2
5226 5326 2
5226 5227 -2
5227 5327 2
5227 5228 -2
5228 5328 -2
5228 5229 -2
5229 5329 2
5229 5230 -2
5230 5330 2
5230 5231 -2
5231 5331 2
5231 5232 2
5232 5332 2
5232 5233 -2
5233 5333 2
5233 5234 2
5234 5334 -2
5234 5235 2
5235 5335 2
5235 5236 -2
5236 5336 2
5236 5237 2
5237 5337 2
5237 5238 2
5238 5338 2
5238 5239 2
5239 5339 2
5239 5240 -2
5240 5340 -2
5240 5241 2
5241 5341 2
5241 5242 -2
5242 5342 -2
5242 5243 2
5243 5343 2
5243 5244 2
5244 5344 -2
5244 5245 2
5245 5345 -2
5245 5246 -2
5246 5346 2
5246 5247 -2
5247 5347 -2
5247 5248 -2
5248 5348 2
5248 5249 -2
5249 5349 -2
5249 5250 2
5250 5350 -2
5250 5251 2
5251 5351 -2
5251 5252 -2
5252 5352 2
5252 5253 -2
5253 5353 2
5253 5254 -2
5254 5354 -2
5254 5255 -2
5255 5355 -2
5255 5256 2
5256 5356 2
5256 5257 -2
5257 5357 2
5257 5258 -2
5258 5358 -2
5258 5259 -2
5259 5359 2
5259 5260 2
5260 5360 -2
5260 5261 2
5261 5361 -2
5261 5262 2
5262 5362 -2
5262 5263 -2
5263 5363 2
5263 5264 -2
5264 5364 -2
5264 5265 -2
5265 5365 -2
5265 5266 -2
5266 5366 2
5266 5267 2
5267 5367 2
5267 5268 -2
5268 5368 -2
5268 5269 2
5269 5369 2
5269 5270 2
5270 5370 -2
5270 5271 2
5271 5371 -2
5271 5272 -2
5272 5372 -2
5272 5273 -2
5273 5373 2
5273 5274 2
5274 5374 2
5274 5275 2
5275 5375 2
5275 5276 2
5276 5376 2
5276 5277 2
5277 5377 2
5277 5278 2
5278 5378 -2
5278 5279 -2
5279 5379 2
5279 5280 -2
5280 5380 2
5280 5281 -2
5281 5381 2
5281 5282 2
5282 5382 2
5282 5283 -2
5283 5383 2
5283 5284 -2
5284 5384 2
5284 5285 2
5285 5385 2
5285 5286 -2
5286 5386 -2
5286 5287 -2
5287 5387 2
5287 5288 -2
5288 5388 -2
5288 5289 2
5289 5389 -2
5289 5290 2
5290 5390 -2
5290 5291 2
5291 5391 2
5291 5292 -2
5292 5392 2
5292 5293 -2
5293 5393 2
5293 5294 2
5294 5394 -2
5294 5295 -2
5295 5395 -2
5295 5296 2
5296 5396 2
5296 5297 -2
5297 5397 2
5297 5298 -2
5298 5398 -2
5298 5299 2
5299 5399 -2
5300 5400 -2
5300 5399 2
5300 5301 2
5301 5401 2
5301 5302 2
5302 5402 -2
5302 5303 -2
5303 5403 2
5303 5304 -2
5304 5404 2
5304 5305 -2
5305 5405 2
5305 5306 -2
5306 5406 2
5306 5307 2
5307 5407 -2
5307 5308 2
5308 5408 -2
5308 5309 2
5309 5409 -2
5309 5310 -2
5310 5410 2
5310 5311 2
5311 5411 -2
5311 5312 -2
5312 5412 2
5312 5313 2
5313 5413 -2
5313 5314 2
5314 5414 -2
5314 5315 -2
5315 5415 2
5315 5316 -2
5316 5416 2
5316 5317 2
5317 5417 -2
5317 5318 -2
5318 5418 -2
5318 5319 -2
5319 5419 -2
5319 5320 2
5320 5420 -2
5320 5321 2
5321 5421 2
5321 5322 -2
5322 5422 -2
5322 5323 -2
5323 5423 2
5323 5324 2
5324 5424 -2
5324 5325 -2
5325 5425 -2
5325 5326 2
5326 5426 -2
5326 5327 2
5327 5427 2
5327 5328 -2
5328 5428 -2
5328 5329 2
5329 5429 2
5329 5330 -2
5330 5430 2
5330 5331 2
5331 5431 -2
5331 5332 -2
5332 5432 -2
5332 5333 -2
5333 5433 -2
5333 5334 -2
5334 5434 -2
5334 5335 -2
5335 5435 -2
5335 5336 -2
5336 5436 -2
5336 5337 2
5337 5437 -2
5337 5338 2
5338 5438 2
5338 5339 2
5339 5439 2
5339 5340 -2
5340 5440 2
5340 5341 -2
5341 5441 2
5341 5342 2
5342 5442 2
5342 5343 -2
5343 5443 2
5343 5344 -2
5344 5444 -2
5344 5345 -2
5345 5445 -2
5345 5346 2
5346 5446 -2
5346 5347 -2
5347 5447 -2
5347 5348 2
5348 5448 2
5348 5349 2
5349 5449 -2
5349 5350 -2
5350 5450 -2
5350 5351 -2
5351 5451 2
5351 5352 2
5352 5452 -2
5352 5353 -2
5353 5453 -2
5353 5354 2
5354 5454 2
5354 5355 2
5355 5455 2
5355 5356 2
5356 5456 2
5356 5357 -2
5357 5457 -2
5357 5358 2
5358 5458 -2
5358 5359 -2
5359 5459 2
5359 5360 2
5360 5460 -2
5360 5361 -2
5361 5461 -2
5361 5362 -2
5362 5462 -2
5362 5363 2
5363 5463 -2
5363 5364 2
5364 5464 -2
5364 5365 -2
5365 5465 2
5365 5366 2
5366 5466 -2
5366 5367 2
5367 5467 2
5367 5368 -2
5368 5468 -2
5368 5369 -2
5369 5469 2
5369 5370 -2
5370 5470 -2
5370 5371 -2
5371 5471 -2
5371 5372 2
5372 5472 2
5372 5373 2
5373 5473 2
5373 5374 -2
5374 5474 2
5374 5375 2
5375 5475 -2
5375 5376 2
5376 5476 2
5376 5377 2
5377 5477 -2
5377 5378 -2
5378 5478 2
5378 5379 -2
5379 5479 2
5379 5380 2
5380 5480 -2
5380 5381 2
5381 5481 -2
5381 5382 2
5382 5482 -2
5382 5383 2
5383 5483 -2
5383 5384 2
5384 5484 2
5384 5385 2
5385 5485 -2
5385 5386 -2
5386 5486 2
5386 5387 2
5387 5487 2
5387 5388 -2
5388 5488 -2
5388 5389 2
5389 5489 -2
5389 5390 -2
5390 5490 2
5390 5391 2
5391 5491 -2
5391 5392 2
5392 5492 -2
5392 5393 2
5393 5493 2
5393 5394 -2
5394 5494 -2
5394 5395 2
5395 5495 2
5395 5396 2
5396 5496 -2
5396 5397 -2
5397 5497 -2
5397 5398 2
5398 5498 -2
5398 5399 -2
5399 5499 -2
5400 5500 -2
5400 5499 2
5400 5401 2
5401 5501 -2
5401 5402 -2
5402 5502 -2
5402 5403 -2
5403 5503 -2
5403 5404 -2
5404 5504 2
5404 5405 -2
5405 5505 2
5405 5406 2
5406 5506 2
5406 5407 -2
5407 5507 2
5407 5408 2
5408 5508 -2
5408 5409 2
5409 5509 -2
5409 5410 2
5410 5510 -2
5410 5411 -2
5411 5511 2
5411 5412 2
5412 5512 -2
5412 5413 -2
5413 5513 -2
5413 5414 2
5414 5514 2
5414 5415 -2
5415 5515 2
5415 5416 2
5416 5516 -2
5416 5417 -2
5417 5517 2
5417 5418 -2
5418 5518 2
5418 5419 2
5419 5519 -2
5419 5420 2
5420 5520 2
5420 5421 2
5421 5521 2
5421 5422 -2
5422 5522 -2
5422 5423 -2
5423 5523 -2
5423 5424 2
5424 5524 2
5424 5425 -2
5425 5525 -2
5425 5426 2
5426 5526 2
5426 5427 -2
5427 5527 2
5427 5428 2
5428 5528 2
5428 5429 2
5429 5529 2
5429 5430 2
5430 5530 -2
5430 5431 2
5431 5531 -2
5431 5432 -2
5432 5532 -2
5432 5433 -2
5433 5533 2
5433 5434 -2
5434 5534 2
5434 5435 2
5435 5535 2
5435 5436 2
5436 5536 2
5436 5437 -2
5437 5537 2
5437 5438 2
5438 5538 2
5438 5439 -2
5439 5539 2
5439 5440 -2
5440 5540 -2
5440 5441 2
5441 5541 2
5441 5442 2
5442 5542 -2
5442 5443 2
5443 5543 -2
5443 5444 2
5444 5544 -2
5444 5445 2
5445 5545 -2
5445 5446 2
5446 5546 2
5446 5447 -2
5447 5547 -2
5447 5448 2
5448 5548 -2
5448 5449 -2
5449 5549 2
5449 5450 2
5450 5550 2
5450 5451 2
5451 5551 2
5451 5452 -2
5452 5552 2
5452 5453 2
5453 5553 -2
5453 5454 -2
5454 5554 -2
5454 5455 2
5455 5555 -2
5455 5456 2
5456 5556 -2
5456 5457 2
5457 5557 2
5457 5458 -2
5458 5558 2
5458 5459 2
5459 5559 -2
5459 5460 2
5460 5560 -2
5460 5461 -2
5461 5561 2
5461 5462 2
5462 5562 2
5462 5463 2
5463 5563 -2
5463 5464 2
5464 5564 2
5464 5465 2
5465 5565 2
5465 5466 2
5466 5566 -2
5466 5467 -2
5467 5567 2
5467 5468 -2
5468 5568 2
5468 5469 -2
5469 5569 -2
5469 5470 -2
5470 5570 -2
5470 5471 2
5471 5571 -2
5471 5472 2
5472 5572 -2
5472 5473 2
5473 5573 2
5473 5474 -2
5474 5574 -2
5474 5475 -2
5475 5575 2
5475 5476 -2
5476 5576 2
5476 5477 2
5477 5577 2
5477 5478 2
5478 5578 -2
5478 5479 2
5479 5579 2
5479 5480 2
5480 5580 2
5480 5481 -2
5481 5581 -2
5481 5482 2
5482 5582 -2
5482 5483 2
5483 5583 -2
5483 5484 -2
5484 5584 2
5484 5485 2
5485 5585 -2
5485 5486 -2
5486 5586 -2
5486 5487 2
5487 5587 -2
5487 5488 2
5488 5588 -2
5488 5489 -2
5489 5589 -2
5489 5490 -2
5490 5590 2
5490 5491 -2
5491 5591 2
5491 5492 -2
5492 5592 -2
5492 5493 -2
5493 5593 -2
5493 5494 2
5494 5594 2
5494 5495 2
5495 5595 2
5495 5496 -2
5496 5596 -2
5496 5497 -2
5497 5597 -2
5497 5498 2
5498 5598 2
5498 5499 2
5499 5599 2
5500 5600 2
5500 5599 -2
5500 5501 2
5501 5601 2
5501 5502 2
5502 5602 -2
5502 5503 -2
5503 5603 -2
5503 5504 2
5504 5604 -2
5504 5505 -2
5505 5605 -2
5505 5506 -2
5506 5606 2
5506 5507 2
5507 5607 -2
5507 5508 -2
5508 5608 2
5508 5509 2
5509 5609 -2
5509 5510 -2
5510 5610 2
5510 5511 -2
5511 5611 2
5511 5512 2
5512 5612 2
5512 5513 2
5513 5613 2
5513 5514 -2
5514 5614 -2
5514 5515 2
5515 5615 2
5515 5516 2
5516 5616 2
5516 5517 2
5517 5617 2
5517 5518 -2
5518 5618 -2
5518 5519 -2
5519 5619 2
5519 5520 2
5520 5620 2
5520 5521 2
5521 5621 2
5521 5522 -2
5522 5622 -2
5522 5523 -2
5523 5623 2
5523 5524 -2
5524 5624 -2
5524 5525 2
5525 5625 2
5525 5526 -2
5526 5626 2
5526 5527 2
5527 5627 -2
5527 5528 2
5528 5628 2
5528 5529 2
5529 5629 2
5529 5530 2
5530 5630 -2
5530 5531 2
5531 5631 2
5531 5532 2
5532 5632 2
5532 5533 -2
5533 5633 2
5533 5534 -2
5534 5634 2
5534 5535 2
5535 5635 2
5535 5536 -2
5536 5636 -2
5536 5537 2
5537 5637 2
5537 5538 -2
5538 5638 -2
5538 5539 -2
5539 5639 -2
5539 5540 -2
5540 5640 -2
5540 5541 -2
5541 5641 2
5541 5542 2
5542 5642 2
5542 5543 -2
5543 5643 2
5543 5544 2
5544 5644 2
5544 5545 -2
5545 5645 2
5545 5546 2
5546 5646 -2
5546 5547 2
5547 5647 2
5547 5548 2
5548 5648 2
5548 5549 2
5549 5649 2
5549 5550 2
5550 5650 -2
5550 5551 2
5551 5651 2
5551 5552 2
5552 5652 2
5552 5553 2
5553 5653 2
5553 5554 2
5554 5654 -2
5554 5555 2
5555 5655 -2
5555 5556 -2
5556 5656 -2
5556 5557 2
5557 5657 2
5557 5558 2
5558 5658 -2
5558 5559 -2
5559 5659 -2
5559 5560 -2
5560 5660 -2
5560 5561 -2
5561 5661 2
5561 5562 2
5562 5662 2
5562 5563 2
5563 5663 -2
5563 5564 2
5564 5664 2
5564 5565 -2
5565 5665 -2
5565 5566 2
5566 5666 -2
5566 5567 2
5567 5667 2
5567 5568 -2
5568 5668 -2
5568 5569 -2
5569 5669 -2
5569 5570 2
5570 5670 2
5570 5571 2
5571 5671 2
5571 5572 2
5572 5672 -2
5572 5573 2
5573 5673 2
5573 5574 -2
5574 5674 -2
5574 5575 -2
5575 5675 -2
5575 5576 2
5576 5676 -2
5576 5577 2
5577 5677 -2
5577 5578 2
5578 5678 -2
5578 5579 2
5579 5679 2
5579 5580 -2
5580 5680 -2
5580 5581 2
5581 5681 2
5581 5582 -2
5582 5682 2
5582 5583 -2
5583 5683 -2
5583 5584 -2
5584 5684 -2
5584 5585 -2
5585 5685 -2
5585 5586 -2
5586 5686 2
5586 5587 2
5587 5687 2
5587 5588 -2
5588 5688 2
5588 5589 2
5589 5689 -2
5589 5590 2
5590 5690 2
5590 5591 -2
5591 5691 -2
5591 5592 2
5592 5692 -2
5592 5593 2
5593 5693 2
5593 5594 2
5594 5694 -2
5594 5595 2
5595 5695 2
5595 5596 -2
5596 5696 2
5596 5597 -2
5597 5697 2
5597 5598 2
5598 5698 -2
5598 5599 2
5599 5699 2
5600 5700 -2
5600 5699 2
5600 5601 -2
5601 5701 2
5601 5602 -2
5602 5702 -2
5602 5603 -2
5603 5703 2
5603 5604 -2
5604 5704 -2
5604 5605 2
5605 5705 -2
5605 5606 2
5606 5706 2
5606 5607 -2
5607 5707 2
5607 5608 -2
5608 5708 2
5608 5609 -2
5609 5709 -2
5609 5610 -2
5610 5710 2
5610 5611 -2
5611 5711 -2
5611 5612 -2
5612 5712 -2
5612 5613 2
5613 5713 2
5613 5614 -2
5614 5714 2
5614 5615 -2
5615 5715 2
5615 5616 -2
5616 5716 2
5616 5617 2
5617 5717 2
5617 5618 -2
5618 5718 2
5618 5619 2
5619 5719 -2
5619 5620 2
5620 5720 -2
5620 5621 -2
5621 5721 2
5621 5622 2
5622 5722 2
5622 5623 2
5623 5723 -2
5623 5624 2
5624 5724 2
5624 5625 -2
5625 5725 2
5625 5626 -2
5626 5726 -2
5626 5627 2
5627 5727 2
5627 5628 2
5628 5728 -2
5628 5629 2
5629 5729 -2
5629 5630 2
5630 5730 2
5630 5631 2
5631 5731 2
5631 5632 2
5632 5732 2
5632 5633 2
5633 5733 -2
5633 5634 2
5634 5734 -2
5634 5635 -2
5635 5735 -2
5635 5636 -2
5636 5736 2
5636 5637 2
5637 5737 -2
5637 5638 -2
5638 5738 2
5638 5639 -2
5639 5739 2
5639 5640 -2
5640 5740 -2
5640 5641 -2
5641 5741 -2
5641 5642 2
5642 5742 2
5642 5643 -2
5643 5743 -2
5643 5644 2
5644 5744 2
5644 5645 2
5645 5745 -2
5645 5646 -2
5646 5746 2
5646 5647 2
5647 5747 2
5647 5648 -2
5648 5748 -2
5648 5649 2
5649 5749 2
5649 5650 -2
5650 5750 2
5650 5651 2
5651 5751 2
5651 5652 -2
5652 5752 -2
5652 5653 -2
5653 5753 2
5653 5654 -2
5654 5754 2
5654 5655 2
5655 5755 -2
5655 5656 -2
5656 5756 -2
5656 5657 -2
5657 5757 -2
5657 5658 2
5658 5758 -2
5658 5659 2
5659 5759 -2
5659 5660 -2
5660 5760 -2
5660 5661 -2
5661 5761 -2
5661 5662 2
5662 5762 -2
5662 5663 2
5663 5763 -2
5663 5664 2
5664 5764 -2
5664 5665 2
5665 5765 2
5665 5666 -2
5666 5766 -2
5666 5667 -2
5667 5767 2
5667 5668 -2
5668 5768 2
5668 5669 -2
5669 5769 -2
5669 5670 2
5670 5770 -2
5670 5671 2
5671 5771 2
5671 5672 -2
5672 5772 -2
5672 5673 2
5673 5773 -2
5673 5674 2
5674 5774 -2
5674 5675 -2
5675 5775 2
5675 5676 2
5676 5776 2
5676 5677 2
5677 5777 -2
5677 5678 -2
5678 5778 2
5678 5679 2
5679 5779 2
5679 5680 2
5680 5780 -2
5680 5681 -2
5681 5781 2
5681 5682 -2
5682 5782 -2
5682 5683 2
5683 5783 -2
5683 5684 2
5684 5784 2
5684 5685 2
5685 5785 -2
5685 5686 -2
5686 5786 2
5686 5687 2
5687 5787 2
5687 5688 2
5688 5788 -2
5688 5689 -2
5689 5789 -2
5689 5690 2
5690 5790 -2
5690 5691 -2
5691 5791 2
5691 5692 2
5692 5792 -2
5692 5693 2
5693 5793 2
5693 5694 2
5694 5794 2
5694 5695 2
5695 5795 -2
5695 5696 2
5696 5796 2
5696 5697 -2
5697 5797 2
5697 5698 -2
5698 5798 -2
5698 5699 -2
5699 5799 -2
5700 5800 -2
5700 5799 -2
5700 5701 2
5701 5801 2
5701 5702 -2
5702 5802 -2
5702 5703 -2
5703 5803 -2
5703 5704 -2
5704 5804 2
5704 5705 2
5705 5805 2
5705 5706 2
5706 5806 -2
5706 5707 2
5707 5807 2
5707 5708 2
5708 5808 2
5708 5709 -2
5709 5809 -2
5709 5710 -2
5710 5810 2
5710 5711 2
5711 5811 -2
5711 5712 -2
5712 5812 2
5712 5713 2
5713 5813 -2
5713 5714 -2
5714 5814 -2
5714 5715 2
5715 5815 2
5715 5716 2
5716 5816 -2
5716 5717 2
5717 5817 2
5717 5718 -2
5718 5818 2
5718 5719 -2
5719 5819 -2
5719 5720 2
5720 5820 2
5720 5721 2
5721 5821 -2
5721 5722 -2
5722 5822 -2
5722 5723 2
5723 5823 2
5723 5724 2
5724 5824 -2
5724 5725 -2
5725 5825 -2
5725 5726 -2
5726 5826 2
5726 5727 -2
5727 5827 -2
5727 5728 2
5728 5828 2
5728 5729 2
5729 5829 -2
5729 5730 -2
5730 5830 2
5730 5731 2
5731 5831 2
5731 5732 -2
5732 5832 2
5732 5733 -2
5733 5833 2
5733 5734 2
5734 5834 2
5734 5735 2
5735 5835 2
5735 5736 2
5736 5836 -2
5736 5737 2
5737 5837 -2
5737 5738 -2
5738 5838 2
5738 5739 -2
5739 5839 -2
5739 5740 2
5740 5840 -2
5740 5741 -2
5741 5841 -2
5741 5742 -2
5742 5842 2
5742 5743 2
5743 5843 2
5743 5744 2
5744 5844 -2
5744 5745 2
5745 5845 -2
5745 5746 2
5746 5846 -2
5746 5747 -2
5747 5847 -2
5747 5748 -2
5748 5848 -2
5748 5749 2
5749 5849 -2
5749 5750 2
5750 5850 -2
5750 5751 -2
5751 5851 -2
5751 5752 -2
5752 5852 2
5752 5753 2
5753 5853 -2
5753 5754 2
5754 5854 2
5754 5755 2
5755 5855 -2
5755 5756 2
5756 5856 2
5756 5757 -2
5757 5857 2
5757 5758 -2
5758 5858 -2
5758 5759 2
5759 5859 -2
5759 5760 -2
5760 5860 2
5760 5761 2
5761 5861 2
5761 5762 -2
5762 5862 -2
5762 5763 2
5763 5863 -2
5763 5764 -2
5764 5864 2
5764 5765 2
5765 5865 -2
5765 5766 -2
5766 5866 2
5766 5767 2
5767 5867 2
5767 5768 -2
5768 5868 -2
5768 5769 -2
5769 5869 2
5769 5770 2
5770 5870 2
5770 5771 -2
5771 5871 -2
5771 5772 2
5772 5872 2
5772 5773 -2
5773 5873 -2
5773 5774 2
5774 5874 2
5774 5775 -2
5775 5875 2
5775 5776 -2
5776 5876 -2
5776 5777 2
5777 5877 -2
5777 5778 2
5778 5878 2
5778 5779 2
5779 5879 2
5779 5780 2
5780 5880 -2
5780 5781 -2
5781 5881 -2
5781 5782 -2
5782 5882 2
5782 5783 2
5783 5883 -2
5783 5784 -2
5784 5884 -2
5784 5785 2
5785 5885 -2
5785 5786 -2
5786 5886 2
5786 5787 2
5787 5887 -2
5787 5788 -2
5788 5888 -2
5788 5789 2
5789 5889 2
5789 5790 -2
5790 5890 2
5790 5791 2
5791 5891 2
5791 5792 -2
5792 5892 2
5792 5793 -2
5793 5893 2
5793 5794 2
5794 5894 -2
5794 5795 2
5795 5895 2
5795 5796 2
5796 5896 -2
5796 5797 -2
5797 5897 -2
5797 5798 -2
5798 5898 -2
5798 5799 2
5799 5899 -2
5800 5900 2
5800 5899 2
5800 5801 -2
5801 5901 2
5801 5802 -2
5802 5902 -2
5802 5803 2
5803 5903 2
5803 5804 2
5804 5904 -2
5804 5805 -2
5805 5905 2
5805 5806 -2
5806 5906 2
5806 5807 2
5807 5907 -2
5807 5808 -2
5808 5908 2
5808 5809 -2
5809 5909 -2
5809 5810 2
5810 5910 2
5810 5811 -2
5811 5911 2
5811 5812 -2
5812 5912 2
5812 5813 -2
5813 5913 2
5813 5814 -2
5814 5914 -2
5814 5815 -2
5815 5915 2
5815 5816 -2
5816 5916 2
5816 5817 -2
5817 5917 2
5817 5818 -2
5818 5918 -2
5818 5819 -2
5819 5919 2
5819 5820 -2
5820 5920 2
5820 5821 -2
5821 5921 -2
5821 5822 -2
5822 5922 -2
5822 5823 -2
5823 5923 2
5823 5824 -2
5824 5924 -2
5824 5825 -2
5825 5925 2
5825 5826 2
5826 5926 2
5826 5827 -2
5827 5927 2
5827 5828 -2
5828 5928 -2
5828 5829 2
5829 5929 2
5829 5830 2
5830 5930 2
5830 5831 2
5831 5931 2
5831 5832 2
5832 5932 2
5832 5833 2
5833 5933 2
5833 5834 -2
5834 5934 2
5834 5835 -2
5835 5935 -2
5835 5836 2
5836 5936 -2
5836 5837 2
5837 5937 2
5837 5838 -2
5838 5938 -2
5838 5839 -2
5839 5939 2
5839 5840 2
5840 5940 -2
5840 5841 2
5841 5941 -2
5841 5842 2
5842 5942 2
5842 5843 -2
5843 5943 2
5843 5844 2
5844 5944 -2
5844 5845 -2
5845 5945 2
5845 5846 2
5846 5946 -2
5846 5847 -2
5847 5947 -2
5847 5848 -2
5848 5948 -2
5848 5849 2
5849 5949 -2
5849 5850 2
5850 5950 -2
5850 5851 2
5851 5951 2
5851 5852 -2
5852 5952 -2
5852 5853 -2
5853 5953 -2
5853 5854 2
5854 5954 2
5854 5855 2
5855 5955 2
5855 5856 -2
5856 5956 -2
5856 5857 2
5857 5957 2
5857 5858 2
5858 5958 -2
5858 5859 2
5859 5959 -2
5859 5860 2
5860 5960 -2
5860 5861 2
5861 5961 -2
5861 5862 2
5862 5962 -2
5862 5863 2
5863 5963 -2
5863 5864 -2
5864 5964 -2
5864 5865 -2
5865 5965 -2
5865 5866 -2
5866 5966 2
5866 5867 2
5867 5967 2
5867 5868 2
5868 5968 -2
5868 5869 -2
5869 5969 -2
5869 5870 -2
5870 5970 -2
5870 5871 2
5871 5971 2
5871 5872 2
5872 5972 2
5872 5873 2
5873 5973 2
5873 5874 -2
5874 5974 -2
5874 5875 2
5875 5975 2
5875 5876 -2
5876 5976 2
5876 5877 2
5877 5977 -2
5877 5878 -2
5878 5978 2
5878 5879 -2
5879 5979 -2
5879 5880 2
5880 5980 2
5880 5881 -2
5881 5981 2
5881 5882 2
5882 5982 -2
5882 5883 -2
5883 5983 -2
5883 5884 2
5884 5984 2
5884 5885 -2
5885 5985 -2
5885 5886 -2
5886 5986 -2
5886 5887 2
5887 5987 2
5887 5888 -2
5888 5988 -2
5888 5889 2
5889 5989 2
5889 5890 2
5890 5990 -2
5890 5891 2
5891 5991 2
5891 5892 -2
5892 5992 2
5892 5893 2
5893 5993 -2
5893 5894 2
5894 5994 2
5894 5895 2
5895 5995 -2
5895 5896 2
5896 5996 -2
5896 5897 2
5897 5997 -2
5897 5898 2
5898 5998 -2
5898 5899 -2
5899 5999 -2
5900 6000 -2
5900 5999 2
5900 5901 2
5901 6001 -2
5901 5902 2
5902 6002 2
5902 5903 2
5903 6003 2
5903 5904 -2
5904 6004 2
5904 5905 2
5905 6005 -2
5905 5906 -2
5906 6006 -2
5906 5907 -2
5907 6007 2
5907 5908 2
5908 6008 -2
5908 5909 2
5909 6009 -2
5909 5910 2
5910 6010 2
5910 5911 2
5911 6011 2
5911 5912 2
5912 6012 -2
5912 5913 -2
5913 6013 -2
5913 5914 2
5914 6014 -2
5914 5915 -2
5915 6015 2
5915 5916 2
5916 6016 -2
5916 5917 -2
5917 6017 2
5917 5918 2
5918 6018 -2
5918 5919 2
5919 6019 -2
5919 5920 2
5920 6020 2
5920 5921 2
5921 6021 2
5921 5922 -2
5922 6022 -2
5922 5923 2
5923 6023 2
5923 5924 2
5924 6024 -2
5924 5925 2
5925 6025 2
5925 5926 -2
5926 6026 2
5926 5927 -2
5927 6027 2
5927 5928 -2
5928 6028 2
5928 5929 2
5929 6029 -2
5929 5930 2
5930 6030 2
5930 5931 -2
5931 6031 -2
5931 5932 -2
5932 6032 -2
5932 5933 2
5933 6033 -2
5933 5934 2
5934 6034 2
5934 5935 2
5935 6035 -2
5935 5936 2
5936 6036 2
5936 5937 2
5937 6037 -2
5937 5938 -2
5938 6038 2
5938 5939 -2
5939 6039 2
5939 5940 2
5940 6040 -2
5940 5941 2
5941 6041 2
5941 5942 -2
5942 6042 -2
5942 5943 2
5943 6043 -2
5943 5944 2
5944 6044 2
5944 5945 -2
5945 6045 2
5945 5946 2
5946 6046 2
5946 5947 -2
5947 6047 2
5947 5948 2
5948 6048 2
5948 5949 -2
5949 6049 2
5949 5950 -2
5950 6050 -2
5950 5951 -2
5951 6051 2
5951 5952 -2
5952 6052 2
5952 5953 2
5953 6053 -2
5953 5954 2
5954 6054 2
5954 5955 2
5955 6055 2
5955 5956 -2
5956 6056 2
5956 5957 2
5957 6057 -2
5957 5958 2
5958 6058 -2
5958 5959 -2
5959 6059 -2
5959 5960 -2
5960 6060 -2
5960 5961 2
5961 6061 2
5961 5962 -2
5962 6062 2
5962 5963 2
5963 6063 -2
5963 5964 -2
5964 6064 -2
5964 5965 -2
5965 6065 -2
5965 5966 -2
5966 6066 2
5966 5967 -2
5967 6067 2
5967 5968 2
5968 6068 -2
5968 5969 2
5969 6069 2
5969 5970 -2
5970 6070 -2
5970 5971 -2
5971 6071 -2
5971 5972 2
5972 6072 -2
5972 5973 2
5973 6073 2
5973 5974 -2
5974 6074 2
5974 5975 2
5975 6075 -2
5975 5976 2
5976 6076 -2
5976 5977 2
5977 6077 2
5977 5978 2
5978 6078 -2
5978 5979 -2
5979 6079 2
5979 5980 2
5980 6080 -2
5980 5981 -2
5981 6081 2
5981 5982 -2
5982 6082 -2
5982 5983 -2
5983 6083 -2
5983 5984 -2
5984 6084 -2
5984 5985 -2
5985 6085 -2
5985 5986 2
5986 6086 2
5986 5987 -2
5987 6087 2
5987 5988 -2
5988 6088 -2
5988 5989 -2
5989 6089 2
5989 5990 2
5990 6090 -2
5990 5991 2
5991 6091 2
5991 5992 -2
5992 6092 2
5992 5993 -2
5993 6093 -2
5993 5994 2
5994 6094 2
5994 5995 2
5995 6095 -2
5995 5996 2
5996 6096 2
5996 5997 -2
5997 6097 2
5997 5998 2
5998 6098 2
5998 5999 -2
5999 6099 -2
6000 6100 2
6000 6099 -2
6000 6001 -2
6001 6101 -2
6001 6002 2
6002 6102 2
6002 6003 -2
6003 6103 2
6003 6004 2
6004 6104 -2
6004 6005 -2
6005 6105 2
6005 6006 2
6006 6106 2
6006 6007 2
6007 6107 2
6007 6008 -2
6008 6108 2
6008 6009 -2
6009 6109 2
6009 6010 2
6010 6110 -2
6010 6011 2
6011 6111 2
6011 6012 2
6012 6112 2
6012 6013 2
6013 6113 -2
6013 6014 -2
6014 6114 -2
6014 6015 -2
6015 6115 -2
6015 6016 2
6016 6116 2
6016 6017 2
6017 6117 -2
6017 6018 2
6018 6118 2
6018 6019 -2
6019 6119 -2
6019 6020 -2
6020 6120 2
6020 6021 2
6021 6121 2
6021 6022 2
6022 6122 -2
6022 6023 2
6023 6123 2
6023 6024 2
6024 6124 2
6024 6025 2
6025 6125 2
6025 6026 2
6026 6126 -2
6026 6027 -2
6027 6127 -2
6027 6028 -2
6028 6128 2
6028 6029 -2
6029 6129 -2
6029 6030 -2
6030 6130 -2
6030 6031 -2
6031 6131 -2
6031 6032 2
6032 6132 2
6032 6033 -2
6033 6133 2
6033 6034 -2
6034 6134 -2
6034 6035 -2
6035 6135 -2
6035 6036 -2
6036 6136 -2
6036 6037 2
6037 6137 2
6037 6038 2
6038 6138 2
6038 6039 -2
6039 6139 2
6039 6040 -2
6040 6140 2
6040 6041 -2
6041 6141 2
6041 6042 2
6042 6142 -2
6042 6043 2
6043 6143 2
6043 6044 2
6044 6144 2
6044 6045 2
6045 6145 -2
6045 6046 2
6046 6146 2
6046 6047 2
6047 6147 -2
6047 6048 2
6048 6148 -2
6048 6049 -2
6049 6149 -2
6049 6050 2
6050 6150 -2
6050 6051 2
6051 6151 -2
6051 6052 2
6052 6152 -2
6052 6053 -2
6053 6153 2
6053 6054 2
6054 6154 2
6054 6055 2
6055 6155 2
6055 6056 2
6056 6156 2
6056 6057 2
6057 6157 2
6057 6058 -2
6058 6158 2
6058 6059 2
6059 6159 2
6059 6060 -2
6060 6160 2
6060 6061 2
6061 6161 2
6061 6062 2
6062 6162 2
6062 6063 2
6063 6163 -2
6063 6064 -2
6064 6164 -2
6064 6065 2
6065 6165 -2
6065 6066 2
6066 6166 2
6066 6067 2
6067 6167 2
6067 6068 -2
6068 6168 2
6068 6069 2
6069 6169 2
6069 6070 -2
6070 6170 2
6070 6071 2
6071 6171 -2
6071 6072 2
6072 6172 2
6072 6073 -2
6073 6173 2
6073 6074 2
6074 6174 2
6074 6075 2
6075 6175 -2
6075 6076 -2
6076 6176 2
6076 6077 -2
6077 6177 2
6077 6078 -2
6078 6178 2
6078 6079 -2
6079 6179 2
6079 6080 2
6080 6180 2
6080 6081 -2
6081 6181 -2
6081 6082 -2
6082 6182 -2
6082 6083 2
6083 6183 -2
6083 6084 -2
6084 6184 -2
6084 6085 2
6085 6185 2
6085 6086 2
6086 6186 2
6086 6087 -2
6087 6187 -2
6087 6088 2
6088 6188 -2
6088 6089 -2
6089 6189 2
6089 6090 2
6090 6190 2
6090 6091 -2
6091 6191 2
6091 6092 -2
6092 6192 -2
6092 6093 -2
6093 6193 -2
6093 6094 2
6094 6194 2
6094 6095 -2
6095 6195 2
6095 6096 2
6096 6196 2
6096 6097 -2
6097 6197 2
6097 6098 -2
6098 6198 -2
6098 6099 2
6099 6199 -2
6100 6200 -2
6100 6199 2
6100 6101 2
6101 6201 -2
6101 6102 -2
6102 6202 -2
6102 6103 -2
6103 6203 2
6103 6104 -2
6104 6204 2
6104 6105 -2
6105 6205 2
6105 6106 -2
6106 6206 -2
6106 6107 2
6107 6207 2
6107 6108 -2
6108 6208 -2
6108 6109 2
6109 6209 -2
6109 6110 2
6110 6210 2
6110 6111 -2
6111 6211 2
6111 6112 2
6112 6212 -2
6112 6113 -2
6113 6213 2
6113 6114 -2
6114 6214 2
6114 6115 -2
6115 6215 2
6115 6116 -2
6116 6216 -2
6116 6117 -2
6117 6217 -2
6117 6118 2
6118 6218 -2
6118 6119 2
6119 6219 -2
6119 6120 2
6120 6220 2
6120 6121 -2
6121 6221 -2
6121 6122 2
6122 6222 -2
6122 6123 -2
6123 6223 2
6123 6124 2
6124 6224 2
6124 6125 2
6125 6225 -2
6125 6126 2
6126 6226 2
6126 6127 -2
6127 6227 -2
6127 6128 -2
6128 6228 -2
6128 6129 2
6129 6229 2
6129 6130 -2
6130 6230 -2
6130 6131 -2
6131 6231 -2
6131 6132 2
6132 6232 2
6132 6133 -2
6133 6233 2
6133 6134 -2
6134 6234 -2
6134 6135 2
6135 6235 -2
6135 6136 -2
6136 6236 2
6136 6137 -2
6137 6237 -2
6137 6138 -2
6138 6238 2
6138 6139 2
6139 6239 2
6139 6140 -2
6140 6240 2
6140 6141 -2
6141 6241 -2
6141 6142 -2
6142 6242 2
6142 6143 -2
6143 6243 -2
6143 6144 -2
6144 6244 -2
6144 6145 2
6145 6245 -2
6145 6146 -2
6146 6246 -2
6146 6147 -2
6147 6247 -2
6147 6148 -2
6148 6248 -2
6148 6149 -2
6149 6249 2
6149 6150 2
6150 6250 2
6150 6151 -2
6151 6251 -2
6151 6152 -2
6152 6252 2
6152 6153 2
6153 6253 -2
6153 6154 2
6154 6254 2
6154 6155 2
6155 6255 -2
6155 6156 -2
6156 6256 -2
6156 6157 2
6157 6257 2
6157 6158 -2
6158 6258 2
6158 6159 -2
6159 6259 2
6159 6160 2
6160 6260 -2
6160 6161 -2
6161 6261 -2
6161 6162 2
6162 6262 2
6162 6163 2
6163 6263 2
6163 6164 2
6164 6264 -2
6164 6165 2
6165 6265 -2
6165 6166 2
6166 6266 -2
6166 6167 -2
6167 6267 2
6167 6168 -2
6168 6268 2
6168 6169 -2
6169 6269 -2
6169 6170 2
6170 6270 -2
6170 6171 -2
6171 6271 2
6171 6172 -2
6172 6272 -2
6172 6173 2
6173 6273 2
6173 6174 2
6174 6274 -2
6174 6175 2
6175 6275 2
6175 6176 2
6176 6276 -2
6176 6177 2
6177 6277 -2
6177 6178 -2
6178 6278 2
6178 6179 2
6179 6279 2
6179 6180 2
6180 6280 2
6180 6181 -2
6181 6281 -2
6181 6182 -2
6182 6282 -2
6182 6183 -2
6183 6283 2
6183 6184 -2
6184 6284 2
6184 6185 2
6185 6285 2
6185 6186 2
6186 6286 -2
6186 6187 2
6187 6287 2
6187 6188 2
6188 6288 -2
6188 6189 -2
6189 6289 2
6189 6190 2
6190 6290 2
6190 6191 2
6191 6291 2
6191 6192 2
6192 6292 2
6192 6193 -2
6193 6293 -2
6193 6194 2
6194 6294 2
6194 6195 -2
6195 6295 2
6195 6196 2
6196 6296 -2
6196 6197 2
6197 6297 2
6197 6198 -2
6198 6298 2
6198 6199 -2
6199 6299 2
6200 6300 2
6200 6299 -2
6200 6201 2
6201 6301 -2
6201 6202 -2
6202 6302 2
6202 6203 -2
6203 6303 -2
6203 6204 2
6204 6304 -2
6204 6205 -2
6205 6305 2
6205 6206 2
6206 6306 2
6206 6207 2
6207 6307 2
6207 6208 -2
6208 6308 -2
6208 6209 2
6209 6309 -2
6209 6210 -2
6210 6310 2
6210 6211 2
6211 6311 2
6211 6212 2
6212 6312 2
6212 6213 -2
6213 6313 2
6213 6214 -2
6214 6314 -2
6214 6215 2
6215 6315 2
6215 6216 2
6216 6316 2
6216 6217 -2
6217 6317 2
6217 6218 -2
6218 6318 -2
6218 6219 -2
6219 6319 2
6219 6220 2
6220 6320 -2
6220 6221 -2
6221 6321 2
6221 6222 -2
6222 6322 2
6222 6223 2
6223 6323 -2
6223 6224 -2
6224 6324 -2
6224 6225 -2
6225 6325 2
6225 6226 -2
6226 6326 -2
6226 6227 2
6227 6327 -2
6227 6228 -2
6228 6328 -2
6228 6229 2
6229 6329 2
6229 6230 2
6230 6330 -2
6230 6231 -2
6231 6331 -2
6231 6232 -2
6232 6332 -2
6232 6233 -2
6233 6333 -2
6233 6234 2
6234 6334 2
6234 6235 -2
6235 6335 2
6235 6236 -2
6236 6336 2
6236 6237 2
6237 6337 2
6237 6238 2
6238 6338 -2
6238 6239 -2
6239 6339 2
6239 6240 -2
6240 6340 2
6240 6241 2
6241 6341 2
6241 6242 -2
6242 6342 -2
6242 6243 -2
6243 6343 2
6243 6244 -2
6244 6344 -2
6244 6245 2
6245 6345 2
6245 6246 -2
6246 6346 -2
6246 6247 -2
6247 6347 2
6247 6248 2
6248 6348 -2
6248 6249 2
6249 6349 2
6249 6250 -2
6250 6350 -2
6250 6251 -2
6251 6351 -2
6251 6252 2
6252 6352 -2
6252 6253 -2
6253 6353 -2
6253 6254 2
6254 6354 2
6254 6255 2
6255 6355 -2
6255 6256 2
6256 6356 2
6256 6257 -2
6257 6357 2
6257 6258 2
6258 6358 -2
6258 6259 2
6259 6359 -2
6259 6260 2
6260 6360 -2
6260 6261 -2
6261 6361 2
6261 6262 2
6262 6362 2
6262 6263 -2
6263 6363 -2
6263 6264 2
6264 6364 -2
6264 6265 2
6265 6365 -2
6265 6266 2
6266 6366 -2
6266 6267 2
6267 6367 -2
6267 6268 2
6268 6368 -2
6268 6269 2
6269 6369 -2
6269 6270 2
6270 6370 -2
6270 6271 2
6271 6371 -2
6271 6272 2
6272 6372 -2
6272 6273 -2
6273 6373 -2
6273 6274 -2
6274 6374 -2
6274 6275 -2
6275 6375 -2
6275 6276 -2
6276 6376 -2
6276 6277 2
6277 6377 2
6277 6278 2
6278 6378 2
6278 6279 2
6279 6379 -2
6279 6280 2
6280 6380 -2
6280 6281 -2
6281 6381 -2
6281 6282 2
6282 6382 -2
6282 6283 2
6283 6383 -2
6283 6284 2
6284 6384 2
6284 6285 -2
6285 6385 2
6285 6286 2
6286 6386 -2
6286 6287 2
6287 6387 2
6287 6288 -2
6288 6388 2
6288 6289 -2
6289 6389 2
6289 6290 2
6290 6390 2
6290 6291 2
6291 6391 2
6291 6292 2
6292 6392 -2
6292 6293 -2
6293 6393 2
6293 6294 -2
6294 6394 2
6294 6295 2
6295 6395 2
6295 6296 -2
6296 6396 2
6296 6297 2
6297 6397 -2
6297 6298 2
6298 6398 2
6298 6299 2
6299 6399 -2
6300 6400 -2
6300 6399 2
6300 6301 2
6301 6401 -2
6301 6302 -2
6302 6402 -2
6302 6303 -2
6303 6403 2
6303 6304 -2
6304 6404 2
6304 6305 2
6305 6405 -2
6305 6306 -2
6306 6406 -2
6306 6307 2
6307 6407 -2
6307 6308 2
6308 6408 2
6308 6309 -2
6309 6409 -2
6309 6310 -2
6310 6410 -2
6310 6311 -2
6311 6411 2
6311 6312 -2
6312 6412 2
6312 6313 -2
6313 6413 -2
6313 6314 -2
6314 6414 -2
6314 6315 -2
6315 6415 2
6315 6316 -2
6316 6416 -2
6316 6317 -2
6317 6417 2
6317 6318 2
6318 6418 2
6318 6319 2
6319 6419 2
6319 6320 2
6320 6420 2
6320 6321 -2
6321 6421 2
6321 6322 -2
6322 6422 2
6322 6323 -2
6323 6423 -2
6323 6324 2
6324 6424 2
6324 6325 2
6325 6425 2
6325 6326 -2
6326 6426 2
6326 6327 2
6327 6427 2
6327 6328 2
6328 6428 -2
6328 6329 2
6329 6429 -2
6329 6330 2
6330 6430 -2
6330 6331 2
6331 6431 -2
6331 6332 2
6332 6432 -2
6332 6333 2
6333 6433 2
6333 6334 2
6334 6434 2
6334 6335 2
6335 6435 2
6335 6336 2
6336 6436 -2
6336 6337 2
6337 6437 -2
6337 6338 -2
6338 6438 -2
6338 6339 -2
6339 6439 -2
6339 6340 -2
6340 6440 2
6340 6341 2
6341 6441 -2
6341 6342 2
6342 6442 -2
6342 6343 -2
6343 6443 -2
6343 6344 -2
6344 6444 2
6344 6345 2
6345 6445 2
6345 6346 2
6346 6446 -2
6346 6347 2
6347 6447 -2
6347 6348 -2
6348 6448 -2
6348 6349 2
6349 6449 -2
6349 6350 -2
6350 6450 -2
6350 6351 2
6351 6451 -2
6351 6352 2
6352 6452 2
6352 6353 2
6353 6453 -2
6353 6354 2
6354 6454 -2
6354 6355 2
6355 6455 -2
6355 6356 -2
6356 6456 2
6356 6357 -2
6357 6457 2
6357 6358 -2
6358 6458 -2
6358 6359 -2
6359 6459 -2
6359 6360 2
6360 6460 -2
6360 6361 2
6361 6461 -2
6361 6362 -2
6362 6462 -2
6362 6363 -2
6363 6463 2
6363 6364 2
6364 6464 2
6364 6365 2
6365 6465 2
6365 6366 2
6366 6466 -2
6366 6367 2
6367 6467 2
6367 6368 2
6368 6468 -2
6368 6369 -2
6369 6469 -2
6369 6370 -2
6370 6470 2
6370 6371 -2
6371 6471 2
6371 6372 2
6372 6472 2
6372 6373 -2
6373 6473 2
6373 6374 2
6374 6474 2
6374 6375 2
6375 6475 -2
6375 6376 2
6376 6476 -2
6376 6377 2
6377 6477 2
6377 6378 2
6378 6478 -2
6378 6379 2
6379 6479 2
6379 6380 -2
6380 6480 2
6380 6381 -2
6381 6481 2
6381 6382 -2
6382 6482 2
6382 6383 -2
6383 6483 2
6383 6384 -2
6384 6484 2
6384 6385 2
6385 6485 -2
6385 6386 2
6386 6486 2
6386 6387 2
6387 6487 -2
6387 6388 2
6388 6488 -2
6388 6389 2
6389 6489 2
6389 6390 2
6390 6490 2
6390 6391 -2
6391 6491 -2
6391 6392 -2
6392 6492 -2
6392 6393 -2
6393 6493 -2
6393 6394 -2
6394 6494 2
6394 6395 2
6395 6495 -2
6395 6396 -2
6396 6496 2
6396 6397 -2
6397 6497 -2
6397 6398 2
6398 6498 2
6398 6399 2
6399 6499 2
6400 6500 2
6400 6499 2
6400 6401 2
6401 6501 2
6401 6402 2
6402 6502 2
6402 6403 2
6403 6503 2
6403 6404 2
6404 6504 2
6404 6405 2
6405 6505 2
6405 6406 -2
6406 6506 -2
6406 6407 -2
6407 6507 2
6407 6408 -2
6408 6508 2
6408 6409 -2
6409 6509 -2
6409 6410 -2
6410 6510 2
6410 6411 -2
6411 6511 -2
6411 6412 2
6412 6512 2
6412 6413 -2
6413 6513 2
6413 6414 -2
6414 6514 -2
6414 6415 2
6415 6515 2
6415 6416 -2
6416 6516 -2
6416 6417 2
6417 6517 2
6417 6418 2
6418 6518 2
6418 6419 -2
6419 6519 2
6419 6420 -2
6420 6520 -2
6420 6421 -2
6421 6521 2
6421 6422 2
6422 6522 2
6422 6423 2
6423 6523 -2
6423 6424 -2
6424 6524 -2
6424 6425 -2
6425 6525 -2
6425 6426 2
6426 6526 2
6426 6427 2
6427 6527 -2
6427 6428 -2
6428 6528 2
6428 6429 -2
6429 6529 -2
6429 6430 -2
6430 6530 2
6430 6431 -2
6431 6531 2
6431 6432 -2
6432 6532 -2
6432 6433 -2
6433 6533 2
6433 6434 -2
6434 6534 -2
6434 6435 2
6435 6535 -2
6435 6436 2
6436 6536 -2
6436 6437 -2
6437 6537 2
6437 6438 -2
6438 6538 -2
6438 6439 -2
6439 6539 -2
6439 6440 2
6440 6540 2
6440 6441 2
6441 6541 -2
6441 6442 -2
6442 6542 -2
6442 6443 -2
6443 6543 2
6443 6444 2
6444 6544 -2
6444 6445 2
6445 6545 2
6445 6446 2
6446 6546 2
6446 6447 -2
6447 6547 -2
6447 6448 2
6448 6548 2
6448 6449 2
6449 6549 -2
6449 6450 2
6450 6550 2
6450 6451 -2
6451 6551 2
6451 6452 -2
6452 6552 2
6452 6453 -2
6453 6553 -2
6453 6454 -2
6454 6554 2
6454 6455 2
6455 6555 2
6455 6456 2
6456 6556 2
6456 6457 -2
6457 6557 -2
6457 6458 -2
6458 6558 2
6458 6459 2
6459 6559 -2
6459 6460 2
6460 6560 2
6460 6461 -2
6461 6561 2
6461 6462 -2
6462 6562 -2
6462 6463 -2
6463 6563 2
6463 6464 -2
6464 6564 2
6464 6465 -2
6465 6565 2
6465 6466 2
6466 6566 -2
6466 6467 2
6467 6567 -2
6467 6468 -2
6468 6568 2
6468 6469 -2
6469 6569 -2
6469 6470 2
6470 6570 2
6470 6471 2
6471 6571 2
6471 6472 -2
6472 6572 2
6472 6473 2
6473 6573 2
6473 6474 -2
6474 6574 -2
6474 6475 2
6475 6575 -2
6475 6476 2
6476 6576 -2
6476 6477 -2
6477 6577 -2
6477 6478 2
6478 6578 -2
6478 6479 2
6479 6579 2
6479 6480 2
6480 6580 -2
6480 6481 -2
6481 6581 -2
6481 6482 2
6482 6582 2
6482 6483 -2
6483 6583 -2
6483 6484 -2
6484 6584 -2
6484 6485 -2
6485 6585 -2
6485 6486 2
6486 6586 -2
6486 6487 2
6487 6587 2
6487 6488 -2
6488 6588 2
6488 6489 -2
6489 6589 2
6489 6490 -2
6490 6590 -2
6490 6491 -2
6491 6591 2
6491 6492 -2
6492 6592 -2
6492 6493 -2
6493 6593 -2
6493 6494 -2
6494 6594 -2
6494 6495 2
6495 6595 2
6495 6496 2
6496 6596 -2
6496 6497 2
6497 6597 -2
6497 6498 2
6498 6598 2
6498 6499 2
6499 6599 2
6500 6600 2
6500 6599 2
6500 6501 -2
6501 6601 -2
6501 6502 2
6502 6602 2
6502 6503 2
6503 6603 -2
6503 6504 -2
6504 6604 2
6504 6505 2
6505 6605 2
6505 6506 2
6506 6606 2
6506 6507 2
6507 6607 2
6507 6508 -2
6508 6608 -2
6508 6509 2
6509 6609 2
6509 6510 -2
6510 6610 -2
6510 6511 -2
6511 6611 2
6511 6512 -2
6512 6612 -2
6512 6513 2
6513 6613 -2
6513 6514 2
6514 6614 -2
6514 6515 2
6515 6615 2
6515 6516 -2
6516 6616 2
6516 6517 2
6517 6617 -2
6517 6518 2
6518 6618 -2
6518 6519 -2
6519 6619 -2
6519 6520 -2
6520 6620 -2
6520 6521 2
6521 6621 -2
6521 6522 -2
6522 6622 -2
6522 6523 -2
6523 6623 -2
6523 6524 2
6524 6624 -2
6524 6525 -2
6525 6625 2
6525 6526 -2
6526 6626 -2
6526 6527 2
6527 6627 2
6527 6528 -2
6528 6628 2
6528 6529 2
6529 6629 2
6529 6530 -2
6530 6630 2
6530 6531 -2
6531 6631 2
6531 6532 -2
6532 6632 -2
6532 6533 -2
6533 6633 2
6533 6534 -2
6534 6634 2
6534 6535 2
6535 6635 2
6535 6536 2
6536 6636 2
6536 6537 -2
6537 6637 -2
6537 6538 2
6538 6638 2
6538 6539 -2
6539 6639 -2
6539 6540 2
6540 6640 2
6540 6541 2
6541 6641 -2
6541 6542 2
6542 6642 -2
6542 6543 -2
6543 6643 2
6543 6544 2
6544 6644 2
6544 6545 2
6545 6645 -2
6545 6546 2
6546 6646 -2
6546 6547 -2
6547 6647 2
6547 6548 2
6548 6648 -2
6548 6549 2
6549 6649 -2
6549 6550 2
6550 6650 -2
6550 6551 -2
6551 6651 2
6551 6552 2
6552 6652 -2
6552 6553 2
6553 6653 2
6553 6554 2
6554 6654 2
6554 6555 -2
6555 6655 2
6555 6556 -2
6556 6656 2
6556 6557 2
6557 6657 2
6557 6558 -2
6558 6658 2
6558 6559 -2
6559 6659 -2
6559 6560 -2
6560 6660 -2
6560 6561 2
6561 6661 -2
6561 6562 2
6562 6662 -2
6562 6563 -2
6563 6663 -2
6563 6564 2
6564 6664 -2
6564 6565 -2
6565 6665 2
6565 6566 2
6566 6666 -2
6566 6567 2
6567 6667 2
6567 6568 2
6568 6668 -2
6568 6569 -2
6569 6669 2
6569 6570 2
6570 6670 2
6570 6571 2
6571 6671 -2
6571 6572 -2
6572 6672 -2
6572 6573 -2
6573 6673 -2
6573 6574 -2
6574 6674 2
6574 6575 2
6575 6675 2
6575 6576 -2
6576 6676 -2
6576 6577 -2
6577 6677 2
6577 6578 2
6578 6678 2
6578 6579 -2
6579 6679 -2
6579 6580 2
6580 6680 2
6580 6581 2
6581 6681 -2
6581 6582 2
6582 6682 -2
6582 6583 2
6583 6683 2
6583 6584 -2
6584 6684 -2
6584 6585 2
6585 6685 -2
6585 6586 -2
6586 6686 -2
6586 6587 -2
6587 6687 2
6587 6588 2
6588 6688 -2
6588 6589 -2
6589 6689 -2
6589 6590 2
6590 6690 2
6590 6591 2
6591 6691 2
6591 6592 2
6592 6692 -2
6592 6593 -2
6593 6693 2
6593 6594 -2
6594 6694 -2
6594 6595 -2
6595 6695 2
6595 6596 2
6596 6696 2
6596 6597 -2
6597 6697 -2
6597 6598 2
6598 6698 -2
6598 6599 -2
6599 6699 2
6600 6700 2
6600 6699 2
6600 6601 -2
6601 6701 2
6601 6602 2
6602 6702 2
6602 6603 2
6603 6703 -2
6603 6604 2
6604 6704 -2
6604 6605 -2
6605 6705 2
6605 6606 2
6606 6706 2
6606 6607 -2
6607 6707 2
6607 6608 2
6608 6708 -2
6608 6609 -2
6609 6709 -2
6609 6610 -2
6610 6710 2
6610 6611 2
6611 6711 -2
6611 6612 -2
6612 6712 2
6612 6613 2
6613 6713 2
6613 6614 2
6614 6714 2
6614 6615 -2
6615 6715 -2
6615 6616 -2
6616 6716 -2
6616 6617 2
6617 6717 -2
6617 6618 -2
6618 6718 2
6618 6619 -2
6619 6719 -2
6619 6620 -2
6620 6720 2
6620 6621 -2
6621 6721 2
6621 6622 -2
6622 6722 -2
6622 6623 -2
6623 6723 -2
6623 6624 -2
6624 6724 -2
6624 6625 2
6625 6725 2
6625 6626 2
6626 6726 2
6626 6627 2
6627 6727 2
6627 6628 -2
6628 6728 -2
6628 6629 2
6629 6729 2
6629 6630 2
6630 6730 -2
6630 6631 2
6631 6731 2
6631 6632 2
6632 6732 2
6632 6633 2
6633 6733 2
6633 6634 -2
6634 6734 2
6634 6635 -2
6635 6735 2
6635 6636 2
6636 6736 2
6636 6637 -2
6637 6737 2
6637 6638 2
6638 6738 -2
6638 6639 2
6639 6739 -2
6639 6640 2
6640 6740 -2
6640 6641 -2
6641 6741 2
6641 6642 2
6642 6742 2
6642 6643 2
6643 6743 2
6643 6644 2
6644 6744 2
6644 6645 -2
6645 6745 -2
6645 6646 2
6646 6746 2
6646 6647 2
6647 6747 -2
6647 6648 2
6648 6748 2
6648 6649 -2
6649 6749 2
6649 6650 -2
6650 6750 2
6650 6651 2
6651 6751 -2
6651 6652 -2
6652 6752 2
6652 6653 2
6653 6753 -2
6653 6654 -2
6654 6754 2
6654 6655 2
6655 6755 2
6655 6656 2
6656 6756 -2
6656 6657 -2
6657 6757 -2
6657 6658 -2
6658 6758 2
6658 6659 2
6659 6759 2
6659 6660 -2
6660 6760 -2
6660 6661 -2
6661 6761 -2
6661 6662 -2
6662 6762 2
6662 6663 -2
6663 6763 2
6663 6664 2
6664 6764 2
6664 6665 -2
6665 6765 -2
6665 6666 2
6666 6766 2
6666 6667 2
6667 6767 -2
6667 6668 2
6668 6768 -2
6668 6669 -2
6669 6769 2
6669 6670 2
6670 6770 -2
6670 6671 2
6671 6771 -2
6671 6672 2
6672 6772 2
6672 6673 2
6673 6773 -2
6673 6674 2
6674 6774 2
6674 6675 2
6675 6775 -2
6675 6676 -2
6676 6776 2
6676 6677 2
6677 6777 2
6677 6678 2
6678 6778 -2
6678 6679 2
6679 6779 2
6679 6680 2
6680 6780 -2
6680 6681 2
6681 6781 -2
6681 6682 -2
6682 6782 2
6682 6683 -2
6683 6783 2
6683 6684 -2
6684 6784 2
6684 6685 2
6685 6785 2
6685 6686 -2
6686 6786 -2
6686 6687 2
6687 6787 2
6687 6688 -2
6688 6788 2
6688 6689 -2
6689 6789 2
6689 6690 2
6690 6790 -2
6690 6691 2
6691 6791 2
6691 6692 -2
6692 6792 2
6692 6693 2
6693 6793 2
6693 6694 2
6694 6794 2
6694 6695 -2
6695 6795 2
6695 6696 -2
6696 6796 2
6696 6697 -2
6697 6797 -2
6697 6698 -2
6698 6798 2
6698 6699 -2
6699 6799 2
6700 6800 -2
6700 6799 2
6700 6701 -2
6701 6801 2
6701 6702 -2
6702 6802 -2
6702 6703 -2
6703 6803 -2
6703 6704 2
6704 6804 2
6704 6705 2
6705 6805 -2
6705 6706 -2
6706 6806 -2
6706 6707 -2
6707 6807 -2
6707 6708 -2
6708 6808 2
6708 6709 2
6709 6809 2
6709 6710 -2
6710 6810 -2
6710 6711 -2
6711 6811 -2
6711 6712 2
6712 6812 -2
6712 6713 -2
6713 6813 -2
6713 6714 2
6714 6814 -2
6714 6715 -2
6715 6815 -2
6715 6716 -2
6716 6816 -2
6716 6717 -2
6717 6817 2
6717 6718 2
6718 6818 -2
6718 6719 2
6719 6819 -2
6719 6720 -2
6720 6820 2
6720 6721 -2
6721 6821 2
6721 6722 -2
6722 6822 2
6722 6723 2
6723 6823 2
6723 6724 2
6724 6824 -2
6724 6725 -2
6725 6825 2
6725 6726 2
6726 6826 2
6726 6727 2
6727 6827 -2
6727 6728 2
6728 6828 -2
6728 6729 2
6729 6829 -2
6729 6730 2
6730 6830 2
6730 6731 -2
6731 6831 -2
6731 6732 2
6732 6832 -2
6732 6733 2
6733 6833 -2
6733 6734 2
6734 6834 2
6734 6735 -2
6735 6835 2
6735 6736 -2
6736 6836 -2
6736 6737 -2
6737 6837 2
6737 6738 -2
6738 6838 2
6738 6739 -2
6739 6839 -2
6739 6740 -2
6740 6840 -2
6740 6741 -2
6741 6841 -2
6741 6742 2
6742 6842 -2
6742 6743 2
6743 6843 2
6743 6744 -2
6744 6844 -2
6744 6745 -2
6745 6845 -2
6745 6746 2
6746 6846 2
6746 6747 -2
6747 6847 2
6747 6748 2
6748 6848 -2
6748 6749 -2
6749 6849 2
6749 6750 2
6750 6850 2
6750 6751 -2
6751 6851 -2
6751 6752 -2
6752 6852 2
6752 6753 -2
6753 6853 -2
6753 6754 2
6754 6854 -2
6754 6755 2
6755 6855 2
6755 6756 -2
6756 6856 -2
6756 6757 2
6757 6857 2
6757 6758 2
6758 6858 -2
6758 6759 -2
6759 6859 2
6759 6760 -2
6760 6860 -2
6760 6761 2
6761 6861 2
6761 6762 -2
6762 6862 -2
6762 6763 2
6763 6863 2
6763 6764 -2
6764 6864 2
6764 6765 2
6765 6865 2
6765 6766 -2
6766 6866 2
6766 6767 2
6767 6867 -2
6767 6768 -2
6768 6868 2
6768 6769 2
6769 6869 2
6769 6770 2
6770 6870 2
6770 6771 -2
6771 6871 2
6771 6772 2
6772 6872 -2
6772 6773 -2
6773 6873 -2
6773 6774 -2
6774 6874 2
6774 6775 -2
6775 6875 2
6775 6776 -2
6776 6876 2
6776 6777 2
6777 6877 -2
6777 6778 2
6778 6878 -2
6778 6779 -2
6779 6879 -2
6779 6780 -2
6780 6880 -2
6780 6781 -2
6781 6881 -2
6781 6782 2
6782 6882 -2
6782 6783 2
6783 6883 2
6783 6784 2
6784 6884 -2
6784 6785 -2
6785 6885 2
6785 6786 2
6786 6886 2
6786 6787 2
6787 6887 -2
6787 6788 -2
6788 6888 2
6788 6789 -2
6789 6889 2
6789 6790 -2
6790 6890 -2
6790 6791 -2
6791 6891 -2
6791 6792 2
6792 6892 -2
6792 6793 -2
6793 6893 2
6793 6794 2
6794 6894 2
6794 6795 -2
6795 6895 2
6795 6796 2
6796 6896 2
6796 6797 2
6797 6897 2
6797 6798 -2
6798 6898 2
6798 6799 2
6799 6899 2
6800 6900 2
6800 6899 2
6800 6801 -2
6801 6901 -2
6801 6802 -2
6802 6902 -2
6802 6803 -2
6803 6903 -2
6803 6804 -2
6804 6904 2
6804 6805 2
6805 6905 -2
6805 6806 -2
6806 6906 2
6806 6807 -2
6807 6907 -2
6807 6808 2
6808 6908 -2
6808 6809 -2
6809 6909 -2
6809 6810 2
6810 6910 2
6810 6811 -2
6811 6911 -2
6811 6812 2
6812 6912 2
6812 6813 -2
6813 6913 -2
6813 6814 2
6814 6914 -2
6814 6815 2
6815 6915 -2
6815 6816 2
6816 6916 -2
6816 6817 2
6817 6917 2
6817 6818 -2
6818 6918 2
6818 6819 -2
6819 6919 -2
6819 6820 2
6820 6920 -2
6820 6821 -2
6821 6921 2
6821 6822 2
6822 6922 -2
6822 6823 2
6823 6923 2
6823 6824 2
6824 6924 2
6824 6825 -2
6825 6925 2
6825 6826 -2
6826 6926 -2
6826 6827 2
6827 6927 2
6827 6828 2
6828 6928 2
6828 6829 -2
6829 6929 -2
6829 6830 2
6830 6930 -2
6830 6831 2
6831 6931 -2
6831 6832 2
6832 6932 -2
6832 6833 2
6833 6933 -2
6833 6834 -2
6834 6934 -2
6834 6835 -2
6835 6935 2
6835 6836 2
6836 6936 -2
6836 6837 2
6837 6937 2
6837 6838 2
6838 6938 2
6838 6839 -2
6839 6939 -2
6839 6840 -2
6840 6940 2
6840 6841 -2
6841 6941 -2
6841 6842 2
6842 6942 -2
6842 6843 2
6843 6943 -2
6843 6844 -2
6844 6944 2
6844 6845 2
6845 6945 -2
6845 6846 2
6846 6946 -2
6846 6847 -2
6847 6947 -2
6847 6848 2
6848 6948 -2
6848 6849 2
6849 6949 -2
6849 6850 -2
6850 6950 2
6850 6851 -2
6851 6951 2
6851 6852 -2
6852 6952 -2
6852 6853 -2
6853 6953 2
6853 6854 -2
6854 6954 -2
6854 6855 2
6855 6955 -2
6855 6856 -2
6856 6956 2
6856 6857 -2
6857 6957 -2
6857 6858 2
6858 6958 2
6858 6859 2
6859 6959 -2
6859 6860 2
6860 6960 -2
6860 6861 2
6861 6961 2
6861 6862 2
6862 6962 -2
6862 6863 -2
6863 6963 -2
6863 6864 2
6864 6964 -2
6864 6865 2
6865 6965 2
6865 6866 -2
6866 6966 2
6866 6867 -2
6867 6967 2
6867 6868 2
6868 6968 2
6868 6869 -2
6869 6969 2
6869 6870 2
6870 6970 -2
6870 6871 2
6871 6971 2
6871 6872 2
6872 6972 2
6872 6873 2
6873 6973 2
6873 6874 2
6874 6974 -2
6874 6875 2
6875 6975 2
6875 6876 2
6876 6976 2
6876 6877 -2
6877 6977 -2
6877 6878 2
6878 6978 2
6878 6879 -2
6879 6979 -2
6879 6880 -2
6880 6980 -2
6880 6881 2
6881 6981 2
6881 6882 -2
6882 6982 2
6882 6883 2
6883 6983 2
6883 6884 -2
6884 6984 2
6884 6885 2
6885 6985 -2
6885 6886 -2
6886 6986 -2
6886 6887 2
6887 6987 2
6887 6888 2
6888 6988 -2
6888 6889 2
6889 6989 2
6889 6890 2
6890 6990 2
6890 6891 -2
6891 6991 -2
6891 6892 -2
6892 6992 -2
6892 6893 -2
6893 6993 2
6893 6894 -2
6894 6994 -2
6894 6895 2
6895 6995 2
6895 6896 2
6896 6996 2
6896 6897 2
6897 6997 2
6897 6898 2
6898 6998 2
6898 6899 2
6899 6999 -2
6900 7000 2
6900 6999 2
6900 6901 -2
6901 7001 -2
6901 6902 2
6902 7002 2
6902 6903 -2
6903 7003 2
6903 6904 -2
6904 7004 2
6904 6905 2
6905 7005 2
6905 6906 2
6906 7006 -2
6906 6907 -2
6907 7007 -2
6907 6908 -2
6908 7008 2
6908 6909 -2
6909 7009 -2
6909 6910 2
6910 7010 -2
6910 6911 -2
6911 7011 2
6911 6912 2
6912 7012 2
6912 6913 2
6913 7013 -2
6913 6914 -2
6914 7014 2
6914 6915 2
6915 7015 2
6915 6916 -2
6916 7016 2
6916 6917 2
6917 7017 -2
6917 6918 2
6918 7018 2
6918 6919 -2
6919 7019 -2
6919 6920 -2
6920 7020 -2
6920 6921 2
6921 7021 -2
6921 6922 -2
6922 7022 2
6922 6923 2
6923 7023 2
6923 6924 -2
6924 7024 -2
6924 6925 2
6925 7025 -2
6925 6926 -2
6926 7026 -2
6926 6927 -2
6927 7027 -2
6927 6928 -2
6928 7028 -2
6928 6929 -2
6929 7029 2
6929 6930 -2
6930 7030 2
6930 6931 -2
6931 7031 -2
6931 6932 -2
6932 7032 -2
6932 6933 -2
6933 7033 -2
6933 6934 -2
6934 7034 2
6934 6935 -2
6935 7035 2
6935 6936 -2
6936 7036 2
6936 6937 2
6937 7037 -2
6937 6938 2
6938 7038 2
6938 6939 -2
6939 7039 -2
6939 6940 2
6940 7040 -2
6940 6941 2
6941 7041 -2
6941 6942 2
6942 7042 -2
6942 6943 -2
6943 7043 2
6943 6944 -2
6944 7044 2
6944 6945 2
6945 7045 -2
6945 6946 2
6946 7046 2
6946 6947 -2
6947 7047 2
6947 6948 2
6948 7048 2
6948 6949 2
6949 7049 2
6949 6950 2
6950 7050 2
6950 6951 2
6951 7051 2
6951 6952 -2
6952 7052 2
6952 6953 2
6953 7053 -2
6953 6954 -2
6954 7054 2
6954 6955 2
6955 7055 2
6955 6956 2
6956 7056 -2
6956 6957 2
6957 7057 2
6957 6958 -2
6958 7058 2
6958 6959 -2
6959 7059 2
6959 6960 2
6960 7060 -2
6960 6961 2
6961 7061 2
6961 6962 2
6962 7062 2
6962 6963 2
6963 7063 2
6963 6964 2
6964 7064 2
6964 6965 2
6965 7065 2
6965 6966 -2
6966 7066 -2
6966 6967 2
6967 7067 -2
6967 6968 -2
6968 7068 -2
6968 6969 2
6969 7069 -2
6969 6970 2
6970 7070 2
6970 6971 2
6971 7071 2
6971 6972 -2
6972 7072 -2
6972 6973 -2
6973 7073 2
6973 6974 -2
6974 7074 2
6974 6975 -2
6975 7075 2
6975 6976 -2
6976 7076 -2
6976 6977 2
6977 7077 -2
6977 6978 2
6978 7078 -2
6978 6979 2
6979 7079 2
6979 6980 -2
6980 7080 2
6980 6981 2
6981 7081 2
6981 6982 2
6982 7082 2
6982 6983 -2
6983 7083 2
6983 6984 2
6984 7084 2
6984 6985 -2
6985 7085 -2
6985 6986 2
6986 7086 2
6986 6987 2
6987 7087 -2
6987 6988 2
6988 7088 2
6988 6989 -2
6989 7089 2
6989 6990 -2
6990 7090 2
6990 6991 -2
6991 7091 -2
6991 6992 -2
6992 7092 2
6992 6993 -2
6993 7093 -2
6993 6994 2
6994 7094 2
6994 6995 -2
6995 7095 2
6995 6996 -2
6996 7096 2
6996 6997 2
6997 7097 -2
6997 6998 2
6998 7098 2
6998 6999 -2
6999 7099 2
7000 7100 -2
7000 7099 -2
7000 7001 -2
7001 7101 -2
7001 7002 2
7002 7102 -2
7002 7003 2
7003 7103 2
7003 7004 2
7004 7104 -2
7004 7005 2
7005 7105 -2
7005 7006 2
7006 7106 -2
7006 7007 -2
7007 7107 2
7007 7008 -2
7008 7108 -2
7008 7009 2
7009 7109 2
7009 7010 -2
7010 7110 -2
7010 7011 2
7011 7111 2
7011 7012 -2
7012 7112 -2
7012 7013 2
7013 7113 -2
7013 7014 -2
7014 7114 -2
7014 7015 -2
7015 7115 2
7015 7016 2
7016 7116 2
7016 7017 -2
7017 7117 -2
7017 7018 2
7018 7118 -2
7018 7019 -2
7019 7119 -2
7019 7020 -2
7020 7120 -2
7020 7021 -2
7021 7121 2
7021 7022 2
7022 7122 -2
7022 7023 -2
7023 7123 2
7023 7024 2
7024 7124 -2
7024 7025 -2
7025 7125 -2
7025 7026 2
7026 7126 -2
7026 7027 -2
7027 7127 2
7027 7028 2
7028 7128 2
7028 7029 2
7029 7129 -2
7029 7030 -2
7030 7130 -2
7030 7031 -2
7031 7131 -2
7031 7032 2
7032 7132 -2
7032 7033 -2
7033 7133 -2
7033 7034 -2
7034 7134 -2
7034 7035 2
7035 7135 2
7035 7036 -2
7036 7136 2
7036 7037 -2
7037 7137 2
7037 7038 -2
7038 7138 -2
7038 7039 2
7039 7139 2
7039 7040 2
7040 7140 2
7040 7041 2
7041 7141 2
7041 7042 -2
7042 7142 2
7042 7043 2
7043 7143 2
7043 7044 2
7044 7144 -2
7044 7045 -2
7045 7145 2
7045 7046 2
7046 7146 -2
7046 7047 -2
7047 7147 2
7047 7048 -2
7048 7148 -2
7048 7049 -2
7049 7149 2
7049 7050 -2
7050 7150 2
7050 7051 -2
7051 7151 2
7051 7052 2
7052 7152 2
7052 7053 -2
7053 7153 2
7053 7054 -2
7054 7154 -2
7054 7055 2
7055 7155 -2
7055 7056 -2
7056 7156 -2
7056 7057 -2
7057 7157 -2
7057 7058 2
7058 7158 -2
7058 7059 -2
7059 7159 2
7059 7060 -2
7060 7160 -2
7060 7061 2
7061 7161 -2
7061 7062 -2
7062 7162 2
7062 7063 2
7063 7163 -2
7063 7064 2
7064 7164 2
7064 7065 -2
7065 7165 -2
7065 7066 -2
7066 7166 -2
7066 7067 -2
7067 7167 2
7067 7068 2
7068 7168 2
7068 7069 -2
7069 7169 -2
7069 7070 2
7070 7170 -2
7070 7071 -2
7071 7171 -2
7071 7072 2
7072 7172 2
7072 7073 2
7073 7173 2
7073 7074 2
7074 7174 -2
7074 7075 -2
7075 7175 -2
7075 7076 -2
7076 7176 -2
7076 7077 -2
7077 7177 -2
7077 7078 -2
7078 7178 -2
7078 7079 2
7079 7179 -2
7079 7080 -2
7080 7180 2
7080 7081 2
7081 7181 2
7081 7082 -2
7082 7182 -2
7082 7083 -2
7083 7183 -2
7083 7084 2
7084 7184 2
7084 7085 -2
7085 7185 -2
7085 7086 2
7086 7186 -2
7086 7087 2
7087 7187 -2
7087 7088 -2
7088 7188 -2
7088 7089 2
7089 7189 -2
7089 7090 2
7090 7190 -2
7090 7091 -2
7091 7191 2
7091 7092 2
7092 7192 2
7092 7093 -2
7093 7193 2
7093 7094 -2
7094 7194 2
7094 7095 -2
7095 7195 -2
7095 7096 2
7096 7196 2
7096 7097 -2
7097 7197 2
7097 7098 2
7098 7198 -2
7098 7099 -2
7099 7199 -2
7100 7200 -2
7100 7199 -2
7100 7101 -2
7101 7201 2
7101 7102 -2
7102 7202 2
7102 7103 2
7103 7203 2
7103 7104 2
7104 7204 -2
7104 7105 2
7105 7205 2
7105 7106 -2
7106 7206 2
7106 7107 2
7107 7207 2
7107 7108 -2
7108 7208 2
7108 7109 -2
7109 7209 -2
7109 7110 -2
7110 7210 -2
7110 7111 -2
7111 7211 2
7111 7112 2
7112 7212 2
7112 7113 2
7113 7213 -2
7113 7114 -2
7114 7214 2
7114 7115 2
7115 7215 2
7115 7116 2
7116 7216 -2
7116 7117 2
7117 7217 2
7117 7118 -2
7118 7218 -2
7118 7119 2
7119 7219 2
7119 7120 2
7120 7220 -2
7120 7121 2
7121 7221 -2
7121 7122 -2
7122 7222 -2
7122 7123 -2
7123 7223 -2
7123 7124 -2
7124 7224 2
7124 7125 2
7125 7225 2
7125 7126 -2
7126 7226 -2
7126 7127 2
7127 7227 -2
7127 7128 -2
7128 7228 -2
7128 7129 -2
7129 7229 -2
7129 7130 -2
7130 7230 -2
7130 7131 -2
7131 7231 -2
7131 7132 -2
7132 7232 2
7132 7133 -2
7133 7233 2
7133 7134 -2
7134 7234 2
7134 7135 2
7135 7235 2
7135 7136 -2
7136 7236 -2
7136 7137 -2
7137 7237 2
7137 7138 2
7138 7238 2
7138 7139 2
7139 7239 -2
7139 7140 -2
7140 7240 -2
7140 7141 2
7141 7241 -2
7141 7142 2
7142 7242 2
7142 7143 2
7143 7243 2
7143 7144 -2
7144 7244 -2
7144 7145 2
7145 7245 2
7145 7146 2
7146 7246 -2
7146 7147 -2
7147 7247 2
7147 7148 2
7148 7248 -2
7148 7149 -2
7149 7249 2
7149 7150 2
7150 7250 2
7150 7151 -2
7151 7251 2
7151 7152 2
7152 7252 2
7152 7153 2
7153 7253 -2
7153 7154 -2
7154 7254 2
7154 7155 2
7155 7255 2
7155 7156 2
7156 7256 2
7156 7157 2
7157 7257 -2
7157 7158 -2
7158 7258 2
7158 7159 2
7159 7259 -2
7159 7160 2
7160 7260 2
7160 7161 -2
7161 7261 2
7161 7162 2
7162 7262 2
7162 7163 -2
7163 7263 -2
7163 7164 -2
7164 7264 2
7164 7165 -2
7165 7265 2
7165 7166 2
7166 7266 -2
7166 7167 2
7167 7267 2
7167 7168 2
7168 7268 2
7168 7169 2
7169 7269 -2
7169 7170 -2
7170 7270 2
7170 7171 2
7171 7271 -2
7171 7172 -2
7172 7272 2
7172 7173 2
7173 7273 2
7173 7174 -2
7174 7274 -2
7174 7175 2
7175 7275 -2
7175 7176 -2
7176 7276 2
7176 7177 2
7177 7277 -2
7177 7178 -2
7178 7278 2
7178 7179 2
7179 7279 2
7179 7180 2
7180 7280 -2
7180 7181 2
7181 7281 2
7181 7182 -2
7182 7282 2
7182 7183 2
7183 7283 -2
7183 7184 -2
7184 7284 -2
7184 7185 -2
7185 7285 2
7185 7186 2
7186 7286 2
7186 7187 2
7187 7287 -2
7187 7188 2
7188 7288 2
7188 7189 -2
7189 7289 -2
7189 7190 -2
7190 7290 2
7190 7191 2
7191 7291 2
7191 7192 -2
7192 7292 -2
7192 7193 -2
7193 7293 -2
7193 7194 2
7194 7294 -2
7194 7195 -2
7195 7295 2
7195 7196 2
7196 7296 2
7196 7197 -2
7197 7297 2
7197 7198 -2
7198 7298 -2
7198 7199 2
7199 7299 2
7200 7300 -2
7200 7299 2
7200 7201 2
7201 7301 2
7201 7202 2
7202 7302 2
7202 7203 2
7203 7303 2
7203 7204 2
7204 7304 -2
7204 7205 2
7205 7305 2
7205 7206 2
7206 7306 2
7206 7207 2
7207 7307 -2
7207 7208 -2
7208 7308 -2
7208 7209 -2
7209 7309 2
7209 7210 2
7210 7310 2
7210 7211 2
7211 7311 2
7211 7212 2
7212 7312 -2
7212 7213 -2
7213 7313 -2
7213 7214 -2
7214 7314 -2
7214 7215 2
7215 7315 2
7215 7216 -2
7216 7316 -2
7216 7217 -2
7217 7317 -2
7217 7218 2
7218 7318 -2
7218 7219 2
7219 7319 -2
7219 7220 -2
7220 7320 2
7220 7221 2
7221 7321 2
7221 7222 -2
7222 7322 -2
7222 7223 2
7223 7323 2
7223 7224 2
7224 7324 -2
7224 7225 2
7225 7325 2
7225 7226 2
7226 7326 2
7226 7227 2
7227 7327 -2
7227 7228 2
7228 7328 -2
7228 7229 -2
7229 7329 -2
7229 7230 -2
7230 7330 2
7230 7231 -2
7231 7331 -2
7231 7232 -2
7232 7332 2
7232 7233 2
7233 7333 -2
7233 7234 -2
7234 7334 -2
7234 7235 -2
7235 7335 -2
7235 7236 -2
7236 7336 -2
7236 7237 2
7237 7337 2
7237 7238 -2
7238 7338 -2
7238 7239 -2
7239 7339 2
7239 7240 2
7240 7340 -2
7240 7241 -2
7241 7341 -2
7241 7242 -2
7242 7342 2
7242 7243 -2
7243 7343 2
7243 7244 -2
7244 7344 -2
7244 7245 -2
7245 7345 2
7245 7246 -2
7246 7346 -2
7246 7247 -2
7247 7347 -2
7247 7248 -2
7248 7348 -2
7248 7249 -2
7249 7349 -2
7249 7250 2
7250 7350 2
7250 7251 2
7251 7351 -2
7251 7252 2
7252 7352 -2
7252 7253 -2
7253 7353 -2
7253 7254 -2
7254 7354 -2
7254 7255 2
7255 7355 2
7255 7256 -2
7256 7356 -2
7256 7257 -2
7257 7357 -2
7257 7258 -2
7258 7358 2
7258 7259 -2
7259 7359 -2
7259 7260 2
7260 7360 2
7260 7261 2
7261 7361 -2
7261 7262 2
7262 7362 -2
7262 7263 -2
7263 7363 2
7263 7264 2
7264 7364 2
7264 7265 2
7265 7365 -2
7265 7266 2
7266 7366 2
7266 7267 -2
7267 7367 2
7267 7268 2
7268 7368 2
7268 7269 -2
7269 7369 -2
7269 7270 2
7270 7370 -2
7270 7271 2
7271 7371 -2
7271 7272 -2
7272 7372 -2
7272 7273 2
7273 7373 2
7273 7274 2
7274 7374 2
7274 7275 -2
7275 7375 2
7275 7276 2
7276 7376 -2
7276 7277 -2
7277 7377 -2
7277 7278 2
7278 7378 2
7278 7279 2
7279 7379 -2
7279 7280 2
7280 7380 2
7280 7281 -2
7281 7381 -2
7281 7282 -2
7282 7382 -2
7282 7283 -2
7283 7383 -2
7283 7284 -2
7284 7384 -2
7284 7285 -2
7285 7385 2
7285 7286 2
7286 7386 2
7286 7287 -2
7287 7387 2
7287 7288 2
7288 7388 -2
7288 7289 -2
7289 7389 2
7289 7290 -2
7290 7390 -2
7290 7291 2
7291 7391 2
7291 7292 -2
7292 7392 -2
7292 7293 -2
7293 7393 2
7293 7294 -2
7294 7394 2
7294 7295 2
7295 7395 2
7295 7296 2
7296 7396 -2
7296 7297 2
7297 7397 -2
7297 7298 -2
7298 7398 -2
7298 7299 2
7299 7399 2
7300 7400 -2
7300 7399 2
7300 7301 2
7301 7401 -2
7301 7302 2
7302 7402 -2
7302 7303 -2
7303 7403 -2
7303 7304 2
7304 7404 2
7304 7305 -2
7305 7405 -2
7305 7306 2
7306 7406 2
7306 7307 -2
7307 7407 -2
7307 7308 -2
7308 7408 -2
7308 7309 2
7309 7409 2
7309 7310 -2
7310 7410 2
7310 7311 2
7311 7411 2
7311 7312 -2
7312 7412 -2
7312 7313 -2
7313 7413 2
7313 7314 -2
7314 7414 -2
7314 7315 2
7315 7415 2
7315 7316 2
7316 7416 2
7316 7317 -2
7317 7417 2
7317 7318 -2
7318 7418 -2
7318 7319 -2
7319 7419 2
7319 7320 2
7320 7420 -2
7320 7321 2
7321 7421 2
7321 7322 -2
7322 7422 2
7322 7323 2
7323 7423 2
7323 7324 -2
7324 7424 2
7324 7325 2
7325 7425 2
7325 7326 -2
7326 7426 2
7326 7327 2
7327 7427 -2
7327 7328 -2
7328 7428 2
7328 7329 2
7329 7429 2
7329 7330 2
7330 7430 -2
7330 7331 2
7331 7431 2
7331 7332 2
7332 7432 -2
7332 7333 -2
7333 7433 2
7333 7334 2
7334 7434 -2
7334 7335 -2
7335 7435 -2
7335 7336 -2
7336 7436 -2
7336 7337 2
7337 7437 2
7337 7338 -2
7338 7438 -2
7338 7339 -2
7339 7439 -2
7339 7340 2
7340 7440 -2
7340 7341 2
7341 7441 -2
7341 7342 2
7342 7442 -2
7342 7343 2
7343 7443 -2
7343 7344 -2
7344 7444 -2
7344 7345 -2
7345 7445 -2
7345 7346 -2
7346 7446 -2
7346 7347 -2
7347 7447 2
7347 7348 2
7348 7448 -2
7348 7349 2
7349 7449 2
7349 7350 -2
7350 7450 -2
7350 7351 -2
7351 7451 -2
7351 7352 -2
7352 7452 2
7352 7353 -2
7353 7453 2
7353 7354 -2
7354 7454 -2
7354 7355 -2
7355 7455 -2
7355 7356 -2
7356 7456 2
7356 7357 2
7357 7457 2
7357 7358 2
7358 7458 -2
7358 7359 2
7359 7459 -2
7359 7360 2
7360 7460 2
7360 7361 -2
7361 7461 2
7361 7362 2
7362 7462 2
7362 7363 2
7363 7463 -2
7363 7364 2
7364 7464 -2
7364 7365 2
7365 7465 2
7365 7366 2
7366 7466 2
7366 7367 -2
7367 7467 -2
7367 7368 2
7368 7468 -2
7368 7369 -2
7369 7469 -2
7369 7370 2
7370 7470 2
7370 7371 -2
7371 7471 2
7371 7372 2
7372 7472 2
7372 7373 2
7373 7473 -2
7373 7374 2
7374 7474 2
7374 7375 -2
7375 7475 -2
7375 7376 2
7376 7476 2
7376 7377 2
7377 7477 -2
7377 7378 2
7378 7478 -2
7378 7379 2
7379 7479 2
7379 7380 -2
7380 7480 -2
7380 7381 -2
7381 7481 2
7381 7382 2
7382 7482 -2
7382 7383 -2
7383 7483 -2
7383 7384 2
7384 7484 -2
7384 7385 2
7385 7485 -2
7385 7386 2
7386 7486 2
7386 7387 2
7387 7487 2
7387 7388 2
7388 7488 -2
7388 7389 -2
7389 7489 -2
7389 7390 2
7390 7490 -2
7390 7391 2
7391 7491 2
7391 7392 2
7392 7492 -2
7392 7393 2
7393 7493 2
7393 7394 2
7394 7494 -2
7394 7395 -2
7395 7495 -2
7395 7396 -2
7396 7496 2
7396 7397 -2
7397 7497 2
7397 7398 2
7398 7498 -2
7398 7399 2
7399 7499 -2
7400 7500 -2
7400 7499 -2
7400 7401 2
7401 7501 2
7401 7402 -2
7402 7502 -2
7402 7403 -2
7403 7503 -2
7403 7404 -2
7404 7504 -2
7404 7405 -2
7405 7505 2
7405 7406 -2
7406 7506 -2
7406 7407 2
7407 7507 -2
7407 7408 2
7408 7508 2
7408 7409 2
7409 7509 -2
7409 7410 2
7410 7510 2
7410 7411 -2
7411 7511 2
7411 7412 2
7412 7512 -2
7412 7413 -2
7413 7513 -2
7413 7414 2
7414 7514 -2
7414 7415 -2
7415 7515 2
7415 7416 2
7416 7516 2
7416 7417 -2
7417 7517 -2
7417 7418 -2
7418 7518 2
7418 7419 -2
7419 7519 -2
7419 7420 2
7420 7520 2
7420 7421 -2
7421 7521 2
7421 7422 2
7422 7522 2
7422 7423 -2
7423 7523 -2
7423 7424 2
7424 7524 2
7424 7425 -2
7425 7525 2
7425 7426 -2
7426 7526 2
7426 7427 2
7427 7527 -2
7427 7428 2
7428 7528 2
7428 7429 -2
7429 7529 -2
7429 7430 2
7430 7530 -2
7430 7431 -2
7431 7531 -2
7431 7432 -2
7432 7532 -2
7432 7433 2
7433 7533 -2
7433 7434 2
7434 7534 2
7434 7435 -2
7435 7535 -2
7435 7436 -2
7436 7536 -2
7436 7437 2
7437 7537 -2
7437 7438 2
7438 7538 -2
7438 7439 -2
7439 7539 2
7439 7440 -2
7440 7540 -2
7440 7441 -2
7441 7541 -2
7441 7442 2
7442 7542 -2
7442 7443 -2
7443 7543 -2
7443 7444 -2
7444 7544 -2
7444 7445 -2
7445 7545 -2
7445 7446 2
7446 7546 -2
7446 7447 -2
7447 7547 2
7447 7448 2
7448 7548 2
7448 7449 2
7449 7549 2
7449 7450 -2
7450 7550 -2
7450 7451 2
7451 7551 -2
7451 7452 -2
7452 7552 -2
7452 7453 -2
7453 7553 2
7453 7454 2
7454 7554 -2
7454 7455 2
7455 7555 2
7455 7456 2
7456 7556 -2
7456 7457 -2
7457 7557 2
7457 7458 -2
7458 7558 -2
7458 7459 2
7459 7559 2
7459 7460 -2
7460 7560 2
7460 7461 2
7461 7561 -2
7461 7462 2
7462 7562 -2
7462 7463 2
7463 7563 2
7463 7464 -2
7464 7564 -2
7464 7465 -2
7465 7565 -2
7465 7466 -2
7466 7566 2
7466 7467 2
7467 7567 -2
7467 7468 2
7468 7568 -2
7468 7469 -2
7469 7569 -2
7469 7470 -2
7470 7570 -2
7470 7471 2
7471 7571 2
7471 7472 -2
7472 7572 -2
7472 7473 2
7473 7573 2
7473 7474 -2
7474 7574 -2
7474 7475 2
7475 7575 2
7475 7476 -2
7476 7576 2
7476 7477 -2
7477 7577 2
7477 7478 -2
7478 7578 2
7478 7479 -2
7479 7579 -2
7479 7480 2
7480 7580 -2
7480 7481 -2
7481 7581 2
7481 7482 -2
7482 7582 -2
7482 7483 2
7483 7583 2
7483 7484 -2
7484 7584 -2
7484 7485 -2
7485 7585 2
7485 7486 2
7486 7586 2
7486 7487 -2
7487 7587 -2
7487 7488 2
7488 7588 2
7488 7489 2
7489 7589 2
7489 7490 2
7490 7590 2
7490 7491 -2
7491 7591 2
7491 7492 -2
7492 7592 -2
7492 7493 -2
7493 7593 -2
7493 7494 2
7494 7594 -2
7494 7495 -2
7495 7595 -2
7495 7496 -2
7496 7596 -2
7496 7497 2
7497 7597 2
7497 7498 2
7498 7598 -2
7498 7499 2
7499 7599 -2
7500 7600 -2
7500 7599 -2
7500 7501 2
7501 7601 -2
7501 7502 2
7502 7602 -2
7502 7503 2
7503 7603 2
7503 7504 -2
7504 7604 -2
7504 7505 -2
7505 7605 -2
7505 7506 -2
7506 7606 2
7506 7507 -2
7507 7607 2
7507 7508 -2
7508 7608 -2
7508 7509 2
7509 7609 2
7509 7510 2
7510 7610 2
7510 7511 -2
7511 7611 -2
7511 7512 -2
7512 7612 -2
7512 7513 -2
7513 7613 2
7513 7514 -2
7514 7614 2
7514 7515 -2
7515 7615 2
7515 7516 2
7516 7616 2
7516 7517 -2
7517 7617 2
7517 7518 2
7518 7618 2
7518 7519 2
7519 7619 2
7519 7520 2
7520 7620 2
7520 7521 2
7521 7621 -2
7521 7522 2
7522 7622 2
7522 7523 2
7523 7623 -2
7523 7524 -2
7524 7624 -2
7524 7525 2
7525 7625 -2
7525 7526 2
7526 7626 2
7526 7527 -2
7527 7627 -2
7527 7528 -2
7528 7628 -2
7528 7529 2
7529 7629 -2
7529 7530 -2
7530 7630 2
7530 7531 -2
7531 7631 2
7531 7532 2
7532 7632 2
7532 7533 2
7533 7633 2
7533 7534 2
7534 7634 2
7534 7535 2
7535 7635 -2
7535 7536 -2
7536 7636 2
7536 7537 -2
7537 7637 2
7537 7538 2
7538 7638 -2
7538 7539 -2
7539 7639 2
7539 7540 -2
7540 7640 2
7540 7541 2
7541 7641 2
7541 7542 2
7542 7642 -2
7542 7543 2
7543 7643 2
7543 7544 2
7544 7644 -2
7544 7545 2
7545 7645 -2
7545 7546 -2
7546 7646 -2
7546 7547 2
7547 7647 2
7547 7548 -2
7548 7648 2
7548 7549 -2
7549 7649 2
7549 7550 2
7550 7650 2
7550 7551 2
7551 7651 2
7551 7552 -2
7552 7652 2
7552 7553 -2
7553 7653 2
7553 7554 -2
7554 7654 -2
7554 7555 -2
7555 7655 -2
7555 7556 -2
7556 7656 -2
7556 7557 -2
7557 7657 2
7557 7558 2
7558 7658 2
7558 7559 -2
7559 7659 -2
7559 7560 2
7560 7660 -2
7560 7561 -2
7561 7661 -2
7561 7562 -2
7562 7662 -2
7562 7563 2
7563 7663 2
7563 7564 -2
7564 7664 -2
7564 7565 -2
7565 7665 -2
7565 7566 2
7566 7666 -2
7566 7567 2
7567 7667 2
7567 7568 -2
7568 7668 -2
7568 7569 2
7569 7669 2
7569 7570 2
7570 7670 -2
7570 7571 2
7571 7671 -2
7571 7572 2
7572 7672 -2
7572 7573 -2
7573 7673 2
7573 7574 -2
7574 7674 -2
7574 7575 -2
7575 7675 2
7575 7576 -2
7576 7676 -2
7576 7577 2
7577 7677 2
7577 7578 -2
7578 7678 2
7578 7579 -2
7579 7679 2
7579 7580 2
7580 7680 2
7580 7581 -2
7581 7681 -2
7581 7582 2
7582 7682 2
7582 7583 -2
7583 7683 2
7583 7584 2
7584 7684 2
7584 7585 -2
7585 7685 2
7585 7586 -2
7586 7686 2
7586 7587 2
7587 7687 2
7587 7588 2
7588 7688 -2
7588 7589 -2
7589 7689 -2
7589 7590 2
7590 7690 -2
7590 7591 2
7591 7691 2
7591 7592 -2
7592 7692 2
7592 7593 2
7593 7693 -2
7593 7594 2
7594 7694 2
7594 7595 2
7595 7695 2
7595 7596 2
7596 7696 2
7596 7597 2
7597 7697 -2
7597 7598 -2
7598 7698 -2
7598 7599 2
7599 7699 -2
7600 7700 -2
7600 7699 2
7600 7601 2
7601 7701 -2
7601 7602 -2
7602 7702 2
7602 7603 2
7603 7703 2
7603 7604 -2
7604 7704 -2
7604 7605 2
7605 7705 2
7605 7606 2
7606 7706 -2
7606 7607 -2
7607 7707 2
7607 7608 2
7608 7708 -2
7608 7609 -2
7609 7709 2
7609 7610 -2
7610 7710 2
7610 7611 2
7611 7711 2
7611 7612 -2
7612 7712 2
7612 7613 -2
7613 7713 -2
7613 7614 -2
7614 7714 2
7614 7615 -2
7615 7715 2
7615 7616 -2
7616 7716 2
7616 7617 -2
7617 7717 2
7617 7618 -2
7618 7718 -2
7618 7619 2
7619 7719 -2
7619 7620 -2
7620 7720 -2
7620 7621 -2
7621 7721 -2
7621 7622 -2
7622 7722 2
7622 7623 -2
7623 7723 -2
7623 7624 -2
7624 7724 -2
7624 7625 -2
7625 7725 2
7625 7626 -2
7626 7726 2
7626 7627 -2
7627 7727 2
7627 7628 2
7628 7728 2
7628 7629 -2
7629 7729 -2
7629 7630 2
7630 7730 2
7630 7631 -2
7631 7731 2
7631 7632 -2
7632 7732 2
7632 7633 -2
7633 7733 -2
7633 7634 2
7634 7734 -2
7634 7635 2
7635 7735 2
7635 7636 2
7636 7736 2
7636 7637 -2
7637 7737 2
7637 7638 -2
7638 7738 -2
7638 7639 -2
7639 7739 2
7639 7640 -2
7640 7740 -2
7640 7641 -2
7641 7741 -2
7641 7642 -2
7642 7742 -2
7642 7643 2
7643 7743 2
7643 7644 -2
7644 7744 -2
7644 7645 2
7645 7745 2
7645 7646 2
7646 7746 -2
7646 7647 -2
7647 7747 -2
7647 7648 2
7648 7748 2
7648 7649 2
7649 7749 2
7649 7650 2
7650 7750 -2
7650 7651 2
7651 7751 2
7651 7652 -2
7652 7752 2
7652 7653 -2
7653 7753 2
7653 7654 2
7654 7754 -2
7654 7655 -2
7655 7755 2
7655 7656 2
7656 7756 2
7656 7657 -2
7657 7757 -2
7657 7658 2
7658 7758 -2
7658 7659 2
7659 7759 2
7659 7660 2
7660 7760 2
7660 7661 -2
7661 7761 2
7661 7662 -2
7662 7762 -2
7662 7663 2
7663 7763 2
7663 7664 -2
7664 7764 2
7664 7665 2
7665 7765 2
7665 7666 -2
7666 7766 -2
7666 7667 2
7667 7767 -2
7667 7668 -2
7668 7768 2
7668 7669 -2
7669 7769 2
7669 7670 -2
7670 7770 -2
7670 7671 -2
7671 7771 2
7671 7672 -2
7672 7772 2
7672 7673 -2
7673 7773 -2
7673 7674 -2
7674 7774 2
7674 7675 -2
7675 7775 -2
7675 7676 2
7676 7776 2
7676 7677 2
7677 7777 2
7677 7678 -2
7678 7778 2
7678 7679 2
7679 7779 -2
7679 7680 2
7680 7780 -2
7680 7681 2
7681 7781 2
7681 7682 2
7682 7782 -2
7682 7683 2
7683 7783 -2
7683 7684 -2
7684 7784 2
7684 7685 -2
7685 7785 2
7685 7686 -2
7686 7786 -2
7686 7687 2
7687 7787 -2
7687 7688 -2
7688 7788 -2
7688 7689 -2
7689 7789 -2
7689 7690 -2
7690 7790 -2
7690 7691 -2
7691 7791 -2
7691 7692 -2
7692 7792 -2
7692 7693 -2
7693 7793 -2
7693 7694 2
7694 7794 -2
7694 7695 -2
7695 7795 2
7695 7696 2
7696 7796 2
7696 7697 -2
7697 7797 -2
7697 7698 -2
7698 7798 2
7698 7699 -2
7699 7799 2
7700 7800 2
7700 7799 -2
7700 7701 2
7701 7801 -2
7701 7702 -2
7702 7802 2
7702 7703 2
7703 7803 -2
7703 7704 2
7704 7804 2
7704 7705 2
7705 7805 -2
7705 7706 2
7706 7806 -2
7706 7707 -2
7707 7807 -2
7707 7708 2
7708 7808 -2
7708 7709 2
7709 7809 2
7709 7710 2
7710 7810 2
7710 7711 -2
7711 7811 2
7711 7712 2
7712 7812 2
7712 7713 -2
7713 7813 -2
7713 7714 -2
7714 7814 2
7714 7715 2
7715 7815 -2
7715 7716 -2
7716 7816 -2
7716 7717 -2
7717 7817 -2
7717 7718 -2
7718 7818 2
7718 7719 -2
7719 7819 2
7719 7720 2
7720 7820 2
7720 7721 -2
7721 7821 -2
7721 7722 2
7722 7822 -2
7722 7723 -2
7723 7823 2
7723 7724 -2
7724 7824 2
7724 7725 2
7725 7825 -2
7725 7726 -2
7726 7826 -2
7726 7727 2
7727 7827 -2
7727 7728 -2
7728 7828 -2
7728 7729 -2
7729 7829 -2
7729 7730 -2
7730 7830 2
7730 7731 -2
7731 7831 2
7731 7732 2
7732 7832 2
7732 7733 -2
7733 7833 -2
7733 7734 2
7734 7834 -2
7734 7735 -2
7735 7835 2
7735 7736 -2
7736 7836 2
7736 7737 -2
7737 7837 -2
7737 7738 2
7738 7838 -2
7738 7739 2
7739 7839 2
7739 7740 2
7740 7840 -2
7740 7741 2
7741 7841 2
7741 7742 2
7742 7842 2
7742 7743 2
7743 7843 2
7743 7744 -2
7744 7844 -2
7744 7745 -2
7745 7845 2
7745 7746 2
7746 7846 -2
7746 7747 -2
7747 7847 -2
7747 7748 -2
7748 7848 -2
7748 7749 2
7749 7849 2
7749 7750 -2
7750 7850 -2
7750 7751 -2
7751 7851 -2
7751 7752 -2
7752 7852 -2
7752 7753 2
7753 7853 2
7753 7754 -2
7754 7854 -2
7754 7755 2
7755 7855 2
7755 7756 -2
7756 7856 -2
7756 7757 -2
7757 7857 2
7757 7758 -2
7758 7858 -2
7758 7759 2
7759 7859 2
7759 7760 -2
7760 7860 2
7760 7761 2
7761 7861 2
7761 7762 2
7762 7862 -2
7762 7763 -2
7763 7863 2
7763 7764 2
7764 7864 2
7764 7765 -2
7765 7865 2
7765 7766 -2
7766 7866 -2
7766 7767 2
7767 7867 -2
7767 7768 -2
7768 7868 -2
7768 7769 2
7769 7869 2
7769 7770 -2
7770 7870 2
7770 7771 2
7771 7871 -2
7771 7772 2
7772 7872 2
7772 7773 2
7773 7873 -2
7773 7774 2
7774 7874 -2
7774 7775 2
7775 7875 2
7775 7776 -2
7776 7876 2
7776 7777 -2
7777 7877 -2
7777 7778 -2
7778 7878 2
7778 7779 -2
7779 7879 2
7779 7780 -2
7780 7880 2
7780 7781 -2
7781 7881 -2
7781 7782 2
7782 7882 -2
7782 7783 -2
7783 7883 -2
7783 7784 2
7784 7884 2
7784 7785 -2
7785 7885 2
7785 7786 2
7786 7886 -2
7786 7787 2
7787 7887 -2
7787 7788 -2
7788 7888 2
7788 7789 -2
7789 7889 -2
7789 7790 2
7790 7890 -2
7790 7791 -2
7791 7891 -2
7791 7792 2
7792 7892 2
7792 7793 -2
7793 7893 -2
7793 7794 2
7794 7894 -2
7794 7795 -2
7795 7895 2
7795 7796 2
7796 7896 -2
7796 7797 2
7797 7897 2
7797 7798 -2
7798 7898 2
7798 7799 -2
7799 7899 -2
7800 7900 2
7800 7899 -2
7800 7801 2
7801 7901 2
7801 7802 2
7802 7902 -2
7802 7803 2
7803 7903 2
7803 7804 -2
7804 7904 2
7804 7805 2
7805 7905 -2
7805 7806 2
7806 7906 2
7806 7807 -2
7807 7907 2
7807 7808 2
7808 7908 2
7808 7809 -2
7809 7909 2
7809 7810 2
7810 7910 -2
7810 7811 -2
7811 7911 2
7811 7812 -2
7812 7912 2
7812 7813 2
7813 7913 -2
7813 7814 2
7814 7914 -2
7814 7815 -2
7815 7915 2
7815 7816 2
7816 7916 2
7816 7817 2
7817 7917 -2
7817 7818 2
7818 7918 2
7818 7819 2
7819 7919 -2
7819 7820 -2
7820 7920 2
7820 7821 2
7821 7921 -2
7821 7822 2
7822 7922 -2
7822 7823 2
7823 7923 2
7823 7824 2
7824 7924 2
7824 7825 2
7825 7925 2
7825 7826 2
7826 7926 2
7826 7827 -2
7827 7927 2
7827 7828 -2
7828 7928 2
7828 7829 2
7829 7929 2
7829 7830 2
7830 7930 2
7830 7831 2
7831 7931 2
7831 7832 2
7832 7932 2
7832 7833 2
7833 7933 2
7833 7834 2
7834 7934 -2
7834 7835 -2
7835 7935 -2
7835 7836 2
7836 7936 -2
7836 7837 -2
7837 7937 2
7837 7838 -2
7838 7938 2
7838 7839 -2
7839 7939 -2
7839 7840 -2
7840 7940 -2
7840 7841 -2
7841 7941 -2
7841 7842 2
7842 7942 2
7842 7843 2
7843 7943 -2
7843 7844 2
7844 7944 2
7844 7845 -2
7845 7945 -2
7845 7846 -2
7846 7946 2
7846 7847 -2
7847 7947 -2
7847 7848 2
7848 7948 -2
7848 7849 -2
7849 7949 2
7849 7850 2
7850 7950 2
7850 7851 2
7851 7951 2
7851 7852 -2
7852 7952 2
7852 7853 2
7853 7953 2
7853 7854 2
7854 7954 2
7854 7855 -2
7855 7955 2
7855 7856 -2
7856 7956 -2
7856 7857 -2
7857 7957 2
7857 7858 2
7858 7958 -2
7858 7859 -2
7859 7959 -2
7859 7860 -2
7860 7960 2
7860 7861 -2
7861 7961 -2
7861 7862 2
7862 7962 -2
7862 7863 -2
7863 7963 -2
7863 7864 2
7864 7964 -2
7864 7865 -2
7865 7965 -2
7865 7866 -2
7866 7966 2
7866 7867 2
7867 7967 2
7867 7868 2
7868 7968 2
7868 7869 2
7869 7969 2
7869 7870 -2
7870 7970 2
7870 7871 -2
7871 7971 2
7871 7872 2
7872 7972 -2
7872 7873 -2
7873 7973 -2
7873 7874 -2
7874 7974 -2
7874 7875 2
7875 7975 -2
7875 7876 2
7876 7976 -2
7876 7877 2
7877 7977 2
7877 7878 2
7878 7978 2
7878 7879 -2
7879 7979 2
7879 7880 2
7880 7980 -2
7880 7881 -2
7881 7981 -2
7881 7882 2
7882 7982 -2
7882 7883 -2
7883 7983 -2
7883 7884 -2
7884 7984 -2
7884 7885 -2
7885 7985 -2
7885 7886 2
7886 7986 -2
7886 7887 2
7887 7987 2
7887 7888 2
7888 7988 -2
7888 7889 -2
7889 7989 -2
7889 7890 -2
7890 7990 -2
7890 7891 2
7891 7991 2
7891 7892 -2
7892 7992 2
7892 7893 2
7893 7993 2
7893 7894 -2
7894 7994 -2
7894 7895 2
7895 7995 -2
7895 7896 -2
7896 7996 -2
7896 7897 2
7897 7997 -2
7897 7898 2
7898 7998 -2
7898 7899 -2
7899 7999 2
7900 8000 -2
7900 7999 2
7900 7901 -2
7901 8001 -2
7901 7902 -2
7902 8002 2
7902 7903 -2
7903 8003 -2
7903 7904 -2
7904 8004 2
7904 7905 2
7905 8005 2
7905 7906 -2
7906 8006 2
7906 7907 2
7907 8007 2
7907 7908 -2
7908 8008 -2
7908 7909 -2
7909 8009 -2
7909 7910 -2
7910 8010 -2
7910 7911 2
7911 8011 -2
7911 7912 -2
7912 8012 2
7912 7913 -2
7913 8013 -2
7913 7914 -2
7914 8014 -2
7914 7915 -2
7915 8015 2
7915 7916 -2
7916 8016 -2
7916 7917 -2
7917 8017 -2
7917 7918 2
7918 8018 2
7918 7919 -2
7919 8019 -2
7919 7920 -2
7920 8020 -2
7920 7921 -2
7921 8021 2
7921 7922 -2
7922 8022 -2
7922 7923 2
7923 8023 -2
7923 7924 -2
7924 8024 -2
7924 7925 2
7925 8025 -2
7925 7926 2
7926 8026 2
7926 7927 2
7927 8027 -2
7927 7928 2
7928 8028 -2
7928 7929 2
7929 8029 -2
7929 7930 2
7930 8030 2
7930 7931 2
7931 8031 2
7931 7932 2
7932 8032 2
7932 7933 2
7933 8033 -2
7933 7934 -2
7934 8034 2
7934 7935 2
7935 8035 2
7935 7936 2
7936 8036 2
7936 7937 2
7937 8037 2
7937 7938 2
7938 8038 2
7938 7939 -2
7939 8039 -2
7939 7940 -2
7940 8040 -2
7940 7941 2
7941 8041 -2
7941 7942 -2
7942 8042 2
7942 7943 2
7943 8043 2
7943 7944 -2
7944 8044 -2
7944 7945 -2
7945 8045 -2
7945 7946 2
7946 8046 -2
7946 7947 -2
7947 8047 2
7947 7948 2
7948 8048 2
7948 7949 2
7949 8049 2
7949 7950 2
7950 8050 -2
7950 7951 -2
7951 8051 -2
7951 7952 2
7952 8052 2
7952 7953 -2
7953 8053 -2
7953 7954 2
7954 8054 -2
7954 7955 2
7955 8055 2
7955 7956 2
7956 8056 -2
7956 7957 2
7957 8057 -2
7957 7958 2
7958 8058 -2
7958 7959 2
7959 8059 2
7959 7960 -2
7960 8060 2
7960 7961 2
7961 8061 -2
7961 7962 -2
7962 8062 -2
7962 7963 2
7963 8063 2
7963 7964 2
7964 8064 -2
7964 7965 -2
7965 8065 2
7965 7966 -2
7966 8066 2
7966 7967 2
7967 8067 -2
7967 7968 2
7968 8068 2
7968 7969 2
7969 8069 2
7969 7970 -2
7970 8070 2
7970 7971 -2
7971 8071 -2
7971 7972 2
7972 8072 -2
7972 7973 2
7973 8073 -2
7973 7974 2
7974 8074 2
7974 7975 -2
7975 8075 -2
7975 7976 -2
7976 8076 2
7976 7977 2
7977 8077 -2
7977 7978 2
7978 8078 2
7978 7979 2
7979 8079 2
7979 7980 2
7980 8080 2
7980 7981 2
7981 8081 -2
7981 7982 2
7982 8082 -2
7982 7983 -2
7983 8083 2
7983 7984 2
7984 8084 -2
7984 7985 -2
7985 8085 2
7985 7986 -2
7986 8086 -2
7986 7987 -2
7987 8087 2
7987 7988 -2
7988 8088 -2
7988 7989 2
7989 8089 2
7989 7990 -2
7990 8090 -2
7990 7991 2
7991 8091 -2
7991 7992 -2
7992 8092 2
7992 7993 2
7993 8093 2
7993 7994 2
7994 8094 2
7994 7995 2
7995 8095 -2
7995 7996 2
7996 8096 2
7996 7997 -2
7997 8097 -2
7997 7998 -2
7998 8098 2
7998 7999 2
7999 8099 2
8000 8100 2
8000 8099 2
8000 8001 2
8001 8101 2
8001 8002 -2
8002 8102 2
8002 8003 -2
8003 8103 2
8003 8004 -2
8004 8104 2
8004 8005 -2
8005 8105 2
8005 8006 -2
8006 8106 -2
8006 8007 -2
8007 8107 2
8007 8008 -2
8008 8108 2
8008 8009 -2
8009 8109 -2
8009 8010 -2
8010 8110 -2
8010 8011 -2
8011 8111 2
8011 8012 -2
8012 8112 -2
8012 8013 -2
8013 8113 -2
8013 8014 2
8014 8114 -2
8014 8015 2
8015 8115 2
8015 8016 2
8016 8116 2
8016 8017 -2
8017 8117 -2
8017 8018 2
8018 8118 -2
8018 8019 2
8019 8119 -2
8019 8020 2
8020 8120 -2
8020 8021 -2
8021 8121 2
8021 8022 -2
8022 8122 -2
8022 8023 2
8023 8123 -2
8023 8024 -2
8024 8124 -2
8024 8025 2
8025 8125 -2
8025 8026 2
8026 8126 -2
8026 8027 -2
8027 8127 2
8027 8028 2
8028 8128 -2
8028 8029 2
8029 8129 -2
8029 8030 2
8030 8130 2
8030 8031 2
8031 8131 -2
8031 8032 -2
8032 8132 2
8032 8033 2
8033 8133 -2
8033 8034 2
8034 8134 2
8034 8035 -2
8035 8135 -2
8035 8036 -2
8036 8136 2
8036 8037 -2
8037 8137 2
8037 8038 -2
8038 8138 -2
8038 8039 2
8039 8139 2
8039 8040 -2
8040 8140 2
8040 8041 -2
8041 8141 -2
8041 8042 -2
8042 8142 -2
8042 8043 -2
8043 8143 -2
8043 8044 2
8044 8144 2
8044 8045 2
8045 8145 -2
8045 8046 -2
8046 8146 2
8046 8047 2
8047 8147 -2
8047 8048 2
8048 8148 2
8048 8049 -2
8049 8149 2
8049 8050 -2
8050 8150 -2
8050 8051 -2
8051 8151 2
8051 8052 -2
8052 8152 2
8052 8053 -2
8053 8153 2
8053 8054 -2
8054 8154 2
8054 8055 2
8055 8155 2
8055 8056 -2
8056 8156 2
8056 8057 2
8057 8157 2
8057 8058 -2
8058 8158 -2
8058 8059 2
8059 8159 2
8059 8060 2
8060 8160 2
8060 8061 2
8061 8161 2
8061 8062 -2
8062 8162 -2
8062 8063 -2
8063 8163 2
8063 8064 -2
8064 8164 2
8064 8065 2
8065 8165 2
8065 8066 -2
8066 8166 2
8066 8067 -2
8067 8167 2
8067 8068 -2
8068 8168 2
8068 8069 2
8069 8169 -2
8069 8070 -2
8070 8170 -2
8070 8071 2
8071 8171 -2
8071 8072 -2
8072 8172 -2
8072 8073 2
8073 8173 -2
8073 8074 2
8074 8174 -2
8074 8075 -2
8075 8175 2
8075 8076 2
8076 8176 2
8076 8077 -2
8077 8177 2
8077 8078 -2
8078 8178 -2
8078 8079 2
8079 8179 2
8079 8080 2
8080 8180 2
8080 8081 2
8081 8181 -2
8081 8082 -2
8082 8182 -2
8082 8083 2
8083 8183 2
8083 8084 2
8084 8184 2
8084 8085 2
8085 8185 -2
8085 8086 -2
8086 8186 2
8086 8087 -2
8087 8187 -2
8087 8088 -2
8088 8188 2
8088 8089 2
8089 8189 2
8089 8090 -2
8090 8190 -2
8090 8091 -2
8091 8191 2
8091 8092 -2
8092 8192 -2
8092 8093 -2
8093 8193 -2
8093 8094 2
8094 8194 -2
8094 8095 -2
8095 8195 -2
8095 8096 2
8096 8196 2
8096 8097 -2
8097 8197 2
8097 8098 -2
8098 8198 2
8098 8099 2
8099 8199 -2
8100 8200 -2
8100 8199 -2
8100 8101 -2
8101 8201 2
8101 8102 -2
8102 8202 -2
8102 8103 2
8103 8203 2
8103 8104 2
8104 8204 2
8104 8105 2
8105 8205 -2
8105 8106 -2
8106 8206 -2
8106 8107 2
8107 8207 -2
8107 8108 -2
8108 8208 -2
8108 8109 -2
8109 8209 2
8109 8110 -2
8110 8210 -2
8110 8111 2
8111 8211 -2
8111 8112 -2
8112 8212 2
8112 8113 -2
8113 8213 -2
8113 8114 -2
8114 8214 -2
8114 8115 -2
8115 8215 -2
8115 8116 -2
8116 8216 2
8116 8117 -2
8117 8217 2
8117 8118 2
8118 8218 2
8118 8119 -2
8119 8219 2
8119 8120 -2
8120 8220 -2
8120 8121 -2
8121 8221 2
8121 8122 -2
8122 8222 -2
8122 8123 -2
8123 8223 2
8123 8124 2
8124 8224 -2
8124 8125 2
8125 8225 -2
8125 8126 2
8126 8226 -2
8126 8127 2
8127 8227 2
8127 8128 2
8128 8228 2
8128 8129 2
8129 8229 2
8129 8130 2
8130 8230 2
8130 8131 2
8131 8231 2
8131 8132 -2
8132 8232 -2
8132 8133 -2
8133 8233 -2
8133 8134 -2
8134 8234 -2
8134 8135 -2
8135 8235 -2
8135 8136 -2
8136 8236 -2
8136 8137 -2
8137 8237 -2
8137 8138 -2
8138 8238 2
8138 8139 2
8139 8239 2
8139 8140 2
8140 8240 2
8140 8141 -2
8141 8241 2
8141 8142 2
8142 8242 -2
8142 8143 -2
8143 8243 -2
8143 8144 2
8144 8244 2
8144 8145 -2
8145 8245 2
8145 8146 2
8146 8246 -2
8146 8147 2
8147 8247 -2
8147 8148 -2
8148 8248 2
8148 8149 -2
8149 8249 2
8149 8150 -2
8150 8250 2
8150 8151 2
8151 8251 2
8151 8152 -2
8152 8252 -2
8152 8153 -2
8153 8253 2
8153 8154 2
8154 8254 2
8154 8155 2
8155 8255 -2
8155 8156 2
8156 8256 2
8156 8157 2
8157 8257 -2
8157 8158 -2
8158 8258 -2
8158 8159 -2
8159 8259 -2
8159 8160 -2
8160 8260 2
8160 8161 2
8161 8261 2
8161 8162 -2
8162 8262 2
8162 8163 -2
8163 8263 -2
8163 8164 -2
8164 8264 2
8164 8165 -2
8165 8265 -2
8165 8166 2
8166 8266 -2
8166 8167 -2
8167 8267 2
8167 8168 -2
8168 8268 -2
8168 8169 -2
8169 8269 2
8169 8170 2
8170 8270 2
8170 8171 2
8171 8271 -2
8171 8172 -2
8172 8272 -2
8172 8173 2
8173 8273 2
8173 8174 -2
8174 8274 -2
8174 8175 2
8175 8275 2
8175 8176 -2
8176 8276 -2
8176 8177 2
8177 8277 -2
8177 8178 2
8178 8278 2
8178 8179 2
8179 8279 2
8179 8180 2
8180 8280 2
8180 8181 2
8181 8281 2
8181 8182 -2
8182 8282 -2
8182 8183 2
8183 8283 2
8183 8184 2
8184 8284 -2
8184 8185 -2
8185 8285 -2
8185 8186 -2
8186 8286 2
8186 8187 2
8187 8287 2
8187 8188 2
8188 8288 -2
8188 8189 -2
8189 8289 -2
8189 8190 -2
8190 8290 -2
8190 8191 -2
8191 8291 2
8191 8192 2
8192 8292 2
8192 8193 -2
8193 8293 -2
8193 8194 2
8194 8294 2
8194 8195 2
8195 8295 -2
8195 8196 -2
8196 8296 2
8196 8197 -2
8197 8297 -2
8197 8198 -2
8198 8298 2
8198 8199 2
8199 8299 -2
8200 8300 -2
8200 8299 -2
8200 8201 2
8201 8301 -2
8201 8202 2
8202 8302 -2
8202 8203 -2
8203 8303 2
8203 8204 2
8204 8304 -2
8204 8205 -2
8205 8305 2
8205 8206 -2
8206 8306 -2
8206 8207 -2
8207 8307 -2
8207 8208 2
8208 8308 2
8208 8209 -2
8209 8309 -2
8209 8210 -2
8210 8310 2
8210 8211 -2
8211 8311 -2
8211 8212 -2
8212 8312 2
8212 8213 -2
8213 8313 -2
8213 8214 2
8214 8314 2
8214 8215 2
8215 8315 2
8215 8216 2
8216 8316 2
8216 8217 -2
8217 8317 -2
8217 8218 2
8218 8318 2
8218 8219 2
8219 8319 2
8219 8220 -2
8220 8320 -2
8220 8221 2
8221 8321 -2
8221 8222 -2
8222 8322 -2
8222 8223 2
8223 8323 2
8223 8224 -2
8224 8324 2
8224 8225 -2
8225 8325 -2
8225 8226 -2
8226 8326 -2
8226 8227 -2
8227 8327 2
8227 8228 -2
8228 8328 2
8228 8229 -2
8229 8329 2
8229 8230 2
8230 8330 2
8230 8231 -2
8231 8331 -2
8231 8232 -2
8232 8332 -2
8232 8233 -2
8233 8333 2
8233 8234 2
8234 8334 -2
8234 8235 -2
8235 8335 2
8235 8236 2
8236 8336 -2
8236 8237 -2
8237 8337 -2
8237 8238 2
8238 8338 2
8238 8239 -2
8239 8339 2
8239 8240 -2
8240 8340 -2
8240 8241 -2
8241 8341 -2
8241 8242 2
8242 8342 2
8242 8243 2
8243 8343 2
8243 8244 -2
8244 8344 -2
8244 8245 2
8245 8345 2
8245 8246 2
8246 8346 -2
8246 8247 -2
8247 8347 -2
8247 8248 -2
8248 8348 -2
8248 8249 -2
8249 8349 -2
8249 8250 -2
8250 8350 2
8250 8251 -2
8251 8351 2
8251 8252 2
8252 8352 -2
8252 8253 -2
8253 8353 2
8253 8254 -2
8254 8354 2
8254 8255 -2
8255 8355 2
8255 8256 2
8256 8356 -2
8256 8257 2
8257 8357 2
8257 8258 -2
8258 8358 -2
8258 8259 2
8259 8359 2
8259 8260 -2
8260 8360 -2
8260 8261 2
8261 8361 2
8261 8262 -2
8262 8362 -2
8262 8263 2
8263 8363 2
8263 8264 -2
8264 8364 2
8264 8265 2
8265 8365 2
8265 8266 -2
8266 8366 2
8266 8267 2
8267 8367 2
8267 8268 -2
8268 8368 -2
8268 8269 -2
8269 8369 -2
8269 8270 2
8270 8370 -2
8270 8271 2
8271 8371 2
8271 8272 -2
8272 8372 -2
8272 8273 -2
8273 8373 -2
8273 8274 -2
8274 8374 -2
8274 8275 -2
8275 8375 -2
8275 8276 -2
8276 8376 2
8276 8277 2
8277 8377 -2
8277 8278 2
8278 8378 2
8278 8279 -2
8279 8379 2
8279 8280 -2
8280 8380 -2
8280 8281 -2
8281 8381 2
8281 8282 -2
8282 8382 -2
8282 8283 2
8283 8383 -2
8283 8284 2
8284 8384 -2
8284 8285 -2
8285 8385 -2
8285 8286 -2
8286 8386 2
8286 8287 2
8287 8387 -2
8287 8288 2
8288 8388 -2
8288 8289 2
8289 8389 -2
8289 8290 2
8290 8390 -2
8290 8291 2
8291 8391 -2
8291 8292 2
8292 8392 2
8292 8293 2
8293 8393 2
8293 8294 2
8294 8394 -2
8294 8295 -2
8295 8395 2
8295 8296 2
8296 8396 2
8296 8297 2
8297 8397 -2
8297 8298 -2
8298 8398 -2
8298 8299 -2
8299 8399 -2
8300 8400 2
8300 8399 2
8300 8301 -2
8301 8401 -2
8301 8302 2
8302 8402 2
8302 8303 -2
8303 8403 -2
8303 8304 -2
8304 8404 -2
8304 8305 -2
8305 8405 2
8305 8306 -2
8306 8406 2
8306 8307 2
8307 8407 2
8307 8308 2
8308 8408 2
8308 8309 2
8309 8409 2
8309 8310 -2
8310 8410 -2
8310 8311 2
8311 8411 -2
8311 8312 2
8312 8412 2
8312 8313 -2
8313 8413 -2
8313 8314 -2
8314 8414 2
8314 8315 2
8315 8415 -2
8315 8316 2
8316 8416 2
8316 8317 -2
8317 8417 2
8317 8318 -2
8318 8418 2
8318 8319 2
8319 8419 2
8319 8320 -2
8320 8420 2
8320 8321 2
8321 8421 2
8321 8322 -2
8322 8422 2
8322 8323 2
8323 8423 2
8323 8324 2
8324 8424 2
8324 8325 -2
8325 8425 -2
8325 8326 2
8326 8426 -2
8326 8327 2
8327 8427 2
8327 8328 2
8328 8428 -2
8328 8329 -2
8329 8429 -2
8329 8330 -2
8330 8430 -2
8330 8331 2
8331 8431 -2
8331 8332 2
8332 8432 -2
8332 8333 -2
8333 8433 -2
8333 8334 -2
8334 8434 2
8334 8335 -2
8335 8435 -2
8335 8336 -2
8336 8436 -2
8336 8337 -2
8337 8437 2
8337 8338 2
8338 8438 2
8338 8339 2
8339 8439 2
8339 8340 2
8340 8440 2
8340 8341 -2
8341 8441 2
8341 8342 -2
8342 8442 -2
8342 8343 -2
8343 8443 2
8343 8344 2
8344 8444 -2
8344 8345 2
8345 8445 2
8345 8346 -2
8346 8446 -2
8346 8347 -2
8347 8447 -2
8347 8348 2
8348 8448 -2
8348 8349 2
8349 8449 2
8349 8350 2
8350 8450 -2
8350 8351 2
8351 8451 -2
8351 8352 -2
8352 8452 2
8352 8353 -2
8353 8453 2
8353 8354 2
8354 8454 2
8354 8355 -2
8355 8455 -2
8355 8356 -2
8356 8456 -2
8356 8357 -2
8357 8457 2
8357 8358 2
8358 8458 2
8358 8359 2
8359 8459 -2
8359 8360 -2
8360 8460 2
8360 8361 -2
8361 8461 2
8361 8362 -2
8362 8462 2
8362 8363 -2
8363 8463 2
8363 8364 2
8364 8464 -2
8364 8365 2
8365 8465 -2
8365 8366 -2
8366 8466 -2
8366 8367 2
8367 8467 -2
8367 8368 -2
8368 8468 2
8368 8369 2
8369 8469 -2
8369 8370 -2
8370 8470 2
8370 8371 -2
8371 8471 -2
8371 8372 -2
8372 8472 -2
8372 8373 -2
8373 8473 2
8373 8374 2
8374 8474 -2
8374 8375 2
8375 8475 2
8375 8376 -2
8376 8476 -2
8376 8377 -2
8377 8477 2
8377 8378 2
8378 8478 2
8378 8379 -2
8379 8479 2
8379 8380 2
8380 8480 2
8380 8381 -2
8381 8481 -2
8381 8382 -2
8382 8482 2
8382 8383 2
8383 8483 2
8383 8384 -2
8384 8484 2
8384 8385 2
8385 8485 2
8385 8386 2
8386 8486 -2
8386 8387 2
8387 8487 -2
8387 8388 -2
8388 8488 2
8388 8389 2
8389 8489 -2
8389 8390 2
8390 8490 -2
8390 8391 -2
8391 8491 2
8391 8392 2
8392 8492 2
8392 8393 -2
8393 8493 -2
8393 8394 -2
8394 8494 -2
8394 8395 -2
8395 8495 2
8395 8396 2
8396 8496 2
8396 8397 -2
8397 8497 -2
8397 8398 2
8398 8498 2
8398 8399 2
8399 8499 2
8400 8500 -2
8400 8499 2
8400 8401 -2
8401 8501 2
8401 8402 -2
8402 8502 -2
8402 8403 2
8403 8503 -2
8403 8404 2
8404 8504 -2
8404 8405 -2
8405 8505 -2
8405 8406 -2
8406 8506 2
8406 8407 -2
8407 8507 2
8407 8408 -2
8408 8508 -2
8408 8409 -2
8409 8509 -2
8409 8410 -2
8410 8510 2
8410 8411 2
8411 8511 2
8411 8412 -2
8412 8512 2
8412 8413 2
8413 8513 -2
8413 8414 -2
8414 8514 2
8414 8415 -2
8415 8515 -2
8415 8416 2
8416 8516 -2
8416 8417 2
8417 8517 2
8417 8418 2
8418 8518 2
8418 8419 2
8419 8519 -2
8419 8420 2
8420 8520 -2
8420 8421 2
8421 8521 2
8421 8422 2
8422 8522 2
8422 8423 2
8423 8523 -2
8423 8424 2
8424 8524 -2
8424 8425 -2
8425 8525 2
8425 8426 -2
8426 8526 2
8426 8427 2
8427 8527 2
8427 8428 -2
8428 8528 2
8428 8429 -2
8429 8529 2
8429 8430 -2
8430 8530 -2
8430 8431 -2
8431 8531 2
8431 8432 -2
8432 8532 -2
8432 8433 2
8433 8533 2
8433 8434 2
8434 8534 2
8434 8435 -2
8435 8535 2
8435 8436 -2
8436 8536 -2
8436 8437 -2
8437 8537 -2
8437 8438 2
8438 8538 -2
8438 8439 -2
8439 8539 2
8439 8440 2
8440 8540 2
8440 8441 2
8441 8541 2
8441 8442 -2
8442 8542 2
8442 8443 -2
8443 8543 -2
8443 8444 -2
8444 8544 -2
8444 8445 2
8445 8545 2
8445 8446 -2
8446 8546 2
8446 8447 2
8447 8547 -2
8447 8448 -2
8448 8548 -2
8448 8449 2
8449 8549 -2
8449 8450 2
8450 8550 2
8450 8451 -2
8451 8551 2
8451 8452 2
8452 8552 2
8452 8453 -2
8453 8553 -2
8453 8454 -2
8454 8554 2
8454 8455 2
8455 8555 2
8455 8456 -2
8456 8556 -2
8456 8457 -2
8457 8557 2
8457 8458 -2
8458 8558 2
8458 8459 2
8459 8559 2
8459 8460 -2
8460 8560 2
8460 8461 -2
8461 8561 2
8461 8462 -2
8462 8562 -2
8462 8463 -2
8463 8563 -2
8463 8464 2
8464 8564 2
8464 8465 2
8465 8565 -2
8465 8466 2
8466 8566 -2
8466 8467 -2
8467 8567 2
8467 8468 2
8468 8568 -2
8468 8469 2
8469 8569 2
8469 8470 -2
8470 8570 2
8470 8471 -2
8471 8571 2
8471 8472 -2
8472 8572 -2
8472 8473 2
8473 8573 -2
8473 8474 2
8474 8574 2
8474 8475 -2
8475 8575 -2
8475 8476 2
8476 8576 2
8476 8477 2
8477 8577 2
8477 8478 -2
8478 8578 -2
8478 8479 2
8479 8579 -2
8479 8480 2
8480 8580 2
8480 8481 2
8481 8581 -2
8481 8482 2
8482 8582 -2
8482 8483 2
8483 8583 -2
8483 8484 -2
8484 8584 2
8484 8485 -2
8485 8585 2
8485 8486 2
8486 8586 -2
8486 8487 -2
8487 8587 -2
8487 8488 2
8488 8588 -2
8488 8489 2
8489 8589 -2
8489 8490 2
8490 8590 -2
8490 8491 -2
8491 8591 2
8491 8492 -2
8492 8592 2
8492 8493 2
8493 8593 -2
8493 8494 -2
8494 8594 2
8494 8495 -2
8495 8595 -2
8495 8496 -2
8496 8596 2
8496 8497 2
8497 8597 2
8497 8498 -2
8498 8598 2
8498 8499 2
8499 8599 -2
8500 8600 -2
8500 8599 -2
8500 8501 -2
8501 8601 -2
8501 8502 2
8502 8602 2
8502 8503 -2
8503 8603 2
8503 8504 2
8504 8604 2
8504 8505 -2
8505 8605 -2
8505 8506 -2
8506 8606 2
8506 8507 -2
8507 8607 -2
8507 8508 2
8508 8608 2
8508 8509 -2
8509 8609 2
8509 8510 -2
8510 8610 2
8510 8511 2
8511 8611 2
8511 8512 2
8512 8612 2
8512 8513 2
8513 8613 2
8513 8514 -2
8514 8614 2
8514 8515 -2
8515 8615 -2
8515 8516 -2
8516 8616 -2
8516 8517 2
8517 8617 -2
8517 8518 -2
8518 8618 -2
8518 8519 -2
8519 8619 2
8519 8520 -2
8520 8620 -2
8520 8521 -2
8521 8621 -2
8521 8522 -2
8522 8622 -2
8522 8523 2
8523 8623 2
8523 8524 -2
8524 8624 2
8524 8525 -2
8525 8625 -2
8525 8526 -2
8526 8626 2
8526 8527 -2
8527 8627 2
8527 8528 -2
8528 8628 2
8528 8529 2
8529 8629 -2
8529 8530 -2
8530 8630 2
8530 8531 2
8531 8631 -2
8531 8532 2
8532 8632 2
8532 8533 2
8533 8633 2
8533 8534 2
8534 8634 2
8534 8535 -2
8535 8635 -2
8535 8536 2
8536 8636 -2
8536 8537 2
8537 8637 2
8537 8538 2
8538 8638 -2
8538 8539 2
8539 8639 -2
8539 8540 -2
8540 8640 -2
8540 8541 2
8541 8641 2
8541 8542 2
8542 8642 2
8542 8543 -2
8543 8643 2
8543 8544 -2
8544 8644 2
8544 8545 2
8545 8645 2
8545 8546 -2
8546 8646 2
8546 8547 -2
8547 8647 2
8547 8548 -2
8548 8648 -2
8548 8549 -2
8549 8649 2
8549 8550 -2
8550 8650 2
8550 8551 -2
8551 8651 2
8551 8552 2
8552 8652 2
8552 8553 -2
8553 8653 2
8553 8554 -2
8554 8654 2
8554 8555 -2
8555 8655 2
8555 8556 -2
8556 8656 -2
8556 8557 2
8557 8657 2
8557 8558 -2
8558 8658 2
8558 8559 -2
8559 8659 2
8559 8560 2
8560 8660 -2
8560 8561 -2
8561 8661 -2
8561 8562 2
8562 8662 -2
8562 8563 -2
8563 8663 -2
8563 8564 2
8564 8664 -2
8564 8565 2
8565 8665 -2
8565 8566 2
8566 8666 2
8566 8567 -2
8567 8667 2
8567 8568 -2
8568 8668 -2
8568 8569 2
8569 8669 2
8569 8570 2
8570 8670 -2
8570 8571 -2
8571 8671 -2
8571 8572 -2
8572 8672 2
8572 8573 2
8573 8673 2
8573 8574 -2
8574 8674 -2
8574 8575 -2
8575 8675 2
8575 8576 2
8576 8676 2
8576 8577 -2
8577 8677 2
8577 8578 2
8578 8678 -2
8578 8579 -2
8579 8679 2
8579 8580 -2
8580 8680 2
8580 8581 -2
8581 8681 -2
8581 8582 -2
8582 8682 -2
8582 8583 2
8583 8683 -2
8583 8584 2
8584 8684 -2
8584 8585 2
8585 8685 -2
8585 8586 2
8586 8686 -2
8586 8587 2
8587 8687 -2
8587 8588 -2
8588 8688 -2
8588 8589 2
8589 8689 -2
8589 8590 -2
8590 8690 2
8590 8591 -2
8591 8691 -2
8591 8592 2
8592 8692 2
8592 8593 -2
8593 8693 -2
8593 8594 2
8594 8694 -2
8594 8595 2
8595 8695 -2
8595 8596 -2
8596 8696 2
8596 8597 -2
8597 8697 -2
8597 8598 -2
8598 8698 -2
8598 8599 -2
8599 8699 2
8600 8700 -2
8600 8699 -2
8600 8601 2
8601 8701 2
8601 8602 -2
8602 8702 2
8602 8603 -2
8603 8703 2
8603 8604 2
8604 8704 -2
8604 8605 -2
8605 8705 2
8605 8606 -2
8606 8706 -2
8606 8607 -2
8607 8707 -2
8607 8608 -2
8608 8708 -2
8608 8609 2
8609 8709 2
8609 8610 -2
8610 8710 -2
8610 8611 -2
8611 8711 2
8611 8612 2
8612 8712 -2
8612 8613 -2
8613 8713 2
8613 8614 2
8614 8714 2
8614 8615 -2
8615 8715 -2
8615 8616 2
8616 8716 -2
8616 8617 -2
8617 8717 -2
8617 8618 2
8618 8718 -2
8618 8619 2
8619 8719 -2
8619 8620 -2
8620 8720 -2
8620 8621 2
8621 8721 -2
8621 8622 -2
8622 8722 2
8622 8623 2
8623 8723 2
8623 8624 2
8624 8724 2
8624 8625 -2
8625 8725 -2
8625 8626 2
8626 8726 -2
8626 8627 -2
8627 8727 -2
8627 8628 2
8628 8728 2
8628 8629 -2
8629 8729 -2
8629 8630 -2
8630 8730 -2
8630 8631 2
8631 8731 2
8631 8632 2
8632 8732 -2
8632 8633 2
8633 8733 2
8633 8634 -2
8634 8734 -2
8634 8635 2
8635 8735 2
8635 8636 -2
8636 8736 2
8636 8637 -2
8637 8737 -2
8637 8638 2
8638 8738 -2
8638 8639 2
8639 8739 -2
8639 8640 2
8640 8740 -2
8640 8641 2
8641 8741 -2
8641 8642 -2
8642 8742 -2
8642 8643 2
8643 8743 -2
8643 8644 2
8644 8744 2
8644 8645 2
8645 8745 -2
8645 8646 -2
8646 8746 -2
8646 8647 -2
8647 8747 2
8647 8648 -2
8648 8748 -2
8648 8649 -2
8649 8749 -2
8649 8650 -2
8650 8750 -2
8650 8651 -2
8651 8751 2
8651 8652 2
8652 8752 -2
8652 8653 -2
8653 8753 2
8653 8654 2
8654 8754 -2
8654 8655 2
8655 8755 2
8655 8656 2
8656 8756 2
8656 8657 2
8657 8757 2
8657 8658 -2
8658 8758 2
8658 8659 -2
8659 8759 2
8659 8660 -2
8660 8760 2
8660 8661 -2
8661 8761 -2
8661 8662 2
8662 8762 2
8662 8663 2
8663 8763 -2
8663 8664 -2
8664 8764 -2
8664 8665 -2
8665 8765 -2
8665 8666 2
8666 8766 -2
8666 8667 2
8667 8767 -2
8667 8668 -2
8668 8768 2
8668 8669 2
8669 8769 -2
8669 8670 -2
8670 8770 -2
8670 8671 -2
8671 8771 -2
8671 8672 2
8672 8772 -2
8672 8673 2
8673 8773 -2
8673 8674 -2
8674 8774 -2
8674 8675 2
8675 8775 2
8675 8676 -2
8676 8776 -2
8676 8677 -2
8677 8777 2
8677 8678 2
8678 8778 -2
8678 8679 2
8679 8779 2
8679 8680 -2
8680 8780 -2
8680 8681 2
8681 8781 -2
8681 8682 -2
8682 8782 2
8682 8683 -2
8683 8783 2
8683 8684 -2
8684 8784 2
8684 8685 2
8685 8785 -2
8685 8686 -2
8686 8786 -2
8686 8687 -2
8687 8787 2
8687 8688 -2
8688 8788 -2
8688 8689 -2
8689 8789 2
8689 8690 2
8690 8790 -2
8690 8691 -2
8691 8791 -2
8691 8692 -2
8692 8792 -2
8692 8693 -2
8693 8793 2
8693 8694 -2
8694 8794 2
8694 8695 2
8695 8795 -2
8695 8696 2
8696 8796 2
8696 8697 -2
8697 8797 -2
8697 8698 -2
8698 8798 -2
8698 8699 2
8699 8799 -2
8700 8800 -2
8700 8799 -2
8700 8701 -2
8701 8801 -2
8701 8702 -2
8702 8802 2
8702 8703 2
8703 8803 -2
8703 8704 2
8704 8804 -2
8704 8705 -2
8705 8805 -2
8705 8706 2
8706 8806 -2
8706 8707 2
8707 8807 -2
8707 8708 -2
8708 8808 -2
8708 8709 -2
8709 8809 -2
8709 8710 -2
8710 8810 -2
8710 8711 2
8711 8811 2
8711 8712 -2
8712 8812 2
8712 8713 -2
8713 8813 -2
8713 8714 -2
8714 8814 -2
8714 8715 -2
8715 8815 -2
8715 8716 2
8716 8816 -2
8716 8717 2
8717 8817 2
8717 8718 2
8718 8818 2
8718 8719 -2
8719 8819 -2
8719 8720 -2
8720 8820 2
8720 8721 -2
8721 8821 -2
8721 8722 2
8722 8822 -2
8722 8723 2
8723 8823 2
8723 8724 -2
8724 8824 -2
8724 8725 2
8725 8825 2
8725 8726 2
8726 8826 -2
8726 8727 -2
8727 8827 2
8727 8728 2
8728 8828 -2
8728 8729 -2
8729 8829 -2
8729 8730 -2
8730 8830 2
8730 8731 -2
8731 8831 -2
8731 8732 -2
8732 8832 2
8732 8733 2
8733 8833 2
8733 8734 -2
8734 8834 2
8734 8735 2
8735 8835 -2
8735 8736 2
8736 8836 -2
8736 8737 2
8737 8837 2
8737 8738 2
8738 8838 2
8738 8739 -2
8739 8839 2
8739 8740 2
8740 8840 -2
8740 8741 -2
8741 8841 -2
8741 8742 2
8742 8842 -2
8742 8743 -2
8743 8843 2
8743 8744 -2
8744 8844 2
8744 8745 2
8745 8845 -2
8745 8746 -2
8746 8846 -2
8746 8747 2
8747 8847 -2
8747 8748 2
8748 8848 -2
8748 8749 2
8749 8849 -2
8749 8750 2
8750 8850 2
8750 8751 2
8751 8851 2
8751 8752 2
8752 8852 -2
8752 8753 2
8753 8853 -2
8753 8754 -2
8754 8854 2
8754 8755 -2
8755 8855 -2
8755 8756 2
8756 8856 2
8756 8757 2
8757 8857 2
8757 8758 2
8758 8858 2
8758 8759 -2
8759 8859 -2
8759 8760 -2
8760 8860 -2
8760 8761 2
8761 8861 2
8761 8762 2
8762 8862 -2
8762 8763 -2
8763 8863 2
8763 8764 2
8764 8864 2
8764 8765 -2
8765 8865 2
8765 8766 -2
8766 8866 2
8766 8767 2
8767 8867 2
8767 8768 2
8768 8868 2
8768 8769 2
8769 8869 2
8769 8770 -2
8770 8870 2
8770 8771 -2
8771 8871 -2
8771 8772 2
8772 8872 2
8772 8773 -2
8773 8873 2
8773 8774 -2
8774 8874 2
8774 8775 -2
8775 8875 -2
8775 8776 2
8776 8876 -2
8776 8777 2
8777 8877 2
8777 8778 -2
8778 8878 2
8778 8779 -2
8779 8879 2
8779 8780 -2
8780 8880 2
8780 8781 -2
8781 8881 2
8781 8782 2
8782 8882 -2
8782 8783 -2
8783 8883 -2
8783 8784 2
8784 8884 -2
8784 8785 -2
8785 8885 -2
8785 8786 -2
8786 8886 -2
8786 8787 2
8787 8887 -2
8787 8788 -2
8788 8888 -2
8788 8789 2
8789 8889 -2
8789 8790 2
8790 8890 -2
8790 8791 2
8791 8891 -2
8791 8792 -2
8792 8892 -2
8792 8793 -2
8793 8893 2
8793 8794 -2
8794 8894 -2
8794 8795 -2
8795 8895 2
8795 8796 -2
8796 8896 2
8796 8797 2
8797 8897 2
8797 8798 2
8798 8898 -2
8798 8799 2
8799 8899 -2
8800 8900 -2
8800 8899 2
8800 8801 -2
8801 8901 2
8801 8802 2
8802 8902 -2
8802 8803 -2
8803 8903 2
8803 8804 2
8804 8904 -2
8804 8805 -2
8805 8905 -2
8805 8806 -2
8806 8906 2
8806 8807 -2
8807 8907 2
8807 8808 -2
8808 8908 2
8808 8809 -2
8809 8909 -2
8809 8810 -2
8810 8910 2
8810 8811 2
8811 8911 -2
8811 8812 2
8812 8912 -2
8812 8813 -2
8813 8913 2
8813 8814 -2
8814 8914 -2
8814 8815 2
8815 8915 -2
8815 8816 2
8816 8916 2
8816 8817 2
8817 8917 -2
8817 8818 2
8818 8918 2
8818 8819 2
8819 8919 2
8819 8820 2
8820 8920 2
8820 8821 2
8821 8921 2
8821 8822 -2
8822 8922 2
8822 8823 2
8823 8923 2
8823 8824 2
8824 8924 -2
8824 8825 -2
8825 8925 2
8825 8826 -2
8826 8926 2
8826 8827 2
8827 8927 -2
8827 8828 2
8828 8928 -2
8828 8829 2
8829 8929 2
8829 8830 2
8830 8930 -2
8830 8831 2
8831 8931 2
8831 8832 2
8832 8932 2
8832 8833 2
8833 8933 -2
8833 8834 2
8834 8934 -2
8834 8835 -2
8835 8935 2
8835 8836 -2
8836 8936 2
8836 8837 2
8837 8937 2
8837 8838 -2
8838 8938 2
8838 8839 2
8839 8939 2
8839 8840 -2
8840 8940 -2
8840 8841 -2
8841 8941 2
8841 8842 -2
8842 8942 -2
8842 8843 2
8843 8943 -2
8843 8844 2
8844 8944 2
8844 8845 2
8845 8945 -2
8845 8846 -2
8846 8946 -2
8846 8847 2
8847 8947 2
8847 8848 2
8848 8948 2
8848 8849 2
8849 8949 2
8849 8850 2
8850 8950 -2
8850 8851 2
8851 8951 -2
8851 8852 -2
8852 8952 -2
8852 8853 2
8853 8953 2
8853 8854 -2
8854 8954 2
8854 8855 2
8855 8955 2
8855 8856 -2
8856 8956 -2
8856 8857 2
8857 8957 2
8857 8858 2
8858 8958 2
8858 8859 -2
8859 8959 -2
8859 8860 -2
8860 8960 -2
8860 8861 2
8861 8961 -2
8861 8862 -2
8862 8962 2
8862 8863 2
8863 8963 -2
8863 8864 2
8864 8964 -2
8864 8865 2
8865 8965 2
8865 8866 2
8866 8966 2
8866 8867 2
8867 8967 2
8867 8868 2
8868 8968 -2
8868 8869 -2
8869 8969 2
8869 8870 -2
8870 8970 2
8870 8871 2
8871 8971 2
8871 8872 2
8872 8972 2
8872 8873 2
8873 8973 2
8873 8874 -2
8874 8974 2
8874 8875 -2
8875 8975 -2
8875 8876 -2
8876 8976 2
8876 8877 -2
8877 8977 2
8877 8878 -2
8878 8978 -2
8878 8879 -2
8879 8979 2
8879 8880 2
8880 8980 -2
8880 8881 2
8881 8981 2
8881 8882 -2
8882 8982 -2
8882 8883 2
8883 8983 -2
8883 8884 -2
8884 8984 -2
8884 8885 2
8885 8985 2
8885 8886 -2
8886 8986 -2
8886 8887 -2
8887 8987 2
8887 8888 2
8888 8988 -2
8888 8889 -2
8889 8989 2
8889 8890 2
8890 8990 2
8890 8891 -2
8891 8991 2
8891 8892 -2
8892 8992 2
8892 8893 -2
8893 8993 -2
8893 8894 -2
8894 8994 2
8894 8895 2
8895 8995 -2
8895 8896 2
8896 8996 -2
8896 8897 2
8897 8997 2
8897 8898 -2
8898 8998 2
8898 8899 -2
8899 8999 2
8900 9000 2
8900 8999 2
8900 8901 -2
8901 9001 2
8901 8902 -2
8902 9002 -2
8902 8903 -2
8903 9003 -2
8903 8904 -2
8904 9004 -2
8904 8905 2
8905 9005 2
8905 8906 2
8906 9006 -2
8906 8907 -2
8907 9007 2
8907 8908 2
8908 9008 -2
8908 8909 -2
8909 9009 2
8909 8910 2
8910 9010 -2
8910 8911 2
8911 9011 -2
8911 8912 -2
8912 9012 -2
8912 8913 2
8913 9013 2
8913 8914 2
8914 9014 2
8914 8915 2
8915 9015 -2
8915 8916 -2
8916 9016 -2
8916 8917 2
8917 9017 2
8917 8918 2
8918 9018 2
8918 8919 -2
8919 9019 -2
8919 8920 2
8920 9020 -2
8920 8921 -2
8921 9021 -2
8921 8922 2
8922 9022 -2
8922 8923 2
8923 9023 2
8923 8924 -2
8924 9024 2
8924 8925 -2
8925 9025 -2
8925 8926 -2
8926 9026 2
8926 8927 -2
8927 9027 2
8927 8928 -2
8928 9028 -2
8928 8929 -2
8929 9029 -2
8929 8930 -2
8930 9030 2
8930 8931 2
8931 9031 -2
8931 8932 -2
8932 9032 -2
8932 8933 -2
8933 9033 -2
8933 8934 -2
8934 9034 2
8934 8935 2
8935 9035 -2
8935 8936 -2
8936 9036 -2
8936 8937 2
8937 9037 -2
8937 8938 2
8938 9038 2
8938 8939 2
8939 9039 -2
8939 8940 2
8940 9040 -2
8940 8941 2
8941 9041 -2
8941 8942 -2
8942 9042 2
8942 8943 2
8943 9043 -2
8943 8944 -2
8944 9044 -2
8944 8945 2
8945 9045 -2
8945 8946 2
8946 9046 2
8946 8947 -2
8947 9047 2
8947 8948 2
8948 9048 2
8948 8949 2
8949 9049 -2
8949 8950 2
8950 9050 -2
8950 8951 -2
8951 9051 -2
8951 8952 2
8952 9052 2
8952 8953 2
8953 9053 2
8953 8954 2
8954 9054 -2
8954 8955 2
8955 9055 -2
8955 8956 -2
8956 9056 2
8956 8957 -2
8957 9057 2
8957 8958 -2
8958 9058 2
8958 8959 -2
8959 9059 -2
8959 8960 2
8960 9060 2
8960 8961 2
8961 9061 2
8961 8962 2
8962 9062 2
8962 8963 2
8963 9063 -2
8963 8964 -2
8964 9064 2
8964 8965 2
8965 9065 2
8965 8966 -2
8966 9066 -2
8966 8967 -2
8967 9067 -2
8967 8968 -2
8968 9068 2
8968 8969 -2
8969 9069 2
8969 8970 2
8970 9070 -2
8970 8971 2
8971 9071 2
8971 8972 2
8972 9072 -2
8972 8973 2
8973 9073 -2
8973 8974 2
8974 9074 -2
8974 8975 2
8975 9075 -2
8975 8976 2
8976 9076 -2
8976 8977 -2
8977 9077 2
8977 8978 2
8978 9078 -2
8978 8979 2
8979 9079 -2
8979 8980 2
8980 9080 -2
8980 8981 2
8981 9081 2
8981 8982 -2
8982 9082 2
8982 8983 2
8983 9083 2
8983 8984 2
8984 9084 2
8984 8985 2
8985 9085 2
8985 8986 -2
8986 9086 -2
8986 8987 -2
8987 9087 2
8987 8988 -2
8988 9088 2
8988 8989 -2
8989 9089 -2
8989 8990 2
8990 9090 -2
8990 8991 2
8991 9091 2
8991 8992 -2
8992 9092 2
8992 8993 -2
8993 9093 -2
8993 8994 -2
8994 9094 -2
8994 8995 2
8995 9095 2
8995 8996 -2
8996 9096 2
8996 8997 2
8997 9097 2
8997 8998 -2
8998 9098 2
8998 8999 -2
8999 9099 -2
9000 9100 2
9000 9099 2
9000 9001 -2
9001 9101 2
9001 9002 2
9002 9102 -2
9002 9003 -2
9003 9103 2
9003 9004 -2
9004 9104 -2
9004 9005 -2
9005 9105 -2
9005 9006 2
9006 9106 -2
9006 9007 -2
9007 9107 2
9007 9008 2
9008 9108 -2
9008 9009 -2
9009 9109 -2
9009 9010 -2
9010 9110 -2
9010 9011 2
9011 9111 2
9011 9012 2
9012 9112 -2
9012 9013 -2
9013 9113 -2
9013 9014 2
9014 9114 2
9014 9015 -2
9015 9115 -2
9015 9016 -2
9016 9116 -2
9016 9017 2
9017 9117 2
9017 9018 2
9018 9118 2
9018 9019 -2
9019 9119 -2
9019 9020 2
9020 9120 2
9020 9021 2
9021 9121 -2
9021 9022 2
9022 9122 2
9022 9023 -2
9023 9123 -2
9023 9024 -2
9024 9124 -2
9024 9025 -2
9025 9125 2
9025 9026 -2
9026 9126 -2
9026 9027 -2
9027 9127 -2
9027 9028 -2
9028 9128 2
9028 9029 2
9029 9129 2
9029 9030 2
9030 9130 -2
9030 9031 -2
9031 9131 2
9031 9032 -2
9032 9132 -2
9032 9033 -2
9033 9133 -2
9033 9034 2
9034 9134 2
9034 9035 2
9035 9135 -2
9035 9036 2
9036 9136 2
9036 9037 2
9037 9137 2
9037 9038 2
9038 9138 -2
9038 9039 -2
9039 9139 2
9039 9040 2
9040 9140 2
9040 9041 -2
9041 9141 -2
9041 9042 2
9042 9142 -2
9042 9043 2
9043 9143 2
9043 9044 -2
9044 9144 -2
9044 9045 -2
9045 9145 2
9045 9046 2
9046 9146 2
9046 9047 -2
9047 9147 2
9047 9048 2
9048 9148 2
9048 9049 2
9049 9149 2
9049 9050 2
9050 9150 2
9050 9051 2
9051 9151 -2
9051 9052 -2
9052 9152 -2
9052 9053 -2
9053 9153 2
9053 9054 -2
9054 9154 2
9054 9055 -2
9055 9155 2
9055 9056 -2
9056 9156 -2
9056 9057 2
9057 9157 -2
9057 9058 -2
9058 9158 2
9058 9059 -2
9059 9159 2
9059 9060 2
9060 9160 2
9060 9061 -2
9061 9161 -2
9061 9062 -2
9062 9162 -2
9062 9063 2
9063 9163 -2
9063 9064 -2
9064 9164 -2
9064 9065 2
9065 9165 2
9065 9066 -2
9066 9166 2
9066 9067 -2
9067 9167 2
9067 9068 2
9068 9168 2
9068 9069 -2
9069 9169 2
9069 9070 -2
9070 9170 2
9070 9071 2
9071 9171 2
9071 9072 2
9072 9172 2
9072 9073 -2
9073 9173 2
9073 9074 2
9074 9174 2
9074 9075 2
9075 9175 2
9075 9076 2
9076 9176 2
9076 9077 -2
9077 9177 -2
9077 9078 -2
9078 9178 2
9078 9079 2
9079 9179 -2
9079 9080 2
9080 9180 2
9080 9081 -2
9081 9181 -2
9081 9082 -2
9082 9182 2
9082 9083 -2
9083 9183 2
9083 9084 2
9084 9184 -2
9084 9085 2
9085 9185 2
9085 9086 -2
9086 9186 -2
9086 9087 -2
9087 9187 -2
9087 9088 2
9088 9188 -2
9088 9089 2
9089 9189 -2
9089 9090 2
9090 9190 2
9090 9091 -2
9091 9191 -2
9091 9092 2
9092 9192 2
9092 9093 2
9093 9193 -2
9093 9094 2
9094 9194 2
9094 9095 2
9095 9195 2
9095 9096 2
9096 9196 2
9096 9097 2
9097 9197 2
9097 9098 2
9098 9198 -2
9098 9099 2
9099 9199 2
9100 9200 -2
9100 9199 -2
9100 9101 2
9101 9201 -2
9101 9102 2
9102 9202 -2
9102 9103 -2
9103 9203 -2
9103 9104 2
9104 9204 -2
9104 9105 -2
9105 9205 -2
9105 9106 -2
9106 9206 2
9106 9107 2
9107 9207 2
9107 9108 2
9108 9208 2
9108 9109 2
9109 9209 -2
9109 9110 2
9110 9210 2
9110 9111 2
9111 9211 2
9111 9112 2
9112 9212 -2
9112 9113 -2
9113 9213 -2
9113 9114 -2
9114 9214 -2
9114 9115 -2
9115 9215 2
9115 9116 2
9116 9216 2
9116 9117 -2
9117 9217 -2
9117 9118 2
9118 9218 -2
9118 9119 2
9119 9219 -2
9119 9120 -2
9120 9220 2
9120 9121 2
9121 9221 -2
9121 9122 -2
9122 9222 2
9122 9123 -2
9123 9223 -2
9123 9124 2
9124 9224 2
9124 9125 2
9125 9225 -2
9125 9126 -2
9126 9226 -2
9126 9127 -2
9127 9227 -2
9127 9128 2
9128 9228 -2
9128 9129 -2
9129 9229 2
9129 9130 -2
9130 9230 -2
9130 9131 2
9131 9231 2
9131 9132 2
9132 9232 -2
9132 9133 2
9133 9233 2
9133 9134 2
9134 9234 -2
9134 9135 2
9135 9235 2
9135 9136 -2
9136 9236 2
9136 9137 -2
9137 9237 -2
9137 9138 2
9138 9238 -2
9138 9139 -2
9139 9239 2
9139 9140 -2
9140 9240 2
9140 9141 2
9141 9241 2
9141 9142 2
9142 9242 2
9142 9143 -2
9143 9243 -2
9143 9144 2
9144 9244 -2
9144 9145 2
9145 9245 2
9145 9146 -2
9146 9246 2
9146 9147 -2
9147 9247 -2
9147 9148 2
9148 9248 -2
9148 9149 -2
9149 9249 2
9149 9150 -2
9150 9250 2
9150 9151 2
9151 9251 -2
9151 9152 -2
9152 9252 2
9152 9153 2
9153 9253 2
9153 9154 2
9154 9254 2
9154 9155 2
9155 9255 2
9155 9156 -2
9156 9256 -2
9156 9157 2
9157 9257 -2
9157 9158 -2
9158 9258 -2
9158 9159 -2
9159 9259 -2
9159 9160 -2
9160 9260 2
9160 9161 -2
9161 9261 2
9161 9162 2
9162 9262 2
9162 9163 -2
9163 9263 2
9163 9164 2
9164 9264 2
9164 9165 -2
9165 9265 2
9165 9166 -2
9166 9266 -2
9166 9167 2
9167 9267 2
9167 9168 -2
9168 9268 -2
9168 9169 2
9169 9269 -2
9169 9170 -2
9170 9270 -2
9170 9171 2
9171 9271 -2
9171 9172 2
9172 9272 2
9172 9173 -2
9173 9273 2
9173 9174 2
9174 9274 -2
9174 9175 2
9175 9275 2
9175 9176 -2
9176 9276 2
9176 9177 -2
9177 9277 -2
9177 9178 -2
9178 9278 -2
9178 9179 -2
9179 9279 2
9179 9180 2
9180 9280 2
9180 9181 -2
9181 9281 2
9181 9182 2
9182 9282 -2
9182 9183 2
9183 9283 2
9183 9184 2
9184 9284 -2
9184 9185 2
9185 9285 2
9185 9186 -2
9186 9286 -2
9186 9187 2
9187 9287 -2
9187 9188 -2
9188 9288 2
9188 9189 2
9189 9289 -2
9189 9190 -2
9190 9290 -2
9190 9191 2
9191 9291 -2
9191 9192 2
9192 9292 -2
9192 9193 -2
9193 9293 2
9193 9194 -2
9194 9294 -2
9194 9195 2
9195 9295 -2
9195 9196 2
9196 9296 -2
9196 9197 2
9197 9297 2
9197 9198 2
9198 9298 2
9198 9199 2
9199 9299 -2
9200 9300 -2
9200 9299 2
9200 9201 -2
9201 9301 2
9201 9202 2
9202 9302 -2
9202 9203 -2
9203 9303 2
9203 9204 -2
9204 9304 -2
9204 9205 2
9205 9305 2
9205 9206 -2
9206 9306 2
9206 9207 -2
9207 9307 -2
9207 9208 2
9208 9308 2
9208 9209 2
9209 9309 2
9209 9210 2
9210 9310 -2
9210 9211 2
9211 9311 2
9211 9212 2
9212 9312 2
9212 9213 2
9213 9313 -2
9213 9214 2
9214 9314 2
9214 9215 2
9215 9315 2
9215 9216 2
9216 9316 -2
9216 9217 -2
9217 9317 2
9217 9218 -2
9218 9318 -2
9218 9219 -2
9219 9319 2
9219 9220 -2
9220 9320 2
9220 9221 -2
9221 9321 -2
9221 9222 -2
9222 9322 2
9222 9223 2
9223 9323 -2
9223 9224 2
9224 9324 2
9224 9225 -2
9225 9325 -2
9225 9226 -2
9226 9326 -2
9226 9227 -2
9227 9327 2
9227 9228 2
9228 9328 -2
9228 9229 -2
9229 9329 2
9229 9230 -2
9230 9330 2
9230 9231 -2
9231 9331 -2
9231 9232 -2
9232 9332 2
9232 9233 2
9233 9333 -2
9233 9234 -2
9234 9334 -2
9234 9235 2
9235 9335 2
9235 9236 2
9236 9336 -2
9236 9237 2
9237 9337 2
9237 9238 2
9238 9338 2
9238 9239 -2
9239 9339 2
9239 9240 -2
9240 9340 -2
9240 9241 2
9241 9341 -2
9241 9242 -2
9242 9342 2
9242 9243 2
9243 9343 -2
9243 9244 -2
9244 9344 2
9244 9245 -2
9245 9345 -2
9245 9246 -2
9246 9346 -2
9246 9247 -2
9247 9347 -2
9247 9248 -2
9248 9348 -2
9248 9249 -2
9249 9349 -2
9249 9250 2
9250 9350 2
9250 9251 2
9251 9351 2
9251 9252 2
9252 9352 2
9252 9253 2
9253 9353 -2
9253 9254 -2
9254 9354 -2
9254 9255 2
9255 9355 -2
9255 9256 -2
9256 9356 2
9256 9257 2
9257 9357 -2
9257 9258 -2
9258 9358 -2
9258 9259 2
9259 9359 -2
9259 9260 2
9260 9360 -2
9260 9261 -2
9261 9361 -2
9261 9262 -2
9262 9362 -2
9262 9263 2
9263 9363 -2
9263 9264 -2
9264 9364 2
9264 9265 2
9265 9365 -2
9265 9266 -2
9266 9366 -2
9266 9267 -2
9267 9367 2
9267 9268 -2
9268 9368 2
9268 9269 -2
9269 9369 -2
9269 9270 2
9270 9370 -2
9270 9271 2
9271 9371 -2
9271 9272 -2
9272 9372 2
9272 9273 -2
9273 9373 2
9273 9274 2
9274 9374 -2
9274 9275 -2
9275 9375 -2
9275 9276 -2
9276 9376 -2
9276 9277 -2
9277 9377 2
9277 9278 2
9278 9378 -2
9278 9279 2
9279 9379 2
9279 9280 -2
9280 9380 -2
9280 9281 2
9281 9381 2
9281 9282 2
9282 9382 -2
9282 9283 -2
9283 9383 2
9283 9284 2
9284 9384 2
9284 9285 -2
9285 9385 2
9285 9286 2
9286 9386 -2
9286 9287 -2
9287 9387 -2
9287 9288 -2
9288 9388 -2
9288 9289 -2
9289 9389 -2
9289 9290 -2
9290 9390 2
9290 9291 -2
9291 9391 -2
9291 9292 2
9292 9392 2
9292 9293 2
9293 9393 2
9293 9294 2
9294 9394 2
9294 9295 -2
9295 9395 2
9295 9296 -2
9296 9396 -2
9296 9297 -2
9297 9397 2
9297 9298 2
9298 9398 2
9298 9299 -2
9299 9399 2
9300 9400 2
9300 9399 2
9300 9301 -2
9301 9401 2
9301 9302 2
9302 9402 2
9302 9303 -2
9303 9403 2
9303 9304 -2
9304 9404 2
9304 9305 -2
9305 9405 2
9305 9306 2
9306 9406 2
9306 9307 2
9307 9407 2
9307 9308 2
9308 9408 2
9308 9309 2
9309 9409 -2
9309 9310 -2
9310 9410 2
9310 9311 -2
9311 9411 2
9311 9312 -2
9312 9412 2
9312 9313 2
9313 9413 -2
9313 9314 2
9314 9414 2
9314 9315 -2
9315 9415 2
9315 9316 -2
9316 9416 2
9316 9317 2
9317 9417 -2
9317 9318 2
9318 9418 -2
9318 9319 -2
9319 9419 2
9319 9320 2
9320 9420 -2
9320 9321 -2
9321 9421 2
9321 9322 -2
9322 9422 2
9322 9323 2
9323 9423 -2
9323 9324 2
9324 9424 2
9324 9325 -2
9325 9425 2
9325 9326 2
9326 9426 2
9326 9327 2
9327 9427 2
9327 9328 -2
9328 9428 2
9328 9329 -2
9329 9429 -2
9329 9330 2
9330 9430 2
9330 9331 2
9331 9431 2
9331 9332 -2
9332 9432 -2
9332 9333 -2
9333 9433 2
9333 9334 2
9334 9434 -2
9334 9335 -2
9335 9435 2
9335 9336 2
9336 9436 -2
9336 9337 -2
9337 9437 2
9337 9338 2
9338 9438 -2
9338 9339 -2
9339 9439 -2
9339 9340 2
9340 9440 2
9340 9341 2
9341 9441 2
9341 9342 -2
9342 9442 2
9342 9343 -2
9343 9443 2
9343 9344 2
9344 9444 -2
9344 9345 2
9345 9445 -2
9345 9346 -2
9346 9446 2
9346 9347 2
9347 9447 -2
9347 9348 -2
9348 9448 2
9348 9349 -2
9349 9449 2
9349 9350 -2
9350 9450 -2
9350 9351 2
9351 9451 -2
9351 9352 -2
9352 9452 -2
9352 9353 2
9353 9453 -2
9353 9354 2
9354 9454 2
9354 9355 -2
9355 9455 2
9355 9356 -2
9356 9456 2
9356 9357 -2
9357 9457 -2
9357 9358 2
9358 9458 -2
9358 9359 -2
9359 9459 -2
9359 9360 -2
9360 9460 2
9360 9361 -2
9361 9461 -2
9361 9362 -2
9362 9462 -2
9362 9363 2
9363 9463 2
9363 9364 2
9364 9464 2
9364 9365 2
9365 9465 2
9365 9366 -2
9366 9466 -2
9366 9367 2
9367 9467 2
9367 9368 2
9368 9468 2
9368 9369 -2
9369 9469 2
9369 9370 -2
9370 9470 2
9370 9371 2
9371 9471 -2
9371 9372 -2
9372 9472 2
9372 9373 2
9373 9473 2
9373 9374 -2
9374 9474 -2
9374 9375 -2
9375 9475 -2
9375 9376 2
9376 9476 2
9376 9377 -2
9377 9477 -2
9377 9378 -2
9378 9478 -2
9378 9379 2
9379 9479 -2
9379 9380 -2
9380 9480 -2
9380 9381 2
9381 9481 2
9381 9382 -2
9382 9482 2
9382 9383 2
9383 9483 -2
9383 9384 2
9384 9484 -2
9384 9385 -2
9385 9485 -2
9385 9386 2
9386 9486 -2
9386 9387 -2
9387 9487 2
9387 9388 -2
9388 9488 2
9388 9389 -2
9389 9489 -2
9389 9390 -2
9390 9490 2
9390 9391 2
9391 9491 2
9391 9392 -2
9392 9492 2
9392 9393 2
9393 9493 -2
9393 9394 2
9394 9494 2
9394 9395 -2
9395 9495 -2
9395 9396 -2
9396 9496 -2
9396 9397 -2
9397 9497 2
9397 9398 2
9398 9498 -2
9398 9399 -2
9399 9499 2
9400 9500 2
9400 9499 2
9400 9401 -2
9401 9501 -2
9401 9402 -2
9402 9502 -2
9402 9403 -2
9403 9503 -2
9403 9404 2
9404 9504 -2
9404 9405 -2
9405 9505 -2
9405 9406 2
9406 9506 -2
9406 9407 2
9407 9507 2
9407 9408 2
9408 9508 -2
9408 9409 2
9409 9509 2
9409 9410 2
9410 9510 2
9410 9411 2
9411 9511 2
9411 9412 2
9412 9512 2
9412 9413 2
9413 9513 2
9413 9414 2
9414 9514 -2
9414 9415 2
9415 9515 2
9415 9416 -2
9416 9516 -2
9416 9417 2
9417 9517 -2
9417 9418 2
9418 9518 -2
9418 9419 2
9419 9519 -2
9419 9420 2
9420 9520 2
9420 9421 -2
9421 9521 2
9421 9422 -2
9422 9522 -2
9422 9423 2
9423 9523 -2
9423 9424 2
9424 9524 2
9424 9425 2
9425 9525 -2
9425 9426 2
9426 9526 -2
9426 9427 -2
9427 9527 2
9427 9428 2
9428 9528 -2
9428 9429 2
9429 9529 -2
9429 9430 -2
9430 9530 2
9430 9431 -2
9431 9531 -2
9431 9432 -2
9432 9532 -2
9432 9433 -2
9433 9533 -2
9433 9434 2
9434 9534 -2
9434 9435 2
9435 9535 -2
9435 9436 2
9436 9536 2
9436 9437 2
9437 9537 -2
9437 9438 -2
9438 9538 2
9438 9439 -2
9439 9539 -2
9439 9440 2
9440 9540 2
9440 9441 -2
9441 9541 2
9441 9442 2
9442 9542 -2
9442 9443 2
9443 9543 -2
9443 9444 2
9444 9544 2
9444 9445 2
9445 9545 2
9445 9446 -2
9446 9546 -2
9446 9447 -2
9447 9547 2
9447 9448 -2
9448 9548 -2
9448 9449 -2
9449 9549 2
9449 9450 2
9450 9550 -2
9450 9451 2
9451 9551 2
9451 9452 -2
9452 9552 -2
9452 9453 2
9453 9553 -2
9453 9454 2
9454 9554 2
9454 9455 -2
9455 9555 -2
9455 9456 2
9456 9556 -2
9456 9457 2
9457 9557 -2
9457 9458 -2
9458 9558 2
9458 9459 -2
9459 9559 -2
9459 9460 2
9460 9560 -2
9460 9461 2
9461 9561 2
9461 9462 2
9462 9562 2
9462 9463 2
9463 9563 -2
9463 9464 2
9464 9564 2
9464 9465 -2
9465 9565 -2
9465 9466 -2
9466 9566 2
9466 9467 2
9467 9567 -2
9467 9468 -2
9468 9568 2
9468 9469 2
9469 9569 2
9469 9470 2
9470 9570 2
9470 9471 2
9471 9571 2
9471 9472 2
9472 9572 2
9472 9473 -2
9473 9573 -2
9473 9474 -2
9474 9574 -2
9474 9475 -2
9475 9575 -2
9475 9476 2
9476 9576 -2
9476 9477 -2
9477 9577 -2
9477 9478 2
9478 9578 2
9478 9479 2
9479 9579 2
9479 9480 2
9480 9580 2
9480 9481 -2
9481 9581 -2
9481 9482 2
9482 9582 -2
9482 9483 2
9483 9583 -2
9483 9484 -2
9484 9584 -2
9484 9485 2
9485 9585 -2
9485 9486 -2
9486 9586 -2
9486 9487 2
9487 9587 -2
9487 9488 2
9488 9588 -2
9488 9489 2
9489 9589 2
9489 9490 2
9490 9590 -2
9490 9491 -2
9491 9591 2
9491 9492 2
9492 9592 2
9492 9493 2
9493 9593 -2
9493 9494 -2
9494 9594 -2
9494 9495 2
9495 9595 -2
9495 9496 -2
9496 9596 2
9496 9497 2
9497 9597 2
9497 9498 -2
9498 9598 -2
9498 9499 2
9499 9599 -2
9500 9600 -2
9500 9599 -2
9500 9501 2
9501 9601 2
9501 9502 2
9502 9602 -2
9502 9503 2
9503 9603 2
9503 9504 -2
9504 9604 2
9504 9505 2
9505 9605 -2
9505 9506 2
9506 9606 2
9506 9507 2
9507 9607 -2
9507 9508 2
9508 9608 -2
9508 9509 -2
9509 9609 -2
9509 9510 2
9510 9610 2
9510 9511 -2
9511 9611 2
9511 9512 2
9512 9612 -2
9512 9513 2
9513 9613 2
9513 9514 2
9514 9614 -2
9514 9515 2
9515 9615 -2
9515 9516 -2
9516 9616 2
9516 9517 2
9517 9617 2
9517 9518 -2
9518 9618 -2
9518 9519 -2
9519 9619 2
9519 9520 -2
9520 9620 -2
9520 9521 -2
9521 9621 2
9521 9522 -2
9522 9622 2
9522 9523 2
9523 9623 -2
9523 9524 -2
9524 9624 2
9524 9525 2
9525 9625 2
9525 9526 -2
9526 9626 2
9526 9527 2
9527 9627 -2
9527 9528 2
9528 9628 2
9528 9529 -2
9529 9629 -2
9529 9530 2
9530 9630 -2
9530 9531 2
9531 9631 -2
9531 9532 2
9532 9632 2
9532 9533 -2
9533 9633 2
9533 9534 -2
9534 9634 -2
9534 9535 2
9535 9635 -2
9535 9536 2
9536 9636 -2
9536 9537 -2
9537 9637 2
9537 9538 -2
9538 9638 -2
9538 9539 2
9539 9639 -2
9539 9540 2
9540 9640 -2
9540 9541 2
9541 9641 2
9541 9542 2
9542 9642 2
9542 9543 -2
9543 9643 -2
9543 9544 -2
9544 9644 -2
9544 9545 -2
9545 9645 -2
9545 9546 2
9546 9646 2
9546 9547 -2
9547 9647 -2
9547 9548 2
9548 9648 -2
9548 9549 2
9549 9649 2
9549 9550 2
9550 9650 2
9550 9551 -2
9551 9651 2
9551 9552 2
9552 9652 -2
9552 9553 -2
9553 9653 2
9553 9554 -2
9554 9654 -2
9554 9555 -2
9555 9655 2
9555 9556 -2
9556 9656 -2
9556 9557 2
9557 9657 2
9557 9558 -2
9558 9658 2
9558 9559 2
9559 9659 -2
9559 9560 2
9560 9660 -2
9560 9561 -2
9561 9661 2
9561 9562 -2
9562 9662 -2
9562 9563 -2
9563 9663 2
9563 9564 -2
9564 9664 2
9564 9565 2
9565 9665 2
9565 9566 2
9566 9666 2
9566 9567 -2
9567 9667 -2
9567 9568 2
9568 9668 -2
9568 9569 2
9569 9669 -2
9569 9570 -2
9570 9670 -2
9570 9571 2
9571 9671 2
9571 9572 -2
9572 9672 -2
9572 9573 2
9573 9673 2
9573 9574 -2
9574 9674 2
9574 9575 2
9575 9675 -2
9575 9576 2
9576 9676 2
9576 9577 2
9577 9677 -2
9577 9578 2
9578 9678 -2
9578 9579 2
9579 9679 2
9579 9580 -2
9580 9680 -2
9580 9581 2
9581 9681 -2
9581 9582 2
9582 9682 2
9582 9583 -2
9583 9683 2
9583 9584 -2
9584 9684 2
9584 9585 2
9585 9685 -2
9585 9586 2
9586 9686 2
9586 9587 2
9587 9687 2
9587 9588 2
9588 9688 -2
9588 9589 -2
9589 9689 2
9589 9590 -2
9590 9690 -2
9590 9591 -2
9591 9691 -2
9591 9592 -2
9592 9692 -2
9592 9593 -2
9593 9693 -2
9593 9594 2
9594 9694 2
9594 9595 2
9595 9695 2
9595 9596 -2
9596 9696 -2
9596 9597 -2
9597 9697 -2
9597 9598 -2
9598 9698 -2
9598 9599 2
9599 9699 -2
9600 9700 2
9600 9699 -2
9600 9601 2
9601 9701 2
9601 9602 -2
9602 9702 -2
9602 9603 2
9603 9703 -2
9603 9604 -2
9604 9704 -2
9604 9605 2
9605 9705 -2
9605 9606 2
9606 9706 2
9606 9607 -2
9607 9707 2
9607 9608 2
9608 9708 2
9608 9609 2
9609 9709 -2
9609 9610 2
9610 9710 -2
9610 9611 -2
9611 9711 -2
9611 9612 -2
9612 9712 2
9612 9613 2
9613 9713 -2
9613 9614 2
9614 9714 2
9614 9615 2
9615 9715 2
9615 9616 2
9616 9716 2
9616 9617 2
9617 9717 2
9617 9618 2
9618 9718 -2
9618 9619 2
9619 9719 2
9619 9620 2
9620 9720 -2
9620 9621 2
9621 9721 2
9621 9622 -2
9622 9722 -2
9622 9623 2
9623 9723 -2
9623 9624 2
9624 9724 -2
9624 9625 2
9625 9725 2
9625 9626 -2
9626 9726 -2
9626 9627 -2
9627 9727 -2
9627 9628 2
9628 9728 2
9628 9629 -2
9629 9729 2
9629 9630 2
9630 9730 -2
9630 9631 2
9631 9731 2
9631 9632 2
9632 9732 -2
9632 9633 2
9633 9733 -2
9633 9634 -2
9634 9734 2
9634 9635 -2
9635 9735 -2
9635 9636 -2
9636 9736 -2
9636 9637 -2
9637 9737 -2
9637 9638 -2
9638 9738 -2
9638 9639 2
9639 9739 -2
9639 9640 -2
9640 9740 -2
9640 9641 -2
9641 9741 2
9641 9642 2
9642 9742 2
9642 9643 2
9643 9743 2
9643 9644 2
9644 9744 2
9644 9645 2
9645 9745 2
9645 9646 2
9646 9746 2
9646 9647 2
9647 9747 2
9647 9648 2
9648 9748 2
9648 9649 -2
9649 9749 2
9649 9650 -2
9650 9750 -2
9650 9651 2
9651 9751 -2
9651 9652 2
9652 9752 2
9652 9653 -2
9653 9753 -2
9653 9654 -2
9654 9754 -2
9654 9655 -2
9655 9755 -2
9655 9656 -2
9656 9756 -2
9656 9657 -2
9657 9757 -2
9657 9658 -2
9658 9758 -2
9658 9659 -2
9659 9759 -2
9659 9660 2
9660 9760 2
9660 9661 -2
9661 9761 2
9661 9662 2
9662 9762 -2
9662 9663 -2
9663 9763 2
9663 9664 -2
9664 9764 -2
9664 9665 2
9665 9765 2
9665 9666 -2
9666 9766 -2
9666 9667 -2
9667 9767 2
9667 9668 2
9668 9768 -2
9668 9669 2
9669 9769 2
9669 9670 -2
9670 9770 2
9670 9671 2
9671 9771 2
9671 9672 2
9672 9772 -2
9672 9673 -2
9673 9773 2
9673 9674 -2
9674 9774 -2
9674 9675 -2
9675 9775 2
9675 9676 -2
9676 9776 -2
9676 9677 2
9677 9777 2
9677 9678 -2
9678 9778 2
9678 9679 -2
9679 9779 2
9679 9680 2
9680 9780 -2
9680 9681 -2
9681 9781 -2
9681 9682 2
9682 9782 -2
9682 9683 -2
9683 9783 -2
9683 9684 -2
9684 9784 -2
9684 9685 2
9685 9785 2
9685 9686 2
9686 9786 -2
9686 9687 -2
9687 9787 -2
9687 9688 2
9688 9788 -2
9688 9689 -2
9689 9789 2
9689 9690 -2
9690 9790 -2
9690 9691 2
9691 9791 2
9691 9692 -2
9692 9792 2
9692 9693 2
9693 9793 -2
9693 9694 2
9694 9794 2
9694 9695 -2
9695 9795 -2
9695 9696 2
9696 9796 -2
9696 9697 2
9697 9797 2
9697 9698 2
9698 9798 -2
9698 9699 -2
9699 9799 2
9700 9800 -2
9700 9799 -2
9700 9701 2
9701 9801 -2
9701 9702 -2
9702 9802 -2
9702 9703 -2
9703 9803 2
9703 9704 -2
9704 9804 -2
9704 9705 -2
9705 9805 -2
9705 9706 2
9706 9806 2
9706 9707 2
9707 9807 2
9707 9708 2
9708 9808 2
9708 9709 -2
9709 9809 2
9709 9710 -2
9710 9810 2
9710 9711 2
9711 9811 -2
9711 9712 -2
9712 9812 -2
9712 9713 -2
9713 9813 2
9713 9714 2
9714 9814 2
9714 9715 -2
9715 9815 2
9715 9716 2
9716 9816 -2
9716 9717 -2
9717 9817 -2
9717 9718 -2
9718 9818 2
9718 9719 2
9719 9819 -2
9719 9720 2
9720 9820 -2
9720 9721 -2
9721 9821 -2
9721 9722 2
9722 9822 -2
9722 9723 2
9723 9823 2
9723 9724 -2
9724 9824 2
9724 9725 2
9725 9825 -2
9725 9726 2
9726 9826 2
9726 9727 -2
9727 9827 -2
9727 9728 2
9728 9828 -2
9728 9729 2
9729 9829 -2
9729 9730 -2
9730 9830 -2
9730 9731 -2
9731 9831 -2
9731 9732 -2
9732 9832 2
9732 9733 -2
9733 9833 2
9733 9734 -2
9734 9834 -2
9734 9735 2
9735 9835 -2
9735 9736 -2
9736 9836 -2
9736 9737 -2
9737 9837 2
9737 9738 2
9738 9838 2
9738 9739 2
9739 9839 -2
9739 9740 2
9740 9840 2
9740 9741 2
9741 9841 2
9741 9742 -2
9742 9842 -2
9742 9743 2
9743 9843 -2
9743 9744 -2
9744 9844 -2
9744 9745 2
9745 9845 2
9745 9746 2
9746 9846 -2
9746 9747 2
9747 9847 2
9747 9748 2
9748 9848 -2
9748 9749 2
9749 9849 -2
9749 9750 2
9750 9850 -2
9750 9751 -2
9751 9851 -2
9751 9752 2
9752 9852 2
9752 9753 -2
9753 9853 -2
9753 9754 2
9754 9854 -2
9754 9755 -2
9755 9855 2
9755 9756 -2
9756 9856 -2
9756 9757 2
9757 9857 2
9757 9758 -2
9758 9858 2
9758 9759 2
9759 9859 -2
9759 9760 2
9760 9860 -2
9760 9761 2
9761 9861 2
9761 9762 2
9762 9862 2
9762 9763 2
9763 9863 -2
9763 9764 -2
9764 9864 -2
9764 9765 -2
9765 9865 2
9765 9766 -2
9766 9866 -2
9766 9767 2
9767 9867 -2
9767 9768 2
9768 9868 2
9768 9769 2
9769 9869 2
9769 9770 -2
9770 9870 2
9770 9771 -2
9771 9871 2
9771 9772 2
9772 9872 2
9772 9773 -2
9773 9873 2
9773 9774 -2
9774 9874 -2
9774 9775 2
9775 9875 -2
9775 9776 2
9776 9876 2
9776 9777 -2
9777 9877 -2
9777 9778 -2
9778 9878 -2
9778 9779 2
9779 9879 2
9779 9780 -2
9780 9880 -2
9780 9781 -2
9781 9881 2
9781 9782 -2
9782 9882 -2
9782 9783 -2
9783 9883 2
9783 9784 2
9784 9884 -2
9784 9785 2
9785 9885 -2
9785 9786 -2
9786 9886 2
9786 9787 -2
9787 9887 2
9787 9788 2
9788 9888 -2
9788 9789 -2
9789 9889 2
9789 9790 -2
9790 9890 -2
9790 9791 2
9791 9891 -2
9791 9792 2
9792 9892 -2
9792 9793 -2
9793 9893 -2
9793 9794 -2
9794 9894 2
9794 9795 -2
9795 9895 2
9795 9796 2
9796 9896 2
9796 9797 -2
9797 9897 -2
9797 9798 -2
9798 9898 -2
9798 9799 2
9799 9899 2
9800 9900 -2
9800 9899 -2
9800 9801 2
9801 9901 2
9801 9802 2
9802 9902 -2
9802 9803 -2
9803 9903 2
9803 9804 2
9804 9904 2
9804 9805 2
9805 9905 -2
9805 9806 2
9806 9906 -2
9806 9807 -2
9807 9907 -2
9807 9808 -2
9808 9908 -2
9808 9809 2
9809 9909 -2
9809 9810 2
9810 9910 -2
9810 9811 -2
9811 9911 -2
9811 9812 2
9812 9912 -2
9812 9813 -2
9813 9913 2
9813 9814 2
9814 9914 2
9814 9815 -2
9815 9915 -2
9815 9816 -2
9816 9916 2
9816 9817 2
9817 9917 -2
9817 9818 2
9818 9918 2
9818 9819 2
9819 9919 -2
9819 9820 -2
9820 9920 -2
9820 9821 -2
9821 9921 -2
9821 9822 -2
9822 9922 -2
9822 9823 -2
9823 9923 -2
9823 9824 -2
9824 9924 2
9824 9825 2
9825 9925 -2
9825 9826 -2
9826 9926 -2
9826 9827 -2
9827 9927 -2
9827 9828 -2
9828 9928 2
9828 9829 -2
9829 9929 -2
9829 9830 -2
9830 9930 2
9830 9831 2
9831 9931 2
9831 9832 2
9832 9932 2
9832 9833 2
9833 9933 -2
9833 9834 2
9834 9934 -2
9834 9835 2
9835 9935 2
9835 9836 2
9836 9936 2
9836 9837 2
9837 9937 -2
9837 9838 -2
9838 9938 2
9838 9839 2
9839 9939 -2
9839 9840 -2
9840 9940 -2
9840 9841 2
9841 9941 2
9841 9842 -2
9842 9942 2
9842 9843 -2
9843 9943 -2
9843 9844 -2
9844 9944 -2
9844 9845 2
9845 9945 2
9845 9846 2
9846 9946 -2
9846 9847 2
9847 9947 2
9847 9848 2
9848 9948 -2
9848 9849 2
9849 9949 2
9849 9850 2
9850 9950 2
9850 9851 2
9851 9951 2
9851 9852 2
9852 9952 2
9852 9853 -2
9853 9953 -2
9853 9854 2
9854 9954 2
9854 9855 -2
9855 9955 2
9855 9856 -2
9856 9956 2
9856 9857 2
9857 9957 -2
9857 9858 -2
9858 9958 2
9858 9859 2
9859 9959 -2
9859 9860 2
9860 9960 -2
9860 9861 2
9861 9961 2
9861 9862 2
9862 9962 2
9862 9863 2
9863 9963 2
9863 9864 -2
9864 9964 -2
9864 9865 -2
9865 9965 -2
9865 9866 2
9866 9966 2
9866 9867 -2
9867 9967 2
9867 9868 2
9868 9968 2
9868 9869 2
9869 9969 -2
9869 9870 2
9870 9970 -2
9870 9871 -2
9871 9971 2
9871 9872 -2
9872 9972 2
9872 9873 2
9873 9973 -2
9873 9874 2
9874 9974 -2
9874 9875 -2
9875 9975 -2
9875 9876 2
9876 9976 2
9876 9877 -2
9877 9977 -2
9877 9878 2
9878 9978 -2
9878 9879 2
9879 9979 -2
9879 9880 2
9880 9980 2
9880 9881 2
9881 9981 2
9881 9882 2
9882 9982 2
9882 9883 2
9883 9983 -2
9883 9884 -2
9884 9984 -2
9884 9885 2
9885 9985 -2
9885 9886 2
9886 9986 -2
9886 9887 2
9887 9987 -2
9887 9888 -2
9888 9988 -2
9888 9889 2
9889 9989 2
9889 9890 -2
9890 9990 2
9890 9891 -2
9891 9991 2
9891 9892 -2
9892 9992 2
9892 9893 2
9893 9993 -2
9893 9894 -2
9894 9994 2
9894 9895 -2
9895 9995 -2
9895 9896 2
9896 9996 2
9896 9897 2
9897 9997 -2
9897 9898 -2
9898 9998 2
9898 9899 2
9899 9999 2
9900 10000 -2
9900 9999 2
9900 9901 -2
9901 10001 -2
9901 9902 2
9902 10002 -2
9902 9903 2
9903 10003 2
9903 9904 -2
9904 10004 2
9904 9905 -2
9905 10005 -2
9905 9906 -2
9906 10006 -2
9906 9907 -2
9907 10007 2
9907 9908 -2
9908 10008 -2
9908 9909 -2
9909 10009 2
9909 9910 2
9910 10010 2
9910 9911 2
9911 10011 -2
9911 9912 -2
9912 10012 2
9912 9913 2
9913 10013 -2
9913 9914 -2
9914 10014 -2
9914 9915 2
9915 10015 -2
9915 9916 -2
9916 10016 2
9916 9917 -2
9917 10017 2
9917 9918 -2
9918 10018 2
9918 9919 -2
9919 10019 -2
9919 9920 2
9920 10020 2
9920 9921 2
9921 10021 -2
9921 9922 -2
9922 10022 -2
9922 9923 2
9923 10023 -2
9923 9924 -2
9924 10024 -2
9924 9925 2
9925 10025 2
9925 9926 -2
9926 10026 2
9926 9927 2
9927 10027 -2
9927 9928 -2
9928 10028 -2
9928 9929 2
9929 10029 2
9929 9930 2
9930 10030 2
9930 9931 2
9931 10031 -2
9931 9932 2
9932 10032 2
9932 9933 -2
9933 10033 2
9933 9934 2
9934 10034 2
9934 9935 2
9935 10035 -2
9935 9936 2
9936 10036 2
9936 9937 2
9937 10037 2
9937 9938 2
9938 10038 2
9938 9939 -2
9939 10039 -2
9939 9940 2
9940 10040 2
9940 9941 -2
9941 10041 2
9941 9942 -2
9942 10042 -2
9942 9943 -2
9943 10043 2
9943 9944 -2
9944 10044 2
9944 9945 -2
9945 10045 2
9945 9946 2
9946 10046 2
9946 9947 -2
9947 10047 -2
9947 9948 2
9948 10048 2
9948 9949 -2
9949 10049 -2
9949 9950 -2
9950 10050 -2
9950 9951 -2
9951 10051 -2
9951 9952 -2
9952 10052 -2
9952 9953 -2
9953 10053 2
9953 9954 -2
9954 10054 2
9954 9955 -2
9955 10055 2
9955 9956 2
9956 10056 2
9956 9957 2
9957 10057 2
9957 9958 -2
9958 10058 2
9958 9959 -2
9959 10059 2
9959 9960 2
9960 10060 -2
9960 9961 2
9961 10061 -2
9961 9962 2
9962 10062 -2
9962 9963 2
9963 10063 2
9963 9964 -2
9964 10064 -2
9964 9965 -2
9965 10065 -2
9965 9966 -2
9966 10066 -2
9966 9967 2
9967 10067 -2
9967 9968 -2
9968 10068 2
9968 9969 2
9969 10069 2
9969 9970 2
9970 10070 -2
9970 9971 2
9971 10071 -2
9971 9972 -2
9972 10072 -2
9972 9973 -2
9973 10073 2
9973 9974 -2
9974 10074 2
9974 9975 2
9975 10075 -2
9975 9976 2
9976 10076 2
9976 9977 2
9977 10077 2
9977 9978 2
9978 10078 -2
9978 9979 2
9979 10079 2
9979 9980 2
9980 10080 2
9980 9981 -2
9981 10081 2
9981 9982 2
9982 10082 -2
9982 9983 -2
9983 10083 -2
9983 9984 2
9984 10084 -2
9984 9985 2
9985 10085 -2
9985 9986 2
9986 10086 2
9986 9987 2
9987 10087 2
9987 9988 2
9988 10088 2
9988 9989 -2
9989 10089 -2
9989 9990 2
9990 10090 2
9990 9991 -2
9991 10091 2
9991 9992 -2
9992 10092 2
9992 9993 -2
9993 10093 2
9993 9994 2
9994 10094 2
9994 9995 2
9995 10095 2
9995 9996 -2
9996 10096 2
9996 9997 -2
9997 10097 -2
9997 9998 2
9998 10098 2
9998 9999 -2
9999 10099 -2
10000 10100 2
10000 10099 -2
10000 10001 -2
10001 10101 2
10001 10002 2
10002 10102 -2
10002 10003 2
10003 10103 2
10003 10004 -2
10004 10104 2
10004 10005 -2
10005 10105 2
10005 10006 2
10006 10106 -2
10006 10007 2
10007 10107 2
10007 10008 2
10008 10108 -2
10008 10009 2
10009 10109 2
10009 10010 2
10010 10110 -2
10010 10011 -2
10011 10111 -2
10011 10012 2
10012 10112 -2
10012 10013 2
10013 10113 2
10013 10014 -2
10014 10114 -2
10014 10015 2
10015 10115 -2
10015 10016 2
10016 10116 2
10016 10017 2
10017 10117 2
10017 10018 -2
10018 10118 -2
10018 10019 2
10019 10119 2
10019 10020 -2
10020 10120 -2
10020 10021 2
10021 10121 2
10021 10022 2
10022 10122 2
10022 10023 -2
10023 10123 -2
10023 10024 2
10024 10124 -2
10024 10025 -2
10025 10125 2
10025 10026 -2
10026 10126 2
10026 10027 -2
10027 10127 2
10027 10028 -2
10028 10128 2
10028 10029 2
10029 10129 -2
10029 10030 2
10030 10130 -2
10030 10031 -2
10031 10131 2
10031 10032 2
10032 10132 -2
10032 10033 -2
10033 10133 -2
10033 10034 -2
10034 10134 -2
10034 10035 2
10035 10135 -2
10035 10036 -2
10036 10136 -2
10036 10037 -2
10037 10137 -2
10037 10038 2
10038 10138 2
10038 10039 -2
10039 10139 -2
10039 10040 -2
10040 10140 2
10040 10041 -2
10041 10141 2
10041 10042 -2
10042 10142 2
10042 10043 -2
10043 10143 2
10043 10044 2
10044 10144 2
10044 10045 -2
10045 10145 2
10045 10046 2
10046 10146 2
10046 10047 2
10047 10147 -2
10047 10048 2
10048 10148 -2
10048 10049 2
10049 10149 2
10049 10050 -2
10050 10150 -2
10050 10051 -2
10051 10151 2
10051 10052 2
10052 10152 2
10052 10053 -2
10053 10153 -2
10053 10054 -2
10054 10154 -2
10054 10055 -2
10055 10155 -2
10055 10056 -2
10056 10156 -2
10056 10057 2
10057 10157 2
10057 10058 2
10058 10158 -2
10058 10059 -2
10059 10159 -2
10059 10060 2
10060 10160 2
10060 10061 -2
10061 10161 -2
10061 10062 2
10062 10162 -2
10062 10063 -2
10063 10163 -2
10063 10064 2
10064 10164 2
10064 10065 2
10065 10165 -2
10065 10066 2
10066 10166 -2
10066 10067 2
10067 10167 -2
10067 10068 2
10068 10168 2
10068 10069 2
10069 10169 2
10069 10070 2
10070 10170 -2
10070 10071 -2
10071 10171 2
10071 10072 -2
10072 10172 -2
10072 10073 -2
10073 10173 2
10073 10074 2
10074 10174 -2
10074 10075 2
10075 10175 2
10075 10076 2
10076 10176 -2
10076 10077 -2
10077 10177 -2
10077 10078 2
10078 10178 -2
10078 10079 -2
10079 10179 -2
10079 10080 2
10080 10180 -2
10080 10081 -2
10081 10181 2
10081 10082 -2
10082 10182 -2
10082 10083 2
10083 10183 -2
10083 10084 2
10084 10184 -2
10084 10085 2
10085 10185 -2
10085 10086 -2
10086 10186 2
10086 10087 2
10087 10187 -2
10087 10088 2
10088 10188 2
10088 10089 2
10089 10189 -2
10089 10090 2
10090 10190 -2
10090 10091 2
10091 10191 2
10091 10092 -2
10092 10192 -2
10092 10093 -2
10093 10193 2
10093 10094 -2
10094 10194 -2
10094 10095 2
10095 10195 -2
10095 10096 2
10096 10196 2
10096 10097 -2
10097 10197 2
10097 10098 -2
10098 10198 -2
10098 10099 -2
10099 10199 -2
10100 10200 2
10100 10199 -2
10100 10101 -2
10101 10201 2
10101 10102 2
10102 10202 2
10102 10103 2
10103 10203 -2
10103 10104 2
10104 10204 -2
10104 10105 2
10105 10205 -2
10105 10106 2
10106 10206 -2
10106 10107 -2
10107 10207 2
10107 10108 -2
10108 10208 -2
10108 10109 2
10109 10209 -2
10109 10110 -2
10110 10210 -2
10110 10111 2
10111 10211 -2
10111 10112 2
10112 10212 -2
10112 10113 2
10113 10213 -2
10113 10114 2
10114 10214 -2
10114 10115 -2
10115 10215 2
10115 10116 2
10116 10216 -2
10116 10117 2
10117 10217 2
10117 10118 2
10118 10218 -2
10118 10119 -2
10119 10219 -2
10119 10120 -2
10120 10220 -2
10120 10121 -2
10121 10221 -2
10121 10122 -2
10122 10222 2
10122 10123 2
10123 10223 2
10123 10124 2
10124 10224 2
10124 10125 -2
10125 10225 -2
10125 10126 2
10126 10226 2
10126 10127 2
10127 10227 2
10127 10128 -2
10128 10228 -2
10128 10129 2
10129 10229 -2
10129 10130 2
10130 10230 2
10130 10131 -2
10131 10231 -2
10131 10132 -2
10132 10232 2
10132 10133 -2
10133 10233 2
10133 10134 2
10134 10234 -2
10134 10135 -2
10135 10235 -2
10135 10136 2
10136 10236 2
10136 10137 2
10137 10237 -2
10137 10138 2
10138 10238 2
10138 10139 2
10139 10239 -2
10139 10140 -2
10140 10240 -2
10140 10141 -2
10141 10241 2
10141 10142 -2
10142 10242 -2
10142 10143 -2
10143 10243 2
10143 10144 -2
10144 10244 -2
10144 10145 -2
10145 10245 -2
10145 10146 2
10146 10246 -2
10146 10147 2
10147 10247 -2
10147 10148 2
10148 10248 -2
10148 10149 2
10149 10249 -2
10149 10150 2
10150 10250 -2
10150 10151 2
10151 10251 2
10151 10152 -2
10152 10252 2
10152 10153 2
10153 10253 2
10153 10154 -2
10154 10254 2
10154 10155 2
10155 10255 2
10155 10156 -2
10156 10256 2
10156 10157 -2
10157 10257 -2
10157 10158 -2
10158 10258 2
10158 10159 2
10159 10259 -2
10159 10160 -2
10160 10260 -2
10160 10161 -2
10161 10261 2
10161 10162 -2
10162 10262 2
10162 10163 -2
10163 10263 2
10163 10164 2
10164 10264 2
10164 10165 2
10165 10265 -2
10165 10166 2
10166 10266 -2
10166 10167 -2
10167 10267 2
10167 10168 -2
10168 10268 -2
10168 10169 -2
10169 10269 2
10169 10170 2
10170 10270 2
10170 10171 2
10171 10271 -2
10171 10172 2
10172 10272 -2
10172 10173 2
10173 10273 -2
10173 10174 -2
10174 10274 2
10174 10175 -2
10175 10275 -2
10175 10176 -2
10176 10276 -2
10176 10177 2
10177 10277 2
10177 10178 -2
10178 10278 2
10178 10179 -2
10179 10279 2
10179 10180 -2
10180 10280 -2
10180 10181 -2
10181 10281 -2
10181 10182 -2
10182 10282 -2
10182 10183 -2
10183 10283 2
10183 10184 -2
10184 10284 2
10184 10185 2
10185 10285 -2
10185 10186 2
10186 10286 2
10186 10187 -2
10187 10287 -2
10187 10188 -2
10188 10288 2
10188 10189 2
10189 10289 2
10189 10190 2
10190 10290 -2
10190 10191 2
10191 10291 2
10191 10192 2
10192 10292 2
10192 10193 2
10193 10293 -2
10193 10194 2
10194 10294 2
10194 10195 2
10195 10295 2
10195 10196 2
10196 10296 2
10196 10197 2
10197 10297 -2
10197 10198 -2
10198 10298 -2
10198 10199 -2
10199 10299 -2
10200 10300 -2
10200 10299 2
10200 10201 -2
10201 10301 2
10201 10202 -2
10202 10302 -2
10202 10203 -2
10203 10303 -2
10203 10204 -2
10204 10304 -2
10204 10205 2
10205 10305 2
10205 10206 2
10206 10306 2
10206 10207 -2
10207 10307 -2
10207 10208 -2
10208 10308 2
10208 10209 -2
10209 10309 -2
10209 10210 2
10210 10310 -2
10210 10211 -2
10211 10311 2
10211 10212 -2
10212 10312 -2
10212 10213 -2
10213 10313 2
10213 10214 2
10214 10314 2
10214 10215 -2
10215 10315 2
10215 10216 2
10216 10316 2
10216 10217 2
10217 10317 -2
10217 10218 -2
10218 10318 2
10218 10219 2
10219 10319 -2
10219 10220 -2
10220 10320 2
10220 10221 -2
10221 10321 -2
10221 10222 2
10222 10322 -2
10222 10223 2
10223 10323 2
10223 10224 2
10224 10324 2
10224 10225 -2
10225 10325 -2
10225 10226 -2
10226 10326 2
10226 10227 -2
10227 10327 2
10227 10228 -2
10228 10328 -2
10228 10229 -2
10229 10329 2
10229 10230 -2
10230 10330 -2
10230 10231 -2
10231 10331 2
10231 10232 2
10232 10332 -2
10232 10233 -2
10233 10333 2
10233 10234 -2
10234 10334 -2
10234 10235 -2
10235 10335 -2
10235 10236 2
10236 10336 -2
10236 10237 2
10237 10337 2
10237 10238 -2
10238 10338 2
10238 10239 -2
10239 10339 -2
10239 10240 2
10240 10340 -2
10240 10241 -2
10241 10341 2
10241 10242 -2
10242 10342 2
10242 10243 -2
10243 10343 2
10243 10244 2
10244 10344 -2
10244 10245 -2
10245 10345 2
10245 10246 2
10246 10346 -2
10246 10247 -2
10247 10347 -2
10247 10248 -2
10248 10348 -2
10248 10249 2
10249 10349 -2
10249 10250 -2
10250 10350 2
10250 10251 2
10251 10351 -2
10251 10252 2
10252 10352 -2
10252 10253 2
10253 10353 -2
10253 10254 2
10254 10354 2
10254 10255 2
10255 10355 -2
10255 10256 -2
10256 10356 2
10256 10257 -2
10257 10357 2
10257 10258 -2
10258 10358 2
10258 10259 -2
10259 10359 -2
10259 10260 2
10260 10360 -2
10260 10261 2
10261 10361 2
10261 10262 2
10262 10362 2
10262 10263 2
10263 10363 -2
10263 10264 -2
10264 10364 -2
10264 10265 2
10265 10365 -2
10265 10266 -2
10266 10366 2
10266 10267 2
10267 10367 -2
10267 10268 2
10268 10368 -2
10268 10269 2
10269 10369 -2
10269 10270 -2
10270 10370 2
10270 10271 -2
10271 10371 2
10271 10272 2
10272 10372 2
10272 10273 -2
10273 10373 -2
10273 10274 2
10274 10374 2
10274 10275 2
10275 10375 2
10275 10276 -2
10276 10376 2
10276 10277 -2
10277 10377 -2
10277 10278 2
10278 10378 2
10278 10279 2
10279 10379 2
10279 10280 2
10280 10380 -2
10280 10281 -2
10281 10381 -2
10281 10282 2
10282 10382 2
10282 10283 2
10283 10383 -2
10283 10284 2
10284 10384 2
10284 10285 2
10285 10385 2
10285 10286 2
10286 10386 2
10286 10287 2
10287 10387 2
10287 10288 -2
10288 10388 -2
10288 10289 -2
10289 10389 -2
10289 10290 2
10290 10390 -2
10290 10291 2
10291 10391 2
10291 10292 2
10292 10392 2
10292 10293 2
10293 10393 -2
10293 10294 2
10294 10394 -2
10294 10295 2
10295 10395 -2
10295 10296 2
10296 10396 2
10296 10297 -2
10297 10397 -2
10297 10298 2
10298 10398 2
10298 10299 -2
10299 10399 -2
10300 10400 2
10300 10399 2
10300 10301 2
10301 10401 2
10301 10302 -2
10302 10402 2
10302 10303 2
10303 10403 2
10303 10304 2
10304 10404 -2
10304 10305 2
10305 10405 -2
10305 10306 -2
10306 10406 2
10306 10307 2
10307 10407 2
10307 10308 2
10308 10408 -2
10308 10309 -2
10309 10409 -2
10309 10310 -2
10310 10410 2
10310 10311 2
10311 10411 2
10311 10312 -2
10312 10412 2
10312 10313 2
10313 10413 -2
10313 10314 2
10314 10414 -2
10314 10315 -2
10315 10415 2
10315 10316 -2
10316 10416 -2
10316 10317 -2
10317 10417 2
10317 10318 2
10318 10418 -2
10318 10319 -2
10319 10419 2
10319 10320 -2
10320 10420 -2
10320 10321 2
10321 10421 2
10321 10322 -2
10322 10422 2
10322 10323 -2
10323 10423 2
10323 10324 -2
10324 10424 -2
10324 10325 2
10325 10425 2
10325 10326 2
10326 10426 2
10326 10327 -2
10327 10427 -2
10327 10328 -2
10328 10428 -2
10328 10329 -2
10329 10429 -2
10329 10330 2
10330 10430 2
10330 10331 2
10331 10431 -2
10331 10332 2
10332 10432 2
10332 10333 2
10333 10433 -2
10333 10334 -2
10334 10434 -2
10334 10335 -2
10335 10435 -2
10335 10336 2
10336 10436 -2
10336 10337 2
10337 10437 -2
10337 10338 -2
10338 10438 2
10338 10339 -2
10339 10439 2
10339 10340 2
10340 10440 2
10340 10341 2
10341 10441 -2
10341 10342 -2
10342 10442 -2
10342 10343 -2
10343 10443 2
10343 10344 2
10344 10444 -2
10344 10345 -2
10345 10445 2
10345 10346 2
10346 10446 2
10346 10347 -2
10347 10447 -2
10347 10348 2
10348 10448 2
10348 10349 -2
10349 10449 -2
10349 10350 2
10350 10450 2
10350 10351 2
10351 10451 2
10351 10352 2
10352 10452 2
10352 10353 2
10353 10453 -2
10353 10354 -2
10354 10454 2
10354 10355 2
10355 10455 2
10355 10356 -2
10356 10456 -2
10356 10357 2
10357 10457 -2
10357 10358 2
10358 10458 2
10358 10359 2
10359 10459 -2
10359 10360 2
10360 10460 -2
10360 10361 2
10361 10461 -2
10361 10362 -2
10362 10462 2
10362 10363 -2
10363 10463 2
10363 10364 2
10364 10464 -2
10364 10365 -2
10365 10465 2
10365 10366 2
10366 10466 2
10366 10367 2
10367 10467 2
10367 10368 -2
10368 10468 -2
10368 10369 2
10369 10469 2
10369 10370 -2
10370 10470 -2
10370 10371 2
10371 10471 2
10371 10372 2
10372 10472 -2
10372 10373 -2
10373 10473 2
10373 10374 2
10374 10474 2
10374 10375 2
10375 10475 -2
10375 10376 2
10376 10476 -2
10376 10377 2
10377 10477 -2
10377 10378 -2
10378 10478 2
10378 10379 2
10379 10479 2
10379 10380 2
10380 10480 2
10380 10381 -2
10381 10481 -2
10381 10382 2
10382 10482 2
10382 10383 2
10383 10483 2
10383 10384 2
10384 10484 -2
10384 10385 2
10385 10485 -2
10385 10386 -2
10386 10486 2
10386 10387 2
10387 10487 2
10387 10388 -2
10388 10488 -2
10388 10389 2
10389 10489 2
10389 10390 2
10390 10490 -2
10390 10391 -2
10391 10491 -2
10391 10392 -2
10392 10492 -2
10392 10393 -2
10393 10493 -2
10393 10394 -2
10394 10494 -2
10394 10395 -2
10395 10495 2
10395 10396 2
10396 10496 2
10396 10397 2
10397 10497 2
10397 10398 2
10398 10498 -2
10398 10399 2
10399 10499 -2
10400 10500 2
10400 10499 -2
10400 10401 2
10401 10501 2
10401 10402 2
10402 10502 -2
10402 10403 -2
10403 10503 2
10403 10404 -2
10404 10504 2
10404 10405 -2
10405 10505 -2
10405 10406 -2
10406 10506 2
10406 10407 -2
10407 10507 2
10407 10408 -2
10408 10508 -2
10408 10409 -2
10409 10509 -2
10409 10410 -2
10410 10510 -2
10410 10411 2
10411 10511 2
10411 10412 2
10412 10512 -2
10412 10413 -2
10413 10513 -2
10413 10414 -2
10414 10514 2
10414 10415 -2
10415 10515 -2
10415 10416 -2
10416 10516 -2
10416 10417 -2
10417 10517 -2
10417 10418 2
10418 10518 -2
10418 10419 2
10419 10519 -2
10419 10420 2
10420 10520 -2
10420 10421 -2
10421 10521 2
10421 10422 2
10422 10522 2
10422 10423 -2
10423 10523 -2
10423 10424 2
10424 10524 2
10424 10425 -2
10425 10525 -2
10425 10426 2
10426 10526 -2
10426 10427 2
10427 10527 2
10427 10428 2
10428 10528 2
10428 10429 2
10429 10529 -2
10429 10430 -2
10430 10530 -2
10430 10431 -2
10431 10531 -2
10431 10432 -2
10432 10532 2
10432 10433 2
10433 10533 2
10433 10434 2
10434 10534 -2
10434 10435 2
10435 10535 -2
10435 10436 -2
10436 10536 -2
10436 10437 2
10437 10537 -2
10437 10438 2
10438 10538 -2
10438 10439 2
10439 10539 -2
10439 10440 2
10440 10540 -2
10440 10441 -2
10441 10541 2
10441 10442 -2
10442 10542 -2
10442 10443 2
10443 10543 -2
10443 10444 2
10444 10544 2
10444 10445 2
10445 10545 2
10445 10446 -2
10446 10546 -2
10446 10447 -2
10447 10547 -2
10447 10448 -2
10448 10548 -2
10448 10449 2
10449 10549 -2
10449 10450 2
10450 10550 2
10450 10451 -2
10451 10551 2
10451 10452 2
10452 10552 -2
10452 10453 -2
10453 10553 2
10453 10454 2
10454 10554 -2
10454 10455 -2
10455 10555 2
10455 10456 -2
10456 10556 2
10456 10457 2
10457 10557 2
10457 10458 2
10458 10558 -2
10458 10459 2
10459 10559 -2
10459 10460 2
10460 10560 -2
10460 10461 -2
10461 10561 2
10461 10462 -2
10462 10562 2
10462 10463 -2
10463 10563 2
10463 10464 2
10464 10564 2
10464 10465 2
10465 10565 -2
10465 10466 -2
10466 10566 2
10466 10467 2
10467 10567 -2
10467 10468 2
10468 10568 -2
10468 10469 2
10469 10569 2
10469 10470 2
10470 10570 -2
10470 10471 2
10471 10571 -2
10471 10472 -2
10472 10572 2
10472 10473 2
10473 10573 -2
10473 10474 -2
10474 10574 -2
10474 10475 -2
10475 10575 2
10475 10476 2
10476 10576 -2
10476 10477 2
10477 10577 2
10477 10478 -2
10478 10578 -2
10478 10479 2
10479 10579 2
10479 10480 2
10480 10580 -2
10480 10481 -2
10481 10581 2
10481 10482 2
10482 10582 2
10482 10483 2
10483 10583 2
10483 10484 -2
10484 10584 -2
10484 10485 2
10485 10585 -2
10485 10486 -2
10486 10586 2
10486 10487 -2
10487 10587 -2
10487 10488 -2
10488 10588 -2
10488 10489 -2
10489 10589 -2
10489 10490 -2
10490 10590 -2
10490 10491 2
10491 10591 -2
10491 10492 2
10492 10592 2
10492 10493 2
10493 10593 2
10493 10494 2
10494 10594 2
10494 10495 -2
10495 10595 2
10495 10496 2
10496 10596 2
10496 10497 -2
10497 10597 2
10497 10498 -2
10498 10598 -2
10498 10499 -2
10499 10599 2
10500 10600 -2
10500 10599 -2
10500 10501 2
10501 10601 -2
10501 10502 2
10502 10602 -2
10502 10503 -2
10503 10603 2
10503 10504 -2
10504 10604 -2
10504 10505 2
10505 10605 2
10505 10506 -2
10506 10606 -2
10506 10507 -2
10507 10607 -2
10507 10508 2
10508 10608 -2
10508 10509 2
10509 10609 -2
10509 10510 2
10510 10610 2
10510 10511 2
10511 10611 2
10511 10512 -2
10512 10612 2
10512 10513 -2
10513 10613 2
10513 10514 -2
10514 10614 2
10514 10515 2
10515 10615 -2
10515 10516 2
10516 10616 2
10516 10517 -2
10517 10617 -2
10517 10518 -2
10518 10618 2
10518 10519 2
10519 10619 2
10519 10520 2
10520 10620 -2
10520 10521 -2
10521 10621 2
10521 10522 -2
10522 10622 -2
10522 10523 -2
10523 10623 2
10523 10524 -2
10524 10624 -2
10524 10525 -2
10525 10625 2
10525 10526 2
10526 10626 2
10526 10527 2
10527 10627 -2
10527 10528 2
10528 10628 2
10528 10529 -2
10529 10629 -2
10529 10530 -2
10530 10630 -2
10530 10531 2
10531 10631 -2
10531 10532 -2
10532 10632 2
10532 10533 2
10533 10633 -2
10533 10534 2
10534 10634 -2
10534 10535 2
10535 10635 -2
10535 10536 2
10536 10636 -2
10536 10537 2
10537 10637 2
10537 10538 -2
10538 10638 2
10538 10539 2
10539 10639 2
10539 10540 2
10540 10640 -2
10540 10541 2
10541 10641 -2
10541 10542 2
10542 10642 2
10542 10543 -2
10543 10643 2
10543 10544 -2
10544 10644 2
10544 10545 -2
10545 10645 2
10545 10546 -2
10546 10646 -2
10546 10547 -2
10547 10647 -2
10547 10548 2
10548 10648 2
10548 10549 2
10549 10649 -2
10549 10550 2
10550 10650 -2
10550 10551 -2
10551 10651 2
10551 10552 -2
10552 10652 -2
10552 10553 -2
10553 10653 -2
10553 10554 -2
10554 10654 -2
10554 10555 -2
10555 10655 -2
10555 10556 2
10556 10656 2
10556 10557 -2
10557 10657 2
10557 10558 2
10558 10658 2
10558 10559 2
10559 10659 2
10559 10560 2
10560 10660 2
10560 10561 -2
10561 10661 -2
10561 10562 2
10562 10662 -2
10562 10563 2
10563 10663 2
10563 10564 -2
10564 10664 2
10564 10565 2
10565 10665 -2
10565 10566 2
10566 10666 -2
10566 10567 -2
10567 10667 -2
10567 10568 2
10568 10668 -2
10568 10569 -2
10569 10669 -2
10569 10570 -2
10570 10670 2
10570 10571 -2
10571 10671 2
10571 10572 2
10572 10672 -2
10572 10573 2
10573 10673 -2
10573 10574 2
10574 10674 -2
10574 10575 2
10575 10675 2
10575 10576 -2
10576 10676 -2
10576 10577 -2
10577 10677 -2
10577 10578 -2
10578 10678 2
10578 10579 2
10579 10679 2
10579 10580 2
10580 10680 2
10580 10581 -2
10581 10681 2
10581 10582 2
10582 10682 2
10582 10583 2
10583 10683 2
10583 10584 -2
10584 10684 -2
10584 10585 -2
10585 10685 -2
10585 10586 2
10586 10686 -2
10586 10587 2
10587 10687 -2
10587 10588 2
10588 10688 2
10588 10589 -2
10589 10689 2
10589 10590 -2
10590 10690 2
10590 10591 -2
10591 10691 2
10591 10592 2
10592 10692 2
10592 10593 -2
10593 10693 2
10593 10594 2
10594 10694 -2
10594 10595 -2
10595 10695 2
10595 10596 -2
10596 10696 -2
10596 10597 -2
10597 10697 2
10597 10598 -2
10598 10698 2
10598 10599 2
10599 10699 2
10600 10700 -2
10600 10699 2
10600 10601 -2
10601 10701 2
10601 10602 -2
10602 10702 2
10602 10603 -2
10603 10703 2
10603 10604 -2
10604 10704 -2
10604 10605 -2
10605 10705 -2
10605 10606 2
10606 10706 -2
10606 10607 -2
10607 10707 -2
10607 10608 -2
10608 10708 -2
10608 10609 -2
10609 10709 2
10609 10610 2
10610 10710 2
10610 10611 -2
10611 10711 -2
10611 10612 -2
10612 10712 -2
10612 10613 -2
10613 10713 -2
10613 10614 -2
10614 10714 -2
10614 10615 2
10615 10715 2
10615 10616 -2
10616 10716 -2
10616 10617 -2
10617 10717 -2
10617 10618 -2
10618 10718 2
10618 10619 2
10619 10719 -2
10619 10620 2
10620 10720 2
10620 10621 2
10621 10721 2
10621 10622 2
10622 10722 -2
10622 10623 -2
10623 10723 2
10623 10624 -2
10624 10724 2
10624 10625 2
10625 10725 2
10625 10626 -2
10626 10726 -2
10626 10627 2
10627 10727 -2
10627 10628 2
10628 10728 2
10628 10629 2
10629 10729 2
10629 10630 -2
10630 10730 -2
10630 10631 -2
10631 10731 2
10631 10632 -2
10632 10732 2
10632 10633 -2
10633 10733 -2
10633 10634 2
10634 10734 -2
10634 10635 2
10635 10735 2
10635 10636 -2
10636 10736 2
10636 10637 -2
10637 10737 2
10637 10638 2
10638 10738 2
10638 10639 -2
10639 10739 -2
10639 10640 -2
10640 10740 2
10640 10641 -2
10641 10741 2
10641 10642 2
10642 10742 -2
10642 10643 2
10643 10743 2
10643 10644 -2
10644 10744 2
10644 10645 -2
10645 10745 2
10645 10646 2
10646 10746 -2
10646 10647 2
10647 10747 -2
10647 10648 -2
10648 10748 -2
10648 10649 -2
10649 10749 2
10649 10650 -2
10650 10750 2
10650 10651 2
10651 10751 2
10651 10652 2
10652 10752 -2
10652 10653 2
10653 10753 2
10653 10654 2
10654 10754 -2
10654 10655 -2
10655 10755 -2
10655 10656 2
10656 10756 -2
10656 10657 -2
10657 10757 2
10657 10658 2
10658 10758 2
10658 10659 2
10659 10759 2
10659 10660 2
10660 10760 2
10660 10661 2
10661 10761 -2
10661 10662 -2
10662 10762 2
10662 10663 -2
10663 10763 2
10663 10664 -2
10664 10764 2
10664 10665 -2
10665 10765 2
10665 10666 2
10666 10766 2
10666 10667 -2
10667 10767 2
10667 10668 -2
10668 10768 2
10668 10669 2
10669 10769 2
10669 10670 2
10670 10770 2
10670 10671 -2
10671 10771 2
10671 10672 -2
10672 10772 2
10672 10673 2
10673 10773 2
10673 10674 -2
10674 10774 -2
10674 10675 2
10675 10775 2
10675 10676 -2
10676 10776 2
10676 10677 2
10677 10777 2
10677 10678 2
10678 10778 2
10678 10679 -2
10679 10779 2
10679 10680 2
10680 10780 -2
10680 10681 -2
10681 10781 2
10681 10682 -2
10682 10782 2
10682 10683 -2
10683 10783 2
10683 10684 -2
10684 10784 -2
10684 10685 2
10685 10785 -2
10685 10686 -2
10686 10786 2
10686 10687 2
10687 10787 2
10687 10688 -2
10688 10788 2
10688 10689 -2
10689 10789 2
10689 10690 -2
10690 10790 -2
10690 10691 2
10691 10791 -2
10691 10692 2
10692 10792 2
10692 10693 2
10693 10793 -2
10693 10694 -2
10694 10794 2
10694 10695 -2
10695 10795 -2
10695 10696 -2
10696 10796 -2
10696 10697 -2
10697 10797 2
10697 10698 2
10698 10798 -2
10698 10699 -2
10699 10799 -2
10700 10800 2
10700 10799 -2
10700 10701 -2
10701 10801 2
10701 10702 2
10702 10802 2
10702 10703 -2
10703 10803 2
10703 10704 2
10704 10804 2
10704 10705 2
10705 10805 2
10705 10706 -2
10706 10806 -2
10706 10707 2
10707 10807 2
10707 10708 -2
10708 10808 -2
10708 10709 -2
10709 10809 2
10709 10710 -2
10710 10810 2
10710 10711 -2
10711 10811 -2
10711 10712 -2
10712 10812 -2
10712 10713 2
10713 10813 -2
10713 10714 2
10714 10814 -2
10714 10715 2
10715 10815 2
10715 10716 -2
10716 10816 -2
10716 10717 -2
10717 10817 -2
10717 10718 2
10718 10818 -2
10718 10719 -2
10719 10819 -2
10719 10720 -2
10720 10820 -2
10720 10721 2
10721 10821 2
10721 10722 2
10722 10822 2
10722 10723 2
10723 10823 -2
10723 10724 -2
10724 10824 2
10724 10725 2
10725 10825 -2
10725 10726 -2
10726 10826 2
10726 10727 -2
10727 10827 2
10727 10728 2
10728 10828 -2
10728 10729 2
10729 10829 2
10729 10730 -2
10730 10830 2
10730 10731 2
10731 10831 -2
10731 10732 -2
10732 10832 -2
10732 10733 -2
10733 10833 -2
10733 10734 -2
10734 10834 -2
10734 10735 -2
10735 10835 2
10735 10736 2
10736 10836 -2
10736 10737 -2
10737 10837 2
10737 10738 2
10738 10838 -2
10738 10739 -2
10739 10839 -2
10739 10740 2
10740 10840 2
10740 10741 -2
10741 10841 -2
10741 10742 2
10742 10842 2
10742 10743 -2
10743 10843 2
10743 10744 2
10744 10844 2
10744 10745 2
10745 10845 -2
10745 10746 -2
10746 10846 2
10746 10747 2
10747 10847 2
10747 10748 2
10748 10848 -2
10748 10749 2
10749 10849 2
10749 10750 -2
10750 10850 -2
10750 10751 -2
10751 10851 -2
10751 10752 2
10752 10852 -2
10752 10753 -2
10753 10853 2
10753 10754 2
10754 10854 -2
10754 10755 2
10755 10855 2
10755 10756 2
10756 10856 2
10756 10757 2
10757 10857 -2
10757 10758 -2
10758 10858 -2
10758 10759 2
10759 10859 2
10759 10760 -2
10760 10860 -2
10760 10761 -2
10761 10861 2
10761 10762 -2
10762 10862 2
10762 10763 -2
10763 10863 -2
10763 10764 -2
10764 10864 2
10764 10765 -2
10765 10865 2
10765 10766 -2
10766 10866 2
10766 10767 2
10767 10867 -2
10767 10768 2
10768 10868 2
10768 10769 -2
10769 10869 -2
10769 10770 2
10770 10870 2
10770 10771 2
10771 10871 2
10771 10772 -2
10772 10872 -2
10772 10773 -2
10773 10873 2
10773 10774 -2
10774 10874 2
10774 10775 2
10775 10875 2
10775 10776 -2
10776 10876 2
10776 10777 2
10777 10877 -2
10777 10778 -2
10778 10878 2
10778 10779 2
10779 10879 2
10779 10780 -2
10780 10880 2
10780 10781 -2
10781 10881 2
10781 10782 -2
10782 10882 2
10782 10783 -2
10783 10883 -2
10783 10784 2
10784 10884 -2
10784 10785 2
10785 10885 -2
10785 10786 2
10786 10886 -2
10786 10787 2
10787 10887 -2
10787 10788 2
10788 10888 -2
10788 10789 -2
10789 10889 -2
10789 10790 2
10790 10890 -2
10790 10791 2
10791 10891 -2
10791 10792 -2
10792 10892 -2
10792 10793 2
10793 10893 2
10793 10794 -2
10794 10894 -2
10794 10795 2
10795 10895 -2
10795 10796 -2
10796 10896 2
10796 10797 2
10797 10897 -2
10797 10798 2
10798 10898 2
10798 10799 -2
10799 10899 -2
10800 10900 2
10800 10899 -2
10800 10801 2
10801 10901 -2
10801 10802 -2
10802 10902 -2
10802 10803 2
10803 10903 -2
10803 10804 2
10804 10904 -2
10804 10805 -2
10805 10905 2
10805 10806 2
10806 10906 2
10806 10807 2
10807 10907 2
10807 10808 2
10808 10908 2
10808 10809 2
10809 10909 2
10809 10810 -2
10810 10910 -2
10810 10811 2
10811 10911 -2
10811 10812 2
10812 10912 -2
10812 10813 2
10813 10913 -2
10813 10814 -2
10814 10914 -2
10814 10815 -2
10815 10915 -2
10815 10816 2
10816 10916 2
10816 10817 2
10817 10917 2
10817 10818 2
10818 10918 -2
10818 10819 2
10819 10919 2
10819 10820 -2
10820 10920 2
10820 10821 2
10821 10921 2
10821 10822 -2
10822 10922 -2
10822 10823 2
10823 10923 2
10823 10824 2
10824 10924 2
10824 10825 2
10825 10925 2
10825 10826 -2
10826 10926 2
10826 10827 -2
10827 10927 2
10827 10828 2
10828 10928 2
10828 10829 2
10829 10929 -2
10829 10830 2
10830 10930 2
10830 10831 2
10831 10931 2
10831 10832 -2
10832 10932 -2
10832 10833 -2
10833 10933 2
10833 10834 -2
10834 10934 2
10834 10835 2
10835 10935 2
10835 10836 -2
10836 10936 -2
10836 10837 2
10837 10937 -2
10837 10838 2
10838 10938 2
10838 10839 -2
10839 10939 2
10839 10840 -2
10840 10940 -2
10840 10841 2
10841 10941 2
10841 10842 2
10842 10942 2
10842 10843 -2
10843 10943 -2
10843 10844 2
10844 10944 -2
10844 10845 2
10845 10945 -2
10845 10846 2
10846 10946 -2
10846 10847 2
10847 10947 2
10847 10848 -2
10848 10948 -2
10848 10849 2
10849 10949 -2
10849 10850 -2
10850 10950 2
10850 10851 -2
10851 10951 -2
10851 10852 -2
10852 10952 2
10852 10853 2
10853 10953 2
10853 10854 2
10854 10954 2
10854 10855 -2
10855 10955 2
10855 10856 -2
10856 10956 2
10856 10857 -2
10857 10957 2
10857 10858 2
10858 10958 2
10858 10859 -2
10859 10959 2
10859 10860 2
10860 10960 2
10860 10861 -2
10861 10961 -2
10861 10862 -2
10862 10962 -2
10862 10863 2
10863 10963 2
10863 10864 2
10864 10964 -2
10864 10865 -2
10865 10965 2
10865 10866 -2
10866 10966 2
10866 10867 -2
10867 10967 2
10867 10868 -2
10868 10968 -2
10868 10869 2
10869 10969 2
10869 10870 2
10870 10970 2
10870 10871 2
10871 10971 2
10871 10872 -2
10872 10972 -2
10872 10873 -2
10873 10973 2
10873 10874 2
10874 10974 2
10874 10875 2
10875 10975 2
10875 10876 -2
10876 10976 2
10876 10877 2
10877 10977 -2
10877 10878 -2
10878 10978 -2
10878 10879 2
10879 10979 2
10879 10880 -2
10880 10980 2
10880 10881 -2
10881 10981 -2
10881 10882 -2
10882 10982 2
10882 10883 2
10883 10983 -2
10883 10884 -2
10884 10984 2
10884 10885 -2
10885 10985 -2
10885 10886 2
10886 10986 -2
10886 10887 -2
10887 10987 2
10887 10888 -2
10888 10988 -2
10888 10889 2
10889 10989 -2
10889 10890 2
10890 10990 -2
10890 10891 2
10891 10991 2
10891 10892 2
10892 10992 -2
10892 10893 2
10893 10993 2
10893 10894 2
10894 10994 2
10894 10895 2
10895 10995 -2
10895 10896 -2
10896 10996 -2
10896 10897 -2
10897 10997 -2
10897 10898 -2
10898 10998 2
10898 10899 2
10899 10999 -2
10900 11000 -2
10900 10999 2
10900 10901 -2
10901 11001 2
10901 10902 -2
10902 11002 -2
10902 10903 -2
10903 11003 -2
10903 10904 2
10904 11004 2
10904 10905 2
10905 11005 -2
10905 10906 2
10906 11006 2
10906 10907 -2
10907 11007 -2
10907 10908 -2
10908 11008 2
10908 10909 2
10909 11009 2
10909 10910 2
10910 11010 -2
10910 10911 -2
10911 11011 -2
10911 10912 -2
10912 11012 2
10912 10913 2
10913 11013 -2
10913 10914 2
10914 11014 2
10914 10915 2
10915 11015 -2
10915 10916 -2
10916 11016 -2
10916 10917 2
10917 11017 -2
10917 10918 2
10918 11018 -2
10918 10919 2
10919 11019 -2
10919 10920 2
10920 11020 2
10920 10921 2
10921 11021 2
10921 10922 -2
10922 11022 -2
10922 10923 2
10923 11023 -2
10923 10924 2
10924 11024 -2
10924 10925 2
10925 11025 -2
10925 10926 -2
10926 11026 2
10926 10927 -2
10927 11027 -2
10927 10928 -2
10928 11028 2
10928 10929 2
10929 11029 -2
10929 10930 -2
10930 11030 2
10930 10931 -2
10931 11031 -2
10931 10932 2
10932 11032 2
10932 10933 -2
10933 11033 -2
10933 10934 2
10934 11034 2
10934 10935 2
10935 11035 -2
10935 10936 2
10936 11036 -2
10936 10937 2
10937 11037 -2
10937 10938 2
10938 11038 -2
10938 10939 -2
10939 11039 -2
10939 10940 2
10940 11040 2
10940 10941 -2
10941 11041 -2
10941 10942 -2
10942 11042 2
10942 10943 -2
10943 11043 2
10943 10944 -2
10944 11044 -2
10944 10945 -2
10945 11045 2
10945 10946 -2
10946 11046 2
10946 10947 2
10947 11047 -2
10947 10948 -2
10948 11048 2
10948 10949 -2
10949 11049 -2
10949 10950 -2
10950 11050 2
10950 10951 2
10951 11051 2
10951 10952 2
10952 11052 -2
10952 10953 -2
10953 11053 2
10953 10954 -2
10954 11054 -2
10954 10955 2
10955 11055 2
10955 10956 2
10956 11056 2
10956 10957 -2
10957 11057 2
10957 10958 -2
10958 11058 -2
10958 10959 2
10959 11059 -2
10959 10960 -2
10960 11060 -2
10960 10961 2
10961 11061 -2
10961 10962 -2
10962 11062 -2
10962 10963 2
10963 11063 -2
10963 10964 2
10964 11064 2
10964 10965 -2
10965 11065 2
10965 10966 2
10966 11066 -2
10966 10967 2
10967 11067 2
10967 10968 -2
10968 11068 -2
10968 10969 -2
10969 11069 2
10969 10970 2
10970 11070 -2
10970 10971 2
10971 11071 2
10971 10972 2
10972 11072 -2
10972 10973 2
10973 11073 2
10973 10974 2
10974 11074 2
10974 10975 2
10975 11075 2
10975 10976 2
10976 11076 -2
10976 10977 2
10977 11077 2
10977 10978 2
10978 11078 2
10978 10979 -2
10979 11079 2
10979 10980 -2
10980 11080 -2
10980 10981 -2
10981 11081 -2
10981 10982 2
10982 11082 2
10982 10983 2
10983 11083 2
10983 10984 2
10984 11084 2
10984 10985 -2
10985 11085 2
10985 10986 2
10986 11086 2
10986 10987 -2
10987 11087 -2
10987 10988 -2
10988 11088 2
10988 10989 2
10989 11089 2
10989 10990 -2
10990 11090 -2
10990 10991 2
10991 11091 -2
10991 10992 -2
10992 11092 -2
10992 10993 2
10993 11093 -2
10993 10994 2
10994 11094 -2
10994 10995 -2
10995 11095 -2
10995 10996 -2
10996 11096 2
10996 10997 2
10997 11097 2
10997 10998 2
10998 11098 -2
10998 10999 -2
10999 11099 -2
11000 11100 -2
11000 11099 -2
11000 11001 2
11001 11101 2
11001 11002 -2
11002 11102 2
11002 11003 2
11003 11103 2
11003 11004 2
11004 11104 -2
11004 11005 -2
11005 11105 -2
11005 11006 -2
11006 11106 -2
11006 11007 -2
11007 11107 -2
11007 11008 2
11008 11108 -2
11008 11009 2
11009 11109 2
11009 11010 2
11010 11110 -2
11010 11011 2
11011 11111 2
11011 11012 -2
11012 11112 2
11012 11013 2
11013 11113 2
11013 11014 -2
11014 11114 2
11014 11015 2
11015 11115 2
11015 11016 2
11016 11116 2
11016 11017 2
11017 11117 2
11017 11018 2
11018 11118 -2
11018 11019 2
11019 11119 -2
11019 11020 2
11020 11120 -2
11020 11021 2
11021 11121 -2
11021 11022 -2
11022 11122 2
11022 11023 -2
11023 11123 -2
11023 11024 2
11024 11124 2
11024 11025 -2
11025 11125 -2
11025 11026 2
11026 11126 2
11026 11027 2
11027 11127 2
11027 11028 -2
11028 11128 -2
11028 11029 -2
11029 11129 2
11029 11030 2
11030 11130 2
11030 11031 2
11031 11131 -2
11031 11032 -2
11032 11132 -2
11032 11033 -2
11033 11133 2
11033 11034 -2
11034 11134 2
11034 11035 2
11035 11135 -2
11035 11036 -2
11036 11136 -2
11036 11037 2
11037 11137 2
11037 11038 2
11038 11138 2
11038 11039 -2
11039 11139 2
11039 11040 2
11040 11140 -2
11040 11041 -2
11041 11141 2
11041 11042 2
11042 11142 2
11042 11043 -2
11043 11143 -2
11043 11044 -2
11044 11144 -2
11044 11045 -2
11045 11145 2
11045 11046 -2
11046 11146 2
11046 11047 2
11047 11147 2
11047 11048 -2
11048 11148 2
11048 11049 -2
11049 11149 -2
11049 11050 2
11050 11150 -2
11050 11051 2
11051 11151 2
11051 11052 -2
11052 11152 2
11052 11053 2
11053 11153 2
11053 11054 -2
11054 11154 -2
11054 11055 2
11055 11155 2
11055 11056 2
11056 11156 2
11056 11057 2
11057 11157 -2
11057 11058 -2
11058 11158 -2
11058 11059 2
11059 11159 2
11059 11060 2
11060 11160 -2
11060 11061 2
11061 11161 2
11061 11062 -2
11062 11162 2
11062 11063 2
11063 11163 -2
11063 11064 2
11064 11164 -2
11064 11065 2
11065 11165 2
11065 11066 -2
11066 11166 2
11066 11067 -2
11067 11167 2
11067 11068 -2
11068 11168 -2
11068 11069 2
11069 11169 -2
11069 11070 2
11070 11170 -2
11070 11071 -2
11071 11171 2
11071 11072 2
11072 11172 -2
11072 11073 -2
11073 11173 2
11073 11074 2
11074 11174 -2
11074 11075 2
11075 11175 -2
11075 11076 2
11076 11176 2
11076 11077 -2
11077 11177 -2
11077 11078 2
11078 11178 2
11078 11079 2
11079 11179 -2
11079 11080 -2
11080 11180 -2
11080 11081 -2
11081 11181 2
11081 11082 -2
11082 11182 -2
11082 11083 -2
11083 11183 2
11083 11084 2
11084 11184 -2
11084 11085 2
11085 11185 2
11085 11086 -2
11086 11186 2
11086 11087 2
11087 11187 2
11087 11088 2
11088 11188 -2
11088 11089 -2
11089 11189 2
11089 11090 -2
11090 11190 2
11090 11091 2
11091 11191 -2
11091 11092 -2
11092 11192 -2
11092 11093 2
11093 11193 -2
11093 11094 2
11094 11194 2
11094 11095 -2
11095 11195 -2
11095 11096 2
11096 11196 -2
11096 11097 2
11097 11197 -2
11097 11098 -2
11098 11198 2
11098 11099 -2
11099 11199 -2
11100 11200 2
11100 11199 2
11100 11101 2
11101 11201 2
11101 11102 2
11102 11202 -2
11102 11103 2
11103 11203 2
11103 11104 -2
11104 11204 2
11104 11105 -2
11105 11205 -2
11105 11106 -2
11106 11206 2
11106 11107 2
11107 11207 -2
11107 11108 2
11108 11208 2
11108 11109 2
11109 11209 2
11109 11110 -2
11110 11210 2
11110 11111 2
11111 11211 2
11111 11112 2
11112 11212 2
11112 11113 -2
11113 11213 -2
11113 11114 2
11114 11214 -2
11114 11115 2
11115 11215 2
11115 11116 2
11116 11216 2
11116 11117 -2
11117 11217 2
11117 11118 -2
11118 11218 2
11118 11119 -2
11119 11219 -2
11119 11120 2
11120 11220 -2
11120 11121 -2
11121 11221 -2
11121 11122 2
11122 11222 2
11122 11123 -2
11123 11223 -2
11123 11124 -2
11124 11224 -2
11124 11125 -2
11125 11225 2
11125 11126 -2
11126 11226 2
11126 11127 -2
11127 11227 -2
11127 11128 2
11128 11228 2
11128 11129 2
11129 11229 2
11129 11130 2
11130 11230 -2
11130 11131 -2
11131 11231 -2
11131 11132 2
11132 11232 2
11132 11133 -2
11133 11233 2
11133 11134 -2
11134 11234 2
11134 11135 -2
11135 11235 2
11135 11136 -2
11136 11236 2
11136 11137 -2
11137 11237 2
11137 11138 2
11138 11238 2
11138 11139 -2
11139 11239 2
11139 11140 -2
11140 11240 -2
11140 11141 -2
11141 11241 -2
11141 11142 -2
11142 11242 2
11142 11143 -2
11143 11243 -2
11143 11144 -2
11144 11244 -2
11144 11145 -2
11145 11245 2
11145 11146 -2
11146 11246 2
11146 11147 2
11147 11247 2
11147 11148 2
11148 11248 2
11148 11149 2
11149 11249 -2
11149 11150 -2
11150 11250 -2
11150 11151 -2
11151 11251 -2
11151 11152 2
11152 11252 -2
11152 11153 2
11153 11253 -2
11153 11154 -2
11154 11254 -2
11154 11155 2
11155 11255 2
11155 11156 2
11156 11256 -2
11156 11157 2
11157 11257 2
11157 11158 2
11158 11258 2
11158 11159 2
11159 11259 -2
11159 11160 2
11160 11260 2
11160 11161 2
11161 11261 2
11161 11162 2
11162 11262 -2
11162 11163 -2
11163 11263 -2
11163 11164 2
11164 11264 -2
11164 11165 -2
11165 11265 -2
11165 11166 2
11166 11266 -2
11166 11167 2
11167 11267 -2
11167 11168 -2
11168 11268 2
11168 11169 -2
11169 11269 2
11169 11170 2
11170 11270 -2
11170 11171 -2
11171 11271 2
11171 11172 -2
11172 11272 2
11172 11173 -2
11173 11273 -2
11173 11174 -2
11174 11274 -2
11174 11175 2
11175 11275 -2
11175 11176 -2
11176 11276 2
11176 11177 2
11177 11277 -2
11177 11178 2
11178 11278 2
11178 11179 2
11179 11279 2
11179 11180 2
11180 11280 2
11180 11181 -2
11181 11281 2
11181 11182 -2
11182 11282 -2
11182 11183 -2
11183 11283 2
11183 11184 -2
11184 11284 2
11184 11185 2
11185 11285 -2
11185 11186 2
11186 11286 2
11186 11187 -2
11187 11287 2
11187 11188 2
11188 11288 -2
11188 11189 2
11189 11289 -2
11189 11190 2
11190 11290 2
11190 11191 2
11191 11291 -2
11191 11192 2
11192 11292 -2
11192 11193 -2
11193 11293 2
11193 11194 -2
11194 11294 2
11194 11195 2
11195 11295 -2
11195 11196 -2
11196 11296 -2
11196 11197 -2
11197 11297 -2
11197 11198 -2
11198 11298 -2
11198 11199 2
11199 11299 2
11200 11300 -2
11200 11299 -2
11200 11201 2
11201 11301 2
11201 11202 2
11202 11302 -2
11202 11203 2
11203 11303 -2
11203 11204 2
11204 11304 -2
11204 11205 -2
11205 11305 -2
11205 11206 2
11206 11306 -2
11206 11207 2
11207 11307 2
11207 11208 -2
11208 11308 -2
11208 11209 2
11209 11309 2
11209 11210 -2
11210 11310 -2
11210 11211 -2
11211 11311 2
11211 11212 2
11212 11312 -2
11212 11213 2
11213 11313 2
11213 11214 2
11214 11314 2
11214 11215 2
11215 11315 -2
11215 11216 -2
11216 11316 2
11216 11217 -2
11217 11317 2
11217 11218 -2
11218 11318 2
11218 11219 -2
11219 11319 -2
11219 11220 2
11220 11320 -2
11220 11221 -2
11221 11321 2
11221 11222 -2
11222 11322 -2
11222 11223 2
11223 11323 2
11223 11224 -2
11224 11324 2
11224 11225 2
11225 11325 -2
11225 11226 2
11226 11326 2
11226 11227 2
11227 11327 2
11227 11228 -2
11228 11328 -2
11228 11229 -2
11229 11329 -2
11229 11230 -2
11230 11330 2
11230 11231 -2
11231 11331 2
11231 11232 -2
11232 11332 2
11232 11233 -2
11233 11333 2
11233 11234 -2
11234 11334 2
11234 11235 -2
11235 11335 2
11235 11236 -2
11236 11336 2
11236 11237 2
11237 11337 -2
11237 11238 2
11238 11338 -2
11238 11239 -2
11239 11339 2
11239 11240 -2
11240 11340 2
11240 11241 2
11241 11341 2
11241 11242 -2
11242 11342 -2
11242 11243 -2
11243 11343 -2
11243 11244 -2
11244 11344 2
11244 11245 -2
11245 11345 -2
11245 11246 -2
11246 11346 -2
11246 11247 2
11247 11347 2
11247 11248 -2
11248 11348 -2
11248 11249 -2
11249 11349 -2
11249 11250 2
11250 11350 -2
11250 11251 2
11251 11351 -2
11251 11252 -2
11252 11352 2
11252 11253 -2
11253 11353 -2
11253 11254 2
11254 11354 2
11254 11255 -2
11255 11355 2
11255 11256 -2
11256 11356 2
11256 11257 -2
11257 11357 2
11257 11258 -2
11258 11358 2
11258 11259 2
11259 11359 -2
11259 11260 -2
11260 11360 -2
11260 11261 2
11261 11361 2
11261 11262 2
11262 11362 -2
11262 11263 -2
11263 11363 2
11263 11264 2
11264 11364 -2
11264 11265 -2
11265 11365 2
11265 11266 -2
11266 11366 -2
11266 11267 2
11267 11367 2
11267 11268 -2
11268 11368 2
11268 11269 -2
11269 11369 2
11269 11270 2
11270 11370 2
11270 11271 -2
11271 11371 -2
11271 11272 2
11272 11372 -2
11272 11273 -2
11273 11373 2
11273 11274 -2
11274 11374 -2
11274 11275 2
11275 11375 2
11275 11276 -2
11276 11376 2
11276 11277 -2
11277 11377 -2
11277 11278 -2
11278 11378 -2
11278 11279 -2
11279 11379 2
11279 11280 2
11280 11380 2
11280 11281 -2
11281 11381 2
11281 11282 2
11282 11382 -2
11282 11283 -2
11283 11383 2
11283 11284 -2
11284 11384 -2
11284 11285 2
11285 11385 -2
11285 11286 -2
11286 11386 -2
11286 11287 -2
11287 11387 -2
11287 11288 -2
11288 11388 -2
11288 11289 -2
11289 11389 -2
11289 11290 2
11290 11390 2
11290 11291 -2
11291 11391 2
11291 11292 -2
11292 11392 2
11292 11293 -2
11293 11393 -2
11293 11294 -2
11294 11394 -2
11294 11295 2
11295 11395 2
11295 11296 2
11296 11396 -2
11296 11297 -2
11297 11397 -2
11297 11298 2
11298 11398 2
11298 11299 -2
11299 11399 -2
11300 11400 -2
11300 11399 2
11300 11301 2
11301 11401 2
11301 11302 2
11302 11402 2
11302 11303 2
11303 11403 -2
11303 11304 -2
11304 11404 2
11304 11305 2
11305 11405 -2
11305 11306 -2
11306 11406 2
11306 11307 -2
11307 11407 2
11307 11308 2
11308 11408 2
11308 11309 -2
11309 11409 -2
11309 11310 2
11310 11410 -2
11310 11311 2
11311 11411 -2
11311 11312 -2
11312 11412 -2
11312 11313 2
11313 11413 2
11313 11314 2
11314 11414 2
11314 11315 -2
11315 11415 -2
11315 11316 -2
11316 11416 2
11316 11317 2
11317 11417 -2
11317 11318 -2
11318 11418 2
11318 11319 2
11319 11419 -2
11319 11320 -2
11320 11420 2
11320 11321 2
11321 11421 2
11321 11322 2
11322 11422 -2
11322 11323 -2
11323 11423 -2
11323 11324 -2
11324 11424 2
11324 11325 2
11325 11425 2
11325 11326 2
11326 11426 2
11326 11327 -2
11327 11427 -2
11327 11328 -2
11328 11428 2
11328 11329 2
11329 11429 2
11329 11330 2
11330 11430 2
11330 11331 -2
11331 11431 -2
11331 11332 2
11332 11432 2
11332 11333 2
11333 11433 2
11333 11334 2
11334 11434 2
11334 11335 2
11335 11435 2
11335 11336 -2
11336 11436 -2
11336 11337 -2
11337 11437 -2
11337 11338 -2
11338 11438 -2
11338 11339 2
11339 11439 2
11339 11340 2
11340 11440 -2
11340 11341 2
11341 11441 -2
11341 11342 2
11342 11442 -2
11342 11343 -2
11343 11443 -2
11343 11344 2
11344 11444 2
11344 11345 -2
11345 11445 -2
11345 11346 -2
11346 11446 2
11346 11347 -2
11347 11447 -2
11347 11348 2
11348 11448 -2
11348 11349 -2
11349 11449 2
11349 11350 -2
11350 11450 2
11350 11351 2
11351 11451 2
11351 11352 2
11352 11452 2
11352 11353 -2
11353 11453 2
11353 11354 -2
11354 11454 -2
11354 11355 -2
11355 11455 -2
11355 11356 -2
11356 11456 -2
11356 11357 -2
11357 11457 -2
11357 11358 2
11358 11458 -2
11358 11359 -2
11359 11459 -2
11359 11360 -2
11360 11460 2
11360 11361 2
11361 11461 -2
11361 11362 -2
11362 11462 2
11362 11363 -2
11363 11463 -2
11363 11364 2
11364 11464 2
11364 11365 2
11365 11465 2
11365 11366 -2
11366 11466 2
11366 11367 -2
11367 11467 -2
11367 11368 2
11368 11468 2
11368 11369 2
11369 11469 2
11369 11370 2
11370 11470 2
11370 11371 2
11371 11471 2
11371 11372 -2
11372 11472 -2
11372 11373 2
11373 11473 2
11373 11374 2
11374 11474 -2
11374 11375 2
11375 11475 -2
11375 11376 2
11376 11476 2
11376 11377 2
11377 11477 2
11377 11378 -2
11378 11478 -2
11378 11379 2
11379 11479 2
11379 11380 2
11380 11480 -2
11380 11381 2
11381 11481 -2
11381 11382 2
11382 11482 2
11382 11383 2
11383 11483 -2
11383 11384 2
11384 11484 -2
11384 11385 2
11385 11485 2
11385 11386 -2
11386 11486 -2
11386 11387 2
11387 11487 2
11387 11388 2
11388 11488 2
11388 11389 -2
11389 11489 -2
11389 11390 -2
11390 11490 2
11390 11391 2
11391 11491 2
11391 11392 -2
11392 11492 2
11392 11393 -2
11393 11493 2
11393 11394 2
11394 11494 2
11394 11395 -2
11395 11495 2
11395 11396 -2
11396 11496 2
11396 11397 2
11397 11497 2
11397 11398 -2
11398 11498 -2
11398 11399 -2
11399 11499 -2
11400 11500 2
11400 11499 2
11400 11401 2
11401 11501 -2
11401 11402 2
11402 11502 2
11402 11403 2
11403 11503 -2
11403 11404 2
11404 11504 -2
11404 11405 2
11405 11505 2
11405 11406 -2
11406 11506 2
11406 11407 -2
11407 11507 -2
11407 11408 2
11408 11508 -2
11408 11409 -2
11409 11509 -2
11409 11410 2
11410 11510 2
11410 11411 2
11411 11511 -2
11411 11412 2
11412 11512 -2
11412 11413 -2
11413 11513 2
11413 11414 2
11414 11514 -2
11414 11415 2
11415 11515 2
11415 11416 -2
11416 11516 2
11416 11417 2
11417 11517 -2
11417 11418 -2
11418 11518 2
11418 11419 2
11419 11519 -2
11419 11420 2
11420 11520 2
11420 11421 -2
11421 11521 -2
11421 11422 2
11422 11522 2
11422 11423 2
11423 11523 -2
11423 11424 2
11424 11524 -2
11424 11425 -2
11425 11525 -2
11425 11426 2
11426 11526 -2
11426 11427 -2
11427 11527 2
11427 11428 -2
11428 11528 -2
11428 11429 2
11429 11529 -2
11429 11430 2
11430 11530 -2
11430 11431 -2
11431 11531 -2
11431 11432 -2
11432 11532 2
11432 11433 2
11433 11533 2
11433 11434 -2
11434 11534 2
11434 11435 -2
11435 11535 -2
11435 11436 -2
11436 11536 2
11436 11437 2
11437 11537 -2
11437 11438 2
11438 11538 -2
11438 11439 -2
11439 11539 -2
11439 11440 2
11440 11540 2
11440 11441 2
11441 11541 2
11441 11442 -2
11442 11542 2
11442 11443 -2
11443 11543 2
11443 11444 -2
11444 11544 2
11444 11445 -2
11445 11545 2
11445 11446 -2
11446 11546 -2
11446 11447 2
11447 11547 2
11447 11448 2
11448 11548 2
11448 11449 2
11449 11549 -2
11449 11450 2
11450 11550 2
11450 11451 2
11451 11551 -2
11451 11452 2
11452 11552 2
11452 11453 2
11453 11553 2
11453 11454 2
11454 11554 -2
11454 11455 -2
11455 11555 2
11455 11456 2
11456 11556 -2
11456 11457 -2
11457 11557 2
11457 11458 2
11458 11558 2
11458 11459 2
11459 11559 -2
11459 11460 -2
11460 11560 2
11460 11461 2
11461 11561 2
11461 11462 -2
11462 11562 -2
11462 11463 2
11463 11563 2
11463 11464 2
11464 11564 2
11464 11465 2
11465 11565 -2
11465 11466 2
11466 11566 -2
11466 11467 2
11467 11567 2
11467 11468 2
11468 11568 2
11468 11469 -2
11469 11569 -2
11469 11470 2
11470 11570 2
11470 11471 2
11471 11571 -2
11471 11472 2
11472 11572 2
11472 11473 2
11473 11573 -2
11473 11474 -2
11474 11574 -2
11474 11475 -2
11475 11575 -2
11475 11476 -2
11476 11576 2
11476 11477 2
11477 11577 2
11477 11478 -2
11478 11578 2
11478 11479 -2
11479 11579 2
11479 11480 2
11480 11580 -2
11480 11481 -2
11481 11581 2
11481 11482 2
11482 11582 2
11482 11483 2
11483 11583 2
11483 11484 -2
11484 11584 2
11484 11485 -2
11485 11585 -2
11485 11486 -2
11486 11586 2
11486 11487 2
11487 11587 2
11487 11488 2
11488 11588 -2
11488 11489 2
11489 11589 -2
11489 11490 2
11490 11590 -2
11490 11491 -2
11491 11591 -2
11491 11492 -2
11492 11592 2
11492 11493 2
11493 11593 -2
11493 11494 2
11494 11594 2
11494 11495 -2
11495 11595 -2
11495 11496 -2
11496 11596 2
11496 11497 2
11497 11597 2
11497 11498 2
11498 11598 -2
11498 11499 2
11499 11599 2
11500 11600 2
11500 11599 2
11500 11501 -2
11501 11601 -2
11501 11502 -2
11502 11602 2
11502 11503 -2
11503 11603 -2
11503 11504 -2
11504 11604 -2
11504 11505 2
11505 11605 2
11505 11506 2
11506 11606 -2
11506 11507 2
11507 11607 -2
11507 11508 -2
11508 11608 -2
11508 11509 2
11509 11609 2
11509 11510 -2
11510 11610 -2
11510 11511 -2
11511 11611 -2
11511 11512 -2
11512 11612 -2
11512 11513 -2
11513 11613 -2
11513 11514 -2
11514 11614 2
11514 11515 -2
11515 11615 -2
11515 11516 2
11516 11616 2
11516 11517 -2
11517 11617 2
11517 11518 -2
11518 11618 -2
11518 11519 -2
11519 11619 2
11519 11520 -2
11520 11620 -2
11520 11521 -2
11521 11621 -2
11521 11522 2
11522 11622 2
11522 11523 2
11523 11623 -2
11523 11524 2
11524 11624 -2
11524 11525 -2
11525 11625 -2
11525 11526 2
11526 11626 -2
11526 11527 2
11527 11627 -2
11527 11528 -2
11528 11628 2
11528 11529 -2
11529 11629 2
11529 11530 -2
11530 11630 2
11530 11531 2
11531 11631 -2
11531 11532 2
11532 11632 2
11532 11533 -2
11533 11633 -2
11533 11534 -2
11534 11634 2
11534 11535 2
11535 11635 -2
11535 11536 2
11536 11636 -2
11536 11537 -2
11537 11637 2
11537 11538 -2
11538 11638 2
11538 11539 -2
11539 11639 2
11539 11540 2
11540 11640 2
11540 11541 -2
11541 11641 2
11541 11542 2
11542 11642 2
11542 11543 2
11543 11643 -2
11543 11544 2
11544 11644 -2
11544 11545 2
11545 11645 2
11545 11546 -2
11546 11646 -2
11546 11547 2
11547 11647 -2
11547 11548 2
11548 11648 2
11548 11549 2
11549 11649 2
11549 11550 -2
11550 11650 2
11550 11551 -2
11551 11651 2
11551 11552 2
11552 11652 2
11552 11553 -2
11553 11653 2
11553 11554 -2
11554 11654 2
11554 11555 2
11555 11655 -2
11555 11556 2
11556 11656 2
11556 11557 2
11557 11657 -2
11557 11558 2
11558 11658 -2
11558 11559 -2
11559 11659 2
11559 11560 2
11560 11660 -2
11560 11561 2
11561 11661 2
11561 11562 -2
11562 11662 -2
11562 11563 2
11563 11663 2
11563 11564 2
11564 11664 2
11564 11565 -2
11565 11665 2
11565 11566 2
11566 11666 -2
11566 11567 2
11567 11667 -2
11567 11568 -2
11568 11668 2
11568 11569 -2
11569 11669 -2
11569 11570 -2
11570 11670 2
11570 11571 -2
11571 11671 -2
11571 11572 -2
11572 11672 -2
11572 11573 2
11573 11673 2
11573 11574 2
11574 11674 2
11574 11575 2
11575 11675 -2
11575 11576 2
11576 11676 2
11576 11577 2
11577 11677 2
11577 11578 -2
11578 11678 -2
11578 11579 -2
11579 11679 2
11579 11580 2
11580 11680 2
11580 11581 2
11581 11681 2
11581 11582 -2
11582 11682 2
11582 11583 -2
11583 11683 2
11583 11584 2
11584 11684 2
11584 11585 -2
11585 11685 -2
11585 11586 -2
11586 11686 -2
11586 11587 -2
11587 11687 -2
11587 11588 2
11588 11688 -2
11588 11589 2
11589 11689 2
11589 11590 2
11590 11690 2
11590 11591 -2
11591 11691 -2
11591 11592 2
11592 11692 -2
11592 11593 -2
11593 11693 2
11593 11594 2
11594 11694 -2
11594 11595 -2
11595 11695 -2
11595 11596 -2
11596 11696 -2
11596 11597 -2
11597 11697 2
11597 11598 -2
11598 11698 -2
11598 11599 2
11599 11699 2
11600 11700 2
11600 11699 2
11600 11601 -2
11601 11701 2
11601 11602 2
11602 11702 -2
11602 11603 2
11603 11703 2
11603 11604 -2
11604 11704 -2
11604 11605 2
11605 11705 -2
11605 11606 2
11606 11706 2
11606 11607 -2
11607 11707 -2
11607 11608 2
11608 11708 -2
11608 11609 -2
11609 11709 2
11609 11610 -2
11610 11710 -2
11610 11611 -2
11611 11711 -2
11611 11612 2
11612 11712 2
11612 11613 2
11613 11713 2
11613 11614 -2
11614 11714 -2
11614 11615 -2
11615 11715 2
11615 11616 2
11616 11716 2
11616 11617 -2
11617 11717 -2
11617 11618 2
11618 11718 2
11618 11619 -2
11619 11719 2
11619 11620 2
11620 11720 -2
11620 11621 -2
11621 11721 2
11621 11622 2
11622 11722 -2
11622 11623 2
11623 11723 2
11623 11624 -2
11624 11724 2
11624 11625 2
11625 11725 2
11625 11626 -2
11626 11726 -2
11626 11627 -2
11627 11727 -2
11627 11628 2
11628 11728 -2
11628 11629 2
11629 11729 2
11629 11630 -2
11630 11730 2
11630 11631 -2
11631 11731 -2
11631 11632 2
11632 11732 -2
11632 11633 2
11633 11733 -2
11633 11634 2
11634 11734 -2
11634 11635 2
11635 11735 2
11635 11636 -2
11636 11736 2
11636 11637 2
11637 11737 2
11637 11638 -2
11638 11738 2
11638 11639 2
11639 11739 2
11639 11640 2
11640 11740 2
11640 11641 -2
11641 11741 -2
11641 11642 -2
11642 11742 -2
11642 11643 -2
11643 11743 2
11643 11644 -2
11644 11744 -2
11644 11645 2
11645 11745 2
11645 11646 -2
11646 11746 2
11646 11647 -2
11647 11747 2
11647 11648 -2
11648 11748 2
11648 11649 -2
11649 11749 2
11649 11650 -2
11650 11750 2
11650 11651 2
11651 11751 -2
11651 11652 -2
11652 11752 -2
11652 11653 2
11653 11753 -2
11653 11654 -2
11654 11754 -2
11654 11655 2
11655 11755 -2
11655 11656 2
11656 11756 -2
11656 11657 2
11657 11757 -2
11657 11658 2
11658 11758 2
11658 11659 2
11659 11759 -2
11659 11660 -2
11660 11760 2
11660 11661 2
11661 11761 -2
11661 11662 -2
11662 11762 -2
11662 11663 -2
11663 11763 -2
11663 11664 2
11664 11764 2
11664 11665 -2
11665 11765 2
11665 11666 -2
11666 11766 2
11666 11667 2
11667 11767 2
11667 11668 -2
11668 11768 -2
11668 11669 -2
11669 11769 2
11669 11670 2
11670 11770 -2
11670 11671 -2
11671 11771 -2
11671 11672 -2
11672 11772 -2
11672 11673 2
11673 11773 2
11673 11674 -2
11674 11774 -2
11674 11675 2
11675 11775 -2
11675 11676 2
11676 11776 -2
11676 11677 2
11677 11777 2
11677 11678 2
11678 11778 -2
11678 11679 -2
11679 11779 -2
11679 11680 2
11680 11780 -2
11680 11681 -2
11681 11781 2
11681 11682 2
11682 11782 -2
11682 11683 2
11683 11783 -2
11683 11684 -2
11684 11784 2
11684 11685 -2
11685 11785 2
11685 11686 2
11686 11786 -2
11686 11687 -2
11687 11787 -2
11687 11688 -2
11688 11788 -2
11688 11689 -2
11689 11789 2
11689 11690 -2
11690 11790 2
11690 11691 -2
11691 11791 -2
11691 11692 -2
11692 11792 -2
11692 11693 2
11693 11793 2
11693 11694 2
11694 11794 2
11694 11695 -2
11695 11795 -2
11695 11696 -2
11696 11796 2
11696 11697 -2
11697 11797 2
11697 11698 2
11698 11798 -2
11698 11699 -2
11699 11799 -2
11700 11800 2
11700 11799 -2
11700 11701 2
11701 11801 2
11701 11702 -2
11702 11802 2
11702 11703 -2
11703 11803 2
11703 11704 2
11704 11804 -2
11704 11705 -2
11705 11805 2
11705 11706 -2
11706 11806 -2
11706 11707 2
11707 11807 -2
11707 11708 -2
11708 11808 2
11708 11709 2
11709 11809 -2
11709 11710 2
11710 11810 -2
11710 11711 -2
11711 11811 -2
11711 11712 2
11712 11812 2
11712 11713 -2
11713 11813 2
11713 11714 -2
11714 11814 -2
11714 11715 -2
11715 11815 -2
11715 11716 2
11716 11816 2
11716 11717 2
11717 11817 -2
11717 11718 -2
11718 11818 -2
11718 11719 2
11719 11819 -2
11719 11720 -2
11720 11820 2
11720 11721 -2
11721 11821 -2
11721 11722 2
11722 11822 2
11722 11723 -2
11723 11823 -2
11723 11724 2
11724 11824 -2
11724 11725 -2
11725 11825 2
11725 11726 -2
11726 11826 -2
11726 11727 -2
11727 11827 2
11727 11728 2
11728 11828 -2
11728 11729 2
11729 11829 -2
11729 11730 2
11730 11830 -2
11730 11731 -2
11731 11831 -2
11731 11732 -2
11732 11832 -2
11732 11733 2
11733 11833 2
11733 11734 -2
11734 11834 2
11734 11735 -2
11735 11835 -2
11735 11736 -2
11736 11836 -2
11736 11737 2
11737 11837 -2
11737 11738 -2
11738 11838 -2
11738 11739 -2
11739 11839 -2
11739 11740 2
11740 11840 2
11740 11741 -2
11741 11841 -2
11741 11742 -2
11742 11842 -2
11742 11743 2
11743 11843 2
11743 11744 -2
11744 11844 -2
11744 11745 -2
11745 11845 2
11745 11746 -2
11746 11846 -2
11746 11747 -2
11747 11847 -2
11747 11748 -2
11748 11848 2
11748 11749 2
11749 11849 2
11749 11750 -2
11750 11850 -2
11750 11751 -2
11751 11851 -2
11751 11752 -2
11752 11852 2
11752 11753 -2
11753 11853 2
11753 11754 -2
11754 11854 -2
11754 11755 -2
11755 11855 -2
11755 11756 2
11756 11856 -2
11756 11757 -2
11757 11857 2
11757 11758 -2
11758 11858 -2
11758 11759 -2
11759 11859 -2
11759 11760 2
11760 11860 2
11760 11761 2
11761 11861 -2
11761 11762 2
11762 11862 -2
11762 11763 -2
11763 11863 2
11763 11764 -2
11764 11864 2
11764 11765 2
11765 11865 2
11765 11766 -2
11766 11866 -2
11766 11767 2
11767 11867 2
11767 11768 2
11768 11868 2
11768 11769 -2
11769 11869 -2
11769 11770 -2
11770 11870 -2
11770 11771 -2
11771 11871 -2
11771 11772 2
11772 11872 -2
11772 11773 -2
11773 11873 -2
11773 11774 -2
11774 11874 -2
11774 11775 2
11775 11875 -2
11775 11776 -2
11776 11876 2
11776 11777 2
11777 11877 2
11777 11778 -2
11778 11878 -2
11778 11779 2
11779 11879 2
11779 11780 2
11780 11880 -2
11780 11781 -2
11781 11881 -2
11781 11782 -2
11782 11882 2
11782 11783 2
11783 11883 2
11783 11784 2
11784 11884 2
11784 11785 2
11785 11885 -2
11785 11786 -2
11786 11886 -2
11786 11787 2
11787 11887 -2
11787 11788 2
11788 11888 -2
11788 11789 -2
11789 11889 2
11789 11790 -2
11790 11890 -2
11790 11791 2
11791 11891 2
11791 11792 -2
11792 11892 -2
11792 11793 2
11793 11893 -2
11793 11794 -2
11794 11894 2
11794 11795 2
11795 11895 -2
11795 11796 2
11796 11896 2
11796 11797 -2
11797 11897 -2
11797 11798 -2
11798 11898 -2
11798 11799 2
11799 11899 2
11800 11900 -2
11800 11899 2
11800 11801 -2
11801 11901 -2
11801 11802 2
11802 11902 -2
11802 11803 -2
11803 11903 -2
11803 11804 2
11804 11904 2
11804 11805 -2
11805 11905 -2
11805 11806 2
11806 11906 -2
11806 11807 -2
11807 11907 -2
11807 11808 2
11808 11908 -2
11808 11809 -2
11809 11909 -2
11809 11810 2
11810 11910 2
11810 11811 -2
11811 11911 -2
11811 11812 -2
11812 11912 2
11812 11813 -2
11813 11913 2
11813 11814 2
11814 11914 2
11814 11815 -2
11815 11915 -2
11815 11816 -2
11816 11916 -2
11816 11817 2
11817 11917 -2
11817 11818 2
11818 11918 2
11818 11819 2
11819 11919 2
11819 11820 2
11820 11920 -2
11820 11821 -2
11821 11921 -2
11821 11822 -2
11822 11922 -2
11822 11823 2
11823 11923 2
11823 11824 2
11824 11924 -2
11824 11825 -2
11825 11925 2
11825 11826 2
11826 11926 -2
11826 11827 -2
11827 11927 2
11827 11828 -2
11828 11928 -2
11828 11829 -2
11829 11929 -2
11829 11830 2
11830 11930 -2
11830 11831 2
11831 11931 -2
11831 11832 2
11832 11932 -2
11832 11833 2
11833 11933 -2
11833 11834 2
11834 11934 2
11834 11835 -2
11835 11935 2
11835 11836 -2
11836 11936 -2
11836 11837 2
11837 11937 2
11837 11838 2
11838 11938 2
11838 11839 -2
11839 11939 2
11839 11840 2
11840 11940 -2
11840 11841 2
11841 11941 2
11841 11842 2
11842 11942 -2
11842 11843 2
11843 11943 2
11843 11844 -2
11844 11944 -2
11844 11845 2
11845 11945 2
11845 11846 2
11846 11946 2
11846 11847 -2
11847 11947 -2
11847 11848 -2
11848 11948 -2
11848 11849 2
11849 11949 -2
11849 11850 -2
11850 11950 2
11850 11851 -2
11851 11951 2
11851 11852 -2
11852 11952 -2
11852 11853 -2
11853 11953 -2
11853 11854 -2
11854 11954 -2
11854 11855 2
11855 11955 2
11855 11856 -2
11856 11956 2
11856 11857 -2
11857 11957 2
11857 11858 -2
11858 11958 -2
11858 11859 2
11859 11959 2
11859 11860 -2
11860 11960 -2
11860 11861 -2
11861 11961 -2
11861 11862 2
11862 11962 -2
11862 11863 -2
11863 11963 -2
11863 11864 2
11864 11964 -2
11864 11865 -2
11865 11965 -2
11865 11866 -2
11866 11966 2
11866 11867 -2
11867 11967 2
11867 11868 2
11868 11968 -2
11868 11869 -2
11869 11969 -2
11869 11870 -2
11870 11970 2
11870 11871 2
11871 11971 -2
11871 11872 -2
11872 11972 2
11872 11873 -2
11873 11973 2
11873 11874 -2
11874 11974 -2
11874 11875 2
11875 11975 -2
11875 11876 2
11876 11976 2
11876 11877 2
11877 11977 2
11877 11878 2
11878 11978 2
11878 11879 2
11879 11979 -2
11879 11880 2
11880 11980 2
11880 11881 2
11881 11981 2
11881 11882 -2
11882 11982 -2
11882 11883 -2
11883 11983 -2
11883 11884 -2
11884 11984 2
11884 11885 -2
11885 11985 2
11885 11886 2
11886 11986 2
11886 11887 -2
11887 11987 -2
11887 11888 2
11888 11988 2
11888 11889 2
11889 11989 2
11889 11890 2
11890 11990 -2
11890 11891 -2
11891 11991 -2
11891 11892 2
11892 11992 2
11892 11893 -2
11893 11993 2
11893 11894 -2
11894 11994 2
11894 11895 -2
11895 11995 -2
11895 11896 2
11896 11996 2
11896 11897 2
11897 11997 2
11897 11898 2
11898 11998 -2
11898 11899 2
11899 11999 -2
11900 12000 2
11900 11999 2
11900 11901 2
11901 12001 -2
11901 11902 2
11902 12002 -2
11902 11903 -2
11903 12003 2
11903 11904 2
11904 12004 2
11904 11905 -2
11905 12005 2
11905 11906 2
11906 12006 2
11906 11907 2
11907 12007 2
11907 11908 2
11908 12008 2
11908 11909 2
11909 12009 2
11909 11910 -2
11910 12010 2
11910 11911 2
11911 12011 -2
11911 11912 2
11912 12012 2
11912 11913 2
11913 12013 2
11913 11914 -2
11914 12014 -2
11914 11915 2
11915 12015 2
11915 11916 -2
11916 12016 2
11916 11917 -2
11917 12017 2
11917 11918 -2
11918 12018 -2
11918 11919 -2
11919 12019 2
11919 11920 2
11920 12020 2
11920 11921 2
11921 12021 2
11921 11922 -2
11922 12022 2
11922 11923 -2
11923 12023 2
11923 11924 -2
11924 12024 2
11924 11925 -2
11925 12025 -2
11925 11926 2
11926 12026 -2
11926 11927 2
11927 12027 -2
11927 11928 2
11928 12028 -2
11928 11929 2
11929 12029 -2
11929 11930 -2
11930 12030 -2
11930 11931 -2
11931 12031 -2
11931 11932 -2
11932 12032 2
11932 11933 -2
11933 12033 2
11933 11934 2
11934 12034 2
11934 11935 -2
11935 12035 -2
11935 11936 2
11936 12036 -2
11936 11937 2
11937 12037 2
11937 11938 2
11938 12038 2
11938 11939 2
11939 12039 2
11939 11940 2
11940 12040 2
11940 11941 -2
11941 12041 2
11941 11942 2
11942 12042 -2
11942 11943 -2
11943 12043 -2
11943 11944 -2
11944 12044 -2
11944 11945 2
11945 12045 -2
11945 11946 2
11946 12046 2
11946 11947 2
11947 12047 -2
11947 11948 -2
11948 12048 -2
11948 11949 -2
11949 12049 2
11949 11950 -2
11950 12050 2
11950 11951 -2
11951 12051 -2
11951 11952 -2
11952 12052 -2
11952 11953 2
11953 12053 2
11953 11954 2
11954 12054 2
11954 11955 2
11955 12055 -2
11955 11956 2
11956 12056 -2
11956 11957 -2
11957 12057 -2
11957 11958 2
11958 12058 2
11958 11959 -2
11959 12059 2
11959 11960 2
11960 12060 2
11960 11961 2
11961 12061 2
11961 11962 2
11962 12062 2
11962 11963 2
11963 12063 -2
11963 11964 2
11964 12064 -2
11964 11965 2
11965 12065 -2
11965 11966 2
11966 12066 -2
11966 11967 2
11967 12067 -2
11967 11968 2
11968 12068 2
11968 11969 -2
11969 12069 -2
11969 11970 2
11970 12070 -2
11970 11971 2
11971 12071 -2
11971 11972 -2
11972 12072 -2
11972 11973 2
11973 12073 -2
11973 11974 -2
11974 12074 2
11974 11975 2
11975 12075 2
11975 11976 -2
11976 12076 2
11976 11977 2
11977 12077 -2
11977 11978 2
11978 12078 2
11978 11979 -2
11979 12079 2
11979 11980 -2
11980 12080 2
11980 11981 2
11981 12081 2
11981 11982 2
11982 12082 -2
11982 11983 2
11983 12083 -2
11983 11984 -2
11984 12084 2
11984 11985 2
11985 12085 2
11985 11986 2
11986 12086 -2
11986 11987 2
11987 12087 2
11987 11988 -2
11988 12088 2
11988 11989 -2
11989 12089 -2
11989 11990 -2
11990 12090 2
11990 11991 -2
11991 12091 2
11991 11992 -2
11992 12092 -2
11992 11993 -2
11993 12093 -2
11993 11994 -2
11994 12094 -2
11994 11995 -2
11995 12095 -2
11995 11996 2
11996 12096 2
11996 11997 -2
11997 12097 2
11997 11998 2
11998 12098 -2
11998 11999 2
11999 12099 2
12000 12100 2
12000 12099 -2
12000 12001 -2
12001 12101 2
12001 12002 -2
12002 12102 -2
12002 12003 -2
12003 12103 -2
12003 12004 2
12004 12104 2
12004 12005 -2
12005 12105 -2
12005 12006 2
12006 12106 2
12006 12007 -2
12007 12107 2
12007 12008 -2
12008 12108 2
12008 12009 -2
12009 12109 -2
12009 12010 2
12010 12110 2
12010 12011 2
12011 12111 2
12011 12012 2
12012 12112 2
12012 12013 -2
12013 12113 2
12013 12014 2
12014 12114 2
12014 12015 2
12015 12115 -2
12015 12016 -2
12016 12116 -2
12016 12017 -2
12017 12117 2
12017 12018 -2
12018 12118 2
12018 12019 2
12019 12119 2
12019 12020 2
12020 12120 -2
12020 12021 2
12021 12121 2
12021 12022 -2
12022 12122 2
12022 12023 2
12023 12123 2
12023 12024 -2
12024 12124 2
12024 12025 2
12025 12125 -2
12025 12026 2
12026 12126 -2
12026 12027 2
12027 12127 2
12027 12028 2
12028 12128 2
12028 12029 2
12029 12129 2
12029 12030 -2
12030 12130 -2
12030 12031 2
12031 12131 2
12031 12032 2
12032 12132 2
12032 12033 2
12033 12133 2
12033 12034 -2
12034 12134 2
12034 12035 2
12035 12135 -2
12035 12036 2
12036 12136 2
12036 12037 -2
12037 12137 2
12037 12038 2
12038 12138 2
12038 12039 -2
12039 12139 -2
12039 12040 2
12040 12140 2
12040 12041 -2
12041 12141 2
12041 12042 -2
12042 12142 -2
12042 12043 2
12043 12143 -2
12043 12044 -2
12044 12144 2
12044 12045 2
12045 12145 -2
12045 12046 2
12046 12146 2
12046 12047 -2
12047 12147 -2
12047 12048 -2
12048 12148 2
12048 12049 -2
12049 12149 2
12049 12050 -2
12050 12150 2
12050 12051 -2
12051 12151 -2
12051 12052 -2
12052 12152 -2
12052 12053 2
12053 12153 2
12053 12054 -2
12054 12154 -2
12054 12055 2
12055 12155 2
12055 12056 2
12056 12156 2
12056 12057 2
12057 12157 -2
12057 12058 2
12058 12158 2
12058 12059 -2
12059 12159 -2
12059 12060 2
12060 12160 2
12060 12061 2
12061 12161 2
12061 12062 2
12062 12162 -2
12062 12063 2
12063 12163 -2
12063 12064 2
12064 12164 2
12064 12065 2
12065 12165 -2
12065 12066 -2
12066 12166 2
12066 12067 -2
12067 12167 -2
12067 12068 -2
12068 12168 -2
12068 12069 -2
12069 12169 -2
12069 12070 2
12070 12170 -2
12070 12071 2
12071 12171 2
12071 12072 -2
12072 12172 -2
12072 12073 -2
12073 12173 2
12073 12074 -2
12074 12174 2
12074 12075 2
12075 12175 2
12075 12076 -2
12076 12176 2
12076 12077 -2
12077 12177 -2
12077 12078 -2
12078 12178 -2
12078 12079 -2
12079 12179 -2
12079 12080 2
12080 12180 2
12080 12081 2
12081 12181 2
12081 12082 2
12082 12182 2
12082 12083 2
12083 12183 2
12083 12084 -2
12084 12184 -2
12084 12085 -2
12085 12185 -2
12085 12086 -2
12086 12186 -2
12086 12087 -2
12087 12187 -2
12087 12088 -2
12088 12188 2
12088 12089 2
12089 12189 -2
12089 12090 2
12090 12190 -2
12090 12091 -2
12091 12191 -2
12091 12092 2
12092 12192 -2
12092 12093 -2
12093 12193 2
12093 12094 2
12094 12194 -2
12094 12095 -2
12095 12195 -2
12095 12096 2
12096 12196 2
12096 12097 -2
12097 12197 2
12097 12098 2
12098 12198 -2
12098 12099 -2
12099 12199 2
12100 12200 2
12100 12199 -2
12100 12101 -2
12101 12201 2
12101 12102 2
12102 12202 2
12102 12103 -2
12103 12203 2
12103 12104 -2
12104 12204 2
12104 12105 2
12105 12205 -2
12105 12106 2
12106 12206 -2
12106 12107 2
12107 12207 2
12107 12108 2
12108 12208 2
12108 12109 -2
12109 12209 -2
12109 12110 2
12110 12210 2
12110 12111 -2
12111 12211 -2
12111 12112 -2
12112 12212 2
12112 12113 -2
12113 12213 -2
12113 12114 2
12114 12214 2
12114 12115 2
12115 12215 2
12115 12116 2
12116 12216 2
12116 12117 2
12117 12217 -2
12117 12118 2
12118 12218 -2
12118 12119 2
12119 12219 -2
12119 12120 -2
12120 12220 -2
12120 12121 2
12121 12221 2
12121 12122 -2
12122 12222 -2
12122 12123 2
12123 12223 -2
12123 12124 -2
12124 12224 2
12124 12125 -2
12125 12225 -2
12125 12126 2
12126 12226 2
12126 12127 2
12127 12227 2
12127 12128 -2
12128 12228 -2
12128 12129 2
12129 12229 2
12129 12130 2
12130 12230 -2
12130 12131 2
12131 12231 2
12131 12132 -2
12132 12232 2
12132 12133 -2
12133 12233 -2
12133 12134 2
12134 12234 -2
12134 12135 2
12135 12235 -2
12135 12136 -2
12136 12236 2
12136 12137 -2
12137 12237 2
12137 12138 -2
12138 12238 -2
12138 12139 2
12139 12239 2
12139 12140 -2
12140 12240 -2
12140 12141 2
12141 12241 2
12141 12142 -2
12142 12242 -2
12142 12143 -2
12143 12243 -2
12143 12144 2
12144 12244 -2
12144 12145 -2
12145 12245 2
12145 12146 2
12146 12246 2
12146 12147 -2
12147 12247 2
12147 12148 2
12148 12248 2
12148 12149 -2
12149 12249 -2
12149 12150 2
12150 12250 -2
12150 12151 2
12151 12251 2
12151 12152 2
12152 12252 -2
12152 12153 2
12153 12253 -2
12153 12154 2
12154 12254 2
12154 12155 2
12155 12255 2
12155 12156 -2
12156 12256 2
12156 12157 -2
12157 12257 -2
12157 12158 2
12158 12258 -2
12158 12159 -2
12159 12259 2
12159 12160 2
12160 12260 2
12160 12161 2
12161 12261 2
12161 12162 2
12162 12262 2
12162 12163 2
12163 12263 -2
12163 12164 -2
12164 12264 -2
12164 12165 -2
12165 12265 2
12165 12166 2
12166 12266 -2
12166 12167 -2
12167 12267 -2
12167 12168 -2
12168 12268 2
12168 12169 2
12169 12269 2
12169 12170 -2
12170 12270 -2
12170 12171 2
12171 12271 2
12171 12172 -2
12172 12272 2
12172 12173 2
12173 12273 -2
12173 12174 2
12174 12274 -2
12174 12175 2
12175 12275 -2
12175 12176 2
12176 12276 -2
12176 12177 2
12177 12277 2
12177 12178 2
12178 12278 2
12178 12179 2
12179 12279 -2
12179 12180 -2
12180 12280 -2
12180 12181 -2
12181 12281 2
12181 12182 -2
12182 12282 -2
12182 12183 2
12183 12283 -2
12183 12184 -2
12184 12284 2
12184 12185 -2
12185 12285 2
12185 12186 -2
12186 12286 -2
12186 12187 -2
12187 12287 -2
12187 12188 -2
12188 12288 2
12188 12189 -2
12189 12289 -2
12189 12190 -2
12190 12290 2
12190 12191 2
12191 12291 -2
12191 12192 2
12192 12292 -2
12192 12193 2
12193 12293 2
12193 12194 -2
12194 12294 2
12194 12195 -2
12195 12295 -2
12195 12196 2
12196 12296 -2
12196 12197 2
12197 12297 -2
12197 12198 -2
12198 12298 -2
12198 12199 2
12199 12299 2
12200 12300 2
12200 12299 -2
12200 12201 2
12201 12301 2
12201 12202 2
12202 12302 -2
12202 12203 2
12203 12303 -2
12203 12204 2
12204 12304 -2
12204 12205 -2
12205 12305 -2
12205 12206 -2
12206 12306 2
12206 12207 -2
12207 12307 -2
12207 12208 -2
12208 12308 2
12208 12209 -2
12209 12309 -2
12209 12210 -2
12210 12310 2
12210 12211 -2
12211 12311 2
12211 12212 -2
12212 12312 2
12212 12213 2
12213 12313 -2
12213 12214 2
12214 12314 2
12214 12215 2
12215 12315 2
12215 12216 2
12216 12316 -2
12216 12217 2
12217 12317 -2
12217 12218 2
12218 12318 -2
12218 12219 -2
12219 12319 2
12219 12220 -2
12220 12320 2
12220 12221 2
12221 12321 2
12221 12222 2
12222 12322 -2
12222 12223 2
12223 12323 2
12223 12224 -2
12224 12324 -2
12224 12225 -2
12225 12325 2
12225 12226 2
12226 12326 2
12226 12227 2
12227 12327 2
12227 12228 -2
12228 12328 -2
12228 12229 2
12229 12329 -2
12229 12230 -2
12230 12330 2
12230 12231 -2
12231 12331 -2
12231 12232 -2
12232 12332 -2
12232 12233 -2
12233 12333 2
12233 12234 -2
12234 12334 -2
12234 12235 2
12235 12335 -2
12235 12236 -2
12236 12336 2
12236 12237 -2
12237 12337 2
12237 12238 2
12238 12338 -2
12238 12239 -2
12239 12339 -2
12239 12240 -2
12240 12340 2
12240 12241 -2
12241 12341 2
12241 12242 2
12242 12342 2
12242 12243 -2
12243 12343 2
12243 12244 2
12244 12344 2
12244 12245 -2
12245 12345 -2
12245 12246 -2
12246 12346 2
12246 12247 -2
12247 12347 -2
12247 12248 -2
12248 12348 2
12248 12249 2
12249 12349 2
12249 12250 -2
12250 12350 2
12250 12251 2
12251 12351 2
12251 12252 -2
12252 12352 2
12252 12253 2
12253 12353 -2
12253 12254 -2
12254 12354 -2
12254 12255 2
12255 12355 -2
12255 12256 2
12256 12356 -2
12256 12257 -2
12257 12357 2
12257 12258 -2
12258 12358 2
12258 12259 2
12259 12359 -2
12259 12260 2
12260 12360 -2
12260 12261 -2
12261 12361 -2
12261 12262 -2
12262 12362 -2
12262 12263 -2
12263 12363 2
12263 12264 -2
12264 12364 2
12264 12265 -2
12265 12365 2
12265 12266 2
12266 12366 2
12266 12267 -2
12267 12367 -2
12267 12268 2
12268 12368 2
12268 12269 -2
12269 12369 2
12269 12270 2
12270 12370 -2
12270 12271 2
12271 12371 -2
12271 12272 2
12272 12372 -2
12272 12273 -2
12273 12373 2
12273 12274 -2
12274 12374 -2
12274 12275 2
12275 12375 -2
12275 12276 2
12276 12376 2
12276 12277 2
12277 12377 2
12277 12278 2
12278 12378 2
12278 12279 -2
12279 12379 2
12279 12280 2
12280 12380 -2
12280 12281 2
12281 12381 -2
12281 12282 -2
12282 12382 -2
12282 12283 -2
12283 12383 2
12283 12284 -2
12284 12384 -2
12284 12285 -2
12285 12385 2
12285 12286 2
12286 12386 -2
12286 12287 2
12287 12387 -2
12287 12288 -2
12288 12388 -2
12288 12289 -2
12289 12389 2
12289 12290 -2
12290 12390 -2
12290 12291 2
12291 12391 2
12291 12292 -2
12292 12392 2
12292 12293 2
12293 12393 -2
12293 12294 -2
12294 12394 2
12294 12295 -2
12295 12395 -2
12295 12296 -2
12296 12396 -2
12296 12297 -2
12297 12397 -2
12297 12298 2
12298 12398 -2
12298 12299 -2
12299 12399 2
12300 12400 2
12300 12399 2
12300 12301 2
12301 12401 2
12301 12302 2
12302 12402 -2
12302 12303 2
12303 12403 2
12303 12304 2
12304 12404 -2
12304 12305 -2
12305 12405 2
12305 12306 -2
12306 12406 2
12306 12307 2
12307 12407 -2
12307 12308 -2
12308 12408 2
12308 12309 2
12309 12409 2
12309 12310 2
12310 12410 2
12310 12311 -2
12311 12411 -2
12311 12312 2
12312 12412 2
12312 12313 -2
12313 12413 2
12313 12314 2
12314 12414 2
12314 12315 2
12315 12415 -2
12315 12316 -2
12316 12416 2
12316 12317 2
12317 12417 -2
12317 12318 2
12318 12418 2
12318 12319 -2
12319 12419 2
12319 12320 -2
12320 12420 -2
12320 12321 2
12321 12421 2
12321 12322 2
12322 12422 2
12322 12323 2
12323 12423 -2
12323 12324 2
12324 12424 2
12324 12325 -2
12325 12425 -2
12325 12326 2
12326 12426 2
12326 12327 2
12327 12427 -2
12327 12328 -2
12328 12428 2
12328 12329 2
12329 12429 -2
12329 12330 2
12330 12430 2
12330 12331 -2
12331 12431 -2
12331 12332 -2
12332 12432 -2
12332 12333 -2
12333 12433 2
12333 12334 2
12334 12434 -2
12334 12335 -2
12335 12435 -2
12335 12336 2
12336 12436 2
12336 12337 -2
12337 12437 2
12337 12338 2
12338 12438 2
12338 12339 -2
12339 12439 2
12339 12340 2
12340 12440 -2
12340 12341 -2
12341 12441 2
12341 12342 2
12342 12442 -2
12342 12343 2
12343 12443 2
12343 12344 -2
12344 12444 -2
12344 12345 2
12345 12445 2
12345 12346 -2
12346 12446 2
12346 12347 -2
12347 12447 -2
12347 12348 -2
12348 12448 -2
12348 12349 2
12349 12449 -2
12349 12350 -2
12350 12450 2
12350 12351 -2
12351 12451 -2
12351 12352 -2
12352 12452 -2
12352 12353 -2
12353 12453 -2
12353 12354 2
12354 12454 2
12354 12355 -2
12355 12455 -2
12355 12356 2
12356 12456 2
12356 12357 -2
12357 12457 2
12357 12358 -2
12358 12458 2
12358 12359 2
12359 12459 2
12359 12360 2
12360 12460 2
12360 12361 2
12361 12461 -2
12361 12362 2
12362 12462 -2
12362 12363 -2
12363 12463 2
12363 12364 2
12364 12464 -2
12364 12365 -2
12365 12465 2
12365 12366 -2
12366 12466 -2
12366 12367 -2
12367 12467 -2
12367 12368 -2
12368 12468 -2
12368 12369 -2
12369 12469 -2
12369 12370 2
12370 12470 2
12370 12371 2
12371 12471 2
12371 12372 2
12372 12472 2
12372 12373 -2
12373 12473 2
12373 12374 2
12374 12474 -2
12374 12375 -2
12375 12475 -2
12375 12376 -2
12376 12476 -2
12376 12377 2
12377 12477 -2
12377 12378 2
12378 12478 -2
12378 12379 2
12379 12479 -2
12379 12380 2
12380 12480 2
12380 12381 -2
12381 12481 -2
12381 12382 2
12382 12482 -2
12382 12383 -2
12383 12483 2
12383 12384 2
12384 12484 -2
12384 12385 -2
12385 12485 -2
12385 12386 -2
12386 12486 -2
12386 12387 2
12387 12487 2
12387 12388 -2
12388 12488 -2
12388 12389 2
12389 12489 2
12389 12390 2
12390 12490 2
12390 12391 -2
12391 12491 -2
12391 12392 2
12392 12492 2
12392 12393 -2
12393 12493 2
12393 12394 -2
12394 12494 -2
12394 12395 -2
12395 12495 -2
12395 12396 -2
12396 12496 -2
12396 12397 2
12397 12497 -2
12397 12398 2
12398 12498 2
12398 12399 -2
12399 12499 -2
12400 12500 2
12400 12499 2
12400 12401 2
12401 12501 -2
12401 12402 2
12402 12502 2
12402 12403 2
12403 12503 2
12403 12404 2
12404 12504 2
12404 12405 2
12405 12505 2
12405 12406 -2
12406 12506 -2
12406 12407 2
12407 12507 2
12407 12408 -2
12408 12508 -2
12408 12409 2
12409 12509 -2
12409 12410 -2
12410 12510 -2
12410 12411 -2
12411 12511 -2
12411 12412 -2
12412 12512 2
12412 12413 2
12413 12513 2
12413 12414 2
12414 12514 -2
12414 12415 -2
12415 12515 2
12415 12416 2
12416 12516 -2
12416 12417 2
12417 12517 -2
12417 12418 2
12418 12518 -2
12418 12419 2
12419 12519 -2
12419 12420 2
12420 12520 -2
12420 12421 2
12421 12521 2
12421 12422 -2
12422 12522 -2
12422 12423 2
12423 12523 2
12423 12424 -2
12424 12524 2
12424 12425 2
12425 12525 2
12425 12426 2
12426 12526 2
12426 12427 2
12427 12527 2
12427 12428 2
12428 12528 2
12428 12429 -2
12429 12529 2
12429 12430 -2
12430 12530 -2
12430 12431 2
12431 12531 2
12431 12432 -2
12432 12532 -2
12432 12433 -2
12433 12533 2
12433 12434 -2
12434 12534 -2
12434 12435 2
12435 12535 2
12435 12436 2
12436 12536 -2
12436 12437 2
12437 12537 -2
12437 12438 2
12438 12538 -2
12438 12439 2
12439 12539 -2
12439 12440 2
12440 12540 -2
12440 12441 -2
12441 12541 -2
12441 12442 2
12442 12542 2
12442 12443 -2
12443 12543 2
12443 12444 -2
12444 12544 -2
12444 12445 -2
12445 12545 2
12445 12446 -2
12446 12546 2
12446 12447 -2
12447 12547 2
12447 12448 2
12448 12548 2
12448 12449 2
12449 12549 -2
12449 12450 2
12450 12550 -2
12450 12451 2
12451 12551 -2
12451 12452 -2
12452 12552 2
12452 12453 2
12453 12553 2
12453 12454 2
12454 12554 2
12454 12455 2
12455 12555 -2
12455 12456 -2
12456 12556 2
12456 12457 -2
12457 12557 -2
12457 12458 -2
12458 12558 -2
12458 12459 -2
12459 12559 -2
12459 12460 2
12460 12560 -2
12460 12461 -2
12461 12561 -2
12461 12462 2
12462 12562 -2
12462 12463 -2
12463 12563 2
12463 12464 2
12464 12564 2
12464 12465 -2
12465 12565 -2
12465 12466 2
12466 12566 2
12466 12467 2
12467 12567 2
12467 12468 -2
12468 12568 2
12468 12469 -2
12469 12569 -2
12469 12470 2
12470 12570 2
12470 12471 -2
12471 12571 -2
12471 12472 2
12472 12572 -2
12472 12473 -2
12473 12573 2
12473 12474 2
12474 12574 2
12474 12475 2
12475 12575 -2
12475 12476 2
12476 12576 -2
12476 12477 -2
12477 12577 2
12477 12478 2
12478 12578 -2
12478 12479 2
12479 12579 -2
12479 12480 -2
12480 12580 2
12480 12481 -2
12481 12581 2
12481 12482 -2
12482 12582 2
12482 12483 2
12483 12583 -2
12483 12484 2
12484 12584 -2
12484 12485 2
12485 12585 2
12485 12486 -2
12486 12586 2
12486 12487 -2
12487 12587 2
12487 12488 -2
12488 12588 2
12488 12489 -2
12489 12589 2
12489 12490 -2
12490 12590 2
12490 12491 2
12491 12591 -2
12491 12492 -2
12492 12592 2
12492 12493 -2
12493 12593 -2
12493 12494 2
12494 12594 2
12494 12495 -2
12495 12595 2
12495 12496 -2
12496 12596 -2
12496 12497 -2
12497 12597 -2
12497 12498 2
12498 12598 -2
12498 12499 -2
12499 12599 2
12500 12600 -2
12500 12599 2
12500 12501 2
12501 12601 -2
12501 12502 -2
12502 12602 2
12502 12503 -2
12503 12603 2
12503 12504 2
12504 12604 2
12504 12505 -2
12505 12605 2
12505 12506 -2
12506 12606 -2
12506 12507 2
12507 12607 2
12507 12508 2
12508 12608 -2
12508 12509 -2
12509 12609 2
12509 12510 -2
12510 12610 -2
12510 12511 -2
12511 12611 -2
12511 12512 -2
12512 12612 2
12512 12513 -2
12513 12613 2
12513 12514 2
12514 12614 -2
12514 12515 -2
12515 12615 -2
12515 12516 2
12516 12616 2
12516 12517 2
12517 12617 2
12517 12518 -2
12518 12618 -2
12518 12519 2
12519 12619 2
12519 12520 -2
12520 12620 2
12520 12521 2
12521 12621 -2
12521 12522 -2
12522 12622 2
12522 12523 -2
12523 12623 -2
12523 12524 -2
12524 12624 -2
12524 12525 -2
12525 12625 -2
12525 12526 -2
12526 12626 2
12526 12527 2
12527 12627 -2
12527 12528 -2
12528 12628 2
12528 12529 -2
12529 12629 2
12529 12530 2
12530 12630 2
12530 12531 2
12531 12631 2
12531 12532 2
12532 12632 2
12532 12533 2
12533 12633 2
12533 12534 2
12534 12634 2
12534 12535 2
12535 12635 -2
12535 12536 -2
12536 12636 -2
12536 12537 -2
12537 12637 2
12537 12538 -2
12538 12638 2
12538 12539 -2
12539 12639 -2
12539 12540 2
12540 12640 -2
12540 12541 -2
12541 12641 2
12541 12542 -2
12542 12642 2
12542 12543 -2
12543 12643 -2
12543 12544 -2
12544 12644 2
12544 12545 2
12545 12645 -2
12545 12546 2
12546 12646 -2
12546 12547 -2
12547 12647 -2
12547 12548 2
12548 12648 2
12548 12549 2
12549 12649 2
12549 12550 2
12550 12650 -2
12550 12551 -2
12551 12651 2
12551 12552 2
12552 12652 -2
12552 12553 2
12553 12653 2
12553 12554 -2
12554 12654 2
12554 12555 -2
12555 12655 2
12555 12556 2
12556 12656 -2
12556 12557 -2
12557 12657 -2
12557 12558 2
12558 12658 2
12558 12559 2
12559 12659 -2
12559 12560 -2
12560 12660 -2
12560 12561 2
12561 12661 2
12561 12562 -2
12562 12662 -2
12562 12563 -2
12563 12663 2
12563 12564 2
12564 12664 -2
12564 12565 2
12565 12665 2
12565 12566 2
12566 12666 -2
12566 12567 -2
12567 12667 2
12567 12568 -2
12568 12668 -2
12568 12569 2
12569 12669 2
12569 12570 -2
12570 12670 -2
12570 12571 -2
12571 12671 2
12571 12572 -2
12572 12672 2
12572 12573 2
12573 12673 2
12573 12574 2
12574 12674 -2
12574 12575 -2
12575 12675 -2
12575 12576 -2
12576 12676 -2
12576 12577 2
12577 12677 2
12577 12578 -2
12578 12678 -2
12578 12579 2
12579 12679 2
12579 12580 2
12580 12680 2
12580 12581 2
12581 12681 2
12581 12582 2
12582 12682 2
12582 12583 2
12583 12683 2
12583 12584 2
12584 12684 -2
12584 12585 2
12585 12685 -2
12585 12586 2
12586 12686 -2
12586 12587 -2
12587 12687 2
12587 12588 2
12588 12688 2
12588 12589 -2
12589 12689 -2
12589 12590 -2
12590 12690 -2
12590 12591 -2
12591 12691 -2
12591 12592 2
12592 12692 -2
12592 12593 -2
12593 12693 2
12593 12594 -2
12594 12694 2
12594 12595 -2
12595 12695 -2
12595 12596 2
12596 12696 -2
12596 12597 2
12597 12697 2
12597 12598 -2
12598 12698 2
12598 12599 -2
12599 12699 2
12600 12700 -2
12600 12699 -2
12600 12601 2
12601 12701 2
12601 12602 -2
12602 12702 2
12602 12603 2
12603 12703 -2
12603 12604 -2
12604 12704 -2
12604 12605 -2
12605 12705 -2
12605 12606 -2
12606 12706 2
12606 12607 2
12607 12707 -2
12607 12608 -2
12608 12708 -2
12608 12609 -2
12609 12709 2
12609 12610 2
12610 12710 -2
12610 12611 -2
12611 12711 2
12611 12612 2
12612 12712 2
12612 12613 -2
12613 12713 -2
12613 12614 -2
12614 12714 2
12614 12615 2
12615 12715 -2
12615 12616 -2
12616 12716 2
12616 12617 2
12617 12717 -2
12617 12618 -2
12618 12718 -2
12618 12619 -2
12619 12719 2
12619 12620 2
12620 12720 2
12620 12621 2
12621 12721 -2
12621 12622 -2
12622 12722 2
12622 12623 2
12623 12723 -2
12623 12624 2
12624 12724 -2
12624 12625 -2
12625 12725 2
12625 12626 -2
12626 12726 2
12626 12627 -2
12627 12727 -2
12627 12628 2
12628 12728 -2
12628 12629 2
12629 12729 -2
12629 12630 2
12630 12730 2
12630 12631 -2
12631 12731 -2
12631 12632 -2
12632 12732 -2
12632 12633 -2
12633 12733 2
12633 12634 -2
12634 12734 2
12634 12635 2
12635 12735 2
12635 12636 2
12636 12736 2
12636 12637 2
12637 12737 -2
12637 12638 -2
12638 12738 2
12638 12639 2
12639 12739 -2
12639 12640 2
12640 12740 2
12640 12641 -2
12641 12741 -2
12641 12642 -2
12642 12742 -2
12642 12643 -2
12643 12743 -2
12643 12644 -2
12644 12744 -2
12644 12645 -2
12645 12745 2
12645 12646 2
12646 12746 -2
12646 12647 2
12647 12747 2
12647 12648 2
12648 12748 2
12648 12649 -2
12649 12749 2
12649 12650 -2
12650 12750 2
12650 12651 -2
12651 12751 2
12651 12652 -2
12652 12752 2
12652 12653 -2
12653 12753 -2
12653 12654 2
12654 12754 -2
12654 12655 -2
12655 12755 2
12655 12656 2
12656 12756 2
12656 12657 -2
12657 12757 2
12657 12658 2
12658 12758 -2
12658 12659 2
12659 12759 -2
12659 12660 2
12660 12760 -2
12660 12661 2
12661 12761 -2
12661 12662 2
12662 12762 -2
12662 12663 -2
12663 12763 -2
12663 12664 -2
12664 12764 -2
12664 12665 2
12665 12765 2
12665 12666 2
12666 12766 -2
12666 12667 -2
12667 12767 -2
12667 12668 2
12668 12768 -2
12668 12669 -2
12669 12769 -2
12669 12670 -2
12670 12770 -2
12670 12671 2
12671 12771 -2
12671 12672 2
12672 12772 -2
12672 12673 -2
12673 12773 -2
12673 12674 -2
12674 12774 2
12674 12675 2
12675 12775 2
12675 12676 2
12676 12776 2
12676 12677 2
12677 12777 2
12677 12678 -2
12678 12778 2
12678 12679 -2
12679 12779 2
12679 12680 -2
12680 12780 -2
12680 12681 -2
12681 12781 -2
12681 12682 2
12682 12782 -2
12682 12683 -2
12683 12783 -2
12683 12684 -2
12684 12784 2
12684 12685 -2
12685 12785 2
12685 12686 -2
12686 12786 2
12686 12687 2
12687 12787 2
12687 12688 -2
12688 12788 -2
12688 12689 2
12689 12789 2
12689 12690 -2
12690 12790 2
12690 12691 -2
12691 12791 2
12691 12692 -2
12692 12792 -2
12692 12693 2
12693 12793 2
12693 12694 2
12694 12794 -2
12694 12695 2
12695 12795 2
12695 12696 2
12696 12796 2
12696 12697 2
12697 12797 -2
12697 12698 -2
12698 12798 -2
12698 12699 2
12699 12799 -2
12700 12800 -2
12700 12799 2
12700 12701 2
12701 12801 -2
12701 12702 -2
12702 12802 2
12702 12703 -2
12703 12803 2
12703 12704 -2
12704 12804 2
12704 12705 -2
12705 12805 -2
12705 12706 2
12706 12806 -2
12706 12707 2
12707 12807 -2
12707 12708 2
12708 12808 2
12708 12709 2
12709 12809 -2
12709 12710 -2
12710 12810 2
12710 12711 2
12711 12811 -2
12711 12712 -2
12712 12812 2
12712 12713 -2
12713 12813 -2
12713 12714 2
12714 12814 -2
12714 12715 2
12715 12815 2
12715 12716 2
12716 12816 2
12716 12717 2
12717 12817 2
12717 12718 2
12718 12818 2
12718 12719 -2
12719 12819 -2
12719 12720 -2
12720 12820 -2
12720 12721 2
12721 12821 2
12721 12722 -2
12722 12822 2
12722 12723 2
12723 12823 -2
12723 12724 2
12724 12824 2
12724 12725 2
12725 12825 -2
12725 12726 -2
12726 12826 2
12726 12727 -2
12727 12827 2
12727 12728 2
12728 12828 -2
12728 12729 -2
12729 12829 2
12729 12730 -2
12730 12830 2
12730 12731 2
12731 12831 -2
12731 12732 -2
12732 12832 2
12732 12733 -2
12733 12833 -2
12733 12734 -2
12734 12834 -2
12734 12735 -2
12735 12835 2
12735 12736 -2
12736 12836 -2
12736 12737 -2
12737 12837 2
12737 12738 -2
12738 12838 -2
12738 12739 2
12739 12839 2
12739 12740 2
12740 12840 2
12740 12741 -2
12741 12841 -2
12741 12742 -2
12742 12842 2
12742 12743 -2
12743 12843 2
12743 12744 2
12744 12844 2
12744 12745 2
12745 12845 2
12745 12746 2
12746 12846 -2
12746 12747 2
12747 12847 2
12747 12748 -2
12748 12848 -2
12748 12749 -2
12749 12849 2
12749 12750 2
12750 12850 2
12750 12751 2
12751 12851 2
12751 12752 -2
12752 12852 2
12752 12753 -2
12753 12853 2
12753 12754 -2
12754 12854 -2
12754 12755 2
12755 12855 -2
12755 12756 -2
12756 12856 -2
12756 12757 -2
12757 12857 -2
12757 12758 -2
12758 12858 -2
12758 12759 2
12759 12859 2
12759 12760 -2
12760 12860 2
12760 12761 2
12761 12861 2
12761 12762 -2
12762 12862 -2
12762 12763 2
12763 12863 -2
12763 12764 2
12764 12864 -2
12764 12765 -2
12765 12865 2
12765 12766 -2
12766 12866 -2
12766 12767 -2
12767 12867 -2
12767 12768 -2
12768 12868 2
12768 12769 2
12769 12869 -2
12769 12770 -2
12770 12870 -2
12770 12771 -2
12771 12871 -2
12771 12772 2
12772 12872 2
12772 12773 2
12773 12873 -2
12773 12774 -2
12774 12874 2
12774 12775 2
12775 12875 2
12775 12776 -2
12776 12876 -2
12776 12777 2
12777 12877 2
12777 12778 -2
12778 12878 2
12778 12779 2
12779 12879 2
12779 12780 2
12780 12880 2
12780 12781 2
12781 12881 -2
12781 12782 2
12782 12882 -2
12782 12783 2
12783 12883 2
12783 12784 -2
12784 12884 -2
12784 12785 -2
12785 12885 2
12785 12786 -2
12786 12886 -2
12786 12787 -2
12787 12887 2
12787 12788 -2
12788 12888 -2
12788 12789 -2
12789 12889 -2
12789 12790 2
12790 12890 -2
12790 12791 -2
12791 12891 2
12791 12792 2
12792 12892 2
12792 12793 -2
12793 12893 -2
12793 12794 -2
12794 12894 -2
12794 12795 -2
12795 12895 2
12795 12796 -2
12796 12896 2
12796 12797 -2
12797 12897 2
12797 12798 -2
12798 12898 2
12798 12799 2
12799 12899 -2
12800 12900 -2
12800 12899 2
12800 12801 2
12801 12901 -2
12801 12802 2
12802 12902 2
12802 12803 2
12803 12903 2
12803 12804 2
12804 12904 2
12804 12805 2
12805 12905 -2
12805 12806 -2
12806 12906 -2
12806 12807 -2
12807 12907 2
12807 12808 2
12808 12908 -2
12808 12809 -2
12809 12909 2
12809 12810 -2
12810 12910 2
12810 12811 2
12811 12911 2
12811 12812 2
12812 12912 -2
12812 12813 2
12813 12913 -2
12813 12814 -2
12814 12914 -2
12814 12815 -2
12815 12915 2
12815 12816 2
12816 12916 -2
12816 12817 -2
12817 12917 -2
12817 12818 2
12818 12918 2
12818 12819 2
12819 12919 -2
12819 12820 2
12820 12920 2
12820 12821 2
12821 12921 -2
12821 12822 -2
12822 12922 -2
12822 12823 2
12823 12923 -2
12823 12824 2
12824 12924 -2
12824 12825 -2
12825 12925 -2
12825 12826 -2
12826 12926 2
12826 12827 2
12827 12927 -2
12827 12828 2
12828 12928 2
12828 12829 -2
12829 12929 -2
12829 12830 -2
12830 12930 2
12830 12831 -2
12831 12931 2
12831 12832 -2
12832 12932 2
12832 12833 2
12833 12933 -2
12833 12834 -2
12834 12934 -2
12834 12835 -2
12835 12935 -2
12835 12836 -2
12836 12936 -2
12836 12837 2
12837 12937 -2
12837 12838 2
12838 12938 -2
12838 12839 2
12839 12939 -2
12839 12840 -2
12840 12940 -2
12840 12841 -2
12841 12941 2
12841 12842 2
12842 12942 -2
12842 12843 2
12843 12943 -2
12843 12844 2
12844 12944 -2
12844 12845 2
12845 12945 -2
12845 12846 -2
12846 12946 -2
12846 12847 -2
12847 12947 2
12847 12848 -2
12848 12948 2
12848 12849 -2
12849 12949 2
12849 12850 -2
12850 12950 2
12850 12851 2
12851 12951 -2
12851 12852 2
12852 12952 2
12852 12853 -2
12853 12953 2
12853 12854 -2
12854 12954 -2
12854 12855 2
12855 12955 2
12855 12856 2
12856 12956 -2
12856 12857 2
12857 12957 -2
12857 12858 -2
12858 12958 2
12858 12859 -2
12859 12959 -2
12859 12860 2
12860 12960 -2
12860 12861 -2
12861 12961 2
12861 12862 -2
12862 12962 -2
12862 12863 2
12863 12963 2
12863 12864 2
12864 12964 2
12864 12865 -2
12865 12965 2
12865 12866 2
12866 12966 2
12866 12867 2
12867 12967 -2
12867 12868 -2
12868 12968 -2
12868 12869 2
12869 12969 -2
12869 12870 2
12870 12970 2
12870 12871 2
12871 12971 -2
12871 12872 -2
12872 12972 2
12872 12873 -2
12873 12973 2
12873 12874 -2
12874 12974 -2
12874 12875 -2
12875 12975 2
12875 12876 2
12876 12976 -2
12876 12877 2
12877 12977 2
12877 12878 2
12878 12978 2
12878 12879 2
12879 12979 2
12879 12880 -2
12880 12980 2
12880 12881 -2
12881 12981 -2
12881 12882 -2
12882 12982 -2
12882 12883 -2
12883 12983 -2
12883 12884 -2
12884 12984 2
12884 12885 -2
12885 12985 2
12885 12886 2
12886 12986 -2
12886 12887 2
12887 12987 2
12887 12888 -2
12888 12988 -2
12888 12889 -2
12889 12989 2
12889 12890 -2
12890 12990 -2
12890 12891 2
12891 12991 -2
12891 12892 2
12892 12992 2
12892 12893 2
12893 12993 -2
12893 12894 -2
12894 12994 2
12894 12895 2
12895 12995 2
12895 12896 -2
12896 12996 -2
12896 12897 -2
12897 12997 2
12897 12898 -2
12898 12998 -2
12898 12899 2
12899 12999 -2
12900 13000 -2
12900 12999 -2
12900 12901 2
12901 13001 2
12901 12902 -2
12902 13002 -2
12902 12903 -2
12903 13003 -2
12903 12904 -2
12904 13004 2
12904 12905 -2
12905 13005 2
12905 12906 2
12906 13006 2
12906 12907 -2
12907 13007 2
12907 12908 2
12908 13008 -2
12908 12909 2
12909 13009 2
12909 12910 -2
12910 13010 -2
12910 12911 2
12911 13011 2
12911 12912 2
12912 13012 -2
12912 12913 -2
12913 13013 2
12913 12914 -2
12914 13014 -2
12914 12915 2
12915 13015 2
12915 12916 -2
12916 13016 -2
12916 12917 2
12917 13017 -2
12917 12918 -2
12918 13018 -2
12918 12919 2
12919 13019 2
12919 12920 -2
12920 13020 -2
12920 12921 2
12921 13021 2
12921 12922 -2
12922 13022 -2
12922 12923 2
12923 13023 2
12923 12924 -2
12924 13024 -2
12924 12925 2
12925 13025 -2
12925 12926 -2
12926 13026 2
12926 12927 -2
12927 13027 2
12927 12928 -2
12928 13028 -2
12928 12929 -2
12929 13029 -2
12929 12930 -2
12930 13030 -2
12930 12931 2
12931 13031 -2
12931 12932 2
12932 13032 -2
12932 12933 2
12933 13033 2
12933 12934 2
12934 13034 2
12934 12935 -2
12935 13035 -2
12935 12936 -2
12936 13036 2
12936 12937 2
12937 13037 2
12937 12938 -2
12938 13038 2
12938 12939 2
12939 13039 2
12939 12940 2
12940 13040 -2
12940 12941 2
12941 13041 -2
12941 12942 -2
12942 13042 -2
12942 12943 2
12943 13043 -2
12943 12944 -2
12944 13044 -2
12944 12945 -2
12945 13045 -2
12945 12946 -2
12946 13046 2
12946 12947 2
12947 13047 2
12947 12948 -2
12948 13048 -2
12948 12949 -2
12949 13049 2
12949 12950 -2
12950 13050 -2
12950 12951 -2
12951 13051 -2
12951 12952 2
12952 13052 -2
12952 12953 -2
12953 13053 -2
12953 12954 -2
12954 13054 2
12954 12955 -2
12955 13055 -2
12955 12956 -2
12956 13056 2
12956 12957 -2
12957 13057 2
12957 12958 -2
12958 13058 2
12958 12959 2
12959 13059 2
12959 12960 -2
12960 13060 2
12960 12961 2
12961 13061 2
12961 12962 2
12962 13062 2
12962 12963 -2
12963 13063 -2
12963 12964 -2
12964 13064 -2
12964 12965 2
12965 13065 2
12965 12966 2
12966 13066 2
12966 12967 2
12967 13067 2
12967 12968 2
12968 13068 -2
12968 12969 -2
12969 13069 2
12969 12970 -2
12970 13070 -2
12970 12971 2
12971 13071 -2
12971 12972 -2
12972 13072 -2
12972 12973 -2
12973 13073 -2
12973 12974 -2
12974 13074 2
12974 12975 -2
12975 13075 -2
12975 12976 2
12976 13076 2
12976 12977 -2
12977 13077 2
12977 12978 -2
12978 13078 -2
12978 12979 -2
12979 13079 -2
12979 12980 2
12980 13080 2
12980 12981 -2
12981 13081 2
12981 12982 -2
12982 13082 2
12982 12983 2
12983 13083 -2
12983 12984 -2
12984 13084 2
12984 12985 -2
12985 13085 2
12985 12986 2
12986 13086 -2
12986 12987 -2
12987 13087 -2
12987 12988 2
12988 13088 -2
12988 12989 2
12989 13089 -2
12989 12990 2
12990 13090 2
12990 12991 -2
12991 13091 -2
12991 12992 -2
12992 13092 -2
12992 12993 2
12993 13093 -2
12993 12994 2
12994 13094 2
12994 12995 2
12995 13095 -2
12995 12996 -2
12996 13096 2
12996 12997 2
12997 13097 2
12997 12998 -2
12998 13098 2
12998 12999 2
12999 13099 -2
13000 13100 -2
13000 13099 2
13000 13001 -2
13001 13101 2
13001 13002 -2
13002 13102 2
13002 13003 -2
13003 13103 -2
13003 13004 -2
13004 13104 2
13004 13005 -2
13005 13105 2
13005 13006 -2
13006 13106 -2
13006 13007 -2
13007 13107 2
13007 13008 -2
13008 13108 2
13008 13009 -2
13009 13109 2
13009 13010 -2
13010 13110 -2
13010 13011 2
13011 13111 -2
13011 13012 -2
13012 13112 2
13012 13013 -2
13013 13113 -2
13013 13014 -2
13014 13114 -2
13014 13015 -2
13015 13115 -2
13015 13016 2
13016 13116 -2
13016 13017 -2
13017 13117 2
13017 13018 -2
13018 13118 -2
13018 13019 2
13019 13119 -2
13019 13020 -2
13020 13120 2
13020 13021 -2
13021 13121 -2
13021 13022 2
13022 13122 2
13022 13023 2
13023 13123 -2
13023 13024 2
13024 13124 2
13024 13025 2
13025 13125 2
13025 13026 -2
13026 13126 -2
13026 13027 -2
13027 13127 2
13027 13028 2
13028 13128 2
13028 13029 -2
13029 13129 -2
13029 13030 2
13030 13130 -2
13030 13031 2
13031 13131 -2
13031 13032 -2
13032 13132 -2
13032 13033 -2
13033 13133 2
13033 13034 -2
13034 13134 -2
13034 13035 2
13035 13135 -2
13035 13036 -2
13036 13136 -2
13036 13037 -2
13037 13137 2
13037 13038 2
13038 13138 2
13038 13039 -2
13039 13139 -2
13039 13040 -2
13040 13140 2
13040 13041 2
13041 13141 -2
13041 13042 -2
13042 13142 -2
13042 13043 2
13043 13143 2
13043 13044 2
13044 13144 -2
13044 13045 2
13045 13145 2
13045 13046 -2
13046 13146 -2
13046 13047 2
13047 13147 -2
13047 13048 2
13048 13148 2
13048 13049 2
13049 13149 2
13049 13050 -2
13050 13150 -2
13050 13051 -2
13051 13151 -2
13051 13052 2
13052 13152 2
13052 13053 2
13053 13153 -2
13053 13054 -2
13054 13154 -2
13054 13055 2
13055 13155 -2
13055 13056 2
13056 13156 -2
13056 13057 -2
13057 13157 2
13057 13058 -2
13058 13158 2
13058 13059 2
13059 13159 -2
13059 13060 -2
13060 13160 2
13060 13061 2
13061 13161 -2
13061 13062 2
13062 13162 2
13062 13063 -2
13063 13163 2
13063 13064 -2
13064 13164 -2
13064 13065 -2
13065 13165 -2
13065 13066 -2
13066 13166 -2
13066 13067 -2
13067 13167 -2
13067 13068 2
13068 13168 2
13068 13069 -2
13069 13169 -2
13069 13070 -2
13070 13170 -2
13070 13071 2
13071 13171 2
13071 13072 2
13072 13172 2
13072 13073 -2
13073 13173 -2
13073 13074 -2
13074 13174 2
13074 13075 2
13075 13175 2
13075 13076 2
13076 13176 2
13076 13077 2
13077 13177 2
13077 13078 -2
13078 13178 -2
13078 13079 -2
13079 13179 -2
13079 13080 -2
13080 13180 -2
13080 13081 -2
13081 13181 -2
13081 13082 -2
13082 13182 2
13082 13083 -2
13083 13183 -2
13083 13084 2
13084 13184 -2
13084 13085 2
13085 13185 -2
13085 13086 -2
13086 13186 -2
13086 13087 2
13087 13187 -2
13087 13088 -2
13088 13188 -2
13088 13089 -2
13089 13189 2
13089 13090 -2
13090 13190 -2
13090 13091 -2
13091 13191 2
13091 13092 2
13092 13192 2
13092 13093 -2
13093 13193 -2
13093 13094 -2
13094 13194 2
13094 13095 -2
13095 13195 2
13095 13096 2
13096 13196 2
13096 13097 -2
13097 13197 -2
13097 13098 2
13098 13198 2
13098 13099 -2
13099 13199 2
13100 13200 2
13100 13199 2
13100 13101 -2
13101 13201 -2
13101 13102 -2
13102 13202 2
13102 13103 -2
13103 13203 -2
13103 13104 2
13104 13204 2
13104 13105 -2
13105 13205 2
13105 13106 2
13106 13206 2
13106 13107 -2
13107 13207 -2
13107 13108 -2
13108 13208 2
13108 13109 -2
13109 13209 -2
13109 13110 2
13110 13210 -2
13110 13111 2
13111 13211 -2
13111 13112 -2
13112 13212 2
13112 13113 -2
13113 13213 -2
13113 13114 2
13114 13214 -2
13114 13115 2
13115 13215 2
13115 13116 -2
13116 13216 -2
13116 13117 2
13117 13217 2
13117 13118 2
13118 13218 2
13118 13119 -2
13119 13219 -2
13119 13120 -2
13120 13220 2
13120 13121 -2
13121 13221 -2
13121 13122 2
13122 13222 -2
13122 13123 -2
13123 13223 -2
13123 13124 2
13124 13224 2
13124 13125 2
13125 13225 2
13125 13126 2
13126 13226 -2
13126 13127 -2
13127 13227 -2
13127 13128 -2
13128 13228 -2
13128 13129 2
13129 13229 -2
13129 13130 2
13130 13230 -2
13130 13131 -2
13131 13231 -2
13131 13132 2
13132 13232 2
13132 13133 -2
13133 13233 2
13133 13134 -2
13134 13234 -2
13134 13135 2
13135 13235 2
13135 13136 -2
13136 13236 2
13136 13137 2
13137 13237 -2
13137 13138 -2
13138 13238 -2
13138 13139 2
13139 13239 2
13139 13140 2
13140 13240 -2
13140 13141 2
13141 13241 -2
13141 13142 -2
13142 13242 -2
13142 13143 -2
13143 13243 2
13143 13144 -2
13144 13244 2
13144 13145 2
13145 13245 -2
13145 13146 2
13146 13246 -2
13146 13147 2
13147 13247 2
13147 13148 2
13148 13248 2
13148 13149 2
13149 13249 -2
13149 13150 -2
13150 13250 -2
13150 13151 2
13151 13251 2
13151 13152 2
13152 13252 -2
13152 13153 -2
13153 13253 2
13153 13154 -2
13154 13254 2
13154 13155 -2
13155 13255 -2
13155 13156 2
13156 13256 2
13156 13157 2
13157 13257 2
13157 13158 -2
13158 13258 -2
13158 13159 2
13159 13259 2
13159 13160 2
13160 13260 2
13160 13161 -2
13161 13261 2
13161 13162 -2
13162 13262 -2
13162 13163 2
13163 13263 -2
13163 13164 -2
13164 13264 2
13164 13165 2
13165 13265 -2
13165 13166 -2
13166 13266 2
13166 13167 -2
13167 13267 -2
13167 13168 2
13168 13268 -2
13168 13169 2
13169 13269 -2
13169 13170 -2
13170 13270 -2
13170 13171 2
13171 13271 -2
13171 13172 -2
13172 13272 2
13172 13173 2
13173 13273 2
13173 13174 -2
13174 13274 2
13174 13175 -2
13175 13275 -2
13175 13176 2
13176 13276 -2
13176 13177 -2
13177 13277 -2
13177 13178 -2
13178 13278 2
13178 13179 -2
13179 13279 2
13179 13180 2
13180 13280 2
13180 13181 2
13181 13281 -2
13181 13182 2
13182 13282 2
13182 13183 2
13183 13283 -2
13183 13184 2
13184 13284 2
13184 13185 2
13185 13285 2
13185 13186 -2
13186 13286 -2
13186 13187 -2
13187 13287 -2
13187 13188 2
13188 13288 -2
13188 13189 -2
13189 13289 -2
13189 13190 -2
13190 13290 -2
13190 13191 2
13191 13291 -2
13191 13192 2
13192 13292 2
13192 13193 -2
13193 13293 -2
13193 13194 -2
13194 13294 2
13194 13195 2
13195 13295 2
13195 13196 -2
13196 13296 -2
13196 13197 -2
13197 13297 2
13197 13198 -2
13198 13298 2
13198 13199 2
13199 13299 2
13200 13300 -2
13200 13299 -2
13200 13201 2
13201 13301 -2
13201 13202 -2
13202 13302 2
13202 13203 2
13203 13303 -2
13203 13204 -2
13204 13304 -2
13204 13205 -2
13205 13305 -2
13205 13206 -2
13206 13306 -2
13206 13207 -2
13207 13307 -2
13207 13208 -2
13208 13308 2
13208 13209 -2
13209 13309 -2
13209 13210 -2
13210 13310 2
13210 13211 -2
13211 13311 -2
13211 13212 -2
13212 13312 2
13212 13213 2
13213 13313 2
13213 13214 -2
13214 13314 2
13214 13215 -2
13215 13315 -2
13215 13216 2
13216 13316 -2
13216 13217 -2
13217 13317 -2
13217 13218 2
13218 13318 -2
13218 13219 2
13219 13319 2
13219 13220 2
13220 13320 -2
13220 13221 -2
13221 13321 2
13221 13222 2
13222 13322 -2
13222 13223 -2
13223 13323 2
13223 13224 2
13224 13324 -2
13224 13225 -2
13225 13325 2
13225 13226 -2
13226 13326 2
13226 13227 -2
13227 13327 2
13227 13228 2
13228 13328 -2
13228 13229 -2
13229 13329 -2
13229 13230 2
13230 13330 2
13230 13231 2
13231 13331 -2
13231 13232 2
13232 13332 2
13232 13233 -2
13233 13333 2
13233 13234 2
13234 13334 -2
13234 13235 -2
13235 13335 2
13235 13236 2
13236 13336 -2
13236 13237 2
13237 13337 2
13237 13238 2
13238 13338 -2
13238 13239 2
13239 13339 -2
13239 13240 2
13240 13340 2
13240 13241 -2
13241 13341 2
13241 13242 -2
13242 13342 -2
13242 13243 2
13243 13343 2
13243 13244 2
13244 13344 2
13244 13245 -2
13245 13345 2
13245 13246 2
13246 13346 -2
13246 13247 -2
13247 13347 2
13247 13248 -2
13248 13348 -2
13248 13249 2
13249 13349 2
13249 13250 -2
13250 13350 -2
13250 13251 2
13251 13351 -2
13251 13252 -2
13252 13352 -2
13252 13253 2
13253 13353 2
13253 13254 2
13254 13354 -2
13254 13255 2
13255 13355 -2
13255 13256 2
13256 13356 2
13256 13257 -2
13257 13357 -2
13257 13258 2
13258 13358 2
13258 13259 2
13259 13359 -2
13259 13260 2
13260 13360 2
13260 13261 -2
13261 13361 2
13261 13262 -2
13262 13362 -2
13262 13263 2
13263 13363 -2
13263 13264 -2
13264 13364 2
13264 13265 2
13265 13365 2
13265 13266 -2
13266 13366 2
13266 13267 2
13267 13367 2
13267 13268 -2
13268 13368 -2
13268 13269 2
13269 13369 2
13269 13270 2
13270 13370 -2
13270 13271 -2
13271 13371 2
13271 13272 -2
13272 13372 2
13272 13273 2
13273 13373 -2
13273 13274 -2
13274 13374 -2
13274 13275 -2
13275 13375 2
13275 13276 -2
13276 13376 -2
13276 13277 -2
13277 13377 -2
13277 13278 -2
13278 13378 -2
13278 13279 2
13279 13379 -2
13279 13280 2
13280 13380 -2
13280 13281 -2
13281 13381 2
13281 13282 2
13282 13382 2
13282 13283 2
13283 13383 -2
13283 13284 2
13284 13384 2
13284 13285 -2
13285 13385 2
13285 13286 -2
13286 13386 -2
13286 13287 2
13287 13387 -2
13287 13288 -2
13288 13388 -2
13288 13289 2
13289 13389 -2
13289 13290 -2
13290 13390 2
13290 13291 -2
13291 13391 2
13291 13292 2
13292 13392 -2
13292 13293 2
13293 13393 -2
13293 13294 -2
13294 13394 -2
13294 13295 2
13295 13395 -2
13295 13296 2
13296 13396 -2
13296 13297 -2
13297 13397 2
13297 13298 -2
13298 13398 -2
13298 13299 2
13299 13399 2
13300 13400 2
13300 13399 -2
13300 13301 -2
13301 13401 -2
13301 13302 -2
13302 13402 -2
13302 13303 -2
13303 13403 2
13303 13304 -2
13304 13404 2
13304 13305 -2
13305 13405 -2
13305 13306 2
13306 13406 2
13306 13307 -2
13307 13407 -2
13307 13308 2
13308 13408 2
13308 13309 2
13309 13409 -2
13309 13310 -2
13310 13410 -2
13310 13311 -2
13311 13411 2
13311 13312 -2
13312 13412 2
13312 13313 -2
13313 13413 -2
13313 13314 -2
13314 13414 -2
13314 13315 2
13315 13415 2
13315 13316 2
13316 13416 -2
13316 13317 -2
13317 13417 -2
13317 13318 -2
13318 13418 -2
13318 13319 -2
13319 13419 2
13319 13320 -2
13320 13420 2
13320 13321 -2
13321 13421 -2
13321 13322 2
13322 13422 -2
13322 13323 2
13323 13423 -2
13323 13324 -2
13324 13424 2
13324 13325 2
13325 13425 -2
13325 13326 2
13326 13426 2
13326 13327 2
13327 13427 2
13327 13328 2
13328 13428 2
13328 13329 -2
13329 13429 -2
13329 13330 2
13330 13430 -2
13330 13331 2
13331 13431 -2
13331 13332 -2
13332 13432 -2
13332 13333 -2
13333 13433 -2
13333 13334 2
13334 13434 2
13334 13335 2
13335 13435 2
13335 13336 -2
13336 13436 2
13336 13337 -2
13337 13437 -2
13337 13338 2
13338 13438 -2
13338 13339 -2
13339 13439 -2
13339 13340 2
13340 13440 2
13340 13341 -2
13341 13441 -2
13341 13342 -2
13342 13442 -2
13342 13343 -2
13343 13443 -2
13343 13344 2
13344 13444 -2
13344 13345 2
13345 13445 2
13345 13346 2
13346 13446 -2
13346 13347 -2
13347 13447 -2
13347 13348 2
13348 13448 -2
13348 13349 -2
13349 13449 -2
13349 13350 2
13350 13450 2
13350 13351 2
13351 13451 2
13351 13352 -2
13352 13452 2
13352 13353 2
13353 13453 -2
13353 13354 -2
13354 13454 2
13354 13355 2
13355 13455 2
13355 13356 2
13356 13456 -2
13356 13357 2
13357 13457 2
13357 13358 2
13358 13458 -2
13358 13359 2
13359 13459 -2
13359 13360 -2
13360 13460 -2
13360 13361 -2
13361 13461 2
13361 13362 2
13362 13462 -2
13362 13363 2
13363 13463 2
13363 13364 2
13364 13464 -2
13364 13365 2
13365 13465 2
13365 13366 2
13366 13466 -2
13366 13367 -2
13367 13467 -2
13367 13368 -2
13368 13468 -2
13368 13369 2
13369 13469 -2
13369 13370 -2
13370 13470 -2
13370 13371 2
13371 13471 2
13371 13372 2
13372 13472 2
13372 13373 -2
13373 13473 -2
13373 13374 -2
13374 13474 2
13374 13375 2
13375 13475 2
13375 13376 2
13376 13476 2
13376 13377 -2
13377 13477 -2
13377 13378 2
13378 13478 -2
13378 13379 2
13379 13479 2
13379 13380 2
13380 13480 -2
13380 13381 -2
13381 13481 -2
13381 13382 -2
13382 13482 -2
13382 13383 2
13383 13483 -2
13383 13384 2
13384 13484 -2
13384 13385 2
13385 13485 2
13385 13386 -2
13386 13486 2
13386 13387 2
13387 13487 -2
13387 13388 2
13388 13488 2
13388 13389 -2
13389 13489 2
13389 13390 -2
13390 13490 2
13390 13391 -2
13391 13491 2
13391 13392 -2
13392 13492 2
13392 13393 -2
13393 13493 -2
13393 13394 2
13394 13494 2
13394 13395 -2
13395 13495 2
13395 13396 2
13396 13496 2
13396 13397 2
13397 13497 2
13397 13398 -2
13398 13498 2
13398 13399 2
13399 13499 2
13400 13500 -2
13400 13499 2
13400 13401 2
13401 13501 -2
13401 13402 2
13402 13502 2
13402 13403 -2
13403 13503 2
13403 13404 -2
13404 13504 -2
13404 13405 2
13405 13505 -2
13405 13406 -2
13406 13506 -2
13406 13407 2
13407 13507 -2
13407 13408 2
13408 13508 -2
13408 13409 2
13409 13509 2
13409 13410 -2
13410 13510 -2
13410 13411 -2
13411 13511 -2
13411 13412 2
13412 13512 2
13412 13413 2
13413 13513 -2
13413 13414 -2
13414 13514 -2
13414 13415 2
13415 13515 -2
13415 13416 2
13416 13516 -2
13416 13417 2
13417 13517 2
13417 13418 -2
13418 13518 2
13418 13419 -2
13419 13519 2
13419 13420 2
13420 13520 -2
13420 13421 2
13421 13521 2
13421 13422 -2
13422 13522 2
13422 13423 -2
13423 13523 2
13423 13424 2
13424 13524 2
13424 13425 2
13425 13525 -2
13425 13426 2
13426 13526 2
13426 13427 2
13427 13527 -2
13427 13428 2
13428 13528 2
13428 13429 -2
13429 13529 -2
13429 13430 -2
13430 13530 -2
13430 13431 2
13431 13531 -2
13431 13432 2
13432 13532 -2
13432 13433 -2
13433 13533 2
13433 13434 2
13434 13534 -2
13434 13435 2
13435 13535 -2
13435 13436 2
13436 13536 -2
13436 13437 -2
13437 13537 -2
13437 13438 -2
13438 13538 -2
13438 13439 -2
13439 13539 -2
13439 13440 -2
13440 13540 -2
13440 13441 -2
13441 13541 2
13441 13442 2
13442 13542 -2
13442 13443 -2
13443 13543 -2
13443 13444 2
13444 13544 2
13444 13445 -2
13445 13545 2
13445 13446 2
13446 13546 2
13446 13447 2
13447 13547 2
13447 13448 2
13448 13548 2
13448 13449 2
13449 13549 -2
13449 13450 -2
13450 13550 -2
13450 13451 -2
13451 13551 2
13451 13452 -2
13452 13552 2
13452 13453 2
13453 13553 2
13453 13454 -2
13454 13554 2
13454 13455 -2
13455 13555 -2
13455 13456 -2
13456 13556 -2
13456 13457 -2
13457 13557 -2
13457 13458 2
13458 13558 2
13458 13459 2
13459 13559 2
13459 13460 2
13460 13560 -2
13460 13461 -2
13461 13561 -2
13461 13462 -2
13462 13562 -2
13462 13463 -2
13463 13563 -2
13463 13464 2
13464 13564 -2
13464 13465 2
13465 13565 -2
13465 13466 2
13466 13566 -2
13466 13467 -2
13467 13567 2
13467 13468 2
13468 13568 -2
13468 13469 -2
13469 13569 -2
13469 13470 2
13470 13570 -2
13470 13471 2
13471 13571 -2
13471 13472 2
13472 13572 -2
13472 13473 2
13473 13573 2
13473 13474 -2
13474 13574 2
13474 13475 -2
13475 13575 2
13475 13476 2
13476 13576 -2
13476 13477 2
13477 13577 -2
13477 13478 2
13478 13578 -2
13478 13479 -2
13479 13579 -2
13479 13480 2
13480 13580 2
13480 13481 2
13481 13581 -2
13481 13482 2
13482 13582 -2
13482 13483 2
13483 13583 -2
13483 13484 2
13484 13584 2
13484 13485 -2
13485 13585 2
13485 13486 2
13486 13586 -2
13486 13487 2
13487 13587 -2
13487 13488 -2
13488 13588 2
13488 13489 -2
13489 13589 2
13489 13490 -2
13490 13590 2
13490 13491 -2
13491 13591 -2
13491 13492 -2
13492 13592 -2
13492 13493 -2
13493 13593 -2
13493 13494 -2
13494 13594 -2
13494 13495 2
13495 13595 -2
13495 13496 2
13496 13596 2
13496 13497 -2
13497 13597 -2
13497 13498 -2
13498 13598 2
13498 13499 -2
13499 13599 2
13500 13600 -2
13500 13599 2
13500 13501 -2
13501 13601 2
13501 13502 -2
13502 13602 2
13502 13503 -2
13503 13603 2
13503 13504 -2
13504 13604 2
13504 13505 -2
13505 13605 2
13505 13506 -2
13506 13606 -2
13506 13507 2
13507 13607 -2
13507 13508 -2
13508 13608 -2
13508 13509 2
13509 13609 -2
13509 13510 -2
13510 13610 -2
13510 13511 2
13511 13611 2
13511 13512 2
13512 13612 -2
13512 13513 -2
13513 13613 2
13513 13514 -2
13514 13614 2
13514 13515 -2
13515 13615 2
13515 13516 -2
13516 13616 2
13516 13517 2
13517 13617 -2
13517 13518 2
13518 13618 -2
13518 13519 2
13519 13619 2
13519 13520 2
13520 13620 2
13520 13521 2
13521 13621 2
13521 13522 -2
13522 13622 2
13522 13523 2
13523 13623 -2
13523 13524 -2
13524 13624 -2
13524 13525 2
13525 13625 -2
13525 13526 -2
13526 13626 -2
13526 13527 -2
13527 13627 2
13527 13528 2
13528 13628 2
13528 13529 -2
13529 13629 -2
13529 13530 -2
13530 13630 -2
13530 13531 2
13531 13631 2
13531 13532 2
13532 13632 2
13532 13533 2
13533 13633 2
13533 13534 -2
13534 13634 -2
13534 13535 -2
13535 13635 2
13535 13536 2
13536 13636 2
13536 13537 2
13537 13637 -2
13537 13538 -2
13538 13638 -2
13538 13539 2
13539 13639 2
13539 13540 2
13540 13640 2
13540 13541 2
13541 13641 -2
13541 13542 -2
13542 13642 2
13542 13543 2
13543 13643 2
13543 13544 -2
13544 13644 -2
13544 13545 -2
13545 13645 -2
13545 13546 -2
13546 13646 2
13546 13547 -2
13547 13647 2
13547 13548 2
13548 13648 -2
13548 13549 2
13549 13649 -2
13549 13550 -2
13550 13650 2
13550 13551 -2
13551 13651 -2
13551 13552 2
13552 13652 2
13552 13553 -2
13553 13653 -2
13553 13554 2
13554 13654 2
13554 13555 -2
13555 13655 2
13555 13556 2
13556 13656 2
13556 13557 -2
13557 13657 2
13557 13558 -2
13558 13658 -2
13558 13559 2
13559 13659 -2
13559 13560 -2
13560 13660 2
13560 13561 -2
13561 13661 -2
13561 13562 -2
13562 13662 -2
13562 13563 -2
13563 13663 -2
13563 13564 -2
13564 13664 -2
13564 13565 -2
13565 13665 -2
13565 13566 2
13566 13666 -2
13566 13567 -2
13567 13667 2
13567 13568 2
13568 13668 2
13568 13569 -2
13569 13669 2
13569 13570 2
13570 13670 -2
13570 13571 2
13571 13671 -2
13571 13572 -2
13572 13672 -2
13572 13573 2
13573 13673 2
13573 13574 -2
13574 13674 -2
13574 13575 2
13575 13675 2
13575 13576 2
13576 13676 2
13576 13577 -2
13577 13677 -2
13577 13578 2
13578 13678 2
13578 13579 2
13579 13679 -2
13579 13580 -2
13580 13680 -2
13580 13581 -2
13581 13681 2
13581 13582 -2
13582 13682 2
13582 13583 -2
13583 13683 -2
13583 13584 -2
13584 13684 -2
13584 13585 2
13585 13685 2
13585 13586 2
13586 13686 -2
13586 13587 -2
13587 13687 -2
13587 13588 2
13588 13688 -2
13588 13589 -2
13589 13689 2
13589 13590 2
13590 13690 2
13590 13591 2
13591 13691 -2
13591 13592 -2
13592 13692 2
13592 13593 -2
13593 13693 -2
13593 13594 2
13594 13694 2
13594 13595 2
13595 13695 2
13595 13596 2
13596 13696 -2
13596 13597 2
13597 13697 2
13597 13598 2
13598 13698 -2
13598 13599 2
13599 13699 2
13600 13700 -2
13600 13699 2
13600 13601 2
13601 13701 2
13601 13602 2
13602 13702 2
13602 13603 2
13603 13703 -2
13603 13604 -2
13604 13704 2
13604 13605 -2
13605 13705 2
13605 13606 2
13606 13706 2
13606 13607 -2
13607 13707 -2
13607 13608 -2
13608 13708 -2
13608 13609 -2
13609 13709 -2
13609 13610 2
13610 13710 2
13610 13611 2
13611 13711 2
13611 13612 -2
13612 13712 -2
13612 13613 -2
13613 13713 2
13613 13614 2
13614 13714 -2
13614 13615 -2
13615 13715 2
13615 13616 2
13616 13716 2
13616 13617 -2
13617 13717 2
13617 13618 2
13618 13718 2
13618 13619 2
13619 13719 -2
13619 13620 -2
13620 13720 2
13620 13621 -2
13621 13721 2
13621 13622 2
13622 13722 2
13622 13623 2
13623 13723 -2
13623 13624 -2
13624 13724 2
13624 13625 -2
13625 13725 2
13625 13626 -2
13626 13726 2
13626 13627 2
13627 13727 -2
13627 13628 -2
13628 13728 -2
13628 13629 2
13629 13729 -2
13629 13630 -2
13630 13730 -2
13630 13631 2
13631 13731 -2
13631 13632 2
13632 13732 2
13632 13633 -2
13633 13733 -2
13633 13634 -2
13634 13734 -2
13634 13635 -2
13635 13735 2
13635 13636 -2
13636 13736 -2
13636 13637 2
13637 13737 -2
13637 13638 -2
13638 13738 -2
13638 13639 -2
13639 13739 -2
13639 13640 2
13640 13740 2
13640 13641 -2
13641 13741 2
13641 13642 2
13642 13742 2
13642 13643 2
13643 13743 -2
13643 13644 -2
13644 13744 -2
13644 13645 -2
13645 13745 2
13645 13646 2
13646 13746 2
13646 13647 -2
13647 13747 2
13647 13648 -2
13648 13748 2
13648 13649 -2
13649 13749 -2
13649 13650 -2
13650 13750 2
13650 13651 2
13651 13751 2
13651 13652 2
13652 13752 -2
13652 13653 -2
13653 13753 2
13653 13654 -2
13654 13754 2
13654 13655 -2
13655 13755 -2
13655 13656 2
13656 13756 -2
13656 13657 2
13657 13757 -2
13657 13658 -2
13658 13758 -2
13658 13659 -2
13659 13759 2
13659 13660 2
13660 13760 2
13660 13661 2
13661 13761 2
13661 13662 2
13662 13762 -2
13662 13663 2
13663 13763 2
13663 13664 -2
13664 13764 -2
13664 13665 2
13665 13765 2
13665 13666 2
13666 13766 -2
13666 13667 -2
13667 13767 -2
13667 13668 2
13668 13768 2
13668 13669 2
13669 13769 -2
13669 13670 -2
13670 13770 2
13670 13671 -2
13671 13771 -2
13671 13672 2
13672 13772 2
13672 13673 2
13673 13773 -2
13673 13674 -2
13674 13774 -2
13674 13675 2
13675 13775 2
13675 13676 -2
13676 13776 -2
13676 13677 -2
13677 13777 -2
13677 13678 2
13678 13778 2
13678 13679 -2
13679 13779 -2
13679 13680 -2
13680 13780 2
13680 13681 -2
13681 13781 -2
13681 13682 -2
13682 13782 2
13682 13683 2
13683 13783 -2
13683 13684 2
13684 13784 2
13684 13685 -2
13685 13785 2
13685 13686 2
13686 13786 -2
13686 13687 -2
13687 13787 2
13687 13688 2
13688 13788 -2
13688 13689 -2
13689 13789 -2
13689 13690 -2
13690 13790 -2
13690 13691 2
13691 13791 2
13691 13692 -2
13692 13792 2
13692 13693 2
13693 13793 -2
13693 13694 2
13694 13794 2
13694 13695 2
13695 13795 2
13695 13696 2
13696 13796 -2
13696 13697 -2
13697 13797 2
13697 13698 2
13698 13798 -2
13698 13699 2
13699 13799 -2
13700 13800 -2
13700 13799 2
13700 13701 -2
13701 13801 2
13701 13702 2
13702 13802 -2
13702 13703 2
13703 13803 -2
13703 13704 2
13704 13804 -2
13704 13705 -2
13705 13805 2
13705 13706 -2
13706 13806 -2
13706 13707 2
13707 13807 -2
13707 13708 -2
13708 13808 2
13708 13709 2
13709 13809 -2
13709 13710 -2
13710 13810 -2
13710 13711 2
13711 13811 2
13711 13712 2
13712 13812 -2
13712 13713 -2
13713 13813 2
13713 13714 2
13714 13814 2
13714 13715 -2
13715 13815 -2
13715 13716 2
13716 13816 -2
13716 13717 -2
13717 13817 -2
13717 13718 2
13718 13818 -2
13718 13719 2
13719 13819 -2
13719 13720 2
13720 13820 2
13720 13721 2
13721 13821 -2
13721 13722 2
13722 13822 2
13722 13723 2
13723 13823 -2
13723 13724 -2
13724 13824 -2
13724 13725 2
13725 13825 -2
13725 13726 2
13726 13826 2
13726 13727 2
13727 13827 -2
13727 13728 -2
13728 13828 2
13728 13729 -2
13729 13829 2
13729 13730 2
13730 13830 2
13730 13731 -2
13731 13831 2
13731 13732 -2
13732 13832 2
13732 13733 -2
13733 13833 2
13733 13734 2
13734 13834 -2
13734 13735 2
13735 13835 2
13735 13736 -2
13736 13836 2
13736 13737 -2
13737 13837 2
13737 13738 -2
13738 13838 -2
13738 13739 2
13739 13839 -2
13739 13740 2
13740 13840 2
13740 13741 2
13741 13841 -2
13741 13742 2
13742 13842 -2
13742 13743 -2
13743 13843 -2
13743 13744 -2
13744 13844 2
13744 13745 2
13745 13845 2
13745 13746 2
13746 13846 2
13746 13747 2
13747 13847 2
13747 13748 2
13748 13848 -2
13748 13749 -2
13749 13849 2
13749 13750 -2
13750 13850 2
13750 13751 -2
13751 13851 2
13751 13752 2
13752 13852 2
13752 13753 -2
13753 13853 2
13753 13754 -2
13754 13854 2
13754 13755 2
13755 13855 2
13755 13756 2
13756 13856 -2
13756 13757 -2
13757 13857 -2
13757 13758 -2
13758 13858 -2
13758 13759 2
13759 13859 2
13759 13760 -2
13760 13860 -2
13760 13761 2
13761 13861 2
13761 13762 2
13762 13862 2
13762 13763 -2
13763 13863 -2
13763 13764 2
13764 13864 2
13764 13765 2
13765 13865 -2
13765 13766 -2
13766 13866 -2
13766 13767 2
13767 13867 2
13767 13768 -2
13768 13868 -2
13768 13769 2
13769 13869 2
13769 13770 2
13770 13870 -2
13770 13771 -2
13771 13871 2
13771 13772 2
13772 13872 -2
13772 13773 -2
13773 13873 -2
13773 13774 2
13774 13874 -2
13774 13775 2
13775 13875 -2
13775 13776 -2
13776 13876 2
13776 13777 -2
13777 13877 -2
13777 13778 -2
13778 13878 2
13778 13779 2
13779 13879 -2
13779 13780 2
13780 13880 2
13780 13781 2
13781 13881 -2
13781 13782 -2
13782 13882 2
13782 13783 2
13783 13883 2
13783 13784 -2
13784 13884 -2
13784 13785 2
13785 13885 -2
13785 13786 2
13786 13886 -2
13786 13787 2
13787 13887 2
13787 13788 -2
13788 13888 2
13788 13789 2
13789 13889 -2
13789 13790 -2
13790 13890 -2
13790 13791 -2
13791 13891 2
13791 13792 2
13792 13892 -2
13792 13793 2
13793 13893 2
13793 13794 2
13794 13894 -2
13794 13795 -2
13795 13895 -2
13795 13796 -2
13796 13896 -2
13796 13797 2
13797 13897 -2
13797 13798 2
13798 13898 2
13798 13799 -2
13799 13899 2
13800 13900 -2
13800 13899 -2
13800 13801 -2
13801 13901 2
13801 13802 2
13802 13902 -2
13802 13803 -2
13803 13903 -2
13803 13804 -2
13804 13904 2
13804 13805 2
13805 13905 2
13805 13806 2
13806 13906 2
13806 13807 2
13807 13907 -2
13807 13808 -2
13808 13908 2
13808 13809 -2
13809 13909 -2
13809 13810 -2
13810 13910 2
13810 13811 -2
13811 13911 -2
13811 13812 -2
13812 13912 2
13812 13813 -2
13813 13913 2
13813 13814 -2
13814 13914 -2
13814 13815 -2
13815 13915 -2
13815 13816 -2
13816 13916 2
13816 13817 -2
13817 13917 2
13817 13818 2
13818 13918 2
13818 13819 2
13819 13919 -2
13819 13820 -2
13820 13920 -2
13820 13821 -2
13821 13921 -2
13821 13822 2
13822 13922 -2
13822 13823 2
13823 13923 -2
13823 13824 -2
13824 13924 -2
13824 13825 -2
13825 13925 -2
13825 13826 -2
13826 13926 2
13826 13827 2
13827 13927 -2
13827 13828 2
13828 13928 -2
13828 13829 -2
13829 13929 2
13829 13830 2
13830 13930 2
13830 13831 -2
13831 13931 2
13831 13832 -2
13832 13932 2
13832 13833 2
13833 13933 2
13833 13834 2
13834 13934 -2
13834 13835 2
13835 13935 -2
13835 13836 -2
13836 13936 2
13836 13837 -2
13837 13937 2
13837 13838 -2
13838 13938 -2
13838 13839 -2
13839 13939 -2
13839 13840 -2
13840 13940 -2
13840 13841 2
13841 13941 2
13841 13842 2
13842 13942 2
13842 13843 -2
13843 13943 -2
13843 13844 2
13844 13944 2
13844 13845 -2
13845 13945 -2
13845 13846 -2
13846 13946 2
13846 13847 2
13847 13947 2
13847 13848 2
13848 13948 -2
13848 13849 -2
13849 13949 2
13849 13850 2
13850 13950 -2
13850 13851 -2
13851 13951 -2
13851 13852 2
13852 13952 -2
13852 13853 -2
13853 13953 2
13853 13854 2
13854 13954 2
13854 13855 -2
13855 13955 -2
13855 13856 -2
13856 13956 2
13856 13857 2
13857 13957 2
13857 13858 2
13858 13958 -2
13858 13859 2
13859 13959 2
13859 13860 2
13860 13960 -2
13860 13861 -2
13861 13961 -2
13861 13862 2
13862 13962 2
13862 13863 -2
13863 13963 -2
13863 13864 2
13864 13964 -2
13864 13865 -2
13865 13965 2
13865 13866 -2
13866 13966 2
13866 13867 2
13867 13967 -2
13867 13868 -2
13868 13968 -2
13868 13869 -2
13869 13969 -2
13869 13870 -2
13870 13970 -2
13870 13871 -2
13871 13971 2
13871 13872 2
13872 13972 -2
13872 13873 -2
13873 13973 -2
13873 13874 2
13874 13974 -2
13874 13875 2
13875 13975 2
13875 13876 -2
13876 13976 -2
13876 13877 2
13877 13977 2
13877 13878 -2
13878 13978 2
13878 13879 2
13879 13979 -2
13879 13880 -2
13880 13980 2
13880 13881 2
13881 13981 2
13881 13882 2
13882 13982 -2
13882 13883 -2
13883 13983 -2
13883 13884 -2
13884 13984 -2
13884 13885 -2
13885 13985 -2
13885 13886 -2
13886 13986 2
13886 13887 -2
13887 13987 -2
13887 13888 -2
13888 13988 -2
13888 13889 -2
13889 13989 -2
13889 13890 -2
13890 13990 2
13890 13891 2
13891 13991 2
13891 13892 -2
13892 13992 2
13892 13893 2
13893 13993 -2
13893 13894 -2
13894 13994 -2
13894 13895 2
13895 13995 -2
13895 13896 2
13896 13996 -2
13896 13897 2
13897 13997 -2
13897 13898 2
13898 13998 -2
13898 13899 2
13899 13999 2
13900 14000 -2
13900 13999 -2
13900 13901 -2
13901 14001 2
13901 13902 2
13902 14002 -2
13902 13903 -2
13903 14003 -2
13903 13904 -2
13904 14004 2
13904 13905 -2
13905 14005 -2
13905 13906 2
13906 14006 2
13906 13907 2
13907 14007 -2
13907 13908 2
13908 14008 -2
13908 13909 2
13909 14009 -2
13909 13910 2
13910 14010 -2
13910 13911 -2
13911 14011 -2
13911 13912 -2
13912 14012 -2
13912 13913 -2
13913 14013 -2
13913 13914 2
13914 14014 2
13914 13915 2
13915 14015 -2
13915 13916 -2
13916 14016 -2
13916 13917 2
13917 14017 -2
13917 13918 -2
13918 14018 -2
13918 13919 2
13919 14019 -2
13919 13920 -2
13920 14020 2
13920 13921 2
13921 14021 2
13921 13922 2
13922 14022 2
13922 13923 -2
13923 14023 2
13923 13924 2
13924 14024 -2
13924 13925 -2
13925 14025 -2
13925 13926 2
13926 14026 2
13926 13927 -2
13927 14027 -2
13927 13928 2
13928 14028 -2
13928 13929 -2
13929 14029 -2
13929 13930 -2
13930 14030 -2
13930 13931 -2
13931 14031 -2
13931 13932 2
13932 14032 -2
13932 13933 2
13933 14033 2
13933 13934 2
13934 14034 -2
13934 13935 -2
13935 14035 -2
13935 13936 2
13936 14036 2
13936 13937 -2
13937 14037 2
13937 13938 2
13938 14038 -2
13938 13939 2
13939 14039 -2
13939 13940 2
13940 14040 -2
13940 13941 2
13941 14041 2
13941 13942 -2
13942 14042 -2
13942 13943 -2
13943 14043 -2
13943 13944 -2
13944 14044 -2
13944 13945 2
13945 14045 -2
13945 13946 -2
13946 14046 2
13946 13947 2
13947 14047 2
13947 13948 2
13948 14048 2
13948 13949 -2
13949 14049 -2
13949 13950 -2
13950 14050 -2
13950 13951 2
13951 14051 2
13951 13952 -2
13952 14052 2
13952 13953 -2
13953 14053 2
13953 13954 2
13954 14054 -2
13954 13955 2
13955 14055 -2
13955 13956 -2
13956 14056 2
13956 13957 -2
13957 14057 2
13957 13958 -2
13958 14058 -2
13958 13959 2
13959 14059 2
13959 13960 -2
13960 14060 -2
13960 13961 2
13961 14061 2
13961 13962 2
13962 14062 -2
13962 13963 -2
13963 14063 -2
13963 13964 -2
13964 14064 2
13964 13965 -2
13965 14065 -2
13965 13966 -2
13966 14066 -2
13966 13967 2
13967 14067 2
13967 13968 -2
13968 14068 2
13968 13969 -2
13969 14069 2
13969 13970 -2
13970 14070 -2
13970 13971 2
13971 14071 -2
13971 13972 -2
13972 14072 2
13972 13973 -2
13973 14073 -2
13973 13974 2
13974 14074 2
13974 13975 -2
13975 14075 -2
13975 13976 -2
13976 14076 -2
13976 13977 2
13977 14077 -2
13977 13978 2
13978 14078 -2
13978 13979 -2
13979 14079 2
13979 13980 -2
13980 14080 -2
13980 13981 2
13981 14081 2
13981 13982 2
13982 14082 2
13982 13983 2
13983 14083 2
13983 13984 -2
13984 14084 2
13984 13985 2
13985 14085 -2
13985 13986 2
13986 14086 -2
13986 13987 2
13987 14087 2
13987 13988 2
13988 14088 -2
13988 13989 2
13989 14089 -2
13989 13990 2
13990 14090 2
13990 13991 2
13991 14091 2
13991 13992 2
13992 14092 -2
13992 13993 -2
13993 14093 -2
13993 13994 2
13994 14094 -2
13994 13995 2
13995 14095 2
13995 13996 2
13996 14096 2
13996 13997 -2
13997 14097 -2
13997 13998 2
13998 14098 2
13998 13999 -2
13999 14099 2
14000 14100 2
14000 14099 2
14000 14001 -2
14001 14101 2
14001 14002 2
14002 14102 -2
14002 14003 -2
14003 14103 2
14003 14004 -2
14004 14104 -2
14004 14005 -2
14005 14105 2
14005 14006 2
14006 14106 2
14006 14007 -2
14007 14107 2
14007 14008 2
14008 14108 2
14008 14009 -2
14009 14109 -2
14009 14010 2
14010 14110 2
14010 14011 -2
14011 14111 2
14011 14012 2
14012 14112 -2
14012 14013 2
14013 14113 2
14013 14014 -2
14014 14114 -2
14014 14015 -2
14015 14115 2
14015 14016 -2
14016 14116 2
14016 14017 -2
14017 14117 -2
14017 14018 2
14018 14118 2
14018 14019 2
14019 14119 2
14019 14020 2
14020 14120 -2
14020 14021 2
14021 14121 2
14021 14022 -2
14022 14122 -2
14022 14023 2
14023 14123 2
14023 14024 -2
14024 14124 2
14024 14025 2
14025 14125 -2
14025 14026 -2
14026 14126 2
14026 14027 2
14027 14127 -2
14027 14028 -2
14028 14128 -2
14028 14029 -2
14029 14129 -2
14029 14030 2
14030 14130 -2
14030 14031 2
14031 14131 -2
14031 14032 -2
14032 14132 2
14032 14033 -2
14033 14133 -2
14033 14034 -2
14034 14134 -2
14034 14035 -2
14035 14135 -2
14035 14036 2
14036 14136 -2
14036 14037 -2
14037 14137 -2
14037 14038 2
14038 14138 -2
14038 14039 2
14039 14139 -2
14039 14040 2
14040 14140 -2
14040 14041 -2
14041 14141 2
14041 14042 2
14042 14142 -2
14042 14043 -2
14043 14143 -2
14043 14044 -2
14044 14144 2
14044 14045 2
14045 14145 2
14045 14046 2
14046 14146 -2
14046 14047 2
14047 14147 2
14047 14048 -2
14048 14148 -2
14048 14049 -2
14049 14149 2
14049 14050 -2
14050 14150 -2
14050 14051 -2
14051 14151 2
14051 14052 2
14052 14152 2
14052 14053 2
14053 14153 2
14053 14054 2
14054 14154 -2
14054 14055 2
14055 14155 -2
14055 14056 2
14056 14156 2
14056 14057 2
14057 14157 2
14057 14058 2
14058 14158 -2
14058 14059 2
14059 14159 2
14059 14060 2
14060 14160 2
14060 14061 -2
14061 14161 2
14061 14062 2
14062 14162 2
14062 14063 2
14063 14163 -2
14063 14064 -2
14064 14164 -2
14064 14065 2
14065 14165 2
14065 14066 -2
14066 14166 2
14066 14067 -2
14067 14167 -2
14067 14068 2
14068 14168 2
14068 14069 2
14069 14169 -2
14069 14070 2
14070 14170 2
14070 14071 2
14071 14171 2
14071 14072 -2
14072 14172 2
14072 14073 -2
14073 14173 2
14073 14074 2
14074 14174 2
14074 14075 2
14075 14175 2
14075 14076 -2
14076 14176 -2
14076 14077 2
14077 14177 -2
14077 14078 -2
14078 14178 -2
14078 14079 -2
14079 14179 2
14079 14080 2
14080 14180 2
14080 14081 -2
14081 14181 2
14081 14082 2
14082 14182 2
14082 14083 2
14083 14183 2
14083 14084 2
14084 14184 2
14084 14085 -2
14085 14185 -2
14085 14086 -2
14086 14186 2
14086 14087 -2
14087 14187 2
14087 14088 2
14088 14188 2
14088 14089 2
14089 14189 -2
14089 14090 2
14090 14190 2
14090 14091 -2
14091 14191 2
14091 14092 -2
14092 14192 2
14092 14093 -2
14093 14193 2
14093 14094 -2
14094 14194 -2
14094 14095 2
14095 14195 -2
14095 14096 2
14096 14196 -2
14096 14097 2
14097 14197 2
14097 14098 -2
14098 14198 -2
14098 14099 2
14099 14199 -2
14100 14200 -2
14100 14199 2
14100 14101 -2
14101 14201 2
14101 14102 -2
14102 14202 -2
14102 14103 -2
14103 14203 2
14103 14104 -2
14104 14204 -2
14104 14105 2
14105 14205 2
14105 14106 2
14106 14206 -2
14106 14107 2
14107 14207 2
14107 14108 -2
14108 14208 2
14108 14109 2
14109 14209 -2
14109 14110 2
14110 14210 2
14110 14111 -2
14111 14211 -2
14111 14112 -2
14112 14212 2
14112 14113 2
14113 14213 2
14113 14114 2
14114 14214 2
14114 14115 -2
14115 14215 -2
14115 14116 -2
14116 14216 2
14116 14117 2
14117 14217 -2
14117 14118 2
14118 14218 2
14118 14119 2
14119 14219 2
14119 14120 -2
14120 14220 2
14120 14121 2
14121 14221 -2
14121 14122 -2
14122 14222 2
14122 14123 2
14123 14223 -2
14123 14124 2
14124 14224 2
14124 14125 2
14125 14225 2
14125 14126 -2
14126 14226 2
14126 14127 2
14127 14227 2
14127 14128 2
14128 14228 -2
14128 14129 2
14129 14229 2
14129 14130 -2
14130 14230 2
14130 14131 -2
14131 14231 2
14131 14132 2
14132 14232 2
14132 14133 -2
14133 14233 -2
14133 14134 -2
14134 14234 -2
14134 14135 2
14135 14235 2
14135 14136 2
14136 14236 -2
14136 14137 -2
14137 14237 2
14137 14138 -2
14138 14238 -2
14138 14139 2
14139 14239 2
14139 14140 2
14140 14240 -2
14140 14141 2
14141 14241 -2
14141 14142 2
14142 14242 -2
14142 14143 2
14143 14243 -2
14143 14144 -2
14144 14244 2
14144 14145 -2
14145 14245 -2
14145 14146 -2
14146 14246 2
14146 14147 -2
14147 14247 -2
14147 14148 2
14148 14248 2
14148 14149 2
14149 14249 2
14149 14150 -2
14150 14250 2
14150 14151 2
14151 14251 2
14151 14152 -2
14152 14252 2
14152 14153 -2
14153 14253 2
14153 14154 -2
14154 14254 -2
14154 14155 2
14155 14255 -2
14155 14156 2
14156 14256 -2
14156 14157 -2
14157 14257 2
14157 14158 2
14158 14258 -2
14158 14159 2
14159 14259 -2
14159 14160 -2
14160 14260 -2
14160 14161 2
14161 14261 2
14161 14162 2
14162 14262 -2
14162 14163 2
14163 14263 -2
14163 14164 2
14164 14264 -2
14164 14165 2
14165 14265 2
14165 14166 2
14166 14266 2
14166 14167 2
14167 14267 2
14167 14168 -2
14168 14268 2
14168 14169 -2
14169 14269 2
14169 14170 -2
14170 14270 2
14170 14171 2
14171 14271 2
14171 14172 -2
14172 14272 -2
14172 14173 -2
14173 14273 2
14173 14174 -2
14174 14274 2
14174 14175 -2
14175 14275 -2
14175 14176 2
14176 14276 -2
14176 14177 -2
14177 14277 -2
14177 14178 2
14178 14278 -2
14178 14179 -2
14179 14279 -2
14179 14180 -2
14180 14280 -2
14180 14181 -2
14181 14281 -2
14181 14182 -2
14182 14282 -2
14182 14183 2
14183 14283 2
14183 14184 2
14184 14284 -2
14184 14185 -2
14185 14285 2
14185 14186 2
14186 14286 2
14186 14187 -2
14187 14287 2
14187 14188 -2
14188 14288 2
14188 14189 2
14189 14289 -2
14189 14190 -2
14190 14290 2
14190 14191 2
14191 14291 -2
14191 14192 2
14192 14292 -2
14192 14193 2
14193 14293 -2
14193 14194 -2
14194 14294 -2
14194 14195 -2
14195 14295 2
14195 14196 2
14196 14296 2
14196 14197 -2
14197 14297 -2
14197 14198 -2
14198 14298 2
14198 14199 -2
14199 14299 -2
14200 14300 -2
14200 14299 2
14200 14201 -2
14201 14301 -2
14201 14202 2
14202 14302 2
14202 14203 2
14203 14303 2
14203 14204 2
14204 14304 -2
14204 14205 -2
14205 14305 -2
14205 14206 2
14206 14306 2
14206 14207 2
14207 14307 2
14207 14208 -2
14208 14308 2
14208 14209 2
14209 14309 -2
14209 14210 2
14210 14310 -2
14210 14211 2
14211 14311 -2
14211 14212 -2
14212 14312 2
14212 14213 2
14213 14313 -2
14213 14214 -2
14214 14314 2
14214 14215 2
14215 14315 -2
14215 14216 2
14216 14316 -2
14216 14217 -2
14217 14317 2
14217 14218 2
14218 14318 2
14218 14219 2
14219 14319 2
14219 14220 -2
14220 14320 2
14220 14221 2
14221 14321 -2
14221 14222 2
14222 14322 2
14222 14223 -2
14223 14323 2
14223 14224 2
14224 14324 -2
14224 14225 2
14225 14325 2
14225 14226 2
14226 14326 -2
14226 14227 2
14227 14327 2
14227 14228 -2
14228 14328 2
14228 14229 -2
14229 14329 -2
14229 14230 -2
14230 14330 -2
14230 14231 2
14231 14331 2
14231 14232 -2
14232 14332 -2
14232 14233 -2
14233 14333 2
14233 14234 2
14234 14334 2
14234 14235 2
14235 14335 -2
14235 14236 -2
14236 14336 -2
14236 14237 2
14237 14337 2
14237 14238 -2
14238 14338 -2
14238 14239 2
14239 14339 2
14239 14240 2
14240 14340 2
14240 14241 -2
14241 14341 2
14241 14242 2
14242 14342 2
14242 14243 -2
14243 14343 -2
14243 14244 -2
14244 14344 -2
14244 14245 -2
14245 14345 -2
14245 14246 -2
14246 14346 -2
14246 14247 -2
14247 14347 -2
14247 14248 2
14248 14348 2
14248 14249 2
14249 14349 -2
14249 14250 2
14250 14350 -2
14250 14251 2
14251 14351 -2
14251 14252 2
14252 14352 -2
14252 14253 2
14253 14353 -2
14253 14254 -2
14254 14354 2
14254 14255 2
14255 14355 2
14255 14256 2
14256 14356 2
14256 14257 -2
14257 14357 2
14257 14258 -2
14258 14358 -2
14258 14259 2
14259 14359 2
14259 14260 -2
14260 14360 -2
14260 14261 2
14261 14361 2
14261 14262 -2
14262 14362 -2
14262 14263 -2
14263 14363 2
14263 14264 2
14264 14364 2
14264 14265 -2
14265 14365 2
14265 14266 -2
14266 14366 -2
14266 14267 -2
14267 14367 2
14267 14268 -2
14268 14368 2
14268 14269 -2
14269 14369 2
14269 14270 -2
14270 14370 2
14270 14271 -2
14271 14371 2
14271 14272 -2
14272 14372 -2
14272 14273 -2
14273 14373 -2
14273 14274 2
14274 14374 2
14274 14275 -2
14275 14375 2
14275 14276 2
14276 14376 -2
14276 14277 2
14277 14377 -2
14277 14278 -2
14278 14378 -2
14278 14279 -2
14279 14379 2
14279 14280 -2
14280 14380 2
14280 14281 -2
14281 14381 -2
14281 14282 -2
14282 14382 2
14282 14283 2
14283 14383 2
14283 14284 2
14284 14384 -2
14284 14285 -2
14285 14385 2
14285 14286 -2
14286 14386 -2
14286 14287 2
14287 14387 2
14287 14288 -2
14288 14388 -2
14288 14289 2
14289 14389 2
14289 14290 -2
14290 14390 2
14290 14291 -2
14291 14391 -2
14291 14292 -2
14292 14392 -2
14292 14293 -2
14293 14393 -2
14293 14294 2
14294 14394 -2
14294 14295 -2
14295 14395 -2
14295 14296 -2
14296 14396 -2
14296 14297 2
14297 14397 2
14297 14298 -2
14298 14398 2
14298 14299 -2
14299 14399 2
14300 14400 -2
14300 14399 2
14300 14301 -2
14301 14401 2
14301 14302 -2
14302 14402 2
14302 14303 2
14303 14403 2
14303 14304 2
14304 14404 2
14304 14305 -2
14305 14405 -2
14305 14306 2
14306 14406 -2
14306 14307 -2
14307 14407 2
14307 14308 -2
14308 14408 -2
14308 14309 -2
14309 14409 2
14309 14310 2
14310 14410 -2
14310 14311 2
14311 14411 -2
14311 14312 -2
14312 14412 2
14312 14313 -2
14313 14413 2
14313 14314 -2
14314 14414 -2
14314 14315 2
14315 14415 -2
14315 14316 2
14316 14416 -2
14316 14317 -2
14317 14417 -2
14317 14318 2
14318 14418 -2
14318 14319 2
14319 14419 2
14319 14320 2
14320 14420 -2
14320 14321 -2
14321 14421 2
14321 14322 -2
14322 14422 2
14322 14323 -2
14323 14423 2
14323 14324 -2
14324 14424 2
14324 14325 2
14325 14425 2
14325 14326 -2
14326 14426 2
14326 14327 -2
14327 14427 -2
14327 14328 2
14328 14428 2
14328 14329 2
14329 14429 -2
14329 14330 -2
14330 14430 -2
14330 14331 2
14331 14431 2
14331 14332 -2
14332 14432 -2
14332 14333 -2
14333 14433 -2
14333 14334 2
14334 14434 -2
14334 14335 -2
14335 14435 -2
14335 14336 -2
14336 14436 -2
14336 14337 2
14337 14437 2
14337 14338 2
14338 14438 -2
14338 14339 2
14339 14439 -2
14339 14340 -2
14340 14440 -2
14340 14341 2
14341 14441 -2
14341 14342 -2
14342 14442 2
14342 14343 -2
14343 14443 2
14343 14344 2
14344 14444 -2
14344 14345 -2
14345 14445 2
14345 14346 2
14346 14446 -2
14346 14347 2
14347 14447 -2
14347 14348 -2
14348 14448 -2
14348 14349 -2
14349 14449 -2
14349 14350 2
14350 14450 2
14350 14351 2
14351 14451 -2
14351 14352 2
14352 14452 -2
14352 14353 -2
14353 14453 -2
14353 14354 -2
14354 14454 -2
14354 14355 -2
14355 14455 -2
14355 14356 2
14356 14456 -2
14356 14357 -2
14357 14457 -2
14357 14358 2
14358 14458 2
14358 14359 -2
14359 14459 -2
14359 14360 2
14360 14460 -2
14360 14361 2
14361 14461 -2
14361 14362 2
14362 14462 -2
14362 14363 -2
14363 14463 -2
14363 14364 -2
14364 14464 2
14364 14365 -2
14365 14465 -2
14365 14366 2
14366 14466 -2
14366 14367 -2
14367 14467 2
14367 14368 2
14368 14468 -2
14368 14369 2
14369 14469 -2
14369 14370 -2
14370 14470 -2
14370 14371 2
14371 14471 -2
14371 14372 2
14372 14472 -2
14372 14373 2
14373 14473 2
14373 14374 2
14374 14474 -2
14374 14375 -2
14375 14475 -2
14375 14376 -2
14376 14476 -2
14376 14377 2
14377 14477 2
14377 14378 2
14378 14478 2
14378 14379 -2
14379 14479 2
14379 14380 2
14380 14480 2
14380 14381 2
14381 14481 -2
14381 14382 2
14382 14482 -2
14382 14383 -2
14383 14483 2
14383 14384 2
14384 14484 -2
14384 14385 -2
14385 14485 -2
14385 14386 2
14386 14486 2
14386 14387 -2
14387 14487 2
14387 14388 2
14388 14488 -2
14388 14389 2
14389 14489 2
14389 14390 -2
14390 14490 -2
14390 14391 2
14391 14491 -2
14391 14392 -2
14392 14492 2
14392 14393 -2
14393 14493 -2
14393 14394 2
14394 14494 -2
14394 14395 -2
14395 14495 2
14395 14396 2
14396 14496 -2
14396 14397 2
14397 14497 2
14397 14398 -2
14398 14498 -2
14398 14399 -2
14399 14499 -2
14400 14500 2
14400 14499 2
14400 14401 2
14401 14501 -2
14401 14402 -2
14402 14502 -2
14402 14403 2
14403 14503 -2
14403 14404 2
14404 14504 2
14404 14405 -2
14405 14505 2
14405 14406 2
14406 14506 -2
14406 14407 2
14407 14507 -2
14407 14408 2
14408 14508 2
14408 14409 2
14409 14509 2
14409 14410 -2
14410 14510 2
14410 14411 -2
14411 14511 2
14411 14412 2
14412 14512 -2
14412 14413 -2
14413 14513 2
14413 14414 -2
14414 14514 2
14414 14415 2
14415 14515 2
14415 14416 -2
14416 14516 2
14416 14417 -2
14417 14517 -2
14417 14418 -2
14418 14518 2
14418 14419 2
14419 14519 2
14419 14420 2
14420 14520 2
14420 14421 2
14421 14521 -2
14421 14422 2
14422 14522 2
14422 14423 2
14423 14523 2
14423 14424 2
14424 14524 -2
14424 14425 2
14425 14525 -2
14425 14426 2
14426 14526 2
14426 14427 -2
14427 14527 -2
14427 14428 -2
14428 14528 -2
14428 14429 2
14429 14529 -2
14429 14430 -2
14430 14530 -2
14430 14431 2
14431 14531 2
14431 14432 -2
14432 14532 2
14432 14433 2
14433 14533 2
14433 14434 2
14434 14534 2
14434 14435 -2
14435 14535 -2
14435 14436 2
14436 14536 2
14436 14437 -2
14437 14537 -2
14437 14438 2
14438 14538 2
14438 14439 -2
14439 14539 2
14439 14440 2
14440 14540 2
14440 14441 2
14441 14541 -2
14441 14442 -2
14442 14542 -2
14442 14443 2
14443 14543 2
14443 14444 2
14444 14544 -2
14444 14445 2
14445 14545 2
14445 14446 -2
14446 14546 2
14446 14447 -2
14447 14547 -2
14447 14448 -2
14448 14548 -2
14448 14449 2
14449 14549 2
14449 14450 2
14450 14550 -2
14450 14451 -2
14451 14551 2
14451 14452 -2
14452 14552 2
14452 14453 2
14453 14553 2
14453 14454 2
14454 14554 2
14454 14455 -2
14455 14555 2
14455 14456 -2
14456 14556 -2
14456 14457 2
14457 14557 2
14457 14458 2
14458 14558 -2
14458 14459 2
14459 14559 2
14459 14460 2
14460 14560 2
14460 14461 2
14461 14561 -2
14461 14462 -2
14462 14562 2
14462 14463 2
14463 14563 -2
14463 14464 -2
14464 14564 -2
14464 14465 2
14465 14565 -2
14465 14466 -2
14466 14566 2
14466 14467 -2
14467 14567 2
14467 14468 -2
14468 14568 2
14468 14469 2
14469 14569 2
14469 14470 -2
14470 14570 -2
14470 14471 2
14471 14571 -2
14471 14472 -2
14472 14572 -2
14472 14473 -2
14473 14573 2
14473 14474 -2
14474 14574 -2
14474 14475 -2
14475 14575 2
14475 14476 -2
14476 14576 2
14476 14477 2
14477 14577 -2
14477 14478 2
14478 14578 2
14478 14479 2
14479 14579 -2
14479 14480 -2
14480 14580 2
14480 14481 -2
14481 14581 2
14481 14482 -2
14482 14582 2
14482 14483 -2
14483 14583 2
14483 14484 -2
14484 14584 2
14484 14485 2
14485 14585 2
14485 14486 2
14486 14586 -2
14486 14487 -2
14487 14587 2
14487 14488 -2
14488 14588 -2
14488 14489 -2
14489 14589 2
14489 14490 2
14490 14590 2
14490 14491 -2
14491 14591 -2
14491 14492 2
14492 14592 -2
14492 14493 2
14493 14593 -2
14493 14494 2
14494 14594 2
14494 14495 2
14495 14595 2
14495 14496 -2
14496 14596 -2
14496 14497 2
14497 14597 -2
14497 14498 2
14498 14598 -2
14498 14499 -2
14499 14599 2
14500 14600 2
14500 14599 -2
14500 14501 -2
14501 14601 2
14501 14502 2
14502 14602 -2
14502 14503 -2
14503 14603 -2
14503 14504 2
14504 14604 -2
14504 14505 2
14505 14605 -2
14505 14506 -2
14506 14606 -2
14506 14507 -2
14507 14607 -2
14507 14508 -2
14508 14608 2
14508 14509 -2
14509 14609 -2
14509 14510 2
14510 14610 2
14510 14511 -2
14511 14611 2
14511 14512 2
14512 14612 -2
14512 14513 2
14513 14613 2
14513 14514 2
14514 14614 -2
14514 14515 2
14515 14615 -2
14515 14516 -2
14516 14616 2
14516 14517 2
14517 14617 2
14517 14518 2
14518 14618 2
14518 14519 -2
14519 14619 -2
14519 14520 2
14520 14620 2
14520 14521 2
14521 14621 -2
14521 14522 -2
14522 14622 2
14522 14523 2
14523 14623 2
14523 14524 -2
14524 14624 -2
14524 14525 -2
14525 14625 -2
14525 14526 -2
14526 14626 2
14526 14527 2
14527 14627 2
14527 14528 2
14528 14628 2
14528 14529 2
14529 14629 -2
14529 14530 -2
14530 14630 -2
14530 14531 2
14531 14631 2
14531 14532 2
14532 14632 2
14532 14533 -2
14533 14633 2
14533 14534 2
14534 14634 -2
14534 14535 2
14535 14635 2
14535 14536 2
14536 14636 2
14536 14537 -2
14537 14637 2
14537 14538 -2
14538 14638 2
14538 14539 -2
14539 14639 -2
14539 14540 2
14540 14640 2
14540 14541 -2
14541 14641 2
14541 14542 -2
14542 14642 -2
14542 14543 2
14543 14643 -2
14543 14544 2
14544 14644 -2
14544 14545 -2
14545 14645 2
14545 14546 2
14546 14646 -2
14546 14547 2
14547 14647 2
14547 14548 -2
14548 14648 2
14548 14549 -2
14549 14649 -2
14549 14550 2
14550 14650 2
14550 14551 2
14551 14651 2
14551 14552 -2
14552 14652 2
14552 14553 -2
14553 14653 2
14553 14554 -2
14554 14654 2
14554 14555 2
14555 14655 -2
14555 14556 -2
14556 14656 2
14556 14557 2
14557 14657 2
14557 14558 2
14558 14658 2
14558 14559 -2
14559 14659 2
14559 14560 -2
14560 14660 -2
14560 14561 -2
14561 14661 -2
14561 14562 2
14562 14662 2
14562 14563 2
14563 14663 -2
14563 14564 -2
14564 14664 2
14564 14565 -2
14565 14665 2
14565 14566 2
14566 14666 -2
14566 14567 -2
14567 14667 2
14567 14568 2
14568 14668 -2
14568 14569 2
14569 14669 2
14569 14570 2
14570 14670 -2
14570 14571 2
14571 14671 -2
14571 14572 2
14572 14672 -2
14572 14573 2
14573 14673 2
14573 14574 2
14574 14674 -2
14574 14575 -2
14575 14675 2
14575 14576 2
14576 14676 2
14576 14577 2
14577 14677 2
14577 14578 -2
14578 14678 -2
14578 14579 -2
14579 14679 2
14579 14580 2
14580 14680 2
14580 14581 -2
14581 14681 -2
14581 14582 -2
14582 14682 2
14582 14583 2
14583 14683 -2
14583 14584 2
14584 14684 2
14584 14585 -2
14585 14685 2
14585 14586 -2
14586 14686 2
14586 14587 2
14587 14687 -2
14587 14588 2
14588 14688 -2
14588 14589 -2
14589 14689 2
14589 14590 2
14590 14690 -2
14590 14591 2
14591 14691 2
14591 14592 -2
14592 14692 2
14592 14593 2
14593 14693 -2
14593 14594 2
14594 14694 -2
14594 14595 2
14595 14695 -2
14595 14596 -2
14596 14696 -2
14596 14597 2
14597 14697 -2
14597 14598 2
14598 14698 2
14598 14599 -2
14599 14699 -2
14600 14700 2
14600 14699 -2
14600 14601 -2
14601 14701 -2
14601 14602 -2
14602 14702 2
14602 14603 2
14603 14703 2
14603 14604 2
14604 14704 2
14604 14605 -2
14605 14705 2
14605 14606 2
14606 14706 -2
14606 14607 -2
14607 14707 -2
14607 14608 2
14608 14708 -2
14608 14609 -2
14609 14709 -2
14609 14610 -2
14610 14710 2
14610 14611 2
14611 14711 -2
14611 14612 2
14612 14712 2
14612 14613 2
14613 14713 -2
14613 14614 2
14614 14714 2
14614 14615 2
14615 14715 2
14615 14616 -2
14616 14716 2
14616 14617 2
14617 14717 -2
14617 14618 -2
14618 14718 -2
14618 14619 2
14619 14719 2
14619 14620 -2
14620 14720 -2
14620 14621 -2
14621 14721 -2
14621 14622 2
14622 14722 -2
14622 14623 2
14623 14723 2
14623 14624 -2
14624 14724 2
14624 14625 -2
14625 14725 -2
14625 14626 -2
14626 14726 -2
14626 14627 2
14627 14727 -2
14627 14628 -2
14628 14728 2
14628 14629 -2
14629 14729 2
14629 14630 -2
14630 14730 2
14630 14631 -2
14631 14731 2
14631 14632 2
14632 14732 2
14632 14633 -2
14633 14733 2
14633 14634 2
14634 14734 -2
14634 14635 -2
14635 14735 2
14635 14636 -2
14636 14736 -2
14636 14637 2
14637 14737 -2
14637 14638 2
14638 14738 -2
14638 14639 -2
14639 14739 2
14639 14640 -2
14640 14740 2
14640 14641 -2
14641 14741 -2
14641 14642 -2
14642 14742 -2
14642 14643 -2
14643 14743 2
14643 14644 2
14644 14744 2
14644 14645 -2
14645 14745 2
14645 14646 -2
14646 14746 -2
14646 14647 -2
14647 14747 -2
14647 14648 -2
14648 14748 -2
14648 14649 2
14649 14749 -2
14649 14650 -2
14650 14750 2
14650 14651 -2
14651 14751 -2
14651 14652 2
14652 14752 -2
14652 14653 -2
14653 14753 2
14653 14654 2
14654 14754 2
14654 14655 2
14655 14755 2
14655 14656 -2
14656 14756 -2
14656 14657 -2
14657 14757 2
14657 14658 -2
14658 14758 2
14658 14659 2
14659 14759 -2
14659 14660 -2
14660 14760 -2
14660 14661 2
14661 14761 2
14661 14662 2
14662 14762 -2
14662 14663 -2
14663 14763 2
14663 14664 -2
14664 14764 -2
14664 14665 2
14665 14765 2
14665 14666 2
14666 14766 2
14666 14667 2
14667 14767 2
14667 14668 -2
14668 14768 -2
14668 14669 -2
14669 14769 2
14669 14670 2
14670 14770 -2
14670 14671 -2
14671 14771 -2
14671 14672 2
14672 14772 -2
14672 14673 -2
14673 14773 -2
14673 14674 2
14674 14774 -2
14674 14675 2
14675 14775 2
14675 14676 -2
14676 14776 2
14676 14677 2
14677 14777 -2
14677 14678 2
14678 14778 2
14678 14679 -2
14679 14779 2
14679 14680 2
14680 14780 -2
14680 14681 -2
14681 14781 2
14681 14682 2
14682 14782 -2
14682 14683 2
14683 14783 2
14683 14684 -2
14684 14784 -2
14684 14685 2
14685 14785 -2
14685 14686 2
14686 14786 -2
14686 14687 2
14687 14787 2
14687 14688 -2
14688 14788 -2
14688 14689 2
14689 14789 2
14689 14690 -2
14690 14790 -2
14690 14691 -2
14691 14791 -2
14691 14692 2
14692 14792 2
14692 14693 -2
14693 14793 -2
14693 14694 -2
14694 14794 -2
14694 14695 -2
14695 14795 2
14695 14696 2
14696 14796 2
14696 14697 2
14697 14797 2
14697 14698 2
14698 14798 -2
14698 14699 2
14699 14799 2
14700 14800 -2
14700 14799 -2
14700 14701 2
14701 14801 -2
14701 14702 -2
14702 14802 -2
14702 14703 2
14703 14803 -2
14703 14704 2
14704 14804 -2
14704 14705 2
14705 14805 2
14705 14706 2
14706 14806 2
14706 14707 2
14707 14807 2
14707 14708 2
14708 14808 2
14708 14709 -2
14709 14809 -2
14709 14710 2
14710 14810 -2
14710 14711 2
14711 14811 -2
14711 14712 -2
14712 14812 -2
14712 14713 2
14713 14813 2
14713 14714 -2
14714 14814 2
14714 14715 -2
14715 14815 -2
14715 14716 -2
14716 14816 2
14716 14717 2
14717 14817 -2
14717 14718 -2
14718 14818 -2
14718 14719 -2
14719 14819 -2
14719 14720 2
14720 14820 -2
14720 14721 2
14721 14821 2
14721 14722 2
14722 14822 2
14722 14723 2
14723 14823 2
14723 14724 -2
14724 14824 2
14724 14725 2
14725 14825 -2
14725 14726 -2
14726 14826 2
14726 14727 -2
14727 14827 2
14727 14728 2
14728 14828 2
14728 14729 -2
14729 14829 -2
14729 14730 -2
14730 14830 -2
14730 14731 -2
14731 14831 2
14731 14732 -2
14732 14832 -2
14732 14733 2
14733 14833 2
14733 14734 2
14734 14834 2
14734 14735 -2
14735 14835 -2
14735 14736 2
14736 14836 -2
14736 14737 -2
14737 14837 2
14737 14738 -2
14738 14838 -2
14738 14739 2
14739 14839 2
14739 14740 2
14740 14840 -2
14740 14741 -2
14741 14841 -2
14741 14742 -2
14742 14842 2
14742 14743 -2
14743 14843 -2
14743 14744 -2
14744 14844 2
14744 14745 -2
14745 14845 2
14745 14746 2
14746 14846 2
14746 14747 -2
14747 14847 -2
14747 14748 2
14748 14848 -2
14748 14749 -2
14749 14849 -2
14749 14750 -2
14750 14850 2
14750 14751 -2
14751 14851 2
14751 14752 -2
14752 14852 -2
14752 14753 -2
14753 14853 2
14753 14754 -2
14754 14854 -2
14754 14755 -2
14755 14855 2
14755 14756 -2
14756 14856 -2
14756 14757 -2
14757 14857 2
14757 14758 2
14758 14858 2
14758 14759 -2
14759 14859 2
14759 14760 2
14760 14860 2
14760 14761 2
14761 14861 2
14761 14762 2
14762 14862 -2
14762 14763 2
14763 14863 2
14763 14764 2
14764 14864 2
14764 14765 -2
14765 14865 2
14765 14766 2
14766 14866 -2
14766 14767 2
14767 14867 -2
14767 14768 2
14768 14868 -2
14768 14769 -2
14769 14869 2
14769 14770 2
14770 14870 2
14770 14771 2
14771 14871 2
14771 14772 2
14772 14872 2
14772 14773 2
14773 14873 2
14773 14774 2
14774 14874 -2
14774 14775 -2
14775 14875 2
14775 14776 2
14776 14876 -2
14776 14777 -2
14777 14877 -2
14777 14778 2
14778 14878 2
14778 14779 2
14779 14879 2
14779 14780 2
14780 14880 -2
14780 14781 -2
14781 14881 -2
14781 14782 -2
14782 14882 -2
14782 14783 2
14783 14883 2
14783 14784 -2
14784 14884 2
14784 14785 -2
14785 14885 -2
14785 14786 -2
14786 14886 -2
14786 14787 -2
14787 14887 -2
14787 14788 2
14788 14888 -2
14788 14789 -2
14789 14889 -2
14789 14790 -2
14790 14890 2
14790 14791 -2
14791 14891 2
14791 14792 2
14792 14892 -2
14792 14793 2
14793 14893 -2
14793 14794 -2
14794 14894 -2
14794 14795 -2
14795 14895 2
14795 14796 -2
14796 14896 2
14796 14797 2
14797 14897 2
14797 14798 2
14798 14898 -2
14798 14799 2
14799 14899 2
14800 14900 2
14800 14899 -2
14800 14801 -2
14801 14901 -2
14801 14802 2
14802 14902 -2
14802 14803 -2
14803 14903 2
14803 14804 2
14804 14904 2
14804 14805 2
14805 14905 2
14805 14806 -2
14806 14906 -2
14806 14807 2
14807 14907 -2
14807 14808 -2
14808 14908 2
14808 14809 2
14809 14909 2
14809 14810 2
14810 14910 -2
14810 14811 2
14811 14911 -2
14811 14812 -2
14812 14912 2
14812 14813 2
14813 14913 2
14813 14814 2
14814 14914 -2
14814 14815 2
14815 14915 -2
14815 14816 2
14816 14916 2
14816 14817 2
14817 14917 -2
14817 14818 2
14818 14918 2
14818 14819 -2
14819 14919 2
14819 14820 -2
14820 14920 2
14820 14821 2
14821 14921 2
14821 14822 2
14822 14922 2
14822 14823 -2
14823 14923 -2
14823 14824 2
14824 14924 2
14824 14825 2
14825 14925 2
14825 14826 2
14826 14926 -2
14826 14827 2
14827 14927 2
14827 14828 2
14828 14928 2
14828 14829 2
14829 14929 2
14829 14830 2
14830 14930 -2
14830 14831 -2
14831 14931 -2
14831 14832 -2
14832 14932 -2
14832 14833 -2
14833 14933 2
14833 14834 2
14834 14934 -2
14834 14835 -2
14835 14935 2
14835 14836 2
14836 14936 2
14836 14837 -2
14837 14937 -2
14837 14838 -2
14838 14938 2
14838 14839 -2
14839 14939 -2
14839 14840 2
14840 14940 2
14840 14841 2
14841 14941 -2
14841 14842 2
14842 14942 -2
14842 14843 2
14843 14943 2
14843 14844 2
14844 14944 2
14844 14845 2
14845 14945 2
14845 14846 2
14846 14946 2
14846 14847 -2
14847 14947 2
14847 14848 -2
14848 14948 -2
14848 14849 2
14849 14949 2
14849 14850 -2
14850 14950 -2
14850 14851 -2
14851 14951 -2
14851 14852 -2
14852 14952 -2
14852 14853 -2
14853 14953 2
14853 14854 2
14854 14954 -2
14854 14855 -2
14855 14955 2
14855 14856 -2
14856 14956 -2
14856 14857 -2
14857 14957 -2
14857 14858 2
14858 14958 -2
14858 14859 -2
14859 14959 -2
14859 14860 -2
14860 14960 -2
14860 14861 2
14861 14961 -2
14861 14862 2
14862 14962 -2
14862 14863 -2
14863 14963 2
14863 14864 2
14864 14964 -2
14864 14865 -2
14865 14965 -2
14865 14866 2
14866 14966 2
14866 14867 2
14867 14967 -2
14867 14868 2
14868 14968 2
14868 14869 2
14869 14969 2
14869 14870 2
14870 14970 -2
14870 14871 -2
14871 14971 -2
14871 14872 -2
14872 14972 -2
14872 14873 -2
14873 14973 2
14873 14874 2
14874 14974 -2
14874 14875 2
14875 14975 -2
14875 14876 -2
14876 14976 -2
14876 14877 -2
14877 14977 -2
14877 14878 -2
14878 14978 2
14878 14879 2
14879 14979 2
14879 14880 -2
14880 14980 -2
14880 14881 2
14881 14981 -2
14881 14882 -2
14882 14982 2
14882 14883 2
14883 14983 2
14883 14884 2
14884 14984 -2
14884 14885 -2
14885 14985 -2
14885 14886 -2
14886 14986 2
14886 14887 -2
14887 14987 -2
14887 14888 -2
14888 14988 2
14888 14889 -2
14889 14989 -2
14889 14890 -2
14890 14990 2
14890 14891 2
14891 14991 2
14891 14892 2
14892 14992 -2
14892 14893 2
14893 14993 2
14893 14894 -2
14894 14994 2
14894 14895 -2
14895 14995 2
14895 14896 2
14896 14996 -2
14896 14897 -2
14897 14997 2
14897 14898 -2
14898 14998 2
14898 14899 -2
14899 14999 -2
14900 15000 -2
14900 14999 -2
14900 14901 -2
14901 15001 2
14901 14902 -2
14902 15002 2
14902 14903 -2
14903 15003 -2
14903 14904 2
14904 15004 -2
14904 14905 2
14905 15005 -2
14905 14906 2
14906 15006 -2
14906 14907 -2
14907 15007 -2
14907 14908 -2
14908 15008 2
14908 14909 2
14909 15009 -2
14909 14910 2
14910 15010 -2
14910 14911 2
14911 15011 -2
14911 14912 -2
14912 15012 -2
14912 14913 2
14913 15013 2
14913 14914 2
14914 15014 2
14914 14915 2
14915 15015 -2
14915 14916 2
14916 15016 -2
14916 14917 2
14917 15017 2
14917 14918 -2
14918 15018 2
14918 14919 2
14919 15019 2
14919 14920 -2
14920 15020 -2
14920 14921 2
14921 15021 -2
14921 14922 -2
14922 15022 2
14922 14923 -2
14923 15023 2
14923 14924 -2
14924 15024 -2
14924 14925 2
14925 15025 2
14925 14926 -2
14926 15026 2
14926 14927 2
14927 15027 -2
14927 14928 -2
14928 15028 -2
14928 14929 2
14929 15029 2
14929 14930 2
14930 15030 -2
14930 14931 -2
14931 15031 -2
14931 14932 -2
14932 15032 2
14932 14933 -2
14933 15033 -2
14933 14934 2
14934 15034 2
14934 14935 2
14935 15035 -2
14935 14936 -2
14936 15036 -2
14936 14937 -2
14937 15037 2
14937 14938 2
14938 15038 2
14938 14939 2
14939 15039 -2
14939 14940 2
14940 15040 -2
14940 14941 2
14941 15041 2
14941 14942 2
14942 15042 -2
14942 14943 -2
14943 15043 2
14943 14944 2
14944 15044 2
14944 14945 2
14945 15045 -2
14945 14946 -2
14946 15046 2
14946 14947 -2
14947 15047 -2
14947 14948 -2
14948 15048 -2
14948 14949 -2
14949 15049 -2
14949 14950 2
14950 15050 -2
14950 14951 2
14951 15051 -2
14951 14952 2
14952 15052 2
14952 14953 -2
14953 15053 -2
14953 14954 -2
14954 15054 2
14954 14955 -2
14955 15055 -2
14955 14956 2
14956 15056 -2
14956 14957 -2
14957 15057 -2
14957 14958 2
14958 15058 -2
14958 14959 2
14959 15059 -2
14959 14960 -2
14960 15060 2
14960 14961 -2
14961 15061 -2
14961 14962 -2
14962 15062 -2
14962 14963 -2
14963 15063 -2
14963 14964 2
14964 15064 -2
14964 14965 2
14965 15065 2
14965 14966 2
14966 15066 -2
14966 14967 -2
14967 15067 2
14967 14968 2
14968 15068 -2
14968 14969 -2
14969 15069 -2
14969 14970 -2
14970 15070 -2
14970 14971 -2
14971 15071 -2
14971 14972 -2
14972 15072 -2
14972 14973 2
14973 15073 2
14973 14974 2
14974 15074 -2
14974 14975 2
14975 15075 2
14975 14976 -2
14976 15076 -2
14976 14977 -2
14977 15077 -2
14977 14978 -2
14978 15078 2
14978 14979 -2
14979 15079 -2
14979 14980 2
14980 15080 2
14980 14981 2
14981 15081 2
14981 14982 -2
14982 15082 -2
14982 14983 2
14983 15083 2
14983 14984 2
14984 15084 2
14984 14985 2
14985 15085 2
14985 14986 -2
14986 15086 -2
14986 14987 2
14987 15087 2
14987 14988 -2
14988 15088 -2
14988 14989 -2
14989 15089 2
14989 14990 -2
14990 15090 -2
14990 14991 -2
14991 15091 2
14991 14992 2
14992 15092 -2
14992 14993 2
14993 15093 2
14993 14994 -2
14994 15094 2
14994 14995 -2
14995 15095 -2
14995 14996 -2
14996 15096 -2
14996 14997 -2
14997 15097 -2
14997 14998 -2
14998 15098 -2
14998 14999 -2
14999 15099 2
15000 15100 2
15000 15099 -2
15000 15001 -2
15001 15101 2
15001 15002 -2
15002 15102 -2
15002 15003 -2
15003 15103 -2
15003 15004 2
15004 15104 2
15004 15005 -2
15005 15105 -2
15005 15006 -2
15006 15106 2
15006 15007 2
15007 15107 2
15007 15008 -2
15008 15108 -2
15008 15009 -2
15009 15109 -2
15009 15010 -2
15010 15110 -2
15010 15011 -2
15011 15111 2
15011 15012 2
15012 15112 2
15012 15013 2
15013 15113 -2
15013 15014 -2
15014 15114 2
15014 15015 2
15015 15115 -2
15015 15016 2
15016 15116 2
15016 15017 -2
15017 15117 -2
15017 15018 2
15018 15118 2
15018 15019 2
15019 15119 2
15019 15020 -2
15020 15120 -2
15020 15021 2
15021 15121 2
15021 15022 2
15022 15122 -2
15022 15023 -2
15023 15123 -2
15023 15024 2
15024 15124 2
15024 15025 -2
15025 15125 2
15025 15026 -2
15026 15126 -2
15026 15027 -2
15027 15127 -2
15027 15028 2
15028 15128 2
15028 15029 2
15029 15129 -2
15029 15030 2
15030 15130 -2
15030 15031 2
15031 15131 -2
15031 15032 -2
15032 15132 2
15032 15033 -2
15033 15133 2
15033 15034 -2
15034 15134 -2
15034 15035 -2
15035 15135 -2
15035 15036 2
15036 15136 2
15036 15037 -2
15037 15137 2
15037 15038 -2
15038 15138 -2
15038 15039 2
15039 15139 2
15039 15040 2
15040 15140 2
15040 15041 -2
15041 15141 -2
15041 15042 2
15042 15142 -2
15042 15043 2
15043 15143 2
15043 15044 2
15044 15144 2
15044 15045 -2
15045 15145 2
15045 15046 2
15046 15146 2
15046 15047 2
15047 15147 -2
15047 15048 2
15048 15148 2
15048 15049 -2
15049 15149 -2
15049 15050 -2
15050 15150 2
15050 15051 -2
15051 15151 -2
15051 15052 2
15052 15152 2
15052 15053 2
15053 15153 -2
15053 15054 -2
15054 15154 2
15054 15055 -2
15055 15155 2
15055 15056 -2
15056 15156 -2
15056 15057 -2
15057 15157 -2
15057 15058 -2
15058 15158 -2
15058 15059 -2
15059 15159 -2
15059 15060 2
15060 15160 -2
15060 15061 2
15061 15161 2
15061 15062 -2
15062 15162 2
15062 15063 -2
15063 15163 2
15063 15064 -2
15064 15164 2
15064 15065 -2
15065 15165 -2
15065 15066 -2
15066 15166 2
15066 15067 -2
15067 15167 -2
15067 15068 2
15068 15168 2
15068 15069 -2
15069 15169 2
15069 15070 -2
15070 15170 2
15070 15071 -2
15071 15171 -2
15071 15072 -2
15072 15172 -2
15072 15073 -2
15073 15173 2
15073 15074 -2
15074 15174 -2
15074 15075 -2
15075 15175 -2
15075 15076 2
15076 15176 2
15076 15077 -2
15077 15177 -2
15077 15078 2
15078 15178 -2
15078 15079 -2
15079 15179 -2
15079 15080 -2
15080 15180 2
15080 15081 -2
15081 15181 2
15081 15082 -2
15082 15182 -2
15082 15083 -2
15083 15183 -2
15083 15084 -2
15084 15184 -2
15084 15085 2
15085 15185 2
15085 15086 2
15086 15186 2
15086 15087 -2
15087 15187 2
15087 15088 -2
15088 15188 2
15088 15089 -2
15089 15189 -2
15089 15090 -2
15090 15190 -2
15090 15091 -2
15091 15191 2
15091 15092 2
15092 15192 -2
15092 15093 -2
15093 15193 2
15093 15094 2
15094 15194 -2
15094 15095 2
15095 15195 -2
15095 15096 -2
15096 15196 -2
15096 15097 2
15097 15197 2
15097 15098 2
15098 15198 2
15098 15099 -2
15099 15199 -2
15100 15200 -2
15100 15199 -2
15100 15101 2
15101 15201 -2
15101 15102 -2
15102 15202 -2
15102 15103 2
15103 15203 2
15103 15104 2
15104 15204 -2
15104 15105 2
15105 15205 2
15105 15106 -2
15106 15206 -2
15106 15107 -2
15107 15207 -2
15107 15108 2
15108 15208 -2
15108 15109 2
15109 15209 2
15109 15110 -2
15110 15210 2
15110 15111 -2
15111 15211 2
15111 15112 -2
15112 15212 2
15112 15113 -2
15113 15213 -2
15113 15114 -2
15114 15214 -2
15114 15115 2
15115 15215 -2
15115 15116 -2
15116 15216 -2
15116 15117 2
15117 15217 -2
15117 15118 -2
15118 15218 -2
15118 15119 -2
15119 15219 -2
15119 15120 -2
15120 15220 -2
15120 15121 -2
15121 15221 2
15121 15122 -2
15122 15222 2
15122 15123 -2
15123 15223 2
15123 15124 -2
15124 15224 -2
15124 15125 2
15125 15225 2
15125 15126 2
15126 15226 -2
15126 15127 -2
15127 15227 -2
15127 15128 2
15128 15228 -2
15128 15129 2
15129 15229 -2
15129 15130 -2
15130 15230 2
15130 15131 2
15131 15231 2
15131 15132 -2
15132 15232 2
15132 15133 2
15133 15233 -2
15133 15134 2
15134 15234 2
15134 15135 2
15135 15235 2
15135 15136 2
15136 15236 -2
15136 15137 -2
15137 15237 -2
15137 15138 -2
15138 15238 -2
15138 15139 2
15139 15239 -2
15139 15140 -2
15140 15240 -2
15140 15141 2
15141 15241 -2
15141 15142 -2
15142 15242 -2
15142 15143 -2
15143 15243 -2
15143 15144 -2
15144 15244 -2
15144 15145 -2
15145 15245 -2
15145 15146 2
15146 15246 2
15146 15147 2
15147 15247 -2
15147 15148 2
15148 15248 2
15148 15149 2
15149 15249 -2
15149 15150 2
15150 15250 -2
15150 15151 -2
15151 15251 -2
15151 15152 2
15152 15252 -2
15152 15153 2
15153 15253 -2
15153 15154 -2
15154 15254 2
15154 15155 -2
15155 15255 -2
15155 15156 -2
15156 15256 2
15156 15157 -2
15157 15257 -2
15157 15158 2
15158 15258 2
15158 15159 2
15159 15259 -2
15159 15160 2
15160 15260 2
15160 15161 -2
15161 15261 2
15161 15162 2
15162 15262 2
15162 15163 2
15163 15263 2
15163 15164 -2
15164 15264 2
15164 15165 2
15165 15265 -2
15165 15166 2
15166 15266 -2
15166 15167 2
15167 15267 2
15167 15168 -2
15168 15268 -2
15168 15169 -2
15169 15269 -2
15169 15170 -2
15170 15270 -2
15170 15171 -2
15171 15271 -2
15171 15172 -2
15172 15272 -2
15172 15173 -2
15173 15273 -2
15173 15174 -2
15174 15274 -2
15174 15175 -2
15175 15275 -2
15175 15176 -2
15176 15276 2
15176 15177 2
15177 15277 -2
15177 15178 2
15178 15278 2
15178 15179 2
15179 15279 2
15179 15180 -2
15180 15280 2
15180 15181 -2
15181 15281 -2
15181 15182 -2
15182 15282 -2
15182 15183 -2
15183 15283 -2
15183 15184 -2
15184 15284 -2
15184 15185 2
15185 15285 2
15185 15186 -2
15186 15286 -2
15186 15187 -2
15187 15287 2
15187 15188 2
15188 15288 -2
15188 15189 -2
15189 15289 -2
15189 15190 -2
15190 15290 2
15190 15191 -2
15191 15291 2
15191 15192 -2
15192 15292 2
15192 15193 2
15193 15293 2
15193 15194 -2
15194 15294 2
15194 15195 -2
15195 15295 2
15195 15196 -2
15196 15296 -2
15196 15197 2
15197 15297 -2
15197 15198 2
15198 15298 2
15198 15199 -2
15199 15299 -2
15200 15300 -2
15200 15299 -2
15200 15201 2
15201 15301 2
15201 15202 2
15202 15302 -2
15202 15203 2
15203 15303 2
15203 15204 2
15204 15304 -2
15204 15205 2
15205 15305 -2
15205 15206 -2
15206 15306 -2
15206 15207 2
15207 15307 2
15207 15208 -2
15208 15308 -2
15208 15209 2
15209 15309 -2
15209 15210 2
15210 15310 2
15210 15211 -2
15211 15311 -2
15211 15212 2
15212 15312 -2
15212 15213 2
15213 15313 2
15213 15214 -2
15214 15314 2
15214 15215 2
15215 15315 2
15215 15216 2
15216 15316 -2
15216 15217 2
15217 15317 2
15217 15218 2
15218 15318 -2
15218 15219 2
15219 15319 2
15219 15220 2
15220 15320 -2
15220 15221 2
15221 15321 2
15221 15222 2
15222 15322 -2
15222 15223 -2
15223 15323 2
15223 15224 2
15224 15324 2
15224 15225 -2
15225 15325 2
15225 15226 -2
15226 15326 2
15226 15227 -2
15227 15327 -2
15227 15228 2
15228 15328 -2
15228 15229 2
15229 15329 2
15229 15230 -2
15230 15330 -2
15230 15231 -2
15231 15331 2
15231 15232 -2
15232 15332 2
15232 15233 -2
15233 15333 2
15233 15234 -2
15234 15334 -2
15234 15235 2
15235 15335 2
15235 15236 2
15236 15336 -2
15236 15237 -2
15237 15337 -2
15237 15238 2
15238 15338 2
15238 15239 -2
15239 15339 2
15239 15240 -2
15240 15340 -2
15240 15241 2
15241 15341 2
15241 15242 2
15242 15342 -2
15242 15243 -2
15243 15343 -2
15243 15244 2
15244 15344 2
15244 15245 -2
15245 15345 -2
15245 15246 2
15246 15346 -2
15246 15247 2
15247 15347 2
15247 15248 -2
15248 15348 -2
15248 15249 2
15249 15349 2
15249 15250 2
15250 15350 -2
15250 15251 2
15251 15351 -2
15251 15252 -2
15252 15352 2
15252 15253 -2
15253 15353 2
15253 15254 -2
15254 15354 2
15254 15255 2
15255 15355 2
15255 15256 2
15256 15356 -2
15256 15257 2
15257 15357 2
15257 15258 2
15258 15358 2
15258 15259 -2
15259 15359 -2
15259 15260 -2
15260 15360 2
15260 15261 -2
15261 15361 -2
15261 15262 2
15262 15362 -2
15262 15263 -2
15263 15363 2
15263 15264 2
15264 15364 2
15264 15265 2
15265 15365 2
15265 15266 2
15266 15366 2
15266 15267 -2
15267 15367 2
15267 15268 2
15268 15368 2
15268 15269 -2
15269 15369 -2
15269 15270 2
15270 15370 -2
15270 15271 2
15271 15371 -2
15271 15272 -2
15272 15372 -2
15272 15273 -2
15273 15373 -2
15273 15274 2
15274 15374 2
15274 15275 -2
15275 15375 2
15275 15276 2
15276 15376 2
15276 15277 -2
15277 15377 -2
15277 15278 2
15278 15378 -2
15278 15279 2
15279 15379 2
15279 15280 2
15280 15380 -2
15280 15281 2
15281 15381 2
15281 15282 2
15282 15382 -2
15282 15283 2
15283 15383 2
15283 15284 2
15284 15384 -2
15284 15285 -2
15285 15385 2
15285 15286 2
15286 15386 -2
15286 15287 2
15287 15387 2
15287 15288 2
15288 15388 -2
15288 15289 2
15289 15389 2
15289 15290 2
15290 15390 2
15290 15291 2
15291 15391 2
15291 15292 -2
15292 15392 -2
15292 15293 -2
15293 15393 2
15293 15294 -2
15294 15394 2
15294 15295 -2
15295 15395 2
15295 15296 2
15296 15396 2
15296 15297 2
15297 15397 -2
15297 15298 -2
15298 15398 2
15298 15299 -2
15299 15399 -2
15300 15400 -2
15300 15399 -2
15300 15301 -2
15301 15401 -2
15301 15302 -2
15302 15402 2
15302 15303 -2
15303 15403 -2
15303 15304 2
15304 15404 2
15304 15305 -2
15305 15405 2
15305 15306 2
15306 15406 2
15306 15307 2
15307 15407 -2
15307 15308 -2
15308 15408 2
15308 15309 2
15309 15409 2
15309 15310 -2
15310 15410 -2
15310 15311 -2
15311 15411 -2
15311 15312 -2
15312 15412 -2
15312 15313 -2
15313 15413 2
15313 15314 2
15314 15414 2
15314 15315 2
15315 15415 2
15315 15316 -2
15316 15416 2
15316 15317 -2
15317 15417 -2
15317 15318 2
15318 15418 -2
15318 15319 -2
15319 15419 2
15319 15320 -2
15320 15420 -2
15320 15321 -2
15321 15421 -2
15321 15322 -2
15322 15422 2
15322 15323 2
15323 15423 -2
15323 15324 -2
15324 15424 2
15324 15325 -2
15325 15425 2
15325 15326 2
15326 15426 2
15326 15327 2
15327 15427 2
15327 15328 2
15328 15428 -2
15328 15329 2
15329 15429 -2
15329 15330 -2
15330 15430 2
15330 15331 2
15331 15431 2
15331 15332 -2
15332 15432 -2
15332 15333 2
15333 15433 2
15333 15334 2
15334 15434 2
15334 15335 -2
15335 15435 2
15335 15336 2
15336 15436 -2
15336 15337 -2
15337 15437 2
15337 15338 -2
15338 15438 2
15338 15339 2
15339 15439 2
15339 15340 2
15340 15440 -2
15340 15341 2
15341 15441 -2
15341 15342 2
15342 15442 2
15342 15343 2
15343 15443 -2
15343 15344 2
15344 15444 -2
15344 15345 -2
15345 15445 -2
15345 15346 -2
15346 15446 -2
15346 15347 -2
15347 15447 2
15347 15348 -2
15348 15448 2
15348 15349 2
15349 15449 -2
15349 15350 2
15350 15450 -2
15350 15351 -2
15351 15451 2
15351 15352 2
15352 15452 -2
15352 15353 -2
15353 15453 -2
15353 15354 2
15354 15454 -2
15354 15355 -2
15355 15455 2
15355 15356 -2
15356 15456 2
15356 15357 2
15357 15457 -2
15357 15358 2
15358 15458 2
15358 15359 -2
15359 15459 2
15359 15360 2
15360 15460 2
15360 15361 2
15361 15461 -2
15361 15362 -2
15362 15462 2
15362 15363 -2
15363 15463 2
15363 15364 -2
15364 15464 -2
15364 15365 2
15365 15465 2
15365 15366 -2
15366 15466 2
15366 15367 2
15367 15467 -2
15367 15368 -2
15368 15468 -2
15368 15369 2
15369 15469 -2
15369 15370 -2
15370 15470 -2
15370 15371 2
15371 15471 2
15371 15372 2
15372 15472 -2
15372 15373 -2
15373 15473 2
15373 15374 2
15374 15474 2
15374 15375 2
15375 15475 -2
15375 15376 -2
15376 15476 -2
15376 15377 -2
15377 15477 2
15377 15378 -2
15378 15478 -2
15378 15379 2
15379 15479 -2
15379 15380 2
15380 15480 2
15380 15381 -2
15381 15481 2
15381 15382 2
15382 15482 -2
15382 15383 -2
15383 15483 -2
15383 15384 2
15384 15484 -2
15384 15385 2
15385 15485 2
15385 15386 2
15386 15486 -2
15386 15387 -2
15387 15487 2
15387 15388 -2
15388 15488 2
15388 15389 -2
15389 15489 -2
15389 15390 -2
15390 15490 -2
15390 15391 -2
15391 15491 2
15391 15392 2
15392 15492 2
15392 15393 -2
15393 15493 -2
15393 15394 2
15394 15494 -2
15394 15395 2
15395 15495 -2
15395 15396 -2
15396 15496 2
15396 15397 2
15397 15497 -2
15397 15398 -2
15398 15498 -2
15398 15399 2
15399 15499 -2
15400 15500 2
15400 15499 -2
15400 15401 -2
15401 15501 -2
15401 15402 2
15402 15502 -2
15402 15403 2
15403 15503 2
15403 15404 2
15404 15504 2
15404 15405 -2
15405 15505 2
15405 15406 -2
15406 15506 2
15406 15407 -2
15407 15507 -2
15407 15408 -2
15408 15508 2
15408 15409 2
15409 15509 -2
15409 15410 2
15410 15510 2
15410 15411 2
15411 15511 -2
15411 15412 2
15412 15512 2
15412 15413 -2
15413 15513 2
15413 15414 -2
15414 15514 2
15414 15415 -2
15415 15515 2
15415 15416 -2
15416 15516 2
15416 15417 2
15417 15517 2
15417 15418 -2
15418 15518 -2
15418 15419 -2
15419 15519 2
15419 15420 2
15420 15520 2
15420 15421 -2
15421 15521 2
15421 15422 2
15422 15522 2
15422 15423 2
15423 15523 2
15423 15424 2
15424 15524 -2
15424 15425 2
15425 15525 -2
15425 15426 -2
15426 15526 2
15426 15427 2
15427 15527 2
15427 15428 2
15428 15528 2
15428 15429 2
15429 15529 2
15429 15430 -2
15430 15530 -2
15430 15431 2
15431 15531 -2
15431 15432 2
15432 15532 2
15432 15433 2
15433 15533 2
15433 15434 2
15434 15534 -2
15434 15435 2
15435 15535 -2
15435 15436 -2
15436 15536 -2
15436 15437 2
15437 15537 2
15437 15438 -2
15438 15538 -2
15438 15439 2
15439 15539 2
15439 15440 -2
15440 15540 2
15440 15441 -2
15441 15541 2
15441 15442 2
15442 15542 2
15442 15443 2
15443 15543 -2
15443 15444 -2
15444 15544 2
15444 15445 -2
15445 15545 2
15445 15446 -2
15446 15546 -2
15446 15447 2
15447 15547 -2
15447 15448 2
15448 15548 2
15448 15449 2
15449 15549 -2
15449 15450 2
15450 15550 2
15450 15451 2
15451 15551 -2
15451 15452 2
15452 15552 2
15452 15453 2
15453 15553 2
15453 15454 -2
15454 15554 2
15454 15455 -2
15455 15555 -2
15455 15456 2
15456 15556 -2
15456 15457 2
15457 15557 2
15457 15458 -2
15458 15558 -2
15458 15459 -2
15459 15559 2
15459 15460 -2
15460 15560 2
15460 15461 -2
15461 15561 -2
15461 15462 2
15462 15562 -2
15462 15463 2
15463 15563 -2
15463 15464 -2
15464 15564 2
15464 15465 -2
15465 15565 2
15465 15466 -2
15466 15566 -2
15466 15467 2
15467 15567 2
15467 15468 2
15468 15568 -2
15468 15469 -2
15469 15569 2
15469 15470 2
15470 15570 -2
15470 15471 -2
15471 15571 -2
15471 15472 2
15472 15572 -2
15472 15473 2
15473 15573 2
15473 15474 2
15474 15574 2
15474 15475 2
15475 15575 -2
15475 15476 -2
15476 15576 -2
15476 15477 2
15477 15577 2
15477 15478 -2
15478 15578 2
15478 15479 -2
15479 15579 2
15479 15480 -2
15480 15580 -2
15480 15481 2
15481 15581 -2
15481 15482 -2
15482 15582 2
15482 15483 -2
15483 15583 -2
15483 15484 -2
15484 15584 -2
15484 15485 -2
15485 15585 2
15485 15486 2
15486 15586 -2
15486 15487 -2
15487 15587 2
15487 15488 2
15488 15588 -2
15488 15489 2
15489 15589 2
15489 15490 2
15490 15590 2
15490 15491 -2
15491 15591 2
15491 15492 2
15492 15592 2
15492 15493 2
15493 15593 -2
15493 15494 -2
15494 15594 2
15494 15495 -2
15495 15595 -2
15495 15496 -2
15496 15596 -2
15496 15497 2
15497 15597 2
15497 15498 -2
15498 15598 2
15498 15499 2
15499 15599 2
15500 15600 -2
15500 15599 -2
15500 15501 2
15501 15601 -2
15501 15502 2
15502 15602 -2
15502 15503 -2
15503 15603 2
15503 15504 -2
15504 15604 2
15504 15505 -2
15505 15605 -2
15505 15506 -2
15506 15606 -2
15506 15507 2
15507 15607 2
15507 15508 -2
15508 15608 -2
15508 15509 -2
15509 15609 -2
15509 15510 -2
15510 15610 2
15510 15511 2
15511 15611 -2
15511 15512 -2
15512 15612 2
15512 15513 -2
15513 15613 2
15513 15514 -2
15514 15614 -2
15514 15515 -2
15515 15615 2
15515 15516 -2
15516 15616 2
15516 15517 -2
15517 15617 2
15517 15518 2
15518 15618 2
15518 15519 2
15519 15619 2
15519 15520 2
15520 15620 -2
15520 15521 2
15521 15621 2
15521 15522 2
15522 15622 -2
15522 15523 -2
15523 15623 2
15523 15524 2
15524 15624 2
15524 15525 2
15525 15625 2
15525 15526 -2
15526 15626 -2
15526 15527 2
15527 15627 -2
15527 15528 -2
15528 15628 -2
15528 15529 2
15529 15629 -2
15529 15530 -2
15530 15630 2
15530 15531 -2
15531 15631 -2
15531 15532 -2
15532 15632 2
15532 15533 2
15533 15633 2
15533 15534 -2
15534 15634 -2
15534 15535 -2
15535 15635 2
15535 15536 2
15536 15636 -2
15536 15537 -2
15537 15637 2
15537 15538 2
15538 15638 2
15538 15539 -2
15539 15639 -2
15539 15540 -2
15540 15640 2
15540 15541 2
15541 15641 2
15541 15542 2
15542 15642 -2
15542 15543 -2
15543 15643 2
15543 15544 2
15544 15644 2
15544 15545 -2
15545 15645 2
15545 15546 -2
15546 15646 -2
15546 15547 2
15547 15647 -2
15547 15548 2
15548 15648 2
15548 15549 2
15549 15649 -2
15549 15550 2
15550 15650 2
15550 15551 2
15551 15651 -2
15551 15552 -2
15552 15652 -2
15552 15553 2
15553 15653 2
15553 15554 2
15554 15654 -2
15554 15555 2
15555 15655 2
15555 15556 -2
15556 15656 2
15556 15557 2
15557 15657 -2
15557 15558 2
15558 15658 2
15558 15559 -2
15559 15659 2
15559 15560 2
15560 15660 -2
15560 15561 -2
15561 15661 2
15561 15562 2
15562 15662 2
15562 15563 -2
15563 15663 2
15563 15564 2
15564 15664 2
15564 15565 -2
15565 15665 2
15565 15566 2
15566 15666 2
15566 15567 2
15567 15667 2
15567 15568 -2
15568 15668 -2
15568 15569 2
15569 15669 -2
15569 15570 -2
15570 15670 -2
15570 15571 2
15571 15671 2
15571 15572 2
15572 15672 2
15572 15573 -2
15573 15673 2
15573 15574 2
15574 15674 -2
15574 15575 -2
15575 15675 2
15575 15576 2
15576 15676 -2
15576 15577 2
15577 15677 -2
15577 15578 2
15578 15678 2
15578 15579 -2
15579 15679 -2
15579 15580 -2
15580 15680 2
15580 15581 2
15581 15681 2
15581 15582 -2
15582 15682 -2
15582 15583 -2
15583 15683 -2
15583 15584 -2
15584 15684 2
15584 15585 2
15585 15685 2
15585 15586 2
15586 15686 2
15586 15587 -2
15587 15687 -2
15587 15588 -2
15588 15688 2
15588 15589 2
15589 15689 2
15589 15590 -2
15590 15690 -2
15590 15591 -2
15591 15691 -2
15591 15592 -2
15592 15692 -2
15592 15593 -2
15593 15693 -2
15593 15594 -2
15594 15694 2
15594 15595 2
15595 15695 -2
15595 15596 2
15596 15696 -2
15596 15597 -2
15597 15697 2
15597 15598 2
15598 15698 -2
15598 15599 2
15599 15699 2
15600 15700 2
15600 15699 2
15600 15601 -2
15601 15701 -2
15601 15602 -2
15602 15702 2
15602 15603 -2
15603 15703 -2
15603 15604 2
15604 15704 2
15604 15605 -2
15605 15705 2
15605 15606 2
15606 15706 2
15606 15607 2
15607 15707 -2
15607 15608 -2
15608 15708 2
15608 15609 -2
15609 15709 2
15609 15610 2
15610 15710 2
15610 15611 -2
15611 15711 -2
15611 15612 -2
15612 15712 2
15612 15613 2
15613 15713 2
15613 15614 -2
15614 15714 2
15614 15615 2
15615 15715 2
15615 15616 2
15616 15716 -2
15616 15617 -2
15617 15717 -2
15617 15618 -2
15618 15718 2
15618 15619 2
15619 15719 -2
15619 15620 2
15620 15720 -2
15620 15621 2
15621 15721 2
15621 15622 2
15622 15722 2
15622 15623 -2
15623 15723 -2
15623 15624 2
15624 15724 -2
15624 15625 -2
15625 15725 -2
15625 15626 2
15626 15726 2
15626 15627 2
15627 15727 2
15627 15628 -2
15628 15728 -2
15628 15629 -2
15629 15729 -2
15629 15630 2
15630 15730 -2
15630 15631 -2
15631 15731 2
15631 15632 2
15632 15732 -2
15632 15633 2
15633 15733 -2
15633 15634 -2
15634 15734 -2
15634 15635 2
15635 15735 -2
15635 15636 2
15636 15736 -2
15636 15637 2
15637 15737 2
15637 15638 2
15638 15738 -2
15638 15639 -2
15639 15739 -2
15639 15640 2
15640 15740 -2
15640 15641 -2
15641 15741 -2
15641 15642 -2
15642 15742 -2
15642 15643 -2
15643 15743 -2
15643 15644 -2
15644 15744 -2
15644 15645 -2
15645 15745 2
15645 15646 2
15646 15746 2
15646 15647 2
15647 15747 -2
15647 15648 -2
15648 15748 -2
15648 15649 -2
15649 15749 -2
15649 15650 -2
15650 15750 -2
15650 15651 -2
15651 15751 -2
15651 15652 2
15652 15752 2
15652 15653 2
15653 15753 -2
15653 15654 -2
15654 15754 2
15654 15655 -2
15655 15755 2
15655 15656 -2
15656 15756 -2
15656 15657 2
15657 15757 -2
15657 15658 2
15658 15758 2
15658 15659 2
15659 15759 2
15659 15660 -2
15660 15760 2
15660 15661 -2
15661 15761 2
15661 15662 2
15662 15762 2
15662 15663 2
15663 15763 2
15663 15664 2
15664 15764 2
15664 15665 2
15665 15765 2
15665 15666 2
15666 15766 -2
15666 15667 2
15667 15767 2
15667 15668 -2
15668 15768 -2
15668 15669 2
15669 15769 2
15669 15670 2
15670 15770 2
15670 15671 -2
15671 15771 -2
15671 15672 -2
15672 15772 -2
15672 15673 -2
15673 15773 2
15673 15674 2
15674 15774 -2
15674 15675 2
15675 15775 -2
15675 15676 2
15676 15776 -2
15676 15677 -2
15677 15777 -2
15677 15678 2
15678 15778 -2
15678 15679 2
15679 15779 -2
15679 15680 -2
15680 15780 2
15680 15681 -2
15681 15781 2
15681 15682 -2
15682 15782 2
15682 15683 2
15683 15783 2
15683 15684 2
15684 15784 -2
15684 15685 2
15685 15785 2
15685 15686 -2
15686 15786 -2
15686 15687 2
15687 15787 -2
15687 15688 -2
15688 15788 -2
15688 15689 2
15689 15789 2
15689 15690 -2
15690 15790 2
15690 15691 2
15691 15791 2
15691 15692 2
15692 15792 -2
15692 15693 -2
15693 15793 2
15693 15694 2
15694 15794 2
15694 15695 -2
15695 15795 2
15695 15696 2
15696 15796 2
15696 15697 2
15697 15797 -2
15697 15698 2
15698 15798 2
15698 15699 -2
15699 15799 -2
15700 15800 2
15700 15799 -2
15700 15701 -2
15701 15801 -2
15701 15702 2
15702 15802 -2
15702 15703 -2
15703 15803 -2
15703 15704 -2
15704 15804 2
15704 15705 2
15705 15805 -2
15705 15706 2
15706 15806 -2
15706 15707 2
15707 15807 2
15707 15708 2
15708 15808 -2
15708 15709 -2
15709 15809 2
15709 15710 2
15710 15810 2
15710 15711 -2
15711 15811 2
15711 15712 2
15712 15812 2
15712 15713 2
15713 15813 -2
15713 15714 -2
15714 15814 -2
15714 15715 2
15715 15815 2
15715 15716 2
15716 15816 -2
15716 15717 2
15717 15817 2
15717 15718 -2
15718 15818 2
15718 15719 2
15719 15819 2
15719 15720 -2
15720 15820 -2
15720 15721 2
15721 15821 2
15721 15722 -2
15722 15822 -2
15722 15723 2
15723 15823 -2
15723 15724 2
15724 15824 -2
15724 15725 -2
15725 15825 -2
15725 15726 -2
15726 15826 2
15726 15727 2
15727 15827 2
15727 15728 2
15728 15828 2
15728 15729 -2
15729 15829 2
15729 15730 2
15730 15830 -2
15730 15731 -2
15731 15831 -2
15731 15732 -2
15732 15832 -2
15732 15733 -2
15733 15833 -2
15733 15734 2
15734 15834 2
15734 15735 2
15735 15835 2
15735 15736 2
15736 15836 -2
15736 15737 -2
15737 15837 2
15737 15738 -2
15738 15838 -2
15738 15739 -2
15739 15839 -2
15739 15740 2
15740 15840 -2
15740 15741 2
15741 15841 2
15741 15742 2
15742 15842 2
15742 15743 2
15743 15843 2
15743 15744 -2
15744 15844 2
15744 15745 -2
15745 15845 2
15745 15746 -2
15746 15846 -2
15746 15747 -2
15747 15847 -2
15747 15748 2
15748 15848 -2
15748 15749 2
15749 15849 -2
15749 15750 2
15750 15850 -2
15750 15751 2
15751 15851 2
15751 15752 -2
15752 15852 2
15752 15753 2
15753 15853 2
15753 15754 2
15754 15854 -2
15754 15755 -2
15755 15855 -2
15755 15756 -2
15756 15856 -2
15756 15757 2
15757 15857 2
15757 15758 2
15758 15858 2
15758 15759 2
15759 15859 -2
15759 15760 2
15760 15860 2
15760 15761 -2
15761 15861 -2
15761 15762 2
15762 15862 2
15762 15763 2
15763 15863 -2
15763 15764 2
15764 15864 -2
15764 15765 2
15765 15865 -2
15765 15766 2
15766 15866 -2
15766 15767 -2
15767 15867 2
15767 15768 2
15768 15868 2
15768 15769 -2
15769 15869 -2
15769 15770 2
15770 15870 2
15770 15771 -2
15771 15871 -2
15771 15772 -2
15772 15872 -2
15772 15773 2
15773 15873 -2
15773 15774 -2
15774 15874 -2
15774 15775 -2
15775 15875 2
15775 15776 2
15776 15876 -2
15776 15777 -2
15777 15877 -2
15777 15778 2
15778 15878 -2
15778 15779 -2
15779 15879 -2
15779 15780 2
15780 15880 -2
15780 15781 2
15781 15881 2
15781 15782 -2
15782 15882 -2
15782 15783 2
15783 15883 -2
15783 15784 2
15784 15884 -2
15784 15785 -2
15785 15885 -2
15785 15786 -2
15786 15886 -2
15786 15787 -2
15787 15887 -2
15787 15788 2
15788 15888 2
15788 15789 -2
15789 15889 -2
15789 15790 2
15790 15890 2
15790 15791 2
15791 15891 2
15791 15792 -2
15792 15892 2
15792 15793 2
15793 15893 2
15793 15794 2
15794 15894 -2
15794 15795 -2
15795 15895 -2
15795 15796 -2
15796 15896 2
15796 15797 -2
15797 15897 2
15797 15798 2
15798 15898 -2
15798 15799 2
15799 15899 -2
15800 15900 -2
15800 15899 2
15800 15801 2
15801 15901 2
15801 15802 -2
15802 15902 -2
15802 15803 2
15803 15903 -2
15803 15804 -2
15804 15904 -2
15804 15805 2
15805 15905 -2
15805 15806 2
15806 15906 -2
15806 15807 2
15807 15907 2
15807 15808 2
15808 15908 2
15808 15809 -2
15809 15909 -2
15809 15810 -2
15810 15910 -2
15810 15811 2
15811 15911 -2
15811 15812 -2
15812 15912 -2
15812 15813 2
15813 15913 2
15813 15814 -2
15814 15914 -2
15814 15815 -2
15815 15915 2
15815 15816 -2
15816 15916 -2
15816 15817 2
15817 15917 2
15817 15818 -2
15818 15918 -2
15818 15819 -2
15819 15919 2
15819 15820 -2
15820 15920 -2
15820 15821 -2
15821 15921 2
15821 15822 2
15822 15922 -2
15822 15823 2
15823 15923 -2
15823 15824 2
15824 15924 2
15824 15825 -2
15825 15925 2
15825 15826 -2
15826 15926 -2
15826 15827 -2
15827 15927 2
15827 15828 2
15828 15928 2
15828 15829 2
15829 15929 -2
15829 15830 2
15830 15930 2
15830 15831 2
15831 15931 2
15831 15832 2
15832 15932 2
15832 15833 2
15833 15933 -2
15833 15834 2
15834 15934 -2
15834 15835 2
15835 15935 -2
15835 15836 -2
15836 15936 2
15836 15837 2
15837 15937 -2
15837 15838 -2
15838 15938 2
15838 15839 -2
15839 15939 2
15839 15840 -2
15840 15940 -2
15840 15841 -2
15841 15941 -2
15841 15842 2
15842 15942 -2
15842 15843 2
15843 15943 2
15843 15844 2
15844 15944 2
15844 15845 2
15845 15945 -2
15845 15846 2
15846 15946 2
15846 15847 -2
15847 15947 2
15847 15848 -2
15848 15948 -2
15848 15849 2
15849 15949 -2
15849 15850 -2
15850 15950 2
15850 15851 -2
15851 15951 2
15851 15852 -2
15852 15952 -2
15852 15853 -2
15853 15953 -2
15853 15854 -2
15854 15954 -2
15854 15855 2
15855 15955 -2
15855 15856 2
15856 15956 -2
15856 15857 -2
15857 15957 -2
15857 15858 2
15858 15958 2
15858 15859 2
15859 15959 2
15859 15860 -2
15860 15960 -2
15860 15861 -2
15861 15961 2
15861 15862 -2
15862 15962 -2
15862 15863 -2
15863 15963 -2
15863 15864 2
15864 15964 -2
15864 15865 2
15865 15965 -2
15865 15866 -2
15866 15966 -2
15866 15867 -2
15867 15967 2
15867 15868 -2
15868 15968 2
15868 15869 -2
15869 15969 2
15869 15870 -2
15870 15970 -2
15870 15871 -2
15871 15971 -2
15871 15872 -2
15872 15972 2
15872 15873 2
15873 15973 -2
15873 15874 2
15874 15974 2
15874 15875 2
15875 15975 2
15875 15876 2
15876 15976 2
15876 15877 -2
15877 15977 2
15877 15878 2
15878 15978 2
15878 15879 2
15879 15979 2
15879 15880 2
15880 15980 2
15880 15881 -2
15881 15981 2
15881 15882 -2
15882 15982 -2
15882 15883 2
15883 15983 2
15883 15884 2
15884 15984 -2
15884 15885 2
15885 15985 2
15885 15886 -2
15886 15986 2
15886 15887 -2
15887 15987 2
15887 15888 2
15888 15988 -2
15888 15889 -2
15889 15989 2
15889 15890 -2
15890 15990 2
15890 15891 -2
15891 15991 2
15891 15892 2
15892 15992 2
15892 15893 -2
15893 15993 2
15893 15894 -2
15894 15994 2
15894 15895 2
15895 15995 -2
15895 15896 2
15896 15996 -2
15896 15897 2
15897 15997 -2
15897 15898 2
15898 15998 -2
15898 15899 2
15899 15999 2
15900 16000 2
15900 15999 -2
15900 15901 2
15901 16001 -2
15901 15902 2
15902 16002 2
15902 15903 -2
15903 16003 2
15903 15904 -2
15904 16004 -2
15904 15905 2
15905 16005 -2
15905 15906 2
15906 16006 -2
15906 15907 2
15907 16007 2
15907 15908 -2
15908 16008 2
15908 15909 2
15909 16009 2
15909 15910 -2
15910 16010 2
15910 15911 -2
15911 16011 2
15911 15912 -2
15912 16012 2
15912 15913 2
15913 16013 2
15913 15914 -2
15914 16014 -2
15914 15915 2
15915 16015 -2
15915 15916 2
15916 16016 -2
15916 15917 -2
15917 16017 2
15917 15918 -2
15918 16018 2
15918 15919 -2
15919 16019 -2
15919 15920 2
15920 16020 2
15920 15921 -2
15921 16021 2
15921 15922 -2
15922 16022 -2
15922 15923 2
15923 16023 -2
15923 15924 -2
15924 16024 -2
15924 15925 -2
15925 16025 2
15925 15926 2
15926 16026 -2
15926 15927 -2
15927 16027 -2
15927 15928 -2
15928 16028 2
15928 15929 -2
15929 16029 2
15929 15930 2
15930 16030 -2
15930 15931 -2
15931 16031 2
15931 15932 2
15932 16032 2
15932 15933 -2
15933 16033 -2
15933 15934 2
15934 16034 -2
15934 15935 2
15935 16035 2
15935 15936 2
15936 16036 2
15936 15937 2
15937 16037 -2
15937 15938 -2
15938 16038 -2
15938 15939 2
15939 16039 2
15939 15940 -2
15940 16040 -2
15940 15941 -2
15941 16041 -2
15941 15942 -2
15942 16042 -2
15942 15943 2
15943 16043 2
15943 15944 2
15944 16044 -2
15944 15945 -2
15945 16045 2
15945 15946 2
15946 16046 2
15946 15947 -2
15947 16047 2
15947 15948 -2
15948 16048 -2
15948 15949 -2
15949 16049 -2
15949 15950 2
15950 16050 -2
15950 15951 -2
15951 16051 2
15951 15952 2
15952 16052 2
15952 15953 2
15953 16053 -2
15953 15954 -2
15954 16054 -2
15954 15955 2
15955 16055 -2
15955 15956 2
15956 16056 2
15956 15957 2
15957 16057 2
15957 15958 -2
15958 16058 2
15958 15959 -2
15959 16059 2
15959 15960 2
15960 16060 2
15960 15961 -2
15961 16061 -2
15961 15962 2
15962 16062 -2
15962 15963 2
15963 16063 -2
15963 15964 2
15964 16064 2
15964 15965 2
15965 16065 2
15965 15966 2
15966 16066 -2
15966 15967 2
15967 16067 -2
15967 15968 -2
15968 16068 2
15968 15969 -2
15969 16069 -2
15969 15970 -2
15970 16070 2
15970 15971 2
15971 16071 -2
15971 15972 -2
15972 16072 2
15972 15973 -2
15973 16073 2
15973 15974 2
15974 16074 2
15974 15975 -2
15975 16075 2
15975 15976 -2
15976 16076 -2
15976 15977 2
15977 16077 2
15977 15978 2
15978 16078 2
15978 15979 -2
15979 16079 -2
15979 15980 -2
15980 16080 2
15980 15981 -2
15981 16081 -2
15981 15982 -2
15982 16082 -2
15982 15983 2
15983 16083 -2
15983 15984 -2
15984 16084 -2
15984 15985 -2
15985 16085 -2
15985 15986 2
15986 16086 2
15986 15987 -2
15987 16087 -2
15987 15988 2
15988 16088 2
15988 15989 2
15989 16089 2
15989 15990 2
15990 16090 -2
15990 15991 -2
15991 16091 -2
15991 15992 2
15992 16092 -2
15992 15993 2
15993 16093 -2
15993 15994 -2
15994 16094 2
15994 15995 2
15995 16095 2
15995 15996 2
15996 16096 2
15996 15997 2
15997 16097 -2
15997 15998 -2
15998 16098 2
15998 15999 2
15999 16099 2
16000 16100 -2
16000 16099 2
16000 16001 2
16001 16101 -2
16001 16002 2
16002 16102 2
16002 16003 -2
16003 16103 2
16003 16004 -2
16004 16104 2
16004 16005 -2
16005 16105 2
16005 16006 -2
16006 16106 -2
16006 16007 2
16007 16107 2
16007 16008 -2
16008 16108 2
16008 16009 2
16009 16109 -2
16009 16010 2
16010 16110 2
16010 16011 2
16011 16111 2
16011 16012 2
16012 16112 -2
16012 16013 -2
16013 16113 2
16013 16014 2
16014 16114 2
16014 16015 2
16015 16115 2
16015 16016 -2
16016 16116 -2
16016 16017 -2
16017 16117 2
16017 16018 2
16018 16118 -2
16018 16019 -2
16019 16119 -2
16019 16020 -2
16020 16120 -2
16020 16021 -2
16021 16121 -2
16021 16022 2
16022 16122 -2
16022 16023 2
16023 16123 2
16023 16024 2
16024 16124 -2
16024 16025 -2
16025 16125 -2
16025 16026 -2
16026 16126 2
16026 16027 2
16027 16127 -2
16027 16028 2
16028 16128 2
16028 16029 2
16029 16129 -2
16029 16030 2
16030 16130 -2
16030 16031 -2
16031 16131 2
16031 16032 -2
16032 16132 2
16032 16033 -2
16033 16133 -2
16033 16034 -2
16034 16134 2
16034 16035 -2
16035 16135 -2
16035 16036 -2
16036 16136 2
16036 16037 2
16037 16137 -2
16037 16038 -2
16038 16138 -2
16038 16039 -2
16039 16139 -2
16039 16040 2
16040 16140 -2
16040 16041 -2
16041 16141 -2
16041 16042 2
16042 16142 2
16042 16043 -2
16043 16143 2
16043 16044 2
16044 16144 -2
16044 16045 -2
16045 16145 2
16045 16046 2
16046 16146 2
16046 16047 2
16047 16147 -2
16047 16048 2
16048 16148 2
16048 16049 2
16049 16149 2
16049 16050 2
16050 16150 2
16050 16051 2
16051 16151 2
16051 16052 2
16052 16152 -2
16052 16053 2
16053 16153 2
16053 16054 -2
16054 16154 -2
16054 16055 2
16055 16155 2
16055 16056 2
16056 16156 -2
16056 16057 2
16057 16157 -2
16057 16058 2
16058 16158 2
16058 16059 2
16059 16159 -2
16059 16060 2
16060 16160 2
16060 16061 2
16061 16161 -2
16061 16062 2
16062 16162 -2
16062 16063 -2
16063 16163 -2
16063 16064 2
16064 16164 -2
16064 16065 -2
16065 16165 2
16065 16066 -2
16066 16166 2
16066 16067 -2
16067 16167 -2
16067 16068 2
16068 16168 2
16068 16069 2
16069 16169 2
16069 16070 2
16070 16170 2
16070 16071 2
16071 16171 -2
16071 16072 -2
16072 16172 2
16072 16073 -2
16073 16173 2
16073 16074 -2
16074 16174 2
16074 16075 2
16075 16175 -2
16075 16076 -2
16076 16176 2
16076 16077 -2
16077 16177 2
16077 16078 -2
16078 16178 2
16078 16079 -2
16079 16179 2
16079 16080 2
16080 16180 2
16080 16081 2
16081 16181 -2
16081 16082 -2
16082 16182 2
16082 16083 -2
16083 16183 2
16083 16084 -2
16084 16184 2
16084 16085 2
16085 16185 -2
16085 16086 2
16086 16186 -2
16086 16087 2
16087 16187 2
16087 16088 2
16088 16188 -2
16088 16089 2
16089 16189 -2
16089 16090 2
16090 16190 -2
16090 16091 2
16091 16191 -2
16091 16092 2
16092 16192 -2
16092 16093 -2
16093 16193 -2
16093 16094 2
16094 16194 2
16094 16095 2
16095 16195 -2
16095 16096 -2
16096 16196 2
16096 16097 2
16097 16197 -2
16097 16098 -2
16098 16198 2
16098 16099 -2
16099 16199 2
16100 16200 2
16100 16199 -2
16100 16101 -2
16101 16201 -2
16101 16102 -2
16102 16202 -2
16102 16103 2
16103 16203 -2
16103 16104 2
16104 16204 -2
16104 16105 2
16105 16205 -2
16105 16106 -2
16106 16206 2
16106 16107 2
16107 16207 2
16107 16108 2
16108 16208 -2
16108 16109 -2
16109 16209 2
16109 16110 2
16110 16210 -2
16110 16111 -2
16111 16211 2
16111 16112 -2
16112 16212 -2
16112 16113 2
16113 16213 -2
16113 16114 2
16114 16214 2
16114 16115 2
16115 16215 -2
16115 16116 -2
16116 16216 -2
16116 16117 -2
16117 16217 -2
16117 16118 2
16118 16218 2
16118 16119 -2
16119 16219 -2
16119 16120 -2
16120 16220 2
16120 16121 -2
16121 16221 -2
16121 16122 -2
16122 16222 -2
16122 16123 -2
16123 16223 2
16123 16124 2
16124 16224 2
16124 16125 -2
16125 16225 -2
16125 16126 -2
16126 16226 -2
16126 16127 -2
16127 16227 -2
16127 16128 2
16128 16228 2
16128 16129 -2
16129 16229 -2
16129 16130 2
16130 16230 2
16130 16131 2
16131 16231 2
16131 16132 -2
16132 16232 2
16132 16133 -2
16133 16233 2
16133 16134 2
16134 16234 2
16134 16135 -2
16135 16235 2
16135 16136 -2
16136 16236 -2
16136 16137 -2
16137 16237 -2
16137 16138 2
16138 16238 -2
16138 16139 2
16139 16239 2
16139 16140 2
16140 16240 2
16140 16141 -2
16141 16241 -2
16141 16142 2
16142 16242 -2
16142 16143 2
16143 16243 -2
16143 16144 -2
16144 16244 -2
16144 16145 -2
16145 16245 2
16145 16146 -2
16146 16246 -2
16146 16147 -2
16147 16247 2
16147 16148 -2
16148 16248 -2
16148 16149 2
16149 16249 -2
16149 16150 -2
16150 16250 -2
16150 16151 -2
16151 16251 -2
16151 16152 2
16152 16252 -2
16152 16153 -2
16153 16253 2
16153 16154 -2
16154 16254 -2
16154 16155 -2
16155 16255 2
16155 16156 -2
16156 16256 -2
16156 16157 -2
16157 16257 -2
16157 16158 2
16158 16258 -2
16158 16159 -2
16159 16259 2
16159 16160 2
16160 16260 -2
16160 16161 2
16161 16261 -2
16161 16162 -2
16162 16262 -2
16162 16163 2
16163 16263 2
16163 16164 -2
16164 16264 -2
16164 16165 -2
16165 16265 2
16165 16166 -2
16166 16266 -2
16166 16167 -2
16167 16267 -2
16167 16168 2
16168 16268 -2
16168 16169 -2
16169 16269 2
16169 16170 -2
16170 16270 2
16170 16171 2
16171 16271 2
16171 16172 -2
16172 16272 -2
16172 16173 -2
16173 16273 2
16173 16174 2
16174 16274 -2
16174 16175 2
16175 16275 2
16175 16176 -2
16176 16276 -2
16176 16177 -2
16177 16277 2
16177 16178 -2
16178 16278 -2
16178 16179 2
16179 16279 2
16179 16180 2
16180 16280 -2
16180 16181 -2
16181 16281 -2
16181 16182 -2
16182 16282 -2
16182 16183 -2
16183 16283 2
16183 16184 -2
16184 16284 2
16184 16185 2
16185 16285 2
16185 16186 2
16186 16286 -2
16186 16187 -2
16187 16287 2
16187 16188 -2
16188 16288 2
16188 16189 -2
16189 16289 2
16189 16190 -2
16190 16290 -2
16190 16191 2
16191 16291 -2
16191 16192 2
16192 16292 -2
16192 16193 2
16193 16293 -2
16193 16194 -2
16194 16294 -2
16194 16195 2
16195 16295 2
16195 16196 -2
16196 16296 2
16196 16197 2
16197 16297 -2
16197 16198 2
16198 16298 -2
16198 16199 2
16199 16299 -2
16200 16300 -2
16200 16299 -2
16200 16201 -2
16201 16301 2
16201 16202 -2
16202 16302 2
16202 16203 -2
16203 16303 2
16203 16204 -2
16204 16304 2
16204 16205 -2
16205 16305 -2
16205 16206 2
16206 16306 2
16206 16207 2
16207 16307 -2
16207 16208 -2
16208 16308 -2
16208 16209 -2
16209 16309 -2
16209 16210 2
16210 16310 -2
16210 16211 2
16211 16311 -2
16211 16212 -2
16212 16312 -2
16212 16213 2
16213 16313 -2
16213 16214 -2
16214 16314 -2
16214 16215 2
16215 16315 2
16215 16216 -2
16216 16316 2
16216 16217 2
16217 16317 -2
16217 16218 2
16218 16318 -2
16218 16219 -2
16219 16319 2
16219 16220 -2
16220 16320 -2
16220 16221 -2
16221 16321 -2
16221 16222 2
16222 16322 -2
16222 16223 -2
16223 16323 -2
16223 16224 2
16224 16324 2
16224 16225 -2
16225 16325 2
16225 16226 -2
16226 16326 -2
16226 16227 -2
16227 16327 2
16227 16228 2
16228 16328 2
16228 16229 -2
16229 16329 -2
16229 16230 -2
16230 16330 2
16230 16231 2
16231 16331 2
16231 16232 -2
16232 16332 2
16232 16233 -2
16233 16333 2
16233 16234 2
16234 16334 -2
16234 16235 2
16235 16335 2
16235 16236 -2
16236 16336 -2
16236 16237 2
16237 16337 2
16237 16238 2
16238 16338 2
16238 16239 -2
16239 16339 2
16239 16240 2
16240 16340 2
16240 16241 -2
16241 16341 -2
16241 16242 2
16242 16342 2
16242 16243 -2
16243 16343 2
16243 16244 2
16244 16344 2
16244 16245 -2
16245 16345 -2
16245 16246 -2
16246 16346 2
16246 16247 2
16247 16347 2
16247 16248 -2
16248 16348 -2
16248 16249 2
16249 16349 -2
16249 16250 2
16250 16350 -2
16250 16251 -2
16251 16351 2
16251 16252 2
16252 16352 -2
16252 16253 -2
16253 16353 -2
16253 16254 2
16254 16354 -2
16254 16255 2
16255 16355 2
16255 16256 -2
16256 16356 -2
16256 16257 2
16257 16357 2
16257 16258 -2
16258 16358 2
16258 16259 -2
16259 16359 -2
16259 16260 -2
16260 16360 -2
16260 16261 2
16261 16361 -2
16261 16262 -2
16262 16362 2
16262 16263 -2
16263 16363 2
16263 16264 -2
16264 16364 2
16264 16265 -2
16265 16365 -2
16265 16266 -2
16266 16366 2
16266 16267 -2
16267 16367 -2
16267 16268 -2
16268 16368 2
16268 16269 2
16269 16369 2
16269 16270 2
16270 16370 -2
16270 16271 2
16271 16371 -2
16271 16272 2
16272 16372 -2
16272 16273 -2
16273 16373 2
16273 16274 -2
16274 16374 -2
16274 16275 2
16275 16375 2
16275 16276 -2
16276 16376 -2
16276 16277 2
16277 16377 2
16277 16278 2
16278 16378 2
16278 16279 2
16279 16379 2
16279 16280 2
16280 16380 2
16280 16281 2
16281 16381 -2
16281 16282 -2
16282 16382 -2
16282 16283 -2
16283 16383 2
16283 16284 -2
16284 16384 2
16284 16285 -2
16285 16385 -2
16285 16286 2
16286 16386 2
16286 16287 2
16287 16387 -2
16287 16288 2
16288 16388 -2
16288 16289 2
16289 16389 2
16289 16290 2
16290 16390 2
16290 16291 -2
16291 16391 -2
16291 16292 -2
16292 16392 2
16292 16293 2
16293 16393 -2
16293 16294 -2
16294 16394 -2
16294 16295 2
16295 16395 -2
16295 16296 -2
16296 16396 -2
16296 16297 2
16297 16397 -2
16297 16298 -2
16298 16398 2
16298 16299 2
16299 16399 -2
16300 16400 2
16300 16399 2
16300 16301 2
16301 16401 2
16301 16302 -2
16302 16402 2
16302 16303 2
16303 16403 -2
16303 16304 2
16304 16404 2
16304 16305 2
16305 16405 -2
16305 16306 2
16306 16406 -2
16306 16307 2
16307 16407 -2
16307 16308 2
16308 16408 2
16308 16309 -2
16309 16409 2
16309 16310 -2
16310 16410 -2
16310 16311 2
16311 16411 2
16311 16312 2
16312 16412 2
16312 16313 2
16313 16413 2
16313 16314 2
16314 16414 2
16314 16315 2
16315 16415 2
16315 16316 2
16316 16416 -2
16316 16317 2
16317 16417 -2
16317 16318 2
16318 16418 2
16318 16319 2
16319 16419 2
16319 16320 2
16320 16420 2
16320 16321 2
16321 16421 -2
16321 16322 -2
16322 16422 -2
16322 16323 -2
16323 16423 -2
16323 16324 -2
16324 16424 2
16324 16325 2
16325 16425 -2
16325 16326 -2
16326 16426 -2
16326 16327 2
16327 16427 -2
16327 16328 2
16328 16428 2
16328 16329 -2
16329 16429 2
16329 16330 -2
16330 16430 2
16330 16331 2
16331 16431 2
16331 16332 -2
16332 16432 -2
16332 16333 2
16333 16433 -2
16333 16334 -2
16334 16434 2
16334 16335 -2
16335 16435 -2
16335 16336 -2
16336 16436 -2
16336 16337 2
16337 16437 -2
16337 16338 2
16338 16438 2
16338 16339 2
16339 16439 -2
16339 16340 2
16340 16440 2
16340 16341 2
16341 16441 -2
16341 16342 -2
16342 16442 2
16342 16343 -2
16343 16443 2
16343 16344 -2
16344 16444 -2
16344 16345 -2
16345 16445 -2
16345 16346 2
16346 16446 2
16346 16347 2
16347 16447 2
16347 16348 -2
16348 16448 -2
16348 16349 2
16349 16449 2
16349 16350 -2
16350 16450 2
16350 16351 2
16351 16451 2
16351 16352 -2
16352 16452 -2
16352 16353 -2
16353 16453 2
16353 16354 2
16354 16454 -2
16354 16355 2
16355 16455 -2
16355 16356 -2
16356 16456 2
16356 16357 -2
16357 16457 2
16357 16358 -2
16358 16458 -2
16358 16359 -2
16359 16459 -2
16359 16360 2
16360 16460 2
16360 16361 2
16361 16461 2
16361 16362 -2
16362 16462 2
16362 16363 2
16363 16463 2
16363 16364 2
16364 16464 2
16364 16365 -2
16365 16465 2
16365 16366 2
16366 16466 2
16366 16367 -2
16367 16467 -2
16367 16368 2
16368 16468 -2
16368 16369 -2
16369 16469 2
16369 16370 2
16370 16470 2
16370 16371 -2
16371 16471 2
16371 16372 -2
16372 16472 -2
16372 16373 2
16373 16473 -2
16373 16374 2
16374 16474 -2
16374 16375 2
16375 16475 2
16375 16376 2
16376 16476 -2
16376 16377 2
16377 16477 2
16377 16378 2
16378 16478 2
16378 16379 -2
16379 16479 2
16379 16380 -2
16380 16480 2
16380 16381 -2
16381 16481 2
16381 16382 -2
16382 16482 2
16382 16383 2
16383 16483 2
16383 16384 -2
16384 16484 -2
16384 16385 2
16385 16485 2
16385 16386 -2
16386 16486 2
16386 16387 -2
16387 16487 2
16387 16388 2
16388 16488 2
16388 16389 -2
16389 16489 2
16389 16390 -2
16390 16490 -2
16390 16391 2
16391 16491 2
16391 16392 -2
16392 16492 2
16392 16393 2
16393 16493 -2
16393 16394 -2
16394 16494 -2
16394 16395 2
16395 16495 2
16395 16396 2
16396 16496 -2
16396 16397 2
16397 16497 -2
16397 16398 -2
16398 16498 2
16398 16399 2
16399 16499 -2
16400 16500 -2
16400 16499 2
16400 16401 -2
16401 16501 -2
16401 16402 2
16402 16502 -2
16402 16403 -2
16403 16503 -2
16403 16404 -2
16404 16504 2
16404 16405 2
16405 16505 2
16405 16406 -2
16406 16506 -2
16406 16407 2
16407 16507 -2
16407 16408 2
16408 16508 -2
16408 16409 -2
16409 16509 2
16409 16410 2
16410 16510 2
16410 16411 -2
16411 16511 -2
16411 16412 -2
16412 16512 -2
16412 16413 -2
16413 16513 2
16413 16414 2
16414 16514 2
16414 16415 2
16415 16515 2
16415 16416 -2
16416 16516 -2
16416 16417 -2
16417 16517 -2
16417 16418 2
16418 16518 -2
16418 16419 -2
16419 16519 -2
16419 16420 -2
16420 16520 -2
16420 16421 2
16421 16521 2
16421 16422 -2
16422 16522 -2
16422 16423 2
16423 16523 2
16423 16424 2
16424 16524 2
16424 16425 -2
16425 16525 2
16425 16426 2
16426 16526 -2
16426 16427 2
16427 16527 -2
16427 16428 -2
16428 16528 -2
16428 16429 2
16429 16529 2
16429 16430 -2
16430 16530 2
16430 16431 2
16431 16531 2
16431 16432 2
16432 16532 2
16432 16433 -2
16433 16533 2
16433 16434 -2
16434 16534 2
16434 16435 -2
16435 16535 -2
16435 16436 2
16436 16536 -2
16436 16437 -2
16437 16537 2
16437 16438 -2
16438 16538 2
16438 16439 2
16439 16539 -2
16439 16440 2
16440 16540 -2
16440 16441 2
16441 16541 -2
16441 16442 -2
16442 16542 2
16442 16443 2
16443 16543 2
16443 16444 -2
16444 16544 -2
16444 16445 2
16445 16545 2
16445 16446 -2
16446 16546 -2
16446 16447 -2
16447 16547 2
16447 16448 2
16448 16548 -2
16448 16449 2
16449 16549 2
16449 16450 -2
16450 16550 -2
16450 16451 2
16451 16551 -2
16451 16452 2
16452 16552 -2
16452 16453 -2
16453 16553 2
16453 16454 -2
16454 16554 2
16454 16455 2
16455 16555 -2
16455 16456 -2
16456 16556 2
16456 16457 -2
16457 16557 -2
16457 16458 2
16458 16558 -2
16458 16459 -2
16459 16559 2
16459 16460 -2
16460 16560 -2
16460 16461 -2
16461 16561 2
16461 16462 -2
16462 16562 2
16462 16463 -2
16463 16563 2
16463 16464 -2
16464 16564 -2
16464 16465 2
16465 16565 -2
16465 16466 -2
16466 16566 -2
16466 16467 2
16467 16567 -2
16467 16468 -2
16468 16568 -2
16468 16469 2
16469 16569 -2
16469 16470 -2
16470 16570 2
16470 16471 2
16471 16571 -2
16471 16472 2
16472 16572 -2
16472 16473 2
16473 16573 2
16473 16474 2
16474 16574 2
16474 16475 -2
16475 16575 -2
16475 16476 -2
16476 16576 -2
16476 16477 -2
16477 16577 2
16477 16478 -2
16478 16578 -2
16478 16479 2
16479 16579 2
16479 16480 -2
16480 16580 -2
16480 16481 2
16481 16581 -2
16481 16482 -2
16482 16582 -2
16482 16483 2
16483 16583 -2
16483 16484 2
16484 16584 -2
16484 16485 -2
16485 16585 -2
16485 16486 -2
16486 16586 2
16486 16487 2
16487 16587 -2
16487 16488 -2
16488 16588 2
16488 16489 2
16489 16589 2
16489 16490 -2
16490 16590 2
16490 16491 2
16491 16591 -2
16491 16492 -2
16492 16592 -2
16492 16493 -2
16493 16593 -2
16493 16494 2
16494 16594 2
16494 16495 2
16495 16595 -2
16495 16496 -2
16496 16596 -2
16496 16497 -2
16497 16597 2
16497 16498 -2
16498 16598 2
16498 16499 -2
16499 16599 -2
16500 16600 -2
16500 16599 2
16500 16501 -2
16501 16601 2
16501 16502 2
16502 16602 2
16502 16503 -2
16503 16603 -2
16503 16504 -2
16504 16604 2
16504 16505 2
16505 16605 -2
16505 16506 2
16506 16606 -2
16506 16507 2
16507 16607 2
16507 16508 -2
16508 16608 -2
16508 16509 -2
16509 16609 2
16509 16510 -2
16510 16610 2
16510 16511 -2
16511 16611 2
16511 16512 2
16512 16612 -2
16512 16513 2
16513 16613 -2
16513 16514 2
16514 16614 2
16514 16515 2
16515 16615 -2
16515 16516 -2
16516 16616 2
16516 16517 -2
16517 16617 -2
16517 16518 2
16518 16618 2
16518 16519 -2
16519 16619 2
16519 16520 -2
16520 16620 2
16520 16521 -2
16521 16621 2
16521 16522 -2
16522 16622 -2
16522 16523 -2
16523 16623 -2
16523 16524 2
16524 16624 -2
16524 16525 2
16525 16625 -2
16525 16526 -2
16526 16626 -2
16526 16527 2
16527 16627 -2
16527 16528 2
16528 16628 -2
16528 16529 2
16529 16629 -2
16529 16530 -2
16530 16630 -2
16530 16531 -2
16531 16631 2
16531 16532 2
16532 16632 -2
16532 16533 2
16533 16633 2
16533 16534 -2
16534 16634 2
16534 16535 2
16535 16635 2
16535 16536 -2
16536 16636 -2
16536 16537 2
16537 16637 -2
16537 16538 -2
16538 16638 2
16538 16539 2
16539 16639 -2
16539 16540 -2
16540 16640 2
16540 16541 -2
16541 16641 -2
16541 16542 2
16542 16642 2
16542 16543 2
16543 16643 2
16543 16544 -2
16544 16644 2
16544 16545 2
16545 16645 -2
16545 16546 -2
16546 16646 -2
16546 16547 -2
16547 16647 2
16547 16548 -2
16548 16648 -2
16548 16549 -2
16549 16649 -2
16549 16550 2
16550 16650 2
16550 16551 -2
16551 16651 2
16551 16552 -2
16552 16652 -2
16552 16553 -2
16553 16653 2
16553 16554 -2
16554 16654 -2
16554 16555 2
16555 16655 2
16555 16556 2
16556 16656 2
16556 16557 2
16557 16657 2
16557 16558 2
16558 16658 -2
16558 16559 2
16559 16659 2
16559 16560 -2
16560 16660 2
16560 16561 2
16561 16661 -2
16561 16562 -2
16562 16662 2
16562 16563 2
16563 16663 -2
16563 16564 2
16564 16664 -2
16564 16565 -2
16565 16665 -2
16565 16566 2
16566 16666 -2
16566 16567 2
16567 16667 -2
16567 16568 -2
16568 16668 -2
16568 16569 2
16569 16669 -2
16569 16570 -2
16570 16670 -2
16570 16571 -2
16571 16671 -2
16571 16572 -2
16572 16672 -2
16572 16573 -2
16573 16673 -2
16573 16574 2
16574 16674 -2
16574 16575 -2
16575 16675 -2
16575 16576 2
16576 16676 2
16576 16577 -2
16577 16677 -2
16577 16578 -2
16578 16678 2
16578 16579 2
16579 16679 -2
16579 16580 2
16580 16680 -2
16580 16581 2
16581 16681 2
16581 16582 2
16582 16682 2
16582 16583 2
16583 16683 -2
16583 16584 2
16584 16684 2
16584 16585 -2
16585 16685 -2
16585 16586 2
16586 16686 -2
16586 16587 2
16587 16687 2
16587 16588 2
16588 16688 2
16588 16589 -2
16589 16689 -2
16589 16590 2
16590 16690 -2
16590 16591 -2
16591 16691 2
16591 16592 -2
16592 16692 -2
16592 16593 -2
16593 16693 -2
16593 16594 -2
16594 16694 -2
16594 16595 2
16595 16695 2
16595 16596 -2
16596 16696 -2
16596 16597 -2
16597 16697 2
16597 16598 -2
16598 16698 2
16598 16599 -2
16599 16699 2
16600 16700 -2
16600 16699 -2
16600 16601 -2
16601 16701 -2
16601 16602 -2
16602 16702 2
16602 16603 -2
16603 16703 -2
16603 16604 -2
16604 16704 -2
16604 16605 -2
16605 16705 2
16605 16606 -2
16606 16706 2
16606 16607 2
16607 16707 2
16607 16608 -2
16608 16708 2
16608 16609 -2
16609 16709 2
16609 16610 -2
16610 16710 2
16610 16611 -2
16611 16711 2
16611 16612 -2
16612 16712 -2
16612 16613 -2
16613 16713 2
16613 16614 -2
16614 16714 -2
16614 16615 2
16615 16715 2
16615 16616 2
16616 16716 2
16616 16617 2
16617 16717 -2
16617 16618 -2
16618 16718 2
16618 16619 -2
16619 16719 2
16619 16620 -2
16620 16720 -2
16620 16621 -2
16621 16721 -2
16621 16622 2
16622 16722 2
16622 16623 -2
16623 16723 -2
16623 16624 2
16624 16724 -2
16624 16625 -2
16625 16725 -2
16625 16626 2
16626 16726 2
16626 16627 -2
16627 16727 -2
16627 16628 -2
16628 16728 2
16628 16629 2
16629 16729 2
16629 16630 -2
16630 16730 2
16630 16631 2
16631 16731 2
16631 16632 -2
16632 16732 -2
16632 16633 -2
16633 16733 -2
16633 16634 2
16634 16734 -2
16634 16635 2
16635 16735 -2
16635 16636 2
16636 16736 -2
16636 16637 2
16637 16737 -2
16637 16638 -2
16638 16738 2
16638 16639 2
16639 16739 -2
16639 16640 -2
16640 16740 2
16640 16641 2
16641 16741 2
16641 16642 -2
16642 16742 -2
16642 16643 -2
16643 16743 2
16643 16644 2
16644 16744 2
16644 16645 2
16645 16745 -2
16645 16646 2
16646 16746 -2
16646 16647 2
16647 16747 2
16647 16648 2
16648 16748 -2
16648 16649 -2
16649 16749 2
16649 16650 2
16650 16750 -2
16650 16651 -2
16651 16751 -2
16651 16652 -2
16652 16752 2
16652 16653 2
16653 16753 -2
16653 16654 -2
16654 16754 2
16654 16655 2
16655 16755 -2
16655 16656 -2
16656 16756 -2
16656 16657 2
16657 16757 -2
16657 16658 -2
16658 16758 -2
16658 16659 -2
16659 16759 2
16659 16660 2
16660 16760 -2
16660 16661 -2
16661 16761 -2
16661 16662 -2
16662 16762 -2
16662 16663 -2
16663 16763 2
16663 16664 -2
16664 16764 2
16664 16665 2
16665 16765 2
16665 16666 2
16666 16766 2
16666 16667 2
16667 16767 -2
16667 16668 2
16668 16768 2
16668 16669 -2
16669 16769 2
16669 16670 -2
16670 16770 -2
16670 16671 2
16671 16771 2
16671 16672 2
16672 16772 -2
16672 16673 -2
16673 16773 2
16673 16674 -2
16674 16774 -2
16674 16675 2
16675 16775 2
16675 16676 2
16676 16776 -2
16676 16677 -2
16677 16777 2
16677 16678 2
16678 16778 2
16678 16679 -2
16679 16779 -2
16679 16680 -2
16680 16780 2
16680 16681 -2
16681 16781 2
16681 16682 -2
16682 16782 -2
16682 16683 -2
16683 16783 -2
16683 16684 -2
16684 16784 2
16684 16685 -2
16685 16785 -2
16685 16686 -2
16686 16786 2
16686 16687 -2
16687 16787 -2
16687 16688 2
16688 16788 -2
16688 16689 2
16689 16789 -2
16689 16690 2
16690 16790 2
16690 16691 -2
16691 16791 -2
16691 16692 2
16692 16792 -2
16692 16693 -2
16693 16793 2
16693 16694 2
16694 16794 2
16694 16695 -2
16695 16795 -2
16695 16696 -2
16696 16796 -2
16696 16697 -2
16697 16797 -2
16697 16698 2
16698 16798 2
16698 16699 2
16699 16799 -2
16700 16800 2
16700 16799 2
16700 16701 2
16701 16801 -2
16701 16702 -2
16702 16802 -2
16702 16703 -2
16703 16803 -2
16703 16704 -2
16704 16804 -2
16704 16705 2
16705 16805 -2
16705 16706 2
16706 16806 2
16706 16707 2
16707 16807 2
16707 16708 2
16708 16808 2
16708 16709 2
16709 16809 -2
16709 16710 2
16710 16810 -2
16710 16711 -2
16711 16811 2
16711 16712 2
16712 16812 2
16712 16713 -2
16713 16813 -2
16713 16714 -2
16714 16814 2
16714 16715 2
16715 16815 2
16715 16716 -2
16716 16816 -2
16716 16717 -2
16717 16817 2
16717 16718 -2
16718 16818 2
16718 16719 2
16719 16819 2
16719 16720 -2
16720 16820 2
16720 16721 -2
16721 16821 -2
16721 16722 2
16722 16822 -2
16722 16723 -2
16723 16823 2
16723 16724 -2
16724 16824 2
16724 16725 2
16725 16825 -2
16725 16726 -2
16726 16826 -2
16726 16727 2
16727 16827 2
16727 16728 -2
16728 16828 2
16728 16729 2
16729 16829 2
16729 16730 -2
16730 16830 2
16730 16731 -2
16731 16831 2
16731 16732 2
16732 16832 2
16732 16733 2
16733 16833 2
16733 16734 -2
16734 16834 -2
16734 16735 -2
16735 16835 2
16735 16736 2
16736 16836 2
16736 16737 2
16737 16837 2
16737 16738 2
16738 16838 2
16738 16739 2
16739 16839 -2
16739 16740 2
16740 16840 -2
16740 16741 2
16741 16841 2
16741 16742 -2
16742 16842 2
16742 16743 -2
16743 16843 2
16743 16744 2
16744 16844 -2
16744 16745 2
16745 16845 -2
16745 16746 2
16746 16846 2
16746 16747 2
16747 16847 -2
16747 16748 -2
16748 16848 -2
16748 16749 2
16749 16849 -2
16749 16750 2
16750 16850 2
16750 16751 -2
16751 16851 2
16751 16752 2
16752 16852 -2
16752 16753 2
16753 16853 -2
16753 16754 -2
16754 16854 2
16754 16755 2
16755 16855 -2
16755 16756 -2
16756 16856 -2
16756 16757 -2
16757 16857 -2
16757 16758 2
16758 16858 2
16758 16759 -2
16759 16859 2
16759 16760 -2
16760 16860 2
16760 16761 2
16761 16861 -2
16761 16762 2
16762 16862 -2
16762 16763 -2
16763 16863 -2
16763 16764 -2
16764 16864 2
16764 16765 2
16765 16865 -2
16765 16766 -2
16766 16866 -2
16766 16767 -2
16767 16867 -2
16767 16768 2
16768 16868 2
16768 16769 2
16769 16869 -2
16769 16770 -2
16770 16870 2
16770 16771 2
16771 16871 -2
16771 16772 2
16772 16872 -2
16772 16773 -2
16773 16873 -2
16773 16774 2
16774 16874 -2
16774 16775 2
16775 16875 2
16775 16776 2
16776 16876 -2
16776 16777 -2
16777 16877 2
16777 16778 2
16778 16878 2
16778 16779 -2
16779 16879 2
16779 16780 -2
16780 16880 -2
16780 16781 -2
16781 16881 2
16781 16782 -2
16782 16882 2
16782 16783 2
16783 16883 2
16783 16784 -2
16784 16884 2
16784 16785 -2
16785 16885 -2
16785 16786 2
16786 16886 2
16786 16787 2
16787 16887 2
16787 16788 2
16788 16888 2
16788 16789 2
16789 16889 2
16789 16790 -2
16790 16890 -2
16790 16791 2
16791 16891 -2
16791 16792 -2
16792 16892 2
16792 16793 -2
16793 16893 2
16793 16794 2
16794 16894 -2
16794 16795 2
16795 16895 2
16795 16796 -2
16796 16896 2
16796 16797 -2
16797 16897 2
16797 16798 -2
16798 16898 2
16798 16799 -2
16799 16899 2
16800 16900 -2
16800 16899 -2
16800 16801 2
16801 16901 -2
16801 16802 -2
16802 16902 -2
16802 16803 2
16803 16903 -2
16803 16804 2
16804 16904 -2
16804 16805 -2
16805 16905 2
16805 16806 2
16806 16906 -2
16806 16807 -2
16807 16907 -2
16807 16808 -2
16808 16908 2
16808 16809 2
16809 16909 -2
16809 16810 -2
16810 16910 2
16810 16811 -2
16811 16911 -2
16811 16812 -2
16812 16912 2
16812 16813 2
16813 16913 -2
16813 16814 2
16814 16914 -2
16814 16815 -2
16815 16915 -2
16815 16816 2
16816 16916 -2
16816 16817 -2
16817 16917 2
16817 16818 2
16818 16918 2
16818 16819 2
16819 16919 -2
16819 16820 -2
16820 16920 2
16820 16821 -2
16821 16921 -2
16821 16822 2
16822 16922 -2
16822 16823 2
16823 16923 -2
16823 16824 2
16824 16924 2
16824 16825 2
16825 16925 2
16825 16826 -2
16826 16926 2
16826 16827 2
16827 16927 2
16827 16828 -2
16828 16928 2
16828 16829 2
16829 16929 2
16829 16830 2
16830 16930 -2
16830 16831 2
16831 16931 -2
16831 16832 2
16832 16932 2
16832 16833 2
16833 16933 2
16833 16834 2
16834 16934 -2
16834 16835 2
16835 16935 2
16835 16836 2
16836 16936 2
16836 16837 -2
16837 16937 2
16837 16838 2
16838 16938 2
16838 16839 -2
16839 16939 -2
16839 16840 2
16840 16940 -2
16840 16841 2
16841 16941 -2
16841 16842 2
16842 16942 2
16842 16843 2
16843 16943 -2
16843 16844 -2
16844 16944 2
16844 16845 2
16845 16945 -2
16845 16846 2
16846 16946 -2
16846 16847 2
16847 16947 2
16847 16848 -2
16848 16948 -2
16848 16849 -2
16849 16949 2
16849 16850 -2
16850 16950 2
16850 16851 -2
16851 16951 -2
16851 16852 -2
16852 16952 2
16852 16853 2
16853 16953 2
16853 16854 2
16854 16954 2
16854 16855 2
16855 16955 2
16855 16856 -2
16856 16956 2
16856 16857 -2
16857 16957 2
16857 16858 -2
16858 16958 2
16858 16859 2
16859 16959 2
16859 16860 2
16860 16960 -2
16860 16861 -2
16861 16961 -2
16861 16862 -2
16862 16962 2
16862 16863 2
16863 16963 2
16863 16864 -2
16864 16964 -2
16864 16865 2
16865 16965 2
16865 16866 2
16866 16966 2
16866 16867 2
16867 16967 -2
16867 16868 2
16868 16968 2
16868 16869 -2
16869 16969 2
16869 16870 -2
16870 16970 -2
16870 16871 -2
16871 16971 -2
16871 16872 2
16872 16972 2
16872 16873 -2
16873 16973 -2
16873 16874 -2
16874 16974 -2
16874 16875 -2
16875 16975 -2
16875 16876 2
16876 16976 -2
16876 16877 -2
16877 16977 -2
16877 16878 -2
16878 16978 2
16878 16879 2
16879 16979 2
16879 16880 2
16880 16980 -2
16880 16881 -2
16881 16981 -2
16881 16882 2
16882 16982 2
16882 16883 -2
16883 16983 -2
16883 16884 -2
16884 16984 -2
16884 16885 -2
16885 16985 2
16885 16886 -2
16886 16986 2
16886 16887 2
16887 16987 -2
16887 16888 2
16888 16988 -2
16888 16889 2
16889 16989 -2
16889 16890 -2
16890 16990 -2
16890 16891 -2
16891 16991 2
16891 16892 -2
16892 16992 -2
16892 16893 2
16893 16993 -2
16893 16894 2
16894 16994 2
16894 16895 2
16895 16995 -2
16895 16896 -2
16896 16996 2
16896 16897 -2
16897 16997 -2
16897 16898 -2
16898 16998 -2
16898 16899 2
16899 16999 -2
16900 17000 2
16900 16999 2
16900 16901 2
16901 17001 -2
16901 16902 2
16902 17002 2
16902 16903 2
16903 17003 2
16903 16904 -2
16904 17004 2
16904 16905 -2
16905 17005 2
16905 16906 -2
16906 17006 -2
16906 16907 2
16907 17007 2
16907 16908 2
16908 17008 2
16908 16909 2
16909 17009 -2
16909 16910 -2
16910 17010 -2
16910 16911 2
16911 17011 2
16911 16912 -2
16912 17012 2
16912 16913 2
16913 17013 -2
16913 16914 2
16914 17014 2
16914 16915 2
16915 17015 -2
16915 16916 -2
16916 17016 2
16916 16917 -2
16917 17017 -2
16917 16918 2
16918 17018 -2
16918 16919 2
16919 17019 2
16919 16920 2
16920 17020 2
16920 16921 2
16921 17021 2
16921 16922 2
16922 17022 2
16922 16923 2
16923 17023 2
16923 16924 2
16924 17024 2
16924 16925 2
16925 17025 2
16925 16926 2
16926 17026 -2
16926 16927 2
16927 17027 -2
16927 16928 -2
16928 17028 -2
16928 16929 -2
16929 17029 -2
16929 16930 2
16930 17030 -2
16930 16931 -2
16931 17031 2
16931 16932 2
16932 17032 -2
16932 16933 2
16933 17033 -2
16933 16934 -2
16934 17034 -2
16934 16935 2
16935 17035 2
16935 16936 -2
16936 17036 2
16936 16937 2
16937 17037 2
16937 16938 2
16938 17038 2
16938 16939 2
16939 17039 2
16939 16940 2
16940 17040 2
16940 16941 -2
16941 17041 2
16941 16942 -2
16942 17042 2
16942 16943 2
16943 17043 2
16943 16944 -2
16944 17044 2
16944 16945 -2
16945 17045 -2
16945 16946 -2
16946 17046 -2
16946 16947 2
16947 17047 -2
16947 16948 2
16948 17048 -2
16948 16949 -2
16949 17049 2
16949 16950 -2
16950 17050 2
16950 16951 2
16951 17051 -2
16951 16952 2
16952 17052 2
16952 16953 2
16953 17053 2
16953 16954 -2
16954 17054 2
16954 16955 -2
16955 17055 -2
16955 16956 -2
16956 17056 2
16956 16957 -2
16957 17057 2
16957 16958 -2
16958 17058 2
16958 16959 -2
16959 17059 2
16959 16960 -2
16960 17060 2
16960 16961 2
16961 17061 -2
16961 16962 2
16962 17062 -2
16962 16963 -2
16963 17063 2
16963 16964 -2
16964 17064 -2
16964 16965 -2
16965 17065 -2
16965 16966 -2
16966 17066 -2
16966 16967 -2
16967 17067 -2
16967 16968 -2
16968 17068 2
16968 16969 -2
16969 17069 -2
16969 16970 -2
16970 17070 2
16970 16971 2
16971 17071 -2
16971 16972 -2
16972 17072 2
16972 16973 2
16973 17073 2
16973 16974 -2
16974 17074 -2
16974 16975 2
16975 17075 -2
16975 16976 2
16976 17076 2
16976 16977 2
16977 17077 2
16977 16978 -2
16978 17078 2
16978 16979 -2
16979 17079 2
16979 16980 2
16980 17080 -2
16980 16981 2
16981 17081 2
16981 16982 -2
16982 17082 -2
16982 16983 2
16983 17083 2
16983 16984 2
16984 17084 2
16984 16985 2
16985 17085 2
16985 16986 -2
16986 17086 2
16986 16987 2
16987 17087 2
16987 16988 2
16988 17088 2
16988 16989 -2
16989 17089 2
16989 16990 2
16990 17090 -2
16990 16991 -2
16991 17091 -2
16991 16992 -2
16992 17092 2
16992 16993 -2
16993 17093 2
16993 16994 2
16994 17094 -2
16994 16995 2
16995 17095 2
16995 16996 -2
16996 17096 2
16996 16997 -2
16997 17097 2
16997 16998 2
16998 17098 2
16998 16999 -2
16999 17099 2
17000 17100 -2
17000 17099 2
17000 17001 2
17001 17101 2
17001 17002 2
17002 17102 2
17002 17003 2
17003 17103 2
17003 17004 2
17004 17104 -2
17004 17005 -2
17005 17105 2
17005 17006 -2
17006 17106 -2
17006 17007 -2
17007 17107 -2
17007 17008 -2
17008 17108 -2
17008 17009 -2
17009 17109 -2
17009 17010 -2
17010 17110 2
17010 17011 2
17011 17111 2
17011 17012 2
17012 17112 -2
17012 17013 -2
17013 17113 2
17013 17014 2
17014 17114 -2
17014 17015 2
17015 17115 -2
17015 17016 -2
17016 17116 2
17016 17017 2
17017 17117 2
17017 17018 2
17018 17118 -2
17018 17019 2
17019 17119 2
17019 17020 -2
17020 17120 2
17020 17021 2
17021 17121 -2
17021 17022 -2
17022 17122 -2
17022 17023 -2
17023 17123 -2
17023 17024 -2
17024 17124 2
17024 17025 2
17025 17125 2
17025 17026 -2
17026 17126 2
17026 17027 -2
17027 17127 2
17027 17028 -2
17028 17128 -2
17028 17029 2
17029 17129 2
17029 17030 2
17030 17130 2
17030 17031 2
17031 17131 -2
17031 17032 -2
17032 17132 -2
17032 17033 2
17033 17133 -2
17033 17034 2
17034 17134 -2
17034 17035 -2
17035 17135 -2
17035 17036 2
17036 17136 -2
17036 17037 -2
17037 17137 -2
17037 17038 2
17038 17138 2
17038 17039 2
17039 17139 2
17039 17040 2
17040 17140 2
17040 17041 -2
17041 17141 -2
17041 17042 -2
17042 17142 -2
17042 17043 -2
17043 17143 2
17043 17044 -2
17044 17144 -2
17044 17045 -2
17045 17145 -2
17045 17046 2
17046 17146 -2
17046 17047 -2
17047 17147 -2
17047 17048 2
17048 17148 -2
17048 17049 -2
17049 17149 -2
17049 17050 -2
17050 17150 -2
17050 17051 -2
17051 17151 -2
17051 17052 2
17052 17152 2
17052 17053 2
17053 17153 2
17053 17054 -2
17054 17154 2
17054 17055 2
17055 17155 -2
17055 17056 -2
17056 17156 -2
17056 17057 2
17057 17157 -2
17057 17058 2
17058 17158 -2
17058 17059 2
17059 17159 -2
17059 17060 2
17060 17160 -2
17060 17061 2
17061 17161 2
17061 17062 2
17062 17162 -2
17062 17063 -2
17063 17163 -2
17063 17064 2
17064 17164 -2
17064 17065 2
17065 17165 2
17065 17066 2
17066 17166 2
17066 17067 -2
17067 17167 -2
17067 17068 -2
17068 17168 2
17068 17069 -2
17069 17169 2
17069 17070 -2
17070 17170 2
17070 17071 2
17071 17171 -2
17071 17072 2
17072 17172 2
17072 17073 2
17073 17173 -2
17073 17074 2
17074 17174 -2
17074 17075 -2
17075 17175 2
17075 17076 2
17076 17176 -2
17076 17077 2
17077 17177 -2
17077 17078 -2
17078 17178 -2
17078 17079 2
17079 17179 2
17079 17080 2
17080 17180 2
17080 17081 -2
17081 17181 2
17081 17082 -2
17082 17182 -2
17082 17083 -2
17083 17183 2
17083 17084 2
17084 17184 -2
17084 17085 2
17085 17185 -2
17085 17086 -2
17086 17186 -2
17086 17087 -2
17087 17187 -2
17087 17088 -2
17088 17188 -2
17088 17089 -2
17089 17189 -2
17089 17090 2
17090 17190 -2
17090 17091 -2
17091 17191 -2
17091 17092 2
17092 17192 2
17092 17093 -2
17093 17193 2
17093 17094 2
17094 17194 2
17094 17095 -2
17095 17195 2
17095 17096 2
17096 17196 2
17096 17097 2
17097 17197 2
17097 17098 -2
17098 17198 2
17098 17099 -2
17099 17199 2
17100 17200 -2
17100 17199 2
17100 17101 2
17101 17201 2
17101 17102 2
17102 17202 -2
17102 17103 -2
17103 17203 2
17103 17104 2
17104 17204 -2
17104 17105 2
17105 17205 -2
17105 17106 -2
17106 17206 2
17106 17107 -2
17107 17207 2
17107 17108 -2
17108 17208 2
17108 17109 -2
17109 17209 2
17109 17110 -2
17110 17210 -2
17110 17111 -2
17111 17211 2
17111 17112 -2
17112 17212 2
17112 17113 2
17113 17213 -2
17113 17114 2
17114 17214 2
17114 17115 -2
17115 17215 -2
17115 17116 -2
17116 17216 2
17116 17117 2
17117 17217 -2
17117 17118 -2
17118 17218 -2
17118 17119 2
17119 17219 -2
17119 17120 2
17120 17220 2
17120 17121 -2
17121 17221 2
17121 17122 -2
17122 17222 -2
17122 17123 2
17123 17223 -2
17123 17124 -2
17124 17224 -2
17124 17125 2
17125 17225 -2
17125 17126 2
17126 17226 2
17126 17127 -2
17127 17227 -2
17127 17128 -2
17128 17228 2
17128 17129 2
17129 17229 2
17129 17130 -2
17130 17230 -2
17130 17131 2
17131 17231 2
17131 17132 -2
17132 17232 2
17132 17133 2
17133 17233 -2
17133 17134 2
17134 17234 -2
17134 17135 -2
17135 17235 2
17135 17136 2
17136 17236 2
17136 17137 -2
17137 17237 2
17137 17138 2
17138 17238 2
17138 17139 2
17139 17239 -2
17139 17140 -2
17140 17240 2
17140 17141 -2
17141 17241 -2
17141 17142 -2
17142 17242 2
17142 17143 -2
17143 17243 2
17143 17144 2
17144 17244 -2
17144 17145 -2
17145 17245 2
17145 17146 -2
17146 17246 -2
17146 17147 2
17147 17247 -2
17147 17148 2
17148 17248 2
17148 17149 2
17149 17249 2
17149 17150 2
17150 17250 2
17150 17151 -2
17151 17251 -2
17151 17152 2
17152 17252 -2
17152 17153 -2
17153 17253 2
17153 17154 2
17154 17254 2
17154 17155 -2
17155 17255 2
17155 17156 -2
17156 17256 2
17156 17157 -2
17157 17257 2
17157 17158 -2
17158 17258 2
17158 17159 2
17159 17259 2
17159 17160 -2
17160 17260 2
17160 17161 -2
17161 17261 2
17161 17162 2
17162 17262 -2
17162 17163 -2
17163 17263 -2
17163 17164 2
17164 17264 -2
17164 17165 2
17165 17265 2
17165 17166 2
17166 17266 2
17166 17167 2
17167 17267 2
17167 17168 2
17168 17268 2
17168 17169 -2
17169 17269 -2
17169 17170 2
17170 17270 -2
17170 17171 -2
17171 17271 -2
17171 17172 2
17172 17272 -2
17172 17173 -2
17173 17273 2
17173 17174 2
17174 17274 2
17174 17175 -2
17175 17275 2
17175 17176 -2
17176 17276 -2
17176 17177 -2
17177 17277 -2
17177 17178 -2
17178 17278 -2
17178 17179 2
17179 17279 2
17179 17180 -2
17180 17280 2
17180 17181 -2
17181 17281 -2
17181 17182 -2
17182 17282 -2
17182 17183 2
17183 17283 2
17183 17184 2
17184 17284 -2
17184 17185 2
17185 17285 2
17185 17186 2
17186 17286 -2
17186 17187 -2
17187 17287 -2
17187 17188 2
17188 17288 2
17188 17189 2
17189 17289 2
17189 17190 2
17190 17290 -2
17190 17191 2
17191 17291 -2
17191 17192 2
17192 17292 2
17192 17193 2
17193 17293 2
17193 17194 2
17194 17294 -2
17194 17195 -2
17195 17295 2
17195 17196 2
17196 17296 2
17196 17197 2
17197 17297 -2
17197 17198 2
17198 17298 -2
17198 17199 -2
17199 17299 2
17200 17300 -2
17200 17299 2
17200 17201 2
17201 17301 -2
17201 17202 2
17202 17302 -2
17202 17203 -2
17203 17303 2
17203 17204 2
17204 17304 -2
17204 17205 -2
17205 17305 -2
17205 17206 -2
17206 17306 2
17206 17207 2
17207 17307 -2
17207 17208 -2
17208 17308 2
17208 17209 2
17209 17309 2
17209 17210 2
17210 17310 -2
17210 17211 -2
17211 17311 -2
17211 17212 -2
17212 17312 2
17212 17213 -2
17213 17313 2
17213 17214 -2
17214 17314 -2
17214 17215 2
17215 17315 2
17215 17216 2
17216 17316 -2
17216 17217 -2
17217 17317 -2
17217 17218 -2
17218 17318 -2
17218 17219 -2
17219 17319 -2
17219 17220 -2
17220 17320 2
17220 17221 -2
17221 17321 2
17221 17222 2
17222 17322 -2
17222 17223 -2
17223 17323 -2
17223 17224 2
17224 17324 2
17224 17225 -2
17225 17325 -2
17225 17226 -2
17226 17326 2
17226 17227 -2
17227 17327 2
17227 17228 2
17228 17328 2
17228 17229 -2
17229 17329 2
17229 17230 -2
17230 17330 -2
17230 17231 -2
17231 17331 2
17231 17232 2
17232 17332 -2
17232 17233 2
17233 17333 -2
17233 17234 2
17234 17334 -2
17234 17235 2
17235 17335 2
17235 17236 -2
17236 17336 -2
17236 17237 -2
17237 17337 2
17237 17238 -2
17238 17338 2
17238 17239 2
17239 17339 2
17239 17240 -2
17240 17340 -2
17240 17241 -2
17241 17341 -2
17241 17242 -2
17242 17342 -2
17242 17243 2
17243 17343 -2
17243 17244 2
17244 17344 -2
17244 17245 2
17245 17345 -2
17245 17246 -2
17246 17346 2
17246 17247 -2
17247 17347 2
17247 17248 2
17248 17348 2
17248 17249 2
17249 17349 -2
17249 17250 2
17250 17350 2
17250 17251 2
17251 17351 -2
17251 17252 2
17252 17352 2
17252 17253 -2
17253 17353 -2
17253 17254 -2
17254 17354 2
17254 17255 2
17255 17355 -2
17255 17256 2
17256 17356 -2
17256 17257 2
17257 17357 2
17257 17258 -2
17258 17358 -2
17258 17259 -2
17259 17359 2
17259 17260 -2
17260 17360 2
17260 17261 -2
17261 17361 2
17261 17262 2
17262 17362 2
17262 17263 2
17263 17363 2
17263 17264 -2
17264 17364 2
17264 17265 -2
17265 17365 -2
17265 17266 2
17266 17366 2
17266 17267 -2
17267 17367 2
17267 17268 -2
17268 17368 -2
17268 17269 -2
17269 17369 2
17269 17270 -2
17270 17370 -2
17270 17271 2
17271 17371 -2
17271 17272 -2
17272 17372 -2
17272 17273 -2
17273 17373 -2
17273 17274 2
17274 17374 2
17274 17275 2
17275 17375 2
17275 17276 2
17276 17376 -2
17276 17277 2
17277 17377 2
17277 17278 -2
17278 17378 2
17278 17279 -2
17279 17379 -2
17279 17280 2
17280 17380 -2
17280 17281 2
17281 17381 -2
17281 17282 2
17282 17382 2
17282 17283 -2
17283 17383 -2
17283 17284 -2
17284 17384 2
17284 17285 -2
17285 17385 2
17285 17286 2
17286 17386 2
17286 17287 -2
17287 17387 -2
17287 17288 -2
17288 17388 2
17288 17289 2
17289 17389 -2
17289 17290 2
17290 17390 -2
17290 17291 -2
17291 17391 2
17291 17292 -2
17292 17392 -2
17292 17293 2
17293 17393 -2
17293 17294 -2
17294 17394 -2
17294 17295 -2
17295 17395 2
17295 17296 -2
17296 17396 -2
17296 17297 2
17297 17397 2
17297 17298 2
17298 17398 2
17298 17299 2
17299 17399 -2
17300 17400 2
17300 17399 2
17300 17301 -2
17301 17401 2
17301 17302 2
17302 17402 -2
17302 17303 2
17303 17403 2
17303 17304 -2
17304 17404 2
17304 17305 2
17305 17405 -2
17305 17306 -2
17306 17406 2
17306 17307 -2
17307 17407 2
17307 17308 2
17308 17408 2
17308 17309 -2
17309 17409 -2
17309 17310 2
17310 17410 -2
17310 17311 -2
17311 17411 -2
17311 17312 -2
17312 17412 2
17312 17313 2
17313 17413 2
17313 17314 -2
17314 17414 2
17314 17315 -2
17315 17415 -2
17315 17316 -2
17316 17416 -2
17316 17317 -2
17317 17417 -2
17317 17318 2
17318 17418 2
17318 17319 -2
17319 17419 -2
17319 17320 2
17320 17420 -2
17320 17321 -2
17321 17421 2
17321 17322 -2
17322 17422 -2
17322 17323 -2
17323 17423 -2
17323 17324 2
17324 17424 2
17324 17325 -2
17325 17425 -2
17325 17326 2
17326 17426 2
17326 17327 -2
17327 17427 -2
17327 17328 2
17328 17428 2
17328 17329 -2
17329 17429 -2
17329 17330 -2
17330 17430 2
17330 17331 2
17331 17431 -2
17331 17332 2
17332 17432 -2
17332 17333 2
17333 17433 2
17333 17334 2
17334 17434 2
17334 17335 2
17335 17435 2
17335 17336 -2
17336 17436 -2
17336 17337 2
17337 17437 -2
17337 17338 -2
17338 17438 2
17338 17339 2
17339 17439 -2
17339 17340 -2
17340 17440 2
17340 17341 -2
17341 17441 2
17341 17342 -2
17342 17442 -2
17342 17343 -2
17343 17443 -2
17343 17344 -2
17344 17444 2
17344 17345 2
17345 17445 2
17345 17346 -2
17346 17446 2
17346 17347 -2
17347 17447 -2
17347 17348 2
17348 17448 -2
17348 17349 2
17349 17449 2
17349 17350 -2
17350 17450 2
17350 17351 2
17351 17451 -2
17351 17352 2
17352 17452 -2
17352 17353 2
17353 17453 2
17353 17354 2
17354 17454 -2
17354 17355 -2
17355 17455 -2
17355 17356 -2
17356 17456 2
17356 17357 -2
17357 17457 -2
17357 17358 -2
17358 17458 2
17358 17359 -2
17359 17459 -2
17359 17360 -2
17360 17460 -2
17360 17361 -2
17361 17461 -2
17361 17362 2
17362 17462 2
17362 17363 -2
17363 17463 2
17363 17364 2
17364 17464 2
17364 17365 -2
17365 17465 2
17365 17366 2
17366 17466 2
17366 17367 -2
17367 17467 2
17367 17368 -2
17368 17468 2
17368 17369 -2
17369 17469 -2
17369 17370 2
17370 17470 -2
17370 17371 -2
17371 17471 2
17371 17372 -2
17372 17472 2
17372 17373 2
17373 17473 2
17373 17374 -2
17374 17474 -2
17374 17375 2
17375 17475 2
17375 17376 2
17376 17476 -2
17376 17377 -2
17377 17477 2
17377 17378 -2
17378 17478 -2
17378 17379 -2
17379 17479 2
17379 17380 2
17380 17480 2
17380 17381 2
17381 17481 -2
17381 17382 2
17382 17482 -2
17382 17383 -2
17383 17483 2
17383 17384 2
17384 17484 -2
17384 17385 2
17385 17485 2
17385 17386 2
17386 17486 2
17386 17387 -2
17387 17487 -2
17387 17388 2
17388 17488 2
17388 17389 2
17389 17489 -2
17389 17390 2
17390 17490 2
17390 17391 -2
17391 17491 -2
17391 17392 2
17392 17492 -2
17392 17393 2
17393 17493 -2
17393 17394 2
17394 17494 2
17394 17395 2
17395 17495 -2
17395 17396 -2
17396 17496 -2
17396 17397 2
17397 17497 2
17397 17398 -2
17398 17498 2
17398 17399 -2
17399 17499 -2
17400 17500 2
17400 17499 2
17400 17401 2
17401 17501 2
17401 17402 -2
17402 17502 2
17402 17403 2
17403 17503 2
17403 17404 -2
17404 17504 -2
17404 17405 -2
17405 17505 2
17405 17406 -2
17406 17506 2
17406 17407 -2
17407 17507 -2
17407 17408 2
17408 17508 -2
17408 17409 2
17409 17509 -2
17409 17410 -2
17410 17510 2
17410 17411 2
17411 17511 -2
17411 17412 2
17412 17512 2
17412 17413 2
17413 17513 -2
17413 17414 -2
17414 17514 2
17414 17415 -2
17415 17515 -2
17415 17416 2
17416 17516 2
17416 17417 -2
17417 17517 -2
17417 17418 -2
17418 17518 2
17418 17419 -2
17419 17519 -2
17419 17420 2
17420 17520 2
17420 17421 -2
17421 17521 -2
17421 17422 -2
17422 17522 2
17422 17423 2
17423 17523 2
17423 17424 2
17424 17524 -2
17424 17425 -2
17425 17525 2
17425 17426 2
17426 17526 2
17426 17427 -2
17427 17527 2
17427 17428 -2
17428 17528 -2
17428 17429 -2
17429 17529 2
17429 17430 2
17430 17530 2
17430 17431 -2
17431 17531 2
17431 17432 2
17432 17532 -2
17432 17433 -2
17433 17533 2
17433 17434 2
17434 17534 -2
17434 17435 2
17435 17535 2
17435 17436 2
17436 17536 2
17436 17437 2
17437 17537 2
17437 17438 -2
17438 17538 2
17438 17439 -2
17439 17539 -2
17439 17440 -2
17440 17540 -2
17440 17441 -2
17441 17541 -2
17441 17442 -2
17442 17542 2
17442 17443 -2
17443 17543 -2
17443 17444 -2
17444 17544 -2
17444 17445 2
17445 17545 -2
17445 17446 -2
17446 17546 -2
17446 17447 -2
17447 17547 2
17447 17448 2
17448 17548 -2
17448 17449 2
17449 17549 -2
17449 17450 2
17450 17550 -2
17450 17451 2
17451 17551 2
17451 17452 2
17452 17552 2
17452 17453 -2
17453 17553 -2
17453 17454 2
17454 17554 2
17454 17455 -2
17455 17555 2
17455 17456 2
17456 17556 -2
17456 17457 2
17457 17557 -2
17457 17458 2
17458 17558 -2
17458 17459 -2
17459 17559 -2
17459 17460 -2
17460 17560 -2
17460 17461 2
17461 17561 -2
17461 17462 -2
17462 17562 2
17462 17463 -2
17463 17563 -2
17463 17464 2
17464 17564 2
17464 17465 2
17465 17565 2
17465 17466 -2
17466 17566 2
17466 17467 -2
17467 17567 -2
17467 17468 2
17468 17568 2
17468 17469 -2
17469 17569 2
17469 17470 -2
17470 17570 -2
17470 17471 2
17471 17571 2
17471 17472 -2
17472 17572 -2
17472 17473 -2
17473 17573 -2
17473 17474 -2
17474 17574 -2
17474 17475 2
17475 17575 2
17475 17476 2
17476 17576 -2
17476 17477 -2
17477 17577 2
17477 17478 2
17478 17578 -2
17478 17479 -2
17479 17579 -2
17479 17480 2
17480 17580 2
17480 17481 -2
17481 17581 2
17481 17482 2
17482 17582 -2
17482 17483 2
17483 17583 2
17483 17484 -2
17484 17584 2
17484 17485 -2
17485 17585 -2
17485 17486 -2
17486 17586 -2
17486 17487 -2
17487 17587 -2
17487 17488 2
17488 17588 2
17488 17489 -2
17489 17589 -2
17489 17490 2
17490 17590 2
17490 17491 2
17491 17591 2
17491 17492 -2
17492 17592 2
17492 17493 -2
17493 17593 -2
17493 17494 -2
17494 17594 -2
17494 17495 -2
17495 17595 -2
17495 17496 2
17496 17596 2
17496 17497 2
17497 17597 2
17497 17498 -2
17498 17598 -2
17498 17499 2
17499 17599 2
17500 17600 2
17500 17599 2
17500 17501 -2
17501 17601 -2
17501 17502 2
17502 17602 -2
17502 17503 2
17503 17603 -2
17503 17504 2
17504 17604 -2
17504 17505 2
17505 17605 -2
17505 17506 -2
17506 17606 -2
17506 17507 -2
17507 17607 2
17507 17508 -2
17508 17608 2
17508 17509 -2
17509 17609 2
17509 17510 -2
17510 17610 2
17510 17511 -2
17511 17611 2
17511 17512 2
17512 17612 2
17512 17513 -2
17513 17613 -2
17513 17514 2
17514 17614 2
17514 17515 -2
17515 17615 2
17515 17516 2
17516 17616 -2
17516 17517 -2
17517 17617 2
17517 17518 -2
17518 17618 -2
17518 17519 -2
17519 17619 -2
17519 17520 2
17520 17620 2
17520 17521 2
17521 17621 -2
17521 17522 2
17522 17622 -2
17522 17523 -2
17523 17623 -2
17523 17524 -2
17524 17624 -2
17524 17525 -2
17525 17625 -2
17525 17526 2
17526 17626 2
17526 17527 2
17527 17627 2
17527 17528 2
17528 17628 2
17528 17529 -2
17529 17629 -2
17529 17530 -2
17530 17630 -2
17530 17531 -2
17531 17631 2
17531 17532 -2
17532 17632 2
17532 17533 -2
17533 17633 -2
17533 17534 2
17534 17634 -2
17534 17535 -2
17535 17635 2
17535 17536 2
17536 17636 2
17536 17537 2
17537 17637 -2
17537 17538 2
17538 17638 -2
17538 17539 -2
17539 17639 -2
17539 17540 -2
17540 17640 2
17540 17541 -2
17541 17641 2
17541 17542 -2
17542 17642 2
17542 17543 -2
17543 17643 -2
17543 17544 -2
17544 17644 -2
17544 17545 -2
17545 17645 -2
17545 17546 2
17546 17646 -2
17546 17547 2
17547 17647 2
17547 17548 -2
17548 17648 2
17548 17549 -2
17549 17649 2
17549 17550 -2
17550 17650 -2
17550 17551 -2
17551 17651 -2
17551 17552 -2
17552 17652 2
17552 17553 2
17553 17653 -2
17553 17554 2
17554 17654 2
17554 17555 2
17555 17655 2
17555 17556 -2
17556 17656 -2
17556 17557 -2
17557 17657 2
17557 17558 -2
17558 17658 2
17558 17559 -2
17559 17659 2
17559 17560 2
17560 17660 -2
17560 17561 -2
17561 17661 -2
17561 17562 -2
17562 17662 -2
17562 17563 -2
17563 17663 -2
17563 17564 -2
17564 17664 2
17564 17565 2
17565 17665 2
17565 17566 -2
17566 17666 -2
17566 17567 -2
17567 17667 -2
17567 17568 2
17568 17668 -2
17568 17569 -2
17569 17669 2
17569 17570 -2
17570 17670 2
17570 17571 2
17571 17671 2
17571 17572 -2
17572 17672 -2
17572 17573 -2
17573 17673 2
17573 17574 -2
17574 17674 -2
17574 17575 2
17575 17675 2
17575 17576 2
17576 17676 -2
17576 17577 -2
17577 17677 2
17577 17578 -2
17578 17678 -2
17578 17579 -2
17579 17679 2
17579 17580 -2
17580 17680 2
17580 17581 2
17581 17681 2
17581 17582 2
17582 17682 2
17582 17583 2
17583 17683 -2
17583 17584 2
17584 17684 -2
17584 17585 2
17585 17685 2
17585 17586 2
17586 17686 -2
17586 17587 -2
17587 17687 2
17587 17588 -2
17588 17688 2
17588 17589 2
17589 17689 2
17589 17590 -2
17590 17690 -2
17590 17591 -2
17591 17691 2
17591 17592 2
17592 17692 -2
17592 17593 2
17593 17693 -2
17593 17594 -2
17594 17694 -2
17594 17595 -2
17595 17695 -2
17595 17596 2
17596 17696 -2
17596 17597 -2
17597 17697 2
17597 17598 -2
17598 17698 -2
17598 17599 2
17599 17699 -2
17600 17700 -2
17600 17699 2
17600 17601 2
17601 17701 2
17601 17602 -2
17602 17702 -2
17602 17603 -2
17603 17703 2
17603 17604 -2
17604 17704 2
17604 17605 -2
17605 17705 -2
17605 17606 -2
17606 17706 2
17606 17607 2
17607 17707 -2
17607 17608 2
17608 17708 2
17608 17609 2
17609 17709 2
17609 17610 2
17610 17710 -2
17610 17611 -2
17611 17711 2
17611 17612 2
17612 17712 -2
17612 17613 2
17613 17713 -2
17613 17614 2
17614 17714 2
17614 17615 -2
17615 17715 -2
17615 17616 2
17616 17716 2
17616 17617 2
17617 17717 -2
17617 17618 -2
17618 17718 2
17618 17619 -2
17619 17719 -2
17619 17620 -2
17620 17720 -2
17620 17621 -2
17621 17721 -2
17621 17622 -2
17622 17722 2
17622 17623 -2
17623 17723 -2
17623 17624 2
17624 17724 2
17624 17625 -2
17625 17725 2
17625 17626 2
17626 17726 2
17626 17627 2
17627 17727 -2
17627 17628 -2
17628 17728 -2
17628 17629 -2
17629 17729 -2
17629 17630 -2
17630 17730 2
17630 17631 2
17631 17731 2
17631 17632 2
17632 17732 2
17632 17633 2
17633 17733 2
17633 17634 2
17634 17734 -2
17634 17635 -2
17635 17735 -2
17635 17636 2
17636 17736 2
17636 17637 2
17637 17737 -2
17637 17638 -2
17638 17738 -2
17638 17639 -2
17639 17739 2
17639 17640 -2
17640 17740 -2
17640 17641 -2
17641 17741 -2
17641 17642 -2
17642 17742 -2
17642 17643 2
17643 17743 2
17643 17644 -2
17644 17744 2
17644 17645 2
17645 17745 2
17645 17646 -2
17646 17746 2
17646 17647 -2
17647 17747 2
17647 17648 -2
17648 17748 -2
17648 17649 -2
17649 17749 2
17649 17650 -2
17650 17750 -2
17650 17651 2
17651 17751 -2
17651 17652 -2
17652 17752 2
17652 17653 -2
17653 17753 2
17653 17654 2
17654 17754 -2
17654 17655 2
17655 17755 -2
17655 17656 2
17656 17756 -2
17656 17657 2
17657 17757 2
17657 17658 2
17658 17758 2
17658 17659 -2
17659 17759 -2
17659 17660 -2
17660 17760 2
17660 17661 2
17661 17761 -2
17661 17662 2
17662 17762 2
17662 17663 -2
17663 17763 -2
17663 17664 -2
17664 17764 -2
17664 17665 -2
17665 17765 -2
17665 17666 -2
17666 17766 2
17666 17667 -2
17667 17767 2
17667 17668 -2
17668 17768 -2
17668 17669 2
17669 17769 2
17669 17670 -2
17670 17770 2
17670 17671 2
17671 17771 2
17671 17672 2
17672 17772 -2
17672 17673 -2
17673 17773 2
17673 17674 2
17674 17774 2
17674 17675 -2
17675 17775 2
17675 17676 2
17676 17776 2
17676 17677 -2
17677 17777 -2
17677 17678 -2
17678 17778 2
17678 17679 2
17679 17779 2
17679 17680 -2
17680 17780 -2
17680 17681 2
17681 17781 2
17681 17682 -2
17682 17782 -2
17682 17683 -2
17683 17783 2
17683 17684 -2
17684 17784 2
17684 17685 2
17685 17785 2
17685 17686 -2
17686 17786 2
17686 17687 -2
17687 17787 2
17687 17688 2
17688 17788 2
17688 17689 -2
17689 17789 2
17689 17690 -2
17690 17790 -2
17690 17691 2
17691 17791 -2
17691 17692 -2
17692 17792 -2
17692 17693 2
17693 17793 2
17693 17694 -2
17694 17794 2
17694 17695 -2
17695 17795 -2
17695 17696 -2
17696 17796 -2
17696 17697 -2
17697 17797 2
17697 17698 2
17698 17798 -2
17698 17699 -2
17699 17799 2
17700 17800 -2
17700 17799 -2
17700 17701 -2
17701 17801 -2
17701 17702 2
17702 17802 -2
17702 17703 2
17703 17803 -2
17703 17704 -2
17704 17804 -2
17704 17705 2
17705 17805 2
17705 17706 2
17706 17806 2
17706 17707 2
17707 17807 -2
17707 17708 -2
17708 17808 2
17708 17709 2
17709 17809 2
17709 17710 -2
17710 17810 2
17710 17711 2
17711 17811 -2
17711 17712 -2
17712 17812 -2
17712 17713 2
17713 17813 2
17713 17714 -2
17714 17814 2
17714 17715 -2
17715 17815 2
17715 17716 2
17716 17816 -2
17716 17717 2
17717 17817 2
17717 17718 -2
17718 17818 2
17718 17719 2
17719 17819 2
17719 17720 -2
17720 17820 2
17720 17721 -2
17721 17821 2
17721 17722 2
17722 17822 2
17722 17723 -2
17723 17823 -2
17723 17724 -2
17724 17824 -2
17724 17725 -2
17725 17825 -2
17725 17726 2
17726 17826 2
17726 17727 2
17727 17827 -2
17727 17728 -2
17728 17828 -2
17728 17729 -2
17729 17829 2
17729 17730 -2
17730 17830 -2
17730 17731 2
17731 17831 2
17731 17732 -2
17732 17832 -2
17732 17733 2
17733 17833 2
17733 17734 -2
17734 17834 2
17734 17735 -2
17735 17835 -2
17735 17736 -2
17736 17836 -2
17736 17737 2
17737 17837 2
17737 17738 2
17738 17838 2
17738 17739 -2
17739 17839 -2
17739 17740 -2
17740 17840 -2
17740 17741 -2
17741 17841 -2
17741 17742 2
17742 17842 2
17742 17743 2
17743 17843 2
17743 17744 -2
17744 17844 2
17744 17745 2
17745 17845 2
17745 17746 2
17746 17846 2
17746 17747 2
17747 17847 -2
17747 17748 -2
17748 17848 -2
17748 17749 -2
17749 17849 -2
17749 17750 2
17750 17850 2
17750 17751 -2
17751 17851 2
17751 17752 -2
17752 17852 -2
17752 17753 -2
17753 17853 2
17753 17754 -2
17754 17854 2
17754 17755 -2
17755 17855 -2
17755 17756 -2
17756 17856 -2
17756 17757 -2
17757 17857 2
17757 17758 -2
17758 17858 -2
17758 17759 -2
17759 17859 -2
17759 17760 2
17760 17860 -2
17760 17761 2
17761 17861 2
17761 17762 -2
17762 17862 2
17762 17763 -2
17763 17863 2
17763 17764 -2
17764 17864 -2
17764 17765 -2
17765 17865 -2
17765 17766 2
17766 17866 -2
17766 17767 -2
17767 17867 -2
17767 17768 -2
17768 17868 -2
17768 17769 2
17769 17869 2
17769 17770 -2
17770 17870 -2
17770 17771 2
17771 17871 -2
17771 17772 2
17772 17872 2
17772 17773 2
17773 17873 -2
17773 17774 -2
17774 17874 -2
17774 17775 -2
17775 17875 -2
17775 17776 2
17776 17876 -2
17776 17777 -2
17777 17877 -2
17777 17778 2
17778 17878 -2
17778 17779 -2
17779 17879 -2
17779 17780 -2
17780 17880 -2
17780 17781 -2
17781 17881 -2
17781 17782 2
17782 17882 2
17782 17783 -2
17783 17883 -2
17783 17784 -2
17784 17884 -2
17784 17785 -2
17785 17885 2
17785 17786 2
17786 17886 2
17786 17787 -2
17787 17887 -2
17787 17788 2
17788 17888 -2
17788 17789 -2
17789 17889 2
17789 17790 -2
17790 17890 -2
17790 17791 2
17791 17891 -2
17791 17792 -2
17792 17892 -2
17792 17793 2
17793 17893 -2
17793 17794 -2
17794 17894 2
17794 17795 -2
17795 17895 -2
17795 17796 -2
17796 17896 -2
17796 17797 -2
17797 17897 2
17797 17798 -2
17798 17898 2
17798 17799 -2
17799 17899 2
17800 17900 2
17800 17899 -2
17800 17801 2
17801 17901 2
17801 17802 -2
17802 17902 -2
17802 17803 2
17803 17903 2
17803 17804 2
17804 17904 -2
17804 17805 2
17805 17905 2
17805 17806 -2
17806 17906 2
17806 17807 2
17807 17907 -2
17807 17808 -2
17808 17908 2
17808 17809 2
17809 17909 2
17809 17810 -2
17810 17910 -2
17810 17811 -2
17811 17911 -2
17811 17812 -2
17812 17912 2
17812 17813 2
17813 17913 2
17813 17814 -2
17814 17914 -2
17814 17815 2
17815 17915 -2
17815 17816 2
17816 17916 -2
17816 17817 2
17817 17917 -2
17817 17818 -2
17818 17918 2
17818 17819 2
17819 17919 -2
17819 17820 -2
17820 17920 2
17820 17821 2
17821 17921 -2
17821 17822 2
17822 17922 -2
17822 17823 -2
17823 17923 -2
17823 17824 -2
17824 17924 2
17824 17825 -2
17825 17925 -2
17825 17826 -2
17826 17926 -2
17826 17827 2
17827 17927 -2
17827 17828 2
17828 17928 2
17828 17829 -2
17829 17929 2
17829 17830 -2
17830 17930 2
17830 17831 -2
17831 17931 -2
17831 17832 2
17832 17932 2
17832 17833 2
17833 17933 -2
17833 17834 2
17834 17934 2
17834 17835 2
17835 17935 -2
17835 17836 2
17836 17936 2
17836 17837 2
17837 17937 -2
17837 17838 2
17838 17938 -2
17838 17839 -2
17839 17939 2
17839 17840 2
17840 17940 -2
17840 17841 2
17841 17941 2
17841 17842 -2
17842 17942 -2
17842 17843 2
17843 17943 2
17843 17844 2
17844 17944 -2
17844 17845 -2
17845 17945 -2
17845 17846 -2
17846 17946 -2
17846 17847 2
17847 17947 -2
17847 17848 -2
17848 17948 -2
17848 17849 -2
17849 17949 -2
17849 17850 2
17850 17950 -2
17850 17851 -2
17851 17951 2
17851 17852 2
17852 17952 2
17852 17853 2
17853 17953 2
17853 17854 2
17854 17954 2
17854 17855 2
17855 17955 2
17855 17856 2
17856 17956 2
17856 17857 -2
17857 17957 -2
17857 17858 -2
17858 17958 2
17858 17859 -2
17859 17959 2
17859 17860 2
17860 17960 -2
17860 17861 -2
17861 17961 -2
17861 17862 2
17862 17962 -2
17862 17863 2
17863 17963 -2
17863 17864 -2
17864 17964 2
17864 17865 2
17865 17965 2
17865 17866 2
17866 17966 -2
17866 17867 2
17867 17967 -2
17867 17868 -2
17868 17968 2
17868 17869 2
17869 17969 -2
17869 17870 2
17870 17970 2
17870 17871 -2
17871 17971 -2
17871 17872 -2
17872 17972 2
17872 17873 -2
17873 17973 2
17873 17874 -2
17874 17974 2
17874 17875 2
17875 17975 2
17875 17876 2
17876 17976 -2
17876 17877 2
17877 17977 -2
17877 17878 2
17878 17978 -2
17878 17879 -2
17879 17979 -2
17879 17880 -2
17880 17980 2
17880 17881 2
17881 17981 2
17881 17882 -2
17882 17982 -2
17882 17883 -2
17883 17983 -2
17883 17884 2
17884 17984 -2
17884 17885 2
17885 17985 -2
17885 17886 2
17886 17986 2
17886 17887 -2
17887 17987 -2
17887 17888 2
17888 17988 -2
17888 17889 2
17889 17989 -2
17889 17890 2
17890 17990 2
17890 17891 -2
17891 17991 2
17891 17892 2
17892 17992 -2
17892 17893 -2
17893 17993 -2
17893 17894 2
17894 17994 2
17894 17895 2
17895 17995 2
17895 17896 -2
17896 17996 -2
17896 17897 2
17897 17997 -2
17897 17898 -2
17898 17998 2
17898 17899 2
17899 17999 2
17900 18000 2
17900 17999 -2
17900 17901 2
17901 18001 2
17901 17902 2
17902 18002 -2
17902 17903 -2
17903 18003 2
17903 17904 -2
17904 18004 2
17904 17905 2
17905 18005 2
17905 17906 2
17906 18006 -2
17906 17907 2
17907 18007 2
17907 17908 2
17908 18008 -2
17908 17909 2
17909 18009 2
17909 17910 2
17910 18010 2
17910 17911 2
17911 18011 -2
17911 17912 2
17912 18012 2
17912 17913 -2
17913 18013 2
17913 17914 -2
17914 18014 2
17914 17915 -2
17915 18015 -2
17915 17916 2
17916 18016 -2
17916 17917 -2
17917 18017 2
17917 17918 2
17918 18018 -2
17918 17919 2
17919 18019 2
17919 17920 -2
17920 18020 2
17920 17921 -2
17921 18021 2
17921 17922 2
17922 18022 2
17922 17923 2
17923 18023 2
17923 17924 2
17924 18024 -2
17924 17925 -2
17925 18025 -2
17925 17926 2
17926 18026 2
17926 17927 -2
17927 18027 2
17927 17928 2
17928 18028 2
17928 17929 -2
17929 18029 -2
17929 17930 -2
17930 18030 -2
17930 17931 -2
17931 18031 -2
17931 17932 -2
17932 18032 2
17932 17933 -2
17933 18033 -2
17933 17934 -2
17934 18034 -2
17934 17935 2
17935 18035 2
17935 17936 -2
17936 18036 -2
17936 17937 2
17937 18037 -2
17937 17938 2
17938 18038 2
17938 17939 -2
17939 18039 -2
17939 17940 -2
17940 18040 2
17940 17941 -2
17941 18041 -2
17941 17942 2
17942 18042 -2
17942 17943 -2
17943 18043 2
17943 17944 2
17944 18044 2
17944 17945 2
17945 18045 -2
17945 17946 -2
17946 18046 2
17946 17947 -2
17947 18047 -2
17947 17948 -2
17948 18048 2
17948 17949 -2
17949 18049 2
17949 17950 -2
17950 18050 -2
17950 17951 -2
17951 18051 2
17951 17952 2
17952 18052 2
17952 17953 2
17953 18053 -2
17953 17954 -2
17954 18054 -2
17954 17955 -2
17955 18055 -2
17955 17956 2
17956 18056 2
17956 17957 -2
17957 18057 2
17957 17958 -2
17958 18058 -2
17958 17959 2
17959 18059 -2
17959 17960 2
17960 18060 2
17960 17961 2
17961 18061 -2
17961 17962 2
17962 18062 2
17962 17963 -2
17963 18063 -2
17963 17964 2
17964 18064 -2
17964 17965 2
17965 18065 2
17965 17966 -2
17966 18066 2
17966 17967 2
17967 18067 2
17967 17968 2
17968 18068 2
17968 17969 2
17969 18069 -2
17969 17970 -2
17970 18070 -2
17970 17971 2
17971 18071 2
17971 17972 -2
17972 18072 2
17972 17973 -2
17973 18073 -2
17973 17974 2
17974 18074 -2
17974 17975 2
17975 18075 -2
17975 17976 2
17976 18076 2
17976 17977 2
17977 18077 -2
17977 17978 2
17978 18078 2
17978 17979 2
17979 18079 2
17979 17980 -2
17980 18080 2
17980 17981 2
17981 18081 2
17981 17982 -2
17982 18082 -2
17982 17983 -2
17983 18083 -2
17983 17984 2
17984 18084 -2
17984 17985 -2
17985 18085 -2
17985 17986 -2
17986 18086 -2
17986 17987 2
17987 18087 -2
17987 17988 -2
17988 18088 2
17988 17989 -2
17989 18089 -2
17989 17990 -2
17990 18090 2
17990 17991 -2
17991 18091 2
17991 17992 -2
17992 18092 -2
17992 17993 -2
17993 18093 -2
17993 17994 -2
17994 18094 -2
17994 17995 2
17995 18095 2
17995 17996 2
17996 18096 2
17996 17997 2
17997 18097 2
17997 17998 2
17998 18098 -2
17998 17999 -2
17999 18099 -2
18000 18100 -2
18000 18099 -2
18000 18001 -2
18001 18101 2
18001 18002 2
18002 18102 2
18002 18003 -2
18003 18103 -2
18003 18004 -2
18004 18104 2
18004 18005 2
18005 18105 -2
18005 18006 2
18006 18106 2
18006 18007 -2
18007 18107 -2
18007 18008 -2
18008 18108 -2
18008 18009 2
18009 18109 2
18009 18010 2
18010 18110 2
18010 18011 2
18011 18111 -2
18011 18012 2
18012 18112 -2
18012 18013 -2
18013 18113 -2
18013 18014 2
18014 18114 -2
18014 18015 -2
18015 18115 2
18015 18016 2
18016 18116 -2
18016 18017 -2
18017 18117 -2
18017 18018 -2
18018 18118 -2
18018 18019 -2
18019 18119 2
18019 18020 2
18020 18120 2
18020 18021 -2
18021 18121 -2
18021 18022 2
18022 18122 -2
18022 18023 2
18023 18123 2
18023 18024 2
18024 18124 -2
18024 18025 -2
18025 18125 -2
18025 18026 -2
18026 18126 -2
18026 18027 2
18027 18127 -2
18027 18028 2
18028 18128 2
18028 18029 -2
18029 18129 -2
18029 18030 2
18030 18130 -2
18030 18031 2
18031 18131 2
18031 18032 2
18032 18132 2
18032 18033 -2
18033 18133 -2
18033 18034 2
18034 18134 2
18034 18035 -2
18035 18135 -2
18035 18036 -2
18036 18136 2
18036 18037 2
18037 18137 2
18037 18038 -2
18038 18138 -2
18038 18039 2
18039 18139 -2
18039 18040 2
18040 18140 2
18040 18041 2
18041 18141 2
18041 18042 -2
18042 18142 -2
18042 18043 2
18043 18143 2
18043 18044 -2
18044 18144 2
18044 18045 2
18045 18145 2
18045 18046 2
18046 18146 -2
18046 18047 -2
18047 18147 2
18047 18048 -2
18048 18148 -2
18048 18049 -2
18049 18149 -2
18049 18050 2
18050 18150 -2
18050 18051 -2
18051 18151 -2
18051 18052 2
18052 18152 2
18052 18053 -2
18053 18153 -2
18053 18054 2
18054 18154 2
18054 18055 2
18055 18155 -2
18055 18056 -2
18056 18156 2
18056 18057 2
18057 18157 2
18057 18058 2
18058 18158 -2
18058 18059 2
18059 18159 -2
18059 18060 2
18060 18160 -2
18060 18061 -2
18061 18161 2
18061 18062 2
18062 18162 2
18062 18063 2
18063 18163 2
18063 18064 2
18064 18164 2
18064 18065 -2
18065 18165 -2
18065 18066 2
18066 18166 -2
18066 18067 2
18067 18167 2
18067 18068 2
18068 18168 2
18068 18069 2
18069 18169 -2
18069 18070 2
18070 18170 2
18070 18071 -2
18071 18171 2
18071 18072 2
18072 18172 2
18072 18073 2
18073 18173 -2
18073 18074 -2
18074 18174 2
18074 18075 -2
18075 18175 -2
18075 18076 2
18076 18176 2
18076 18077 -2
18077 18177 -2
18077 18078 2
18078 18178 -2
18078 18079 2
18079 18179 -2
18079 18080 -2
18080 18180 -2
18080 18081 2
18081 18181 -2
18081 18082 2
18082 18182 -2
18082 18083 -2
18083 18183 -2
18083 18084 -2
18084 18184 -2
18084 18085 -2
18085 18185 2
18085 18086 -2
18086 18186 2
18086 18087 2
18087 18187 -2
18087 18088 2
18088 18188 2
18088 18089 -2
18089 18189 2
18089 18090 2
18090 18190 -2
18090 18091 2
18091 18191 2
18091 18092 2
18092 18192 -2
18092 18093 2
18093 18193 2
18093 18094 -2
18094 18194 2
18094 18095 -2
18095 18195 -2
18095 18096 2
18096 18196 2
18096 18097 2
18097 18197 -2
18097 18098 -2
18098 18198 -2
18098 18099 2
18099 18199 -2
18100 18200 2
18100 18199 -2
18100 18101 -2
18101 18201 -2
18101 18102 -2
18102 18202 -2
18102 18103 2
18103 18203 2
18103 18104 2
18104 18204 -2
18104 18105 2
18105 18205 2
18105 18106 -2
18106 18206 -2
18106 18107 -2
18107 18207 -2
18107 18108 -2
18108 18208 -2
18108 18109 -2
18109 18209 2
18109 18110 -2
18110 18210 -2
18110 18111 -2
18111 18211 2
18111 18112 -2
18112 18212 2
18112 18113 -2
18113 18213 -2
18113 18114 2
18114 18214 -2
18114 18115 2
18115 18215 -2
18115 18116 -2
18116 18216 -2
18116 18117 2
18117 18217 -2
18117 18118 -2
18118 18218 2
18118 18119 -2
18119 18219 -2
18119 18120 -2
18120 18220 2
18120 18121 -2
18121 18221 -2
18121 18122 -2
18122 18222 -2
18122 18123 -2
18123 18223 2
18123 18124 -2
18124 18224 2
18124 18125 2
18125 18225 -2
18125 18126 -2
18126 18226 2
18126 18127 -2
18127 18227 2
18127 18128 -2
18128 18228 -2
18128 18129 -2
18129 18229 2
18129 18130 2
18130 18230 -2
18130 18131 -2
18131 18231 2
18131 18132 -2
18132 18232 -2
18132 18133 2
18133 18233 -2
18133 18134 -2
18134 18234 2
18134 18135 2
18135 18235 -2
18135 18136 -2
18136 18236 2
18136 18137 2
18137 18237 -2
18137 18138 -2
18138 18238 -2
18138 18139 -2
18139 18239 -2
18139 18140 -2
18140 18240 -2
18140 18141 -2
18141 18241 2
18141 18142 2
18142 18242 2
18142 18143 2
18143 18243 -2
18143 18144 -2
18144 18244 2
18144 18145 -2
18145 18245 -2
18145 18146 -2
18146 18246 2
18146 18147 2
18147 18247 -2
18147 18148 -2
18148 18248 2
18148 18149 -2
18149 18249 -2
18149 18150 -2
18150 18250 -2
18150 18151 2
18151 18251 -2
18151 18152 2
18152 18252 -2
18152 18153 -2
18153 18253 -2
18153 18154 2
18154 18254 2
18154 18155 2
18155 18255 -2
18155 18156 2
18156 18256 -2
18156 18157 -2
18157 18257 2
18157 18158 2
18158 18258 -2
18158 18159 2
18159 18259 -2
18159 18160 2
18160 18260 -2
18160 18161 2
18161 18261 -2
18161 18162 -2
18162 18262 2
18162 18163 -2
18163 18263 -2
18163 18164 2
18164 18264 2
18164 18165 -2
18165 18265 2
18165 18166 2
18166 18266 2
18166 18167 -2
18167 18267 -2
18167 18168 2
18168 18268 -2
18168 18169 2
18169 18269 -2
18169 18170 2
18170 18270 -2
18170 18171 -2
18171 18271 -2
18171 18172 2
18172 18272 2
18172 18173 2
18173 18273 -2
18173 18174 2
18174 18274 -2
18174 18175 -2
18175 18275 -2
18175 18176 -2
18176 18276 -2
18176 18177 -2
18177 18277 2
18177 18178 2
18178 18278 2
18178 18179 -2
18179 18279 -2
18179 18180 2
18180 18280 -2
18180 18181 -2
18181 18281 2
18181 18182 2
18182 18282 2
18182 18183 2
18183 18283 -2
18183 18184 -2
18184 18284 -2
18184 18185 2
18185 18285 2
18185 18186 2
18186 18286 2
18186 18187 2
18187 18287 -2
18187 18188 2
18188 18288 2
18188 18189 2
18189 18289 2
18189 18190 -2
18190 18290 -2
18190 18191 2
18191 18291 2
18191 18192 -2
18192 18292 -2
18192 18193 -2
18193 18293 2
18193 18194 -2
18194 18294 -2
18194 18195 2
18195 18295 2
18195 18196 -2
18196 18296 -2
18196 18197 -2
18197 18297 -2
18197 18198 2
18198 18298 -2
18198 18199 2
18199 18299 2
18200 18300 2
18200 18299 -2
18200 18201 2
18201 18301 2
18201 18202 2
18202 18302 -2
18202 18203 2
18203 18303 -2
18203 18204 2
18204 18304 -2
18204 18205 2
18205 18305 -2
18205 18206 2
18206 18306 -2
18206 18207 2
18207 18307 -2
18207 18208 -2
18208 18308 2
18208 18209 -2
18209 18309 -2
18209 18210 -2
18210 18310 -2
18210 18211 2
18211 18311 -2
18211 18212 2
18212 18312 -2
18212 18213 -2
18213 18313 2
18213 18214 -2
18214 18314 -2
18214 18215 2
18215 18315 -2
18215 18216 -2
18216 18316 2
18216 18217 2
18217 18317 -2
18217 18218 2
18218 18318 -2
18218 18219 -2
18219 18319 -2
18219 18220 2
18220 18320 -2
18220 18221 2
18221 18321 2
18221 18222 2
18222 18322 2
18222 18223 2
18223 18323 -2
18223 18224 2
18224 18324 2
18224 18225 2
18225 18325 -2
18225 18226 2
18226 18326 2
18226 18227 2
18227 18327 2
18227 18228 2
18228 18328 -2
18228 18229 -2
18229 18329 -2
18229 18230 2
18230 18330 2
18230 18231 2
18231 18331 -2
18231 18232 2
18232 18332 -2
18232 18233 -2
18233 18333 2
18233 18234 2
18234 18334 -2
18234 18235 -2
18235 18335 -2
18235 18236 2
18236 18336 2
18236 18237 2
18237 18337 -2
18237 18238 2
18238 18338 -2
18238 18239 2
18239 18339 2
18239 18240 2
18240 18340 2
18240 18241 2
18241 18341 2
18241 18242 -2
18242 18342 -2
18242 18243 -2
18243 18343 2
18243 18244 2
18244 18344 -2
18244 18245 -2
18245 18345 -2
18245 18246 -2
18246 18346 2
18246 18247 -2
18247 18347 2
18247 18248 2
18248 18348 2
18248 18249 2
18249 18349 -2
18249 18250 2
18250 18350 2
18250 18251 2
18251 18351 -2
18251 18252 2
18252 18352 2
18252 18253 -2
18253 18353 2
18253 18254 -2
18254 18354 2
18254 18255 -2
18255 18355 2
18255 18256 -2
18256 18356 2
18256 18257 -2
18257 18357 2
18257 18258 -2
18258 18358 2
18258 18259 -2
18259 18359 -2
18259 18260 2
18260 18360 -2
18260 18261 -2
18261 18361 2
18261 18262 -2
18262 18362 -2
18262 18263 2
18263 18363 2
18263 18264 -2
18264 18364 -2
18264 18265 2
18265 18365 2
18265 18266 2
18266 18366 -2
18266 18267 2
18267 18367 2
18267 18268 2
18268 18368 2
18268 18269 2
18269 18369 -2
18269 18270 -2
18270 18370 2
18270 18271 2
18271 18371 -2
18271 18272 -2
18272 18372 2
18272 18273 2
18273 18373 -2
18273 18274 -2
18274 18374 2
18274 18275 -2
18275 18375 -2
18275 18276 2
18276 18376 2
18276 18277 2
18277 18377 -2
18277 18278 2
18278 18378 2
18278 18279 -2
18279 18379 -2
18279 18280 -2
18280 18380 -2
18280 18281 -2
18281 18381 -2
18281 18282 -2
18282 18382 2
18282 18283 -2
18283 18383 2
18283 18284 -2
18284 18384 2
18284 18285 2
18285 18385 -2
18285 18286 2
18286 18386 2
18286 18287 2
18287 18387 2
18287 18288 -2
18288 18388 -2
18288 18289 2
18289 18389 2
18289 18290 -2
18290 18390 -2
18290 18291 -2
18291 18391 2
18291 18292 -2
18292 18392 2
18292 18293 -2
18293 18393 2
18293 18294 2
18294 18394 2
18294 18295 2
18295 18395 2
18295 18296 -2
18296 18396 -2
18296 18297 2
18297 18397 -2
18297 18298 2
18298 18398 -2
18298 18299 -2
18299 18399 2
18300 18400 2
18300 18399 -2
18300 18301 -2
18301 18401 -2
18301 18302 2
18302 18402 2
18302 18303 2
18303 18403 -2
18303 18304 -2
18304 18404 -2
18304 18305 2
18305 18405 -2
18305 18306 2
18306 18406 -2
18306 18307 -2
18307 18407 -2
18307 18308 2
18308 18408 2
18308 18309 2
18309 18409 -2
18309 18310 -2
18310 18410 2
18310 18311 -2
18311 18411 2
18311 18312 -2
18312 18412 2
18312 18313 -2
18313 18413 -2
18313 18314 -2
18314 18414 2
18314 18315 2
18315 18415 2
18315 18316 2
18316 18416 2
18316 18317 2
18317 18417 2
18317 18318 -2
18318 18418 -2
18318 18319 -2
18319 18419 2
18319 18320 -2
18320 18420 -2
18320 18321 2
18321 18421 2
18321 18322 -2
18322 18422 2
18322 18323 2
18323 18423 -2
18323 18324 2
18324 18424 2
18324 18325 2
18325 18425 -2
18325 18326 -2
18326 18426 2
18326 18327 -2
18327 18427 2
18327 18328 -2
18328 18428 -2
18328 18329 2
18329 18429 2
18329 18330 -2
18330 18430 2
18330 18331 -2
18331 18431 2
18331 18332 2
18332 18432 -2
18332 18333 -2
18333 18433 -2
18333 18334 2
18334 18434 -2
18334 18335 -2
18335 18435 -2
18335 18336 2
18336 18436 -2
18336 18337 2
18337 18437 2
18337 18338 -2
18338 18438 2
18338 18339 2
18339 18439 -2
18339 18340 -2
18340 18440 -2
18340 18341 2
18341 18441 -2
18341 18342 2
18342 18442 -2
18342 18343 -2
18343 18443 2
18343 18344 2
18344 18444 2
18344 18345 -2
18345 18445 2
18345 18346 2
18346 18446 -2
18346 18347 2
18347 18447 -2
18347 18348 -2
18348 18448 -2
18348 18349 -2
18349 18449 2
18349 18350 2
18350 18450 -2
18350 18351 -2
18351 18451 -2
18351 18352 -2
18352 18452 2
18352 18353 2
18353 18453 2
18353 18354 2
18354 18454 2
18354 18355 -2
18355 18455 2
18355 18356 2
18356 18456 -2
18356 18357 2
18357 18457 -2
18357 18358 2
18358 18458 2
18358 18359 -2
18359 18459 -2
18359 18360 -2
18360 18460 2
18360 18361 2
18361 18461 2
18361 18362 -2
18362 18462 2
18362 18363 -2
18363 18463 2
18363 18364 2
18364 18464 -2
18364 18365 2
18365 18465 2
18365 18366 -2
18366 18466 2
18366 18367 2
18367 18467 2
18367 18368 2
18368 18468 2
18368 18369 -2
18369 18469 -2
18369 18370 -2
18370 18470 2
18370 18371 2
18371 18471 2
18371 18372 -2
18372 18472 2
18372 18373 2
18373 18473 -2
18373 18374 -2
18374 18474 2
18374 18375 -2
18375 18475 -2
18375 18376 2
18376 18476 -2
18376 18377 2
18377 18477 -2
18377 18378 -2
18378 18478 -2
18378 18379 2
18379 18479 2
18379 18380 2
18380 18480 2
18380 18381 2
18381 18481 2
18381 18382 -2
18382 18482 2
18382 18383 -2
18383 18483 2
18383 18384 -2
18384 18484 -2
18384 18385 2
18385 18485 -2
18385 18386 -2
18386 18486 -2
18386 18387 -2
18387 18487 -2
18387 18388 2
18388 18488 -2
18388 18389 -2
18389 18489 2
18389 18390 -2
18390 18490 -2
18390 18391 2
18391 18491 2
18391 18392 -2
18392 18492 -2
18392 18393 -2
18393 18493 -2
18393 18394 2
18394 18494 2
18394 18395 2
18395 18495 -2
18395 18396 -2
18396 18496 2
18396 18397 2
18397 18497 2
18397 18398 2
18398 18498 -2
18398 18399 -2
18399 18499 -2
18400 18500 -2
18400 18499 2
18400 18401 2
18401 18501 2
18401 18402 2
18402 18502 2
18402 18403 -2
18403 18503 -2
18403 18404 -2
18404 18504 -2
18404 18405 -2
18405 18505 2
18405 18406 -2
18406 18506 -2
18406 18407 2
18407 18507 2
18407 18408 -2
18408 18508 2
18408 18409 2
18409 18509 2
18409 18410 2
18410 18510 -2
18410 18411 -2
18411 18511 2
18411 18412 -2
18412 18512 2
18412 18413 2
18413 18513 -2
18413 18414 -2
18414 18514 2
18414 18415 -2
18415 18515 2
18415 18416 -2
18416 18516 2
18416 18417 -2
18417 18517 2
18417 18418 -2
18418 18518 2
18418 18419 -2
18419 18519 -2
18419 18420 2
18420 18520 -2
18420 18421 -2
18421 18521 2
18421 18422 -2
18422 18522 -2
18422 18423 2
18423 18523 2
18423 18424 -2
18424 18524 -2
18424 18425 2
18425 18525 -2
18425 18426 -2
18426 18526 2
18426 18427 -2
18427 18527 -2
18427 18428 -2
18428 18528 2
18428 18429 2
18429 18529 2
18429 18430 2
18430 18530 2
18430 18431 2
18431 18531 2
18431 18432 2
18432 18532 2
18432 18433 2
18433 18533 2
18433 18434 2
18434 18534 2
18434 18435 2
18435 18535 2
18435 18436 2
18436 18536 -2
18436 18437 -2
18437 18537 2
18437 18438 2
18438 18538 -2
18438 18439 -2
18439 18539 2
18439 18440 -2
18440 18540 2
18440 18441 2
18441 18541 -2
18441 18442 -2
18442 18542 2
18442 18443 2
18443 18543 2
18443 18444 2
18444 18544 2
18444 18445 -2
18445 18545 2
18445 18446 2
18446 18546 -2
18446 18447 -2
18447 18547 2
18447 18448 -2
18448 18548 2
18448 18449 2
18449 18549 -2
18449 18450 2
18450 18550 -2
18450 18451 2
18451 18551 2
18451 18452 2
18452 18552 -2
18452 18453 2
18453 18553 -2
18453 18454 2
18454 18554 2
18454 18455 -2
18455 18555 2
18455 18456 -2
18456 18556 2
18456 18457 -2
18457 18557 -2
18457 18458 2
18458 18558 2
18458 18459 2
18459 18559 2
18459 18460 -2
18460 18560 -2
18460 18461 2
18461 18561 2
18461 18462 -2
18462 18562 -2
18462 18463 2
18463 18563 -2
18463 18464 -2
18464 18564 -2
18464 18465 -2
18465 18565 2
18465 18466 2
18466 18566 -2
18466 18467 2
18467 18567 2
18467 18468 2
18468 18568 2
18468 18469 2
18469 18569 2
18469 18470 -2
18470 18570 -2
18470 18471 -2
18471 18571 -2
18471 18472 2
18472 18572 2
18472 18473 -2
18473 18573 -2
18473 18474 2
18474 18574 2
18474 18475 -2
18475 18575 2
18475 18476 -2
18476 18576 -2
18476 18477 2
18477 18577 -2
18477 18478 2
18478 18578 -2
18478 18479 -2
18479 18579 2
18479 18480 -2
18480 18580 -2
18480 18481 2
18481 18581 2
18481 18482 2
18482 18582 2
18482 18483 2
18483 18583 2
18483 18484 -2
18484 18584 2
18484 18485 2
18485 18585 -2
18485 18486 2
18486 18586 2
18486 18487 2
18487 18587 -2
18487 18488 2
18488 18588 2
18488 18489 -2
18489 18589 -2
18489 18490 -2
18490 18590 -2
18490 18491 2
18491 18591 -2
18491 18492 2
18492 18592 -2
18492 18493 2
18493 18593 -2
18493 18494 2
18494 18594 2
18494 18495 -2
18495 18595 2
18495 18496 2
18496 18596 2
18496 18497 2
18497 18597 2
18497 18498 -2
18498 18598 -2
18498 18499 -2
18499 18599 -2
18500 18600 2
18500 18599 -2
18500 18501 2
18501 18601 -2
18501 18502 -2
18502 18602 2
18502 18503 2
18503 18603 -2
18503 18504 2
18504 18604 -2
18504 18505 -2
18505 18605 2
18505 18506 2
18506 18606 -2
18506 18507 2
18507 18607 -2
18507 18508 -2
18508 18608 -2
18508 18509 -2
18509 18609 2
18509 18510 -2
18510 18610 -2
18510 18511 -2
18511 18611 2
18511 18512 2
18512 18612 -2
18512 18513 2
18513 18613 -2
18513 18514 2
18514 18614 -2
18514 18515 -2
18515 18615 2
18515 18516 -2
18516 18616 2
18516 18517 2
18517 18617 2
18517 18518 -2
18518 18618 -2
18518 18519 2
18519 18619 2
18519 18520 -2
18520 18620 2
18520 18521 2
18521 18621 -2
18521 18522 -2
18522 18622 2
18522 18523 -2
18523 18623 2
18523 18524 -2
18524 18624 2
18524 18525 2
18525 18625 2
18525 18526 -2
18526 18626 2
18526 18527 -2
18527 18627 -2
18527 18528 2
18528 18628 2
18528 18529 2
18529 18629 2
18529 18530 -2
18530 18630 2
18530 18531 2
18531 18631 -2
18531 18532 -2
18532 18632 -2
18532 18533 2
18533 18633 2
18533 18534 2
18534 18634 2
18534 18535 2
18535 18635 -2
18535 18536 2
18536 18636 -2
18536 18537 -2
18537 18637 2
18537 18538 -2
18538 18638 2
18538 18539 -2
18539 18639 2
18539 18540 -2
18540 18640 -2
18540 18541 -2
18541 18641 -2
18541 18542 -2
18542 18642 2
18542 18543 -2
18543 18643 2
18543 18544 2
18544 18644 -2
18544 18545 2
18545 18645 -2
18545 18546 2
18546 18646 2
18546 18547 2
18547 18647 2
18547 18548 -2
18548 18648 2
18548 18549 2
18549 18649 2
18549 18550 2
18550 18650 -2
18550 18551 2
18551 18651 -2
18551 18552 -2
18552 18652 2
18552 18553 -2
18553 18653 2
18553 18554 -2
18554 18654 2
18554 18555 2
18555 18655 2
18555 18556 -2
18556 18656 2
18556 18557 -2
18557 18657 -2
18557 18558 2
18558 18658 -2
18558 18559 -2
18559 18659 2
18559 18560 2
18560 18660 -2
18560 18561 2
18561 18661 2
18561 18562 -2
18562 18662 -2
18562 18563 -2
18563 18663 -2
18563 18564 2
18564 18664 -2
18564 18565 2
18565 18665 2
18565 18566 2
18566 18666 2
18566 18567 2
18567 18667 -2
18567 18568 -2
18568 18668 -2
18568 18569 2
18569 18669 2
18569 18570 -2
18570 18670 -2
18570 18571 -2
18571 18671 2
18571 18572 2
18572 18672 2
18572 18573 -2
18573 18673 2
18573 18574 2
18574 18674 -2
18574 18575 2
18575 18675 2
18575 18576 -2
18576 18676 -2
18576 18577 2
18577 18677 -2
18577 18578 2
18578 18678 -2
18578 18579 -2
18579 18679 -2
18579 18580 -2
18580 18680 -2
18580 18581 2
18581 18681 2
18581 18582 2
18582 18682 -2
18582 18583 2
18583 18683 -2
18583 18584 2
18584 18684 -2
18584 18585 -2
18585 18685 -2
18585 18586 -2
18586 18686 2
18586 18587 -2
18587 18687 2
18587 18588 2
18588 18688 2
18588 18589 -2
18589 18689 2
18589 18590 2
18590 18690 2
18590 18591 -2
18591 18691 -2
18591 18592 2
18592 18692 -2
18592 18593 -2
18593 18693 2
18593 18594 -2
18594 18694 -2
18594 18595 -2
18595 18695 2
18595 18596 2
18596 18696 -2
18596 18597 -2
18597 18697 2
18597 18598 2
18598 18698 2
18598 18599 2
18599 18699 -2
18600 18700 -2
18600 18699 2
18600 18601 2
18601 18701 2
18601 18602 2
18602 18702 -2
18602 18603 2
18603 18703 -2
18603 18604 2
18604 18704 -2
18604 18605 -2
18605 18705 -2
18605 18606 -2
18606 18706 2
18606 18607 -2
18607 18707 2
18607 18608 2
18608 18708 2
18608 18609 2
18609 18709 2
18609 18610 2
18610 18710 2
18610 18611 -2
18611 18711 2
18611 18612 2
18612 18712 2
18612 18613 -2
18613 18713 -2
18613 18614 2
18614 18714 2
18614 18615 -2
18615 18715 -2
18615 18616 2
18616 18716 2
18616 18617 -2
18617 18717 2
18617 18618 -2
18618 18718 2
18618 18619 -2
18619 18719 2
18619 18620 2
18620 18720 -2
18620 18621 -2
18621 18721 -2
18621 18622 2
18622 18722 -2
18622 18623 -2
18623 18723 2
18623 18624 2
18624 18724 2
18624 18625 -2
18625 18725 -2
18625 18626 -2
18626 18726 -2
18626 18627 -2
18627 18727 2
18627 18628 -2
18628 18728 -2
18628 18629 -2
18629 18729 2
18629 18630 -2
18630 18730 2
18630 18631 -2
18631 18731 2
18631 18632 -2
18632 18732 2
18632 18633 -2
18633 18733 -2
18633 18634 2
18634 18734 -2
18634 18635 2
18635 18735 -2
18635 18636 2
18636 18736 2
18636 18637 2
18637 18737 2
18637 18638 2
18638 18738 2
18638 18639 -2
18639 18739 2
18639 18640 2
18640 18740 2
18640 18641 2
18641 18741 -2
18641 18642 -2
18642 18742 -2
18642 18643 -2
18643 18743 -2
18643 18644 -2
18644 18744 2
18644 18645 -2
18645 18745 -2
18645 18646 -2
18646 18746 -2
18646 18647 -2
18647 18747 2
18647 18648 -2
18648 18748 -2
18648 18649 -2
18649 18749 2
18649 18650 -2
18650 18750 -2
18650 18651 -2
18651 18751 2
18651 18652 -2
18652 18752 2
18652 18653 -2
18653 18753 2
18653 18654 2
18654 18754 2
18654 18655 2
18655 18755 -2
18655 18656 2
18656 18756 2
18656 18657 2
18657 18757 -2
18657 18658 2
18658 18758 2
18658 18659 2
18659 18759 -2
18659 18660 -2
18660 18760 2
18660 18661 -2
18661 18761 -2
18661 18662 -2
18662 18762 -2
18662 18663 2
18663 18763 -2
18663 18664 2
18664 18764 2
18664 18665 -2
18665 18765 2
18665 18666 2
18666 18766 2
18666 18667 -2
18667 18767 -2
18667 18668 2
18668 18768 2
18668 18669 -2
18669 18769 -2
18669 18670 -2
18670 18770 2
18670 18671 -2
18671 18771 -2
18671 18672 2
18672 18772 2
18672 18673 -2
18673 18773 2
18673 18674 -2
18674 18774 2
18674 18675 2
18675 18775 2
18675 18676 -2
18676 18776 -2
18676 18677 2
18677 18777 2
18677 18678 -2
18678 18778 -2
18678 18679 -2
18679 18779 -2
18679 18680 -2
18680 18780 2
18680 18681 -2
18681 18781 -2
18681 18682 -2
18682 18782 -2
18682 18683 -2
18683 18783 2
18683 18684 -2
18684 18784 -2
18684 18685 2
18685 18785 -2
18685 18686 2
18686 18786 2
18686 18687 2
18687 18787 -2
18687 18688 2
18688 18788 -2
18688 18689 -2
18689 18789 2
18689 18690 -2
18690 18790 -2
18690 18691 2
18691 18791 -2
18691 18692 2
18692 18792 2
18692 18693 2
18693 18793 2
18693 18694 2
18694 18794 2
18694 18695 -2
18695 18795 -2
18695 18696 2
18696 18796 2
18696 18697 2
18697 18797 2
18697 18698 -2
18698 18798 -2
18698 18699 2
18699 18799 -2
18700 18800 -2
18700 18799 -2
18700 18701 -2
18701 18801 2
18701 18702 -2
18702 18802 2
18702 18703 2
18703 18803 2
18703 18704 -2
18704 18804 2
18704 18705 -2
18705 18805 2
18705 18706 -2
18706 18806 -2
18706 18707 -2
18707 18807 2
18707 18708 2
18708 18808 -2
18708 18709 2
18709 18809 2
18709 18710 2
18710 18810 -2
18710 18711 2
18711 18811 -2
18711 18712 2
18712 18812 -2
18712 18713 2
18713 18813 2
18713 18714 2
18714 18814 2
18714 18715 -2
18715 18815 2
18715 18716 2
18716 18816 -2
18716 18717 2
18717 18817 2
18717 18718 -2
18718 18818 -2
18718 18719 -2
18719 18819 2
18719 18720 -2
18720 18820 -2
18720 18721 2
18721 18821 2
18721 18722 2
18722 18822 -2
18722 18723 -2
18723 18823 -2
18723 18724 2
18724 18824 2
18724 18725 2
18725 18825 -2
18725 18726 -2
18726 18826 -2
18726 18727 -2
18727 18827 -2
18727 18728 2
18728 18828 -2
18728 18729 -2
18729 18829 2
18729 18730 -2
18730 18830 2
18730 18731 -2
18731 18831 -2
18731 18732 -2
18732 18832 -2
18732 18733 -2
18733 18833 2
18733 18734 2
18734 18834 2
18734 18735 2
18735 18835 -2
18735 18736 -2
18736 18836 2
18736 18737 -2
18737 18837 -2
18737 18738 -2
18738 18838 -2
18738 18739 2
18739 18839 -2
18739 18740 -2
18740 18840 2
18740 18741 -2
18741 18841 2
18741 18742 -2
18742 18842 -2
18742 18743 -2
18743 18843 -2
18743 18744 2
18744 18844 -2
18744 18745 2
18745 18845 2
18745 18746 2
18746 18846 2
18746 18747 -2
18747 18847 2
18747 18748 -2
18748 18848 -2
18748 18749 2
18749 18849 2
18749 18750 -2
18750 18850 2
18750 18751 2
18751 18851 2
18751 18752 -2
18752 18852 -2
18752 18753 2
18753 18853 -2
18753 18754 2
18754 18854 -2
18754 18755 2
18755 18855 2
18755 18756 2
18756 18856 2
18756 18757 -2
18757 18857 2
18757 18758 2
18758 18858 2
18758 18759 2
18759 18859 2
18759 18760 2
18760 18860 -2
18760 18761 2
18761 18861 2
18761 18762 2
18762 18862 -2
18762 18763 2
18763 18863 -2
18763 18764 2
18764 18864 -2
18764 18765 -2
18765 18865 2
18765 18766 -2
18766 18866 -2
18766 18767 2
18767 18867 2
18767 18768 2
18768 18868 2
18768 18769 2
18769 18869 2
18769 18770 2
18770 18870 2
18770 18771 2
18771 18871 2
18771 18772 2
18772 18872 -2
18772 18773 -2
18773 18873 -2
18773 18774 -2
18774 18874 2
18774 18775 2
18775 18875 -2
18775 18776 -2
18776 18876 -2
18776 18777 -2
18777 18877 2
18777 18778 -2
18778 18878 2
18778 18779 2
18779 18879 2
18779 18780 -2
18780 18880 2
18780 18781 -2
18781 18881 2
18781 18782 2
18782 18882 2
18782 18783 2
18783 18883 -2
18783 18784 2
18784 18884 2
18784 18785 2
18785 18885 2
18785 18786 2
18786 18886 2
18786 18787 2
18787 18887 -2
18787 18788 -2
18788 18888 2
18788 18789 2
18789 18889 2
18789 18790 2
18790 18890 2
18790 18791 2
18791 18891 2
18791 18792 2
18792 18892 2
18792 18793 2
18793 18893 -2
18793 18794 -2
18794 18894 -2
18794 18795 2
18795 18895 2
18795 18796 -2
18796 18896 -2
18796 18797 -2
18797 18897 -2
18797 18798 2
18798 18898 2
18798 18799 -2
18799 18899 2
18800 18900 -2
18800 18899 -2
18800 18801 -2
18801 18901 -2
18801 18802 2
18802 18902 -2
18802 18803 2
18803 18903 -2
18803 18804 2
18804 18904 2
18804 18805 -2
18805 18905 -2
18805 18806 -2
18806 18906 2
18806 18807 -2
18807 18907 -2
18807 18808 2
18808 18908 2
18808 18809 2
18809 18909 2
18809 18810 -2
18810 18910 -2
18810 18811 2
18811 18911 -2
18811 18812 -2
18812 18912 -2
18812 18813 -2
18813 18913 -2
18813 18814 -2
18814 18914 2
18814 18815 2
18815 18915 -2
18815 18816 2
18816 18916 2
18816 18817 -2
18817 18917 2
18817 18818 -2
18818 18918 -2
18818 18819 2
18819 18919 2
18819 18820 2
18820 18920 -2
18820 18821 2
18821 18921 2
18821 18822 -2
18822 18922 -2
18822 18823 -2
18823 18923 -2
18823 18824 -2
18824 18924 2
18824 18825 2
18825 18925 2
18825 18826 -2
18826 18926 -2
18826 18827 2
18827 18927 -2
18827 18828 -2
18828 18928 -2
18828 18829 2
18829 18929 -2
18829 18830 2
18830 18930 2
18830 18831 -2
18831 18931 -2
18831 18832 -2
18832 18932 2
18832 18833 2
18833 18933 2
18833 18834 -2
18834 18934 2
18834 18835 2
18835 18935 -2
18835 18836 -2
18836 18936 2
18836 18837 2
18837 18937 -2
18837 18838 2
18838 18938 -2
18838 18839 -2
18839 18939 -2
18839 18840 -2
18840 18940 -2
18840 18841 2
18841 18941 2
18841 18842 2
18842 18942 -2
18842 18843 -2
18843 18943 -2
18843 18844 -2
18844 18944 2
18844 18845 -2
18845 18945 -2
18845 18846 -2
18846 18946 2
18846 18847 -2
18847 18947 -2
18847 18848 2
18848 18948 2
18848 18849 -2
18849 18949 -2
18849 18850 -2
18850 18950 -2
18850 18851 2
18851 18951 -2
18851 18852 2
18852 18952 2
18852 18853 2
18853 18953 2
18853 18854 -2
18854 18954 2
18854 18855 -2
18855 18955 2
18855 18856 2
18856 18956 2
18856 18857 2
18857 18957 -2
18857 18858 -2
18858 18958 -2
18858 18859 2
18859 18959 2
18859 18860 2
18860 18960 -2
18860 18861 2
18861 18961 -2
18861 18862 -2
18862 18962 -2
18862 18863 2
18863 18963 -2
18863 18864 -2
18864 18964 -2
18864 18865 -2
18865 18965 2
18865 18866 -2
18866 18966 -2
18866 18867 -2
18867 18967 2
18867 18868 2
18868 18968 -2
18868 18869 2
18869 18969 2
18869 18870 -2
18870 18970 -2
18870 18871 2
18871 18971 2
18871 18872 2
18872 18972 2
18872 18873 2
18873 18973 -2
18873 18874 2
18874 18974 2
18874 18875 2
18875 18975 2
18875 18876 2
18876 18976 2
18876 18877 -2
18877 18977 2
18877 18878 -2
18878 18978 -2
18878 18879 2
18879 18979 -2
18879 18880 2
18880 18980 2
18880 18881 -2
18881 18981 -2
18881 18882 -2
18882 18982 -2
18882 18883 2
18883 18983 2
18883 18884 -2
18884 18984 2
18884 18885 2
18885 18985 -2
18885 18886 -2
18886 18986 2
18886 18887 2
18887 18987 -2
18887 18888 -2
18888 18988 2
18888 18889 -2
18889 18989 2
18889 18890 -2
18890 18990 2
18890 18891 2
18891 18991 2
18891 18892 -2
18892 18992 -2
18892 18893 2
18893 18993 -2
18893 18894 2
18894 18994 -2
18894 18895 -2
18895 18995 -2
18895 18896 2
18896 18996 -2
18896 18897 2
18897 18997 2
18897 18898 2
18898 18998 -2
18898 18899 2
18899 18999 2
18900 19000 -2
18900 18999 2
18900 18901 -2
18901 19001 2
18901 18902 2
18902 19002 2
18902 18903 -2
18903 19003 -2
18903 18904 2
18904 19004 -2
18904 18905 2
18905 19005 2
18905 18906 -2
18906 19006 2
18906 18907 -2
18907 19007 -2
18907 18908 2
18908 19008 -2
18908 18909 -2
18909 19009 2
18909 18910 2
18910 19010 2
18910 18911 -2
18911 19011 -2
18911 18912 2
18912 19012 -2
18912 18913 -2
18913 19013 -2
18913 18914 -2
18914 19014 -2
18914 18915 2
18915 19015 2
18915 18916 -2
18916 19016 -2
18916 18917 -2
18917 19017 2
18917 18918 -2
18918 19018 -2
18918 18919 -2
18919 19019 2
18919 18920 -2
18920 19020 -2
18920 18921 -2
18921 19021 2
18921 18922 2
18922 19022 -2
18922 18923 2
18923 19023 -2
18923 18924 -2
18924 19024 -2
18924 18925 2
18925 19025 -2
18925 18926 2
18926 19026 -2
18926 18927 -2
18927 19027 2
18927 18928 -2
18928 19028 2
18928 18929 -2
18929 19029 2
18929 18930 -2
18930 19030 -2
18930 18931 2
18931 19031 -2
18931 18932 -2
18932 19032 -2
18932 18933 2
18933 19033 2
18933 18934 2
18934 19034 -2
18934 18935 -2
18935 19035 2
18935 18936 2
18936 19036 2
18936 18937 -2
18937 19037 2
18937 18938 2
18938 19038 2
18938 18939 2
18939 19039 2
18939 18940 2
18940 19040 2
18940 18941 2
18941 19041 -2
18941 18942 2
18942 19042 -2
18942 18943 2
18943 19043 2
18943 18944 -2
18944 19044 2
18944 18945 -2
18945 19045 2
18945 18946 -2
18946 19046 -2
18946 18947 -2
18947 19047 -2
18947 18948 2
18948 19048 2
18948 18949 2
18949 19049 -2
18949 18950 -2
18950 19050 2
18950 18951 2
18951 19051 -2
18951 18952 2
18952 19052 2
18952 18953 -2
18953 19053 -2
18953 18954 -2
18954 19054 2
18954 18955 2
18955 19055 2
18955 18956 2
18956 19056 2
18956 18957 -2
18957 19057 2
18957 18958 -2
18958 19058 2
18958 18959 2
18959 19059 2
18959 18960 2
18960 19060 -2
18960 18961 -2
18961 19061 2
18961 18962 2
18962 19062 -2
18962 18963 2
18963 19063 -2
18963 18964 2
18964 19064 -2
18964 18965 -2
18965 19065 2
18965 18966 -2
18966 19066 2
18966 18967 -2
18967 19067 2
18967 18968 -2
18968 19068 2
18968 18969 2
18969 19069 2
18969 18970 -2
18970 19070 -2
18970 18971 2
18971 19071 2
18971 18972 2
18972 19072 2
18972 18973 2
18973 19073 -2
18973 18974 2
18974 19074 -2
18974 18975 -2
18975 19075 2
18975 18976 -2
18976 19076 -2
18976 18977 2
18977 19077 -2
18977 18978 2
18978 19078 -2
18978 18979 2
18979 19079 -2
18979 18980 2
18980 19080 -2
18980 18981 -2
18981 19081 2
18981 18982 2
18982 19082 -2
18982 18983 2
18983 19083 -2
18983 18984 -2
18984 19084 2
18984 18985 -2
18985 19085 2
18985 18986 -2
18986 19086 2
18986 18987 2
18987 19087 2
18987 18988 2
18988 19088 -2
18988 18989 2
18989 19089 2
18989 18990 2
18990 19090 -2
18990 18991 -2
18991 19091 2
18991 18992 -2
18992 19092 -2
18992 18993 -2
18993 19093 2
18993 18994 -2
18994 19094 2
18994 18995 -2
18995 19095 2
18995 18996 2
18996 19096 2
18996 18997 2
18997 19097 2
18997 18998 2
18998 19098 -2
18998 18999 -2
18999 19099 -2
19000 19100 2
19000 19099 -2
19000 19001 -2
19001 19101 -2
19001 19002 2
19002 19102 2
19002 19003 -2
19003 19103 -2
19003 19004 -2
19004 19104 -2
19004 19005 2
19005 19105 2
19005 19006 2
19006 19106 2
19006 19007 -2
19007 19107 2
19007 19008 2
19008 19108 -2
19008 19009 -2
19009 19109 -2
19009 19010 -2
19010 19110 2
19010 19011 -2
19011 19111 2
19011 19012 -2
19012 19112 -2
19012 19013 2
19013 19113 2
19013 19014 -2
19014 19114 2
19014 19015 2
19015 19115 2
19015 19016 -2
19016 19116 -2
19016 19017 2
19017 19117 2
19017 19018 -2
19018 19118 2
19018 19019 -2
19019 19119 -2
19019 19020 2
19020 19120 -2
19020 19021 2
19021 19121 2
19021 19022 -2
19022 19122 -2
19022 19023 -2
19023 19123 2
19023 19024 2
19024 19124 -2
19024 19025 -2
19025 19125 2
19025 19026 2
19026 19126 -2
19026 19027 -2
19027 19127 -2
19027 19028 -2
19028 19128 2
19028 19029 -2
19029 19129 -2
19029 19030 -2
19030 19130 2
19030 19031 2
19031 19131 -2
19031 19032 2
19032 19132 -2
19032 19033 -2
19033 19133 2
19033 19034 2
19034 19134 -2
19034 19035 2
19035 19135 2
19035 19036 2
19036 19136 -2
19036 19037 -2
19037 19137 -2
19037 19038 2
19038 19138 2
19038 19039 2
19039 19139 2
19039 19040 -2
19040 19140 2
19040 19041 -2
19041 19141 -2
19041 19042 2
19042 19142 -2
19042 19043 2
19043 19143 -2
19043 19044 -2
19044 19144 -2
19044 19045 2
19045 19145 2
19045 19046 2
19046 19146 -2
19046 19047 -2
19047 19147 -2
19047 19048 2
19048 19148 -2
19048 19049 -2
19049 19149 -2
19049 19050 -2
19050 19150 2
19050 19051 -2
19051 19151 2
19051 19052 -2
19052 19152 -2
19052 19053 2
19053 19153 -2
19053 19054 -2
19054 19154 2
19054 19055 -2
19055 19155 -2
19055 19056 -2
19056 19156 2
19056 19057 -2
19057 19157 2
19057 19058 -2
19058 19158 -2
19058 19059 -2
19059 19159 2
19059 19060 2
19060 19160 2
19060 19061 2
19061 19161 -2
19061 19062 2
19062 19162 2
19062 19063 -2
19063 19163 2
19063 19064 -2
19064 19164 -2
19064 19065 2
19065 19165 2
19065 19066 2
19066 19166 -2
19066 19067 2
19067 19167 -2
19067 19068 2
19068 19168 2
19068 19069 2
19069 19169 -2
19069 19070 -2
19070 19170 -2
19070 19071 -2
19071 19171 2
19071 19072 2
19072 19172 2
19072 19073 2
19073 19173 2
19073 19074 2
19074 19174 -2
19074 19075 2
19075 19175 -2
19075 19076 -2
19076 19176 -2
19076 19077 2
19077 19177 -2
19077 19078 -2
19078 19178 2
19078 19079 -2
19079 19179 -2
19079 19080 -2
19080 19180 2
19080 19081 2
19081 19181 2
19081 19082 -2
19082 19182 2
19082 19083 -2
19083 19183 2
19083 19084 2
19084 19184 -2
19084 19085 -2
19085 19185 -2
19085 19086 2
19086 19186 -2
19086 19087 2
19087 19187 2
19087 19088 -2
19088 19188 -2
19088 19089 2
19089 19189 2
19089 19090 2
19090 19190 2
19090 19091 2
19091 19191 2
19091 19092 2
19092 19192 -2
19092 19093 -2
19093 19193 -2
19093 19094 2
19094 19194 -2
19094 19095 -2
19095 19195 2
19095 19096 2
19096 19196 2
19096 19097 -2
19097 19197 -2
19097 19098 -2
19098 19198 -2
19098 19099 2
19099 19199 2
19100 19200 -2
19100 19199 2
19100 19101 2
19101 19201 -2
19101 19102 -2
19102 19202 2
19102 19103 -2
19103 19203 2
19103 19104 2
19104 19204 2
19104 19105 2
19105 19205 2
19105 19106 2
19106 19206 2
19106 19107 -2
19107 19207 -2
19107 19108 -2
19108 19208 -2
19108 19109 -2
19109 19209 -2
19109 19110 -2
19110 19210 -2
19110 19111 -2
19111 19211 -2
19111 19112 2
19112 19212 -2
19112 19113 -2
19113 19213 2
19113 19114 -2
19114 19214 -2
19114 19115 -2
19115 19215 2
19115 19116 2
19116 19216 -2
19116 19117 -2
19117 19217 2
19117 19118 2
19118 19218 -2
19118 19119 2
19119 19219 -2
19119 19120 -2
19120 19220 -2
19120 19121 -2
19121 19221 2
19121 19122 -2
19122 19222 2
19122 19123 -2
19123 19223 2
19123 19124 2
19124 19224 -2
19124 19125 2
19125 19225 -2
19125 19126 -2
19126 19226 -2
19126 19127 -2
19127 19227 -2
19127 19128 2
19128 19228 2
19128 19129 2
19129 19229 -2
19129 19130 -2
19130 19230 2
19130 19131 -2
19131 19231 2
19131 19132 -2
19132 19232 -2
19132 19133 -2
19133 19233 -2
19133 19134 -2
19134 19234 2
19134 19135 2
19135 19235 -2
19135 19136 -2
19136 19236 -2
19136 19137 2
19137 19237 -2
19137 19138 -2
19138 19238 2
19138 19139 2
19139 19239 -2
19139 19140 -2
19140 19240 -2
19140 19141 2
19141 19241 -2
19141 19142 2
19142 19242 2
19142 19143 2
19143 19243 -2
19143 19144 2
19144 19244 -2
19144 19145 2
19145 19245 -2
19145 19146 -2
19146 19246 -2
19146 19147 -2
19147 19247 -2
19147 19148 -2
19148 19248 2
19148 19149 -2
19149 19249 -2
19149 19150 2
19150 19250 2
19150 19151 2
19151 19251 2
19151 19152 -2
19152 19252 2
19152 19153 -2
19153 19253 2
19153 19154 2
19154 19254 -2
19154 19155 2
19155 19255 2
19155 19156 -2
19156 19256 -2
19156 19157 -2
19157 19257 2
19157 19158 -2
19158 19258 2
19158 19159 -2
19159 19259 -2
19159 19160 -2
19160 19260 2
19160 19161 2
19161 19261 -2
19161 19162 -2
19162 19262 2
19162 19163 -2
19163 19263 -2
19163 19164 -2
19164 19264 -2
19164 19165 -2
19165 19265 2
19165 19166 2
19166 19266 -2
19166 19167 2
19167 19267 -2
19167 19168 2
19168 19268 2
19168 19169 -2
19169 19269 2
19169 19170 2
19170 19270 2
19170 19171 2
19171 19271 -2
19171 19172 2
19172 19272 -2
19172 19173 2
19173 19273 2
19173 19174 2
19174 19274 -2
19174 19175 -2
19175 19275 -2
19175 19176 2
19176 19276 2
19176 19177 -2
19177 19277 2
19177 19178 -2
19178 19278 2
19178 19179 2
19179 19279 2
19179 19180 2
19180 19280 -2
19180 19181 2
19181 19281 2
19181 19182 2
19182 19282 2
19182 19183 2
19183 19283 -2
19183 19184 2
19184 19284 2
19184 19185 2
19185 19285 2
19185 19186 2
19186 19286 -2
19186 19187 -2
19187 19287 -2
19187 19188 -2
19188 19288 2
19188 19189 -2
19189 19289 -2
19189 19190 2
19190 19290 -2
19190 19191 -2
19191 19291 2
19191 19192 -2
19192 19292 -2
19192 19193 -2
19193 19293 -2
19193 19194 2
19194 19294 -2
19194 19195 -2
19195 19295 -2
19195 19196 2
19196 19296 2
19196 19197 -2
19197 19297 2
19197 19198 -2
19198 19298 -2
19198 19199 -2
19199 19299 2
19200 19300 2
19200 19299 2
19200 19201 -2
19201 19301 2
19201 19202 2
19202 19302 -2
19202 19203 2
19203 19303 2
19203 19204 2
19204 19304 2
19204 19205 -2
19205 19305 2
19205 19206 2
19206 19306 2
19206 19207 2
19207 19307 -2
19207 19208 -2
19208 19308 -2
19208 19209 2
19209 19309 2
19209 19210 -2
19210 19310 -2
19210 19211 2
19211 19311 -2
19211 19212 2
19212 19312 -2
19212 19213 2
19213 19313 -2
19213 19214 2
19214 19314 -2
19214 19215 2
19215 19315 -2
19215 19216 -2
19216 19316 2
19216 19217 2
19217 19317 2
19217 19218 -2
19218 19318 -2
19218 19219 -2
19219 19319 2
19219 19220 -2
19220 19320 2
19220 19221 -2
19221 19321 -2
19221 19222 2
19222 19322 2
19222 19223 2
19223 19323 2
19223 19224 -2
19224 19324 2
19224 19225 -2
19225 19325 2
19225 19226 2
19226 19326 -2
19226 19227 -2
19227 19327 -2
19227 19228 2
19228 19328 -2
19228 19229 -2
19229 19329 2
19229 19230 2
19230 19330 2
19230 19231 -2
19231 19331 -2
19231 19232 -2
19232 19332 -2
19232 19233 2
19233 19333 2
19233 19234 -2
19234 19334 -2
19234 19235 -2
19235 19335 2
19235 19236 2
19236 19336 -2
19236 19237 -2
19237 19337 -2
19237 19238 -2
19238 19338 -2
19238 19239 2
19239 19339 2
19239 19240 -2
19240 19340 -2
19240 19241 2
19241 19341 -2
19241 19242 2
19242 19342 -2
19242 19243 2
19243 19343 2
19243 19244 2
19244 19344 -2
19244 19245 -2
19245 19345 -2
19245 19246 2
19246 19346 2
19246 19247 -2
19247 19347 2
19247 19248 2
19248 19348 2
19248 19249 2
19249 19349 -2
19249 19250 -2
19250 19350 2
19250 19251 2
19251 19351 -2
19251 19252 -2
19252 19352 2
19252 19253 2
19253 19353 2
19253 19254 2
19254 19354 2
19254 19255 -2
19255 19355 2
19255 19256 2
19256 19356 -2
19256 19257 -2
19257 19357 2
19257 19258 2
19258 19358 2
19258 19259 -2
19259 19359 2
19259 19260 -2
19260 19360 -2
19260 19261 -2
19261 19361 -2
19261 19262 2
19262 19362 -2
19262 19263 -2
19263 19363 -2
19263 19264 -2
19264 19364 -2
19264 19265 -2
19265 19365 -2
19265 19266 2
19266 19366 2
19266 19267 -2
19267 19367 -2
19267 19268 2
19268 19368 -2
19268 19269 2
19269 19369 -2
19269 19270 -2
19270 19370 2
19270 19271 -2
19271 19371 2
19271 19272 -2
19272 19372 2
19272 19273 2
19273 19373 -2
19273 19274 2
19274 19374 -2
19274 19275 2
19275 19375 2
19275 19276 -2
19276 19376 -2
19276 19277 -2
19277 19377 -2
19277 19278 2
19278 19378 -2
19278 19279 2
19279 19379 -2
19279 19280 2
19280 19380 2
19280 19281 2
19281 19381 2
19281 19282 -2
19282 19382 2
19282 19283 2
19283 19383 2
19283 19284 2
19284 19384 -2
19284 19285 2
19285 19385 -2
19285 19286 -2
19286 19386 2
19286 19287 2
19287 19387 -2
19287 19288 2
19288 19388 -2
19288 19289 2
19289 19389 2
19289 19290 -2
19290 19390 -2
19290 19291 2
19291 19391 -2
19291 19292 -2
19292 19392 -2
19292 19293 2
19293 19393 -2
19293 19294 2
19294 19394 2
19294 19295 -2
19295 19395 -2
19295 19296 2
19296 19396 -2
19296 19297 -2
19297 19397 2
19297 19298 2
19298 19398 2
19298 19299 -2
19299 19399 -2
19300 19400 2
19300 19399 -2
19300 19301 2
19301 19401 -2
19301 19302 -2
19302 19402 -2
19302 19303 2
19303 19403 -2
19303 19304 -2
19304 19404 -2
19304 19305 2
19305 19405 2
19305 19306 -2
19306 19406 2
19306 19307 -2
19307 19407 2
19307 19308 2
19308 19408 2
19308 19309 -2
19309 19409 2
19309 19310 -2
19310 19410 2
19310 19311 -2
19311 19411 2
19311 19312 -2
19312 19412 2
19312 19313 2
19313 19413 -2
19313 19314 2
19314 19414 -2
19314 19315 2
19315 19415 -2
19315 19316 2
19316 19416 -2
19316 19317 2
19317 19417 2
19317 19318 2
19318 19418 -2
19318 19319 2
19319 19419 -2
19319 19320 2
19320 19420 2
19320 19321 2
19321 19421 2
19321 19322 2
19322 19422 -2
19322 19323 2
19323 19423 -2
19323 19324 -2
19324 19424 -2
19324 19325 2
19325 19425 -2
19325 19326 -2
19326 19426 2
19326 19327 2
19327 19427 2
19327 19328 2
19328 19428 2
19328 19329 -2
19329 19429 2
19329 19330 2
19330 19430 2
19330 19331 2
19331 19431 -2
19331 19332 2
19332 19432 -2
19332 19333 2
19333 19433 -2
19333 19334 -2
19334 19434 -2
19334 19335 2
19335 19435 2
19335 19336 -2
19336 19436 -2
19336 19337 2
19337 19437 2
19337 19338 -2
19338 19438 -2
19338 19339 2
19339 19439 2
19339 19340 -2
19340 19440 2
19340 19341 -2
19341 19441 -2
19341 19342 2
19342 19442 2
19342 19343 2
19343 19443 2
19343 19344 -2
19344 19444 2
19344 19345 2
19345 19445 -2
19345 19346 -2
19346 19446 -2
19346 19347 2
19347 19447 -2
19347 19348 -2
19348 19448 2
19348 19349 -2
19349 19449 2
19349 19350 2
19350 19450 -2
19350 19351 -2
19351 19451 2
19351 19352 2
19352 19452 -2
19352 19353 -2
19353 19453 2
19353 19354 2
19354 19454 -2
19354 19355 2
19355 19455 -2
19355 19356 -2
19356 19456 -2
19356 19357 -2
19357 19457 2
19357 19358 -2
19358 19458 2
19358 19359 2
19359 19459 2
19359 19360 2
19360 19460 -2
19360 19361 2
19361 19461 -2
19361 19362 2
19362 19462 2
19362 19363 -2
19363 19463 2
19363 19364 2
19364 19464 -2
19364 19365 -2
19365 19465 -2
19365 19366 -2
19366 19466 2
19366 19367 2
19367 19467 2
19367 19368 -2
19368 19468 2
19368 19369 2
19369 19469 -2
19369 19370 -2
19370 19470 2
19370 19371 2
19371 19471 2
19371 19372 2
19372 19472 2
19372 19373 -2
19373 19473 2
19373 19374 -2
19374 19474 2
19374 19375 2
19375 19475 -2
19375 19376 -2
19376 19476 2
19376 19377 2
19377 19477 -2
19377 19378 -2
19378 19478 -2
19378 19379 -2
19379 19479 2
19379 19380 2
19380 19480 2
19380 19381 2
19381 19481 2
19381 19382 2
19382 19482 -2
19382 19383 -2
19383 19483 2
19383 19384 -2
19384 19484 -2
19384 19385 -2
19385 19485 2
19385 19386 -2
19386 19486 -2
19386 19387 2
19387 19487 -2
19387 19388 2
19388 19488 2
19388 19389 -2
19389 19489 2
19389 19390 -2
19390 19490 -2
19390 19391 2
19391 19491 -2
19391 19392 -2
19392 19492 -2
19392 19393 2
19393 19493 2
19393 19394 -2
19394 19494 -2
19394 19395 -2
19395 19495 2
19395 19396 -2
19396 19496 -2
19396 19397 2
19397 19497 -2
19397 19398 -2
19398 19498 -2
19398 19399 -2
19399 19499 -2
19400 19500 -2
19400 19499 -2
19400 19401 -2
19401 19501 2
19401 19402 -2
19402 19502 2
19402 19403 2
19403 19503 -2
19403 19404 -2
19404 19504 -2
19404 19405 2
19405 19505 2
19405 19406 2
19406 19506 2
19406 19407 2
19407 19507 2
19407 19408 2
19408 19508 2
19408 19409 2
19409 19509 -2
19409 19410 2
19410 19510 2
19410 19411 2
19411 19511 2
19411 19412 2
19412 19512 -2
19412 19413 2
19413 19513 2
19413 19414 2
19414 19514 -2
19414 19415 2
19415 19515 -2
19415 19416 2
19416 19516 2
19416 19417 2
19417 19517 2
19417 19418 2
19418 19518 2
19418 19419 -2
19419 19519 2
19419 19420 2
19420 19520 -2
19420 19421 2
19421 19521 2
19421 19422 2
19422 19522 2
19422 19423 -2
19423 19523 2
19423 19424 -2
19424 19524 2
19424 19425 -2
19425 19525 2
19425 19426 2
19426 19526 -2
19426 19427 2
19427 19527 2
19427 19428 2
19428 19528 2
19428 19429 -2
19429 19529 2
19429 19430 2
19430 19530 -2
19430 19431 -2
19431 19531 2
19431 19432 2
19432 19532 2
19432 19433 -2
19433 19533 2
19433 19434 2
19434 19534 2
19434 19435 2
19435 19535 2
19435 19436 -2
19436 19536 -2
19436 19437 -2
19437 19537 2
19437 19438 2
19438 19538 -2
19438 19439 2
19439 19539 2
19439 19440 2
19440 19540 2
19440 19441 2
19441 19541 2
19441 19442 -2
19442 19542 2
19442 19443 -2
19443 19543 2
19443 19444 2
19444 19544 -2
19444 19445 2
19445 19545 -2
19445 19446 -2
19446 19546 -2
19446 19447 -2
19447 19547 -2
19447 19448 2
19448 19548 2
19448 19449 2
19449 19549 -2
19449 19450 -2
19450 19550 -2
19450 19451 2
19451 19551 -2
19451 19452 -2
19452 19552 2
19452 19453 2
19453 19553 2
19453 19454 -2
19454 19554 2
19454 19455 -2
19455 19555 2
19455 19456 -2
19456 19556 -2
19456 19457 2
19457 19557 2
19457 19458 -2
19458 19558 2
19458 19459 2
19459 19559 2
19459 19460 2
19460 19560 -2
19460 19461 -2
19461 19561 2
19461 19462 2
19462 19562 -2
19462 19463 -2
19463 19563 -2
19463 19464 2
19464 19564 2
19464 19465 -2
19465 19565 -2
19465 19466 -2
19466 19566 -2
19466 19467 2
19467 19567 -2
19467 19468 2
19468 19568 -2
19468 19469 -2
19469 19569 -2
19469 19470 -2
19470 19570 2
19470 19471 -2
19471 19571 -2
19471 19472 -2
19472 19572 -2
19472 19473 2
19473 19573 -2
19473 19474 -2
19474 19574 -2
19474 19475 2
19475 19575 -2
19475 19476 -2
19476 19576 2
19476 19477 2
19477 19577 -2
19477 19478 -2
19478 19578 2
19478 19479 2
19479 19579 -2
19479 19480 2
19480 19580 2
19480 19481 2
19481 19581 -2
19481 19482 -2
19482 19582 2
19482 19483 2
19483 19583 -2
19483 19484 2
19484 19584 -2
19484 19485 2
19485 19585 2
19485 19486 -2
19486 19586 -2
19486 19487 2
19487 19587 2
19487 19488 2
19488 19588 -2
19488 19489 2
19489 19589 -2
19489 19490 -2
19490 19590 -2
19490 19491 2
19491 19591 -2
19491 19492 -2
19492 19592 -2
19492 19493 -2
19493 19593 -2
19493 19494 2
19494 19594 2
19494 19495 -2
19495 19595 -2
19495 19496 2
19496 19596 2
19496 19497 -2
19497 19597 2
19497 19498 2
19498 19598 2
19498 19499 -2
19499 19599 -2
19500 19600 2
19500 19599 -2
19500 19501 -2
19501 19601 2
19501 19502 -2
19502 19602 -2
19502 19503 -2
19503 19603 -2
19503 19504 -2
19504 19604 2
19504 19505 2
19505 19605 -2
19505 19506 -2
19506 19606 -2
19506 19507 -2
19507 19607 -2
19507 19508 -2
19508 19608 2
19508 19509 -2
19509 19609 -2
19509 19510 2
19510 19610 2
19510 19511 2
19511 19611 2
19511 19512 -2
19512 19612 2
19512 19513 -2
19513 19613 -2
19513 19514 -2
19514 19614 2
19514 19515 -2
19515 19615 -2
19515 19516 2
19516 19616 -2
19516 19517 2
19517 19617 -2
19517 19518 2
19518 19618 2
19518 19519 -2
19519 19619 2
19519 19520 2
19520 19620 -2
19520 19521 -2
19521 19621 -2
19521 19522 -2
19522 19622 -2
19522 19523 2
19523 19623 -2
19523 19524 -2
19524 19624 -2
19524 19525 2
19525 19625 -2
19525 19526 -2
19526 19626 -2
19526 19527 2
19527 19627 2
19527 19528 2
19528 19628 2
19528 19529 2
19529 19629 2
19529 19530 -2
19530 19630 -2
19530 19531 2
19531 19631 2
19531 19532 -2
19532 19632 2
19532 19533 -2
19533 19633 2
19533 19534 2
19534 19634 -2
19534 19535 2
19535 19635 -2
19535 19536 -2
19536 19636 -2
19536 19537 -2
19537 19637 2
19537 19538 2
19538 19638 -2
19538 19539 2
19539 19639 2
19539 19540 2
19540 19640 2
19540 19541 2
19541 19641 2
19541 19542 -2
19542 19642 -2
19542 19543 2
19543 19643 2
19543 19544 2
19544 19644 -2
19544 19545 -2
19545 19645 2
19545 19546 2
19546 19646 -2
19546 19547 2
19547 19647 -2
19547 19548 2
19548 19648 -2
19548 19549 -2
19549 19649 -2
19549 19550 -2
19550 19650 2
19550 19551 -2
19551 19651 2
19551 19552 -2
19552 19652 2
19552 19553 2
19553 19653 2
19553 19554 2
19554 19654 -2
19554 19555 2
19555 19655 -2
19555 19556 2
19556 19656 2
19556 19557 -2
19557 19657 2
19557 19558 2
19558 19658 -2
19558 19559 2
19559 19659 2
19559 19560 2
19560 19660 2
19560 19561 -2
19561 19661 -2
19561 19562 2
19562 19662 2
19562 19563 -2
19563 19663 -2
19563 19564 -2
19564 19664 2
19564 19565 -2
19565 19665 2
19565 19566 -2
19566 19666 2
19566 19567 -2
19567 19667 2
19567 19568 -2
19568 19668 2
19568 19569 2
19569 19669 2
19569 19570 2
19570 19670 2
19570 19571 -2
19571 19671 2
19571 19572 -2
19572 19672 2
19572 19573 2
19573 19673 2
19573 19574 2
19574 19674 -2
19574 19575 -2
19575 19675 -2
19575 19576 -2
19576 19676 2
19576 19577 2
19577 19677 -2
19577 19578 -2
19578 19678 -2
19578 19579 2
19579 19679 -2
19579 19580 2
19580 19680 -2
19580 19581 -2
19581 19681 2
19581 19582 2
19582 19682 -2
19582 19583 2
19583 19683 -2
19583 19584 -2
19584 19684 -2
19584 19585 2
19585 19685 -2
19585 19586 2
19586 19686 2
19586 19587 -2
19587 19687 -2
19587 19588 -2
19588 19688 -2
19588 19589 -2
19589 19689 -2
19589 19590 -2
19590 19690 2
19590 19591 2
19591 19691 2
19591 19592 -2
19592 19692 2
19592 19593 -2
19593 19693 2
19593 19594 2
19594 19694 2
19594 19595 2
19595 19695 -2
19595 19596 2
19596 19696 -2
19596 19597 -2
19597 19697 2
19597 19598 2
19598 19698 -2
19598 19599 2
19599 19699 2
19600 19700 2
19600 19699 -2
19600 19601 -2
19601 19701 2
19601 19602 2
19602 19702 2
19602 19603 2
19603 19703 2
19603 19604 2
19604 19704 2
19604 19605 2
19605 19705 2
19605 19606 -2
19606 19706 2
19606 19607 -2
19607 19707 -2
19607 19608 -2
19608 19708 2
19608 19609 2
19609 19709 -2
19609 19610 -2
19610 19710 -2
19610 19611 -2
19611 19711 2
19611 19612 2
19612 19712 2
19612 19613 -2
19613 19713 2
19613 19614 -2
19614 19714 2
19614 19615 2
19615 19715 2
19615 19616 2
19616 19716 -2
19616 19617 -2
19617 19717 -2
19617 19618 -2
19618 19718 -2
19618 19619 -2
19619 19719 2
19619 19620 -2
19620 19720 2
19620 19621 -2
19621 19721 -2
19621 19622 2
19622 19722 -2
19622 19623 -2
19623 19723 -2
19623 19624 2
19624 19724 -2
19624 19625 -2
19625 19725 -2
19625 19626 2
19626 19726 2
19626 19627 2
19627 19727 2
19627 19628 2
19628 19728 -2
19628 19629 -2
19629 19729 -2
19629 19630 2
19630 19730 2
19630 19631 2
19631 19731 2
19631 19632 2
19632 19732 2
19632 19633 2
19633 19733 2
19633 19634 -2
19634 19734 2
19634 19635 -2
19635 19735 2
19635 19636 2
19636 19736 -2
19636 19637 2
19637 19737 2
19637 19638 2
19638 19738 -2
19638 19639 -2
19639 19739 -2
19639 19640 2
19640 19740 2
19640 19641 2
19641 19741 -2
19641 19642 -2
19642 19742 -2
19642 19643 2
19643 19743 2
19643 19644 -2
19644 19744 2
19644 19645 -2
19645 19745 -2
19645 19646 -2
19646 19746 -2
19646 19647 2
19647 19747 2
19647 19648 -2
19648 19748 2
19648 19649 2
19649 19749 2
19649 19650 2
19650 19750 2
19650 19651 2
19651 19751 2
19651 19652 -2
19652 19752 2
19652 19653 -2
19653 19753 -2
19653 19654 2
19654 19754 2
19654 19655 -2
19655 19755 -2
19655 19656 -2
19656 19756 2
19656 19657 -2
19657 19757 -2
19657 19658 -2
19658 19758 -2
19658 19659 -2
19659 19759 2
19659 19660 2
19660 19760 2
19660 19661 2
19661 19761 -2
19661 19662 2
19662 19762 2
19662 19663 2
19663 19763 -2
19663 19664 -2
19664 19764 2
19664 19665 -2
19665 19765 2
19665 19666 -2
19666 19766 -2
19666 19667 2
19667 19767 -2
19667 19668 -2
19668 19768 -2
19668 19669 -2
19669 19769 -2
19669 19670 -2
19670 19770 2
19670 19671 -2
19671 19771 2
19671 19672 2
19672 19772 -2
19672 19673 -2
19673 19773 -2
19673 19674 2
19674 19774 -2
19674 19675 -2
19675 19775 -2
19675 19676 -2
19676 19776 -2
19676 19677 2
19677 19777 -2
19677 19678 2
19678 19778 2
19678 19679 2
19679 19779 2
19679 19680 2
19680 19780 2
19680 19681 -2
19681 19781 -2
19681 19682 -2
19682 19782 -2
19682 19683 2
19683 19783 2
19683 19684 -2
19684 19784 -2
19684 19685 -2
19685 19785 -2
19685 19686 2
19686 19786 2
19686 19687 2
19687 19787 -2
19687 19688 2
19688 19788 2
19688 19689 -2
19689 19789 2
19689 19690 -2
19690 19790 -2
19690 19691 -2
19691 19791 2
19691 19692 -2
19692 19792 2
19692 19693 -2
19693 19793 2
19693 19694 2
19694 19794 -2
19694 19695 -2
19695 19795 2
19695 19696 2
19696 19796 -2
19696 19697 -2
19697 19797 -2
19697 19698 -2
19698 19798 2
19698 19699 -2
19699 19799 2
19700 19800 -2
19700 19799 -2
19700 19701 -2
19701 19801 2
19701 19702 2
19702 19802 -2
19702 19703 2
19703 19803 2
19703 19704 2
19704 19804 2
19704 19705 -2
19705 19805 2
19705 19706 2
19706 19806 2
19706 19707 -2
19707 19807 2
19707 19708 2
19708 19808 -2
19708 19709 -2
19709 19809 -2
19709 19710 2
19710 19810 2
19710 19711 2
19711 19811 -2
19711 19712 -2
19712 19812 -2
19712 19713 -2
19713 19813 -2
19713 19714 2
19714 19814 -2
19714 19715 2
19715 19815 2
19715 19716 2
19716 19816 -2
19716 19717 -2
19717 19817 -2
19717 19718 -2
19718 19818 -2
19718 19719 2
19719 19819 -2
19719 19720 -2
19720 19820 -2
19720 19721 -2
19721 19821 -2
19721 19722 -2
19722 19822 -2
19722 19723 2
19723 19823 2
19723 19724 -2
19724 19824 2
19724 19725 2
19725 19825 2
19725 19726 -2
19726 19826 -2
19726 19727 -2
19727 19827 -2
19727 19728 -2
19728 19828 -2
19728 19729 2
19729 19829 2
19729 19730 -2
19730 19830 2
19730 19731 -2
19731 19831 -2
19731 19732 2
19732 19832 2
19732 19733 -2
19733 19833 2
19733 19734 -2
19734 19834 -2
19734 19735 -2
19735 19835 -2
19735 19736 -2
19736 19836 2
19736 19737 2
19737 19837 2
19737 19738 2
19738 19838 -2
19738 19739 2
19739 19839 -2
19739 19740 -2
19740 19840 -2
19740 19741 -2
19741 19841 -2
19741 19742 -2
19742 19842 -2
19742 19743 2
19743 19843 2
19743 19744 -2
19744 19844 2
19744 19745 2
19745 19845 -2
19745 19746 2
19746 19846 -2
19746 19747 2
19747 19847 2
19747 19748 -2
19748 19848 2
19748 19749 2
19749 19849 -2
19749 19750 -2
19750 19850 -2
19750 19751 2
19751 19851 2
19751 19752 2
19752 19852 -2
19752 19753 -2
19753 19853 2
19753 19754 2
19754 19854 -2
19754 19755 -2
19755 19855 2
19755 19756 2
19756 19856 -2
19756 19757 2
19757 19857 -2
19757 19758 2
19758 19858 2
19758 19759 2
19759 19859 2
19759 19760 2
19760 19860 -2
19760 19761 2
19761 19861 -2
19761 19762 -2
19762 19862 2
19762 19763 -2
19763 19863 2
19763 19764 -2
19764 19864 2
19764 19765 2
19765 19865 2
19765 19766 2
19766 19866 -2
19766 19767 -2
19767 19867 2
19767 19768 2
19768 19868 2
19768 19769 -2
19769 19869 -2
19769 19770 -2
19770 19870 2
19770 19771 2
19771 19871 -2
19771 19772 -2
19772 19872 -2
19772 19773 -2
19773 19873 -2
19773 19774 -2
19774 19874 2
19774 19775 -2
19775 19875 2
19775 19776 2
19776 19876 -2
19776 19777 2
19777 19877 2
19777 19778 2
19778 19878 -2
19778 19779 -2
19779 19879 -2
19779 19780 -2
19780 19880 2
19780 19781 -2
19781 19881 -2
19781 19782 2
19782 19882 2
19782 19783 2
19783 19883 -2
19783 19784 2
19784 19884 -2
19784 19785 2
19785 19885 2
19785 19786 -2
19786 19886 2
19786 19787 -2
19787 19887 2
19787 19788 2
19788 19888 2
19788 19789 2
19789 19889 2
19789 19790 2
19790 19890 2
19790 19791 2
19791 19891 2
19791 19792 -2
19792 19892 2
19792 19793 2
19793 19893 2
19793 19794 2
19794 19894 2
19794 19795 -2
19795 19895 2
19795 19796 2
19796 19896 2
19796 19797 2
19797 19897 -2
19797 19798 2
19798 19898 -2
19798 19799 2
19799 19899 -2
19800 19900 2
19800 19899 -2
19800 19801 2
19801 19901 2
19801 19802 -2
19802 19902 2
19802 19803 -2
19803 19903 2
19803 19804 2
19804 19904 -2
19804 19805 2
19805 19905 2
19805 19806 -2
19806 19906 -2
19806 19807 2
19807 19907 -2
19807 19808 2
19808 19908 -2
19808 19809 -2
19809 19909 -2
19809 19810 -2
19810 19910 2
19810 19811 2
19811 19911 2
19811 19812 2
19812 19912 -2
19812 19813 -2
19813 19913 -2
19813 19814 -2
19814 19914 2
19814 19815 -2
19815 19915 -2
19815 19816 -2
19816 19916 2
19816 19817 -2
19817 19917 -2
19817 19818 -2
19818 19918 -2
19818 19819 2
19819 19919 -2
19819 19820 -2
19820 19920 -2
19820 19821 -2
19821 19921 2
19821 19822 2
19822 19922 -2
19822 19823 2
19823 19923 -2
19823 19824 2
19824 19924 2
19824 19825 2
19825 19925 -2
19825 19826 2
19826 19926 2
19826 19827 2
19827 19927 2
19827 19828 2
19828 19928 -2
19828 19829 2
19829 19929 2
19829 19830 2
19830 19930 2
19830 19831 -2
19831 19931 -2
19831 19832 2
19832 19932 -2
19832 19833 -2
19833 19933 -2
19833 19834 2
19834 19934 -2
19834 19835 -2
19835 19935 2
19835 19836 2
19836 19936 2
19836 19837 2
19837 19937 2
19837 19838 -2
19838 19938 -2
19838 19839 -2
19839 19939 -2
19839 19840 2
19840 19940 2
19840 19841 -2
19841 19941 -2
19841 19842 2
19842 19942 -2
19842 19843 -2
19843 19943 2
19843 19844 2
19844 19944 2
19844 19845 2
19845 19945 -2
19845 19846 2
19846 19946 2
19846 19847 -2
19847 19947 -2
19847 19848 2
19848 19948 2
19848 19849 2
19849 19949 2
19849 19850 2
19850 19950 2
19850 19851 2
19851 19951 2
19851 19852 2
19852 19952 2
19852 19853 -2
19853 19953 -2
19853 19854 -2
19854 19954 -2
19854 19855 -2
19855 19955 2
19855 19856 -2
19856 19956 2
19856 19857 2
19857 19957 -2
19857 19858 2
19858 19958 -2
19858 19859 -2
19859 19959 2
19859 19860 -2
19860 19960 -2
19860 19861 2
19861 19961 2
19861 19862 2
19862 19962 2
19862 19863 -2
19863 19963 -2
19863 19864 -2
19864 19964 -2
19864 19865 2
19865 19965 2
19865 19866 2
19866 19966 -2
19866 19867 -2
19867 19967 2
19867 19868 2
19868 19968 2
19868 19869 -2
19869 19969 2
19869 19870 -2
19870 19970 -2
19870 19871 2
19871 19971 -2
19871 19872 -2
19872 19972 -2
19872 19873 2
19873 19973 -2
19873 19874 2
19874 19974 2
19874 19875 2
19875 19975 2
19875 19876 2
19876 19976 2
19876 19877 -2
19877 19977 2
19877 19878 2
19878 19978 -2
19878 19879 -2
19879 19979 -2
19879 19880 -2
19880 19980 2
19880 19881 -2
19881 19981 -2
19881 19882 -2
19882 19982 -2
19882 19883 -2
19883 19983 2
19883 19884 2
19884 19984 2
19884 19885 2
19885 19985 2
19885 19886 -2
19886 19986 2
19886 19887 2
19887 19987 -2
19887 19888 2
19888 19988 -2
19888 19889 -2
19889 19989 -2
19889 19890 -2
19890 19990 -2
19890 19891 2
19891 19991 2
19891 19892 -2
19892 19992 -2
19892 19893 2
19893 19993 2
19893 19894 -2
19894 19994 -2
19894 19895 2
19895 19995 2
19895 19896 2
19896 19996 2
19896 19897 -2
19897 19997 -2
19897 19898 -2
19898 19998 -2
19898 19899 -2
19899 19999 -2
19900 19999 2
19900 19901 2
19901 19902 2
19902 19903 2
19903 19904 2
19904 19905 -2
19905 19906 2
19906 19907 2
19907 19908 -2
19908 19909 2
19909 19910 -2
19910 19911 -2
19911 19912 -2
19912 19913 -2
19913 19914 -2
19914 19915 -2
19915 19916 -2
19916 19917 2
19917 19918 2
19918 19919 -2
19919 19920 -2
19920 19921 2
19921 19922 -2
19922 19923 -2
19923 19924 2
19924 19925 -2
19925 19926 2
19926 19927 -2
19927 19928 -2
19928 19929 -2
19929 19930 2
19930 19931 -2
19931 19932 2
19932 19933 -2
19933 19934 2
19934 19935 2
19935 19936 2
19936 19937 -2
19937 19938 2
19938 19939 -2
19939 19940 2
19940 19941 2
19941 19942 2
19942 19943 -2
19943 19944 2
19944 19945 -2
19945 19946 2
19946 19947 2
19947 19948 2
19948 19949 -2
19949 19950 -2
19950 19951 -2
19951 19952 -2
19952 19953 2
19953 19954 2
19954 19955 2
19955 19956 2
19956 19957 -2
19957 19958 2
19958 19959 2
19959 19960 2
19960 19961 2
19961 19962 -2
19962 19963 -2
19963 19964 2
19964 19965 -2
19965 19966 -2
19966 19967 -2
19967 19968 2
19968 19969 2
19969 19970 -2
19970 19971 -2
19971 19972 -2
19972 19973 -2
19973 19974 -2
19974 19975 -2
19975 19976 -2
19976 19977 2
19977 19978 2
19978 19979 -2
19979 19980 -2
19980 19981 2
19981 19982 -2
19982 19983 -2
19983 19984 2
19984 19985 -2
19985 19986 -2
19986 19987 -2
19987 19988 2
19988 19989 -2
19989 19990 -2
19990 19991 -2
19991 19992 -2
19992 19993 2
19993 19994 2
19994 19995 -2
19995 19996 -2
19996 19997 -2
19997 19998 2
19998 19999 -2
2 2 2
3 3 2
5 5 2
9 9 -2
10 10 -2
11 11 -2
14 14 -2
15 15 2
16 16 -2
18 18 2
20 20 -2
21 21 -2
22 22 -4
23 23 -2
25 25 2
26 26 2
27 27 2
28 28 -2
29 29 -2
33 33 -2
35 35 2
37 37 4
38 38 2
40 40 4
42 42 -2
45 45 2
46 46 -2
47 47 -4
48 48 -4
52 52 2
54 54 -4
57 57 -2
58 58 -2
59 59 -2
61 61 -2
62 62 -2
63 63 2
65 65 -2
66 66 -4
69 69 2
71 71 -2
72 72 2
73 73 2
75 75 -2
77 77 -2
82 82 2
83 83 2
84 84 -2
86 86 -2
88 88 -2
91 91 -2
92 92 -2
93 93 2
94 94 -2
95 95 2
96 96 2
100 100 -2
101 101 -4
102 102 -2
106 106 -2
107 107 2
109 109 -2
110 110 -2
111 111 2
115 115 -2
116 116 -2
117 117 -2
118 118 4
119 119 2
121 121 -2
122 122 -2
123 123 -2
124 124 -2
128 128 -2
129 129 -2
131 131 2
132 132 2
136 136 -2
138 138 -2
139 139 -4
140 140 2
145 145 4
147 147 -4
148 148 -2
149 149 4
151 151 -2
152 152 2
153 153 2
154 154 -4
155 155 2
163 163 2
164 164 -2
168 168 -2
169 169 2
173 173 2
174 174 -2
175 175 -2
179 179 -2
181 181 2
182 182 -2
183 183 -4
184 184 -4
185 185 2
186 186 2
187 187 4
190 190 -2
192 192 -2
195 195 -2
196 196 2
197 197 -2
198 198 2
201 201 -2
202 202 -2
205 205 2
206 206 2
207 207 2
208 208 -2
211 211 -4
213 213 2
214 214 2
216 216 2
218 218 2
219 219 2
220 220 -2
221 221 -4
222 222 -2
223 223 2
225 225 -2
227 227 2
228 228 -4
229 229 -4
230 230 -2
231 231 2
232 232 2
234 234 2
236 236 2
237 237 -2
238 238 -2
240 240 2
241 241 2
242 242 -2
243 243 -2
245 245 2
246 246 2
247 247 -4
248 248 -4
249 249 -2
250 250 -2
252 252 4
254 254 -2
255 255 -2
257 257 2
258 258 2
260 260 -2
265 265 2
267 267 2
269 269 -4
270 270 -2
271 271 -2
272 272 -2
274 274 -4
275 275 -2
276 276 -2
277 277 -4
278 278 -2
279 279 -2
280 280 -4
282 282 -2
283 283 -4
285 285 4
287 287 -2
288 288 -2
291 291 -4
292 292 -2
293 293 -2
295 295 2
296 296 4
298 298 2
301 301 -4
302 302 2
303 303 2
304 304 2
305 305 2
306 306 2
307 307 2
308 308 -2
309 309 -2
310 310 4
312 312 2
315 315 -2
318 318 -2
319 319 -2
320 320 -2
322 322 -2
323 323 -2
324 324 2
325 325 4
328 328 -4
329 329 -2
331 331 4
332 332 4
334 334 2
336 336 2
337 337 -4
338 338 -2
339 339 -2
340 340 -2
342 342 -2
346 346 2
347 347 -2
348 348 -2
349 349 -2
350 350 -4
351 351 -2
354 354 -2
355 355 -4
356 356 -4
357 357 -2
358 358 -2
359 359 -2
362 362 -4
365 365 4
369 369 -2
371 371 -2
374 374 -2
375 375 2
377 377 -4
380 380 -2
381 381 2
382 382 4
384 384 2
385 385 2
386 386 -4
387 387 -4
388 388 2
393 393 2
394 394 -2
395 395 2
397 397 -2
401 401 2
402 402 4
403 403 2
404 404 2
405 405 2
407 407 -2
408 408 -2
409 409 -2
411 411 2
413 413 -2
414 414 2
415 415 2
418 418 -2
419 419 -2
420 420 -2
425 425 -2
426 426 -4
428 428 -2
429 429 2
430 430 -2
431 431 -2
432 432 -2
434 434 2
435 435 -2
437 437 -2
438 438 -2
442 442 -2
443 443 -2
445 445 2
447 447 -2
448 448 -2
451 451 2
452 452 2
453 453 4
455 455 -2
456 456 -4
457 457 -4
458 458 -2
461 461 -2
462 462 2
463 463 2
464 464 -4
465 465 -2
466 466 -4
470 470 2
471 471 2
472 472 2
473 473 -2
475 475 2
476 476 2
477 477 -4
478 478 -2
479 479 -2
480 480 -2
482 482 2
484 484 2
485 485 2
487 487 2
489 489 -4
490 490 -2
494 494 -2
496 496 -2
497 497 2
498 498 2
499 499 -2
500 500 2
501 501 2
502 502 2
504 504 -2
508 508 -4
509 509 -2
511 511 2
514 514 4
515 515 2
517 517 2
519 519 2
520 520 2
521 521 2
522 522 4
526 526 -2
528 528 -2
529 529 -2
530 530 -2
532 532 -2
534 534 -2
537 537 -2
538 538 -4
539 539 -2
546 546 -4
547 547 -2
548 548 2
549 549 2
550 550 2
553 553 2
555 555 4
558 558 4
560 560 2
561 561 2
562 562 4
563 563 2
564 564 2
565 565 2
566 566 2
568 568 -2
569 569 -4
571 571 4
573 573 -2
575 575 -2
576 576 -2
577 577 -4
578 578 -2
579 579 2
580 580 -2
584 584 -2
587 587 2
589 589 -2
591 591 -2
592 592 -4
593 593 -4
594 594 -4
595 595 2
596 596 2
597 597 2
598 598 4
599 599 4
600 600 2
601 601 -2
602 602 -2
603 603 -2
604 604 -4
605 605 -2
606 606 -2
607 607 2
608 608 -2
609 609 -2
610 610 -4
616 616 2
619 619 2
621 621 -2
622 622 2
623 623 2
624 624 4
626 626 2
627 627 2
628 628 2
630 630 -2
632 632 2
634 634 -4
635 635 2
636 636 -2
637 637 -2
638 638 2
639 639 2
640 640 -2
642 642 2
644 644 2
645 645 4
646 646 2
647 647 -2
651 651 2
653 653 2
655 655 2
656 656 4
659 659 -2
660 660 2
662 662 2
664 664 2
666 666 -2
667 667 -2
668 668 -2
669 669 -2
670 670 2
672 672 -4
673 673 -2
674 674 -2
675 675 -2
676 676 -2
678 678 -4
681 681 2
682 682 2
684 684 -4
685 685 -2
686 686 -2
687 687 2
691 691 -2
693 693 -2
694 694 -4
698 698 2
702 702 2
704 704 -2
705 705 2
707 707 2
708 708 2
709 709 -2
711 711 2
713 713 -2
714 714 -2
715 715 -2
716 716 2
718 718 -2
721 721 2
722 722 4
723 723 2
725 725 -2
728 728 2
729 729 -4
730 730 -2
731 731 4
733 733 -2
734 734 -4
735 735 2
738 738 -2
739 739 -2
741 741 -2
744 744 -2
745 745 -2
746 746 2
748 748 -2
749 749 -2
752 752 -2
753 753 2
754 754 2
755 755 -2
756 756 -2
757 757 -2
759 759 -4
760 760 -2
761 761 -2
762 762 2
763 763 -2
764 764 2
766 766 -2
768 768 2
771 771 -2
772 772 2
773 773 2
776 776 -2
777 777 2
778 778 -2
779 779 -2
783 783 -4
784 784 -2
786 786 -2
787 787 2
790 790 -2
791 791 -2
793 793 -2
795 795 2
796 796 2
797 797 2
798 798 4
800 800 -2
801 801 -2
802 802 2
804 804 -4
806 806 4
809 809 -4
811 811 -2
812 812 2
813 813 4
814 814 4
816 816 -2
817 817 -4
818 818 -4
819 819 -2
823 823 2
824 824 2
827 827 4
828 828 4
829 829 2
830 830 2
831 831 2
832 832 -2
833 833 -4
834 834 -2
836 836 -4
839 839 -2
841 841 -2
843 843 -2
845 845 -2
846 846 2
847 847 -2
849 849 -2
851 851 2
852 852 -2
854 854 2
857 857 2
858 858 2
861 861 2
862 862 2
863 863 2
864 864 4
865 865 2
866 866 2
867 867 -2
870 870 2
871 871 2
872 872 2
874 874 2
877 877 2
879 879 -2
880 880 -2
881 881 4
882 882 2
883 883 -2
885 885 2
886 886 2
887 887 2
888 888 -2
889 889 -4
890 890 -4
892 892 -2
893 893 -2
897 897 2
899 899 -2
900 900 -4
903 903 -2
904 904 -2
905 905 -2
906 906 2
907 907 -2
908 908 2
909 909 2
910 910 2
912 912 2
913 913 2
914 914 2
915 915 2
916 916 4
919 919 -2
920 920 -2
921 921 -2
922 922 -2
923 923 2
924 924 2
925 925 2
926 926 -2
927 927 -2
928 928 -2
930 930 2
931 931 2
932 932 2
934 934 4
936 936 -2
939 939 2
940 940 2
944 944 -2
945 945 -2
946 946 -2
947 947 -2
948 948 2
950 950 -2
951 951 2
953 953 -2
954 954 -2
956 956 -2
960 960 -2
963 963 4
964 964 2
965 965 2
967 967 -4
968 968 2
969 969 4
971 971 2
974 974 2
980 980 2
983 983 2
986 986 2
987 987 -2
994 994 -2
995 995 2
999 999 -2
1000 1000 -2
1001 1001 -2
1002 1002 -4
1003 1003 -2
1006 1006 2
1008 1008 2
1009 1009 2
1011 1011 -4
1012 1012 -2
1013 1013 2
1015 1015 -2
1017 1017 -2
1018 1018 -2
1019 1019 -2
1020 1020 -2
1021 1021 -2
1022 1022 -4
1023 1023 2
1025 1025 2
1028 1028 -4
1029 1029 2
1031 1031 -2
1032 1032 2
1034 1034 2
1035 1035 -2
1036 1036 -4
1037 1037 -2
1038 1038 -2
1039 1039 2
1041 1041 -2
1043 1043 2
1044 1044 -2
1046 1046 2
1047 1047 4
1048 1048 2
1049 1049 4
1050 1050 -2
1051 1051 -2
1054 1054 -2
1055 1055 2
1058 1058 -2
1060 1060 2
1061 1061 -2
1062 1062 -2
1064 1064 2
1065 1065 2
1066 1066 2
1068 1068 2
1069 1069 4
1073 1073 -2
1074 1074 -4
1076 1076 -2
1078 1078 4
1081 1081 -2
1082 1082 -2
1084 1084 -2
1085 1085 -2
1087 1087 2
1089 1089 -4
1090 1090 -2
1091 1091 -2
1095 1095 2
1096 1096 -2
1097 1097 -2
1098 1098 -2
1099 1099 -2
1100 1100 2
1101 1101 2
1103 1103 -2
1105 1105 -2
1108 1108 -4
1109 1109 -2
1110 1110 2
1112 1112 2
1113 1113 4
1117 1117 -2
1118 1118 -2
1119 1119 -2
1120 1120 -2
1122 1122 -2
1123 1123 -2
1124 1124 -2
1126 1126 -2
1127 1127 2
1129 1129 2
1131 1131 -2
1132 1132 2
1135 1135 4
1137 1137 2
1139 1139 2
1141 1141 -2
1142 1142 2
1143 1143 -2
1144 1144 -4
1145 1145 -2
1146 1146 2
1148 1148 -2
1149 1149 2
1151 1151 2
1154 1154 -2
1155 1155 2
1156 1156 2
1157 1157 2
1158 1158 -4
1159 1159 -4
1162 1162 4
1163 1163 -2
1164 1164 -2
1165 1165 -2
1167 1167 -2
1168 1168 2
1170 1170 -2
1173 1173 -4
1175 1175 2
1176 1176 -2
1177 1177 -4
1178 1178 2
1180 1180 -2
1181 1181 -2
1184 1184 2
1185 1185 2
1186 1186 2
1187 1187 2
1188 1188 -4
1189 1189 -2
1190 1190 -4
1191 1191 -4
1192 1192 2
1195 1195 2
1196 1196 4
1197 1197 2
1199 1199 -2
1203 1203 2
1205 1205 -2
1207 1207 4
1209 1209 -4
1210 1210 -2
1217 1217 -2
1219 1219 2
1222 1222 2
1225 1225 -2
1226 1226 2
1228 1228 -2
1232 1232 2
1233 1233 2
1234 1234 -2
1235 1235 2
1239 1239 -2
1240 1240 -2
1241 1241 -2
1242 1242 4
1243 1243 2
1244 1244 2
1247 1247 -2
1248 1248 2
1252 1252 -2
1253 1253 2
1254 1254 -2
1255 1255 2
1256 1256 -2
1257 1257 -2
1258 1258 -2
1261 1261 -2
1263 1263 -2
1264 1264 -2
1266 1266 2
1267 1267 -4
1269 1269 -2
1270 1270 -2
1271 1271 2
1272 1272 2
1274 1274 4
1275 1275 -2
1277 1277 2
1278 1278 2
1279 1279 -2
1280 1280 -2
1281 1281 -2
1284 1284 -2
1285 1285 -2
1286 1286 2
1287 1287 2
1288 1288 -2
1290 1290 2
1292 1292 2
1294 1294 4
1295 1295 4
1296 1296 2
1297 1297 2
1300 1300 -2
1301 1301 -2
1303 1303 4
1306 1306 2
1307 1307 2
1308 1308 4
1313 1313 -2
1315 1315 -2
1316 1316 2
1319 1319 4
1323 1323 2
1324 1324 2
1326 1326 2
1327 1327 2
1328 1328 -2
1330 1330 -2
1331 1331 -4
1332 1332 -4
1333 1333 -2
1334 1334 -2
1335 1335 2
1336 1336 2
1337 1337 -2
1338 1338 -2
1339 1339 -2
1340 1340 2
1341 1341 -2
1342 1342 -2
1343 1343 -2
1345 1345 -2
1346 1346 2
1347 1347 4
1348 1348 4
1350 1350 4
1352 1352 -2
1353 1353 2
1354 1354 2
1355 1355 2
1356 1356 -2
1357 1357 -2
1358 1358 2
1359 1359 2
1361 1361 -4
1362 1362 -2
1363 1363 -4
1364 1364 -2
1365 1365 2
1366 1366 2
1367 1367 -2
1370 1370 -2
1372 1372 -2
1373 1373 -2
1374 1374 -2
1375 1375 -4
1376 1376 2
1377 1377 2
1378 1378 2
1379 1379 2
1382 1382 -2
1384 1384 2
1385 1385 -4
1386 1386 -2
1387 1387 2
1388 1388 4
1391 1391 2
1392 1392 2
1394 1394 2
1396 1396 -4
1398 1398 2
1399 1399 2
1401 1401 -4
1403 1403 -2
1404 1404 -2
1405 1405 -2
1408 1408 2
1410 1410 2
1411 1411 2
1412 1412 -2
1413 1413 -4
1414 1414 2
1415 1415 2
1416 1416 4
1417 1417 4
1418 1418 -2
1419 1419 -2
1420 1420 -2
1421 1421 2
1423 1423 2
1424 1424 4
1425 1425 2
1427 1427 4
1428 1428 2
1430 1430 -4
1431 1431 -4
1432 1432 -2
1433 1433 2
1435 1435 2
1436 1436 2
1437 1437 -2
1443 1443 -2
1445 1445 2
1446 1446 4
1447 1447 2
1450 1450 2
1451 1451 2
1452 1452 2
1453 1453 -2
1454 1454 2
1455 1455 -2
1456 1456 -2
1458 1458 -2
1459 1459 -4
1460 1460 2
1464 1464 -2
1468 1468 2
1469 1469 2
1470 1470 -2
1473 1473 -2
1475 1475 -2
1479 1479 -2
1480 1480 2
1484 1484 2
1485 1485 -2
1486 1486 2
1487 1487 4
1488 1488 2
1489 1489 4
1491 1491 2
1492 1492 4
1495 1495 -2
1497 1497 4
1498 1498 2
1500 1500 2
1501 1501 -2
1502 1502 -2
1503 1503 -4
1504 1504 -2
1505 1505 2
1507 1507 -4
1509 1509 2
1513 1513 -2
1515 1515 4
1517 1517 -2
1519 1519 2
1520 1520 2
1522 1522 -2
1523 1523 2
1524 1524 2
1525 1525 2
1526 1526 -2
1528 1528 -2
1529 1529 -2
1532 1532 2
1533 1533 2
1534 1534 2
1537 1537 -2
1539 1539 2
1541 1541 2
1543 1543 -2
1544 1544 -2
1546 1546 2
1547 1547 2
1548 1548 -2
1551 1551 -2
1555 1555 2
1561 1561 4
1562 1562 -2
1564 1564 -2
1565 1565 2
1566 1566 4
1569 1569 4
1570 1570 2
1571 1571 2
1572 1572 2
1574 1574 4
1575 1575 -2
1579 1579 -4
1580 1580 -2
1581 1581 -2
1582 1582 2
1583 1583 2
1584 1584 -2
1585 1585 -4
1586 1586 2
1587 1587 2
1588 1588 -2
1590 1590 -4
1593 1593 -2
1594 1594 2
1595 1595 2
1598 1598 2
1599 1599 -2
1600 1600 -2
1601 1601 -2
1603 1603 -4
1604 1604 -4
1608 1608 4
1610 1610 -2
1611 1611 -2
1612 1612 2
1613 1613 2
1614 1614 2
1615 1615 2
1616 1616 -4
1617 1617 -4
1620 1620 -2
1621 1621 -4
1622 1622 -4
1624 1624 -2
1626 1626 2
1627 1627 4
1628 1628 -2
1629 1629 -4
1630 1630 2
1632 1632 -2
1634 1634 4
1635 1635 2
1636 1636 -2
1637 1637 -2
1638 1638 -2
1639 1639 -2
1642 1642 -4
1645 1645 -4
1646 1646 -2
1647 1647 2
1648 1648 2
1649 1649 2
1650 1650 2
1651 1651 2
1653 1653 -2
1654 1654 -2
1655 1655 4
1658 1658 -4
1659 1659 2
1661 1661 2
1663 1663 -2
1664 1664 -4
1665 1665 -2
1674 1674 2
1675 1675 -2
1676 1676 4
1677 1677 2
1678 1678 2
1679 1679 -4
1680 1680 -2
1681 1681 -2
1682 1682 2
1683 1683 2
1687 1687 2
1689 1689 -4
1691 1691 2
1693 1693 2
1694 1694 4
1696 1696 2
1699 1699 -2
1701 1701 -2
1702 1702 -2
1703 1703 -2
1704 1704 -2
1711 1711 -2
1713 1713 -2
1715 1715 4
1716 1716 2
1720 1720 2
1722 1722 2
1723 1723 4
1724 1724 2
1726 1726 4
1727 1727 4
1728 1728 -2
1734 1734 2
1736 1736 2
1737 1737 -2
1738 1738 -4
1739 1739 -2
1740 1740 2
1744 1744 2
1746 1746 2
1747 1747 2
1748 1748 2
1753 1753 -2
1754 1754 -2
1756 1756 -2
1757 1757 -2
1758 1758 -2
1759 1759 4
1761 1761 -4
1765 1765 -2
1766 1766 -2
1767 1767 2
1768 1768 4
1770 1770 -2
1772 1772 4
1776 1776 4
1778 1778 2
1782 1782 2
1783 1783 2
1785 1785 -2
1787 1787 2
1788 1788 2
1789 1789 -4
1791 1791 4
1792 1792 2
1793 1793 -2
1795 1795 -2
1796 1796 2
1797 1797 2
1798 1798 2
1799 1799 2
1800 1800 -2
1801 1801 -4
1802 1802 -2
1803 1803 2
1806 1806 4
1808 1808 2
1809 1809 2
1810 1810 2
1811 1811 4
1812 1812 2
1814 1814 2
1815 1815 4
1816 1816 2
1818 1818 2
1821 1821 -2
1822 1822 2
1823 1823 2
1824 1824 2
1825 1825 2
1826 1826 2
1827 1827 2
1828 1828 2
1829 1829 2
1830 1830 2
1834 1834 2
1838 1838 -2
1839 1839 -2
1840 1840 -4
1841 1841 -2
1842 1842 2
1845 1845 -2
1846 1846 2
1847 1847 2
1848 1848 2
1850 1850 2
1851 1851 -2
1852 1852 -4
1855 1855 2
1856 1856 -2
1857 1857 -4
1859 1859 2
1860 1860 2
1861 1861 2
1862 1862 4
1863 1863 2
1865 1865 -2
1867 1867 2
1870 1870 -2
1871 1871 -2
1872 1872 2
1874 1874 2
1875 1875 4
1876 1876 4
1877 1877 2
1879 1879 4
1880 1880 2
1881 1881 4
1883 1883 -2
1884 1884 -2
1885 1885 -2
1886 1886 2
1887 1887 2
1889 1889 -2
1890 1890 -2
1891 1891 -2
1893 1893 -2
1894 1894 -4
1896 1896 4
1897 1897 2
1898 1898 2
1901 1901 -2
1902 1902 -2
1906 1906 -2
1907 1907 -4
1908 1908 2
1909 1909 4
1910 1910 2
1912 1912 -4
1913 1913 -4
1917 1917 2
1919 1919 -2
1920 1920 2
1921 1921 2
1924 1924 2
1925 1925 2
1926 1926 2
1927 1927 2
1928 1928 2
1929 1929 2
1930 1930 2
1931 1931 -2
1932 1932 -2
1933 1933 2
1935 1935 2
1937 1937 2
1938 1938 2
1940 1940 -2
1942 1942 2
1944 1944 2
1945 1945 -2
1946 1946 2
1947 1947 2
1950 1950 2
1951 1951 2
1953 1953 2
1956 1956 -4
1957 1957 -2
1958 1958 2
1962 1962 2
1964 1964 2
1965 1965 2
1966 1966 2
1968 1968 -2
1969 1969 -2
1970 1970 4
1971 1971 2
1972 1972 2
1973 1973 -2
1974 1974 2
1975 1975 2
1976 1976 2
1977 1977 2
1978 1978 2
1979 1979 2
1980 1980 -2
1981 1981 4
1983 1983 -2
1984 1984 -2
1985 1985 2
1987 1987 -2
1989 1989 2
1990 1990 -2
1992 1992 2
1996 1996 2
1999 1999 2
2000 2000 -2
2001 2001 2
2003 2003 2
2004 2004 -2
2007 2007 -2
2009 2009 2
2010 2010 2
2011 2011 4
2012 2012 2
2014 2014 -2
2015 2015 -4
2016 2016 -2
2017 2017 -2
2018 2018 -2
2019 2019 -2
2024 2024 2
2026 2026 -2
2027 2027 4
2028 2028 2
2029 2029 4
2031 2031 -2
2032 2032 -2
2033 2033 2
2040 2040 -2
2043 2043 -2
2044 2044 2
2048 2048 2
2049 2049 2
2050 2050 2
2051 2051 2
2054 2054 4
2055 2055 2
2056 2056 -2
2058 2058 2
2063 2063 2
2065 2065 -2
2066 2066 2
2067 2067 2
2068 2068 -2
2069 2069 -4
2072 2072 -2
2073 2073 -2
2074 2074 4
2075 2075 -2
2080 2080 -2
2082 2082 2
2083 2083 2
2084 2084 -2
2087 2087 -2
2088 2088 -2
2089 2089 2
2091 2091 4
2094 2094 2
2095 2095 -2
2096 2096 4
2099 2099 2
2100 2100 -2
2105 2105 2
2107 2107 -4
2108 2108 -4
2110 2110 2
2111 2111 4
2112 2112 2
2113 2113 2
2114 2114 4
2115 2115 2
2119 2119 -2
2121 2121 2
2122 2122 2
2124 2124 -2
2125 2125 2
2126 2126 -2
2127 2127 -2
2128 2128 -2
2130 2130 2
2132 2132 -4
2135 2135 -2
2136 2136 -2
2137 2137 -2
2138 2138 -2
2140 2140 -2
2141 2141 2
2142 2142 -2
2146 2146 2
2147 2147 4
2148 2148 4
2149 2149 2
2150 2150 -2
2151 2151 -4
2152 2152 -4
2153 2153 -2
2154 2154 4
2155 2155 2
2156 2156 2
2157 2157 2
2158 2158 2
2159 2159 -2
2160 2160 -2
2161 2161 2
2163 2163 4
2165 2165 -2
2166 2166 -2
2167 2167 2
2169 2169 -2
2170 2170 2
2171 2171 2
2172 2172 2
2173 2173 2
2174 2174 2
2175 2175 -4
2176 2176 2
2177 2177 2
2178 2178 -2
2179 2179 -2
2182 2182 2
2183 2183 2
2184 2184 2
2185 2185 2
2186 2186 -2
2187 2187 -2
2188 2188 -2
2189 2189 2
2190 2190 4
2191 2191 4
2193 2193 2
2194 2194 2
2195 2195 -4
2198 2198 2
2202 2202 2
2203 2203 2
2206 2206 2
2208 2208 -4
2209 2209 -2
2211 2211 -2
2212 2212 -2
2217 2217 -2
2218 2218 -2
2219 2219 -2
2221 2221 -2
2222 2222 2
2223 2223 -2
2224 2224 -2
2225 2225 4
2226 2226 -2
2227 2227 -2
2228 2228 2
2232 2232 2
2233 2233 4
2235 2235 2
2238 2238 -2
2239 2239 -2
2240 2240 -4
2241 2241 -2
2243 2243 4
2244 2244 -2
2249 2249 2
2250 2250 2
2251 2251 2
2252 2252 -2
2254 2254 2
2257 2257 -4
2259 2259 -2
2260 2260 -2
2262 2262 -2
2263 2263 -2
2264 2264 -2
2265 2265 -4
2266 2266 -4
2267 2267 2
2269 2269 -2
2270 2270 2
2273 2273 -2
2274 2274 -2
2275 2275 -2
2276 2276 2
2277 2277 2
2278 2278 2
2279 2279 -2
2280 2280 2
2283 2283 -4
2285 2285 2
2286 2286 -2
2290 2290 2
2291 2291 2
2293 2293 4
2294 2294 4
2295 2295 2
2296 2296 2
2298 2298 2
2301 2301 -2
2305 2305 -4
2306 2306 -2
2307 2307 2
2308 2308 -2
2310 2310 -2
2311 2311 -2
2313 2313 4
2314 2314 4
2315 2315 2
2318 2318 2
2319 2319 -2
2321 2321 -2
2323 2323 -4
2324 2324 -2
2325 2325 2
2326 2326 -2
2327 2327 2
2328 2328 2
2334 2334 -2
2335 2335 -2
2337 2337 -2
2338 2338 -2
2339 2339 -2
2340 2340 -2
2341 2341 -2
2342 2342 -4
2343 2343 2
2347 2347 -4
2349 2349 2
2351 2351 2
2352 2352 2
2353 2353 2
2354 2354 -2
2357 2357 -2
2358 2358 2
2361 2361 2
2362 2362 2
2363 2363 -2
2367 2367 4
2368 2368 -2
2369 2369 -2
2370 2370 4
2373 2373 -2
2374 2374 -4
2376 2376 -2
2378 2378 4
2379 2379 2
2381 2381 -2
2384 2384 2
2385 2385 2
2390 2390 -2
2391 2391 4
2394 2394 4
2395 2395 2
2398 2398 2
2399 2399 2
2400 2400 2
2403 2403 -4
2404 2404 -4
2406 2406 2
2408 2408 -2
2409 2409 -2
2410 2410 -2
2413 2413 2
2418 2418 2
2421 2421 2
2422 2422 4
2423 2423 2
2424 2424 2
2425 2425 4
2427 2427 -2
2428 2428 -2
2429 2429 -2
2430 2430 -2
2431 2431 -2
2434 2434 -2
2436 2436 2
2437 2437 -2
2439 2439 -4
2441 2441 2
2442 2442 -2
2443 2443 4
2445 2445 -2
2449 2449 2
2450 2450 -2
2451 2451 2
2452 2452 2
2453 2453 2
2454 2454 -2
2455 2455 2
2458 2458 2
2459 2459 2
2460 2460 -2
2462 2462 2
2463 2463 2
2464 2464 2
2467 2467 -2
2470 2470 2
2471 2471 -4
2475 2475 4
2478 2478 2
2480 2480 -2
2481 2481 4
2490 2490 -2
2492 2492 -2
2493 2493 -2
2494 2494 -2
2495 2495 2
2496 2496 -2
2497 2497 -4
2498 2498 -2
2500 2500 -4
2501 2501 -2
2503 2503 -4
2504 2504 -2
2505 2505 2
2511 2511 -2
2513 2513 -2
2514 2514 -2
2515 2515 -2
2517 2517 -2
2518 2518 2
2519 2519 -2
2520 2520 -4
2521 2521 2
2522 2522 2
2523 2523 -2
2524 2524 -2
2529 2529 -2
2530 2530 -2
2531 2531 -2
2532 2532 2
2533 2533 -2
2534 2534 -2
2535 2535 2
2536 2536 2
2538 2538 4
2541 2541 4
2542 2542 -2
2544 2544 -2
2545 2545 4
2546 2546 2
2547 2547 2
2550 2550 -4
2551 2551 2
2552 2552 -2
2553 2553 -2
2554 2554 2
2555 2555 4
2556 2556 2
2559 2559 -2
2561 2561 2
2562 2562 2
2564 2564 -2
2565 2565 -2
2567 2567 2
2568 2568 2
2569 2569 -2
2570 2570 2
2572 2572 -2
2573 2573 -4
2574 2574 -2
2575 2575 2
2576 2576 2
2578 2578 -4
2579 2579 -2
2580 2580 -2
2581 2581 2
2582 2582 2
2583 2583 2
2585 2585 -4
2586 2586 -2
2587 2587 4
2588 2588 2
2590 2590 2
2591 2591 -2
2592 2592 -2
2593 2593 2
2595 2595 -2
2596 2596 -2
2597 2597 -2
2598 2598 -2
2599 2599 -4
2600 2600 -2
2602 2602 2
2603 2603 -2
2605 2605 2
2607 2607 -2
2608 2608 -4
2609 2609 -2
2610 2610 -2
2612 2612 2
2613 2613 -2
2615 2615 -4
2618 2618 -2
2619 2619 -2
2620 2620 2
2621 2621 2
2623 2623 -4
2624 2624 -4
2625 2625 -2
2626 2626 -2
2628 2628 2
2630 2630 -2
2633 2633 -2
2634 2634 2
2635 2635 2
2637 2637 -4
2640 2640 2
2644 2644 -2
2645 2645 2
2646 2646 4
2647 2647 2
2648 2648 -2
2649 2649 -2
2652 2652 -4
2653 2653 -2
2654 2654 4
2655 2655 2
2656 2656 2
2657 2657 -4
2658 2658 -2
2659 2659 -2
2660 2660 2
2661 2661 -2
2662 2662 -2
2664 2664 2
2666 2666 -2
2667 2667 -2
2668 2668 2
2669 2669 4
2672 2672 -4
2673 2673 -2
2675 2675 2
2678 2678 -2
2679 2679 2
2681 2681 -2
2682 2682 -4
2683 2683 -2
2684 2684 -2
2685 2685 -2
2686 2686 -2
2687 2687 2
2688 2688 2
2689 2689 -2
2690 2690 -2
2691 2691 -4
2693 2693 -2
2697 2697 2
2698 2698 2
2699 2699 2
2700 2700 -4
2702 2702 -2
2703 2703 2
2704 2704 4
2706 2706 2
2708 2708 -2
2709 2709 -2
2711 2711 2
2712 2712 2
2713 2713 2
2715 2715 -4
2718 2718 -2
2719 2719 2
2720 2720 2
2722 2722 2
2723 2723 2
2724 2724 -2
2727 2727 -2
2728 2728 -2
2729 2729 -2
2730 2730 2
2731 2731 2
2734 2734 4
2736 2736 2
2737 2737 -2
2738 2738 2
2739 2739 4
2741 2741 -2
2744 2744 -2
2745 2745 2
2746 2746 4
2748 2748 -2
2749 2749 2
2750 2750 2
2751 2751 2
2752 2752 -2
2754 2754 4
2756 2756 4
2757 2757 -2
2758 2758 -4
2759 2759 -2
2760 2760 -2
2762 2762 2
2763 2763 -2
2764 2764 -2
2766 2766 2
2769 2769 -2
2770 2770 -4
2772 2772 2
2773 2773 2
2776 2776 -2
2777 2777 2
2778 2778 2
2780 2780 -2
2783 2783 4
2784 2784 2
2785 2785 2
2786 2786 -2
2788 2788 2
2789 2789 -4
2790 2790 -2
2792 2792 -2
2794 2794 -2
2795 2795 2
2796 2796 -2
2797 2797 -2
2800 2800 -2
2801 2801 -2
2802 2802 -4
2804 2804 4
2805 2805 2
2806 2806 2
2808 2808 2
2809 2809 2
2811 2811 -2
2812 2812 -2
2814 2814 -2
2815 2815 -4
2816 2816 2
2818 2818 -2
2821 2821 -4
2823 2823 2
2824 2824 -2
2825 2825 2
2826 2826 2
2827 2827 -2
2828 2828 -2
2830 2830 2
2832 2832 -4
2833 2833 -2
2835 2835 -2
2836 2836 2
2838 2838 4
2839 2839 2
2840 2840 -2
2841 2841 2
2842 2842 -2
2848 2848 -4
2850 2850 2
2851 2851 2
2852 2852 2
2853 2853 4
2854 2854 4
2855 2855 2
2857 2857 -2
2858 2858 -2
2859 2859 -2
2860 2860 2
2861 2861 4
2862 2862 4
2863 2863 -2
2864 2864 -2
2865 2865 -4
2866 2866 -2
2867 2867 -2
2868 2868 -4
2869 2869 -2
2870 2870 -2
2872 2872 2
2874 2874 4
2878 2878 -2
2879 2879 2
2880 2880 2
2881 2881 4
2883 2883 -2
2885 2885 2
2886 2886 -2
2889 2889 -2
2891 2891 4
2892 2892 -2
2894 2894 -2
2896 2896 -2
2898 2898 2
2901 2901 2
2903 2903 -2
2904 2904 4
2905 2905 2
2906 2906 2
2907 2907 2
2909 2909 -4
2910 2910 2
2911 2911 2
2912 2912 -2
2913 2913 2
2914 2914 4
2915 2915 2
2916 2916 2
2917 2917 -2
2918 2918 -2
2919 2919 -4
2921 2921 -2
2922 2922 -2
2923 2923 2
2924 2924 2
2925 2925 4
2929 2929 2
2931 2931 2
2932 2932 -2
2933 2933 -2
2935 2935 2
2936 2936 2
2937 2937 2
2939 2939 -2
2940 2940 -2
2942 2942 -2
2943 2943 -2
2950 2950 2
2951 2951 2
2952 2952 2
2954 2954 2
2956 2956 2
2957 2957 4
2958 2958 2
2961 2961 -2
2963 2963 2
2964 2964 2
2965 2965 -2
2966 2966 -2
2967 2967 -4
2970 2970 -4
2971 2971 -4
2972 2972 2
2974 2974 2
2975 2975 -2
2976 2976 2
2977 2977 2
2978 2978 2
2979 2979 2
2981 2981 2
2982 2982 2
2983 2983 -2
2984 2984 -2
2985 2985 -2
2986 2986 2
2988 2988 -2
2989 2989 2
2990 2990 2
2991 2991 2
2992 2992 -4
2994 2994 -4
2995 2995 -4
2996 2996 -2
2998 2998 2
2999 2999 -2
3001 3001 -2
3002 3002 2
3004 3004 4
3008 3008 -2
3010 3010 -2
3011 3011 2
3012 3012 2
3014 3014 2
3015 3015 2
3016 3016 4
3017 3017 2
3018 3018 -2
3019 3019 -4
3022 3022 -2
3025 3025 4
3026 3026 4
3029 3029 2
3030 3030 -2
3031 3031 -2
3032 3032 -4
3034 3034 -2
3036 3036 -2
3037 3037 -2
3038 3038 -2
3040 3040 -2
3042 3042 -2
3043 3043 -4
3044 3044 -2
3047 3047 -2
3048 3048 -2
3049 3049 2
3050 3050 4
3051 3051 2
3053 3053 -4
3055 3055 -4
3056 3056 -2
3057 3057 2
3058 3058 2
3060 3060 -4
3061 3061 -2
3062 3062 -2
3063 3063 2
3066 3066 2
3068 3068 2
3069 3069 -4
3070 3070 -2
3071 3071 -2
3072 3072 2
3074 3074 2
3075 3075 2
3076 3076 2
3078 3078 2
3079 3079 2
3080 3080 2
3081 3081 4
3082 3082 2
3084 3084 -2
3085 3085 -4
3088 3088 2
3091 3091 2
3093 3093 4
3094 3094 2
3095 3095 -2
3096 3096 -4
3097 3097 -4
3099 3099 -2
3101 3101 2
3102 3102 2
3103 3103 -2
3104 3104 4
3105 3105 2
3107 3107 -2
3109 3109 2
3110 3110 -2
3112 3112 2
3113 3113 -2
3114 3114 -2
3116 3116 2
3117 3117 -2
3118 3118 -2
3119 3119 -2
3120 3120 -4
3121 3121 -2
3122 3122 -2
3123 3123 -2
3124 3124 -4
3127 3127 -2
3130 3130 -4
3132 3132 -2
3134 3134 -4
3135 3135 2
3136 3136 2
3137 3137 -2
3138 3138 -2
3139 3139 2
3140 3140 -2
3142 3142 -2
3144 3144 2
3145 3145 2
3146 3146 2
3147 3147 2
3148 3148 -2
3151 3151 4
3152 3152 2
3153 3153 -2
3154 3154 2
3156 3156 -2
3157 3157 2
3158 3158 4
3160 3160 -2
3162 3162 -2
3163 3163 -2
3164 3164 2
3165 3165 2
3170 3170 4
3172 3172 -2
3174 3174 2
3175 3175 -2
3176 3176 -4
3179 3179 2
3180 3180 4
3182 3182 -2
3183 3183 2
3185 3185 -2
3188 3188 2
3189 3189 -4
3190 3190 -2
3192 3192 -2
3194 3194 -2
3195 3195 -2
3197 3197 -2
3199 3199 -4
3200 3200 2
3201 3201 2
3202 3202 2
3205 3205 -2
3206 3206 -2
3207 3207 -2
3208 3208 -2
3209 3209 -2
3210 3210 -2
3211 3211 -2
3212 3212 -2
3213 3213 -2
3215 3215 -2
3216 3216 -2
3217 3217 -2
3218 3218 2
3220 3220 -2
3221 3221 2
3222 3222 -4
3223 3223 -2
3225 3225 -2
3226 3226 -2
3227 3227 -2
3228 3228 -2
3229 3229 2
3231 3231 -2
3232 3232 -2
3233 3233 2
3234 3234 2
3236 3236 2
3241 3241 4
3242 3242 -2
3244 3244 2
3245 3245 -2
3246 3246 -2
3247 3247 4
3248 3248 -2
3250 3250 -2
3252 3252 -2
3254 3254 4
3255 3255 2
3258 3258 2
3259 3259 -2
3261 3261 -2
3266 3266 -2
3268 3268 -4
3269 3269 -2
3270 3270 2
3271 3271 2
3272 3272 -2
3275 3275 -4
3278 3278 -4
3279 3279 2
3280 3280 2
3282 3282 2
3284 3284 -2
3287 3287 -2
3288 3288 2
3290 3290 -2
3291 3291 -2
3292 3292 -2
3294 3294 2
3296 3296 -2
3297 3297 -2
3299 3299 -2
3302 3302 2
3304 3304 -2
3305 3305 -2
3307 3307 4
3309 3309 -4
3311 3311 -2
3314 3314 -2
3315 3315 -2
3316 3316 -2
3318 3318 2
3319 3319 2
3323 3323 2
3324 3324 4
3326 3326 2
3328 3328 -2
3330 3330 2
3331 3331 -4
3332 3332 -2
3333 3333 -2
3334 3334 2
3335 3335 2
3336 3336 2
3337 3337 2
3339 3339 -2
3343 3343 2
3344 3344 4
3345 3345 4
3347 3347 4
3349 3349 2
3350 3350 4
3351 3351 2
3352 3352 -2
3359 3359 -2
3361 3361 -2
3362 3362 -2
3363 3363 2
3364 3364 2
3365 3365 -2
3366 3366 -4
3367 3367 -2
3368 3368 -2
3369 3369 -2
3371 3371 2
3372 3372 -4
3373 3373 -2
3377 3377 -2
3378 3378 2
3379 3379 2
3380 3380 2
3381 3381 2
3382 3382 2
3384 3384 -4
3385 3385 -2
3387 3387 -2
3388 3388 -2
3391 3391 -2
3392 3392 -4
3393 3393 -2
3395 3395 -2
3396 3396 2
3399 3399 -2
3401 3401 4
3402 3402 2
3408 3408 -2
3409 3409 -2
3410 3410 2
3411 3411 -2
3412 3412 2
3413 3413 2
3415 3415 2
3417 3417 2
3418 3418 -4
3420 3420 2
3422 3422 4
3423 3423 2
3424 3424 4
3427 3427 -2
3428 3428 -2
3430 3430 2
3431 3431 -2
3434 3434 -4
3435 3435 2
3436 3436 2
3437 3437 -2
3439 3439 2
3442 3442 2
3443 3443 -2
3445 3445 2
3448 3448 -4
3450 3450 2
3452 3452 -4
3454 3454 -4
3455 3455 -2
3457 3457 -2
3458 3458 -2
3462 3462 4
3463 3463 2
3464 3464 -2
3465 3465 -2
3467 3467 4
3469 3469 -4
3470 3470 -2
3471 3471 2
3472 3472 -2
3473 3473 -2
3474 3474 2
3475 3475 2
3476 3476 2
3478 3478 -2
3479 3479 -4
3481 3481 -2
3482 3482 -2
3483 3483 2
3485 3485 -2
3487 3487 -4
3488 3488 -2
3490 3490 -2
3491 3491 2
3492 3492 -2
3495 3495 -2
3497 3497 -2
3500 3500 -4
3501 3501 2
3502 3502 2
3503 3503 2
3504 3504 2
3505 3505 4
3506 3506 2
3507 3507 -2
3509 3509 2
3510 3510 2
3512 3512 4
3513 3513 4
3514 3514 -2
3515 3515 2
3518 3518 -2
3520 3520 -2
3521 3521 -2
3522 3522 2
3523 3523 2
3524 3524 4
3525 3525 2
3526 3526 -2
3527 3527 -2
3528 3528 4
3529 3529 2
3530 3530 2
3531 3531 -2
3532 3532 -2
3534 3534 -2
3535 3535 -2
3536 3536 -2
3537 3537 -4
3541 3541 2
3543 3543 -2
3544 3544 2
3546 3546 4
3547 3547 2
3548 3548 -4
3549 3549 -2
3550 3550 -2
3552 3552 -4
3553 3553 -2
3555 3555 -2
3559 3559 2
3560 3560 2
3561 3561 4
3562 3562 4
3563 3563 2
3564 3564 -2
3566 3566 -2
3567 3567 -2
3568 3568 -4
3569 3569 -2
3570 3570 2
3571 3571 2
3573 3573 -2
3574 3574 -2
3576 3576 2
3577 3577 2
3579 3579 -2
3580 3580 4
3581 3581 -2
3582 3582 -2
3583 3583 -4
3585 3585 -2
3587 3587 -2
3589 3589 2
3592 3592 -4
3594 3594 2
3595 3595 2
3596 3596 2
3597 3597 2
3599 3599 -2
3600 3600 2
3601 3601 2
3605 3605 4
3607 3607 -2
3608 3608 2
3609 3609 4
3610 3610 2
3612 3612 2
3613 3613 -2
3614 3614 -2
3615 3615 -2
3616 3616 -2
3619 3619 2
3620 3620 -2
3621 3621 -2
3622 3622 2
3623 3623 4
3625 3625 -2
3629 3629 -2
3630 3630 4
3635 3635 -4
3636 3636 -2
3637 3637 -2
3638 3638 2
3639 3639 -2
3640 3640 -2
3641 3641 -2
3642 3642 -2
3643 3643 -2
3645 3645 2
3646 3646 2
3647 3647 2
3649 3649 -2
3652 3652 -2
3653 3653 -2
3655 3655 -2
3658 3658 -4
3659 3659 -4
3660 3660 -2
3662 3662 2
3664 3664 -2
3670 3670 4
3671 3671 4
3672 3672 2
3673 3673 -2
3674 3674 -4
3675 3675 -2
3677 3677 4
3678 3678 2
3681 3681 -2
3682 3682 2
3683 3683 -2
3686 3686 2
3689 3689 2
3692 3692 -2
3694 3694 2
3695 3695 4
3696 3696 2
3697 3697 2
3698 3698 2
3699 3699 -2
3700 3700 2
3701 3701 2
3702 3702 2
3703 3703 2
3706 3706 -2
3707 3707 2
3708 3708 -2
3709 3709 2
3710 3710 2
3711 3711 -4
3712 3712 -2
3713 3713 -2
3714 3714 2
3715 3715 -2
3717 3717 -2
3718 3718 -2
3719 3719 -4
3723 3723 2
3725 3725 2
3726 3726 4
3727 3727 4
3729 3729 -2
3730 3730 2
3731 3731 2
3732 3732 2
3733 3733 4
3734 3734 2
3739 3739 -2
3740 3740 2
3743 3743 2
3745 3745 2
3746 3746 -2
3748 3748 2
3750 3750 -4
3751 3751 -2
3752 3752 -2
3753 3753 -2
3754 3754 -2
3755 3755 -2
3757 3757 2
3758 3758 2
3760 3760 -2
3762 3762 2
3764 3764 2
3767 3767 2
3768 3768 2
3769 3769 -2
3771 3771 -2
3772 3772 -2
3773 3773 -2
3776 3776 -2
3777 3777 2
3778 3778 -2
3779 3779 -2
3780 3780 -2
3781 3781 -4
3782 3782 -2
3783 3783 -2
3785 3785 -4
3786 3786 -4
3787 3787 2
3788 3788 2
3789 3789 2
3790 3790 2
3791 3791 2
3792 3792 2
3793 3793 2
3794 3794 -2
3796 3796 4
3799 3799 2
3802 3802 -2
3804 3804 -2
3806 3806 2
3807 3807 4
3811 3811 -2
3812 3812 -2
3814 3814 -2
3815 3815 -2
3817 3817 -2
3819 3819 -2
3820 3820 2
3821 3821 -2
3825 3825 2
3826 3826 2
3828 3828 2
3829 3829 -2
3830 3830 -2
3832 3832 2
3834 3834 -2
3838 3838 -2
3839 3839 -4
3842 3842 -4
3843 3843 -4
3844 3844 -2
3845 3845 -2
3846 3846 -2
3849 3849 2
3850 3850 2
3851 3851 2
3852 3852 -2
3854 3854 2
3855 3855 4
3859 3859 -4
3860 3860 -2
3863 3863 2
3864 3864 4
3865 3865 2
3866 3866 2
3867 3867 2
3868 3868 4
3870 3870 2
3871 3871 -4
3874 3874 2
3877 3877 2
3880 3880 4
3881 3881 2
3882 3882 2
3883 3883 2
3885 3885 -4
3887 3887 2
3888 3888 -4
3889 3889 -2
3891 3891 2
3892 3892 4
3893 3893 2
3894 3894 -2
3896 3896 2
3897 3897 -2
3898 3898 -2
3899 3899 -2
3901 3901 -2
3902 3902 2
3903 3903 4
3904 3904 2
3906 3906 -2
3907 3907 2
3908 3908 2
3909 3909 2
3912 3912 2
3913 3913 2
3914 3914 -2
3915 3915 -2
3917 3917 4
3919 3919 -4
3921 3921 2
3922 3922 4
3923 3923 4
3924 3924 -2
3927 3927 -2
3928 3928 2
3930 3930 2
3931 3931 -2
3933 3933 -2
3935 3935 2
3936 3936 2
3937 3937 -2
3938 3938 -2
3939 3939 -2
3942 3942 2
3943 3943 -2
3944 3944 -4
3945 3945 -2
3948 3948 2
3949 3949 -2
3951 3951 2
3953 3953 -2
3954 3954 -4
3957 3957 -2
3958 3958 -2
3963 3963 -2
3967 3967 -2
3970 3970 4
3973 3973 -2
3974 3974 2
3980 3980 2
3981 3981 4
3982 3982 2
3985 3985 -2
3986 3986 2
3989 3989 -2
3990 3990 2
3992 3992 -2
3997 3997 -2
4003 4003 -2
4005 4005 -2
4006 4006 -2
4007 4007 4
4008 4008 2
4011 4011 2
4012 4012 -2
4016 4016 2
4017 4017 2
4018 4018 -2
4019 4019 -4
4023 4023 2
4026 4026 -4
4029 4029 2
4030 4030 4
4031 4031 2
4032 4032 4
4034 4034 -2
4035 4035 -2
4036 4036 -2
4037 4037 -4
4038 4038 -2
4039 4039 2
4040 4040 -2
4041 4041 -2
4042 4042 -2
4043 4043 -2
4044 4044 -2
4045 4045 -2
4048 4048 2
4050 4050 -2
4052 4052 -2
4054 4054 2
4055 4055 -2
4056 4056 -4
4058 4058 2
4060 4060 -4
4061 4061 -2
4062 4062 2
4063 4063 2
4064 4064 2
4065 4065 2
4067 4067 2
4069 4069 2
4070 4070 2
4072 4072 -4
4074 4074 2
4075 4075 -2
4077 4077 -2
4078 4078 -2
4079 4079 -2
4081 4081 2
4082 4082 4
4083 4083 2
4084 4084 2
4085 4085 2
4087 4087 -4
4089 4089 -4
4090 4090 2
4091 4091 2
4094 4094 2
4095 4095 -4
4097 4097 2
4100 4100 2
4102 4102 2
4104 4104 2
4105 4105 2
4106 4106 -2
4107 4107 -2
4108 4108 -2
4110 4110 4
4112 4112 -2
4113 4113 2
4114 4114 -2
4115 4115 -2
4117 4117 -2
4118 4118 -2
4120 4120 -2
4122 4122 2
4124 4124 2
4128 4128 -2
4129 4129 -2
4130 4130 2
4131 4131 2
4134 4134 2
4135 4135 2
4137 4137 -2
4138 4138 -4
4140 4140 -2
4143 4143 -2
4144 4144 -2
4145 4145 -4
4147 4147 -2
4148 4148 -2
4149 4149 -2
4151 4151 2
4152 4152 -2
4153 4153 -2
4154 4154 2
4155 4155 2
4156 4156 2
4157 4157 2
4158 4158 2
4160 4160 -2
4161 4161 -4
4163 4163 2
4164 4164 4
4165 4165 2
4166 4166 -2
4167 4167 2
4169 4169 2
4170 4170 2
4171 4171 2
4172 4172 2
4173 4173 2
4174 4174 2
4175 4175 -2
4178 4178 -2
4179 4179 -4
4180 4180 2
4182 4182 2
4184 4184 2
4186 4186 -2
4188 4188 2
4190 4190 2
4191 4191 2
4192 4192 2
4194 4194 -2
4195 4195 -2
4196 4196 2
4197 4197 -2
4198 4198 -4
4201 4201 -2
4202 4202 -2
4205 4205 2
4207 4207 -2
4208 4208 -2
4209 4209 -4
4210 4210 -2
4211 4211 -2
4213 4213 2
4217 4217 2
4218 4218 -2
4219 4219 2
4220 4220 2
4223 4223 -2
4224 4224 -2
4225 4225 -4
4229 4229 -2
4230 4230 -2
4232 4232 4
4235 4235 2
4236 4236 -2
4237 4237 2
4238 4238 2
4240 4240 -2
4241 4241 -2
4242 4242 2
4243 4243 2
4244 4244 2
4245 4245 2
4246 4246 2
4247 4247 2
4248 4248 2
4252 4252 -2
4256 4256 2
4258 4258 2
4259 4259 2
4261 4261 -2
4262 4262 2
4263 4263 -2
4265 4265 -2
4269 4269 2
4270 4270 4
4271 4271 2
4273 4273 -4
4276 4276 2
4277 4277 -2
4282 4282 4
4283 4283 -2
4284 4284 -2
4285 4285 -2
4286 4286 2
4287 4287 2
4289 4289 -2
4291 4291 -2
4293 4293 4
4295 4295 2
4296 4296 4
4297 4297 2
4298 4298 -2
4300 4300 2
4301 4301 2
4303 4303 2
4307 4307 -4
4308 4308 -2
4311 4311 2
4313 4313 2
4314 4314 -2
4315 4315 -2
4316 4316 4
4317 4317 4
4321 4321 2
4322 4322 2
4323 4323 4
4324 4324 2
4328 4328 -2
4329 4329 -2
4330 4330 -2
4331 4331 -2
4333 4333 -4
4334 4334 -2
4335 4335 4
4338 4338 2
4345 4345 2
4348 4348 4
4349 4349 4
4350 4350 2
4351 4351 2
4352 4352 -2
4354 4354 2
4355 4355 2
4356 4356 2
4357 4357 4
4358 4358 2
4359 4359 2
4360 4360 2
4361 4361 -2
4362 4362 2
4363 4363 2
4365 4365 2
4366 4366 2
4367 4367 -4
4368 4368 -4
4369 4369 -4
4370 4370 2
4374 4374 4
4376 4376 -2
4377 4377 -4
4378 4378 2
4379 4379 4
4381 4381 2
4382 4382 2
4384 4384 -2
4387 4387 -2
4388 4388 -4
4389 4389 -4
4390 4390 2
4391 4391 -2
4392 4392 -2
4393 4393 4
4395 4395 2
4397 4397 2
4401 4401 -2
4404 4404 2
4406 4406 -2
4407 4407 -2
4409 4409 4
4410 4410 2
4411 4411 2
4412 4412 2
4414 4414 -2
4415 4415 -4
4416 4416 -2
4417 4417 -2
4420 4420 -2
4423 4423 2
4424 4424 -4
4425 4425 -2
4426 4426 -2
4428 4428 2
4431 4431 -2
4432 4432 2
4433 4433 -2
4434 4434 -2
4435 4435 2
4436 4436 -2
4437 4437 -4
4438 4438 2
4439 4439 2
4441 4441 -2
4442 4442 -4
4443 4443 -2
4446 4446 2
4448 4448 -2
4449 4449 -2
4452 4452 -4
4454 4454 2
4455 4455 2
4457 4457 -2
4462 4462 2
4463 4463 2
4464 4464 -2
4466 4466 4
4470 4470 -2
4471 4471 -2
4474 4474 2
4475 4475 -2
4477 4477 2
4478 4478 4
4479 4479 4
4481 4481 -2
4483 4483 -2
4485 4485 2
4491 4491 -2
4493 4493 4
4495 4495 2
4496 4496 -2
4497 4497 -4
4498 4498 2
4499 4499 4
4500 4500 2
4502 4502 2
4503 4503 -2
4505 4505 2
4506 4506 2
4508 4508 -2
4509 4509 2
4510 4510 2
4513 4513 -4
4514 4514 -2
4517 4517 -4
4518 4518 2
4519 4519 2
4520 4520 -4
4522 4522 -2
4525 4525 -2
4527 4527 2
4530 4530 -2
4534 4534 -2
4537 4537 -2
4538 4538 2
4539 4539 2
4542 4542 2
4543 4543 2
4546 4546 2
4548 4548 -4
4549 4549 -2
4550 4550 4
4551 4551 2
4556 4556 -2
4557 4557 2
4559 4559 2
4560 4560 2
4562 4562 -2
4563 4563 -2
4564 4564 2
4568 4568 2
4569 4569 4
4570 4570 -2
4574 4574 4
4583 4583 -4
4585 4585 2
4587 4587 -2
4589 4589 2
4590 4590 2
4591 4591 -2
4592 4592 -2
4594 4594 -4
4595 4595 2
4596 4596 2
4598 4598 2
4604 4604 2
4605 4605 4
4606 4606 2
4610 4610 -4
4611 4611 -2
4612 4612 2
4614 4614 -4
4615 4615 -2
4616 4616 2
4619 4619 2
4620 4620 2
4621 4621 2
4622 4622 2
4624 4624 2
4625 4625 -2
4627 4627 -2
4629 4629 2
4630 4630 -2
4635 4635 2
4637 4637 -2
4639 4639 4
4640 4640 2
4642 4642 4
4643 4643 4
4644 4644 4
4645 4645 -2
4650 4650 4
4652 4652 -2
4653 4653 -2
4654 4654 -4
4655 4655 -2
4656 4656 -2
4658 4658 -2
4659 4659 2
4660 4660 2
4664 4664 4
4667 4667 2
4668 4668 2
4669 4669 2
4670 4670 -4
4672 4672 4
4674 4674 2
4675 4675 2
4677 4677 2
4678 4678 4
4679 4679 2
4680 4680 2
4681 4681 2
4682 4682 -2
4683 4683 -2
4685 4685 2
4686 4686 2
4687 4687 2
4688 4688 4
4689 4689 2
4691 4691 -2
4692 4692 -2
4695 4695 2
4698 4698 4
4699 4699 -2
4704 4704 -4
4705 4705 2
4706 4706 2
4707 4707 4
4709 4709 -2
4710 4710 -4
4712 4712 2
4713 4713 4
4715 4715 -2
4716 4716 -2
4717 4717 -2
4718 4718 2
4719 4719 4
4720 4720 2
4725 4725 -2
4726 4726 2
4728 4728 -4
4729 4729 2
4730 4730 2
4732 4732 -2
4734 4734 4
4735 4735 4
4736 4736 2
4737 4737 -2
4738 4738 -2
4741 4741 -2
4742 4742 2
4743 4743 2
4744 4744 2
4746 4746 4
4748 4748 2
4749 4749 2
4750 4750 2
4751 4751 -2
4752 4752 -2
4754 4754 -2
4756 4756 -2
4757 4757 2
4758 4758 4
4759 4759 4
4760 4760 4
4761 4761 4
4762 4762 2
4763 4763 -2
4764 4764 -2
4765 4765 -4
4768 4768 -2
4769 4769 2
4770 4770 -2
4771 4771 -2
4774 4774 2
4779 4779 -2
4780 4780 -2
4782 4782 2
4783 4783 2
4784 4784 2
4788 4788 2
4789 4789 2
4790 4790 2
4791 4791 4
4793 4793 -4
4794 4794 -2
4795 4795 -2
4796 4796 2
4797 4797 2
4798 4798 2
4799 4799 -2
4800 4800 4
4801 4801 -2
4802 4802 -2
4803 4803 -2
4804 4804 -2
4805 4805 4
4806 4806 2
4807 4807 4
4808 4808 2
4809 4809 -2
4810 4810 -2
4812 4812 -2
4813 4813 2
4814 4814 2
4815 4815 2
4816 4816 -2
4817 4817 -2
4820 4820 -2
4821 4821 2
4823 4823 2
4824 4824 -2
4826 4826 4
4827 4827 2
4828 4828 -2
4830 4830 -4
4831 4831 -2
4832 4832 -2
4833 4833 2
4834 4834 4
4835 4835 2
4837 4837 2
4838 4838 2
4840 4840 -2
4841 4841 2
4842 4842 4
4844 4844 2
4845 4845 2
4846 4846 4
4847 4847 2
4848 4848 2
4849 4849 -2
4850 4850 -2
4851 4851 -4
4853 4853 2
4854 4854 2
4856 4856 -2
4857 4857 -2
4859 4859 4
4861 4861 -2
4862 4862 -2
4863 4863 -2
4865 4865 -2
4866 4866 2
4867 4867 2
4868 4868 4
4869 4869 4
4870 4870 2
4871 4871 -2
4874 4874 -4
4875 4875 -4
4880 4880 2
4881 4881 -2
4882 4882 -2
4883 4883 2
4884 4884 2
4885 4885 -2
4886 4886 -2
4889 4889 -2
4893 4893 -4
4894 4894 -2
4895 4895 -2
4897 4897 2
4898 4898 2
4899 4899 2
4901 4901 -4
4902 4902 -4
4903 4903 -2
4904 4904 -2
4905 4905 2
4906 4906 4
4907 4907 4
4908 4908 2
4909 4909 -2
4913 4913 2
4914 4914 2
4915 4915 2
4916 4916 4
4917 4917 -2
4918 4918 -2
4919 4919 2
4920 4920 4
4921 4921 2
4922 4922 -2
4924 4924 -4
4925 4925 -4
4929 4929 2
4930 4930 2
4934 4934 -2
4936 4936 -4
4937 4937 -2
4938 4938 2
4939 4939 4
4941 4941 -2
4944 4944 -2
4946 4946 -2
4947 4947 -2
4948 4948 2
4953 4953 -4
4954 4954 -2
4955 4955 -2
4956 4956 2
4957 4957 2
4958 4958 -2
4959 4959 -2
4961 4961 2
4963 4963 -2
4964 4964 -2
4965 4965 -2
4966 4966 4
4969 4969 4
4970 4970 2
4972 4972 2
4973 4973 -2
4974 4974 -2
4975 4975 -2
4976 4976 2
4978 4978 2
4979 4979 -2
4981 4981 -2
4985 4985 -4
4986 4986 -2
4987 4987 -2
4988 4988 2
4990 4990 2
4993 4993 -2
4994 4994 -2
4995 4995 -2
4999 4999 2
5001 5001 -2
5003 5003 4
5004 5004 2
5005 5005 -2
5006 5006 2
5007 5007 2
5009 5009 -4
5012 5012 4
5013 5013 2
5014 5014 2
5016 5016 -2
5017 5017 -2
5020 5020 2
5021 5021 2
5022 5022 4
5023 5023 4
5024 5024 -2
5025 5025 -4
5026 5026 -2
5027 5027 -2
5028 5028 -2
5029 5029 -2
5032 5032 -2
5033 5033 2
5034 5034 -2
5035 5035 2
5036 5036 2
5037 5037 2
5039 5039 -2
5040 5040 2
5041 5041 2
5042 5042 2
5043 5043 2
5044 5044 -2
5047 5047 2
5049 5049 -2
5050 5050 2
5051 5051 -2
5052 5052 2
5054 5054 2
5058 5058 -2
5060 5060 4
5061 5061 2
5062 5062 2
5063 5063 2
5064 5064 2
5065 5065 -2
5067 5067 2
5069 5069 -2
5070 5070 -2
5073 5073 -2
5074 5074 -2
5075 5075 -4
5076 5076 2
5078 5078 2
5079 5079 -2
5080 5080 2
5081 5081 -4
5082 5082 -2
5085 5085 -2
5087 5087 -2
5088 5088 -2
5090 5090 2
5093 5093 2
5094 5094 4
5095 5095 2
5097 5097 -2
5099 5099 2
5100 5100 2
5101 5101 2
5102 5102 2
5105 5105 -4
5106 5106 2
5107 5107 4
5108 5108 4
5110 5110 2
5111 5111 -2
5112 5112 2
5117 5117 -2
5118 5118 -4
5119 5119 -4
5120 5120 -2
5121 5121 -2
5124 5124 -4
5125 5125 -2
5126 5126 -2
5129 5129 -2
5130 5130 -2
5132 5132 -2
5134 5134 -2
5135 5135 2
5136 5136 4
5137 5137 2
5139 5139 -2
5140 5140 -2
5141 5141 -2
5145 5145 -2
5146 5146 -2
5147 5147 -2
5148 5148 2
5150 5150 -2
5151 5151 -2
5154 5154 2
5155 5155 -2
5159 5159 4
5160 5160 2
5161 5161 -4
5163 5163 -2
5164 5164 2
5166 5166 -4
5167 5167 2
5168 5168 2
5170 5170 2
5171 5171 -2
5176 5176 2
5177 5177 2
5178 5178 2
5179 5179 -2
5180 5180 -2
5182 5182 2
5183 5183 4
5184 5184 2
5186 5186 -2
5187 5187 2
5189 5189 -2
5190 5190 2
5191 5191 2
5193 5193 2
5196 5196 -2
5198 5198 -2
5199 5199 2
5200 5200 2
5201 5201 2
5203 5203 -2
5204 5204 2
5205 5205 -4
5206 5206 -2
5207 5207 -2
5208 5208 2
5211 5211 -2
5213 5213 -2
5214 5214 4
5217 5217 -2
5219 5219 2
5221 5221 -2
5223 5223 2
5224 5224 2
5225 5225 -2
5226 5226 -2
5227 5227 2
5228 5228 4
5232 5232 -2
5233 5233 -2
5237 5237 -4
5238 5238 -2
5241 5241 -2
5243 5243 -4
5245 5245 2
5246 5246 2
5247 5247 2
5248 5248 2
5249 5249 2
5250 5250 -2
5251 5251 2
5252 5252 2
5253 5253 2
5254 5254 4
5256 5256 -2
5257 5257 2
5258 5258 2
5261 5261 -2
5262 5262 2
5264 5264 2
5265 5265 4
5266 5266 -2
5268 5268 2
5269 5269 -2
5272 5272 4
5274 5274 -2
5275 5275 -4
5276 5276 -4
5277 5277 -2
5283 5283 2
5284 5284 -2
5285 5285 -2
5286 5286 2
5287 5287 2
5289 5289 -2
5292 5292 2
5295 5295 2
5296 5296 -2
5297 5297 2
5299 5299 2
5301 5301 -2
5302 5302 2
5304 5304 2
5306 5306 -2
5307 5307 -2
5311 5311 2
5313 5313 -2
5314 5314 2
5318 5318 2
5319 5319 2
5320 5320 -2
5321 5321 -2
5322 5322 4
5324 5324 2
5326 5326 -2
5327 5327 -2
5328 5328 2
5329 5329 -2
5330 5330 -2
5332 5332 2
5333 5333 2
5334 5334 4
5335 5335 2
5337 5337 -2
5338 5338 -4
5339 5339 -2
5340 5340 2
5341 5341 -2
5344 5344 4
5345 5345 2
5347 5347 2
5348 5348 -4
5349 5349 2
5350 5350 4
5354 5354 -2
5355 5355 -2
5356 5356 -2
5358 5358 2
5359 5359 -2
5360 5360 2
5361 5361 4
5362 5362 2
5363 5363 -2
5364 5364 2
5366 5366 -2
5367 5367 -2
5368 5368 4
5370 5370 4
5371 5371 2
5372 5372 -2
5373 5373 -2
5374 5374 -2
5375 5375 -2
5376 5376 -4
5378 5378 2
5379 5379 -2
5380 5380 -2
5381 5381 -2
5382 5382 -2
5383 5383 -2
5384 5384 -4
5387 5387 -2
5388 5388 2
5389 5389 2
5391 5391 -2
5392 5392 -2
5393 5393 -2
5394 5394 2
5395 5395 -2
5398 5398 2
5399 5399 2
5402 5402 4
5403 5403 2
5405 5405 -2
5406 5406 -2
5413 5413 2
5415 5415 -2
5417 5417 2
5420 5420 -2
5421 5421 -2
5422 5422 4
5425 5425 2
5427 5427 -2
5428 5428 -2
5429 5429 -4
5430 5430 -2
5431 5431 2
5432 5432 4
5433 5433 2
5435 5435 -2
5438 5438 -2
5441 5441 -4
5442 5442 -2
5443 5443 -2
5447 5447 2
5450 5450 -2
5451 5451 -2
5453 5453 2
5455 5455 -2
5456 5456 -2
5459 5459 -2
5460 5460 2
5462 5462 -2
5464 5464 -2
5465 5465 -4
5466 5466 2
5468 5468 2
5469 5469 2
5470 5470 2
5472 5472 -2
5473 5473 -2
5474 5474 2
5475 5475 2
5476 5476 -2
5477 5477 -2
5478 5478 -2
5479 5479 -4
5481 5481 2
5483 5483 2
5484 5484 -2
5485 5485 2
5487 5487 -2
5488 5488 2
5489 5489 4
5491 5491 2
5492 5492 4
5494 5494 -2
5495 5495 -2
5496 5496 4
5497 5497 2
5498 5498 -2
5499 5499 -2
5501 5501 -2
5502 5502 2
5503 5503 2
5505 5505 2
5506 5506 -2
5509 5509 2
5510 5510 2
5511 5511 -2
5512 5512 -2
5515 5515 -4
5516 5516 -2
5517 5517 -2
5518 5518 2
5520 5520 -4
5521 5521 -2
5522 5522 4
5523 5523 2
5526 5526 -2
5527 5527 -2
5528 5528 -4
5529 5529 -4
5531 5531 -2
5534 5534 -2
5535 5535 -2
5537 5537 -2
5538 5538 2
5539 5539 2
5540 5540 4
5541 5541 -2
5546 5546 -2
5547 5547 -2
5548 5548 -2
5549 5549 -4
5550 5550 -2
5551 5551 -4
5552 5552 -4
5553 5553 -2
5555 5555 2
5556 5556 2
5557 5557 -4
5559 5559 4
5560 5560 4
5561 5561 -2
5562 5562 -4
5564 5564 -2
5567 5567 -2
5568 5568 2
5569 5569 2
5570 5570 -2
5571 5571 -2
5573 5573 -2
5574 5574 4
5576 5576 -2
5577 5577 -2
5579 5579 -2
5582 5582 2
5583 5583 4
5584 5584 2
5585 5585 4
5590 5590 -2
5593 5593 -2
5594 5594 -2
5595 5595 -2
5596 5596 2
5598 5598 -2
5599 5599 -2
5602 5602 4
5603 5603 2
5604 5604 2
5606 5606 -2
5607 5607 2
5609 5609 4
5611 5611 2
5613 5613 -2
5614 5614 2
5616 5616 -2
5617 5617 -2
5619 5619 -2
5621 5621 -2
5622 5622 -2
5623 5623 -2
5627 5627 -2
5628 5628 -2
5629 5629 -2
5630 5630 -2
5631 5631 -4
5632 5632 -4
5633 5633 -2
5635 5635 2
5638 5638 2
5639 5639 2
5640 5640 4
5642 5642 -2
5644 5644 -4
5647 5647 -2
5649 5649 -2
5651 5651 -2
5652 5652 2
5655 5655 2
5656 5656 4
5659 5659 2
5660 5660 4
5662 5662 -2
5664 5664 -2
5666 5666 4
5668 5668 2
5669 5669 2
5670 5670 -2
5671 5671 -2
5672 5672 2
5673 5673 -2
5674 5674 2
5676 5676 -2
5677 5677 2
5679 5679 -4
5680 5680 2
5684 5684 -2
5685 5685 2
5686 5686 -2
5687 5687 -4
5689 5689 2
5693 5693 -4
5694 5694 -2
5695 5695 -2
5696 5696 -2
5698 5698 4
5700 5700 2
5701 5701 -2
5702 5702 4
5703 5703 2
5705 5705 -2
5706 5706 -2
5707 5707 -4
5708 5708 -2
5709 5709 4
5710 5710 -2
5711 5711 2
5715 5715 -4
5716 5716 -2
5717 5717 -2
5719 5719 2
5720 5720 -2
5723 5723 -2
5725 5725 2
5726 5726 2
5728 5728 -2
5729 5729 2
5730 5730 -2
5731 5731 -2
5734 5734 -2
5735 5735 -2
5736 5736 -2
5737 5737 2
5740 5740 2
5741 5741 4
5742 5742 -2
5743 5743 -2
5744 5744 -2
5747 5747 2
5748 5748 2
5749 5749 -2
5751 5751 2
5753 5753 -2
5754 5754 -4
5757 5757 2
5758 5758 2
5759 5759 2
5762 5762 2
5763 5763 2
5767 5767 -2
5768 5768 2
5773 5773 2
5778 5778 -4
5779 5779 -4
5780 5780 2
5781 5781 2
5783 5783 2
5785 5785 2
5786 5786 -2
5788 5788 2
5791 5791 -2
5792 5792 2
5793 5793 -2
5794 5794 -2
5795 5795 -2
5797 5797 2
5798 5798 2
5799 5799 2
5802 5802 2
5803 5803 -2
5809 5809 2
5810 5810 -2
5811 5811 2
5813 5813 2
5814 5814 4
5816 5816 2
5818 5818 2
5819 5819 2
5821 5821 4
5822 5822 4
5824 5824 4
5826 5826 -2
5827 5827 2
5829 5829 -2
5830 5830 -4
5831 5831 -4
5832 5832 -4
5833 5833 -2
5838 5838 2
5842 5842 -2
5843 5843 -2
5844 5844 2
5846 5846 2
5847 5847 4
5848 5848 2
5852 5852 2
5853 5853 2
5854 5854 -4
5857 5857 -4
5860 5860 -2
5861 5861 -2
5863 5863 2
5864 5864 2
5865 5865 4
5866 5866 -2
5867 5867 -4
5868 5868 2
5869 5869 2
5871 5871 -2
5872 5872 -4
5875 5875 -2
5877 5877 2
5883 5883 2
5885 5885 4
5888 5888 2
5889 5889 -4
5890 5890 -2
5891 5891 -2
5892 5892 -2
5893 5893 -2
5894 5894 -2
5895 5895 -2
5898 5898 2
5899 5899 2
5900 5900 -2
5901 5901 -2
5902 5902 -2
5903 5903 -2
5906 5906 2
5908 5908 -2
5910 5910 -4
5911 5911 -4
5914 5914 2
5915 5915 -2
5917 5917 -2
5919 5919 -2
5920 5920 -4
5922 5922 2
5923 5923 -4
5925 5925 -2
5929 5929 -2
5930 5930 -2
5931 5931 2
5933 5933 -2
5934 5934 -4
5936 5936 -2
5938 5938 2
5939 5939 -2
5943 5943 -2
5945 5945 -2
5949 5949 2
5950 5950 4
5954 5954 -4
5955 5955 -2
5957 5957 -2
5958 5958 2
5959 5959 4
5960 5960 2
5963 5963 2
5964 5964 4
5965 5965 4
5967 5967 -2
5970 5970 4
5972 5972 -2
5973 5973 -2
5975 5975 -2
5976 5976 -2
5977 5977 -2
5982 5982 4
5983 5983 4
5984 5984 2
5985 5985 2
5988 5988 4
5989 5989 -2
5991 5991 -2
5993 5993 2
5994 5994 -4
5999 5999 2
6000 6000 2
6001 6001 2
6002 6002 -2
6003 6003 -2
6006 6006 -2
6007 6007 -2
6008 6008 2
6010 6010 -2
6011 6011 -4
6012 6012 -2
6013 6013 2
6014 6014 4
6016 6016 -2
6017 6017 -2
6019 6019 4
6020 6020 -2
6021 6021 -4
6023 6023 -4
6024 6024 -2
6025 6025 -4
6027 6027 2
6029 6029 4
6030 6030 2
6031 6031 2
6033 6033 2
6034 6034 2
6035 6035 4
6037 6037 -2
6038 6038 -2
6040 6040 2
6041 6041 -2
6043 6043 -2
6044 6044 -4
6045 6045 -2
6046 6046 -4
6047 6047 -2
6051 6051 -2
6054 6054 -4
6055 6055 -4
6056 6056 -4
6061 6061 -4
6062 6062 -4
6063 6063 2
6064 6064 2
6066 6066 -4
6067 6067 -2
6069 6069 -2
6073 6073 -2
6074 6074 -4
6075 6075 2
6076 6076 2
6078 6078 2
6079 6079 -2
6081 6081 2
6082 6082 2
6083 6083 2
6084 6084 2
6085 6085 -2
6086 6086 -2
6088 6088 2
6089 6089 -2
6092 6092 2
6093 6093 2
6094 6094 -2
6096 6096 -2
6099 6099 2
6100 6100 -2
6101 6101 2
6102 6102 2
6104 6104 2
6107 6107 -2
6109 6109 -2
6111 6111 -2
6113 6113 2
6114 6114 2
6115 6115 2
6116 6116 2
6117 6117 2
6118 6118 -2
6120 6120 -2
6122 6122 2
6123 6123 -2
6124 6124 -4
6125 6125 -2
6127 6127 4
6130 6130 4
6131 6131 2
6132 6132 -2
6134 6134 2
6135 6135 2
6136 6136 2
6137 6137 2
6138 6138 -2
6139 6139 -2
6141 6141 2
6142 6142 2
6143 6143 2
6145 6145 2
6146 6146 2
6147 6147 4
6148 6148 4
6151 6151 4
6153 6153 -2
6154 6154 -4
6157 6157 -2
6159 6159 -2
6162 6162 -4
6163 6163 -2
6171 6171 2
6173 6173 -4
6174 6174 -2
6175 6175 -2
6176 6176 -2
6178 6178 -2
6179 6179 -4
6180 6180 -2
6181 6181 4
6182 6182 4
6183 6183 2
6185 6185 -4
6186 6186 -2
6187 6187 -2
6188 6188 2
6189 6189 -2
6190 6190 -4
6191 6191 -4
6193 6193 2
6194 6194 -2
6195 6195 -2
6196 6196 -2
6197 6197 -2
6198 6198 2
6201 6201 2
6202 6202 2
6205 6205 -2
6206 6206 -2
6207 6207 -2
6208 6208 2
6209 6209 2
6210 6210 -2
6211 6211 -4
6215 6215 -4
6217 6217 2
6218 6218 4
6221 6221 2
6224 6224 2
6225 6225 2
6227 6227 2
6228 6228 2
6229 6229 -4
6230 6230 2
6231 6231 4
6232 6232 2
6235 6235 2
6236 6236 -2
6237 6237 -2
6240 6240 -2
6242 6242 2
6243 6243 2
6244 6244 2
6246 6246 4
6249 6249 -2
6250 6250 2
6251 6251 2
6253 6253 2
6254 6254 -4
6257 6257 -2
6258 6258 -2
6259 6259 -2
6260 6260 2
6262 6262 -2
6267 6267 -2
6268 6268 -2
6271 6271 -2
6272 6272 2
6273 6273 2
6274 6274 4
6275 6275 2
6276 6276 2
6277 6277 -2
6278 6278 -4
6279 6279 -2
6281 6281 2
6283 6283 -2
6284 6284 -2
6285 6285 -2
6287 6287 -2
6288 6288 2
6289 6289 -2
6290 6290 -4
6291 6291 -4
6293 6293 2
6294 6294 -2
6295 6295 -2
6297 6297 -2
6298 6298 -4
6300 6300 -2
6301 6301 2
6302 6302 2
6303 6303 2
6307 6307 -2
6309 6309 4
6310 6310 2
6313 6313 2
6314 6314 4
6316 6316 2
6317 6317 -2
6318 6318 -2
6319 6319 -4
6323 6323 2
6324 6324 -2
6325 6325 -2
6327 6327 -2
6329 6329 -2
6333 6333 -2
6334 6334 -4
6335 6335 -4
6336 6336 -2
6338 6338 4
6339 6339 2
6340 6340 -2
6341 6341 -2
6342 6342 2
6343 6343 2
6345 6345 -4
6348 6348 2
6350 6350 2
6352 6352 -2
6354 6354 -2
6355 6355 2
6358 6358 4
6359 6359 2
6362 6362 2
6364 6364 -2
6365 6365 -2
6367 6367 -2
6368 6368 2
6369 6369 4
6370 6370 2
6374 6374 -2
6377 6377 -4
6378 6378 -2
6380 6380 2
6381 6381 2
6382 6382 2
6383 6383 2
6384 6384 -2
6385 6385 -2
6386 6386 -2
6387 6387 -2
6388 6388 -2
6389 6389 -4
6390 6390 -2
6391 6391 2
6392 6392 4
6393 6393 2
6394 6394 -2
6397 6397 2
6398 6398 -4
6399 6399 -2
6400 6400 -2
6401 6401 -2
6402 6402 -2
6403 6403 -4
6404 6404 -4
6406 6406 4
6407 6407 2
6409 6409 4
6410 6410 2
6412 6412 -2
6413 6413 2
6414 6414 2
6415 6415 -2
6416 6416 2
6417 6417 -4
6418 6418 -2
6420 6420 2
6421 6421 -2
6422 6422 -4
6423 6423 2
6424 6424 2
6426 6426 -4
6428 6428 2
6429 6429 4
6430 6430 2
6431 6431 2
6432 6432 4
6435 6435 -2
6436 6436 2
6437 6437 2
6438 6438 4
6439 6439 2
6440 6440 -4
6441 6441 2
6442 6442 4
6444 6444 -2
6445 6445 -4
6447 6447 2
6448 6448 -2
6451 6451 2
6453 6453 4
6455 6455 -2
6456 6456 -2
6457 6457 2
6461 6461 2
6462 6462 4
6465 6465 -2
6468 6468 2
6469 6469 2
6470 6470 -4
6471 6471 -2
6472 6472 -2
6473 6473 -2
6476 6476 2
6479 6479 -4
6482 6482 -2
6483 6483 2
6484 6484 2
6485 6485 2
6486 6486 -2
6488 6488 2
6490 6490 2
6491 6491 2
6492 6492 4
6493 6493 4
6495 6495 -2
6496 6496 -2
6498 6498 -4
6499 6499 -4
6500 6500 -2
6502 6502 -4
6504 6504 -2
6505 6505 -4
6506 6506 -2
6507 6507 -2
6510 6510 2
6511 6511 2
6513 6513 -2
6515 6515 -2
6517 6517 -2
6519 6519 2
6520 6520 2
6522 6522 2
6523 6523 2
6524 6524 2
6525 6525 2
6528 6528 -2
6532 6532 4
6535 6535 -2
6539 6539 2
6540 6540 -4
6542 6542 2
6543 6543 -2
6544 6544 -2
6545 6545 -2
6548 6548 -2
6551 6551 -2
6552 6552 -2
6553 6553 -2
6554 6554 -2
6556 6556 -2
6559 6559 4
6561 6561 -2
6562 6562 2
6565 6565 -2
6567 6567 -2
6570 6570 -4
6572 6572 2
6573 6573 2
6576 6576 4
6580 6580 -2
6582 6582 -2
6584 6584 2
6585 6585 2
6586 6586 4
6587 6587 -2
6590 6590 -2
6591 6591 -4
6592 6592 2
6593 6593 2
6594 6594 4
6595 6595 -2
6597 6597 2
6599 6599 -2
6600 6600 -2
6602 6602 -4
6605 6605 -2
6606 6606 -2
6607 6607 -2
6608 6608 2
6609 6609 2
6613 6613 -2
6615 6615 2
6617 6617 2
6618 6618 2
6619 6619 4
6620 6620 2
6621 6621 2
6622 6622 4
6623 6623 4
6624 6624 2
6625 6625 -4
6626 6626 -2
6627 6627 -2
6629 6629 -4
6630 6630 -2
6631 6631 -4
6632 6632 -2
6633 6633 -2
6635 6635 -2
6636 6636 -2
6638 6638 -2
6642 6642 -2
6643 6643 -4
6644 6644 -2
6645 6645 2
6646 6646 -2
6647 6647 -2
6649 6649 2
6654 6654 -2
6655 6655 -4
6657 6657 2
6658 6658 -2
6660 6660 4
6661 6661 4
6662 6662 2
6666 6666 -2
6667 6667 -2
6668 6668 2
6669 6669 -2
6670 6670 -2
6672 6672 -2
6674 6674 -4
6677 6677 -4
6678 6678 -2
6679 6679 -2
6680 6680 -2
6681 6681 2
6682 6682 2
6686 6686 2
6687 6687 -2
6688 6688 2
6690 6690 -2
6691 6691 -2
6693 6693 -4
6697 6697 4
6698 6698 2
6699 6699 -2
6702 6702 2
6703 6703 2
6704 6704 -2
6706 6706 2
6707 6707 2
6710 6710 2
6711 6711 2
6715 6715 4
6716 6716 4
6718 6718 -2
6719 6719 2
6723 6723 -2
6724 6724 2
6725 6725 -2
6726 6726 -4
6727 6727 -2
6729 6729 -2
6732 6732 -2
6733 6733 -2
6734 6734 -2
6736 6736 2
6738 6738 2
6739 6739 4
6740 6740 4
6742 6742 -2
6743 6743 -2
6744 6744 2
6745 6745 2
6746 6746 -2
6749 6749 -2
6750 6750 -2
6751 6751 4
6753 6753 2
6754 6754 -2
6755 6755 -2
6756 6756 2
6757 6757 -2
6760 6760 2
6763 6763 -2
6764 6764 -2
6766 6766 -2
6767 6767 2
6769 6769 -4
6773 6773 4
6775 6775 2
6776 6776 -2
6777 6777 -2
6778 6778 2
6779 6779 2
6780 6780 4
6781 6781 2
6782 6782 -2
6783 6783 -4
6785 6785 -2
6786 6786 -2
6790 6790 4
6793 6793 -2
6794 6794 -2
6795 6795 -2
6796 6796 -4
6798 6798 -2
6799 6799 -4
6801 6801 2
6802 6802 4
6803 6803 4
6804 6804 -2
6805 6805 2
6806 6806 2
6807 6807 2
6811 6811 2
6813 6813 2
6817 6817 -2
6818 6818 2
6819 6819 2
6821 6821 -2
6822 6822 -2
6823 6823 -4
6827 6827 -2
6829 6829 2
6830 6830 -2
6833 6833 2
6834 6834 2
6835 6835 -2
6837 6837 -4
6838 6838 -2
6839 6839 4
6840 6840 2
6841 6841 2
6851 6851 2
6852 6852 2
6853 6853 2
6854 6854 2
6856 6856 2
6858 6858 -2
6859 6859 -2
6861 6861 -4
6862 6862 2
6864 6864 -2
6865 6865 -2
6868 6868 -2
6869 6869 -2
6870 6870 -2
6871 6871 -4
6872 6872 -2
6873 6873 -2
6874 6874 -2
6875 6875 -4
6876 6876 -2
6877 6877 2
6879 6879 4
6880 6880 2
6883 6883 -2
6887 6887 -2
6888 6888 -2
6889 6889 -4
6891 6891 4
6892 6892 4
6895 6895 -4
6896 6896 -4
6897 6897 -4
6898 6898 -4
6899 6899 -2
6900 6900 -2
6901 6901 2
6903 6903 2
6904 6904 -2
6905 6905 -2
6907 6907 4
6908 6908 2
6909 6909 2
6912 6912 -4
6913 6913 2
6917 6917 -2
6918 6918 -2
6919 6919 4
6920 6920 2
6923 6923 -2
6926 6926 4
6927 6927 2
6928 6928 2
6929 6929 2
6930 6930 2
6931 6931 4
6932 6932 4
6933 6933 4
6934 6934 2
6937 6937 -2
6938 6938 -2
6939 6939 2
6940 6940 -2
6942 6942 2
6943 6943 2
6944 6944 -2
6948 6948 -2
6949 6949 -2
6950 6950 -4
6951 6951 -2
6955 6955 -2
6956 6956 -2
6961 6961 -4
6962 6962 -2
6963 6963 -2
6964 6964 -2
6965 6965 -2
6969 6969 -2
6970 6970 -2
6971 6971 -2
6972 6972 2
6974 6974 2
6978 6978 -2
6981 6981 -4
6982 6982 -2
6983 6983 -2
6984 6984 -2
6985 6985 2
6986 6986 -2
6987 6987 -2
6991 6991 4
6992 6992 2
6996 6996 -2
6997 6997 -2
6998 6998 -2
7000 7000 2
7001 7001 2
7002 7002 -2
7003 7003 -4
7004 7004 -2
7005 7005 -2
7006 7006 2
7007 7007 2
7010 7010 2
7011 7011 -2
7013 7013 2
7014 7014 2
7015 7015 -2
7016 7016 -2
7017 7017 2
7019 7019 4
7020 7020 4
7023 7023 -2
7024 7024 2
7025 7025 2
7026 7026 2
7028 7028 -2
7030 7030 2
7031 7031 2
7032 7032 2
7033 7033 4
7035 7035 -2
7037 7037 2
7039 7039 -2
7040 7040 -2
7043 7043 -4
7048 7048 2
7051 7051 -2
7052 7052 -2
7053 7053 2
7056 7056 4
7060 7060 2
7062 7062 -2
7063 7063 -2
7064 7064 -2
7065 7065 2
7066 7066 4
7069 7069 2
7072 7072 -2
7073 7073 -4
7075 7075 2
7076 7076 4
7077 7077 4
7078 7078 2
7080 7080 -2
7081 7081 -2
7082 7082 2
7084 7084 -2
7085 7085 2
7086 7086 -2
7087 7087 2
7089 7089 -2
7092 7092 -2
7093 7093 2
7096 7096 -2
7099 7099 2
7100 7100 4
7101 7101 2
7103 7103 -4
7107 7107 -2
7108 7108 2
7109 7109 2
7110 7110 4
7111 7111 -2
7112 7112 -2
7113 7113 2
7115 7115 -4
7116 7116 -2
7118 7118 2
7119 7119 -2
7122 7122 4
7123 7123 2
7126 7126 2
7128 7128 2
7129 7129 4
7130 7130 4
7131 7131 4
7132 7132 2
7133 7133 2
7135 7135 -2
7136 7136 2
7137 7137 -2
7138 7138 -2
7141 7141 -2
7142 7142 -4
7143 7143 -2
7144 7144 2
7145 7145 -4
7146 7146 2
7147 7147 -2
7148 7148 2
7149 7149 -2
7150 7150 -2
7151 7151 -2
7152 7152 -4
7155 7155 -2
7156 7156 -2
7157 7157 2
7159 7159 -2
7162 7162 -2
7163 7163 4
7167 7167 -4
7168 7168 -4
7169 7169 2
7171 7171 2
7172 7172 -2
7173 7173 -2
7174 7174 2
7175 7175 2
7177 7177 2
7179 7179 -2
7180 7180 -2
7181 7181 -2
7183 7183 2
7184 7184 2
7186 7186 -2
7189 7189 4
7191 7191 -2
7192 7192 2
7196 7196 -2
7198 7198 2
7201 7201 -4
7202 7202 -4
7203 7203 -4
7205 7205 -4
7206 7206 -4
7208 7208 2
7210 7210 -2
7211 7211 -4
7213 7213 4
7215 7215 -2
7216 7216 4
7222 7222 2
7223 7223 -2
7224 7224 -2
7225 7225 -4
7226 7226 -2
7228 7228 2
7229 7229 4
7230 7230 2
7231 7231 4
7232 7232 -2
7234 7234 2
7235 7235 2
7236 7236 2
7237 7237 -2
7238 7238 2
7240 7240 2
7241 7241 4
7244 7244 4
7246 7246 4
7247 7247 2
7248 7248 4
7250 7250 -4
7251 7251 -2
7253 7253 4
7255 7255 -2
7256 7256 2
7257 7257 4
7259 7259 2
7260 7260 -4
7261 7261 -2
7264 7264 -4
7265 7265 -2
7267 7267 -2
7268 7268 -2
7269 7269 2
7270 7270 -2
7271 7271 2
7273 7273 -4
7277 7277 2
7278 7278 -4
7279 7279 -2
7281 7281 2
7282 7282 2
7283 7283 4
7284 7284 4
7285 7285 -2
7286 7286 -2
7289 7289 2
7291 7291 -2
7292 7292 4
7293 7293 2
7295 7295 -4
7296 7296 -2
7298 7298 2
7299 7299 -4
7301 7301 -2
7306 7306 -2
7307 7307 4
7308 7308 2
7309 7309 -2
7310 7310 -2
7311 7311 -2
7312 7312 4
7313 7313 2
7314 7314 2
7315 7315 -4
7317 7317 2
7318 7318 4
7320 7320 -2
7321 7321 -2
7323 7323 -2
7325 7325 -2
7326 7326 -2
7327 7327 2
7329 7329 -2
7330 7330 -2
7331 7331 -2
7334 7334 2
7335 7335 4
7336 7336 2
7337 7337 -2
7338 7338 4
7342 7342 -2
7344 7344 4
7345 7345 2
7346 7346 4
7350 7350 2
7351 7351 4
7352 7352 2
7353 7353 2
7354 7354 4
7355 7355 2
7357 7357 -2
7358 7358 -2
7360 7360 -2
7362 7362 -2
7363 7363 -2
7364 7364 -2
7365 7365 -2
7366 7366 -2
7369 7369 2
7372 7372 -2
7373 7373 -2
7374 7374 -2
7376 7376 -2
7378 7378 -2
7380 7380 2
7382 7382 2
7383 7383 2
7385 7385 -2
7386 7386 -4
7387 7387 -4
7388 7388 2
7391 7391 -4
7393 7393 -4
7395 7395 2
7396 7396 2
7399 7399 -2
7400 7400 2
7402 7402 4
7403 7403 4
7404 7404 2
7405 7405 2
7408 7408 -2
7409 7409 -2
7410 7410 -2
7411 7411 -2
7412 7412 2
7414 7414 2
7415 7415 -2
7416 7416 -2
7417 7417 2
7418 7418 2
7421 7421 -2
7422 7422 -2
7424 7424 -2
7426 7426 -2
7428 7428 -2
7430 7430 2
7431 7431 2
7432 7432 2
7433 7433 -2
7435 7435 4
7436 7436 2
7437 7437 -2
7438 7438 2
7439 7439 2
7440 7440 4
7441 7441 2
7442 7442 2
7443 7443 4
7444 7444 4
7445 7445 2
7446 7446 2
7447 7447 -2
7448 7448 -2
7449 7449 -2
7450 7450 2
7451 7451 2
7452 7452 2
7453 7453 -2
7455 7455 -2
7458 7458 2
7460 7460 -2
7461 7461 -2
7462 7462 -2
7464 7464 4
7465 7465 2
7466 7466 -2
7468 7468 2
7469 7469 4
7471 7471 -2
7477 7477 2
7478 7478 2
7480 7480 2
7482 7482 2
7484 7484 4
7486 7486 -2
7488 7488 -2
7489 7489 -2
7492 7492 4
7494 7494 2
7495 7495 4
7497 7497 -4
7499 7499 2
7500 7500 2
7501 7501 -2
7504 7504 4
7505 7505 2
7506 7506 2
7507 7507 2
7509 7509 -2
7510 7510 -2
7511 7511 2
7512 7512 4
7513 7513 2
7514 7514 2
7515 7515 -2
7516 7516 -2
7518 7518 -4
7519 7519 -2
7520 7520 -4
7521 7521 -2
7522 7522 -4
7523 7523 2
7525 7525 -2
7526 7526 -2
7527 7527 4
7529 7529 2
7530 7530 2
7532 7532 -2
7533 7533 -2
7534 7534 -4
7535 7535 2
7536 7536 2
7538 7538 2
7541 7541 -2
7543 7543 -2
7545 7545 2
7546 7546 2
7547 7547 -2
7549 7549 -2
7550 7550 -2
7552 7552 2
7554 7554 4
7555 7555 2
7556 7556 4
7557 7557 -2
7561 7561 4
7562 7562 2
7563 7563 -2
7564 7564 4
7565 7565 2
7566 7566 -2
7568 7568 2
7569 7569 -2
7571 7571 -2
7572 7572 2
7574 7574 4
7577 7577 -2
7583 7583 -2
7586 7586 -2
7587 7587 -2
7590 7590 -2
7591 7591 -2
7594 7594 -2
7595 7595 -2
7596 7596 -2
7598 7598 2
7599 7599 2
7601 7601 2
7603 7603 -2
7604 7604 2
7605 7605 -2
7607 7607 -2
7608 7608 2
7610 7610 -2
7612 7612 2
7613 7613 2
7620 7620 2
7621 7621 4
7623 7623 4
7624 7624 4
7625 7625 2
7629 7629 2
7630 7630 -2
7634 7634 -2
7635 7635 -2
7636 7636 -2
7638 7638 4
7640 7640 2
7641 7641 2
7642 7642 2
7643 7643 -2
7644 7644 2
7645 7645 -2
7646 7646 2
7648 7648 -4
7649 7649 -4
7650 7650 -2
7651 7651 -2
7653 7653 -2
7654 7654 2
7658 7658 -2
7659 7659 -2
7661 7661 2
7662 7662 2
7663 7663 -2
7666 7666 2
7668 7668 2
7670 7670 4
7671 7671 2
7672 7672 2
7673 7673 2
7674 7674 2
7676 7676 -2
7677 7677 -2
7678 7678 -2
7679 7679 -2
7680 7680 -2
7681 7681 -2
7682 7682 -2
7688 7688 4
7689 7689 4
7690 7690 4
7691 7691 2
7692 7692 2
7693 7693 2
7695 7695 -2
7696 7696 -2
7697 7697 4
7698 7698 2
7701 7701 2
7702 7702 -2
7703 7703 -2
7704 7704 -2
7705 7705 -2
7706 7706 2
7709 7709 -4
7710 7710 -2
7711 7711 -2
7712 7712 -2
7713 7713 4
7714 7714 -2
7716 7716 2
7717 7717 2
7718 7718 2
7721 7721 2
7723 7723 2
7728 7728 2
7729 7729 4
7731 7731 -2
7732 7732 -2
7733 7733 2
7734 7734 2
7739 7739 -4
7741 7741 -2
7742 7742 -2
7743 7743 -2
7744 7744 4
7745 7745 -2
7746 7746 2
7747 7747 4
7749 7749 -2
7750 7750 4
7751 7751 2
7753 7753 -2
7754 7754 2
7755 7755 -2
7756 7756 2
7757 7757 2
7758 7758 2
7759 7759 -2
7760 7760 -2
7761 7761 -4
7762 7762 2
7763 7763 -2
7764 7764 -2
7766 7766 2
7767 7767 2
7769 7769 -2
7771 7771 -2
7772 7772 -4
7774 7774 -2
7777 7777 2
7779 7779 2
7780 7780 2
7782 7782 2
7783 7783 2
7784 7784 -2
7785 7785 -2
7787 7787 2
7788 7788 2
7789 7789 2
7790 7790 2
7791 7791 2
7793 7793 2
7794 7794 2
7795 7795 -2
7796 7796 -2
7799 7799 2
7800 7800 -2
7801 7801 -2
7802 7802 -2
7804 7804 -2
7809 7809 -2
7812 7812 -2
7816 7816 -2
7818 7818 -4
7820 7820 -2
7823 7823 -4
7824 7824 -4
7825 7825 -2
7827 7827 2
7829 7829 -2
7830 7830 -4
7831 7831 -4
7832 7832 -4
7833 7833 -2
7834 7834 2
7837 7837 2
7838 7838 2
7839 7839 2
7840 7840 4
7842 7842 -4
7843 7843 -2
7845 7845 2
7846 7846 2
7847 7847 2
7848 7848 2
7849 7849 -2
7850 7850 -2
7853 7853 -4
7856 7856 4
7857 7857 -2
7858 7858 2
7859 7859 2
7862 7862 2
7865 7865 2
7867 7867 -2
7868 7868 -2
7869 7869 -2
7873 7873 4
7874 7874 2
7875 7875 -2
7876 7876 -2
7877 7877 -2
7878 7878 -2
7879 7879 -2
7881 7881 2
7882 7882 2
7883 7883 4
7884 7884 2
7887 7887 -2
7889 7889 4
7890 7890 2
7892 7892 -2
7894 7894 2
7896 7896 2
7897 7897 -2
7899 7899 2
7901 7901 2
7902 7902 2
7903 7903 2
7904 7904 -2
7906 7906 -2
7907 7907 -2
7908 7908 2
7909 7909 2
7910 7910 2
7913 7913 4
7914 7914 4
7916 7916 2
7917 7917 2
7918 7918 -2
7919 7919 4
7920 7920 2
7921 7921 2
7922 7922 2
7925 7925 -2
7926 7926 -4
7927 7927 -2
7928 7928 -2
7929 7929 -2
7930 7930 -4
7931 7931 -4
7932 7932 -4
7935 7935 -2
7936 7936 -2
7937 7937 -4
7938 7938 -2
7939 7939 4
7940 7940 2
7941 7941 2
7942 7942 -2
7944 7944 2
7945 7945 2
7948 7948 -2
7949 7949 -4
7952 7952 -2
7954 7954 -2
7955 7955 -4
7957 7957 -2
7960 7960 -2
7961 7961 2
7962 7962 2
7963 7963 -2
7964 7964 2
7965 7965 2
7966 7966 -2
7967 7967 -2
7968 7968 -4
7969 7969 -2
7975 7975 4
7977 7977 -2
7978 7978 -4
7979 7979 -4
7980 7980 -2
7982 7982 2
7984 7984 2
7985 7985 2
7986 7986 4
7988 7988 2
7990 7990 2
7992 7992 -2
7993 7993 -4
7994 7994 -2
7997 7997 4
7999 7999 -4
8000 8000 -2
8003 8003 2
8006 8006 2
8008 8008 2
8009 8009 4
8010 8010 4
8011 8011 2
8012 8012 2
8013 8013 2
8015 8015 -4
8017 8017 2
8018 8018 -2
8020 8020 2
8022 8022 2
8023 8023 2
8024 8024 2
8030 8030 -4
8032 8032 -2
8034 8034 -2
8035 8035 2
8040 8040 2
8041 8041 4
8042 8042 2
8044 8044 -2
8045 8045 2
8047 8047 -2
8048 8048 -2
8050 8050 4
8051 8051 2
8053 8053 2
8055 8055 -2
8058 8058 2
8059 8059 -4
8060 8060 -4
8062 8062 4
8065 8065 -2
8067 8067 2
8068 8068 -2
8071 8071 2
8072 8072 2
8076 8076 -2
8077 8077 2
8079 8079 -4
8080 8080 -4
8081 8081 2
8082 8082 2
8083 8083 -4
8084 8084 -2
8086 8086 2
8087 8087 2
8089 8089 -2
8090 8090 4
8091 8091 2
8092 8092 2
8095 8095 2
8096 8096 -2
8097 8097 2
8098 8098 -2
8099 8099 -2
8100 8100 2
8103 8103 -4
8104 8104 -4
8106 8106 2
8108 8108 2
8109 8109 2
8110 8110 2
8112 8112 2
8113 8113 4
8114 8114 4
8115 8115 2
8119 8119 2
8120 8120 4
8122 8122 4
8127 8127 -4
8128 8128 -2
8129 8129 -2
8130 8130 -4
8132 8132 2
8133 8133 4
8134 8134 2
8135 8135 4
8136 8136 2
8137 8137 2
8139 8139 -4
8140 8140 -2
8142 8142 2
8143 8143 2
8144 8144 -2
8146 8146 -2
8147 8147 2
8151 8151 -2
8152 8152 2
8153 8153 -2
8154 8154 -4
8155 8155 -2
8156 8156 -4
8158 8158 4
8159 8159 2
8160 8160 -2
8161 8161 -2
8162 8162 2
8163 8163 2
8168 8168 2
8170 8170 -2
8171 8171 2
8172 8172 2
8174 8174 2
8175 8175 -2
8177 8177 -2
8178 8178 -2
8179 8179 -4
8180 8180 -4
8182 8182 2
8183 8183 -4
8185 8185 4
8186 8186 -2
8187 8187 -2
8189 8189 2
8190 8190 4
8191 8191 -2
8193 8193 2
8194 8194 -2
8195 8195 2
8197 8197 2
8198 8198 -2
8199 8199 2
8200 8200 2
8201 8201 -2
8202 8202 2
8203 8203 -2
8205 8205 2
8206 8206 4
8207 8207 2
8209 8209 2
8210 8210 2
8211 8211 4
8213 8213 2
8214 8214 -2
8215 8215 -2
8216 8216 -2
8218 8218 -4
8219 8219 -2
8220 8220 2
8222 8222 2
8223 8223 -2
8224 8224 2
8225 8225 4
8226 8226 4
8229 8229 -2
8230 8230 -2
8231 8231 2
8232 8232 4
8234 8234 2
8236 8236 2
8237 8237 2
8238 8238 -2
8240 8240 2
8242 8242 -2
8245 8245 -4
8246 8246 2
8247 8247 4
8248 8248 2
8249 8249 2
8251 8251 -2
8252 8252 2
8256 8256 -2
8258 8258 2
8261 8261 -2
8264 8264 -2
8267 8267 -2
8268 8268 4
8270 8270 -2
8272 8272 4
8273 8273 2
8274 8274 4
8275 8275 2
8278 8278 -2
8280 8280 2
8282 8282 2
8283 8283 -2
8284 8284 2
8285 8285 4
8286 8286 -2
8287 8287 -2
8291 8291 -2
8292 8292 -4
8293 8293 -2
8296 8296 -4
8297 8297 2
8298 8298 2
8299 8299 4
8301 8301 2
8303 8303 2
8304 8304 4
8307 8307 -2
8308 8308 -4
8312 8312 -2
8313 8313 4
8314 8314 -2
8315 8315 -2
8316 8316 -2
8317 8317 2
8318 8318 -2
8319 8319 -2
8323 8323 -4
8324 8324 -2
8325 8325 2
8327 8327 -4
8329 8329 2
8332 8332 2
8333 8333 2
8334 8334 2
8335 8335 2
8336 8336 4
8338 8338 -4
8339 8339 -4
8341 8341 2
8342 8342 2
8343 8343 -2
8345 8345 -2
8346 8346 4
8347 8347 2
8349 8349 -2
8350 8350 -2
8352 8352 2
8353 8353 -2
8354 8354 -2
8355 8355 2
8356 8356 4
8357 8357 -2
8358 8358 -2
8360 8360 2
8362 8362 2
8363 8363 -2
8364 8364 -2
8369 8369 2
8370 8370 2
8371 8371 2
8372 8372 4
8376 8376 2
8378 8378 -2
8379 8379 -2
8381 8381 2
8385 8385 -2
8386 8386 -2
8387 8387 2
8390 8390 2
8392 8392 -2
8393 8393 2
8394 8394 4
8395 8395 -2
8396 8396 -2
8397 8397 2
8398 8398 -2
8399 8399 -2
8401 8401 2
8404 8404 2
8405 8405 2
8408 8408 2
8409 8409 2
8412 8412 -2
8413 8413 2
8415 8415 2
8416 8416 -2
8417 8417 -4
8418 8418 -4
8419 8419 -2
8420 8420 -2
8421 8421 -4
8422 8422 -4
8423 8423 -2
8425 8425 2
8427 8427 -2
8428 8428 2
8429 8429 2
8430 8430 4
8431 8431 2
8432 8432 2
8433 8433 -2
8434 8434 -2
8435 8435 2
8436 8436 4
8439 8439 -2
8440 8440 -4
8441 8441 -2
8442 8442 2
8443 8443 2
8444 8444 2
8445 8445 -2
8447 8447 2
8448 8448 2
8449 8449 -2
8452 8452 -2
8453 8453 2
8454 8454 -2
8456 8456 4
8458 8458 -2
8462 8462 2
8464 8464 -2
8466 8466 2
8468 8468 -2
8471 8471 2
8472 8472 2
8473 8473 -2
8476 8476 -2
8477 8477 -2
8479 8479 -2
8480 8480 -4
8482 8482 -2
8485 8485 -2
8486 8486 2
8487 8487 2
8488 8488 -2
8490 8490 2
8492 8492 -2
8493 8493 2
8494 8494 2
8495 8495 2
8496 8496 -2
8498 8498 -2
8499 8499 -2
8500 8500 4
8505 8505 4
8509 8509 2
8510 8510 -2
8511 8511 -4
8512 8512 -4
8515 8515 4
8516 8516 2
8518 8518 2
8519 8519 2
8520 8520 4
8521 8521 2
8524 8524 2
8525 8525 2
8528 8528 -2
8531 8531 -2
8532 8532 -2
8533 8533 -4
8534 8534 -2
8537 8537 -2
8541 8541 -4
8542 8542 -2
8543 8543 2
8545 8545 -2
8547 8547 2
8548 8548 4
8549 8549 2
8551 8551 -2
8552 8552 -2
8553 8553 2
8556 8556 2
8557 8557 -2
8559 8559 -2
8562 8562 2
8563 8563 2
8564 8564 -2
8568 8568 2
8569 8569 -4
8571 8571 2
8574 8574 2
8576 8576 -2
8577 8577 -2
8578 8578 2
8579 8579 2
8581 8581 4
8582 8582 2
8584 8584 -2
8585 8585 -2
8587 8587 2
8588 8588 2
8589 8589 2
8590 8590 2
8592 8592 -2
8593 8593 2
8594 8594 -2
8595 8595 2
8597 8597 2
8598 8598 2
8599 8599 2
8600 8600 2
8603 8603 -2
8605 8605 2
8606 8606 2
8607 8607 4
8609 8609 -2
8610 8610 2
8611 8611 -2
8613 8613 -2
8614 8614 -2
8615 8615 2
8616 8616 2
8617 8617 2
8620 8620 2
8621 8621 2
8623 8623 -4
8624 8624 -2
8625 8625 2
8628 8628 -2
8629 8629 4
8631 8631 -2
8632 8632 -2
8633 8633 -2
8636 8636 2
8643 8643 -2
8644 8644 -4
8646 8646 2
8648 8648 4
8649 8649 2
8650 8650 2
8651 8651 -2
8653 8653 -2
8654 8654 -2
8655 8655 -4
8656 8656 -2
8657 8657 -2
8660 8660 2
8661 8661 2
8662 8662 -2
8663 8663 2
8664 8664 4
8665 8665 2
8666 8666 -2
8670 8670 4
8671 8671 2
8672 8672 -2
8674 8674 2
8675 8675 -2
8676 8676 2
8677 8677 -2
8679 8679 -2
8681 8681 2
8682 8682 2
8683 8683 2
8685 8685 2
8686 8686 4
8687 8687 2
8688 8688 4
8691 8691 4
8692 8692 2
8693 8693 2
8696 8696 -2
8697 8697 4
8698 8698 2
8700 8700 4
8701 8701 2
8702 8702 -2
8703 8703 -2
8704 8704 2
8707 8707 2
8708 8708 4
8709 8709 2
8710 8710 2
8711 8711 -2
8712 8712 2
8713 8713 2
8714 8714 2
8715 8715 2
8717 8717 -2
8719 8719 4
8720 8720 2
8721 8721 2
8722 8722 -2
8723 8723 -2
8725 8725 -2
8726 8726 2
8729 8729 4
8730 8730 2
8731 8731 2
8733 8733 -2
8735 8735 -2
8736 8736 -2
8737 8737 -2
8740 8740 2
8741 8741 2
8742 8742 2
8743 8743 2
8744 8744 -2
8745 8745 2
8746 8746 2
8747 8747 -2
8750 8750 -2
8751 8751 -4
8754 8754 2
8756 8756 -4
8757 8757 -4
8758 8758 -2
8759 8759 2
8761 8761 -2
8765 8765 2
8767 8767 -2
8768 8768 -4
8770 8770 2
8771 8771 2
8773 8773 2
8774 8774 2
8777 8777 -2
8778 8778 2
8780 8780 2
8785 8785 4
8786 8786 2
8788 8788 2
8789 8789 -2
8791 8791 2
8792 8792 4
8794 8794 2
8795 8795 2
8796 8796 -2
8797 8797 -2
8799 8799 2
8800 8800 2
8804 8804 2
8805 8805 4
8806 8806 2
8807 8807 2
8808 8808 2
8809 8809 4
8811 8811 -2
8813 8813 2
8814 8814 2
8816 8816 -2
8817 8817 -2
8818 8818 -4
8819 8819 -2
8820 8820 -4
8823 8823 -4
8824 8824 2
8827 8827 -2
8829 8829 -2
8830 8830 -2
8831 8831 -2
8832 8832 -4
8833 8833 -2
8835 8835 2
8837 8837 -2
8838 8838 -2
8839 8839 -2
8840 8840 4
8841 8841 2
8842 8842 2
8843 8843 -2
8844 8844 -4
8845 8845 2
8846 8846 2
8847 8847 -2
8848 8848 -2
8849 8849 -2
8850 8850 -2
8852 8852 2
8854 8854 -2
8857 8857 -4
8858 8858 -2
8859 8859 4
8860 8860 2
8863 8863 -2
8864 8864 -2
8865 8865 -4
8866 8866 -4
8867 8867 -4
8870 8870 -2
8871 8871 -2
8872 8872 -4
8873 8873 -2
8875 8875 4
8876 8876 2
8878 8878 2
8879 8879 -2
8880 8880 -2
8881 8881 -2
8882 8882 2
8883 8883 2
8884 8884 2
8886 8886 4
8888 8888 2
8891 8891 2
8892 8892 2
8893 8893 2
8895 8895 -2
8896 8896 -2
8897 8897 -2
8898 8898 2
8902 8902 4
8903 8903 2
8904 8904 2
8905 8905 -2
8907 8907 -2
8910 8910 -2
8911 8911 2
8912 8912 2
8913 8913 -4
8914 8914 -2
8915 8915 2
8917 8917 -2
8918 8918 -2
8922 8922 -2
8923 8923 -2
8924 8924 2
8925 8925 2
8927 8927 2
8928 8928 4
8929 8929 2
8932 8932 2
8933 8933 4
8937 8937 -2
8938 8938 -4
8939 8939 -2
8943 8943 2
8947 8947 -2
8948 8948 -4
8949 8949 -2
8950 8950 2
8951 8951 2
8952 8952 -2
8953 8953 -4
8954 8954 -2
8956 8956 2
8959 8959 2
8960 8960 -2
8961 8961 -2
8962 8962 -4
8963 8963 2
8965 8965 -2
8966 8966 2
8967 8967 2
8968 8968 2
8969 8969 -2
8970 8970 -2
8971 8971 -4
8972 8972 -2
8973 8973 -2
8974 8974 -2
8977 8977 -2
8979 8979 -2
8981 8981 -2
8983 8983 -2
8984 8984 -2
8985 8985 -2
8986 8986 4
8988 8988 2
8990 8990 -2
8991 8991 -2
8993 8993 4
8997 8997 -2
9000 9000 -2
9001 9001 -2
9002 9002 2
9003 9003 2
9004 9004 4
9006 9006 2
9007 9007 -2
9008 9008 2
9009 9009 2
9010 9010 2
9011 9011 -2
9012 9012 2
9014 9014 -2
9015 9015 4
9016 9016 2
9017 9017 -4
9018 9018 -2
9019 9019 2
9020 9020 -2
9023 9023 2
9024 9024 2
9025 9025 2
9026 9026 2
9027 9027 2
9029 9029 -2
9031 9031 2
9032 9032 4
9033 9033 2
9034 9034 -4
9036 9036 -2
9037 9037 -2
9041 9041 2
9042 9042 -2
9044 9044 4
9046 9046 -2
9047 9047 -2
9048 9048 -4
9049 9049 -2
9050 9050 -2
9051 9051 2
9052 9052 2
9054 9054 2
9055 9055 2
9060 9060 -2
9061 9061 2
9063 9063 2
9065 9065 -2
9066 9066 2
9068 9068 -2
9071 9071 -4
9074 9074 -2
9075 9075 -2
9077 9077 2
9081 9081 2
9083 9083 -2
9084 9084 -2
9085 9085 -2
9086 9086 4
9088 9088 -2
9092 9092 -4
9094 9094 -2
9095 9095 -4
9096 9096 -4
9097 9097 -4
9098 9098 -2
9099 9099 -2
9101 9101 -2
9102 9102 2
9104 9104 2
9105 9105 4
9107 9107 -4
9108 9108 -2
9110 9110 -2
9111 9111 -4
9112 9112 2
9113 9113 4
9114 9114 2
9118 9118 -2
9119 9119 2
9120 9120 -2
9121 9121 2
9123 9123 2
9124 9124 -2
9126 9126 4
9127 9127 2
9130 9130 2
9131 9131 -4
9133 9133 -2
9134 9134 -2
9138 9138 2
9140 9140 -2
9141 9141 -2
9145 9145 -2
9150 9150 -2
9151 9151 2
9153 9153 -4
9154 9154 -4
9155 9155 -2
9156 9156 2
9157 9157 2
9158 9158 2
9159 9159 2
9167 9167 -2
9171 9171 -2
9172 9172 -2
9173 9173 -2
9174 9174 -2
9175 9175 -2
9177 9177 4
9178 9178 2
9180 9180 -2
9182 9182 -2
9183 9183 -4
9185 9185 -2
9186 9186 2
9187 9187 2
9189 9189 2
9193 9193 2
9195 9195 -2
9196 9196 -2
9197 9197 -4
9198 9198 -2
9200 9200 2
9202 9202 2
9203 9203 2
9204 9204 2
9208 9208 -4
9209 9209 -2
9210 9210 -2
9211 9211 -4
9212 9212 -2
9214 9214 -2
9215 9215 -4
9217 9217 2
9218 9218 4
9219 9219 2
9221 9221 4
9222 9222 -2
9224 9224 -2
9225 9225 4
9226 9226 4
9228 9228 2
9230 9230 2
9231 9231 2
9234 9234 2
9235 9235 -4
9236 9236 -2
9237 9237 -2
9242 9242 -2
9243 9243 2
9244 9244 2
9245 9245 2
9246 9246 2
9247 9247 4
9248 9248 4
9250 9250 -4
9251 9251 -2
9252 9252 -4
9257 9257 2
9258 9258 2
9261 9261 2
9264 9264 -2
9266 9266 4
9268 9268 2
9269 9269 2
9271 9271 2
9273 9273 -2
9274 9274 2
9275 9275 2
9276 9276 2
9279 9279 -2
9281 9281 -4
9282 9282 2
9283 9283 -2
9285 9285 -2
9286 9286 2
9287 9287 4
9288 9288 2
9289 9289 4
9290 9290 2
9291 9291 2
9292 9292 -2
9293 9293 -4
9295 9295 2
9296 9296 4
9297 9297 -2
9298 9298 -2
9301 9301 -2
9304 9304 2
9305 9305 -2
9306 9306 -4
9307 9307 -2
9308 9308 -4
9310 9310 2
9312 9312 -2
9314 9314 -2
9317 9317 -2
9318 9318 2
9319 9319 -2
9321 9321 2
9322 9322 -2
9324 9324 -2
9326 9326 -2
9327 9327 -2
9328 9328 2
9330 9330 -4
9332 9332 2
9334 9334 2
9335 9335 -2
9336 9336 2
9337 9337 -2
9340 9340 -2
9344 9344 -2
9345 9345 2
9347 9347 2
9348 9348 2
9349 9349 2
9355 9355 2
9357 9357 2
9358 9358 2
9359 9359 4
9360 9360 2
9361 9361 4
9362 9362 2
9363 9363 -2
9364 9364 -4
9366 9366 2
9367 9367 -4
9368 9368 -2
9369 9369 2
9371 9371 2
9372 9372 -2
9373 9373 -2
9374 9374 4
9375 9375 2
9377 9377 2
9378 9378 2
9380 9380 2
9381 9381 -2
9383 9383 -2
9386 9386 2
9387 9387 2
9388 9388 2
9389 9389 4
9390 9390 -2
9392 9392 -2
9393 9393 -2
9394 9394 -2
9395 9395 2
9396 9396 4
9397 9397 -2
9399 9399 -2
9400 9400 -2
9401 9401 2
9402 9402 2
9406 9406 -2
9407 9407 -4
9408 9408 -2
9409 9409 -2
9410 9410 -4
9411 9411 -4
9412 9412 -4
9413 9413 -2
9414 9414 -2
9415 9415 -2
9419 9419 -2
9424 9424 -4
9425 9425 -2
9427 9427 -2
9428 9428 -2
9429 9429 2
9431 9431 2
9432 9432 4
9435 9435 -2
9436 9436 -2
9438 9438 2
9439 9439 2
9440 9440 -2
9441 9441 -2
9442 9442 -2
9443 9443 -2
9444 9444 -2
9446 9446 2
9447 9447 2
9448 9448 2
9449 9449 -2
9452 9452 2
9454 9454 -2
9456 9456 -2
9457 9457 2
9458 9458 2
9459 9459 2
9460 9460 -2
9461 9461 -2
9462 9462 -2
9463 9463 -2
9464 9464 -2
9465 9465 2
9468 9468 -2
9469 9469 -4
9470 9470 -4
9471 9471 -2
9472 9472 -2
9473 9473 2
9474 9474 4
9475 9475 2
9477 9477 2
9478 9478 -2
9479 9479 -2
9482 9482 -2
9483 9483 2
9484 9484 2
9485 9485 2
9486 9486 2
9487 9487 -2
9488 9488 -2
9489 9489 -2
9491 9491 -2
9492 9492 -4
9493 9493 2
9495 9495 2
9497 9497 -2
9498 9498 2
9499 9499 -2
9501 9501 -2
9506 9506 -2
9507 9507 -2
9508 9508 2
9510 9510 -2
9511 9511 -2
9512 9512 -2
9513 9513 -4
9518 9518 4
9519 9519 2
9520 9520 2
9523 9523 2
9524 9524 -2
9527 9527 -2
9529 9529 2
9530 9530 -2
9533 9533 2
9534 9534 2
9537 9537 2
9540 9540 -2
9541 9541 -4
9543 9543 4
9544 9544 2
9549 9549 -4
9551 9551 -2
9552 9552 2
9553 9553 2
9554 9554 2
9555 9555 2
9556 9556 2
9558 9558 -2
9560 9560 2
9562 9562 2
9563 9563 2
9564 9564 -2
9565 9565 -2
9566 9566 -2
9567 9567 2
9568 9568 -2
9571 9571 -2
9576 9576 -2
9578 9578 -2
9579 9579 -2
9583 9583 2
9586 9586 -2
9587 9587 -2
9588 9588 2
9590 9590 4
9591 9591 2
9592 9592 2
9593 9593 2
9594 9594 -2
9596 9596 2
9597 9597 2
9598 9598 2
9599 9599 2
9601 9601 -2
9602 9602 2
9606 9606 -2
9608 9608 -2
9611 9611 2
9613 9613 -2
9614 9614 -2
9615 9615 -2
9616 9616 -4
9617 9617 -4
9619 9619 -4
9621 9621 -2
9624 9624 -2
9625 9625 -2
9626 9626 2
9627 9627 2
9628 9628 -2
9631 9631 -2
9632 9632 -2
9634 9634 2
9635 9635 4
9636 9636 4
9637 9637 2
9638 9638 2
9639 9639 2
9640 9640 4
9641 9641 -2
9642 9642 -4
9643 9643 -2
9644 9644 -2
9645 9645 -2
9646 9646 -4
9647 9647 -2
9651 9651 -2
9653 9653 2
9654 9654 4
9655 9655 2
9656 9656 4
9657 9657 2
9658 9658 2
9659 9659 2
9661 9661 -2
9662 9662 2
9665 9665 -2
9666 9666 2
9671 9671 -4
9672 9672 2
9674 9674 2
9675 9675 2
9678 9678 2
9679 9679 -2
9680 9680 2
9681 9681 2
9683 9683 2
9685 9685 -2
9688 9688 2
9690 9690 2
9694 9694 -2
9697 9697 -2
9698 9698 2
9699 9699 2
9702 9702 4
9703 9703 2
9704 9704 4
9705 9705 2
9706 9706 -4
9707 9707 -4
9708 9708 -2
9709 9709 2
9711 9711 2
9712 9712 2
9714 9714 -2
9715 9715 -2
9717 9717 2
9719 9719 -2
9720 9720 2
9725 9725 -2
9727 9727 2
9728 9728 -2
9730 9730 4
9731 9731 2
9732 9732 2
9733 9733 2
9735 9735 2
9736 9736 4
9738 9738 -2
9740 9740 -2
9741 9741 -2
9745 9745 -4
9746 9746 -2
9747 9747 -4
9748 9748 -2
9749 9749 -2
9750 9750 2
9751 9751 2
9752 9752 -2
9753 9753 2
9754 9754 2
9755 9755 2
9756 9756 2
9760 9760 -2
9761 9761 -4
9762 9762 -2
9764 9764 4
9766 9766 2
9767 9767 -2
9768 9768 -2
9769 9769 -2
9771 9771 -2
9774 9774 2
9775 9775 -2
9777 9777 2
9779 9779 -2
9780 9780 4
9781 9781 2
9782 9782 4
9786 9786 2
9788 9788 2
9790 9790 2
9791 9791 -2
9793 9793 4
9797 9797 2
9798 9798 2
9799 9799 -2
9800 9800 2
9801 9801 -2
9802 9802 2
9803 9803 -2
9804 9804 -2
9807 9807 2
9809 9809 -2
9811 9811 2
9812 9812 2
9813 9813 -2
9814 9814 -2
9815 9815 2
9818 9818 -4
9819 9819 2
9820 9820 4
9821 9821 4
9822 9822 4
9823 9823 2
9824 9824 -2
9825 9825 2
9826 9826 2
9827 9827 4
9828 9828 2
9829 9829 4
9831 9831 -2
9832 9832 -4
9833 9833 -2
9835 9835 -2
9836 9836 -2
9838 9838 -2
9839 9839 2
9841 9841 -2
9842 9842 2
9843 9843 4
9844 9844 2
9845 9845 -4
9847 9847 -4
9849 9849 -2
9850 9850 -2
9851 9851 -2
9852 9852 -2
9853 9853 2
9858 9858 -2
9861 9861 -4
9862 9862 -4
9864 9864 4
9868 9868 -4
9869 9869 -2
9872 9872 -2
9873 9873 -2
9874 9874 2
9875 9875 2
9876 9876 -2
9877 9877 2
9879 9879 -2
9880 9880 -2
9881 9881 -4
9882 9882 -2
9884 9884 2
9886 9886 -2
9888 9888 2
9889 9889 -2
9890 9890 2
9891 9891 2
9893 9893 2
9896 9896 -4
9897 9897 2
9899 9899 -2
9900 9900 2
9903 9903 -2
9905 9905 4
9906 9906 4
9907 9907 2
9908 9908 4
9910 9910 -2
9911 9911 2
9915 9915 2
9917 9917 2
9919 9919 2
9920 9920 -2
9921 9921 2
9922 9922 2
9923 9923 2
9927 9927 2
9929 9929 -2
9930 9930 -4
9931 9931 -2
9932 9932 -2
9934 9934 -2
9935 9935 -2
9936 9936 -4
9937 9937 -2
9938 9938 -2
9939 9939 2
9942 9942 2
9943 9943 2
9944 9944 2
9945 9945 -2
9949 9949 2
9950 9950 2
9951 9951 2
9952 9952 2
9953 9953 2
9955 9955 -2
9956 9956 -4
9961 9961 -2
9962 9962 -2
9963 9963 -2
9964 9964 4
9965 9965 4
9968 9968 -2
9969 9969 -2
9972 9972 2
9973 9973 2
9976 9976 -4
9977 9977 -2
9979 9979 -2
9980 9980 -2
9981 9981 -2
9983 9983 2
9986 9986 -2
9987 9987 -2
9990 9990 -2
9994 9994 -4
9997 9997 2
9998 9998 -2
10000 10000 2
10003 10003 -2
10007 10007 -4
10009 10009 -4
10011 10011 2
10012 10012 -2
10014 10014 2
10016 10016 -4
10017 10017 -2
10021 10021 -2
10023 10023 2
10024 10024 2
10027 10027 2
10029 10029 -2
10033 10033 2
10035 10035 2
10036 10036 2
10038 10038 -2
10039 10039 4
10042 10042 2
10043 10043 -2
10044 10044 -2
10045 10045 -2
10046 10046 -4
10048 10048 -2
10050 10050 4
10053 10053 2
10054 10054 2
10055 10055 2
10057 10057 -4
10061 10061 2
10062 10062 2
10064 10064 -2
10068 10068 -4
10069 10069 -4
10070 10070 2
10071 10071 2
10072 10072 4
10073 10073 -2
10074 10074 -2
10075 10075 -2
10078 10078 2
10082 10082 2
10085 10085 2
10086 10086 -2
10087 10087 -2
10088 10088 -4
10090 10090 -2
10091 10091 -2
10092 10092 2
10095 10095 -2
10096 10096 -2
10097 10097 2
10098 10098 2
10099 10099 4
10101 10101 -2
10102 10102 -2
10103 10103 -2
10104 10104 -2
10105 10105 -2
10106 10106 2
10108 10108 2
10110 10110 2
10113 10113 -2
10114 10114 2
10116 10116 -2
10117 10117 -4
10118 10118 2
10119 10119 2
10120 10120 4
10121 10121 2
10122 10122 -2
10123 10123 -2
10126 10126 -4
10127 10127 -2
10131 10131 2
10132 10132 2
10134 10134 2
10135 10135 2
10136 10136 -2
10138 10138 -4
10139 10139 2
10140 10140 2
10142 10142 2
10144 10144 2
10146 10146 -2
10149 10149 -2
10151 10151 -2
10152 10152 -2
10156 10156 2
10157 10157 2
10159 10159 2
10160 10160 2
10161 10161 2
10162 10162 2
10164 10164 -4
10166 10166 2
10167 10167 2
10168 10168 2
10169 10169 -2
10170 10170 -2
10171 10171 -2
10174 10174 2
10175 10175 2
10176 10176 2
10178 10178 2
10179 10179 2
10180 10180 4
10181 10181 2
10182 10182 4
10183 10183 2
10186 10186 -2
10187 10187 4
10188 10188 -2
10189 10189 -2
10191 10191 -4
10192 10192 -2
10193 10193 -2
10194 10194 -2
10195 10195 -2
10196 10196 -4
10198 10198 4
10199 10199 4
10202 10202 2
10203 10203 4
10204 10204 2
10205 10205 -2
10207 10207 2
10208 10208 2
10209 10209 2
10210 10210 2
10211 10211 2
10212 10212 4
10215 10215 -2
10216 10216 -2
10219 10219 2
10220 10220 2
10221 10221 2
10222 10222 -2
10223 10223 -4
10224 10224 -2
10225 10225 4
10228 10228 4
10229 10229 2
10230 10230 2
10234 10234 4
10235 10235 2
10236 10236 -2
10239 10239 2
10240 10240 2
10242 10242 2
10243 10243 -2
10244 10244 2
10246 10246 2
10247 10247 4
10248 10248 2
10249 10249 2
10251 10251 -2
10252 10252 -2
10253 10253 -2
10254 10254 -4
10257 10257 2
10259 10259 2
10261 10261 -4
10262 10262 -4
10265 10265 2
10267 10267 -2
10273 10273 2
10274 10274 -4
10276 10276 2
10278 10278 -4
10279 10279 -4
10280 10280 2
10281 10281 2
10282 10282 -2
10283 10283 -2
10284 10284 -4
10285 10285 -2
10286 10286 -4
10288 10288 2
10291 10291 -4
10292 10292 -4
10294 10294 -2
10295 10295 -2
10296 10296 -2
10297 10297 2
10299 10299 2
10300 10300 -2
10301 10301 -2
10303 10303 -2
10306 10306 -2
10307 10307 -2
10309 10309 4
10311 10311 -2
10313 10313 -2
10316 10316 2
10319 10319 2
10322 10322 2
10325 10325 -2
10326 10326 -2
10327 10327 2
10328 10328 4
10330 10330 -2
10331 10331 -2
10332 10332 -2
10334 10334 4
10335 10335 2
10340 10340 -2
10342 10342 2
10343 10343 -2
10344 10344 2
10345 10345 -2
10347 10347 2
10349 10349 2
10350 10350 -4
10351 10351 -2
10352 10352 -2
10353 10353 2
10354 10354 -2
10357 10357 -2
10358 10358 -4
10364 10364 2
10366 10366 -4
10368 10368 2
10371 10371 -4
10374 10374 -4
10375 10375 -2
10376 10376 -2
10377 10377 2
10378 10378 -2
10379 10379 -4
10381 10381 2
10382 10382 -4
10383 10383 -2
10384 10384 -2
10386 10386 -2
10387 10387 -2
10388 10388 2
10389 10389 -2
10390 10390 2
10391 10391 2
10392 10392 2
10393 10393 4
10394 10394 4
10396 10396 -4
10397 10397 -2
10398 10398 -2
10400 10400 -2
10401 10401 -4
10404 10404 2
10405 10405 4
10408 10408 4
10409 10409 4
10411 10411 -4
10413 10413 4
10414 10414 2
10415 10415 2
10416 10416 4
10419 10419 -2
10420 10420 2
10421 10421 -2
10422 10422 -2
10426 10426 -2
10427 10427 -2
10428 10428 -2
10429 10429 2
10430 10430 2
10431 10431 4
10432 10432 -2
10433 10433 -2
10435 10435 2
10436 10436 2
10438 10438 -2
10439 10439 -2
10441 10441 2
10442 10442 2
10443 10443 -2
10444 10444 -2
10445 10445 -2
10446 10446 2
10447 10447 4
10450 10450 -2
10451 10451 -2
10457 10457 -2
10458 10458 -2
10460 10460 2
10461 10461 2
10463 10463 -2
10464 10464 -2
10466 10466 -2
10467 10467 -2
10469 10469 -4
10474 10474 2
10479 10479 -4
10482 10482 -4
10483 10483 -2
10484 10484 2
10485 10485 2
10487 10487 2
10488 10488 4
10489 10489 2
10490 10490 2
10492 10492 -2
10493 10493 -2
10495 10495 -2
10496 10496 -2
10498 10498 4
10499 10499 2
10501 10501 -2
10502 10502 2
10506 10506 2
10510 10510 -2
10511 10511 -2
10512 10512 2
10513 10513 2
10514 10514 -2
10517 10517 4
10519 10519 -2
10520 10520 2
10522 10522 2
10523 10523 2
10524 10524 2
10526 10526 -2
10527 10527 -2
10528 10528 -2
10529 10529 4
10530 10530 2
10531 10531 2
10532 10532 -2
10533 10533 -2
10539 10539 -2
10541 10541 -2
10543 10543 2
10546 10546 4
10547 10547 2
10548 10548 -2
10552 10552 4
10553 10553 2
10554 10554 4
10556 10556 -2
10557 10557 -2
10558 10558 -2
10559 10559 -2
10562 10562 -2
10563 10563 -2
10564 10564 -2
10567 10567 2
10568 10568 2
10569 10569 2
10570 10570 2
10572 10572 -2
10575 10575 -2
10576 10576 4
10577 10577 2
10579 10579 -4
10581 10581 -2
10582 10582 -4
10583 10583 -2
10584 10584 4
10585 10585 2
10586 10586 -2
10589 10589 2
10590 10590 2
10592 10592 -2
10593 10593 -2
10596 10596 2
10599 10599 -2
10600 10600 2
10601 10601 2
10602 10602 2
10604 10604 4
10606 10606 2
10607 10607 4
10608 10608 4
10610 10610 -2
10611 10611 2
10612 10612 2
10613 10613 2
10616 10616 2
10617 10617 4
10618 10618 -2
10619 10619 -2
10620 10620 -2
10621 10621 -4
10622 10622 2
10625 10625 -2
10628 10628 -4
10630 10630 4
10631 10631 2
10633 10633 2
10636 10636 2
10637 10637 -2
10638 10638 -2
10639 10639 2
10640 10640 2
10642 10642 -2
10643 10643 -2
10645 10645 -2
10647 10647 2
10648 10648 2
10649 10649 2
10651 10651 -4
10653 10653 -2
10654 10654 2
10655 10655 2
10657 10657 -2
10658 10658 -4
10659 10659 -4
10660 10660 -4
10661 10661 2
10662 10662 2
10667 10667 2
10669 10669 -2
10670 10670 -2
10674 10674 2
10675 10675 -2
10677 10677 -2
10678 10678 -2
10679 10679 -2
10684 10684 2
10685 10685 2
10691 10691 -2
10692 10692 -4
10694 10694 2
10695 10695 2
10696 10696 4
10697 10697 -2
10700 10700 2
10701 10701 -2
10702 10702 -2
10703 10703 -2
10704 10704 -2
10706 10706 2
10708 10708 4
10711 10711 4
10712 10712 2
10715 10715 -2
10716 10716 4
10717 10717 2
10719 10719 4
10721 10721 -4
10722 10722 -2
10724 10724 -2
10726 10726 2
10728 10728 -2
10729 10729 -2
10732 10732 2
10733 10733 4
10734 10734 4
10735 10735 -2
10737 10737 -2
10739 10739 2
10740 10740 -2
10743 10743 -2
10744 10744 -4
10747 10747 -2
10749 10749 -2
10750 10750 2
10752 10752 2
10753 10753 -2
10755 10755 -2
10756 10756 -2
10759 10759 -2
10760 10760 2
10761 10761 2
10763 10763 2
10766 10766 -2
10767 10767 -2
10768 10768 -2
10770 10770 -4
10771 10771 -2
10772 10772 2
10775 10775 -2
10776 10776 -2
10778 10778 -2
10779 10779 -2
10780 10780 2
10786 10786 -2
10787 10787 -2
10791 10791 2
10795 10795 2
10797 10797 -2
10799 10799 4
10800 10800 -2
10803 10803 -2
10805 10805 -2
10806 10806 -2
10807 10807 -4
10808 10808 -2
10809 10809 -2
10813 10813 2
10814 10814 4
10816 10816 -2
10817 10817 -2
10821 10821 -2
10823 10823 -2
10824 10824 -4
10827 10827 -2
10828 10828 -2
10829 10829 -2
10830 10830 -4
10832 10832 4
10833 10833 2
10835 10835 -2
10836 10836 2
10837 10837 -2
10839 10839 2
10841 10841 -2
10842 10842 -2
10844 10844 -2
10846 10846 -2
10847 10847 -2
10848 10848 2
10850 10850 2
10851 10851 4
10853 10853 -4
10859 10859 -2
10861 10861 2
10863 10863 -2
10867 10867 2
10869 10869 -2
10870 10870 -4
10871 10871 -2
10872 10872 4
10873 10873 -2
10874 10874 -4
10875 10875 -2
10876 10876 -2
10877 10877 2
10879 10879 -2
10881 10881 2
10882 10882 -2
10883 10883 2
10884 10884 2
10885 10885 2
10886 10886 2
10887 10887 2
10888 10888 2
10891 10891 -2
10893 10893 -4
10894 10894 -2
10895 10895 2
10896 10896 2
10897 10897 4
10898 10898 -2
10899 10899 2
10901 10901 2
10902 10902 4
10903 10903 2
10904 10904 -2
10905 10905 -2
10906 10906 -2
10907 10907 2
10908 10908 -2
10909 10909 -4
10910 10910 2
10911 10911 4
10914 10914 -2
10915 10915 2
10917 10917 -2
10919 10919 -2
10920 10920 -4
10921 10921 -2
10922 10922 2
10923 10923 -2
10924 10924 -2
10927 10927 2
10928 10928 -2
10929 10929 2
10934 10934 -4
10935 10935 -2
10941 10941 2
10943 10943 2
10944 10944 4
10945 10945 2
10948 10948 2
10949 10949 4
10950 10950 -2
10951 10951 -2
10955 10955 -4
10956 10956 -2
10961 10961 2
10962 10962 2
10963 10963 -2
10965 10965 -2
10966 10966 -2
10967 10967 -2
10968 10968 4
10969 10969 -2
10970 10970 -2
10971 10971 -4
10973 10973 -4
10974 10974 -4
10975 10975 -4
10976 10976 -2
10977 10977 -2
10980 10980 2
10981 10981 2
10982 10982 -4
10983 10983 -2
10984 10984 -2
10987 10987 2
10990 10990 2
10992 10992 2
10993 10993 -2
10995 10995 4
10997 10997 -2
10999 10999 2
11000 11000 2
11001 11001 -2
11003 11003 -2
11005 11005 4
11006 11006 2
11007 11007 2
11008 11008 -2
11009 11009 -4
11012 11012 -2
11014 11014 -2
11015 11015 -2
11016 11016 -2
11017 11017 -2
11020 11020 -2
11022 11022 2
11023 11023 2
11025 11025 2
11026 11026 -4
11028 11028 2
11030 11030 -4
11031 11031 2
11032 11032 2
11033 11033 2
11034 11034 -2
11035 11035 2
11036 11036 2
11037 11037 -2
11042 11042 -2
11043 11043 2
11044 11044 4
11046 11046 -2
11049 11049 2
11050 11050 -2
11051 11051 -2
11053 11053 -2
11054 11054 2
11055 11055 -4
11056 11056 -4
11058 11058 2
11059 11059 -2
11064 11064 -2
11065 11065 -2
11066 11066 2
11068 11068 2
11069 11069 -2
11070 11070 2
11071 11071 -2
11072 11072 2
11073 11073 -2
11074 11074 -2
11075 11075 -2
11078 11078 -4
11080 11080 4
11081 11081 2
11082 11082 2
11083 11083 -2
11084 11084 -2
11085 11085 -2
11086 11086 -2
11087 11087 -2
11091 11091 2
11092 11092 2
11095 11095 2
11096 11096 -2
11098 11098 2
11099 11099 4
11100 11100 -2
11101 11101 -4
11102 11102 -2
11103 11103 -2
11104 11104 2
11105 11105 4
11108 11108 -2
11109 11109 -2
11111 11111 -4
11112 11112 -2
11114 11114 -2
11115 11115 -4
11116 11116 -2
11118 11118 2
11119 11119 2
11120 11120 2
11121 11121 2
11122 11122 -2
11123 11123 4
11124 11124 2
11125 11125 2
11128 11128 -2
11129 11129 -4
11131 11131 2
11135 11135 2
11136 11136 2
11137 11137 -2
11138 11138 -2
11140 11140 4
11141 11141 2
11143 11143 4
11144 11144 4
11146 11146 -2
11147 11147 -4
11148 11148 -4
11149 11149 2
11150 11150 4
11152 11152 -2
11154 11154 2
11155 11155 -4
11156 11156 -2
11157 11157 -2
11158 11158 -2
11159 11159 -2
11160 11160 -2
11161 11161 -4
11163 11163 2
11164 11164 2
11166 11166 -2
11168 11168 2
11170 11170 2
11172 11172 2
11173 11173 2
11174 11174 2
11175 11175 2
11176 11176 -2
11178 11178 -4
11179 11179 -2
11182 11182 4
11185 11185 -2
11186 11186 -2
11187 11187 -2
11189 11189 -2
11190 11190 -4
11192 11192 2
11193 11193 2
11194 11194 -2
11195 11195 2
11196 11196 4
11197 11197 4
11199 11199 -2
11201 11201 -4
11203 11203 -2
11205 11205 2
11206 11206 -2
11209 11209 -2
11210 11210 2
11211 11211 -2
11212 11212 -2
11213 11213 -2
11214 11214 -2
11219 11219 2
11220 11220 2
11221 11221 2
11225 11225 -2
11226 11226 -4
11228 11228 2
11229 11229 2
11230 11230 2
11231 11231 2
11236 11236 -2
11237 11237 -2
11242 11242 2
11243 11243 4
11244 11244 2
11245 11245 2
11247 11247 -2
11248 11248 2
11249 11249 2
11251 11251 2
11252 11252 2
11253 11253 2
11256 11256 2
11258 11258 -2
11259 11259 2
11261 11261 -4
11262 11262 2
11264 11264 2
11265 11265 2
11266 11266 2
11269 11269 -2
11273 11273 2
11274 11274 2
11277 11277 4
11278 11278 2
11279 11279 -2
11280 11280 -2
11281 11281 -2
11282 11282 2
11285 11285 2
11286 11286 2
11287 11287 2
11288 11288 4
11289 11289 2
11290 11290 -2
11291 11291 2
11292 11292 2
11293 11293 2
11295 11295 -2
11296 11296 2
11297 11297 2
11299 11299 2
11301 11301 -4
11302 11302 -2
11303 11303 2
11305 11305 2
11306 11306 2
11307 11307 -2
11312 11312 2
11313 11313 -4
11314 11314 -2
11315 11315 4
11316 11316 -2
11318 11318 -2
11319 11319 2
11321 11321 -4
11322 11322 2
11323 11323 2
11324 11324 -2
11325 11325 -2
11326 11326 -2
11327 11327 2
11329 11329 -2
11330 11330 -2
11332 11332 -4
11333 11333 -4
11334 11334 -4
11335 11335 -2
11336 11336 2
11337 11337 4
11338 11338 2
11339 11339 -4
11340 11340 -2
11341 11341 -2
11342 11342 2
11343 11343 2
11344 11344 -2
11345 11345 4
11346 11346 2
11348 11348 2
11349 11349 2
11351 11351 -2
11352 11352 -2
11353 11353 2
11354 11354 2
11355 11355 2
11356 11356 2
11359 11359 4
11362 11362 2
11364 11364 -2
11365 11365 -2
11366 11366 2
11368 11368 -4
11369 11369 -4
11370 11370 -4
11372 11372 2
11373 11373 -4
11375 11375 -2
11376 11376 -4
11378 11378 2
11379 11379 -4
11380 11380 -2
11381 11381 -2
11382 11382 -2
11383 11383 -2
11386 11386 2
11387 11387 -2
11389 11389 4
11390 11390 -2
11391 11391 -2
11398 11398 2
11399 11399 2
11400 11400 -2
11401 11401 -2
11402 11402 -4
11404 11404 -2
11409 11409 2
11410 11410 -2
11412 11412 2
11413 11413 -2
11414 11414 -2
11416 11416 -2
11417 11417 2
11418 11418 -2
11420 11420 -2
11422 11422 -2
11427 11427 2
11429 11429 -2
11431 11431 4
11432 11432 -2
11433 11433 -2
11435 11435 2
11438 11438 2
11440 11440 -2
11442 11442 2
11443 11443 2
11445 11445 2
11447 11447 -2
11448 11448 -2
11449 11449 -2
11450 11450 -4
11451 11451 -2
11452 11452 -4
11453 11453 -4
11454 11454 2
11456 11456 2
11458 11458 -2
11459 11459 2
11460 11460 -2
11463 11463 -2
11464 11464 -4
11465 11465 -2
11466 11466 -2
11467 11467 -2
11468 11468 -2
11470 11470 -4
11471 11471 -2
11472 11472 -2
11474 11474 4
11475 11475 4
11476 11476 -2
11477 11477 -2
11478 11478 2
11479 11479 -2
11480 11480 2
11482 11482 -4
11484 11484 2
11485 11485 2
11487 11487 -4
11488 11488 -2
11491 11491 2
11492 11492 -2
11493 11493 -2
11494 11494 -2
11495 11495 2
11496 11496 -2
11497 11497 -4
11499 11499 -2
11500 11500 -2
11501 11501 4
11503 11503 4
11504 11504 2
11505 11505 -4
11506 11506 -2
11507 11507 2
11508 11508 2
11510 11510 2
11511 11511 4
11512 11512 4
11513 11513 2
11514 11514 2
11516 11516 -2
11517 11517 2
11518 11518 2
11519 11519 2
11520 11520 2
11521 11521 2
11522 11522 -4
11524 11524 2
11525 11525 2
11528 11528 2
11529 11529 2
11532 11532 -2
11533 11533 2
11534 11534 -2
11537 11537 2
11538 11538 2
11540 11540 -2
11541 11541 -2
11542 11542 -4
11543 11543 -2
11544 11544 -2
11545 11545 -2
11546 11546 2
11547 11547 -2
11548 11548 -4
11552 11552 -2
11555 11555 -2
11556 11556 -2
11557 11557 -2
11560 11560 -2
11561 11561 -2
11562 11562 2
11563 11563 -4
11564 11564 -2
11569 11569 4
11571 11571 4
11573 11573 -2
11574 11574 -2
11576 11576 -4
11577 11577 -2
11578 11578 2
11579 11579 -2
11580 11580 -2
11581 11581 -2
11583 11583 -2
11584 11584 -2
11585 11585 4
11586 11586 2
11589 11589 -2
11591 11591 2
11595 11595 4
11596 11596 2
11598 11598 2
11599 11599 -4
11600 11600 -2
11602 11602 -2
11604 11604 2
11605 11605 -2
11607 11607 2
11608 11608 2
11610 11610 4
11611 11611 2
11612 11612 -2
11614 11614 2
11616 11616 -2
11619 11619 -2
11620 11620 2
11622 11622 -2
11626 11626 4
11627 11627 2
11628 11628 -2
11629 11629 -2
11631 11631 2
11632 11632 -2
11634 11634 -2
11637 11637 -2
11638 11638 -2
11639 11639 -4
11640 11640 -2
11641 11641 2
11642 11642 2
11643 11643 2
11644 11644 2
11645 11645 -2
11646 11646 2
11647 11647 2
11650 11650 -2
11656 11656 -2
11658 11658 -2
11662 11662 4
11664 11664 -2
11668 11668 2
11671 11671 4
11672 11672 2
11673 11673 -2
11676 11676 -2
11677 11677 -4
11678 11678 2
11681 11681 -2
11682 11682 -2
11686 11686 2
11687 11687 4
11688 11688 4
11691 11691 4
11692 11692 2
11693 11693 -4
11695 11695 4
11696 11696 2
11697 11697 -2
11698 11698 2
11700 11700 -2
11701 11701 -2
11702 11702 2
11703 11703 -2
11704 11704 2
11705 11705 2
11707 11707 2
11709 11709 -2
11710 11710 2
11711 11711 2
11712 11712 -2
11714 11714 4
11716 11716 -4
11717 11717 2
11720 11720 2
11726 11726 4
11729 11729 -2
11731 11731 4
11732 11732 2
11734 11734 2
11735 11735 2
11738 11738 2
11740 11740 -2
11741 11741 4
11742 11742 2
11743 11743 -2
11744 11744 4
11746 11746 2
11747 11747 2
11748 11748 -2
11749 11749 -2
11750 11750 2
11751 11751 4
11752 11752 2
11753 11753 2
11754 11754 4
11755 11755 2
11756 11756 2
11757 11757 2
11758 11758 2
11759 11759 2
11760 11760 -4
11762 11762 2
11763 11763 2
11764 11764 -2
11765 11765 -2
11767 11767 -4
11769 11769 2
11770 11770 4
11771 11771 2
11772 11772 2
11773 11773 2
11774 11774 2
11775 11775 2
11777 11777 -2
11778 11778 2
11779 11779 -2
11780 11780 2
11781 11781 2
11783 11783 -2
11784 11784 -4
11786 11786 2
11788 11788 2
11792 11792 2
11794 11794 -2
11796 11796 -2
11797 11797 2
11798 11798 2
11806 11806 2
11807 11807 2
11809 11809 2
11811 11811 4
11813 11813 -2
11815 11815 4
11818 11818 -2
11819 11819 -2
11821 11821 4
11823 11823 -2
11824 11824 2
11825 11825 -2
11826 11826 2
11828 11828 4
11829 11829 2
11833 11833 -2
11834 11834 -2
11835 11835 2
11836 11836 2
11837 11837 -2
11840 11840 -2
11841 11841 -2
11843 11843 -2
11844 11844 2
11845 11845 -4
11847 11847 4
11850 11850 2
11851 11851 2
11852 11852 2
11853 11853 2
11854 11854 2
11856 11856 2
11858 11858 2
11860 11860 2
11861 11861 2
11862 11862 2
11865 11865 2
11866 11866 2
11867 11867 -2
11869 11869 4
11871 11871 2
11872 11872 2
11873 11873 2
11874 11874 2
11876 11876 -4
11877 11877 -4
11878 11878 -2
11879 11879 -2
11880 11880 -2
11882 11882 2
11883 11883 2
11887 11887 2
11888 11888 -2
11889 11889 -4
11890 11890 2
11893 11893 2
11895 11895 2
11896 11896 -4
11897 11897 -2
11899 11899 -2
11900 11900 -2
11902 11902 2
11904 11904 -2
11906 11906 -2
11907 11907 -2
11908 11908 -2
11910 11910 -2
11912 11912 -4
11913 11913 -2
11916 11916 2
11917 11917 2
11918 11918 2
11919 11919 -2
11920 11920 -2
11922 11922 2
11924 11924 2
11927 11927 -2
11929 11929 2
11930 11930 4
11931 11931 4
11932 11932 2
11934 11934 -2
11937 11937 -4
11938 11938 -4
11939 11939 -4
11941 11941 -2
11942 11942 2
11943 11943 2
11944 11944 2
11945 11945 -2
11946 11946 -4
11947 11947 2
11948 11948 4
11949 11949 2
11951 11951 2
11952 11952 2
11953 11953 -2
11954 11954 -2
11955 11955 -2
11959 11959 -2
11960 11960 -2
11961 11961 -2
11962 11962 -2
11966 11966 -2
11967 11967 -2
11969 11969 2
11970 11970 -2
11971 11971 2
11976 11976 -2
11977 11977 -2
11978 11978 -2
11979 11979 2
11980 11980 -2
11981 11981 -4
11983 11983 2
11984 11984 -2
11985 11985 -4
11986 11986 -2
11989 11989 2
11990 11990 2
11991 11991 2
11992 11992 2
11993 11993 2
11994 11994 2
11995 11995 2
11996 11996 -2
11997 11997 -2
11999 11999 -2
12001 12001 2
12002 12002 4
12004 12004 -2
12006 12006 -2
12010 12010 -4
12011 12011 -2
12012 12012 -2
12013 12013 -2
12014 12014 -2
12016 12016 2
12019 12019 -4
12020 12020 -2
12021 12021 -2
12022 12022 -2
12023 12023 -2
12024 12024 -2
12027 12027 -2
12028 12028 -2
12030 12030 2
12031 12031 -2
12032 12032 -4
12033 12033 -2
12034 12034 -2
12037 12037 -2
12038 12038 -2
12040 12040 -2
12042 12042 2
12043 12043 2
12046 12046 -2
12047 12047 4
12048 12048 2
12051 12051 4
12052 12052 2
12053 12053 -2
12055 12055 -2
12056 12056 -2
12058 12058 -2
12060 12060 -4
12061 12061 -4
12062 12062 -2
12064 12064 -2
12065 12065 2
12066 12066 2
12067 12067 4
12068 12068 2
12069 12069 2
12072 12072 4
12073 12073 2
12074 12074 -2
12075 12075 -2
12077 12077 4
12078 12078 2
12080 12080 -4
12081 12081 -4
12082 12082 -2
12084 12084 2
12085 12085 2
12086 12086 4
12087 12087 2
12088 12088 -2
12092 12092 2
12094 12094 2
12095 12095 2
12096 12096 -2
12097 12097 -2
12098 12098 2
12101 12101 -2
12103 12103 2
12104 12104 -2
12106 12106 -2
12107 12107 -4
12108 12108 -2
12109 12109 2
12110 12110 -2
12111 12111 2
12114 12114 -4
12115 12115 -2
12116 12116 -2
12117 12117 -2
12118 12118 -2
12120 12120 2
12121 12121 -2
12125 12125 2
12126 12126 -2
12127 12127 -2
12129 12129 -4
12131 12131 -2
12134 12134 -2
12135 12135 2
12141 12141 -2
12142 12142 4
12143 12143 2
12146 12146 -2
12148 12148 -2
12150 12150 -2
12151 12151 -2
12153 12153 -2
12154 12154 -2
12155 12155 -2
12157 12157 2
12160 12160 -4
12161 12161 -4
12162 12162 -2
12163 12163 2
12164 12164 2
12167 12167 4
12170 12170 2
12171 12171 -2
12173 12173 -2
12174 12174 -2
12175 12175 -2
12176 12176 -2
12177 12177 -2
12178 12178 -2
12179 12179 2
12180 12180 2
12184 12184 2
12185 12185 2
12186 12186 4
12187 12187 4
12189 12189 4
12193 12193 -2
12194 12194 2
12195 12195 2
12196 12196 -2
12198 12198 2
12199 12199 -2
12200 12200 -2
12201 12201 -4
12202 12202 -2
12203 12203 -2
12205 12205 4
12206 12206 2
12207 12207 2
12209 12209 4
12211 12211 2
12212 12212 -2
12214 12214 -4
12215 12215 -4
12216 12216 -2
12218 12218 2
12219 12219 2
12221 12221 -4
12224 12224 2
12226 12226 -4
12227 12227 -2
12228 12228 2
12230 12230 2
12231 12231 2
12232 12232 2
12233 12233 2
12234 12234 2
12235 12235 2
12237 12237 -2
12238 12238 2
12239 12239 2
12240 12240 2
12241 12241 -2
12245 12245 2
12247 12247 2
12248 12248 -2
12251 12251 -2
12253 12253 2
12255 12255 -2
12257 12257 2
12259 12259 -2
12261 12261 2
12262 12262 2
12263 12263 2
12264 12264 2
12265 12265 -2
12267 12267 2
12268 12268 -2
12269 12269 -2
12271 12271 -2
12273 12273 2
12274 12274 2
12276 12276 -2
12277 12277 -4
12278 12278 -2
12282 12282 4
12283 12283 2
12284 12284 2
12285 12285 -2
12287 12287 2
12288 12288 2
12289 12289 2
12295 12295 4
12296 12296 4
12297 12297 2
12298 12298 2
12300 12300 -4
12301 12301 -4
12303 12303 -2
12304 12304 2
12305 12305 2
12306 12306 -2
12307 12307 2
12308 12308 -2
12309 12309 -2
12310 12310 -2
12312 12312 -2
12314 12314 -4
12321 12321 -4
12322 12322 -2
12323 12323 -2
12326 12326 -4
12330 12330 -2
12331 12331 4
12332 12332 4
12333 12333 -2
12334 12334 2
12335 12335 2
12336 12336 -2
12337 12337 -2
12341 12341 -2
12342 12342 -2
12343 12343 -2
12347 12347 4
12351 12351 2
12352 12352 2
12353 12353 2
12355 12355 2
12358 12358 -2
12359 12359 -2
12360 12360 -2
12362 12362 2
12363 12363 -2
12366 12366 2
12367 12367 4
12368 12368 2
12370 12370 -2
12371 12371 -2
12373 12373 -2
12374 12374 2
12375 12375 4
12377 12377 -2
12378 12378 -2
12379 12379 -2
12381 12381 2
12382 12382 2
12383 12383 -2
12384 12384 2
12385 12385 2
12386 12386 2
12388 12388 2
12389 12389 -4
12392 12392 -2
12393 12393 2
12394 12394 2
12395 12395 4
12396 12396 2
12400 12400 -4
12401 12401 -2
12402 12402 -2
12403 12403 -4
12404 12404 -2
12405 12405 -2
12410 12410 2
12411 12411 4
12412 12412 -2
12413 12413 -4
12416 12416 -2
12418 12418 -2
12419 12419 -2
12421 12421 -2
12424 12424 -2
12425 12425 -2
12426 12426 -4
12427 12427 -2
12428 12428 -2
12429 12429 2
12432 12432 4
12434 12434 2
12435 12435 -2
12436 12436 -2
12437 12437 -2
12438 12438 -2
12439 12439 -2
12440 12440 2
12444 12444 4
12448 12448 -2
12450 12450 -2
12451 12451 2
12453 12453 -2
12454 12454 -4
12455 12455 2
12457 12457 2
12458 12458 2
12461 12461 2
12462 12462 2
12463 12463 -2
12466 12466 -2
12468 12468 2
12469 12469 2
12470 12470 -2
12473 12473 -2
12474 12474 -2
12476 12476 2
12479 12479 2
12481 12481 2
12483 12483 -2
12486 12486 2
12488 12488 2
12490 12490 -2
12491 12491 2
12495 12495 2
12496 12496 4
12497 12497 2
12500 12500 -2
12501 12501 2
12503 12503 -2
12504 12504 -2
12506 12506 2
12507 12507 -4
12508 12508 2
12509 12509 2
12510 12510 4
12511 12511 4
12513 12513 -2
12514 12514 2
12516 12516 -2
12518 12518 2
12522 12522 2
12523 12523 2
12524 12524 2
12525 12525 2
12526 12526 -2
12529 12529 -2
12530 12530 -2
12531 12531 -4
12532 12532 -2
12533 12533 -4
12534 12534 -2
12536 12536 4
12537 12537 2
12538 12538 2
12539 12539 2
12540 12540 2
12541 12541 2
12543 12543 2
12545 12545 -2
12548 12548 -4
12549 12549 -2
12550 12550 2
12552 12552 -2
12553 12553 -2
12557 12557 2
12558 12558 -2
12559 12559 2
12560 12560 2
12562 12562 4
12563 12563 -2
12564 12564 -2
12565 12565 -2
12570 12570 2
12571 12571 2
12573 12573 -4
12575 12575 4
12576 12576 2
12577 12577 -2
12578 12578 2
12579 12579 -2
12580 12580 -4
12581 12581 -4
12582 12582 -4
12583 12583 -2
12585 12585 -2
12587 12587 -2
12588 12588 -2
12589 12589 2
12590 12590 2
12591 12591 2
12593 12593 2
12598 12598 2
12599 12599 -2
12600 12600 2
12602 12602 -2
12604 12604 2
12605 12605 2
12608 12608 4
12609 12609 -2
12610 12610 2
12612 12612 -2
12613 12613 2
12615 12615 2
12616 12616 -2
12618 12618 4
12619 12619 -2
12620 12620 -4
12621 12621 2
12622 12622 -2
12624 12624 2
12625 12625 2
12627 12627 2
12628 12628 -2
12629 12629 -2
12630 12630 -2
12631 12631 2
12632 12632 2
12634 12634 -2
12635 12635 -2
12636 12636 -2
12638 12638 -2
12641 12641 2
12642 12642 2
12643 12643 4
12644 12644 2
12647 12647 -2
12648 12648 -2
12650 12650 2
12652 12652 2
12655 12655 -2
12658 12658 -2
12661 12661 -2
12662 12662 2
12663 12663 2
12664 12664 2
12665 12665 -4
12666 12666 2
12668 12668 2
12669 12669 2
12670 12670 2
12671 12671 -2
12673 12673 2
12675 12675 -2
12676 12676 -2
12677 12677 -2
12678 12678 2
12680 12680 2
12683 12683 2
12684 12684 2
12685 12685 2
12687 12687 -2
12690 12690 2
12691 12691 2
12692 12692 2
12693 12693 -4
12694 12694 -2
12695 12695 -2
12696 12696 -2
12703 12703 2
12704 12704 2
12705 12705 2
12706 12706 -2
12708 12708 -2
12713 12713 2
12714 12714 -2
12715 12715 -2
12716 12716 -4
12717 12717 -2
12719 12719 2
12722 12722 -2
12724 12724 -2
12728 12728 2
12729 12729 2
12730 12730 -2
12731 12731 2
12732 12732 2
12733 12733 2
12734 12734 2
12736 12736 2
12737 12737 2
12739 12739 -2
12740 12740 -2
12741 12741 4
12742 12742 2
12744 12744 -2
12745 12745 -4
12747 12747 -2
12748 12748 2
12749 12749 -2
12750 12750 -4
12751 12751 -2
12753 12753 2
12754 12754 2
12756 12756 2
12757 12757 2
12758 12758 2
12762 12762 2
12764 12764 2
12766 12766 4
12767 12767 4
12769 12769 2
12770 12770 4
12771 12771 2
12772 12772 -2
12773 12773 2
12774 12774 -2
12775 12775 -2
12777 12777 -2
12778 12778 -2
12779 12779 -4
12780 12780 -2
12784 12784 2
12786 12786 2
12788 12788 4
12791 12791 -2
12793 12793 2
12794 12794 4
12797 12797 2
12802 12802 -4
12803 12803 -4
12804 12804 -4
12805 12805 2
12806 12806 4
12809 12809 2
12810 12810 -2
12811 12811 -2
12812 12812 -2
12813 12813 2
12814 12814 4
12815 12815 -2
12818 12818 -4
12820 12820 -2
12825 12825 4
12826 12826 -2
12827 12827 -2
12829 12829 2
12831 12831 2
12832 12832 -2
12833 12833 2
12834 12834 4
12835 12835 2
12836 12836 2
12837 12837 -2
12840 12840 2
12842 12842 -2
12843 12843 -2
12844 12844 -2
12846 12846 4
12848 12848 2
12850 12850 -2
12851 12851 -2
12852 12852 -2
12854 12854 2
12855 12855 -2
12857 12857 2
12858 12858 2
12862 12862 2
12863 12863 -2
12865 12865 -2
12866 12866 -2
12867 12867 2
12870 12870 -2
12871 12871 2
12873 12873 2
12874 12874 2
12875 12875 -2
12877 12877 -4
12878 12878 -4
12879 12879 -2
12881 12881 4
12882 12882 4
12883 12883 2
12884 12884 2
12885 12885 -2
12887 12887 -2
12888 12888 4
12889 12889 2
12890 12890 2
12891 12891 -2
12892 12892 -4
12893 12893 2
12895 12895 -2
12896 12896 2
12900 12900 2
12902 12902 2
12903 12903 2
12907 12907 -2
12909 12909 -2
12911 12911 -4
12912 12912 2
12913 12913 2
12914 12914 2
12915 12915 -2
12916 12916 2
12917 12917 2
12922 12922 2
12924 12924 2
12925 12925 2
12927 12927 2
12928 12928 2
12929 12929 4
12931 12931 -2
12932 12932 -2
12933 12933 -2
12935 12935 4
12939 12939 -2
12942 12942 2
12943 12943 2
12944 12944 4
12945 12945 4
12947 12947 -2
12948 12948 2
12950 12950 2
12951 12951 2
12953 12953 2
12954 12954 2
12955 12955 2
12956 12956 2
12957 12957 2
12958 12958 -2
12961 12961 -4
12963 12963 2
12965 12965 -4
12966 12966 -4
12967 12967 -2
12968 12968 2
12969 12969 2
12971 12971 2
12972 12972 2
12973 12973 2
12974 12974 2
12978 12978 2
12980 12980 -2
12981 12981 2
12983 12983 2
12985 12985 -2
12986 12986 2
12989 12989 -2
12991 12991 4
12994 12994 -4
12997 12997 -2
12999 12999 2
13000 13000 2
13002 13002 2
13003 13003 4
13006 13006 2
13008 13008 2
13010 13010 2
13012 13012 2
13013 13013 2
13014 13014 4
13016 13016 2
13017 13017 2
13018 13018 2
13020 13020 2
13022 13022 -2
13023 13023 -2
13024 13024 -2
13026 13026 2
13027 13027 -2
13029 13029 2
13031 13031 2
13032 13032 4
13035 13035 2
13036 13036 2
13037 13037 -2
13038 13038 -2
13039 13039 2
13041 13041 2
13042 13042 2
13043 13043 -2
13047 13047 -2
13048 13048 -2
13049 13049 -2
13050 13050 4
13051 13051 2
13052 13052 -2
13053 13053 2
13058 13058 -2
13060 13060 -2
13061 13061 -2
13062 13062 -2
13063 13063 2
13064 13064 4
13065 13065 2
13066 13066 2
13069 13069 2
13070 13070 2
13071 13071 -2
13073 13073 4
13074 13074 -2
13075 13075 -2
13076 13076 -4
13077 13077 -2
13078 13078 4
13079 13079 4
13080 13080 2
13081 13081 2
13083 13083 2
13084 13084 -2
13086 13086 2
13087 13087 2
13088 13088 4
13089 13089 2
13090 13090 2
13093 13093 4
13096 13096 -2
13098 13098 -2
13101 13101 2
13103 13103 2
13104 13104 -2
13105 13105 -2
13107 13107 2
13111 13111 2
13113 13113 2
13116 13116 2
13117 13117 -4
13119 13119 4
13121 13121 2
13123 13123 2
13124 13124 -4
13125 13125 -4
13126 13126 2
13127 13127 2
13130 13130 2
13131 13131 2
13134 13134 2
13139 13139 -2
13140 13140 -2
13141 13141 2
13142 13142 4
13145 13145 -2
13147 13147 -2
13148 13148 -4
13150 13150 2
13151 13151 -2
13153 13153 2
13154 13154 2
13155 13155 2
13156 13156 -2
13157 13157 -2
13159 13159 -2
13160 13160 -2
13161 13161 2
13165 13165 2
13166 13166 2
13167 13167 2
13168 13168 -2
13169 13169 2
13170 13170 2
13172 13172 -2
13177 13177 2
13178 13178 2
13180 13180 -2
13182 13182 -4
13184 13184 -2
13186 13186 4
13187 13187 2
13188 13188 2
13189 13189 2
13190 13190 2
13191 13191 -2
13192 13192 -2
13193 13193 4
13194 13194 -2
13195 13195 -2
13196 13196 2
13197 13197 2
13198 13198 -2
13199 13199 -4
13201 13201 2
13202 13202 -2
13203 13203 2
13204 13204 2
13205 13205 2
13206 13206 2
13207 13207 4
13209 13209 4
13210 13210 2
13211 13211 4
13212 13212 -2
13214 13214 2
13216 13216 2
13218 13218 -2
13219 13219 -2
13222 13222 2
13226 13226 2
13228 13228 2
13229 13229 2
13230 13230 -2
13232 13232 -2
13233 13233 -2
13234 13234 2
13235 13235 -2
13236 13236 -2
13237 13237 -2
13239 13239 -2
13241 13241 2
13242 13242 2
13243 13243 -4
13244 13244 -2
13246 13246 2
13250 13250 2
13252 13252 2
13253 13253 -4
13254 13254 -2
13256 13256 -2
13258 13258 -2
13259 13259 -2
13260 13260 -2
13262 13262 2
13263 13263 2
13264 13264 -2
13266 13266 -2
13268 13268 2
13269 13269 -2
13270 13270 2
13271 13271 2
13272 13272 -2
13274 13274 2
13275 13275 2
13276 13276 4
13277 13277 4
13279 13279 -2
13282 13282 -4
13284 13284 -2
13286 13286 2
13287 13287 2
13288 13288 2
13289 13289 2
13290 13290 2
13292 13292 -2
13293 13293 2
13295 13295 -2
13296 13296 2
13299 13299 -2
13300 13300 2
13301 13301 4
13302 13302 2
13303 13303 2
13304 13304 2
13305 13305 2
13307 13307 2
13308 13308 -4
13309 13309 2
13310 13310 2
13311 13311 2
13313 13313 2
13315 13315 -2
13316 13316 2
13317 13317 4
13318 13318 4
13320 13320 2
13325 13325 -2
13326 13326 -4
13327 13327 -4
13329 13329 2
13330 13330 -2
13331 13331 2
13332 13332 2
13334 13334 -2
13335 13335 -2
13336 13336 2
13338 13338 2
13339 13339 2
13340 13340 -2
13341 13341 2
13342 13342 4
13344 13344 -2
13345 13345 -4
13346 13346 2
13348 13348 2
13350 13350 -2
13355 13355 -2
13356 13356 -2
13357 13357 -2
13358 13358 -2
13359 13359 2
13360 13360 2
13361 13361 -2
13363 13363 -2
13364 13364 -2
13365 13365 -4
13367 13367 2
13368 13368 2
13370 13370 2
13371 13371 -4
13372 13372 -2
13373 13373 4
13375 13375 -4
13377 13377 2
13379 13379 -2
13380 13380 2
13381 13381 2
13384 13384 -2
13385 13385 -2
13389 13389 2
13392 13392 2
13393 13393 2
13396 13396 -2
13397 13397 -2
13399 13399 -2
13400 13400 -2
13405 13405 2
13408 13408 -2
13410 13410 4
13412 13412 -4
13413 13413 2
13414 13414 2
13415 13415 -2
13418 13418 2
13419 13419 -2
13420 13420 -2
13422 13422 2
13424 13424 -4
13426 13426 -4
13427 13427 -2
13428 13428 -2
13429 13429 4
13430 13430 2
13432 13432 2
13434 13434 -2
13435 13435 -2
13437 13437 4
13438 13438 4
13439 13439 4
13440 13440 2
13442 13442 2
13443 13443 2
13445 13445 -2
13446 13446 -2
13447 13447 -2
13448 13448 -2
13449 13449 2
13450 13450 2
13452 13452 -2
13455 13455 2
13456 13456 4
13458 13458 -2
13459 13459 -2
13460 13460 2
13461 13461 2
13462 13462 4
13465 13465 -2
13466 13466 2
13468 13468 2
13469 13469 2
13471 13471 -2
13472 13472 -2
13475 13475 -2
13476 13476 -2
13478 13478 2
13480 13480 -2
13485 13485 -2
13486 13486 -2
13487 13487 2
13491 13491 2
13492 13492 2
13493 13493 4
13495 13495 -2
13496 13496 -2
13497 13497 2
13499 13499 -2
13500 13500 2
13501 13501 2
13504 13504 2
13505 13505 2
13506 13506 2
13507 13507 2
13508 13508 2
13510 13510 2
13511 13511 -2
13513 13513 2
13514 13514 2
13515 13515 2
13517 13517 -2
13518 13518 -2
13519 13519 -4
13520 13520 -2
13521 13521 -2
13522 13522 -2
13525 13525 2
13526 13526 2
13528 13528 -2
13529 13529 4
13530 13530 2
13531 13531 -2
13532 13532 -2
13533 13533 -2
13534 13534 4
13536 13536 -2
13537 13537 2
13538 13538 2
13539 13539 -2
13540 13540 -2
13544 13544 2
13545 13545 2
13547 13547 -2
13548 13548 -2
13549 13549 2
13550 13550 2
13552 13552 -2
13554 13554 -2
13557 13557 2
13560 13560 2
13561 13561 4
13562 13562 4
13563 13563 4
13564 13564 4
13565 13565 2
13566 13566 2
13567 13567 -2
13571 13571 2
13572 13572 2
13573 13573 -2
13575 13575 -4
13577 13577 2
13578 13578 -2
13579 13579 2
13580 13580 2
13581 13581 2
13582 13582 2
13583 13583 4
13585 13585 -4
13586 13586 2
13587 13587 2
13589 13589 -2
13590 13590 -4
13591 13591 2
13592 13592 2
13593 13593 2
13594 13594 -2
13595 13595 -2
13596 13596 -2
13597 13597 -2
13598 13598 -2
13599 13599 -4
13601 13601 -4
13602 13602 -4
13605 13605 -2
13607 13607 4
13608 13608 4
13609 13609 2
13610 13610 -2
13611 13611 -2
13612 13612 4
13613 13613 -2
13615 13615 -2
13616 13616 -2
13618 13618 -2
13621 13621 -2
13622 13622 -4
13623 13623 2
13624 13624 2
13625 13625 2
13629 13629 2
13630 13630 2
13631 13631 -2
13632 13632 -2
13633 13633 2
13634 13634 4
13637 13637 2
13638 13638 4
13640 13640 -2
13642 13642 -4
13644 13644 4
13646 13646 -2
13648 13648 2
13649 13649 4
13650 13650 -2
13651 13651 -2
13653 13653 2
13656 13656 -2
13658 13658 4
13660 13660 -4
13661 13661 -2
13664 13664 2
13665 13665 -2
13666 13666 2
13668 13668 -4
13670 13670 2
13671 13671 2
13672 13672 -2
13674 13674 2
13675 13675 -2
13676 13676 2
13677 13677 2
13678 13678 -2
13679 13679 4
13680 13680 2
13681 13681 2
13682 13682 -2
13685 13685 -2
13686 13686 2
13688 13688 2
13689 13689 2
13692 13692 -2
13694 13694 -4
13695 13695 -4
13696 13696 2
13697 13697 -2
13699 13699 -2
13700 13700 2
13701 13701 -2
13702 13702 -2
13707 13707 2
13709 13709 2
13711 13711 -4
13712 13712 2
13713 13713 -2
13718 13718 -2
13720 13720 -4
13721 13721 -2
13722 13722 -4
13723 13723 2
13725 13725 -2
13726 13726 -4
13727 13727 2
13728 13728 2
13731 13731 2
13735 13735 -2
13736 13736 2
13737 13737 2
13738 13738 2
13740 13740 -4
13741 13741 -2
13743 13743 4
13745 13745 -4
13746 13746 -4
13747 13747 -4
13749 13749 2
13751 13751 -2
13754 13754 -2
13755 13755 -2
13756 13756 2
13757 13757 4
13758 13758 2
13759 13759 -2
13761 13761 -4
13764 13764 -2
13766 13766 2
13769 13769 -2
13773 13773 2
13776 13776 2
13777 13777 4
13778 13778 -2
13780 13780 -4
13781 13781 2
13782 13782 -2
13785 13785 -2
13787 13787 -2
13789 13789 2
13790 13790 4
13791 13791 -2
13792 13792 -2
13793 13793 -2
13795 13795 2
13796 13796 2
13797 13797 -2
13800 13800 4
13801 13801 -2
13802 13802 2
13803 13803 4
13805 13805 -4
13806 13806 -2
13807 13807 2
13809 13809 4
13810 13810 2
13811 13811 2
13812 13812 2
13814 13814 2
13815 13815 4
13816 13816 2
13818 13818 -2
13819 13819 2
13820 13820 2
13821 13821 2
13822 13822 -2
13823 13823 2
13824 13824 4
13825 13825 4
13826 13826 -2
13829 13829 -2
13830 13830 -2
13832 13832 -2
13833 13833 -4
13838 13838 4
13839 13839 4
13841 13841 -2
13843 13843 2
13844 13844 -2
13845 13845 2
13846 13846 -2
13847 13847 -4
13848 13848 2
13849 13849 -2
13853 13853 -2
13854 13854 -2
13855 13855 2
13857 13857 -2
13859 13859 -4
13860 13860 2
13862 13862 -2
13863 13863 2
13865 13865 2
13868 13868 4
13869 13869 2
13870 13870 4
13871 13871 -2
13872 13872 2
13873 13873 2
13878 13878 -2
13879 13879 2
13880 13880 -2
13881 13881 -2
13883 13883 2
13884 13884 4
13885 13885 4
13886 13886 2
13887 13887 2
13888 13888 2
13889 13889 4
13891 13891 -2
13894 13894 2
13898 13898 -2
13899 13899 -2
13900 13900 4
13901 13901 -2
13902 13902 2
13903 13903 4
13906 13906 -4
13908 13908 -2
13911 13911 4
13912 13912 2
13914 13914 -2
13915 13915 2
13919 13919 2
13921 13921 -2
13924 13924 2
13925 13925 2
13926 13926 -2
13927 13927 2
13928 13928 2
13929 13929 2
13930 13930 2
13932 13932 -2
13933 13933 -4
13934 13934 2
13935 13935 2
13936 13936 -2
13937 13937 -2
13941 13941 -2
13942 13942 2
13943 13943 4
13945 13945 2
13946 13946 -2
13947 13947 -4
13949 13949 2
13950 13950 2
13952 13952 2
13953 13953 -2
13954 13954 -2
13955 13955 2
13958 13958 2
13959 13959 -2
13960 13960 2
13961 13961 -2
13963 13963 4
13964 13964 2
13965 13965 2
13968 13968 2
13969 13969 2
13970 13970 2
13972 13972 2
13973 13973 2
13975 13975 2
13976 13976 2
13977 13977 -2
13979 13979 2
13981 13981 -4
13982 13982 -2
13986 13986 -2
13987 13987 -2
13990 13990 -4
13991 13991 -4
13993 13993 2
13995 13995 -2
13997 13997 2
14001 14001 -2
14002 14002 2
14003 14003 2
14004 14004 2
14006 14006 -2
14009 14009 2
14014 14014 2
14015 14015 2
14016 14016 2
14017 14017 2
14018 14018 -2
14019 14019 -2
14020 14020 -2
14021 14021 -2
14023 14023 -2
14025 14025 2
14026 14026 -2
14027 14027 2
14028 14028 4
14029 14029 2
14031 14031 2
14032 14032 2
14033 14033 2
14034 14034 4
14035 14035 2
14040 14040 2
14041 14041 -2
14042 14042 2
14043 14043 4
14045 14045 -2
14046 14046 -2
14047 14047 -2
14048 14048 2
14049 14049 2
14050 14050 4
14051 14051 -2
14052 14052 -4
14053 14053 -4
14056 14056 -4
14057 14057 -4
14059 14059 -4
14061 14061 -2
14062 14062 -2
14063 14063 2
14066 14066 2
14068 14068 -4
14069 14069 -2
14070 14070 -2
14074 14074 -4
14076 14076 2
14077 14077 2
14078 14078 4
14079 14079 -2
14081 14081 -2
14082 14082 -4
14083 14083 -4
14084 14084 -2
14085 14085 4
14086 14086 2
14087 14087 -2
14088 14088 -2
14090 14090 -2
14092 14092 2
14093 14093 2
14094 14094 2
14095 14095 -2
14096 14096 -2
14099 14099 -2
14102 14102 4
14104 14104 2
14105 14105 -4
14106 14106 -2
14107 14107 -2
14108 14108 -2
14110 14110 -2
14111 14111 2
14113 14113 -4
14115 14115 2
14116 14116 -2
14118 14118 -4
14119 14119 -2
14123 14123 -2
14124 14124 -4
14126 14126 -2
14127 14127 -2
14130 14130 2
14132 14132 -2
14133 14133 4
14134 14134 2
14135 14135 -2
14136 14136 2
14137 14137 2
14138 14138 2
14139 14139 -2
14141 14141 -2
14143 14143 2
14145 14145 2
14146 14146 2
14148 14148 -2
14149 14149 -2
14151 14151 -2
14154 14154 2
14157 14157 -2
14161 14161 -4
14162 14162 -2
14165 14165 -4
14166 14166 -4
14169 14169 2
14170 14170 -2
14171 14171 -2
14172 14172 2
14176 14176 2
14177 14177 2
14178 14178 2
14179 14179 2
14180 14180 2
14181 14181 2
14183 14183 -4
14186 14186 -2
14188 14188 -2
14189 14189 2
14190 14190 -2
14191 14191 -2
14192 14192 -2
14194 14194 4
14197 14197 2
14198 14198 2
14199 14199 2
14200 14200 2
14202 14202 -2
14203 14203 -4
14204 14204 2
14206 14206 -2
14207 14207 -2
14208 14208 -2
14210 14210 -2
14211 14211 2
14212 14212 -2
14214 14214 -2
14218 14218 -4
14219 14219 -2
14220 14220 -2
14222 14222 -2
14224 14224 -2
14225 14225 -4
14226 14226 -2
14227 14227 -2
14228 14228 2
14229 14229 2
14231 14231 -2
14232 14232 2
14234 14234 -2
14236 14236 2
14237 14237 -2
14238 14238 2
14239 14239 -4
14243 14243 4
14244 14244 2
14245 14245 4
14246 14246 2
14247 14247 2
14248 14248 -4
14249 14249 -2
14250 14250 -2
14251 14251 -2
14252 14252 -2
14255 14255 -2
14258 14258 2
14260 14260 2
14261 14261 -2
14262 14262 4
14266 14266 2
14272 14272 4
14274 14274 -2
14277 14277 2
14278 14278 4
14279 14279 2
14280 14280 2
14281 14281 4
14283 14283 -4
14284 14284 2
14287 14287 -2
14291 14291 4
14292 14292 4
14293 14293 2
14294 14294 2
14295 14295 2
14300 14300 2
14301 14301 2
14302 14302 -2
14303 14303 -4
14305 14305 2
14308 14308 2
14311 14311 2
14313 14313 2
14316 14316 2
14318 14318 -2
14319 14319 -4
14321 14321 2
14325 14325 -2
14326 14326 2
14328 14328 -4
14329 14329 2
14330 14330 2
14331 14331 -2
14332 14332 4
14335 14335 4
14336 14336 2
14337 14337 -4
14344 14344 2
14347 14347 2
14348 14348 2
14349 14349 2
14350 14350 -2
14352 14352 2
14353 14353 4
14354 14354 2
14361 14361 -2
14362 14362 2
14363 14363 2
14366 14366 2
14367 14367 -2
14368 14368 -2
14371 14371 -2
14373 14373 -2
14375 14375 2
14376 14376 2
14377 14377 -2
14379 14379 -2
14380 14380 -4
14383 14383 -2
14384 14384 2
14387 14387 -2
14389 14389 -2
14391 14391 2
14392 14392 2
14393 14393 2
14394 14394 2
14397 14397 -2
14398 14398 2
14400 14400 -2
14403 14403 -2
14404 14404 -2
14407 14407 -2
14408 14408 -2
14409 14409 -2
14410 14410 2
14416 14416 2
14417 14417 4
14419 14419 -4
14420 14420 -2
14421 14421 -2
14422 14422 -4
14423 14423 -4
14424 14424 -2
14425 14425 -2
14426 14426 -2
14427 14427 4
14429 14429 2
14430 14430 2
14431 14431 -2
14433 14433 -2
14435 14435 2
14440 14440 -2
14441 14441 2
14443 14443 -4
14445 14445 -2
14446 14446 2
14447 14447 4
14448 14448 2
14449 14449 -2
14451 14451 2
14453 14453 -2
14455 14455 2
14456 14456 2
14457 14457 -2
14458 14458 -2
14459 14459 -2
14460 14460 -2
14461 14461 2
14463 14463 2
14465 14465 2
14466 14466 2
14470 14470 2
14471 14471 2
14472 14472 4
14474 14474 4
14475 14475 2
14477 14477 -2
14478 14478 -4
14481 14481 2
14482 14482 2
14485 14485 -2
14488 14488 4
14489 14489 -2
14491 14491 2
14492 14492 -2
14494 14494 -2
14495 14495 -2
14496 14496 2
14497 14497 -2
14498 14498 2
14502 14502 2
14503 14503 2
14504 14504 -2
14506 14506 4
14507 14507 4
14510 14510 -2
14511 14511 -2
14513 14513 -4
14514 14514 -2
14516 14516 -2
14517 14517 -2
14518 14518 -2
14520 14520 -4
14521 14521 2
14522 14522 -2
14523 14523 -2
14524 14524 4
14525 14525 4
14526 14526 -2
14527 14527 -2
14528 14528 -2
14529 14529 2
14530 14530 2
14531 14531 -4
14532 14532 -2
14533 14533 -2
14534 14534 -2
14535 14535 -2
14536 14536 -2
14537 14537 2
14540 14540 -2
14541 14541 2
14542 14542 2
14543 14543 -2
14544 14544 2
14545 14545 -2
14546 14546 -2
14548 14548 2
14550 14550 -2
14551 14551 -2
14554 14554 -2
14557 14557 -4
14560 14560 2
14561 14561 2
14562 14562 -4
14563 14563 2
14564 14564 2
14567 14567 -2
14568 14568 -2
14569 14569 -4
14573 14573 -4
14574 14574 2
14575 14575 -2
14576 14576 -4
14578 14578 2
14580 14580 -2
14581 14581 2
14582 14582 -2
14583 14583 -2
14584 14584 -2
14587 14587 -2
14588 14588 2
14589 14589 -2
14590 14590 -2
14594 14594 -2
14596 14596 2
14599 14599 2
14601 14601 2
14603 14603 -2
14606 14606 2
14607 14607 2
14609 14609 4
14610 14610 -2
14611 14611 -2
14612 14612 -2
14613 14613 -2
14614 14614 -2
14616 14616 -2
14620 14620 2
14621 14621 2
14622 14622 -2
14623 14623 -2
14624 14624 2
14625 14625 4
14629 14629 2
14630 14630 2
14631 14631 -2
14632 14632 -2
14633 14633 -2
14634 14634 2
14637 14637 -2
14639 14639 2
14641 14641 2
14642 14642 4
14646 14646 4
14647 14647 2
14649 14649 2
14653 14653 -2
14654 14654 -4
14656 14656 2
14658 14658 -2
14660 14660 2
14661 14661 -2
14663 14663 2
14665 14665 -4
14666 14666 -2
14667 14667 -2
14668 14668 4
14669 14669 -2
14670 14670 2
14671 14671 2
14672 14672 2
14675 14675 -2
14676 14676 -2
14677 14677 -2
14679 14679 -2
14682 14682 -2
14685 14685 -2
14686 14686 -2
14688 14688 2
14689 14689 -2
14690 14690 4
14692 14692 -2
14693 14693 4
14694 14694 4
14696 14696 -2
14697 14697 -2
14698 14698 -2
14701 14701 2
14703 14703 -2
14704 14704 -2
14705 14705 -4
14706 14706 -2
14707 14707 -2
14709 14709 2
14710 14710 -2
14711 14711 2
14715 14715 2
14716 14716 -2
14717 14717 2
14718 14718 4
14721 14721 -2
14722 14722 -2
14723 14723 -2
14724 14724 -2
14725 14725 2
14726 14726 2
14728 14728 -2
14729 14729 2
14730 14730 2
14733 14733 -4
14736 14736 2
14737 14737 2
14738 14738 2
14739 14739 -4
14741 14741 4
14742 14742 2
14743 14743 2
14745 14745 -2
14747 14747 2
14748 14748 2
14749 14749 4
14751 14751 2
14752 14752 4
14754 14754 2
14756 14756 4
14757 14757 -2
14758 14758 -2
14760 14760 -2
14761 14761 -4
14763 14763 -4
14765 14765 -2
14766 14766 -2
14767 14767 -2
14768 14768 2
14769 14769 -2
14770 14770 -2
14771 14771 -2
14772 14772 -2
14773 14773 -2
14774 14774 2
14775 14775 -2
14777 14777 2
14778 14778 -4
14779 14779 -4
14780 14780 2
14781 14781 2
14782 14782 2
14783 14783 -2
14784 14784 2
14785 14785 4
14786 14786 4
14788 14788 2
14789 14789 2
14790 14790 2
14792 14792 -2
14793 14793 2
14794 14794 4
14796 14796 -2
14797 14797 -4
14799 14799 -2
14800 14800 2
14801 14801 2
14802 14802 2
14804 14804 -2
14805 14805 -2
14808 14808 -2
14809 14809 -2
14811 14811 2
14813 14813 -4
14814 14814 -2
14816 14816 -4
14819 14819 2
14821 14821 -4
14822 14822 -2
14824 14824 -4
14825 14825 -2
14826 14826 -2
14827 14827 -4
14828 14828 -4
14829 14829 -2
14830 14830 2
14831 14831 2
14832 14832 4
14833 14833 -2
14837 14837 2
14838 14838 2
14840 14840 -2
14842 14842 -2
14843 14843 -2
14844 14844 -4
14845 14845 -4
14846 14846 -2
14847 14847 2
14848 14848 2
14850 14850 2
14851 14851 2
14852 14852 4
14853 14853 -2
14854 14854 2
14856 14856 4
14859 14859 2
14861 14861 -2
14862 14862 2
14863 14863 -2
14866 14866 -2
14868 14868 -2
14869 14869 -4
14871 14871 2
14872 14872 2
14873 14873 -2
14876 14876 4
14877 14877 4
14878 14878 -2
14879 14879 -2
14880 14880 2
14881 14881 2
14883 14883 -4
14885 14885 4
14886 14886 2
14887 14887 4
14888 14888 2
14889 14889 4
14890 14890 -2
14891 14891 -4
14894 14894 2
14895 14895 -2
14898 14898 2
14899 14899 2
14900 14900 2
14901 14901 2
14902 14902 2
14904 14904 -2
14905 14905 -2
14906 14906 2
14907 14907 4
14908 14908 -2
14909 14909 -2
14911 14911 2
14913 14913 -4
14914 14914 -2
14916 14916 -2
14918 14918 -2
14919 14919 -2
14923 14923 2
14925 14925 -2
14929 14929 -4
14930 14930 2
14931 14931 4
14932 14932 2
14934 14934 -2
14936 14936 2
14938 14938 -4
14940 14940 -2
14941 14941 -2
14942 14942 2
14943 14943 -2
14944 14944 -4
14947 14947 2
14948 14948 4
14953 14953 2
14954 14954 2
14956 14956 2
14957 14957 2
14959 14959 2
14960 14960 2
14961 14961 4
14962 14962 4
14965 14965 -2
14969 14969 2
14970 14970 4
14971 14971 4
14972 14972 2
14973 14973 -4
14976 14976 4
14977 14977 4
14980 14980 -2
14983 14983 -4
14984 14984 -2
14988 14988 2
14989 14989 2
14990 14990 2
14991 14991 -2
14993 14993 -2
14995 14995 2
14996 14996 4
14997 14997 2
14998 14998 2
14999 14999 2
15000 15000 2
15002 15002 2
15003 15003 2
15005 15005 4
15008 15008 2
15009 15009 4
15010 15010 4
15012 15012 -2
15014 15014 -2
15018 15018 -4
15019 15019 -2
15020 15020 2
15021 15021 -2
15026 15026 2
15027 15027 2
15028 15028 -2
15029 15029 -2
15031 15031 2
15033 15033 2
15034 15034 2
15035 15035 2
15039 15039 -2
15043 15043 -4
15044 15044 -2
15046 15046 -4
15049 15049 4
15050 15050 2
15051 15051 2
15052 15052 -4
15053 15053 2
15055 15055 2
15056 15056 4
15057 15057 4
15058 15058 4
15059 15059 2
15060 15060 -2
15062 15062 2
15063 15063 2
15064 15064 2
15065 15065 2
15066 15066 2
15069 15069 2
15070 15070 2
15071 15071 4
15072 15072 4
15074 15074 4
15077 15077 2
15079 15079 4
15082 15082 4
15083 15083 2
15085 15085 -4
15088 15088 2
15089 15089 2
15090 15090 4
15091 15091 -2
15092 15092 2
15093 15093 -2
15094 15094 -2
15095 15095 2
15096 15096 2
15097 15097 -2
15099 15099 2
15102 15102 2
15103 15103 -2
15104 15104 -2
15106 15106 2
15110 15110 2
15113 15113 4
15115 15115 2
15117 15117 2
15118 15118 2
15119 15119 2
15120 15120 4
15122 15122 2
15123 15123 2
15125 15125 -4
15126 15126 2
15127 15127 2
15128 15128 -2
15129 15129 2
15132 15132 -2
15133 15133 -2
15134 15134 -2
15135 15135 -2
15137 15137 2
15138 15138 2
15141 15141 2
15142 15142 4
15143 15143 2
15144 15144 2
15146 15146 -4
15148 15148 -4
15151 15151 2
15152 15152 -2
15153 15153 2
15155 15155 2
15156 15156 2
15157 15157 2
15158 15158 -2
15161 15161 -2
15162 15162 -4
15163 15163 -2
15164 15164 -2
15166 15166 -2
15168 15168 2
15169 15169 2
15170 15170 2
15171 15171 4
15172 15172 4
15173 15173 2
15174 15174 4
15175 15175 4
15176 15176 -2
15178 15178 -2
15181 15181 2
15182 15182 4
15183 15183 4
15184 15184 2
15185 15185 -2
15186 15186 2
15187 15187 -2
15189 15189 4
15190 15190 2
15193 15193 -2
15194 15194 2
15195 15195 2
15196 15196 2
15197 15197 -2
15198 15198 -2
15199 15199 4
15200 15200 2
15201 15201 -2
15203 15203 -4
15206 15206 2
15208 15208 2
15209 15209 -2
15210 15210 -2
15212 15212 -2
15215 15215 -2
15217 15217 -2
15219 15219 -2
15221 15221 -4
15223 15223 -2
15226 15226 2
15227 15227 2
15230 15230 2
15233 15233 2
15235 15235 -4
15236 15236 2
15237 15237 2
15239 15239 2
15240 15240 2
15241 15241 -2
15242 15242 2
15243 15243 2
15245 15245 2
15246 15246 -2
15249 15249 -2
15251 15251 2
15252 15252 2
15253 15253 2
15254 15254 -2
15255 15255 -2
15256 15256 -2
15257 15257 -2
15258 15258 -2
15259 15259 4
15263 15263 -2
15264 15264 -4
15265 15265 -2
15267 15267 -2
15269 15269 2
15271 15271 2
15272 15272 4
15273 15273 2
15276 15276 -2
15277 15277 2
15278 15278 -2
15279 15279 -4
15280 15280 -2
15281 15281 -2
15283 15283 -2
15284 15284 2
15285 15285 -2
15287 15287 -4
15289 15289 -2
15290 15290 -4
15291 15291 -2
15292 15292 2
15295 15295 -2
15296 15296 -2
15297 15297 2
15299 15299 4
15300 15300 4
15301 15301 2
15302 15302 2
15306 15306 -2
15310 15310 2
15311 15311 4
15312 15312 4
15313 15313 -2
15314 15314 -4
15315 15315 -2
15316 15316 2
15318 15318 2
15320 15320 4
15321 15321 2
15325 15325 -2
15326 15326 -4
15327 15327 -2
15331 15331 -2
15333 15333 -4
15335 15335 -2
15336 15336 2
15337 15337 2
15338 15338 -2
15339 15339 -4
15341 15341 -2
15342 15342 -2
15345 15345 4
15346 15346 4
15349 15349 -2
15350 15350 2
15357 15357 -2
15358 15358 -2
15360 15360 -4
15361 15361 2
15362 15362 2
15365 15365 -2
15366 15366 -2
15369 15369 2
15370 15370 2
15371 15371 -2
15372 15372 2
15374 15374 -4
15376 15376 2
15377 15377 2
15378 15378 2
15379 15379 -2
15381 15381 -2
15382 15382 2
15385 15385 -4
15386 15386 2
15388 15388 2
15389 15389 2
15390 15390 2
15391 15391 -2
15394 15394 -2
15396 15396 -2
15397 15397 2
15399 15399 2
15400 15400 2
15401 15401 2
15402 15402 -2
15403 15403 -2
15404 15404 -2
15407 15407 4
15408 15408 -2
15409 15409 -2
15410 15410 -2
15416 15416 -2
15418 15418 4
15419 15419 -2
15422 15422 -4
15423 15423 -2
15424 15424 -2
15426 15426 -2
15427 15427 -4
15428 15428 -2
15431 15431 -2
15432 15432 -2
15433 15433 -4
15434 15434 -2
15436 15436 2
15437 15437 -2
15439 15439 -2
15440 15440 2
15442 15442 -4
15443 15443 2
15444 15444 2
15445 15445 2
15446 15446 2
15447 15447 -2
15448 15448 -4
15450 15450 -2
15451 15451 -2
15452 15452 -2
15454 15454 2
15456 15456 -2
15458 15458 2
15461 15461 2
15462 15462 -2
15464 15464 2
15467 15467 -2
15468 15468 2
15470 15470 2
15473 15473 -4
15474 15474 -4
15475 15475 2
15476 15476 2
15477 15477 -2
15478 15478 2
15479 15479 2
15482 15482 2
15483 15483 4
15484 15484 4
15485 15485 -2
15486 15486 2
15487 15487 -2
15488 15488 -2
15489 15489 -2
15491 15491 -2
15492 15492 -4
15493 15493 2
15494 15494 2
15495 15495 4
15502 15502 2
15505 15505 2
15508 15508 2
15509 15509 4
15510 15510 -2
15511 15511 2
15514 15514 2
15517 15517 -2
15518 15518 -2
15519 15519 -4
15520 15520 -2
15521 15521 -4
15523 15523 -2
15524 15524 -2
15530 15530 2
15531 15531 4
15532 15532 -2
15533 15533 -2
15534 15534 4
15536 15536 2
15537 15537 -2
15539 15539 2
15540 15540 -2
15541 15541 -4
15544 15544 -2
15546 15546 2
15548 15548 -4
15550 15550 -4
15551 15551 2
15553 15553 -4
15554 15554 -2
15557 15557 -2
15559 15559 -2
15564 15564 -2
15565 15565 -2
15566 15566 -2
15567 15567 -2
15568 15568 2
15570 15570 2
15571 15571 -2
15573 15573 -2
15577 15577 -2
15578 15578 -2
15579 15579 2
15582 15582 2
15583 15583 4
15585 15585 -4
15587 15587 2
15589 15589 -2
15590 15590 2
15591 15591 2
15592 15592 2
15593 15593 4
15594 15594 -2
15596 15596 2
15597 15597 -2
15598 15598 -2
15599 15599 -2
15601 15601 4
15602 15602 2
15604 15604 -2
15606 15606 -2
15608 15608 2
15610 15610 -2
15611 15611 4
15612 15612 -2
15613 15613 -2
15615 15615 -4
15617 15617 2
15618 15618 -2
15619 15619 -2
15621 15621 -4
15626 15626 -2
15628 15628 4
15629 15629 2
15632 15632 -2
15634 15634 2
15635 15635 -2
15637 15637 -4
15639 15639 2
15641 15641 2
15642 15642 4
15643 15643 2
15644 15644 2
15645 15645 -2
15646 15646 -2
15647 15647 2
15648 15648 2
15649 15649 4
15650 15650 2
15651 15651 2
15652 15652 -2
15654 15654 2
15658 15658 -4
15659 15659 -2
15660 15660 2
15661 15661 -2
15662 15662 -4
15663 15663 -4
15664 15664 -4
15665 15665 -4
15666 15666 -2
15667 15667 -2
15668 15668 2
15669 15669 -2
15671 15671 2
15672 15672 2
15673 15673 -2
15675 15675 -2
15676 15676 2
15677 15677 2
15678 15678 -2
15679 15679 2
15683 15683 -2
15684 15684 -2
15685 15685 -2
15687 15687 2
15689 15689 -2
15691 15691 -2
15692 15692 2
15694 15694 -2
15696 15696 -2
15697 15697 -2
15701 15701 2
15703 15703 4
15704 15704 -2
15705 15705 -2
15706 15706 -2
15707 15707 -2
15709 15709 -2
15710 15710 -2
15712 15712 -4
15715 15715 -4
15718 15718 -2
15720 15720 2
15721 15721 -2
15724 15724 2
15725 15725 4
15726 15726 -2
15727 15727 -4
15730 15730 2
15731 15731 2
15732 15732 4
15733 15733 2
15734 15734 -2
15735 15735 -2
15736 15736 2
15738 15738 4
15739 15739 2
15741 15741 -2
15742 15742 -2
15744 15744 2
15746 15746 2
15747 15747 2
15752 15752 -2
15753 15753 -2
15755 15755 2
15756 15756 2
15757 15757 -2
15758 15758 -4
15759 15759 -2
15760 15760 -2
15762 15762 -4
15763 15763 -2
15764 15764 -2
15765 15765 -2
15766 15766 2
15767 15767 -2
15770 15770 -2
15771 15771 4
15772 15772 2
15774 15774 4
15776 15776 2
15777 15777 2
15778 15778 2
15779 15779 2
15780 15780 -2
15781 15781 -2
15783 15783 -2
15784 15784 2
15785 15785 2
15786 15786 4
15787 15787 2
15790 15790 -4
15791 15791 -2
15793 15793 -4
15795 15795 2
15798 15798 -2
15799 15799 2
15800 15800 -2
15802 15802 2
15803 15803 2
15807 15807 -4
15809 15809 2
15814 15814 4
15816 15816 2
15817 15817 -2
15818 15818 2
15820 15820 4
15821 15821 -2
15825 15825 2
15826 15826 2
15827 15827 -2
15828 15828 -4
15829 15829 -2
15830 15830 -2
15831 15831 -2
15832 15832 -2
15834 15834 -2
15838 15838 2
15839 15839 2
15840 15840 4
15842 15842 -2
15843 15843 -4
15844 15844 -4
15845 15845 -2
15847 15847 2
15848 15848 2
15849 15849 2
15850 15850 2
15852 15852 2
15853 15853 2
15854 15854 2
15856 15856 2
15858 15858 -4
15860 15860 2
15861 15861 2
15862 15862 2
15863 15863 2
15865 15865 2
15866 15866 4
15869 15869 2
15870 15870 2
15871 15871 4
15874 15874 -2
15875 15875 -4
15878 15878 -2
15879 15879 -2
15882 15882 2
15883 15883 -2
15886 15886 2
15889 15889 2
15891 15891 -2
15892 15892 -2
15896 15896 -2
15897 15897 -2
15899 15899 -2
15901 15901 -2
15903 15903 2
15904 15904 2
15907 15907 -2
15908 15908 -2
15910 15910 2
15911 15911 2
15913 15913 -2
15914 15914 2
15915 15915 -2
15916 15916 2
15918 15918 2
15922 15922 2
15923 15923 2
15924 15924 2
15925 15925 -2
15926 15926 2
15927 15927 2
15931 15931 -2
15932 15932 -2
15933 15933 2
15935 15935 -2
15936 15936 -4
15937 15937 2
15939 15939 -2
15940 15940 4
15941 15941 4
15942 15942 2
15943 15943 -4
15946 15946 -2
15948 15948 4
15949 15949 2
15951 15951 -2
15952 15952 -2
15953 15953 2
15954 15954 2
15956 15956 -2
15959 15959 -2
15964 15964 -2
15965 15965 -2
15969 15969 2
15971 15971 2
15974 15974 -2
15977 15977 -4
15978 15978 -2
15979 15979 2
15981 15981 2
15982 15982 2
15984 15984 4
15986 15986 -2
15988 15988 -2
15989 15989 -4
15992 15992 -2
15994 15994 -2
15995 15995 -2
15996 15996 -2
15997 15997 2
15999 15999 -2
16000 16000 -2
16002 16002 -2
16004 16004 2
16005 16005 2
16006 16006 2
16007 16007 -2
16008 16008 -2
16009 16009 -2
16010 16010 -4
16011 16011 -4
16013 16013 -2
16014 16014 -2
16016 16016 4
16017 16017 -2
16019 16019 4
16020 16020 2
16023 16023 -2
16024 16024 2
16025 16025 2
16028 16028 -4
16029 16029 -2
16030 16030 2
16033 16033 4
16034 16034 2
16035 16035 2
16036 16036 -2
16037 16037 2
16038 16038 4
16040 16040 2
16041 16041 2
16043 16043 -2
16044 16044 2
16045 16045 -2
16046 16046 -4
16047 16047 -2
16048 16048 -2
16049 16049 -2
16050 16050 -2
16051 16051 -4
16052 16052 -2
16054 16054 2
16055 16055 -2
16056 16056 -2
16057 16057 -2
16058 16058 -4
16059 16059 -2
16060 16060 -4
16062 16062 2
16063 16063 2
16066 16066 2
16067 16067 2
16068 16068 -4
16069 16069 -2
16070 16070 -4
16071 16071 2
16074 16074 -2
16076 16076 2
16080 16080 -4
16081 16081 2
16082 16082 2
16083 16083 2
16086 16086 -2
16087 16087 -2
16088 16088 -2
16089 16089 -2
16092 16092 2
16093 16093 2
16094 16094 -4
16096 16096 -2
16097 16097 2
16099 16099 -2
16100 16100 2
16101 16101 4
16103 16103 -2
16104 16104 -2
16107 16107 -4
16112 16112 2
16113 16113 -2
16114 16114 -4
16116 16116 4
16119 16119 4
16120 16120 2
16121 16121 4
16122 16122 4
16123 16123 -2
16125 16125 4
16126 16126 2
16127 16127 2
16128 16128 -2
16129 16129 2
16130 16130 -2
16131 16131 -2
16134 16134 -2
16135 16135 2
16136 16136 2
16137 16137 2
16139 16139 -2
16141 16141 2
16142 16142 -2
16144 16144 4
16146 16146 2
16147 16147 2
16150 16150 2
16152 16152 2
16154 16154 4
16156 16156 4
16157 16157 2
16160 16160 -2
16161 16161 2
16162 16162 2
16164 16164 4
16166 16166 2
16167 16167 2
16170 16170 -2
16172 16172 2
16173 16173 -2
16174 16174 -2
16176 16176 2
16179 16179 -4
16181 16181 4
16182 16182 2
16184 16184 -2
16185 16185 -2
16186 16186 2
16188 16188 2
16189 16189 2
16190 16190 2
16193 16193 2
16196 16196 -2
16198 16198 -2
16200 16200 2
16201 16201 2
16202 16202 2
16203 16203 2
16204 16204 2
16205 16205 2
16206 16206 -4
16208 16208 4
16212 16212 2
16213 16213 2
16219 16219 2
16220 16220 2
16221 16221 2
16222 16222 2
16224 16224 -2
16225 16225 2
16226 16226 4
16228 16228 -2
16229 16229 4
16230 16230 -2
16231 16231 -2
16233 16233 -2
16234 16234 -2
16235 16235 -2
16236 16236 2
16237 16237 -2
16239 16239 -2
16240 16240 -2
16241 16241 2
16245 16245 2
16247 16247 -2
16248 16248 2
16250 16250 2
16252 16252 2
16255 16255 -2
16256 16256 2
16258 16258 2
16259 16259 2
16260 16260 2
16261 16261 2
16262 16262 2
16264 16264 2
16265 16265 2
16266 16266 2
16267 16267 4
16269 16269 -4
16270 16270 -2
16271 16271 -2
16272 16272 2
16274 16274 2
16275 16275 -2
16276 16276 2
16277 16277 -4
16278 16278 -2
16279 16279 -4
16280 16280 -2
16281 16281 2
16282 16282 4
16286 16286 -2
16287 16287 -2
16288 16288 -2
16289 16289 -4
16291 16291 4
16293 16293 2
16294 16294 2
16297 16297 2
16299 16299 2
16300 16300 -2
16301 16301 -2
16302 16302 -2
16303 16303 -2
16304 16304 -4
16306 16306 -2
16309 16309 2
16310 16310 2
16311 16311 -2
16312 16312 -2
16313 16313 -2
16314 16314 -2
16315 16315 -4
16316 16316 -2
16318 16318 -2
16319 16319 -4
16320 16320 -2
16321 16321 2
16322 16322 4
16323 16323 4
16324 16324 -2
16326 16326 2
16327 16327 -2
16328 16328 -2
16329 16329 2
16330 16330 -2
16331 16331 -2
16334 16334 2
16335 16335 2
16336 16336 2
16337 16337 -2
16338 16338 -4
16339 16339 -2
16340 16340 -4
16341 16341 2
16344 16344 2
16345 16345 2
16346 16346 -4
16347 16347 -2
16348 16348 2
16351 16351 -2
16352 16352 4
16356 16356 2
16358 16358 2
16359 16359 2
16360 16360 -2
16362 16362 -2
16363 16363 -4
16364 16364 -2
16366 16366 -2
16367 16367 2
16369 16369 -2
16371 16371 2
16372 16372 2
16373 16373 -2
16375 16375 -4
16377 16377 -4
16378 16378 -2
16381 16381 2
16383 16383 -2
16392 16392 -2
16393 16393 2
16394 16394 2
16395 16395 -2
16397 16397 2
16398 16398 -2
16403 16403 4
16404 16404 -2
16406 16406 2
16409 16409 -2
16411 16411 2
16412 16412 2
16413 16413 -2
16414 16414 -4
16415 16415 -2
16416 16416 4
16417 16417 2
16419 16419 2
16422 16422 2
16423 16423 -2
16424 16424 -2
16427 16427 2
16429 16429 -2
16430 16430 -2
16431 16431 -4
16433 16433 2
16435 16435 2
16436 16436 2
16437 16437 2
16438 16438 -2
16440 16440 -2
16441 16441 2
16442 16442 -2
16443 16443 -2
16444 16444 2
16446 16446 2
16447 16447 -2
16449 16449 -2
16451 16451 -2
16452 16452 2
16455 16455 2
16458 16458 2
16459 16459 2
16460 16460 2
16467 16467 2
16468 16468 2
16470 16470 -2
16471 16471 -2
16473 16473 -2
16475 16475 2
16476 16476 4
16479 16479 -2
16483 16483 -2
16484 16484 2
16485 16485 2
16486 16486 -2
16488 16488 -2
16489 16489 -2
16492 16492 2
16493 16493 2
16494 16494 -2
16496 16496 4
16497 16497 2
16499 16499 2
16500 16500 2
16503 16503 4
16504 16504 -2
16505 16505 -2
16508 16508 4
16513 16513 -2
16514 16514 -4
16516 16516 2
16517 16517 2
16519 16519 2
16520 16520 2
16522 16522 4
16524 16524 -2
16526 16526 2
16530 16530 2
16531 16531 -2
16532 16532 -2
16533 16533 -2
16534 16534 -2
16536 16536 2
16538 16538 -2
16539 16539 2
16540 16540 2
16541 16541 2
16542 16542 -4
16543 16543 -2
16546 16546 4
16548 16548 4
16551 16551 2
16552 16552 4
16555 16555 -2
16556 16556 -4
16557 16557 -2
16559 16559 -2
16562 16562 -2
16563 16563 -2
16564 16564 2
16565 16565 2
16567 16567 2
16568 16568 2
16569 16569 2
16570 16570 2
16571 16571 4
16572 16572 4
16575 16575 2
16577 16577 2
16579 16579 -2
16581 16581 -2
16582 16582 -2
16585 16585 2
16586 16586 -2
16587 16587 -2
16588 16588 -2
16591 16591 2
16592 16592 4
16593 16593 4
16596 16596 4
16600 16600 4
16601 16601 2
16603 16603 4
16604 16604 2
16605 16605 2
16607 16607 -2
16608 16608 2
16612 16612 4
16613 16613 2
16615 16615 -2
16616 16616 -4
16617 16617 2
16620 16620 2
16623 16623 2
16624 16624 2
16625 16625 2
16627 16627 4
16631 16631 -2
16632 16632 4
16634 16634 -2
16635 16635 -2
16637 16637 2
16638 16638 -2
16639 16639 2
16640 16640 -2
16642 16642 2
16643 16643 -2
16644 16644 -4
16647 16647 -4
16648 16648 2
16651 16651 2
16658 16658 4
16659 16659 -2
16661 16661 4
16662 16662 2
16663 16663 2
16665 16665 -2
16666 16666 -2
16669 16669 2
16670 16670 2
16671 16671 -2
16672 16672 2
16673 16673 2
16674 16674 2
16675 16675 -2
16678 16678 -2
16679 16679 4
16680 16680 2
16682 16682 2
16683 16683 4
16685 16685 4
16686 16686 2
16688 16688 -2
16692 16692 2
16695 16695 2
16696 16696 4
16698 16698 -4
16700 16700 -2
16701 16701 2
16702 16702 2
16703 16703 4
16704 16704 2
16705 16705 -2
16706 16706 -4
16707 16707 -4
16708 16708 -4
16709 16709 -2
16711 16711 -2
16713 16713 2
16715 16715 -2
16716 16716 2
16717 16717 2
16718 16718 -2
16719 16719 -2
16720 16720 2
16721 16721 2
16723 16723 2
16725 16725 2
16728 16728 -2
16729 16729 -2
16731 16731 -2
16732 16732 -2
16734 16734 4
16736 16736 -2
16737 16737 -2
16738 16738 -4
16740 16740 -2
16741 16741 -2
16742 16742 2
16743 16743 -2
16744 16744 -2
16746 16746 -2
16748 16748 2
16749 16749 -2
16752 16752 -2
16753 16753 2
16754 16754 -2
16755 16755 2
16756 16756 4
16757 16757 2
16762 16762 2
16763 16763 2
16764 16764 -2
16766 16766 2
16767 16767 2
16768 16768 -4
16771 16771 -2
16772 16772 2
16775 16775 -4
16776 16776 2
16777 16777 -2
16778 16778 -2
16779 16779 2
16780 16780 2
16785 16785 2
16786 16786 -4
16787 16787 -2
16788 16788 -2
16791 16791 2
16792 16792 2
16793 16793 -2
16794 16794 -2
16796 16796 2
16797 16797 2
16801 16801 2
16802 16802 2
16804 16804 2
16807 16807 2
16808 16808 -2
16809 16809 2
16810 16810 2
16811 16811 2
16812 16812 -2
16816 16816 2
16817 16817 -2
16818 16818 -4
16821 16821 2
16823 16823 -2
16824 16824 -4
16827 16827 -2
16828 16828 -2
16829 16829 -4
16830 16830 -2
16831 16831 -2
16832 16832 -4
16833 16833 -4
16835 16835 -4
16836 16836 -2
16837 16837 -2
16838 16838 -2
16839 16839 2
16841 16841 -2
16842 16842 -4
16846 16846 -2
16848 16848 4
16849 16849 2
16851 16851 2
16853 16853 -2
16854 16854 -4
16856 16856 2
16857 16857 2
16858 16858 -2
16859 16859 -4
16861 16861 4
16865 16865 -2
16866 16866 -2
16868 16868 -2
16869 16869 2
16870 16870 2
16871 16871 2
16873 16873 4
16874 16874 4
16876 16876 2
16877 16877 2
16878 16878 -2
16879 16879 -4
16880 16880 2
16882 16882 -2
16883 16883 2
16884 16884 2
16885 16885 2
16886 16886 -2
16887 16887 -2
16888 16888 -2
16890 16890 4
16891 16891 2
16893 16893 -2
16894 16894 -2
16897 16897 2
16900 16900 -2
16902 16902 -2
16904 16904 2
16906 16906 2
16907 16907 -2
16908 16908 -4
16909 16909 2
16912 16912 -2
16914 16914 -2
16915 16915 2
16916 16916 2
16918 16918 -2
16919 16919 -2
16920 16920 -4
16921 16921 -2
16922 16922 -2
16923 16923 -2
16924 16924 -4
16925 16925 -4
16926 16926 -2
16928 16928 2
16930 16930 2
16932 16932 -2
16934 16934 2
16935 16935 -2
16936 16936 -2
16937 16937 -4
16938 16938 -4
16939 16939 -2
16941 16941 2
16942 16942 -2
16945 16945 4
16946 16946 2
16947 16947 -2
16948 16948 2
16950 16950 -2
16952 16952 -4
16953 16953 -2
16955 16955 2
16964 16964 4
16965 16965 2
16966 16966 2
16967 16967 4
16969 16969 2
16971 16971 2
16972 16972 -2
16974 16974 2
16976 16976 -2
16979 16979 -2
16983 16983 -2
16984 16984 -2
16985 16985 -2
16986 16986 -2
16987 16987 -2
16990 16990 2
16991 16991 2
16992 16992 2
16994 16994 -2
17000 17000 -2
17001 17001 -2
17002 17002 -4
17003 17003 -4
17006 17006 4
17007 17007 2
17008 17008 2
17009 17009 4
17011 17011 -4
17014 17014 -2
17015 17015 2
17016 17016 -2
17017 17017 -2
17019 17019 -2
17020 17020 -2
17022 17022 2
17023 17023 2
17024 17024 -2
17025 17025 -2
17026 17026 2
17027 17027 2
17028 17028 2
17029 17029 -2
17030 17030 -2
17032 17032 2
17034 17034 2
17038 17038 -4
17039 17039 -4
17040 17040 -2
17041 17041 2
17042 17042 2
17044 17044 2
17045 17045 2
17046 17046 2
17047 17047 2
17048 17048 2
17049 17049 2
17050 17050 2
17051 17051 2
17052 17052 -4
17053 17053 -2
17054 17054 -2
17055 17055 2
17057 17057 -2
17058 17058 -2
17059 17059 -2
17060 17060 -2
17061 17061 -2
17062 17062 2
17065 17065 -2
17067 17067 4
17069 17069 2
17070 17070 -2
17072 17072 -4
17073 17073 -2
17074 17074 2
17076 17076 -2
17079 17079 -4
17082 17082 4
17083 17083 -2
17084 17084 -2
17086 17086 2
17087 17087 2
17088 17088 2
17090 17090 2
17091 17091 2
17092 17092 -2
17093 17093 -2
17095 17095 -2
17096 17096 -4
17097 17097 -2
17099 17099 -2
17101 17101 -4
17103 17103 -2
17106 17106 2
17107 17107 2
17108 17108 2
17109 17109 2
17110 17110 2
17113 17113 -2
17115 17115 4
17116 17116 -2
17118 17118 2
17119 17119 -2
17120 17120 -2
17121 17121 2
17122 17122 2
17123 17123 2
17125 17125 -2
17126 17126 -2
17127 17127 2
17129 17129 -2
17134 17134 2
17138 17138 -4
17141 17141 4
17142 17142 2
17143 17143 -2
17144 17144 2
17145 17145 2
17146 17146 2
17148 17148 -2
17149 17149 -2
17151 17151 2
17153 17153 -2
17154 17154 -2
17155 17155 2
17156 17156 2
17157 17157 2
17160 17160 2
17161 17161 -2
17162 17162 2
17163 17163 2
17165 17165 -4
17166 17166 -4
17167 17167 -2
17168 17168 -2
17171 17171 2
17176 17176 4
17177 17177 4
17178 17178 2
17179 17179 -2
17181 17181 2
17182 17182 2
17183 17183 -4
17185 17185 -2
17186 17186 2
17187 17187 2
17188 17188 -2
17189 17189 -2
17192 17192 -4
17193 17193 -4
17195 17195 -2
17196 17196 -4
17197 17197 -2
17199 17199 -2
17201 17201 -2
17202 17202 2
17203 17203 -2
17204 17204 2
17205 17205 4
17206 17206 -2
17208 17208 -2
17209 17209 -4
17210 17210 2
17211 17211 2
17213 17213 2
17215 17215 -2
17217 17217 4
17218 17218 4
17219 17219 4
17221 17221 -2
17222 17222 2
17223 17223 2
17225 17225 4
17228 17228 -2
17230 17230 4
17231 17231 -2
17232 17232 -2
17235 17235 -2
17236 17236 2
17238 17238 -2
17240 17240 2
17241 17241 4
17243 17243 -2
17246 17246 2
17248 17248 -4
17249 17249 -2
17250 17250 -4
17253 17253 2
17254 17254 -2
17255 17255 -2
17256 17256 -2
17257 17257 -2
17258 17258 2
17261 17261 -2
17262 17262 -2
17264 17264 2
17266 17266 -2
17268 17268 2
17269 17269 2
17270 17270 2
17271 17271 2
17272 17272 4
17274 17274 -4
17275 17275 -4
17278 17278 2
17280 17280 -2
17283 17283 2
17284 17284 2
17285 17285 -2
17287 17287 4
17288 17288 -2
17289 17289 -2
17290 17290 2
17291 17291 2
17294 17294 4
17297 17297 -2
17298 17298 -2
17299 17299 -2
17303 17303 -2
17305 17305 2
17308 17308 -2
17310 17310 2
17311 17311 4
17312 17312 -2
17313 17313 -2
17314 17314 2
17315 17315 2
17316 17316 4
17317 17317 2
17319 17319 2
17322 17322 4
17323 17323 2
17324 17324 -2
17325 17325 2
17326 17326 -2
17328 17328 -2
17329 17329 2
17331 17331 -2
17333 17333 -2
17334 17334 -2
17335 17335 -2
17336 17336 2
17338 17338 -2
17340 17340 2
17341 17341 2
17342 17342 4
17343 17343 4
17348 17348 -2
17350 17350 -2
17352 17352 -2
17353 17353 -2
17355 17355 4
17356 17356 2
17357 17357 2
17358 17358 2
17359 17359 2
17360 17360 2
17362 17362 -2
17363 17363 -2
17364 17364 -2
17366 17366 -2
17368 17368 2
17370 17370 2
17371 17371 2
17375 17375 -4
17376 17376 2
17378 17378 2
17380 17380 -2
17384 17384 -2
17385 17385 -4
17386 17386 -2
17387 17387 2
17388 17388 -4
17394 17394 -2
17396 17396 2
17397 17397 -2
17399 17399 2
17400 17400 -4
17401 17401 -2
17403 17403 -2
17404 17404 2
17405 17405 2
17408 17408 -2
17409 17409 2
17412 17412 -4
17415 17415 2
17417 17417 4
17419 17419 2
17421 17421 2
17423 17423 -2
17426 17426 -2
17427 17427 2
17428 17428 2
17430 17430 -2
17432 17432 2
17433 17433 -2
17434 17434 -2
17435 17435 -4
17436 17436 -2
17439 17439 4
17440 17440 2
17441 17441 2
17442 17442 2
17443 17443 4
17446 17446 2
17449 17449 -2
17450 17450 -2
17451 17451 -2
17456 17456 -2
17459 17459 4
17460 17460 2
17461 17461 2
17464 17464 -4
17465 17465 -2
17468 17468 -2
17469 17469 2
17470 17470 2
17471 17471 -2
17472 17472 2
17473 17473 2
17474 17474 2
17475 17475 -4
17476 17476 2
17477 17477 -2
17478 17478 2
17480 17480 -2
17483 17483 -2
17484 17484 2
17485 17485 2
17486 17486 2
17487 17487 2
17488 17488 -2
17489 17489 2
17490 17490 -4
17492 17492 2
17493 17493 4
17494 17494 2
17495 17495 2
17496 17496 -2
17497 17497 -2
17499 17499 -2
17500 17500 -2
17502 17502 -2
17503 17503 -2
17506 17506 2
17507 17507 2
17508 17508 2
17509 17509 2
17512 17512 -2
17513 17513 2
17514 17514 -2
17517 17517 2
17518 17518 2
17519 17519 2
17520 17520 -4
17523 17523 2
17524 17524 4
17526 17526 -4
17527 17527 -4
17529 17529 2
17530 17530 2
17532 17532 2
17534 17534 2
17535 17535 -2
17536 17536 -4
17537 17537 -2
17539 17539 4
17540 17540 2
17541 17541 2
17543 17543 4
17544 17544 4
17545 17545 2
17547 17547 -2
17548 17548 2
17549 17549 2
17550 17550 4
17551 17551 2
17552 17552 -2
17554 17554 -4
17555 17555 -2
17556 17556 4
17557 17557 2
17558 17558 2
17560 17560 2
17561 17561 4
17562 17562 2
17563 17563 4
17564 17564 -2
17565 17565 -2
17566 17566 2
17567 17567 2
17571 17571 -2
17572 17572 4
17573 17573 2
17574 17574 2
17575 17575 -4
17576 17576 2
17578 17578 4
17579 17579 2
17580 17580 -2
17581 17581 -4
17582 17582 -2
17583 17583 -2
17584 17584 -2
17585 17585 -2
17586 17586 2
17587 17587 2
17588 17588 -2
17590 17590 2
17591 17591 -2
17592 17592 -2
17593 17593 2
17594 17594 4
17595 17595 2
17598 17598 2
17599 17599 -2
17600 17600 -2
17602 17602 4
17603 17603 2
17604 17604 2
17605 17605 4
17607 17607 -2
17608 17608 -4
17609 17609 -4
17611 17611 -2
17612 17612 -2
17614 17614 -2
17616 17616 -2
17618 17618 2
17619 17619 4
17620 17620 2
17621 17621 4
17622 17622 2
17623 17623 2
17626 17626 -4
17628 17628 2
17629 17629 4
17631 17631 -4
17632 17632 -4
17633 17633 -2
17634 17634 2
17636 17636 -4
17637 17637 2
17638 17638 4
17639 17639 2
17640 17640 2
17641 17641 2
17646 17646 2
17648 17648 2
17650 17650 2
17651 17651 2
17654 17654 -2
17655 17655 -2
17657 17657 -4
17658 17658 -2
17659 17659 2
17663 17663 4
17664 17664 2
17665 17665 2
17666 17666 2
17667 17667 2
17668 17668 2
17669 17669 -2
17670 17670 -2
17671 17671 -4
17672 17672 2
17673 17673 -2
17675 17675 -2
17677 17677 2
17679 17679 -2
17681 17681 -2
17682 17682 2
17683 17683 2
17685 17685 -2
17686 17686 2
17687 17687 -2
17688 17688 -2
17690 17690 2
17692 17692 2
17694 17694 2
17695 17695 4
17696 17696 4
17697 17697 -2
17698 17698 2
17700 17700 4
17705 17705 -2
17706 17706 -4
17707 17707 2
17708 17708 -2
17709 17709 -2
17712 17712 2
17716 17716 -2
17718 17718 -2
17720 17720 2
17722 17722 -2
17723 17723 4
17724 17724 2
17726 17726 -4
17727 17727 2
17728 17728 4
17729 17729 2
17731 17731 -2
17733 17733 -2
17734 17734 2
17735 17735 4
17737 17737 -2
17739 17739 2
17740 17740 4
17741 17741 2
17742 17742 -2
17743 17743 -2
17744 17744 -2
17745 17745 -4
17746 17746 -4
17748 17748 4
17751 17751 2
17752 17752 2
17754 17754 2
17755 17755 4
17756 17756 4
17758 17758 2
17759 17759 2
17760 17760 -2
17763 17763 2
17764 17764 4
17765 17765 2
17767 17767 2
17768 17768 2
17769 17769 -2
17771 17771 -2
17772 17772 -2
17774 17774 2
17777 17777 2
17779 17779 2
17780 17780 4
17783 17783 2
17784 17784 2
17785 17785 -2
17786 17786 -2
17790 17790 2
17791 17791 2
17792 17792 2
17795 17795 4
17796 17796 4
17798 17798 2
17802 17802 2
17803 17803 -2
17805 17805 -2
17806 17806 -2
17807 17807 2
17808 17808 -2
17809 17809 -2
17810 17810 2
17811 17811 4
17813 17813 -2
17815 17815 -2
17818 17818 -2
17820 17820 -2
17821 17821 -2
17823 17823 4
17824 17824 2
17825 17825 4
17830 17830 2
17832 17832 -2
17833 17833 -2
17834 17834 -4
17836 17836 -2
17837 17837 -2
17843 17843 -4
17845 17845 2
17847 17847 2
17848 17848 4
17849 17849 2
17851 17851 -2
17852 17852 -2
17853 17853 -4
17854 17854 -4
17855 17855 -2
17857 17857 2
17858 17858 2
17860 17860 2
17862 17862 -2
17865 17865 -2
17867 17867 2
17869 17869 -2
17871 17871 4
17873 17873 2
17875 17875 -2
17878 17878 2
17879 17879 4
17882 17882 2
17883 17883 2
17885 17885 -2
17886 17886 -2
17887 17887 2
17889 17889 -2
17892 17892 2
17893 17893 2
17894 17894 -4
17896 17896 2
17898 17898 -2
17899 17899 -2
17900 17900 -2
17901 17901 -4
17902 17902 2
17905 17905 -4
17906 17906 -2
17907 17907 -2
17908 17908 -2
17909 17909 -4
17910 17910 -2
17912 17912 -2
17914 17914 2
17915 17915 2
17916 17916 2
17918 17918 -2
17922 17922 -2
17923 17923 -2
17925 17925 2
17928 17928 -2
17929 17929 2
17930 17930 2
17931 17931 4
17933 17933 4
17939 17939 2
17940 17940 2
17942 17942 2
17943 17943 -2
17944 17944 -2
17945 17945 2
17946 17946 2
17947 17947 4
17948 17948 2
17949 17949 2
17950 17950 4
17951 17951 -2
17952 17952 -4
17954 17954 2
17956 17956 -2
17957 17957 2
17959 17959 -2
17960 17960 -2
17963 17963 2
17964 17964 -2
17965 17965 -2
17967 17967 -2
17968 17968 -4
17969 17969 2
17974 17974 -2
17975 17975 -2
17976 17976 -2
17978 17978 -2
17980 17980 -2
17981 17981 -2
17982 17982 4
17983 17983 2
17984 17984 2
17985 17985 4
17987 17987 2
17988 17988 2
17989 17989 4
17992 17992 4
17993 17993 4
17995 17995 -4
17996 17996 -2
17997 17997 -2
17999 17999 2
18000 18000 2
18001 18001 -2
18003 18003 2
18004 18004 -2
18005 18005 -2
18007 18007 2
18008 18008 2
18009 18009 -4
18010 18010 -4
18016 18016 2
18017 18017 2
18018 18018 4
18019 18019 -2
18020 18020 -2
18022 18022 -2
18023 18023 -4
18024 18024 2
18025 18025 4
18027 18027 -2
18028 18028 -2
18029 18029 2
18031 18031 -2
18032 18032 -2
18033 18033 2
18035 18035 2
18040 18040 -4
18042 18042 2
18043 18043 -2
18044 18044 -2
18045 18045 -2
18047 18047 2
18048 18048 2
18050 18050 2
18052 18052 -2
18053 18053 2
18054 18054 -2
18055 18055 2
18056 18056 -2
18057 18057 -4
18062 18062 -4
18063 18063 -2
18066 18066 -2
18067 18067 -4
18068 18068 -4
18071 18071 -2
18072 18072 -4
18073 18073 2
18074 18074 2
18075 18075 2
18076 18076 -2
18077 18077 2
18078 18078 -2
18081 18081 -2
18082 18082 2
18083 18083 4
18084 18084 4
18085 18085 2
18088 18088 -2
18090 18090 -2
18091 18091 -4
18094 18094 2
18096 18096 -4
18098 18098 2
18099 18099 2
18100 18100 2
18101 18101 2
18103 18103 -2
18104 18104 -2
18106 18106 2
18107 18107 4
18108 18108 4
18110 18110 2
18111 18111 2
18112 18112 2
18113 18113 2
18116 18116 2
18117 18117 2
18118 18118 2
18119 18119 2
18121 18121 4
18122 18122 4
18125 18125 2
18126 18126 2
18127 18127 2
18128 18128 2
18130 18130 2
18133 18133 2
18134 18134 -2
18135 18135 2
18136 18136 -2
18138 18138 4
18139 18139 4
18140 18140 2
18141 18141 -2
18142 18142 -2
18145 18145 2
18148 18148 2
18149 18149 4
18150 18150 2
18153 18153 2
18154 18154 -4
18157 18157 -2
18164 18164 -2
18168 18168 -2
18172 18172 -4
18175 18175 4
18176 18176 2
18179 18179 2
18180 18180 2
18182 18182 -2
18183 18183 2
18184 18184 2
18185 18185 -4
18186 18186 -4
18188 18188 -4
18189 18189 -2
18190 18190 2
18191 18191 -2
18192 18192 4
18196 18196 2
18197 18197 2
18200 18200 -2
18201 18201 -2
18203 18203 -2
18205 18205 -2
18207 18207 2
18208 18208 2
18209 18209 2
18210 18210 2
18211 18211 -2
18213 18213 2
18214 18214 2
18215 18215 2
18219 18219 2
18220 18220 -2
18221 18221 -2
18222 18222 -2
18223 18223 -2
18224 18224 -4
18226 18226 -4
18227 18227 -4
18228 18228 2
18230 18230 -2
18231 18231 -2
18232 18232 2
18235 18235 2
18236 18236 -4
18239 18239 -2
18240 18240 -2
18241 18241 -2
18242 18242 2
18245 18245 4
18248 18248 -4
18250 18250 -2
18253 18253 2
18255 18255 2
18256 18256 2
18258 18258 2
18259 18259 2
18260 18260 2
18261 18261 2
18265 18265 -4
18266 18266 -2
18267 18267 -2
18268 18268 -2
18269 18269 2
18271 18271 2
18272 18272 -2
18273 18273 2
18274 18274 2
18275 18275 2
18276 18276 -2
18277 18277 -2
18278 18278 -2
18279 18279 4
18280 18280 4
18281 18281 2
18283 18283 2
18285 18285 -2
18286 18286 -4
18289 18289 -2
18290 18290 4
18292 18292 2
18293 18293 -2
18294 18294 -2
18295 18295 -2
18296 18296 2
18298 18298 2
18302 18302 -2
18303 18303 2
18304 18304 2
18306 18306 2
18307 18307 2
18308 18308 -4
18309 18309 2
18310 18310 2
18311 18311 2
18312 18312 2
18313 18313 2
18315 18315 -2
18316 18316 -4
18318 18318 4
18319 18319 2
18320 18320 2
18321 18321 -2
18322 18322 -2
18324 18324 -4
18325 18325 2
18328 18328 2
18332 18332 2
18334 18334 2
18335 18335 2
18336 18336 -2
18341 18341 -2
18342 18342 2
18343 18343 -2
18346 18346 -2
18348 18348 2
18351 18351 4
18352 18352 -2
18353 18353 -4
18354 18354 -2
18355 18355 -2
18356 18356 -2
18357 18357 -2
18358 18358 -2
18359 18359 4
18361 18361 -2
18362 18362 2
18363 18363 -2
18365 18365 -2
18367 18367 -4
18368 18368 -2
18369 18369 4
18370 18370 -2
18372 18372 -2
18373 18373 2
18375 18375 2
18376 18376 -2
18377 18377 2
18379 18379 -2
18380 18380 -2
18385 18385 2
18386 18386 2
18388 18388 2
18390 18390 2
18391 18391 -2
18392 18392 2
18394 18394 -4
18397 18397 -2
18398 18398 2
18399 18399 2
18400 18400 -2
18401 18401 -2
18402 18402 -2
18403 18403 4
18404 18404 4
18405 18405 2
18406 18406 2
18408 18408 -2
18409 18409 -2
18412 18412 -2
18413 18413 2
18418 18418 2
18420 18420 2
18425 18425 2
18427 18427 2
18429 18429 -4
18430 18430 -4
18431 18431 -4
18432 18432 -2
18433 18433 -2
18434 18434 -2
18435 18435 -2
18436 18436 2
18437 18437 -2
18439 18439 2
18441 18441 2
18443 18443 -4
18444 18444 -2
18445 18445 -2
18446 18446 2
18447 18447 2
18449 18449 -2
18451 18451 -2
18452 18452 -2
18453 18453 -2
18454 18454 -2
18456 18456 2
18457 18457 2
18458 18458 -4
18461 18461 -2
18464 18464 4
18465 18465 -2
18466 18466 -2
18467 18467 -4
18468 18468 -4
18470 18470 2
18472 18472 -2
18473 18473 2
18474 18474 -2
18475 18475 2
18476 18476 2
18478 18478 2
18481 18481 -4
18482 18482 -4
18483 18483 -2
18486 18486 -2
18489 18489 2
18490 18490 2
18491 18491 -2
18494 18494 -2
18496 18496 -4
18497 18497 -2
18498 18498 4
18499 18499 2
18502 18502 -2
18504 18504 2
18505 18505 -2
18508 18508 2
18510 18510 4
18511 18511 -2
18512 18512 -2
18516 18516 -2
18517 18517 -2
18522 18522 2
18527 18527 2
18528 18528 -4
18529 18529 -2
18530 18530 -2
18533 18533 -4
18534 18534 -4
18535 18535 -2
18536 18536 2
18538 18538 2
18540 18540 2
18541 18541 4
18543 18543 -2
18544 18544 -2
18545 18545 -2
18546 18546 -2
18547 18547 -2
18548 18548 -2
18549 18549 -2
18552 18552 2
18553 18553 2
18554 18554 -2
18555 18555 -2
18557 18557 2
18559 18559 -2
18561 18561 -2
18562 18562 4
18563 18563 2
18565 18565 -4
18566 18566 -2
18569 18569 -2
18570 18570 4
18572 18572 -2
18574 18574 -2
18575 18575 -2
18576 18576 2
18578 18578 2
18579 18579 2
18580 18580 2
18581 18581 -4
18582 18582 -2
18583 18583 -2
18585 18585 4
18588 18588 -2
18591 18591 2
18592 18592 2
18593 18593 2
18594 18594 2
18595 18595 -2
18597 18597 -2
18598 18598 -2
18599 18599 2
18600 18600 -2
18601 18601 -2
18602 18602 -2
18604 18604 2
18605 18605 2
18606 18606 2
18608 18608 -2
18609 18609 -4
18611 18611 -2
18613 18613 2
18616 18616 -2
18618 18618 2
18619 18619 -2
18621 18621 2
18623 18623 -2
18624 18624 -2
18625 18625 2
18626 18626 2
18627 18627 2
18628 18628 2
18631 18631 2
18632 18632 2
18634 18634 -2
18636 18636 -2
18637 18637 -4
18638 18638 -2
18639 18639 -2
18640 18640 -2
18641 18641 2
18642 18642 2
18643 18643 2
18644 18644 2
18645 18645 4
18646 18646 2
18648 18648 2
18650 18650 4
18651 18651 2
18653 18653 -2
18654 18654 -4
18655 18655 -2
18656 18656 -4
18658 18658 -2
18660 18660 2
18661 18661 2
18662 18662 2
18665 18665 -2
18666 18666 -2
18667 18667 2
18669 18669 2
18670 18670 2
18672 18672 -2
18675 18675 -2
18676 18676 2
18678 18678 4
18679 18679 4
18680 18680 2
18681 18681 2
18682 18682 4
18683 18683 2
18684 18684 2
18686 18686 -4
18687 18687 -2
18692 18692 -2
18693 18693 -4
18696 18696 -2
18697 18697 -2
18700 18700 4
18704 18704 2
18705 18705 2
18706 18706 2
18707 18707 -2
18708 18708 -2
18709 18709 -4
18710 18710 -2
18711 18711 -2
18712 18712 -2
18713 18713 -2
18714 18714 -2
18716 18716 -2
18717 18717 -2
18718 18718 2
18720 18720 2
18721 18721 -2
18722 18722 2
18724 18724 -4
18725 18725 2
18726 18726 4
18728 18728 2
18731 18731 2
18732 18732 2
18734 18734 -2
18735 18735 2
18737 18737 2
18741 18741 2
18742 18742 4
18743 18743 2
18744 18744 -2
18745 18745 -2
18748 18748 2
18749 18749 -2
18751 18751 -2
18753 18753 -2
18754 18754 -2
18755 18755 -2
18756 18756 -2
18758 18758 -4
18759 18759 -2
18760 18760 -2
18761 18761 -2
18767 18767 -2
18768 18768 -4
18769 18769 -2
18770 18770 -4
18771 18771 -2
18773 18773 2
18774 18774 -2
18776 18776 4
18782 18782 -2
18783 18783 -2
18784 18784 -2
18785 18785 -2
18786 18786 -4
18787 18787 2
18789 18789 -4
18790 18790 -2
18791 18791 -2
18792 18792 -4
18796 18796 2
18799 18799 2
18800 18800 4
18802 18802 -2
18803 18803 -2
18804 18804 -2
18805 18805 2
18806 18806 2
18808 18808 -2
18809 18809 -2
18810 18810 2
18811 18811 2
18812 18812 4
18813 18813 2
18814 18814 -2
18815 18815 -2
18818 18818 2
18819 18819 -4
18821 18821 -2
18822 18822 4
18823 18823 4
18824 18824 -2
18826 18826 2
18827 18827 2
18828 18828 2
18829 18829 -2
18830 18830 -2
18831 18831 4
18833 18833 -2
18834 18834 -2
18835 18835 2
18836 18836 -2
18838 18838 2
18839 18839 4
18841 18841 -4
18842 18842 2
18843 18843 4
18844 18844 2
18845 18845 2
18849 18849 2
18851 18851 -2
18852 18852 -2
18854 18854 2
18855 18855 -2
18856 18856 -4
18859 18859 -4
18862 18862 2
18863 18863 2
18864 18864 4
18866 18866 4
18867 18867 -2
18868 18868 -2
18869 18869 -2
18871 18871 -4
18872 18872 -2
18874 18874 -4
18875 18875 -2
18879 18879 -2
18880 18880 -2
18881 18881 2
18884 18884 -2
18886 18886 -2
18887 18887 2
18890 18890 -2
18891 18891 -2
18894 18894 2
18897 18897 -2
18898 18898 -2
18899 18899 -2
18900 18900 2
18903 18903 2
18904 18904 -2
18907 18907 2
18909 18909 -2
18911 18911 2
18912 18912 2
18913 18913 4
18916 18916 2
18918 18918 4
18920 18920 4
18921 18921 -2
18923 18923 2
18925 18925 -2
18926 18926 2
18927 18927 2
18928 18928 2
18929 18929 2
18931 18931 2
18933 18933 -4
18936 18936 -2
18938 18938 -2
18939 18939 -2
18940 18940 -2
18941 18941 -2
18945 18945 2
18946 18946 2
18947 18947 2
18948 18948 -4
18949 18949 2
18952 18952 -2
18953 18953 2
18954 18954 -2
18955 18955 -4
18956 18956 -2
18957 18957 2
18959 18959 -4
18960 18960 2
18964 18964 2
18966 18966 2
18969 18969 -2
18970 18970 2
18971 18971 -4
18972 18972 -4
18977 18977 -2
18985 18985 2
18986 18986 -2
18987 18987 -2
18988 18988 -2
18989 18989 -4
18992 18992 4
18993 18993 2
18994 18994 2
18996 18996 -2
18997 18997 -4
18998 18998 2
19000 19000 2
19002 19002 -2
19003 19003 4
19004 19004 2
19005 19005 -4
19006 19006 -2
19008 19008 2
19009 19009 2
19011 19011 2
19012 19012 2
19015 19015 -2
19016 19016 2
19017 19017 -2
19018 19018 2
19021 19021 -2
19022 19022 4
19024 19024 2
19026 19026 2
19027 19027 2
19029 19029 2
19032 19032 2
19033 19033 -2
19035 19035 -4
19038 19038 -4
19039 19039 -2
19041 19041 2
19045 19045 -4
19046 19046 2
19047 19047 2
19049 19049 4
19051 19051 2
19053 19053 2
19055 19055 2
19058 19058 2
19059 19059 -2
19060 19060 -2
19061 19061 -2
19063 19063 2
19064 19064 2
19065 19065 -4
19066 19066 -2
19067 19067 -2
19068 19068 -4
19070 19070 4
19071 19071 -2
19072 19072 -4
19073 19073 -2
19076 19076 2
19077 19077 2
19078 19078 2
19079 19079 4
19081 19081 -2
19082 19082 2
19086 19086 -2
19087 19087 -2
19088 19088 2
19089 19089 -4
19090 19090 -2
19091 19091 -4
19092 19092 2
19095 19095 -2
19096 19096 -2
19097 19097 2
19098 19098 2
19100 19100 -2
19101 19101 2
19104 19104 -2
19105 19105 -4
19106 19106 -2
19107 19107 2
19108 19108 4
19109 19109 4
19110 19110 2
19112 19112 2
19114 19114 2
19115 19115 -2
19116 19116 2
19117 19117 -2
19118 19118 -2
19119 19119 2
19120 19120 4
19122 19122 2
19123 19123 -2
19126 19126 4
19127 19127 2
19128 19128 -4
19129 19129 2
19131 19131 2
19132 19132 4
19133 19133 2
19136 19136 2
19137 19137 2
19138 19138 -2
19142 19142 -2
19146 19146 4
19147 19147 4
19148 19148 2
19149 19149 2
19150 19150 -4
19151 19151 -2
19152 19152 2
19154 19154 -2
19156 19156 2
19158 19158 2
19159 19159 2
19160 19160 -2
19161 19161 2
19163 19163 2
19164 19164 4
19165 19165 -2
19168 19168 -2
19170 19170 -2
19171 19171 -2
19172 19172 -2
19173 19173 -4
19174 19174 2
19175 19175 2
19177 19177 2
19178 19178 -2
19179 19179 -2
19180 19180 -2
19181 19181 -4
19182 19182 -4
19183 19183 -2
19184 19184 -2
19185 19185 -2
19186 19186 2
19187 19187 2
19188 19188 2
19192 19192 4
19193 19193 2
19194 19194 2
19196 19196 -2
19197 19197 2
19198 19198 4
19199 19199 -2
19202 19202 -2
19203 19203 -4
19204 19204 -2
19205 19205 -2
19206 19206 -4
19207 19207 2
19208 19208 2
19210 19210 2
19213 19213 -2
19217 19217 -2
19218 19218 4
19219 19219 2
19220 19220 2
19222 19222 -4
19223 19223 -2
19224 19224 2
19226 19226 2
19227 19227 2
19230 19230 -2
19231 19231 2
19232 19232 2
19234 19234 2
19236 19236 2
19237 19237 4
19240 19240 2
19242 19242 -2
19243 19243 -2
19244 19244 2
19245 19245 2
19248 19248 -4
19249 19249 2
19250 19250 -2
19252 19252 -2
19253 19253 -4
19255 19255 -2
19256 19256 2
19257 19257 -2
19258 19258 -2
19259 19259 2
19260 19260 2
19261 19261 2
19263 19263 4
19264 19264 4
19267 19267 2
19268 19268 -2
19271 19271 2
19273 19273 -2
19276 19276 2
19278 19278 -2
19279 19279 -2
19280 19280 -2
19281 19281 -2
19282 19282 -2
19283 19283 -2
19284 19284 -2
19288 19288 -2
19290 19290 2
19292 19292 2
19295 19295 2
19297 19297 -2
19300 19300 -2
19302 19302 2
19305 19305 -2
19310 19310 2
19311 19311 2
19316 19316 -2
19317 19317 -4
19319 19319 -2
19320 19320 -4
19321 19321 -2
19322 19322 -2
19327 19327 -2
19329 19329 -2
19330 19330 -4
19334 19334 2
19335 19335 -2
19336 19336 2
19338 19338 2
19339 19339 -2
19340 19340 2
19341 19341 2
19342 19342 -2
19343 19343 -2
19345 19345 2
19353 19353 -2
19354 19354 -2
19356 19356 4
19358 19358 -2
19359 19359 -4
19364 19364 2
19365 19365 4
19366 19366 -2
19369 19369 2
19370 19370 -2
19371 19371 -4
19372 19372 -2
19373 19373 2
19377 19377 2
19378 19378 4
19380 19380 -4
19381 19381 -4
19384 19384 4
19385 19385 2
19390 19390 2
19391 19391 2
19392 19392 2
19394 19394 2
19395 19395 2
19396 19396 2
19398 19398 2
19399 19399 4
19400 19400 2
19401 19401 2
19403 19403 2
19404 19404 2
19405 19405 -4
19406 19406 -4
19407 19407 -4
19408 19408 -4
19409 19409 -2
19410 19410 -4
19411 19411 -4
19412 19412 -2
19413 19413 -2
19416 19416 -2
19417 19417 -4
19420 19420 -2
19421 19421 -4
19423 19423 2
19424 19424 2
19426 19426 -2
19427 19427 -4
19428 19428 -2
19429 19429 -2
19434 19434 -2
19435 19435 -2
19436 19436 4
19437 19437 -2
19439 19439 -4
19440 19440 -4
19443 19443 -2
19444 19444 -2
19445 19445 2
19446 19446 4
19447 19447 2
19448 19448 -4
19450 19450 2
19453 19453 -2
19454 19454 2
19455 19455 2
19456 19456 2
19457 19457 -2
19458 19458 -2
19459 19459 -4
19460 19460 2
19465 19465 4
19467 19467 -2
19469 19469 4
19471 19471 2
19475 19475 2
19476 19476 -2
19477 19477 2
19479 19479 -2
19480 19480 -4
19483 19483 -2
19485 19485 -2
19486 19486 2
19487 19487 -2
19488 19488 -2
19490 19490 2
19491 19491 2
19492 19492 4
19499 19499 4
19500 19500 2
19502 19502 2
19503 19503 4
19506 19506 2
19507 19507 2
19509 19509 2
19510 19510 -4
19511 19511 -2
19512 19512 2
19513 19513 2
19514 19514 2
19515 19515 2
19516 19516 -2
19517 19517 -2
19518 19518 -2
19519 19519 -2
19520 19520 2
19521 19521 2
19526 19526 2
19527 19527 -4
19528 19528 -4
19529 19529 -2
19530 19530 2
19531 19531 -2
19533 19533 -2
19534 19534 -2
19536 19536 4
19537 19537 -2
19539 19539 -4
19540 19540 -4
19541 19541 -2
19543 19543 -4
19544 19544 2
19549 19549 4
19550 19550 2
19551 19551 2
19552 19552 -2
19553 19553 -4
19554 19554 -2
19555 19555 -2
19557 19557 -2
19558 19558 -2
19559 19559 -4
19563 19563 4
19565 19565 2
19566 19566 2
19567 19567 2
19569 19569 -2
19570 19570 -2
19571 19571 2
19573 19573 -2
19574 19574 2
19575 19575 4
19576 19576 -2
19577 19577 2
19582 19582 -2
19583 19583 2
19584 19584 2
19585 19585 -2
19587 19587 2
19588 19588 4
19589 19589 4
19592 19592 2
19594 19594 -4
19597 19597 -2
19598 19598 -2
19601 19601 -2
19602 19602 -2
19603 19603 -2
19604 19604 -4
19606 19606 2
19607 19607 4
19608 19608 -2
19609 19609 2
19610 19610 2
19611 19611 -2
19612 19612 -2
19613 19613 2
19614 19614 -2
19615 19615 -2
19616 19616 2
19617 19617 4
19618 19618 2
19620 19620 2
19621 19621 2
19622 19622 2
19623 19623 2
19624 19624 2
19625 19625 2
19626 19626 -2
19627 19627 -4
19630 19630 -2
19631 19631 -4
19632 19632 -4
19633 19633 -2
19634 19634 2
19637 19637 -4
19638 19638 2
19640 19640 -4
19642 19642 2
19643 19643 -2
19644 19644 2
19645 19645 2
19646 19646 2
19649 19649 -2
19650 19650 -4
19651 19651 -2
19655 19655 4
19657 19657 2
19658 19658 4
19659 19659 -2
19660 19660 -4
19662 19662 -4
19663 19663 2
19668 19668 2
19669 19669 2
19671 19671 -2
19674 19674 2
19675 19675 4
19678 19678 -2
19679 19679 -2
19681 19681 2
19682 19682 2
19684 19684 4
19685 19685 2
19686 19686 -4
19689 19689 2
19690 19690 2
19693 19693 -2
19696 19696 2
19697 19697 2
19698 19698 2
19700 19700 2
19701 19701 -2
19702 19702 -2
19703 19703 -4
19704 19704 -2
19705 19705 -2
19706 19706 -2
19709 19709 2
19710 19710 -2
19712 19712 2
19714 19714 -2
19715 19715 -4
19716 19716 2
19717 19717 4
19718 19718 2
19720 19720 2
19721 19721 4
19722 19722 2
19726 19726 2
19727 19727 2
19728 19728 2
19732 19732 -2
19734 19734 2
19735 19735 2
19737 19737 -4
19739 19739 2
19740 19740 2
19741 19741 4
19742 19742 2
19743 19743 -2
19744 19744 -2
19747 19747 -2
19748 19748 -2
19751 19751 -4
19756 19756 -2
19758 19758 -2
19759 19759 -4
19760 19760 -2
19761 19761 2
19763 19763 2
19764 19764 -2
19765 19765 -4
19766 19766 2
19769 19769 4
19770 19770 -2
19772 19772 4
19773 19773 4
19774 19774 2
19777 19777 -2
19779 19779 2
19781 19781 2
19782 19782 -2
19783 19783 -2
19788 19788 -4
19789 19789 -4
19790 19790 -2
19791 19791 -2
19792 19792 -2
19793 19793 -4
19795 19795 -2
19796 19796 -2
19798 19798 -2
19801 19801 -2
19802 19802 2
19803 19803 -2
19804 19804 -2
19805 19805 -2
19807 19807 -2
19808 19808 2
19809 19809 4
19810 19810 -2
19811 19811 -2
19812 19812 2
19813 19813 4
19814 19814 2
19815 19815 2
19816 19816 2
19817 19817 4
19818 19818 2
19819 19819 2
19820 19820 4
19823 19823 -2
19824 19824 -4
19825 19825 -2
19826 19826 -2
19827 19827 -2
19829 19829 -4
19830 19830 -2
19831 19831 2
19834 19834 2
19836 19836 -4
19837 19837 -2
19838 19838 4
19839 19839 2
19841 19841 2
19842 19842 2
19843 19843 -2
19844 19844 -4
19848 19848 -4
19849 19849 -2
19850 19850 -2
19851 19851 -4
19853 19853 2
19854 19854 4
19860 19860 2
19861 19861 -2
19862 19862 -2
19863 19863 2
19865 19865 -4
19866 19866 2
19867 19867 -2
19868 19868 -2
19869 19869 2
19871 19871 2
19872 19872 2
19874 19874 -4
19875 19875 -4
19877 19877 -2
19878 19878 2
19879 19879 4
19881 19881 4
19882 19882 2
19884 19884 -2
19885 19885 -2
19886 19886 -2
19887 19887 -2
19889 19889 2
19891 19891 -2
19893 19893 -2
19895 19895 -4
19896 19896 -2
19897 19897 4
19898 19898 4
19899 19899 4
19900 19900 -4
19901 19901 -4
19902 19902 -4
19903 19903 -2
19905 19905 -2
19906 19906 -2
19907 19907 2
19910 19910 2
19912 19912 4
19913 19913 4
19915 19915 4
19916 19916 -2
19918 19918 2
19919 19919 4
19922 19922 2
19924 19924 -2
19926 19926 -2
19927 19927 2
19928 19928 2
19935 19935 -2
19938 19938 2
19939 19939 2
19940 19940 -2
19946 19946 -4
19947 19947 -2
19948 19948 -2
19951 19951 2
19953 19953 -2
19954 19954 -2
19955 19955 -4
19958 19958 -2
19959 19959 -4
19961 19961 -2
19964 19964 2
19965 19965 2
19966 19966 2
19967 19967 -2
19968 19968 -4
19969 19969 -2
19970 19970 4
19971 19971 2
19972 19972 4
19973 19973 4
19974 19974 2
19976 19976 -2
19977 19977 -4
19978 19978 2
19979 19979 4
19980 19980 -2
19982 19982 4
19984 19984 -2
19985 19985 2
19988 19988 2
19989 19989 2
19990 19990 4
19993 19993 -2
19995 19995 2
19996 19996 2
19997 19997 2
19999 19999 2