800 19933 -26 21
0 142 2
0 645 -2
0 43 -2
0 689 -2
0 481 -2
0 412 2
0 209 -2
0 232 -2
0 292 -2
0 162 -2
0 464 -2
0 755 -2
0 660 2
0 625 -2
0 235 2
0 96 2
0 417 -2
0 594 2
0 237 -2
0 212 -2
0 598 -2
0 134 2
0 172 2
0 337 -2
0 17 -2
0 51 2
0 427 -2
0 219 2
0 183 2
0 485 2
0 3 -2
0 377 2
0 580 -2
0 514 -2
0 567 2
0 185 -2
0 356 2
0 372 -2
0 577 -2
0 737 -2
0 57 -2
0 739 2
0 264 2
0 610 -2
1 453 -2
1 621 2
1 703 2
1 151 -2
1 579 -2
1 354 -2
1 232 2
1 388 -2
1 140 2
1 270 2
1 384 -2
1 383 -2
1 344 2
1 136 2
1 7 2
1 496 2
1 581 -2
1 471 -2
1 293 -2
1 304 -2
1 241 -2
1 572 2
1 771 -2
1 422 2
1 676 -2
1 723 2
1 163 2
1 701 -2
1 71 -2
1 261 2
1 770 2
1 4 -2
1 192 2
1 460 2
1 715 -2
1 664 2
1 177 2
1 271 2
1 613 2
1 16 2
1 485 2
1 519 -2
1 768 -2
1 337 -2
1 612 -2
1 376 2
1 649 -2
1 284 -2
1 13 -2
1 145 -2
1 130 -2
1 218 -2
1 585 2
1 606 2
1 296 2
1 400 -2
1 629 -2
2 121 -2
2 75 -2
2 778 2
2 589 -2
2 768 2
2 657 -2
2 757 -2
2 211 -2
2 380 -2
2 476 -2
2 168 2
2 396 -2
2 56 -2
2 275 2
2 664 -2
2 225 -2
2 535 -2
2 292 2
2 637 2
2 569 2
2 385 2
2 798 2
2 496 -2
2 422 2
2 283 2
2 491 -2
2 54 -2
2 302 -2
2 132 2
2 84 -2
2 479 -2
2 628 -2
2 658 -2
2 730 -2
2 478 -2
2 191 2
2 21 2
2 67 -2
2 14 -2
2 206 -2
2 593 -2
3 593 2
3 764 2
3 442 -2
3 474 2
3 599 -2
3 684 -2
3 519 -2
3 47 -2
3 708 -2
3 376 -2
3 306 2
3 314 -2
3 329 -2
3 375 2
3 426 2
3 425 -2
3 724 2
3 604 2
3 143 -2
3 146 -2
3 583 2
3 558 2
3 41 -2
3 602 2
3 271 -2
3 79 -2
3 56 2
3 567 -2
3 563 2
3 427 -2
3 767 -2
3 685 2
3 632 -2
3 259 2
3 88 2
3 78 2
3 694 -2
3 534 2
3 331 -2
3 575 2
3 506 2
3 377 -2
3 701 -2
3 528 -2
3 680 -2
3 544 -2
3 267 -2
3 719 2
3 736 2
3 571 -2
3 611 2
3 793 2
3 385 2
4 495 -2
4 541 -2
4 739 -2
4 5 2
4 370 -2
4 563 -2
4 608 -2
4 208 -2
4 81 -2
4 220 2
4 579 2
4 155 2
4 511 -2
4 112 2
4 645 -2
4 25 -2
4 422 -2
4 431 -2
4 62 2
4 255 2
4 615 2
4 711 -2
4 647 2
4 365 2
4 164 2
4 277 -2
4 719 -2
4 111 2
4 381 -2
4 38 -2
4 74 2
4 664 -2
4 767 2
4 181 2
4 508 2
4 793 -2
4 595 2
4 567 -2
4 226 -2
4 525 2
4 304 -2
4 329 -2
4 204 2
5 687 2
5 266 -2
5 587 -2
5 307 2
5 65 -2
5 758 2
5 386 2
5 789 -2
5 353 2
5 49 2
5 19 -2
5 84 -2
5 500 -2
5 362 2
5 761 -2
5 413 2
5 278 2
5 277 -2
5 739 2
5 341 -2
5 241 -2
5 436 -2
5 378 2
5 578 -2
5 726 2
5 220 -2
5 70 -2
5 230 2
5 701 -2
5 293 2
5 375 -2
5 389 2
5 680 2
5 377 -2
5 232 2
5 290 2
5 137 2
6 487 -2
6 538 -2
6 249 2
6 23 2
6 757 -2
6 218 -2
6 595 2
6 736 -2
6 152 2
6 92 2
6 490 2
6 344 2
6 447 -2
6 777 -2
6 400 -2
6 101 2
6 688 -2
6 135 2
6 191 2
6 235 -2
6 271 -2
6 464 2
6 767 -2
6 790 -2
6 680 -2
6 366 -2
6 225 -2
6 678 2
6 438 -2
6 530 2
6 737 2
6 385 2
6 230 -2
6 63 -2
6 505 2
6 53 -2
6 340 -2
6 322 -2
6 168 2
6 253 2
6 569 -2
6 172 -2
6 134 -2
6 547 -2
6 112 -2
7 623 -2
7 542 -2
7 595 2
7 279 2
7 433 -2
7 340 2
7 12 -2
7 72 -2
7 198 2
7 50 -2
7 358 -2
7 636 2
7 328 -2
7 499 -2
7 307 2
7 301 -2
7 547 2
7 79 2
7 324 2
7 95 -2
7 533 2
7 121 2
7 259 -2
7 667 2
7 740 2
7 389 2
7 477 2
7 664 -2
7 254 -2
7 153 -2
7 84 -2
7 661 2
7 598 2
7 697 2
7 601 -2
7 133 2
7 650 2
7 73 2
7 716 2
7 209 -2
7 321 -2
7 718 2
7 431 -2
7 26 2
7 156 -2
7 618 -2
8 460 -2
8 252 2
8 193 2
8 498 -2
8 576 2
8 440 2
8 489 2
8 704 -2
8 754 -2
8 408 -2
8 653 2
8 437 2
8 123 -2
8 177 2
8 216 2
8 349 -2
8 90 2
8 55 2
8 420 2
8 797 -2
8 609 2
8 751 -2
8 425 2
8 699 -2
8 660 -2
8 396 2
8 363 -2
8 280 -2
8 44 2
8 428 2
8 196 -2
8 364 -2
8 769 2
8 142 2
8 160 -2
8 346 -2
8 171 -2
8 535 -2
8 124 -2
8 563 2
8 418 -2
8 308 2
8 299 2
8 328 -2
8 271 -2
9 695 -2
9 720 2
9 526 2
9 57 -2
9 586 -2
9 559 2
9 495 2
9 217 2
9 605 -2
9 312 2
9 630 -2
9 663 -2
9 430 -2
9 307 2
9 347 2
9 557 -2
9 616 -2
9 509 -2
9 490 2
9 62 2
9 726 -2
9 258 -2
9 354 -2
9 133 2
9 102 2
9 69 -2
9 697 -2
9 158 -2
9 545 -2
9 623 -2
9 579 -2
9 337 2
9 387 2
9 330 2
9 166 2
9 552 -2
9 309 2
9 174 -2
9 179 -2
9 372 -2
9 47 2
9 94 -2
9 595 -2
9 49 2
10 84 2
10 713 -2
10 751 2
10 742 -2
10 471 -2
10 159 2
10 680 -2
10 410 2
10 539 2
10 384 -2
10 282 2
10 543 2
10 135 -2
10 337 2
10 407 2
10 698 2
10 30 2
10 693 -2
10 316 2
10 310 2
10 178 2
10 246 -2
10 39 2
10 575 -2
10 366 2
10 345 -2
10 558 2
10 459 -2
10 55 -2
10 299 -2
10 797 -2
10 48 -2
10 509 -2
10 736 -2
10 466 2
10 687 2
10 321 2
10 18 -2
10 68 2
10 194 2
10 623 2
10 183 -2
10 80 2
10 154 2
10 690 -2
10 552 -2
10 434 2
10 231 -2
11 31 -2
11 92 -2
11 669 -2
11 309 2
11 752 2
11 790 2
11 370 -2
11 146 -2
11 480 -2
11 416 -2
11 628 2
11 123 -2
11 272 2
11 637 2
11 104 -2
11 796 2
11 264 2
11 644 -2
11 251 -2
11 436 -2
11 639 2
11 137 2
11 575 2
11 64 2
11 690 -2
11 772 -2
11 103 -2
11 46 -2
11 504 2
11 43 2
11 734 2
11 535 2
11 331 -2
11 74 2
11 69 2
11 695 -2
11 396 -2
11 213 2
11 660 2
11 427 -2
11 549 2
11 494 2
11 795 2
12 19 -2
12 552 -2
12 36 -2
12 303 -2
12 657 2
12 642 -2
12 399 -2
12 137 -2
12 380 -2
12 756 2
12 615 2
12 284 -2
12 386 -2
12 618 2
12 539 2
12 359 2
12 144 -2
12 160 2
12 120 2
12 471 2
12 48 -2
12 508 2
12 243 2
12 747 2
12 99 -2
12 206 -2
12 543 2
12 781 2
12 294 -2
12 565 -2
12 126 2
12 31 2
12 22 -2
12 726 2
12 344 -2
12 55 -2
12 44 -2
12 150 2
12 419 2
12 341 -2
12 234 2
12 574 -2
12 53 2
12 764 2
12 730 -2
12 92 2
12 599 -2
12 437 2
12 511 2
12 358 2
13 611 2
13 361 -2
13 797 2
13 19 -2
13 70 2
13 652 2
13 544 2
13 707 -2
13 333 2
13 320 2
13 469 2
13 662 2
13 360 -2
13 522 2
13 324 2
13 518 2
13 499 2
13 596 -2
13 565 -2
13 560 -2
13 550 2
13 233 -2
13 624 -2
13 259 -2
13 161 -2
13 176 2
13 239 2
13 317 -2
13 566 -2
13 401 -2
13 327 -2
13 465 2
13 785 2
13 101 -2
13 714 2
13 623 2
13 58 -2
13 608 2
13 139 -2
13 74 -2
13 395 2
13 691 -2
13 398 2
13 452 2
13 636 -2
13 273 -2
13 164 2
13 440 2
13 182 2
13 536 2
13 484 -2
13 510 2
13 344 2
13 111 -2
13 705 -2
13 329 -2
13 141 -2
13 766 -2
13 607 2
13 156 -2
14 495 2
14 289 2
14 580 2
14 708 2
14 135 -2
14 744 2
14 542 -2
14 54 2
14 347 2
14 268 2
14 411 -2
14 39 2
14 346 2
14 676 -2
14 562 2
14 491 -2
14 521 2
14 296 -2
14 228 -2
14 569 2
14 448 -2
14 240 2
14 595 -2
14 499 2
14 29 -2
14 105 -2
14 434 2
14 539 -2
14 789 2
14 323 -2
14 439 2
14 221 2
14 552 -2
14 118 -2
14 634 2
14 353 -2
14 696 2
14 459 -2
14 694 2
14 492 2
14 199 2
14 481 -2
14 65 -2
14 549 2
15 226 2
15 46 -2
15 707 -2
15 121 2
15 134 -2
15 752 -2
15 469 -2
15 463 2
15 610 2
15 663 2
15 579 -2
15 264 2
15 618 2
15 184 -2
15 28 -2
15 644 2
15 606 -2
15 441 -2
15 301 2
15 22 -2
15 278 -2
15 612 -2
15 205 2
15 760 2
15 601 -2
15 502 2
15 482 -2
15 250 2
15 341 -2
15 741 2
15 190 2
15 603 2
15 411 -2
15 192 -2
15 174 2
15 665 -2
15 493 -2
15 520 -2
15 120 2
15 257 2
15 336 2
15 523 -2
15 137 -2
15 369 2
15 123 2
15 104 -2
15 431 -2
15 466 -2
15 736 -2
15 551 -2
15 143 -2
15 316 -2
15 562 -2
15 223 2
15 629 -2
15 247 2
15 672 2
16 540 -2
16 535 -2
16 539 -2
16 625 -2
16 612 2
16 745 2
16 263 -2
16 318 2
16 791 2
16 733 2
16 401 2
16 680 2
16 504 2
16 209 -2
16 25 -2
16 708 -2
16 718 -2
16 430 -2
16 313 -2
16 54 -2
16 26 -2
16 693 2
16 577 -2
16 740 -2
16 326 -2
16 236 2
16 426 -2
16 676 2
16 407 -2
16 192 -2
16 277 -2
16 20 -2
16 475 -2
16 189 -2
16 486 2
16 533 -2
16 69 2
16 115 2
16 723 -2
16 165 -2
16 484 2
16 627 -2
16 522 -2
17 375 -2
17 747 2
17 642 -2
17 557 -2
17 451 2
17 749 -2
17 132 -2
17 208 -2
17 230 -2
17 731 2
17 537 2
17 38 -2
17 398 -2
17 583 2
17 608 -2
17 726 2
17 397 -2
17 332 -2
17 90 -2
17 290 2
17 281 -2
17 181 2
17 630 2
17 79 2
17 465 -2
17 283 2
17 410 2
17 100 -2
17 295 -2
17 626 -2
17 112 2
17 400 2
17 123 2
17 450 2
17 461 -2
17 382 2
17 458 -2
17 611 2
17 733 -2
17 414 2
17 558 -2
18 582 2
18 25 -2
18 339 -2
18 104 -2
18 754 -2
18 723 2
18 609 -2
18 37 2
18 188 2
18 206 2
18 157 -2
18 399 -2
18 274 -2
18 745 2
18 40 2
18 150 2
18 244 -2
18 617 -2
18 59 2
18 513 -2
18 650 -2
18 338 -2
18 234 -2
18 567 -2
18 702 2
18 200 -2
18 77 -2
18 660 -2
18 187 -2
18 318 -2
18 51 -2
18 232 -2
18 170 -2
18 221 2
18 731 -2
18 704 2
18 263 -2
18 584 2
18 630 -2
18 661 -2
18 366 2
18 426 -2
18 633 2
18 353 2
18 280 2
18 729 -2
18 309 2
18 299 -2
18 503 -2
18 410 -2
18 713 -2
18 592 -2
18 276 2
18 31 -2
18 261 2
19 375 -2
19 501 2
19 339 -2
19 187 2
19 288 -2
19 271 -2
19 100 -2
19 245 -2
19 777 2
19 190 -2
19 104 -2
19 38 2
19 123 2
19 193 -2
19 520 2
19 400 -2
19 547 2
19 747 -2
19 263 2
19 682 -2
19 79 2
19 789 2
19 771 2
19 451 2
19 380 2
19 553 2
19 590 -2
19 274 2
19 457 -2
19 301 2
19 647 -2
19 702 2
19 321 -2
19 367 2
19 580 -2
19 432 2
19 68 2
19 236 2
20 599 2
20 693 -2
20 618 -2
20 170 2
20 192 2
20 510 2
20 604 -2
20 366 2
20 323 2
20 90 -2
20 506 -2
20 667 -2
20 269 2
20 782 -2
20 408 -2
20 169 -2
20 465 -2
20 553 2
20 413 -2
20 81 -2
20 674 -2
20 645 2
20 425 2
20 602 2
20 282 2
20 75 -2
20 769 2
20 670 2
20 337 -2
20 749 -2
20 524 2
20 675 2
20 756 -2
20 242 -2
20 68 -2
20 761 -2
20 165 2
20 196 -2
20 261 2
20 398 -2
20 494 2
20 403 2
20 777 2
20 27 -2
20 145 2
20 362 2
20 627 2
20 110 2
20 471 2
20 341 2
20 719 2
20 61 2
20 468 2
20 387 2
20 284 2
20 47 -2
20 128 2
20 421 -2
20 157 2
21 582 2
21 161 2
21 473 2
21 159 2
21 498 2
21 569 -2
21 640 2
21 327 2
21 450 2
21 421 -2
21 740 -2
21 92 2
21 138 2
21 628 -2
21 680 2
21 86 2
21 647 2
21 49 -2
21 481 -2
21 676 -2
21 644 2
21 600 2
21 351 -2
21 125 -2
21 532 -2
21 762 -2
21 63 2
21 217 -2
21 581 -2
21 401 -2
21 536 2
21 537 2
21 358 -2
21 22 -2
21 397 -2
21 349 2
21 328 2
21 479 2
21 556 2
21 793 2
21 456 2
21 85 2
21 687 2
21 250 2
21 165 -2
21 714 2
21 697 2
21 616 2
21 336 -2
21 703 -2
21 84 -2
21 121 2
21 180 -2
21 601 -2
21 132 2
21 375 2
21 586 2
22 424 -2
22 156 2
22 304 -2
22 195 -2
22 60 2
22 278 2
22 668 -2
22 380 2
22 131 2
22 477 2
22 190 -2
22 371 -2
22 704 2
22 498 2
22 422 -2
22 140 2
22 352 -2
22 510 -2
22 146 2
22 393 2
22 258 -2
22 555 -2
22 725 -2
22 58 -2
22 217 2
22 700 -2
22 391 2
22 119 -2
22 312 -2
22 81 -2
22 632 2
22 255 2
22 50 2
22 95 -2
22 196 2
22 300 -2
22 229 -2
22 346 -2
22 559 2
22 788 2
22 395 -2
22 104 -2
22 526 -2
22 405 -2
22 651 -2
22 35 -2
23 379 -2
23 620 -2
23 56 -2
23 180 -2
23 37 -2
23 511 2
23 542 2
23 374 -2
23 355 2
23 622 2
23 108 -2
23 104 2
23 606 -2
23 477 -2
23 175 -2
23 599 -2
23 551 -2
23 391 2
23 225 2
23 465 2
23 456 2
23 755 -2
23 96 2
23 295 -2
23 246 2
23 742 2
23 222 -2
23 481 2
23 691 -2
23 446 2
23 621 -2
23 90 2
23 791 -2
23 458 2
23 109 2
23 637 2
23 260 -2
23 339 2
23 724 2
23 740 -2
23 505 2
23 112 -2
23 406 -2
24 733 2
24 666 2
24 262 2
24 358 -2
24 660 -2
24 544 -2
24 689 2
24 35 -2
24 327 -2
24 118 2
24 661 2
24 252 -2
24 427 2
24 344 -2
24 460 -2
24 699 -2
24 491 2
24 237 -2
24 156 2
24 597 2
24 87 -2
24 624 -2
24 101 2
24 505 -2
24 598 2
24 768 -2
24 384 2
24 330 2
24 137 -2
24 688 2
24 30 -2
24 671 -2
24 109 -2
24 341 2
24 464 2
24 662 -2
24 221 -2
25 570 2
25 622 2
25 155 -2
25 673 2
25 108 2
25 735 -2
25 340 2
25 315 2
25 205 2
25 136 2
25 298 2
25 336 2
25 147 -2
25 220 2
25 139 2
25 56 -2
25 66 -2
25 592 2
25 173 2
25 123 2
25 602 2
25 512 -2
25 38 -2
25 111 2
25 80 -2
25 623 2
25 762 2
25 364 2
25 107 -2
25 599 -2
25 29 -2
25 702 2
25 77 -2
25 705 2
25 285 -2
25 240 -2
25 435 2
25 789 -2
25 70 2
25 365 -2
25 170 -2
25 630 -2
25 84 -2
25 333 2
26 235 2
26 169 -2
26 135 -2
26 379 -2
26 662 2
26 166 -2
26 579 2
26 318 2
26 298 -2
26 91 -2
26 234 -2
26 34 2
26 134 -2
26 254 2
26 778 2
26 315 -2
26 156 -2
26 49 2
26 351 2
26 346 -2
26 197 2
26 108 -2
26 256 2
26 684 2
26 625 -2
26 555 2
26 160 -2
26 761 2
26 314 2
26 474 -2
26 358 2
26 67 -2
26 602 2
26 371 -2
26 403 -2
26 610 -2
26 417 2
26 513 2
26 119 -2
26 683 2
26 461 -2
26 259 -2
26 558 -2
26 72 2
26 40 -2
26 204 -2
27 231 2
27 376 2
27 575 2
27 312 2
27 45 2
27 668 -2
27 446 -2
27 222 2
27 473 2
27 457 2
27 427 -2
27 96 -2
27 177 2
27 84 -2
27 781 -2
27 454 2
27 706 -2
27 146 2
27 82 -2
27 507 -2
27 172 -2
27 195 2
27 93 2
27 572 -2
27 387 2
27 204 -2
27 450 2
27 477 -2
27 562 2
27 431 -2
27 420 -2
27 612 2
27 731 -2
27 699 -2
27 75 -2
28 157 -2
28 97 2
28 257 2
28 409 -2
28 239 -2
28 179 2
28 288 2
28 525 -2
28 442 -2
28 796 2
28 693 2
28 518 -2
28 452 2
28 79 2
28 386 -2
28 318 -2
28 411 2
28 319 2
28 723 -2
28 113 2
28 333 -2
28 80 2
28 232 -2
28 468 -2
28 46 -2
28 33 -2
28 720 -2
28 436 2
28 195 -2
28 521 -2
28 616 2
28 738 2
28 477 -2
28 124 2
28 707 2
28 352 -2
28 776 -2
28 317 -2
28 214 -2
28 481 2
28 615 2
28 367 -2
28 645 -2
28 647 2
28 457 2
28 71 -2
28 463 2
28 473 2
28 546 2
28 609 -2
28 651 -2
28 517 -2
28 658 2
28 519 2
28 191 2
29 741 2
29 217 2
29 510 2
29 35 2
29 394 2
29 551 -2
29 690 2
29 374 -2
29 699 2
29 490 2
29 341 2
29 698 2
29 70 2
29 57 -2
29 678 -2
29 712 -2
29 696 2
29 283 -2
29 386 2
29 693 2
29 415 2
29 613 2
29 317 -2
29 211 2
29 111 2
29 607 -2
29 90 2
29 580 2
29 667 -2
29 117 2
29 534 -2
29 204 -2
29 381 2
29 481 -2
29 555 2
29 595 2
29 342 -2
29 529 -2
29 739 2
29 646 -2
29 151 2
29 364 -2
29 389 2
29 223 -2
29 225 2
29 108 -2
29 748 -2
30 202 2
30 669 2
30 477 -2
30 399 2
30 150 -2
30 263 -2
30 58 2
30 167 2
30 362 2
30 275 2
30 319 2
30 566 -2
30 38 2
30 173 -2
30 329 -2
30 651 2
30 226 2
30 797 -2
30 313 -2
30 304 2
30 395 2
30 61 -2
30 119 -2
30 342 2
30 457 -2
30 677 -2
30 764 -2
30 299 -2
30 615 -2
30 490 -2
30 714 2
30 198 2
30 672 -2
30 471 2
30 407 2
30 650 -2
30 587 2
30 511 -2
30 787 -2
30 507 -2
30 754 -2
30 377 -2
30 384 -2
30 608 -2
30 639 2
30 632 -2
30 555 -2
30 560 -2
31 57 2
31 147 2
31 181 2
31 484 2
31 777 2
31 712 2
31 53 2
31 634 -2
31 538 2
31 684 2
31 545 -2
31 170 2
31 212 2
31 720 2
31 466 -2
31 157 -2
31 447 2
31 798 -2
31 442 2
31 392 2
31 702 2
31 552 -2
31 37 2
31 335 -2
31 567 -2
31 477 2
31 522 -2
31 436 2
31 551 -2
31 251 2
31 86 2
31 596 2
31 362 -2
31 219 2
31 715 2
31 395 2
31 387 -2
31 516 2
31 796 2
31 275 -2
31 118 -2
31 553 2
31 223 2
31 561 -2
31 453 -2
31 685 2
31 587 -2
31 393 -2
31 437 2
31 205 2
31 354 -2
31 364 -2
31 42 -2
31 333 2
31 785 -2
31 610 2
31 520 -2
31 573 2
32 550 2
32 707 2
32 615 -2
32 243 -2
32 772 -2
32 245 -2
32 312 2
32 572 -2
32 768 2
32 375 2
32 232 -2
32 272 2
32 507 -2
32 465 -2
32 145 2
32 473 2
32 38 -2
32 770 2
32 198 -2
32 746 2
32 467 -2
32 134 -2
32 639 2
32 612 -2
32 734 -2
32 428 -2
32 771 2
32 147 2
32 371 -2
32 453 2
32 286 -2
32 611 -2
32 798 -2
32 570 -2
32 527 -2
32 356 -2
32 663 2
32 391 -2
32 231 -2
32 208 2
32 448 2
32 679 2
32 260 2
32 88 -2
32 437 -2
32 709 2
33 572 2
33 599 -2
33 410 2
33 44 2
33 89 -2
33 385 -2
33 618 -2
33 351 -2
33 677 2
33 616 2
33 721 2
33 735 -2
33 416 2
33 653 2
33 512 2
33 205 -2
33 336 2
33 318 -2
33 643 2
33 401 2
33 264 -2
33 147 -2
33 234 -2
33 514 -2
33 420 -2
33 713 -2
33 743 2
33 39 2
33 243 2
33 541 -2
33 176 2
33 555 -2
33 600 -2
33 229 -2
33 729 -2
33 46 -2
33 722 2
33 462 2
33 249 2
33 631 2
33 566 -2
33 380 -2
33 408 -2
33 65 -2
33 604 -2
33 564 2
33 476 -2
33 539 2
33 487 2
33 493 -2
33 71 -2
33 226 2
33 692 2
33 676 -2
33 784 2
34 87 -2
34 544 2
34 78 2
34 185 2
34 592 2
34 405 -2
34 68 -2
34 667 2
34 325 2
34 646 -2
34 461 -2
34 516 -2
34 760 -2
34 94 -2
34 653 -2
34 174 -2
34 557 2
34 682 -2
34 640 2
34 537 2
34 613 -2
34 394 2
34 152 -2
34 709 -2
34 393 2
34 166 2
34 72 -2
34 443 -2
34 59 2
34 359 -2
34 749 -2
34 268 2
34 117 -2
34 46 2
34 296 2
34 64 -2
34 459 2
34 245 2
34 199 2
34 224 2
34 472 -2
34 86 -2
34 463 2
35 220 2
35 583 2
35 709 2
35 727 2
35 754 -2
35 670 2
35 199 2
35 237 2
35 175 2
35 54 2
35 468 -2
35 170 -2
35 636 -2
35 250 -2
35 82 2
35 579 -2
35 778 2
35 110 -2
35 576 2
35 746 -2
35 648 -2
35 643 -2
35 612 -2
35 525 2
35 469 2
35 53 2
35 434 -2
35 424 2
35 637 2
35 98 -2
35 206 2
35 577 2
35 62 -2
35 622 -2
35 64 -2
35 93 2
35 680 -2
35 75 2
35 133 -2
35 194 2
35 761 -2
35 269 -2
35 181 2
35 786 2
35 597 2
35 493 -2
35 665 -2
35 702 2
35 498 2
35 476 2
36 251 -2
36 767 -2
36 761 2
36 464 -2
36 310 -2
36 244 2
36 132 -2
36 100 2
36 512 2
36 236 2
36 646 2
36 316 2
36 270 2
36 641 -2
36 367 -2
36 213 2
36 222 2
36 123 2
36 416 -2
36 50 -2
36 602 -2
36 306 -2
36 490 -2
36 503 -2
36 141 2
36 670 2
36 80 2
36 460 -2
36 344 2
36 617 -2
36 625 2
36 70 -2
36 414 -2
36 696 2
36 517 -2
37 380 -2
37 557 -2
37 357 2
37 372 2
37 322 2
37 699 2
37 474 2
37 332 -2
37 765 2
37 497 -2
37 772 2
37 702 -2
37 552 2
37 682 2
37 308 2
37 671 2
37 591 -2
37 351 -2
37 63 2
37 142 -2
37 129 -2
37 326 -2
37 632 2
37 648 -2
37 185 2
37 222 -2
37 516 2
37 300 -2
37 47 2
37 153 2
37 471 2
37 556 2
37 434 -2
37 368 2
37 213 -2
37 432 2
37 543 2
37 236 2
37 481 2
37 137 -2
37 390 -2
37 97 2
37 271 2
38 748 -2
38 797 2
38 291 -2
38 244 -2
38 94 -2
38 650 2
38 671 2
38 385 2
38 69 2
38 597 -2
38 284 -2
38 141 -2
38 421 -2
38 472 2
38 712 2
38 564 -2
38 703 -2
38 377 -2
38 793 -2
38 612 2
38 799 -2
38 679 -2
38 652 2
38 347 2
38 78 -2
38 122 -2
38 789 2
38 526 2
38 725 -2
38 578 -2
38 667 2
38 39 -2
38 175 2
38 443 -2
38 524 -2
38 683 -2
38 753 2
38 194 2
38 249 -2
38 739 2
38 96 2
38 743 -2
38 740 2
38 187 -2
38 750 2
38 665 2
38 428 -2
38 614 -2
39 346 -2
39 388 -2
39 788 2
39 336 -2
39 199 2
39 63 -2
39 570 2
39 409 2
39 568 -2
39 209 -2
39 718 2
39 393 -2
39 652 -2
39 567 2
39 161 2
39 299 2
39 290 -2
39 564 2
39 47 -2
39 565 2
39 491 2
39 354 -2
39 515 -2
39 375 2
39 791 2
39 423 2
39 667 -2
39 172 -2
39 330 2
39 167 2
39 231 -2
39 635 2
39 258 2
39 118 -2
39 670 2
39 789 -2
39 483 2
39 792 -2
39 146 -2
39 613 -2
39 234 2
39 301 -2
39 394 2
40 599 -2
40 721 2
40 383 -2
40 393 -2
40 446 2
40 466 2
40 136 2
40 795 -2
40 172 2
40 141 2
40 322 2
40 268 -2
40 234 2
40 670 -2
40 185 2
40 306 2
40 436 2
40 624 2
40 536 2
40 423 -2
40 625 2
40 630 2
40 200 -2
40 47 2
40 173 2
40 592 -2
40 392 -2
40 506 2
40 401 -2
40 65 2
40 128 -2
40 88 -2
40 605 -2
40 530 -2
40 551 2
40 155 -2
40 391 2
40 538 -2
40 123 -2
40 258 2
40 85 -2
40 620 2
40 696 -2
40 764 2
40 365 2
40 727 2
40 638 2
40 303 2
41 409 2
41 391 2
41 682 2
41 758 -2
41 544 -2
41 359 -2
41 630 -2
41 673 2
41 189 2
41 235 2
41 639 -2
41 735 -2
41 171 -2
41 482 -2
41 490 -2
41 512 -2
41 112 2
41 660 -2
41 694 2
41 709 2
41 489 2
41 718 2
41 366 2
41 513 -2
41 427 2
41 675 2
41 318 -2
41 579 -2
41 770 2
41 272 -2
41 122 2
41 163 2
41 476 -2
41 373 2
41 168 -2
41 97 2
41 236 2
41 61 2
41 213 -2
41 103 2
41 396 -2
41 761 2
41 727 2
41 244 -2
41 371 2
42 137 -2
42 530 -2
42 743 2
42 622 -2
42 662 -2
42 254 -2
42 51 2
42 797 -2
42 732 -2
42 48 -2
42 544 -2
42 240 -2
42 145 2
42 445 2
42 200 -2
42 586 2
42 655 2
42 373 2
42 110 -2
42 393 2
42 608 2
42 426 2
42 389 2
42 754 2
42 699 2
42 295 -2
42 568 -2
42 290 2
42 454 -2
42 771 2
42 702 -2
42 116 2
42 416 2
42 610 -2
42 335 2
42 493 -2
42 231 2
42 198 -2
42 370 -2
42 247 2
42 368 2
43 49 -2
43 362 2
43 112 -2
43 569 2
43 285 2
43 181 2
43 649 2
43 617 2
43 796 -2
43 217 2
43 549 2
43 523 2
43 639 -2
43 768 2
43 361 -2
43 799 -2
43 385 -2
43 730 -2
43 311 2
43 369 2
43 581 -2
43 86 2
43 739 2
43 609 -2
43 94 2
43 121 2
43 672 2
43 488 2
43 720 -2
43 164 -2
43 165 -2
43 783 2
43 244 -2
43 264 2
43 504 2
43 267 -2
43 767 2
43 777 2
43 180 2
43 520 -2
43 410 -2
43 601 2
44 248 -2
44 121 -2
44 355 -2
44 76 -2
44 760 2
44 81 -2
44 795 -2
44 448 2
44 764 2
44 650 -2
44 289 -2
44 681 2
44 137 2
44 563 -2
44 157 -2
44 340 -2
44 472 -2
44 328 2
44 208 -2
44 220 -2
44 726 -2
44 452 -2
44 749 -2
44 554 -2
44 577 -2
44 593 2
44 653 -2
44 733 2
44 92 -2
44 382 -2
44 567 2
44 592 2
44 377 -2
44 617 -2
44 111 -2
44 305 -2
44 699 -2
44 156 -2
44 706 2
44 783 -2
44 666 2
44 182 -2
44 638 -2
44 719 2
44 239 2
44 152 -2
44 258 -2
44 362 -2
44 779 2
44 172 2
44 729 2
45 125 -2
45 453 -2
45 395 2
45 519 -2
45 409 -2
45 713 -2
45 57 2
45 74 -2
45 334 2
45 674 -2
45 345 -2
45 197 -2
45 275 2
45 680 -2
45 622 -2
45 669 -2
45 230 2
45 122 -2
45 661 -2
45 228 2
45 313 2
45 265 2
45 508 -2
45 158 -2
45 792 2
45 446 -2
45 149 2
45 411 2
45 406 -2
45 229 -2
45 647 2
45 99 -2
45 296 -2
45 497 -2
45 552 -2
45 184 2
45 382 -2
45 563 -2
45 206 -2
45 248 2
45 520 -2
45 729 -2
45 494 -2
45 512 2
46 311 2
46 252 -2
46 110 -2
46 476 -2
46 130 2
46 587 -2
46 122 2
46 200 -2
46 729 -2
46 65 2
46 506 -2
46 265 -2
46 53 -2
46 561 -2
46 669 2
46 693 2
46 793 2
46 545 2
46 347 -2
46 218 2
46 519 2
46 442 -2
46 86 2
46 209 2
46 149 2
46 459 -2
46 532 -2
46 715 2
46 380 -2
46 584 -2
46 478 2
46 423 -2
46 261 2
46 424 -2
46 353 2
46 652 -2
46 394 -2
46 294 2
46 396 2
46 188 2
46 314 2
46 324 -2
46 416 -2
46 449 -2
46 237 2
47 517 -2
47 156 2
47 489 -2
47 626 2
47 357 -2
47 694 -2
47 773 -2
47 782 -2
47 490 -2
47 603 -2
47 59 2
47 542 -2
47 522 2
47 615 -2
47 367 2
47 559 2
47 725 2
47 169 -2
47 73 2
47 681 2
47 107 2
47 569 2
47 399 -2
47 391 -2
47 245 -2
47 223 -2
47 766 2
47 727 2
47 52 -2
47 647 2
47 322 -2
47 636 2
47 200 2
47 692 -2
47 549 2
47 121 -2
47 68 2
47 203 -2
47 242 -2
47 521 2
47 531 -2
47 674 -2
47 82 2
47 633 -2
47 93 2
47 126 2
47 359 -2
47 406 -2
47 629 2
47 263 2
47 152 -2
47 734 -2
47 103 -2
47 708 -2
47 337 2
47 631 2
47 618 -2
47 601 2
47 713 -2
48 245 -2
48 195 2
48 718 2
48 87 -2
48 181 2
48 231 2
48 773 -2
48 687 -2
48 326 -2
48 387 2
48 358 -2
48 481 -2
48 593 -2
48 769 2
48 483 -2
48 167 -2
48 176 -2
48 490 2
48 728 2
48 716 2
48 325 2
48 433 -2
48 696 -2
48 367 -2
48 786 2
48 600 2
48 672 2
48 495 -2
48 733 2
48 724 -2
48 574 -2
48 595 -2
48 328 2
48 738 2
49 395 2
49 170 2
49 368 2
49 346 2
49 410 2
49 91 2
49 319 2
49 115 -2
49 318 2
49 363 2
49 298 2
49 336 -2
49 736 2
49 414 2
49 90 2
49 125 -2
49 652 2
49 488 2
49 503 -2
49 523 -2
49 568 2
49 187 -2
49 624 -2
49 618 2
49 698 2
49 188 -2
49 727 2
49 93 2
49 84 2
49 269 -2
49 747 -2
49 312 -2
49 276 -2
49 168 -2
49 718 2
49 746 2
49 236 2
49 119 -2
49 341 2
49 334 -2
49 172 -2
49 774 2
49 123 -2
49 70 2
50 782 2
50 686 2
50 533 -2
50 419 2
50 245 -2
50 580 2
50 775 -2
50 227 2
50 92 2
50 522 -2
50 615 2
50 595 -2
50 75 -2
50 678 -2
50 64 -2
50 644 2
50 393 2
50 82 -2
50 291 -2
50 169 2
50 638 2
50 543 -2
50 769 -2
50 249 2
50 650 2
50 383 -2
50 189 2
50 270 -2
50 116 -2
50 619 -2
50 382 -2
50 570 2
50 641 2
50 154 2
50 788 -2
50 783 2
50 526 2
50 414 2
51 529 2
51 132 -2
51 694 2
51 615 -2
51 463 2
51 276 -2
51 128 2
51 429 2
51 521 2
51 279 -2
51 589 -2
51 277 2
51 68 2
51 528 2
51 247 -2
51 160 2
51 215 2
51 347 -2
51 460 -2
51 237 2
51 474 2
51 118 2
51 123 2
51 652 2
51 389 2
51 241 2
51 548 2
51 778 -2
51 683 2
51 99 -2
51 524 2
51 728 -2
51 680 -2
51 716 2
51 696 -2
51 653 -2
52 718 2
52 500 2
52 600 2
52 220 2
52 428 -2
52 621 2
52 665 2
52 70 2
52 325 -2
52 670 2
52 520 -2
52 237 2
52 361 -2
52 148 -2
52 250 2
52 400 2
52 137 2
52 462 -2
52 348 2
52 168 -2
52 294 2
52 235 -2
52 635 -2
52 338 -2
52 617 2
52 703 -2
52 519 -2
52 590 2
52 690 -2
52 175 -2
52 693 -2
52 706 -2
53 146 2
53 536 -2
53 94 2
53 716 2
53 176 2
53 463 -2
53 269 2
53 203 -2
53 73 -2
53 242 -2
53 740 2
53 330 2
53 66 2
53 498 2
53 424 -2
53 698 2
53 625 2
53 578 2
53 216 2
53 158 -2
53 258 -2
53 496 -2
53 321 2
53 531 2
53 309 -2
53 160 -2
53 586 -2
53 87 -2
53 778 2
53 91 -2
53 341 -2
53 605 2
53 218 2
53 154 2
53 480 -2
53 370 -2
53 422 -2
53 245 -2
53 358 -2
53 485 -2
53 83 2
53 133 -2
53 584 2
53 526 -2
53 278 -2
53 97 -2
54 591 2
54 720 2
54 665 -2
54 246 2
54 617 -2
54 491 -2
54 497 -2
54 369 2
54 240 -2
54 345 2
54 138 -2
54 623 -2
54 228 2
54 167 -2
54 187 -2
54 673 2
54 787 -2
54 203 2
54 659 -2
54 316 -2
54 483 -2
54 724 2
54 284 -2
54 294 -2
54 462 2
54 796 -2
54 577 -2
54 287 2
54 480 2
54 459 -2
54 650 -2
54 757 2
54 155 -2
54 194 -2
54 83 -2
54 350 2
54 258 -2
54 762 2
54 172 -2
54 78 -2
54 334 -2
55 160 2
55 223 -2
55 551 2
55 671 2
55 344 -2
55 566 2
55 473 -2
55 218 -2
55 672 2
55 774 2
55 477 -2
55 657 2
55 556 -2
55 463 -2
55 478 2
55 122 -2
55 425 2
55 401 -2
55 108 2
55 322 -2
55 749 -2
55 776 2
55 104 2
55 235 2
55 614 2
55 209 2
55 798 2
55 645 2
55 593 2
55 496 2
55 203 2
55 255 -2
55 764 -2
55 247 -2
55 112 2
55 673 2
55 295 -2
55 661 -2
55 552 -2
55 482 2
55 80 2
55 224 2
55 389 2
55 746 -2
55 696 -2
55 385 -2
55 757 2
55 215 -2
55 380 2
56 230 2
56 364 -2
56 367 2
56 710 2
56 713 -2
56 389 2
56 703 2
56 254 -2
56 510 -2
56 151 2
56 420 -2
56 515 -2
56 197 -2
56 133 2
56 645 2
56 148 2
56 80 -2
56 439 2
56 447 2
56 773 2
56 448 -2
56 83 -2
56 370 2
56 338 -2
56 376 2
56 373 -2
56 222 -2
56 675 -2
56 517 -2
56 739 -2
56 712 -2
56 619 2
56 91 2
56 179 -2
56 600 2
56 744 -2
56 518 2
56 606 -2
56 700 2
56 455 2
56 477 2
56 240 -2
56 505 2
56 699 2
56 682 2
56 503 -2
56 243 -2
56 681 -2
56 698 -2
56 543 -2
56 417 -2
56 323 2
56 146 2
56 79 2
56 191 2
56 301 -2
57 219 -2
57 686 2
57 258 -2
57 344 2
57 431 -2
57 342 -2
57 790 2
57 177 2
57 732 -2
57 781 2
57 549 2
57 229 2
57 190 2
57 76 2
57 478 2
57 570 2
57 339 2
57 410 2
57 352 -2
57 765 -2
57 159 -2
57 236 2
57 85 -2
57 726 -2
57 572 2
57 753 2
57 396 2
57 678 2
57 165 -2
57 471 2
57 332 -2
57 503 2
57 300 2
57 461 2
57 320 2
58 90 2
58 666 -2
58 170 2
58 405 2
58 206 2
58 460 -2
58 457 -2
58 787 2
58 214 -2
58 412 -2
58 629 -2
58 799 -2
58 319 2
58 740 2
58 494 2
58 212 2
58 362 2
58 61 -2
58 524 2
58 151 2
58 752 -2
58 543 2
58 669 -2
58 173 2
58 229 -2
58 603 -2
58 163 -2
58 748 -2
58 194 -2
58 403 -2
58 77 2
58 325 -2
58 439 2
58 592 -2
58 404 -2
58 606 -2
58 454 -2
58 575 2
58 285 -2
58 478 2
58 382 2
58 658 -2
58 414 2
58 692 -2
58 266 2
59 261 -2
59 442 -2
59 376 -2
59 291 2
59 515 -2
59 174 2
59 753 -2
59 625 2
59 177 -2
59 553 2
59 361 2
59 543 2
59 768 2
59 689 -2
59 519 -2
59 610 2
59 504 -2
59 353 -2
59 472 2
59 714 2
59 642 2
59 329 2
59 311 -2
59 254 -2
59 140 2
59 796 2
59 384 2
59 484 2
59 192 2
59 318 2
59 61 2
59 224 -2
59 569 2
59 377 -2
59 530 -2
59 151 2
59 629 -2
59 339 2
59 360 2
59 462 2
59 566 -2
59 195 2
59 317 2
59 175 2
59 294 2
59 85 2
59 147 -2
59 122 -2
59 700 -2
59 555 -2
60 350 -2
60 146 -2
60 682 2
60 214 -2
60 648 -2
60 781 2
60 543 -2
60 578 -2
60 236 -2
60 651 -2
60 206 -2
60 774 -2
60 489 2
60 524 2
60 502 2
60 341 -2
60 91 -2
60 298 -2
60 70 2
60 105 -2
60 681 -2
60 395 2
60 672 -2
60 471 2
60 736 2
60 88 -2
60 268 -2
60 539 -2
60 577 2
60 195 2
60 93 -2
60 686 -2
60 690 2
60 717 -2
61 566 2
61 514 -2
61 121 -2
61 479 2
61 761 -2
61 505 2
61 410 2
61 216 2
61 784 2
61 375 -2
61 592 2
61 249 2
61 431 -2
61 569 -2
61 795 -2
61 481 2
61 775 2
61 686 -2
61 299 2
61 791 -2
61 355 2
61 307 2
61 232 -2
61 626 -2
61 597 -2
61 494 2
61 729 -2
61 387 -2
61 382 -2
61 105 2
61 533 2
61 167 2
61 537 -2
61 464 -2
61 604 -2
61 214 2
61 99 2
61 118 2
61 280 2
62 125 -2
62 721 2
62 725 -2
62 483 2
62 196 -2
62 224 2
62 336 2
62 103 -2
62 770 2
62 703 -2
62 217 2
62 380 2
62 389 -2
62 415 -2
62 655 2
62 667 2
62 797 2
62 627 -2
62 300 2
62 717 2
62 169 -2
62 267 2
62 560 2
62 98 2
62 521 2
62 711 2
62 524 -2
62 754 -2
62 479 -2
62 251 -2
62 304 -2
62 693 -2
62 476 2
62 752 -2
62 258 2
62 648 2
63 539 2
63 634 2
63 234 -2
63 382 2
63 580 -2
63 170 2
63 687 2
63 278 2
63 642 2
63 517 -2
63 600 -2
63 453 -2
63 594 2
63 267 2
63 328 2
63 439 2
63 721 2
63 404 2
63 386 2
63 254 2
63 733 -2
63 548 -2
63 604 -2
63 459 2
63 377 -2
63 422 -2
63 645 -2
63 774 2
63 179 -2
63 553 -2
63 703 2
63 167 2
63 418 2
63 738 2
63 709 2
63 362 2
63 230 2
63 223 2
63 231 2
63 174 -2
63 113 -2
63 265 -2
63 183 -2
63 771 2
63 791 2
63 445 -2
63 528 2
63 384 2
63 330 2
64 438 2
64 152 -2
64 648 -2
64 266 2
64 223 2
64 384 -2
64 666 2
64 285 2
64 688 2
64 150 -2
64 88 -2
64 564 -2
64 459 2
64 754 2
64 255 2
64 505 2
64 233 -2
64 588 2
64 339 2
64 276 2
64 191 2
64 186 -2
64 290 2
64 410 2
64 399 2
64 148 2
64 674 -2
64 442 2
64 226 -2
64 414 2
64 766 -2
64 667 -2
64 464 2
64 261 2
64 662 -2
64 543 2
64 418 -2
64 493 -2
64 123 -2
64 503 2
65 326 -2
65 278 2
65 232 -2
65 684 -2
65 122 -2
65 624 2
65 106 -2
65 587 -2
65 761 -2
65 144 -2
65 186 -2
65 570 2
65 300 -2
65 770 -2
65 577 -2
65 166 -2
65 258 2
65 484 -2
65 795 -2
65 736 2
65 334 -2
65 695 -2
65 199 -2
65 492 -2
65 701 2
65 433 2
65 77 -2
65 333 2
65 682 -2
65 747 -2
65 543 2
65 294 -2
65 346 -2
65 324 2
65 641 -2
65 527 -2
65 510 -2
65 648 -2
65 678 2
65 733 -2
65 472 -2
65 571 2
65 673 2
65 76 -2
65 562 -2
65 697 2
65 651 2
66 479 2
66 476 2
66 547 2
66 211 -2
66 216 -2
66 404 2
66 109 2
66 704 -2
66 70 -2
66 410 2
66 148 -2
66 536 2
66 470 2
66 731 -2
66 681 2
66 261 -2
66 591 2
66 196 2
66 508 2
66 756 -2
66 621 -2
66 454 2
66 102 2
66 299 2
66 602 -2
66 240 -2
66 545 2
66 699 2
66 537 2
66 166 2
66 795 -2
66 558 2
66 267 2
66 242 -2
66 228 2
66 399 2
66 247 2
66 592 2
66 724 2
66 605 2
66 83 -2
66 439 2
66 646 -2
66 647 2
66 77 -2
66 626 -2
66 491 2
66 787 2
67 324 -2
67 252 -2
67 181 2
67 686 -2
67 89 2
67 203 2
67 628 -2
67 354 2
67 699 -2
67 447 2
67 798 2
67 777 -2
67 446 2
67 223 2
67 423 -2
67 270 2
67 583 -2
67 627 -2
67 281 -2
67 75 2
67 634 -2
67 535 -2
67 472 -2
67 381 2
67 470 -2
67 587 2
67 79 -2
67 560 -2
67 441 2
67 515 -2
67 463 2
67 215 -2
67 653 2
67 125 2
67 123 2
67 383 2
67 315 2
67 469 -2
67 650 -2
67 90 -2
67 254 -2
67 190 2
67 120 -2
67 368 2
67 509 -2
67 528 -2
68 746 2
68 505 -2
68 195 -2
68 152 2
68 349 2
68 772 2
68 451 2
68 691 -2
68 334 -2
68 483 2
68 342 2
68 627 -2
68 439 -2
68 422 -2
68 79 -2
68 84 -2
68 603 2
68 619 2
68 519 -2
68 753 -2
68 437 2
68 336 -2
68 213 2
68 617 2
68 316 -2
68 376 -2
68 443 2
68 780 2
68 187 -2
68 545 2
68 149 2
68 99 2
68 687 2
68 651 2
68 442 2
68 623 2
68 256 -2
68 107 2
68 528 2
68 771 -2
68 535 -2
69 350 2
69 375 2
69 311 -2
69 242 2
69 611 -2
69 569 -2
69 662 -2
69 715 2
69 175 2
69 490 -2
69 463 -2
69 439 -2
69 177 2
69 262 2
69 164 2
69 116 -2
69 143 -2
69 504 -2
69 360 -2
69 543 -2
69 113 -2
69 206 -2
69 792 2
69 362 -2
69 317 2
69 256 -2
69 514 2
69 652 -2
69 232 2
69 132 -2
69 471 -2
69 267 2
69 643 2
69 374 2
69 104 -2
69 502 2
69 211 2
69 617 2
69 245 -2
69 796 -2
70 452 -2
70 222 2
70 464 2
70 582 2
70 774 2
70 716 -2
70 654 2
70 353 2
70 468 -2
70 472 -2
70 433 2
70 461 -2
70 636 2
70 526 -2
70 413 2
70 175 -2
70 575 2
70 134 -2
70 165 2
70 755 -2
70 401 2
70 220 2
70 418 2
70 622 2
70 710 2
70 111 2
70 762 2
70 318 -2
70 478 -2
70 647 -2
70 124 2
70 284 -2
70 136 2
70 502 2
70 140 -2
70 94 -2
70 90 2
70 500 -2
70 586 2
70 744 2
70 542 -2
70 245 -2
71 249 -2
71 241 -2
71 683 2
71 509 2
71 395 -2
71 149 -2
71 511 2
71 561 2
71 776 2
71 466 2
71 256 2
71 496 2
71 637 2
71 396 -2
71 725 2
71 208 2
71 204 -2
71 82 -2
71 187 2
71 492 2
71 638 2
71 315 -2
71 657 -2
71 188 2
71 155 -2
71 606 2
71 349 2
71 790 2
71 650 2
71 543 -2
71 263 2
71 83 2
71 692 -2
71 278 2
71 484 -2
71 499 2
71 219 -2
71 299 -2
71 74 2
71 354 -2
71 375 -2
71 476 -2
71 714 -2
71 119 2
71 656 2
71 179 2
71 769 2
71 399 -2
71 101 -2
71 761 -2
71 329 -2
71 653 -2
72 233 -2
72 610 2
72 687 2
72 790 -2
72 661 -2
72 422 -2
72 384 2
72 106 -2
72 166 2
72 280 2
72 774 -2
72 719 2
72 732 -2
72 236 -2
72 510 -2
72 776 -2
72 469 2
72 271 -2
72 259 -2
72 326 -2
72 666 -2
72 277 2
72 239 -2
72 435 2
72 291 2
72 473 2
72 665 2
72 650 -2
72 139 -2
72 197 2
72 708 -2
72 251 -2
72 154 2
72 318 2
72 566 2
72 385 -2
72 203 -2
73 332 2
73 751 2
73 789 2
73 794 -2
73 619 -2
73 292 2
73 544 2
73 453 -2
73 612 2
73 227 2
73 93 -2
73 348 -2
73 269 2
73 315 -2
73 402 -2
73 559 2
73 259 2
73 792 -2
73 512 -2
73 390 2
73 518 -2
73 502 -2
73 168 -2
73 75 2
73 764 2
73 249 -2
73 345 2
73 181 -2
73 358 2
73 567 2
73 313 2
73 747 -2
73 189 2
73 422 -2
73 775 2
73 194 2
73 725 -2
73 373 -2
73 607 -2
73 306 2
73 579 2
74 673 -2
74 398 -2
74 468 -2
74 258 2
74 652 -2
74 343 -2
74 553 2
74 524 -2
74 797 -2
74 187 2
74 641 -2
74 593 2
74 79 2
74 779 2
74 257 -2
74 137 2
74 493 2
74 318 2
74 122 -2
74 152 -2
74 459 -2
74 687 2
74 539 2
74 185 -2
74 743 2
74 356 2
74 631 -2
74 232 2
74 224 -2
74 755 2
74 768 2
74 600 -2
74 219 -2
74 227 -2
74 684 2
74 481 -2
74 369 2
74 632 2
74 496 2
74 442 -2
74 268 -2
74 440 2
74 407 -2
74 603 2
74 509 2
74 261 2
74 380 -2
74 590 2
75 315 2
75 231 2
75 152 2
75 698 2
75 181 -2
75 81 -2
75 236 -2
75 487 -2
75 607 -2
75 591 2
75 659 2
75 281 -2
75 415 2
75 314 -2
75 309 -2
75 355 -2
75 330 -2
75 392 2
75 638 2
75 120 -2
75 738 2
75 460 2
75 280 2
75 735 -2
75 494 -2
75 737 2
75 105 -2
75 393 -2
75 267 -2
75 529 -2
75 134 -2
75 419 2
75 492 -2
75 642 2
75 501 -2
75 792 2
75 616 -2
75 344 2
75 770 2
75 351 2
75 186 2
75 341 2
75 463 -2
75 350 2
76 638 -2
76 397 2
76 559 -2
76 101 2
76 583 2
76 499 2
76 401 -2
76 500 -2
76 181 2
76 356 2
76 387 -2
76 372 -2
76 662 2
76 729 2
76 238 2
76 574 2
76 157 2
76 796 -2
76 406 2
76 775 2
76 220 2
76 580 -2
76 313 -2
76 754 -2
76 239 2
76 316 -2
76 525 -2
76 196 2
76 724 -2
76 216 -2
76 710 2
76 184 2
76 558 2
76 539 -2
76 569 2
76 322 -2
76 639 2
76 654 -2
76 321 2
76 189 -2
77 377 -2
77 124 -2
77 430 2
77 797 -2
77 432 -2
77 405 2
77 682 -2
77 212 2
77 647 2
77 398 2
77 166 -2
77 189 2
77 383 2
77 624 2
77 161 2
77 202 -2
77 216 -2
77 286 2
77 673 2
77 498 -2
77 715 -2
77 599 -2
77 116 2
77 307 -2
77 109 -2
77 172 -2
77 711 -2
77 534 -2
77 239 2
77 740 2
77 306 2
77 201 2
77 543 -2
77 786 -2
77 569 2
77 275 -2
77 613 -2
77 410 2
77 526 -2
77 247 -2
77 416 2
78 315 2
78 403 -2
78 449 -2
78 450 -2
78 279 2
78 123 -2
78 493 2
78 634 -2
78 722 2
78 604 -2
78 472 2
78 276 2
78 677 2
78 656 2
78 561 -2
78 764 2
78 767 2
78 492 2
78 598 2
78 134 2
78 436 2
78 729 -2
78 566 2
78 672 -2
78 88 2
78 228 2
78 581 -2
78 760 -2
78 586 -2
78 530 2
78 196 -2
78 607 -2
78 637 -2
78 90 -2
78 503 -2
78 152 2
78 335 -2
78 283 2
78 674 -2
78 543 2
78 110 -2
78 179 2
79 275 2
79 796 -2
79 241 2
79 600 2
79 388 -2
79 568 2
79 295 2
79 775 -2
79 736 2
79 358 2
79 621 2
79 384 2
79 96 -2
79 314 2
79 643 -2
79 246 -2
79 617 -2
79 426 -2
79 88 2
79 364 2
79 583 -2
79 310 2
79 542 -2
79 353 2
79 352 2
79 788 2
79 547 2
79 296 -2
79 234 2
79 191 2
79 486 2
79 405 2
79 584 -2
79 711 2
79 380 2
79 732 -2
79 247 -2
79 140 2
79 210 -2
79 399 -2
79 696 -2
79 419 2
79 549 2
79 608 -2
79 303 -2
79 629 -2
79 325 -2
79 270 -2
79 697 -2
79 407 -2
79 693 -2
79 287 -2
80 273 -2
80 282 -2
80 396 -2
80 473 -2
80 666 2
80 729 -2
80 338 2
80 434 2
80 792 -2
80 389 -2
80 397 2
80 303 -2
80 286 -2
80 418 2
80 480 -2
80 595 -2
80 322 -2
80 284 -2
80 353 -2
80 130 2
80 756 2
80 349 -2
80 340 2
80 151 2
80 751 2
80 608 -2
80 691 2
80 363 2
80 140 -2
80 85 -2
80 141 -2
80 112 -2
80 250 2
80 240 -2
80 123 -2
80 280 -2
80 413 -2
80 384 -2
80 539 -2
80 509 2
80 219 -2
80 589 -2
81 765 -2
81 161 2
81 561 2
81 536 2
81 429 -2
81 567 2
81 577 -2
81 686 -2
81 768 -2
81 274 -2
81 379 2
81 465 2
81 591 -2
81 273 2
81 478 -2
81 308 2
81 171 2
81 749 -2
81 427 2
81 446 2
81 552 -2
81 469 2
81 556 2
81 772 -2
81 507 -2
81 442 2
81 163 -2
81 638 -2
81 513 -2
81 463 2
81 94 -2
81 637 -2
81 439 2
81 95 -2
81 583 2
81 722 -2
81 742 2
81 701 2
81 356 -2
81 82 -2
81 99 -2
81 570 2
81 798 -2
82 678 2
82 262 -2
82 562 2
82 315 -2
82 501 -2
82 599 -2
82 310 2
82 382 2
82 425 -2
82 100 2
82 131 2
82 378 -2
82 682 -2
82 733 -2
82 393 2
82 473 2
82 529 2
82 177 -2
82 702 -2
82 392 -2
82 799 2
82 363 2
82 445 2
82 469 -2
82 598 2
82 758 -2
82 681 -2
82 109 -2
82 603 -2
82 144 -2
82 543 2
82 169 2
82 441 -2
82 771 -2
82 601 2
82 286 -2
82 308 -2
82 400 2
82 329 -2
82 593 -2
82 587 2
82 403 2
82 574 -2
82 287 -2
82 246 2
82 214 -2
82 654 -2
82 549 2
83 414 2
83 437 2
83 721 -2
83 760 -2
83 143 2
83 792 2
83 434 -2
83 603 2
83 766 2
83 154 2
83 227 -2
83 532 -2
83 538 2
83 777 -2
83 692 2
83 158 -2
83 556 -2
83 356 -2
83 496 -2
83 627 -2
83 634 -2
83 175 -2
83 587 2
83 350 2
83 569 -2
83 689 -2
83 382 -2
83 176 -2
83 121 2
83 547 -2
83 688 -2
83 686 -2
83 636 2
83 660 -2
83 90 -2
83 172 -2
83 302 2
83 568 2
83 179 -2
83 216 -2
83 691 2
84 334 2
84 577 -2
84 481 -2
84 151 -2
84 759 2
84 155 -2
84 399 -2
84 292 -2
84 392 -2
84 462 2
84 757 2
84 147 -2
84 480 2
84 431 -2
84 222 2
84 543 2
84 598 -2
84 405 2
84 485 -2
84 593 2
84 190 2
84 566 -2
84 144 2
84 608 2
84 138 -2
84 795 2
84 310 2
84 187 2
84 644 -2
84 734 2
84 88 -2
84 416 2
84 780 -2
84 686 2
84 214 -2
84 395 -2
84 527 2
84 215 2
84 113 -2
84 98 -2
85 415 -2
85 558 2
85 190 2
85 522 -2
85 765 2
85 648 2
85 639 -2
85 374 -2
85 511 -2
85 323 2
85 691 -2
85 442 2
85 279 2
85 515 2
85 296 -2
85 273 2
85 722 -2
85 749 2
85 132 -2
85 293 -2
85 504 -2
85 303 -2
85 697 -2
85 295 2
85 497 -2
85 655 -2
85 301 -2
85 658 2
85 571 2
85 103 -2
85 197 2
85 315 2
85 750 2
85 431 2
85 379 -2
85 456 -2
85 572 -2
85 101 -2
85 111 2
85 350 2
85 452 -2
85 349 -2
85 518 2
85 165 2
85 319 2
86 381 2
86 548 -2
86 182 2
86 165 2
86 710 2
86 442 -2
86 769 -2
86 264 2
86 386 2
86 782 -2
86 391 2
86 125 -2
86 356 2
86 214 2
86 697 2
86 553 -2
86 774 2
86 457 -2
86 761 2
86 163 2
86 121 2
86 306 -2
86 449 2
86 509 -2
86 358 2
86 663 2
86 606 2
86 303 -2
86 740 2
86 537 -2
86 687 2
86 538 -2
86 564 2
86 237 2
86 651 2
86 462 2
86 131 2
86 274 2
86 139 2
86 590 -2
86 115 -2
86 507 -2
86 510 2
86 376 -2
86 143 -2
86 556 -2
86 255 -2
86 292 -2
86 427 -2
86 260 2
86 516 -2
86 454 2
86 649 2
86 145 -2
86 245 2
86 662 2
87 217 -2
87 92 -2
87 719 2
87 383 2
87 256 2
87 195 -2
87 693 -2
87 392 -2
87 716 2
87 625 2
87 425 -2
87 339 2
87 294 -2
87 394 -2
87 641 -2
87 259 -2
87 244 2
87 203 -2
87 289 -2
87 674 2
87 665 -2
87 571 2
87 754 -2
87 263 -2
87 590 -2
87 471 2
87 373 -2
87 650 -2
87 226 2
87 246 -2
87 375 2
87 98 2
87 449 -2
87 301 2
87 636 2
87 219 2
87 619 -2
87 172 2
87 123 2
87 779 -2
87 776 -2
87 97 -2
87 278 -2
87 334 2
87 136 2
87 435 -2
87 153 -2
88 509 2
88 113 -2
88 421 -2
88 212 -2
88 554 2
88 127 2
88 372 2
88 358 2
88 693 2
88 250 2
88 760 -2
88 737 -2
88 381 -2
88 751 2
88 617 -2
88 668 2
88 233 -2
88 286 -2
88 589 2
88 424 -2
88 432 2
88 456 2
88 782 -2
88 774 -2
88 473 2
88 691 2
88 295 -2
88 101 2
88 755 -2
88 300 2
88 420 -2
88 567 -2
89 762 2
89 264 2
89 599 2
89 158 2
89 665 2
89 235 2
89 260 -2
89 254 2
89 227 -2
89 451 -2
89 113 2
89 118 2
89 99 2
89 775 -2
89 715 -2
89 215 -2
89 747 2
89 473 -2
89 184 2
89 257 -2
89 136 2
89 134 2
89 587 -2
89 115 -2
89 657 2
89 386 -2
89 486 -2
89 364 -2
89 104 -2
89 129 2
89 146 -2
89 388 -2
89 182 -2
89 596 2
89 198 -2
89 600 -2
89 258 2
89 538 2
89 290 2
89 143 -2
89 289 2
89 90 -2
89 373 2
90 572 2
90 647 -2
90 664 2
90 286 -2
90 599 2
90 588 2
90 352 -2
90 398 -2
90 478 2
90 357 2
90 368 -2
90 548 2
90 768 2
90 654 2
90 382 2
90 253 -2
90 410 -2
90 662 -2
90 595 2
90 221 -2
90 238 2
90 147 -2
90 565 2
90 134 2
90 522 2
90 655 -2
90 114 2
90 440 -2
90 174 -2
90 673 2
90 665 2
90 459 -2
90 716 2
90 285 -2
91 227 -2
91 328 -2
91 150 -2
91 714 2
91 774 -2
91 473 -2
91 228 -2
91 557 2
91 341 2
91 378 -2
91 131 2
91 255 -2
91 612 -2
91 713 -2
91 521 -2
91 216 -2
91 273 2
91 489 -2
91 596 2
91 134 2
91 223 -2
91 126 -2
91 268 -2
91 117 2
91 375 -2
91 146 -2
91 711 2
91 355 2
91 476 -2
91 166 -2
91 367 -2
91 171 -2
91 488 2
91 766 -2
91 106 2
91 634 2
91 673 -2
92 320 -2
92 642 2
92 576 2
92 205 -2
92 518 -2
92 479 2
92 395 2
92 496 2
92 475 2
92 597 -2
92 372 -2
92 425 2
92 663 2
92 679 2
92 396 -2
92 386 2
92 125 2
92 591 -2
92 358 -2
92 439 -2
92 650 -2
92 379 2
92 314 -2
92 145 2
92 742 -2
92 186 2
92 608 -2
92 334 -2
92 431 2
92 381 2
92 468 -2
92 636 -2
92 788 -2
92 100 -2
92 696 2
92 670 2
92 690 2
92 139 -2
92 208 2
92 556 2
92 347 -2
93 490 -2
93 439 -2
93 223 -2
93 728 -2
93 784 -2
93 650 -2
93 774 2
93 98 -2
93 460 -2
93 94 2
93 193 -2
93 212 -2
93 107 2
93 348 -2
93 326 -2
93 272 -2
93 214 -2
93 188 -2
93 792 -2
93 494 2
93 130 -2
93 134 2
93 630 -2
93 196 -2
93 249 2
93 598 -2
93 523 2
93 255 -2
93 189 -2
93 157 2
93 426 2
93 614 -2
93 766 2
93 144 2
94 175 2
94 484 2
94 767 2
94 680 2
94 389 -2
94 652 2
94 672 2
94 188 -2
94 200 -2
94 360 -2
94 122 2
94 507 -2
94 362 2
94 162 -2
94 476 2
94 464 2
94 262 -2
94 191 2
94 442 -2
94 170 -2
94 412 -2
94 138 -2
94 705 2
94 342 2
94 156 2
94 152 -2
94 517 2
94 363 -2
94 564 -2
94 506 -2
94 193 2
94 186 -2
94 295 2
94 559 2
94 397 2
94 358 -2
94 451 2
95 670 -2
95 445 -2
95 746 -2
95 393 2
95 779 2
95 686 2
95 508 2
95 749 2
95 543 -2
95 487 2
95 137 -2
95 606 2
95 290 2
95 108 2
95 400 2
95 577 2
95 249 -2
95 120 2
95 660 -2
95 158 2
95 593 2
95 300 -2
95 237 -2
95 709 -2
95 570 2
95 282 2
95 286 -2
95 420 -2
95 611 2
95 596 -2
95 669 2
95 498 2
95 671 2
95 773 2
95 388 2
95 442 2
95 280 2
95 717 -2
95 612 -2
95 659 2
96 797 2
96 604 -2
96 509 2
96 676 -2
96 302 -2
96 762 2
96 492 -2
96 438 2
96 400 -2
96 431 2
96 301 -2
96 152 -2
96 697 -2
96 428 -2
96 448 -2
96 728 2
96 601 -2
96 695 2
96 467 -2
96 404 -2
96 231 2
96 715 -2
96 552 -2
96 208 -2
96 674 -2
96 462 -2
96 726 2
96 176 2
96 591 -2
96 252 -2
96 180 -2
96 224 -2
96 603 2
96 511 -2
96 612 -2
96 581 -2
96 104 -2
96 668 2
96 463 2
96 294 -2
96 399 -2
96 143 2
96 605 2
96 122 2
96 141 -2
96 196 2
96 748 2
96 126 -2
97 693 2
97 455 -2
97 529 -2
97 663 -2
97 697 2
97 417 2
97 739 2
97 392 -2
97 181 -2
97 296 -2
97 166 2
97 709 2
97 591 -2
97 552 2
97 734 2
97 121 2
97 117 2
97 676 2
97 349 2
97 505 -2
97 273 -2
97 291 -2
97 343 -2
97 99 2
97 590 2
97 599 -2
97 658 2
97 199 -2
97 107 -2
97 168 2
97 158 2
97 746 -2
97 413 -2
97 424 2
97 434 -2
97 633 2
97 364 2
97 191 2
97 278 -2
97 190 2
97 617 2
97 575 -2
97 727 2
98 343 -2
98 564 -2
98 793 -2
98 482 -2
98 186 2
98 134 -2
98 440 -2
98 306 2
98 729 2
98 272 -2
98 107 2
98 253 2
98 122 -2
98 206 -2
98 119 -2
98 296 2
98 320 2
98 498 2
98 732 2
98 177 -2
98 511 -2
98 413 2
98 336 -2
98 721 2
98 623 -2
98 782 2
98 594 2
98 127 -2
98 671 2
98 124 2
98 722 2
98 640 -2
98 445 2
98 216 2
98 786 -2
98 187 2
98 382 -2
98 736 -2
98 479 -2
98 256 -2
98 742 2
98 606 -2
98 184 -2
99 286 2
99 508 -2
99 561 -2
99 161 2
99 279 -2
99 129 2
99 282 2
99 417 -2
99 145 2
99 766 2
99 345 -2
99 517 2
99 102 2
99 405 -2
99 105 2
99 360 2
99 565 2
99 708 2
99 786 -2
99 505 2
99 551 -2
99 684 2
99 757 2
99 343 2
99 448 2
99 182 -2
99 383 2
99 330 2
99 436 2
99 491 -2
99 418 -2
99 111 -2
99 400 -2
99 284 -2
99 347 -2
99 429 -2
99 169 2
99 423 -2
99 628 2
99 599 2
99 493 -2
99 580 2
99 100 -2
99 480 -2
99 259 2
100 233 2
100 578 -2
100 415 -2
100 677 -2
100 120 2
100 721 -2
100 428 2
100 414 -2
100 340 -2
100 648 -2
100 430 -2
100 618 -2
100 710 2
100 143 -2
100 239 -2
100 124 2
100 526 2
100 689 2
100 426 2
100 556 2
100 320 2
100 372 2
100 639 2
100 514 2
100 400 -2
100 207 2
100 247 -2
100 675 -2
100 171 2
100 421 -2
100 568 2
100 260 2
100 767 -2
100 302 -2
100 798 2
100 547 -2
100 383 2
100 732 2
101 120 -2
101 467 -2
101 293 -2
101 149 2
101 224 -2
101 361 -2
101 319 2
101 663 -2
101 451 -2
101 708 2
101 453 2
101 758 -2
101 645 2
101 655 2
101 208 2
101 118 2
101 233 2
101 121 -2
101 445 2
101 563 2
101 141 -2
101 106 -2
101 618 -2
101 678 -2
101 194 2
101 711 -2
101 298 2
101 105 2
101 589 2
101 209 -2
101 339 -2
101 551 -2
101 580 2
101 574 2
101 506 -2
101 297 2
101 537 -2
101 130 -2
101 360 2
101 656 -2
101 749 2
101 689 -2
101 504 -2
101 250 -2
101 368 -2
101 742 2
102 177 -2
102 695 2
102 440 2
102 188 -2
102 382 2
102 712 2
102 626 2
102 379 2
102 399 -2
102 436 -2
102 274 -2
102 675 -2
102 621 2
102 238 -2
102 285 2
102 120 2
102 760 -2
102 498 2
102 547 -2
102 781 -2
102 273 2
102 276 -2
102 527 -2
102 783 -2
102 353 -2
102 722 -2
102 524 -2
102 181 -2
102 393 2
102 144 -2
102 487 -2
102 142 -2
102 261 -2
102 389 -2
102 670 -2
102 415 2
103 515 -2
103 746 -2
103 258 2
103 435 -2
103 118 2
103 356 2
103 612 -2
103 298 -2
103 493 -2
103 609 2
103 491 2
103 280 2
103 313 -2
103 366 -2
103 349 -2
103 138 -2
103 295 -2
103 539 -2
103 143 -2
103 363 -2
103 246 -2
103 555 2
103 197 -2
103 219 -2
103 203 2
103 398 2
103 552 2
103 794 -2
103 685 2
103 434 -2
103 553 2
103 596 -2
103 105 2
103 389 2
103 524 2
103 314 -2
103 353 -2
103 210 2
103 126 -2
103 567 -2
103 523 -2
103 604 -2
104 266 2
104 131 -2
104 765 2
104 335 -2
104 108 -2
104 732 2
104 635 2
104 541 -2
104 259 -2
104 107 2
104 300 2
104 719 -2
104 749 -2
104 508 2
104 155 2
104 322 -2
104 486 -2
104 463 -2
104 716 2
104 179 -2
104 742 -2
104 466 2
104 386 2
104 411 -2
104 370 -2
104 421 2
104 302 2
104 669 -2
104 496 -2
104 672 2
104 585 2
104 468 -2
104 321 -2
104 695 2
104 248 2
104 507 -2
104 133 2
104 436 2
104 445 2
105 464 2
105 781 -2
105 491 2
105 544 -2
105 438 -2
105 729 -2
105 555 2
105 686 -2
105 732 2
105 543 2
105 597 2
105 581 2
105 248 -2
105 308 -2
105 136 2
105 212 2
105 341 -2
105 667 -2
105 672 2
105 468 -2
105 553 -2
105 643 2
105 582 2
105 279 -2
105 787 2
105 697 -2
105 263 -2
105 354 -2
105 503 2
105 313 2
105 492 -2
105 546 2
105 388 2
105 418 -2
105 773 2
105 209 -2
106 228 2
106 764 2
106 755 2
106 733 2
106 762 2
106 346 2
106 481 -2
106 326 -2
106 298 2
106 641 2
106 671 -2
106 662 -2
106 162 2
106 256 2
106 724 2
106 316 -2
106 300 2
106 489 -2
106 483 2
106 117 2
106 383 2
106 119 -2
106 638 -2
106 565 -2
106 384 2
106 795 -2
106 445 -2
106 164 2
106 549 2
106 593 -2
106 679 2
106 604 -2
106 670 2
106 304 -2
106 235 2
106 180 -2
106 707 2
106 146 -2
106 645 -2
106 246 -2
106 740 -2
107 719 2
107 436 2
107 753 -2
107 247 2
107 318 2
107 763 2
107 278 2
107 373 -2
107 270 2
107 793 2
107 453 -2
107 511 -2
107 121 2
107 521 2
107 454 2
107 219 2
107 729 -2
107 497 2
107 714 -2
107 197 -2
107 666 2
107 704 2
107 447 2
107 542 -2
107 541 -2
107 661 2
107 444 2
107 550 2
107 708 2
107 713 2
107 269 -2
107 677 2
107 733 2
107 780 -2
107 258 2
107 536 -2
107 382 -2
108 337 2
108 162 -2
108 287 -2
108 370 2
108 223 -2
108 653 2
108 375 2
108 489 2
108 146 2
108 592 -2
108 117 2
108 358 -2
108 672 2
108 589 -2
108 407 -2
108 416 -2
108 181 2
108 606 2
108 634 -2
108 339 2
108 203 2
108 331 2
108 417 2
108 193 -2
108 159 -2
108 770 -2
108 151 2
108 165 2
108 754 -2
108 714 2
108 699 -2
108 506 2
108 707 2
108 726 -2
108 534 -2
108 536 2
108 567 2
108 716 -2
108 771 2
109 783 2
109 216 -2
109 123 2
109 157 2
109 272 -2
109 608 2
109 138 -2
109 593 -2
109 667 2
109 683 2
109 188 -2
109 509 -2
109 677 -2
109 558 -2
109 468 2
109 489 2
109 142 -2
109 797 -2
109 605 2
109 213 -2
109 658 -2
109 743 2
109 551 -2
109 642 -2
109 353 -2
109 705 2
109 320 2
109 269 2
109 344 2
109 534 -2
109 595 2
109 165 2
109 600 -2
109 347 2
109 722 2
109 730 2
109 436 -2
109 303 2
109 328 2
109 376 2
110 454 2
110 671 -2
110 223 -2
110 768 -2
110 125 2
110 666 2
110 750 2
110 596 2
110 489 2
110 168 -2
110 184 2
110 296 2
110 534 2
110 455 -2
110 277 -2
110 346 -2
110 732 2
110 294 -2
110 539 2
110 374 -2
110 657 2
110 260 -2
110 558 -2
110 321 2
110 128 2
110 784 -2
110 627 2
110 397 2
110 609 2
110 129 -2
110 778 2
110 246 -2
111 728 -2
111 676 -2
111 733 2
111 559 -2
111 287 -2
111 737 -2
111 726 2
111 520 2
111 146 2
111 431 2
111 481 -2
111 521 -2
111 499 -2
111 758 -2
111 295 -2
111 544 -2
111 740 -2
111 407 2
111 113 -2
111 280 2
111 416 2
111 373 2
111 504 2
111 475 -2
111 316 2
111 597 -2
111 460 2
111 588 2
111 309 -2
111 713 2
111 747 -2
111 358 2
111 660 -2
111 774 -2
111 319 -2
111 304 -2
111 510 2
111 732 -2
111 397 -2
111 127 -2
111 394 -2
111 148 -2
111 172 2
112 394 2
112 618 -2
112 455 -2
112 482 -2
112 133 2
112 200 2
112 225 -2
112 139 2
112 199 -2
112 158 2
112 658 -2
112 550 2
112 285 -2
112 316 -2
112 177 2
112 485 2
112 164 2
112 484 2
112 276 -2
112 729 -2
112 254 2
112 270 -2
112 451 2
112 745 2
112 349 -2
112 422 -2
112 790 -2
112 250 2
112 615 -2
112 401 -2
112 239 -2
112 731 2
112 540 2
112 290 2
112 150 -2
112 372 2
112 287 2
112 694 -2
112 247 2
112 114 -2
112 505 -2
112 525 -2
112 705 2
112 541 -2
112 503 -2
112 353 -2
112 423 -2
112 786 2
112 354 2
112 318 -2
113 346 2
113 122 2
113 598 -2
113 131 2
113 687 -2
113 278 -2
113 750 -2
113 247 -2
113 512 2
113 652 2
113 684 -2
113 222 -2
113 344 -2
113 741 2
113 275 -2
113 753 2
113 774 2
113 607 2
113 446 -2
113 480 -2
113 443 -2
113 257 2
113 372 -2
113 723 -2
113 221 2
113 214 2
113 410 -2
113 537 2
113 341 2
113 356 2
113 398 -2
113 475 -2
113 672 2
113 721 -2
113 452 -2
113 595 -2
113 319 2
113 780 2
113 617 -2
113 678 2
114 550 -2
114 258 2
114 798 -2
114 422 -2
114 718 -2
114 705 2
114 401 2
114 435 2
114 151 -2
114 188 -2
114 170 2
114 639 -2
114 588 -2
114 252 2
114 287 2
114 314 -2
114 451 -2
114 788 -2
114 458 -2
114 622 -2
114 189 -2
114 200 -2
114 214 2
114 704 2
114 447 2
114 202 -2
114 368 -2
114 158 2
114 174 -2
114 306 2
114 119 2
114 524 -2
114 407 -2
114 640 -2
114 303 2
114 766 -2
114 551 2
114 617 -2
114 195 2
114 768 2
114 424 2
114 345 -2
115 797 2
115 221 -2
115 350 -2
115 427 -2
115 201 2
115 594 -2
115 778 -2
115 390 2
115 277 -2
115 486 -2
115 369 -2
115 534 -2
115 451 -2
115 700 2
115 351 2
115 401 -2
115 689 -2
115 218 2
115 317 -2
115 363 2
115 157 2
115 438 2
115 697 -2
115 404 -2
115 204 -2
115 768 -2
115 475 -2
115 146 2
115 199 2
115 608 2
115 736 2
115 384 2
115 657 -2
115 205 2
115 140 2
115 165 -2
115 576 2
115 195 2
116 468 -2
116 611 -2
116 414 -2
116 402 2
116 443 2
116 288 -2
116 547 -2
116 549 2
116 614 -2
116 319 2
116 540 -2
116 551 -2
116 422 2
116 186 -2
116 634 2
116 348 2
116 295 2
116 456 2
116 189 -2
116 657 2
116 315 2
116 156 2
116 325 -2
116 218 -2
116 439 2
116 541 -2
116 606 -2
116 177 2
117 734 -2
117 173 -2
117 423 2
117 516 -2
117 598 -2
117 619 -2
117 694 -2
117 719 2
117 432 2
117 319 -2
117 589 2
117 212 -2
117 778 2
117 193 2
117 500 -2
117 162 -2
117 597 -2
117 644 2
117 612 -2
117 372 -2
117 316 -2
117 665 -2
117 532 -2
117 218 2
117 159 -2
117 457 -2
117 476 -2
117 659 2
117 295 -2
117 294 -2
117 496 2
117 230 2
117 502 -2
117 517 2
117 242 -2
117 338 -2
117 649 2
117 391 2
117 390 -2
117 724 -2
117 507 2
117 286 -2
117 642 2
117 260 2
118 502 2
118 674 -2
118 206 2
118 764 -2
118 552 -2
118 426 2
118 434 2
118 587 2
118 523 -2
118 653 2
118 771 -2
118 469 2
118 707 2
118 778 -2
118 799 -2
118 599 -2
118 492 -2
118 351 -2
118 672 -2
118 180 2
118 680 -2
118 789 2
118 732 -2
118 690 -2
118 744 -2
118 289 2
118 349 2
118 567 2
118 706 -2
118 133 2
118 189 -2
118 148 -2
118 506 -2
118 294 2
118 756 2
118 394 2
118 196 2
118 524 2
118 132 -2
119 263 -2
119 598 -2
119 375 -2
119 549 2
119 218 -2
119 320 -2
119 719 -2
119 136 -2
119 391 2
119 613 2
119 511 2
119 709 2
119 671 2
119 307 2
119 655 2
119 781 -2
119 568 -2
119 663 -2
119 267 2
119 793 -2
119 275 2
119 380 2
119 711 2
119 230 2
119 596 2
119 629 -2
119 282 -2
119 159 2
119 762 -2
119 514 -2
119 453 2
119 547 -2
119 446 2
119 504 -2
120 406 -2
120 397 -2
120 288 -2
120 574 2
120 404 -2
120 770 2
120 250 2
120 333 -2
120 291 2
120 379 -2
120 798 -2
120 733 -2
120 321 -2
120 320 -2
120 187 2
120 597 2
120 312 -2
120 341 -2
120 258 2
120 789 -2
120 517 2
120 190 -2
120 438 2
120 790 -2
120 254 -2
120 409 2
120 676 -2
120 693 -2
120 512 -2
120 562 2
120 176 2
120 613 2
121 764 -2
121 758 2
121 486 -2
121 661 2
121 593 -2
121 357 -2
121 790 2
121 533 -2
121 781 2
121 256 2
121 171 -2
121 569 2
121 268 -2
121 132 2
121 326 -2
121 699 2
121 148 -2
121 297 2
121 631 2
121 170 2
121 487 2
121 681 -2
121 130 -2
121 605 2
121 733 2
121 286 -2
121 636 -2
121 710 -2
121 778 2
121 553 -2
121 740 2
121 308 2
121 243 2
121 526 2
121 583 2
121 294 2
121 355 2
121 439 -2
121 467 -2
121 588 2
121 345 2
121 433 2
121 329 2
121 402 -2
121 660 2
121 173 2
121 346 -2
121 788 2
121 615 2
121 252 -2
121 351 2
121 420 -2
122 684 -2
122 510 2
122 409 2
122 705 -2
122 646 2
122 514 2
122 162 2
122 720 2
122 475 2
122 562 2
122 304 2
122 613 2
122 229 2
122 358 -2
122 608 2
122 171 -2
122 495 2
122 429 -2
122 663 -2
122 635 2
122 690 2
122 246 -2
122 700 2
122 403 2
122 282 2
122 367 2
122 518 -2
122 407 2
122 718 2
122 284 -2
122 446 2
122 165 2
122 343 2
122 734 2
122 357 -2
122 298 -2
122 209 -2
122 256 -2
122 755 2
122 610 -2
122 622 -2
122 176 -2
122 537 2
122 642 2
122 740 -2
123 450 2
123 349 -2
123 382 -2
123 364 2
123 404 2
123 465 2
123 245 -2
123 459 2
123 225 -2
123 524 2
123 205 -2
123 529 2
123 438 -2
123 145 2
123 177 2
123 500 2
123 285 2
123 229 -2
123 352 2
123 430 -2
123 265 -2
123 312 -2
123 470 -2
123 671 2
123 711 -2
123 631 -2
123 782 -2
123 372 -2
123 149 2
123 376 -2
123 203 -2
123 580 -2
123 686 2
123 635 -2
123 638 -2
123 578 -2
123 799 -2
123 411 -2
123 190 -2
123 377 2
123 155 2
123 539 -2
123 503 2
123 616 2
123 256 -2
123 460 -2
124 465 2
124 281 -2
124 241 -2
124 664 -2
124 249 2
124 262 -2
124 741 2
124 199 2
124 600 2
124 251 -2
124 662 -2
124 506 2
124 744 2
124 623 2
124 226 -2
124 776 2
124 645 2
124 371 2
124 349 -2
124 732 2
124 326 -2
124 301 -2
124 141 -2
124 290 -2
124 669 2
124 448 -2
124 677 2
124 388 -2
124 409 2
124 386 -2
124 512 -2
124 264 -2
124 298 2
124 701 2
124 496 2
124 414 2
124 655 -2
125 355 -2
125 762 -2
125 330 -2
125 128 2
125 753 2
125 286 2
125 219 2
125 705 -2
125 325 -2
125 131 2
125 740 2
125 742 2
125 132 2
125 480 2
125 677 2
125 218 2
125 609 -2
125 225 -2
125 675 2
125 437 2
125 450 2
125 197 2
125 392 2
125 619 -2
125 596 2
125 402 -2
125 641 -2
125 674 2
125 765 -2
125 719 2
125 380 2
125 126 -2
125 152 -2
125 758 2
125 149 2
125 447 -2
125 418 -2
125 549 2
125 789 -2
125 384 -2
125 229 -2
125 329 -2
125 703 -2
125 420 2
125 521 2
126 147 2
126 281 -2
126 393 -2
126 638 -2
126 155 2
126 670 2
126 506 2
126 628 -2
126 484 2
126 549 -2
126 160 2
126 786 -2
126 621 -2
126 157 -2
126 560 -2
126 650 2
126 476 -2
126 748 -2
126 359 -2
126 407 -2
126 656 2
126 600 -2
126 249 -2
126 244 2
126 777 2
126 791 2
126 309 2
126 137 2
126 429 -2
126 489 2
126 701 2
126 240 2
126 765 -2
126 567 -2
126 256 2
126 744 -2
126 321 -2
126 289 2
126 245 2
127 289 -2
127 274 2
127 230 -2
127 695 -2
127 362 2
127 304 -2
127 570 2
127 789 2
127 182 -2
127 661 -2
127 209 -2
127 611 2
127 510 2
127 530 2
127 199 -2
127 158 -2
127 670 -2
127 201 2
127 317 -2
127 495 -2
127 314 -2
127 392 -2
127 354 -2
127 578 -2
127 226 2
127 552 2
127 572 2
127 792 -2
127 447 2
127 722 -2
127 448 2
127 476 -2
127 509 2
127 627 2
127 142 -2
127 409 2
127 329 2
127 272 2
127 716 -2
127 646 2
127 491 2
127 462 2
127 644 -2
127 414 2
127 694 2
127 417 2
127 762 -2
127 431 -2
127 705 -2
128 153 2
128 184 -2
128 794 -2
128 658 2
128 785 -2
128 597 2
128 321 2
128 550 2
128 211 2
128 649 -2
128 633 2
128 732 -2
128 198 2
128 546 -2
128 553 -2
128 709 -2
128 229 -2
128 773 2
128 200 -2
128 166 2
128 413 -2
128 362 2
128 515 2
128 628 -2
128 168 2
128 378 2
128 562 -2
128 589 2
128 312 2
128 260 -2
128 458 -2
128 147 2
128 255 2
128 245 2
128 714 -2
128 706 2
128 183 -2
128 623 -2
128 627 2
128 464 2
128 618 -2
128 473 2
129 454 2
129 719 2
129 233 -2
129 795 -2
129 579 -2
129 236 2
129 759 -2
129 278 -2
129 660 2
129 673 2
129 363 -2
129 328 -2
129 298 2
129 482 -2
129 713 -2
129 608 2
129 383 2
129 415 2
129 225 2
129 191 -2
129 165 -2
129 343 -2
129 434 -2
129 629 -2
129 551 -2
129 799 -2
129 531 -2
129 502 2
129 639 2
129 493 -2
129 732 -2
129 463 2
129 401 -2
129 681 -2
129 756 -2
129 671 -2
129 642 2
129 559 2
129 761 -2
129 433 2
129 303 -2
129 257 2
129 674 -2
129 488 2
129 286 -2
129 702 2
129 709 -2
129 521 -2
129 695 2
129 703 2
129 667 -2
129 358 -2
130 524 -2
130 604 2
130 793 2
130 514 -2
130 346 2
130 563 -2
130 298 -2
130 774 -2
130 411 2
130 662 2
130 275 -2
130 698 -2
130 755 2
130 465 -2
130 358 -2
130 785 2
130 796 2
130 384 -2
130 144 2
130 247 -2
130 669 -2
130 655 2
130 184 -2
130 647 2
130 582 2
130 227 2
130 762 -2
130 417 2
130 187 -2
130 454 -2
130 789 -2
130 258 -2
130 281 -2
130 670 2
130 233 -2
130 154 2
130 318 -2
130 476 -2
130 378 -2
130 764 -2
131 476 2
131 470 -2
131 530 -2
131 608 2
131 573 2
131 138 -2
131 227 2
131 191 2
131 534 2
131 442 2
131 797 -2
131 377 -2
131 143 -2
131 190 2
131 244 2
131 691 -2
131 220 -2
131 555 2
131 228 -2
131 207 -2
131 466 -2
131 794 -2
131 502 -2
131 187 -2
131 174 2
131 141 -2
131 166 -2
131 592 2
131 659 -2
131 217 -2
131 354 -2
131 164 2
131 282 -2
131 170 2
131 677 -2
131 425 2
131 750 2
131 184 2
131 674 2
131 173 -2
132 419 2
132 307 -2
132 436 -2
132 169 2
132 766 -2
132 662 -2
132 166 -2
132 468 2
132 539 -2
132 180 -2
132 668 -2
132 292 -2
132 482 -2
132 253 -2
132 793 2
132 654 -2
132 453 -2
132 509 -2
132 461 -2
132 691 2
132 491 -2
132 157 -2
132 398 2
132 255 2
132 217 -2
132 337 2
132 214 -2
132 347 2
132 531 2
132 503 2
132 165 2
132 492 -2
132 150 2
132 565 -2
132 283 2
132 207 2
132 765 2
132 717 -2
132 373 2
132 163 -2
132 285 -2
133 661 -2
133 765 2
133 679 -2
133 451 -2
133 462 2
133 146 -2
133 145 -2
133 766 2
133 152 2
133 613 -2
133 706 2
133 518 -2
133 313 -2
133 371 2
133 796 -2
133 155 -2
133 460 -2
133 246 2
133 469 2
133 696 2
133 777 -2
133 165 2
133 654 2
133 249 -2
133 208 -2
133 452 -2
133 419 -2
133 671 -2
133 535 2
133 741 2
133 348 -2
133 688 -2
133 275 2
133 329 2
133 220 -2
133 662 2
133 161 -2
133 569 2
133 754 2
133 310 -2
133 203 2
133 287 -2
133 660 2
134 288 -2
134 684 2
134 613 -2
134 558 -2
134 227 -2
134 752 2
134 171 2
134 371 2
134 286 2
134 324 -2
134 670 -2
134 635 -2
134 718 2
134 563 -2
134 391 2
134 144 -2
134 720 2
134 630 2
134 672 -2
134 656 2
134 313 2
134 462 2
134 680 2
134 220 -2
134 337 2
134 798 -2
134 351 -2
134 541 2
134 562 -2
134 455 -2
134 435 -2
134 458 -2
134 753 2
134 524 2
134 587 -2
134 530 -2
134 162 2
134 262 2
134 745 2
134 399 -2
134 791 -2
134 242 2
135 711 -2
135 374 -2
135 774 -2
135 170 2
135 218 2
135 447 -2
135 494 -2
135 531 2
135 765 2
135 762 2
135 222 -2
135 400 2
135 342 -2
135 511 2
135 718 -2
135 340 2
135 315 2
135 661 2
135 479 2
135 303 -2
135 337 2
135 148 2
135 160 2
135 522 -2
135 453 -2
135 298 2
135 753 -2
135 174 2
135 247 2
135 469 2
135 579 -2
135 282 -2
135 165 -2
135 580 2
135 768 2
135 721 2
135 651 2
135 544 2
135 739 2
135 584 2
135 242 2
135 524 2
136 266 -2
136 158 2
136 519 -2
136 338 -2
136 589 2
136 273 -2
136 198 -2
136 437 -2
136 413 -2
136 177 -2
136 538 2
136 222 -2
136 378 2
136 548 -2
136 508 2
136 591 -2
136 570 -2
136 659 -2
136 221 -2
136 601 2
136 320 2
136 263 2
136 568 -2
136 743 -2
136 187 2
136 326 2
136 374 -2
136 442 -2
136 697 2
136 482 2
136 546 -2
136 421 -2
136 735 2
136 532 -2
136 712 2
136 159 2
136 371 2
136 786 2
136 656 -2
136 462 -2
136 265 -2
137 487 2
137 571 -2
137 347 2
137 223 -2
137 761 -2
137 266 2
137 627 -2
137 365 -2
137 422 2
137 216 2
137 612 -2
137 763 -2
137 633 -2
137 574 2
137 792 2
137 758 2
137 454 2
137 507 -2
137 505 -2
137 287 2
137 570 2
137 194 2
137 616 -2
137 262 2
137 304 -2
137 305 2
137 319 2
137 368 -2
137 546 -2
137 576 -2
137 173 2
137 712 -2
137 249 -2
137 625 -2
137 634 -2
137 485 2
138 290 2
138 405 2
138 317 2
138 190 -2
138 469 -2
138 696 2
138 497 -2
138 600 2
138 278 2
138 323 -2
138 533 2
138 597 2
138 615 2
138 792 -2
138 148 2
138 613 -2
138 784 2
138 566 2
138 329 2
138 503 -2
138 690 -2
138 752 2
138 527 2
138 736 -2
138 227 2
138 642 2
138 645 -2
138 590 2
139 385 -2
139 433 2
139 629 2
139 719 -2
139 543 2
139 496 -2
139 430 -2
139 784 2
139 756 -2
139 427 2
139 504 -2
139 642 2
139 541 2
139 178 2
139 675 2
139 263 2
139 147 -2
139 261 -2
139 366 2
139 768 -2
139 715 -2
139 587 2
139 619 -2
139 283 -2
139 718 -2
139 723 -2
139 441 -2
139 177 2
139 287 -2
139 660 2
139 307 2
139 437 -2
139 371 -2
139 594 -2
139 707 -2
139 446 2
139 378 2
139 238 2
139 530 -2
139 164 -2
139 461 2
139 613 -2
139 799 -2
139 460 -2
140 320 2
140 656 2
140 668 -2
140 367 -2
140 539 -2
140 626 -2
140 374 2
140 578 -2
140 337 2
140 688 -2
140 769 2
140 678 -2
140 683 2
140 577 -2
140 790 2
140 705 -2
140 798 2
140 313 -2
140 351 2
140 565 2
140 659 2
140 368 2
140 384 -2
140 411 2
140 327 -2
140 174 -2
140 349 -2
140 424 -2
140 593 2
140 590 2
140 729 2
140 360 2
140 612 -2
140 555 -2
140 731 2
140 302 2
140 264 2
140 176 -2
140 663 2
140 318 -2
140 558 2
140 582 -2
140 188 -2
141 339 2
141 405 -2
141 262 -2
141 577 2
141 439 2
141 613 -2
141 220 2
141 720 2
141 688 -2
141 617 2
141 521 2
141 728 -2
141 201 -2
141 783 2
141 249 -2
141 434 2
141 703 2
141 516 2
141 695 -2
141 655 -2
141 775 -2
141 148 -2
141 143 2
141 458 -2
141 203 2
141 722 -2
141 672 -2
141 658 -2
141 582 -2
141 450 2
141 431 2
141 428 2
141 245 2
141 551 2
141 583 2
141 716 -2
141 272 2
141 784 -2
141 729 -2
141 444 2
141 595 2
141 772 2
141 254 2
141 502 -2
141 174 2
141 211 2
141 630 2
141 420 -2
141 730 -2
141 671 2
141 479 2
141 240 -2
142 218 2
142 547 -2
142 628 2
142 586 2
142 170 -2
142 655 2
142 538 2
142 389 -2
142 629 2
142 165 -2
142 601 2
142 651 2
142 395 -2
142 519 2
142 664 2
142 398 2
142 637 -2
142 582 2
142 792 -2
142 765 2
142 355 2
142 524 2
142 480 -2
142 151 -2
142 711 -2
142 442 -2
142 744 2
142 608 -2
142 415 -2
142 773 2
142 520 -2
142 249 2
142 761 2
143 564 2
143 517 -2
143 168 2
143 509 2
143 448 -2
143 440 2
143 622 2
143 609 2
143 588 2
143 768 2
143 237 -2
143 614 -2
143 643 2
143 732 -2
143 203 -2
143 452 -2
143 290 2
143 461 2
143 449 -2
143 418 -2
143 632 -2
143 258 -2
143 519 -2
143 669 2
143 574 -2
143 284 2
143 354 2
143 459 2
143 543 2
143 411 -2
143 463 -2
143 593 -2
143 197 -2
143 706 -2
143 794 -2
143 408 -2
143 150 -2
143 468 2
143 338 2
143 490 2
143 176 -2
143 308 2
143 719 -2
144 549 2
144 406 2
144 761 -2
144 682 2
144 668 2
144 328 2
144 392 -2
144 474 2
144 551 -2
144 535 -2
144 710 -2
144 174 2
144 252 -2
144 565 2
144 770 2
144 323 -2
144 638 2
144 286 2
144 167 -2
144 309 2
144 363 -2
144 428 -2
144 348 -2
144 731 2
144 275 -2
144 706 2
144 563 -2
144 719 2
144 794 2
144 312 -2
144 538 2
144 422 2
144 721 2
144 303 2
145 672 2
145 259 2
145 694 -2
145 260 2
145 520 -2
145 169 2
145 353 2
145 699 -2
145 392 -2
145 521 -2
145 467 -2
145 779 -2
145 156 2
145 313 -2
145 217 2
145 330 2
145 751 -2
145 678 2
145 630 -2
145 299 2
145 794 2
145 329 2
145 603 2
145 563 2
145 631 2
145 589 -2
145 568 -2
145 187 -2
145 498 2
145 294 -2
145 354 -2
145 695 -2
145 423 -2
145 311 -2
145 646 -2
146 470 -2
146 635 2
146 233 -2
146 297 2
146 167 -2
146 267 2
146 213 -2
146 317 -2
146 481 -2
146 637 2
146 797 -2
146 436 -2
146 341 2
146 674 -2
146 786 2
146 564 -2
146 491 2
146 778 2
146 572 2
146 531 2
146 409 2
146 706 -2
146 746 -2
146 353 -2
146 335 -2
146 176 -2
146 757 -2
146 494 2
146 468 2
146 308 -2
146 310 2
146 760 -2
146 402 2
146 239 2
146 787 -2
146 466 2
146 697 2
146 229 2
146 415 -2
146 773 -2
146 714 -2
146 259 -2
146 269 -2
147 162 -2
147 611 -2
147 326 2
147 275 -2
147 775 2
147 523 -2
147 242 2
147 732 2
147 331 2
147 541 2
147 704 -2
147 618 2
147 542 -2
147 219 -2
147 440 2
147 398 2
147 413 -2
147 320 2
147 218 -2
147 641 -2
147 261 2
147 241 2
147 498 2
147 797 2
147 262 2
147 784 -2
147 718 2
147 420 -2
147 745 2
147 514 -2
147 509 2
147 330 2
147 291 2
147 599 -2
147 246 -2
147 763 -2
147 465 2
147 513 -2
148 340 -2
148 786 2
148 526 -2
148 424 -2
148 726 -2
148 626 -2
148 374 2
148 412 -2
148 272 -2
148 156 -2
148 561 -2
148 572 -2
148 248 -2
148 560 -2
148 276 -2
148 556 2
148 421 -2
148 292 -2
148 685 -2
148 207 -2
148 181 -2
148 595 -2
148 393 2
148 312 -2
148 389 -2
148 271 -2
148 607 2
148 240 -2
148 230 2
148 427 -2
148 780 -2
148 756 2
148 640 -2
148 375 2
148 662 2
148 765 2
148 478 -2
148 779 -2
148 415 -2
148 578 2
149 302 -2
149 477 -2
149 799 2
149 202 2
149 565 2
149 556 2
149 498 -2
149 493 2
149 624 2
149 758 2
149 557 2
149 266 -2
149 185 2
149 688 -2
149 365 2
149 326 2
149 737 -2
149 347 2
149 245 -2
149 270 2
149 579 2
149 597 2
149 645 2
149 749 2
149 795 2
149 396 2
149 517 2
149 432 -2
149 254 2
149 546 -2
149 563 -2
149 383 -2
149 748 -2
149 703 -2
149 631 2
149 486 -2
149 422 2
149 286 2
149 310 2
149 436 2
149 200 2
149 393 2
149 328 -2
149 398 2
149 317 2
149 669 -2
150 261 2
150 478 2
150 288 2
150 381 2
150 640 2
150 420 -2
150 334 2
150 458 -2
150 722 2
150 171 -2
150 393 -2
150 378 -2
150 421 -2
150 634 -2
150 795 -2
150 685 -2
150 346 -2
150 427 -2
150 270 -2
150 563 2
150 310 2
150 781 2
150 511 2
150 247 2
150 739 2
150 617 -2
150 336 2
150 340 -2
150 736 2
150 481 -2
150 207 -2
150 342 2
150 402 -2
150 185 2
150 208 -2
150 656 2
150 412 2
150 390 2
150 255 2
150 786 -2
150 502 2
150 538 2
150 560 2
150 436 -2
150 798 2
150 688 -2
150 735 2
150 729 -2
150 625 -2
151 351 -2
151 460 -2
151 237 -2
151 656 -2
151 239 2
151 380 2
151 392 -2
151 175 2
151 271 -2
151 211 2
151 547 -2
151 722 2
151 468 -2
151 420 2
151 247 -2
151 524 2
151 569 2
151 647 -2
151 462 -2
151 174 2
151 208 2
151 598 -2
151 243 2
151 327 -2
151 377 2
151 473 2
151 745 -2
151 548 2
151 589 -2
151 223 2
151 633 2
151 177 -2
151 302 -2
151 283 2
151 654 -2
151 653 -2
151 699 -2
151 533 -2
151 635 2
151 347 -2
151 655 2
151 492 -2
151 716 -2
151 621 2
151 500 2
151 652 -2
151 218 2
151 476 -2
151 752 2
151 308 -2
151 659 2
151 471 -2
151 563 2
152 211 -2
152 415 -2
152 222 -2
152 371 2
152 311 2
152 278 2
152 583 -2
152 412 -2
152 561 2
152 325 2
152 249 2
152 531 2
152 161 2
152 486 2
152 373 -2
152 699 -2
152 290 -2
152 405 -2
152 426 2
152 349 2
152 752 2
152 398 -2
152 622 -2
152 612 2
152 257 -2
152 376 -2
152 385 -2
152 320 2
152 704 -2
152 292 -2
152 431 2
152 508 -2
152 271 2
152 534 2
152 176 -2
152 475 -2
152 591 -2
152 197 -2
152 233 2
152 569 -2
152 579 -2
152 732 2
152 218 2
152 460 2
153 611 2
153 181 2
153 430 2
153 452 2
153 507 2
153 288 -2
153 736 2
153 265 -2
153 632 -2
153 248 2
153 589 2
153 315 2
153 495 -2
153 777 2
153 377 -2
153 564 2
153 537 -2
153 475 -2
153 551 2
153 586 -2
153 241 2
153 794 2
153 482 -2
153 362 2
153 502 2
153 774 -2
153 264 -2
153 727 2
153 624 -2
153 205 -2
153 628 2
153 172 2
153 558 -2
153 273 2
153 412 2
153 327 -2
153 360 2
153 280 -2
154 363 -2
154 785 -2
154 532 2
154 342 2
154 518 2
154 604 2
154 784 -2
154 237 2
154 731 2
154 735 -2
154 485 2
154 639 -2
154 253 2
154 760 -2
154 540 -2
154 764 2
154 673 -2
154 620 -2
154 775 -2
154 415 2
154 525 -2
154 489 -2
154 208 2
154 661 -2
154 359 2
154 335 -2
154 722 2
154 212 -2
154 276 2
154 699 -2
154 739 2
154 180 2
154 248 2
155 254 -2
155 795 2
155 532 2
155 619 2
155 509 -2
155 349 2
155 675 -2
155 177 2
155 288 2
155 645 2
155 503 -2
155 773 2
155 513 2
155 754 2
155 496 -2
155 489 2
155 498 2
155 258 2
155 618 -2
155 331 2
155 633 -2
155 634 2
155 340 -2
155 740 -2
155 436 2
155 160 -2
155 188 -2
155 376 -2
155 464 2
155 290 -2
155 413 -2
155 458 2
155 411 2
155 271 -2
155 676 2
155 295 -2
156 172 -2
156 261 -2
156 501 2
156 696 -2
156 523 2
156 582 -2
156 306 2
156 542 2
156 793 2
156 177 2
156 589 -2
156 318 -2
156 524 -2
156 784 2
156 791 2
156 265 2
156 513 2
156 419 2
156 358 2
156 657 2
156 286 -2
156 635 -2
156 399 -2
156 664 -2
156 232 -2
156 325 2
156 594 2
156 326 -2
156 387 2
156 697 2
156 227 2
156 184 2
156 782 -2
156 643 2
156 709 -2
156 298 2
156 632 2
156 725 -2
156 244 2
156 797 2
156 770 -2
156 268 2
157 660 2
157 759 -2
157 486 2
157 563 -2
157 575 2
157 288 2
157 322 2
157 294 2
157 685 2
157 363 2
157 368 -2
157 677 2
157 247 2
157 169 -2
157 224 2
157 472 2
157 583 2
157 310 -2
157 289 -2
157 352 -2
157 244 -2
157 304 2
157 458 2
157 711 2
157 482 2
157 450 2
157 376 2
157 499 -2
157 301 2
157 727 -2
157 308 2
157 488 2
157 161 -2
157 331 -2
157 396 -2
157 252 -2
157 757 2
157 166 -2
157 545 2
157 706 -2
157 282 2
157 766 2
157 262 -2
157 281 2
157 492 2
157 178 -2
157 263 2
157 265 2
158 472 -2
158 498 -2
158 667 -2
158 191 -2
158 594 2
158 618 -2
158 441 -2
158 615 2
158 352 -2
158 645 -2
158 510 2
158 509 2
158 353 2
158 437 2
158 569 2
158 598 2
158 755 -2
158 762 -2
158 646 -2
158 320 2
158 224 2
158 714 2
158 621 -2
158 371 2
158 792 2
158 657 2
158 686 -2
158 282 2
158 230 -2
158 666 -2
158 459 2
158 452 -2
158 715 -2
158 654 2
158 213 2
158 170 -2
158 163 -2
158 532 -2
158 422 -2
158 339 -2
158 772 2
158 521 -2
158 617 2
158 189 -2
159 169 2
159 411 -2
159 362 2
159 203 -2
159 486 2
159 768 2
159 795 -2
159 174 2
159 373 2
159 451 2
159 501 -2
159 458 -2
159 389 -2
159 638 2
159 582 2
159 585 2
159 191 2
159 408 -2
159 329 2
159 387 -2
159 618 2
159 459 -2
159 215 -2
159 758 2
159 296 2
159 277 -2
159 673 2
159 671 2
159 659 2
159 250 -2
159 379 -2
159 573 2
160 378 -2
160 412 -2
160 570 2
160 485 -2
160 250 -2
160 381 2
160 464 2
160 170 -2
160 186 2
160 339 -2
160 181 -2
160 603 -2
160 718 2
160 302 2
160 366 2
160 760 -2
160 296 -2
160 766 2
160 408 -2
160 611 2
160 195 2
160 394 -2
160 188 2
160 169 -2
160 315 2
160 558 -2
160 581 -2
160 502 2
160 458 2
160 614 2
160 364 -2
160 445 -2
160 509 -2
160 742 -2
160 588 -2
160 630 2
160 793 2
160 728 2
160 722 2
160 462 2
160 210 -2
160 179 2
160 685 -2
160 317 2
160 751 -2
160 187 -2
160 683 -2
160 380 2
160 223 -2
161 564 2
161 780 2
161 600 -2
161 260 -2
161 423 -2
161 693 -2
161 761 2
161 661 2
161 429 -2
161 719 -2
161 742 2
161 438 -2
161 604 -2
161 326 -2
161 523 -2
161 404 -2
161 183 -2
161 559 -2
161 306 -2
161 632 -2
161 453 -2
161 206 2
161 364 -2
161 589 -2
161 484 -2
161 168 -2
161 242 2
161 724 -2
161 356 -2
161 517 2
161 335 2
161 752 2
161 762 2
161 747 -2
161 650 2
161 631 2
161 389 2
162 611 -2
162 293 2
162 443 -2
162 528 -2
162 417 2
162 788 -2
162 695 -2
162 445 -2
162 281 2
162 549 -2
162 202 2
162 735 2
162 730 -2
162 553 2
162 680 2
162 213 -2
162 365 2
162 376 2
162 694 2
162 229 -2
162 632 2
162 235 -2
162 198 -2
162 770 -2
162 173 -2
162 772 2
162 343 -2
162 648 -2
163 576 -2
163 750 2
163 262 2
163 485 2
163 175 -2
163 194 -2
163 479 -2
163 571 2
163 649 2
163 423 2
163 743 2
163 664 -2
163 570 -2
163 302 2
163 396 -2
163 208 2
163 492 2
163 728 -2
163 528 -2
163 260 -2
163 374 2
163 495 -2
163 428 -2
163 784 -2
163 517 2
163 515 2
164 655 2
164 285 2
164 292 2
164 698 -2
164 750 2
164 694 -2
164 429 -2
164 168 -2
164 295 -2
164 787 -2
164 567 -2
164 426 2
164 789 2
164 445 2
164 756 -2
164 345 -2
164 684 2
164 184 2
164 337 2
164 456 -2
164 371 2
164 596 2
164 472 2
164 220 -2
164 503 2
164 645 -2
164 497 -2
164 528 -2
164 313 2
164 731 2
164 781 -2
164 603 -2
164 618 -2
164 302 2
164 561 -2
164 682 -2
164 350 -2
164 360 2
164 577 2
164 707 2
165 646 2
165 412 -2
165 652 -2
165 726 2
165 741 2
165 590 -2
165 397 2
165 321 -2
165 633 2
165 440 -2
165 486 2
165 767 -2
165 200 2
165 541 2
165 391 2
165 643 2
165 492 2
165 223 -2
165 778 2
165 396 -2
165 361 2
165 323 2
165 763 -2
165 497 2
165 601 -2
165 650 -2
165 287 -2
165 482 2
165 459 -2
165 366 2
165 390 2
165 554 -2
165 268 2
165 585 -2
166 176 -2
166 183 2
166 558 2
166 599 -2
166 351 2
166 400 2
166 393 2
166 470 2
166 681 2
166 743 2
166 267 2
166 550 2
166 655 -2
166 332 2
166 245 -2
166 752 -2
166 385 2
166 588 -2
166 234 2
166 497 2
166 482 2
166 593 2
166 469 -2
166 654 2
166 652 -2
166 292 -2
166 175 -2
166 311 2
166 340 2
166 189 -2
166 670 2
166 700 2
166 592 2
166 774 -2
166 533 -2
166 726 2
166 387 -2
166 215 2
166 663 -2
166 447 -2
166 450 -2
166 678 -2
166 735 -2
166 251 2
166 408 -2
166 585 -2
166 327 2
166 346 2
167 797 -2
167 218 -2
167 751 -2
167 622 2
167 707 2
167 189 2
167 764 2
167 256 2
167 671 2
167 327 -2
167 578 -2
167 473 -2
167 401 -2
167 657 -2
167 458 -2
167 207 2
167 208 -2
167 386 2
167 203 2
167 262 2
167 588 2
167 776 -2
167 569 2
167 633 2
167 597 2
167 198 -2
167 290 2
167 602 -2
167 538 2
167 798 -2
167 528 2
167 206 2
167 390 -2
167 294 2
167 193 -2
167 486 2
167 723 2
167 576 2
167 381 2
167 539 -2
168 376 2
168 223 -2
168 756 -2
168 490 2
168 403 -2
168 770 -2
168 572 -2
168 374 2
168 238 2
168 281 2
168 688 2
168 351 2
168 459 -2
168 573 -2
168 621 -2
168 495 2
168 382 -2
168 655 -2
168 392 2
168 271 -2
168 687 -2
168 213 2
168 260 -2
168 295 2
168 663 2
168 188 2
168 534 -2
168 698 -2
168 741 -2
168 481 -2
168 196 -2
168 280 2
168 301 2
168 557 2
168 443 -2
169 316 2
169 552 -2
169 205 2
169 446 2
169 207 2
169 611 -2
169 428 -2
169 495 -2
169 206 2
169 663 2
169 471 -2
169 362 2
169 324 -2
169 327 2
169 582 2
169 782 -2
169 403 -2
169 259 -2
169 244 -2
169 523 2
169 568 2
169 732 -2
169 475 -2
169 579 2
169 537 -2
169 393 -2
169 443 -2
169 640 -2
169 444 2
169 591 -2
169 462 -2
169 513 -2
169 372 -2
169 715 2
169 599 -2
169 788 2
169 247 2
169 532 2
169 735 -2
169 677 2
169 760 2
170 584 2
170 655 -2
170 776 2
170 386 -2
170 751 2
170 216 -2
170 689 -2
170 558 2
170 526 -2
170 269 -2
170 205 2
170 700 -2
170 709 2
170 607 2
170 704 2
170 498 -2
170 344 2
170 180 -2
170 766 -2
170 343 2
170 578 2
170 618 2
170 334 2
170 211 2
170 414 -2
170 249 -2
170 649 -2
170 173 2
170 303 -2
170 408 -2
170 406 -2
170 750 2
170 446 -2
170 605 -2
170 599 -2
170 340 2
170 577 -2
170 469 2
170 699 -2
170 181 -2
171 648 2
171 421 2
171 217 2
171 481 2
171 207 -2
171 251 -2
171 493 -2
171 220 -2
171 226 -2
171 290 -2
171 744 -2
171 535 -2
171 501 2
171 339 -2
171 490 2
171 262 2
171 718 2
171 762 -2
171 466 -2
171 795 2
171 332 2
171 430 2
171 484 2
171 558 -2
171 577 2
171 552 2
171 175 -2
171 228 2
171 486 -2
171 775 -2
171 685 -2
171 400 2
171 306 -2
171 739 2
171 604 2
171 625 2
171 759 2
172 675 2
172 325 -2
172 738 -2
172 198 2
172 670 2
172 588 -2
172 275 -2
172 356 2
172 370 2
172 200 -2
172 679 -2
172 401 2
172 404 -2
172 485 -2
172 589 -2
172 681 2
172 727 2
172 234 2
172 472 2
172 623 -2
172 760 -2
172 583 2
172 667 -2
172 187 -2
172 523 -2
172 334 -2
172 389 2
172 288 -2
172 607 -2
172 605 2
172 686 -2
172 586 2
172 470 2
172 180 2
172 378 -2
172 765 2
172 646 -2
172 259 -2
172 776 -2
172 797 2
172 332 -2
172 723 2
172 368 -2
172 743 2
172 528 2
172 418 -2
173 677 -2
173 283 -2
173 365 -2
173 184 -2
173 339 2
173 607 -2
173 569 -2
173 496 2
173 647 2
173 186 2
173 597 -2
173 665 -2
173 791 2
173 598 2
173 722 -2
173 427 2
173 300 2
173 400 -2
173 523 2
173 757 2
173 359 2
173 733 -2
173 457 2
173 176 2
173 501 -2
173 369 -2
173 469 2
173 487 2
173 390 2
173 472 -2
173 697 -2
173 680 2
173 562 -2
173 379 2
173 411 2
173 351 -2
173 739 -2
173 260 2
173 206 -2
173 450 2
173 285 -2
173 651 2
173 553 -2
174 468 2
174 243 -2
174 359 2
174 177 2
174 178 -2
174 342 -2
174 550 -2
174 741 -2
174 201 -2
174 462 2
174 230 -2
174 463 2
174 766 2
174 656 -2
174 307 2
174 248 2
174 701 2
174 238 -2
174 282 2
174 314 2
174 259 2
174 333 2
174 709 -2
174 369 2
174 799 2
174 532 2
174 237 2
174 420 2
174 577 -2
174 461 2
174 346 -2
175 227 2
175 544 -2
175 698 -2
175 396 2
175 560 2
175 381 2
175 374 -2
175 487 2
175 533 2
175 343 2
175 369 -2
175 279 -2
175 474 2
175 387 -2
175 276 2
175 608 2
175 271 -2
175 289 -2
175 181 -2
175 296 -2
175 320 -2
175 251 -2
175 418 -2
175 447 2
175 361 -2
175 760 -2
175 653 -2
175 325 2
175 208 -2
175 762 -2
175 624 -2
175 574 -2
175 239 -2
175 604 -2
175 368 -2
175 524 -2
175 249 -2
175 500 -2
176 529 -2
176 333 -2
176 474 -2
176 363 -2
176 424 2
176 450 -2
176 251 2
176 677 -2
176 780 2
176 182 2
176 370 2
176 774 -2
176 494 2
176 793 -2
176 402 -2
176 646 -2
176 456 -2
176 724 -2
176 490 -2
176 289 2
176 747 -2
176 664 2
176 401 2
176 614 -2
176 420 2
176 691 2
176 733 -2
176 183 2
176 349 2
176 256 -2
176 413 -2
176 687 -2
177 408 -2
177 706 2
177 598 -2
177 503 2
177 710 2
177 563 2
177 215 2
177 520 -2
177 722 -2
177 373 2
177 221 -2
177 366 2
177 537 2
177 711 -2
177 243 -2
177 388 2
177 712 -2
177 782 -2
177 640 2
177 715 2
177 617 2
177 696 2
177 233 -2
177 432 2
177 799 2
177 726 2
177 290 -2
177 552 2
177 648 2
177 733 2
177 414 2
177 716 -2
177 766 2
177 568 2
177 455 -2
177 630 2
177 484 -2
178 400 -2
178 354 -2
178 311 2
178 624 -2
178 197 -2
178 502 2
178 589 2
178 213 2
178 574 2
178 730 -2
178 339 -2
178 658 2
178 449 2
178 607 -2
178 336 2
178 316 -2
178 538 2
178 255 -2
178 520 -2
178 507 -2
178 182 2
178 221 2
178 789 -2
178 752 -2
178 796 -2
178 186 -2
178 283 -2
178 409 -2
178 615 2
178 645 2
178 569 -2
178 315 2
178 277 -2
178 468 -2
178 416 2
178 191 -2
178 220 2
178 351 2
178 655 -2
178 310 -2
178 748 2
179 753 -2
179 506 -2
179 746 2
179 260 2
179 551 -2
179 336 2
179 224 2
179 289 2
179 354 -2
179 411 -2
179 458 2
179 783 2
179 559 -2
179 544 2
179 535 2
179 781 -2
179 791 2
179 662 2
179 725 -2
179 400 -2
179 315 -2
179 419 2
179 209 2
179 431 2
179 370 -2
179 548 -2
179 763 2
179 561 2
179 361 2
179 193 2
179 185 2
180 645 -2
180 318 2
180 381 -2
180 664 -2
180 607 -2
180 680 2
180 776 -2
180 365 2
180 792 -2
180 311 -2
180 193 -2
180 203 2
180 576 2
180 229 2
180 546 -2
180 778 -2
180 232 2
180 385 -2
180 440 2
180 554 -2
180 402 2
180 190 -2
180 467 2
180 327 -2
180 331 -2
180 764 2
180 783 -2
180 726 2
180 688 2
180 747 2
180 742 -2
181 341 2
181 618 -2
181 540 -2
181 230 -2
181 657 -2
181 191 -2
181 446 2
181 453 2
181 753 -2
181 741 2
181 580 2
181 253 2
181 501 2
181 471 -2
181 406 -2
181 258 2
181 461 2
181 398 2
181 483 2
181 384 2
181 205 2
181 263 2
181 463 2
181 581 2
181 635 -2
181 768 -2
181 405 2
181 277 -2
181 529 -2
181 659 2
181 209 2
181 798 -2
181 523 2
181 194 -2
181 646 -2
181 720 2
181 371 -2
181 470 -2
181 460 -2
181 388 -2
181 797 -2
181 742 2
182 733 2
182 602 -2
182 466 -2
182 748 -2
182 451 -2
182 390 -2
182 754 -2
182 348 2
182 647 2
182 706 -2
182 640 -2
182 437 -2
182 470 2
182 423 2
182 271 2
182 476 -2
182 686 -2
182 504 -2
182 194 2
182 551 2
182 430 -2
182 393 -2
182 597 2
182 380 2
182 638 -2
182 357 -2
182 331 2
182 797 -2
182 539 2
182 406 -2
182 214 2
182 251 2
182 788 2
182 615 -2
182 404 2
182 444 -2
182 203 2
182 580 2
182 297 -2
182 413 2
182 530 2
182 792 2
183 750 -2
183 246 2
183 480 2
183 491 -2
183 506 2
183 276 -2
183 699 2
183 538 -2
183 476 -2
183 536 -2
183 188 2
183 291 2
183 422 -2
183 389 -2
183 753 -2
183 725 2
183 509 -2
183 247 2
183 622 -2
183 363 2
183 481 -2
183 436 -2
183 558 2
183 208 2
184 442 2
184 569 -2
184 571 2
184 203 2
184 404 2
184 476 -2
184 390 -2
184 542 -2
184 331 -2
184 479 -2
184 693 2
184 207 2
184 601 2
184 534 2
184 528 -2
184 417 2
184 247 -2
184 631 2
184 382 -2
184 586 -2
184 790 2
184 338 2
184 370 -2
184 788 2
184 651 2
184 216 -2
184 580 2
184 492 2
184 493 -2
184 649 -2
184 270 2
184 497 2
185 203 -2
185 628 2
185 752 2
185 679 2
185 227 2
185 234 -2
185 741 -2
185 274 2
185 513 2
185 774 -2
185 358 2
185 248 2
185 533 -2
185 763 -2
185 509 -2
185 616 -2
185 499 2
185 543 2
185 260 -2
185 341 2
185 754 2
185 620 2
185 783 -2
185 775 2
185 414 2
185 688 -2
185 518 2
185 423 -2
185 384 2
185 352 2
185 611 -2
185 283 2
185 590 2
185 617 2
185 298 -2
185 301 2
185 443 -2
185 725 -2
185 373 2
185 516 -2
185 406 -2
185 705 2
185 587 2
185 522 2
185 722 2
185 690 -2
185 698 -2
185 563 -2
186 425 2
186 299 2
186 205 2
186 375 -2
186 643 2
186 671 -2
186 217 2
186 498 2
186 755 -2
186 624 2
186 600 2
186 229 -2
186 668 -2
186 782 2
186 657 -2
186 613 2
186 560 -2
186 446 -2
186 200 2
186 785 -2
186 194 -2
186 345 -2
186 603 2
186 337 2
186 714 2
186 224 -2
186 391 -2
186 353 -2
186 568 2
186 666 2
186 618 -2
186 203 2
186 534 2
186 761 -2
186 694 -2
186 591 2
186 269 -2
186 537 2
186 561 2
187 670 -2
187 385 -2
187 445 2
187 738 -2
187 371 -2
187 550 -2
187 422 -2
187 675 2
187 615 -2
187 216 -2
187 741 -2
187 276 2
187 688 -2
187 668 -2
187 564 2
187 535 2
187 450 -2
187 401 -2
187 557 -2
187 651 2
187 405 -2
187 650 2
187 446 2
187 699 2
187 684 -2
187 784 -2
187 195 2
187 268 -2
187 424 -2
188 462 2
188 682 -2
188 422 2
188 296 2
188 651 -2
188 655 2
188 308 -2
188 679 2
188 517 -2
188 622 2
188 195 2
188 686 2
188 626 2
188 634 2
188 533 2
188 331 2
188 264 2
188 776 -2
188 530 -2
188 654 -2
188 425 2
188 711 -2
188 315 -2
188 761 -2
188 199 -2
188 207 -2
188 384 -2
188 650 2
188 690 -2
188 408 -2
188 675 -2
188 508 2
188 335 -2
188 602 -2
188 234 -2
188 512 -2
189 337 2
189 199 2
189 479 2
189 300 -2
189 727 2
189 244 2
189 707 2
189 340 2
189 204 -2
189 491 -2
189 449 2
189 379 2
189 314 -2
189 418 2
189 681 -2
189 221 2
189 458 -2
189 350 -2
189 353 2
189 566 -2
189 668 2
189 304 2
189 732 -2
189 273 2
189 456 2
189 664 -2
189 429 2
189 217 -2
189 484 -2
189 752 -2
189 426 2
189 749 2
189 360 -2
189 661 2
189 242 2
189 506 -2
189 698 2
189 550 -2
189 232 -2
189 528 2
189 740 2
189 194 -2
189 489 2
189 500 2
189 464 2
190 518 -2
190 288 2
190 318 2
190 582 -2
190 756 -2
190 481 -2
190 198 -2
190 476 2
190 372 2
190 345 -2
190 601 -2
190 667 -2
190 757 -2
190 291 2
190 454 2
190 374 -2
190 249 2
190 543 2
190 406 2
190 463 -2
190 574 -2
190 298 -2
190 200 -2
190 662 -2
190 511 2
190 284 -2
190 321 2
190 655 2
190 690 2
190 480 2
190 636 2
190 699 2
190 218 -2
190 423 -2
190 728 2
190 470 2
190 638 2
190 248 2
190 479 -2
190 787 2
190 490 -2
190 236 -2
190 420 2
190 797 -2
191 763 2
191 792 2
191 733 -2
191 355 2
191 558 2
191 471 2
191 706 2
191 221 2
191 195 -2
191 461 2
191 694 -2
191 790 -2
191 192 -2
191 607 2
191 237 -2
191 328 2
191 594 -2
191 395 2
191 210 -2
191 349 2
191 343 2
191 380 -2
191 402 2
191 508 -2
191 751 -2
191 429 -2
191 310 -2
191 692 -2
191 701 2
191 747 -2
191 460 -2
191 638 -2
191 522 -2
191 611 -2
191 476 -2
192 512 2
192 228 -2
192 705 -2
192 318 -2
192 655 2
192 516 -2
192 423 2
192 422 -2
192 746 -2
192 222 -2
192 505 -2
192 251 2
192 236 -2
192 634 2
192 782 2
192 460 -2
192 467 2
192 562 -2
192 684 2
192 248 -2
192 466 -2
192 625 -2
192 660 -2
192 737 -2
192 480 -2
192 406 -2
192 326 2
192 464 2
192 336 -2
192 691 2
192 608 -2
192 611 2
192 393 -2
192 271 -2
192 246 2
193 261 -2
193 658 2
193 539 -2
193 292 2
193 691 2
193 489 2
193 403 2
193 542 2
193 572 2
193 330 -2
193 479 -2
193 609 2
193 252 -2
193 530 2
193 660 -2
193 605 -2
193 665 -2
193 781 -2
193 697 -2
193 528 -2
193 266 -2
193 272 -2
193 767 2
193 376 2
193 464 2
193 759 2
193 524 2
193 633 -2
193 293 -2
193 703 -2
194 322 2
194 383 -2
194 799 2
194 368 -2
194 713 -2
194 541 2
194 592 -2
194 798 -2
194 595 -2
194 306 -2
194 747 -2
194 597 -2
194 434 -2
194 346 -2
194 338 2
194 796 -2
194 727 2
194 314 2
194 545 -2
194 466 2
194 719 -2
194 517 -2
194 284 -2
194 209 -2
194 786 2
194 409 2
194 667 2
194 411 2
194 415 2
194 256 2
194 555 2
194 658 -2
194 561 2
194 509 -2
195 769 -2
195 204 2
195 761 2
195 416 2
195 206 -2
195 587 2
195 791 2
195 738 -2
195 518 -2
195 290 2
195 436 -2
195 798 -2
195 421 -2
195 268 -2
195 366 -2
195 368 2
195 530 -2
195 317 2
195 398 -2
195 796 -2
195 413 2
195 688 2
195 323 -2
195 288 2
195 233 -2
195 429 2
195 463 -2
195 736 2
195 270 2
195 431 2
195 523 2
195 629 -2
195 687 -2
195 638 2
195 223 -2
195 685 -2
195 607 -2
196 418 2
196 282 2
196 669 -2
196 317 2
196 314 -2
196 621 -2
196 389 -2
196 437 2
196 408 -2
196 529 -2
196 300 -2
196 336 -2
196 702 2
196 744 2
196 213 2
196 786 2
196 235 -2
196 598 2
196 313 2
196 640 2
196 298 -2
196 534 -2
196 426 2
196 383 2
196 399 -2
196 671 -2
196 459 2
196 252 2
196 634 2
196 737 -2
196 706 2
196 603 -2
196 524 2
196 761 2
196 638 -2
196 295 2
196 447 -2
196 306 -2
196 354 -2
196 376 2
196 583 2
196 764 2
196 274 2
196 450 -2
197 580 2
197 617 2
197 332 2
197 409 -2
197 278 2
197 795 -2
197 768 2
197 625 -2
197 763 2
197 753 -2
197 250 2
197 502 -2
197 290 2
197 756 -2
197 435 -2
197 531 -2
197 546 -2
197 654 -2
197 533 2
197 764 -2
197 378 2
197 767 -2
197 569 2
197 249 2
197 604 2
197 257 -2
197 223 2
197 365 2
197 788 -2
197 354 -2
197 639 -2
197 424 -2
197 283 2
197 770 2
197 483 2
197 710 -2
197 254 2
198 286 2
198 643 2
198 588 -2
198 627 2
198 366 2
198 661 -2
198 313 -2
198 213 -2
198 435 2
198 679 -2
198 575 -2
198 289 2
198 421 2
198 257 -2
198 233 2
198 200 2
198 368 2
198 733 2
198 641 -2
198 269 2
198 586 -2
198 686 -2
198 279 -2
198 737 2
198 488 -2
198 685 -2
198 531 2
198 342 2
198 550 -2
198 388 -2
198 776 2
198 635 2
198 282 2
198 665 2
198 554 -2
198 223 2
198 211 2
198 389 2
198 456 -2
198 712 -2
198 373 -2
199 488 2
199 486 2
199 421 -2
199 530 -2
199 718 -2
199 772 -2
199 593 2
199 650 -2
199 216 -2
199 638 2
199 703 -2
199 682 -2
199 500 -2
199 572 -2
199 490 2
199 727 2
199 694 -2
199 484 2
199 780 -2
199 411 -2
199 206 -2
199 642 -2
199 540 2
199 254 2
199 461 2
199 791 2
199 275 -2
199 345 2
199 631 2
199 491 -2
199 430 2
199 338 -2
199 397 -2
199 469 -2
199 495 2
199 278 2
199 227 -2
199 276 2
199 632 -2
200 203 -2
200 447 -2
200 798 -2
200 584 2
200 634 -2
200 767 -2
200 357 -2
200 268 -2
200 507 2
200 476 2
200 240 -2
200 297 2
200 677 2
200 548 -2
200 656 2
200 644 -2
200 211 2
200 788 -2
200 506 2
200 758 -2
200 467 2
200 459 -2
200 255 2
200 694 -2
200 534 2
200 502 -2
200 367 2
200 654 2
200 498 -2
200 227 -2
200 613 2
200 481 2
200 752 2
200 728 2
200 558 2
200 206 -2
200 796 -2
201 789 2
201 393 -2
201 601 -2
201 340 2
201 394 2
201 414 2
201 622 -2
201 457 2
201 730 -2
201 766 -2
201 777 -2
201 553 2
201 425 2
201 293 2
201 612 2
201 667 -2
201 755 -2
201 298 -2
201 296 -2
201 337 2
201 232 -2
201 571 2
201 404 -2
201 719 -2
201 428 2
201 309 2
201 687 2
201 372 -2
201 359 -2
201 654 2
201 623 2
201 690 -2
201 212 -2
201 378 2
202 500 -2
202 445 2
202 598 2
202 529 2
202 239 2
202 303 -2
202 293 -2
202 331 2
202 297 -2
202 655 2
202 763 -2
202 356 2
202 691 -2
202 567 2
202 305 2
202 315 -2
202 698 -2
202 790 -2
202 635 2
202 538 -2
202 417 -2
202 493 2
202 403 -2
202 697 -2
202 304 -2
202 302 -2
202 421 -2
203 553 2
203 567 -2
203 747 -2
203 337 2
203 480 2
203 390 2
203 631 2
203 245 2
203 644 -2
203 430 -2
203 636 2
203 324 -2
203 218 2
203 303 2
203 340 2
203 630 -2
203 213 -2
203 626 -2
203 540 -2
203 736 -2
203 692 -2
203 511 2
203 403 2
203 512 2
203 519 2
203 640 2
203 535 -2
203 728 2
203 561 2
203 798 -2
203 287 -2
203 339 2
203 438 2
203 779 -2
203 546 -2
203 680 2
204 672 2
204 654 -2
204 698 -2
204 356 -2
204 216 -2
204 750 -2
204 352 -2
204 740 2
204 405 -2
204 793 2
204 722 -2
204 673 -2
204 230 2
204 604 -2
204 323 -2
204 428 -2
204 491 2
204 453 -2
204 296 2
204 387 -2
204 209 -2
204 229 -2
204 474 -2
204 298 -2
204 469 2
204 700 2
204 261 -2
204 524 2
204 470 -2
204 787 2
204 306 2
204 751 2
204 281 -2
204 512 2
204 289 2
205 469 -2
205 373 2
205 707 2
205 667 -2
205 625 -2
205 635 2
205 621 -2
205 551 2
205 453 2
205 363 -2
205 478 -2
205 758 2
205 345 2
205 397 -2
205 294 -2
205 620 2
205 340 2
205 690 -2
205 533 2
205 354 2
205 756 -2
205 416 -2
206 273 2
206 359 -2
206 356 -2
206 733 2
206 419 -2
206 658 2
206 527 -2
206 797 -2
206 329 2
206 603 -2
206 340 -2
206 261 2
206 666 2
206 561 -2
206 698 2
206 462 -2
206 458 -2
206 503 -2
206 773 -2
206 526 -2
206 695 2
206 226 -2
206 592 2
206 217 -2
206 487 2
206 517 -2
206 270 -2
206 439 2
206 235 -2
206 705 -2
206 413 -2
206 572 2
206 443 2
206 436 -2
206 545 2
207 231 2
207 431 2
207 406 -2
207 326 -2
207 713 -2
207 741 2
207 780 -2
207 420 -2
207 311 -2
207 319 2
207 332 -2
207 547 -2
207 549 2
207 515 2
207 301 -2
207 295 2
207 413 2
207 488 -2
207 294 2
207 210 2
207 278 2
207 654 2
207 256 -2
207 376 2
207 769 2
207 461 2
207 510 -2
207 616 -2
207 660 -2
207 513 -2
207 257 -2
207 531 -2
207 575 2
207 337 -2
207 328 2
207 458 2
207 258 2
207 632 -2
207 650 2
208 757 2
208 609 -2
208 554 2
208 716 2
208 769 2
208 460 -2
208 595 2
208 511 -2
208 474 -2
208 526 2
208 549 -2
208 329 -2
208 223 -2
208 451 2
208 306 -2
208 636 -2
208 472 2
208 333 -2
208 264 -2
208 787 -2
208 394 2
208 592 2
208 513 -2
208 512 2
208 209 2
208 696 2
208 438 2
208 531 -2
208 340 2
208 694 2
208 334 -2
208 246 -2
208 502 -2
208 495 2
209 306 2
209 765 -2
209 693 -2
209 522 -2
209 714 2
209 348 -2
209 329 -2
209 541 -2
209 484 2
209 409 2
209 748 -2
209 615 -2
209 283 2
209 381 -2
209 576 -2
209 380 -2
209 536 2
209 323 -2
209 507 -2
209 537 -2
209 722 -2
209 297 2
209 711 2
209 335 2
209 385 -2
209 584 2
209 311 2
209 416 2
209 604 2
209 295 2
209 620 2
210 684 2
210 449 2
210 568 2
210 536 -2
210 523 -2
210 749 2
210 747 -2
210 590 2
210 476 -2
210 680 -2
210 333 2
210 383 2
210 528 -2
210 704 2
210 743 -2
210 531 2
210 692 -2
210 551 2
210 724 -2
210 539 -2
210 256 2
210 240 2
210 554 -2
210 621 2
210 562 -2
210 332 2
210 708 -2
210 486 2
210 561 -2
210 430 2
210 308 -2
210 438 -2
210 429 -2
210 530 -2
210 744 -2
210 473 2
210 381 -2
210 557 -2
210 285 2
210 622 2
210 238 -2
210 767 2
210 694 2
210 362 2
211 743 2
211 332 2
211 455 -2
211 384 -2
211 715 2
211 285 2
211 500 -2
211 645 2
211 572 2
211 671 2
211 375 -2
211 290 -2
211 546 2
211 657 2
211 368 -2
211 292 2
211 283 2
211 329 -2
211 561 2
211 221 2
211 398 2
211 662 2
211 473 2
211 433 2
211 272 2
211 769 -2
211 450 2
211 617 2
211 681 2
211 228 -2
211 264 -2
211 676 2
212 447 2
212 568 -2
212 404 -2
212 350 2
212 249 2
212 635 -2
212 435 2
212 557 -2
212 341 -2
212 234 2
212 546 -2
212 632 -2
212 269 2
212 256 2
212 274 -2
212 261 -2
212 221 -2
212 674 -2
212 243 -2
212 268 2
212 429 -2
212 311 2
212 267 -2
212 367 -2
212 332 -2
212 347 -2
212 252 2
212 618 2
212 471 -2
212 264 -2
212 646 -2
212 282 -2
212 619 2
212 220 2
212 396 -2
212 744 -2
212 704 2
212 485 2
212 792 2
212 339 -2
212 553 -2
213 507 2
213 435 2
213 794 2
213 325 2
213 593 -2
213 496 2
213 489 2
213 364 2
213 423 -2
213 231 2
213 690 -2
213 478 2
213 406 2
213 283 -2
213 708 -2
213 468 -2
213 729 2
213 741 -2
213 425 2
213 486 -2
213 712 -2
213 227 2
213 732 2
213 365 -2
213 338 2
213 458 2
213 627 -2
213 296 2
213 391 2
213 652 -2
213 597 2
213 238 2
213 742 2
213 316 2
213 620 -2
213 780 2
213 329 2
213 656 2
213 770 2
213 650 -2
214 609 2
214 408 2
214 236 -2
214 400 -2
214 655 2
214 340 2
214 284 2
214 283 2
214 775 2
214 259 2
214 660 2
214 238 -2
214 583 2
214 635 -2
214 678 2
214 389 2
214 574 2
214 256 -2
214 671 -2
214 383 -2
214 459 2
215 649 2
215 410 2
215 471 -2
215 435 -2
215 715 -2
215 504 -2
215 230 2
215 281 2
215 799 2
215 336 2
215 761 2
215 527 2
215 298 -2
215 589 2
215 777 2
215 370 -2
215 630 -2
215 665 -2
215 271 -2
215 307 2
215 496 2
215 268 2
215 216 2
215 416 2
215 509 -2
215 377 2
215 497 2
215 357 2
215 460 2
215 762 -2
215 261 -2
215 587 2
215 659 2
215 795 2
215 627 -2
215 612 2
215 561 2
216 492 2
216 605 2
216 512 2
216 563 2
216 453 -2
216 281 2
216 552 -2
216 623 2
216 302 -2
216 329 -2
216 770 2
216 343 2
216 261 -2
216 799 -2
216 659 -2
216 325 2
216 778 2
216 760 2
216 332 -2
216 695 -2
216 723 2
216 763 2
216 642 -2
216 564 2
216 417 2
216 736 -2
216 454 2
216 517 -2
216 571 2
216 289 2
216 320 -2
216 666 2
216 262 2
216 306 -2
216 757 -2
216 435 2
216 425 -2
216 529 2
216 526 2
216 596 -2
217 697 2
217 495 -2
217 649 2
217 283 2
217 665 -2
217 323 -2
217 287 2
217 735 -2
217 264 -2
217 311 2
217 655 -2
217 486 2
217 315 -2
217 475 -2
217 441 -2
217 653 -2
217 535 -2
217 512 -2
217 525 -2
217 285 2
217 444 -2
217 467 -2
217 620 -2
217 317 2
217 242 -2
217 247 2
217 727 2
217 589 -2
217 346 2
217 619 2
217 758 -2
217 432 -2
217 766 -2
217 683 -2
217 524 2
217 414 -2
217 602 -2
217 428 2
217 513 2
217 333 2
217 552 -2
217 448 2
217 782 2
218 296 2
218 308 2
218 496 2
218 731 -2
218 662 2
218 486 2
218 656 -2
218 792 2
218 330 2
218 421 2
218 537 -2
218 240 -2
218 285 2
218 520 2
218 733 2
218 238 2
218 788 -2
218 448 -2
218 692 2
218 674 2
218 577 -2
218 620 -2
218 565 -2
218 732 2
218 604 -2
218 719 -2
218 533 2
218 409 2
218 750 -2
218 543 2
218 746 -2
218 727 -2
218 580 2
218 324 -2
218 364 2
218 338 -2
219 312 -2
219 550 2
219 223 -2
219 696 -2
219 340 -2
219 726 -2
219 355 -2
219 320 2
219 485 -2
219 732 2
219 533 -2
219 451 -2
219 284 -2
219 506 -2
219 769 2
219 518 -2
219 529 -2
219 220 -2
219 513 -2
219 443 2
219 260 -2
219 638 -2
219 517 -2
219 661 2
219 640 2
219 565 2
219 360 -2
219 480 2
219 296 -2
219 571 2
219 404 2
219 600 -2
219 378 -2
219 502 -2
219 584 -2
219 792 2
220 682 -2
220 317 2
220 331 2
220 566 2
220 777 -2
220 308 2
220 470 2
220 398 -2
220 692 2
220 235 2
220 336 -2
220 764 -2
220 419 -2
220 485 2
220 755 2
220 454 -2
220 387 2
220 322 2
220 666 2
220 277 2
220 237 2
220 232 2
220 513 2
220 253 2
220 258 -2
220 583 -2
220 507 -2
220 591 2
221 354 -2
221 519 2
221 717 -2
221 729 -2
221 227 2
221 257 -2
221 494 -2
221 611 -2
221 375 -2
221 771 -2
221 696 2
221 697 2
221 406 -2
221 671 -2
221 300 2
221 443 2
221 474 -2
221 288 -2
221 540 2
221 364 2
221 585 -2
221 735 2
221 390 -2
221 783 -2
221 489 2
221 386 -2
221 278 -2
221 687 2
221 222 -2
221 745 2
221 423 -2
221 438 -2
222 683 -2
222 788 -2
222 668 -2
222 710 2
222 272 -2
222 568 -2
222 387 -2
222 582 -2
222 435 2
222 632 -2
222 321 -2
222 433 2
222 543 2
222 286 -2
222 775 -2
222 293 -2
222 318 2
222 385 -2
222 523 2
222 355 2
222 431 2
222 721 -2
222 646 2
222 630 -2
222 271 2
222 712 2
222 443 -2
222 799 -2
222 411 2
222 559 2
222 595 2
222 275 2
222 247 2
222 225 -2
222 655 -2
222 346 -2
222 767 -2
222 393 2
222 450 2
222 678 2
222 425 2
222 674 -2
222 484 -2
222 232 2
222 302 -2
223 293 2
223 772 -2
223 271 -2
223 360 2
223 412 -2
223 636 -2
223 333 -2
223 537 2
223 400 2
223 693 2
223 443 2
223 584 2
223 612 2
223 428 2
223 480 -2
223 229 -2
223 450 -2
223 519 -2
223 561 2
223 312 2
223 633 2
223 491 2
223 659 2
223 739 2
223 712 2
223 291 -2
223 574 2
223 452 2
223 646 -2
223 503 2
223 576 -2
223 790 -2
223 565 2
223 381 2
223 425 2
223 305 2
223 617 2
224 317 -2
224 356 -2
224 563 2
224 736 2
224 623 -2
224 487 2
224 454 -2
224 540 2
224 472 2
224 459 2
224 604 -2
224 273 -2
224 507 2
224 686 -2
224 581 2
224 332 2
224 792 -2
224 689 -2
224 268 2
224 632 2
224 691 -2
224 505 -2
224 615 -2
224 763 -2
224 311 -2
224 619 -2
224 387 -2
224 490 -2
224 432 2
224 341 -2
224 577 -2
224 433 2
224 324 2
224 629 2
224 377 2
225 345 2
225 689 -2
225 500 2
225 617 2
225 773 2
225 487 2
225 696 -2
225 295 -2
225 636 2
225 308 -2
225 731 2
225 450 -2
225 700 -2
225 587 -2
225 466 2
225 779 2
225 772 2
225 714 -2
225 255 2
225 670 2
225 717 -2
225 716 2
225 524 2
225 766 -2
225 534 2
225 527 -2
225 656 2
225 626 -2
225 461 2
225 430 2
225 503 -2
225 372 2
226 468 -2
226 346 2
226 469 2
226 577 2
226 273 -2
226 434 -2
226 612 2
226 624 2
226 472 -2
226 271 -2
226 493 2
226 302 -2
226 588 -2
226 243 -2
226 506 -2
226 338 2
226 266 2
226 778 2
226 333 2
226 692 2
226 485 -2
226 784 -2
226 695 -2
226 293 2
226 283 2
226 601 2
226 712 -2
226 638 -2
226 408 -2
226 795 -2
226 713 -2
227 432 -2
227 633 -2
227 770 -2
227 326 2
227 663 -2
227 473 -2
227 401 -2
227 423 -2
227 373 2
227 629 -2
227 603 2
227 329 2
227 604 -2
227 511 2
227 661 -2
227 675 -2
227 636 -2
227 507 2
227 500 2
227 305 2
227 787 -2
227 303 -2
227 259 -2
227 599 2
227 731 2
227 254 2
227 441 2
227 310 -2
227 297 2
227 745 -2
227 588 -2
227 332 2
227 519 2
227 361 2
227 628 2
227 624 -2
228 622 -2
228 537 2
228 692 2
228 722 -2
228 754 2
228 557 2
228 753 -2
228 716 2
228 301 2
228 520 2
228 757 -2
228 551 -2
228 797 2
228 633 -2
228 791 -2
228 669 2
228 267 2
228 635 -2
228 313 2
228 466 -2
228 319 2
228 585 2
228 528 -2
228 288 -2
228 619 -2
228 568 2
228 630 2
228 343 2
228 325 -2
228 785 -2
228 290 2
228 570 -2
228 417 2
229 656 2
229 480 -2
229 519 -2
229 273 2
229 380 -2
229 448 -2
229 470 2
229 355 2
229 582 -2
229 404 2
229 253 2
229 583 -2
229 740 -2
229 755 2
229 781 -2
229 459 -2
229 538 -2
229 713 -2
229 709 2
229 336 2
229 262 2
229 670 2
229 425 -2
229 721 -2
229 440 2
229 553 -2
229 704 -2
229 333 -2
229 685 2
229 438 2
229 557 2
229 555 2
229 693 -2
229 384 -2
229 724 -2
229 653 2
229 295 2
229 661 2
229 627 2
229 684 -2
229 678 -2
229 585 2
229 772 -2
229 604 -2
230 731 -2
230 358 2
230 255 -2
230 602 2
230 391 -2
230 403 -2
230 771 2
230 449 2
230 386 2
230 421 -2
230 366 -2
230 428 -2
230 242 2
230 718 -2
230 677 2
230 278 2
230 644 2
230 575 -2
230 370 2
230 324 -2
230 429 2
230 267 -2
230 359 2
230 299 2
230 660 2
230 564 -2
230 598 -2
230 336 2
231 758 -2
231 300 2
231 320 2
231 425 -2
231 319 -2
231 249 -2
231 278 2
231 572 2
231 292 2
231 798 -2
231 235 -2
231 275 2
231 573 2
231 636 2
231 717 -2
231 463 -2
231 508 -2
231 283 2
231 494 2
231 657 2
231 745 -2
231 435 -2
231 588 -2
231 452 2
231 746 -2
231 512 -2
231 568 -2
231 315 2
231 635 2
231 621 -2
231 616 2
232 498 -2
232 407 2
232 392 -2
232 408 -2
232 366 -2
232 602 -2
232 523 -2
232 483 2
232 336 -2
232 451 2
232 468 2
232 747 -2
232 327 -2
232 504 -2
232 659 2
232 411 2
232 742 2
232 386 -2
232 252 2
232 308 2
232 445 2
232 235 2
232 485 -2
232 560 2
232 474 -2
232 291 -2
232 413 -2
232 786 -2
232 436 2
232 315 -2
232 356 2
232 449 2
232 321 2
232 448 2
233 704 -2
233 387 2
233 482 2
233 318 -2
233 617 -2
233 376 2
233 563 -2
233 540 -2
233 752 -2
233 312 -2
233 719 -2
233 426 2
233 545 -2
233 336 -2
233 681 -2
233 423 2
233 626 2
233 745 -2
233 691 2
233 794 -2
233 672 -2
233 440 -2
233 403 -2
233 513 2
233 784 -2
233 749 -2
233 653 -2
233 296 2
233 480 -2
233 377 2
233 577 2
233 709 2
233 696 -2
233 332 2
234 327 -2
234 444 -2
234 651 -2
234 543 -2
234 701 2
234 751 2
234 446 2
234 643 2
234 459 2
234 451 2
234 313 -2
234 558 -2
234 452 -2
234 419 -2
234 499 2
234 450 2
234 405 -2
234 295 -2
234 272 2
234 555 2
234 258 -2
234 302 -2
234 605 -2
234 598 2
234 432 -2
234 381 2
234 658 2
234 747 2
234 746 2
234 335 -2
234 694 -2
234 336 -2
234 561 -2
234 783 2
234 731 2
234 301 -2
234 630 -2
235 793 -2
235 252 2
235 283 -2
235 506 -2
235 418 2
235 395 -2
235 302 -2
235 554 2
235 628 -2
235 768 2
235 699 -2
235 574 -2
235 270 2
235 722 -2
235 329 -2
235 767 -2
235 760 -2
235 639 -2
235 473 -2
235 436 2
235 726 -2
235 477 -2
235 322 2
235 547 2
235 486 -2
235 559 2
235 672 2
235 656 -2
236 336 2
236 353 2
236 534 2
236 491 2
236 521 2
236 778 -2
236 590 2
236 450 2
236 287 2
236 355 2
236 266 2
236 658 2
236 256 -2
236 611 2
236 383 -2
236 530 2
236 706 -2
236 636 -2
236 681 -2
236 391 -2
236 441 2
236 340 -2
236 334 -2
236 712 2
236 314 2
236 431 2
236 564 2
236 260 2
236 654 -2
236 360 2
236 668 2
236 633 2
237 651 -2
237 502 -2
237 520 2
237 498 2
237 550 -2
237 784 -2
237 315 -2
237 545 2
237 723 -2
237 469 2
237 386 2
237 314 -2
237 351 -2
237 663 2
237 557 2
237 543 -2
237 590 -2
237 436 2
237 611 2
237 268 2
237 558 2
237 288 -2
237 559 2
237 593 -2
237 337 2
237 367 2
237 570 -2
237 488 -2
237 254 -2
237 365 -2
237 504 2
237 379 -2
237 781 -2
237 421 2
237 560 2
237 300 -2
237 661 -2
237 649 2
237 515 -2
237 281 -2
237 633 -2
237 731 -2
237 486 -2
237 484 2
237 457 -2
238 423 2
238 409 2
238 798 2
238 386 -2
238 716 -2
238 298 2
238 513 2
238 689 -2
238 245 2
238 779 -2
238 329 2
238 520 2
238 606 -2
238 760 -2
238 257 -2
238 446 2
238 600 2
238 310 2
238 331 -2
238 500 -2
238 722 -2
238 425 -2
238 438 2
238 759 -2
238 703 -2
238 653 -2
238 448 2
238 363 -2
238 740 2
238 291 -2
238 462 -2
238 770 -2
238 584 -2
238 625 2
238 572 -2
238 713 -2
238 292 -2
238 660 -2
238 792 -2
238 433 -2
238 656 2
238 276 -2
238 554 -2
238 739 2
239 290 2
239 339 -2
239 774 2
239 790 2
239 642 2
239 619 -2
239 409 2
239 265 2
239 797 -2
239 263 2
239 628 2
239 280 -2
239 484 2
239 719 2
239 556 2
239 788 2
239 666 -2
239 379 -2
239 706 -2
239 523 -2
239 670 -2
239 272 -2
239 330 -2
239 649 -2
239 323 -2
239 741 -2
239 410 2
239 589 -2
239 756 2
239 779 -2
239 498 2
239 283 2
239 494 -2
239 352 2
239 326 -2
239 713 -2
239 604 -2
239 472 -2
239 545 2
239 268 2
239 405 -2
239 591 2
239 668 -2
239 463 2
239 420 2
240 351 2
240 634 -2
240 332 -2
240 440 -2
240 764 -2
240 608 -2
240 369 -2
240 457 -2
240 287 -2
240 576 2
240 500 2
240 353 -2
240 774 -2
240 546 -2
240 737 -2
240 791 -2
240 739 2
240 375 2
240 518 -2
240 776 -2
240 702 2
240 745 -2
240 503 2
240 255 -2
240 677 2
240 709 -2
240 444 -2
240 427 -2
240 679 -2
240 424 -2
240 763 2
240 471 -2
241 398 -2
241 355 -2
241 272 -2
241 718 -2
241 378 2
241 590 2
241 310 -2
241 339 -2
241 506 -2
241 370 -2
241 313 -2
241 358 -2
241 702 2
241 522 2
241 488 -2
241 495 -2
241 602 2
241 748 2
241 347 2
241 746 -2
241 575 -2
241 293 -2
241 677 2
241 563 2
241 798 2
241 527 -2
241 297 2
241 435 -2
241 341 2
241 344 -2
241 698 2
241 776 -2
241 448 2
241 500 2
241 397 -2
241 593 2
241 389 2
242 606 2
242 341 -2
242 357 -2
242 691 -2
242 628 -2
242 740 2
242 304 2
242 421 -2
242 325 2
242 588 -2
242 510 -2
242 544 2
242 547 -2
242 783 2
242 722 -2
242 685 2
242 469 -2
242 728 2
242 496 -2
242 692 -2
242 262 -2
242 615 -2
242 730 2
242 430 2
242 249 2
242 497 2
242 464 2
242 717 -2
242 479 -2
243 763 2
243 321 2
243 668 -2
243 366 -2
243 606 -2
243 275 2
243 457 2
243 529 -2
243 279 -2
243 281 2
243 464 2
243 602 2
243 249 -2
243 385 2
243 318 2
243 622 -2
243 709 -2
243 749 -2
243 534 2
243 588 2
243 460 2
243 557 2
243 729 -2
243 294 -2
243 325 2
243 614 -2
243 736 2
243 761 -2
243 784 -2
243 586 -2
243 740 -2
243 712 2
243 396 -2
243 461 2
244 467 2
244 677 -2
244 384 2
244 403 -2
244 282 2
244 410 2
244 472 -2
244 375 2
244 247 2
244 676 -2
244 381 2
244 669 -2
244 435 2
244 578 -2
244 401 -2
244 572 2
244 267 -2
244 411 -2
244 481 2
244 246 2
244 683 -2
244 498 -2
244 499 2
244 388 -2
244 673 2
244 382 2
244 770 2
244 776 2
244 457 -2
244 755 2
244 709 -2
244 589 -2
244 742 2
244 734 -2
244 535 -2
244 461 -2
244 496 2
244 766 2
244 501 -2
244 698 2
245 298 2
245 621 2
245 278 -2
245 336 2
245 792 -2
245 395 2
245 584 -2
245 637 -2
245 790 2
245 259 2
245 596 -2
245 467 -2
245 447 -2
245 644 2
245 369 2
245 260 2
245 264 -2
245 456 -2
245 470 2
245 318 2
245 724 2
245 519 2
245 441 -2
245 541 -2
245 407 -2
245 425 -2
245 683 2
245 676 2
245 491 -2
245 731 -2
245 793 -2
245 365 2
245 668 2
245 704 -2
245 675 -2
245 672 2
245 438 2
245 538 -2
245 400 -2
246 681 -2
246 597 2
246 439 -2
246 602 2
246 700 -2
246 707 2
246 445 2
246 741 -2
246 288 -2
246 706 2
246 763 -2
246 604 2
246 558 2
246 548 -2
246 278 -2
246 310 -2
246 651 2
246 779 2
246 297 2
246 734 2
246 275 2
246 531 2
246 433 2
246 488 -2
246 576 2
246 283 -2
246 704 2
246 390 -2
246 298 -2
246 570 -2
246 782 2
246 772 -2
246 441 2
246 399 2
246 580 -2
246 613 2
246 429 -2
246 747 2
246 585 -2
246 595 2
246 674 -2
247 591 -2
247 512 2
247 274 -2
247 694 2
247 363 -2
247 433 2
247 760 2
247 797 -2
247 544 2
247 674 -2
247 518 2
247 721 -2
247 415 -2
247 322 2
247 521 -2
247 611 2
247 782 2
247 376 -2
247 524 2
247 639 2
247 531 -2
247 403 -2
247 693 -2
247 492 -2
247 383 2
247 529 -2
247 327 -2
247 342 -2
247 648 -2
247 448 2
247 557 -2
247 558 2
247 566 2
247 357 -2
247 431 -2
247 728 2
247 535 -2
248 324 2
248 408 -2
248 436 -2
248 665 2
248 564 2
248 656 2
248 387 -2
248 592 2
248 333 -2
248 363 -2
248 645 2
248 763 2
248 251 2
248 502 2
248 556 -2
248 522 -2
248 540 2
248 745 2
248 542 -2
248 570 -2
248 566 2
248 559 2
248 269 -2
248 395 2
248 751 -2
248 650 -2
249 594 -2
249 302 2
249 631 -2
249 730 2
249 362 -2
249 573 2
249 415 -2
249 550 -2
249 297 -2
249 267 -2
249 709 -2
249 355 2
249 331 -2
249 539 -2
249 567 2
249 299 -2
249 793 -2
249 707 -2
249 449 -2
249 294 -2
249 557 -2
249 570 -2
249 446 2
249 717 -2
249 624 2
249 361 2
249 350 2
249 342 2
249 398 -2
249 579 -2
249 291 -2
249 443 2
249 728 2
250 389 -2
250 453 2
250 256 -2
250 604 -2
250 322 -2
250 318 2
250 676 -2
250 684 2
250 674 -2
250 281 -2
250 517 -2
250 303 -2
250 276 2
250 739 2
250 266 2
250 419 -2
250 628 2
250 694 2
250 405 -2
250 374 -2
250 675 -2
250 468 2
250 689 2
250 373 2
250 669 -2
250 272 -2
250 686 -2
250 629 2
250 590 -2
250 406 2
250 316 -2
250 259 -2
250 340 -2
250 393 2
250 424 2
251 579 -2
251 764 -2
251 323 -2
251 679 2
251 775 -2
251 660 2
251 488 -2
251 737 -2
251 423 -2
251 755 -2
251 514 2
251 478 2
251 641 -2
251 635 -2
251 482 2
251 704 -2
251 633 -2
251 422 -2
251 762 2
251 608 -2
251 637 -2
251 651 -2
251 575 -2
251 480 2
251 444 -2
251 311 2
251 521 -2
251 721 2
251 495 -2
251 355 2
251 770 -2
251 409 -2
252 681 -2
252 690 2
252 319 2
252 565 -2
252 295 2
252 436 2
252 533 -2
252 395 -2
252 368 2
252 689 -2
252 540 -2
252 279 2
252 435 2
252 388 2
252 652 -2
252 512 2
252 708 2
252 323 2
252 491 2
252 423 -2
252 546 -2
252 661 2
252 608 2
252 529 -2
252 784 -2
252 609 -2
252 263 -2
252 629 -2
252 641 2
252 408 2
252 500 -2
252 452 -2
252 449 2
252 732 2
252 724 2
252 758 -2
252 412 2
253 311 2
253 789 -2
253 394 -2
253 490 2
253 530 -2
253 579 2
253 485 -2
253 310 -2
253 554 -2
253 594 -2
253 592 -2
253 621 -2
253 470 -2
253 778 2
253 303 -2
253 759 -2
253 741 2
253 740 -2
253 707 -2
253 379 2
253 770 -2
253 454 -2
253 533 -2
253 753 2
253 702 -2
253 693 -2
253 468 2
253 514 2
253 531 2
254 787 -2
254 793 -2
254 559 -2
254 738 -2
254 348 -2
254 542 -2
254 665 2
254 455 2
254 391 2
254 367 2
254 632 2
254 499 -2
254 274 2
254 774 2
254 354 2
254 423 2
254 453 -2
254 712 -2
254 331 2
254 486 -2
254 273 -2
254 512 -2
254 718 2
254 652 2
254 608 2
254 785 2
254 305 2
254 335 -2
254 645 2
254 612 2
254 314 -2
254 407 -2
254 431 2
254 266 2
255 453 -2
255 658 2
255 720 2
255 687 2
255 264 2
255 322 2
255 617 -2
255 704 2
255 752 -2
255 262 -2
255 662 -2
255 457 2
255 595 -2
255 560 -2
255 771 2
255 445 -2
255 314 -2
255 297 -2
255 479 2
255 713 2
255 638 -2
255 517 -2
255 702 -2
256 356 2
256 511 -2
256 473 -2
256 529 -2
256 735 -2
256 393 2
256 636 -2
256 500 -2
256 652 2
256 312 2
256 645 -2
256 653 2
256 466 2
256 325 2
256 493 2
256 264 -2
256 319 2
256 496 2
256 780 2
256 375 -2
256 765 -2
256 623 2
256 631 -2
256 290 -2
256 627 2
256 666 -2
256 444 -2
256 624 -2
256 747 2
256 360 -2
256 417 2
256 307 2
256 485 -2
256 760 2
256 433 2
256 671 -2
256 471 -2
256 674 -2
256 479 2
256 484 -2
256 724 -2
256 384 2
256 369 2
256 413 -2
256 583 2
256 689 -2
256 443 2
256 565 2
257 541 -2
257 772 -2
257 435 -2
257 463 2
257 428 -2
257 535 2
257 646 -2
257 350 2
257 783 2
257 354 2
257 556 2
257 537 2
257 620 2
257 452 2
257 564 -2
257 479 2
257 437 -2
257 749 2
257 624 2
257 415 -2
257 628 2
257 781 -2
257 321 2
257 671 -2
257 396 -2
257 483 2
257 464 2
257 554 -2
258 533 -2
258 529 2
258 472 -2
258 728 -2
258 779 2
258 409 2
258 395 2
258 672 2
258 499 -2
258 771 2
258 324 -2
258 418 -2
258 292 2
258 267 2
258 445 -2
258 506 2
258 264 -2
258 627 2
258 656 2
258 675 2
258 338 2
258 700 -2
258 272 2
258 305 -2
258 435 2
258 738 2
258 265 -2
258 717 2
258 588 2
258 611 -2
259 374 -2
259 778 2
259 655 -2
259 534 -2
259 395 -2
259 284 -2
259 723 -2
259 394 2
259 521 -2
259 315 -2
259 735 -2
259 516 2
259 602 -2
259 738 -2
259 263 2
259 765 -2
259 792 -2
259 425 -2
259 555 2
259 763 2
259 456 2
259 559 -2
259 519 -2
259 639 -2
259 472 2
259 708 2
259 600 2
259 420 -2
259 773 2
259 544 2
259 744 2
259 679 -2
259 387 2
260 372 2
260 600 2
260 696 2
260 293 2
260 300 -2
260 560 -2
260 726 2
260 719 -2
260 554 2
260 472 2
260 335 -2
260 532 2
260 662 -2
260 269 2
260 415 2
260 753 2
260 734 2
260 699 -2
260 365 -2
260 636 2
260 304 -2
260 387 2
260 456 -2
260 397 -2
260 455 -2
260 383 2
260 618 -2
260 549 2
260 487 2
260 366 2
260 631 -2
260 342 2
260 798 2
260 400 -2
260 507 2
260 536 -2
260 395 -2
260 783 2
260 619 -2
260 745 2
260 453 2
260 294 2
260 416 -2
260 723 2
261 584 2
261 315 2
261 787 -2
261 354 2
261 536 -2
261 791 2
261 492 -2
261 700 2
261 753 2
261 720 -2
261 262 -2
261 706 2
261 519 2
261 514 2
261 585 2
261 298 -2
261 423 2
261 510 2
261 583 -2
261 618 2
261 730 -2
261 502 -2
261 669 2
261 699 2
261 400 2
261 620 2
261 712 2
262 734 -2
262 714 2
262 449 2
262 617 2
262 314 -2
262 601 2
262 750 -2
262 304 -2
262 685 -2
262 337 2
262 699 -2
262 654 2
262 395 2
262 302 2
262 743 -2
262 639 -2
262 303 2
262 322 2
262 465 2
262 564 2
262 356 -2
262 487 -2
262 697 2
262 420 2
262 718 2
262 513 -2
262 446 2
262 344 -2
262 308 2
262 289 -2
262 529 -2
262 352 -2
262 384 -2
262 310 -2
262 471 -2
262 447 -2
262 477 -2
263 398 -2
263 609 -2
263 649 2
263 329 -2
263 732 2
263 499 -2
263 755 2
263 780 -2
263 543 2
263 721 2
263 371 -2
263 294 -2
263 463 2
263 364 2
263 522 2
263 654 -2
263 385 2
263 508 -2
263 600 2
263 379 -2
263 304 2
263 454 -2
263 290 2
263 779 2
263 441 2
263 724 -2
263 298 -2
263 545 2
263 414 -2
263 296 2
264 794 -2
264 514 2
264 481 -2
264 462 2
264 551 -2
264 538 -2
264 392 -2
264 673 2
264 775 2
264 616 2
264 488 -2
264 776 -2
264 777 -2
264 325 -2
264 690 2
264 677 2
264 545 2
264 654 -2
264 464 2
264 590 -2
264 438 -2
264 531 -2
264 288 -2
264 286 -2
264 272 2
264 387 -2
264 635 -2
264 315 2
264 695 2
264 713 2
264 793 2
264 358 -2
264 366 2
264 580 2
264 668 2
264 276 2
265 274 2
265 570 -2
265 611 -2
265 350 2
265 598 -2
265 667 -2
265 463 2
265 736 -2
265 768 -2
265 761 -2
265 525 -2
265 343 -2
265 422 2
265 497 2
265 319 -2
265 676 -2
265 772 -2
265 683 2
265 458 -2
265 602 -2
265 365 -2
265 669 -2
265 494 -2
265 541 -2
265 331 2
266 771 -2
266 446 2
266 291 2
266 675 -2
266 672 -2
266 522 2
266 443 2
266 531 -2
266 591 -2
266 783 2
266 269 -2
266 502 -2
266 360 -2
266 395 -2
266 615 -2
266 560 2
266 627 2
266 303 2
266 289 -2
266 742 2
266 441 -2
266 683 2
266 420 -2
266 504 2
266 579 -2
266 650 -2
266 465 -2
266 469 2
266 702 -2
267 401 2
267 434 2
267 731 -2
267 508 2
267 603 -2
267 439 2
267 404 -2
267 387 2
267 553 -2
267 392 -2
267 428 2
267 450 2
267 406 2
267 306 2
267 775 2
267 327 2
267 519 -2
267 607 -2
267 647 -2
267 789 -2
267 681 2
267 740 -2
267 459 -2
267 302 2
267 754 -2
267 718 2
267 650 -2
267 755 2
267 413 2
267 530 2
267 288 -2
267 486 -2
267 490 2
267 453 -2
267 457 -2
267 409 -2
267 563 2
268 441 -2
268 670 -2
268 755 2
268 555 -2
268 644 -2
268 529 2
268 442 -2
268 752 2
268 514 -2
268 782 -2
268 278 2
268 614 -2
268 650 -2
268 296 -2
268 532 -2
268 720 -2
268 765 2
268 476 -2
268 578 2
268 691 -2
268 777 -2
268 274 -2
268 696 2
268 277 2
268 798 -2
268 573 -2
268 410 2
268 336 -2
269 448 2
269 783 -2
269 370 2
269 666 2
269 565 2
269 283 -2
269 601 -2
269 629 2
269 410 2
269 721 -2
269 273 2
269 363 2
269 399 2
269 576 -2
269 495 -2
269 686 2
269 309 -2
269 681 -2
269 385 2
269 299 -2
269 621 2
269 518 2
269 731 -2
269 669 -2
269 404 2
269 603 -2
269 394 2
269 573 -2
269 568 -2
269 541 2
269 393 -2
270 287 2
270 321 2
270 465 -2
270 595 -2
270 770 2
270 463 2
270 681 2
270 775 -2
270 796 -2
270 311 -2
270 340 2
270 278 -2
270 397 2
270 398 2
270 680 2
270 732 2
270 469 -2
270 271 2
270 316 -2
270 565 -2
270 679 -2
270 582 -2
270 484 -2
270 502 -2
270 352 2
270 353 -2
270 364 -2
270 445 -2
270 742 -2
270 784 2
270 797 -2
271 533 -2
271 685 -2
271 553 2
271 573 -2
271 766 2
271 726 -2
271 752 2
271 302 2
271 658 -2
271 424 -2
271 328 -2
271 367 -2
271 796 -2
271 651 -2
271 607 -2
271 591 -2
271 716 -2
271 743 -2
271 583 2
271 745 2
271 775 2
271 385 2
271 510 2
271 780 -2
271 537 2
271 349 2
271 773 2
271 455 2
271 355 -2
271 340 2
272 429 2
272 358 2
272 361 2
272 769 -2
272 694 -2
272 481 2
272 468 -2
272 717 2
272 357 2
272 606 -2
272 504 -2
272 396 2
272 380 2
272 619 -2
272 549 2
272 605 2
272 503 -2
272 748 -2
272 348 -2
272 548 -2
272 376 2
272 652 -2
272 287 -2
272 303 -2
272 327 -2
272 280 2
272 301 -2
272 403 -2
272 644 2
272 487 2
272 474 -2
272 375 -2
272 405 -2
272 480 2
272 564 2
272 766 -2
272 628 -2
272 607 -2
272 338 -2
272 708 -2
272 751 -2
272 424 -2
272 394 2
273 642 -2
273 605 2
273 495 -2
273 612 -2
273 381 2
273 417 -2
273 779 2
273 788 -2
273 742 2
273 483 2
273 303 -2
273 681 -2
273 775 2
273 796 2
273 618 2
273 578 2
273 553 -2
273 636 -2
273 443 -2
273 630 -2
273 543 -2
273 545 -2
273 686 -2
273 604 2
273 715 2
274 308 -2
274 433 2
274 593 2
274 688 -2
274 327 -2
274 472 -2
274 572 2
274 376 -2
274 426 2
274 727 2
274 374 2
274 605 -2
274 322 2
274 648 2
274 725 -2
274 638 -2
274 283 2
274 445 -2
274 542 2
274 309 -2
274 509 -2
274 589 -2
274 535 2
274 700 2
274 744 -2
274 319 -2
274 704 -2
274 418 2
274 763 2
274 372 -2
274 476 2
274 735 2
274 389 2
275 474 2
275 684 2
275 679 -2
275 722 -2
275 342 2
275 463 -2
275 406 2
275 619 -2
275 365 -2
275 625 2
275 560 -2
275 558 2
275 413 2
275 508 2
275 433 2
275 477 -2
275 715 -2
275 395 -2
275 398 2
275 456 2
275 603 2
275 285 2
275 645 -2
275 352 2
275 385 2
275 530 -2
275 578 -2
275 662 2
275 601 2
275 334 2
275 432 2
275 392 2
275 522 2
275 580 2
275 414 -2
275 769 -2
275 797 -2
276 624 -2
276 761 -2
276 685 2
276 493 -2
276 345 2
276 309 -2
276 339 2
276 306 -2
276 578 2
276 502 -2
276 605 2
276 299 -2
276 406 -2
276 433 -2
276 751 -2
276 652 2
276 557 2
276 376 -2
276 490 -2
276 521 -2
276 683 2
276 378 2
276 757 2
277 401 -2
277 563 -2
277 309 2
277 370 2
277 674 2
277 541 2
277 706 -2
277 355 2
277 781 2
277 425 -2
277 737 -2
277 335 2
277 297 -2
277 368 2
277 360 2
277 420 -2
277 461 -2
277 686 -2
277 799 2
277 636 2
277 572 2
277 645 2
277 778 2
277 424 -2
277 594 -2
277 388 2
277 648 -2
277 393 -2
277 443 2
277 540 -2
277 724 -2
277 542 2
277 557 2
277 334 -2
277 770 2
277 426 -2
278 603 -2
278 672 -2
278 733 -2
278 360 2
278 738 2
278 422 2
278 659 -2
278 452 2
278 491 2
278 591 -2
278 430 -2
278 359 -2
278 710 2
278 463 -2
278 293 2
278 411 2
278 621 -2
278 516 -2
278 349 -2
278 594 2
278 714 2
278 745 -2
278 662 -2
278 625 -2
278 460 2
278 566 -2
278 606 2
278 436 2
279 417 -2
279 624 2
279 401 2
279 756 2
279 360 2
279 527 -2
279 640 -2
279 680 2
279 703 -2
279 379 -2
279 387 2
279 337 2
279 338 2
279 403 2
279 594 2
279 284 2
279 743 2
279 617 2
279 543 2
279 655 -2
279 507 2
279 686 2
279 531 -2
279 423 2
279 451 -2
279 364 2
279 438 2
279 381 2
279 636 -2
279 328 -2
279 283 2
279 583 2
279 585 2
279 641 2
279 714 -2
280 413 -2
280 383 -2
280 519 2
280 361 -2
280 502 -2
280 575 -2
280 704 2
280 561 2
280 661 2
280 754 2
280 736 2
280 352 2
280 657 -2
280 389 -2
280 303 -2
280 356 2
280 318 2
280 574 -2
280 463 -2
280 674 -2
280 419 -2
280 398 -2
280 288 2
280 321 2
280 790 2
280 642 -2
280 379 2
281 477 -2
281 620 2
281 751 -2
281 776 -2
281 662 -2
281 566 2
281 712 2
281 664 2
281 674 -2
281 637 -2
281 670 -2
281 283 -2
281 741 -2
281 749 -2
281 610 2
281 366 2
281 373 -2
281 537 2
281 363 -2
281 371 -2
281 750 2
281 334 2
281 592 -2
281 445 -2
281 608 2
281 721 -2
282 595 2
282 324 -2
282 527 2
282 355 -2
282 295 2
282 404 2
282 480 -2
282 669 2
282 428 2
282 438 2
282 589 -2
282 546 2
282 607 -2
282 687 2
282 460 2
282 483 2
282 522 2
282 757 2
282 598 -2
282 655 2
282 629 -2
282 439 2
282 590 -2
282 704 2
282 666 -2
282 498 -2
282 638 2
282 633 -2
282 765 -2
282 517 2
282 481 -2
282 516 2
282 561 -2
282 735 -2
282 535 2
282 283 -2
283 385 2
283 403 -2
283 752 2
283 781 2
283 724 -2
283 356 2
283 548 -2
283 463 2
283 570 -2
283 450 2
283 642 -2
283 355 2
283 292 2
283 352 2
283 648 2
283 437 2
283 555 2
283 516 -2
283 376 2
283 381 2
283 284 2
283 418 2
283 667 -2
283 572 2
283 708 2
283 493 -2
283 482 2
283 586 2
283 544 -2
283 372 2
284 346 -2
284 531 -2
284 558 2
284 394 2
284 701 2
284 776 2
284 460 2
284 669 -2
284 687 -2
284 463 2
284 606 2
284 384 2
284 781 2
284 616 -2
284 694 2
284 643 -2
284 348 -2
284 524 -2
284 320 -2
284 505 -2
284 680 -2
284 499 -2
284 357 2
284 573 2
284 413 2
284 561 -2
284 621 -2
284 733 2
284 660 2
284 554 -2
284 756 2
284 552 -2
284 450 -2
284 658 2
284 624 2
284 673 -2
284 604 -2
284 760 2
284 418 2
285 463 -2
285 391 -2
285 545 2
285 471 2
285 764 2
285 634 -2
285 686 2
285 443 -2
285 720 2
285 387 -2
285 349 2
285 583 2
285 552 -2
285 626 -2
285 664 -2
285 535 -2
285 521 -2
285 572 2
285 763 2
285 575 -2
285 559 -2
285 759 2
285 420 -2
285 525 -2
285 598 2
285 332 2
285 526 -2
285 512 2
285 741 -2
285 718 2
285 311 -2
285 779 2
286 316 2
286 470 2
286 759 -2
286 548 2
286 785 2
286 337 2
286 652 -2
286 592 2
286 630 -2
286 616 2
286 649 -2
286 424 -2
286 576 2
286 748 -2
286 688 2
286 648 -2
286 561 2
286 677 2
286 741 -2
286 608 2
286 662 2
286 481 -2
286 564 2
286 387 2
286 615 -2
286 773 -2
286 666 -2
286 671 2
286 627 -2
286 374 -2
287 389 2
287 570 -2
287 785 -2
287 382 -2
287 547 2
287 410 2
287 767 -2
287 712 -2
287 638 -2
287 675 -2
287 778 2
287 486 -2
287 592 2
287 351 2
287 665 2
287 569 2
287 427 -2
287 634 2
287 751 -2
287 718 2
287 526 2
287 559 -2
287 429 -2
287 373 2
287 372 2
287 717 2
287 493 -2
287 328 2
287 320 -2
288 321 2
288 629 -2
288 355 -2
288 737 -2
288 650 -2
288 591 -2
288 544 2
288 395 -2
288 379 2
288 434 2
288 362 2
288 721 -2
288 371 -2
288 346 2
288 672 2
288 405 2
288 797 -2
288 454 -2
288 632 2
288 599 2
288 524 2
288 589 2
288 572 -2
288 467 -2
288 322 -2
288 361 -2
288 520 2
288 483 2
288 444 -2
288 307 2
288 576 -2
289 658 -2
289 720 -2
289 505 2
289 472 -2
289 616 -2
289 500 2
289 535 -2
289 453 2
289 664 -2
289 594 2
289 799 -2
289 547 -2
289 405 -2
289 353 2
289 350 2
289 518 -2
289 364 2
289 475 -2
289 675 -2
289 651 -2
289 572 2
289 509 -2
289 574 2
289 588 2
289 731 2
289 668 -2
289 323 2
289 743 -2
289 403 -2
289 317 -2
289 576 -2
289 753 2
289 749 2
289 650 -2
290 337 -2
290 518 -2
290 556 -2
290 579 2
290 409 -2
290 478 -2
290 701 -2
290 427 2
290 777 2
290 448 2
290 676 2
290 553 2
290 751 2
290 723 2
290 766 -2
290 311 2
290 475 -2
290 297 2
290 295 2
290 298 -2
290 443 2
290 388 2
290 798 -2
290 600 2
290 666 2
290 483 -2
290 596 -2
290 503 -2
290 313 2
290 450 2
290 557 -2
290 642 2
290 486 -2
291 748 -2
291 798 -2
291 614 -2
291 573 2
291 735 2
291 506 -2
291 716 2
291 310 2
291 451 -2
291 608 2
291 334 2
291 765 2
291 323 2
291 329 -2
291 777 -2
291 710 2
291 525 -2
291 665 2
291 670 -2
291 753 2
291 465 -2
291 792 2
291 673 2
291 373 2
291 551 2
291 515 -2
291 613 -2
291 646 -2
291 403 -2
291 349 -2
291 483 2
292 519 2
292 526 -2
292 767 2
292 686 -2
292 591 -2
292 717 2
292 466 2
292 346 -2
292 343 -2
292 341 2
292 404 -2
292 758 2
292 390 -2
292 652 2
292 643 2
292 592 2
292 453 2
292 757 2
292 369 2
292 750 -2
292 695 -2
292 336 -2
292 608 2
292 606 -2
292 472 -2
292 595 2
292 577 -2
292 736 2
292 770 2
292 565 2
292 446 -2
292 661 -2
292 345 2
293 546 -2
293 376 -2
293 610 -2
293 461 2
293 554 2
293 307 -2
293 697 -2
293 621 2
293 379 2
293 728 2
293 533 2
293 474 2
293 353 -2
293 743 -2
293 727 -2
293 453 2
293 457 2
293 796 2
293 512 -2
293 475 2
293 390 -2
293 364 -2
293 769 -2
293 445 2
294 295 2
294 484 2
294 727 2
294 647 -2
294 424 -2
294 521 2
294 399 2
294 354 -2
294 694 -2
294 344 2
294 511 -2
294 444 2
294 486 2
294 676 2
294 432 2
294 730 -2
294 636 2
294 408 2
294 526 -2
294 574 2
294 590 -2
294 365 2
294 478 2
294 475 2
294 677 -2
295 795 2
295 349 2
295 569 2
295 720 2
295 753 2
295 773 2
295 700 2
295 311 -2
295 501 -2
295 533 -2
295 491 -2
295 416 -2
295 386 -2
295 744 -2
295 674 2
295 794 -2
295 604 2
295 468 -2
295 398 -2
295 508 -2
295 341 2
295 515 -2
295 691 2
295 300 2
295 718 2
296 594 -2
296 747 -2
296 694 2
296 724 -2
296 670 2
296 391 -2
296 599 -2
296 371 2
296 644 2
296 643 2
296 401 -2
296 373 2
296 651 -2
296 309 2
296 545 -2
296 686 -2
296 583 2
296 348 -2
296 392 -2
296 742 2
296 653 2
296 527 -2
296 745 -2
296 548 2
296 367 2
296 444 -2
296 796 2
296 540 -2
296 479 -2
296 357 2
296 764 2
297 375 -2
297 390 2
297 347 2
297 647 2
297 501 -2
297 301 -2
297 482 2
297 606 2
297 405 -2
297 668 -2
297 371 2
297 315 2
297 607 -2
297 590 2
297 351 2
297 742 -2
297 472 -2
297 754 2
297 403 -2
297 728 -2
297 638 2
297 651 -2
297 573 -2
297 792 -2
297 503 2
297 491 -2
297 630 2
297 751 -2
298 729 -2
298 483 -2
298 704 -2
298 518 2
298 462 -2
298 668 2
298 519 2
298 692 -2
298 306 -2
298 754 -2
298 438 -2
298 372 2
298 501 -2
298 795 2
299 653 -2
299 666 2
299 443 2
299 300 2
299 767 2
299 628 2
299 469 2
299 750 -2
299 323 -2
299 678 -2
299 691 2
299 579 -2
299 632 -2
299 557 -2
299 669 2
299 329 -2
299 357 2
299 568 2
299 710 -2
299 477 2
299 487 -2
299 574 2
299 702 2
299 673 2
299 337 -2
299 308 -2
299 535 -2
299 659 2
299 563 -2
299 695 -2
299 722 -2
300 571 -2
300 561 2
300 589 -2
300 738 -2
300 366 2
300 503 2
300 455 2
300 462 -2
300 448 2
300 657 2
300 604 2
300 489 -2
300 470 -2
300 592 -2
300 512 2
300 783 -2
300 711 -2
300 704 2
300 644 -2
300 390 2
300 499 2
300 337 -2
300 734 -2
300 673 2
301 692 -2
301 737 2
301 559 2
301 354 -2
301 410 2
301 616 2
301 443 -2
301 767 -2
301 540 -2
301 652 2
301 693 2
301 516 -2
301 332 -2
301 721 2
301 783 2
301 365 2
301 312 2
301 378 2
301 341 -2
301 494 2
301 708 2
301 677 2
301 377 -2
301 337 -2
301 319 -2
301 647 -2
301 328 -2
301 592 2
301 561 -2
301 482 -2
301 613 2
301 455 2
301 610 -2
301 670 -2
301 428 -2
301 691 -2
301 580 -2
301 744 2
301 676 -2
301 548 -2
301 707 -2
302 330 -2
302 327 2
302 786 2
302 599 -2
302 775 -2
302 553 -2
302 461 -2
302 421 2
302 357 -2
302 384 -2
302 388 -2
302 740 -2
302 652 -2
302 355 2
302 469 2
302 563 2
302 777 -2
302 632 -2
302 414 2
302 573 2
302 686 -2
302 459 -2
302 702 2
302 561 2
302 621 2
302 684 2
303 364 2
303 344 -2
303 405 2
303 375 -2
303 527 -2
303 506 -2
303 576 -2
303 677 2
303 361 2
303 620 -2
303 606 -2
303 542 -2
303 357 2
303 362 -2
303 673 2
303 399 -2
303 533 -2
303 551 -2
303 628 -2
303 409 -2
303 443 2
303 647 2
303 420 -2
303 652 2
303 583 2
303 480 -2
303 590 2
303 401 2
303 729 2
303 392 2
303 605 -2
303 588 -2
304 474 2
304 603 2
304 339 -2
304 320 -2
304 776 2
304 718 2
304 371 -2
304 697 2
304 528 -2
304 576 -2
304 686 2
304 760 2
304 600 2
304 443 2
304 648 -2
304 625 2
304 789 2
304 374 2
304 598 2
304 384 2
304 492 2
304 525 2
304 627 2
304 514 2
305 787 2
305 527 2
305 609 -2
305 602 -2
305 591 -2
305 720 2
305 461 -2
305 310 2
305 619 -2
305 368 -2
305 541 -2
305 508 -2
305 577 -2
305 405 2
305 566 -2
305 592 2
305 425 -2
305 673 2
305 714 -2
305 362 2
305 496 2
305 574 2
305 568 -2
305 650 -2
305 379 2
305 456 -2
305 523 2
305 572 2
305 661 -2
305 709 -2
306 652 -2
306 772 -2
306 530 2
306 724 2
306 506 2
306 417 -2
306 308 -2
306 491 -2
306 477 2
306 589 2
306 614 -2
306 751 2
306 451 -2
306 370 -2
306 519 -2
306 401 2
306 556 2
306 456 2
306 554 2
306 630 2
306 782 -2
306 350 -2
306 653 2
306 402 -2
306 367 -2
306 526 2
306 760 -2
306 531 2
306 468 2
307 327 2
307 612 2
307 511 -2
307 607 -2
307 679 2
307 473 -2
307 363 -2
307 631 2
307 594 2
307 568 2
307 552 2
307 588 -2
307 798 2
307 569 2
307 560 2
307 670 -2
307 525 -2
307 673 -2
307 716 -2
307 335 2
307 650 2
307 495 2
307 530 -2
307 675 -2
307 531 -2
307 630 -2
307 423 -2
307 481 -2
307 311 2
307 571 2
308 479 2
308 430 2
308 398 2
308 590 -2
308 496 2
308 585 2
308 650 2
308 688 -2
308 502 2
308 424 2
308 311 2
308 682 2
308 372 -2
308 543 2
308 406 -2
308 359 2
308 337 2
308 628 2
308 735 -2
308 459 -2
308 739 -2
308 642 -2
308 322 -2
308 441 -2
308 769 -2
308 713 2
308 431 2
308 559 -2
308 797 -2
308 795 -2
308 388 2
308 603 2
308 531 2
309 558 2
309 332 2
309 472 -2
309 683 -2
309 603 -2
309 615 2
309 338 -2
309 496 2
309 410 -2
309 432 -2
309 561 -2
309 644 2
309 317 -2
309 557 2
309 547 2
309 433 2
309 635 -2
309 688 -2
309 662 2
309 352 2
309 541 -2
309 364 2
309 730 2
309 651 -2
310 687 -2
310 730 -2
310 429 2
310 367 -2
310 461 2
310 478 -2
310 607 2
310 703 2
310 742 -2
310 338 -2
310 757 -2
310 317 -2
310 615 2
310 545 -2
310 760 2
310 683 2
310 485 -2
310 727 -2
310 790 2
310 349 2
310 644 2
310 680 -2
310 599 -2
310 555 2
310 375 2
310 473 -2
311 736 -2
311 594 2
311 383 -2
311 793 -2
311 755 -2
311 516 -2
311 597 2
311 503 2
311 561 2
311 686 -2
311 624 -2
311 328 2
311 389 -2
311 548 2
311 569 -2
311 553 -2
311 479 2
311 430 -2
311 730 2
311 390 2
311 354 -2
311 429 -2
311 628 -2
311 778 2
311 694 -2
311 441 -2
311 490 -2
311 638 -2
311 796 2
311 701 2
312 457 2
312 795 -2
312 561 2
312 741 -2
312 687 2
312 358 2
312 499 2
312 619 2
312 481 -2
312 555 -2
312 609 -2
312 732 -2
312 658 -2
312 574 -2
312 575 2
312 359 -2
312 704 -2
312 666 -2
312 573 2
312 353 -2
312 345 2
312 446 2
312 355 2
312 327 2
312 798 2
312 797 2
312 374 2
312 401 2
312 758 2
312 737 -2
312 410 -2
313 552 2
313 421 -2
313 455 2
313 770 2
313 655 -2
313 395 2
313 610 -2
313 374 -2
313 658 -2
313 566 2
313 682 2
313 589 -2
313 450 -2
313 689 2
313 425 -2
313 516 -2
313 795 -2
313 547 -2
313 729 2
313 642 2
313 686 -2
313 794 2
313 344 -2
313 439 -2
313 400 2
313 524 2
313 616 -2
313 517 2
314 691 -2
314 563 -2
314 499 -2
314 480 2
314 641 -2
314 399 2
314 595 -2
314 770 -2
314 787 2
314 401 -2
314 565 -2
314 675 -2
314 753 -2
314 372 2
314 353 2
314 697 2
314 550 -2
314 784 2
314 543 2
314 551 2
314 792 -2
314 714 2
314 526 2
314 441 2
314 507 2
314 464 2
314 488 2
314 794 -2
314 425 -2
314 494 2
314 589 2
314 524 -2
314 730 -2
314 522 2
315 632 -2
315 422 2
315 738 2
315 516 -2
315 583 -2
315 663 -2
315 713 2
315 395 -2
315 491 -2
315 756 2
315 771 -2
315 645 -2
315 451 -2
315 510 2
315 585 -2
315 617 2
315 606 2
315 669 2
315 586 2
315 505 -2
315 650 -2
316 559 -2
316 338 2
316 789 2
316 742 -2
316 589 2
316 529 -2
316 512 2
316 403 -2
316 417 -2
316 716 -2
316 541 -2
316 471 -2
316 453 2
316 484 -2
316 671 2
316 753 2
316 408 2
316 679 2
316 614 2
316 676 2
316 555 -2
316 595 -2
316 699 -2
316 627 2
316 331 -2
316 525 2
316 519 2
316 514 2
317 673 2
317 595 2
317 532 2
317 405 -2
317 494 2
317 660 -2
317 424 -2
317 361 -2
317 700 -2
317 698 -2
317 417 -2
317 394 -2
317 327 -2
317 691 -2
317 378 2
317 456 2
317 423 -2
317 717 2
317 577 2
317 386 2
317 768 2
317 497 -2
317 451 2
317 618 2
318 503 2
318 589 -2
318 583 -2
318 468 -2
318 438 2
318 700 2
318 394 -2
318 664 2
318 327 2
318 404 -2
318 386 -2
318 375 -2
318 662 2
318 321 -2
318 666 2
318 476 -2
318 559 -2
318 747 2
318 642 2
318 590 -2
318 490 2
318 685 2
318 437 -2
318 552 -2
318 708 -2
318 483 -2
318 787 -2
318 632 -2
318 349 -2
318 492 -2
319 712 -2
319 767 -2
319 567 -2
319 390 -2
319 653 2
319 558 -2
319 543 -2
319 770 2
319 512 -2
319 571 -2
319 774 2
319 744 -2
319 552 2
319 391 2
319 788 -2
319 628 -2
319 341 2
319 411 -2
319 654 -2
319 743 -2
319 666 2
319 439 -2
319 394 -2
319 369 -2
319 707 2
319 676 -2
319 787 2
319 771 2
319 328 2
319 497 2
319 452 -2
319 702 2
320 524 -2
320 364 -2
320 352 2
320 584 -2
320 697 2
320 385 2
320 671 -2
320 533 2
320 706 -2
320 621 -2
320 715 2
320 795 2
320 733 -2
320 535 2
320 323 -2
320 410 2
320 356 -2
320 353 2
320 417 2
320 562 2
320 578 2
320 593 -2
320 541 2
320 674 2
320 457 2
320 587 -2
320 635 2
320 530 2
320 623 2
320 590 2
320 527 -2
320 643 2
320 505 -2
321 684 -2
321 765 2
321 653 -2
321 626 -2
321 425 2
321 324 2
321 561 2
321 527 2
321 533 2
321 611 -2
321 346 -2
321 386 2
321 700 -2
321 337 -2
321 756 2
321 670 2
321 482 -2
321 708 2
321 761 -2
321 553 2
321 695 2
321 510 2
321 740 2
321 669 -2
321 359 2
321 630 2
322 329 2
322 641 2
322 462 2
322 673 2
322 396 -2
322 441 2
322 763 2
322 421 -2
322 589 2
322 676 2
322 546 -2
322 460 -2
322 772 -2
322 535 2
322 630 2
322 466 -2
322 754 2
322 403 -2
322 481 2
322 668 -2
322 689 2
322 543 2
322 515 -2
322 559 2
322 518 -2
322 357 2
322 414 -2
322 707 -2
322 355 -2
322 517 -2
323 589 2
323 383 -2
323 435 -2
323 539 -2
323 755 2
323 566 2
323 422 -2
323 719 2
323 524 -2
323 505 2
323 362 2
323 569 2
323 718 2
323 677 -2
323 588 2
323 601 2
323 354 2
323 660 -2
323 679 2
323 570 -2
323 327 -2
323 390 2
323 351 -2
323 348 -2
323 745 -2
323 779 -2
323 491 -2
323 710 2
323 336 -2
323 709 -2
323 468 2
323 731 -2
324 480 -2
324 331 2
324 780 -2
324 598 2
324 461 2
324 351 2
324 336 -2
324 401 2
324 400 -2
324 443 -2
324 656 -2
324 762 2
324 363 2
324 435 -2
324 408 2
324 438 -2
324 423 -2
324 771 -2
324 605 2
324 482 2
324 337 -2
324 439 2
324 544 -2
324 669 -2
324 714 -2
324 518 2
324 414 2
325 611 2
325 408 2
325 515 2
325 647 -2
325 784 -2
325 576 -2
325 606 2
325 357 2
325 641 2
325 569 2
325 650 -2
325 378 -2
325 789 -2
325 531 2
325 516 -2
325 538 -2
325 786 2
325 562 -2
325 660 2
325 720 -2
325 414 2
325 571 -2
325 723 2
325 554 2
325 736 -2
325 765 -2
325 625 2
326 410 2
326 337 -2
326 421 2
326 451 -2
326 543 -2
326 702 -2
326 402 2
326 757 2
326 696 2
326 733 2
326 771 2
326 627 2
326 355 -2
326 332 2
326 729 2
326 390 -2
326 606 2
326 508 2
326 440 -2
326 405 -2
326 381 -2
326 593 2
326 736 2
327 565 -2
327 672 2
327 407 -2
327 354 2
327 795 2
327 346 2
327 537 -2
327 640 -2
327 629 2
327 586 -2
327 360 -2
327 720 -2
327 673 -2
327 410 -2
327 718 2
327 490 2
327 637 2
327 667 2
327 788 2
327 644 -2
327 794 2
327 423 2
327 700 2
327 612 -2
327 551 -2
327 767 2
328 797 -2
328 365 -2
328 478 -2
328 606 -2
328 584 2
328 415 2
328 671 2
328 576 -2
328 520 -2
328 397 2
328 656 2
328 657 2
328 532 -2
328 633 2
328 744 2
328 336 2
328 705 -2
328 521 -2
328 747 2
328 663 -2
328 622 2
328 757 -2
328 367 2
328 766 -2
328 479 -2
328 512 -2
329 333 -2
329 554 -2
329 533 2
329 696 2
329 348 2
329 626 -2
329 484 2
329 676 2
329 612 -2
329 761 -2
329 405 2
329 497 2
329 611 -2
329 593 2
329 456 -2
329 363 -2
329 378 2
329 591 2
329 737 2
329 458 -2
329 373 -2
329 529 2
329 621 -2
329 735 -2
329 644 -2
329 583 2
329 567 -2
329 473 2
330 528 -2
330 729 -2
330 726 -2
330 505 -2
330 589 2
330 473 -2
330 563 2
330 331 -2
330 547 -2
330 399 2
330 665 -2
330 575 -2
330 479 2
330 538 -2
330 553 -2
330 604 2
330 434 2
330 556 -2
330 469 -2
330 400 2
330 391 2
330 736 -2
330 440 2
330 638 2
331 378 2
331 546 -2
331 791 -2
331 698 -2
331 474 -2
331 336 2
331 681 2
331 701 2
331 526 -2
331 462 2
331 552 2
331 741 2
331 368 2
331 656 2
331 550 -2
331 756 -2
331 664 2
331 503 2
331 363 -2
331 457 -2
331 347 -2
331 761 -2
331 527 2
331 436 -2
331 633 2
331 732 -2
331 627 -2
331 419 -2
331 596 -2
331 650 -2
331 768 -2
331 757 -2
332 750 -2
332 503 -2
332 631 -2
332 346 2
332 692 2
332 674 -2
332 753 2
332 624 -2
332 697 -2
332 400 2
332 565 -2
332 467 2
332 687 2
332 691 2
332 519 2
332 659 -2
332 355 -2
332 334 -2
332 452 -2
332 708 -2
332 628 2
332 793 2
332 368 -2
332 776 2
332 686 -2
332 449 -2
332 455 -2
332 544 2
332 710 -2
332 673 -2
332 419 -2
333 492 -2
333 369 2
333 418 2
333 538 -2
333 467 2
333 405 -2
333 498 -2
333 377 -2
333 550 -2
333 578 2
333 549 2
333 770 -2
333 463 -2
333 683 2
333 600 -2
333 692 2
333 536 -2
333 591 -2
333 391 -2
333 420 -2
333 613 2
333 713 2
333 593 2
333 650 2
333 398 -2
333 672 -2
333 587 -2
333 599 2
334 653 -2
334 395 2
334 447 -2
334 381 -2
334 591 2
334 552 -2
334 710 2
334 585 -2
334 465 -2
334 517 2
334 496 2
334 519 2
334 501 2
334 415 -2
334 432 -2
334 361 -2
334 338 2
334 724 -2
334 660 -2
334 474 2
334 746 2
334 402 -2
334 438 -2
334 606 -2
334 701 -2
334 577 2
334 762 -2
334 493 -2
334 408 2
334 755 2
335 436 -2
335 464 2
335 681 2
335 445 -2
335 458 -2
335 404 -2
335 438 -2
335 498 -2
335 794 2
335 648 -2
335 786 -2
335 566 2
335 596 -2
335 604 -2
335 469 2
336 718 -2
336 373 -2
336 735 2
336 789 -2
336 604 2
336 358 -2
336 715 -2
336 455 -2
336 777 -2
336 701 -2
336 462 -2
336 365 2
336 497 -2
336 692 -2
336 535 -2
336 617 2
336 340 2
336 748 2
336 447 -2
336 633 2
336 377 2
336 658 2
336 520 -2
336 729 2
337 497 -2
337 638 -2
337 340 -2
337 410 -2
337 741 2
337 477 2
337 702 2
337 555 2
337 746 -2
337 420 2
337 568 -2
337 634 -2
337 417 2
337 408 2
337 708 2
337 720 2
337 343 -2
337 733 2
337 543 2
337 457 -2
337 619 -2
337 592 2
337 396 -2
337 691 2
337 529 2
337 470 2
337 665 2
337 696 -2
337 473 2
337 700 -2
338 488 -2
338 513 2
338 397 -2
338 369 2
338 476 -2
338 596 2
338 723 2
338 644 2
338 764 -2
338 661 -2
338 628 -2
338 357 -2
338 768 -2
338 424 -2
338 517 -2
338 755 2
338 735 -2
338 356 2
338 756 -2
338 704 2
338 493 2
338 794 2
338 529 2
338 640 -2
338 341 2
339 646 2
339 684 -2
339 743 -2
339 354 2
339 416 -2
339 566 2
339 356 2
339 757 -2
339 381 2
339 541 2
339 543 -2
339 410 -2
339 441 2
339 443 2
339 406 -2
339 398 2
339 471 2
339 749 2
339 665 2
339 582 2
339 669 2
339 513 2
339 434 2
339 796 -2
340 677 -2
340 678 2
340 545 -2
340 654 2
340 557 2
340 605 -2
340 676 -2
340 784 2
340 656 2
340 435 -2
340 738 -2
340 720 -2
340 781 -2
340 401 -2
340 507 2
340 569 -2
340 658 2
340 385 -2
340 616 -2
340 416 2
340 790 2
340 599 -2
341 392 2
341 719 2
341 628 2
341 484 -2
341 455 2
341 757 2
341 732 -2
341 502 -2
341 374 -2
341 686 -2
341 729 2
341 364 2
341 648 -2
341 655 -2
341 547 -2
341 391 2
341 568 2
341 383 -2
341 694 -2
341 644 2
341 427 -2
341 563 -2
341 414 -2
341 601 2
341 572 -2
341 606 2
341 765 2
341 499 2
341 716 2
341 479 2
341 430 2
342 343 2
342 710 -2
342 360 -2
342 662 -2
342 374 -2
342 623 2
342 612 -2
342 458 2
342 677 -2
342 604 2
342 491 2
342 744 2
342 703 2
342 489 -2
342 422 2
342 697 2
342 759 2
342 780 2
342 430 -2
342 465 -2
342 771 -2
342 644 -2
342 521 -2
343 740 -2
343 610 -2
343 416 -2
343 457 -2
343 584 2
343 591 -2
343 550 -2
343 715 2
343 661 2
343 422 -2
343 684 -2
343 680 -2
343 351 2
343 701 -2
343 652 -2
343 421 2
343 562 2
343 748 -2
343 697 2
343 391 -2
343 489 -2
343 732 -2
343 622 2
343 450 -2
343 433 2
343 643 2
343 555 2
343 387 -2
343 706 2
343 574 2
343 597 2
343 595 -2
343 380 2
343 775 2
343 458 2
344 567 -2
344 579 2
344 397 -2
344 538 -2
344 434 2
344 531 -2
344 787 2
344 442 2
344 707 -2
344 643 2
344 625 -2
344 663 2
344 498 -2
344 607 -2
344 656 2
344 358 -2
344 526 2
344 786 -2
344 423 -2
345 593 -2
345 459 2
345 679 -2
345 720 2
345 579 2
345 565 -2
345 402 2
345 370 2
345 434 -2
345 433 -2
345 352 -2
345 741 -2
345 416 -2
345 529 2
345 792 -2
345 609 -2
345 600 2
345 417 -2
345 726 -2
345 500 -2
345 761 -2
345 469 2
345 487 -2
345 441 2
346 723 2
346 374 2
346 513 2
346 770 2
346 662 2
346 642 2
346 702 -2
346 638 2
346 680 -2
346 685 -2
346 471 2
346 703 -2
346 429 2
346 352 2
346 389 -2
346 570 -2
346 693 -2
346 793 2
346 699 -2
346 665 2
346 734 -2
346 506 2
346 651 -2
346 524 -2
346 438 2
346 470 -2
346 692 -2
346 406 -2
346 365 2
346 701 -2
347 785 2
347 691 -2
347 624 -2
347 376 2
347 626 -2
347 353 2
347 526 2
347 518 -2
347 435 -2
347 464 -2
347 485 2
347 475 2
347 391 2
347 696 -2
347 604 -2
347 407 2
347 520 -2
347 759 -2
347 568 2
347 663 2
347 723 -2
348 693 2
348 766 -2
348 735 -2
348 786 -2
348 684 -2
348 507 2
348 547 2
348 770 2
348 577 2
348 582 2
348 399 -2
348 376 -2
348 797 2
348 599 -2
348 391 -2
348 585 -2
348 794 2
348 701 2
348 628 2
348 784 -2
348 734 2
348 455 2
348 592 2
348 467 -2
348 754 2
349 666 2
349 748 -2
349 787 2
349 770 2
349 558 -2
349 569 -2
349 486 -2
349 378 -2
349 690 -2
349 632 -2
349 741 2
349 423 2
349 522 -2
349 647 2
349 362 -2
349 680 -2
349 747 -2
349 610 2
349 516 -2
349 768 2
349 382 -2
349 485 2
349 683 2
349 409 2
349 511 2
349 405 2
349 574 -2
349 797 -2
349 788 2
349 408 -2
350 743 -2
350 683 -2
350 527 -2
350 531 2
350 718 -2
350 582 -2
350 462 2
350 534 -2
350 539 2
350 533 2
350 387 -2
350 665 2
350 604 2
350 577 2
350 366 -2
350 429 2
350 635 -2
350 579 2
351 375 -2
351 607 2
351 719 -2
351 548 2
351 786 -2
351 381 -2
351 787 2
351 487 -2
351 675 -2
351 450 2
351 731 -2
351 366 2
351 382 -2
351 367 2
351 687 -2
351 725 -2
351 736 -2
351 611 2
351 590 -2
351 750 2
351 563 -2
351 528 2
351 385 2
351 405 -2
351 763 2
351 660 2
351 799 2
351 697 -2
351 752 2
351 509 -2
351 694 -2
351 588 2
351 621 -2
351 728 -2
351 740 2
352 675 2
352 655 -2
352 428 -2
352 760 2
352 373 2
352 739 -2
352 362 -2
352 382 -2
352 546 2
352 664 2
352 550 2
352 603 2
352 777 2
352 444 -2
352 618 2
352 746 2
352 437 -2
352 765 2
352 510 -2
352 427 2
352 436 -2
352 567 2
352 700 -2
352 560 2
352 679 -2
352 363 -2
352 521 -2
352 494 2
352 501 2
353 652 2
353 730 -2
353 519 -2
353 534 -2
353 728 2
353 550 -2
353 463 -2
353 532 2
353 751 2
353 490 -2
353 659 -2
353 571 -2
353 558 -2
353 420 -2
353 627 -2
353 791 -2
353 672 -2
353 611 -2
353 450 -2
353 708 -2
353 636 -2
353 614 2
354 772 2
354 478 -2
354 377 2
354 487 -2
354 681 -2
354 431 -2
354 488 -2
354 646 2
354 584 -2
354 651 2
354 560 2
354 497 2
354 719 2
354 372 -2
354 405 -2
354 697 -2
354 528 -2
354 733 2
354 773 2
354 444 -2
354 532 2
355 375 -2
355 722 2
355 390 -2
355 768 -2
355 757 -2
355 728 2
355 576 2
355 738 2
355 763 -2
355 594 -2
355 441 -2
355 514 2
355 539 2
355 463 2
355 385 2
355 407 -2
355 561 2
355 500 2
355 554 2
355 593 2
355 567 2
355 388 -2
355 754 2
355 459 2
355 475 2
355 549 2
355 526 2
355 404 -2
356 520 2
356 711 2
356 368 -2
356 625 2
356 698 -2
356 672 -2
356 712 -2
356 754 -2
356 668 2
356 677 -2
356 580 -2
356 357 2
356 462 -2
356 423 -2
356 653 2
356 675 2
356 567 -2
356 636 -2
356 404 2
356 458 2
356 412 -2
356 493 2
356 422 -2
356 767 2
356 671 -2
356 696 -2
356 523 -2
356 456 2
356 662 -2
356 443 2
357 691 2
357 754 -2
357 793 -2
357 502 -2
357 477 -2
357 690 2
357 469 -2
357 420 2
357 651 2
357 738 -2
357 548 2
357 756 2
357 737 -2
357 446 2
357 635 -2
357 506 2
357 472 -2
357 588 -2
357 429 2
357 432 -2
357 499 2
357 445 2
357 391 2
358 388 2
358 724 2
358 491 -2
358 766 2
358 505 2
358 477 2
358 759 2
358 683 -2
358 367 2
358 624 -2
358 797 -2
358 586 2
358 378 -2
358 670 2
358 427 2
358 426 2
358 734 -2
358 774 -2
358 749 2
358 529 2
358 600 -2
358 474 -2
359 398 -2
359 699 2
359 586 2
359 497 2
359 710 2
359 630 2
359 725 -2
359 386 -2
359 544 -2
359 657 -2
359 365 2
359 655 -2
359 492 2
359 629 2
359 509 -2
359 682 -2
359 786 2
359 471 2
359 756 2
360 739 2
360 796 2
360 474 2
360 552 2
360 448 2
360 669 -2
360 650 -2
360 757 2
360 748 -2
360 652 2
360 601 2
360 404 -2
360 576 2
360 692 -2
360 614 2
360 385 -2
360 772 -2
360 565 2
360 742 2
360 756 -2
360 586 2
360 778 2
360 438 2
360 418 2
360 466 2
361 408 2
361 519 -2
361 639 -2
361 685 2
361 765 2
361 477 2
361 439 2
361 549 2
361 707 -2
361 593 -2
361 676 -2
361 563 2
361 410 2
361 715 -2
361 606 -2
361 395 2
361 745 -2
361 413 -2
361 497 2
361 769 2
361 556 -2
361 577 -2
361 664 2
361 699 2
361 458 -2
361 515 -2
361 550 2
361 601 -2
361 386 -2
361 609 2
361 565 2
361 459 -2
361 584 2
361 522 -2
362 780 -2
362 458 2
362 620 -2
362 583 2
362 619 2
362 550 -2
362 481 2
362 536 -2
362 618 2
362 718 2
362 523 -2
362 797 2
362 503 2
362 759 -2
362 587 2
362 465 -2
362 662 2
362 742 2
362 417 -2
362 651 -2
362 416 -2
362 579 -2
362 373 2
362 621 2
362 769 -2
362 542 -2
362 588 2
363 691 2
363 395 -2
363 373 2
363 793 -2
363 743 2
363 661 2
363 688 -2
363 555 -2
363 653 -2
363 437 2
363 595 2
363 678 -2
363 726 2
363 739 2
363 456 -2
363 682 2
363 748 2
363 509 2
363 511 2
363 782 2
363 527 2
363 628 2
363 677 2
363 731 -2
363 573 -2
363 686 2
363 501 2
364 703 -2
364 688 2
364 367 -2
364 663 2
364 400 -2
364 494 -2
364 569 -2
364 541 2
364 460 -2
364 642 -2
364 792 -2
364 608 -2
364 782 2
364 449 -2
364 692 -2
364 583 2
364 436 2
364 514 -2
364 694 2
364 430 -2
364 429 -2
364 682 -2
364 412 -2
364 534 -2
364 768 2
364 474 -2
364 741 2
365 724 2
365 536 2
365 629 2
365 373 2
365 529 2
365 625 -2
365 666 2
365 663 -2
365 770 2
365 499 -2
365 725 -2
365 747 -2
365 772 2
365 647 -2
365 472 2
365 749 -2
365 719 -2
365 474 -2
365 571 -2
365 740 -2
365 439 2
365 384 -2
365 400 -2
365 558 2
365 468 -2
365 525 -2
365 649 2
365 787 -2
365 435 2
365 541 2
365 451 -2
365 492 -2
366 770 2
366 413 -2
366 468 2
366 729 2
366 700 2
366 693 2
366 566 -2
366 584 -2
366 551 2
366 591 2
366 440 2
366 616 2
366 695 -2
366 461 2
366 563 2
366 368 2
366 622 2
366 543 2
366 383 -2
367 552 2
367 533 2
367 739 2
367 454 -2
367 708 2
367 478 2
367 777 -2
367 465 2
367 460 2
367 447 2
367 368 -2
367 756 2
367 560 2
367 599 2
367 413 -2
367 441 -2
367 558 -2
367 758 -2
367 608 2
367 611 2
367 513 2
367 694 2
367 484 2
367 711 -2
367 461 2
367 369 -2
367 511 2
368 503 2
368 606 -2
368 599 -2
368 681 2
368 785 -2
368 621 -2
368 399 2
368 575 2
368 791 2
368 708 -2
368 690 2
368 746 -2
368 583 -2
368 552 2
368 544 -2
368 713 -2
368 758 2
368 379 2
368 607 2
368 726 2
368 434 -2
368 500 -2
368 468 -2
368 410 2
368 412 -2
368 455 2
368 689 2
368 719 -2
368 372 -2
368 753 -2
368 556 -2
368 479 -2
368 677 -2
368 512 -2
368 541 2
368 612 -2
369 693 -2
369 591 2
369 399 2
369 752 2
369 476 -2
369 373 -2
369 490 2
369 760 2
369 402 -2
369 678 -2
369 594 -2
369 542 2
369 728 2
369 478 -2
369 472 -2
369 497 -2
369 778 2
369 744 2
369 774 2
369 718 -2
369 407 2
369 642 2
369 645 2
369 408 2
369 380 2
369 432 -2
369 762 2
369 431 -2
369 443 2
369 598 2
370 729 2
370 647 2
370 399 -2
370 539 -2
370 555 2
370 611 -2
370 440 -2
370 723 2
370 431 2
370 449 -2
370 397 -2
370 565 2
370 507 -2
370 471 2
370 433 2
370 778 2
370 541 -2
370 467 2
370 480 -2
370 554 -2
370 448 -2
370 758 -2
370 717 -2
370 573 -2
370 378 2
370 442 2
370 552 2
370 475 -2
370 732 2
371 604 2
371 748 -2
371 445 -2
371 717 -2
371 633 2
371 481 2
371 514 -2
371 545 2
371 694 2
371 690 -2
371 476 -2
371 768 -2
371 501 2
371 566 -2
371 390 -2
371 541 -2
371 746 -2
371 689 -2
371 436 2
371 379 2
371 656 2
371 480 -2
371 790 2
371 616 -2
372 766 2
372 688 -2
372 777 2
372 394 2
372 782 2
372 799 2
372 518 -2
372 527 -2
372 523 -2
372 621 -2
372 639 -2
372 792 -2
372 424 -2
372 472 2
372 571 2
372 470 -2
372 610 2
372 705 2
373 722 2
373 429 2
373 543 2
373 457 -2
373 567 2
373 380 2
373 678 2
373 597 2
373 399 2
373 660 -2
373 593 2
373 685 2
373 723 2
373 785 -2
373 488 -2
373 735 -2
373 416 -2
373 490 2
373 529 -2
373 757 2
373 419 -2
373 560 2
373 752 -2
374 711 -2
374 553 2
374 684 -2
374 467 2
374 603 -2
374 703 2
374 709 2
374 673 2
374 513 2
374 710 -2
374 397 2
374 720 -2
374 695 2
374 762 -2
374 421 2
374 392 -2
374 394 -2
374 386 -2
374 524 -2
374 630 2
374 551 2
374 689 2
374 404 -2
374 454 -2
374 687 -2
375 700 2
375 724 2
375 662 2
375 437 -2
375 549 2
375 739 2
375 475 2
375 446 -2
375 496 -2
375 449 -2
375 738 -2
375 466 -2
375 553 2
375 742 2
375 528 2
375 503 -2
375 537 -2
375 659 2
376 619 2
376 713 -2
376 768 -2
376 531 2
376 566 2
376 646 -2
376 393 -2
376 614 -2
376 737 2
376 467 2
376 549 2
376 483 -2
376 635 -2
376 484 2
376 663 2
376 645 2
376 755 -2
376 669 2
376 709 -2
376 694 -2
376 482 -2
376 701 2
376 382 -2
377 713 -2
377 644 -2
377 484 2
377 654 -2
377 554 2
377 634 2
377 425 -2
377 726 2
377 441 -2
377 645 -2
377 486 2
377 547 -2
377 538 -2
377 387 -2
377 631 -2
377 637 2
377 399 -2
377 796 -2
377 613 2
377 700 -2
377 709 2
377 497 2
377 690 -2
377 747 -2
377 475 2
377 407 -2
377 386 -2
377 612 -2
377 585 2
377 455 2
377 520 -2
377 729 2
378 576 2
378 526 -2
378 666 2
378 596 2
378 650 -2
378 736 -2
378 640 -2
378 450 2
378 486 2
378 608 -2
378 457 -2
378 411 2
378 637 -2
378 766 2
378 431 -2
378 688 -2
378 471 2
378 475 -2
378 379 2
378 480 2
378 773 -2
379 396 2
379 677 -2
379 656 -2
379 778 -2
379 536 -2
379 529 2
379 409 -2
379 727 2
379 787 -2
379 600 -2
379 542 2
379 509 -2
379 654 2
379 728 2
379 744 2
379 517 -2
379 675 -2
379 586 2
379 755 2
379 697 2
379 621 2
379 589 -2
379 513 2
379 534 -2
379 609 -2
379 599 -2
379 783 2
379 618 2
379 632 2
379 737 -2
379 619 -2
379 473 -2
380 432 -2
380 603 -2
380 764 2
380 393 -2
380 452 -2
380 507 -2
380 606 -2
380 731 -2
380 407 2
380 751 2
380 576 2
380 504 -2
380 636 -2
380 661 -2
380 698 -2
380 556 2
380 548 -2
380 563 -2
380 727 -2
380 601 2
380 460 2
381 437 -2
381 706 2
381 523 2
381 721 -2
381 482 2
381 457 -2
381 425 -2
381 543 2
381 479 2
381 409 -2
381 716 -2
381 445 2
381 670 -2
381 592 -2
381 567 -2
381 528 -2
381 548 2
381 694 -2
381 486 -2
381 475 -2
381 789 -2
381 690 2
381 635 2
381 517 2
381 562 2
381 558 -2
382 474 2
382 764 2
382 703 -2
382 491 2
382 533 -2
382 791 2
382 545 2
382 686 2
382 434 -2
382 488 -2
382 590 -2
382 546 2
382 397 2
382 617 2
382 771 -2
382 411 -2
382 534 -2
382 415 -2
382 500 2
382 593 -2
382 435 -2
382 684 2
382 572 -2
382 522 -2
382 744 2
383 419 2
383 722 2
383 759 -2
383 429 2
383 539 2
383 503 2
383 485 2
383 609 -2
383 504 -2
383 488 2
383 473 2
383 793 2
383 462 2
383 626 -2
383 629 -2
383 573 2
383 753 2
383 456 -2
383 509 -2
383 757 -2
383 777 2
383 417 -2
383 788 2
383 754 2
383 733 2
383 798 2
383 386 -2
383 748 2
383 427 2
383 588 2
383 689 2
383 699 -2
383 568 -2
384 460 -2
384 587 -2
384 798 2
384 420 -2
384 421 2
384 503 2
384 797 -2
384 551 -2
384 792 -2
384 628 2
384 783 2
384 572 2
384 659 -2
384 763 2
384 627 2
384 793 -2
384 788 2
384 749 2
384 715 -2
385 471 -2
385 714 2
385 421 -2
385 521 2
385 443 -2
385 652 2
385 591 -2
385 623 -2
385 472 2
385 776 -2
385 631 2
385 540 -2
385 752 -2
385 737 2
385 765 -2
385 650 -2
385 550 2
385 488 -2
385 397 2
385 447 2
385 555 2
385 468 2
385 470 2
385 427 2
385 618 -2
385 675 2
386 642 2
386 607 -2
386 677 2
386 550 2
386 791 2
386 499 2
386 449 -2
386 539 2
386 505 2
386 695 -2
386 797 2
386 421 2
386 672 -2
386 650 -2
386 660 -2
386 420 -2
386 772 -2
386 408 -2
386 509 2
386 516 -2
386 714 2
386 547 2
386 763 2
386 464 -2
386 455 -2
386 598 2
386 626 2
386 737 2
386 606 -2
386 422 -2
387 579 2
387 619 -2
387 652 2
387 546 -2
387 626 2
387 428 2
387 618 2
387 719 -2
387 478 2
387 629 2
387 584 -2
387 749 -2
387 515 2
387 695 2
387 485 -2
387 766 -2
387 781 2
387 498 2
387 712 2
387 702 2
387 566 -2
387 535 -2
387 655 -2
387 680 -2
387 476 -2
387 610 -2
387 484 -2
387 526 -2
387 550 2
387 532 -2
387 768 -2
387 752 2
387 761 2
387 395 2
387 536 2
387 693 2
388 470 2
388 431 -2
388 421 -2
388 489 -2
388 651 -2
388 554 -2
388 750 2
388 644 2
388 778 2
388 429 2
388 549 2
388 514 -2
388 713 2
388 515 2
388 422 2
388 540 2
388 606 -2
388 504 2
388 648 2
388 517 2
388 662 -2
388 419 -2
388 610 2
388 565 -2
388 488 -2
388 407 -2
388 763 -2
388 752 -2
388 605 -2
388 520 -2
389 488 2
389 423 -2
389 720 2
389 651 -2
389 680 -2
389 463 2
389 569 2
389 414 2
389 777 -2
389 763 -2
389 593 2
389 797 2
389 701 2
389 422 -2
389 624 -2
389 406 2
389 587 2
389 505 2
389 462 2
389 565 -2
389 726 2
389 741 -2
389 404 2
389 623 -2
389 442 -2
390 688 2
390 590 -2
390 743 2
390 635 2
390 464 2
390 748 2
390 461 2
390 525 -2
390 615 -2
390 468 2
390 763 2
390 559 2
390 556 -2
390 426 2
390 611 -2
390 617 -2
390 607 -2
390 504 2
390 508 -2
390 438 -2
390 472 2
390 709 -2
390 503 2
390 796 2
390 553 -2
390 626 -2
390 767 2
391 660 2
391 554 2
391 407 2
391 668 -2
391 725 2
391 751 2
391 539 -2
391 562 -2
391 635 2
391 634 2
391 565 -2
391 567 2
391 611 2
391 764 -2
391 682 -2
391 700 2
391 409 2
391 540 2
391 712 -2
391 776 -2
391 395 -2
391 665 2
391 784 -2
391 581 -2
392 693 2
392 748 2
392 528 2
392 723 -2
392 675 -2
392 431 -2
392 547 2
392 538 -2
392 719 2
392 396 -2
392 799 2
392 573 -2
392 705 2
392 612 -2
392 670 -2
392 606 2
392 709 -2
392 451 -2
392 455 2
392 480 2
392 766 2
392 650 -2
393 461 -2
393 700 2
393 750 2
393 597 -2
393 753 2
393 764 -2
393 740 2
393 432 -2
393 607 -2
393 529 2
393 539 -2
393 744 2
393 618 -2
393 790 -2
393 521 2
393 406 2
393 628 2
393 635 -2
393 457 -2
393 691 2
393 757 2
393 737 2
394 686 2
394 678 2
394 422 -2
394 481 2
394 527 -2
394 655 -2
394 480 -2
394 606 -2
394 581 -2
394 428 2
394 523 -2
394 783 -2
394 636 -2
394 464 2
394 537 -2
394 501 -2
394 711 -2
394 546 2
394 760 -2
394 539 -2
394 437 -2
394 621 2
394 445 -2
394 743 -2
394 683 -2
394 580 2
394 719 -2
394 698 -2
394 638 -2
394 408 -2
395 669 2
395 531 -2
395 652 2
395 640 2
395 466 -2
395 725 2
395 458 2
395 435 -2
395 502 -2
395 753 -2
395 517 -2
395 420 -2
395 460 -2
395 542 2
395 700 -2
395 474 -2
395 697 -2
395 446 2
395 685 -2
395 624 2
395 407 2
395 698 -2
395 562 -2
395 396 2
395 415 -2
395 633 2
395 400 2
395 483 2
395 566 2
395 411 -2
396 409 2
396 578 2
396 680 2
396 752 2
396 422 2
396 553 2
396 666 2
396 504 -2
396 507 2
396 547 -2
396 759 -2
396 572 2
396 462 2
396 719 -2
396 435 2
396 605 2
396 748 2
396 557 -2
396 656 2
396 438 2
396 467 -2
397 794 2
397 626 -2
397 766 2
397 409 2
397 660 2
397 679 2
397 421 2
397 644 -2
397 736 2
397 545 2
397 551 -2
397 787 -2
397 617 -2
397 610 -2
397 428 2
397 635 -2
397 554 -2
397 650 2
397 695 2
397 671 -2
397 485 -2
397 734 2
397 588 2
397 753 2
397 454 2
397 744 -2
397 507 2
397 417 2
398 756 -2
398 749 2
398 556 -2
398 465 2
398 712 2
398 572 -2
398 488 2
398 544 -2
398 489 -2
398 423 -2
398 486 2
398 753 2
398 688 2
398 614 -2
398 557 -2
398 652 2
398 463 2
398 738 2
398 505 -2
398 655 2
398 722 -2
398 547 2
398 444 2
399 565 -2
399 653 2
399 537 2
399 587 2
399 751 2
399 698 2
399 637 2
399 636 -2
399 434 -2
399 568 2
399 572 2
399 411 -2
399 418 -2
399 773 -2
399 713 -2
399 648 2
399 556 2
399 623 2
399 774 -2
399 647 2
399 731 2
399 786 2
399 424 -2
399 640 -2
400 626 -2
400 488 -2
400 567 -2
400 703 2
400 453 -2
400 619 2
400 592 -2
400 637 2
400 489 2
400 584 -2
400 708 -2
400 635 -2
400 535 2
400 451 2
400 615 -2
400 660 2
400 493 -2
400 506 -2
400 452 -2
400 788 2
400 755 2
400 485 -2
400 625 -2
400 467 -2
401 523 -2
401 691 -2
401 578 -2
401 529 2
401 726 2
401 633 2
401 545 -2
401 402 2
401 569 -2
401 460 2
401 513 2
401 565 2
401 730 2
401 709 -2
401 455 2
401 579 -2
401 464 -2
401 483 -2
401 683 2
401 430 -2
401 567 -2
401 668 -2
401 504 -2
402 417 2
402 685 2
402 657 2
402 542 -2
402 592 -2
402 501 2
402 594 -2
402 440 2
402 457 2
402 605 2
402 698 -2
402 725 -2
402 676 -2
402 791 -2
402 750 2
402 499 2
402 465 -2
402 462 2
402 630 2
402 593 2
402 796 -2
402 509 -2
403 789 -2
403 592 2
403 414 -2
403 760 -2
403 421 2
403 444 -2
403 675 2
403 687 2
403 577 2
403 669 2
403 761 2
403 583 2
403 600 2
403 692 -2
403 599 -2
403 639 2
403 424 2
403 406 -2
403 430 2
403 773 2
403 636 -2
403 550 -2
403 614 -2
403 620 2
403 420 2
404 629 -2
404 729 -2
404 622 -2
404 757 2
404 695 2
404 596 -2
404 798 2
404 749 2
404 792 2
404 580 2
404 433 2
404 405 2
404 696 2
404 422 2
404 607 -2
404 620 2
404 706 2
404 649 2
404 647 -2
404 471 2
404 769 2
404 477 2
405 491 2
405 620 -2
405 697 -2
405 494 -2
405 694 -2
405 554 -2
405 662 2
405 577 -2
405 496 2
405 412 2
405 560 2
405 427 -2
405 683 -2
405 519 -2
405 710 -2
405 530 -2
405 571 2
405 589 -2
405 539 -2
405 550 2
405 771 -2
405 534 -2
405 599 -2
405 520 -2
405 603 2
405 658 -2
405 634 2
406 566 -2
406 418 2
406 461 2
406 685 -2
406 611 2
406 739 2
406 774 2
406 644 2
406 527 -2
406 776 2
406 763 -2
406 502 2
406 756 2
406 569 -2
406 743 2
406 697 2
407 485 -2
407 587 2
407 562 -2
407 585 -2
407 693 2
407 491 -2
407 620 -2
407 418 -2
407 556 2
407 528 2
407 618 2
407 673 -2
407 789 -2
407 756 -2
407 570 2
407 606 2
407 625 -2
407 772 -2
407 666 2
407 565 2
407 611 -2
407 479 2
407 731 2
407 778 2
407 677 -2
407 439 2
407 523 2
407 705 -2
407 473 2
407 502 -2
407 769 2
407 699 2
407 539 2
407 549 -2
407 776 -2
407 470 -2
407 635 2
408 416 -2
408 656 -2
408 770 2
408 530 -2
408 652 -2
408 708 -2
408 700 -2
408 503 2
408 456 2
408 792 -2
408 557 2
408 484 -2
408 616 2
408 564 2
408 796 -2
408 426 -2
408 596 -2
408 494 2
408 721 -2
408 575 2
408 526 -2
408 782 -2
408 424 -2
408 473 -2
409 583 -2
409 741 2
409 440 2
409 767 2
409 589 2
409 778 -2
409 433 2
409 451 -2
409 635 -2
409 626 2
409 664 2
409 412 2
409 448 2
409 725 -2
409 430 2
409 420 -2
409 708 2
409 662 2
409 463 2
409 590 2
409 429 -2
409 549 -2
409 761 -2
410 610 2
410 546 2
410 767 2
410 557 2
410 774 2
410 416 -2
410 521 2
410 449 2
410 510 2
410 540 -2
410 735 2
410 500 2
410 797 2
410 544 -2
410 482 -2
410 795 2
410 598 2
410 563 -2
410 662 -2
410 428 2
410 436 -2
410 782 2
410 716 -2
410 699 2
410 430 2
410 599 -2
410 731 -2
411 450 -2
411 723 2
411 620 -2
411 637 2
411 788 -2
411 752 2
411 481 -2
411 516 -2
411 636 2
411 746 2
411 547 -2
411 663 -2
411 654 -2
411 730 -2
411 592 -2
411 425 2
411 536 2
411 546 2
411 519 -2
411 567 -2
411 568 2
412 753 -2
412 747 2
412 551 -2
412 696 -2
412 623 2
412 471 2
412 762 2
412 546 2
412 416 -2
412 691 -2
412 495 -2
412 677 -2
412 432 -2
412 415 -2
412 707 -2
412 775 2
412 705 2
412 600 -2
412 643 2
412 670 -2
412 462 2
412 427 2
412 752 -2
412 624 2
413 573 2
413 585 -2
413 793 2
413 631 2
413 623 2
413 553 2
413 414 2
413 785 -2
413 463 2
413 593 2
413 632 2
413 587 2
413 531 -2
413 489 2
413 497 2
413 514 -2
413 770 2
413 669 2
413 425 -2
414 785 2
414 601 2
414 786 2
414 690 2
414 729 -2
414 502 2
414 429 -2
414 598 -2
414 489 2
414 418 -2
414 757 2
414 745 -2
414 578 -2
414 656 -2
414 754 2
414 582 2
414 493 2
414 542 2
414 613 2
414 676 2
414 590 -2
414 572 2
414 684 2
415 716 -2
415 636 2
415 772 -2
415 435 -2
415 417 2
415 582 -2
415 597 2
415 777 2
415 653 2
415 590 -2
415 581 -2
415 660 -2
415 657 -2
415 687 -2
415 462 2
415 473 2
415 513 2
415 583 -2
415 728 -2
415 651 -2
415 533 -2
415 634 -2
415 607 2
415 563 2
415 501 -2
415 616 2
415 578 -2
415 479 -2
415 686 -2
415 456 2
416 786 2
416 652 -2
416 693 2
416 707 2
416 550 2
416 725 -2
416 440 2
416 474 2
416 651 2
416 742 -2
416 699 -2
416 448 2
416 658 2
417 721 2
417 556 -2
417 484 2
417 639 2
417 523 -2
417 513 -2
417 447 -2
417 496 -2
417 608 2
417 636 -2
417 689 2
417 596 2
417 486 2
417 732 2
417 663 2
417 696 2
417 629 2
417 733 -2
417 731 2
417 697 2
417 692 2
417 494 2
417 674 2
417 613 2
418 786 2
418 603 -2
418 447 2
418 732 -2
418 708 2
418 791 2
418 795 2
418 700 2
418 709 -2
418 556 -2
418 663 -2
418 542 -2
418 551 2
418 536 -2
418 637 2
418 631 2
418 725 -2
418 460 -2
418 585 -2
418 659 -2
418 703 -2
418 420 2
418 616 2
418 520 2
418 588 2
418 754 -2
418 531 -2
418 741 2
418 574 -2
418 483 2
418 772 2
418 604 2
419 602 2
419 550 2
419 796 2
419 748 -2
419 720 2
419 513 2
419 600 2
419 681 2
419 488 2
419 784 -2
419 527 2
419 635 -2
419 538 2
419 614 -2
419 528 2
419 576 2
419 648 2
420 758 -2
420 711 -2
420 768 -2
420 672 2
420 609 2
420 539 2
420 502 -2
420 709 2
420 461 -2
420 498 -2
420 591 -2
420 514 2
420 606 2
420 737 2
420 782 -2
420 516 2
420 444 2
420 771 -2
420 689 2
420 621 -2
420 626 2
420 746 -2
420 694 -2
420 637 2
420 788 2
421 702 2
421 618 2
421 552 -2
421 639 -2
421 541 -2
421 772 2
421 504 2
421 715 2
421 707 -2
421 593 2
421 646 -2
421 751 -2
421 514 -2
421 479 2
421 540 -2
421 477 2
421 530 -2
421 786 2
421 630 2
421 757 -2
421 482 -2
421 664 2
422 470 -2
422 621 2
422 454 -2
422 702 -2
422 444 -2
422 545 -2
422 769 -2
422 714 -2
422 456 -2
422 681 2
422 583 -2
422 796 2
422 786 -2
422 551 -2
422 501 -2
422 436 -2
422 689 2
422 502 -2
422 712 -2
422 696 -2
422 446 -2
422 574 2
422 797 2
422 577 -2
422 506 -2
422 524 -2
422 562 -2
422 787 2
422 744 -2
422 554 2
423 667 2
423 446 2
423 786 -2
423 504 2
423 615 -2
423 799 -2
423 594 2
423 723 2
423 647 -2
423 443 2
423 545 2
423 538 -2
423 601 -2
423 506 2
423 571 2
423 720 -2
423 709 -2
423 564 2
423 447 2
423 617 2
423 544 -2
423 788 -2
423 428 2
423 746 -2
423 437 2
423 426 2
423 431 2
423 759 2
423 492 -2
423 737 -2
423 489 2
424 633 -2
424 703 2
424 514 2
424 529 -2
424 569 -2
424 709 2
424 558 2
424 488 2
424 696 -2
424 677 2
424 733 2
424 793 -2
424 563 2
424 789 2
424 477 2
424 734 2
424 656 -2
424 425 -2
424 787 2
424 613 -2
424 740 2
424 446 -2
424 630 -2
424 713 2
424 758 -2
424 678 2
424 436 2
424 526 2
424 624 -2
425 685 -2
425 626 2
425 460 2
425 786 -2
425 598 2
425 435 -2
425 669 -2
425 593 2
425 734 2
425 677 2
425 536 -2
425 625 2
425 753 -2
425 627 2
425 656 -2
425 699 2
425 746 2
425 562 -2
425 766 -2
425 558 -2
425 784 2
425 473 -2
425 624 -2
425 430 -2
425 559 2
425 754 -2
425 647 2
425 486 2
425 448 2
425 722 -2
425 764 -2
426 572 2
426 649 2
426 736 -2
426 561 2
426 685 2
426 717 2
426 582 -2
426 761 2
426 642 2
426 645 2
426 502 2
426 605 -2
426 574 2
426 492 -2
426 526 2
426 749 2
426 760 -2
426 702 2
426 786 2
426 625 2
426 668 -2
426 734 -2
427 679 -2
427 685 -2
427 763 -2
427 712 -2
427 452 2
427 563 2
427 613 -2
427 598 -2
427 587 -2
427 591 -2
427 612 -2
427 732 -2
427 537 -2
427 785 2
427 509 2
427 617 2
427 745 -2
428 698 2
428 736 -2
428 622 -2
428 558 2
428 545 2
428 524 -2
428 684 2
428 615 -2
428 433 2
428 797 -2
428 504 2
428 580 -2
428 666 -2
429 612 2
429 620 -2
429 547 -2
429 725 -2
429 580 2
429 504 -2
429 532 2
429 483 -2
429 458 2
429 538 -2
429 669 -2
429 531 -2
429 588 2
429 667 -2
429 530 2
429 696 2
429 778 2
429 573 2
429 518 -2
429 705 2
429 656 2
429 748 2
429 559 2
429 583 2
429 546 -2
429 781 -2
430 610 -2
430 615 2
430 683 -2
430 754 -2
430 582 -2
430 546 2
430 452 -2
430 588 -2
430 768 2
430 654 2
430 752 -2
430 487 2
430 761 2
430 764 -2
430 740 2
430 792 2
430 773 2
430 721 2
430 573 -2
430 729 2
430 556 2
431 532 -2
431 794 -2
431 572 2
431 633 -2
431 470 2
431 597 2
431 629 -2
431 797 2
431 483 -2
431 704 -2
431 575 2
431 689 2
431 666 -2
431 588 -2
431 658 2
431 582 -2
431 741 2
431 583 -2
431 775 2
431 755 -2
431 733 2
431 467 -2
431 638 -2
431 556 -2
431 695 -2
431 444 2
432 491 2
432 484 2
432 613 2
432 721 -2
432 738 -2
432 591 2
432 748 2
432 463 -2
432 686 2
432 553 2
432 550 2
432 511 -2
432 725 -2
432 673 -2
432 764 -2
432 538 -2
432 529 2
432 448 -2
432 795 -2
432 582 -2
432 554 2
432 712 2
432 547 -2
432 648 -2
432 520 2
432 708 -2
432 709 2
432 555 -2
432 731 2
432 587 2
432 557 -2
433 727 2
433 630 -2
433 575 -2
433 561 -2
433 647 2
433 678 -2
433 603 2
433 447 2
433 615 -2
433 692 2
433 699 -2
433 441 -2
433 606 -2
433 769 -2
433 731 2
433 795 2
433 598 2
434 760 -2
434 662 2
434 693 2
434 516 2
434 650 -2
434 649 2
434 653 -2
434 618 -2
434 784 -2
434 742 2
434 799 2
434 608 2
434 630 2
434 602 2
434 520 2
434 701 2
434 703 -2
434 542 -2
434 654 -2
434 789 2
434 766 -2
434 551 -2
435 515 2
435 732 -2
435 469 -2
435 621 -2
435 620 2
435 696 -2
435 661 2
435 541 -2
435 713 -2
435 793 2
435 705 2
435 714 2
435 451 -2
435 799 -2
436 470 -2
436 705 -2
436 601 -2
436 791 -2
436 466 -2
436 691 2
436 797 2
436 588 -2
436 661 -2
436 493 2
436 585 2
436 554 2
436 686 -2
436 543 2
436 644 2
436 642 2
436 684 -2
436 732 -2
436 575 -2
436 490 -2
437 560 2
437 438 -2
437 439 -2
437 577 2
437 583 2
437 570 -2
437 741 2
437 641 -2
437 799 -2
437 686 2
437 694 -2
437 565 -2
437 759 2
437 619 -2
437 631 2
437 553 -2
437 575 -2
437 692 2
438 718 2
438 697 2
438 614 2
438 445 2
438 526 2
438 441 -2
438 496 -2
438 733 2
438 631 -2
438 591 2
438 792 -2
438 637 -2
438 585 2
438 691 2
439 447 2
439 540 -2
439 682 -2
439 711 2
439 573 -2
439 480 -2
439 503 2
439 527 2
439 679 -2
439 736 2
439 455 -2
439 517 2
439 531 2
439 440 -2
439 528 2
439 582 2
439 597 2
439 550 -2
439 643 -2
439 609 -2
439 628 -2
439 554 -2
439 685 -2
439 452 -2
440 555 -2
440 476 -2
440 658 -2
440 719 2
440 452 -2
440 500 -2
440 465 2
440 699 2
440 522 2
440 796 -2
440 640 -2
440 592 2
440 680 -2
440 559 2
440 645 -2
440 773 2
440 514 -2
440 490 2
440 509 2
440 504 -2
440 568 -2
441 789 -2
441 642 -2
441 758 2
441 545 -2
441 559 -2
441 666 -2
441 597 -2
441 729 2
441 705 -2
441 538 2
441 661 2
441 702 -2
441 535 2
441 678 -2
441 605 -2
441 488 2
441 544 2
441 496 2
441 795 2
441 762 2
441 760 2
441 670 -2
442 722 2
442 707 -2
442 696 -2
442 517 -2
442 487 -2
442 452 2
442 486 -2
442 600 2
442 515 -2
442 772 2
442 630 2
442 656 -2
442 538 -2
442 746 -2
442 620 2
442 478 2
442 507 -2
442 503 2
443 748 -2
443 679 -2
443 697 2
443 451 -2
443 566 2
443 721 2
443 674 -2
443 594 -2
443 690 2
443 654 2
443 706 2
443 610 2
443 558 -2
443 645 2
443 446 -2
443 784 2
443 486 2
443 632 -2
443 528 -2
443 736 -2
444 552 2
444 756 -2
444 649 2
444 654 -2
444 736 2
444 523 -2
444 714 -2
444 721 -2
444 530 2
444 760 2
444 669 -2
444 665 -2
444 543 -2
444 497 -2
444 446 -2
444 772 -2
444 503 2
444 534 -2
444 469 2
444 629 -2
444 790 -2
445 793 -2
445 510 2
445 570 -2
445 672 2
445 656 -2
445 648 -2
445 756 -2
445 483 -2
445 639 2
445 491 -2
445 501 2
445 530 2
445 657 2
445 528 2
445 617 2
445 682 2
445 673 2
445 493 2
445 799 2
445 759 2
446 629 2
446 723 2
446 497 -2
446 670 -2
446 724 -2
446 574 -2
446 582 -2
446 784 -2
446 705 -2
446 587 2
446 649 2
446 471 -2
446 467 2
446 594 2
446 742 -2
446 509 2
446 448 -2
446 761 2
446 774 2
446 586 2
446 457 -2
446 655 -2
446 477 -2
447 664 2
447 677 2
447 773 -2
447 528 2
447 476 2
447 680 2
447 492 -2
447 723 2
447 640 2
447 676 -2
447 587 -2
447 460 -2
447 606 -2
447 669 2
447 502 2
447 683 2
447 497 2
447 549 2
447 652 2
447 775 -2
447 509 2
447 470 -2
447 624 -2
447 692 2
447 597 -2
447 712 2
448 737 -2
448 650 2
448 621 2
448 505 2
448 654 -2
448 481 -2
448 579 2
448 565 2
448 516 -2
448 659 -2
448 624 -2
448 612 -2
448 641 2
448 595 -2
448 518 2
448 705 2
448 610 2
448 733 -2
449 725 -2
449 573 -2
449 522 -2
449 561 2
449 636 -2
449 540 2
449 752 2
449 567 2
449 528 2
449 780 -2
449 696 -2
449 707 2
449 462 2
449 594 2
449 669 2
449 499 -2
449 529 -2
449 699 -2
449 456 -2
449 487 2
450 600 2
450 656 2
450 559 2
450 516 2
450 460 2
450 645 2
450 749 -2
450 758 -2
450 670 -2
450 563 -2
450 455 -2
450 521 -2
450 629 2
450 614 -2
450 506 -2
450 680 -2
450 743 -2
450 511 2
450 711 -2
450 766 2
450 457 2
450 772 -2
451 649 2
451 526 -2
451 509 2
451 696 2
451 622 2
451 746 2
451 708 -2
451 749 -2
451 522 2
451 503 2
451 523 2
451 586 2
451 507 -2
451 512 2
451 546 2
451 579 -2
451 718 2
451 678 -2
451 568 2
452 540 -2
452 722 2
452 483 -2
452 571 -2
452 554 2
452 562 2
452 510 -2
452 572 2
452 596 -2
452 627 -2
452 680 2
452 458 -2
452 496 -2
452 720 -2
452 595 2
452 679 2
452 620 -2
452 472 -2
452 618 2
452 550 2
452 747 -2
452 644 -2
452 626 -2
453 531 -2
453 683 2
453 651 -2
453 649 2
453 647 -2
453 750 2
453 693 -2
453 590 2
453 617 -2
453 605 2
453 765 -2
453 526 2
453 481 -2
453 602 -2
453 510 2
453 708 -2
453 629 -2
453 544 2
453 523 2
453 675 -2
453 733 -2
453 799 -2
454 458 -2
454 566 -2
454 560 -2
454 718 2
454 785 -2
454 478 -2
454 556 -2
454 767 -2
454 676 2
454 456 2
454 788 -2
454 731 -2
454 677 -2
454 764 -2
454 642 2
454 616 2
454 786 -2
454 500 2
454 795 -2
455 607 -2
455 554 -2
455 744 2
455 629 2
455 515 2
455 590 -2
455 685 2
455 524 2
455 485 -2
455 518 2
455 585 2
455 729 -2
455 533 2
455 553 2
455 594 -2
455 456 -2
455 698 2
455 494 -2
455 641 -2
455 671 -2
455 501 -2
455 630 -2
455 619 -2
455 701 -2
455 726 -2
455 642 2
455 752 2
455 639 2
455 679 2
455 457 2
455 797 -2
456 704 2
456 627 -2
456 595 -2
456 725 -2
456 727 -2
456 574 2
456 570 2
456 527 -2
456 765 2
456 785 2
456 558 -2
456 479 2
456 510 -2
456 779 -2
456 699 -2
456 749 2
456 533 2
456 466 -2
456 772 -2
456 668 2
456 612 -2
456 537 2
456 752 2
456 593 -2
456 799 -2
456 739 2
457 574 2
457 610 2
457 737 -2
457 548 -2
457 781 2
457 494 -2
457 615 -2
457 543 -2
457 731 -2
457 486 2
457 481 -2
457 542 2
457 559 2
457 612 2
457 476 2
457 630 -2
457 585 -2
458 548 -2
458 778 2
458 627 2
458 719 -2
458 566 -2
458 677 -2
458 674 2
458 716 -2
458 613 -2
458 770 2
458 648 -2
458 702 -2
458 536 2
458 526 -2
458 715 2
458 792 2
458 632 2
458 643 2
458 798 -2
458 485 2
458 685 2
458 697 -2
458 461 -2
459 629 2
459 516 2
459 532 -2
459 554 -2
459 474 2
459 664 -2
459 619 -2
459 468 2
459 635 2
459 507 2
459 795 -2
459 511 -2
459 774 2
459 772 -2
459 535 -2
459 798 -2
459 701 2
459 672 -2
459 769 2
459 518 2
459 589 2
459 551 2
459 707 -2
459 482 -2
459 658 -2
459 669 2
459 540 -2
459 757 -2
460 733 -2
460 564 2
460 608 -2
460 792 2
460 641 -2
460 669 2
460 612 2
460 665 2
460 528 2
460 590 -2
460 770 2
460 546 2
460 632 -2
460 523 -2
460 467 2
460 655 -2
460 538 2
460 563 2
460 585 -2
460 618 -2
460 693 2
461 469 2
461 620 2
461 796 2
461 682 2
461 613 -2
461 785 2
461 626 -2
461 762 -2
461 624 -2
461 482 -2
461 605 2
461 581 2
461 462 -2
461 610 2
461 706 -2
461 738 -2
461 467 2
462 789 -2
462 512 -2
462 552 -2
462 653 -2
462 722 -2
462 619 -2
462 472 -2
462 764 -2
462 776 -2
462 664 -2
462 718 -2
462 668 -2
462 732 2
462 609 2
462 473 2
462 704 -2
462 480 -2
462 555 -2
462 705 2
463 466 -2
463 691 -2
463 678 2
463 538 2
463 561 2
463 660 -2
463 749 2
463 685 -2
463 692 -2
463 656 -2
463 558 2
463 523 -2
463 760 2
463 734 2
463 540 2
463 704 2
463 607 -2
463 687 2
463 526 2
463 505 -2
463 639 -2
464 696 -2
464 561 -2
464 468 -2
464 782 2
464 765 -2
464 567 2
464 606 -2
464 517 -2
464 493 2
464 749 -2
464 625 2
464 746 2
464 559 2
464 519 2
464 685 -2
464 523 2
464 756 -2
464 542 -2
464 543 2
464 790 -2
464 680 2
464 730 2
465 575 2
465 589 2
465 779 2
465 581 2
465 666 -2
465 724 -2
465 645 -2
465 604 2
465 598 -2
465 504 -2
465 623 -2
465 786 2
465 702 2
465 552 -2
465 477 2
465 606 2
465 651 2
466 681 2
466 715 -2
466 583 -2
466 661 2
466 699 -2
466 672 2
466 684 2
466 605 2
466 761 2
466 477 2
466 539 2
466 696 -2
466 658 2
466 698 2
466 501 -2
466 754 -2
466 561 -2
466 703 -2
466 771 -2
467 760 2
467 546 -2
467 572 2
467 560 2
467 737 2
467 613 -2
467 522 2
467 536 2
467 588 2
467 689 2
467 565 -2
467 471 2
467 740 2
467 664 -2
467 676 2
467 646 2
467 541 2
467 475 2
467 749 -2
467 657 2
467 650 -2
467 592 -2
467 642 2
467 518 -2
467 563 -2
467 637 -2
467 624 -2
467 658 2
467 549 2
467 761 2
468 551 2
468 492 -2
468 712 -2
468 756 -2
468 697 2
468 645 2
468 625 -2
468 639 -2
468 619 2
468 517 -2
468 616 2
468 633 -2
468 715 2
468 644 -2
468 604 2
469 725 2
469 718 -2
469 612 -2
469 780 -2
469 638 -2
469 702 2
469 784 2
469 608 2
469 736 2
469 641 -2
469 652 -2
469 520 -2
469 556 2
469 528 2
469 692 2
469 532 2
469 708 -2
469 640 -2
469 624 2
469 741 -2
470 580 -2
470 515 2
470 739 2
470 774 2
470 712 2
470 790 -2
470 540 2
470 478 2
470 595 -2
470 727 -2
470 713 2
470 734 -2
470 581 -2
470 636 2
470 719 2
470 794 -2
470 718 -2
470 643 -2
470 666 -2
470 625 2
470 758 2
471 666 2
471 519 -2
471 713 2
471 655 -2
471 726 -2
471 618 -2
471 759 2
471 728 -2
471 501 2
471 698 -2
471 528 -2
471 475 -2
471 489 2
471 601 2
471 557 -2
471 794 2
472 659 2
472 689 2
472 660 -2
472 770 -2
472 621 2
472 722 2
472 645 -2
472 588 -2
472 760 2
472 528 -2
472 490 2
472 740 2
472 624 -2
472 734 -2
473 732 -2
473 586 2
473 605 2
473 594 -2
473 624 2
473 722 -2
473 749 -2
473 606 -2
473 503 2
473 601 -2
473 768 2
473 610 2
473 705 2
473 709 -2
473 756 2
473 674 2
473 497 2
473 728 2
473 619 2
473 559 -2
473 550 -2
473 680 -2
473 727 2
473 486 2
474 510 -2
474 699 2
474 524 -2
474 681 -2
474 558 2
474 576 2
474 772 2
474 522 2
474 565 -2
474 602 -2
474 540 -2
474 632 -2
474 712 2
474 680 -2
474 782 -2
474 546 2
474 685 2
474 635 -2
474 769 -2
474 734 -2
474 622 -2
474 763 -2
475 531 2
475 516 -2
475 707 2
475 561 2
475 535 2
475 584 2
475 524 -2
475 487 2
475 517 -2
475 660 -2
475 510 2
475 542 2
475 589 2
475 776 2
475 549 2
475 612 2
476 575 2
476 707 -2
476 788 2
476 548 2
476 688 -2
476 660 -2
476 567 -2
476 589 2
476 698 2
476 634 -2
476 729 -2
476 619 -2
476 770 2
476 565 -2
476 521 2
476 611 2
476 686 -2
476 747 -2
477 727 -2
477 633 -2
477 756 2
477 644 -2
477 752 2
477 546 2
477 705 2
477 718 2
477 791 2
477 777 -2
477 537 2
477 540 2
477 746 -2
477 789 -2
477 670 -2
477 678 2
477 739 2
477 611 2
477 519 2
477 640 -2
477 688 2
477 758 -2
477 619 2
478 719 -2
478 569 -2
478 796 2
478 481 2
478 674 2
478 708 2
478 778 2
478 690 -2
478 615 -2
478 553 -2
478 701 2
478 482 2
478 509 2
478 779 -2
478 725 -2
478 637 -2
479 543 2
479 520 -2
479 677 -2
479 618 -2
479 708 2
479 481 -2
479 634 2
479 787 -2
479 604 -2
479 605 2
479 487 -2
479 756 -2
479 719 2
479 694 -2
479 746 2
479 640 -2
479 759 2
479 749 2
479 649 -2
479 610 -2
479 527 -2
479 588 2
480 766 2
480 618 -2
480 670 -2
480 682 2
480 697 -2
480 598 -2
480 643 2
480 624 2
480 567 -2
480 776 -2
480 549 -2
480 699 2
480 789 2
480 594 -2
480 787 -2
480 775 2
480 674 2
480 513 -2
480 736 -2
480 733 -2
480 547 -2
480 725 -2
481 686 2
481 631 2
481 564 -2
481 485 2
481 667 -2
481 550 -2
481 548 -2
481 529 -2
481 577 -2
481 561 2
481 796 -2
481 488 2
481 608 -2
481 633 2
481 621 2
481 744 -2
481 579 2
481 626 2
481 575 2
481 721 -2
481 758 -2
481 662 2
482 541 2
482 652 2
482 785 -2
482 610 -2
482 766 -2
482 756 2
482 521 -2
482 524 2
482 535 2
482 602 2
482 580 -2
482 653 2
482 725 -2
482 734 -2
482 687 -2
482 776 2
482 695 2
482 675 2
482 537 2
482 642 -2
482 748 2
482 592 -2
483 747 2
483 640 2
483 763 2
483 715 -2
483 648 -2
483 541 2
483 675 -2
483 524 -2
483 616 2
483 753 -2
483 566 -2
483 767 -2
483 526 2
483 661 -2
483 597 -2
483 596 -2
484 578 2
484 602 2
484 515 -2
484 521 2
484 774 -2
484 666 2
484 719 2
484 796 -2
484 524 -2
484 787 -2
484 624 2
484 620 2
484 582 2
484 532 2
484 496 -2
484 790 -2
484 629 2
484 789 -2
484 665 -2
484 538 2
485 571 -2
485 707 -2
485 550 2
485 663 -2
485 552 2
485 770 2
485 633 -2
485 498 2
485 543 2
485 512 2
485 751 -2
485 524 -2
485 789 2
485 797 2
486 648 2
486 764 -2
486 559 -2
486 517 -2
486 685 -2
486 750 -2
486 720 -2
486 752 2
486 777 2
486 688 2
486 576 -2
486 676 -2
486 619 -2
486 736 -2
486 652 -2
486 532 -2
486 699 2
486 530 -2
486 661 -2
486 679 2
486 667 2
486 675 -2
486 605 -2
486 726 -2
486 743 2
487 511 2
487 581 -2
487 710 2
487 779 2
487 492 -2
487 599 2
487 488 2
487 589 2
487 707 -2
487 542 -2
487 614 -2
487 787 -2
487 575 2
487 762 -2
487 497 -2
487 606 2
487 625 2
487 550 -2
487 503 2
487 499 2
487 534 2
487 617 2
487 514 -2
488 657 -2
488 523 2
488 661 2
488 572 -2
488 737 2
488 584 -2
488 621 2
488 777 -2
488 583 -2
488 539 2
488 746 2
488 614 -2
488 789 -2
488 609 -2
488 501 -2
488 552 -2
488 687 -2
488 689 2
489 608 -2
489 629 -2
489 741 -2
489 528 2
489 554 2
489 568 -2
489 790 -2
489 522 -2
489 591 -2
489 578 -2
489 597 2
489 798 2
489 625 2
489 729 2
489 552 -2
489 680 -2
489 566 -2
489 573 -2
489 709 -2
489 772 -2
489 580 -2
489 750 -2
489 724 2
489 502 -2
490 526 2
490 530 -2
490 685 -2
490 699 2
490 507 2
490 742 2
490 606 -2
490 780 -2
490 550 2
490 533 2
490 618 2
490 538 2
490 639 2
491 668 -2
491 782 2
491 758 -2
491 602 2
491 552 2
491 739 -2
491 679 2
491 670 2
491 636 2
491 623 2
491 582 -2
491 543 2
491 765 -2
491 547 2
492 779 2
492 758 2
492 671 -2
492 787 2
492 700 -2
492 744 -2
492 708 2
492 755 2
492 570 2
492 737 -2
492 777 2
492 776 2
492 516 2
492 759 2
492 713 2
492 577 2
492 536 -2
492 743 2
492 512 2
492 578 -2
493 517 2
493 628 -2
493 527 2
493 778 -2
493 539 -2
493 705 2
493 494 -2
493 738 -2
493 723 -2
493 673 -2
493 783 2
493 708 -2
493 533 -2
493 787 -2
493 605 2
493 788 2
493 766 2
494 673 2
494 546 -2
494 604 -2
494 747 2
494 632 -2
494 645 2
494 710 -2
494 757 2
494 719 -2
494 646 2
494 552 -2
494 701 -2
494 685 2
494 625 2
494 582 -2
495 625 2
495 796 -2
495 760 2
495 550 2
495 653 2
495 715 2
495 751 2
495 511 2
495 684 2
495 773 2
495 723 -2
495 648 2
495 779 2
495 766 2
495 783 2
495 772 -2
495 578 2
495 696 -2
495 727 -2
495 605 2
495 512 -2
496 761 2
496 683 2
496 780 2
496 521 2
496 542 2
496 505 -2
496 558 2
496 779 2
496 623 2
496 596 2
496 732 2
496 693 2
496 500 -2
496 744 2
496 685 -2
496 604 2
496 684 -2
496 718 -2
496 510 2
496 736 -2
496 772 2
496 670 2
497 507 2
497 720 2
497 612 -2
497 709 2
497 732 -2
497 567 2
497 581 -2
497 667 -2
497 571 2
497 673 -2
497 575 2
497 633 2
497 726 2
497 501 2
497 696 2
497 627 2
498 779 -2
498 771 2
498 673 2
498 738 2
498 607 -2
498 693 -2
498 777 2
498 633 -2
498 543 -2
498 659 2
498 658 2
498 664 -2
498 747 -2
498 676 2
498 564 -2
498 528 2
498 511 -2
498 521 -2
498 555 -2
498 591 -2
498 615 -2
499 742 2
499 787 2
499 586 -2
499 689 -2
499 680 2
499 652 2
499 623 2
499 686 2
499 781 2
499 575 2
499 505 2
499 753 2
499 507 -2
499 593 -2
499 566 -2
499 581 2
499 736 2
500 612 -2
500 765 -2
500 518 -2
500 545 2
500 648 2
500 714 2
500 654 2
500 510 -2
500 597 2
500 766 2
500 644 2
500 530 -2
500 522 -2
500 735 -2
500 588 -2
500 698 2
500 625 -2
500 528 2
500 793 -2
500 762 -2
500 696 -2
500 603 -2
501 602 2
501 768 -2
501 727 -2
501 600 -2
501 562 -2
501 548 -2
501 551 -2
501 752 2
501 707 2
501 540 -2
501 544 2
501 694 2
501 539 -2
501 586 2
501 751 2
501 583 -2
501 552 2
501 605 2
501 674 2
502 600 2
502 559 2
502 798 2
502 645 2
502 706 -2
502 679 2
502 693 2
502 520 -2
502 661 -2
502 601 2
502 506 2
502 763 -2
502 704 2
502 761 -2
502 571 -2
502 635 -2
502 723 2
502 724 -2
502 666 2
502 540 2
502 684 -2
502 508 -2
503 799 -2
503 534 2
503 537 2
503 635 -2
503 669 -2
503 659 -2
503 638 2
503 531 -2
503 651 -2
503 643 2
503 711 2
503 706 2
503 660 2
503 779 -2
503 641 2
503 565 -2
503 602 -2
504 665 -2
504 547 2
504 551 2
504 578 -2
504 574 2
504 760 2
504 783 -2
504 558 2
504 654 -2
504 663 -2
504 599 -2
504 631 2
504 657 2
504 667 2
504 604 -2
504 552 2
504 576 -2
505 668 -2
505 512 -2
505 686 2
505 617 -2
505 766 -2
505 598 -2
505 714 -2
505 799 -2
505 544 2
505 549 2
505 692 -2
505 642 -2
505 754 -2
505 763 -2
506 555 -2
506 611 2
506 573 -2
506 570 2
506 649 -2
506 788 2
506 744 -2
506 538 2
506 606 -2
506 793 2
506 586 2
506 616 2
506 702 -2
506 565 -2
506 797 2
506 771 2
506 679 -2
506 634 -2
507 732 -2
507 768 -2
507 566 2
507 588 -2
507 605 -2
507 770 -2
507 746 -2
507 745 -2
507 609 2
507 561 -2
507 652 -2
507 699 2
507 538 -2
507 515 2
507 603 -2
507 592 2
507 646 2
507 583 -2
507 754 2
507 536 2
507 721 -2
507 760 2
508 569 2
508 745 2
508 660 -2
508 557 -2
508 564 2
508 677 2
508 608 -2
508 521 -2
508 794 -2
508 697 2
508 764 -2
508 728 -2
508 546 2
508 615 -2
509 555 -2
509 576 -2
509 768 -2
509 593 2
509 648 2
509 530 2
509 741 -2
509 516 -2
509 582 -2
509 554 -2
509 533 2
509 792 2
509 515 -2
509 601 2
509 738 2
509 546 2
509 694 -2
509 525 -2
509 565 -2
509 640 -2
509 540 2
509 630 -2
509 779 -2
509 548 2
509 616 2
509 780 2
510 644 2
510 729 -2
510 623 2
510 626 2
510 515 2
510 742 -2
510 704 2
511 693 -2
511 547 2
511 662 -2
511 661 2
511 530 -2
511 676 2
511 574 2
511 512 2
511 734 2
511 660 2
511 765 -2
511 706 -2
511 769 2
511 548 -2
511 772 2
511 770 2
511 598 2
511 537 2
511 739 2
511 585 2
511 638 2
511 707 -2
511 671 -2
512 738 -2
512 742 -2
512 677 -2
512 654 2
512 789 2
512 785 2
512 754 -2
512 551 2
512 728 -2
513 600 -2
513 577 -2
513 748 -2
513 683 -2
513 763 -2
513 786 2
513 699 2
513 736 2
513 703 2
513 682 -2
513 785 2
513 560 -2
513 543 -2
513 521 -2
513 713 -2
513 634 -2
513 613 -2
513 617 -2
513 635 -2
513 764 -2
513 792 -2
513 722 2
513 772 -2
513 590 2
513 631 2
514 733 -2
514 685 2
514 559 -2
514 779 2
514 532 2
514 706 2
514 630 -2
514 732 2
514 643 2
514 710 -2
514 763 -2
514 592 -2
514 773 2
514 536 2
514 780 2
515 750 2
515 588 -2
515 725 2
515 790 2
515 775 2
515 570 2
515 798 2
515 536 2
515 718 -2
515 746 -2
515 574 -2
515 527 -2
515 737 -2
515 735 -2
515 680 -2
515 539 2
515 612 -2
515 558 2
515 799 -2
515 695 2
515 561 -2
515 641 -2
515 638 -2
516 584 -2
516 790 -2
516 696 2
516 686 -2
516 521 2
516 591 -2
516 714 2
516 710 -2
516 563 -2
516 681 2
516 783 2
516 687 2
516 621 2
516 608 -2
516 684 2
516 775 -2
516 629 2
516 611 -2
516 795 2
516 746 -2
516 581 -2
516 661 2
516 739 -2
516 694 -2
517 633 2
517 584 2
517 598 -2
517 620 -2
517 732 2
517 592 -2
517 681 2
517 627 -2
517 716 -2
517 703 2
517 784 2
517 683 2
517 724 2
517 564 2
517 547 2
518 746 2
518 711 -2
518 521 -2
518 621 -2
518 761 -2
518 743 2
518 690 -2
518 598 2
518 532 -2
518 547 -2
518 601 -2
518 739 -2
518 558 -2
519 701 2
519 725 2
519 541 -2
519 584 2
519 521 2
519 553 2
519 627 -2
519 638 -2
519 724 2
519 522 -2
519 548 -2
520 554 -2
520 694 2
520 703 -2
520 569 2
520 622 -2
520 734 -2
520 524 -2
520 782 2
520 765 -2
520 726 2
520 591 -2
520 698 2
520 756 2
521 702 -2
521 721 2
521 698 2
521 669 2
521 642 -2
521 546 -2
521 743 -2
521 531 2
521 747 2
521 534 2
521 603 -2
521 710 -2
521 723 -2
521 566 2
521 580 -2
521 790 2
521 593 -2
521 608 2
522 719 2
522 594 2
522 680 2
522 649 2
522 772 2
522 667 2
522 586 2
522 533 2
522 650 2
522 725 -2
522 531 2
522 765 -2
522 605 -2
522 795 -2
522 573 2
523 750 -2
523 778 -2
523 710 -2
523 732 2
523 683 2
523 700 2
523 773 -2
523 611 -2
523 626 2
523 542 -2
523 614 -2
523 788 2
523 596 2
523 764 -2
523 584 -2
523 660 2
523 593 -2
523 535 -2
523 530 -2
523 786 -2
523 673 -2
524 727 -2
524 691 2
524 526 2
524 730 -2
524 741 -2
524 736 2
524 613 2
524 538 2
524 773 2
524 740 2
524 623 -2
524 694 2
524 752 -2
524 713 2
525 762 2
525 611 -2
525 643 -2
525 680 -2
525 775 2
525 696 2
525 550 -2
525 799 2
525 592 -2
525 563 2
525 564 2
525 698 2
525 705 -2
525 717 2
525 712 2
525 778 2
525 641 2
526 577 2
526 659 -2
526 784 -2
526 597 2
526 690 2
526 700 -2
526 578 2
526 654 2
526 720 2
526 655 -2
526 532 2
526 539 2
526 687 2
527 668 2
527 576 2
527 658 -2
527 759 -2
527 747 -2
527 770 2
527 662 2
527 703 -2
527 661 -2
527 549 2
527 568 2
527 660 2
527 528 2
527 707 2
527 564 2
528 604 2
528 531 -2
528 681 -2
528 704 -2
528 787 -2
528 767 -2
528 692 2
528 773 -2
528 582 2
528 667 2
528 754 -2
528 738 2
528 559 -2
529 587 -2
529 790 -2
529 736 2
529 656 -2
529 559 -2
529 554 2
529 680 2
529 574 2
529 646 -2
529 610 -2
529 780 2
529 530 2
529 682 2
529 561 2
530 653 2
530 695 2
530 747 2
530 722 2
530 790 2
530 669 2
530 579 -2
530 631 2
530 597 2
530 593 -2
530 660 -2
530 623 2
530 676 2
531 544 -2
531 770 -2
531 692 -2
531 639 -2
531 543 2
531 773 -2
531 623 2
531 693 2
531 704 2
531 705 -2
531 650 -2
531 636 -2
531 568 -2
531 611 -2
531 681 -2
531 771 -2
532 748 -2
532 665 -2
532 761 -2
532 640 -2
532 777 -2
532 611 2
532 555 -2
532 636 -2
532 735 2
532 780 2
532 766 -2
532 765 -2
533 539 2
533 587 2
533 557 -2
533 568 2
533 782 2
533 753 2
533 613 2
533 654 2
533 680 2
533 787 2
533 585 2
533 605 2
533 744 -2
533 796 -2
533 761 -2
533 747 -2
533 700 -2
533 586 -2
533 552 -2
534 585 2
534 744 -2
534 605 2
534 799 2
534 642 -2
534 638 2
534 707 2
534 572 -2
534 551 2
534 724 -2
534 584 2
534 595 -2
534 552 -2
534 571 -2
534 606 -2
534 788 -2
534 680 -2
534 694 2
534 758 2
534 575 -2
535 619 2
535 751 -2
535 728 -2
535 621 -2
535 598 -2
535 738 -2
535 763 -2
535 726 -2
535 764 -2
535 672 2
535 750 -2
535 749 2
535 729 2
535 694 -2
535 770 2
535 641 -2
535 563 2
536 753 -2
536 791 2
536 722 2
536 752 2
536 782 2
536 731 2
536 700 -2
536 573 2
536 675 -2
536 760 -2
536 714 -2
536 788 -2
536 586 -2
536 748 -2
536 654 -2
536 560 -2
537 716 -2
537 672 -2
537 676 2
537 583 -2
537 701 2
537 595 -2
537 633 -2
537 738 -2
537 616 2
537 662 -2
537 569 -2
537 584 2
537 597 2
537 654 -2
537 766 -2
537 786 2
537 573 2
537 729 -2
537 634 2
537 553 2
537 639 -2
538 732 -2
538 612 -2
538 703 -2
538 706 -2
538 548 -2
538 770 2
538 649 2
538 605 -2
538 728 2
538 627 -2
538 635 2
538 695 -2
538 657 -2
538 578 2
538 583 2
538 636 -2
539 751 -2
539 589 -2
539 595 2
539 672 2
539 716 -2
539 587 2
539 657 -2
539 760 2
539 547 -2
539 550 2
539 563 -2
539 642 -2
539 744 -2
540 750 2
540 760 2
540 744 -2
540 686 2
540 573 -2
540 610 -2
540 580 -2
540 644 2
540 706 -2
540 549 2
540 622 -2
540 630 -2
540 602 2
540 647 2
540 587 -2
540 718 -2
540 617 2
541 790 2
541 797 -2
541 741 -2
541 576 2
541 643 -2
541 667 -2
541 637 2
541 575 -2
541 723 2
542 601 -2
542 765 -2
542 667 2
542 676 -2
542 579 2
542 741 2
542 790 -2
542 648 -2
542 614 -2
542 709 -2
542 640 2
542 661 -2
543 669 -2
543 555 -2
543 753 -2
543 625 -2
543 633 -2
543 642 -2
543 653 -2
543 567 2
543 657 -2
543 742 -2
543 763 2
543 588 2
543 662 -2
544 756 -2
544 713 2
544 759 -2
544 624 2
544 716 -2
544 548 2
544 720 -2
544 644 2
544 630 -2
544 582 -2
544 660 -2
544 614 -2
544 620 2
545 760 2
545 757 2
545 658 2
545 755 -2
545 797 -2
545 673 2
545 799 2
545 744 -2
545 754 2
545 622 -2
545 648 2
545 703 -2
545 670 2
545 643 -2
545 726 -2
546 765 -2
546 593 -2
546 609 -2
546 751 2
546 649 -2
546 606 -2
546 559 2
546 663 2
546 619 -2
546 719 -2
546 658 2
546 556 2
546 659 2
546 713 2
546 780 2
546 608 2
547 723 2
547 638 -2
547 773 -2
547 629 2
547 793 2
547 599 2
547 559 -2
547 758 2
547 671 -2
547 655 2
547 553 -2
547 555 2
547 550 2
547 620 -2
547 716 -2
547 794 -2
547 659 -2
547 554 -2
547 548 2
547 731 2
547 672 -2
547 642 2
548 796 2
548 673 2
548 726 2
548 601 -2
548 590 2
548 668 2
548 739 2
548 631 -2
548 797 2
548 613 -2
549 724 -2
549 601 2
549 619 -2
549 712 2
549 615 2
549 755 2
549 554 2
549 797 2
549 662 2
550 588 2
550 576 -2
550 764 -2
550 583 -2
550 799 2
550 666 2
550 776 -2
550 750 -2
550 716 2
550 682 -2
550 595 2
550 653 2
550 786 2
550 668 -2
550 658 -2
550 710 2
550 591 2
550 633 2
550 798 2
550 719 -2
550 642 2
551 678 2
551 723 2
551 782 2
551 770 2
551 619 2
551 570 -2
551 579 -2
551 652 -2
551 641 -2
551 599 -2
551 777 -2
551 724 -2
551 608 2
551 621 -2
551 743 -2
551 592 -2
552 679 2
552 583 -2
552 570 2
552 646 -2
552 561 -2
552 659 2
552 722 -2
552 647 -2
552 581 2
552 595 2
552 611 2
552 777 -2
552 660 2
552 615 2
552 741 2
553 576 -2
553 776 -2
553 607 2
553 586 -2
553 731 -2
553 772 2
553 746 2
553 754 -2
554 761 -2
554 593 2
554 557 2
554 566 2
554 634 2
554 763 2
554 581 -2
554 556 -2
554 710 2
555 661 2
555 760 2
555 731 -2
555 598 -2
555 685 -2
555 637 -2
555 625 -2
555 713 2
555 584 2
555 586 -2
555 658 2
555 568 -2
556 682 2
556 792 2
556 588 2
556 739 2
556 574 2
556 750 2
556 722 -2
556 599 2
556 740 -2
557 756 2
557 796 2
557 573 2
557 752 -2
557 583 -2
557 779 2
557 699 -2
557 637 -2
557 730 2
557 764 2
557 570 -2
557 589 2
557 736 2
557 635 -2
558 579 -2
558 693 2
558 637 2
558 559 -2
558 572 -2
558 574 -2
558 692 2
558 775 2
558 592 2
558 652 2
558 710 2
558 730 2
559 645 2
559 759 -2
559 793 2
559 799 2
559 726 -2
559 598 2
559 749 2
559 686 2
559 711 2
560 767 -2
560 736 -2
560 678 -2
560 650 2
560 578 -2
560 685 -2
560 642 -2
560 794 -2
560 602 2
560 750 2
560 610 2
560 664 -2
561 752 -2
561 716 2
561 678 2
561 723 -2
561 764 2
561 652 -2
561 609 -2
561 568 2
561 709 2
561 775 2
561 797 -2
561 714 -2
561 727 -2
561 739 2
562 767 -2
562 585 2
562 573 -2
562 614 2
562 740 2
562 748 2
562 652 -2
562 778 -2
562 576 2
562 627 -2
562 635 -2
562 726 -2
562 717 2
562 787 -2
562 667 -2
562 641 -2
563 696 -2
563 574 -2
563 594 -2
563 667 -2
563 568 2
563 715 -2
563 572 -2
563 660 -2
563 664 -2
563 567 2
563 726 2
563 785 -2
564 694 2
564 700 -2
564 652 2
564 743 -2
564 633 2
564 698 2
564 637 2
564 740 -2
564 755 2
564 793 -2
565 609 2
565 580 2
565 765 2
565 689 2
565 793 2
565 722 2
565 796 -2
565 696 -2
565 700 2
565 799 2
565 595 -2
565 767 -2
565 776 -2
565 688 2
565 778 -2
565 600 2
565 715 -2
565 577 -2
565 703 -2
565 794 2
565 736 2
566 648 -2
566 788 2
566 716 -2
566 669 -2
566 618 2
566 651 2
566 795 -2
566 698 2
566 567 2
566 577 -2
566 744 2
567 708 -2
567 596 2
567 723 2
567 699 2
567 789 -2
567 793 2
567 595 -2
567 674 2
567 631 2
567 580 -2
567 787 2
567 759 2
567 752 -2
567 610 2
567 625 -2
568 605 -2
568 782 -2
568 670 -2
568 702 2
568 781 -2
568 576 2
568 602 -2
568 683 -2
568 695 2
568 631 -2
568 681 2
568 730 2
568 693 2
568 795 -2
569 711 -2
569 750 -2
569 799 2
569 685 2
569 763 -2
569 613 -2
569 707 -2
569 736 -2
569 744 2
569 692 2
569 678 2
569 617 2
569 778 -2
569 730 -2
569 687 -2
569 675 2
569 587 -2
570 725 -2
570 754 -2
570 622 2
570 688 2
570 625 2
570 662 -2
570 763 -2
570 649 -2
570 747 -2
570 572 2
570 587 2
570 794 -2
570 607 2
571 631 2
571 620 2
571 766 2
571 776 -2
571 750 2
571 658 2
571 795 -2
571 645 2
571 735 2
571 597 2
571 734 2
571 704 -2
571 630 -2
571 576 -2
571 671 -2
571 762 2
571 754 2
572 723 2
572 578 -2
572 665 2
572 730 2
572 610 -2
572 651 2
572 643 -2
572 722 2
572 621 -2
572 671 2
572 666 2
573 738 -2
573 798 2
573 662 2
573 671 -2
573 656 2
573 728 2
574 643 2
574 688 2
574 597 2
574 608 -2
574 663 -2
574 603 2
574 752 2
574 791 -2
574 735 2
574 703 2
574 576 2
574 660 2
575 664 -2
575 632 -2
575 761 2
575 637 -2
575 639 2
575 620 2
575 614 -2
575 618 -2
575 582 2
575 762 -2
575 650 2
575 725 -2
575 729 -2
575 601 -2
576 727 -2
576 685 -2
576 621 -2
576 610 2
576 596 -2
576 732 -2
576 757 2
576 694 2
576 631 -2
576 707 -2
576 786 2
576 606 -2
577 691 2
577 598 -2
577 732 2
577 724 -2
577 661 2
577 627 -2
577 672 -2
577 623 2
577 718 -2
577 653 2
577 655 -2
577 632 2
577 740 2
578 696 -2
578 671 2
578 626 -2
578 751 2
578 741 -2
578 792 -2
578 783 -2
578 652 2
578 599 2
578 732 2
578 697 -2
579 658 2
579 753 2
579 729 2
579 599 2
579 796 2
579 734 -2
579 585 2
579 725 -2
579 757 2
579 781 2
579 617 -2
579 782 -2
579 627 -2
580 785 2
580 719 -2
580 685 2
580 724 -2
580 707 2
580 705 2
581 777 2
581 640 2
581 655 2
581 709 -2
581 629 2
581 702 2
581 649 -2
581 667 -2
581 636 -2
581 619 -2
581 599 -2
581 799 2
581 635 2
581 796 2
582 748 -2
582 622 2
582 734 -2
582 728 -2
582 684 -2
582 765 -2
582 621 -2
582 676 -2
582 693 2
582 626 2
582 586 2
582 729 2
583 798 2
583 584 2
583 619 -2
583 740 -2
583 684 -2
583 700 -2
583 622 -2
583 707 2
583 714 2
583 665 -2
583 696 -2
583 648 2
584 698 2
584 758 -2
584 754 -2
584 701 2
584 773 -2
584 588 -2
584 794 2
584 600 -2
584 744 -2
584 797 2
584 689 -2
584 712 -2
585 751 -2
585 736 -2
585 665 2
585 693 -2
585 640 -2
585 781 -2
585 637 2
585 631 -2
585 636 -2
585 776 -2
585 610 2
585 787 -2
586 676 -2
586 679 2
586 773 2
586 657 2
586 641 2
586 753 -2
586 726 -2
586 650 2
586 668 -2
586 772 2
586 598 -2
586 786 2
586 601 -2
586 649 2
586 774 2
586 775 2
586 733 2
587 633 2
587 705 -2
587 658 2
587 616 -2
587 655 -2
587 742 2
587 735 -2
587 588 2
587 643 2
587 693 -2
587 684 2
587 607 -2
588 688 2
588 754 2
588 769 2
588 734 2
588 777 -2
588 679 2
588 632 2
588 592 -2
588 740 -2
588 690 -2
589 623 -2
589 780 -2
589 600 2
589 599 2
589 767 -2
589 710 -2
589 636 -2
589 745 2
589 707 -2
589 621 2
589 665 2
589 598 2
589 761 -2
589 590 -2
590 691 2
590 786 -2
590 739 -2
590 705 2
590 640 -2
590 609 -2
590 794 2
590 689 -2
590 756 2
590 648 -2
590 745 -2
590 618 2
590 653 2
590 741 2
590 746 -2
590 656 -2
590 787 2
591 786 2
591 638 -2
591 710 2
591 770 -2
591 670 2
591 729 -2
591 790 2
591 651 2
591 605 -2
591 699 -2
591 598 2
591 682 -2
591 702 2
591 633 -2
591 745 2
592 667 2
592 611 -2
592 636 2
592 659 -2
592 723 -2
592 797 -2
592 658 2
592 769 -2
592 773 2
592 605 2
592 777 2
593 738 2
593 776 2
593 705 -2
593 711 -2
593 686 2
593 708 -2
593 604 -2
593 756 2
593 663 -2
593 600 -2
594 722 -2
594 656 -2
594 667 -2
594 607 -2
594 672 2
594 614 -2
594 634 -2
594 695 2
594 716 2
595 669 2
595 732 -2
595 755 2
595 742 2
595 758 2
595 648 -2
595 797 -2
595 644 -2
595 770 -2
595 785 2
596 648 2
596 634 -2
596 676 -2
596 739 2
596 682 2
596 743 -2
596 620 -2
596 793 2
596 606 2
596 706 -2
597 695 2
597 798 2
597 623 2
597 604 2
597 662 -2
597 620 2
597 613 2
597 730 -2
597 795 -2
597 728 -2
597 652 2
597 698 2
597 756 2
597 669 -2
598 607 2
598 665 -2
598 701 2
598 786 2
598 705 2
598 692 -2
598 606 2
598 615 -2
598 604 2
598 752 -2
598 734 -2
598 735 2
598 755 -2
598 706 2
598 616 2
598 623 -2
599 600 2
599 602 2
599 741 -2
599 681 -2
599 765 2
599 649 -2
599 701 2
599 754 2
599 664 -2
599 626 2
599 690 -2
599 731 -2
599 723 2
599 614 -2
599 764 -2
599 607 -2
600 726 2
600 676 2
600 612 -2
600 663 2
600 759 -2
600 718 2
600 731 -2
600 763 2
600 757 -2
600 608 -2
600 673 -2
600 606 2
600 720 -2
600 710 -2
600 793 -2
601 608 -2
601 655 -2
601 747 2
601 794 2
601 694 2
601 636 2
601 732 2
601 643 -2
601 797 2
601 644 2
601 698 2
602 651 -2
602 648 2
602 660 2
602 799 2
602 736 2
602 629 -2
602 667 -2
602 655 2
602 614 2
602 777 -2
602 669 2
602 657 -2
602 618 2
602 764 2
603 719 -2
603 735 2
603 693 2
603 658 -2
603 746 -2
603 683 -2
603 667 -2
603 792 -2
604 729 2
604 677 -2
604 702 2
604 717 -2
604 652 2
604 732 -2
604 625 2
604 714 2
604 726 -2
604 628 2
604 769 -2
604 780 -2
605 794 -2
605 640 2
605 700 2
605 609 2
605 743 -2
605 791 -2
605 693 -2
605 776 -2
605 723 -2
605 672 -2
605 759 2
605 750 -2
605 673 -2
606 624 2
606 675 2
606 727 2
606 754 2
606 650 -2
606 640 2
606 705 2
606 716 -2
606 647 -2
606 677 -2
607 690 2
607 624 2
607 674 2
607 713 -2
607 617 2
607 646 -2
607 678 -2
607 726 2
607 662 -2
607 681 -2
608 768 -2
608 774 2
608 623 -2
608 771 2
608 752 -2
608 704 -2
608 723 -2
608 670 -2
608 611 -2
608 727 -2
608 659 -2
608 616 2
608 693 -2
608 740 2
608 694 -2
608 710 -2
609 619 -2
609 724 -2
609 626 2
609 765 2
609 754 2
609 798 2
609 799 2
609 720 2
609 726 -2
609 668 2
609 689 2
609 708 2
609 771 2
609 767 -2
610 634 2
610 735 2
610 621 2
610 708 -2
610 763 2
610 668 2
610 699 2
610 620 2
610 777 2
611 707 2
611 633 2
611 762 2
611 717 -2
611 649 2
611 735 -2
611 683 -2
611 754 2
611 670 -2
611 793 2
611 674 -2
611 637 2
611 719 2
611 764 2
611 644 -2
611 615 2
611 620 2
611 797 -2
612 786 -2
612 747 2
612 692 -2
612 660 -2
612 791 -2
612 746 -2
612 661 2
612 755 -2
612 783 -2
612 615 -2
612 682 2
612 743 -2
612 653 2
612 720 -2
613 758 2
613 793 2
613 790 2
613 710 2
613 735 2
613 643 -2
613 768 2
613 634 2
613 749 2
613 668 -2
614 631 -2
614 670 2
614 738 -2
614 615 2
614 754 2
614 715 -2
614 742 -2
614 672 2
614 745 2
614 695 -2
615 734 2
615 787 -2
615 790 -2
615 627 2
615 777 2
615 685 -2
615 718 2
615 786 2
615 740 2
615 739 -2
615 780 -2
616 720 -2
616 638 2
616 649 2
616 760 2
616 623 -2
616 619 2
617 797 2
617 735 -2
617 784 2
617 638 2
617 650 2
617 672 -2
617 662 2
618 760 -2
618 654 2
618 742 2
618 691 -2
618 743 -2
618 777 2
618 686 2
618 774 -2
618 722 2
618 724 -2
618 702 2
618 753 -2
618 643 -2
618 748 2
619 627 -2
619 637 2
619 780 -2
619 781 2
619 674 -2
619 648 -2
619 731 2
619 715 -2
619 646 2
619 767 2
619 673 2
619 628 -2
619 683 -2
620 773 2
620 756 -2
620 708 -2
620 686 2
620 715 -2
620 688 -2
620 645 2
620 700 2
620 653 -2
620 707 -2
620 717 -2
620 641 -2
620 752 -2
621 691 -2
621 738 -2
621 778 2
621 631 2
621 768 2
621 711 -2
621 703 -2
621 732 2
621 773 -2
622 759 2
622 667 -2
622 687 2
622 772 2
622 792 2
622 655 2
622 653 2
623 716 -2
623 702 2
623 665 -2
623 794 2
623 791 -2
623 627 2
623 668 2
623 691 2
623 644 -2
623 695 -2
623 667 2
624 778 -2
624 727 -2
624 723 2
624 678 -2
625 640 -2
625 754 -2
625 680 -2
625 692 2
625 657 -2
625 731 2
625 646 2
625 701 -2
625 710 -2
625 736 2
626 761 -2
626 678 2
626 732 2
626 750 -2
626 641 2
626 783 -2
626 748 -2
626 654 -2
626 703 -2
626 764 2
626 683 -2
626 733 -2
626 757 2
626 724 2
626 711 2
627 654 2
627 743 -2
627 776 2
627 752 2
627 749 2
627 664 -2
627 775 2
627 697 2
627 681 2
627 733 -2
627 692 -2
627 671 2
627 796 -2
627 663 -2
627 636 -2
628 654 -2
628 715 2
628 665 2
628 785 2
628 634 -2
629 631 -2
629 696 2
629 716 2
629 685 2
629 698 2
629 680 2
629 664 -2
629 797 -2
630 683 2
630 771 -2
630 640 -2
630 748 -2
630 638 -2
630 673 -2
630 654 2
630 761 -2
630 670 -2
630 747 -2
631 737 2
631 789 -2
631 683 2
631 642 2
631 664 2
631 697 2
631 745 2
632 698 -2
632 673 2
632 727 2
632 783 -2
632 794 2
632 634 -2
632 693 2
632 690 -2
632 669 -2
633 662 -2
633 661 -2
633 744 -2
633 638 2
633 790 2
633 717 2
633 748 2
633 687 -2
633 665 2
633 694 2
633 759 2
633 756 -2
634 723 -2
634 740 2
634 670 -2
634 769 -2
634 725 2
634 749 2
634 768 -2
635 797 -2
635 771 -2
635 764 2
635 657 2
635 725 2
635 676 2
635 719 2
635 737 -2
636 755 -2
636 772 -2
636 637 -2
636 702 2
636 655 2
636 760 2
636 675 2
636 645 2
637 769 2
637 787 2
637 771 -2
637 688 2
637 774 -2
637 761 2
637 702 -2
637 739 -2
637 799 2
637 671 -2
637 741 2
637 704 2
638 675 -2
638 776 2
638 744 2
638 691 -2
638 690 2
638 774 2
638 672 2
638 760 -2
638 713 -2
639 753 2
639 748 2
639 797 2
639 640 -2
639 689 2
639 722 -2
639 645 2
639 658 2
640 666 2
640 748 2
640 756 2
640 682 -2
640 713 2
640 668 -2
640 728 2
640 669 2
640 685 -2
640 725 2
641 734 2
641 694 2
641 795 -2
641 796 2
641 786 -2
641 679 -2
642 780 2
642 751 2
642 706 -2
642 683 2
642 714 -2
642 784 2
642 729 2
642 699 -2
642 765 2
642 797 2
643 674 2
643 658 2
643 659 2
643 794 2
643 653 -2
643 673 2
643 649 -2
643 736 -2
643 755 -2
643 737 2
643 751 -2
643 730 -2
643 738 -2
644 778 2
644 796 -2
644 735 -2
644 740 -2
644 726 -2
644 713 2
644 652 -2
644 793 2
644 791 2
644 665 -2
645 740 -2
645 726 -2
645 782 -2
645 774 2
645 705 -2
645 712 -2
645 702 -2
645 746 -2
645 734 -2
645 736 2
645 796 2
646 785 2
646 780 2
646 762 -2
646 728 -2
646 718 2
646 789 -2
647 753 2
647 688 2
647 755 -2
647 679 -2
647 696 2
647 741 -2
647 742 2
647 697 2
647 744 -2
647 778 2
648 668 2
648 765 2
648 751 2
648 762 -2
648 669 -2
648 786 2
648 725 2
649 788 2
649 651 2
649 745 -2
649 673 -2
649 653 2
649 730 2
649 677 -2
649 786 2
650 726 -2
650 686 2
650 778 2
650 689 2
650 797 2
650 734 -2
650 750 -2
650 771 2
650 661 2
650 720 -2
650 694 2
650 715 2
651 765 2
651 681 2
651 670 -2
652 711 -2
652 732 -2
652 752 -2
652 721 -2
652 742 2
652 777 2
652 734 2
653 763 -2
653 687 -2
653 793 -2
653 701 2
653 775 2
653 719 -2
654 781 2
654 705 -2
654 729 -2
654 777 2
654 772 -2
655 657 -2
655 740 -2
655 734 -2
655 660 2
655 728 2
655 752 -2
655 759 -2
655 680 2
655 718 -2
655 671 2
656 793 -2
656 787 -2
656 668 -2
656 767 -2
656 764 -2
657 709 -2
657 664 2
657 765 2
657 740 -2
657 746 2
657 697 2
657 658 -2
657 715 2
657 796 -2
658 702 -2
658 673 -2
658 724 2
658 780 -2
658 708 2
658 726 -2
658 706 -2
658 744 2
658 791 -2
658 709 -2
658 777 -2
659 683 -2
659 751 2
659 681 2
659 757 2
659 689 2
659 742 2
659 696 2
660 727 2
660 782 -2
660 688 2
660 710 2
660 763 2
660 788 2
660 691 2
660 744 2
660 704 -2
661 740 -2
661 775 2
661 725 2
661 707 2
661 771 2
661 788 2
661 753 2
661 689 2
661 695 2
661 684 2
662 799 2
662 769 2
662 748 2
662 664 2
662 721 2
662 757 -2
662 792 -2
662 764 -2
662 759 2
662 794 -2
662 768 2
663 685 -2
663 682 2
663 700 2
663 666 -2
663 717 2
663 740 -2
663 674 -2
663 664 -2
663 687 2
664 709 -2
664 797 2
664 689 -2
664 771 -2
664 714 2
664 766 -2
664 711 2
664 744 -2
664 754 2
665 726 -2
665 774 -2
665 700 -2
665 780 2
665 702 -2
665 757 -2
665 718 2
666 752 2
666 781 -2
666 673 2
666 760 2
666 794 2
666 707 -2
666 766 -2
666 756 2
666 736 2
666 791 2
667 788 2
667 725 -2
667 726 2
667 671 2
667 724 2
668 711 -2
668 753 2
668 797 -2
668 765 2
668 787 2
668 672 -2
668 718 2
668 758 2
668 733 -2
669 788 -2
669 747 2
669 785 -2
669 768 -2
669 709 -2
669 728 -2
669 684 -2
669 672 -2
669 789 2
669 791 2
670 791 2
670 703 2
670 717 2
670 779 -2
670 774 2
671 706 -2
671 731 -2
671 716 -2
671 687 -2
671 772 -2
671 764 2
671 727 2
671 789 -2
672 704 2
672 673 -2
672 761 2
672 729 -2
672 701 2
672 732 -2
673 687 2
673 684 -2
673 773 2
673 717 -2
673 740 2
673 761 -2
673 675 2
673 763 2
673 688 -2
673 741 -2
674 675 -2
674 733 2
674 778 -2
674 749 -2
675 784 2
675 700 2
675 754 -2
675 722 -2
675 678 -2
675 699 -2
676 784 2
676 788 -2
676 733 -2
676 689 -2
676 696 2
676 786 2
676 772 -2
676 771 2
676 777 -2
676 684 -2
676 694 2
677 723 -2
677 774 -2
677 773 2
677 719 -2
678 735 -2
678 771 2
678 775 -2
678 720 -2
678 716 -2
678 753 2
679 784 2
679 709 -2
679 736 2
679 737 2
679 754 -2
679 743 -2
679 696 -2
679 766 -2
679 698 2
679 728 -2
679 782 -2
679 776 -2
679 718 -2
679 730 2
679 756 -2
680 691 -2
680 687 2
680 777 2
680 743 2
680 792 -2
680 789 2
680 708 2
681 740 -2
681 796 -2
681 792 2
681 754 -2
681 774 2
681 797 2
681 779 -2
681 758 2
682 717 2
682 700 -2
682 755 -2
682 775 -2
682 733 2
682 728 -2
682 707 2
682 703 2
682 779 -2
683 784 -2
683 798 2
683 745 2
683 739 -2
683 735 2
683 686 2
683 770 2
684 795 2
684 778 -2
684 781 -2
684 697 2
684 723 2
684 735 -2
684 758 2
684 729 -2
684 790 -2
684 688 -2
684 726 -2
684 736 2
684 722 -2
684 764 -2
685 703 2
685 712 -2
685 767 2
685 734 2
685 774 2
685 719 -2
685 746 -2
685 728 2
685 714 -2
685 759 2
686 688 2
686 733 2
686 691 -2
686 706 2
686 696 -2
687 719 -2
687 754 2
687 724 -2
687 703 2
687 736 2
688 784 -2
688 737 -2
688 706 2
688 721 -2
688 743 2
688 715 -2
689 692 2
689 732 -2
689 735 2
689 717 -2
690 696 -2
690 798 2
690 783 2
690 758 -2
690 740 2
690 762 -2
690 773 2
691 785 -2
692 771 -2
692 792 -2
692 719 -2
692 765 -2
693 705 -2
693 747 2
693 774 -2
693 787 -2
693 783 2
693 721 2
693 744 2
693 797 2
693 745 2
693 793 2
694 795 -2
694 776 2
694 698 2
694 728 -2
694 770 -2
694 716 -2
694 783 2
694 775 2
695 767 -2
695 722 -2
695 781 2
695 706 2
695 747 2
695 734 2
695 700 -2
696 755 2
696 777 2
696 735 2
696 725 2
697 778 -2
697 767 2
697 723 2
697 786 2
698 749 2
698 715 2
698 709 2
698 795 2
698 768 2
698 788 -2
698 770 2
699 759 -2
699 732 -2
699 770 -2
699 702 -2
700 795 -2
700 787 2
700 776 -2
700 770 2
700 722 2
700 731 -2
701 777 2
701 724 2
701 729 -2
701 789 2
702 723 -2
702 743 -2
702 756 2
702 771 2
702 705 2
702 731 -2
702 735 2
702 745 -2
702 746 -2
702 733 2
703 718 -2
703 782 2
703 731 2
703 781 2
703 796 -2
703 709 2
703 749 -2
704 737 -2
704 779 2
704 769 2
705 726 2
706 725 2
706 727 -2
706 787 2
706 717 -2
706 785 -2
706 719 -2
707 763 2
707 778 2
707 738 2
707 746 -2
707 781 2
707 722 2
707 784 -2
708 734 2
708 786 2
708 754 -2
708 769 -2
708 797 -2
708 795 2
708 779 -2
708 767 2
708 768 -2
708 788 2
709 744 2
709 756 -2
710 764 2
710 748 2
710 783 -2
710 742 2
710 786 2
710 798 -2
711 734 -2
711 755 -2
711 758 -2
712 760 2
712 782 2
712 796 2
712 730 2
712 795 2
713 793 2
713 792 -2
713 785 2
714 766 2
714 778 -2
714 763 -2
714 751 2
714 781 2
714 744 -2
714 750 -2
714 738 -2
715 746 2
715 747 2
716 761 -2
716 797 2
716 799 2
716 784 2
717 784 -2
717 785 2
717 725 2
717 768 2
717 799 -2
717 776 -2
717 746 -2
718 756 2
718 761 2
718 757 2
718 790 2
719 752 2
720 729 -2
720 764 -2
720 732 -2
721 799 2
721 752 -2
721 743 2
721 772 2
721 740 2
721 742 2
722 774 -2
722 734 -2
722 747 -2
722 758 -2
722 794 2
722 787 -2
722 797 2
722 729 2
722 757 2
722 742 2
723 796 -2
723 793 -2
723 771 -2
723 748 2
723 734 -2
723 763 2
723 739 2
724 773 -2
724 749 2
724 788 2
724 757 2
724 770 -2
724 731 2
725 782 -2
725 794 -2
725 747 2
725 796 2
727 736 -2
727 758 -2
727 770 -2
727 742 -2
727 775 -2
727 784 2
727 762 2
728 760 -2
728 765 -2
728 793 2
728 740 -2
728 791 2
728 761 -2
728 767 -2
729 763 2
729 771 2
729 756 -2
729 794 -2
729 741 -2
730 782 2
730 798 2
730 787 2
730 745 2
730 759 2
730 796 -2
730 747 2
731 779 2
731 778 -2
731 743 2
732 780 -2
732 781 -2
732 773 -2
732 790 -2
733 738 -2
733 734 2
734 761 -2
734 789 2
734 785 2
734 794 -2
734 767 2
735 749 2
736 737 -2
736 765 -2
736 767 -2
736 772 -2
737 760 2
737 745 -2
737 798 2
737 787 -2
737 759 -2
737 758 2
738 766 -2
738 777 2
738 793 2
738 781 2
739 769 2
740 742 2
740 756 -2
740 780 -2
741 789 2
741 756 -2
741 788 -2
741 747 -2
741 779 2
741 784 2
741 750 2
741 775 -2
742 749 2
742 791 2
743 748 2
743 758 2
744 795 -2
744 777 2
744 778 -2
745 792 -2
745 797 -2
745 757 2
745 758 -2
745 776 -2
746 749 2
746 783 2
746 764 -2
747 752 -2
748 790 2
748 770 2
749 757 2
749 772 -2
749 790 -2
749 783 2
749 797 2
750 752 2
750 796 2
750 762 2
750 760 2
750 761 -2
750 784 -2
751 779 -2
751 793 -2
751 765 -2
751 757 -2
751 755 -2
751 795 -2
751 777 -2
752 769 2
752 753 -2
752 793 2
753 782 -2
753 795 2
753 784 2
753 762 -2
753 797 -2
754 760 -2
754 773 2
755 790 -2
755 786 2
757 762 -2
757 765 -2
757 770 2
758 767 2
758 760 2
759 770 -2
759 793 -2
759 778 -2
759 772 -2
760 778 2
760 761 -2
760 790 2
760 762 2
760 764 -2
761 776 -2
762 782 -2
763 788 -2
764 797 -2
764 777 2
764 774 2
764 798 2
764 782 2
765 785 -2
765 772 -2
766 786 -2
766 774 -2
766 798 2
766 781 2
767 774 -2
768 782 2
768 799 2
768 776 -2
768 789 2
769 793 2
769 792 2
769 798 -2
770 781 2
770 783 2
770 772 2
770 792 2
771 785 -2
771 795 -2
771 799 2
772 779 -2
775 790 -2
776 795 2
778 796 -2
779 790 2
779 783 2
779 795 2
779 794 -2
780 781 2
780 790 2
783 791 -2
783 789 -2
783 792 2
784 790 -2
786 787 -2
787 791 2
787 790 -2
788 792 2
790 797 2
791 795 2
794 797 2
0 0 10
1 1 3
2 2 13
3 3 4
4 4 6
5 5 -2
6 6 9
7 7 -3
8 8 1
9 9 6
10 10 -4
11 11 -3
12 12 -1
13 13 -1
14 14 -5
15 15 7
16 16 12
17 17 4
18 18 16
19 19 -1
20 20 -8
21 21 -12
22 22 11
24 24 3
25 25 -3
26 26 4
27 27 2
28 28 2
29 29 -7
30 30 8
31 31 -11
32 32 6
33 33 4
35 35 -5
36 36 2
37 37 -10
38 38 8
39 39 -3
40 40 -8
41 41 -4
43 43 -8
44 44 16
45 45 13
46 46 4
47 47 5
48 48 5
49 49 -11
50 50 -1
51 51 -9
52 52 1
53 53 3
54 54 11
55 55 -6
56 56 2
57 57 -10
58 58 4
59 59 -11
60 60 9
61 61 -4
62 62 -5
63 63 -13
64 64 -6
65 65 18
66 66 -14
67 67 6
68 68 -7
69 69 2
70 70 -9
71 71 -1
72 72 6
73 73 -4
74 74 -3
75 75 1
76 76 -3
77 77 6
78 78 -2
79 79 -3
80 80 12
81 81 8
82 82 8
83 83 10
84 84 5
85 85 2
86 86 -13
87 87 11
88 88 2
89 89 -1
90 90 -4
91 91 12
92 92 -2
93 93 10
94 94 -1
95 95 -7
96 96 11
97 97 -6
98 98 4
99 99 -5
101 101 3
102 102 7
103 103 13
104 104 5
105 105 -1
106 106 -1
107 107 -14
108 108 -4
109 109 -3
110 110 -1
111 111 7
112 112 4
113 113 5
114 114 6
115 115 4
117 117 6
118 118 -2
119 119 4
120 120 4
121 121 -13
122 122 -9
123 123 6
124 124 -3
125 125 -3
126 126 3
127 127 2
128 128 -7
129 129 10
130 130 10
131 131 -1
132 132 9
133 133 -1
134 134 1
135 135 -10
136 136 1
137 137 2
138 138 -3
139 139 6
140 140 -4
141 141 -1
142 142 -3
143 143 8
144 144 -4
146 146 6
147 147 -2
148 148 20
149 149 -19
150 150 -1
151 151 1
152 152 5
153 153 -6
154 154 -7
155 155 -2
156 156 -9
157 157 -11
158 158 3
159 159 -7
160 160 2
161 161 6
162 162 6
163 163 1
164 164 -4
165 165 -5
166 166 -5
167 167 -6
168 168 5
169 169 3
170 170 2
172 172 6
173 173 -3
174 174 -9
175 175 15
176 176 8
177 177 -15
178 178 5
179 179 -6
180 180 5
181 181 -4
183 183 3
184 184 -6
185 185 -10
186 186 -3
187 187 12
188 188 6
189 189 -6
190 190 -1
191 191 -1
192 192 9
193 193 3
194 194 3
195 195 -1
196 196 -3
197 197 2
199 199 3
200 200 4
201 201 -1
202 202 4
203 203 -7
204 204 11
205 205 -4
206 206 10
207 207 -1
209 209 6
210 210 1
211 211 -17
212 212 11
213 213 -12
214 214 -5
215 215 -11
216 216 -1
217 217 5
218 218 -6
219 219 13
220 220 -9
221 221 7
222 222 8
223 223 -5
224 224 2
225 225 -3
226 226 3
227 227 -1
228 228 -4
229 229 9
230 230 -5
231 231 -4
232 232 2
233 233 13
234 234 2
235 235 6
236 236 -14
237 237 5
238 238 8
239 239 -1
240 240 21
241 241 3
242 242 2
243 243 2
244 244 -2
245 245 5
246 246 -1
247 247 1
248 248 -5
249 249 9
250 250 1
251 251 13
252 252 -1
253 253 5
254 254 -5
255 255 2
258 258 -9
259 259 9
260 260 -8
261 261 -8
262 262 1
263 263 -4
264 264 1
265 265 13
266 266 1
267 267 -3
268 268 9
270 270 2
271 271 10
272 272 11
273 273 1
274 274 -2
275 275 -9
276 276 1
277 277 2
278 278 -2
279 279 -11
280 280 -4
281 281 9
282 282 -10
283 283 -18
284 284 6
285 285 -2
286 286 3
287 287 2
288 288 6
289 289 4
290 290 -10
291 291 -1
292 292 -3
294 294 -4
295 295 -2
297 297 -2
298 298 9
299 299 1
300 300 -2
301 301 8
302 302 3
303 303 12
304 304 -7
305 305 1
306 306 -1
307 307 -7
308 308 -5
309 309 -2
310 310 2
311 311 2
312 312 -2
313 313 4
314 314 4
316 316 2
317 317 1
318 318 5
319 319 -1
320 320 -11
321 321 -10
322 322 -3
323 323 6
324 324 4
325 325 -3
326 326 3
327 327 4
328 328 -1
329 329 3
331 331 5
332 332 4
333 333 4
334 334 6
335 335 9
336 336 5
337 337 -11
338 338 1
339 339 -7
341 341 -7
342 342 -3
343 343 1
344 344 2
345 345 4
346 346 3
347 347 -1
348 348 3
350 350 -5
351 351 -1
352 352 -5
353 353 12
354 354 8
355 355 -12
356 356 -1
357 357 -3
358 358 -1
359 359 -2
360 360 -11
361 361 2
362 362 -10
363 363 -1
364 364 6
365 365 1
366 366 -16
367 367 -10
368 368 8
369 369 -10
370 370 3
371 371 4
372 372 2
373 373 -13
374 374 6
375 375 4
376 376 -1
377 377 10
378 378 -2
379 379 -2
380 380 2
381 381 -3
382 382 9
383 383 -8
385 385 -4
386 386 2
387 387 1
388 388 4
389 389 -5
391 391 -8
392 392 7
393 393 -1
394 394 11
396 396 -2
397 397 -5
398 398 -1
400 400 8
401 401 7
402 402 -1
403 403 6
404 404 -6
405 405 15
406 406 1
407 407 1
408 408 15
409 409 -12
410 410 -18
411 411 5
412 412 6
413 413 -3
414 414 -13
415 415 12
417 417 -13
418 418 -2
419 419 -7
420 420 8
421 421 4
422 422 20
423 423 4
424 424 7
425 425 5
426 426 -17
427 427 8
429 429 1
430 430 -2
431 431 3
432 432 5
433 433 -13
435 435 5
436 436 3
437 437 1
438 438 -6
439 439 -2
440 440 -2
441 441 6
442 442 3
443 443 -5
444 444 12
445 445 -7
446 446 -5
447 447 -9
448 448 -6
449 449 1
450 450 -3
451 451 -1
452 452 12
453 453 8
454 454 8
455 455 1
456 456 2
457 457 6
458 458 4
459 459 5
460 460 3
461 461 -6
462 462 1
463 463 -7
464 464 -14
465 465 -2
466 466 2
467 467 -8
468 468 4
469 469 -7
471 471 -1
472 472 6
473 473 -7
474 474 5
475 475 -3
476 476 15
477 477 -7
478 478 -2
479 479 -2
480 480 12
481 481 11
483 483 1
484 484 -7
486 486 5
487 487 -7
488 488 3
489 489 2
490 490 -8
491 491 -3
492 492 -1
493 493 6
494 494 -2
495 495 -4
496 496 -17
497 497 -9
498 498 3
499 499 -11
500 500 6
501 501 1
502 502 3
503 503 -11
504 504 5
505 505 9
506 506 3
507 507 4
508 508 2
509 509 4
510 510 -9
511 511 -9
512 512 -1
513 513 3
514 514 -1
515 515 4
516 516 10
517 517 3
518 518 12
519 519 1
520 520 8
521 521 3
522 522 -6
523 523 11
524 524 -3
525 525 3
526 526 -10
527 527 1
528 528 -2
529 529 -2
531 531 9
532 532 6
533 533 -6
534 534 4
535 535 10
536 536 1
537 537 -5
538 538 6
539 539 6
540 540 6
541 541 4
542 542 10
543 543 -8
544 544 4
545 545 -6
546 546 -1
547 547 7
549 549 -26
550 550 -6
551 551 7
552 552 3
553 553 -1
555 555 3
556 556 -6
557 557 -1
558 558 -11
559 559 -7
560 560 2
561 561 -5
562 562 9
563 563 6
564 564 -13
565 565 2
566 566 -3
567 567 -3
568 568 -2
570 570 2
571 571 -7
572 572 -14
573 573 -3
574 574 -11
575 575 1
576 576 1
577 577 4
578 578 6
579 579 1
580 580 -4
581 581 5
582 582 5
583 583 -1
584 584 -1
585 585 1
586 586 -10
587 587 -4
588 588 -4
590 590 4
591 591 10
592 592 -3
593 593 -2
594 594 4
595 595 2
597 597 -17
598 598 -3
599 599 15
600 600 -4
601 601 -6
602 602 -7
603 603 6
604 604 2
605 605 -2
606 606 5
607 607 14
608 608 6
609 609 -1
610 610 -9
611 611 -2
612 612 18
613 613 -6
614 614 14
615 615 7
616 616 -11
617 617 -11
618 618 1
619 619 13
620 620 1
621 621 4
622 622 -1
623 623 -7
624 624 4
625 625 -1
626 626 4
627 627 1
628 628 -4
629 629 -2
630 630 11
631 631 -12
632 632 7
633 633 -5
634 634 3
635 635 6
636 636 6
637 637 -7
638 638 4
639 639 -1
640 640 3
641 641 7
642 642 -10
643 643 -8
645 645 -4
646 646 5
647 647 -6
648 648 2
649 649 -10
650 650 8
651 651 1
652 652 -2
653 653 -2
654 654 2
655 655 7
656 656 1
657 657 -2
658 658 -5
659 659 -7
660 660 -3
661 661 -10
662 662 -4
663 663 3
664 664 7
666 666 -16
667 667 6
668 668 6
669 669 4
670 670 2
671 671 6
672 672 -3
673 673 -9
674 674 8
675 675 8
676 676 3
677 677 4
679 679 3
681 681 -2
682 682 2
683 683 -6
684 684 4
685 685 3
686 686 -1
687 687 -7
688 688 2
689 689 -4
690 690 2
692 692 6
693 693 -8
694 694 1
695 695 -2
696 696 1
697 697 -12
698 698 -14
699 699 6
700 700 1
701 701 -14
702 702 -7
703 703 5
704 704 -4
705 705 -3
706 706 3
707 707 -3
708 708 3
709 709 9
710 710 -4
711 711 11
712 712 -5
713 713 3
714 714 -3
716 716 7
717 717 4
718 718 -14
719 719 7
720 720 3
721 721 -3
722 722 3
723 723 -7
724 724 4
725 725 11
726 726 3
727 727 -2
728 728 3
729 729 8
730 730 -2
731 731 1
732 732 9
733 733 -6
734 734 1
735 735 4
736 736 -3
737 737 7
738 738 5
739 739 -17
740 740 -1
741 741 2
742 742 -15
743 743 1
744 744 3
745 745 2
746 746 10
747 747 4
748 748 -1
749 749 -9
750 750 -3
751 751 3
752 752 -5
753 753 -4
754 754 4
756 756 2
757 757 -9
758 758 -2
759 759 1
760 760 -9
761 761 13
762 762 2
763 763 -3
764 764 4
765 765 4
766 766 1
767 767 6
768 768 -2
769 769 -4
770 770 -20
771 771 1
772 772 11
773 773 -8
774 774 -1
775 775 -6
776 776 10
777 777 -5
778 778 -10
779 779 -3
780 780 1
781 781 -5
782 782 -1
783 783 -8
784 784 4
785 785 -1
786 786 -13
787 787 3
788 788 -6
789 789 3
790 790 -1
791 791 -9
792 792 4
793 793 -7
795 795 5
796 796 6
797 797 3
798 798 -8
799 799 -9